Time,Symbol,Price,Quantity,Type,Status,Value,Tag
2003-02-03T15:00:00Z,AAON,16.18,20,Market On Close,Filled,323.6,"buy" 
2003-02-03T15:00:00Z,AVD,21.3,15,Market On Close,Filled,319.5,"buy" 
2003-02-03T15:00:00Z,ANSS,18.7,17,Market On Close,Filled,317.9,"buy" 
2003-02-03T15:00:00Z,BIO,35.48,9,Market On Close,Filled,319.32,"buy" 
2003-02-03T15:00:00Z,BMI,31.63,10,Market On Close,Filled,316.3,"buy" 
2003-02-03T15:00:00Z,CAI,36.89,8,Market On Close,Filled,295.12,"buy" 
2003-02-03T15:00:00Z,CNXS,6.57,49,Market On Close,Filled,321.93,"buy" 
2003-02-03T15:00:00Z,COLM,35.05,9,Market On Close,Filled,315.45,"buy" 
2003-02-03T15:00:00Z,CW,54.06,6,Market On Close,Filled,324.36,"buy" 
2003-02-03T15:00:00Z,DCO,13.06,24,Market On Close,Filled,313.44,"buy" 
2003-02-03T15:00:00Z,EASI,36.44,8,Market On Close,Filled,291.52,"buy" 
2003-02-03T15:00:00Z,EBF,11.31,29,Market On Close,Filled,327.99,"buy" 
2003-02-03T15:00:00Z,EDUC,9.2,36,Market On Close,Filled,331.2,"buy" 
2003-02-03T15:00:00Z,EGN,29.99,10,Market On Close,Filled,299.9,"buy" 
2003-02-03T15:00:00Z,ESE,34.5,9,Market On Close,Filled,310.5,"buy" 
2003-02-03T15:00:00Z,FAF,22.76,14,Market On Close,Filled,318.64,"buy" 
2003-02-03T15:00:00Z,EXPO,14.54,22,Market On Close,Filled,319.88,"buy" 
2003-02-03T15:00:00Z,FIZ,15.27,21,Market On Close,Filled,320.67,"buy" 
2003-02-03T15:00:00Z,FLXS,15.4,21,Market On Close,Filled,323.4,"buy" 
2003-02-03T15:00:00Z,FRGO,8.5,40,Market On Close,Filled,340,"buy" 
2003-02-03T15:00:00Z,GCI,72.01,4,Market On Close,Filled,288.04,"buy" 
2003-02-03T15:00:00Z,HCSG,12.73,25,Market On Close,Filled,318.25,"buy" 
2003-02-03T15:00:00Z,HOV,29.61,11,Market On Close,Filled,325.71,"buy" 
2003-02-03T15:00:00Z,IDXX,34.84,9,Market On Close,Filled,313.56,"buy" 
2003-02-03T15:00:00Z,INTL,22.12,15,Market On Close,Filled,331.8,"buy" 
2003-02-03T15:00:00Z,JCOM,21.23,17,Market On Close,Filled,360.91,"buy" 
2003-02-03T15:00:00Z,JJSF,27.53,12,Market On Close,Filled,330.36,"buy" 
2003-02-03T15:00:00Z,JOUT,11.97,27,Market On Close,Filled,323.19,"buy" 
2003-02-03T15:00:00Z,METHA,8.91,36,Market On Close,Filled,320.76,"buy" 
2003-02-03T15:00:00Z,MIDD,11.3,30,Market On Close,Filled,339,"buy" 
2003-02-03T15:00:00Z,MMSI,17.65,18,Market On Close,Filled,317.7,"buy" 
2003-02-03T15:00:00Z,MSN,7.44,47,Market On Close,Filled,349.68,"buy" 
2003-02-03T15:00:00Z,MTRX,8,40,Market On Close,Filled,320,"buy" 
2003-02-03T15:00:00Z,MTSC,10.81,30,Market On Close,Filled,324.3,"buy" 
2003-02-03T15:00:00Z,NEB,21.96,14,Market On Close,Filled,307.44,"buy" 
2003-02-03T15:00:00Z,NEOG,15.03,21,Market On Close,Filled,315.63,"buy" 
2003-02-03T15:00:00Z,NHC,17.4,18,Market On Close,Filled,313.2,"buy" 
2003-02-03T15:00:00Z,NSSC,9.68,33,Market On Close,Filled,319.44,"buy" 
2003-02-03T15:00:00Z,NUS,12.14,26,Market On Close,Filled,315.64,"buy" 
2003-02-03T15:00:00Z,OXM,24.02,13,Market On Close,Filled,312.26,"buy" 
2003-02-03T15:00:00Z,PDX,36.24,8,Market On Close,Filled,289.92,"buy" 
2003-02-03T15:00:00Z,PEGA,5.5,61,Market On Close,Filled,335.5,"buy" 
2003-02-03T15:00:00Z,POG,31.79,10,Market On Close,Filled,317.9,"buy" 
2003-02-03T15:00:00Z,QSII,25.3,13,Market On Close,Filled,328.9,"buy" 
2003-02-03T15:00:00Z,RAVN,15.68,20,Market On Close,Filled,313.6,"buy" 
2003-02-03T15:00:00Z,RBIN,9.31,35,Market On Close,Filled,325.85,"buy" 
2003-02-03T15:00:00Z,RCII,52.36,6,Market On Close,Filled,314.16,"buy" 
2003-02-03T15:00:00Z,RIMG,8.32,40,Market On Close,Filled,332.8,"buy" 
2003-02-03T15:00:00Z,RVFD,24.95,12,Market On Close,Filled,299.4,"buy" 
2003-02-03T15:00:00Z,SCHN,21.52,15,Market On Close,Filled,322.8,"buy" 
2003-02-03T15:00:00Z,SGC,12.1,27,Market On Close,Filled,326.7,"buy" 
2003-02-03T15:00:00Z,SHOO,16.99,19,Market On Close,Filled,322.81,"buy" 
2003-02-03T15:00:00Z,SRT,27.11,12,Market On Close,Filled,325.32,"buy" 
2003-02-03T15:00:00Z,TDY,13.21,26,Market On Close,Filled,343.46,"buy" 
2003-02-03T15:00:00Z,TENT,8.14,41,Market On Close,Filled,333.74,"buy" 
2003-02-03T15:00:00Z,THO,27.44,12,Market On Close,Filled,329.28,"buy" 
2003-02-03T15:00:00Z,TTWO,20.82,15,Market On Close,Filled,312.3,"buy" 
2003-02-03T15:00:00Z,UTMD,17.66,18,Market On Close,Filled,317.88,"buy" 
2003-02-03T15:00:00Z,WMK,31.15,10,Market On Close,Filled,311.5,"buy" 
2003-02-03T15:00:00Z,WSO,15.9,21,Market On Close,Filled,333.9,"buy" 
2003-03-03T15:00:00Z,PEGA,4.1,-61,Market On Close,Filled,-250.1,"universe" 
2003-03-03T15:00:00Z,OIS,11.43,28,Market On Close,Filled,320.04,"buy" 
2003-04-01T15:00:00Z,DCO,10.19,-24,Market On Close,Filled,-244.56,"band" 
2003-04-01T15:00:00Z,RBIN,9.7,-35,Market On Close,Filled,-339.5,"universe" 
2003-04-01T15:00:00Z,GDT,36.83,9,Market On Close,Filled,331.47,"buy" 
2003-04-01T15:00:00Z,KOSS,17.49,18,Market On Close,Filled,314.82,"buy" 
2003-05-01T14:00:00Z,AAON,13.73,-20,Market On Close,Filled,-274.6,"band" 
2003-05-01T14:00:00Z,BMI,28.5,-10,Market On Close,Filled,-285,"expired" 
2003-05-01T14:00:00Z,NEOG,16.77,-21,Market On Close,Filled,-352.17,"expired" 
2003-05-01T14:00:00Z,TENT,7.49,-41,Market On Close,Filled,-307.09,"expired" 
2003-05-01T14:00:00Z,ANK,17.88,20,Market On Close,Filled,357.6,"buy" 
2003-05-01T14:00:00Z,BWS,29.65,12,Market On Close,Filled,355.8,"buy" 
2003-05-01T14:00:00Z,RGCO,19.68,18,Market On Close,Filled,354.24,"buy" 
2003-05-01T14:00:00Z,TALK,8.81,40,Market On Close,Filled,352.4,"buy" 
2003-06-02T14:00:00Z,HOV,57.81,-5,Market On Close,Filled,-289.05,"adjust" 
2003-06-02T14:00:00Z,JCOM,35.4,-7,Market On Close,Filled,-247.8,"adjust" 
2003-06-02T14:00:00Z,JOUT,11.99,-27,Market On Close,Filled,-323.73,"band" 
2003-06-02T14:00:00Z,KOSS,15.7,-18,Market On Close,Filled,-282.6,"universe" 
2003-06-02T14:00:00Z,MTRX,15.55,-15,Market On Close,Filled,-233.25,"adjust" 
2003-06-02T14:00:00Z,OIS,13.1,-28,Market On Close,Filled,-366.8,"band" 
2003-06-02T14:00:00Z,AMSWA,4.75,76,Market On Close,Filled,361,"buy" 
2003-06-02T14:00:00Z,LANC,38.69,9,Market On Close,Filled,348.21,"buy" 
2003-06-02T14:00:00Z,UGI,34.13,11,Market On Close,Filled,375.43,"buy" 
2003-07-01T14:00:00Z,AMSWA,4.35,-76,Market On Close,Filled,-330.6,"universe" 
2003-07-01T14:00:00Z,BWS,29.65,-12,Market On Close,Filled,-355.8,"expired" 
2003-07-01T14:00:00Z,CW,63.5,-6,Market On Close,Filled,-381,"band" 
2003-07-01T14:00:00Z,JJSF,31.37,-12,Market On Close,Filled,-376.44,"band" 
2003-07-01T14:00:00Z,NUS,10.26,-26,Market On Close,Filled,-266.76,"band" 
2003-07-01T14:00:00Z,SCHN,43.16,-6,Market On Close,Filled,-258.96,"adjust" 
2003-07-01T14:00:00Z,TALK,10.46,-40,Market On Close,Filled,-418.4,"band" 
2003-07-01T14:00:00Z,TDY,13.42,-26,Market On Close,Filled,-348.92,"band" 
2003-07-01T14:00:00Z,AXE,21.96,17,Market On Close,Filled,373.32,"buy" 
2003-07-01T14:00:00Z,HOC,27.75,14,Market On Close,Filled,388.5,"buy" 
2003-07-01T14:00:00Z,HWKN,10.4,39,Market On Close,Filled,405.6,"buy" 
2003-07-01T14:00:00Z,MAIR,5.92,65,Market On Close,Filled,384.8,"buy" 
2003-07-01T14:00:00Z,PCCC,6.71,58,Market On Close,Filled,389.18,"buy" 
2003-07-01T14:00:00Z,PETD,9.16,43,Market On Close,Filled,393.88,"buy" 
2003-07-01T14:00:00Z,WDC,11.85,38,Market On Close,Filled,450.3,"buy" 
2003-08-01T14:00:00Z,OXM,49.63,-5,Market On Close,Filled,-248.15,"adjust" 
2003-09-02T14:00:00Z,CAI,45.5,-8,Market On Close,Filled,-364,"band" 
2003-09-02T14:00:00Z,MSN,3.8,-47,Market On Close,Filled,-178.6,"universe" 
2003-09-02T14:00:00Z,THO,56.7,-4,Market On Close,Filled,-226.8,"adjust" 
2003-09-02T14:00:00Z,HUBG,10.79,42,Market On Close,Filled,453.18,"buy" 
2003-09-02T14:00:00Z,SAFM,30.25,15,Market On Close,Filled,453.75,"buy" 
2003-10-01T14:00:00Z,INTL,24.48,-15,Market On Close,Filled,-367.2,"band" 
2003-10-01T14:00:00Z,JCOM,38.47,-9,Market On Close,Filled,-346.23,"adjust" 
2003-10-01T14:00:00Z,NSSC,8.82,-33,Market On Close,Filled,-291.06,"band" 
2003-10-01T14:00:00Z,RGCO,22.93,-18,Market On Close,Filled,-412.74,"universe" 
2003-10-01T14:00:00Z,CMTL,24.07,18,Market On Close,Filled,433.26,"buy" 
2003-10-01T14:00:00Z,MDU,34.25,13,Market On Close,Filled,445.25,"buy" 
2003-10-01T14:00:00Z,ODP,14.6,32,Market On Close,Filled,467.2,"buy" 
2003-11-03T15:00:00Z,FLXS,19.5,-21,Market On Close,Filled,-409.5,"expired" 
2003-11-03T15:00:00Z,LANC,40.46,-9,Market On Close,Filled,-364.14,"band" 
2003-11-03T15:00:00Z,MIDD,27.69,-12,Market On Close,Filled,-332.28,"adjust" 
2003-11-03T15:00:00Z,NHC,20.4,-18,Market On Close,Filled,-367.2,"band" 
2003-11-03T15:00:00Z,ATRI,42.4,11,Market On Close,Filled,466.4,"buy" 
2003-11-03T15:00:00Z,BWS,35.22,14,Market On Close,Filled,493.08,"buy" 
2003-11-03T15:00:00Z,CRMT,30.24,15,Market On Close,Filled,453.6,"buy" 
2003-12-01T15:00:00Z,ANK,27,-20,Market On Close,Filled,-540,"universe" 
2003-12-01T15:00:00Z,HOC,27,-14,Market On Close,Filled,-378,"band" 
2003-12-01T15:00:00Z,HWKN,13.09,-39,Market On Close,Filled,-510.51,"universe" 
2003-12-01T15:00:00Z,MMSI,30.5,-7,Market On Close,Filled,-213.5,"adjust" 
2003-12-01T15:00:00Z,MTRX,17.11,-18,Market On Close,Filled,-307.98,"adjust" 
2003-12-01T15:00:00Z,SCHN,50.23,-9,Market On Close,Filled,-452.07,"adjust" 
2003-12-01T15:00:00Z,UTMD,22.56,-18,Market On Close,Filled,-406.08,"universe" 
2003-12-01T15:00:00Z,GFF,19.9,26,Market On Close,Filled,517.4,"buy" 
2003-12-01T15:00:00Z,RBIN,14.09,37,Market On Close,Filled,521.33,"buy" 
2003-12-01T15:00:00Z,TALK,10.9,46,Market On Close,Filled,501.4,"buy" 
2003-12-01T15:00:00Z,TSAI,20,26,Market On Close,Filled,520,"buy" 
2004-01-02T15:00:00Z,AVD,37.9,-8,Market On Close,Filled,-303.2,"adjust" 
2004-01-02T15:00:00Z,COLM,54.77,-9,Market On Close,Filled,-492.93,"band" 
2004-01-02T15:00:00Z,ESE,44,-9,Market On Close,Filled,-396,"band" 
2004-01-02T15:00:00Z,HUBG,21.42,-17,Market On Close,Filled,-364.14,"adjust" 
2004-01-02T15:00:00Z,MAIR,7.71,-65,Market On Close,Filled,-501.15,"universe" 
2004-01-02T15:00:00Z,MIDD,40.96,-5,Market On Close,Filled,-204.8,"adjust" 
2004-01-02T15:00:00Z,PETD,23.1,-21,Market On Close,Filled,-485.1,"adjust" 
2004-01-02T15:00:00Z,RVFD,27.7,-12,Market On Close,Filled,-332.4,"band" 
2004-01-02T15:00:00Z,BKH,29.87,18,Market On Close,Filled,537.66,"buy" 
2004-01-02T15:00:00Z,JCOM,24.86,10,Market On Close,Filled,248.6,"adjust" 
2004-01-02T15:00:00Z,NUS,17.2,31,Market On Close,Filled,533.2,"buy" 
2004-01-02T15:00:00Z,RSC,14.35,38,Market On Close,Filled,545.3,"buy" 
2004-01-02T15:00:00Z,ZIGO,16.87,32,Market On Close,Filled,539.84,"buy" 
2004-02-02T15:00:00Z,PCCC,10.01,-58,Market On Close,Filled,-580.58,"band" 
2004-02-02T15:00:00Z,QSII,52.81,-4,Market On Close,Filled,-211.24,"adjust" 
2004-02-02T15:00:00Z,ZIGO,19.38,-32,Market On Close,Filled,-620.16,"universe" 
2004-02-02T15:00:00Z,B,29.35,17,Market On Close,Filled,498.95,"buy" 
2004-02-02T15:00:00Z,CALM,37,15,Market On Close,Filled,555,"buy" 
2004-03-01T15:00:00Z,EDUC,10.61,-36,Market On Close,Filled,-381.96,"band" 
2004-03-01T15:00:00Z,EGN,41.99,-10,Market On Close,Filled,-419.9,"universe" 
2004-03-01T15:00:00Z,MTSC,27.76,-10,Market On Close,Filled,-277.6,"adjust" 
2004-03-01T15:00:00Z,NEB,32.04,-14,Market On Close,Filled,-448.56,"band" 
2004-03-01T15:00:00Z,SAFM,35.85,-7,Market On Close,Filled,-250.95,"adjust" 
2004-03-01T15:00:00Z,UGI,32.96,-11,Market On Close,Filled,-362.56,"band" 
2004-03-01T15:00:00Z,WDC,11.58,-38,Market On Close,Filled,-440.04,"band" 
2004-03-01T15:00:00Z,AHS,18.37,30,Market On Close,Filled,551.1,"buy" 
2004-03-01T15:00:00Z,ASGN,5.79,98,Market On Close,Filled,567.42,"buy" 
2004-03-01T15:00:00Z,DGII,11.84,48,Market On Close,Filled,568.32,"buy" 
2004-03-01T15:00:00Z,PEGA,9.25,63,Market On Close,Filled,582.75,"buy" 
2004-03-01T15:00:00Z,PNM,30.63,18,Market On Close,Filled,551.34,"buy" 
2004-03-01T15:00:00Z,WMK,32.54,7,Market On Close,Filled,227.78,"adjust" 
2004-04-01T15:00:00Z,ASGN,5.5,-98,Market On Close,Filled,-539,"band" 
2004-04-01T15:00:00Z,ATRI,42.18,-11,Market On Close,Filled,-463.98,"universe" 
2004-04-01T15:00:00Z,BKH,32.08,-18,Market On Close,Filled,-577.44,"band" 
2004-04-01T15:00:00Z,SGC,16.39,-27,Market On Close,Filled,-442.53,"band" 
2004-04-01T15:00:00Z,SHOO,19.88,-19,Market On Close,Filled,-377.72,"band" 
2004-04-01T15:00:00Z,FARO,23.12,24,Market On Close,Filled,554.88,"buy" 
2004-04-01T15:00:00Z,MTLM,37,15,Market On Close,Filled,555,"buy" 
2004-04-01T15:00:00Z,OTL,29.88,19,Market On Close,Filled,567.72,"buy" 
2004-04-01T15:00:00Z,QDEL,6.41,86,Market On Close,Filled,551.26,"buy" 
2004-04-01T15:00:00Z,SHEN,22.56,25,Market On Close,Filled,564,"buy" 
2004-05-03T14:00:00Z,HCSG,15.99,-37,Market On Close,Filled,-591.63,"expired" 
2004-05-03T14:00:00Z,HUBG,35.16,-10,Market On Close,Filled,-351.6,"adjust" 
2004-05-03T14:00:00Z,CALM,11.62,19,Market On Close,Filled,220.78,"adjust" 
2004-05-03T14:00:00Z,CMTL,16.64,15,Market On Close,Filled,249.6,"adjust" 
2004-05-03T14:00:00Z,MMSI,15.9,13,Market On Close,Filled,206.7,"adjust" 
2004-05-03T14:00:00Z,MTRX,10.73,20,Market On Close,Filled,214.6,"adjust" 
2004-05-03T14:00:00Z,NSIT,16.97,32,Market On Close,Filled,543.04,"buy" 
2004-06-01T14:00:00Z,AVD,38.78,-6,Market On Close,Filled,-232.68,"adjust" 
2004-06-01T14:00:00Z,ANSS,43.91,-5,Market On Close,Filled,-219.55,"adjust" 
2004-06-01T14:00:00Z,BIO,56.71,-9,Market On Close,Filled,-510.39,"band" 
2004-06-01T14:00:00Z,HOV,35.17,-12,Market On Close,Filled,-422.04,"band" 
2004-06-01T14:00:00Z,MIDD,63,-4,Market On Close,Filled,-252,"adjust" 
2004-06-01T14:00:00Z,LPX,23.52,24,Market On Close,Filled,564.48,"buy" 
2004-06-01T14:00:00Z,SPRT,9.7,56,Market On Close,Filled,543.2,"buy" 
2004-07-01T14:00:00Z,CMTL,21.45,-33,Market On Close,Filled,-707.85,"band" 
2004-07-01T14:00:00Z,METHA,12.47,-36,Market On Close,Filled,-448.92,"band" 
2004-07-01T14:00:00Z,NUS,25.5,-8,Market On Close,Filled,-204,"adjust" 
2004-07-01T14:00:00Z,SAFM,52.39,-5,Market On Close,Filled,-261.95,"adjust" 
2004-07-01T14:00:00Z,SHEN,26.3,-25,Market On Close,Filled,-657.5,"band" 
2004-07-01T14:00:00Z,CRUS,5.8,97,Market On Close,Filled,562.6,"buy" 
2004-07-01T14:00:00Z,FAF,25.47,8,Market On Close,Filled,203.76,"adjust" 
2004-07-01T14:00:00Z,HCSG,15.25,38,Market On Close,Filled,579.5,"buy" 
2004-07-01T14:00:00Z,TALK,7.7,29,Market On Close,Filled,223.3,"adjust" 
2004-07-01T14:00:00Z,TESS,17.25,33,Market On Close,Filled,569.25,"buy" 
2004-08-02T14:00:00Z,MMSI,16.38,-34,Market On Close,Filled,-556.92,"band" 
2004-08-02T14:00:00Z,MTRX,7.63,-52,Market On Close,Filled,-396.76,"band" 
2004-08-02T14:00:00Z,QDEL,3.46,-86,Market On Close,Filled,-297.56,"universe" 
2004-08-02T14:00:00Z,RAVN,39.49,-6,Market On Close,Filled,-236.94,"adjust" 
2004-08-02T14:00:00Z,RBIN,20.3,-10,Market On Close,Filled,-203,"adjust" 
2004-08-02T14:00:00Z,AMED,27.35,21,Market On Close,Filled,574.35,"buy" 
2004-08-02T14:00:00Z,ESCA,10.99,50,Market On Close,Filled,549.5,"buy" 
2004-08-02T14:00:00Z,FIZ,8.4,25,Market On Close,Filled,210,"adjust" 
2004-08-02T14:00:00Z,ZEUS,24.7,23,Market On Close,Filled,568.1,"buy" 
2004-09-01T14:00:00Z,AHS,11.54,-30,Market On Close,Filled,-346.2,"band" 
2004-09-01T14:00:00Z,JCOM,25.94,-21,Market On Close,Filled,-544.74,"band" 
2004-09-01T14:00:00Z,NSIT,16.03,-32,Market On Close,Filled,-512.96,"band" 
2004-09-01T14:00:00Z,RBIN,19.96,-27,Market On Close,Filled,-538.92,"universe" 
2004-09-01T14:00:00Z,CYBE,16.74,30,Market On Close,Filled,502.2,"buy" 
2004-09-01T14:00:00Z,ECOL,9.29,58,Market On Close,Filled,538.82,"buy" 
2004-09-01T14:00:00Z,HOC,20.91,26,Market On Close,Filled,543.66,"buy" 
2004-09-01T14:00:00Z,SEB,543,1,Market On Close,Filled,543,"buy" 
2004-10-01T14:00:00Z,BWS,25.14,-14,Market On Close,Filled,-351.96,"band" 
2004-10-01T14:00:00Z,CRMT,34,-15,Market On Close,Filled,-510,"band" 
2004-10-01T14:00:00Z,CRUS,5.42,-97,Market On Close,Filled,-525.74,"universe" 
2004-10-01T14:00:00Z,EASI,46.38,-12,Market On Close,Filled,-556.56,"band" 
2004-10-01T14:00:00Z,PETD,43.73,-10,Market On Close,Filled,-437.3,"adjust" 
2004-10-01T14:00:00Z,POG,30.14,-24,Market On Close,Filled,-723.36,"band" 
2004-10-01T14:00:00Z,SEB,608,-1,Market On Close,Filled,-608,"adjust" 
2004-10-01T14:00:00Z,THO,27.66,-16,Market On Close,Filled,-442.56,"band" 
2004-10-01T14:00:00Z,TTWO,34.81,-15,Market On Close,Filled,-522.15,"band" 
2004-10-01T14:00:00Z,APU,29.89,18,Market On Close,Filled,538.02,"buy" 
2004-10-01T14:00:00Z,CACS,8.11,80,Market On Close,Filled,648.8,"buy" 
2004-10-01T14:00:00Z,LAWS,42.03,13,Market On Close,Filled,546.39,"buy" 
2004-10-01T14:00:00Z,MTEX,14.49,40,Market On Close,Filled,579.6,"buy" 
2004-10-01T14:00:00Z,NATR,15.38,37,Market On Close,Filled,569.06,"buy" 
2004-10-01T14:00:00Z,NHC,29.6,19,Market On Close,Filled,562.4,"buy" 
2004-10-01T14:00:00Z,PCU,52.95,10,Market On Close,Filled,529.5,"buy" 
2004-10-01T14:00:00Z,SAFM,35.03,6,Market On Close,Filled,210.18,"adjust" 
2004-11-01T15:00:00Z,B,26.65,-17,Market On Close,Filled,-453.05,"band" 
2004-11-01T15:00:00Z,CACS,9.11,-80,Market On Close,Filled,-728.8,"band" 
2004-11-01T15:00:00Z,ESCA,14.02,-50,Market On Close,Filled,-701,"band" 
2004-11-01T15:00:00Z,OXM,37.29,-16,Market On Close,Filled,-596.64,"band" 
2004-11-01T15:00:00Z,CIX,15.55,36,Market On Close,Filled,559.8,"buy" 
2004-11-01T15:00:00Z,CNC,48.98,11,Market On Close,Filled,538.78,"buy" 
2004-11-01T15:00:00Z,CYBE,10.53,21,Market On Close,Filled,221.13,"adjust" 
2004-11-01T15:00:00Z,LEG,28.27,20,Market On Close,Filled,565.4,"buy" 
2004-11-01T15:00:00Z,NL,19.99,28,Market On Close,Filled,559.72,"buy" 
2004-11-01T15:00:00Z,SPRT,5.09,54,Market On Close,Filled,274.86,"adjust" 
2004-11-01T15:00:00Z,SRT,28.13,8,Market On Close,Filled,225.04,"adjust" 
2004-12-01T15:00:00Z,MTEX,21.99,-13,Market On Close,Filled,-285.87,"adjust" 
2004-12-01T15:00:00Z,SCHN,35.7,-13,Market On Close,Filled,-464.1,"band" 
2004-12-01T15:00:00Z,GCI,83,3,Market On Close,Filled,249,"adjust" 
2004-12-01T15:00:00Z,NUE,52.27,11,Market On Close,Filled,574.97,"buy" 
2004-12-01T15:00:00Z,RCII,25.76,9,Market On Close,Filled,231.84,"adjust" 
2005-01-03T15:00:00Z,CALM,11.96,-49,Market On Close,Filled,-586.04,"band" 
2005-01-03T15:00:00Z,PEGA,8.54,-63,Market On Close,Filled,-538.02,"band" 
2005-01-03T15:00:00Z,SRT,27.8,-20,Market On Close,Filled,-556,"band" 
2005-01-03T15:00:00Z,AEOS,46.74,13,Market On Close,Filled,607.62,"buy" 
2005-01-03T15:00:00Z,AIT,25.95,23,Market On Close,Filled,596.85,"buy" 
2005-01-03T15:00:00Z,OTL,20.6,11,Market On Close,Filled,226.6,"adjust" 
2005-01-03T15:00:00Z,STLD,36.17,16,Market On Close,Filled,578.72,"buy" 
2005-02-01T15:00:00Z,APU,30.2,-18,Market On Close,Filled,-543.6,"band" 
2005-02-01T15:00:00Z,EBF,17.33,-29,Market On Close,Filled,-502.57,"band" 
2005-02-01T15:00:00Z,HUBG,55.12,-4,Market On Close,Filled,-220.48,"adjust" 
2005-02-01T15:00:00Z,OTL,20.38,-30,Market On Close,Filled,-611.4,"band" 
2005-02-01T15:00:00Z,QSII,68.94,-9,Market On Close,Filled,-620.46,"band" 
2005-02-01T15:00:00Z,ABFS,40.86,15,Market On Close,Filled,612.9,"buy" 
2005-02-01T15:00:00Z,ALG,25.84,24,Market On Close,Filled,620.16,"buy" 
2005-02-01T15:00:00Z,CMC,28.86,22,Market On Close,Filled,634.92,"buy" 
2005-02-01T15:00:00Z,MLI,31.96,20,Market On Close,Filled,639.2,"buy" 
2005-03-01T15:00:00Z,ANSS,35.87,-6,Market On Close,Filled,-215.22,"adjust" 
2005-03-01T15:00:00Z,HCSG,23.32,-10,Market On Close,Filled,-233.2,"adjust" 
2005-03-01T15:00:00Z,HOC,37.11,-9,Market On Close,Filled,-333.99,"adjust" 
2005-03-01T15:00:00Z,MTLM,30.02,-8,Market On Close,Filled,-240.16,"adjust" 
2005-04-01T15:00:00Z,AVD,42.26,-14,Market On Close,Filled,-591.64,"band" 
2005-04-01T15:00:00Z,CIX,16.41,-36,Market On Close,Filled,-590.76,"band" 
2005-04-01T15:00:00Z,CNXS,17.57,-13,Market On Close,Filled,-228.41,"adjust" 
2005-04-01T15:00:00Z,MIDD,49.02,-9,Market On Close,Filled,-441.18,"band" 
2005-04-01T15:00:00Z,PETD,37.34,-12,Market On Close,Filled,-448.08,"band" 
2005-04-01T15:00:00Z,RCII,26.95,-24,Market On Close,Filled,-646.8,"band" 
2005-04-01T15:00:00Z,RSC,14,-38,Market On Close,Filled,-532,"band" 
2005-04-01T15:00:00Z,SPRT,5.17,-110,Market On Close,Filled,-568.7,"band" 
2005-04-01T15:00:00Z,WSO,42.12,-6,Market On Close,Filled,-252.72,"adjust" 
2005-04-01T15:00:00Z,MSTR,55.27,11,Market On Close,Filled,607.97,"buy" 
2005-04-01T15:00:00Z,COP,110.28,5,Market On Close,Filled,551.4,"buy" 
2005-04-01T15:00:00Z,RES,15.23,42,Market On Close,Filled,639.66,"buy" 
2005-04-01T15:00:00Z,RS,39.99,16,Market On Close,Filled,639.84,"buy" 
2005-04-01T15:00:00Z,VLO,77.75,8,Market On Close,Filled,622,"buy" 
2005-04-01T15:00:00Z,X,51.16,12,Market On Close,Filled,613.92,"buy" 
2005-04-01T15:00:00Z,ZEUS,17.95,13,Market On Close,Filled,233.35,"adjust" 
2005-05-02T14:00:00Z,FAF,36.43,-6,Market On Close,Filled,-218.58,"adjust" 
2005-05-02T14:00:00Z,GFF,18.99,-26,Market On Close,Filled,-493.74,"band" 
2005-05-02T14:00:00Z,NUS,22.11,-23,Market On Close,Filled,-508.53,"band" 
2005-05-02T14:00:00Z,HSII,26.42,23,Market On Close,Filled,607.66,"buy" 
2005-05-02T14:00:00Z,TTWO,23.95,25,Market On Close,Filled,598.75,"buy" 
2005-05-02T14:00:00Z,WEYS,18.69,32,Market On Close,Filled,598.08,"buy" 
2005-06-01T14:00:00Z,FIZ,8.18,-66,Market On Close,Filled,-539.88,"band" 
2005-06-01T14:00:00Z,HSII,25.74,-23,Market On Close,Filled,-592.02,"band" 
2005-06-01T14:00:00Z,IDXX,57.87,-9,Market On Close,Filled,-520.83,"band" 
2005-06-01T14:00:00Z,RIMG,21.3,-11,Market On Close,Filled,-234.3,"adjust" 
2005-06-01T14:00:00Z,TESS,12.75,-33,Market On Close,Filled,-420.75,"band" 
2005-06-01T14:00:00Z,MTLM,18.17,12,Market On Close,Filled,218.04,"adjust" 
2005-06-01T14:00:00Z,GPX,7.2,88,Market On Close,Filled,633.6,"buy" 
2005-06-01T14:00:00Z,OXY,74.8,8,Market On Close,Filled,598.4,"buy" 
2005-06-01T14:00:00Z,SPTN,12.92,49,Market On Close,Filled,633.08,"buy" 
2005-06-01T14:00:00Z,UGI,26.89,23,Market On Close,Filled,618.47,"buy" 
2005-07-01T14:00:00Z,ECOL,17.56,-22,Market On Close,Filled,-386.32,"adjust" 
2005-07-01T14:00:00Z,NL,15.24,-28,Market On Close,Filled,-426.72,"band" 
2005-07-01T14:00:00Z,SAFM,45.97,-16,Market On Close,Filled,-735.52,"band" 
2005-07-01T14:00:00Z,ALG,18.67,11,Market On Close,Filled,205.37,"adjust" 
2005-07-01T14:00:00Z,ISSC,32.66,19,Market On Close,Filled,620.54,"buy" 
2005-07-01T14:00:00Z,PCU,42.83,5,Market On Close,Filled,214.15,"adjust" 
2005-07-01T14:00:00Z,PLPC,39.89,16,Market On Close,Filled,638.24,"buy" 
2005-07-01T14:00:00Z,STLD,26.63,8,Market On Close,Filled,213.04,"adjust" 
2005-07-01T14:00:00Z,X,34.79,7,Market On Close,Filled,243.53,"adjust" 
2005-08-01T14:00:00Z,CNXS,26.5,-9,Market On Close,Filled,-238.5,"adjust" 
2005-08-01T14:00:00Z,ODP,27.96,-8,Market On Close,Filled,-223.68,"adjust" 
2005-08-01T14:00:00Z,ZEUS,15.89,-36,Market On Close,Filled,-572.04,"band" 
2005-08-01T14:00:00Z,USPH,18.42,38,Market On Close,Filled,699.96,"buy" 
2005-09-01T14:00:00Z,CYBE,13.9,-51,Market On Close,Filled,-708.9,"band" 
2005-09-01T14:00:00Z,HOC,57.21,-5,Market On Close,Filled,-286.05,"adjust" 
2005-09-01T14:00:00Z,ISSC,16.92,-28,Market On Close,Filled,-473.76,"band" 
2005-09-01T14:00:00Z,LEG,24.46,-20,Market On Close,Filled,-489.2,"band" 
2005-09-01T14:00:00Z,MLI,27.14,-20,Market On Close,Filled,-542.8,"band" 
2005-09-01T14:00:00Z,PNM,29.61,-26,Market On Close,Filled,-769.86,"band" 
2005-09-01T14:00:00Z,RES,23.99,-12,Market On Close,Filled,-287.88,"adjust" 
2005-09-01T14:00:00Z,VLO,109.5,-2,Market On Close,Filled,-219,"adjust" 
2005-09-01T14:00:00Z,KOMG,31.94,21,Market On Close,Filled,670.74,"buy" 
2005-09-01T14:00:00Z,MTEX,12.45,29,Market On Close,Filled,361.05,"adjust" 
2005-09-01T14:00:00Z,PETS,10.43,67,Market On Close,Filled,698.81,"buy" 
2005-09-01T14:00:00Z,KFRC,10.03,69,Market On Close,Filled,692.07,"buy" 
2005-09-01T14:00:00Z,SCVL,16.36,42,Market On Close,Filled,687.12,"buy" 
2005-09-01T14:00:00Z,SYKE,10.58,65,Market On Close,Filled,687.7,"buy" 
2005-10-03T14:00:00Z,ALG,19.99,-35,Market On Close,Filled,-699.65,"band" 
2005-10-03T14:00:00Z,MTEX,11.7,-56,Market On Close,Filled,-655.2,"band" 
2005-10-03T14:00:00Z,STLD,32.9,-24,Market On Close,Filled,-789.6,"band" 
2005-10-03T14:00:00Z,CECO,35.89,20,Market On Close,Filled,717.8,"buy" 
2005-10-03T14:00:00Z,DGII,10.7,19,Market On Close,Filled,203.3,"adjust" 
2005-10-03T14:00:00Z,FARO,19.83,12,Market On Close,Filled,237.96,"adjust" 
2005-10-03T14:00:00Z,GCI,68.57,3,Market On Close,Filled,205.71,"adjust" 
2005-10-03T14:00:00Z,LAWS,36.28,6,Market On Close,Filled,217.68,"adjust" 
2005-10-03T14:00:00Z,LRCX,31,23,Market On Close,Filled,713,"buy" 
2005-10-03T14:00:00Z,MCRI,16.75,42,Market On Close,Filled,703.5,"buy" 
2005-10-03T14:00:00Z,SPTN,9.97,20,Market On Close,Filled,199.4,"adjust" 
2005-11-01T15:00:00Z,FARO,20.67,-36,Market On Close,Filled,-744.12,"band" 
2005-11-01T15:00:00Z,LAWS,35.32,-19,Market On Close,Filled,-671.08,"band" 
2005-11-01T15:00:00Z,RS,57.76,-4,Market On Close,Filled,-231.04,"adjust" 
2005-11-01T15:00:00Z,SYKE,14.76,-17,Market On Close,Filled,-250.92,"adjust" 
2005-11-01T15:00:00Z,CNC,20.65,12,Market On Close,Filled,247.8,"adjust" 
2005-11-01T15:00:00Z,LYTS,17.79,39,Market On Close,Filled,693.81,"buy" 
2005-11-01T15:00:00Z,MMSI,11.9,59,Market On Close,Filled,702.1,"buy" 
2005-12-01T15:00:00Z,AMED,46.55,-5,Market On Close,Filled,-232.75,"adjust" 
2005-12-01T15:00:00Z,CNC,25.21,-34,Market On Close,Filled,-857.14,"band" 
2005-12-01T15:00:00Z,DGII,13.29,-67,Market On Close,Filled,-890.43,"band" 
2005-12-01T15:00:00Z,PCU,67.19,-4,Market On Close,Filled,-268.76,"adjust" 
2005-12-01T15:00:00Z,RES,34.14,-8,Market On Close,Filled,-273.12,"adjust" 
2005-12-01T15:00:00Z,WSO,63.29,-4,Market On Close,Filled,-253.16,"adjust" 
2005-12-01T15:00:00Z,X,48.98,-19,Market On Close,Filled,-930.62,"band" 
2005-12-01T15:00:00Z,B,35.25,21,Market On Close,Filled,740.25,"buy" 
2005-12-01T15:00:00Z,LRW,23.07,33,Market On Close,Filled,761.31,"buy" 
2005-12-01T15:00:00Z,SNHY,18.75,38,Market On Close,Filled,712.5,"buy" 
2005-12-01T15:00:00Z,TTWO,18.67,15,Market On Close,Filled,280.05,"adjust" 
2005-12-01T15:00:00Z,UGI,22.39,10,Market On Close,Filled,223.9,"adjust" 
2006-01-03T15:00:00Z,MCRI,24.19,-10,Market On Close,Filled,-241.9,"adjust" 
2006-01-03T15:00:00Z,MMSI,12.43,-59,Market On Close,Filled,-733.37,"band" 
2006-01-03T15:00:00Z,MSTR,87.27,-3,Market On Close,Filled,-261.81,"adjust" 
2006-01-03T15:00:00Z,PETS,14.31,-15,Market On Close,Filled,-214.65,"adjust" 
2006-01-03T15:00:00Z,CPSI,40.83,17,Market On Close,Filled,694.11,"buy" 
2006-01-03T15:00:00Z,ECOL,15.48,15,Market On Close,Filled,232.2,"adjust" 
2006-02-01T15:00:00Z,CMC,47.08,-5,Market On Close,Filled,-235.4,"adjust" 
2006-02-01T15:00:00Z,LRCX,46.92,-6,Market On Close,Filled,-281.52,"adjust" 
2006-02-01T15:00:00Z,RES,31.78,-8,Market On Close,Filled,-254.24,"adjust" 
2006-02-01T15:00:00Z,SPTN,12.08,-69,Market On Close,Filled,-833.52,"expired" 
2006-02-01T15:00:00Z,TTWO,15.17,-40,Market On Close,Filled,-606.8,"band" 
2006-02-01T15:00:00Z,CNXS,22.71,10,Market On Close,Filled,227.1,"adjust" 
2006-02-01T15:00:00Z,CRUS,8.5,97,Market On Close,Filled,824.5,"buy" 
2006-02-01T15:00:00Z,LYTS,14.73,18,Market On Close,Filled,265.14,"adjust" 
2006-02-01T15:00:00Z,SHOO,31.82,27,Market On Close,Filled,859.14,"buy" 
2006-03-01T15:00:00Z,AIT,44.1,-5,Market On Close,Filled,-220.5,"adjust" 
2006-03-01T15:00:00Z,RAVN,36,-6,Market On Close,Filled,-216,"adjust" 
2006-03-01T15:00:00Z,RS,85.11,-3,Market On Close,Filled,-255.33,"adjust" 
2006-03-01T15:00:00Z,UGI,22.31,-33,Market On Close,Filled,-736.23,"band" 
2006-03-01T15:00:00Z,AMED,34.18,8,Market On Close,Filled,273.44,"adjust" 
2006-03-01T15:00:00Z,IIIN,39.29,21,Market On Close,Filled,825.09,"buy" 
2006-03-01T15:00:00Z,RES,22.37,13,Market On Close,Filled,290.81,"adjust" 
2006-04-03T14:00:00Z,AEOS,28.79,-26,Market On Close,Filled,-748.54,"band" 
2006-04-03T14:00:00Z,AXE,47.29,-17,Market On Close,Filled,-803.93,"universe" 
2006-04-03T14:00:00Z,ECOL,20.06,-10,Market On Close,Filled,-200.6,"adjust" 
2006-04-03T14:00:00Z,IIIN,59.24,-7,Market On Close,Filled,-414.68,"adjust" 
2006-04-03T14:00:00Z,MTLM,31.87,-8,Market On Close,Filled,-254.96,"adjust" 
2006-04-03T14:00:00Z,MTSC,41.33,-20,Market On Close,Filled,-826.6,"universe" 
2006-04-03T14:00:00Z,NUE,107.97,-3,Market On Close,Filled,-323.91,"adjust" 
2006-04-03T14:00:00Z,SCVL,24.97,-9,Market On Close,Filled,-224.73,"adjust" 
2006-04-03T14:00:00Z,ABFS,39.67,6,Market On Close,Filled,238.02,"adjust" 
2006-04-03T14:00:00Z,ADTN,25.95,32,Market On Close,Filled,830.4,"buy" 
2006-04-03T14:00:00Z,EGY,6.83,126,Market On Close,Filled,860.58,"buy" 
2006-04-03T14:00:00Z,GCI,60.35,4,Market On Close,Filled,241.4,"adjust" 
2006-04-03T14:00:00Z,MDU,34.57,6,Market On Close,Filled,207.42,"adjust" 
2006-04-03T14:00:00Z,NATR,12.06,30,Market On Close,Filled,361.8,"adjust" 
2006-04-03T14:00:00Z,GPX,6.9,32,Market On Close,Filled,220.8,"adjust" 
2006-04-03T14:00:00Z,PLPC,33.2,9,Market On Close,Filled,298.8,"adjust" 
2006-04-03T14:00:00Z,WIRE,33.22,24,Market On Close,Filled,797.28,"buy" 
2006-04-03T14:00:00Z,ZEUS,30.9,27,Market On Close,Filled,834.3,"buy" 
2006-04-22T04:00:00Z,GDT,80.05,-9,Market,Filled,-720.45,"Liquidate from delisting" 
2006-05-01T14:00:00Z,ECOL,25.5,-9,Market On Close,Filled,-229.5,"adjust" 
2006-05-01T14:00:00Z,HUBG,47.93,-5,Market On Close,Filled,-239.65,"adjust" 
2006-05-01T14:00:00Z,LRW,27.12,-33,Market On Close,Filled,-894.96,"expired" 
2006-05-01T14:00:00Z,NATR,10.04,-67,Market On Close,Filled,-672.68,"universe" 
2006-05-01T14:00:00Z,GPX,7.2,-120,Market On Close,Filled,-864,"band" 
2006-05-01T14:00:00Z,PCU,100.09,-3,Market On Close,Filled,-300.27,"adjust" 
2006-05-01T14:00:00Z,SHOO,53.01,-11,Market On Close,Filled,-583.11,"adjust" 
2006-05-01T14:00:00Z,SNHY,21.46,-38,Market On Close,Filled,-815.48,"band" 
2006-05-01T14:00:00Z,BLS,33.8,25,Market On Close,Filled,845,"buy" 
2006-05-01T14:00:00Z,DECK,42.49,20,Market On Close,Filled,849.8,"buy" 
2006-05-01T14:00:00Z,IIIN,37.2,9,Market On Close,Filled,334.8,"adjust" 
2006-05-01T14:00:00Z,LG,33.06,25,Market On Close,Filled,826.5,"buy" 
2006-05-01T14:00:00Z,COP,67.75,3,Market On Close,Filled,203.25,"adjust" 
2006-05-01T14:00:00Z,RIMG,22.05,10,Market On Close,Filled,220.5,"adjust" 
2006-05-01T14:00:00Z,SRT,23.32,38,Market On Close,Filled,886.16,"buy" 
2006-05-01T14:00:00Z,USPH,16.06,18,Market On Close,Filled,289.08,"adjust" 
2006-05-01T14:00:00Z,WEYS,21.28,10,Market On Close,Filled,212.8,"adjust" 
2006-06-01T14:00:00Z,FRGO,24.9,-40,Market On Close,Filled,-996,"band" 
2006-06-01T14:00:00Z,PLPC,35.96,-25,Market On Close,Filled,-899,"band" 
2006-06-01T14:00:00Z,KFRC,16.16,-15,Market On Close,Filled,-242.4,"adjust" 
2006-06-01T14:00:00Z,LMS,24.38,34,Market On Close,Filled,828.92,"buy" 
2006-06-01T14:00:00Z,LPX,24.71,10,Market On Close,Filled,247.1,"adjust" 
2006-06-01T14:00:00Z,SRT,15.14,17,Market On Close,Filled,257.38,"adjust" 
2006-06-01T14:00:00Z,STLD,59.35,14,Market On Close,Filled,830.9,"buy" 
2006-06-01T14:00:00Z,TALK,8.01,32,Market On Close,Filled,256.32,"adjust" 
2006-06-01T14:00:00Z,TTMI,15.08,56,Market On Close,Filled,844.48,"buy" 
2006-07-03T14:00:00Z,ABFS,50.55,-4,Market On Close,Filled,-202.2,"adjust" 
2006-07-03T14:00:00Z,EGY,10.1,-39,Market On Close,Filled,-393.9,"adjust" 
2006-07-03T14:00:00Z,HCSG,20.73,-41,Market On Close,Filled,-849.93,"band" 
2006-07-03T14:00:00Z,HOC,47.89,-6,Market On Close,Filled,-287.34,"adjust" 
2006-07-03T14:00:00Z,IIIN,24.6,-11,Market On Close,Filled,-270.6,"adjust" 
2006-07-03T14:00:00Z,SRT,14.72,-55,Market On Close,Filled,-809.6,"band" 
2006-07-03T14:00:00Z,TSAI,42.17,-6,Market On Close,Filled,-253.02,"adjust" 
2006-07-03T14:00:00Z,AP,29.25,29,Market On Close,Filled,848.25,"buy" 
2006-07-03T14:00:00Z,AIT,24.46,9,Market On Close,Filled,220.14,"adjust" 
2006-07-03T14:00:00Z,CECO,29.83,8,Market On Close,Filled,238.64,"adjust" 
2006-07-03T14:00:00Z,PETS,11.45,25,Market On Close,Filled,286.25,"adjust" 
2006-07-03T14:00:00Z,SCHN,36.53,24,Market On Close,Filled,876.72,"buy" 
2006-08-01T14:00:00Z,CRUS,6.56,-97,Market On Close,Filled,-636.32,"expired" 
2006-08-01T14:00:00Z,LPX,19.86,-34,Market On Close,Filled,-675.24,"band" 
2006-08-01T14:00:00Z,RIMG,23.92,-39,Market On Close,Filled,-932.88,"band" 
2006-08-01T14:00:00Z,FAF,36.7,6,Market On Close,Filled,220.2,"adjust" 
2006-08-01T14:00:00Z,KBALB,17.33,45,Market On Close,Filled,779.85,"buy" 
2006-08-01T14:00:00Z,MCRI,19.05,11,Market On Close,Filled,209.55,"adjust" 
2006-08-01T14:00:00Z,MRO,90.6,9,Market On Close,Filled,815.4,"buy" 
2006-08-01T14:00:00Z,SAM,29.1,27,Market On Close,Filled,785.7,"buy" 
2006-08-01T14:00:00Z,WSO,43.86,7,Market On Close,Filled,307.02,"adjust" 
2006-09-01T14:00:00Z,AMED,40.15,-5,Market On Close,Filled,-200.75,"adjust" 
2006-09-01T14:00:00Z,ANSS,46,-18,Market On Close,Filled,-828,"band" 
2006-09-01T14:00:00Z,BLS,41.34,-6,Market On Close,Filled,-248.04,"adjust" 
2006-09-01T14:00:00Z,CNXS,28.1,-37,Market On Close,Filled,-1039.7,"band" 
2006-09-01T14:00:00Z,LYTS,18.31,-13,Market On Close,Filled,-238.03,"adjust" 
2006-09-01T14:00:00Z,TALK,5.84,-107,Market On Close,Filled,-624.88,"band" 
2006-09-01T14:00:00Z,USPH,14.76,-56,Market On Close,Filled,-826.56,"band" 
2006-09-01T14:00:00Z,WSO,43.58,-18,Market On Close,Filled,-784.44,"band" 
2006-09-01T14:00:00Z,CECO,19.76,14,Market On Close,Filled,276.64,"adjust" 
2006-09-01T14:00:00Z,CPSI,34.65,6,Market On Close,Filled,207.9,"adjust" 
2006-09-01T14:00:00Z,IVAC,17.38,48,Market On Close,Filled,834.24,"buy" 
2006-09-01T14:00:00Z,MTEX,14.96,55,Market On Close,Filled,822.8,"buy" 
2006-09-01T14:00:00Z,OGE,37.3,21,Market On Close,Filled,783.3,"buy" 
2006-09-01T14:00:00Z,PTSI,25.93,32,Market On Close,Filled,829.76,"buy" 
2006-09-01T14:00:00Z,TESS,23.71,34,Market On Close,Filled,806.14,"buy" 
2006-10-02T14:00:00Z,ADTN,23.37,-32,Market On Close,Filled,-747.84,"band" 
2006-10-02T14:00:00Z,CECO,22.5,-42,Market On Close,Filled,-945,"band" 
2006-10-02T14:00:00Z,ECOL,19.63,-32,Market On Close,Filled,-628.16,"band" 
2006-10-02T14:00:00Z,LYTS,16.02,-44,Market On Close,Filled,-704.88,"band" 
2006-10-02T14:00:00Z,NHC,51.27,-4,Market On Close,Filled,-205.08,"adjust" 
2006-10-02T14:00:00Z,RAVN,28.97,-22,Market On Close,Filled,-637.34,"band" 
2006-10-02T14:00:00Z,TESS,31.52,-7,Market On Close,Filled,-220.64,"adjust" 
2006-10-02T14:00:00Z,AEOS,44.61,18,Market On Close,Filled,802.98,"buy" 
2006-10-02T14:00:00Z,DLTR,31.29,26,Market On Close,Filled,813.54,"buy" 
2006-10-02T14:00:00Z,ICUI,45.75,17,Market On Close,Filled,777.75,"buy" 
2006-10-02T14:00:00Z,PCLN,36.76,22,Market On Close,Filled,808.72,"buy" 
2006-10-02T14:00:00Z,RS,32.48,7,Market On Close,Filled,227.36,"adjust" 
2006-10-02T14:00:00Z,SPH,33.88,24,Market On Close,Filled,813.12,"buy" 
2006-11-01T15:00:00Z,DECK,52.26,-4,Market On Close,Filled,-209.04,"adjust" 
2006-11-01T15:00:00Z,KBALB,24.56,-11,Market On Close,Filled,-270.16,"adjust" 
2006-11-01T15:00:00Z,SCHN,34.9,-24,Market On Close,Filled,-837.6,"band" 
2006-11-01T15:00:00Z,IIIN,17.02,13,Market On Close,Filled,221.26,"adjust" 
2006-11-01T15:00:00Z,OFIX,43.24,19,Market On Close,Filled,821.56,"buy" 
2006-11-01T15:00:00Z,VLO,51.1,4,Market On Close,Filled,204.4,"adjust" 
2006-11-01T15:00:00Z,WIRE,25.93,8,Market On Close,Filled,207.44,"adjust" 
2006-12-01T15:00:00Z,CPSI,35.96,-23,Market On Close,Filled,-827.08,"band" 
2006-12-01T15:00:00Z,FAF,38.63,-22,Market On Close,Filled,-849.86,"expired" 
2006-12-01T15:00:00Z,IVAC,27.26,-16,Market On Close,Filled,-436.16,"adjust" 
2006-12-01T15:00:00Z,OFIX,43.49,-19,Market On Close,Filled,-826.31,"band" 
2006-12-01T15:00:00Z,PDX,48.55,-16,Market On Close,Filled,-776.8,"expired" 
2006-12-01T15:00:00Z,RES,22.74,-37,Market On Close,Filled,-841.38,"band" 
2006-12-01T15:00:00Z,WMK,39.89,-17,Market On Close,Filled,-678.13,"band" 
2006-12-01T15:00:00Z,ABFS,37.2,6,Market On Close,Filled,223.2,"adjust" 
2006-12-01T15:00:00Z,AMWD,38.35,22,Market On Close,Filled,843.7,"buy" 
2006-12-01T15:00:00Z,CNXS,37.33,23,Market On Close,Filled,858.59,"buy" 
2006-12-01T15:00:00Z,CMI,118.63,7,Market On Close,Filled,830.41,"buy" 
2006-12-01T15:00:00Z,GPI,50.22,17,Market On Close,Filled,853.74,"buy" 
2006-12-01T15:00:00Z,MGLN,43.33,20,Market On Close,Filled,866.6,"buy" 
2006-12-01T15:00:00Z,MOH,33.45,26,Market On Close,Filled,869.7,"buy" 
2006-12-01T15:00:00Z,TSAI,34.22,6,Market On Close,Filled,205.32,"adjust" 
2006-12-20T05:00:00Z,CNXS,37.49,-23,Market,Filled,-862.27,"Liquidate from delisting" 
2006-12-30T05:00:00Z,BLS,47.15,-19,Market,Filled,-895.85,"Liquidate from delisting" 
2007-01-03T15:00:00Z,AMED,33.3,-25,Market On Close,Filled,-832.5,"band" 
2007-01-03T15:00:00Z,AEIS,18.72,46,Market On Close,Filled,861.12,"buy" 
2007-01-03T15:00:00Z,EGY,6.58,43,Market On Close,Filled,282.94,"adjust" 
2007-01-03T15:00:00Z,KFRC,12.66,18,Market On Close,Filled,227.88,"adjust" 
2007-01-03T15:00:00Z,TTMI,11.3,21,Market On Close,Filled,237.3,"adjust" 
2007-01-03T15:00:00Z,XOM,74.07,11,Market On Close,Filled,814.77,"buy" 
2007-01-03T15:00:00Z,ZEUS,21.66,12,Market On Close,Filled,259.92,"adjust" 
2007-02-01T15:00:00Z,KOMG,33.75,-21,Market On Close,Filled,-708.75,"band" 
2007-02-01T15:00:00Z,MCRI,24.59,-43,Market On Close,Filled,-1057.37,"band" 
2007-02-01T15:00:00Z,MTLM,41.23,-5,Market On Close,Filled,-206.15,"adjust" 
2007-02-01T15:00:00Z,RS,43.01,-25,Market On Close,Filled,-1075.25,"band" 
2007-02-01T15:00:00Z,SPH,38.71,-24,Market On Close,Filled,-929.04,"expired" 
2007-02-01T15:00:00Z,STLD,39.68,-6,Market On Close,Filled,-238.08,"adjust" 
2007-02-01T15:00:00Z,TSAI,36.99,-26,Market On Close,Filled,-961.74,"band" 
2007-02-01T15:00:00Z,ZEUS,27.81,-39,Market On Close,Filled,-1084.59,"band" 
2007-02-01T15:00:00Z,ABM,26.19,34,Market On Close,Filled,890.46,"buy" 
2007-02-01T15:00:00Z,BKE,33.8,26,Market On Close,Filled,878.8,"buy" 
2007-02-01T15:00:00Z,CVX,74.41,12,Market On Close,Filled,892.92,"buy" 
2007-02-01T15:00:00Z,FIZ,13.74,62,Market On Close,Filled,851.88,"buy" 
2007-02-01T15:00:00Z,GISX,19.52,45,Market On Close,Filled,878.4,"buy" 
2007-02-01T15:00:00Z,NVEC,23.03,38,Market On Close,Filled,875.14,"buy" 
2007-03-01T15:00:00Z,LG,31.26,-25,Market On Close,Filled,-781.5,"band" 
2007-03-01T15:00:00Z,PCLN,53.16,-22,Market On Close,Filled,-1169.52,"band" 
2007-03-01T15:00:00Z,PCU,69.75,-4,Market On Close,Filled,-279,"adjust" 
2007-03-01T15:00:00Z,PETS,12.38,-77,Market On Close,Filled,-953.26,"band" 
2007-03-01T15:00:00Z,WIRE,25.15,-32,Market On Close,Filled,-804.8,"band" 
2007-03-01T15:00:00Z,AMED,31.72,28,Market On Close,Filled,888.16,"buy" 
2007-03-01T15:00:00Z,BIO,71.14,12,Market On Close,Filled,853.68,"buy" 
2007-03-01T15:00:00Z,ICUI,38.76,6,Market On Close,Filled,232.56,"adjust" 
2007-03-01T15:00:00Z,LAWS,37.86,23,Market On Close,Filled,870.78,"buy" 
2007-03-01T15:00:00Z,MGPI,19.17,45,Market On Close,Filled,862.65,"buy" 
2007-03-01T15:00:00Z,UAUA,39.98,22,Market On Close,Filled,879.56,"buy" 
2007-04-02T14:00:00Z,DECK,70,-4,Market On Close,Filled,-280,"adjust" 
2007-04-02T14:00:00Z,GPI,39.82,-17,Market On Close,Filled,-676.94,"band" 
2007-04-02T14:00:00Z,IIIN,16.71,-48,Market On Close,Filled,-802.08,"band" 
2007-04-02T14:00:00Z,LAWS,36.84,-23,Market On Close,Filled,-847.32,"band" 
2007-04-02T14:00:00Z,MTEX,15.35,-55,Market On Close,Filled,-844.25,"band" 
2007-04-02T14:00:00Z,TTMI,9.44,-77,Market On Close,Filled,-726.88,"band" 
2007-04-02T14:00:00Z,BWS,43.26,21,Market On Close,Filled,908.46,"buy" 
2007-04-02T14:00:00Z,EGY,5.08,48,Market On Close,Filled,243.84,"adjust" 
2007-04-02T14:00:00Z,KBALB,19.31,13,Market On Close,Filled,251.03,"adjust" 
2007-04-02T14:00:00Z,PCCC,13.82,64,Market On Close,Filled,884.48,"buy" 
2007-04-02T14:00:00Z,PTSI,20.77,12,Market On Close,Filled,249.24,"adjust" 
2007-04-02T14:00:00Z,SHOO,29.49,7,Market On Close,Filled,206.43,"adjust" 
2007-04-02T14:00:00Z,USNA,47.44,19,Market On Close,Filled,901.36,"buy" 
2007-04-02T14:00:00Z,X,100.94,9,Market On Close,Filled,908.46,"buy" 
2007-05-01T14:00:00Z,AMED,33.86,-28,Market On Close,Filled,-948.08,"expired" 
2007-05-01T14:00:00Z,AP,36.08,-29,Market On Close,Filled,-1046.32,"band" 
2007-05-01T14:00:00Z,CMC,32.94,-6,Market On Close,Filled,-197.64,"adjust" 
2007-05-01T14:00:00Z,CMI,92,-14,Market On Close,Filled,-1288,"expired" 
2007-05-01T14:00:00Z,GCI,58.16,-14,Market On Close,Filled,-814.24,"expired" 
2007-05-01T14:00:00Z,GISX,28.92,-13,Market On Close,Filled,-375.96,"adjust" 
2007-05-01T14:00:00Z,HOC,63.14,-4,Market On Close,Filled,-252.56,"adjust" 
2007-05-01T14:00:00Z,HUBG,36.06,-8,Market On Close,Filled,-288.48,"adjust" 
2007-05-01T14:00:00Z,LMS,26.8,-34,Market On Close,Filled,-911.2,"expired" 
2007-05-01T14:00:00Z,MGPI,19.59,-45,Market On Close,Filled,-881.55,"band" 
2007-05-01T14:00:00Z,PTSI,18.91,-44,Market On Close,Filled,-832.04,"band" 
2007-05-01T14:00:00Z,STLD,44.21,-22,Market On Close,Filled,-972.62,"expired" 
2007-05-01T14:00:00Z,VLO,71.17,-3,Market On Close,Filled,-213.51,"adjust" 
2007-05-01T14:00:00Z,ALB,42.51,22,Market On Close,Filled,935.22,"buy" 
2007-05-01T14:00:00Z,EBF,22.94,38,Market On Close,Filled,871.72,"buy" 
2007-05-01T14:00:00Z,KELYA,28.93,32,Market On Close,Filled,925.76,"buy" 
2007-05-01T14:00:00Z,LDL,13.9,64,Market On Close,Filled,889.6,"buy" 
2007-05-01T14:00:00Z,LNDC,12.54,74,Market On Close,Filled,927.96,"buy" 
2007-05-01T14:00:00Z,MOV,32.64,28,Market On Close,Filled,913.92,"buy" 
2007-05-01T14:00:00Z,SYK,65.18,14,Market On Close,Filled,912.52,"buy" 
2007-05-01T14:00:00Z,UAUA,33.2,6,Market On Close,Filled,199.2,"adjust" 
2007-05-01T14:00:00Z,USMO,21.28,44,Market On Close,Filled,936.32,"buy" 
2007-05-12T04:00:00Z,GISX,29.02,-32,Market,Filled,-928.64,"Liquidate from delisting" 
2007-06-01T14:00:00Z,AEOS,27.19,-26,Market On Close,Filled,-706.94,"expired" 
2007-06-01T14:00:00Z,B,30.1,-9,Market On Close,Filled,-270.9,"adjust" 
2007-06-01T14:00:00Z,BWS,29.9,-31,Market On Close,Filled,-926.9,"expired" 
2007-06-01T14:00:00Z,EGY,4.86,-178,Market On Close,Filled,-865.08,"universe" 
2007-06-01T14:00:00Z,MOH,32.4,-26,Market On Close,Filled,-842.4,"band" 
2007-06-01T14:00:00Z,MRO,126.74,-2,Market On Close,Filled,-253.48,"adjust" 
2007-06-01T14:00:00Z,NVEC,34.14,-9,Market On Close,Filled,-307.26,"adjust" 
2007-06-01T14:00:00Z,BRKS,17.7,55,Market On Close,Filled,973.5,"buy" 
2007-06-01T14:00:00Z,BW,54.4,18,Market On Close,Filled,979.2,"buy" 
2007-06-01T14:00:00Z,CMI,94.1,10,Market On Close,Filled,941,"buy" 
2007-06-01T14:00:00Z,IVAC,19.2,19,Market On Close,Filled,364.8,"adjust" 
2007-06-01T14:00:00Z,KBALB,13.91,25,Market On Close,Filled,347.75,"adjust" 
2007-06-01T14:00:00Z,PCCC,11.89,21,Market On Close,Filled,249.69,"adjust" 
2007-06-01T14:00:00Z,QDEL,14.57,67,Market On Close,Filled,976.19,"buy" 
2007-06-01T14:00:00Z,USNA,37.18,6,Market On Close,Filled,223.08,"adjust" 
2007-06-01T14:00:00Z,ZMH,88.04,11,Market On Close,Filled,968.44,"buy" 
2007-07-02T14:00:00Z,DECK,100.96,-3,Market On Close,Filled,-302.88,"adjust" 
2007-07-02T14:00:00Z,EBF,23.98,-38,Market On Close,Filled,-911.24,"expired" 
2007-07-02T14:00:00Z,ICUI,43.25,-23,Market On Close,Filled,-994.75,"band" 
2007-07-02T14:00:00Z,KBALB,14.01,-72,Market On Close,Filled,-1008.72,"band" 
2007-07-02T14:00:00Z,MGLN,46.32,-20,Market On Close,Filled,-926.4,"band" 
2007-07-02T14:00:00Z,MSTR,94.59,-8,Market On Close,Filled,-756.72,"band" 
2007-07-02T14:00:00Z,OGE,37,-21,Market On Close,Filled,-777,"band" 
2007-07-02T14:00:00Z,QDEL,17.92,-12,Market On Close,Filled,-215.04,"adjust" 
2007-07-02T14:00:00Z,USMO,26.46,-8,Market On Close,Filled,-211.68,"adjust" 
2007-07-02T14:00:00Z,AMED,36.86,27,Market On Close,Filled,995.22,"buy" 
2007-07-02T14:00:00Z,AMWD,34.55,6,Market On Close,Filled,207.3,"adjust" 
2007-07-02T14:00:00Z,BW,42.86,5,Market On Close,Filled,214.3,"adjust" 
2007-07-02T14:00:00Z,GIII,16.68,62,Market On Close,Filled,1034.16,"buy" 
2007-07-02T14:00:00Z,HHGP,21.56,45,Market On Close,Filled,970.2,"buy" 
2007-07-02T14:00:00Z,NHC,53.65,4,Market On Close,Filled,214.6,"adjust" 
2007-07-02T14:00:00Z,NVR,671.72,1,Market On Close,Filled,671.72,"buy" 
2007-07-02T14:00:00Z,ODP,30.78,8,Market On Close,Filled,246.24,"adjust" 
2007-07-02T14:00:00Z,RS,57.46,17,Market On Close,Filled,976.82,"buy" 
2007-07-02T14:00:00Z,TSRA,41.98,24,Market On Close,Filled,1007.52,"buy" 
2007-08-01T14:00:00Z,CMI,120.05,-3,Market On Close,Filled,-360.15,"adjust" 
2007-08-01T14:00:00Z,FIZ,9.79,-74,Market On Close,Filled,-724.46,"band" 
2007-08-01T14:00:00Z,PCCC,13,-17,Market On Close,Filled,-221,"adjust" 
2007-08-01T14:00:00Z,PCU,108.25,-4,Market On Close,Filled,-433,"adjust" 
2007-08-01T14:00:00Z,SAM,41.03,-5,Market On Close,Filled,-205.15,"adjust" 
2007-08-01T14:00:00Z,UAUA,44.44,-8,Market On Close,Filled,-355.52,"adjust" 
2007-08-01T14:00:00Z,JAKK,24.16,39,Market On Close,Filled,942.24,"buy" 
2007-09-04T14:00:00Z,ABFS,36.4,-23,Market On Close,Filled,-837.2,"band" 
2007-09-04T14:00:00Z,BIO,85.57,-12,Market On Close,Filled,-1026.84,"band" 
2007-09-04T14:00:00Z,DLTR,43.24,-5,Market On Close,Filled,-216.2,"adjust" 
2007-09-04T14:00:00Z,KELYA,22.75,-32,Market On Close,Filled,-728,"band" 
2007-09-04T14:00:00Z,NVEC,34.8,-29,Market On Close,Filled,-1009.2,"band" 
2007-09-04T14:00:00Z,SYKE,16.17,-48,Market On Close,Filled,-776.16,"band" 
2007-09-04T14:00:00Z,USNA,39.98,-25,Market On Close,Filled,-999.5,"band" 
2007-09-04T14:00:00Z,WEYS,29.6,-11,Market On Close,Filled,-325.6,"adjust" 
2007-09-04T14:00:00Z,APU,35.45,26,Market On Close,Filled,921.7,"buy" 
2007-09-04T14:00:00Z,CALM,20.23,46,Market On Close,Filled,930.58,"buy" 
2007-09-04T14:00:00Z,HHGP,13.91,21,Market On Close,Filled,292.11,"adjust" 
2007-09-04T14:00:00Z,LRW,20.54,44,Market On Close,Filled,903.76,"buy" 
2007-09-04T14:00:00Z,LDL,10.09,24,Market On Close,Filled,242.16,"adjust" 
2007-09-04T14:00:00Z,MLR,17.72,50,Market On Close,Filled,886,"buy" 
2007-09-04T14:00:00Z,RSC,19.2,49,Market On Close,Filled,940.8,"buy" 
2007-09-04T14:00:00Z,SCHN,59.45,15,Market On Close,Filled,891.75,"buy" 
2007-09-04T14:00:00Z,SCVL,17.7,20,Market On Close,Filled,354,"adjust" 
2007-09-04T14:00:00Z,TESS,15.52,20,Market On Close,Filled,310.4,"adjust" 
2007-09-04T14:00:00Z,TFX,78.15,11,Market On Close,Filled,859.65,"buy" 
2007-09-04T14:00:00Z,USMO,18.64,14,Market On Close,Filled,260.96,"adjust" 
2007-10-01T14:00:00Z,AMWD,26.19,-28,Market On Close,Filled,-733.32,"band" 
2007-10-01T14:00:00Z,BW,52.75,-5,Market On Close,Filled,-263.75,"adjust" 
2007-10-01T14:00:00Z,CALM,24.74,-9,Market On Close,Filled,-222.66,"adjust" 
2007-10-01T14:00:00Z,GIII,20.47,-14,Market On Close,Filled,-286.58,"adjust" 
2007-10-01T14:00:00Z,LNDC,16,-74,Market On Close,Filled,-1184,"expired" 
2007-10-01T14:00:00Z,MTLM,53.94,-4,Market On Close,Filled,-215.76,"adjust" 
2007-10-01T14:00:00Z,COP,87.3,-3,Market On Close,Filled,-261.9,"adjust" 
2007-10-01T14:00:00Z,SCHN,75.84,-3,Market On Close,Filled,-227.52,"adjust" 
2007-10-01T14:00:00Z,SCVL,15.79,-53,Market On Close,Filled,-836.87,"band" 
2007-10-01T14:00:00Z,TESS,15.55,-60,Market On Close,Filled,-933,"band" 
2007-10-01T14:00:00Z,ABM,20.43,13,Market On Close,Filled,265.59,"adjust" 
2007-10-01T14:00:00Z,AEIS,17.03,16,Market On Close,Filled,272.48,"adjust" 
2007-10-01T14:00:00Z,DLX,38.25,25,Market On Close,Filled,956.25,"buy" 
2007-10-01T14:00:00Z,NVR,481.8,1,Market On Close,Filled,481.8,"adjust" 
2007-10-01T14:00:00Z,ODP,20.92,13,Market On Close,Filled,271.96,"adjust" 
2007-10-01T14:00:00Z,PETS,14.45,67,Market On Close,Filled,968.15,"buy" 
2007-10-01T14:00:00Z,SHOO,19.13,18,Market On Close,Filled,344.34,"adjust" 
2007-10-01T14:00:00Z,VLGEA,52.12,18,Market On Close,Filled,938.16,"buy" 
2007-11-01T14:00:00Z,AMED,42.45,-5,Market On Close,Filled,-212.25,"adjust" 
2007-11-01T14:00:00Z,AIT,33.34,-8,Market On Close,Filled,-266.72,"adjust" 
2007-11-01T14:00:00Z,B,35.27,-7,Market On Close,Filled,-246.89,"adjust" 
2007-11-01T14:00:00Z,DECK,132.75,-3,Market On Close,Filled,-398.25,"adjust" 
2007-11-01T14:00:00Z,EXPO,29.52,-13,Market On Close,Filled,-383.76,"adjust" 
2007-11-01T14:00:00Z,LRCX,48.84,-17,Market On Close,Filled,-830.28,"expired" 
2007-11-01T14:00:00Z,PCU,133.96,-2,Market On Close,Filled,-267.92,"adjust" 
2007-11-01T14:00:00Z,SAM,49.56,-4,Market On Close,Filled,-198.24,"adjust" 
2007-11-01T14:00:00Z,BRKS,12.69,19,Market On Close,Filled,241.11,"adjust" 
2007-11-01T14:00:00Z,HHGP,10.52,18,Market On Close,Filled,189.36,"adjust" 
2007-11-01T14:00:00Z,HUBG,24.24,12,Market On Close,Filled,290.88,"adjust" 
2007-11-01T14:00:00Z,MLR,14.29,16,Market On Close,Filled,228.64,"adjust" 
2007-11-01T14:00:00Z,OIS,42.6,22,Market On Close,Filled,937.2,"buy" 
2007-11-01T14:00:00Z,RGR,8.62,103,Market On Close,Filled,887.86,"buy" 
2007-12-03T15:00:00Z,HUBG,25.95,-38,Market On Close,Filled,-986.1,"band" 
2007-12-03T15:00:00Z,NHC,49.13,-19,Market On Close,Filled,-933.47,"band" 
2007-12-03T15:00:00Z,NVR,486.09,-1,Market On Close,Filled,-486.09,"adjust" 
2007-12-03T15:00:00Z,OXY,70.59,-4,Market On Close,Filled,-282.36,"adjust" 
2007-12-03T15:00:00Z,RGR,8.77,-103,Market On Close,Filled,-903.31,"band" 
2007-12-03T15:00:00Z,SHOO,22.75,-11,Market On Close,Filled,-250.25,"adjust" 
2007-12-03T15:00:00Z,TSRA,38.9,-24,Market On Close,Filled,-933.6,"band" 
2007-12-03T15:00:00Z,DLTR,29.42,9,Market On Close,Filled,264.78,"adjust" 
2007-12-03T15:00:00Z,HOFT,17.06,52,Market On Close,Filled,887.12,"buy" 
2007-12-03T15:00:00Z,IMMR,13.27,67,Market On Close,Filled,889.09,"buy" 
2007-12-03T15:00:00Z,LRW,15.06,15,Market On Close,Filled,225.9,"adjust" 
2007-12-03T15:00:00Z,LNDC,12.66,67,Market On Close,Filled,848.22,"buy" 
2007-12-03T15:00:00Z,NVTL,15.32,56,Market On Close,Filled,857.92,"buy" 
2007-12-03T15:00:00Z,SAM,33.12,8,Market On Close,Filled,264.96,"adjust" 
2007-12-03T15:00:00Z,USMO,13.13,17,Market On Close,Filled,223.21,"adjust" 
2008-01-02T15:00:00Z,ABM,20.16,-47,Market On Close,Filled,-947.52,"band" 
2008-01-02T15:00:00Z,CVX,93.5,-3,Market On Close,Filled,-280.5,"adjust" 
2008-01-02T15:00:00Z,GIII,13.59,-48,Market On Close,Filled,-652.32,"band" 
2008-01-02T15:00:00Z,HOC,50.71,-14,Market On Close,Filled,-709.94,"band" 
2008-01-02T15:00:00Z,LDL,10.26,-88,Market On Close,Filled,-902.88,"band" 
2008-01-02T15:00:00Z,OIS,34.34,-22,Market On Close,Filled,-755.48,"band" 
2008-01-02T15:00:00Z,PCCC,11.28,-68,Market On Close,Filled,-767.04,"band" 
2008-01-02T15:00:00Z,SAM,36.04,-26,Market On Close,Filled,-937.04,"band" 
2008-01-02T15:00:00Z,SYK,73.73,-3,Market On Close,Filled,-221.19,"adjust" 
2008-01-02T15:00:00Z,TFX,63.05,-11,Market On Close,Filled,-693.55,"band" 
2008-01-02T15:00:00Z,X,113.64,-2,Market On Close,Filled,-227.28,"adjust" 
2008-01-02T15:00:00Z,BW,37.56,6,Market On Close,Filled,225.36,"adjust" 
2008-01-02T15:00:00Z,FCX,103.37,8,Market On Close,Filled,826.96,"buy" 
2008-01-02T15:00:00Z,FLO,22.9,38,Market On Close,Filled,870.2,"buy" 
2008-01-02T15:00:00Z,VIVO,29.81,29,Market On Close,Filled,864.49,"buy" 
2008-01-02T15:00:00Z,NEOG,26.93,33,Market On Close,Filled,888.69,"buy" 
2008-01-02T15:00:00Z,ODP,13.51,19,Market On Close,Filled,256.69,"adjust" 
2008-01-02T15:00:00Z,PCU,106.5,2,Market On Close,Filled,213,"adjust" 
2008-01-02T15:00:00Z,SNHY,24.26,35,Market On Close,Filled,849.1,"buy" 
2008-01-02T15:00:00Z,UEIC,34.2,26,Market On Close,Filled,889.2,"buy" 
2008-01-02T15:00:00Z,LNT,40.31,21,Market On Close,Filled,846.51,"buy" 
2008-01-02T15:00:00Z,ZEUS,32.2,28,Market On Close,Filled,901.6,"buy" 
2008-02-01T15:00:00Z,BKE,42.14,-6,Market On Close,Filled,-252.84,"adjust" 
2008-02-01T15:00:00Z,CALM,31.31,-9,Market On Close,Filled,-281.79,"adjust" 
2008-02-01T15:00:00Z,DLTR,27.79,-30,Market On Close,Filled,-833.7,"band" 
2008-02-01T15:00:00Z,HOFT,21.9,-15,Market On Close,Filled,-328.5,"adjust" 
2008-02-01T15:00:00Z,ZMH,79.09,-11,Market On Close,Filled,-869.99,"band" 
2008-02-01T15:00:00Z,DLX,24.54,9,Market On Close,Filled,220.86,"adjust" 
2008-02-01T15:00:00Z,HHGP,7.21,38,Market On Close,Filled,273.98,"adjust" 
2008-02-01T15:00:00Z,IVAC,11.44,25,Market On Close,Filled,286,"adjust" 
2008-02-01T15:00:00Z,LNDC,9.49,22,Market On Close,Filled,208.78,"adjust" 
2008-02-01T15:00:00Z,METHA,12.91,68,Market On Close,Filled,877.88,"buy" 
2008-02-01T15:00:00Z,TWIN,16.67,55,Market On Close,Filled,916.85,"buy" 
2008-02-01T15:00:00Z,UEIC,23.4,9,Market On Close,Filled,210.6,"adjust" 
2008-03-03T15:00:00Z,BW,26.82,-24,Market On Close,Filled,-643.68,"band" 
2008-03-03T15:00:00Z,DLX,19.97,-34,Market On Close,Filled,-678.98,"band" 
2008-03-03T15:00:00Z,JAKK,28.4,-10,Market On Close,Filled,-284,"adjust" 
2008-03-03T15:00:00Z,LNDC,9.53,-89,Market On Close,Filled,-848.17,"band" 
2008-03-03T15:00:00Z,MTLM,58.85,-4,Market On Close,Filled,-235.4,"adjust" 
2008-03-03T15:00:00Z,NUE,66.14,-4,Market On Close,Filled,-264.56,"adjust" 
2008-03-03T15:00:00Z,ODP,11.08,-64,Market On Close,Filled,-709.12,"band" 
2008-03-03T15:00:00Z,TWIN,20.11,-55,Market On Close,Filled,-1106.05,"band" 
2008-03-03T15:00:00Z,X,108,-7,Market On Close,Filled,-756,"band" 
2008-03-03T15:00:00Z,ZEUS,42.85,-8,Market On Close,Filled,-342.8,"adjust" 
2008-03-03T15:00:00Z,B,22.25,10,Market On Close,Filled,222.5,"adjust" 
2008-03-03T15:00:00Z,CUB,27.19,32,Market On Close,Filled,870.08,"buy" 
2008-03-03T15:00:00Z,IMMR,8.61,32,Market On Close,Filled,275.52,"adjust" 
2008-03-03T15:00:00Z,KAMN,23.57,34,Market On Close,Filled,801.38,"buy" 
2008-03-03T15:00:00Z,LG,34.46,24,Market On Close,Filled,827.04,"buy" 
2008-03-03T15:00:00Z,MOV,19.72,15,Market On Close,Filled,295.8,"adjust" 
2008-03-03T15:00:00Z,NVTL,10.64,23,Market On Close,Filled,244.72,"adjust" 
2008-03-03T15:00:00Z,KFRC,8.31,25,Market On Close,Filled,207.75,"adjust" 
2008-03-03T15:00:00Z,SCHL,34.79,23,Market On Close,Filled,800.17,"buy" 
2008-03-03T15:00:00Z,SHEN,14.55,56,Market On Close,Filled,814.8,"buy" 
2008-03-03T15:00:00Z,UAUA,29.34,7,Market On Close,Filled,205.38,"adjust" 
2008-03-03T15:00:00Z,WDC,31.25,27,Market On Close,Filled,843.75,"buy" 
2008-03-15T04:00:00Z,MTLM,55.27,-13,Market,Filled,-718.51,"Liquidate from delisting" 
2008-04-01T14:00:00Z,AEIS,13.68,-62,Market On Close,Filled,-848.16,"band" 
2008-04-01T14:00:00Z,ALB,37,-22,Market On Close,Filled,-814,"band" 
2008-04-01T14:00:00Z,HHGP,8.96,-122,Market On Close,Filled,-1093.12,"band" 
2008-04-01T14:00:00Z,IVAC,13.94,-76,Market On Close,Filled,-1059.44,"band" 
2008-04-01T14:00:00Z,RS,60.29,-4,Market On Close,Filled,-241.16,"adjust" 
2008-04-01T14:00:00Z,SNHY,30.25,-7,Market On Close,Filled,-211.75,"adjust" 
2008-04-01T14:00:00Z,USMO,7.45,-67,Market On Close,Filled,-499.15,"band" 
2008-04-01T14:00:00Z,VLO,51.87,-13,Market On Close,Filled,-674.31,"band" 
2008-04-01T14:00:00Z,ANF,76.69,11,Market On Close,Filled,843.59,"buy" 
2008-04-01T14:00:00Z,ANK,34.5,24,Market On Close,Filled,828,"buy" 
2008-04-01T14:00:00Z,AZZ,37.81,23,Market On Close,Filled,869.63,"buy" 
2008-04-01T14:00:00Z,FOSL,32.2,27,Market On Close,Filled,869.4,"buy" 
2008-04-01T14:00:00Z,FSTR,44.97,19,Market On Close,Filled,854.43,"buy" 
2008-04-01T14:00:00Z,LECO,66.78,12,Market On Close,Filled,801.36,"buy" 
2008-04-01T14:00:00Z,LXU,15.08,56,Market On Close,Filled,844.48,"buy" 
2008-04-01T14:00:00Z,UAUA,23.13,11,Market On Close,Filled,254.43,"adjust" 
2008-05-01T14:00:00Z,AMED,52.34,-22,Market On Close,Filled,-1151.48,"expired" 
2008-05-01T14:00:00Z,CMI,65.75,-14,Market On Close,Filled,-920.5,"band" 
2008-05-01T14:00:00Z,EXPO,34.07,-6,Market On Close,Filled,-204.42,"adjust" 
2008-05-01T14:00:00Z,IMMR,11.06,-99,Market On Close,Filled,-1094.94,"band" 
2008-05-01T14:00:00Z,KAMN,27.67,-34,Market On Close,Filled,-940.78,"expired" 
2008-05-01T14:00:00Z,LRW,12.67,-59,Market On Close,Filled,-747.53,"expired" 
2008-05-01T14:00:00Z,MDU,28.98,-8,Market On Close,Filled,-231.84,"adjust" 
2008-05-01T14:00:00Z,MLR,11,-66,Market On Close,Filled,-726,"band" 
2008-05-01T14:00:00Z,OXY,81.02,-12,Market On Close,Filled,-972.24,"expired" 
2008-05-01T14:00:00Z,COP,86.59,-10,Market On Close,Filled,-865.9,"expired" 
2008-05-01T14:00:00Z,PCU,110,-8,Market On Close,Filled,-880,"expired" 
2008-05-01T14:00:00Z,KFRC,8.44,-97,Market On Close,Filled,-818.68,"expired" 
2008-05-01T14:00:00Z,SCHN,86.4,-3,Market On Close,Filled,-259.2,"adjust" 
2008-05-01T14:00:00Z,UAUA,16.1,-38,Market On Close,Filled,-611.8,"expired" 
2008-05-01T14:00:00Z,ZEUS,50.39,-4,Market On Close,Filled,-201.56,"adjust" 
2008-05-01T14:00:00Z,AAON,19.08,47,Market On Close,Filled,896.76,"buy" 
2008-05-01T14:00:00Z,AZZ,27.56,9,Market On Close,Filled,248.04,"adjust" 
2008-05-01T14:00:00Z,DGII,8.11,103,Market On Close,Filled,835.33,"buy" 
2008-05-01T14:00:00Z,NEU,63.59,13,Market On Close,Filled,826.67,"buy" 
2008-05-01T14:00:00Z,FLXS,11.15,76,Market On Close,Filled,847.4,"buy" 
2008-05-01T14:00:00Z,FSTR,33.39,7,Market On Close,Filled,233.73,"adjust" 
2008-05-01T14:00:00Z,GHM,58.23,14,Market On Close,Filled,815.22,"buy" 
2008-05-01T14:00:00Z,LYTS,10.98,78,Market On Close,Filled,856.44,"buy" 
2008-05-01T14:00:00Z,MMSI,14.86,58,Market On Close,Filled,861.88,"buy" 
2008-05-01T14:00:00Z,NFLX,31,26,Market On Close,Filled,806,"buy" 
2008-05-01T14:00:00Z,PTEN,27.94,30,Market On Close,Filled,838.2,"buy" 
2008-05-01T14:00:00Z,SAM,45.74,19,Market On Close,Filled,869.06,"buy" 
2008-05-01T14:00:00Z,TNC,35.3,25,Market On Close,Filled,882.5,"buy" 
2008-06-02T14:00:00Z,B,30.9,-8,Market On Close,Filled,-247.2,"adjust" 
2008-06-02T14:00:00Z,BRKS,9.89,-74,Market On Close,Filled,-731.86,"band" 
2008-06-02T14:00:00Z,FLO,27.91,-38,Market On Close,Filled,-1060.58,"expired" 
2008-06-02T14:00:00Z,LXU,17.5,-56,Market On Close,Filled,-980,"band" 
2008-06-02T14:00:00Z,MRO,51.66,-14,Market On Close,Filled,-723.24,"band" 
2008-06-02T14:00:00Z,NVTL,10.19,-79,Market On Close,Filled,-805.01,"expired" 
2008-06-02T14:00:00Z,SNHY,41.04,-6,Market On Close,Filled,-246.24,"adjust" 
2008-06-02T14:00:00Z,UEIC,24.91,-35,Market On Close,Filled,-871.85,"band" 
2008-06-02T14:00:00Z,AMED,50.3,17,Market On Close,Filled,855.1,"buy" 
2008-06-02T14:00:00Z,APA,135.81,6,Market On Close,Filled,814.86,"buy" 
2008-06-02T14:00:00Z,CF,139.39,6,Market On Close,Filled,836.34,"buy" 
2008-06-02T14:00:00Z,DCO,30.54,28,Market On Close,Filled,855.12,"buy" 
2008-06-02T14:00:00Z,JAKK,22.79,9,Market On Close,Filled,205.11,"adjust" 
2008-06-02T14:00:00Z,OXY,92.58,9,Market On Close,Filled,833.22,"buy" 
2008-06-02T14:00:00Z,USPH,16.89,53,Market On Close,Filled,895.17,"buy" 
2008-07-01T14:00:00Z,AZZ,44.06,-11,Market On Close,Filled,-484.66,"adjust" 
2008-07-01T14:00:00Z,CMC,36.95,-6,Market On Close,Filled,-221.7,"adjust" 
2008-07-01T14:00:00Z,CUB,22.01,-32,Market On Close,Filled,-704.32,"band" 
2008-07-01T14:00:00Z,GHM,76.63,-3,Market On Close,Filled,-229.89,"adjust" 
2008-07-01T14:00:00Z,PTEN,36.02,-6,Market On Close,Filled,-216.12,"adjust" 
2008-07-01T14:00:00Z,RSC,11.14,-49,Market On Close,Filled,-545.86,"band" 
2008-07-01T14:00:00Z,SCHN,114.56,-2,Market On Close,Filled,-229.12,"adjust" 
2008-07-01T14:00:00Z,ZEUS,70.47,-5,Market On Close,Filled,-352.35,"adjust" 
2008-07-01T14:00:00Z,B,23.6,9,Market On Close,Filled,212.4,"adjust" 
2008-07-01T14:00:00Z,DCO,23.21,9,Market On Close,Filled,208.89,"adjust" 
2008-07-01T14:00:00Z,GIII,12.17,70,Market On Close,Filled,851.9,"buy" 
2008-07-01T14:00:00Z,HOFT,17.36,13,Market On Close,Filled,225.68,"adjust" 
2008-07-01T14:00:00Z,LYTS,7.81,28,Market On Close,Filled,218.68,"adjust" 
2008-07-01T14:00:00Z,SCHL,28.83,7,Market On Close,Filled,201.81,"adjust" 
2008-07-01T14:00:00Z,UACL,22.31,39,Market On Close,Filled,870.09,"buy" 
2008-08-01T14:00:00Z,AMED,62.89,-4,Market On Close,Filled,-251.56,"adjust" 
2008-08-01T14:00:00Z,AZZ,46.14,-21,Market On Close,Filled,-968.94,"expired" 
2008-08-01T14:00:00Z,DGII,10.38,-103,Market On Close,Filled,-1069.14,"band" 
2008-08-01T14:00:00Z,GHM,101.97,-11,Market On Close,Filled,-1121.67,"expired" 
2008-08-01T14:00:00Z,GIII,15.53,-15,Market On Close,Filled,-232.95,"adjust" 
2008-08-01T14:00:00Z,MMSI,19.83,-15,Market On Close,Filled,-297.45,"adjust" 
2008-08-01T14:00:00Z,QDEL,20.2,-12,Market On Close,Filled,-242.4,"adjust" 
2008-08-01T14:00:00Z,SHEN,14.99,-56,Market On Close,Filled,-839.44,"band" 
2008-08-01T14:00:00Z,ABFS,35.78,23,Market On Close,Filled,822.94,"buy" 
2008-08-01T14:00:00Z,ANF,55.21,5,Market On Close,Filled,276.05,"adjust" 
2008-08-01T14:00:00Z,CMC,28.52,7,Market On Close,Filled,199.64,"adjust" 
2008-08-01T14:00:00Z,NPK,73.05,12,Market On Close,Filled,876.6,"buy" 
2008-08-01T14:00:00Z,SKX,18.96,46,Market On Close,Filled,872.16,"buy" 
2008-08-01T14:00:00Z,TNC,26.37,8,Market On Close,Filled,210.96,"adjust" 
2008-08-01T14:00:00Z,UGI,26.27,32,Market On Close,Filled,840.64,"buy" 
2008-08-01T14:00:00Z,ZEUS,51.62,6,Market On Close,Filled,309.72,"adjust" 
2008-09-02T14:00:00Z,CALM,38.55,-6,Market On Close,Filled,-231.3,"adjust" 
2008-09-02T14:00:00Z,SAM,44.83,-19,Market On Close,Filled,-851.77,"band" 
2008-09-02T14:00:00Z,SCHL,27.02,-30,Market On Close,Filled,-810.6,"band" 
2008-09-02T14:00:00Z,TNC,31.28,-33,Market On Close,Filled,-1032.24,"band" 
2008-09-02T14:00:00Z,DAR,13.2,65,Market On Close,Filled,858,"buy" 
2008-09-02T14:00:00Z,LHCG,29.7,30,Market On Close,Filled,891,"buy" 
2008-09-02T14:00:00Z,NUE,49.07,5,Market On Close,Filled,245.35,"adjust" 
2008-09-02T14:00:00Z,SCHN,64.15,6,Market On Close,Filled,384.9,"adjust" 
2008-09-02T14:00:00Z,WTI,33.31,25,Market On Close,Filled,832.75,"buy" 
2008-10-01T14:00:00Z,BKE,51.95,-6,Market On Close,Filled,-311.7,"adjust" 
2008-10-01T14:00:00Z,CALM,27.42,-22,Market On Close,Filled,-603.24,"expired" 
2008-10-01T14:00:00Z,CMC,16.28,-29,Market On Close,Filled,-472.12,"band" 
2008-10-01T14:00:00Z,DCO,22.9,-37,Market On Close,Filled,-847.3,"band" 
2008-10-01T14:00:00Z,FCX,52.97,-8,Market On Close,Filled,-423.76,"band" 
2008-10-01T14:00:00Z,GIII,17.34,-55,Market On Close,Filled,-953.7,"band" 
2008-10-01T14:00:00Z,VIVO,29.55,-29,Market On Close,Filled,-856.95,"band" 
2008-10-01T14:00:00Z,LG,50.68,-8,Market On Close,Filled,-405.44,"adjust" 
2008-10-01T14:00:00Z,LYTS,7.87,-106,Market On Close,Filled,-834.22,"band" 
2008-10-01T14:00:00Z,PETS,15.22,-16,Market On Close,Filled,-243.52,"adjust" 
2008-10-01T14:00:00Z,WEYS,32.89,-7,Market On Close,Filled,-230.23,"adjust" 
2008-10-01T14:00:00Z,CRMT,18.56,43,Market On Close,Filled,798.08,"buy" 
2008-10-01T14:00:00Z,DMLP,22.82,35,Market On Close,Filled,798.7,"buy" 
2008-10-01T14:00:00Z,GHM,49.05,14,Market On Close,Filled,686.7,"buy" 
2008-10-01T14:00:00Z,HVT,11.75,70,Market On Close,Filled,822.5,"buy" 
2008-10-01T14:00:00Z,HP,42,18,Market On Close,Filled,756,"buy" 
2008-10-01T14:00:00Z,IIIN,13,59,Market On Close,Filled,767,"buy" 
2008-10-01T14:00:00Z,PTEN,18.82,16,Market On Close,Filled,301.12,"adjust" 
2008-10-01T14:00:00Z,RS,36.86,8,Market On Close,Filled,294.88,"adjust" 
2008-10-01T14:00:00Z,SCHN,37.63,7,Market On Close,Filled,263.41,"adjust" 
2008-10-01T14:00:00Z,SNHY,24.77,9,Market On Close,Filled,222.93,"adjust" 
2008-10-01T14:00:00Z,TTWO,15.93,49,Market On Close,Filled,780.57,"buy" 
2008-10-01T14:00:00Z,WDC,20.63,11,Market On Close,Filled,226.93,"adjust" 
2008-10-01T14:00:00Z,ZEUS,28.14,10,Market On Close,Filled,281.4,"adjust" 
2008-11-03T15:00:00Z,AIT,19.93,-27,Market On Close,Filled,-538.11,"expired" 
2008-11-03T15:00:00Z,DECK,80.65,-6,Market On Close,Filled,-483.9,"band" 
2008-11-03T15:00:00Z,FSTR,28.28,-26,Market On Close,Filled,-735.28,"band" 
2008-11-03T15:00:00Z,LHCG,33.95,-11,Market On Close,Filled,-373.45,"adjust" 
2008-11-03T15:00:00Z,NEOG,28.94,-10,Market On Close,Filled,-289.4,"adjust" 
2008-11-03T15:00:00Z,PETS,18.25,-13,Market On Close,Filled,-237.25,"adjust" 
2008-11-03T15:00:00Z,QDEL,15.83,-43,Market On Close,Filled,-680.69,"band" 
2008-11-03T15:00:00Z,SNHY,20.13,-31,Market On Close,Filled,-624.03,"band" 
2008-11-03T15:00:00Z,VLGEA,50.26,-5,Market On Close,Filled,-251.3,"adjust" 
2008-11-03T15:00:00Z,ANF,27,7,Market On Close,Filled,189,"adjust" 
2008-11-03T15:00:00Z,CALM,29.09,23,Market On Close,Filled,669.07,"buy" 
2008-11-03T15:00:00Z,CF,62.71,4,Market On Close,Filled,250.84,"adjust" 
2008-11-03T15:00:00Z,CPSI,28.62,24,Market On Close,Filled,686.88,"buy" 
2008-11-03T15:00:00Z,HOFT,9.8,25,Market On Close,Filled,245,"adjust" 
2008-11-03T15:00:00Z,K,52.29,13,Market On Close,Filled,679.77,"buy" 
2008-11-03T15:00:00Z,LRW,8.18,82,Market On Close,Filled,670.76,"buy" 
2008-11-03T15:00:00Z,SYKE,16.49,42,Market On Close,Filled,692.58,"buy" 
2008-12-01T15:00:00Z,AAON,17.3,-15,Market On Close,Filled,-259.5,"adjust" 
2008-12-01T15:00:00Z,NEU,29.22,-13,Market On Close,Filled,-379.86,"band" 
2008-12-01T15:00:00Z,FOSL,13.3,-27,Market On Close,Filled,-359.1,"band" 
2008-12-01T15:00:00Z,LG,48.06,-5,Market On Close,Filled,-240.3,"adjust" 
2008-12-01T15:00:00Z,WEYS,27.26,-6,Market On Close,Filled,-163.56,"adjust" 
2008-12-01T15:00:00Z,XOM,74.65,-4,Market On Close,Filled,-298.6,"adjust" 
2008-12-01T15:00:00Z,BKE,16.39,13,Market On Close,Filled,213.07,"adjust" 
2008-12-01T15:00:00Z,CRMT,8.29,23,Market On Close,Filled,190.67,"adjust" 
2008-12-01T15:00:00Z,DAR,3.66,59,Market On Close,Filled,215.94,"adjust" 
2008-12-01T15:00:00Z,EGY,6.8,98,Market On Close,Filled,666.4,"buy" 
2008-12-01T15:00:00Z,GCO,11.47,45,Market On Close,Filled,516.15,"buy" 
2008-12-01T15:00:00Z,GHM,8.37,40,Market On Close,Filled,334.8,"adjust" 
2008-12-01T15:00:00Z,WTI,12.24,19,Market On Close,Filled,232.56,"adjust" 
2009-01-02T15:00:00Z,ANF,24.42,-23,Market On Close,Filled,-561.66,"band" 
2009-01-02T15:00:00Z,CRMT,13.73,-19,Market On Close,Filled,-260.87,"adjust" 
2009-01-02T15:00:00Z,HOFT,7.67,-75,Market On Close,Filled,-575.25,"band" 
2009-01-02T15:00:00Z,NPK,78.31,-4,Market On Close,Filled,-313.24,"adjust" 
2009-01-02T15:00:00Z,SCHN,40.18,-20,Market On Close,Filled,-803.6,"expired" 
2009-01-02T15:00:00Z,SYK,41.35,-11,Market On Close,Filled,-454.85,"band" 
2009-01-02T15:00:00Z,CRK,48.27,13,Market On Close,Filled,627.51,"buy" 
2009-01-02T15:00:00Z,DLTR,42.05,15,Market On Close,Filled,630.75,"buy" 
2009-01-02T15:00:00Z,HP,25,11,Market On Close,Filled,275,"adjust" 
2009-01-02T15:00:00Z,HWKN,15.66,43,Market On Close,Filled,673.38,"buy" 
2009-01-02T15:00:00Z,MOV,9.68,27,Market On Close,Filled,261.36,"adjust" 
2009-01-02T15:00:00Z,KFRC,7.62,85,Market On Close,Filled,647.7,"buy" 
2009-01-02T15:00:00Z,RS,21.64,12,Market On Close,Filled,259.68,"adjust" 
2009-01-02T15:00:00Z,TTWO,7.95,38,Market On Close,Filled,302.1,"adjust" 
2009-01-02T15:00:00Z,WDC,12.32,19,Market On Close,Filled,234.08,"adjust" 
2009-02-02T15:00:00Z,APU,31.98,-7,Market On Close,Filled,-223.86,"adjust" 
2009-02-02T15:00:00Z,DAR,4.48,-124,Market On Close,Filled,-555.52,"universe" 
2009-02-02T15:00:00Z,FLXS,6.95,-76,Market On Close,Filled,-528.2,"band" 
2009-02-02T15:00:00Z,METHA,4.9,-68,Market On Close,Filled,-333.2,"universe" 
2009-02-02T15:00:00Z,MOV,7.66,-70,Market On Close,Filled,-536.2,"band" 
2009-02-02T15:00:00Z,NFLX,36.95,-10,Market On Close,Filled,-369.5,"adjust" 
2009-02-02T15:00:00Z,UGI,25.95,-9,Market On Close,Filled,-233.55,"adjust" 
2009-02-02T15:00:00Z,WDC,15.52,-57,Market On Close,Filled,-884.64,"band" 
2009-02-02T15:00:00Z,CTRN,9.51,63,Market On Close,Filled,599.13,"buy" 
2009-02-02T15:00:00Z,FIZ,9.41,69,Market On Close,Filled,649.29,"buy" 
2009-02-02T15:00:00Z,JJSF,35.44,17,Market On Close,Filled,602.48,"buy" 
2009-02-02T15:00:00Z,PCTI,6.2,93,Market On Close,Filled,576.6,"buy" 
2009-02-02T15:00:00Z,PTEN,9.25,23,Market On Close,Filled,212.75,"adjust" 
2009-02-02T15:00:00Z,STMP,8.45,74,Market On Close,Filled,625.3,"buy" 
2009-03-02T15:00:00Z,BKE,23.28,-10,Market On Close,Filled,-232.8,"adjust" 
2009-03-02T15:00:00Z,CF,58.99,-10,Market On Close,Filled,-589.9,"band" 
2009-03-02T15:00:00Z,CTRN,11.97,-19,Market On Close,Filled,-227.43,"adjust" 
2009-03-02T15:00:00Z,HP,20.72,-29,Market On Close,Filled,-600.88,"band" 
2009-03-02T15:00:00Z,RS,19.88,-11,Market On Close,Filled,-218.68,"adjust" 
2009-03-02T15:00:00Z,FSYS,19.25,27,Market On Close,Filled,519.75,"buy" 
2009-03-02T15:00:00Z,MTSC,21.55,23,Market On Close,Filled,495.65,"buy" 
2009-03-02T15:00:00Z,SKX,6.03,39,Market On Close,Filled,235.17,"adjust" 
2009-03-02T15:00:00Z,ZEUS,10.81,17,Market On Close,Filled,183.77,"adjust" 
2009-04-01T14:00:00Z,ABFS,19.17,-23,Market On Close,Filled,-440.91,"band" 
2009-04-01T14:00:00Z,APA,66.05,-6,Market On Close,Filled,-396.3,"band" 
2009-04-01T14:00:00Z,B,11,-37,Market On Close,Filled,-407,"band" 
2009-04-01T14:00:00Z,CPSI,32.97,-7,Market On Close,Filled,-230.79,"adjust" 
2009-04-01T14:00:00Z,CTRN,22.96,-18,Market On Close,Filled,-413.28,"adjust" 
2009-04-01T14:00:00Z,GCO,19.2,-14,Market On Close,Filled,-268.8,"adjust" 
2009-04-01T14:00:00Z,JAKK,12.65,-38,Market On Close,Filled,-480.7,"band" 
2009-04-01T14:00:00Z,LRW,8.37,-82,Market On Close,Filled,-686.34,"band" 
2009-04-01T14:00:00Z,NVR,430.02,-1,Market On Close,Filled,-430.02,"band" 
2009-04-01T14:00:00Z,PCTI,4.47,-93,Market On Close,Filled,-415.71,"universe" 
2009-04-01T14:00:00Z,SKX,6.91,-85,Market On Close,Filled,-587.35,"band" 
2009-04-01T14:00:00Z,VLGEA,31.74,-7,Market On Close,Filled,-222.18,"adjust" 
2009-04-01T14:00:00Z,WTI,6.24,-44,Market On Close,Filled,-274.56,"band" 
2009-04-01T14:00:00Z,AMED,27.4,8,Market On Close,Filled,219.2,"adjust" 
2009-04-01T14:00:00Z,CAI,36.06,16,Market On Close,Filled,576.96,"buy" 
2009-04-01T14:00:00Z,CMTL,25.14,24,Market On Close,Filled,603.36,"buy" 
2009-04-01T14:00:00Z,CNC,17.65,33,Market On Close,Filled,582.45,"buy" 
2009-04-01T14:00:00Z,CODI,9.21,66,Market On Close,Filled,607.86,"buy" 
2009-04-01T14:00:00Z,CRK,30.28,7,Market On Close,Filled,211.96,"adjust" 
2009-04-01T14:00:00Z,CSGS,14.36,41,Market On Close,Filled,588.76,"buy" 
2009-04-01T14:00:00Z,DGIT,18.77,31,Market On Close,Filled,581.87,"buy" 
2009-04-01T14:00:00Z,FSYS,14.44,17,Market On Close,Filled,245.48,"adjust" 
2009-04-01T14:00:00Z,MLAB,16.6,37,Market On Close,Filled,614.2,"buy" 
2009-04-01T14:00:00Z,SPH,37.1,16,Market On Close,Filled,593.6,"buy" 
2009-04-01T14:00:00Z,WSO,34.55,17,Market On Close,Filled,587.35,"buy" 
2009-05-01T14:00:00Z,BKE,36.61,-6,Market On Close,Filled,-219.66,"adjust" 
2009-05-01T14:00:00Z,EGY,4.7,-98,Market On Close,Filled,-460.6,"universe" 
2009-05-01T14:00:00Z,GHM,12.63,-68,Market On Close,Filled,-858.84,"band" 
2009-05-01T14:00:00Z,LECO,43.75,-12,Market On Close,Filled,-525,"expired" 
2009-05-01T14:00:00Z,KFRC,10.63,-85,Market On Close,Filled,-903.55,"expired" 
2009-05-01T14:00:00Z,SHOO,28.47,-16,Market On Close,Filled,-455.52,"adjust" 
2009-05-01T14:00:00Z,LNT,22.37,-21,Market On Close,Filled,-469.77,"expired" 
2009-05-01T14:00:00Z,IIIN,7.48,30,Market On Close,Filled,224.4,"adjust" 
2009-05-01T14:00:00Z,JCOM,23.72,27,Market On Close,Filled,640.44,"buy" 
2009-05-01T14:00:00Z,KIRK,6.71,97,Market On Close,Filled,650.87,"buy" 
2009-05-01T14:00:00Z,LG,35.59,8,Market On Close,Filled,284.72,"adjust" 
2009-05-01T14:00:00Z,LHCG,23.74,10,Market On Close,Filled,237.4,"adjust" 
2009-05-01T14:00:00Z,PLCE,28.9,23,Market On Close,Filled,664.7,"buy" 
2009-05-01T14:00:00Z,TSCO,39.06,16,Market On Close,Filled,624.96,"buy" 
2009-05-01T14:00:00Z,ULBI,7.39,93,Market On Close,Filled,687.27,"buy" 
2009-06-01T14:00:00Z,HWKN,21,-12,Market On Close,Filled,-252,"adjust" 
2009-06-01T14:00:00Z,IIIN,9.08,-89,Market On Close,Filled,-808.12,"band" 
2009-06-01T14:00:00Z,FSYS,22.74,-44,Market On Close,Filled,-1000.56,"band" 
2009-06-01T14:00:00Z,MDU,19.61,-29,Market On Close,Filled,-568.69,"band" 
2009-06-01T14:00:00Z,PTEN,15.23,-16,Market On Close,Filled,-243.68,"adjust" 
2009-06-01T14:00:00Z,ULBI,7.03,-93,Market On Close,Filled,-653.79,"band" 
2009-06-01T14:00:00Z,ZEUS,19.69,-44,Market On Close,Filled,-866.36,"band" 
2009-06-01T14:00:00Z,ATO,24.39,28,Market On Close,Filled,682.92,"buy" 
2009-06-01T14:00:00Z,CHE,39.4,17,Market On Close,Filled,669.8,"buy" 
2009-06-01T14:00:00Z,NJR,34.85,20,Market On Close,Filled,697,"buy" 
2009-06-01T14:00:00Z,RBIN,13.97,48,Market On Close,Filled,670.56,"buy" 
2009-06-01T14:00:00Z,USMO,11.34,60,Market On Close,Filled,680.4,"buy" 
2009-06-01T14:00:00Z,WEYS,25.19,10,Market On Close,Filled,251.9,"adjust" 
2009-07-01T14:00:00Z,ANK,39.86,-24,Market On Close,Filled,-956.64,"band" 
2009-07-01T14:00:00Z,CMTL,32.55,-24,Market On Close,Filled,-781.2,"band" 
2009-07-01T14:00:00Z,CRMT,21.14,-13,Market On Close,Filled,-274.82,"adjust" 
2009-07-01T14:00:00Z,CRK,31.75,-20,Market On Close,Filled,-635,"band" 
2009-07-01T14:00:00Z,KIRK,11.21,-39,Market On Close,Filled,-437.19,"adjust" 
2009-07-01T14:00:00Z,LG,33.74,-19,Market On Close,Filled,-641.06,"band" 
2009-07-01T14:00:00Z,TTWO,9.73,-87,Market On Close,Filled,-846.51,"band" 
2009-07-01T14:00:00Z,ALGN,10.79,66,Market On Close,Filled,712.14,"buy" 
2009-07-01T14:00:00Z,CTR,17.99,40,Market On Close,Filled,719.6,"buy" 
2009-07-01T14:00:00Z,CORE,26.88,27,Market On Close,Filled,725.76,"buy" 
2009-07-01T14:00:00Z,MTSC,21.29,11,Market On Close,Filled,234.19,"adjust" 
2009-07-01T14:00:00Z,RIMG,17.16,42,Market On Close,Filled,720.72,"buy" 
2009-07-01T14:00:00Z,SIF,10.57,68,Market On Close,Filled,718.76,"buy" 
2009-07-01T14:00:00Z,XOM,70.56,3,Market On Close,Filled,211.68,"adjust" 
2009-08-03T14:00:00Z,AMED,44.8,-5,Market On Close,Filled,-224,"adjust" 
2009-08-03T14:00:00Z,GCO,22.07,-31,Market On Close,Filled,-684.17,"band" 
2009-08-03T14:00:00Z,STMP,8.68,-74,Market On Close,Filled,-642.32,"band" 
2009-08-03T14:00:00Z,BKE,31.36,7,Market On Close,Filled,219.52,"adjust" 
2009-08-03T14:00:00Z,RGR,11.87,60,Market On Close,Filled,712.2,"buy" 
2009-08-03T14:00:00Z,TTEC,16.01,45,Market On Close,Filled,720.45,"buy" 
2009-09-01T14:00:00Z,PTEN,13.17,-47,Market On Close,Filled,-618.99,"band" 
2009-09-01T14:00:00Z,SIF,13.8,-17,Market On Close,Filled,-234.6,"adjust" 
2009-09-01T14:00:00Z,WEYS,21.96,-28,Market On Close,Filled,-614.88,"band" 
2009-09-01T14:00:00Z,ALGT,37.8,19,Market On Close,Filled,718.2,"buy" 
2009-09-01T14:00:00Z,DGIT,16.7,12,Market On Close,Filled,200.4,"adjust" 
2009-09-01T14:00:00Z,DISCA,25.54,29,Market On Close,Filled,740.66,"buy" 
2009-09-01T14:00:00Z,VLGEA,29.09,7,Market On Close,Filled,203.63,"adjust" 
2009-10-01T14:00:00Z,BKE,33.52,-24,Market On Close,Filled,-804.48,"band" 
2009-10-01T14:00:00Z,CODI,10.3,-66,Market On Close,Filled,-679.8,"band" 
2009-10-01T14:00:00Z,MTSC,28.4,-7,Market On Close,Filled,-198.8,"adjust" 
2009-10-01T14:00:00Z,EGN,41.79,18,Market On Close,Filled,752.22,"buy" 
2009-10-01T14:00:00Z,SCHN,51.67,14,Market On Close,Filled,723.38,"buy" 
2009-10-01T14:00:00Z,UGI,24.89,8,Market On Close,Filled,199.12,"adjust" 
2009-11-02T15:00:00Z,ALGN,16.05,-18,Market On Close,Filled,-288.9,"adjust" 
2009-11-02T15:00:00Z,CSGS,15.98,-41,Market On Close,Filled,-655.18,"band" 
2009-11-02T15:00:00Z,EXPO,26.11,-25,Market On Close,Filled,-652.75,"band" 
2009-11-02T15:00:00Z,MMSI,16.89,-43,Market On Close,Filled,-726.27,"band" 
2009-11-02T15:00:00Z,NUE,39.02,-17,Market On Close,Filled,-663.34,"band" 
2009-11-02T15:00:00Z,PLCE,32.53,-23,Market On Close,Filled,-748.19,"band" 
2009-11-02T15:00:00Z,SYKE,24.44,-10,Market On Close,Filled,-244.4,"adjust" 
2009-11-02T15:00:00Z,TSCO,45.33,-16,Market On Close,Filled,-725.28,"band" 
2009-11-02T15:00:00Z,XOM,72.15,-10,Market On Close,Filled,-721.5,"band" 
2009-11-02T15:00:00Z,AAWW,25.08,29,Market On Close,Filled,727.32,"buy" 
2009-11-02T15:00:00Z,APOG,12.9,58,Market On Close,Filled,748.2,"buy" 
2009-11-02T15:00:00Z,CVI,10.34,73,Market On Close,Filled,754.82,"buy" 
2009-11-02T15:00:00Z,JCOM,20.2,10,Market On Close,Filled,202,"adjust" 
2009-11-02T15:00:00Z,LANC,48.6,15,Market On Close,Filled,729,"buy" 
2009-11-02T15:00:00Z,LXU,12.34,61,Market On Close,Filled,752.74,"buy" 
2009-11-02T15:00:00Z,POWL,36.05,20,Market On Close,Filled,721,"buy" 
2009-11-02T15:00:00Z,WDC,34.08,22,Market On Close,Filled,749.76,"buy" 
2009-12-01T15:00:00Z,AAON,19.03,-32,Market On Close,Filled,-608.96,"band" 
2009-12-01T15:00:00Z,ALGT,42.5,-19,Market On Close,Filled,-807.5,"band" 
2009-12-01T15:00:00Z,CAI,46.01,-16,Market On Close,Filled,-736.16,"band" 
2009-12-01T15:00:00Z,CVX,79.06,-9,Market On Close,Filled,-711.54,"band" 
2009-12-01T15:00:00Z,CNC,19.27,-33,Market On Close,Filled,-635.91,"band" 
2009-12-01T15:00:00Z,DGIT,27.28,-14,Market On Close,Filled,-381.92,"adjust" 
2009-12-01T15:00:00Z,DMLP,20.78,-35,Market On Close,Filled,-727.3,"band" 
2009-12-01T15:00:00Z,NJR,36.15,-20,Market On Close,Filled,-723,"band" 
2009-12-01T15:00:00Z,OXY,82.18,-9,Market On Close,Filled,-739.62,"band" 
2009-12-01T15:00:00Z,UACL,16.13,-39,Market On Close,Filled,-629.07,"band" 
2009-12-01T15:00:00Z,ASH,36.62,21,Market On Close,Filled,769.02,"buy" 
2009-12-01T15:00:00Z,CENT,9.15,90,Market On Close,Filled,823.5,"buy" 
2009-12-01T15:00:00Z,CVI,7.39,34,Market On Close,Filled,251.26,"adjust" 
2009-12-01T15:00:00Z,GTLS,16.91,47,Market On Close,Filled,794.77,"buy" 
2009-12-01T15:00:00Z,HHS,9.82,82,Market On Close,Filled,805.24,"buy" 
2009-12-01T15:00:00Z,JBSS,16.32,50,Market On Close,Filled,816,"buy" 
2009-12-01T15:00:00Z,MVO,18.99,41,Market On Close,Filled,778.59,"buy" 
2009-12-01T15:00:00Z,OTL,9.38,88,Market On Close,Filled,825.44,"buy" 
2009-12-01T15:00:00Z,UNF,44.1,17,Market On Close,Filled,749.7,"buy" 
2009-12-01T15:00:00Z,WCC,26.34,30,Market On Close,Filled,790.2,"buy" 
2010-01-04T15:00:00Z,AAWW,38.2,-7,Market On Close,Filled,-267.4,"adjust" 
2010-01-04T15:00:00Z,CALM,34.28,-23,Market On Close,Filled,-788.44,"band" 
2010-01-04T15:00:00Z,CENT,10.65,-90,Market On Close,Filled,-958.5,"universe" 
2010-01-04T15:00:00Z,JJSF,40.2,-17,Market On Close,Filled,-683.4,"band" 
2010-01-04T15:00:00Z,SCHN,50,-14,Market On Close,Filled,-700,"expired" 
2010-01-04T15:00:00Z,CLW,54.32,15,Market On Close,Filled,814.8,"buy" 
2010-01-04T15:00:00Z,LINC,21.95,38,Market On Close,Filled,834.1,"buy" 
2010-01-04T15:00:00Z,MFRI,6.77,123,Market On Close,Filled,832.71,"buy" 
2010-01-04T15:00:00Z,RGR,10.24,26,Market On Close,Filled,266.24,"adjust" 
2010-01-04T15:00:00Z,TSRA,23.81,36,Market On Close,Filled,857.16,"buy" 
2010-02-01T15:00:00Z,JCOM,20.87,-37,Market On Close,Filled,-772.19,"band" 
2010-02-01T15:00:00Z,MLAB,27.2,-37,Market On Close,Filled,-1006.4,"universe" 
2010-02-01T15:00:00Z,NFLX,61.03,-16,Market On Close,Filled,-976.48,"band" 
2010-02-01T15:00:00Z,VLGEA,26.13,-26,Market On Close,Filled,-679.38,"band" 
2010-02-01T15:00:00Z,IPG,6.6,126,Market On Close,Filled,831.6,"buy" 
2010-02-01T15:00:00Z,MTRX,10.52,81,Market On Close,Filled,852.12,"buy" 
2010-02-01T15:00:00Z,NGS,16.33,52,Market On Close,Filled,849.16,"buy" 
2010-02-01T15:00:00Z,POWL,30.16,8,Market On Close,Filled,241.28,"adjust" 
2010-02-01T15:00:00Z,TESS,20.13,43,Market On Close,Filled,865.59,"buy" 
2010-03-01T15:00:00Z,CHE,54.56,-17,Market On Close,Filled,-927.52,"band" 
2010-03-01T15:00:00Z,EGN,46.68,-18,Market On Close,Filled,-840.24,"universe" 
2010-03-01T15:00:00Z,HVT,13.49,-70,Market On Close,Filled,-944.3,"band" 
2010-03-01T15:00:00Z,MTSC,27.92,-27,Market On Close,Filled,-753.84,"band" 
2010-03-01T15:00:00Z,NPK,128.74,-2,Market On Close,Filled,-257.48,"adjust" 
2010-03-01T15:00:00Z,RIMG,15.22,-42,Market On Close,Filled,-639.24,"band" 
2010-03-01T15:00:00Z,WSO,59.16,-17,Market On Close,Filled,-1005.72,"band" 
2010-03-01T15:00:00Z,CPSI,36.15,7,Market On Close,Filled,253.05,"adjust" 
2010-03-01T15:00:00Z,GCI,15.93,56,Market On Close,Filled,892.08,"buy" 
2010-03-01T15:00:00Z,HA,8.09,110,Market On Close,Filled,889.9,"buy" 
2010-03-01T15:00:00Z,HWKN,20.6,12,Market On Close,Filled,247.2,"adjust" 
2010-03-01T15:00:00Z,LZB,13.52,68,Market On Close,Filled,919.36,"buy" 
2010-03-01T15:00:00Z,NSIT,13.31,67,Market On Close,Filled,891.77,"buy" 
2010-03-01T15:00:00Z,TSRA,18.7,12,Market On Close,Filled,224.4,"adjust" 
2010-03-01T15:00:00Z,UFS,56.19,16,Market On Close,Filled,899.04,"buy" 
2010-03-01T15:00:00Z,UIS,36.63,24,Market On Close,Filled,879.12,"buy" 
2010-04-01T14:00:00Z,AAWW,53.28,-5,Market On Close,Filled,-266.4,"adjust" 
2010-04-01T14:00:00Z,ASH,55.06,-4,Market On Close,Filled,-220.24,"adjust" 
2010-04-01T14:00:00Z,CTR,22.12,-40,Market On Close,Filled,-884.8,"band" 
2010-04-01T14:00:00Z,CPSI,39.17,-24,Market On Close,Filled,-940.08,"band" 
2010-04-01T14:00:00Z,CTRN,33.1,-26,Market On Close,Filled,-860.6,"band" 
2010-04-01T14:00:00Z,KIRK,20.85,-15,Market On Close,Filled,-312.75,"adjust" 
2010-04-01T14:00:00Z,MFRI,6.68,-123,Market On Close,Filled,-821.64,"universe" 
2010-04-01T14:00:00Z,ARP,9,102,Market On Close,Filled,918,"buy" 
2010-04-01T14:00:00Z,GLT,14.47,63,Market On Close,Filled,911.61,"buy" 
2010-04-01T14:00:00Z,K,53.61,4,Market On Close,Filled,214.44,"adjust" 
2010-04-01T14:00:00Z,MSTR,85.47,10,Market On Close,Filled,854.7,"buy" 
2010-04-01T14:00:00Z,OIS,45.45,20,Market On Close,Filled,909,"buy" 
2010-05-03T14:00:00Z,AAWW,55.95,-17,Market On Close,Filled,-951.15,"expired" 
2010-05-03T14:00:00Z,FIZ,11.65,-69,Market On Close,Filled,-803.85,"band" 
2010-05-03T14:00:00Z,HHS,14.46,-16,Market On Close,Filled,-231.36,"adjust" 
2010-05-03T14:00:00Z,HWKN,27.56,-8,Market On Close,Filled,-220.48,"adjust" 
2010-05-03T14:00:00Z,LXU,18.65,-61,Market On Close,Filled,-1137.65,"band" 
2010-05-03T14:00:00Z,OTL,13.92,-88,Market On Close,Filled,-1224.96,"band" 
2010-05-03T14:00:00Z,RBIN,25.58,-11,Market On Close,Filled,-281.38,"adjust" 
2010-05-03T14:00:00Z,RGR,17.23,-86,Market On Close,Filled,-1481.78,"band" 
2010-05-03T14:00:00Z,SHOO,40.08,-6,Market On Close,Filled,-240.48,"adjust" 
2010-05-03T14:00:00Z,SIF,13.95,-51,Market On Close,Filled,-711.45,"universe" 
2010-05-03T14:00:00Z,SYKE,22.51,-32,Market On Close,Filled,-720.32,"band" 
2010-05-03T14:00:00Z,TTEC,16.87,-45,Market On Close,Filled,-759.15,"expired" 
2010-05-03T14:00:00Z,UFS,75.41,-3,Market On Close,Filled,-226.23,"adjust" 
2010-05-03T14:00:00Z,UIS,28.75,-24,Market On Close,Filled,-690,"expired" 
2010-05-03T14:00:00Z,USMO,14.23,-60,Market On Close,Filled,-853.8,"expired" 
2010-05-03T14:00:00Z,WCC,41.53,-7,Market On Close,Filled,-290.71,"adjust" 
2010-05-03T14:00:00Z,ATSG,5.52,175,Market On Close,Filled,966,"buy" 
2010-05-03T14:00:00Z,ALG,24.59,40,Market On Close,Filled,983.6,"buy" 
2010-05-03T14:00:00Z,CQP,17.77,54,Market On Close,Filled,959.58,"buy" 
2010-05-03T14:00:00Z,CSL,38.9,25,Market On Close,Filled,972.5,"buy" 
2010-05-03T14:00:00Z,DDS,29.72,34,Market On Close,Filled,1010.48,"buy" 
2010-05-03T14:00:00Z,DECK,143.79,6,Market On Close,Filled,862.74,"buy" 
2010-05-03T14:00:00Z,FLXS,13.39,68,Market On Close,Filled,910.52,"buy" 
2010-05-03T14:00:00Z,GIII,30.75,33,Market On Close,Filled,1014.75,"buy" 
2010-05-03T14:00:00Z,JBSS,15.05,14,Market On Close,Filled,210.7,"adjust" 
2010-05-03T14:00:00Z,NPK,114.36,2,Market On Close,Filled,228.72,"adjust" 
2010-05-03T14:00:00Z,OSK,39.75,24,Market On Close,Filled,954,"buy" 
2010-05-03T14:00:00Z,SXI,25.94,40,Market On Close,Filled,1037.6,"buy" 
2010-06-01T14:00:00Z,CVI,7.24,-107,Market On Close,Filled,-774.68,"band" 
2010-06-01T14:00:00Z,DGIT,41.71,-8,Market On Close,Filled,-333.68,"adjust" 
2010-06-01T14:00:00Z,GTLS,16.96,-47,Market On Close,Filled,-797.12,"band" 
2010-06-01T14:00:00Z,RS,43.67,-22,Market On Close,Filled,-960.74,"band" 
2010-06-01T14:00:00Z,TESS,18.28,-16,Market On Close,Filled,-292.48,"adjust" 
2010-06-01T14:00:00Z,TSRA,16.87,-48,Market On Close,Filled,-809.76,"band" 
2010-06-01T14:00:00Z,EBF,16.13,51,Market On Close,Filled,822.63,"buy" 
2010-06-01T14:00:00Z,SCL,71.07,12,Market On Close,Filled,852.84,"buy" 
2010-06-01T14:00:00Z,SKX,36.14,24,Market On Close,Filled,867.36,"buy" 
2010-06-01T14:00:00Z,SWX,28.9,30,Market On Close,Filled,867,"buy" 
2010-07-01T14:00:00Z,ATSG,4.93,-175,Market On Close,Filled,-862.75,"universe" 
2010-07-01T14:00:00Z,CRMT,22.87,-34,Market On Close,Filled,-777.58,"band" 
2010-07-01T14:00:00Z,CORE,27.76,-27,Market On Close,Filled,-749.52,"band" 
2010-07-01T14:00:00Z,DISCA,36.09,-6,Market On Close,Filled,-216.54,"adjust" 
2010-07-01T14:00:00Z,MVO,25.47,-9,Market On Close,Filled,-229.23,"adjust" 
2010-07-01T14:00:00Z,SXI,26.71,-8,Market On Close,Filled,-213.68,"adjust" 
2010-07-01T14:00:00Z,APOG,10.7,19,Market On Close,Filled,203.3,"adjust" 
2010-07-01T14:00:00Z,DSW,22.1,37,Market On Close,Filled,817.7,"buy" 
2010-07-01T14:00:00Z,HA,5.24,51,Market On Close,Filled,267.24,"adjust" 
2010-07-01T14:00:00Z,LZB,7.28,44,Market On Close,Filled,320.32,"adjust" 
2010-07-01T14:00:00Z,SCVL,19.55,40,Market On Close,Filled,782,"buy" 
2010-07-01T14:00:00Z,USMO,12.78,64,Market On Close,Filled,817.92,"buy" 
2010-08-02T14:00:00Z,APOG,11.12,-77,Market On Close,Filled,-856.24,"band" 
2010-08-02T14:00:00Z,HA,5.89,-161,Market On Close,Filled,-948.29,"band" 
2010-08-02T14:00:00Z,HWKN,32.17,-8,Market On Close,Filled,-257.36,"adjust" 
2010-08-02T14:00:00Z,IPG,9.2,-29,Market On Close,Filled,-266.8,"adjust" 
2010-08-02T14:00:00Z,NGS,16.57,-52,Market On Close,Filled,-861.64,"band" 
2010-08-02T14:00:00Z,AMED,26.75,17,Market On Close,Filled,454.75,"adjust" 
2010-08-02T14:00:00Z,DTE,46.48,19,Market On Close,Filled,883.12,"buy" 
2010-08-02T14:00:00Z,LHCG,22.79,9,Market On Close,Filled,205.11,"adjust" 
2010-08-02T14:00:00Z,NP,17.94,49,Market On Close,Filled,879.06,"buy" 
2010-08-02T14:00:00Z,PETS,16.02,17,Market On Close,Filled,272.34,"adjust" 
2010-08-02T14:00:00Z,SAFM,45.82,19,Market On Close,Filled,870.58,"buy" 
2010-08-02T14:00:00Z,TESS,14.35,15,Market On Close,Filled,215.25,"adjust" 
2010-08-02T14:00:00Z,WDC,27.16,11,Market On Close,Filled,298.76,"adjust" 
2010-09-01T14:00:00Z,CLW,70.5,-4,Market On Close,Filled,-282,"adjust" 
2010-09-01T14:00:00Z,DLTR,45.95,-5,Market On Close,Filled,-229.75,"adjust" 
2010-09-01T14:00:00Z,HHS,10.42,-66,Market On Close,Filled,-687.72,"band" 
2010-09-01T14:00:00Z,NEOG,30.84,-7,Market On Close,Filled,-215.88,"adjust" 
2010-09-01T14:00:00Z,AAWW,45.37,18,Market On Close,Filled,816.66,"buy" 
2010-09-01T14:00:00Z,DGIT,15.83,29,Market On Close,Filled,459.07,"adjust" 
2010-09-01T14:00:00Z,KIRK,11.86,27,Market On Close,Filled,320.22,"adjust" 
2010-09-01T14:00:00Z,LINC,11.31,35,Market On Close,Filled,395.85,"adjust" 
2010-10-01T14:00:00Z,ARP,7.77,-102,Market On Close,Filled,-792.54,"band" 
2010-10-01T14:00:00Z,GLT,12.16,-63,Market On Close,Filled,-766.08,"band" 
2010-10-01T14:00:00Z,LANC,47.95,-15,Market On Close,Filled,-719.25,"band" 
2010-10-01T14:00:00Z,LZB,8.72,-112,Market On Close,Filled,-976.64,"band" 
2010-10-01T14:00:00Z,MTRX,8.7,-81,Market On Close,Filled,-704.7,"band" 
2010-10-01T14:00:00Z,RBIN,30.44,-8,Market On Close,Filled,-243.52,"adjust" 
2010-10-01T14:00:00Z,AIT,30.99,29,Market On Close,Filled,898.71,"buy" 
2010-10-01T14:00:00Z,GCI,12.58,17,Market On Close,Filled,213.86,"adjust" 
2010-10-01T14:00:00Z,MGLN,47.38,19,Market On Close,Filled,900.22,"buy" 
2010-10-01T14:00:00Z,OC,25.92,35,Market On Close,Filled,907.2,"buy" 
2010-10-01T14:00:00Z,ODC,21.79,41,Market On Close,Filled,893.39,"buy" 
2010-10-01T14:00:00Z,OSK,28.07,8,Market On Close,Filled,224.56,"adjust" 
2010-10-01T14:00:00Z,PLCE,51.46,18,Market On Close,Filled,926.28,"buy" 
2010-10-01T14:00:00Z,SKX,22.54,14,Market On Close,Filled,315.56,"adjust" 
2010-11-01T14:00:00Z,CSL,34.73,-25,Market On Close,Filled,-868.25,"band" 
2010-11-01T14:00:00Z,DGIT,22.87,-11,Market On Close,Filled,-251.57,"adjust" 
2010-11-01T14:00:00Z,DSW,33.37,-9,Market On Close,Filled,-300.33,"adjust" 
2010-11-01T14:00:00Z,JBSS,12.96,-64,Market On Close,Filled,-829.44,"band" 
2010-11-01T14:00:00Z,MSTR,90.53,-10,Market On Close,Filled,-905.3,"band" 
2010-11-01T14:00:00Z,OSK,29.09,-32,Market On Close,Filled,-930.88,"band" 
2010-11-01T14:00:00Z,SCL,67.53,-12,Market On Close,Filled,-810.36,"band" 
2010-11-01T14:00:00Z,WDC,32.62,-33,Market On Close,Filled,-1076.46,"expired" 
2010-11-01T14:00:00Z,ARP,7.06,130,Market On Close,Filled,917.8,"buy" 
2010-11-01T14:00:00Z,CRUS,12.51,72,Market On Close,Filled,900.72,"buy" 
2010-11-01T14:00:00Z,DPZ,14.88,62,Market On Close,Filled,922.56,"buy" 
2010-11-01T14:00:00Z,IDT,13.74,63,Market On Close,Filled,865.62,"buy" 
2010-11-01T14:00:00Z,KLIC,6,149,Market On Close,Filled,894,"buy" 
2010-11-01T14:00:00Z,VECO,40.11,22,Market On Close,Filled,882.42,"buy" 
2010-12-01T15:00:00Z,DECK,79.94,-6,Market On Close,Filled,-479.64,"adjust" 
2010-12-01T15:00:00Z,HWKN,43.45,-5,Market On Close,Filled,-217.25,"adjust" 
2010-12-01T15:00:00Z,IDT,22.2,-16,Market On Close,Filled,-355.2,"adjust" 
2010-12-01T15:00:00Z,K,49.44,-17,Market On Close,Filled,-840.48,"band" 
2010-12-01T15:00:00Z,OIS,60.48,-4,Market On Close,Filled,-241.92,"adjust" 
2010-12-01T15:00:00Z,SAFM,41.86,-19,Market On Close,Filled,-795.34,"band" 
2010-12-01T15:00:00Z,SKX,23.07,-38,Market On Close,Filled,-876.66,"band" 
2010-12-01T15:00:00Z,CCF,16,64,Market On Close,Filled,1024,"buy" 
2010-12-01T15:00:00Z,SGU,5.38,187,Market On Close,Filled,1006.06,"buy" 
2010-12-01T15:00:00Z,SSP,9.57,110,Market On Close,Filled,1052.7,"buy" 
2011-01-03T15:00:00Z,DDS,38.83,-7,Market On Close,Filled,-271.81,"adjust" 
2011-01-03T15:00:00Z,DGIT,29.59,-39,Market On Close,Filled,-1154.01,"universe" 
2011-01-03T15:00:00Z,DTE,45.57,-19,Market On Close,Filled,-865.83,"band" 
2011-01-03T15:00:00Z,GCI,15.42,-73,Market On Close,Filled,-1125.66,"band" 
2011-01-03T15:00:00Z,KIRK,14.06,-70,Market On Close,Filled,-984.2,"band" 
2011-01-03T15:00:00Z,MVO,39.95,-6,Market On Close,Filled,-239.7,"adjust" 
2011-01-03T15:00:00Z,WCC,53.25,-4,Market On Close,Filled,-213,"adjust" 
2011-01-03T15:00:00Z,CPK,41.55,25,Market On Close,Filled,1038.75,"buy" 
2011-01-03T15:00:00Z,OTL,20.68,51,Market On Close,Filled,1054.68,"buy" 
2011-01-03T15:00:00Z,RGR,15.09,68,Market On Close,Filled,1026.12,"buy" 
2011-01-03T15:00:00Z,STMP,13.74,79,Market On Close,Filled,1085.46,"buy" 
2011-02-01T15:00:00Z,ASH,59.33,-17,Market On Close,Filled,-1008.61,"band" 
2011-02-01T15:00:00Z,CRUS,21.33,-23,Market On Close,Filled,-490.59,"adjust" 
2011-02-01T15:00:00Z,KLIC,10.29,-43,Market On Close,Filled,-442.47,"adjust" 
2011-02-01T15:00:00Z,NSIT,14.65,-67,Market On Close,Filled,-981.55,"band" 
2011-02-01T15:00:00Z,SGU,5.48,-187,Market On Close,Filled,-1024.76,"expired" 
2011-02-01T15:00:00Z,TESS,12.44,-63,Market On Close,Filled,-783.72,"universe" 
2011-02-01T15:00:00Z,UNF,56.52,-17,Market On Close,Filled,-960.84,"band" 
2011-02-01T15:00:00Z,NC,109.28,10,Market On Close,Filled,1092.8,"buy" 
2011-02-01T15:00:00Z,ODC,19.94,13,Market On Close,Filled,259.22,"adjust" 
2011-02-01T15:00:00Z,PETS,15.05,14,Market On Close,Filled,210.7,"adjust" 
2011-02-01T15:00:00Z,PLCE,42.14,6,Market On Close,Filled,252.84,"adjust" 
2011-02-01T15:00:00Z,PLPC,64.38,17,Market On Close,Filled,1094.46,"buy" 
2011-02-01T15:00:00Z,USNA,38.96,27,Market On Close,Filled,1051.92,"buy" 
2011-02-01T15:00:00Z,WTI,20.67,51,Market On Close,Filled,1054.17,"buy" 
2011-03-01T15:00:00Z,AAWW,67.43,-18,Market On Close,Filled,-1213.74,"band" 
2011-03-01T15:00:00Z,AMED,35.37,-33,Market On Close,Filled,-1167.21,"expired" 
2011-03-01T15:00:00Z,DSW,39.6,-28,Market On Close,Filled,-1108.8,"band" 
2011-03-01T15:00:00Z,FLXS,14.82,-68,Market On Close,Filled,-1007.76,"universe" 
2011-03-01T15:00:00Z,NC,118.55,-2,Market On Close,Filled,-237.1,"adjust" 
2011-03-01T15:00:00Z,NPK,125.75,-8,Market On Close,Filled,-1006,"band" 
2011-03-01T15:00:00Z,OTL,25.61,-10,Market On Close,Filled,-256.1,"adjust" 
2011-03-01T15:00:00Z,WTI,24.64,-8,Market On Close,Filled,-197.12,"adjust" 
2011-03-01T15:00:00Z,BRKS,12.62,88,Market On Close,Filled,1110.56,"buy" 
2011-03-01T15:00:00Z,DLTR,50.12,4,Market On Close,Filled,200.48,"adjust" 
2011-03-01T15:00:00Z,EBF,15.54,17,Market On Close,Filled,264.18,"adjust" 
2011-03-01T15:00:00Z,ENTG,8.51,126,Market On Close,Filled,1072.26,"buy" 
2011-03-01T15:00:00Z,FIZ,12.6,87,Market On Close,Filled,1096.2,"buy" 
2011-03-01T15:00:00Z,HWKN,36.57,6,Market On Close,Filled,219.42,"adjust" 
2011-03-01T15:00:00Z,MIC,23.72,46,Market On Close,Filled,1091.12,"buy" 
2011-03-01T15:00:00Z,MKSI,29.79,36,Market On Close,Filled,1072.44,"buy" 
2011-03-01T15:00:00Z,TER,18.19,59,Market On Close,Filled,1073.21,"buy" 
2011-04-01T14:00:00Z,ARP,10.37,-130,Market On Close,Filled,-1348.1,"band" 
2011-04-01T14:00:00Z,CQP,19.18,-54,Market On Close,Filled,-1035.72,"band" 
2011-04-01T14:00:00Z,ODC,21.38,-54,Market On Close,Filled,-1154.52,"band" 
2011-04-01T14:00:00Z,RGR,23.09,-19,Market On Close,Filled,-438.71,"adjust" 
2011-04-01T14:00:00Z,CLW,80.56,3,Market On Close,Filled,241.68,"adjust" 
2011-04-01T14:00:00Z,LSCC,5.94,193,Market On Close,Filled,1146.42,"buy" 
2011-04-01T14:00:00Z,NC,109.09,2,Market On Close,Filled,218.18,"adjust" 
2011-04-01T14:00:00Z,SPH,56.43,4,Market On Close,Filled,225.72,"adjust" 
2011-04-01T14:00:00Z,KAI,26.72,43,Market On Close,Filled,1148.96,"buy" 
2011-04-01T14:00:00Z,USMO,14.76,14,Market On Close,Filled,206.64,"adjust" 
2011-04-01T14:00:00Z,USNA,34.72,6,Market On Close,Filled,208.32,"adjust" 
2011-05-02T14:00:00Z,DISCA,44.65,-23,Market On Close,Filled,-1026.95,"band" 
2011-05-02T14:00:00Z,DPZ,18.56,-62,Market On Close,Filled,-1150.72,"expired" 
2011-05-02T14:00:00Z,EBF,18.5,-68,Market On Close,Filled,-1258,"band" 
2011-05-02T14:00:00Z,GIII,42.75,-7,Market On Close,Filled,-299.25,"adjust" 
2011-05-02T14:00:00Z,IDT,28.07,-7,Market On Close,Filled,-196.49,"adjust" 
2011-05-02T14:00:00Z,MGLN,51.79,-19,Market On Close,Filled,-984.01,"expired" 
2011-05-02T14:00:00Z,OC,37.65,-35,Market On Close,Filled,-1317.75,"band" 
2011-05-02T14:00:00Z,OTL,36.2,-10,Market On Close,Filled,-362,"adjust" 
2011-05-02T14:00:00Z,SHOO,52.64,-4,Market On Close,Filled,-210.56,"adjust" 
2011-05-02T14:00:00Z,USMO,15.02,-78,Market On Close,Filled,-1171.56,"expired" 
2011-05-02T14:00:00Z,VECO,51.57,-22,Market On Close,Filled,-1134.54,"expired" 
2011-05-02T14:00:00Z,APU,47.76,5,Market On Close,Filled,238.8,"adjust" 
2011-05-02T14:00:00Z,CRUS,15.93,22,Market On Close,Filled,350.46,"adjust" 
2011-05-02T14:00:00Z,EBS,23.7,50,Market On Close,Filled,1185,"buy" 
2011-05-02T14:00:00Z,KLIC,9.03,23,Market On Close,Filled,207.69,"adjust" 
2011-05-02T14:00:00Z,LRCX,48.09,24,Market On Close,Filled,1154.16,"buy" 
2011-05-02T14:00:00Z,MERC,12.1,96,Market On Close,Filled,1161.6,"buy" 
2011-05-02T14:00:00Z,MRCY,19.07,60,Market On Close,Filled,1144.2,"buy" 
2011-05-02T14:00:00Z,OYOG,91.02,12,Market On Close,Filled,1092.24,"buy" 
2011-05-02T14:00:00Z,TER,15.83,14,Market On Close,Filled,221.62,"adjust" 
2011-05-02T14:00:00Z,UNH,49.88,23,Market On Close,Filled,1147.24,"buy" 
2011-05-02T14:00:00Z,VSH,18.7,61,Market On Close,Filled,1140.7,"buy" 
2011-06-01T14:00:00Z,CLW,67.69,-14,Market On Close,Filled,-947.66,"band" 
2011-06-01T14:00:00Z,DDS,55.77,-7,Market On Close,Filled,-390.39,"adjust" 
2011-06-01T14:00:00Z,KLIC,11.65,-35,Market On Close,Filled,-407.75,"adjust" 
2011-06-01T14:00:00Z,NP,22.03,-49,Market On Close,Filled,-1079.47,"band" 
2011-06-01T14:00:00Z,UFS,99.59,-2,Market On Close,Filled,-199.18,"adjust" 
2011-06-01T14:00:00Z,USPH,24.02,-9,Market On Close,Filled,-216.18,"adjust" 
2011-06-01T14:00:00Z,ATO,32.9,6,Market On Close,Filled,197.4,"adjust" 
2011-06-01T14:00:00Z,PETS,12.4,21,Market On Close,Filled,260.4,"adjust" 
2011-06-01T14:00:00Z,RES,24.16,45,Market On Close,Filled,1087.2,"buy" 
2011-06-01T14:00:00Z,SSP,8.15,24,Market On Close,Filled,195.6,"adjust" 
2011-06-01T14:00:00Z,WLK,54.71,20,Market On Close,Filled,1094.2,"buy" 
2011-07-01T14:00:00Z,DLTR,68.23,-4,Market On Close,Filled,-272.92,"adjust" 
2011-07-01T14:00:00Z,NC,100.17,-10,Market On Close,Filled,-1001.7,"band" 
2011-07-01T14:00:00Z,POWL,37.19,-28,Market On Close,Filled,-1041.32,"band" 
2011-07-01T14:00:00Z,STMP,13.46,-79,Market On Close,Filled,-1063.34,"band" 
2011-07-01T14:00:00Z,KAI,32.15,-7,Market On Close,Filled,-225.05,"adjust" 
2011-07-01T14:00:00Z,GIII,35.5,6,Market On Close,Filled,213,"adjust" 
2011-07-01T14:00:00Z,LHCG,23.61,11,Market On Close,Filled,259.71,"adjust" 
2011-07-01T14:00:00Z,MGLN,54.63,20,Market On Close,Filled,1092.6,"buy" 
2011-07-01T14:00:00Z,MYGN,23.13,50,Market On Close,Filled,1156.5,"buy" 
2011-07-01T14:00:00Z,USMO,15.44,74,Market On Close,Filled,1142.56,"buy" 
2011-07-01T14:00:00Z,VECO,48.58,23,Market On Close,Filled,1117.34,"buy" 
2011-07-01T14:00:00Z,VSH,15.7,14,Market On Close,Filled,219.8,"adjust" 
2011-08-01T14:00:00Z,ALG,24.02,-40,Market On Close,Filled,-960.8,"band" 
2011-08-01T14:00:00Z,CRUS,15.22,-71,Market On Close,Filled,-1080.62,"band" 
2011-08-01T14:00:00Z,EBS,20.52,-50,Market On Close,Filled,-1026,"band" 
2011-08-01T14:00:00Z,FIZ,15.29,-14,Market On Close,Filled,-214.06,"adjust" 
2011-08-01T14:00:00Z,HWKN,34.73,-28,Market On Close,Filled,-972.44,"expired" 
2011-08-01T14:00:00Z,LINC,17.53,-13,Market On Close,Filled,-227.89,"adjust" 
2011-08-01T14:00:00Z,OIS,81.87,-3,Market On Close,Filled,-245.61,"adjust" 
2011-08-01T14:00:00Z,OYOG,101.14,-2,Market On Close,Filled,-202.28,"adjust" 
2011-08-01T14:00:00Z,RGR,27.75,-10,Market On Close,Filled,-277.5,"adjust" 
2011-08-01T14:00:00Z,SXI,32.27,-32,Market On Close,Filled,-1032.64,"band" 
2011-08-01T14:00:00Z,BRKS,9.45,26,Market On Close,Filled,245.7,"adjust" 
2011-08-01T14:00:00Z,CNC,31.58,33,Market On Close,Filled,1042.14,"buy" 
2011-08-01T14:00:00Z,GCO,52.76,20,Market On Close,Filled,1055.2,"buy" 
2011-08-01T14:00:00Z,KLIC,9.27,23,Market On Close,Filled,213.21,"adjust" 
2011-08-01T14:00:00Z,MRO,30.65,35,Market On Close,Filled,1072.75,"buy" 
2011-08-01T14:00:00Z,FL,21.61,49,Market On Close,Filled,1058.89,"buy" 
2011-09-01T14:00:00Z,CCF,12.59,-64,Market On Close,Filled,-805.76,"band" 
2011-09-01T14:00:00Z,DLTR,71.78,-3,Market On Close,Filled,-215.34,"adjust" 
2011-09-01T14:00:00Z,FIZ,16.08,-73,Market On Close,Filled,-1173.84,"band" 
2011-09-01T14:00:00Z,PETS,9.94,-90,Market On Close,Filled,-894.6,"band" 
2011-09-01T14:00:00Z,RGR,31.78,-9,Market On Close,Filled,-286.02,"adjust" 
2011-09-01T14:00:00Z,SPH,47.14,-20,Market On Close,Filled,-942.8,"band" 
2011-09-01T14:00:00Z,B,21.89,43,Market On Close,Filled,941.27,"buy" 
2011-09-01T14:00:00Z,CECO,16.04,59,Market On Close,Filled,946.36,"buy" 
2011-09-01T14:00:00Z,CVI,27.17,35,Market On Close,Filled,950.95,"buy" 
2011-09-01T14:00:00Z,DEPO,6.08,162,Market On Close,Filled,984.96,"buy" 
2011-09-01T14:00:00Z,DV,42.52,22,Market On Close,Filled,935.44,"buy" 
2011-09-01T14:00:00Z,LINC,9.29,42,Market On Close,Filled,390.18,"adjust" 
2011-09-01T14:00:00Z,OYOG,70.73,3,Market On Close,Filled,212.19,"adjust" 
2011-10-03T14:00:00Z,ALGN,14.26,-48,Market On Close,Filled,-684.48,"band" 
2011-10-03T14:00:00Z,ATO,30.97,-7,Market On Close,Filled,-216.79,"adjust" 
2011-10-03T14:00:00Z,DECK,88.1,-3,Market On Close,Filled,-264.3,"adjust" 
2011-10-03T14:00:00Z,DLTR,73.68,-3,Market On Close,Filled,-221.04,"adjust" 
2011-10-03T14:00:00Z,GIII,21.83,-32,Market On Close,Filled,-698.56,"band" 
2011-10-03T14:00:00Z,IPG,6.94,-97,Market On Close,Filled,-673.18,"band" 
2011-10-03T14:00:00Z,NEOG,32.08,-27,Market On Close,Filled,-866.16,"expired" 
2011-10-03T14:00:00Z,PLCE,45.8,-24,Market On Close,Filled,-1099.2,"band" 
2011-10-03T14:00:00Z,SWX,35.01,-6,Market On Close,Filled,-210.06,"adjust" 
2011-10-03T14:00:00Z,BKE,38.6,23,Market On Close,Filled,887.8,"buy" 
2011-10-03T14:00:00Z,DAR,11.7,71,Market On Close,Filled,830.7,"buy" 
2011-10-03T14:00:00Z,LG,37.38,23,Market On Close,Filled,859.74,"buy" 
2011-10-03T14:00:00Z,LXU,26.1,31,Market On Close,Filled,809.1,"buy" 
2011-10-03T14:00:00Z,MERC,6.73,35,Market On Close,Filled,235.55,"adjust" 
2011-10-03T14:00:00Z,OIS,46.95,4,Market On Close,Filled,187.8,"adjust" 
2011-10-03T14:00:00Z,KAI,16.51,14,Market On Close,Filled,231.14,"adjust" 
2011-10-03T14:00:00Z,VECO,24.01,13,Market On Close,Filled,312.13,"adjust" 
2011-10-03T14:00:00Z,VSH,8.09,31,Market On Close,Filled,250.79,"adjust" 
2011-10-03T14:00:00Z,WCC,32.08,7,Market On Close,Filled,224.56,"adjust" 
2011-10-03T14:00:00Z,WLK,32.34,6,Market On Close,Filled,194.04,"adjust" 
2011-10-03T14:00:00Z,WTI,12.62,21,Market On Close,Filled,265.02,"adjust" 
2011-11-01T14:00:00Z,DEPO,4.38,-162,Market On Close,Filled,-709.56,"universe" 
2011-11-01T14:00:00Z,LRCX,42.22,-24,Market On Close,Filled,-1013.28,"expired" 
2011-11-01T14:00:00Z,MRCY,13.94,-60,Market On Close,Filled,-836.4,"band" 
2011-11-01T14:00:00Z,OIS,67.32,-3,Market On Close,Filled,-201.96,"adjust" 
2011-11-01T14:00:00Z,SWX,38.44,-24,Market On Close,Filled,-922.56,"band" 
2011-11-01T14:00:00Z,VSH,9.98,-106,Market On Close,Filled,-1057.88,"band" 
2011-11-01T14:00:00Z,WCC,46.72,-26,Market On Close,Filled,-1214.72,"band" 
2011-11-01T14:00:00Z,WTI,18.21,-12,Market On Close,Filled,-218.52,"adjust" 
2011-11-01T14:00:00Z,CVX,102.08,9,Market On Close,Filled,918.72,"buy" 
2011-11-01T14:00:00Z,CROX,17.86,58,Market On Close,Filled,1035.88,"buy" 
2011-11-01T14:00:00Z,CRUS,16.23,62,Market On Close,Filled,1006.26,"buy" 
2011-11-01T14:00:00Z,GME,25.04,40,Market On Close,Filled,1001.6,"buy" 
2011-11-01T14:00:00Z,IDT,12,50,Market On Close,Filled,600,"adjust" 
2011-11-01T14:00:00Z,LHCG,15.38,16,Market On Close,Filled,246.08,"adjust" 
2011-11-01T14:00:00Z,MLR,19.31,50,Market On Close,Filled,965.5,"buy" 
2011-11-01T14:00:00Z,MXIM,25.57,39,Market On Close,Filled,997.23,"buy" 
2011-11-01T14:00:00Z,SPPI,10.91,93,Market On Close,Filled,1014.63,"buy" 
2011-12-01T15:00:00Z,APU,43.87,-24,Market On Close,Filled,-1052.88,"band" 
2011-12-01T15:00:00Z,CNC,38.33,-7,Market On Close,Filled,-268.31,"adjust" 
2011-12-01T15:00:00Z,LHCG,13.93,-65,Market On Close,Filled,-905.45,"band" 
2011-12-01T15:00:00Z,LSCC,6.97,-47,Market On Close,Filled,-327.59,"adjust" 
2011-12-01T15:00:00Z,MIC,26.1,-8,Market On Close,Filled,-208.8,"adjust" 
2011-12-01T15:00:00Z,SPPI,14.21,-21,Market On Close,Filled,-298.41,"adjust" 
2011-12-01T15:00:00Z,SSP,8.35,-134,Market On Close,Filled,-1118.9,"band" 
2011-12-01T15:00:00Z,UGI,29.76,-31,Market On Close,Filled,-922.56,"band" 
2011-12-01T15:00:00Z,VECO,25.14,-36,Market On Close,Filled,-905.04,"band" 
2011-12-01T15:00:00Z,CECO,7.24,83,Market On Close,Filled,600.92,"adjust" 
2011-12-01T15:00:00Z,CF,146.98,7,Market On Close,Filled,1028.86,"buy" 
2011-12-01T15:00:00Z,CVI,18.06,20,Market On Close,Filled,361.2,"adjust" 
2011-12-01T15:00:00Z,DV,34.71,7,Market On Close,Filled,242.97,"adjust" 
2011-12-01T15:00:00Z,HOC,23.43,43,Market On Close,Filled,1007.49,"buy" 
2011-12-01T15:00:00Z,LINC,7.47,35,Market On Close,Filled,261.45,"adjust" 
2011-12-01T15:00:00Z,LZB,11.59,101,Market On Close,Filled,1170.59,"buy" 
2011-12-01T15:00:00Z,MERC,5.74,39,Market On Close,Filled,223.86,"adjust" 
2011-12-01T15:00:00Z,SXI,31.72,31,Market On Close,Filled,983.32,"buy" 
2011-12-01T15:00:00Z,UACL,13.7,73,Market On Close,Filled,1000.1,"buy" 
2012-01-03T15:00:00Z,DV,38.75,-29,Market On Close,Filled,-1123.75,"band" 
2012-01-03T15:00:00Z,GCO,58.66,-4,Market On Close,Filled,-234.64,"adjust" 
2012-01-03T15:00:00Z,IDT,9.55,-90,Market On Close,Filled,-859.5,"band" 
2012-01-03T15:00:00Z,MERC,6.49,-170,Market On Close,Filled,-1103.3,"band" 
2012-01-03T15:00:00Z,MIC,28.21,-38,Market On Close,Filled,-1071.98,"band" 
2012-01-03T15:00:00Z,MVO,40.66,-26,Market On Close,Filled,-1057.16,"band" 
2012-01-03T15:00:00Z,OYOG,78.81,-13,Market On Close,Filled,-1024.53,"band" 
2012-01-03T15:00:00Z,KAI,22.55,-50,Market On Close,Filled,-1127.5,"band" 
2012-01-03T15:00:00Z,UACL,17.85,-18,Market On Close,Filled,-321.3,"adjust" 
2012-01-03T15:00:00Z,WTI,22.32,-52,Market On Close,Filled,-1160.64,"band" 
2012-01-03T15:00:00Z,DECK,76.45,4,Market On Close,Filled,305.8,"adjust" 
2012-01-03T15:00:00Z,DSW,42.27,22,Market On Close,Filled,929.94,"buy" 
2012-01-03T15:00:00Z,ED,60.64,16,Market On Close,Filled,970.24,"buy" 
2012-01-03T15:00:00Z,NEU,201.06,5,Market On Close,Filled,1005.3,"buy" 
2012-01-03T15:00:00Z,INTC,24.54,41,Market On Close,Filled,1006.14,"buy" 
2012-01-03T15:00:00Z,KLAC,47.46,21,Market On Close,Filled,996.66,"buy" 
2012-01-03T15:00:00Z,MLR,15.83,14,Market On Close,Filled,221.62,"adjust" 
2012-01-03T15:00:00Z,OXM,43.37,22,Market On Close,Filled,954.14,"buy" 
2012-01-03T15:00:00Z,SMP,21,50,Market On Close,Filled,1050,"buy" 
2012-01-03T15:00:00Z,TDY,55.82,18,Market On Close,Filled,1004.76,"buy" 
2012-02-01T15:00:00Z,ATO,32.62,-27,Market On Close,Filled,-880.74,"band" 
2012-02-01T15:00:00Z,CECO,11.12,-32,Market On Close,Filled,-355.84,"adjust" 
2012-02-01T15:00:00Z,CROX,19.79,-58,Market On Close,Filled,-1147.82,"band" 
2012-02-01T15:00:00Z,CRUS,20.68,-62,Market On Close,Filled,-1282.16,"band" 
2012-02-01T15:00:00Z,CVI,25.58,-11,Market On Close,Filled,-281.38,"adjust" 
2012-02-01T15:00:00Z,DECK,83.6,-13,Market On Close,Filled,-1086.8,"band" 
2012-02-01T15:00:00Z,LZB,13.75,-17,Market On Close,Filled,-233.75,"adjust" 
2012-02-01T15:00:00Z,SHOO,41.09,-5,Market On Close,Filled,-205.45,"adjust" 
2012-02-01T15:00:00Z,WLK,59.94,-7,Market On Close,Filled,-419.58,"adjust" 
2012-02-01T15:00:00Z,BBSI,20.31,57,Market On Close,Filled,1157.67,"buy" 
2012-02-01T15:00:00Z,DDS,43.89,5,Market On Close,Filled,219.45,"adjust" 
2012-02-01T15:00:00Z,LLY,39.8,28,Market On Close,Filled,1114.4,"buy" 
2012-02-01T15:00:00Z,MSM,77.24,14,Market On Close,Filled,1081.36,"buy" 
2012-02-01T15:00:00Z,NR,8.17,136,Market On Close,Filled,1111.12,"buy" 
2012-02-01T15:00:00Z,RES,15.34,28,Market On Close,Filled,429.52,"adjust" 
2012-02-01T15:00:00Z,USPH,21.53,10,Market On Close,Filled,215.3,"adjust" 
2012-03-01T15:00:00Z,BRKS,11.95,-19,Market On Close,Filled,-227.05,"adjust" 
2012-03-01T15:00:00Z,CECO,8.63,-110,Market On Close,Filled,-949.3,"band" 
2012-03-01T15:00:00Z,DDS,60.43,-7,Market On Close,Filled,-423.01,"adjust" 
2012-03-01T15:00:00Z,HOC,33.6,-8,Market On Close,Filled,-268.8,"adjust" 
2012-03-01T15:00:00Z,FL,29.51,-10,Market On Close,Filled,-295.1,"adjust" 
2012-03-01T15:00:00Z,GME,23.84,10,Market On Close,Filled,238.4,"adjust" 
2012-03-01T15:00:00Z,ICFI,24.88,44,Market On Close,Filled,1094.72,"buy" 
2012-03-01T15:00:00Z,UACL,15.46,18,Market On Close,Filled,278.28,"adjust" 
2012-04-02T14:00:00Z,B,26.96,-43,Market On Close,Filled,-1159.28,"universe" 
2012-04-02T14:00:00Z,KLIC,12.65,-23,Market On Close,Filled,-290.95,"adjust" 
2012-04-02T14:00:00Z,LINC,7.91,-137,Market On Close,Filled,-1083.67,"band" 
2012-04-02T14:00:00Z,RBIN,51.1,-6,Market On Close,Filled,-306.6,"adjust" 
2012-04-02T14:00:00Z,RES,10.41,-109,Market On Close,Filled,-1134.69,"band" 
2012-04-02T14:00:00Z,RGR,51.1,-7,Market On Close,Filled,-357.7,"adjust" 
2012-04-02T14:00:00Z,UNH,59.12,-4,Market On Close,Filled,-236.48,"adjust" 
2012-04-02T14:00:00Z,CMTL,33.85,36,Market On Close,Filled,1218.6,"buy" 
2012-04-02T14:00:00Z,DISCA,50.99,23,Market On Close,Filled,1172.77,"buy" 
2012-04-02T14:00:00Z,DISH,33.58,35,Market On Close,Filled,1175.3,"buy" 
2012-04-02T14:00:00Z,ED,58.55,4,Market On Close,Filled,234.2,"adjust" 
2012-04-02T14:00:00Z,LG,39.63,7,Market On Close,Filled,277.41,"adjust" 
2012-04-02T14:00:00Z,LSCC,6.6,36,Market On Close,Filled,237.6,"adjust" 
2012-04-02T14:00:00Z,SPPI,12.6,20,Market On Close,Filled,252,"adjust" 
2012-04-02T14:00:00Z,OTL,31.8,7,Market On Close,Filled,222.6,"adjust" 
2012-04-02T14:00:00Z,SMP,17.39,16,Market On Close,Filled,278.24,"adjust" 
2012-05-01T14:00:00Z,CF,195.21,-2,Market On Close,Filled,-390.42,"adjust" 
2012-05-01T14:00:00Z,LLY,41.24,-28,Market On Close,Filled,-1154.72,"expired" 
2012-05-01T14:00:00Z,NR,6.31,-136,Market On Close,Filled,-858.16,"expired" 
2012-05-01T14:00:00Z,OIS,79.75,-14,Market On Close,Filled,-1116.5,"band" 
2012-05-01T14:00:00Z,OTL,29.94,-38,Market On Close,Filled,-1137.72,"band" 
2012-05-01T14:00:00Z,RBIN,48.6,-23,Market On Close,Filled,-1117.8,"expired" 
2012-05-01T14:00:00Z,SXI,43.64,-5,Market On Close,Filled,-218.2,"adjust" 
2012-05-01T14:00:00Z,USMO,12.75,-74,Market On Close,Filled,-943.5,"expired" 
2012-05-01T14:00:00Z,USNA,37.78,-6,Market On Close,Filled,-226.68,"adjust" 
2012-05-01T14:00:00Z,AAPL,582.13,1,Market On Close,Filled,582.13,"buy" 
2012-05-01T14:00:00Z,EGY,9.38,127,Market On Close,Filled,1191.26,"buy" 
2012-05-01T14:00:00Z,MGLN,43.85,6,Market On Close,Filled,263.1,"adjust" 
2012-05-01T14:00:00Z,RSC,27.16,41,Market On Close,Filled,1113.56,"buy" 
2012-05-01T14:00:00Z,SCHL,29.47,37,Market On Close,Filled,1090.39,"buy" 
2012-05-01T14:00:00Z,STMP,28.88,39,Market On Close,Filled,1126.32,"buy" 
2012-05-01T14:00:00Z,SYNA,30.99,37,Market On Close,Filled,1146.63,"buy" 
2012-06-01T14:00:00Z,DAR,14.07,-71,Market On Close,Filled,-998.97,"band" 
2012-06-01T14:00:00Z,DDS,66.21,-3,Market On Close,Filled,-198.63,"adjust" 
2012-06-01T14:00:00Z,DSW,57.26,-22,Market On Close,Filled,-1259.72,"expired" 
2012-06-01T14:00:00Z,LSCC,4.29,-182,Market On Close,Filled,-780.78,"universe" 
2012-06-01T14:00:00Z,MRO,23.89,-35,Market On Close,Filled,-836.15,"band" 
2012-06-01T14:00:00Z,RSC,17.76,-41,Market On Close,Filled,-728.16,"expired" 
2012-06-01T14:00:00Z,USPH,23.98,-11,Market On Close,Filled,-263.78,"adjust" 
2012-06-01T14:00:00Z,AEE,32.04,32,Market On Close,Filled,1025.28,"buy" 
2012-06-01T14:00:00Z,ALG,29.65,34,Market On Close,Filled,1008.1,"buy" 
2012-06-01T14:00:00Z,ICUI,50.66,20,Market On Close,Filled,1013.2,"buy" 
2012-06-01T14:00:00Z,NUS,41.44,24,Market On Close,Filled,994.56,"buy" 
2012-06-01T14:00:00Z,PETS,11.17,93,Market On Close,Filled,1038.81,"buy" 
2012-07-02T14:00:00Z,LXU,30.85,-31,Market On Close,Filled,-956.35,"band" 
2012-07-02T14:00:00Z,SPPI,16,-23,Market On Close,Filled,-368,"adjust" 
2012-07-02T14:00:00Z,CNC,29.89,10,Market On Close,Filled,298.9,"adjust" 
2012-07-02T14:00:00Z,KLIC,8.9,27,Market On Close,Filled,240.3,"adjust" 
2012-07-02T14:00:00Z,MOV,25.34,43,Market On Close,Filled,1089.62,"buy" 
2012-07-02T14:00:00Z,SHOO,31.69,7,Market On Close,Filled,221.83,"adjust" 
2012-07-02T14:00:00Z,UFS,76.95,3,Market On Close,Filled,230.85,"adjust" 
2012-08-01T14:00:00Z,BBSI,25.71,-15,Market On Close,Filled,-385.65,"adjust" 
2012-08-01T14:00:00Z,CNC,37.48,-36,Market On Close,Filled,-1349.28,"band" 
2012-08-01T14:00:00Z,NEU,234.41,-1,Market On Close,Filled,-234.41,"adjust" 
2012-08-01T14:00:00Z,HOC,37.15,-6,Market On Close,Filled,-222.9,"adjust" 
2012-08-01T14:00:00Z,KLIC,10.87,-21,Market On Close,Filled,-228.27,"adjust" 
2012-08-01T14:00:00Z,OXM,42.21,-22,Market On Close,Filled,-928.62,"band" 
2012-08-01T14:00:00Z,PETS,9.6,-93,Market On Close,Filled,-892.8,"expired" 
2012-08-01T14:00:00Z,SCVL,21.54,-10,Market On Close,Filled,-215.4,"adjust" 
2012-08-01T14:00:00Z,SHOO,39.41,-34,Market On Close,Filled,-1339.94,"band" 
2012-08-01T14:00:00Z,BRKS,9.02,24,Market On Close,Filled,216.48,"adjust" 
2012-08-01T14:00:00Z,GCI,14.16,78,Market On Close,Filled,1104.48,"buy" 
2012-08-01T14:00:00Z,GME,16.07,19,Market On Close,Filled,305.33,"adjust" 
2012-08-01T14:00:00Z,HHS,6.17,175,Market On Close,Filled,1079.75,"buy" 
2012-08-01T14:00:00Z,NC,100.02,11,Market On Close,Filled,1100.22,"buy" 
2012-08-01T14:00:00Z,RCII,35.15,31,Market On Close,Filled,1089.65,"buy" 
2012-08-01T14:00:00Z,STMP,20.11,13,Market On Close,Filled,261.43,"adjust" 
2012-09-04T14:00:00Z,HHS,7.2,-175,Market On Close,Filled,-1260,"band" 
2012-09-04T14:00:00Z,MLR,15.51,-64,Market On Close,Filled,-992.64,"band" 
2012-09-04T14:00:00Z,MOV,36.36,-11,Market On Close,Filled,-399.96,"adjust" 
2012-09-04T14:00:00Z,WLK,69.35,-3,Market On Close,Filled,-208.05,"adjust" 
2012-09-04T14:00:00Z,FL,35.46,-6,Market On Close,Filled,-212.76,"adjust" 
2012-09-04T14:00:00Z,EGY,7.39,27,Market On Close,Filled,199.53,"adjust" 
2012-09-04T14:00:00Z,SPPI,12.18,26,Market On Close,Filled,316.68,"adjust" 
2012-09-04T14:00:00Z,NHC,44.88,25,Market On Close,Filled,1122,"buy" 
2012-09-04T14:00:00Z,VLGEA,33.76,34,Market On Close,Filled,1147.84,"buy" 
2012-10-01T14:00:00Z,BRKS,7.81,-119,Market On Close,Filled,-929.39,"band" 
2012-10-01T14:00:00Z,CMTL,27.74,-36,Market On Close,Filled,-998.64,"band" 
2012-10-01T14:00:00Z,CVI,40.18,-13,Market On Close,Filled,-522.34,"adjust" 
2012-10-01T14:00:00Z,DISCA,59.98,-4,Market On Close,Filled,-239.92,"adjust" 
2012-10-01T14:00:00Z,ED,59.48,-20,Market On Close,Filled,-1189.6,"band" 
2012-10-01T14:00:00Z,GCI,17.97,-12,Market On Close,Filled,-215.64,"adjust" 
2012-10-01T14:00:00Z,GME,21.24,-14,Market On Close,Filled,-297.36,"adjust" 
2012-10-01T14:00:00Z,MGLN,51.48,-4,Market On Close,Filled,-205.92,"adjust" 
2012-10-01T14:00:00Z,NC,43.47,-2,Market On Close,Filled,-86.94,"adjust" 
2012-10-01T14:00:00Z,SCHL,32.07,-37,Market On Close,Filled,-1186.59,"expired" 
2012-10-01T14:00:00Z,STMP,23.26,-52,Market On Close,Filled,-1209.52,"band" 
2012-10-01T14:00:00Z,DK,25.98,46,Market On Close,Filled,1195.08,"buy" 
2012-10-01T14:00:00Z,ENS,35.5,33,Market On Close,Filled,1171.5,"buy" 
2012-10-01T14:00:00Z,FTK,12.9,92,Market On Close,Filled,1186.8,"buy" 
2012-10-01T14:00:00Z,ICFI,20.25,14,Market On Close,Filled,283.5,"adjust" 
2012-10-01T14:00:00Z,INTC,22.76,10,Market On Close,Filled,227.6,"adjust" 
2012-10-01T14:00:00Z,MKSI,25.13,10,Market On Close,Filled,251.3,"adjust" 
2012-10-01T14:00:00Z,MSM,67.18,3,Market On Close,Filled,201.54,"adjust" 
2012-10-01T14:00:00Z,NUS,40.5,6,Market On Close,Filled,243,"adjust" 
2012-10-01T14:00:00Z,PLPC,56.41,4,Market On Close,Filled,225.64,"adjust" 
2012-10-01T14:00:00Z,SYNA,22.87,11,Market On Close,Filled,251.57,"adjust" 
2012-10-01T14:00:00Z,WCC,57.72,20,Market On Close,Filled,1154.4,"buy" 
2012-10-01T14:00:00Z,WDC,38.12,30,Market On Close,Filled,1143.6,"buy" 
2012-11-01T14:00:00Z,AIT,40.94,-29,Market On Close,Filled,-1187.26,"expired" 
2012-11-01T14:00:00Z,MYGN,26.86,-50,Market On Close,Filled,-1343,"expired" 
2012-11-01T14:00:00Z,NUS,48.94,-30,Market On Close,Filled,-1468.2,"band" 
2012-11-01T14:00:00Z,PLPC,54.1,-21,Market On Close,Filled,-1136.1,"band" 
2012-11-01T14:00:00Z,SXI,50.79,-26,Market On Close,Filled,-1320.54,"expired" 
2012-11-01T14:00:00Z,SYNA,23.65,-48,Market On Close,Filled,-1135.2,"band" 
2012-11-01T14:00:00Z,AEOS,21.29,55,Market On Close,Filled,1170.95,"buy" 
2012-11-01T14:00:00Z,CALM,43.74,27,Market On Close,Filled,1180.98,"buy" 
2012-11-01T14:00:00Z,CHS,19.45,62,Market On Close,Filled,1205.9,"buy" 
2012-11-01T14:00:00Z,DLTR,40.38,7,Market On Close,Filled,282.66,"adjust" 
2012-11-01T14:00:00Z,EGHT,6.52,178,Market On Close,Filled,1160.56,"buy" 
2012-11-01T14:00:00Z,GCO,56.96,4,Market On Close,Filled,227.84,"adjust" 
2012-11-01T14:00:00Z,MGEE,52.12,22,Market On Close,Filled,1146.64,"buy" 
2012-11-01T14:00:00Z,NC,52,14,Market On Close,Filled,728,"adjust" 
2012-11-01T14:00:00Z,AWR,44.24,26,Market On Close,Filled,1150.24,"buy" 
2012-12-03T15:00:00Z,AEE,29.58,-32,Market On Close,Filled,-946.56,"band" 
2012-12-03T15:00:00Z,CVI,45.83,-5,Market On Close,Filled,-229.15,"adjust" 
2012-12-03T15:00:00Z,DLTR,41.34,-29,Market On Close,Filled,-1198.86,"band" 
2012-12-03T15:00:00Z,GME,25.83,-9,Market On Close,Filled,-232.47,"adjust" 
2012-12-03T15:00:00Z,MKSI,24.02,-46,Market On Close,Filled,-1104.92,"band" 
2012-12-03T15:00:00Z,SPPI,11.74,-95,Market On Close,Filled,-1115.3,"band" 
2012-12-03T15:00:00Z,AAPL,586.14,1,Market On Close,Filled,586.14,"adjust" 
2012-12-03T15:00:00Z,CVX,104.72,2,Market On Close,Filled,209.44,"adjust" 
2012-12-03T15:00:00Z,GIII,37.56,31,Market On Close,Filled,1164.36,"buy" 
2012-12-03T15:00:00Z,KLAC,45.39,5,Market On Close,Filled,226.95,"adjust" 
2012-12-03T15:00:00Z,LHCG,19.48,62,Market On Close,Filled,1207.76,"buy" 
2012-12-03T15:00:00Z,PETS,11.55,104,Market On Close,Filled,1201.2,"buy" 
2012-12-03T15:00:00Z,SAIA,21.04,55,Market On Close,Filled,1157.2,"buy" 
2012-12-03T15:00:00Z,WDC,33.43,6,Market On Close,Filled,200.58,"adjust" 
2013-01-02T15:00:00Z,BBSI,38.95,-10,Market On Close,Filled,-389.5,"adjust" 
2013-01-02T15:00:00Z,DISH,37.01,-35,Market On Close,Filled,-1295.35,"band" 
2013-01-02T15:00:00Z,GCO,56.03,-20,Market On Close,Filled,-1120.6,"band" 
2013-01-02T15:00:00Z,GME,25.66,-46,Market On Close,Filled,-1180.36,"band" 
2013-01-02T15:00:00Z,INTC,21.38,-51,Market On Close,Filled,-1090.38,"band" 
2013-01-02T15:00:00Z,MSM,77,-17,Market On Close,Filled,-1309,"expired" 
2013-01-02T15:00:00Z,SMP,22.61,-11,Market On Close,Filled,-248.71,"adjust" 
2013-01-02T15:00:00Z,TDY,66.66,-18,Market On Close,Filled,-1199.88,"band" 
2013-01-02T15:00:00Z,UACL,18.43,-73,Market On Close,Filled,-1345.39,"band" 
2013-01-02T15:00:00Z,UNH,54.54,-19,Market On Close,Filled,-1036.26,"band" 
2013-01-02T15:00:00Z,WDC,43.44,-8,Market On Close,Filled,-347.52,"adjust" 
2013-01-02T15:00:00Z,CF,207.24,1,Market On Close,Filled,207.24,"adjust" 
2013-01-02T15:00:00Z,CTB,26.22,48,Market On Close,Filled,1258.56,"buy" 
2013-01-02T15:00:00Z,GPS,31.37,39,Market On Close,Filled,1223.43,"buy" 
2013-01-02T15:00:00Z,HVT,16.68,75,Market On Close,Filled,1251,"buy" 
2013-01-02T15:00:00Z,IPAR,19.89,63,Market On Close,Filled,1253.07,"buy" 
2013-01-02T15:00:00Z,MED,26.29,46,Market On Close,Filled,1209.34,"buy" 
2013-01-02T15:00:00Z,MOV,30.53,8,Market On Close,Filled,244.24,"adjust" 
2013-01-02T15:00:00Z,MYGN,27.68,45,Market On Close,Filled,1245.6,"buy" 
2013-01-02T15:00:00Z,PNM,21.09,59,Market On Close,Filled,1244.31,"buy" 
2013-01-02T15:00:00Z,SCVL,20.43,11,Market On Close,Filled,224.73,"adjust" 
2013-01-02T15:00:00Z,UGI,33.3,37,Market On Close,Filled,1232.1,"buy" 
2013-01-02T15:00:00Z,USNA,32.88,10,Market On Close,Filled,328.8,"adjust" 
2013-02-01T15:00:00Z,CF,229.96,-1,Market On Close,Filled,-229.96,"adjust" 
2013-02-01T15:00:00Z,CVI,53.58,-5,Market On Close,Filled,-267.9,"adjust" 
2013-02-01T15:00:00Z,DK,34.22,-8,Market On Close,Filled,-273.76,"adjust" 
2013-02-01T15:00:00Z,HOC,52.77,-5,Market On Close,Filled,-263.85,"adjust" 
2013-02-01T15:00:00Z,KLIC,11.65,-100,Market On Close,Filled,-1165,"expired" 
2013-02-01T15:00:00Z,LG,40.13,-30,Market On Close,Filled,-1203.9,"expired" 
2013-02-01T15:00:00Z,NC,65.73,-4,Market On Close,Filled,-262.92,"adjust" 
2013-02-01T15:00:00Z,WCC,72.9,-3,Market On Close,Filled,-218.7,"adjust" 
2013-02-01T15:00:00Z,CRUS,28.48,45,Market On Close,Filled,1281.6,"buy" 
2013-02-01T15:00:00Z,NEU,258.61,1,Market On Close,Filled,258.61,"adjust" 
2013-02-01T15:00:00Z,RES,15.2,86,Market On Close,Filled,1307.2,"buy" 
2013-02-01T15:00:00Z,USPH,24.85,9,Market On Close,Filled,223.65,"adjust" 
2013-03-01T15:00:00Z,AAPL,430.51,-2,Market On Close,Filled,-861.02,"band" 
2013-03-01T15:00:00Z,IPAR,25.54,-11,Market On Close,Filled,-280.94,"adjust" 
2013-03-01T15:00:00Z,LZB,18.34,-13,Market On Close,Filled,-238.42,"adjust" 
2013-03-01T15:00:00Z,SAIA,31.53,-15,Market On Close,Filled,-472.95,"adjust" 
2013-03-01T15:00:00Z,UFS,74.65,-14,Market On Close,Filled,-1045.1,"band" 
2013-03-01T15:00:00Z,USNA,43.74,-8,Market On Close,Filled,-349.92,"adjust" 
2013-03-01T15:00:00Z,BKE,44.55,6,Market On Close,Filled,267.3,"adjust" 
2013-03-01T15:00:00Z,CALM,40.81,5,Market On Close,Filled,204.05,"adjust" 
2013-03-01T15:00:00Z,CF,201.5,1,Market On Close,Filled,201.5,"adjust" 
2013-03-01T15:00:00Z,CHS,16.96,15,Market On Close,Filled,254.4,"adjust" 
2013-03-01T15:00:00Z,CRUS,23.39,9,Market On Close,Filled,210.51,"adjust" 
2013-03-01T15:00:00Z,EGHT,6.67,37,Market On Close,Filled,246.79,"adjust" 
2013-03-01T15:00:00Z,LNDC,11.16,118,Market On Close,Filled,1316.88,"buy" 
2013-03-01T15:00:00Z,MED,23.92,10,Market On Close,Filled,239.2,"adjust" 
2013-03-01T15:00:00Z,KAI,24.87,53,Market On Close,Filled,1318.11,"buy" 
2013-04-01T14:00:00Z,BBSI,51.53,-7,Market On Close,Filled,-360.71,"adjust" 
2013-04-01T14:00:00Z,EGY,7.38,-154,Market On Close,Filled,-1136.52,"band" 
2013-04-01T14:00:00Z,HVT,20.47,-10,Market On Close,Filled,-204.7,"adjust" 
2013-04-01T14:00:00Z,ICFI,26.6,-9,Market On Close,Filled,-239.4,"adjust" 
2013-04-01T14:00:00Z,LNDC,13.82,-25,Market On Close,Filled,-345.5,"adjust" 
2013-04-01T14:00:00Z,AEOS,18.46,17,Market On Close,Filled,313.82,"adjust" 
2013-04-01T14:00:00Z,CVI,51.88,5,Market On Close,Filled,259.4,"adjust" 
2013-04-01T14:00:00Z,KWR,58.96,22,Market On Close,Filled,1297.12,"buy" 
2013-04-01T14:00:00Z,MGLN,48.72,6,Market On Close,Filled,292.32,"adjust" 
2013-04-01T14:00:00Z,MYGN,25.12,8,Market On Close,Filled,200.96,"adjust" 
2013-04-01T14:00:00Z,NC,52.97,6,Market On Close,Filled,317.82,"adjust" 
2013-04-01T14:00:00Z,VLGEA,33.24,6,Market On Close,Filled,199.44,"adjust" 
2013-04-01T14:00:00Z,FL,33.82,6,Market On Close,Filled,202.92,"adjust" 
2013-05-01T14:00:00Z,CRUS,18.89,-54,Market On Close,Filled,-1020.06,"band" 
2013-05-01T14:00:00Z,GCI,19.94,-66,Market On Close,Filled,-1316.04,"expired" 
2013-05-01T14:00:00Z,MGLN,50.09,-28,Market On Close,Filled,-1402.52,"expired" 
2013-05-01T14:00:00Z,NHC,45.03,-25,Market On Close,Filled,-1125.75,"expired" 
2013-05-01T14:00:00Z,RGR,49.62,-23,Market On Close,Filled,-1141.26,"band" 
2013-05-01T14:00:00Z,SAIA,40.18,-7,Market On Close,Filled,-281.26,"adjust" 
2013-05-01T14:00:00Z,SMP,29.97,-11,Market On Close,Filled,-329.67,"adjust" 
2013-05-01T14:00:00Z,USNA,54.93,-5,Market On Close,Filled,-274.65,"adjust" 
2013-05-01T14:00:00Z,WCC,68.02,-17,Market On Close,Filled,-1156.34,"band" 
2013-05-01T14:00:00Z,WDC,54.8,-4,Market On Close,Filled,-219.2,"adjust" 
2013-05-01T14:00:00Z,IDCC,43.45,30,Market On Close,Filled,1303.5,"buy" 
2013-05-01T14:00:00Z,IDT,13.86,92,Market On Close,Filled,1275.12,"buy" 
2013-05-01T14:00:00Z,OTL,41.85,31,Market On Close,Filled,1297.35,"buy" 
2013-05-01T14:00:00Z,POWL,47.07,27,Market On Close,Filled,1270.89,"buy" 
2013-05-01T14:00:00Z,RCII,34.61,8,Market On Close,Filled,276.88,"adjust" 
2013-05-01T14:00:00Z,RES,13.27,17,Market On Close,Filled,225.59,"adjust" 
2013-05-01T14:00:00Z,RS,63.31,21,Market On Close,Filled,1329.51,"buy" 
2013-05-01T14:00:00Z,SIX,72.2,18,Market On Close,Filled,1299.6,"buy" 
2013-06-03T14:00:00Z,CHS,17.86,-77,Market On Close,Filled,-1375.22,"expired" 
2013-06-03T14:00:00Z,DDS,91.44,-15,Market On Close,Filled,-1371.6,"expired" 
2013-06-03T14:00:00Z,EGHT,8.28,-39,Market On Close,Filled,-322.92,"adjust" 
2013-06-03T14:00:00Z,MOV,36,-40,Market On Close,Filled,-1440,"band" 
2013-06-03T14:00:00Z,MYGN,31.82,-8,Market On Close,Filled,-254.56,"adjust" 
2013-06-03T14:00:00Z,SCVL,24.64,-60,Market On Close,Filled,-1478.4,"band" 
2013-06-03T14:00:00Z,USNA,67.3,-4,Market On Close,Filled,-269.2,"adjust" 
2013-06-03T14:00:00Z,USPH,28.9,-52,Market On Close,Filled,-1502.8,"band" 
2013-06-03T14:00:00Z,APU,46.41,31,Market On Close,Filled,1438.71,"buy" 
2013-06-03T14:00:00Z,BGFV,20.25,72,Market On Close,Filled,1458,"buy" 
2013-06-03T14:00:00Z,CTB,25.35,8,Market On Close,Filled,202.8,"adjust" 
2013-06-03T14:00:00Z,GCI,20.8,67,Market On Close,Filled,1393.6,"buy" 
2013-06-03T14:00:00Z,HOC,48.18,5,Market On Close,Filled,240.9,"adjust" 
2013-06-03T14:00:00Z,MGEE,55.01,5,Market On Close,Filled,275.05,"adjust" 
2013-06-03T14:00:00Z,MXIM,29.32,10,Market On Close,Filled,293.2,"adjust" 
2013-06-03T14:00:00Z,SPH,46.38,30,Market On Close,Filled,1391.4,"buy" 
2013-06-03T14:00:00Z,VLO,40.25,35,Market On Close,Filled,1408.75,"buy" 
2013-07-01T14:00:00Z,CTB,33.27,-13,Market On Close,Filled,-432.51,"adjust" 
2013-07-01T14:00:00Z,FTK,17.85,-12,Market On Close,Filled,-214.2,"adjust" 
2013-07-01T14:00:00Z,GCI,25.21,-9,Market On Close,Filled,-226.89,"adjust" 
2013-07-01T14:00:00Z,GPS,42.8,-5,Market On Close,Filled,-214,"adjust" 
2013-07-01T14:00:00Z,IDT,19.31,-16,Market On Close,Filled,-308.96,"adjust" 
2013-07-01T14:00:00Z,CF,170.28,2,Market On Close,Filled,340.56,"adjust" 
2013-07-01T14:00:00Z,DK,28.04,11,Market On Close,Filled,308.44,"adjust" 
2013-07-01T14:00:00Z,ENTG,9.44,27,Market On Close,Filled,254.88,"adjust" 
2013-07-01T14:00:00Z,LHCG,19.68,11,Market On Close,Filled,216.48,"adjust" 
2013-07-01T14:00:00Z,MYGN,27.32,8,Market On Close,Filled,218.56,"adjust" 
2013-07-01T14:00:00Z,VLO,34.25,6,Market On Close,Filled,205.5,"adjust" 
2013-08-01T14:00:00Z,AEOS,19.92,-72,Market On Close,Filled,-1434.24,"band" 
2013-08-01T14:00:00Z,BBSI,72.22,-4,Market On Close,Filled,-288.88,"adjust" 
2013-08-01T14:00:00Z,ENS,53.78,-5,Market On Close,Filled,-268.9,"adjust" 
2013-08-01T14:00:00Z,MED,27.27,-56,Market On Close,Filled,-1527.12,"band" 
2013-08-01T14:00:00Z,PETS,16.93,-13,Market On Close,Filled,-220.09,"adjust" 
2013-08-01T14:00:00Z,PNM,23.76,-59,Market On Close,Filled,-1401.84,"band" 
2013-08-01T14:00:00Z,RCII,40.5,-39,Market On Close,Filled,-1579.5,"band" 
2013-08-01T14:00:00Z,KAI,32.95,-7,Market On Close,Filled,-230.65,"adjust" 
2013-08-01T14:00:00Z,VLGEA,37.25,-40,Market On Close,Filled,-1490,"band" 
2013-08-01T14:00:00Z,WLK,104.84,-2,Market On Close,Filled,-209.68,"adjust" 
2013-08-01T14:00:00Z,CVI,48.54,6,Market On Close,Filled,291.24,"adjust" 
2013-08-01T14:00:00Z,DV,30.63,50,Market On Close,Filled,1531.5,"buy" 
2013-08-01T14:00:00Z,FSLR,48.15,31,Market On Close,Filled,1492.65,"buy" 
2013-08-01T14:00:00Z,HNRG,7.8,194,Market On Close,Filled,1513.2,"buy" 
2013-08-01T14:00:00Z,IDCC,41.03,8,Market On Close,Filled,328.24,"adjust" 
2013-08-01T14:00:00Z,MPC,75.09,20,Market On Close,Filled,1501.8,"buy" 
2013-08-01T14:00:00Z,OSK,46.56,34,Market On Close,Filled,1583.04,"buy" 
2013-08-01T14:00:00Z,TER,16.89,19,Market On Close,Filled,320.91,"adjust" 
2013-09-03T14:00:00Z,CALM,45.83,-32,Market On Close,Filled,-1466.56,"band" 
2013-09-03T14:00:00Z,ENTG,9.42,-153,Market On Close,Filled,-1441.26,"band" 
2013-09-03T14:00:00Z,HNRG,7.4,-194,Market On Close,Filled,-1435.6,"universe" 
2013-09-03T14:00:00Z,KLAC,55.38,-26,Market On Close,Filled,-1439.88,"band" 
2013-09-03T14:00:00Z,LHCG,22.63,-10,Market On Close,Filled,-226.3,"adjust" 
2013-09-03T14:00:00Z,TER,15.44,-92,Market On Close,Filled,-1420.48,"band" 
2013-09-03T14:00:00Z,BGFV,16.55,14,Market On Close,Filled,231.7,"adjust" 
2013-09-03T14:00:00Z,BKH,47.18,30,Market On Close,Filled,1415.4,"buy" 
2013-09-03T14:00:00Z,DK,25.31,9,Market On Close,Filled,227.79,"adjust" 
2013-09-03T14:00:00Z,FF,16.72,89,Market On Close,Filled,1488.08,"buy" 
2013-09-03T14:00:00Z,FSLR,36.87,8,Market On Close,Filled,294.96,"adjust" 
2013-09-03T14:00:00Z,LNDC,13,16,Market On Close,Filled,208,"adjust" 
2013-09-03T14:00:00Z,PLUS,54.35,27,Market On Close,Filled,1467.45,"buy" 
2013-09-03T14:00:00Z,SIX,33.25,7,Market On Close,Filled,232.75,"adjust" 
2013-09-03T14:00:00Z,UACL,25.5,57,Market On Close,Filled,1453.5,"buy" 
2013-09-03T14:00:00Z,USMO,13.92,102,Market On Close,Filled,1419.84,"buy" 
2013-10-01T14:00:00Z,CF,210.97,-1,Market On Close,Filled,-210.97,"adjust" 
2013-10-01T14:00:00Z,EGHT,10.53,-27,Market On Close,Filled,-284.31,"adjust" 
2013-10-01T14:00:00Z,ENS,61.49,-4,Market On Close,Filled,-245.96,"adjust" 
2013-10-01T14:00:00Z,FTK,23.46,-15,Market On Close,Filled,-351.9,"adjust" 
2013-10-01T14:00:00Z,GIII,55,-4,Market On Close,Filled,-220,"adjust" 
2013-10-01T14:00:00Z,ICFI,35.94,-7,Market On Close,Filled,-251.58,"adjust" 
2013-10-01T14:00:00Z,IDCC,37.7,-38,Market On Close,Filled,-1432.6,"band" 
2013-10-01T14:00:00Z,MGEE,54.74,-27,Market On Close,Filled,-1477.98,"band" 
2013-10-01T14:00:00Z,SIX,33.92,-43,Market On Close,Filled,-1458.56,"band" 
2013-10-01T14:00:00Z,USNA,89.1,-3,Market On Close,Filled,-267.3,"adjust" 
2013-10-01T14:00:00Z,CVI,38.81,7,Market On Close,Filled,271.67,"adjust" 
2013-10-01T14:00:00Z,DK,21.25,13,Market On Close,Filled,276.25,"adjust" 
2013-10-01T14:00:00Z,HOC,41.83,6,Market On Close,Filled,250.98,"adjust" 
2013-10-01T14:00:00Z,KIRK,18.7,81,Market On Close,Filled,1514.7,"buy" 
2013-10-01T14:00:00Z,MYGN,25.31,11,Market On Close,Filled,278.41,"adjust" 
2013-10-01T14:00:00Z,SWM,60.85,24,Market On Close,Filled,1460.4,"buy" 
2013-10-01T14:00:00Z,SYNA,45.92,34,Market On Close,Filled,1561.28,"buy" 
2013-11-01T14:00:00Z,BBSI,89.19,-3,Market On Close,Filled,-267.57,"adjust" 
2013-11-01T14:00:00Z,DK,25.26,-71,Market On Close,Filled,-1793.46,"band" 
2013-11-01T14:00:00Z,DV,34.91,-50,Market On Close,Filled,-1745.5,"expired" 
2013-11-01T14:00:00Z,EGHT,11.21,-149,Market On Close,Filled,-1670.29,"band" 
2013-11-01T14:00:00Z,FSLR,59.07,-8,Market On Close,Filled,-472.56,"adjust" 
2013-11-01T14:00:00Z,HVT,28.29,-9,Market On Close,Filled,-254.61,"adjust" 
2013-11-01T14:00:00Z,ICUI,60.86,-20,Market On Close,Filled,-1217.2,"band" 
2013-11-01T14:00:00Z,IPAR,35.26,-8,Market On Close,Filled,-282.08,"adjust" 
2013-11-01T14:00:00Z,LNDC,11.7,-109,Market On Close,Filled,-1275.3,"band" 
2013-11-01T14:00:00Z,RES,18.31,-18,Market On Close,Filled,-329.58,"adjust" 
2013-11-01T14:00:00Z,SYNA,45.49,-34,Market On Close,Filled,-1546.66,"expired" 
2013-11-01T14:00:00Z,HES,80.93,19,Market On Close,Filled,1537.67,"buy" 
2013-11-01T14:00:00Z,CVX,118.01,2,Market On Close,Filled,236.02,"adjust" 
2013-11-01T14:00:00Z,CTB,25.91,17,Market On Close,Filled,440.47,"adjust" 
2013-11-01T14:00:00Z,GPS,36.78,8,Market On Close,Filled,294.24,"adjust" 
2013-11-01T14:00:00Z,GTE,7.6,206,Market On Close,Filled,1565.6,"buy" 
2013-11-01T14:00:00Z,HHS,7.98,196,Market On Close,Filled,1564.08,"buy" 
2013-11-01T14:00:00Z,LHCG,20.66,13,Market On Close,Filled,268.58,"adjust" 
2013-11-01T14:00:00Z,PETS,14.85,14,Market On Close,Filled,207.9,"adjust" 
2013-11-01T14:00:00Z,PPC,14.07,110,Market On Close,Filled,1547.7,"buy" 
2013-11-01T14:00:00Z,USNA,69.78,5,Market On Close,Filled,348.9,"adjust" 
2013-11-01T14:00:00Z,UTHR,90.34,17,Market On Close,Filled,1535.78,"buy" 
2013-11-01T14:00:00Z,WNC,11.6,134,Market On Close,Filled,1554.4,"buy" 
2013-11-01T14:00:00Z,FL,34.99,6,Market On Close,Filled,209.94,"adjust" 
2013-12-02T15:00:00Z,ALG,57.13,-6,Market On Close,Filled,-342.78,"adjust" 
2013-12-02T15:00:00Z,CF,217.01,-7,Market On Close,Filled,-1519.07,"band" 
2013-12-02T15:00:00Z,CTB,24.39,-60,Market On Close,Filled,-1463.4,"band" 
2013-12-02T15:00:00Z,FSLR,59.81,-4,Market On Close,Filled,-239.24,"adjust" 
2013-12-02T15:00:00Z,GPS,41.58,-42,Market On Close,Filled,-1746.36,"band" 
2013-12-02T15:00:00Z,KIRK,25.5,-17,Market On Close,Filled,-433.5,"adjust" 
2013-12-02T15:00:00Z,LZB,28.99,-15,Market On Close,Filled,-434.85,"adjust" 
2013-12-02T15:00:00Z,MYGN,26.98,-9,Market On Close,Filled,-242.82,"adjust" 
2013-12-02T15:00:00Z,NC,63.46,-25,Market On Close,Filled,-1586.5,"band" 
2013-12-02T15:00:00Z,POWL,65.5,-3,Market On Close,Filled,-196.5,"adjust" 
2013-12-02T15:00:00Z,KAI,40.75,-7,Market On Close,Filled,-285.25,"adjust" 
2013-12-02T15:00:00Z,VLO,46.83,-5,Market On Close,Filled,-234.15,"adjust" 
2013-12-02T15:00:00Z,WDC,75.44,-3,Market On Close,Filled,-226.32,"adjust" 
2013-12-02T15:00:00Z,ABFS,33.63,50,Market On Close,Filled,1681.5,"buy" 
2013-12-02T15:00:00Z,APU,42.37,7,Market On Close,Filled,296.59,"adjust" 
2013-12-02T15:00:00Z,FSS,15.3,105,Market On Close,Filled,1606.5,"buy" 
2013-12-02T15:00:00Z,FTK,20.57,13,Market On Close,Filled,267.41,"adjust" 
2013-12-02T15:00:00Z,MTRX,21.82,74,Market On Close,Filled,1614.68,"buy" 
2013-12-02T15:00:00Z,MXIM,28.22,8,Market On Close,Filled,225.76,"adjust" 
2013-12-02T15:00:00Z,SPH,45.07,5,Market On Close,Filled,225.35,"adjust" 
2013-12-02T15:00:00Z,SWM,50.73,7,Market On Close,Filled,355.11,"adjust" 
2013-12-02T15:00:00Z,SYNA,50.27,32,Market On Close,Filled,1608.64,"buy" 
2014-01-02T15:00:00Z,CVI,43.68,-39,Market On Close,Filled,-1703.52,"band" 
2014-01-02T15:00:00Z,GIII,71.42,-5,Market On Close,Filled,-357.1,"adjust" 
2014-01-02T15:00:00Z,UTHR,110.9,-3,Market On Close,Filled,-332.7,"adjust" 
2014-01-02T15:00:00Z,FL,40.77,-5,Market On Close,Filled,-203.85,"adjust" 
2014-01-02T15:00:00Z,FF,15.99,17,Market On Close,Filled,271.83,"adjust" 
2014-01-02T15:00:00Z,GME,49.65,34,Market On Close,Filled,1688.1,"buy" 
2014-01-02T15:00:00Z,ICFI,34.45,6,Market On Close,Filled,206.7,"adjust" 
2014-01-02T15:00:00Z,IDT,17.7,17,Market On Close,Filled,300.9,"adjust" 
2014-01-02T15:00:00Z,MYGN,21.72,25,Market On Close,Filled,543,"adjust" 
2014-01-02T15:00:00Z,OTL,45.74,5,Market On Close,Filled,228.7,"adjust" 
2014-01-02T15:00:00Z,USMO,14.13,15,Market On Close,Filled,211.95,"adjust" 
2014-02-03T15:00:00Z,APU,42.48,-38,Market On Close,Filled,-1614.24,"expired" 
2014-02-03T15:00:00Z,NEU,324.44,-1,Market On Close,Filled,-324.44,"adjust" 
2014-02-03T15:00:00Z,HHS,6.86,-196,Market On Close,Filled,-1344.56,"band" 
2014-02-03T15:00:00Z,MTRX,24.86,-14,Market On Close,Filled,-348.04,"adjust" 
2014-02-03T15:00:00Z,MXIM,29.86,-57,Market On Close,Filled,-1702.02,"band" 
2014-02-03T15:00:00Z,MYGN,27.42,-22,Market On Close,Filled,-603.24,"adjust" 
2014-02-03T15:00:00Z,OTL,41.8,-36,Market On Close,Filled,-1504.8,"band" 
2014-02-03T15:00:00Z,OSK,50.54,-5,Market On Close,Filled,-252.7,"adjust" 
2014-02-03T15:00:00Z,PETS,12.74,-105,Market On Close,Filled,-1337.7,"universe" 
2014-02-03T15:00:00Z,PPC,16.12,-15,Market On Close,Filled,-241.8,"adjust" 
2014-02-03T15:00:00Z,SYNA,55.5,-5,Market On Close,Filled,-277.5,"adjust" 
2014-02-03T15:00:00Z,UGI,42.04,-37,Market On Close,Filled,-1555.48,"expired" 
2014-02-03T15:00:00Z,VLO,48.85,-5,Market On Close,Filled,-244.25,"adjust" 
2014-02-03T15:00:00Z,WDC,83.5,-3,Market On Close,Filled,-250.5,"adjust" 
2014-02-03T15:00:00Z,WNC,13.38,-134,Market On Close,Filled,-1792.92,"band" 
2014-02-03T15:00:00Z,BKE,42.49,7,Market On Close,Filled,297.43,"adjust" 
2014-02-03T15:00:00Z,FSLR,48.35,4,Market On Close,Filled,193.4,"adjust" 
2014-02-03T15:00:00Z,FSS,11.72,25,Market On Close,Filled,293,"adjust" 
2014-02-03T15:00:00Z,GME,33.83,11,Market On Close,Filled,372.13,"adjust" 
2014-02-03T15:00:00Z,KIRK,17.58,21,Market On Close,Filled,369.18,"adjust" 
2014-02-03T15:00:00Z,NUS,82.78,18,Market On Close,Filled,1490.04,"buy" 
2014-02-03T15:00:00Z,NWPX,33.12,45,Market On Close,Filled,1490.4,"buy" 
2014-02-03T15:00:00Z,OSTK,20.72,76,Market On Close,Filled,1574.72,"buy" 
2014-02-03T15:00:00Z,PRFT,20.01,78,Market On Close,Filled,1560.78,"buy" 
2014-02-03T15:00:00Z,SAFM,71.97,21,Market On Close,Filled,1511.37,"buy" 
2014-02-03T15:00:00Z,STMP,38.8,40,Market On Close,Filled,1552,"buy" 
2014-02-03T15:00:00Z,TPL,100.6,15,Market On Close,Filled,1509,"buy" 
2014-02-03T15:00:00Z,USNA,57.62,4,Market On Close,Filled,230.48,"adjust" 
2014-03-03T15:00:00Z,DISCA,82.08,-19,Market On Close,Filled,-1559.52,"band" 
2014-03-03T15:00:00Z,FTK,25.62,-13,Market On Close,Filled,-333.06,"adjust" 
2014-03-03T15:00:00Z,HOC,44.88,-35,Market On Close,Filled,-1570.8,"band" 
2014-03-03T15:00:00Z,ICFI,40.23,-7,Market On Close,Filled,-281.61,"adjust" 
2014-03-03T15:00:00Z,KIRK,17.76,-85,Market On Close,Filled,-1509.6,"universe" 
2014-03-03T15:00:00Z,PLUS,57.05,-27,Market On Close,Filled,-1540.35,"band" 
2014-03-03T15:00:00Z,MTRX,33.06,-9,Market On Close,Filled,-297.54,"adjust" 
2014-03-03T15:00:00Z,MYGN,37.01,-12,Market On Close,Filled,-444.12,"adjust" 
2014-03-03T15:00:00Z,POWL,67.62,-24,Market On Close,Filled,-1622.88,"band" 
2014-03-03T15:00:00Z,TPL,137.91,-3,Market On Close,Filled,-413.73,"adjust" 
2014-03-03T15:00:00Z,USMO,14.37,-117,Market On Close,Filled,-1681.29,"universe" 
2014-03-03T15:00:00Z,USNA,71.94,-4,Market On Close,Filled,-287.76,"adjust" 
2014-03-03T15:00:00Z,WLK,133.92,-2,Market On Close,Filled,-267.84,"adjust" 
2014-03-03T15:00:00Z,ARLP,86.38,19,Market On Close,Filled,1641.22,"buy" 
2014-03-03T15:00:00Z,BBSI,69.95,5,Market On Close,Filled,349.75,"adjust" 
2014-03-03T15:00:00Z,BGFV,14.89,24,Market On Close,Filled,357.36,"adjust" 
2014-03-03T15:00:00Z,DAL,32.59,50,Market On Close,Filled,1629.5,"buy" 
2014-03-03T15:00:00Z,GTE,7.1,30,Market On Close,Filled,213,"adjust" 
2014-03-03T15:00:00Z,LZB,25.37,9,Market On Close,Filled,228.33,"adjust" 
2014-03-03T15:00:00Z,MDU,33.55,49,Market On Close,Filled,1643.95,"buy" 
2014-03-03T15:00:00Z,RGR,63.6,26,Market On Close,Filled,1653.6,"buy" 
2014-03-03T15:00:00Z,RS,68.53,3,Market On Close,Filled,205.59,"adjust" 
2014-03-03T15:00:00Z,STMP,35.55,7,Market On Close,Filled,248.85,"adjust" 
2014-03-03T15:00:00Z,TTWO,20,84,Market On Close,Filled,1680,"buy" 
2014-03-03T15:00:00Z,UGI,44.3,37,Market On Close,Filled,1639.1,"buy" 
2014-03-03T15:00:00Z,UTHR,100.37,2,Market On Close,Filled,200.74,"adjust" 
2014-04-01T14:00:00Z,BBSI,61.41,-23,Market On Close,Filled,-1412.43,"band" 
2014-04-01T14:00:00Z,BGFV,16.17,-110,Market On Close,Filled,-1778.7,"band" 
2014-04-01T14:00:00Z,BKE,46.33,-36,Market On Close,Filled,-1667.88,"band" 
2014-04-01T14:00:00Z,FF,21.05,-22,Market On Close,Filled,-463.1,"adjust" 
2014-04-01T14:00:00Z,FSLR,70.89,-7,Market On Close,Filled,-496.23,"adjust" 
2014-04-01T14:00:00Z,FSS,15.32,-15,Market On Close,Filled,-229.8,"adjust" 
2014-04-01T14:00:00Z,MPC,89.54,-20,Market On Close,Filled,-1790.8,"band" 
2014-04-01T14:00:00Z,NWPX,37.19,-45,Market On Close,Filled,-1673.55,"band" 
2014-04-01T14:00:00Z,PPC,21.14,-13,Market On Close,Filled,-274.82,"adjust" 
2014-04-01T14:00:00Z,SPH,42.01,-35,Market On Close,Filled,-1470.35,"band" 
2014-04-01T14:00:00Z,UACL,28.98,-57,Market On Close,Filled,-1651.86,"band" 
2014-04-01T14:00:00Z,SWKS,37.61,45,Market On Close,Filled,1692.45,"buy" 
2014-04-01T14:00:00Z,BABY,26.59,66,Market On Close,Filled,1754.94,"buy" 
2014-04-01T14:00:00Z,BAH,22.32,78,Market On Close,Filled,1740.96,"buy" 
2014-04-01T14:00:00Z,CORE,74.06,23,Market On Close,Filled,1703.38,"buy" 
2014-04-01T14:00:00Z,EPAM,36.37,52,Market On Close,Filled,1891.24,"buy" 
2014-04-01T14:00:00Z,HP,108.17,15,Market On Close,Filled,1622.55,"buy" 
2014-04-01T14:00:00Z,NP,52.41,33,Market On Close,Filled,1729.53,"buy" 
2014-04-01T14:00:00Z,OSTK,20.35,11,Market On Close,Filled,223.85,"adjust" 
2014-04-01T14:00:00Z,PRFT,18.43,16,Market On Close,Filled,294.88,"adjust" 
2014-04-01T14:00:00Z,SWM,42.51,9,Market On Close,Filled,382.59,"adjust" 
2014-04-01T14:00:00Z,KAI,38.28,8,Market On Close,Filled,306.24,"adjust" 
2014-05-01T14:00:00Z,ABFS,40.57,-7,Market On Close,Filled,-283.99,"adjust" 
2014-05-01T14:00:00Z,NEU,370.44,-4,Market On Close,Filled,-1481.76,"expired" 
2014-05-01T14:00:00Z,MYGN,39.97,-6,Market On Close,Filled,-239.82,"adjust" 
2014-05-01T14:00:00Z,PPC,22.05,-82,Market On Close,Filled,-1808.1,"expired" 
2014-05-01T14:00:00Z,SAIA,41.85,-49,Market On Close,Filled,-2050.65,"band" 
2014-05-01T14:00:00Z,SWM,42.78,-40,Market On Close,Filled,-1711.2,"band" 
2014-05-01T14:00:00Z,ALG,52.95,4,Market On Close,Filled,211.8,"adjust" 
2014-05-01T14:00:00Z,HVT,25.66,11,Market On Close,Filled,282.26,"adjust" 
2014-05-01T14:00:00Z,IDT,15.83,15,Market On Close,Filled,237.45,"adjust" 
2014-05-01T14:00:00Z,KFY,28.8,59,Market On Close,Filled,1699.2,"buy" 
2014-05-01T14:00:00Z,MU,26.25,66,Market On Close,Filled,1732.5,"buy" 
2014-05-01T14:00:00Z,OSTK,15.33,20,Market On Close,Filled,306.6,"adjust" 
2014-05-01T14:00:00Z,TSN,42.41,41,Market On Close,Filled,1738.81,"buy" 
2014-05-01T14:00:00Z,USNA,69.63,3,Market On Close,Filled,208.89,"adjust" 
2014-05-01T14:00:00Z,VMW,92.05,18,Market On Close,Filled,1656.9,"buy" 
2014-06-02T14:00:00Z,SWKS,43.07,-5,Market On Close,Filled,-215.35,"adjust" 
2014-06-02T14:00:00Z,DAL,40.77,-7,Market On Close,Filled,-285.39,"adjust" 
2014-06-02T14:00:00Z,EPAM,42.15,-11,Market On Close,Filled,-463.65,"adjust" 
2014-06-02T14:00:00Z,IDT,16.64,-108,Market On Close,Filled,-1797.12,"band" 
2014-06-02T14:00:00Z,IPAR,29.27,-44,Market On Close,Filled,-1287.88,"band" 
2014-06-02T14:00:00Z,LHCG,20.38,-76,Market On Close,Filled,-1548.88,"band" 
2014-06-02T14:00:00Z,SAFM,95.65,-3,Market On Close,Filled,-286.95,"adjust" 
2014-06-02T14:00:00Z,TPL,158.44,-2,Market On Close,Filled,-316.88,"adjust" 
2014-06-02T14:00:00Z,WLK,81.1,-3,Market On Close,Filled,-243.3,"adjust" 
2014-06-02T14:00:00Z,DECK,78.43,22,Market On Close,Filled,1725.46,"buy" 
2014-06-02T14:00:00Z,FF,16.63,17,Market On Close,Filled,282.71,"adjust" 
2014-06-02T14:00:00Z,FSLR,62.7,4,Market On Close,Filled,250.8,"adjust" 
2014-06-02T14:00:00Z,MOD,14.94,113,Market On Close,Filled,1688.22,"buy" 
2014-06-02T14:00:00Z,MYGN,33.62,12,Market On Close,Filled,403.44,"adjust" 
2014-06-02T14:00:00Z,NUS,73.62,5,Market On Close,Filled,368.1,"adjust" 
2014-06-02T14:00:00Z,PPC,25.92,68,Market On Close,Filled,1762.56,"buy" 
2014-07-01T14:00:00Z,CORE,46.92,-7,Market On Close,Filled,-328.44,"adjust" 
2014-07-01T14:00:00Z,FSLR,70.69,-3,Market On Close,Filled,-212.07,"adjust" 
2014-07-01T14:00:00Z,FTK,32.11,-9,Market On Close,Filled,-288.99,"adjust" 
2014-07-01T14:00:00Z,MU,33.98,-11,Market On Close,Filled,-373.78,"adjust" 
2014-07-01T14:00:00Z,MYGN,39.15,-6,Market On Close,Filled,-234.9,"adjust" 
2014-07-01T14:00:00Z,SYNA,91.88,-7,Market On Close,Filled,-643.16,"adjust" 
2014-07-01T14:00:00Z,FL,51.6,-5,Market On Close,Filled,-258,"adjust" 
2014-07-01T14:00:00Z,ICFI,35.93,10,Market On Close,Filled,359.3,"adjust" 
2014-07-01T14:00:00Z,LZB,23.5,13,Market On Close,Filled,305.5,"adjust" 
2014-07-01T14:00:00Z,RGR,59.46,4,Market On Close,Filled,237.84,"adjust" 
2014-07-01T14:00:00Z,STMP,34.81,7,Market On Close,Filled,243.67,"adjust" 
2014-07-01T14:00:00Z,TSN,37.87,7,Market On Close,Filled,265.09,"adjust" 
2014-07-01T14:00:00Z,UTHR,91.48,4,Market On Close,Filled,365.92,"adjust" 
2014-07-01T14:00:00Z,VLO,50.31,5,Market On Close,Filled,251.55,"adjust" 
2014-08-01T14:00:00Z,SWKS,52.07,-7,Market On Close,Filled,-364.49,"adjust" 
2014-08-01T14:00:00Z,ARLP,49.54,-4,Market On Close,Filled,-198.16,"adjust" 
2014-08-01T14:00:00Z,BABY,27.73,-7,Market On Close,Filled,-194.11,"adjust" 
2014-08-01T14:00:00Z,BAH,22.18,-78,Market On Close,Filled,-1730.04,"band" 
2014-08-01T14:00:00Z,BKH,52.67,-30,Market On Close,Filled,-1580.1,"band" 
2014-08-01T14:00:00Z,DECK,88.74,-3,Market On Close,Filled,-266.22,"adjust" 
2014-08-01T14:00:00Z,MOD,13.25,-113,Market On Close,Filled,-1497.25,"expired" 
2014-08-01T14:00:00Z,NUS,59.03,-23,Market On Close,Filled,-1357.69,"band" 
2014-08-01T14:00:00Z,RES,22.02,-9,Market On Close,Filled,-198.18,"adjust" 
2014-08-01T14:00:00Z,AWR,30.79,-52,Market On Close,Filled,-1601.08,"band" 
2014-08-01T14:00:00Z,ABFS,33.8,11,Market On Close,Filled,371.8,"adjust" 
2014-08-01T14:00:00Z,HVT,22.78,10,Market On Close,Filled,227.8,"adjust" 
2014-08-01T14:00:00Z,HURN,60.45,28,Market On Close,Filled,1692.6,"buy" 
2014-08-01T14:00:00Z,LSCC,6.86,252,Market On Close,Filled,1728.72,"buy" 
2014-08-01T14:00:00Z,MTRX,26.71,13,Market On Close,Filled,347.23,"adjust" 
2014-08-01T14:00:00Z,NJR,50.74,33,Market On Close,Filled,1674.42,"buy" 
2014-08-01T14:00:00Z,OSK,46.31,8,Market On Close,Filled,370.48,"adjust" 
2014-08-01T14:00:00Z,PEG,35.5,49,Market On Close,Filled,1739.5,"buy" 
2014-08-01T14:00:00Z,SYNA,78.11,3,Market On Close,Filled,234.33,"adjust" 
2014-08-01T14:00:00Z,ZBRA,80.31,21,Market On Close,Filled,1686.51,"buy" 
2014-09-02T14:00:00Z,HES,100.53,-2,Market On Close,Filled,-201.06,"adjust" 
2014-09-02T14:00:00Z,ALG,49.03,-32,Market On Close,Filled,-1568.96,"band" 
2014-09-02T14:00:00Z,FF,14,-101,Market On Close,Filled,-1414,"band" 
2014-09-02T14:00:00Z,GTE,6.61,-236,Market On Close,Filled,-1559.96,"band" 
2014-09-02T14:00:00Z,LZB,21.81,-78,Market On Close,Filled,-1701.18,"band" 
2014-09-02T14:00:00Z,OSK,49.6,-37,Market On Close,Filled,-1835.2,"band" 
2014-09-02T14:00:00Z,PPC,30.59,-8,Market On Close,Filled,-244.72,"adjust" 
2014-09-02T14:00:00Z,PRFT,17.59,-94,Market On Close,Filled,-1653.46,"band" 
2014-09-02T14:00:00Z,RGR,51.09,-30,Market On Close,Filled,-1532.7,"band" 
2014-09-02T14:00:00Z,TPL,212,-1,Market On Close,Filled,-212,"adjust" 
2014-09-02T14:00:00Z,UTHR,115.22,-5,Market On Close,Filled,-576.1,"adjust" 
2014-09-02T14:00:00Z,WLK,97.96,-3,Market On Close,Filled,-293.88,"adjust" 
2014-09-02T14:00:00Z,APU,46.41,39,Market On Close,Filled,1809.99,"buy" 
2014-09-02T14:00:00Z,CALM,81.34,22,Market On Close,Filled,1789.48,"buy" 
2014-09-02T14:00:00Z,DDS,113.29,15,Market On Close,Filled,1699.35,"buy" 
2014-09-02T14:00:00Z,ENS,64.23,4,Market On Close,Filled,256.92,"adjust" 
2014-09-02T14:00:00Z,EPAM,37.54,6,Market On Close,Filled,225.24,"adjust" 
2014-09-02T14:00:00Z,FTK,27.35,8,Market On Close,Filled,218.8,"adjust" 
2014-09-02T14:00:00Z,GPRE,44.68,40,Market On Close,Filled,1787.2,"buy" 
2014-09-02T14:00:00Z,HP,103.82,2,Market On Close,Filled,207.64,"adjust" 
2014-09-02T14:00:00Z,MDU,31.42,8,Market On Close,Filled,251.36,"adjust" 
2014-09-02T14:00:00Z,RSC,106.48,16,Market On Close,Filled,1703.68,"buy" 
2014-09-02T14:00:00Z,UHS,114.66,15,Market On Close,Filled,1719.9,"buy" 
2014-09-02T14:00:00Z,AVA,32.15,55,Market On Close,Filled,1768.25,"buy" 
2014-10-01T14:00:00Z,ABFS,35.41,-8,Market On Close,Filled,-283.28,"adjust" 
2014-10-01T14:00:00Z,SWKS,53.31,-4,Market On Close,Filled,-213.24,"adjust" 
2014-10-01T14:00:00Z,CALM,87.8,-3,Market On Close,Filled,-263.4,"adjust" 
2014-10-01T14:00:00Z,CORE,51.69,-7,Market On Close,Filled,-361.83,"adjust" 
2014-10-01T14:00:00Z,EPAM,43.11,-47,Market On Close,Filled,-2026.17,"band" 
2014-10-01T14:00:00Z,ICFI,30.43,-51,Market On Close,Filled,-1551.93,"band" 
2014-10-01T14:00:00Z,MDU,27.43,-57,Market On Close,Filled,-1563.51,"band" 
2014-10-01T14:00:00Z,RS,67.32,-24,Market On Close,Filled,-1615.68,"band" 
2014-10-01T14:00:00Z,TTWO,22.4,-9,Market On Close,Filled,-201.6,"adjust" 
2014-10-01T14:00:00Z,UTHR,130.44,-2,Market On Close,Filled,-260.88,"adjust" 
2014-10-01T14:00:00Z,FL,54.82,-4,Market On Close,Filled,-219.28,"adjust" 
2014-10-01T14:00:00Z,ARLP,42.8,6,Market On Close,Filled,256.8,"adjust" 
2014-10-01T14:00:00Z,EGY,8.6,204,Market On Close,Filled,1754.4,"buy" 
2014-10-01T14:00:00Z,EW,103.39,16,Market On Close,Filled,1654.24,"buy" 
2014-10-01T14:00:00Z,FSS,12.71,16,Market On Close,Filled,203.36,"adjust" 
2014-10-01T14:00:00Z,GPRE,35.3,6,Market On Close,Filled,211.8,"adjust" 
2014-10-01T14:00:00Z,KFY,24.21,10,Market On Close,Filled,242.1,"adjust" 
2014-10-01T14:00:00Z,OFIX,30.38,56,Market On Close,Filled,1701.28,"buy" 
2014-10-01T14:00:00Z,PSX,79.63,21,Market On Close,Filled,1672.23,"buy" 
2014-10-01T14:00:00Z,RSC,69.94,7,Market On Close,Filled,489.58,"adjust" 
2014-10-01T14:00:00Z,SMP,34.12,6,Market On Close,Filled,204.72,"adjust" 
2014-10-01T14:00:00Z,ZBRA,68.21,3,Market On Close,Filled,204.63,"adjust" 
2014-11-03T15:00:00Z,BABY,33.86,-7,Market On Close,Filled,-237.02,"adjust" 
2014-11-03T15:00:00Z,ENS,62.46,-28,Market On Close,Filled,-1748.88,"band" 
2014-11-03T15:00:00Z,EW,119.93,-2,Market On Close,Filled,-239.86,"adjust" 
2014-11-03T15:00:00Z,HURN,69.04,-3,Market On Close,Filled,-207.12,"adjust" 
2014-11-03T15:00:00Z,NP,61.73,-4,Market On Close,Filled,-246.92,"adjust" 
2014-11-03T15:00:00Z,OSTK,23.59,-30,Market On Close,Filled,-707.7,"adjust" 
2014-11-03T15:00:00Z,PEG,41.61,-6,Market On Close,Filled,-249.66,"adjust" 
2014-11-03T15:00:00Z,STMP,36.96,-54,Market On Close,Filled,-1995.84,"band" 
2014-11-03T15:00:00Z,SYNA,65.72,-23,Market On Close,Filled,-1511.56,"expired" 
2014-11-03T15:00:00Z,TTWO,25.83,-8,Market On Close,Filled,-206.64,"adjust" 
2014-11-03T15:00:00Z,UGI,37.94,-8,Market On Close,Filled,-303.52,"adjust" 
2014-11-03T15:00:00Z,USNA,115.22,-10,Market On Close,Filled,-1152.2,"adjust" 
2014-11-03T15:00:00Z,HES,83.26,4,Market On Close,Filled,333.04,"adjust" 
2014-11-03T15:00:00Z,CHE,104.64,17,Market On Close,Filled,1778.88,"buy" 
2014-11-03T15:00:00Z,EGY,7.05,37,Market On Close,Filled,260.85,"adjust" 
2014-11-03T15:00:00Z,FSLR,58.31,5,Market On Close,Filled,291.55,"adjust" 
2014-11-03T15:00:00Z,FTK,22.3,16,Market On Close,Filled,356.8,"adjust" 
2014-11-03T15:00:00Z,GPRE,34.58,6,Market On Close,Filled,207.48,"adjust" 
2014-11-03T15:00:00Z,HP,84.29,3,Market On Close,Filled,252.87,"adjust" 
2014-11-03T15:00:00Z,INTC,34.31,52,Market On Close,Filled,1784.12,"buy" 
2014-11-03T15:00:00Z,MED,31.98,56,Market On Close,Filled,1790.88,"buy" 
2014-11-03T15:00:00Z,RES,16.17,33,Market On Close,Filled,533.61,"adjust" 
2014-11-03T15:00:00Z,SAFM,84.77,3,Market On Close,Filled,254.31,"adjust" 
2014-11-03T15:00:00Z,UHS,103.44,2,Market On Close,Filled,206.88,"adjust" 
2014-11-03T15:00:00Z,VMW,84.27,3,Market On Close,Filled,252.81,"adjust" 
2014-11-03T15:00:00Z,WLK,71.04,7,Market On Close,Filled,497.28,"adjust" 
2014-12-01T15:00:00Z,ABFS,42.15,-6,Market On Close,Filled,-252.9,"adjust" 
2014-12-01T15:00:00Z,SWKS,65.77,-3,Market On Close,Filled,-197.31,"adjust" 
2014-12-01T15:00:00Z,DAL,45.62,-6,Market On Close,Filled,-273.72,"adjust" 
2014-12-01T15:00:00Z,EGY,5.94,-241,Market On Close,Filled,-1431.54,"universe" 
2014-12-01T15:00:00Z,FSLR,45.76,-30,Market On Close,Filled,-1372.8,"band" 
2014-12-01T15:00:00Z,GIII,83.38,-3,Market On Close,Filled,-250.14,"adjust" 
2014-12-01T15:00:00Z,MU,34.99,-6,Market On Close,Filled,-209.94,"adjust" 
2014-12-01T15:00:00Z,OFIX,28.15,-56,Market On Close,Filled,-1576.4,"expired" 
2014-12-01T15:00:00Z,TSN,41.31,-7,Market On Close,Filled,-289.17,"adjust" 
2014-12-01T15:00:00Z,HES,73.96,3,Market On Close,Filled,221.88,"adjust" 
2014-12-01T15:00:00Z,CVX,111.73,3,Market On Close,Filled,335.19,"adjust" 
2014-12-01T15:00:00Z,HP,69.07,5,Market On Close,Filled,345.35,"adjust" 
2014-12-01T15:00:00Z,METHA,37.5,45,Market On Close,Filled,1687.5,"buy" 
2014-12-01T15:00:00Z,MTRX,20.07,19,Market On Close,Filled,381.33,"adjust" 
2014-12-01T15:00:00Z,MYGN,33.01,6,Market On Close,Filled,198.06,"adjust" 
2014-12-01T15:00:00Z,PSX,71.83,3,Market On Close,Filled,215.49,"adjust" 
2014-12-01T15:00:00Z,RES,12.79,23,Market On Close,Filled,294.17,"adjust" 
2014-12-01T15:00:00Z,RSC,62.78,4,Market On Close,Filled,251.12,"adjust" 
2014-12-01T15:00:00Z,SKX,58.88,28,Market On Close,Filled,1648.64,"buy" 
2014-12-01T15:00:00Z,TPL,136.16,2,Market On Close,Filled,272.32,"adjust" 
2014-12-01T15:00:00Z,TSRA,34.41,51,Market On Close,Filled,1754.91,"buy" 
2015-01-02T15:00:00Z,CORE,60.97,-4,Market On Close,Filled,-243.88,"adjust" 
2015-01-02T15:00:00Z,CPK,49.89,-37,Market On Close,Filled,-1845.93,"band" 
2015-01-02T15:00:00Z,FSS,15.34,-17,Market On Close,Filled,-260.78,"adjust" 
2015-01-02T15:00:00Z,GIII,100,-2,Market On Close,Filled,-200,"adjust" 
2015-01-02T15:00:00Z,GME,33.8,-45,Market On Close,Filled,-1521,"band" 
2015-01-02T15:00:00Z,KFY,28.26,-8,Market On Close,Filled,-226.08,"adjust" 
2015-01-02T15:00:00Z,KWR,90.03,-3,Market On Close,Filled,-270.09,"adjust" 
2015-01-02T15:00:00Z,MTRX,22.24,-83,Market On Close,Filled,-1845.92,"band" 
2015-01-02T15:00:00Z,MU,34.75,-49,Market On Close,Filled,-1702.75,"expired" 
2015-01-02T15:00:00Z,NJR,61.25,-4,Market On Close,Filled,-245,"adjust" 
2015-01-02T15:00:00Z,RES,13.3,-132,Market On Close,Filled,-1755.6,"band" 
2015-01-02T15:00:00Z,KAI,42.38,-6,Market On Close,Filled,-254.28,"adjust" 
2015-01-02T15:00:00Z,UHS,110.97,-2,Market On Close,Filled,-221.94,"adjust" 
2015-01-02T15:00:00Z,WDC,110.43,-2,Market On Close,Filled,-220.86,"adjust" 
2015-01-02T15:00:00Z,CTR,41.97,42,Market On Close,Filled,1762.74,"buy" 
2015-01-02T15:00:00Z,CALM,38.65,7,Market On Close,Filled,270.55,"adjust" 
2015-01-02T15:00:00Z,DV,44.28,37,Market On Close,Filled,1638.36,"buy" 
2015-01-02T15:00:00Z,FTK,18.76,14,Market On Close,Filled,262.64,"adjust" 
2015-01-02T15:00:00Z,GPRE,25.71,19,Market On Close,Filled,488.49,"adjust" 
2015-01-02T15:00:00Z,MIC,70.01,24,Market On Close,Filled,1680.24,"buy" 
2015-01-02T15:00:00Z,SKX,55.74,4,Market On Close,Filled,222.96,"adjust" 
2015-01-02T15:00:00Z,TPL,118.21,4,Market On Close,Filled,472.84,"adjust" 
2015-01-02T15:00:00Z,USNA,102.28,2,Market On Close,Filled,204.56,"adjust" 
2015-01-02T15:00:00Z,WLK,61.69,4,Market On Close,Filled,246.76,"adjust" 
2015-01-02T15:00:00Z,GHC,860.94,2,Market On Close,Filled,1721.88,"buy" 
2015-02-02T15:00:00Z,SWKS,82.02,-26,Market On Close,Filled,-2132.52,"expired" 
2015-02-02T15:00:00Z,APU,51.38,-6,Market On Close,Filled,-308.28,"adjust" 
2015-02-02T15:00:00Z,BABY,37.01,-6,Market On Close,Filled,-222.06,"adjust" 
2015-02-02T15:00:00Z,HVT,24.79,-77,Market On Close,Filled,-1908.83,"band" 
2015-02-02T15:00:00Z,HURN,75.13,-25,Market On Close,Filled,-1878.25,"band" 
2015-02-02T15:00:00Z,MYGN,37.4,-6,Market On Close,Filled,-224.4,"adjust" 
2015-02-02T15:00:00Z,SKX,60.73,-4,Market On Close,Filled,-242.92,"adjust" 
2015-02-02T15:00:00Z,TSN,39.57,-41,Market On Close,Filled,-1622.37,"band" 
2015-02-02T15:00:00Z,TTWO,29.99,-9,Market On Close,Filled,-269.91,"adjust" 
2015-02-02T15:00:00Z,VLO,54.42,-4,Market On Close,Filled,-217.68,"adjust" 
2015-02-02T15:00:00Z,VMW,79.22,-21,Market On Close,Filled,-1663.62,"band" 
2015-02-02T15:00:00Z,GHC,945,-1,Market On Close,Filled,-945,"adjust" 
2015-02-02T15:00:00Z,AVA,37.3,-9,Market On Close,Filled,-335.7,"adjust" 
2015-02-02T15:00:00Z,ZBRA,84.07,-4,Market On Close,Filled,-336.28,"adjust" 
2015-02-02T15:00:00Z,ABFS,38.74,6,Market On Close,Filled,232.44,"adjust" 
2015-02-02T15:00:00Z,BBY,34.97,49,Market On Close,Filled,1713.53,"buy" 
2015-02-02T15:00:00Z,DECK,68.96,7,Market On Close,Filled,482.72,"adjust" 
2015-02-02T15:00:00Z,FTK,16.37,13,Market On Close,Filled,212.81,"adjust" 
2015-02-02T15:00:00Z,HP,63.69,4,Market On Close,Filled,254.76,"adjust" 
2015-02-02T15:00:00Z,IDT,21.59,81,Market On Close,Filled,1748.79,"buy" 
2015-02-02T15:00:00Z,KWR,80.51,3,Market On Close,Filled,241.53,"adjust" 
2015-02-02T15:00:00Z,MU,28.44,59,Market On Close,Filled,1677.96,"buy" 
2015-02-02T15:00:00Z,KFRC,23.67,74,Market On Close,Filled,1751.58,"buy" 
2015-02-02T15:00:00Z,RSC,59.57,4,Market On Close,Filled,238.28,"adjust" 
2015-02-02T15:00:00Z,USPH,39,44,Market On Close,Filled,1716,"buy" 
2015-03-02T15:00:00Z,CHE,117.88,-2,Market On Close,Filled,-235.76,"adjust" 
2015-03-02T15:00:00Z,CORE,64.3,-3,Market On Close,Filled,-192.9,"adjust" 
2015-03-02T15:00:00Z,DAL,45.39,-37,Market On Close,Filled,-1679.43,"band" 
2015-03-02T15:00:00Z,FTK,16.73,-107,Market On Close,Filled,-1790.11,"band" 
2015-03-02T15:00:00Z,GCI,35.84,-7,Market On Close,Filled,-250.88,"adjust" 
2015-03-02T15:00:00Z,HP,65.71,-29,Market On Close,Filled,-1905.59,"band" 
2015-03-02T15:00:00Z,MED,32.35,-56,Market On Close,Filled,-1811.6,"universe" 
2015-03-02T15:00:00Z,SMP,42.33,-50,Market On Close,Filled,-2116.5,"band" 
2015-03-02T15:00:00Z,TPL,138.25,-2,Market On Close,Filled,-276.5,"adjust" 
2015-03-02T15:00:00Z,TSRA,41.93,-6,Market On Close,Filled,-251.58,"adjust" 
2015-03-02T15:00:00Z,TTWO,26.06,-58,Market On Close,Filled,-1511.48,"band" 
2015-03-02T15:00:00Z,UTHR,155.42,-2,Market On Close,Filled,-310.84,"adjust" 
2015-03-02T15:00:00Z,ARLP,38.49,6,Market On Close,Filled,230.94,"adjust" 
2015-03-02T15:00:00Z,CRMT,53.9,34,Market On Close,Filled,1832.6,"buy" 
2015-03-02T15:00:00Z,CNC,62.14,29,Market On Close,Filled,1802.06,"buy" 
2015-03-02T15:00:00Z,DEPO,23.06,83,Market On Close,Filled,1913.98,"buy" 
2015-03-02T15:00:00Z,DV,36.94,12,Market On Close,Filled,443.28,"adjust" 
2015-03-02T15:00:00Z,KLIC,16.33,113,Market On Close,Filled,1845.29,"buy" 
2015-03-02T15:00:00Z,MYGN,33.49,7,Market On Close,Filled,234.43,"adjust" 
2015-03-02T15:00:00Z,UGI,33.09,6,Market On Close,Filled,198.54,"adjust" 
2015-03-02T15:00:00Z,UNH,114.4,16,Market On Close,Filled,1830.4,"buy" 
2015-03-02T15:00:00Z,AVA,33.17,7,Market On Close,Filled,232.19,"adjust" 
2015-03-02T15:00:00Z,ZUMZ,38,46,Market On Close,Filled,1748,"buy" 
2015-04-01T14:00:00Z,CNC,70.47,-3,Market On Close,Filled,-211.41,"adjust" 
2015-04-01T14:00:00Z,DDS,137.88,-2,Market On Close,Filled,-275.76,"adjust" 
2015-04-01T14:00:00Z,DV,34,-49,Market On Close,Filled,-1666,"band" 
2015-04-01T14:00:00Z,EW,140.7,-2,Market On Close,Filled,-281.4,"adjust" 
2015-04-01T14:00:00Z,METHA,46.99,-6,Market On Close,Filled,-281.94,"adjust" 
2015-04-01T14:00:00Z,OSTK,24.06,-77,Market On Close,Filled,-1852.62,"band" 
2015-04-01T14:00:00Z,SKX,72.92,-3,Market On Close,Filled,-218.76,"adjust" 
2015-04-01T14:00:00Z,KAI,53.73,-6,Market On Close,Filled,-322.38,"adjust" 
2015-04-01T14:00:00Z,USPH,47.67,-6,Market On Close,Filled,-286.02,"adjust" 
2015-04-01T14:00:00Z,WLK,71.67,-4,Market On Close,Filled,-286.68,"adjust" 
2015-04-01T14:00:00Z,ZBRA,89.56,-20,Market On Close,Filled,-1791.2,"band" 
2015-04-01T14:00:00Z,HES,69.18,3,Market On Close,Filled,207.54,"adjust" 
2015-04-01T14:00:00Z,APU,47.1,5,Market On Close,Filled,235.5,"adjust" 
2015-04-01T14:00:00Z,ARLP,32.99,9,Market On Close,Filled,296.91,"adjust" 
2015-04-01T14:00:00Z,CENX,14.12,133,Market On Close,Filled,1877.96,"buy" 
2015-04-01T14:00:00Z,IDT,18.98,23,Market On Close,Filled,436.54,"adjust" 
2015-04-01T14:00:00Z,INTC,30.81,7,Market On Close,Filled,215.67,"adjust" 
2015-04-01T14:00:00Z,LSCC,6.28,39,Market On Close,Filled,244.92,"adjust" 
2015-04-01T14:00:00Z,MU,27.13,9,Market On Close,Filled,244.17,"adjust" 
2015-04-01T14:00:00Z,PPC,23.76,21,Market On Close,Filled,498.96,"adjust" 
2015-04-01T14:00:00Z,UEPS,13.5,135,Market On Close,Filled,1822.5,"buy" 
2015-04-01T14:00:00Z,VDSI,21.73,85,Market On Close,Filled,1847.05,"buy" 
2015-04-01T14:00:00Z,WDC,92.35,4,Market On Close,Filled,369.4,"adjust" 
2015-05-01T14:00:00Z,HES,75.78,-4,Market On Close,Filled,-303.12,"adjust" 
2015-05-01T14:00:00Z,CALM,45.5,-5,Market On Close,Filled,-227.5,"adjust" 
2015-05-01T14:00:00Z,GPRE,31.02,-71,Market On Close,Filled,-2202.42,"expired" 
2015-05-01T14:00:00Z,LSCC,6.12,-291,Market On Close,Filled,-1780.92,"band" 
2015-05-01T14:00:00Z,MIC,82.54,-24,Market On Close,Filled,-1980.96,"expired" 
2015-05-01T14:00:00Z,PEG,41.96,-43,Market On Close,Filled,-1804.28,"expired" 
2015-05-01T14:00:00Z,PPC,25.44,-81,Market On Close,Filled,-2060.64,"expired" 
2015-05-01T14:00:00Z,PSX,81.61,-24,Market On Close,Filled,-1958.64,"expired" 
2015-05-01T14:00:00Z,KFRC,22.73,-74,Market On Close,Filled,-1682.02,"expired" 
2015-05-01T14:00:00Z,SKX,91.67,-5,Market On Close,Filled,-458.35,"adjust" 
2015-05-01T14:00:00Z,UGI,35.1,-53,Market On Close,Filled,-1860.3,"band" 
2015-05-01T14:00:00Z,VDSI,25.43,-14,Market On Close,Filled,-356.02,"adjust" 
2015-05-01T14:00:00Z,BCC,35.4,52,Market On Close,Filled,1840.8,"buy" 
2015-05-01T14:00:00Z,CORE,53.5,9,Market On Close,Filled,481.5,"adjust" 
2015-05-01T14:00:00Z,DK,37.8,49,Market On Close,Filled,1852.2,"buy" 
2015-05-01T14:00:00Z,EW,127.19,2,Market On Close,Filled,254.38,"adjust" 
2015-05-01T14:00:00Z,MDP,52.13,35,Market On Close,Filled,1824.55,"buy" 
2015-05-01T14:00:00Z,PLUS,85.54,22,Market On Close,Filled,1881.88,"buy" 
2015-05-01T14:00:00Z,MPC,102.66,18,Market On Close,Filled,1847.88,"buy" 
2015-05-01T14:00:00Z,NLNK,46.64,41,Market On Close,Filled,1912.24,"buy" 
2015-05-01T14:00:00Z,SAFM,75.26,3,Market On Close,Filled,225.78,"adjust" 
2015-05-01T14:00:00Z,SCHL,41.21,45,Market On Close,Filled,1854.45,"buy" 
2015-05-01T14:00:00Z,AWR,38.6,47,Market On Close,Filled,1814.2,"buy" 
2015-05-01T14:00:00Z,STMP,62.01,29,Market On Close,Filled,1798.29,"buy" 
2015-05-01T14:00:00Z,ZUMZ,31.89,11,Market On Close,Filled,350.79,"adjust" 
2015-06-01T14:00:00Z,HES,66.76,-23,Market On Close,Filled,-1535.48,"band" 
2015-06-01T14:00:00Z,CALM,57.29,-8,Market On Close,Filled,-458.32,"adjust" 
2015-06-01T14:00:00Z,INTC,33.91,-6,Market On Close,Filled,-203.46,"adjust" 
2015-06-01T14:00:00Z,MU,28.42,-68,Market On Close,Filled,-1932.56,"band" 
2015-06-01T14:00:00Z,SKX,106.02,-3,Market On Close,Filled,-318.06,"adjust" 
2015-06-01T14:00:00Z,USNA,129.52,-3,Market On Close,Filled,-388.56,"adjust" 
2015-06-01T14:00:00Z,ABFS,34.95,8,Market On Close,Filled,279.6,"adjust" 
2015-06-01T14:00:00Z,ARLP,30.32,7,Market On Close,Filled,212.24,"adjust" 
2015-06-01T14:00:00Z,CTR,37.1,7,Market On Close,Filled,259.7,"adjust" 
2015-06-01T14:00:00Z,CENX,11.73,33,Market On Close,Filled,387.09,"adjust" 
2015-06-01T14:00:00Z,CVX,102.63,2,Market On Close,Filled,205.26,"adjust" 
2015-06-01T14:00:00Z,DDS,115.92,3,Market On Close,Filled,347.76,"adjust" 
2015-06-01T14:00:00Z,KLIC,13.13,27,Market On Close,Filled,354.51,"adjust" 
2015-06-01T14:00:00Z,LHCG,37.04,50,Market On Close,Filled,1852,"buy" 
2015-07-01T14:00:00Z,CRMT,50.02,-34,Market On Close,Filled,-1700.68,"universe" 
2015-07-01T14:00:00Z,CNC,80.9,-3,Market On Close,Filled,-242.7,"adjust" 
2015-07-01T14:00:00Z,GIII,71.25,-8,Market On Close,Filled,-570,"adjust" 
2015-07-01T14:00:00Z,KFY,35.1,-8,Market On Close,Filled,-280.8,"adjust" 
2015-07-01T14:00:00Z,STMP,72.82,-4,Market On Close,Filled,-291.28,"adjust" 
2015-07-01T14:00:00Z,UEPS,18.68,-34,Market On Close,Filled,-635.12,"adjust" 
2015-07-01T14:00:00Z,UHS,143.09,-2,Market On Close,Filled,-286.18,"adjust" 
2015-07-01T14:00:00Z,USPH,54.8,-5,Market On Close,Filled,-274,"adjust" 
2015-07-01T14:00:00Z,VDSI,29.9,-10,Market On Close,Filled,-299,"adjust" 
2015-07-01T14:00:00Z,FL,67.99,-4,Market On Close,Filled,-271.96,"adjust" 
2015-07-01T14:00:00Z,ABMD,66.16,28,Market On Close,Filled,1852.48,"buy" 
2015-07-01T14:00:00Z,ARLP,25.02,12,Market On Close,Filled,300.24,"adjust" 
2015-07-01T14:00:00Z,BBY,33.47,7,Market On Close,Filled,234.29,"adjust" 
2015-07-01T14:00:00Z,INTC,30.18,7,Market On Close,Filled,211.26,"adjust" 
2015-07-01T14:00:00Z,KLIC,11.75,18,Market On Close,Filled,211.5,"adjust" 
2015-07-01T14:00:00Z,METHA,27.34,28,Market On Close,Filled,765.52,"adjust" 
2015-07-01T14:00:00Z,MIC,82.34,22,Market On Close,Filled,1811.48,"buy" 
2015-07-01T14:00:00Z,NJR,27.57,9,Market On Close,Filled,248.13,"adjust" 
2015-07-01T14:00:00Z,WDC,79.44,3,Market On Close,Filled,238.32,"adjust" 
2015-07-01T14:00:00Z,AVA,30.89,7,Market On Close,Filled,216.23,"adjust" 
2015-07-01T14:00:00Z,ZUMZ,26.93,12,Market On Close,Filled,323.16,"adjust" 
2015-08-03T14:00:00Z,ABMD,77.4,-28,Market On Close,Filled,-2167.2,"expired" 
2015-08-03T14:00:00Z,ARLP,24.43,-74,Market On Close,Filled,-1807.82,"band" 
2015-08-03T14:00:00Z,BABY,44.53,-5,Market On Close,Filled,-222.65,"adjust" 
2015-08-03T14:00:00Z,CHE,149.08,-3,Market On Close,Filled,-447.24,"adjust" 
2015-08-03T14:00:00Z,CORE,62.99,-5,Market On Close,Filled,-314.95,"adjust" 
2015-08-03T14:00:00Z,DDS,100.71,-16,Market On Close,Filled,-1611.36,"band" 
2015-08-03T14:00:00Z,DECK,71.58,-26,Market On Close,Filled,-1861.08,"band" 
2015-08-03T14:00:00Z,DEPO,31.17,-24,Market On Close,Filled,-748.08,"adjust" 
2015-08-03T14:00:00Z,EW,151.09,-2,Market On Close,Filled,-302.18,"adjust" 
2015-08-03T14:00:00Z,NLNK,50.92,-6,Market On Close,Filled,-305.52,"adjust" 
2015-08-03T14:00:00Z,SKX,148.65,-5,Market On Close,Filled,-743.25,"adjust" 
2015-08-03T14:00:00Z,VLO,64.66,-4,Market On Close,Filled,-258.64,"adjust" 
2015-08-03T14:00:00Z,WDC,85.85,-23,Market On Close,Filled,-1974.55,"band" 
2015-08-03T14:00:00Z,WLK,61.84,-25,Market On Close,Filled,-1546,"band" 
2015-08-03T14:00:00Z,AEIS,25.71,71,Market On Close,Filled,1825.41,"buy" 
2015-08-03T14:00:00Z,CENX,8.88,33,Market On Close,Filled,293.04,"adjust" 
2015-08-03T14:00:00Z,CVX,85.6,3,Market On Close,Filled,256.8,"adjust" 
2015-08-03T14:00:00Z,CNC,70.97,3,Market On Close,Filled,212.91,"adjust" 
2015-08-03T14:00:00Z,CRUS,31.43,56,Market On Close,Filled,1760.08,"buy" 
2015-08-03T14:00:00Z,GCI,29.02,12,Market On Close,Filled,348.24,"adjust" 
2015-08-03T14:00:00Z,KLIC,10.09,20,Market On Close,Filled,201.8,"adjust" 
2015-08-03T14:00:00Z,PEG,41.63,44,Market On Close,Filled,1831.72,"buy" 
2015-08-03T14:00:00Z,PSX,78.68,23,Market On Close,Filled,1809.64,"buy" 
2015-08-03T14:00:00Z,RSC,50.43,5,Market On Close,Filled,252.15,"adjust" 
2015-08-03T14:00:00Z,SCVL,27.62,65,Market On Close,Filled,1795.3,"buy" 
2015-08-03T14:00:00Z,KAI,45.1,5,Market On Close,Filled,225.5,"adjust" 
2015-08-03T14:00:00Z,TSRA,34.64,8,Market On Close,Filled,277.12,"adjust" 
2015-08-03T14:00:00Z,VDSI,18.51,30,Market On Close,Filled,555.3,"adjust" 
2015-08-03T14:00:00Z,GHC,688.77,1,Market On Close,Filled,688.77,"adjust" 
2015-09-01T14:00:00Z,BBY,35.45,-8,Market On Close,Filled,-283.6,"adjust" 
2015-09-01T14:00:00Z,CENX,5.32,-199,Market On Close,Filled,-1058.68,"band" 
2015-09-01T14:00:00Z,IDT,15.05,-104,Market On Close,Filled,-1565.2,"universe" 
2015-09-01T14:00:00Z,INTC,27.82,-60,Market On Close,Filled,-1669.2,"band" 
2015-09-01T14:00:00Z,KLIC,10.59,-178,Market On Close,Filled,-1885.02,"band" 
2015-09-01T14:00:00Z,LHCG,44.25,-9,Market On Close,Filled,-398.25,"adjust" 
2015-09-01T14:00:00Z,MYGN,36.65,-53,Market On Close,Filled,-1942.45,"band" 
2015-09-01T14:00:00Z,RSC,50.24,-36,Market On Close,Filled,-1808.64,"universe" 
2015-09-01T14:00:00Z,STMP,79.54,-4,Market On Close,Filled,-318.16,"adjust" 
2015-09-01T14:00:00Z,UEPS,19.8,-15,Market On Close,Filled,-297,"adjust" 
2015-09-01T14:00:00Z,USNA,141.49,-2,Market On Close,Filled,-282.98,"adjust" 
2015-09-01T14:00:00Z,AVA,30.27,-60,Market On Close,Filled,-1816.2,"band" 
2015-09-01T14:00:00Z,ABFS,27.61,7,Market On Close,Filled,193.27,"adjust" 
2015-09-01T14:00:00Z,ABMD,92.78,18,Market On Close,Filled,1670.04,"buy" 
2015-09-01T14:00:00Z,SWKS,83.05,20,Market On Close,Filled,1661,"buy" 
2015-09-01T14:00:00Z,DK,29.44,8,Market On Close,Filled,235.52,"adjust" 
2015-09-01T14:00:00Z,GCI,23.22,11,Market On Close,Filled,255.42,"adjust" 
2015-09-01T14:00:00Z,GMED,23.83,72,Market On Close,Filled,1715.76,"buy" 
2015-09-01T14:00:00Z,HOC,45.28,37,Market On Close,Filled,1675.36,"buy" 
2015-09-01T14:00:00Z,NPK,79.41,21,Market On Close,Filled,1667.61,"buy" 
2015-09-01T14:00:00Z,SUPN,18.83,97,Market On Close,Filled,1826.51,"buy" 
2015-09-01T14:00:00Z,UFPI,58.8,29,Market On Close,Filled,1705.2,"buy" 
2015-09-01T14:00:00Z,USPH,45.26,5,Market On Close,Filled,226.3,"adjust" 
2015-09-01T14:00:00Z,VDSI,15.69,15,Market On Close,Filled,235.35,"adjust" 
2015-09-01T14:00:00Z,VG,5.45,320,Market On Close,Filled,1744,"buy" 
2015-10-01T14:00:00Z,AEIS,26.14,-71,Market On Close,Filled,-1855.94,"band" 
2015-10-01T14:00:00Z,CALM,56.47,-32,Market On Close,Filled,-1807.04,"expired" 
2015-10-01T14:00:00Z,METHA,31.99,-14,Market On Close,Filled,-447.86,"adjust" 
2015-10-01T14:00:00Z,NJR,29.93,-11,Market On Close,Filled,-329.23,"adjust" 
2015-10-01T14:00:00Z,AWR,41.26,-6,Market On Close,Filled,-247.56,"adjust" 
2015-10-01T14:00:00Z,UNH,116.61,-2,Market On Close,Filled,-233.22,"adjust" 
2015-10-01T14:00:00Z,FL,71.15,-4,Market On Close,Filled,-284.6,"adjust" 
2015-10-01T14:00:00Z,BCC,25.04,15,Market On Close,Filled,375.6,"adjust" 
2015-10-01T14:00:00Z,CNC,53.77,5,Market On Close,Filled,268.85,"adjust" 
2015-10-01T14:00:00Z,DEPO,19.24,31,Market On Close,Filled,596.44,"adjust" 
2015-10-01T14:00:00Z,GMED,20.89,10,Market On Close,Filled,208.9,"adjust" 
2015-10-01T14:00:00Z,MDP,41.98,5,Market On Close,Filled,209.9,"adjust" 
2015-10-01T14:00:00Z,NLNK,35.32,12,Market On Close,Filled,423.84,"adjust" 
2015-10-01T14:00:00Z,OTL,47.99,36,Market On Close,Filled,1727.64,"buy" 
2015-10-01T14:00:00Z,SUPN,14.15,24,Market On Close,Filled,339.6,"adjust" 
2015-10-01T14:00:00Z,SYKE,25.38,66,Market On Close,Filled,1675.08,"buy" 
2015-10-01T14:00:00Z,UEPS,16.54,15,Market On Close,Filled,248.1,"adjust" 
2015-10-01T14:00:00Z,UTHR,129.38,2,Market On Close,Filled,258.76,"adjust" 
2015-10-01T14:00:00Z,ZUMZ,15.23,40,Market On Close,Filled,609.2,"adjust" 
2015-11-02T15:00:00Z,BCC,30.55,-67,Market On Close,Filled,-2046.85,"band" 
2015-11-02T15:00:00Z,CORE,80.58,-7,Market On Close,Filled,-564.06,"adjust" 
2015-11-02T15:00:00Z,GCI,27.66,-8,Market On Close,Filled,-221.28,"adjust" 
2015-11-02T15:00:00Z,MDP,47.28,-40,Market On Close,Filled,-1891.2,"expired" 
2015-11-02T15:00:00Z,NP,68.29,-3,Market On Close,Filled,-204.87,"adjust" 
2015-11-02T15:00:00Z,OTL,55.22,-4,Market On Close,Filled,-220.88,"adjust" 
2015-11-02T15:00:00Z,PSX,90.6,-3,Market On Close,Filled,-271.8,"adjust" 
2015-11-02T15:00:00Z,UFPI,74.72,-5,Market On Close,Filled,-373.6,"adjust" 
2015-11-02T15:00:00Z,VDSI,19.32,-106,Market On Close,Filled,-2047.92,"band" 
2015-11-02T15:00:00Z,ZUMZ,17.87,-109,Market On Close,Filled,-1947.83,"band" 
2015-11-02T15:00:00Z,ABFS,26.27,8,Market On Close,Filled,210.16,"adjust" 
2015-11-02T15:00:00Z,ABMD,76.5,6,Market On Close,Filled,459,"adjust" 
2015-11-02T15:00:00Z,SWKS,79.3,3,Market On Close,Filled,237.9,"adjust" 
2015-11-02T15:00:00Z,CALM,54.73,33,Market On Close,Filled,1806.09,"buy" 
2015-11-02T15:00:00Z,DK,28.43,9,Market On Close,Filled,255.87,"adjust" 
2015-11-02T15:00:00Z,DEPO,18.89,12,Market On Close,Filled,226.68,"adjust" 
2015-11-02T15:00:00Z,FIX,31.28,56,Market On Close,Filled,1751.68,"buy" 
2015-11-02T15:00:00Z,GIII,53.11,6,Market On Close,Filled,318.66,"adjust" 
2015-11-02T15:00:00Z,MMSI,19.02,97,Market On Close,Filled,1844.94,"buy" 
2015-11-02T15:00:00Z,SCVL,22.63,15,Market On Close,Filled,339.45,"adjust" 
2015-11-02T15:00:00Z,SKX,31.45,21,Market On Close,Filled,660.45,"adjust" 
2015-11-02T15:00:00Z,WNC,12.38,150,Market On Close,Filled,1857,"buy" 
2015-11-02T15:00:00Z,GHC,577.35,1,Market On Close,Filled,577.35,"adjust" 
2015-11-02T15:00:00Z,FL,68.24,3,Market On Close,Filled,204.72,"adjust" 
2015-12-01T15:00:00Z,ABFS,24.33,-69,Market On Close,Filled,-1678.77,"band" 
2015-12-01T15:00:00Z,GMED,27.73,-15,Market On Close,Filled,-415.95,"adjust" 
2015-12-01T15:00:00Z,MIC,76.47,-22,Market On Close,Filled,-1682.34,"band" 
2015-12-01T15:00:00Z,MPC,59.34,-5,Market On Close,Filled,-296.7,"adjust" 
2015-12-01T15:00:00Z,SCVL,21.78,-80,Market On Close,Filled,-1742.4,"universe" 
2015-12-01T15:00:00Z,STMP,101.32,-3,Market On Close,Filled,-303.96,"adjust" 
2015-12-01T15:00:00Z,SYKE,31.83,-9,Market On Close,Filled,-286.47,"adjust" 
2015-12-01T15:00:00Z,USPH,52.53,-4,Market On Close,Filled,-210.12,"adjust" 
2015-12-01T15:00:00Z,VG,6.48,-35,Market On Close,Filled,-226.8,"adjust" 
2015-12-01T15:00:00Z,VLO,72.57,-3,Market On Close,Filled,-217.71,"adjust" 
2015-12-01T15:00:00Z,APU,38.01,8,Market On Close,Filled,304.08,"adjust" 
2015-12-01T15:00:00Z,BBY,31.37,9,Market On Close,Filled,282.33,"adjust" 
2015-12-01T15:00:00Z,FF,14.41,128,Market On Close,Filled,1844.48,"buy" 
2015-12-01T15:00:00Z,GIII,47.39,8,Market On Close,Filled,379.12,"adjust" 
2015-12-01T15:00:00Z,GME,34.7,52,Market On Close,Filled,1804.4,"buy" 
2015-12-01T15:00:00Z,PARR,24.5,73,Market On Close,Filled,1788.5,"buy" 
2015-12-01T15:00:00Z,UEPS,15.33,20,Market On Close,Filled,306.6,"adjust" 
2015-12-01T15:00:00Z,UHS,125.33,2,Market On Close,Filled,250.66,"adjust" 
2015-12-01T15:00:00Z,UNH,116.26,2,Market On Close,Filled,232.52,"adjust" 
