Time,Symbol,Price,Quantity,Type,Status,Value,Tag
2003-02-03T15:00:00Z,AAON,16.18,30,Market On Close,Filled,485.4,"buy" 
2003-02-03T15:00:00Z,BIO,35.48,14,Market On Close,Filled,496.72,"buy" 
2003-02-03T15:00:00Z,CTR,17.85,27,Market On Close,Filled,481.95,"buy" 
2003-02-03T15:00:00Z,CNXS,6.57,74,Market On Close,Filled,486.18,"buy" 
2003-02-03T15:00:00Z,COLM,35.05,13,Market On Close,Filled,455.65,"buy" 
2003-02-03T15:00:00Z,CW,54.06,9,Market On Close,Filled,486.54,"buy" 
2003-02-03T15:00:00Z,DCO,13.06,37,Market On Close,Filled,483.22,"buy" 
2003-02-03T15:00:00Z,EASI,36.44,13,Market On Close,Filled,473.72,"buy" 
2003-02-03T15:00:00Z,EBF,11.31,44,Market On Close,Filled,497.64,"buy" 
2003-02-03T15:00:00Z,EDEL,11.79,41,Market On Close,Filled,483.39,"buy" 
2003-02-03T15:00:00Z,EGN,29.99,16,Market On Close,Filled,479.84,"buy" 
2003-02-03T15:00:00Z,FAF,22.76,21,Market On Close,Filled,477.96,"buy" 
2003-02-03T15:00:00Z,EXPO,14.54,34,Market On Close,Filled,494.36,"buy" 
2003-02-03T15:00:00Z,FIZ,15.27,32,Market On Close,Filled,488.64,"buy" 
2003-02-03T15:00:00Z,FLXS,15.4,32,Market On Close,Filled,492.8,"buy" 
2003-02-03T15:00:00Z,FOSL,17.94,26,Market On Close,Filled,466.44,"buy" 
2003-02-03T15:00:00Z,GCI,72.01,6,Market On Close,Filled,432.06,"buy" 
2003-02-03T15:00:00Z,HCSG,12.73,37,Market On Close,Filled,471.01,"buy" 
2003-02-03T15:00:00Z,HOV,29.61,16,Market On Close,Filled,473.76,"buy" 
2003-02-03T15:00:00Z,JJSF,27.53,18,Market On Close,Filled,495.54,"buy" 
2003-02-03T15:00:00Z,JOUT,11.97,41,Market On Close,Filled,490.77,"buy" 
2003-02-03T15:00:00Z,NEB,21.96,22,Market On Close,Filled,483.12,"buy" 
2003-02-03T15:00:00Z,NUS,12.14,40,Market On Close,Filled,485.6,"buy" 
2003-02-03T15:00:00Z,NVR,328.08,1,Market On Close,Filled,328.08,"buy" 
2003-02-03T15:00:00Z,OXM,24.02,20,Market On Close,Filled,480.4,"buy" 
2003-02-03T15:00:00Z,PDX,36.24,13,Market On Close,Filled,471.12,"buy" 
2003-02-03T15:00:00Z,POG,31.79,15,Market On Close,Filled,476.85,"buy" 
2003-02-03T15:00:00Z,RAVN,15.68,31,Market On Close,Filled,486.08,"buy" 
2003-02-03T15:00:00Z,RBIN,9.31,53,Market On Close,Filled,493.43,"buy" 
2003-02-03T15:00:00Z,RCII,52.36,9,Market On Close,Filled,471.24,"buy" 
2003-02-03T15:00:00Z,RVFD,24.95,19,Market On Close,Filled,474.05,"buy" 
2003-02-03T15:00:00Z,SGC,12.1,40,Market On Close,Filled,484,"buy" 
2003-02-03T15:00:00Z,SHOO,16.99,28,Market On Close,Filled,475.72,"buy" 
2003-02-03T15:00:00Z,TENT,8.14,62,Market On Close,Filled,504.68,"buy" 
2003-02-03T15:00:00Z,THO,27.44,18,Market On Close,Filled,493.92,"buy" 
2003-02-03T15:00:00Z,ECP,14.05,35,Market On Close,Filled,491.75,"buy" 
2003-02-03T15:00:00Z,TTWO,20.82,23,Market On Close,Filled,478.86,"buy" 
2003-02-03T15:00:00Z,UTMD,17.66,27,Market On Close,Filled,476.82,"buy" 
2003-02-03T15:00:00Z,WMK,31.15,16,Market On Close,Filled,498.4,"buy" 
2003-02-03T15:00:00Z,WSO,15.9,31,Market On Close,Filled,492.9,"buy" 
2003-04-01T15:00:00Z,DCO,10.19,-37,Market On Close,Filled,-377.03,"band" 
2003-04-01T15:00:00Z,EDEL,10.36,-41,Market On Close,Filled,-424.76,"universe" 
2003-04-01T15:00:00Z,RBIN,9.7,-53,Market On Close,Filled,-514.1,"universe" 
2003-04-01T15:00:00Z,ANK,17.2,28,Market On Close,Filled,481.6,"buy" 
2003-04-01T15:00:00Z,GDT,36.83,13,Market On Close,Filled,478.79,"buy" 
2003-04-01T15:00:00Z,MTSC,11.45,44,Market On Close,Filled,503.8,"buy" 
2003-05-01T14:00:00Z,AAON,13.73,-30,Market On Close,Filled,-411.9,"band" 
2003-05-01T14:00:00Z,NVR,352.25,-1,Market On Close,Filled,-352.25,"expired" 
2003-05-01T14:00:00Z,TENT,7.49,-62,Market On Close,Filled,-464.38,"expired" 
2003-05-01T14:00:00Z,BWS,29.65,17,Market On Close,Filled,504.05,"buy" 
2003-05-01T14:00:00Z,RBIN,10.41,48,Market On Close,Filled,499.68,"buy" 
2003-05-01T14:00:00Z,TALK,8.81,58,Market On Close,Filled,510.98,"buy" 
2003-06-02T14:00:00Z,BIO,58.36,-5,Market On Close,Filled,-291.8,"adjust" 
2003-06-02T14:00:00Z,HOV,57.81,-7,Market On Close,Filled,-404.67,"adjust" 
2003-06-02T14:00:00Z,JOUT,11.99,-41,Market On Close,Filled,-491.59,"band" 
2003-06-02T14:00:00Z,OXM,41.2,-7,Market On Close,Filled,-288.4,"adjust" 
2003-06-02T14:00:00Z,RCKY,8.9,62,Market On Close,Filled,551.8,"buy" 
2003-07-01T14:00:00Z,BWS,29.65,-17,Market On Close,Filled,-504.05,"expired" 
2003-07-01T14:00:00Z,CW,63.5,-9,Market On Close,Filled,-571.5,"band" 
2003-07-01T14:00:00Z,TALK,10.46,-58,Market On Close,Filled,-606.68,"band" 
2003-07-01T14:00:00Z,ECP,11.5,-35,Market On Close,Filled,-402.5,"universe" 
2003-07-01T14:00:00Z,FRGO,9.49,60,Market On Close,Filled,569.4,"buy" 
2003-07-01T14:00:00Z,HOFT,25.35,23,Market On Close,Filled,583.05,"buy" 
2003-07-01T14:00:00Z,MSN,6.67,84,Market On Close,Filled,560.28,"buy" 
2003-07-01T14:00:00Z,WDC,11.85,55,Market On Close,Filled,651.75,"buy" 
2003-08-01T14:00:00Z,CNXS,10.98,-19,Market On Close,Filled,-208.62,"adjust" 
2003-08-01T14:00:00Z,JJSF,33.91,-18,Market On Close,Filled,-610.38,"band" 
2003-08-01T14:00:00Z,THO,43.44,-5,Market On Close,Filled,-217.2,"adjust" 
2003-08-01T14:00:00Z,GDYS,8.07,73,Market On Close,Filled,589.11,"buy" 
2003-09-02T14:00:00Z,MSN,3.8,-84,Market On Close,Filled,-319.2,"universe" 
2003-09-02T14:00:00Z,RAVN,26.45,-8,Market On Close,Filled,-211.6,"adjust" 
2003-09-02T14:00:00Z,SAFM,30.25,21,Market On Close,Filled,635.25,"buy" 
2003-10-01T14:00:00Z,NUS,13.23,-40,Market On Close,Filled,-529.2,"band" 
2003-10-01T14:00:00Z,ODP,14.6,45,Market On Close,Filled,657,"buy" 
2003-11-03T15:00:00Z,EASI,47.17,-3,Market On Close,Filled,-141.51,"adjust" 
2003-11-03T15:00:00Z,FLXS,19.5,-32,Market On Close,Filled,-624,"expired" 
2003-11-03T15:00:00Z,OXM,69.84,-3,Market On Close,Filled,-209.52,"adjust" 
2003-11-03T15:00:00Z,RCKY,15.73,-17,Market On Close,Filled,-267.41,"adjust" 
2003-11-03T15:00:00Z,BIO,52.91,4,Market On Close,Filled,211.64,"adjust" 
2003-11-03T15:00:00Z,CRMT,30.24,22,Market On Close,Filled,665.28,"buy" 
2003-11-03T15:00:00Z,FIZ,15.14,15,Market On Close,Filled,227.1,"adjust" 
2003-12-01T15:00:00Z,ANK,27,-28,Market On Close,Filled,-756,"universe" 
2003-12-01T15:00:00Z,HOFT,41.95,-6,Market On Close,Filled,-251.7,"adjust" 
2003-12-01T15:00:00Z,UTMD,22.56,-27,Market On Close,Filled,-609.12,"universe" 
2003-12-01T15:00:00Z,ATRI,49.05,15,Market On Close,Filled,735.75,"buy" 
2003-12-01T15:00:00Z,TALK,10.9,65,Market On Close,Filled,708.5,"buy" 
2004-01-02T15:00:00Z,RCKY,23.1,-13,Market On Close,Filled,-300.3,"adjust" 
2004-01-02T15:00:00Z,RVFD,27.7,-19,Market On Close,Filled,-526.3,"band" 
2004-01-02T15:00:00Z,JCOM,24.86,29,Market On Close,Filled,720.94,"buy" 
2004-02-02T15:00:00Z,MTSC,23.78,-13,Market On Close,Filled,-309.14,"adjust" 
2004-02-02T15:00:00Z,SAFM,49.82,-6,Market On Close,Filled,-298.92,"adjust" 
2004-02-02T15:00:00Z,SHOO,18.67,12,Market On Close,Filled,224.04,"adjust" 
2004-03-01T15:00:00Z,EGN,41.99,-16,Market On Close,Filled,-671.84,"universe" 
2004-03-01T15:00:00Z,NEB,32.04,-22,Market On Close,Filled,-704.88,"band" 
2004-03-01T15:00:00Z,WDC,11.58,-55,Market On Close,Filled,-636.9,"band" 
2004-03-01T15:00:00Z,AHS,18.37,42,Market On Close,Filled,771.54,"buy" 
2004-03-01T15:00:00Z,ASGN,5.79,136,Market On Close,Filled,787.44,"buy" 
2004-03-01T15:00:00Z,CTR,21.3,10,Market On Close,Filled,213,"adjust" 
2004-03-01T15:00:00Z,CALM,37.99,20,Market On Close,Filled,759.8,"buy" 
2004-03-01T15:00:00Z,WMK,32.54,7,Market On Close,Filled,227.78,"adjust" 
2004-04-01T15:00:00Z,ASGN,5.5,-136,Market On Close,Filled,-748,"band" 
2004-04-01T15:00:00Z,ATRI,42.18,-15,Market On Close,Filled,-632.7,"universe" 
2004-04-01T15:00:00Z,FRGO,10.61,-60,Market On Close,Filled,-636.6,"band" 
2004-04-01T15:00:00Z,GDYS,14.5,-18,Market On Close,Filled,-261,"adjust" 
2004-04-01T15:00:00Z,HOFT,23.16,-34,Market On Close,Filled,-787.44,"expired" 
2004-04-01T15:00:00Z,CNXS,10.48,19,Market On Close,Filled,199.12,"adjust" 
2004-04-01T15:00:00Z,MTLM,37,21,Market On Close,Filled,777,"buy" 
2004-04-01T15:00:00Z,QDEL,6.41,119,Market On Close,Filled,762.79,"buy" 
2004-04-01T15:00:00Z,SCHN,32.12,24,Market On Close,Filled,770.88,"buy" 
2004-04-01T15:00:00Z,TALK,8.33,28,Market On Close,Filled,233.24,"adjust" 
2004-04-01T15:00:00Z,USNA,23.83,33,Market On Close,Filled,786.39,"buy" 
2004-05-03T14:00:00Z,BIO,58.5,-13,Market On Close,Filled,-760.5,"band" 
2004-05-03T14:00:00Z,COLM,53.45,-13,Market On Close,Filled,-694.85,"band" 
2004-05-03T14:00:00Z,HCSG,15.99,-55,Market On Close,Filled,-879.45,"expired" 
2004-05-03T14:00:00Z,PDX,68.2,-3,Market On Close,Filled,-204.6,"adjust" 
2004-05-03T14:00:00Z,POG,28.12,-9,Market On Close,Filled,-253.08,"adjust" 
2004-05-03T14:00:00Z,SGC,16.23,-40,Market On Close,Filled,-649.2,"expired" 
2004-05-03T14:00:00Z,CALM,11.62,28,Market On Close,Filled,325.36,"adjust" 
2004-05-03T14:00:00Z,ESCA,35,21,Market On Close,Filled,735,"buy" 
2004-05-03T14:00:00Z,MTEX,10.59,72,Market On Close,Filled,762.48,"buy" 
2004-05-03T14:00:00Z,OTL,24.63,32,Market On Close,Filled,788.16,"buy" 
2004-05-03T14:00:00Z,UWN,15.47,47,Market On Close,Filled,727.09,"buy" 
2004-06-01T14:00:00Z,SAFM,46.95,-6,Market On Close,Filled,-281.7,"adjust" 
2004-06-01T14:00:00Z,FAF,25.79,8,Market On Close,Filled,206.32,"adjust" 
2004-07-01T14:00:00Z,FOSL,27.56,-9,Market On Close,Filled,-248.04,"adjust" 
2004-07-01T14:00:00Z,JCOM,26.71,-29,Market On Close,Filled,-774.59,"band" 
2004-07-01T14:00:00Z,RCII,29.58,-22,Market On Close,Filled,-650.76,"band" 
2004-07-01T14:00:00Z,TTWO,30.22,-23,Market On Close,Filled,-695.06,"band" 
2004-07-01T14:00:00Z,USNA,29.68,-7,Market On Close,Filled,-207.76,"adjust" 
2004-07-01T14:00:00Z,CRUS,5.8,134,Market On Close,Filled,777.2,"buy" 
2004-07-01T14:00:00Z,GCI,83.76,3,Market On Close,Filled,251.28,"adjust" 
2004-07-01T14:00:00Z,GDYS,10.06,22,Market On Close,Filled,221.32,"adjust" 
2004-07-01T14:00:00Z,LPX,23.3,34,Market On Close,Filled,792.2,"buy" 
2004-07-01T14:00:00Z,TESS,17.25,46,Market On Close,Filled,793.5,"buy" 
2004-08-02T14:00:00Z,CTR,21.05,-37,Market On Close,Filled,-778.85,"band" 
2004-08-02T14:00:00Z,CNXS,10.01,-74,Market On Close,Filled,-740.74,"band" 
2004-08-02T14:00:00Z,QDEL,3.46,-119,Market On Close,Filled,-411.74,"universe" 
2004-08-02T14:00:00Z,RBIN,20.3,-11,Market On Close,Filled,-223.3,"adjust" 
2004-08-02T14:00:00Z,AMED,27.35,28,Market On Close,Filled,765.8,"buy" 
2004-08-02T14:00:00Z,AXE,34.4,22,Market On Close,Filled,756.8,"buy" 
2004-08-02T14:00:00Z,ESCA,10.99,26,Market On Close,Filled,285.74,"adjust" 
2004-08-02T14:00:00Z,LCUT,16.45,45,Market On Close,Filled,740.25,"buy" 
2004-09-01T14:00:00Z,AHS,11.54,-42,Market On Close,Filled,-484.68,"band" 
2004-09-01T14:00:00Z,HOV,34.97,-18,Market On Close,Filled,-629.46,"band" 
2004-09-01T14:00:00Z,RAVN,41.42,-6,Market On Close,Filled,-248.52,"adjust" 
2004-09-01T14:00:00Z,RBIN,19.96,-37,Market On Close,Filled,-738.52,"universe" 
2004-09-01T14:00:00Z,WSO,29.15,-7,Market On Close,Filled,-204.05,"adjust" 
2004-09-01T14:00:00Z,ECOL,9.29,78,Market On Close,Filled,724.62,"buy" 
2004-09-01T14:00:00Z,HOC,20.91,35,Market On Close,Filled,731.85,"buy" 
2004-09-01T14:00:00Z,ZEUS,20.63,35,Market On Close,Filled,722.05,"buy" 
2004-10-01T14:00:00Z,CRUS,5.42,-134,Market On Close,Filled,-726.28,"universe" 
2004-10-01T14:00:00Z,EBF,21.64,-10,Market On Close,Filled,-216.4,"adjust" 
2004-10-01T14:00:00Z,ESCA,14.93,-15,Market On Close,Filled,-223.95,"adjust" 
2004-10-01T14:00:00Z,GDYS,8.63,-77,Market On Close,Filled,-664.51,"band" 
2004-10-01T14:00:00Z,MTEX,14.49,-19,Market On Close,Filled,-275.31,"adjust" 
2004-10-01T14:00:00Z,THO,27.66,-26,Market On Close,Filled,-719.16,"band" 
2004-10-01T14:00:00Z,CYBE,16.88,48,Market On Close,Filled,810.24,"buy" 
2004-10-01T14:00:00Z,NATR,15.38,49,Market On Close,Filled,753.62,"buy" 
2004-10-01T14:00:00Z,SAFM,35.03,6,Market On Close,Filled,210.18,"adjust" 
2004-10-01T14:00:00Z,SEB,608,1,Market On Close,Filled,608,"buy" 
2004-10-01T14:00:00Z,TALK,5.35,48,Market On Close,Filled,256.8,"adjust" 
2004-10-01T14:00:00Z,TESS,11.37,20,Market On Close,Filled,227.4,"adjust" 
2004-11-01T15:00:00Z,ESCA,14.02,-53,Market On Close,Filled,-743.06,"band" 
2004-11-01T15:00:00Z,TESS,12.89,-66,Market On Close,Filled,-850.74,"band" 
2004-11-01T15:00:00Z,UWN,10.69,-47,Market On Close,Filled,-502.43,"band" 
2004-11-01T15:00:00Z,CIX,15.55,45,Market On Close,Filled,699.75,"buy" 
2004-11-01T15:00:00Z,CYBE,10.53,19,Market On Close,Filled,200.07,"adjust" 
2004-11-01T15:00:00Z,LAWS,44.2,16,Market On Close,Filled,707.2,"buy" 
2004-11-01T15:00:00Z,PCU,43.81,16,Market On Close,Filled,700.96,"buy" 
2004-12-01T15:00:00Z,EASI,55.6,-16,Market On Close,Filled,-889.6,"band" 
2004-12-01T15:00:00Z,MTEX,21.99,-17,Market On Close,Filled,-373.83,"adjust" 
2004-12-01T15:00:00Z,MTLM,25.98,-11,Market On Close,Filled,-285.78,"adjust" 
2004-12-01T15:00:00Z,SCHN,35.7,-24,Market On Close,Filled,-856.8,"band" 
2004-12-01T15:00:00Z,SHOO,19.14,-40,Market On Close,Filled,-765.6,"band" 
2004-12-01T15:00:00Z,USNA,30.45,-26,Market On Close,Filled,-791.7,"band" 
2004-12-01T15:00:00Z,LCUT,14,16,Market On Close,Filled,224,"adjust" 
2004-12-01T15:00:00Z,NL,23.11,36,Market On Close,Filled,831.96,"buy" 
2004-12-01T15:00:00Z,NUE,52.27,15,Market On Close,Filled,784.05,"buy" 
2004-12-01T15:00:00Z,RBIN,25.26,33,Market On Close,Filled,833.58,"buy" 
2004-12-01T15:00:00Z,WWW,31,27,Market On Close,Filled,837,"buy" 
2005-01-03T15:00:00Z,LCUT,15.76,-61,Market On Close,Filled,-961.36,"band" 
2005-01-03T15:00:00Z,MTSC,33.48,-6,Market On Close,Filled,-200.88,"adjust" 
2005-01-03T15:00:00Z,RCKY,29.26,-32,Market On Close,Filled,-936.32,"band" 
2005-01-03T15:00:00Z,SEB,999.9,-1,Market On Close,Filled,-999.9,"adjust" 
2005-01-03T15:00:00Z,AEOS,46.74,18,Market On Close,Filled,841.32,"buy" 
2005-01-03T15:00:00Z,AIT,25.95,31,Market On Close,Filled,804.45,"buy" 
2005-02-01T15:00:00Z,CALM,12,-68,Market On Close,Filled,-816,"band" 
2005-02-01T15:00:00Z,EBF,17.33,-34,Market On Close,Filled,-589.22,"band" 
2005-02-01T15:00:00Z,FAF,37.49,-7,Market On Close,Filled,-262.43,"adjust" 
2005-02-01T15:00:00Z,HOC,30.5,-7,Market On Close,Filled,-213.5,"adjust" 
2005-02-01T15:00:00Z,OTL,20.38,-32,Market On Close,Filled,-652.16,"band" 
2005-02-01T15:00:00Z,WWW,32.09,-27,Market On Close,Filled,-866.43,"expired" 
2005-02-01T15:00:00Z,ABFS,40.86,21,Market On Close,Filled,858.06,"buy" 
2005-02-01T15:00:00Z,MLI,31.96,26,Market On Close,Filled,830.96,"buy" 
2005-02-01T15:00:00Z,NVR,794.9,1,Market On Close,Filled,794.9,"buy" 
2005-02-01T15:00:00Z,RAVN,18.03,12,Market On Close,Filled,216.36,"adjust" 
2005-02-01T15:00:00Z,STLD,36.93,22,Market On Close,Filled,812.46,"buy" 
2005-03-01T15:00:00Z,OXM,36.87,-20,Market On Close,Filled,-737.4,"band" 
2005-03-01T15:00:00Z,POG,39.45,-6,Market On Close,Filled,-236.7,"adjust" 
2005-03-01T15:00:00Z,CTR,30.19,29,Market On Close,Filled,875.51,"buy" 
2005-04-01T15:00:00Z,AEOS,28.78,-8,Market On Close,Filled,-230.24,"adjust" 
2005-04-01T15:00:00Z,HOC,38.56,-6,Market On Close,Filled,-231.36,"adjust" 
2005-04-01T15:00:00Z,ZEUS,17.95,12,Market On Close,Filled,215.4,"adjust" 
2005-05-02T14:00:00Z,CIX,14.62,-45,Market On Close,Filled,-657.9,"expired" 
2005-05-02T14:00:00Z,GDT,74.08,-3,Market On Close,Filled,-222.24,"adjust" 
2005-05-02T14:00:00Z,NVR,709.89,-1,Market On Close,Filled,-709.89,"expired" 
2005-05-02T14:00:00Z,POG,39.15,-21,Market On Close,Filled,-822.15,"expired" 
2005-05-02T14:00:00Z,TALK,8.62,-49,Market On Close,Filled,-422.38,"adjust" 
2005-05-02T14:00:00Z,WSO,44.73,-6,Market On Close,Filled,-268.38,"adjust" 
2005-05-02T14:00:00Z,DECK,22.9,37,Market On Close,Filled,847.3,"buy" 
2005-05-02T14:00:00Z,NL,17.13,13,Market On Close,Filled,222.69,"adjust" 
2005-05-02T14:00:00Z,WEYS,18.69,43,Market On Close,Filled,803.67,"buy" 
2005-05-02T14:00:00Z,X,42.73,18,Market On Close,Filled,769.14,"buy" 
2005-06-01T14:00:00Z,FIZ,8.18,-93,Market On Close,Filled,-760.74,"band" 
2005-06-01T14:00:00Z,RAVN,26.8,-14,Market On Close,Filled,-375.2,"adjust" 
2005-06-01T14:00:00Z,MTEX,16.44,15,Market On Close,Filled,246.6,"adjust" 
2005-06-01T14:00:00Z,MTLM,18.17,14,Market On Close,Filled,254.38,"adjust" 
2005-06-01T14:00:00Z,SPTN,12.92,64,Market On Close,Filled,826.88,"buy" 
2005-06-01T14:00:00Z,STLD,27.48,8,Market On Close,Filled,219.84,"adjust" 
2005-07-01T14:00:00Z,AMED,37.73,-28,Market On Close,Filled,-1056.44,"band" 
2005-07-01T14:00:00Z,ECOL,17.56,-30,Market On Close,Filled,-526.8,"adjust" 
2005-07-01T14:00:00Z,FOSL,23.27,-29,Market On Close,Filled,-674.83,"band" 
2005-07-01T14:00:00Z,NL,15.24,-49,Market On Close,Filled,-746.76,"band" 
2005-07-01T14:00:00Z,SAFM,45.97,-22,Market On Close,Filled,-1011.34,"band" 
2005-07-01T14:00:00Z,CMC,24.24,36,Market On Close,Filled,872.64,"buy" 
2005-07-01T14:00:00Z,GCI,71.91,3,Market On Close,Filled,215.73,"adjust" 
2005-07-01T14:00:00Z,LAWS,38.94,6,Market On Close,Filled,233.64,"adjust" 
2005-07-01T14:00:00Z,MSTR,53.95,16,Market On Close,Filled,863.2,"buy" 
2005-07-01T14:00:00Z,NVR,802.55,1,Market On Close,Filled,802.55,"buy" 
2005-07-01T14:00:00Z,COP,59.15,15,Market On Close,Filled,887.25,"buy" 
2005-07-01T14:00:00Z,X,34.79,7,Market On Close,Filled,243.53,"adjust" 
2005-07-01T14:00:00Z,ZEUS,13.28,17,Market On Close,Filled,225.76,"adjust" 
2005-08-01T14:00:00Z,DECK,28.44,-37,Market On Close,Filled,-1052.28,"band" 
2005-08-01T14:00:00Z,GCI,72.26,-12,Market On Close,Filled,-867.12,"band" 
2005-08-01T14:00:00Z,MLI,29.22,-26,Market On Close,Filled,-759.72,"band" 
2005-08-01T14:00:00Z,MSTR,78.31,-4,Market On Close,Filled,-313.24,"adjust" 
2005-08-01T14:00:00Z,ODP,27.96,-12,Market On Close,Filled,-335.52,"adjust" 
2005-08-01T14:00:00Z,ZEUS,15.89,-64,Market On Close,Filled,-1016.96,"band" 
2005-08-01T14:00:00Z,ABFS,34.48,6,Market On Close,Filled,206.88,"adjust" 
2005-08-01T14:00:00Z,BKE,42.56,21,Market On Close,Filled,893.76,"buy" 
2005-08-01T14:00:00Z,CRMT,21.44,11,Market On Close,Filled,235.84,"adjust" 
2005-08-01T14:00:00Z,GCO,37.31,25,Market On Close,Filled,932.75,"buy" 
2005-08-01T14:00:00Z,GDT,71.38,3,Market On Close,Filled,214.14,"adjust" 
2005-08-01T14:00:00Z,PLPC,41.03,22,Market On Close,Filled,902.66,"buy" 
2005-08-01T14:00:00Z,WWW,22.25,42,Market On Close,Filled,934.5,"buy" 
2005-09-01T14:00:00Z,AIT,36.4,-6,Market On Close,Filled,-218.4,"adjust" 
2005-09-01T14:00:00Z,CYBE,13.9,-67,Market On Close,Filled,-931.3,"band" 
2005-09-01T14:00:00Z,HOC,57.21,-6,Market On Close,Filled,-343.26,"adjust" 
2005-09-01T14:00:00Z,MTEX,12.45,23,Market On Close,Filled,286.35,"adjust" 
2005-09-01T14:00:00Z,SCVL,16.36,56,Market On Close,Filled,916.16,"buy" 
2005-09-01T14:00:00Z,SPTN,10.55,26,Market On Close,Filled,274.3,"adjust" 
2005-10-03T14:00:00Z,CMC,33.43,-9,Market On Close,Filled,-300.87,"adjust" 
2005-10-03T14:00:00Z,CRMT,17.67,-43,Market On Close,Filled,-759.81,"band" 
2005-10-03T14:00:00Z,LPX,27.44,-34,Market On Close,Filled,-932.96,"band" 
2005-10-03T14:00:00Z,MTEX,11.7,-74,Market On Close,Filled,-865.8,"band" 
2005-10-03T14:00:00Z,MTLM,25.6,-9,Market On Close,Filled,-230.4,"adjust" 
2005-10-03T14:00:00Z,NATR,22.29,-9,Market On Close,Filled,-200.61,"adjust" 
2005-10-03T14:00:00Z,STLD,32.9,-30,Market On Close,Filled,-987,"band" 
2005-10-03T14:00:00Z,AEOS,23.61,11,Market On Close,Filled,259.71,"adjust" 
2005-10-03T14:00:00Z,BKE,35.19,6,Market On Close,Filled,211.14,"adjust" 
2005-10-03T14:00:00Z,CNXS,25.99,35,Market On Close,Filled,909.65,"buy" 
2005-10-03T14:00:00Z,KOMG,32.45,29,Market On Close,Filled,941.05,"buy" 
2005-10-03T14:00:00Z,MCRI,16.75,55,Market On Close,Filled,921.25,"buy" 
2005-10-03T14:00:00Z,PETS,10.62,90,Market On Close,Filled,955.8,"buy" 
2005-10-03T14:00:00Z,RBIN,10.31,25,Market On Close,Filled,257.75,"adjust" 
2005-11-01T15:00:00Z,RBIN,10.99,-91,Market On Close,Filled,-1000.09,"band" 
2005-11-01T15:00:00Z,RS,57.76,15,Market On Close,Filled,866.4,"buy" 
2005-12-01T15:00:00Z,LAWS,38.64,-22,Market On Close,Filled,-850.08,"band" 
2005-12-01T15:00:00Z,MCRI,22.17,-11,Market On Close,Filled,-243.87,"adjust" 
2005-12-01T15:00:00Z,SCVL,21.75,-10,Market On Close,Filled,-217.5,"adjust" 
2005-12-01T15:00:00Z,X,48.98,-25,Market On Close,Filled,-1224.5,"band" 
2005-12-01T15:00:00Z,NATR,20.03,11,Market On Close,Filled,220.33,"adjust" 
2005-12-01T15:00:00Z,SNHY,18.75,49,Market On Close,Filled,918.75,"buy" 
2005-12-01T15:00:00Z,VLO,101.1,9,Market On Close,Filled,909.9,"buy" 
2006-01-03T15:00:00Z,ABFS,44.55,-5,Market On Close,Filled,-222.75,"adjust" 
2006-01-03T15:00:00Z,PETS,14.31,-22,Market On Close,Filled,-314.82,"adjust" 
2006-01-03T15:00:00Z,ECOL,15.48,18,Market On Close,Filled,278.64,"adjust" 
2006-02-01T15:00:00Z,CMC,47.08,-5,Market On Close,Filled,-235.4,"adjust" 
2006-02-01T15:00:00Z,KOMG,47.3,-6,Market On Close,Filled,-283.8,"adjust" 
2006-02-01T15:00:00Z,NUE,83.54,-3,Market On Close,Filled,-250.62,"adjust" 
2006-02-01T15:00:00Z,PCU,86.84,-4,Market On Close,Filled,-347.36,"adjust" 
2006-02-01T15:00:00Z,SPTN,12.08,-90,Market On Close,Filled,-1087.2,"expired" 
2006-02-01T15:00:00Z,WSO,70.91,-3,Market On Close,Filled,-212.73,"adjust" 
2006-02-01T15:00:00Z,WWW,24.06,-42,Market On Close,Filled,-1010.52,"expired" 
2006-02-01T15:00:00Z,CNXS,22.71,14,Market On Close,Filled,317.94,"adjust" 
2006-02-01T15:00:00Z,LYTS,14.73,75,Market On Close,Filled,1104.75,"buy" 
2006-02-01T15:00:00Z,SYKE,13.02,83,Market On Close,Filled,1080.66,"buy" 
2006-03-01T15:00:00Z,PETS,19.14,-11,Market On Close,Filled,-210.54,"adjust" 
2006-03-01T15:00:00Z,IIIN,39.29,28,Market On Close,Filled,1100.12,"buy" 
2006-03-01T15:00:00Z,TALK,8.67,34,Market On Close,Filled,294.78,"adjust" 
2006-03-01T15:00:00Z,WEYS,19.44,12,Market On Close,Filled,233.28,"adjust" 
2006-04-03T14:00:00Z,AEOS,28.79,-39,Market On Close,Filled,-1122.81,"band" 
2006-04-03T14:00:00Z,AXE,47.29,-22,Market On Close,Filled,-1040.38,"universe" 
2006-04-03T14:00:00Z,ECOL,20.06,-11,Market On Close,Filled,-220.66,"adjust" 
2006-04-03T14:00:00Z,IIIN,59.24,-8,Market On Close,Filled,-473.92,"adjust" 
2006-04-03T14:00:00Z,MSTR,104.34,-2,Market On Close,Filled,-208.68,"adjust" 
2006-04-03T14:00:00Z,MTSC,41.33,-25,Market On Close,Filled,-1033.25,"universe" 
2006-04-03T14:00:00Z,NUE,107.97,-2,Market On Close,Filled,-215.94,"adjust" 
2006-04-03T14:00:00Z,NVR,753.2,-1,Market On Close,Filled,-753.2,"band" 
2006-04-03T14:00:00Z,RS,95.82,-3,Market On Close,Filled,-287.46,"adjust" 
2006-04-03T14:00:00Z,ABFS,39.67,7,Market On Close,Filled,277.69,"adjust" 
2006-04-03T14:00:00Z,B,40.34,28,Market On Close,Filled,1129.52,"buy" 
2006-04-03T14:00:00Z,EGY,6.83,171,Market On Close,Filled,1167.93,"buy" 
2006-04-03T14:00:00Z,FAF,38.8,7,Market On Close,Filled,271.6,"adjust" 
2006-04-03T14:00:00Z,NATR,12.06,39,Market On Close,Filled,470.34,"adjust" 
2006-04-03T14:00:00Z,PLPC,33.2,11,Market On Close,Filled,365.2,"adjust" 
2006-04-03T14:00:00Z,SHOO,35.78,32,Market On Close,Filled,1144.96,"buy" 
2006-04-03T14:00:00Z,ZEUS,30.9,37,Market On Close,Filled,1143.3,"buy" 
2006-04-22T04:00:00Z,GDT,80.05,-13,Market,Filled,-1040.65,"Liquidate from delisting" 
2006-05-01T14:00:00Z,ECOL,25.5,-12,Market On Close,Filled,-306,"adjust" 
2006-05-01T14:00:00Z,MCRI,32.02,-7,Market On Close,Filled,-224.14,"adjust" 
2006-05-01T14:00:00Z,NATR,10.04,-90,Market On Close,Filled,-903.6,"universe" 
2006-05-01T14:00:00Z,ODP,40.65,-5,Market On Close,Filled,-203.25,"adjust" 
2006-05-01T14:00:00Z,SHOO,53.01,-11,Market On Close,Filled,-583.11,"adjust" 
2006-05-01T14:00:00Z,DECK,42.49,27,Market On Close,Filled,1147.23,"buy" 
2006-05-01T14:00:00Z,IIIN,37.2,11,Market On Close,Filled,409.2,"adjust" 
2006-05-01T14:00:00Z,PETS,14.51,15,Market On Close,Filled,217.65,"adjust" 
2006-05-01T14:00:00Z,WMK,41.59,5,Market On Close,Filled,207.95,"adjust" 
2006-06-01T14:00:00Z,CNXS,23.41,-49,Market On Close,Filled,-1147.09,"band" 
2006-06-01T14:00:00Z,HOC,85,-3,Market On Close,Filled,-255,"adjust" 
2006-06-01T14:00:00Z,IIIN,43.63,-6,Market On Close,Filled,-261.78,"adjust" 
2006-06-01T14:00:00Z,SNHY,19.97,-49,Market On Close,Filled,-978.53,"band" 
2006-06-01T14:00:00Z,SYKE,17.49,-19,Market On Close,Filled,-332.31,"adjust" 
2006-06-01T14:00:00Z,CRUS,8.47,135,Market On Close,Filled,1143.45,"buy" 
2006-06-01T14:00:00Z,GCO,36.01,6,Market On Close,Filled,216.06,"adjust" 
2006-06-01T14:00:00Z,MLR,20.04,56,Market On Close,Filled,1122.24,"buy" 
2006-06-01T14:00:00Z,PETS,13.16,17,Market On Close,Filled,223.72,"adjust" 
2006-06-01T14:00:00Z,RSC,14.83,74,Market On Close,Filled,1097.42,"buy" 
2006-06-01T14:00:00Z,WSO,58.34,4,Market On Close,Filled,233.36,"adjust" 
2006-07-03T14:00:00Z,ABFS,50.55,-7,Market On Close,Filled,-353.85,"adjust" 
2006-07-03T14:00:00Z,EGY,10.1,-54,Market On Close,Filled,-545.4,"adjust" 
2006-07-03T14:00:00Z,PLPC,37,-33,Market On Close,Filled,-1221,"band" 
2006-07-03T14:00:00Z,AIT,24.46,10,Market On Close,Filled,244.6,"adjust" 
2006-07-03T14:00:00Z,PDX,45.64,5,Market On Close,Filled,228.2,"adjust" 
2006-07-03T14:00:00Z,SHOO,29.83,7,Market On Close,Filled,208.81,"adjust" 
2006-07-03T14:00:00Z,TALK,6.24,58,Market On Close,Filled,361.92,"adjust" 
2006-07-03T14:00:00Z,WIRE,36.5,31,Market On Close,Filled,1131.5,"buy" 
2006-08-01T14:00:00Z,CRUS,6.56,-135,Market On Close,Filled,-885.6,"expired" 
2006-08-01T14:00:00Z,HOC,52.25,-5,Market On Close,Filled,-261.25,"adjust" 
2006-08-01T14:00:00Z,SHOO,32.98,-6,Market On Close,Filled,-197.88,"adjust" 
2006-08-01T14:00:00Z,VLO,67.06,-3,Market On Close,Filled,-201.18,"adjust" 
2006-08-01T14:00:00Z,WEYS,22.16,-9,Market On Close,Filled,-199.44,"adjust" 
2006-08-01T14:00:00Z,ZEUS,33.68,-7,Market On Close,Filled,-235.76,"adjust" 
2006-08-01T14:00:00Z,GCO,27.15,8,Market On Close,Filled,217.2,"adjust" 
2006-08-01T14:00:00Z,KBALB,17.33,60,Market On Close,Filled,1039.8,"buy" 
2006-08-01T14:00:00Z,MCRI,19.05,19,Market On Close,Filled,361.95,"adjust" 
2006-08-01T14:00:00Z,WSO,43.86,5,Market On Close,Filled,219.3,"adjust" 
2006-09-01T14:00:00Z,GCO,27.4,-39,Market On Close,Filled,-1068.6,"band" 
2006-09-01T14:00:00Z,LYTS,18.31,-18,Market On Close,Filled,-329.58,"adjust" 
2006-09-01T14:00:00Z,SYKE,20.2,-12,Market On Close,Filled,-242.4,"adjust" 
2006-09-01T14:00:00Z,TALK,5.84,-184,Market On Close,Filled,-1074.56,"band" 
2006-09-01T14:00:00Z,ECOL,19.79,11,Market On Close,Filled,217.69,"adjust" 
2006-09-01T14:00:00Z,KOMG,37.76,6,Market On Close,Filled,226.56,"adjust" 
2006-09-01T14:00:00Z,LMS,26.03,41,Market On Close,Filled,1067.23,"buy" 
2006-09-01T14:00:00Z,RS,32.99,8,Market On Close,Filled,263.92,"adjust" 
2006-09-01T14:00:00Z,STLD,54.53,19,Market On Close,Filled,1036.07,"buy" 
2006-09-01T14:00:00Z,ZEUS,27.37,8,Market On Close,Filled,218.96,"adjust" 
2006-10-02T14:00:00Z,DECK,47.15,-5,Market On Close,Filled,-235.75,"adjust" 
2006-10-02T14:00:00Z,ECOL,19.63,-54,Market On Close,Filled,-1060.02,"band" 
2006-10-02T14:00:00Z,FAF,41.5,-5,Market On Close,Filled,-207.5,"adjust" 
2006-10-02T14:00:00Z,LYTS,16.02,-57,Market On Close,Filled,-913.14,"band" 
2006-10-02T14:00:00Z,MLR,18.03,-56,Market On Close,Filled,-1009.68,"band" 
2006-10-02T14:00:00Z,RAVN,28.97,-32,Market On Close,Filled,-927.04,"band" 
2006-10-02T14:00:00Z,SHOO,40.51,-6,Market On Close,Filled,-243.06,"adjust" 
2006-10-02T14:00:00Z,WSO,45.25,-24,Market On Close,Filled,-1086,"band" 
2006-10-02T14:00:00Z,AEOS,44.61,24,Market On Close,Filled,1070.64,"buy" 
2006-10-02T14:00:00Z,EGY,7.2,29,Market On Close,Filled,208.8,"adjust" 
2006-10-02T14:00:00Z,IVAC,16.43,62,Market On Close,Filled,1018.66,"buy" 
2006-10-02T14:00:00Z,PCLN,36.76,28,Market On Close,Filled,1029.28,"buy" 
2006-10-02T14:00:00Z,TESS,31.52,35,Market On Close,Filled,1103.2,"buy" 
2006-10-02T14:00:00Z,TTMI,11.87,90,Market On Close,Filled,1068.3,"buy" 
2006-10-02T14:00:00Z,VLO,50.9,5,Market On Close,Filled,254.5,"adjust" 
2006-11-01T15:00:00Z,AIT,27.83,-8,Market On Close,Filled,-222.64,"adjust" 
2006-11-01T15:00:00Z,KBALB,24.56,-15,Market On Close,Filled,-368.4,"adjust" 
2006-11-01T15:00:00Z,PETS,12.14,-89,Market On Close,Filled,-1080.46,"band" 
2006-11-01T15:00:00Z,SCVL,28.2,-7,Market On Close,Filled,-197.4,"adjust" 
2006-11-01T15:00:00Z,ABFS,40.45,5,Market On Close,Filled,202.25,"adjust" 
2006-11-01T15:00:00Z,IIIN,17.02,13,Market On Close,Filled,221.26,"adjust" 
2006-11-01T15:00:00Z,LMS,20.91,10,Market On Close,Filled,209.1,"adjust" 
2006-11-01T15:00:00Z,MTEX,15.05,72,Market On Close,Filled,1083.6,"buy" 
2006-11-01T15:00:00Z,WIRE,25.93,11,Market On Close,Filled,285.23,"adjust" 
2006-12-01T15:00:00Z,FAF,38.63,-24,Market On Close,Filled,-927.12,"expired" 
2006-12-01T15:00:00Z,IVAC,27.26,-20,Market On Close,Filled,-545.2,"adjust" 
2006-12-01T15:00:00Z,PDX,48.55,-25,Market On Close,Filled,-1213.75,"expired" 
2006-12-01T15:00:00Z,AMWD,38.35,29,Market On Close,Filled,1112.15,"buy" 
2006-12-01T15:00:00Z,MRO,95.53,12,Market On Close,Filled,1146.36,"buy" 
2006-12-01T15:00:00Z,SYKE,16.64,15,Market On Close,Filled,249.6,"adjust" 
2007-01-03T15:00:00Z,BKE,52.93,-5,Market On Close,Filled,-264.65,"adjust" 
2007-01-03T15:00:00Z,MTLM,38.75,-6,Market On Close,Filled,-232.5,"adjust" 
2007-01-03T15:00:00Z,SHOO,35.97,7,Market On Close,Filled,251.79,"adjust" 
2007-01-03T15:00:00Z,WIRE,22,10,Market On Close,Filled,220,"adjust" 
2007-01-03T15:00:00Z,ZEUS,21.66,14,Market On Close,Filled,303.24,"adjust" 
2007-02-01T15:00:00Z,KOMG,33.75,-29,Market On Close,Filled,-978.75,"band" 
2007-02-01T15:00:00Z,MCRI,24.59,-56,Market On Close,Filled,-1377.04,"band" 
2007-02-01T15:00:00Z,PCU,64.14,-6,Market On Close,Filled,-384.84,"adjust" 
2007-02-01T15:00:00Z,STLD,39.68,-8,Market On Close,Filled,-317.44,"adjust" 
2007-02-01T15:00:00Z,ZEUS,27.81,-52,Market On Close,Filled,-1446.12,"band" 
2007-02-01T15:00:00Z,AP,30.08,39,Market On Close,Filled,1173.12,"buy" 
2007-02-01T15:00:00Z,AIT,25.09,9,Market On Close,Filled,225.81,"adjust" 
2007-02-01T15:00:00Z,CTR,22.86,9,Market On Close,Filled,205.74,"adjust" 
2007-02-01T15:00:00Z,CVX,74.41,16,Market On Close,Filled,1190.56,"buy" 
2007-02-01T15:00:00Z,EGY,6.47,35,Market On Close,Filled,226.45,"adjust" 
2007-02-01T15:00:00Z,GPI,53.92,22,Market On Close,Filled,1186.24,"buy" 
2007-02-01T15:00:00Z,IVAC,22.55,11,Market On Close,Filled,248.05,"adjust" 
2007-02-01T15:00:00Z,TTMI,10.74,20,Market On Close,Filled,214.8,"adjust" 
2007-03-01T15:00:00Z,DECK,68,-4,Market On Close,Filled,-272,"adjust" 
2007-03-01T15:00:00Z,IVAC,25.74,-9,Market On Close,Filled,-231.66,"adjust" 
2007-03-01T15:00:00Z,LMS,29.64,-12,Market On Close,Filled,-355.68,"adjust" 
2007-03-01T15:00:00Z,PCLN,53.16,-6,Market On Close,Filled,-318.96,"adjust" 
2007-03-01T15:00:00Z,RS,44.78,-6,Market On Close,Filled,-268.68,"adjust" 
2007-03-01T15:00:00Z,TESS,26.88,-8,Market On Close,Filled,-215.04,"adjust" 
2007-03-01T15:00:00Z,WIRE,25.15,-52,Market On Close,Filled,-1307.8,"band" 
2007-03-01T15:00:00Z,ABM,26.83,45,Market On Close,Filled,1207.35,"buy" 
2007-03-01T15:00:00Z,AP,24.49,8,Market On Close,Filled,195.92,"adjust" 
2007-03-01T15:00:00Z,KBALB,21.13,12,Market On Close,Filled,253.56,"adjust" 
2007-03-01T15:00:00Z,ODP,33.31,8,Market On Close,Filled,266.48,"adjust" 
2007-03-01T15:00:00Z,SHOO,28.53,7,Market On Close,Filled,199.71,"adjust" 
2007-04-02T14:00:00Z,GPI,39.82,-22,Market On Close,Filled,-876.04,"band" 
2007-04-02T14:00:00Z,IIIN,16.71,-63,Market On Close,Filled,-1052.73,"band" 
2007-04-02T14:00:00Z,MTEX,15.35,-72,Market On Close,Filled,-1105.2,"band" 
2007-04-02T14:00:00Z,TTMI,9.44,-110,Market On Close,Filled,-1038.4,"band" 
2007-04-02T14:00:00Z,ABFS,35.14,7,Market On Close,Filled,245.98,"adjust" 
2007-04-02T14:00:00Z,AEIS,21.3,58,Market On Close,Filled,1235.4,"buy" 
2007-04-02T14:00:00Z,BWS,43.26,29,Market On Close,Filled,1254.54,"buy" 
2007-04-02T14:00:00Z,EGY,5.08,55,Market On Close,Filled,279.4,"adjust" 
2007-04-02T14:00:00Z,PCCC,13.82,85,Market On Close,Filled,1174.7,"buy" 
2007-04-02T14:00:00Z,X,100.94,12,Market On Close,Filled,1211.28,"buy" 
2007-05-01T14:00:00Z,AP,36.08,-47,Market On Close,Filled,-1695.76,"band" 
2007-05-01T14:00:00Z,CMC,32.94,-7,Market On Close,Filled,-230.58,"adjust" 
2007-05-01T14:00:00Z,LMS,26.8,-39,Market On Close,Filled,-1045.2,"expired" 
2007-05-01T14:00:00Z,PCU,78.58,-3,Market On Close,Filled,-235.74,"adjust" 
2007-05-01T14:00:00Z,RS,59.45,-5,Market On Close,Filled,-297.25,"adjust" 
2007-05-01T14:00:00Z,RSC,16.43,-74,Market On Close,Filled,-1215.82,"band" 
2007-05-01T14:00:00Z,STLD,44.21,-30,Market On Close,Filled,-1326.3,"expired" 
2007-05-01T14:00:00Z,VLO,71.17,-3,Market On Close,Filled,-213.51,"adjust" 
2007-05-01T14:00:00Z,AEOS,29.41,7,Market On Close,Filled,205.87,"adjust" 
2007-05-01T14:00:00Z,AMWD,35.14,7,Market On Close,Filled,245.98,"adjust" 
2007-05-01T14:00:00Z,DLTR,38.97,31,Market On Close,Filled,1208.07,"buy" 
2007-05-01T14:00:00Z,GIII,17.59,70,Market On Close,Filled,1231.3,"buy" 
2007-05-01T14:00:00Z,KBALB,17.86,12,Market On Close,Filled,214.32,"adjust" 
2007-05-01T14:00:00Z,MOV,32.64,38,Market On Close,Filled,1240.32,"buy" 
2007-05-01T14:00:00Z,COP,69.2,3,Market On Close,Filled,207.6,"adjust" 
2007-06-01T14:00:00Z,AEOS,27.19,-42,Market On Close,Filled,-1141.98,"expired" 
2007-06-01T14:00:00Z,B,30.1,-12,Market On Close,Filled,-361.2,"adjust" 
2007-06-01T14:00:00Z,BWS,29.9,-43,Market On Close,Filled,-1285.7,"expired" 
2007-06-01T14:00:00Z,CTR,21.83,-52,Market On Close,Filled,-1135.16,"expired" 
2007-06-01T14:00:00Z,DECK,88.1,-4,Market On Close,Filled,-352.4,"adjust" 
2007-06-01T14:00:00Z,EGY,4.86,-236,Market On Close,Filled,-1146.96,"universe" 
2007-06-01T14:00:00Z,EXPO,23.32,-12,Market On Close,Filled,-279.84,"adjust" 
2007-06-01T14:00:00Z,HOC,71.35,-3,Market On Close,Filled,-214.05,"adjust" 
2007-06-01T14:00:00Z,MRO,126.74,-2,Market On Close,Filled,-253.48,"adjust" 
2007-06-01T14:00:00Z,CMI,94.1,13,Market On Close,Filled,1223.3,"buy" 
2007-06-01T14:00:00Z,IVAC,19.2,23,Market On Close,Filled,441.6,"adjust" 
2007-06-01T14:00:00Z,KBALB,13.91,26,Market On Close,Filled,361.66,"adjust" 
2007-06-01T14:00:00Z,MAT,28.35,46,Market On Close,Filled,1304.1,"buy" 
2007-06-01T14:00:00Z,MSTR,103.96,2,Market On Close,Filled,207.92,"adjust" 
2007-06-01T14:00:00Z,NVR,779,1,Market On Close,Filled,779,"buy" 
2007-06-01T14:00:00Z,PCCC,11.89,28,Market On Close,Filled,332.92,"adjust" 
2007-06-01T14:00:00Z,TESS,24.9,8,Market On Close,Filled,199.2,"adjust" 
2007-06-01T14:00:00Z,UCTT,13.97,94,Market On Close,Filled,1313.18,"buy" 
2007-07-02T14:00:00Z,ABFS,39.4,-34,Market On Close,Filled,-1339.6,"band" 
2007-07-02T14:00:00Z,DECK,100.96,-2,Market On Close,Filled,-201.92,"adjust" 
2007-07-02T14:00:00Z,KBALB,14.01,-95,Market On Close,Filled,-1330.95,"band" 
2007-07-02T14:00:00Z,MSTR,94.59,-12,Market On Close,Filled,-1135.08,"band" 
2007-07-02T14:00:00Z,PCCC,13.32,-17,Market On Close,Filled,-226.44,"adjust" 
2007-07-02T14:00:00Z,PCLN,68.31,-4,Market On Close,Filled,-273.24,"adjust" 
2007-07-02T14:00:00Z,BW,42.86,30,Market On Close,Filled,1285.8,"buy" 
2007-07-02T14:00:00Z,HHGP,21.56,59,Market On Close,Filled,1272.04,"buy" 
2007-07-02T14:00:00Z,TESS,19.93,13,Market On Close,Filled,259.09,"adjust" 
2007-07-02T14:00:00Z,USMO,26.46,47,Market On Close,Filled,1243.62,"buy" 
2007-08-01T14:00:00Z,CVX,85.11,-3,Market On Close,Filled,-255.33,"adjust" 
2007-08-01T14:00:00Z,CMI,120.05,-3,Market On Close,Filled,-360.15,"adjust" 
2007-08-01T14:00:00Z,COP,80.76,-4,Market On Close,Filled,-323.04,"adjust" 
2007-08-01T14:00:00Z,PCU,108.25,-5,Market On Close,Filled,-541.25,"adjust" 
2007-08-01T14:00:00Z,HHGP,16.35,13,Market On Close,Filled,212.55,"adjust" 
2007-08-01T14:00:00Z,JAKK,24.16,50,Market On Close,Filled,1208,"buy" 
2007-08-01T14:00:00Z,NVR,600,1,Market On Close,Filled,600,"adjust" 
2007-08-01T14:00:00Z,ODP,25.28,11,Market On Close,Filled,278.08,"adjust" 
2007-08-01T14:00:00Z,SCVL,22.29,15,Market On Close,Filled,334.35,"adjust" 
2007-09-04T14:00:00Z,AIT,32.81,-11,Market On Close,Filled,-360.91,"adjust" 
2007-09-04T14:00:00Z,B,32.16,-7,Market On Close,Filled,-225.12,"adjust" 
2007-09-04T14:00:00Z,BW,48.14,-6,Market On Close,Filled,-288.84,"adjust" 
2007-09-04T14:00:00Z,MTLM,46.68,-5,Market On Close,Filled,-233.4,"adjust" 
2007-09-04T14:00:00Z,PCLN,82.16,-4,Market On Close,Filled,-328.64,"adjust" 
2007-09-04T14:00:00Z,SYKE,16.17,-67,Market On Close,Filled,-1083.39,"band" 
2007-09-04T14:00:00Z,UCTT,15.01,-15,Market On Close,Filled,-225.15,"adjust" 
2007-09-04T14:00:00Z,AEIS,16.26,15,Market On Close,Filled,243.9,"adjust" 
2007-09-04T14:00:00Z,SCVL,17.7,14,Market On Close,Filled,247.8,"adjust" 
2007-09-04T14:00:00Z,UAUA,47.85,25,Market On Close,Filled,1196.25,"buy" 
2007-09-04T14:00:00Z,USMO,18.64,17,Market On Close,Filled,316.88,"adjust" 
2007-10-01T14:00:00Z,DECK,113.19,-2,Market On Close,Filled,-226.38,"adjust" 
2007-10-01T14:00:00Z,EXPO,25.55,-9,Market On Close,Filled,-229.95,"adjust" 
2007-10-01T14:00:00Z,SCVL,15.79,-68,Market On Close,Filled,-1073.72,"band" 
2007-10-01T14:00:00Z,TESS,15.55,-65,Market On Close,Filled,-1010.75,"band" 
2007-10-01T14:00:00Z,WEYS,31.6,-8,Market On Close,Filled,-252.8,"adjust" 
2007-10-01T14:00:00Z,ABM,20.43,15,Market On Close,Filled,306.45,"adjust" 
2007-10-01T14:00:00Z,AMWD,26.19,12,Market On Close,Filled,314.28,"adjust" 
2007-10-01T14:00:00Z,HHGP,13.73,22,Market On Close,Filled,302.06,"adjust" 
2007-10-01T14:00:00Z,ODP,20.92,11,Market On Close,Filled,230.12,"adjust" 
2007-10-01T14:00:00Z,SHOO,19.13,23,Market On Close,Filled,439.99,"adjust" 
2007-10-01T14:00:00Z,VLGEA,52.12,23,Market On Close,Filled,1198.76,"buy" 
2007-11-01T14:00:00Z,AMWD,23.94,-48,Market On Close,Filled,-1149.12,"band" 
2007-11-01T14:00:00Z,BKE,40.9,-5,Market On Close,Filled,-204.5,"adjust" 
2007-11-01T14:00:00Z,DECK,132.75,-2,Market On Close,Filled,-265.5,"adjust" 
2007-11-01T14:00:00Z,EXPO,29.52,-7,Market On Close,Filled,-206.64,"adjust" 
2007-11-01T14:00:00Z,PCU,133.96,-2,Market On Close,Filled,-267.92,"adjust" 
2007-11-01T14:00:00Z,CALM,22.86,51,Market On Close,Filled,1165.86,"buy" 
2007-11-01T14:00:00Z,MAT,20.53,12,Market On Close,Filled,246.36,"adjust" 
2007-11-01T14:00:00Z,SCHN,64.07,18,Market On Close,Filled,1153.26,"buy" 
2007-11-01T14:00:00Z,UCTT,12.52,16,Market On Close,Filled,200.32,"adjust" 
2007-11-01T14:00:00Z,USMO,16.33,14,Market On Close,Filled,228.62,"adjust" 
2007-12-03T15:00:00Z,PCLN,114.59,-4,Market On Close,Filled,-458.36,"adjust" 
2007-12-03T15:00:00Z,SHOO,22.75,-13,Market On Close,Filled,-295.75,"adjust" 
2007-12-03T15:00:00Z,UCTT,13.8,-95,Market On Close,Filled,-1311,"band" 
2007-12-03T15:00:00Z,DLTR,29.42,8,Market On Close,Filled,235.36,"adjust" 
2007-12-03T15:00:00Z,HHGP,8.68,33,Market On Close,Filled,286.44,"adjust" 
2007-12-03T15:00:00Z,HOC,48.48,5,Market On Close,Filled,242.4,"adjust" 
2007-12-03T15:00:00Z,HOFT,17.06,67,Market On Close,Filled,1143.02,"buy" 
2007-12-03T15:00:00Z,PCU,109.6,2,Market On Close,Filled,219.2,"adjust" 
2008-01-02T15:00:00Z,ABM,20.16,-60,Market On Close,Filled,-1209.6,"band" 
2008-01-02T15:00:00Z,CALM,25.99,-9,Market On Close,Filled,-233.91,"adjust" 
2008-01-02T15:00:00Z,CMI,123.73,-2,Market On Close,Filled,-247.46,"adjust" 
2008-01-02T15:00:00Z,GIII,13.59,-70,Market On Close,Filled,-951.3,"band" 
2008-01-02T15:00:00Z,HOFT,19.62,-11,Market On Close,Filled,-215.82,"adjust" 
2008-01-02T15:00:00Z,X,113.64,-3,Market On Close,Filled,-340.92,"adjust" 
2008-01-02T15:00:00Z,BW,37.56,6,Market On Close,Filled,225.36,"adjust" 
2008-01-02T15:00:00Z,IMMR,13.04,87,Market On Close,Filled,1134.48,"buy" 
2008-01-02T15:00:00Z,NVTL,15.28,70,Market On Close,Filled,1069.6,"buy" 
2008-01-02T15:00:00Z,ODP,13.51,23,Market On Close,Filled,310.73,"adjust" 
2008-01-02T15:00:00Z,UAUA,31.99,6,Market On Close,Filled,191.94,"adjust" 
2008-02-01T15:00:00Z,MAT,21.3,-58,Market On Close,Filled,-1235.4,"band" 
2008-02-01T15:00:00Z,NVR,654.99,-1,Market On Close,Filled,-654.99,"adjust" 
2008-02-01T15:00:00Z,PCCC,11.44,-96,Market On Close,Filled,-1098.24,"band" 
2008-02-01T15:00:00Z,AEIS,12.25,26,Market On Close,Filled,318.5,"adjust" 
2008-02-01T15:00:00Z,BW,30.31,7,Market On Close,Filled,212.17,"adjust" 
2008-02-01T15:00:00Z,CMI,47.02,6,Market On Close,Filled,282.12,"adjust" 
2008-02-01T15:00:00Z,HHGP,7.21,30,Market On Close,Filled,216.3,"adjust" 
2008-02-01T15:00:00Z,IMMR,9.78,22,Market On Close,Filled,215.16,"adjust" 
2008-02-01T15:00:00Z,IVAC,11.44,31,Market On Close,Filled,354.64,"adjust" 
2008-02-01T15:00:00Z,MEI,12.91,88,Market On Close,Filled,1136.08,"buy" 
2008-02-01T15:00:00Z,SHOO,17.73,12,Market On Close,Filled,212.76,"adjust" 
2008-02-01T15:00:00Z,TWIN,16.67,71,Market On Close,Filled,1183.57,"buy" 
2008-03-03T15:00:00Z,BKE,44.23,-5,Market On Close,Filled,-221.15,"adjust" 
2008-03-03T15:00:00Z,BW,26.82,-37,Market On Close,Filled,-992.34,"band" 
2008-03-03T15:00:00Z,CALM,32.68,-11,Market On Close,Filled,-359.48,"adjust" 
2008-03-03T15:00:00Z,JAKK,28.4,-12,Market On Close,Filled,-340.8,"adjust" 
2008-03-03T15:00:00Z,MTLM,58.85,-8,Market On Close,Filled,-470.8,"adjust" 
2008-03-03T15:00:00Z,NUE,66.14,-4,Market On Close,Filled,-264.56,"adjust" 
2008-03-03T15:00:00Z,ODP,11.08,-81,Market On Close,Filled,-897.48,"band" 
2008-03-03T15:00:00Z,TWIN,20.11,-71,Market On Close,Filled,-1427.81,"band" 
2008-03-03T15:00:00Z,AMED,43.05,25,Market On Close,Filled,1076.25,"buy" 
2008-03-03T15:00:00Z,B,22.25,10,Market On Close,Filled,222.5,"adjust" 
2008-03-03T15:00:00Z,KAMN,23.57,44,Market On Close,Filled,1037.08,"buy" 
2008-03-03T15:00:00Z,MOV,19.72,17,Market On Close,Filled,335.24,"adjust" 
2008-03-03T15:00:00Z,NVTL,10.64,31,Market On Close,Filled,329.84,"adjust" 
2008-03-03T15:00:00Z,USMO,10.42,24,Market On Close,Filled,250.08,"adjust" 
2008-03-03T15:00:00Z,XOM,87.84,12,Market On Close,Filled,1054.08,"buy" 
2008-03-15T04:00:00Z,MTLM,55.27,-17,Market,Filled,-939.59,"Liquidate from delisting" 
2008-04-01T14:00:00Z,AEIS,13.68,-99,Market On Close,Filled,-1354.32,"band" 
2008-04-01T14:00:00Z,EXPO,33,-8,Market On Close,Filled,-264,"adjust" 
2008-04-01T14:00:00Z,HHGP,8.96,-157,Market On Close,Filled,-1406.72,"band" 
2008-04-01T14:00:00Z,HOFT,23.5,-9,Market On Close,Filled,-211.5,"adjust" 
2008-04-01T14:00:00Z,IVAC,13.94,-16,Market On Close,Filled,-223.04,"adjust" 
2008-04-01T14:00:00Z,PCLN,127.99,-2,Market On Close,Filled,-255.98,"adjust" 
2008-04-01T14:00:00Z,RS,60.29,-4,Market On Close,Filled,-241.16,"adjust" 
2008-04-01T14:00:00Z,SCHN,73.18,-3,Market On Close,Filled,-219.54,"adjust" 
2008-04-01T14:00:00Z,USMO,7.45,-102,Market On Close,Filled,-759.9,"band" 
2008-04-01T14:00:00Z,FSTR,44.97,24,Market On Close,Filled,1079.28,"buy" 
2008-04-01T14:00:00Z,IMMR,6.98,41,Market On Close,Filled,286.18,"adjust" 
2008-04-01T14:00:00Z,LXU,15.08,72,Market On Close,Filled,1085.76,"buy" 
2008-04-01T14:00:00Z,UAUA,23.13,18,Market On Close,Filled,416.34,"adjust" 
2008-04-01T14:00:00Z,WDC,27.92,39,Market On Close,Filled,1088.88,"buy" 
2008-04-01T14:00:00Z,ZEUS,45.94,23,Market On Close,Filled,1056.62,"buy" 
2008-05-01T14:00:00Z,AMED,52.34,-25,Market On Close,Filled,-1308.5,"expired" 
2008-05-01T14:00:00Z,CMI,65.75,-5,Market On Close,Filled,-328.75,"adjust" 
2008-05-01T14:00:00Z,HOC,41.73,-23,Market On Close,Filled,-959.79,"band" 
2008-05-01T14:00:00Z,IMMR,11.06,-150,Market On Close,Filled,-1659,"band" 
2008-05-01T14:00:00Z,KAMN,27.67,-44,Market On Close,Filled,-1217.48,"expired" 
2008-05-01T14:00:00Z,COP,86.59,-14,Market On Close,Filled,-1212.26,"expired" 
2008-05-01T14:00:00Z,PCU,110,-10,Market On Close,Filled,-1100,"expired" 
2008-05-01T14:00:00Z,SCHN,86.4,-3,Market On Close,Filled,-259.2,"adjust" 
2008-05-01T14:00:00Z,UAUA,16.1,-49,Market On Close,Filled,-788.9,"expired" 
2008-05-01T14:00:00Z,X,151.5,-2,Market On Close,Filled,-303,"adjust" 
2008-05-01T14:00:00Z,AAON,19.08,61,Market On Close,Filled,1163.88,"buy" 
2008-05-01T14:00:00Z,ANK,33.25,35,Market On Close,Filled,1163.75,"buy" 
2008-05-01T14:00:00Z,AIT,24.25,9,Market On Close,Filled,218.25,"adjust" 
2008-05-01T14:00:00Z,AZZ,27.56,41,Market On Close,Filled,1129.96,"buy" 
2008-05-01T14:00:00Z,CUB,27.74,41,Market On Close,Filled,1137.34,"buy" 
2008-05-01T14:00:00Z,FSTR,33.39,10,Market On Close,Filled,333.9,"adjust" 
2008-05-01T14:00:00Z,GHM,58.23,19,Market On Close,Filled,1106.37,"buy" 
2008-05-01T14:00:00Z,JAKK,23.79,9,Market On Close,Filled,214.11,"adjust" 
2008-05-01T14:00:00Z,K,52.43,21,Market On Close,Filled,1101.03,"buy" 
2008-05-01T14:00:00Z,NVTL,9.14,24,Market On Close,Filled,219.36,"adjust" 
2008-05-01T14:00:00Z,TNC,35.3,32,Market On Close,Filled,1129.6,"buy" 
2008-05-01T14:00:00Z,VLO,49.76,5,Market On Close,Filled,248.8,"adjust" 
2008-05-01T14:00:00Z,WMK,30.37,8,Market On Close,Filled,242.96,"adjust" 
2008-06-02T14:00:00Z,B,30.9,-10,Market On Close,Filled,-309,"adjust" 
2008-06-02T14:00:00Z,DLTR,36.42,-7,Market On Close,Filled,-254.94,"adjust" 
2008-06-02T14:00:00Z,IVAC,12.16,-82,Market On Close,Filled,-997.12,"band" 
2008-06-02T14:00:00Z,MRO,51.66,-20,Market On Close,Filled,-1033.2,"band" 
2008-06-02T14:00:00Z,NVTL,10.19,-125,Market On Close,Filled,-1273.75,"expired" 
2008-06-02T14:00:00Z,VLO,52.84,-22,Market On Close,Filled,-1162.48,"band" 
2008-06-02T14:00:00Z,WDC,37.07,-8,Market On Close,Filled,-296.56,"adjust" 
2008-06-02T14:00:00Z,ZEUS,62.23,-5,Market On Close,Filled,-311.15,"adjust" 
2008-06-02T14:00:00Z,CALM,30.15,7,Market On Close,Filled,211.05,"adjust" 
2008-06-02T14:00:00Z,CF,139.39,8,Market On Close,Filled,1115.12,"buy" 
2008-06-02T14:00:00Z,DCO,30.54,37,Market On Close,Filled,1129.98,"buy" 
2008-06-02T14:00:00Z,HOFT,20.03,11,Market On Close,Filled,220.33,"adjust" 
2008-06-02T14:00:00Z,NVR,558.44,1,Market On Close,Filled,558.44,"adjust" 
2008-06-02T14:00:00Z,OXY,92.58,12,Market On Close,Filled,1110.96,"buy" 
2008-06-02T14:00:00Z,PCU,109.75,10,Market On Close,Filled,1097.5,"buy" 
2008-07-01T14:00:00Z,AZZ,44.06,-13,Market On Close,Filled,-572.78,"adjust" 
2008-07-01T14:00:00Z,CMC,36.95,-7,Market On Close,Filled,-258.65,"adjust" 
2008-07-01T14:00:00Z,GHM,76.63,-4,Market On Close,Filled,-306.52,"adjust" 
2008-07-01T14:00:00Z,LXU,19.19,-15,Market On Close,Filled,-287.85,"adjust" 
2008-07-01T14:00:00Z,RS,78.12,-3,Market On Close,Filled,-234.36,"adjust" 
2008-07-01T14:00:00Z,SCHN,114.56,-2,Market On Close,Filled,-229.12,"adjust" 
2008-07-01T14:00:00Z,X,175.36,-7,Market On Close,Filled,-1227.52,"band" 
2008-07-01T14:00:00Z,ZEUS,70.47,-3,Market On Close,Filled,-211.41,"adjust" 
2008-07-01T14:00:00Z,B,23.6,12,Market On Close,Filled,283.2,"adjust" 
2008-07-01T14:00:00Z,CUB,22.01,10,Market On Close,Filled,220.1,"adjust" 
2008-07-01T14:00:00Z,DCO,23.21,13,Market On Close,Filled,301.73,"adjust" 
2008-07-01T14:00:00Z,MEI,10.44,21,Market On Close,Filled,219.24,"adjust" 
2008-07-01T14:00:00Z,UACL,22.31,52,Market On Close,Filled,1160.12,"buy" 
2008-07-01T14:00:00Z,VLGEA,38.96,6,Market On Close,Filled,233.76,"adjust" 
2008-08-01T14:00:00Z,AZZ,46.14,-28,Market On Close,Filled,-1291.92,"expired" 
2008-08-01T14:00:00Z,CALM,38.98,-8,Market On Close,Filled,-311.84,"adjust" 
2008-08-01T14:00:00Z,CUB,26.9,-51,Market On Close,Filled,-1371.9,"band" 
2008-08-01T14:00:00Z,DCO,27.21,-8,Market On Close,Filled,-217.68,"adjust" 
2008-08-01T14:00:00Z,GHM,101.97,-15,Market On Close,Filled,-1529.55,"expired" 
2008-08-01T14:00:00Z,SHOO,22.79,-11,Market On Close,Filled,-250.69,"adjust" 
2008-08-01T14:00:00Z,WMK,38.31,-6,Market On Close,Filled,-229.86,"adjust" 
2008-08-01T14:00:00Z,CMC,28.52,8,Market On Close,Filled,228.16,"adjust" 
2008-08-01T14:00:00Z,DECK,105.49,2,Market On Close,Filled,210.98,"adjust" 
2008-08-01T14:00:00Z,NUE,53.69,4,Market On Close,Filled,214.76,"adjust" 
2008-08-01T14:00:00Z,COP,81.14,14,Market On Close,Filled,1135.96,"buy" 
2008-08-01T14:00:00Z,PCLN,116.66,2,Market On Close,Filled,233.32,"adjust" 
2008-08-01T14:00:00Z,PCU,25.97,11,Market On Close,Filled,285.67,"adjust" 
2008-08-01T14:00:00Z,PTEN,28.8,40,Market On Close,Filled,1152,"buy" 
2008-08-01T14:00:00Z,RS,60.83,4,Market On Close,Filled,243.32,"adjust" 
2008-08-01T14:00:00Z,SKX,18.96,61,Market On Close,Filled,1156.56,"buy" 
2008-08-01T14:00:00Z,TNC,26.37,12,Market On Close,Filled,316.44,"adjust" 
2008-08-01T14:00:00Z,WDC,28.61,9,Market On Close,Filled,257.49,"adjust" 
2008-08-01T14:00:00Z,ZEUS,51.62,7,Market On Close,Filled,361.34,"adjust" 
2008-09-02T14:00:00Z,LXU,22.81,-9,Market On Close,Filled,-205.29,"adjust" 
2008-09-02T14:00:00Z,NVR,596.5,-1,Market On Close,Filled,-596.5,"adjust" 
2008-09-02T14:00:00Z,TNC,31.28,-44,Market On Close,Filled,-1376.32,"band" 
2008-09-02T14:00:00Z,DMLP,26.3,42,Market On Close,Filled,1104.6,"buy" 
2008-09-02T14:00:00Z,SCHN,64.15,7,Market On Close,Filled,449.05,"adjust" 
2008-10-01T14:00:00Z,AIT,25.63,-9,Market On Close,Filled,-230.67,"adjust" 
2008-10-01T14:00:00Z,BKE,51.95,-5,Market On Close,Filled,-259.75,"adjust" 
2008-10-01T14:00:00Z,CALM,27.42,-30,Market On Close,Filled,-822.6,"expired" 
2008-10-01T14:00:00Z,CMC,16.28,-38,Market On Close,Filled,-618.64,"band" 
2008-10-01T14:00:00Z,DCO,22.9,-42,Market On Close,Filled,-961.8,"band" 
2008-10-01T14:00:00Z,MOV,21.63,-10,Market On Close,Filled,-216.3,"adjust" 
2008-10-01T14:00:00Z,PCU,18.35,-41,Market On Close,Filled,-752.35,"band" 
2008-10-01T14:00:00Z,SHOO,24.6,-11,Market On Close,Filled,-270.6,"adjust" 
2008-10-01T14:00:00Z,UACL,23.55,-11,Market On Close,Filled,-259.05,"adjust" 
2008-10-01T14:00:00Z,VLGEA,47.77,-8,Market On Close,Filled,-382.16,"adjust" 
2008-10-01T14:00:00Z,WEYS,32.89,-8,Market On Close,Filled,-263.12,"adjust" 
2008-10-01T14:00:00Z,CF,88.75,3,Market On Close,Filled,266.25,"adjust" 
2008-10-01T14:00:00Z,CRMT,18.56,54,Market On Close,Filled,1002.24,"buy" 
2008-10-01T14:00:00Z,CMI,42.8,6,Market On Close,Filled,256.8,"adjust" 
2008-10-01T14:00:00Z,IIIN,13,74,Market On Close,Filled,962,"buy" 
2008-10-01T14:00:00Z,LXU,14.35,24,Market On Close,Filled,344.4,"adjust" 
2008-10-01T14:00:00Z,PCLN,64.72,4,Market On Close,Filled,258.88,"adjust" 
2008-10-01T14:00:00Z,PTEN,18.82,10,Market On Close,Filled,188.2,"adjust" 
2008-10-01T14:00:00Z,RS,36.86,8,Market On Close,Filled,294.88,"adjust" 
2008-10-01T14:00:00Z,SCHN,37.63,8,Market On Close,Filled,301.04,"adjust" 
2008-10-01T14:00:00Z,TTWO,15.93,61,Market On Close,Filled,971.73,"buy" 
2008-10-01T14:00:00Z,WTI,26.08,37,Market On Close,Filled,964.96,"buy" 
2008-10-01T14:00:00Z,ZEUS,28.14,12,Market On Close,Filled,337.68,"adjust" 
2008-11-03T15:00:00Z,AIT,19.93,-37,Market On Close,Filled,-737.41,"expired" 
2008-11-03T15:00:00Z,CVX,73.61,-3,Market On Close,Filled,-220.83,"adjust" 
2008-11-03T15:00:00Z,DECK,80.65,-10,Market On Close,Filled,-806.5,"band" 
2008-11-03T15:00:00Z,DLTR,38.01,-11,Market On Close,Filled,-418.11,"adjust" 
2008-11-03T15:00:00Z,FSTR,28.28,-34,Market On Close,Filled,-961.52,"band" 
2008-11-03T15:00:00Z,JAKK,21.48,-11,Market On Close,Filled,-236.28,"adjust" 
2008-11-03T15:00:00Z,K,52.29,-5,Market On Close,Filled,-261.45,"adjust" 
2008-11-03T15:00:00Z,LXU,8.39,-72,Market On Close,Filled,-604.08,"band" 
2008-11-03T15:00:00Z,NUE,37.93,-20,Market On Close,Filled,-758.6,"band" 
2008-11-03T15:00:00Z,PCLN,52.29,-14,Market On Close,Filled,-732.06,"band" 
2008-11-03T15:00:00Z,VLGEA,50.26,-5,Market On Close,Filled,-251.3,"adjust" 
2008-11-03T15:00:00Z,ABFS,29.03,27,Market On Close,Filled,783.81,"buy" 
2008-11-03T15:00:00Z,CALM,29.09,27,Market On Close,Filled,785.43,"buy" 
2008-11-03T15:00:00Z,CMI,26.48,8,Market On Close,Filled,211.84,"adjust" 
2008-11-03T15:00:00Z,DAR,7.13,108,Market On Close,Filled,770.04,"buy" 
2008-11-03T15:00:00Z,HVT,9.6,82,Market On Close,Filled,787.2,"buy" 
2008-11-03T15:00:00Z,HOFT,9.8,31,Market On Close,Filled,303.8,"adjust" 
2008-11-03T15:00:00Z,TBI,8.18,98,Market On Close,Filled,801.64,"buy" 
2008-11-03T15:00:00Z,SYKE,16.49,51,Market On Close,Filled,840.99,"buy" 
2008-12-01T15:00:00Z,AAON,17.3,-22,Market On Close,Filled,-380.6,"adjust" 
2008-12-01T15:00:00Z,CMI,22.53,-31,Market On Close,Filled,-698.43,"band" 
2008-12-01T15:00:00Z,EXPO,27.11,-8,Market On Close,Filled,-216.88,"adjust" 
2008-12-01T15:00:00Z,SYKE,16.47,-11,Market On Close,Filled,-181.17,"adjust" 
2008-12-01T15:00:00Z,WEYS,27.26,-8,Market On Close,Filled,-218.08,"adjust" 
2008-12-01T15:00:00Z,WMK,28.62,-7,Market On Close,Filled,-200.34,"adjust" 
2008-12-01T15:00:00Z,XOM,74.65,-3,Market On Close,Filled,-223.95,"adjust" 
2008-12-01T15:00:00Z,BKE,16.39,14,Market On Close,Filled,229.46,"adjust" 
2008-12-01T15:00:00Z,CRMT,8.29,26,Market On Close,Filled,215.54,"adjust" 
2008-12-01T15:00:00Z,DAR,3.66,43,Market On Close,Filled,157.38,"adjust" 
2008-12-01T15:00:00Z,GCO,11.47,55,Market On Close,Filled,630.85,"buy" 
2008-12-01T15:00:00Z,RS,17.07,10,Market On Close,Filled,170.7,"adjust" 
2008-12-01T15:00:00Z,WDC,10.8,21,Market On Close,Filled,226.8,"adjust" 
2008-12-01T15:00:00Z,WTI,12.24,16,Market On Close,Filled,195.84,"adjust" 
2009-01-02T15:00:00Z,CRMT,13.73,-23,Market On Close,Filled,-315.79,"adjust" 
2009-01-02T15:00:00Z,SCHN,40.18,-25,Market On Close,Filled,-1004.5,"expired" 
2009-01-02T15:00:00Z,CF,53.49,5,Market On Close,Filled,267.45,"adjust" 
2009-01-02T15:00:00Z,EGY,7.5,106,Market On Close,Filled,795,"buy" 
2009-01-02T15:00:00Z,MOV,9.68,39,Market On Close,Filled,377.52,"adjust" 
2009-01-02T15:00:00Z,PTEN,12.58,18,Market On Close,Filled,226.44,"adjust" 
2009-01-02T15:00:00Z,TTWO,7.95,43,Market On Close,Filled,341.85,"adjust" 
2009-02-02T15:00:00Z,DAR,4.48,-151,Market On Close,Filled,-676.48,"universe" 
2009-02-02T15:00:00Z,DLTR,42.8,-5,Market On Close,Filled,-214,"adjust" 
2009-02-02T15:00:00Z,HOFT,8.09,-89,Market On Close,Filled,-720.01,"band" 
2009-02-02T15:00:00Z,MEI,4.9,-109,Market On Close,Filled,-534.1,"universe" 
2009-02-02T15:00:00Z,MOV,7.66,-84,Market On Close,Filled,-643.44,"band" 
2009-02-02T15:00:00Z,RS,22.21,-36,Market On Close,Filled,-799.56,"band" 
2009-02-02T15:00:00Z,CRK,38.42,18,Market On Close,Filled,691.56,"buy" 
2009-02-02T15:00:00Z,CTRN,9.51,74,Market On Close,Filled,703.74,"buy" 
2009-02-02T15:00:00Z,LHCG,27.2,26,Market On Close,Filled,707.2,"buy" 
2009-02-02T15:00:00Z,PETS,14.45,49,Market On Close,Filled,708.05,"buy" 
2009-02-02T15:00:00Z,KFRC,6.32,114,Market On Close,Filled,720.48,"buy" 
2009-03-02T15:00:00Z,BKE,23.28,-13,Market On Close,Filled,-302.64,"adjust" 
2009-03-02T15:00:00Z,CF,58.99,-16,Market On Close,Filled,-943.84,"band" 
2009-03-02T15:00:00Z,CTRN,11.97,-22,Market On Close,Filled,-263.34,"adjust" 
2009-03-02T15:00:00Z,COP,35.15,-14,Market On Close,Filled,-492.1,"band" 
2009-03-02T15:00:00Z,VLGEA,24.48,-8,Market On Close,Filled,-195.84,"adjust" 
2009-03-02T15:00:00Z,WDC,12.7,-15,Market On Close,Filled,-190.5,"adjust" 
2009-03-02T15:00:00Z,WTI,6.73,-53,Market On Close,Filled,-356.69,"band" 
2009-03-02T15:00:00Z,HWKN,13.16,49,Market On Close,Filled,644.84,"buy" 
2009-03-02T15:00:00Z,FSYS,19.25,32,Market On Close,Filled,616,"buy" 
2009-03-02T15:00:00Z,MTSC,21.55,27,Market On Close,Filled,581.85,"buy" 
2009-03-02T15:00:00Z,SKX,6.03,39,Market On Close,Filled,235.17,"adjust" 
2009-03-02T15:00:00Z,ZEUS,10.81,17,Market On Close,Filled,183.77,"adjust" 
2009-04-01T14:00:00Z,ABFS,19.17,-27,Market On Close,Filled,-517.59,"band" 
2009-04-01T14:00:00Z,CTRN,22.96,-21,Market On Close,Filled,-482.16,"adjust" 
2009-04-01T14:00:00Z,GCO,19.2,-17,Market On Close,Filled,-326.4,"adjust" 
2009-04-01T14:00:00Z,JAKK,12.65,-36,Market On Close,Filled,-455.4,"band" 
2009-04-01T14:00:00Z,TBI,8.37,-98,Market On Close,Filled,-820.26,"band" 
2009-04-01T14:00:00Z,NVR,430.02,-1,Market On Close,Filled,-430.02,"band" 
2009-04-01T14:00:00Z,SKX,6.91,-100,Market On Close,Filled,-691,"band" 
2009-04-01T14:00:00Z,TTWO,8.47,-104,Market On Close,Filled,-880.88,"band" 
2009-04-01T14:00:00Z,AMED,27.4,26,Market On Close,Filled,712.4,"buy" 
2009-04-01T14:00:00Z,CMTL,25.14,29,Market On Close,Filled,729.06,"buy" 
2009-04-01T14:00:00Z,CNC,17.65,39,Market On Close,Filled,688.35,"buy" 
2009-04-01T14:00:00Z,IIIN,7.11,29,Market On Close,Filled,206.19,"adjust" 
2009-04-01T14:00:00Z,FSYS,14.44,21,Market On Close,Filled,303.24,"adjust" 
2009-04-01T14:00:00Z,NPK,63.81,11,Market On Close,Filled,701.91,"buy" 
2009-04-01T14:00:00Z,WIRE,21.98,33,Market On Close,Filled,725.34,"buy" 
2009-04-01T14:00:00Z,WSO,34.55,21,Market On Close,Filled,725.55,"buy" 
2009-05-01T14:00:00Z,B,13.91,-49,Market On Close,Filled,-681.59,"expired" 
2009-05-01T14:00:00Z,BKE,36.61,-6,Market On Close,Filled,-219.66,"adjust" 
2009-05-01T14:00:00Z,EGY,4.7,-106,Market On Close,Filled,-498.2,"universe" 
2009-05-01T14:00:00Z,KFRC,10.63,-114,Market On Close,Filled,-1211.82,"expired" 
2009-05-01T14:00:00Z,SHOO,28.47,-13,Market On Close,Filled,-370.11,"adjust" 
2009-05-01T14:00:00Z,WDC,23.35,-12,Market On Close,Filled,-280.2,"adjust" 
2009-05-01T14:00:00Z,DGIT,21.99,34,Market On Close,Filled,747.66,"buy" 
2009-05-01T14:00:00Z,KIRK,6.71,117,Market On Close,Filled,785.07,"buy" 
2009-05-01T14:00:00Z,LHCG,23.74,9,Market On Close,Filled,213.66,"adjust" 
2009-05-01T14:00:00Z,MTSC,21.7,11,Market On Close,Filled,238.7,"adjust" 
2009-05-01T14:00:00Z,PLCE,28.9,28,Market On Close,Filled,809.2,"buy" 
2009-05-01T14:00:00Z,UACL,12.6,24,Market On Close,Filled,302.4,"adjust" 
2009-05-01T14:00:00Z,XOM,67.93,3,Market On Close,Filled,203.79,"adjust" 
2009-06-01T14:00:00Z,CRK,40.83,-18,Market On Close,Filled,-734.94,"band" 
2009-06-01T14:00:00Z,HWKN,21,-11,Market On Close,Filled,-231,"adjust" 
2009-06-01T14:00:00Z,IIIN,9.08,-103,Market On Close,Filled,-935.24,"band" 
2009-06-01T14:00:00Z,FSYS,22.74,-53,Market On Close,Filled,-1205.22,"band" 
2009-06-01T14:00:00Z,OXY,69.33,-12,Market On Close,Filled,-831.96,"band" 
2009-06-01T14:00:00Z,PTEN,15.23,-68,Market On Close,Filled,-1035.64,"band" 
2009-06-01T14:00:00Z,ZEUS,19.69,-51,Market On Close,Filled,-1004.19,"band" 
2009-06-01T14:00:00Z,CTR,20.25,43,Market On Close,Filled,870.75,"buy" 
2009-06-01T14:00:00Z,CASY,26.47,33,Market On Close,Filled,873.51,"buy" 
2009-06-01T14:00:00Z,FIZ,11,77,Market On Close,Filled,847,"buy" 
2009-06-01T14:00:00Z,RBIN,13.97,58,Market On Close,Filled,810.26,"buy" 
2009-06-01T14:00:00Z,RHI,22.61,39,Market On Close,Filled,881.79,"buy" 
2009-06-01T14:00:00Z,USMO,11.34,74,Market On Close,Filled,839.16,"buy" 
2009-06-01T14:00:00Z,WEYS,25.19,12,Market On Close,Filled,302.28,"adjust" 
2009-07-01T14:00:00Z,ANK,39.86,-14,Market On Close,Filled,-558.04,"adjust" 
2009-07-01T14:00:00Z,CMTL,32.55,-29,Market On Close,Filled,-943.95,"band" 
2009-07-01T14:00:00Z,CRMT,21.14,-16,Market On Close,Filled,-338.24,"adjust" 
2009-07-01T14:00:00Z,KIRK,11.21,-46,Market On Close,Filled,-515.66,"adjust" 
2009-07-01T14:00:00Z,CORE,26.88,32,Market On Close,Filled,860.16,"buy" 
2009-07-01T14:00:00Z,DGIT,18.09,12,Market On Close,Filled,217.08,"adjust" 
2009-07-01T14:00:00Z,EXPO,25.23,11,Market On Close,Filled,277.53,"adjust" 
2009-08-03T14:00:00Z,AMED,44.8,-26,Market On Close,Filled,-1164.8,"band" 
2009-08-03T14:00:00Z,GCO,22.07,-38,Market On Close,Filled,-838.66,"band" 
2009-08-03T14:00:00Z,WSO,52.64,-4,Market On Close,Filled,-210.56,"adjust" 
2009-08-03T14:00:00Z,BKE,31.36,8,Market On Close,Filled,250.88,"adjust" 
2009-08-03T14:00:00Z,CVX,70.4,3,Market On Close,Filled,211.2,"adjust" 
2009-08-03T14:00:00Z,HWKN,18.98,11,Market On Close,Filled,208.78,"adjust" 
2009-08-03T14:00:00Z,RGR,11.87,74,Market On Close,Filled,878.38,"buy" 
2009-08-03T14:00:00Z,SIF,10.3,89,Market On Close,Filled,916.7,"buy" 
2009-08-03T14:00:00Z,VLGEA,29.36,7,Market On Close,Filled,205.52,"adjust" 
2009-09-01T14:00:00Z,SIF,13.8,-26,Market On Close,Filled,-358.8,"adjust" 
2009-09-01T14:00:00Z,WDC,33.21,-7,Market On Close,Filled,-232.47,"adjust" 
2009-09-01T14:00:00Z,CNC,17.02,14,Market On Close,Filled,238.28,"adjust" 
2009-09-01T14:00:00Z,CTRN,21.55,10,Market On Close,Filled,215.5,"adjust" 
2009-10-01T14:00:00Z,EXPO,27.54,-35,Market On Close,Filled,-963.9,"band" 
2009-10-01T14:00:00Z,WEYS,22.35,-34,Market On Close,Filled,-759.9,"band" 
2009-10-01T14:00:00Z,CALM,25.93,9,Market On Close,Filled,233.37,"adjust" 
2009-10-01T14:00:00Z,SCHN,51.67,18,Market On Close,Filled,930.06,"buy" 
2009-10-01T14:00:00Z,TESS,16.91,56,Market On Close,Filled,946.96,"buy" 
2009-10-01T14:00:00Z,WIRE,22.1,10,Market On Close,Filled,221,"adjust" 
2009-10-01T14:00:00Z,WMK,31.67,7,Market On Close,Filled,221.69,"adjust" 
2009-11-02T15:00:00Z,CALM,27.93,-36,Market On Close,Filled,-1005.48,"band" 
2009-11-02T15:00:00Z,CVX,76.64,-13,Market On Close,Filled,-996.32,"band" 
2009-11-02T15:00:00Z,DMLP,22.15,-42,Market On Close,Filled,-930.3,"band" 
2009-11-02T15:00:00Z,PLCE,32.53,-28,Market On Close,Filled,-910.84,"band" 
2009-11-02T15:00:00Z,XOM,72.15,-12,Market On Close,Filled,-865.8,"band" 
2009-11-02T15:00:00Z,AAON,18.66,13,Market On Close,Filled,242.58,"adjust" 
2009-11-02T15:00:00Z,APOG,12.9,71,Market On Close,Filled,915.9,"buy" 
2009-11-02T15:00:00Z,ARKR,12.8,75,Market On Close,Filled,960,"buy" 
2009-11-02T15:00:00Z,DISCA,27.28,34,Market On Close,Filled,927.52,"buy" 
2009-11-02T15:00:00Z,POWL,36.05,25,Market On Close,Filled,901.25,"buy" 
2009-11-02T15:00:00Z,RS,36.42,25,Market On Close,Filled,910.5,"buy" 
2009-12-01T15:00:00Z,AAON,19.03,-52,Market On Close,Filled,-989.56,"band" 
2009-12-01T15:00:00Z,CNC,19.27,-53,Market On Close,Filled,-1021.31,"band" 
2009-12-01T15:00:00Z,DGIT,27.28,-10,Market On Close,Filled,-272.8,"adjust" 
2009-12-01T15:00:00Z,LHCG,31.9,-35,Market On Close,Filled,-1116.5,"band" 
2009-12-01T15:00:00Z,PETS,16.48,-49,Market On Close,Filled,-807.52,"band" 
2009-12-01T15:00:00Z,RHI,22.75,-39,Market On Close,Filled,-887.25,"band" 
2009-12-01T15:00:00Z,UACL,16.13,-65,Market On Close,Filled,-1048.45,"band" 
2009-12-01T15:00:00Z,CENT,9.15,111,Market On Close,Filled,1015.65,"buy" 
2009-12-01T15:00:00Z,CVI,7.39,132,Market On Close,Filled,975.48,"buy" 
2009-12-01T15:00:00Z,DPZ,7.75,123,Market On Close,Filled,953.25,"buy" 
2009-12-01T15:00:00Z,GTLS,16.91,58,Market On Close,Filled,980.78,"buy" 
2009-12-01T15:00:00Z,HHS,9.82,101,Market On Close,Filled,991.82,"buy" 
2009-12-01T15:00:00Z,JBSS,16.32,61,Market On Close,Filled,995.52,"buy" 
2009-12-01T15:00:00Z,USMO,10.34,23,Market On Close,Filled,237.82,"adjust" 
2010-01-04T15:00:00Z,CENT,10.65,-111,Market On Close,Filled,-1182.15,"universe" 
2010-01-04T15:00:00Z,KIRK,18,-13,Market On Close,Filled,-234,"adjust" 
2010-01-04T15:00:00Z,NPK,113.55,-2,Market On Close,Filled,-227.1,"adjust" 
2010-01-04T15:00:00Z,SCHN,50,-18,Market On Close,Filled,-900,"expired" 
2010-01-04T15:00:00Z,WIRE,21.26,-43,Market On Close,Filled,-914.18,"band" 
2010-01-04T15:00:00Z,CLW,54.32,18,Market On Close,Filled,977.76,"buy" 
2010-01-04T15:00:00Z,DLTR,48.17,5,Market On Close,Filled,240.85,"adjust" 
2010-01-04T15:00:00Z,EGN,47.49,21,Market On Close,Filled,997.29,"buy" 
2010-01-04T15:00:00Z,POWL,32.36,7,Market On Close,Filled,226.52,"adjust" 
2010-01-04T15:00:00Z,RGR,10.24,31,Market On Close,Filled,317.44,"adjust" 
2010-01-04T15:00:00Z,TSRA,23.81,43,Market On Close,Filled,1023.83,"buy" 
2010-02-01T15:00:00Z,CTRN,30.3,-10,Market On Close,Filled,-303,"adjust" 
2010-02-01T15:00:00Z,DLTR,49.97,-21,Market On Close,Filled,-1049.37,"band" 
2010-02-01T15:00:00Z,DPZ,11.36,-36,Market On Close,Filled,-408.96,"adjust" 
2010-02-01T15:00:00Z,VLGEA,26.13,-31,Market On Close,Filled,-810.03,"band" 
2010-02-01T15:00:00Z,MTRX,10.52,98,Market On Close,Filled,1030.96,"buy" 
2010-02-01T15:00:00Z,SCVL,18.06,54,Market On Close,Filled,975.24,"buy" 
2010-02-01T15:00:00Z,SIF,12.65,16,Market On Close,Filled,202.4,"adjust" 
2010-02-01T15:00:00Z,TSRA,17.25,14,Market On Close,Filled,241.5,"adjust" 
2010-03-01T15:00:00Z,EGN,46.68,-21,Market On Close,Filled,-980.28,"universe" 
2010-03-01T15:00:00Z,HVT,13.49,-82,Market On Close,Filled,-1106.18,"band" 
2010-03-01T15:00:00Z,MTSC,27.92,-38,Market On Close,Filled,-1060.96,"band" 
2010-03-01T15:00:00Z,WSO,59.16,-17,Market On Close,Filled,-1005.72,"band" 
2010-03-01T15:00:00Z,NEU,91.02,11,Market On Close,Filled,1001.22,"buy" 
2010-03-01T15:00:00Z,LZB,13.52,82,Market On Close,Filled,1108.64,"buy" 
2010-03-01T15:00:00Z,TTEC,18.06,59,Market On Close,Filled,1065.54,"buy" 
2010-03-01T15:00:00Z,UFS,56.19,19,Market On Close,Filled,1067.61,"buy" 
2010-04-01T14:00:00Z,ARKR,13.35,-75,Market On Close,Filled,-1001.25,"universe" 
2010-04-01T14:00:00Z,BKE,37.16,-29,Market On Close,Filled,-1077.64,"band" 
2010-04-01T14:00:00Z,CTRN,33.1,-31,Market On Close,Filled,-1026.1,"band" 
2010-04-01T14:00:00Z,SHOO,48.96,-5,Market On Close,Filled,-244.8,"adjust" 
2010-04-01T14:00:00Z,SIF,17.2,-14,Market On Close,Filled,-240.8,"adjust" 
2010-04-01T14:00:00Z,TESS,23.25,-9,Market On Close,Filled,-209.25,"adjust" 
2010-04-01T14:00:00Z,AMED,56.99,20,Market On Close,Filled,1139.8,"buy" 
2010-04-01T14:00:00Z,DSW,25.76,43,Market On Close,Filled,1107.68,"buy" 
2010-04-01T14:00:00Z,FIZ,11.13,23,Market On Close,Filled,255.99,"adjust" 
2010-04-01T14:00:00Z,FLXS,13.31,81,Market On Close,Filled,1078.11,"buy" 
2010-04-01T14:00:00Z,JBSS,15.76,14,Market On Close,Filled,220.64,"adjust" 
2010-04-01T14:00:00Z,K,53.61,4,Market On Close,Filled,214.44,"adjust" 
2010-05-03T14:00:00Z,CVI,8.47,-132,Market On Close,Filled,-1118.04,"band" 
2010-05-03T14:00:00Z,DPZ,16.06,-87,Market On Close,Filled,-1397.22,"expired" 
2010-05-03T14:00:00Z,HHS,14.46,-18,Market On Close,Filled,-260.28,"adjust" 
2010-05-03T14:00:00Z,RBIN,25.58,-11,Market On Close,Filled,-281.38,"adjust" 
2010-05-03T14:00:00Z,RGR,17.23,-105,Market On Close,Filled,-1809.15,"band" 
2010-05-03T14:00:00Z,SCVL,27.51,-11,Market On Close,Filled,-302.61,"adjust" 
2010-05-03T14:00:00Z,SIF,13.95,-65,Market On Close,Filled,-906.75,"universe" 
2010-05-03T14:00:00Z,SYKE,22.51,-40,Market On Close,Filled,-900.4,"band" 
2010-05-03T14:00:00Z,TTEC,16.87,-59,Market On Close,Filled,-995.33,"expired" 
2010-05-03T14:00:00Z,UFS,75.41,-3,Market On Close,Filled,-226.23,"adjust" 
2010-05-03T14:00:00Z,USMO,14.23,-97,Market On Close,Filled,-1380.31,"expired" 
2010-05-03T14:00:00Z,APOG,14.13,16,Market On Close,Filled,226.08,"adjust" 
2010-05-03T14:00:00Z,CORE,30.59,7,Market On Close,Filled,214.13,"adjust" 
2010-05-03T14:00:00Z,DDS,29.72,42,Market On Close,Filled,1248.24,"buy" 
2010-05-03T14:00:00Z,DECK,143.79,8,Market On Close,Filled,1150.32,"buy" 
2010-05-03T14:00:00Z,FOSL,40.46,30,Market On Close,Filled,1213.8,"buy" 
2010-05-03T14:00:00Z,GCI,17.29,70,Market On Close,Filled,1210.3,"buy" 
2010-05-03T14:00:00Z,GIII,30.75,41,Market On Close,Filled,1260.75,"buy" 
2010-05-03T14:00:00Z,OSK,39.75,31,Market On Close,Filled,1232.25,"buy" 
2010-05-03T14:00:00Z,SXI,25.94,50,Market On Close,Filled,1297,"buy" 
2010-06-01T14:00:00Z,DGIT,41.71,-10,Market On Close,Filled,-417.1,"adjust" 
2010-06-01T14:00:00Z,GTLS,16.96,-58,Market On Close,Filled,-983.68,"band" 
2010-06-01T14:00:00Z,HWKN,25.43,-8,Market On Close,Filled,-203.44,"adjust" 
2010-06-01T14:00:00Z,TSRA,16.87,-57,Market On Close,Filled,-961.59,"band" 
2010-06-01T14:00:00Z,ALG,22.58,48,Market On Close,Filled,1083.84,"buy" 
2010-06-01T14:00:00Z,ANK,41.31,5,Market On Close,Filled,206.55,"adjust" 
2010-06-01T14:00:00Z,SKX,36.14,29,Market On Close,Filled,1048.06,"buy" 
2010-07-01T14:00:00Z,ANK,40.16,-26,Market On Close,Filled,-1044.16,"band" 
2010-07-01T14:00:00Z,DISCA,36.09,-6,Market On Close,Filled,-216.54,"adjust" 
2010-07-01T14:00:00Z,FIZ,12.28,-19,Market On Close,Filled,-233.32,"adjust" 
2010-07-01T14:00:00Z,SXI,26.71,-11,Market On Close,Filled,-293.81,"adjust" 
2010-07-01T14:00:00Z,GCO,26.36,38,Market On Close,Filled,1001.68,"buy" 
2010-07-01T14:00:00Z,LZB,7.28,52,Market On Close,Filled,378.56,"adjust" 
2010-08-02T14:00:00Z,APOG,11.12,-87,Market On Close,Filled,-967.44,"band" 
2010-08-02T14:00:00Z,HWKN,32.17,-8,Market On Close,Filled,-257.36,"adjust" 
2010-08-02T14:00:00Z,AMED,26.75,20,Market On Close,Filled,535,"adjust" 
2010-08-02T14:00:00Z,PLCE,41.72,25,Market On Close,Filled,1043,"buy" 
2010-08-02T14:00:00Z,WDC,27.16,13,Market On Close,Filled,353.08,"adjust" 
2010-09-01T14:00:00Z,CASY,38.65,-7,Market On Close,Filled,-270.55,"adjust" 
2010-09-01T14:00:00Z,CLW,70.5,-4,Market On Close,Filled,-282,"adjust" 
2010-09-01T14:00:00Z,NEU,104.3,-2,Market On Close,Filled,-208.6,"adjust" 
2010-09-01T14:00:00Z,FOSL,48.8,-10,Market On Close,Filled,-488,"adjust" 
2010-09-01T14:00:00Z,HHS,10.42,-83,Market On Close,Filled,-864.86,"band" 
2010-09-01T14:00:00Z,AAWW,45.37,22,Market On Close,Filled,998.14,"buy" 
2010-09-01T14:00:00Z,DGIT,15.83,35,Market On Close,Filled,554.05,"adjust" 
2010-09-01T14:00:00Z,KIRK,11.86,28,Market On Close,Filled,332.08,"adjust" 
2010-09-01T14:00:00Z,SCVL,16.68,16,Market On Close,Filled,266.88,"adjust" 
2010-09-01T14:00:00Z,SKX,26.84,9,Market On Close,Filled,241.56,"adjust" 
2010-09-01T14:00:00Z,TESS,11.16,23,Market On Close,Filled,256.68,"adjust" 
2010-10-01T14:00:00Z,DGIT,20.91,-10,Market On Close,Filled,-209.1,"adjust" 
2010-10-01T14:00:00Z,MTRX,8.7,-98,Market On Close,Filled,-852.6,"band" 
2010-10-01T14:00:00Z,OSK,28.07,-31,Market On Close,Filled,-870.17,"band" 
2010-10-01T14:00:00Z,RBIN,30.44,-11,Market On Close,Filled,-334.84,"adjust" 
2010-10-01T14:00:00Z,RS,42.19,-25,Market On Close,Filled,-1054.75,"band" 
2010-10-01T14:00:00Z,SHOO,41.2,-5,Market On Close,Filled,-206,"adjust" 
2010-10-01T14:00:00Z,TESS,16.06,-20,Market On Close,Filled,-321.2,"adjust" 
2010-10-01T14:00:00Z,DPZ,13.15,84,Market On Close,Filled,1104.6,"buy" 
2010-10-01T14:00:00Z,GCI,12.58,20,Market On Close,Filled,251.6,"adjust" 
2010-10-01T14:00:00Z,MGLN,47.38,23,Market On Close,Filled,1089.74,"buy" 
2010-10-01T14:00:00Z,SKX,22.54,9,Market On Close,Filled,202.86,"adjust" 
2010-10-01T14:00:00Z,USMO,16.31,69,Market On Close,Filled,1125.39,"buy" 
2010-11-01T14:00:00Z,DECK,56.59,-5,Market On Close,Filled,-282.95,"adjust" 
2010-11-01T14:00:00Z,DSW,33.37,-9,Market On Close,Filled,-300.33,"adjust" 
2010-11-01T14:00:00Z,JBSS,12.96,-75,Market On Close,Filled,-972,"band" 
2010-11-01T14:00:00Z,SCVL,22.95,-9,Market On Close,Filled,-206.55,"adjust" 
2010-11-01T14:00:00Z,WDC,32.62,-40,Market On Close,Filled,-1304.8,"expired" 
2010-11-01T14:00:00Z,CRUS,12.51,89,Market On Close,Filled,1113.39,"buy" 
2010-11-01T14:00:00Z,IDT,13.74,78,Market On Close,Filled,1071.72,"buy" 
2010-11-01T14:00:00Z,SKX,19.24,12,Market On Close,Filled,230.88,"adjust" 
2010-12-01T15:00:00Z,DECK,79.94,-3,Market On Close,Filled,-239.82,"adjust" 
2010-12-01T15:00:00Z,GCO,39.88,-6,Market On Close,Filled,-239.28,"adjust" 
2010-12-01T15:00:00Z,HWKN,43.45,-5,Market On Close,Filled,-217.25,"adjust" 
2010-12-01T15:00:00Z,IDT,22.2,-18,Market On Close,Filled,-399.6,"adjust" 
2010-12-01T15:00:00Z,LZB,7.98,-134,Market On Close,Filled,-1069.32,"band" 
2010-12-01T15:00:00Z,POWL,36.17,-32,Market On Close,Filled,-1157.44,"band" 
2010-12-01T15:00:00Z,CRMT,25.3,8,Market On Close,Filled,202.4,"adjust" 
2010-12-01T15:00:00Z,K,49.44,5,Market On Close,Filled,247.2,"adjust" 
2010-12-01T15:00:00Z,KIRK,12,18,Market On Close,Filled,216,"adjust" 
2010-12-01T15:00:00Z,SGU,5.38,234,Market On Close,Filled,1258.92,"buy" 
2010-12-01T15:00:00Z,SSP,9.57,138,Market On Close,Filled,1320.66,"buy" 
2011-01-03T15:00:00Z,DDS,38.83,-8,Market On Close,Filled,-310.64,"adjust" 
2011-01-03T15:00:00Z,DGIT,29.59,-51,Market On Close,Filled,-1509.09,"universe" 
2011-01-03T15:00:00Z,GCI,15.42,-90,Market On Close,Filled,-1387.8,"band" 
2011-01-03T15:00:00Z,IDT,26.62,-10,Market On Close,Filled,-266.2,"adjust" 
2011-01-03T15:00:00Z,KIRK,14.06,-104,Market On Close,Filled,-1462.24,"band" 
2011-01-03T15:00:00Z,FIZ,13.56,18,Market On Close,Filled,244.08,"adjust" 
2011-01-03T15:00:00Z,OTL,20.68,63,Market On Close,Filled,1302.84,"buy" 
2011-01-03T15:00:00Z,RGR,15.09,85,Market On Close,Filled,1282.65,"buy" 
2011-01-03T15:00:00Z,VSH,14.78,88,Market On Close,Filled,1300.64,"buy" 
2011-02-01T15:00:00Z,CRUS,21.33,-29,Market On Close,Filled,-618.57,"adjust" 
2011-02-01T15:00:00Z,FOSL,73.05,-3,Market On Close,Filled,-219.15,"adjust" 
2011-02-01T15:00:00Z,SGU,5.48,-234,Market On Close,Filled,-1282.32,"expired" 
2011-02-01T15:00:00Z,TESS,12.44,-73,Market On Close,Filled,-908.12,"universe" 
2011-02-01T15:00:00Z,CTR,24.89,9,Market On Close,Filled,224.01,"adjust" 
2011-02-01T15:00:00Z,KLIC,10.29,130,Market On Close,Filled,1337.7,"buy" 
2011-02-01T15:00:00Z,PLCE,42.14,5,Market On Close,Filled,210.7,"adjust" 
2011-02-01T15:00:00Z,SHOO,39.8,6,Market On Close,Filled,238.8,"adjust" 
2011-02-01T15:00:00Z,FL,18.02,71,Market On Close,Filled,1279.42,"buy" 
2011-03-01T15:00:00Z,AAWW,67.43,-22,Market On Close,Filled,-1483.46,"band" 
2011-03-01T15:00:00Z,AMED,35.37,-40,Market On Close,Filled,-1414.8,"expired" 
2011-03-01T15:00:00Z,CRMT,24.26,-49,Market On Close,Filled,-1188.74,"band" 
2011-03-01T15:00:00Z,FLXS,14.82,-81,Market On Close,Filled,-1200.42,"universe" 
2011-03-01T15:00:00Z,GIII,38.6,-7,Market On Close,Filled,-270.2,"adjust" 
2011-03-01T15:00:00Z,NPK,125.75,-9,Market On Close,Filled,-1131.75,"band" 
2011-03-01T15:00:00Z,OTL,25.61,-13,Market On Close,Filled,-332.93,"adjust" 
2011-03-01T15:00:00Z,ALV,73.1,18,Market On Close,Filled,1315.8,"buy" 
2011-03-01T15:00:00Z,AIT,31.5,42,Market On Close,Filled,1323,"buy" 
2011-03-01T15:00:00Z,CASY,40.34,6,Market On Close,Filled,242.04,"adjust" 
2011-03-01T15:00:00Z,CLW,79.48,3,Market On Close,Filled,238.44,"adjust" 
2011-03-01T15:00:00Z,ENTG,8.51,154,Market On Close,Filled,1310.54,"buy" 
2011-03-01T15:00:00Z,HWKN,36.57,7,Market On Close,Filled,255.99,"adjust" 
2011-03-01T15:00:00Z,MGLN,48.62,5,Market On Close,Filled,243.1,"adjust" 
2011-03-01T15:00:00Z,MKSI,29.79,44,Market On Close,Filled,1310.76,"buy" 
2011-03-01T15:00:00Z,TER,18.19,72,Market On Close,Filled,1309.68,"buy" 
2011-03-01T15:00:00Z,USMO,14.46,21,Market On Close,Filled,303.66,"adjust" 
2011-04-01T14:00:00Z,FOSL,93.61,-3,Market On Close,Filled,-280.83,"adjust" 
2011-04-01T14:00:00Z,OTL,31.01,-7,Market On Close,Filled,-217.07,"adjust" 
2011-04-01T14:00:00Z,RGR,23.09,-24,Market On Close,Filled,-554.16,"adjust" 
2011-04-01T14:00:00Z,SKX,20.22,-59,Market On Close,Filled,-1192.98,"band" 
2011-04-01T14:00:00Z,DISCA,40.41,7,Market On Close,Filled,282.87,"adjust" 
2011-04-01T14:00:00Z,LSCC,5.94,237,Market On Close,Filled,1407.78,"buy" 
2011-05-02T14:00:00Z,CASY,38.45,-32,Market On Close,Filled,-1230.4,"band" 
2011-05-02T14:00:00Z,DISCA,44.65,-35,Market On Close,Filled,-1562.75,"band" 
2011-05-02T14:00:00Z,DPZ,18.56,-84,Market On Close,Filled,-1559.04,"expired" 
2011-05-02T14:00:00Z,NEU,186.58,-9,Market On Close,Filled,-1679.22,"expired" 
2011-05-02T14:00:00Z,HWKN,46.5,-5,Market On Close,Filled,-232.5,"adjust" 
2011-05-02T14:00:00Z,MGLN,51.79,-28,Market On Close,Filled,-1450.12,"expired" 
2011-05-02T14:00:00Z,SHOO,52.64,-6,Market On Close,Filled,-315.84,"adjust" 
2011-05-02T14:00:00Z,USMO,15.02,-90,Market On Close,Filled,-1351.8,"expired" 
2011-05-02T14:00:00Z,VSH,18.7,-12,Market On Close,Filled,-224.4,"adjust" 
2011-05-02T14:00:00Z,BRKS,11.81,119,Market On Close,Filled,1405.39,"buy" 
2011-05-02T14:00:00Z,CCF,16.84,88,Market On Close,Filled,1481.92,"buy" 
2011-05-02T14:00:00Z,CRUS,15.93,28,Market On Close,Filled,446.04,"adjust" 
2011-05-02T14:00:00Z,EBS,23.7,62,Market On Close,Filled,1469.4,"buy" 
2011-05-02T14:00:00Z,KLIC,9.03,30,Market On Close,Filled,270.9,"adjust" 
2011-05-02T14:00:00Z,LRCX,48.09,30,Market On Close,Filled,1442.7,"buy" 
2011-05-02T14:00:00Z,PLPC,70.04,20,Market On Close,Filled,1400.8,"buy" 
2011-05-02T14:00:00Z,TER,15.83,18,Market On Close,Filled,284.94,"adjust" 
2011-05-02T14:00:00Z,WMK,40.46,5,Market On Close,Filled,202.3,"adjust" 
2011-06-01T14:00:00Z,CLW,67.69,-17,Market On Close,Filled,-1150.73,"band" 
2011-06-01T14:00:00Z,CORE,34.83,-39,Market On Close,Filled,-1358.37,"band" 
2011-06-01T14:00:00Z,DDS,55.77,-8,Market On Close,Filled,-446.16,"adjust" 
2011-06-01T14:00:00Z,DSW,48.54,-5,Market On Close,Filled,-242.7,"adjust" 
2011-06-01T14:00:00Z,KLIC,11.65,-40,Market On Close,Filled,-466,"adjust" 
2011-06-01T14:00:00Z,UFS,99.59,-2,Market On Close,Filled,-199.18,"adjust" 
2011-06-01T14:00:00Z,FL,24.32,-13,Market On Close,Filled,-316.16,"adjust" 
2011-06-01T14:00:00Z,ALG,25.09,9,Market On Close,Filled,225.81,"adjust" 
2011-06-01T14:00:00Z,MERC,12.89,106,Market On Close,Filled,1366.34,"buy" 
2011-06-01T14:00:00Z,MKSI,25.44,11,Market On Close,Filled,279.84,"adjust" 
2011-06-01T14:00:00Z,MXIM,26.42,53,Market On Close,Filled,1400.26,"buy" 
2011-06-01T14:00:00Z,SSP,8.15,32,Market On Close,Filled,260.8,"adjust" 
2011-06-01T14:00:00Z,VSH,15.41,16,Market On Close,Filled,246.56,"adjust" 
2011-07-01T14:00:00Z,FIZ,14.63,-99,Market On Close,Filled,-1448.37,"band" 
2011-07-01T14:00:00Z,FOSL,121.96,-2,Market On Close,Filled,-243.92,"adjust" 
2011-07-01T14:00:00Z,GCO,52.83,-5,Market On Close,Filled,-264.15,"adjust" 
2011-07-01T14:00:00Z,SSP,9.72,-23,Market On Close,Filled,-223.56,"adjust" 
2011-07-01T14:00:00Z,GIII,35.5,7,Market On Close,Filled,248.5,"adjust" 
2011-07-01T14:00:00Z,GME,26.94,53,Market On Close,Filled,1427.82,"buy" 
2011-07-01T14:00:00Z,HWKN,36.97,9,Market On Close,Filled,332.73,"adjust" 
2011-07-01T14:00:00Z,MERC,10.66,35,Market On Close,Filled,373.1,"adjust" 
2011-07-01T14:00:00Z,SXI,30.63,7,Market On Close,Filled,214.41,"adjust" 
2011-07-01T14:00:00Z,VECO,48.58,29,Market On Close,Filled,1408.82,"buy" 
2011-08-01T14:00:00Z,ALG,24.02,-57,Market On Close,Filled,-1369.14,"band" 
2011-08-01T14:00:00Z,CRUS,15.22,-88,Market On Close,Filled,-1339.36,"band" 
2011-08-01T14:00:00Z,DECK,101.82,-3,Market On Close,Filled,-305.46,"adjust" 
2011-08-01T14:00:00Z,DSW,54.16,-4,Market On Close,Filled,-216.64,"adjust" 
2011-08-01T14:00:00Z,EBS,20.52,-62,Market On Close,Filled,-1272.24,"band" 
2011-08-01T14:00:00Z,FOSL,126.74,-2,Market On Close,Filled,-253.48,"adjust" 
2011-08-01T14:00:00Z,HWKN,34.73,-39,Market On Close,Filled,-1354.47,"expired" 
2011-08-01T14:00:00Z,RGR,27.75,-12,Market On Close,Filled,-333,"adjust" 
2011-08-01T14:00:00Z,SCVL,32.44,-8,Market On Close,Filled,-259.52,"adjust" 
2011-08-01T14:00:00Z,SXI,32.27,-46,Market On Close,Filled,-1484.42,"band" 
2011-08-01T14:00:00Z,BKE,44.21,30,Market On Close,Filled,1326.3,"buy" 
2011-08-01T14:00:00Z,BRKS,9.45,23,Market On Close,Filled,217.35,"adjust" 
2011-08-01T14:00:00Z,KLIC,9.27,27,Market On Close,Filled,250.29,"adjust" 
2011-08-01T14:00:00Z,LFUS,51.89,26,Market On Close,Filled,1349.14,"buy" 
2011-08-01T14:00:00Z,MRO,30.65,43,Market On Close,Filled,1317.95,"buy" 
2011-08-01T14:00:00Z,MYGN,20.86,63,Market On Close,Filled,1314.18,"buy" 
2011-08-01T14:00:00Z,UNH,48.02,27,Market On Close,Filled,1296.54,"buy" 
2011-09-01T14:00:00Z,CCF,12.59,-88,Market On Close,Filled,-1107.92,"band" 
2011-09-01T14:00:00Z,GCO,49.42,-4,Market On Close,Filled,-197.68,"adjust" 
2011-09-01T14:00:00Z,RGR,31.78,-12,Market On Close,Filled,-381.36,"adjust" 
2011-09-01T14:00:00Z,SHOO,34.96,-6,Market On Close,Filled,-209.76,"adjust" 
2011-09-01T14:00:00Z,ALV,55.01,4,Market On Close,Filled,220.04,"adjust" 
2011-09-01T14:00:00Z,FOSL,95.49,3,Market On Close,Filled,286.47,"adjust" 
2011-09-01T14:00:00Z,LINC,9.29,128,Market On Close,Filled,1189.12,"buy" 
2011-09-01T14:00:00Z,VSH,11.15,18,Market On Close,Filled,200.7,"adjust" 
2011-10-03T14:00:00Z,ALV,46.14,-22,Market On Close,Filled,-1015.08,"band" 
2011-10-03T14:00:00Z,GIII,21.83,-41,Market On Close,Filled,-895.03,"band" 
2011-10-03T14:00:00Z,K,52.88,-4,Market On Close,Filled,-211.52,"adjust" 
2011-10-03T14:00:00Z,PLCE,45.8,-30,Market On Close,Filled,-1374,"band" 
2011-10-03T14:00:00Z,CVI,19.69,54,Market On Close,Filled,1063.26,"buy" 
2011-10-03T14:00:00Z,DEPO,5,211,Market On Close,Filled,1055,"buy" 
2011-10-03T14:00:00Z,MLR,16.57,65,Market On Close,Filled,1077.05,"buy" 
2011-10-03T14:00:00Z,VECO,24.01,17,Market On Close,Filled,408.17,"adjust" 
2011-10-03T14:00:00Z,VSH,8.09,26,Market On Close,Filled,210.34,"adjust" 
2011-11-01T14:00:00Z,DECK,111.83,-2,Market On Close,Filled,-223.66,"adjust" 
2011-11-01T14:00:00Z,DEPO,4.38,-211,Market On Close,Filled,-924.18,"universe" 
2011-11-01T14:00:00Z,LRCX,42.22,-30,Market On Close,Filled,-1266.6,"expired" 
2011-11-01T14:00:00Z,CHS,12.29,107,Market On Close,Filled,1315.03,"buy" 
2011-11-01T14:00:00Z,CROX,17.86,75,Market On Close,Filled,1339.5,"buy" 
2011-11-01T14:00:00Z,IDT,12,65,Market On Close,Filled,780,"adjust" 
2011-11-01T14:00:00Z,MERC,6.85,52,Market On Close,Filled,356.2,"adjust" 
2011-11-01T14:00:00Z,MRO,25.38,8,Market On Close,Filled,203.04,"adjust" 
2011-12-01T15:00:00Z,AIT,34.3,-6,Market On Close,Filled,-205.8,"adjust" 
2011-12-01T15:00:00Z,IDT,12.89,-19,Market On Close,Filled,-244.91,"adjust" 
2011-12-01T15:00:00Z,LSCC,6.97,-55,Market On Close,Filled,-383.35,"adjust" 
2011-12-01T15:00:00Z,MKSI,26.35,-9,Market On Close,Filled,-237.15,"adjust" 
2011-12-01T15:00:00Z,SSP,8.35,-147,Market On Close,Filled,-1227.45,"band" 
2011-12-01T15:00:00Z,VECO,25.14,-46,Market On Close,Filled,-1156.44,"band" 
2011-12-01T15:00:00Z,VSH,9.7,-136,Market On Close,Filled,-1319.2,"band" 
2011-12-01T15:00:00Z,CVX,101.83,12,Market On Close,Filled,1221.96,"buy" 
2011-12-01T15:00:00Z,CVI,18.06,15,Market On Close,Filled,270.9,"adjust" 
2011-12-01T15:00:00Z,HOC,23.43,54,Market On Close,Filled,1265.22,"buy" 
2011-12-01T15:00:00Z,LINC,7.47,43,Market On Close,Filled,321.21,"adjust" 
2011-12-01T15:00:00Z,LZB,11.59,127,Market On Close,Filled,1471.93,"buy" 
2011-12-01T15:00:00Z,MLR,15.35,13,Market On Close,Filled,199.55,"adjust" 
2011-12-01T15:00:00Z,SCVL,23.15,10,Market On Close,Filled,231.5,"adjust" 
2012-01-03T15:00:00Z,BRKS,10.41,-21,Market On Close,Filled,-218.61,"adjust" 
2012-01-03T15:00:00Z,IDT,9.55,-96,Market On Close,Filled,-916.8,"band" 
2012-01-03T15:00:00Z,LZB,12,-23,Market On Close,Filled,-276,"adjust" 
2012-01-03T15:00:00Z,MERC,6.49,-193,Market On Close,Filled,-1252.57,"band" 
2012-01-03T15:00:00Z,MRO,30.95,-9,Market On Close,Filled,-278.55,"adjust" 
2012-01-03T15:00:00Z,B,24.44,51,Market On Close,Filled,1246.44,"buy" 
2012-01-03T15:00:00Z,DECK,76.45,5,Market On Close,Filled,382.25,"adjust" 
2012-01-03T15:00:00Z,LXU,29.51,44,Market On Close,Filled,1298.44,"buy" 
2012-02-01T15:00:00Z,CVI,25.58,-14,Market On Close,Filled,-358.12,"adjust" 
2012-02-01T15:00:00Z,HOC,30.42,-8,Market On Close,Filled,-243.36,"adjust" 
2012-02-01T15:00:00Z,KLIC,11.31,-20,Market On Close,Filled,-226.2,"adjust" 
2012-02-01T15:00:00Z,RBIN,44.57,-5,Market On Close,Filled,-222.85,"adjust" 
2012-02-01T15:00:00Z,DDS,43.89,5,Market On Close,Filled,219.45,"adjust" 
2012-02-01T15:00:00Z,K,49.31,6,Market On Close,Filled,295.86,"adjust" 
2012-03-01T15:00:00Z,CHS,15.29,-107,Market On Close,Filled,-1636.03,"band" 
2012-03-01T15:00:00Z,DDS,60.43,-8,Market On Close,Filled,-483.44,"adjust" 
2012-03-01T15:00:00Z,DECK,78.59,-16,Market On Close,Filled,-1257.44,"band" 
2012-03-01T15:00:00Z,FOSL,126.29,-2,Market On Close,Filled,-252.58,"adjust" 
2012-03-01T15:00:00Z,LXU,41.25,-8,Market On Close,Filled,-330,"adjust" 
2012-03-01T15:00:00Z,FL,29.51,-8,Market On Close,Filled,-236.08,"adjust" 
2012-03-01T15:00:00Z,GME,23.84,11,Market On Close,Filled,262.24,"adjust" 
2012-03-01T15:00:00Z,ICFI,24.88,56,Market On Close,Filled,1393.28,"buy" 
2012-03-01T15:00:00Z,LSCC,6.55,39,Market On Close,Filled,255.45,"adjust" 
2012-03-01T15:00:00Z,MLR,15.97,14,Market On Close,Filled,223.58,"adjust" 
2012-03-01T15:00:00Z,UACL,15.46,93,Market On Close,Filled,1437.78,"buy" 
2012-04-02T14:00:00Z,B,26.96,-51,Market On Close,Filled,-1374.96,"universe" 
2012-04-02T14:00:00Z,LINC,7.91,-171,Market On Close,Filled,-1352.61,"band" 
2012-04-02T14:00:00Z,RGR,51.1,-7,Market On Close,Filled,-357.7,"adjust" 
2012-04-02T14:00:00Z,CVX,108.3,2,Market On Close,Filled,216.6,"adjust" 
2012-04-02T14:00:00Z,CMTL,33.85,46,Market On Close,Filled,1557.1,"buy" 
2012-04-02T14:00:00Z,SMP,17.39,84,Market On Close,Filled,1460.76,"buy" 
2012-05-01T14:00:00Z,CROX,20.13,-75,Market On Close,Filled,-1509.75,"expired" 
2012-05-01T14:00:00Z,CVI,30.16,-7,Market On Close,Filled,-211.12,"adjust" 
2012-05-01T14:00:00Z,GCO,74.59,-4,Market On Close,Filled,-298.36,"adjust" 
2012-05-01T14:00:00Z,OTL,29.94,-43,Market On Close,Filled,-1287.42,"band" 
2012-05-01T14:00:00Z,RBIN,48.6,-31,Market On Close,Filled,-1506.6,"expired" 
2012-05-01T14:00:00Z,RGR,55.14,-5,Market On Close,Filled,-275.7,"adjust" 
2012-05-01T14:00:00Z,EGY,9.38,163,Market On Close,Filled,1528.94,"buy" 
2012-05-01T14:00:00Z,LSCC,5.43,50,Market On Close,Filled,271.5,"adjust" 
2012-05-01T14:00:00Z,LXU,34.53,7,Market On Close,Filled,241.71,"adjust" 
2012-05-01T14:00:00Z,MRO,30.19,8,Market On Close,Filled,241.52,"adjust" 
2012-05-01T14:00:00Z,SPPI,10.49,139,Market On Close,Filled,1458.11,"buy" 
2012-05-01T14:00:00Z,PLPC,57.22,5,Market On Close,Filled,286.1,"adjust" 
2012-05-01T14:00:00Z,RSC,27.16,53,Market On Close,Filled,1439.48,"buy" 
2012-05-01T14:00:00Z,SMP,15.22,14,Market On Close,Filled,213.08,"adjust" 
2012-06-01T14:00:00Z,DDS,66.21,-4,Market On Close,Filled,-264.84,"adjust" 
2012-06-01T14:00:00Z,DSW,57.26,-25,Market On Close,Filled,-1431.5,"expired" 
2012-06-01T14:00:00Z,LSCC,4.29,-271,Market On Close,Filled,-1162.59,"universe" 
2012-06-01T14:00:00Z,LXU,27.03,-43,Market On Close,Filled,-1162.29,"band" 
2012-06-01T14:00:00Z,MRO,23.89,-50,Market On Close,Filled,-1194.5,"band" 
2012-06-01T14:00:00Z,SPPI,11.01,-24,Market On Close,Filled,-264.24,"adjust" 
2012-06-01T14:00:00Z,PLPC,53.05,-25,Market On Close,Filled,-1326.25,"band" 
2012-06-01T14:00:00Z,RSC,17.76,-53,Market On Close,Filled,-941.28,"expired" 
2012-06-01T14:00:00Z,SCVL,20.33,-14,Market On Close,Filled,-284.62,"adjust" 
2012-06-01T14:00:00Z,WMK,43.17,-5,Market On Close,Filled,-215.85,"adjust" 
2012-06-01T14:00:00Z,FL,30.38,-8,Market On Close,Filled,-243.04,"adjust" 
2012-06-01T14:00:00Z,AAPL,560.99,2,Market On Close,Filled,1121.98,"buy" 
2012-06-01T14:00:00Z,FOSL,69.59,7,Market On Close,Filled,487.13,"adjust" 
2012-06-01T14:00:00Z,INTC,25.14,51,Market On Close,Filled,1282.14,"buy" 
2012-06-01T14:00:00Z,KIRK,10.55,123,Market On Close,Filled,1297.65,"buy" 
2012-06-01T14:00:00Z,NUS,41.44,31,Market On Close,Filled,1284.64,"buy" 
2012-06-01T14:00:00Z,RGR,37.63,9,Market On Close,Filled,338.67,"adjust" 
2012-06-01T14:00:00Z,STMP,22.82,54,Market On Close,Filled,1232.28,"buy" 
2012-06-01T14:00:00Z,USNA,40.06,33,Market On Close,Filled,1321.98,"buy" 
2012-07-02T14:00:00Z,CTR,31.27,-8,Market On Close,Filled,-250.16,"adjust" 
2012-07-02T14:00:00Z,CVX,105.86,-2,Market On Close,Filled,-211.72,"adjust" 
2012-07-02T14:00:00Z,FOSL,74.88,-18,Market On Close,Filled,-1347.84,"band" 
2012-07-02T14:00:00Z,HOC,35.69,-8,Market On Close,Filled,-285.52,"adjust" 
2012-07-02T14:00:00Z,SPPI,16,-28,Market On Close,Filled,-448,"adjust" 
2012-07-02T14:00:00Z,UNH,56.26,-4,Market On Close,Filled,-225.04,"adjust" 
2012-07-02T14:00:00Z,BRKS,9.57,23,Market On Close,Filled,220.11,"adjust" 
2012-07-02T14:00:00Z,KLIC,8.9,25,Market On Close,Filled,222.5,"adjust" 
2012-07-02T14:00:00Z,MOV,25.34,54,Market On Close,Filled,1368.36,"buy" 
2012-07-02T14:00:00Z,SHOO,31.69,8,Market On Close,Filled,253.52,"adjust" 
2012-07-02T14:00:00Z,UFS,76.95,3,Market On Close,Filled,230.85,"adjust" 
2012-08-01T14:00:00Z,KLIC,10.87,-29,Market On Close,Filled,-315.23,"adjust" 
2012-08-01T14:00:00Z,NUS,49.48,-5,Market On Close,Filled,-247.4,"adjust" 
2012-08-01T14:00:00Z,RGR,49.39,-7,Market On Close,Filled,-345.73,"adjust" 
2012-08-01T14:00:00Z,SHOO,39.41,-42,Market On Close,Filled,-1655.22,"band" 
2012-08-01T14:00:00Z,DISCA,49.3,27,Market On Close,Filled,1331.1,"buy" 
2012-08-01T14:00:00Z,GME,16.07,21,Market On Close,Filled,337.47,"adjust" 
2012-08-01T14:00:00Z,STMP,20.11,10,Market On Close,Filled,201.1,"adjust" 
2012-09-04T14:00:00Z,GME,20.41,-11,Market On Close,Filled,-224.51,"adjust" 
2012-09-04T14:00:00Z,MLR,15.51,-92,Market On Close,Filled,-1426.92,"band" 
2012-09-04T14:00:00Z,MOV,36.36,-14,Market On Close,Filled,-509.04,"adjust" 
2012-09-04T14:00:00Z,SMP,17.63,-18,Market On Close,Filled,-317.34,"adjust" 
2012-09-04T14:00:00Z,BRKS,8.08,32,Market On Close,Filled,258.56,"adjust" 
2012-09-04T14:00:00Z,EGY,7.39,28,Market On Close,Filled,206.92,"adjust" 
2012-09-04T14:00:00Z,KIRK,9.72,23,Market On Close,Filled,223.56,"adjust" 
2012-09-04T14:00:00Z,SPPI,12.18,31,Market On Close,Filled,377.58,"adjust" 
2012-09-04T14:00:00Z,NUS,41.68,8,Market On Close,Filled,333.44,"adjust" 
2012-09-04T14:00:00Z,RGR,43.5,5,Market On Close,Filled,217.5,"adjust" 
2012-09-04T14:00:00Z,WDC,42.32,33,Market On Close,Filled,1396.56,"buy" 
2012-10-01T14:00:00Z,BRKS,7.81,-176,Market On Close,Filled,-1374.56,"band" 
2012-10-01T14:00:00Z,CMTL,27.74,-46,Market On Close,Filled,-1276.04,"band" 
2012-10-01T14:00:00Z,CVI,40.18,-9,Market On Close,Filled,-361.62,"adjust" 
2012-10-01T14:00:00Z,K,51.93,-27,Market On Close,Filled,-1402.11,"band" 
2012-10-01T14:00:00Z,MYGN,27.4,-10,Market On Close,Filled,-274,"adjust" 
2012-10-01T14:00:00Z,STMP,23.26,-64,Market On Close,Filled,-1488.64,"band" 
2012-10-01T14:00:00Z,UFS,77.25,-17,Market On Close,Filled,-1313.25,"band" 
2012-10-01T14:00:00Z,CF,224.51,6,Market On Close,Filled,1347.06,"buy" 
2012-10-01T14:00:00Z,DK,25.98,56,Market On Close,Filled,1454.88,"buy" 
2012-10-01T14:00:00Z,ENS,35.5,40,Market On Close,Filled,1420,"buy" 
2012-10-01T14:00:00Z,GCI,17.97,81,Market On Close,Filled,1455.57,"buy" 
2012-10-01T14:00:00Z,ICFI,20.25,15,Market On Close,Filled,303.75,"adjust" 
2012-10-01T14:00:00Z,INTC,22.76,12,Market On Close,Filled,273.12,"adjust" 
2012-10-01T14:00:00Z,MKSI,25.13,10,Market On Close,Filled,251.3,"adjust" 
2012-10-01T14:00:00Z,WCC,57.72,25,Market On Close,Filled,1443,"buy" 
2012-11-01T14:00:00Z,AIT,40.94,-36,Market On Close,Filled,-1473.84,"expired" 
2012-11-01T14:00:00Z,DISCA,61.26,-4,Market On Close,Filled,-245.04,"adjust" 
2012-11-01T14:00:00Z,GME,23.6,-12,Market On Close,Filled,-283.2,"adjust" 
2012-11-01T14:00:00Z,LZB,16.66,-17,Market On Close,Filled,-283.22,"adjust" 
2012-11-01T14:00:00Z,MYGN,26.86,-53,Market On Close,Filled,-1423.58,"expired" 
2012-11-01T14:00:00Z,NUS,48.94,-34,Market On Close,Filled,-1663.96,"band" 
2012-11-01T14:00:00Z,WCC,65.36,-4,Market On Close,Filled,-261.44,"adjust" 
2012-11-01T14:00:00Z,ALG,33.74,42,Market On Close,Filled,1417.08,"buy" 
2012-11-01T14:00:00Z,GCO,56.96,5,Market On Close,Filled,284.8,"adjust" 
2012-11-01T14:00:00Z,NC,52,27,Market On Close,Filled,1404,"buy" 
2012-11-01T14:00:00Z,USPH,27.11,53,Market On Close,Filled,1436.83,"buy" 
2012-11-01T14:00:00Z,WDC,35.43,8,Market On Close,Filled,283.44,"adjust" 
2012-12-03T15:00:00Z,CVI,45.83,-7,Market On Close,Filled,-320.81,"adjust" 
2012-12-03T15:00:00Z,DDS,89.01,-3,Market On Close,Filled,-267.03,"adjust" 
2012-12-03T15:00:00Z,HOC,45.35,-6,Market On Close,Filled,-272.1,"adjust" 
2012-12-03T15:00:00Z,ICFI,21.62,-71,Market On Close,Filled,-1535.02,"band" 
2012-12-03T15:00:00Z,MKSI,24.02,-56,Market On Close,Filled,-1345.12,"band" 
2012-12-03T15:00:00Z,SPPI,11.74,-118,Market On Close,Filled,-1385.32,"band" 
2012-12-03T15:00:00Z,RGR,58.58,-7,Market On Close,Filled,-410.06,"adjust" 
2012-12-03T15:00:00Z,CHS,18.66,79,Market On Close,Filled,1474.14,"buy" 
2012-12-03T15:00:00Z,GIII,37.56,38,Market On Close,Filled,1427.28,"buy" 
2012-12-03T15:00:00Z,INTC,19.55,12,Market On Close,Filled,234.6,"adjust" 
2012-12-03T15:00:00Z,LHCG,19.48,76,Market On Close,Filled,1480.48,"buy" 
2012-12-03T15:00:00Z,UNH,53.89,4,Market On Close,Filled,215.56,"adjust" 
2012-12-03T15:00:00Z,WMK,38.52,7,Market On Close,Filled,269.64,"adjust" 
2013-01-02T15:00:00Z,INTC,21.38,-75,Market On Close,Filled,-1603.5,"band" 
2013-01-02T15:00:00Z,KIRK,10.96,-146,Market On Close,Filled,-1600.16,"band" 
2013-01-02T15:00:00Z,SMP,22.61,-13,Market On Close,Filled,-293.93,"adjust" 
2013-01-02T15:00:00Z,UACL,18.43,-93,Market On Close,Filled,-1713.99,"band" 
2013-01-02T15:00:00Z,WDC,43.44,-6,Market On Close,Filled,-260.64,"adjust" 
2013-01-02T15:00:00Z,CTR,27,10,Market On Close,Filled,270,"adjust" 
2013-01-02T15:00:00Z,CF,207.24,1,Market On Close,Filled,207.24,"adjust" 
2013-01-02T15:00:00Z,HVT,16.68,92,Market On Close,Filled,1534.56,"buy" 
2013-01-02T15:00:00Z,LZB,15.01,19,Market On Close,Filled,285.19,"adjust" 
2013-01-02T15:00:00Z,MED,26.29,56,Market On Close,Filled,1472.24,"buy" 
2013-01-02T15:00:00Z,MOV,30.53,8,Market On Close,Filled,244.24,"adjust" 
2013-01-02T15:00:00Z,RGR,45.88,8,Market On Close,Filled,367.04,"adjust" 
2013-01-02T15:00:00Z,SCVL,20.43,10,Market On Close,Filled,204.3,"adjust" 
2013-01-02T15:00:00Z,USNA,32.88,12,Market On Close,Filled,394.56,"adjust" 
2013-01-02T15:00:00Z,VLGEA,34.81,45,Market On Close,Filled,1566.45,"buy" 
2013-02-01T15:00:00Z,CF,229.96,-1,Market On Close,Filled,-229.96,"adjust" 
2013-02-01T15:00:00Z,CVI,53.58,-6,Market On Close,Filled,-321.48,"adjust" 
2013-02-01T15:00:00Z,DK,34.22,-10,Market On Close,Filled,-342.2,"adjust" 
2013-02-01T15:00:00Z,KLIC,11.65,-123,Market On Close,Filled,-1432.95,"expired" 
2013-02-01T15:00:00Z,AAPL,453.73,1,Market On Close,Filled,453.73,"adjust" 
2013-02-01T15:00:00Z,AEOS,20.2,77,Market On Close,Filled,1555.4,"buy" 
2013-02-01T15:00:00Z,USPH,24.85,10,Market On Close,Filled,248.5,"adjust" 
2013-03-01T15:00:00Z,AAPL,430.51,-3,Market On Close,Filled,-1291.53,"band" 
2013-03-01T15:00:00Z,GME,24.05,-62,Market On Close,Filled,-1491.1,"band" 
2013-03-01T15:00:00Z,HOC,56.95,-4,Market On Close,Filled,-227.8,"adjust" 
2013-03-01T15:00:00Z,LZB,18.34,-20,Market On Close,Filled,-366.8,"adjust" 
2013-03-01T15:00:00Z,RGR,56.09,-4,Market On Close,Filled,-224.36,"adjust" 
2013-03-01T15:00:00Z,USNA,43.74,-10,Market On Close,Filled,-437.4,"adjust" 
2013-03-01T15:00:00Z,BKE,44.55,5,Market On Close,Filled,222.75,"adjust" 
2013-03-01T15:00:00Z,CF,201.5,1,Market On Close,Filled,201.5,"adjust" 
2013-03-01T15:00:00Z,CHS,16.96,14,Market On Close,Filled,237.44,"adjust" 
2013-03-01T15:00:00Z,DDS,80.27,3,Market On Close,Filled,240.81,"adjust" 
2013-03-01T15:00:00Z,MED,23.92,12,Market On Close,Filled,287.04,"adjust" 
2013-03-01T15:00:00Z,SIX,67.51,23,Market On Close,Filled,1552.73,"buy" 
2013-03-01T15:00:00Z,KAI,24.87,64,Market On Close,Filled,1591.68,"buy" 
2013-04-01T14:00:00Z,DISCA,77.98,-3,Market On Close,Filled,-233.94,"adjust" 
2013-04-01T14:00:00Z,EGY,7.38,-191,Market On Close,Filled,-1409.58,"band" 
2013-04-01T14:00:00Z,ENS,45.16,-5,Market On Close,Filled,-225.8,"adjust" 
2013-04-01T14:00:00Z,ENTG,9.65,-154,Market On Close,Filled,-1486.1,"band" 
2013-04-01T14:00:00Z,GCO,58.07,-24,Market On Close,Filled,-1393.68,"band" 
2013-04-01T14:00:00Z,HVT,20.47,-14,Market On Close,Filled,-286.58,"adjust" 
2013-04-01T14:00:00Z,LFUS,66.42,-3,Market On Close,Filled,-199.26,"adjust" 
2013-04-01T14:00:00Z,SMP,28.25,-9,Market On Close,Filled,-254.25,"adjust" 
2013-04-01T14:00:00Z,UNH,58.97,-27,Market On Close,Filled,-1592.19,"band" 
2013-04-01T14:00:00Z,CTR,24.2,13,Market On Close,Filled,314.6,"adjust" 
2013-04-01T14:00:00Z,CTB,25.45,63,Market On Close,Filled,1603.35,"buy" 
2013-04-01T14:00:00Z,CVI,51.88,5,Market On Close,Filled,259.4,"adjust" 
2013-04-01T14:00:00Z,IPAR,24.8,66,Market On Close,Filled,1636.8,"buy" 
2013-04-01T14:00:00Z,KWR,58.96,27,Market On Close,Filled,1591.92,"buy" 
2013-04-01T14:00:00Z,RES,15.1,106,Market On Close,Filled,1600.6,"buy" 
2013-05-01T14:00:00Z,GCI,19.94,-81,Market On Close,Filled,-1615.14,"expired" 
2013-05-01T14:00:00Z,HVT,23.21,-9,Market On Close,Filled,-208.89,"adjust" 
2013-05-01T14:00:00Z,IPAR,28.44,-10,Market On Close,Filled,-284.4,"adjust" 
2013-05-01T14:00:00Z,LFUS,68.3,-23,Market On Close,Filled,-1570.9,"band" 
2013-05-01T14:00:00Z,RGR,49.62,-29,Market On Close,Filled,-1438.98,"band" 
2013-05-01T14:00:00Z,TER,16.11,-90,Market On Close,Filled,-1449.9,"band" 
2013-05-01T14:00:00Z,USNA,54.93,-6,Market On Close,Filled,-329.58,"adjust" 
2013-05-01T14:00:00Z,WCC,68.02,-21,Market On Close,Filled,-1428.42,"band" 
2013-05-01T14:00:00Z,WDC,54.8,-6,Market On Close,Filled,-328.8,"adjust" 
2013-05-01T14:00:00Z,HOC,48.01,5,Market On Close,Filled,240.05,"adjust" 
2013-05-01T14:00:00Z,IDCC,43.45,37,Market On Close,Filled,1607.65,"buy" 
2013-05-01T14:00:00Z,IDT,13.86,111,Market On Close,Filled,1538.46,"buy" 
2013-05-01T14:00:00Z,LNDC,12.93,122,Market On Close,Filled,1577.46,"buy" 
2013-05-01T14:00:00Z,RES,13.27,18,Market On Close,Filled,238.86,"adjust" 
2013-05-01T14:00:00Z,UNF,88.85,18,Market On Close,Filled,1599.3,"buy" 
2013-05-01T14:00:00Z,UTHR,66.68,24,Market On Close,Filled,1600.32,"buy" 
2013-06-03T14:00:00Z,CHS,17.86,-93,Market On Close,Filled,-1660.98,"expired" 
2013-06-03T14:00:00Z,CVI,61.52,-4,Market On Close,Filled,-246.08,"adjust" 
2013-06-03T14:00:00Z,DDS,91.44,-19,Market On Close,Filled,-1737.36,"expired" 
2013-06-03T14:00:00Z,MED,28.95,-8,Market On Close,Filled,-231.6,"adjust" 
2013-06-03T14:00:00Z,SCVL,24.64,-73,Market On Close,Filled,-1798.72,"band" 
2013-06-03T14:00:00Z,SMP,34.14,-7,Market On Close,Filled,-238.98,"adjust" 
2013-06-03T14:00:00Z,USNA,67.3,-5,Market On Close,Filled,-336.5,"adjust" 
2013-06-03T14:00:00Z,USPH,28.9,-63,Market On Close,Filled,-1820.7,"band" 
2013-06-03T14:00:00Z,AEOS,19.66,11,Market On Close,Filled,216.26,"adjust" 
2013-06-03T14:00:00Z,ANF,49.71,34,Market On Close,Filled,1690.14,"buy" 
2013-06-03T14:00:00Z,BGFV,20.25,87,Market On Close,Filled,1761.75,"buy" 
2013-06-03T14:00:00Z,CF,193.59,2,Market On Close,Filled,387.18,"adjust" 
2013-06-03T14:00:00Z,CVX,124.09,2,Market On Close,Filled,248.18,"adjust" 
2013-06-03T14:00:00Z,FSLR,53.33,32,Market On Close,Filled,1706.56,"buy" 
2013-06-03T14:00:00Z,GCI,20.8,81,Market On Close,Filled,1684.8,"buy" 
2013-06-03T14:00:00Z,NC,54.29,4,Market On Close,Filled,217.16,"adjust" 
2013-06-03T14:00:00Z,WMK,42.19,5,Market On Close,Filled,210.95,"adjust" 
2013-06-03T14:00:00Z,FL,34.27,8,Market On Close,Filled,274.16,"adjust" 
2013-07-01T14:00:00Z,BGFV,21.38,-10,Market On Close,Filled,-213.8,"adjust" 
2013-07-01T14:00:00Z,CTR,25.32,-67,Market On Close,Filled,-1696.44,"band" 
2013-07-01T14:00:00Z,CTB,33.27,-12,Market On Close,Filled,-399.24,"adjust" 
2013-07-01T14:00:00Z,GCI,25.21,-12,Market On Close,Filled,-302.52,"adjust" 
2013-07-01T14:00:00Z,IDT,19.31,-20,Market On Close,Filled,-386.2,"adjust" 
2013-07-01T14:00:00Z,KAI,31.39,-8,Market On Close,Filled,-251.12,"adjust" 
2013-07-01T14:00:00Z,WMK,45.44,-42,Market On Close,Filled,-1908.48,"band" 
2013-07-01T14:00:00Z,CVI,46.39,9,Market On Close,Filled,417.51,"adjust" 
2013-07-01T14:00:00Z,DK,28.04,13,Market On Close,Filled,364.52,"adjust" 
2013-07-01T14:00:00Z,FSLR,46.29,6,Market On Close,Filled,277.74,"adjust" 
2013-07-01T14:00:00Z,HOC,40.74,6,Market On Close,Filled,244.44,"adjust" 
2013-07-01T14:00:00Z,KLIC,11.04,154,Market On Close,Filled,1700.16,"buy" 
2013-07-01T14:00:00Z,LHCG,19.68,11,Market On Close,Filled,216.48,"adjust" 
2013-07-01T14:00:00Z,MPC,70.38,24,Market On Close,Filled,1689.12,"buy" 
2013-07-01T14:00:00Z,MXIM,27.64,8,Market On Close,Filled,221.12,"adjust" 
2013-08-01T14:00:00Z,CF,195.98,-9,Market On Close,Filled,-1763.82,"band" 
2013-08-01T14:00:00Z,CVX,126.39,-14,Market On Close,Filled,-1769.46,"band" 
2013-08-01T14:00:00Z,MED,27.27,-60,Market On Close,Filled,-1636.2,"band" 
2013-08-01T14:00:00Z,RES,14.64,-124,Market On Close,Filled,-1815.36,"band" 
2013-08-01T14:00:00Z,BGFV,20.14,12,Market On Close,Filled,241.68,"adjust" 
2013-08-01T14:00:00Z,DV,30.63,60,Market On Close,Filled,1837.8,"buy" 
2013-08-01T14:00:00Z,IDCC,41.03,8,Market On Close,Filled,328.24,"adjust" 
2013-08-01T14:00:00Z,PLUS,63.06,28,Market On Close,Filled,1765.68,"buy" 
2013-08-01T14:00:00Z,OSK,46.56,40,Market On Close,Filled,1862.4,"buy" 
2013-08-01T14:00:00Z,PETS,16.93,108,Market On Close,Filled,1828.44,"buy" 
2013-09-03T14:00:00Z,ALG,45.72,-5,Market On Close,Filled,-228.6,"adjust" 
2013-09-03T14:00:00Z,LHCG,22.63,-13,Market On Close,Filled,-294.19,"adjust" 
2013-09-03T14:00:00Z,MOV,41.62,-48,Market On Close,Filled,-1997.76,"band" 
2013-09-03T14:00:00Z,AEOS,14.37,28,Market On Close,Filled,402.36,"adjust" 
2013-09-03T14:00:00Z,ANF,34.93,13,Market On Close,Filled,454.09,"adjust" 
2013-09-03T14:00:00Z,FSLR,36.87,7,Market On Close,Filled,258.09,"adjust" 
2013-09-03T14:00:00Z,PLUS,54.35,4,Market On Close,Filled,217.4,"adjust" 
2013-09-03T14:00:00Z,USMO,13.92,119,Market On Close,Filled,1656.48,"buy" 
2013-10-01T14:00:00Z,ENS,61.49,-7,Market On Close,Filled,-430.43,"adjust" 
2013-10-01T14:00:00Z,GIII,55,-6,Market On Close,Filled,-330,"adjust" 
2013-10-01T14:00:00Z,IDCC,37.7,-45,Market On Close,Filled,-1696.5,"band" 
2013-10-01T14:00:00Z,KWR,74.11,-3,Market On Close,Filled,-222.33,"adjust" 
2013-10-01T14:00:00Z,LZB,22.91,-9,Market On Close,Filled,-206.19,"adjust" 
2013-10-01T14:00:00Z,OSK,50.24,-5,Market On Close,Filled,-251.2,"adjust" 
2013-10-01T14:00:00Z,UNF,103.21,-2,Market On Close,Filled,-206.42,"adjust" 
2013-10-01T14:00:00Z,USNA,89.1,-4,Market On Close,Filled,-356.4,"adjust" 
2013-10-01T14:00:00Z,BGFV,16.18,20,Market On Close,Filled,323.6,"adjust" 
2013-10-01T14:00:00Z,CVI,38.81,9,Market On Close,Filled,349.29,"adjust" 
2013-10-01T14:00:00Z,DK,21.25,24,Market On Close,Filled,510,"adjust" 
2013-10-01T14:00:00Z,ICFI,35.94,49,Market On Close,Filled,1761.06,"buy" 
2013-10-01T14:00:00Z,LNDC,12.27,21,Market On Close,Filled,257.67,"adjust" 
2013-11-01T14:00:00Z,BGFV,19.19,-12,Market On Close,Filled,-230.28,"adjust" 
2013-11-01T14:00:00Z,DK,25.26,-83,Market On Close,Filled,-2096.58,"band" 
2013-11-01T14:00:00Z,DV,34.91,-60,Market On Close,Filled,-2094.6,"expired" 
2013-11-01T14:00:00Z,FSLR,59.07,-9,Market On Close,Filled,-531.63,"adjust" 
2013-11-01T14:00:00Z,LNDC,11.7,-143,Market On Close,Filled,-1673.1,"band" 
2013-11-01T14:00:00Z,UTHR,90.34,-4,Market On Close,Filled,-361.36,"adjust" 
2013-11-01T14:00:00Z,WDC,69.8,-3,Market On Close,Filled,-209.4,"adjust" 
2013-11-01T14:00:00Z,CTB,25.91,19,Market On Close,Filled,492.29,"adjust" 
2013-11-01T14:00:00Z,DECK,68.56,26,Market On Close,Filled,1782.56,"buy" 
2013-11-01T14:00:00Z,HHS,7.98,230,Market On Close,Filled,1835.4,"buy" 
2013-11-01T14:00:00Z,KIRK,17.75,103,Market On Close,Filled,1828.25,"buy" 
2013-11-01T14:00:00Z,LHCG,20.66,15,Market On Close,Filled,309.9,"adjust" 
2013-11-01T14:00:00Z,PETS,14.85,15,Market On Close,Filled,222.75,"adjust" 
2013-11-01T14:00:00Z,USNA,69.78,6,Market On Close,Filled,418.68,"adjust" 
2013-12-02T15:00:00Z,ALG,57.13,-4,Market On Close,Filled,-228.52,"adjust" 
2013-12-02T15:00:00Z,BKE,52.07,-35,Market On Close,Filled,-1822.45,"band" 
2013-12-02T15:00:00Z,CTB,24.39,-70,Market On Close,Filled,-1707.3,"band" 
2013-12-02T15:00:00Z,CVI,40.03,-45,Market On Close,Filled,-1801.35,"band" 
2013-12-02T15:00:00Z,DECK,83.95,-3,Market On Close,Filled,-251.85,"adjust" 
2013-12-02T15:00:00Z,FSLR,59.81,-4,Market On Close,Filled,-239.24,"adjust" 
2013-12-02T15:00:00Z,KIRK,25.5,-27,Market On Close,Filled,-688.5,"adjust" 
2013-12-02T15:00:00Z,LZB,28.99,-11,Market On Close,Filled,-318.89,"adjust" 
2013-12-02T15:00:00Z,MXIM,28.22,-61,Market On Close,Filled,-1721.42,"band" 
2013-12-02T15:00:00Z,NC,63.46,-31,Market On Close,Filled,-1967.26,"band" 
2013-12-02T15:00:00Z,KAI,40.75,-9,Market On Close,Filled,-366.75,"adjust" 
2013-12-02T15:00:00Z,VLGEA,38,-45,Market On Close,Filled,-1710,"band" 
2013-12-02T15:00:00Z,ABFS,33.63,60,Market On Close,Filled,2017.8,"buy" 
2013-12-02T15:00:00Z,ANF,34.02,10,Market On Close,Filled,340.2,"adjust" 
2013-12-02T15:00:00Z,ANK,55.5,34,Market On Close,Filled,1887,"buy" 
2013-12-02T15:00:00Z,FSS,15.3,125,Market On Close,Filled,1912.5,"buy" 
2013-12-02T15:00:00Z,PLUS,53.67,4,Market On Close,Filled,214.68,"adjust" 
2013-12-02T15:00:00Z,MTRX,21.82,88,Market On Close,Filled,1920.16,"buy" 
2013-12-02T15:00:00Z,OSK,48.87,5,Market On Close,Filled,244.35,"adjust" 
2013-12-02T15:00:00Z,PPC,16.43,119,Market On Close,Filled,1955.17,"buy" 
2013-12-02T15:00:00Z,SIX,36.78,6,Market On Close,Filled,220.68,"adjust" 
2013-12-02T15:00:00Z,SYNA,50.27,38,Market On Close,Filled,1910.26,"buy" 
2013-12-02T15:00:00Z,UNF,100.29,3,Market On Close,Filled,300.87,"adjust" 
2013-12-02T15:00:00Z,USMO,14.42,14,Market On Close,Filled,201.88,"adjust" 
2014-01-02T15:00:00Z,AEOS,14.73,-116,Market On Close,Filled,-1708.68,"band" 
2014-01-02T15:00:00Z,ANF,32.01,-57,Market On Close,Filled,-1824.57,"band" 
2014-01-02T15:00:00Z,GIII,71.42,-5,Market On Close,Filled,-357.1,"adjust" 
2014-01-02T15:00:00Z,KLIC,13.06,-154,Market On Close,Filled,-2011.24,"band" 
2014-01-02T15:00:00Z,MPC,89.48,-3,Market On Close,Filled,-268.44,"adjust" 
2014-01-02T15:00:00Z,UNF,106.12,-19,Market On Close,Filled,-2016.28,"expired" 
2014-01-02T15:00:00Z,UTHR,110.9,-3,Market On Close,Filled,-332.7,"adjust" 
2014-01-02T15:00:00Z,WDC,82.68,-3,Market On Close,Filled,-248.04,"adjust" 
2014-01-02T15:00:00Z,FSLR,57.44,4,Market On Close,Filled,229.76,"adjust" 
2014-01-02T15:00:00Z,GME,49.65,40,Market On Close,Filled,1986,"buy" 
2014-01-02T15:00:00Z,ICFI,34.45,8,Market On Close,Filled,275.6,"adjust" 
2014-01-02T15:00:00Z,IDT,17.7,20,Market On Close,Filled,354,"adjust" 
2014-01-02T15:00:00Z,RGR,73.75,27,Market On Close,Filled,1991.25,"buy" 
2014-01-02T15:00:00Z,SAFM,72,27,Market On Close,Filled,1944,"buy" 
2014-01-02T15:00:00Z,STMP,41.78,47,Market On Close,Filled,1963.66,"buy" 
2014-02-03T15:00:00Z,ABFS,32.51,-6,Market On Close,Filled,-195.06,"adjust" 
2014-02-03T15:00:00Z,HHS,6.86,-230,Market On Close,Filled,-1577.8,"band" 
2014-02-03T15:00:00Z,MTRX,24.86,-18,Market On Close,Filled,-447.48,"adjust" 
2014-02-03T15:00:00Z,OSK,50.54,-6,Market On Close,Filled,-303.24,"adjust" 
2014-02-03T15:00:00Z,PETS,12.74,-123,Market On Close,Filled,-1567.02,"universe" 
2014-02-03T15:00:00Z,RGR,72.21,-3,Market On Close,Filled,-216.63,"adjust" 
2014-02-03T15:00:00Z,SYNA,55.5,-7,Market On Close,Filled,-388.5,"adjust" 
2014-02-03T15:00:00Z,ALG,47.68,4,Market On Close,Filled,190.72,"adjust" 
2014-02-03T15:00:00Z,DISCA,78.04,3,Market On Close,Filled,234.12,"adjust" 
2014-02-03T15:00:00Z,FSS,11.72,25,Market On Close,Filled,293,"adjust" 
2014-02-03T15:00:00Z,GME,33.83,13,Market On Close,Filled,439.79,"adjust" 
2014-02-03T15:00:00Z,KIRK,17.58,22,Market On Close,Filled,386.76,"adjust" 
2014-02-03T15:00:00Z,NUS,82.78,21,Market On Close,Filled,1738.38,"buy" 
2014-02-03T15:00:00Z,OSTK,20.72,88,Market On Close,Filled,1823.36,"buy" 
2014-02-03T15:00:00Z,USNA,57.62,5,Market On Close,Filled,288.1,"adjust" 
2014-03-03T15:00:00Z,ANK,65.14,-5,Market On Close,Filled,-325.7,"adjust" 
2014-03-03T15:00:00Z,DISCA,82.08,-23,Market On Close,Filled,-1887.84,"band" 
2014-03-03T15:00:00Z,HOC,44.88,-39,Market On Close,Filled,-1750.32,"band" 
2014-03-03T15:00:00Z,ICFI,40.23,-10,Market On Close,Filled,-402.3,"adjust" 
2014-03-03T15:00:00Z,KIRK,17.76,-98,Market On Close,Filled,-1740.48,"universe" 
2014-03-03T15:00:00Z,MTRX,33.06,-11,Market On Close,Filled,-363.66,"adjust" 
2014-03-03T15:00:00Z,SIX,40.6,-52,Market On Close,Filled,-2111.2,"band" 
2014-03-03T15:00:00Z,USMO,14.37,-133,Market On Close,Filled,-1911.21,"universe" 
2014-03-03T15:00:00Z,USNA,71.94,-5,Market On Close,Filled,-359.7,"adjust" 
2014-03-03T15:00:00Z,BGFV,14.89,30,Market On Close,Filled,446.7,"adjust" 
2014-03-03T15:00:00Z,CORE,76.5,24,Market On Close,Filled,1836,"buy" 
2014-03-03T15:00:00Z,DAL,32.59,58,Market On Close,Filled,1890.22,"buy" 
2014-03-03T15:00:00Z,LZB,25.37,9,Market On Close,Filled,228.33,"adjust" 
2014-03-03T15:00:00Z,RGR,63.6,6,Market On Close,Filled,381.6,"adjust" 
2014-03-03T15:00:00Z,STMP,35.55,7,Market On Close,Filled,248.85,"adjust" 
2014-03-03T15:00:00Z,TSN,38.81,48,Market On Close,Filled,1862.88,"buy" 
2014-03-03T15:00:00Z,TTWO,20,97,Market On Close,Filled,1940,"buy" 
2014-03-03T15:00:00Z,UACL,25.44,74,Market On Close,Filled,1882.56,"buy" 
2014-03-03T15:00:00Z,UTHR,100.37,2,Market On Close,Filled,200.74,"adjust" 
2014-04-01T14:00:00Z,BGFV,16.17,-127,Market On Close,Filled,-2053.59,"band" 
2014-04-01T14:00:00Z,FSLR,70.89,-8,Market On Close,Filled,-567.12,"adjust" 
2014-04-01T14:00:00Z,FSS,15.32,-17,Market On Close,Filled,-260.44,"adjust" 
2014-04-01T14:00:00Z,GME,42.58,-5,Market On Close,Filled,-212.9,"adjust" 
2014-04-01T14:00:00Z,MPC,89.54,-21,Market On Close,Filled,-1880.34,"band" 
2014-04-01T14:00:00Z,PPC,21.14,-24,Market On Close,Filled,-507.36,"adjust" 
2014-04-01T14:00:00Z,UACL,28.98,-74,Market On Close,Filled,-2144.52,"band" 
2014-04-01T14:00:00Z,FL,47.3,-8,Market On Close,Filled,-378.4,"adjust" 
2014-04-01T14:00:00Z,CORE,74.06,3,Market On Close,Filled,222.18,"adjust" 
2014-04-01T14:00:00Z,FF,21.05,98,Market On Close,Filled,2062.9,"buy" 
2014-04-01T14:00:00Z,MYGN,35.15,58,Market On Close,Filled,2038.7,"buy" 
2014-04-01T14:00:00Z,NUS,83.45,3,Market On Close,Filled,250.35,"adjust" 
2014-04-01T14:00:00Z,OSTK,20.35,12,Market On Close,Filled,244.2,"adjust" 
2014-04-01T14:00:00Z,PRFT,18.43,109,Market On Close,Filled,2008.87,"buy" 
2014-04-01T14:00:00Z,KAI,38.28,7,Market On Close,Filled,267.96,"adjust" 
2014-05-01T14:00:00Z,CORE,78.78,-3,Market On Close,Filled,-236.34,"adjust" 
2014-05-01T14:00:00Z,MYGN,39.97,-12,Market On Close,Filled,-479.64,"adjust" 
2014-05-01T14:00:00Z,PPC,22.05,-95,Market On Close,Filled,-2094.75,"expired" 
2014-05-01T14:00:00Z,SAFM,82.72,-4,Market On Close,Filled,-330.88,"adjust" 
2014-05-01T14:00:00Z,STMP,29.12,-54,Market On Close,Filled,-1572.48,"band" 
2014-05-01T14:00:00Z,ANK,57.15,4,Market On Close,Filled,228.6,"adjust" 
2014-05-01T14:00:00Z,KFY,28.8,67,Market On Close,Filled,1929.6,"buy" 
2014-05-01T14:00:00Z,OSTK,15.33,22,Market On Close,Filled,337.26,"adjust" 
2014-05-01T14:00:00Z,VMW,92.05,21,Market On Close,Filled,1933.05,"buy" 
2014-06-02T14:00:00Z,ABFS,42.63,-9,Market On Close,Filled,-383.67,"adjust" 
2014-06-02T14:00:00Z,DAL,40.77,-10,Market On Close,Filled,-407.7,"adjust" 
2014-06-02T14:00:00Z,IDT,16.64,-111,Market On Close,Filled,-1847.04,"band" 
2014-06-02T14:00:00Z,IPAR,29.27,-56,Market On Close,Filled,-1639.12,"band" 
2014-06-02T14:00:00Z,LHCG,20.38,-89,Market On Close,Filled,-1813.82,"band" 
2014-06-02T14:00:00Z,PLUS,56.56,-36,Market On Close,Filled,-2036.16,"band" 
2014-06-02T14:00:00Z,SAFM,95.65,-3,Market On Close,Filled,-286.95,"adjust" 
2014-06-02T14:00:00Z,SMP,40.99,-5,Market On Close,Filled,-204.95,"adjust" 
2014-06-02T14:00:00Z,SYNA,66.45,-3,Market On Close,Filled,-199.35,"adjust" 
2014-06-02T14:00:00Z,DXPE,70.44,27,Market On Close,Filled,1901.88,"buy" 
2014-06-02T14:00:00Z,FF,16.63,15,Market On Close,Filled,249.45,"adjust" 
2014-06-02T14:00:00Z,HVT,24.97,8,Market On Close,Filled,199.76,"adjust" 
2014-06-02T14:00:00Z,HURN,67.97,28,Market On Close,Filled,1903.16,"buy" 
2014-06-02T14:00:00Z,MOD,14.94,127,Market On Close,Filled,1897.38,"buy" 
2014-06-02T14:00:00Z,MYGN,33.62,12,Market On Close,Filled,403.44,"adjust" 
2014-06-02T14:00:00Z,PPC,25.92,76,Market On Close,Filled,1969.92,"buy" 
2014-07-01T14:00:00Z,DXPE,77.08,-27,Market On Close,Filled,-2081.16,"band" 
2014-07-01T14:00:00Z,GIII,81.39,-3,Market On Close,Filled,-244.17,"adjust" 
2014-07-01T14:00:00Z,MYGN,39.15,-7,Market On Close,Filled,-274.05,"adjust" 
2014-07-01T14:00:00Z,SYNA,91.88,-6,Market On Close,Filled,-551.28,"adjust" 
2014-07-01T14:00:00Z,ICFI,35.93,10,Market On Close,Filled,359.3,"adjust" 
2014-07-01T14:00:00Z,LZB,23.5,12,Market On Close,Filled,282,"adjust" 
2014-07-01T14:00:00Z,NUS,73.48,3,Market On Close,Filled,220.44,"adjust" 
2014-07-01T14:00:00Z,PSX,80.6,25,Market On Close,Filled,2015,"buy" 
2014-07-01T14:00:00Z,RGR,59.46,4,Market On Close,Filled,237.84,"adjust" 
2014-07-01T14:00:00Z,UTHR,91.48,3,Market On Close,Filled,274.44,"adjust" 
2014-08-01T14:00:00Z,CORE,46.94,-8,Market On Close,Filled,-375.52,"adjust" 
2014-08-01T14:00:00Z,GCI,32.9,-12,Market On Close,Filled,-394.8,"adjust" 
2014-08-01T14:00:00Z,MOD,13.25,-127,Market On Close,Filled,-1682.75,"expired" 
2014-08-01T14:00:00Z,NUS,59.03,-27,Market On Close,Filled,-1593.81,"band" 
2014-08-01T14:00:00Z,PPC,28.82,-9,Market On Close,Filled,-259.38,"adjust" 
2014-08-01T14:00:00Z,TTWO,22.39,-13,Market On Close,Filled,-291.07,"adjust" 
2014-08-01T14:00:00Z,WDC,100.3,-5,Market On Close,Filled,-501.5,"adjust" 
2014-08-01T14:00:00Z,ABFS,33.8,14,Market On Close,Filled,473.2,"adjust" 
2014-08-01T14:00:00Z,CALM,69.97,26,Market On Close,Filled,1819.22,"buy" 
2014-08-01T14:00:00Z,MTRX,26.71,11,Market On Close,Filled,293.81,"adjust" 
2014-08-01T14:00:00Z,MU,31.09,62,Market On Close,Filled,1927.58,"buy" 
2014-08-01T14:00:00Z,OSK,46.31,7,Market On Close,Filled,324.17,"adjust" 
2014-08-01T14:00:00Z,SMP,36.51,6,Market On Close,Filled,219.06,"adjust" 
2014-08-01T14:00:00Z,SYNA,78.11,4,Market On Close,Filled,312.44,"adjust" 
2014-09-02T14:00:00Z,ALG,49.03,-37,Market On Close,Filled,-1814.11,"band" 
2014-09-02T14:00:00Z,FF,14,-113,Market On Close,Filled,-1582,"band" 
2014-09-02T14:00:00Z,OSK,49.6,-41,Market On Close,Filled,-2033.6,"band" 
2014-09-02T14:00:00Z,PRFT,17.59,-109,Market On Close,Filled,-1917.31,"band" 
2014-09-02T14:00:00Z,PSX,86.95,-3,Market On Close,Filled,-260.85,"adjust" 
2014-09-02T14:00:00Z,UTHR,115.22,-6,Market On Close,Filled,-691.32,"adjust" 
2014-09-02T14:00:00Z,FL,57.25,-7,Market On Close,Filled,-400.75,"adjust" 
2014-09-02T14:00:00Z,DDS,113.29,17,Market On Close,Filled,1925.93,"buy" 
2014-09-02T14:00:00Z,GPRE,44.68,44,Market On Close,Filled,1965.92,"buy" 
2014-09-02T14:00:00Z,HURN,60.58,4,Market On Close,Filled,242.32,"adjust" 
2014-09-02T14:00:00Z,LSCC,7.48,265,Market On Close,Filled,1982.2,"buy" 
2014-09-02T14:00:00Z,RGR,51.09,5,Market On Close,Filled,255.45,"adjust" 
2014-09-02T14:00:00Z,RSC,106.48,18,Market On Close,Filled,1916.64,"buy" 
2014-10-01T14:00:00Z,ABFS,35.41,-8,Market On Close,Filled,-283.28,"adjust" 
2014-10-01T14:00:00Z,CALM,87.8,-5,Market On Close,Filled,-439,"adjust" 
2014-10-01T14:00:00Z,CORE,51.69,-4,Market On Close,Filled,-206.76,"adjust" 
2014-10-01T14:00:00Z,DECK,91,-4,Market On Close,Filled,-364,"adjust" 
2014-10-01T14:00:00Z,LZB,19.45,-87,Market On Close,Filled,-1692.15,"band" 
2014-10-01T14:00:00Z,MU,33.5,-7,Market On Close,Filled,-234.5,"adjust" 
2014-10-01T14:00:00Z,RGR,47.4,-39,Market On Close,Filled,-1848.6,"band" 
2014-10-01T14:00:00Z,UTHR,130.44,-2,Market On Close,Filled,-260.88,"adjust" 
2014-10-01T14:00:00Z,DV,43.54,44,Market On Close,Filled,1915.76,"buy" 
2014-10-01T14:00:00Z,EGY,8.6,225,Market On Close,Filled,1935,"buy" 
2014-10-01T14:00:00Z,ENS,56.08,4,Market On Close,Filled,224.32,"adjust" 
2014-10-01T14:00:00Z,GCI,29.21,7,Market On Close,Filled,204.47,"adjust" 
2014-10-01T14:00:00Z,GPRE,35.3,7,Market On Close,Filled,247.1,"adjust" 
2014-10-01T14:00:00Z,HVT,21.14,10,Market On Close,Filled,211.4,"adjust" 
2014-10-01T14:00:00Z,KFY,24.21,9,Market On Close,Filled,217.89,"adjust" 
2014-10-01T14:00:00Z,MTRX,23.88,9,Market On Close,Filled,214.92,"adjust" 
2014-10-01T14:00:00Z,RSC,69.94,8,Market On Close,Filled,559.52,"adjust" 
2014-11-03T15:00:00Z,ANK,68.54,-4,Market On Close,Filled,-274.16,"adjust" 
2014-11-03T15:00:00Z,ENS,62.46,-32,Market On Close,Filled,-1998.72,"band" 
2014-11-03T15:00:00Z,HURN,69.04,-4,Market On Close,Filled,-276.16,"adjust" 
2014-11-03T15:00:00Z,ICFI,36.26,-57,Market On Close,Filled,-2066.82,"band" 
2014-11-03T15:00:00Z,KWR,83.27,-24,Market On Close,Filled,-1998.48,"band" 
2014-11-03T15:00:00Z,OSTK,23.59,-122,Market On Close,Filled,-2877.98,"band" 
2014-11-03T15:00:00Z,SYNA,65.72,-26,Market On Close,Filled,-1708.72,"expired" 
2014-11-03T15:00:00Z,KAI,42.01,-6,Market On Close,Filled,-252.06,"adjust" 
2014-11-03T15:00:00Z,TTWO,25.83,-9,Market On Close,Filled,-232.47,"adjust" 
2014-11-03T15:00:00Z,USNA,115.22,-9,Market On Close,Filled,-1036.98,"adjust" 
2014-11-03T15:00:00Z,DECK,88.23,3,Market On Close,Filled,264.69,"adjust" 
2014-11-03T15:00:00Z,EGY,7.05,44,Market On Close,Filled,310.2,"adjust" 
2014-11-03T15:00:00Z,EW,119.93,16,Market On Close,Filled,1918.88,"buy" 
2014-11-03T15:00:00Z,FSLR,58.31,5,Market On Close,Filled,291.55,"adjust" 
2014-11-03T15:00:00Z,GPRE,34.58,7,Market On Close,Filled,242.06,"adjust" 
2014-11-03T15:00:00Z,INTC,34.31,58,Market On Close,Filled,1989.98,"buy" 
2014-11-03T15:00:00Z,LSCC,6.59,32,Market On Close,Filled,210.88,"adjust" 
2014-11-03T15:00:00Z,MED,31.98,62,Market On Close,Filled,1982.76,"buy" 
2014-11-03T15:00:00Z,MEI,40.18,50,Market On Close,Filled,2009,"buy" 
2014-11-03T15:00:00Z,PSX,76.68,3,Market On Close,Filled,230.04,"adjust" 
2014-11-03T15:00:00Z,SAFM,84.77,3,Market On Close,Filled,254.31,"adjust" 
2014-11-03T15:00:00Z,SKX,55.51,36,Market On Close,Filled,1998.36,"buy" 
2014-12-01T15:00:00Z,ABFS,42.15,-6,Market On Close,Filled,-252.9,"adjust" 
2014-12-01T15:00:00Z,DAL,45.62,-6,Market On Close,Filled,-273.72,"adjust" 
2014-12-01T15:00:00Z,EGY,5.94,-269,Market On Close,Filled,-1597.86,"universe" 
2014-12-01T15:00:00Z,FSLR,45.76,-33,Market On Close,Filled,-1510.08,"band" 
2014-12-01T15:00:00Z,SKX,58.88,-4,Market On Close,Filled,-235.52,"adjust" 
2014-12-01T15:00:00Z,ARLP,43.33,43,Market On Close,Filled,1863.19,"buy" 
2014-12-01T15:00:00Z,CALM,41.91,5,Market On Close,Filled,209.55,"adjust" 
2014-12-01T15:00:00Z,GPRE,27.88,8,Market On Close,Filled,223.04,"adjust" 
2014-12-01T15:00:00Z,MTRX,20.07,15,Market On Close,Filled,301.05,"adjust" 
2014-12-01T15:00:00Z,MYGN,33.01,8,Market On Close,Filled,264.08,"adjust" 
2014-12-01T15:00:00Z,RSC,62.78,5,Market On Close,Filled,313.9,"adjust" 
2014-12-01T15:00:00Z,TSRA,34.41,58,Market On Close,Filled,1995.78,"buy" 
2015-01-02T15:00:00Z,CORE,60.97,-4,Market On Close,Filled,-243.88,"adjust" 
2015-01-02T15:00:00Z,DDS,121.79,-2,Market On Close,Filled,-243.58,"adjust" 
2015-01-02T15:00:00Z,GIII,100,-5,Market On Close,Filled,-500,"adjust" 
2015-01-02T15:00:00Z,KFY,28.26,-7,Market On Close,Filled,-197.82,"adjust" 
2015-01-02T15:00:00Z,MTRX,22.24,-94,Market On Close,Filled,-2090.56,"band" 
2015-01-02T15:00:00Z,MU,34.75,-55,Market On Close,Filled,-1911.25,"expired" 
2015-01-02T15:00:00Z,PPC,31.66,-7,Market On Close,Filled,-221.62,"adjust" 
2015-01-02T15:00:00Z,CTR,41.97,47,Market On Close,Filled,1972.59,"buy" 
2015-01-02T15:00:00Z,GME,33.8,10,Market On Close,Filled,338,"adjust" 
2015-01-02T15:00:00Z,GPRE,25.71,14,Market On Close,Filled,359.94,"adjust" 
2015-01-02T15:00:00Z,SKX,55.74,4,Market On Close,Filled,222.96,"adjust" 
2015-01-02T15:00:00Z,USNA,102.28,2,Market On Close,Filled,204.56,"adjust" 
2015-01-02T15:00:00Z,VMW,82.07,3,Market On Close,Filled,246.21,"adjust" 
2015-01-02T15:00:00Z,GHC,860.94,2,Market On Close,Filled,1721.88,"buy" 
2015-02-02T15:00:00Z,ANK,67.42,-29,Market On Close,Filled,-1955.18,"band" 
2015-02-02T15:00:00Z,CORE,67.5,-3,Market On Close,Filled,-202.5,"adjust" 
2015-02-02T15:00:00Z,HURN,75.13,-28,Market On Close,Filled,-2103.64,"band" 
2015-02-02T15:00:00Z,MYGN,37.4,-8,Market On Close,Filled,-299.2,"adjust" 
2015-02-02T15:00:00Z,SKX,60.73,-4,Market On Close,Filled,-242.92,"adjust" 
2015-02-02T15:00:00Z,TSN,39.57,-48,Market On Close,Filled,-1899.36,"band" 
2015-02-02T15:00:00Z,TSRA,37.35,-6,Market On Close,Filled,-224.1,"adjust" 
2015-02-02T15:00:00Z,TTWO,29.99,-10,Market On Close,Filled,-299.9,"adjust" 
2015-02-02T15:00:00Z,ABFS,38.74,7,Market On Close,Filled,271.18,"adjust" 
2015-02-02T15:00:00Z,CALM,35.09,8,Market On Close,Filled,280.72,"adjust" 
2015-02-02T15:00:00Z,DDS,114.78,2,Market On Close,Filled,229.56,"adjust" 
2015-02-02T15:00:00Z,DECK,68.96,7,Market On Close,Filled,482.72,"adjust" 
2015-02-02T15:00:00Z,MU,28.44,66,Market On Close,Filled,1877.04,"buy" 
2015-02-02T15:00:00Z,PPC,26.8,11,Market On Close,Filled,294.8,"adjust" 
2015-02-02T15:00:00Z,ZUMZ,38.33,52,Market On Close,Filled,1993.16,"buy" 
2015-03-02T15:00:00Z,DDS,130,-2,Market On Close,Filled,-260,"adjust" 
2015-03-02T15:00:00Z,GCI,35.84,-7,Market On Close,Filled,-250.88,"adjust" 
2015-03-02T15:00:00Z,MED,32.35,-62,Market On Close,Filled,-2005.7,"universe" 
2015-03-02T15:00:00Z,SKX,68.27,-3,Market On Close,Filled,-204.81,"adjust" 
2015-03-02T15:00:00Z,TTWO,26.06,-65,Market On Close,Filled,-1693.9,"band" 
2015-03-02T15:00:00Z,VMW,86.59,-24,Market On Close,Filled,-2078.16,"band" 
2015-03-02T15:00:00Z,ARLP,38.49,8,Market On Close,Filled,307.92,"adjust" 
2015-03-02T15:00:00Z,CRMT,53.9,38,Market On Close,Filled,2048.2,"buy" 
2015-03-02T15:00:00Z,DV,36.94,11,Market On Close,Filled,406.34,"adjust" 
2015-03-02T15:00:00Z,IDT,21.85,96,Market On Close,Filled,2097.6,"buy" 
2015-03-02T15:00:00Z,KLIC,16.33,126,Market On Close,Filled,2057.58,"buy" 
2015-03-02T15:00:00Z,MYGN,33.49,8,Market On Close,Filled,267.92,"adjust" 
2015-03-02T15:00:00Z,RSC,54.95,6,Market On Close,Filled,329.7,"adjust" 
2015-04-01T14:00:00Z,DAL,43.26,-42,Market On Close,Filled,-1816.92,"band" 
2015-04-01T14:00:00Z,EW,140.7,-2,Market On Close,Filled,-281.4,"adjust" 
2015-04-01T14:00:00Z,GPRE,29.69,-80,Market On Close,Filled,-2375.2,"band" 
2015-04-01T14:00:00Z,HVT,24.05,-87,Market On Close,Filled,-2092.35,"band" 
2015-04-01T14:00:00Z,KFY,33.01,-7,Market On Close,Filled,-231.07,"adjust" 
2015-04-01T14:00:00Z,MEI,46.99,-7,Market On Close,Filled,-328.93,"adjust" 
2015-04-01T14:00:00Z,RSC,61.25,-4,Market On Close,Filled,-245,"adjust" 
2015-04-01T14:00:00Z,KAI,53.73,-10,Market On Close,Filled,-537.3,"adjust" 
2015-04-01T14:00:00Z,UTHR,174.41,-3,Market On Close,Filled,-523.23,"adjust" 
2015-04-01T14:00:00Z,GHC,1045.22,-1,Market On Close,Filled,-1045.22,"adjust" 
2015-04-01T14:00:00Z,ARLP,32.99,10,Market On Close,Filled,329.9,"adjust" 
2015-04-01T14:00:00Z,BBY,37.21,54,Market On Close,Filled,2009.34,"buy" 
2015-04-01T14:00:00Z,DV,34,6,Market On Close,Filled,204,"adjust" 
2015-04-01T14:00:00Z,IDT,18.98,18,Market On Close,Filled,341.64,"adjust" 
2015-04-01T14:00:00Z,INTC,30.81,7,Market On Close,Filled,215.67,"adjust" 
2015-04-01T14:00:00Z,MU,27.13,9,Market On Close,Filled,244.17,"adjust" 
2015-04-01T14:00:00Z,PPC,23.76,19,Market On Close,Filled,451.44,"adjust" 
2015-04-01T14:00:00Z,UEPS,13.5,149,Market On Close,Filled,2011.5,"buy" 
2015-04-01T14:00:00Z,VDSI,21.73,94,Market On Close,Filled,2042.62,"buy" 
2015-04-01T14:00:00Z,WDC,92.35,4,Market On Close,Filled,369.4,"adjust" 
2015-05-01T14:00:00Z,ARLP,34.2,-61,Market On Close,Filled,-2086.2,"band" 
2015-05-01T14:00:00Z,CALM,45.5,-11,Market On Close,Filled,-500.5,"adjust" 
2015-05-01T14:00:00Z,GIII,113.21,-2,Market On Close,Filled,-226.42,"adjust" 
2015-05-01T14:00:00Z,GME,39.17,-7,Market On Close,Filled,-274.19,"adjust" 
2015-05-01T14:00:00Z,LSCC,6.12,-297,Market On Close,Filled,-1817.64,"band" 
2015-05-01T14:00:00Z,MYGN,34.18,-59,Market On Close,Filled,-2016.62,"band" 
2015-05-01T14:00:00Z,PPC,25.44,-90,Market On Close,Filled,-2289.6,"expired" 
2015-05-01T14:00:00Z,PSX,81.61,-25,Market On Close,Filled,-2040.25,"expired" 
2015-05-01T14:00:00Z,SKX,91.67,-7,Market On Close,Filled,-641.69,"adjust" 
2015-05-01T14:00:00Z,SMP,36.25,-52,Market On Close,Filled,-1885,"expired" 
2015-05-01T14:00:00Z,USNA,120.23,-2,Market On Close,Filled,-240.46,"adjust" 
2015-05-01T14:00:00Z,VDSI,25.43,-16,Market On Close,Filled,-406.88,"adjust" 
2015-05-01T14:00:00Z,AMWD,52.24,39,Market On Close,Filled,2037.36,"buy" 
2015-05-01T14:00:00Z,CORE,53.5,8,Market On Close,Filled,428,"adjust" 
2015-05-01T14:00:00Z,KSS,73.09,27,Market On Close,Filled,1973.43,"buy" 
2015-05-01T14:00:00Z,PLUS,85.54,24,Market On Close,Filled,2052.96,"buy" 
2015-05-01T14:00:00Z,PLCE,62.14,32,Market On Close,Filled,1988.48,"buy" 
2015-05-01T14:00:00Z,SAFM,75.26,3,Market On Close,Filled,225.78,"adjust" 
2015-05-01T14:00:00Z,SCVL,26.16,76,Market On Close,Filled,1988.16,"buy" 
2015-05-01T14:00:00Z,SMCI,29.28,69,Market On Close,Filled,2020.32,"buy" 
2015-05-01T14:00:00Z,STMP,62.01,32,Market On Close,Filled,1984.32,"buy" 
2015-05-01T14:00:00Z,ZUMZ,31.89,11,Market On Close,Filled,350.79,"adjust" 
2015-06-01T14:00:00Z,CALM,57.29,-8,Market On Close,Filled,-458.32,"adjust" 
2015-06-01T14:00:00Z,DV,32.32,-61,Market On Close,Filled,-1971.52,"band" 
2015-06-01T14:00:00Z,INTC,33.91,-6,Market On Close,Filled,-203.46,"adjust" 
2015-06-01T14:00:00Z,SKX,106.02,-3,Market On Close,Filled,-318.06,"adjust" 
2015-06-01T14:00:00Z,SMCI,35.21,-8,Market On Close,Filled,-281.68,"adjust" 
2015-06-01T14:00:00Z,ABFS,34.95,8,Market On Close,Filled,279.6,"adjust" 
2015-06-01T14:00:00Z,CTR,37.1,8,Market On Close,Filled,296.8,"adjust" 
2015-06-01T14:00:00Z,DDS,115.92,2,Market On Close,Filled,231.84,"adjust" 
2015-06-01T14:00:00Z,KLIC,13.13,29,Market On Close,Filled,380.77,"adjust" 
2015-06-01T14:00:00Z,KSS,64.67,4,Market On Close,Filled,258.68,"adjust" 
2015-06-01T14:00:00Z,KAI,46.61,5,Market On Close,Filled,233.05,"adjust" 
2015-07-01T14:00:00Z,CRMT,50.02,-38,Market On Close,Filled,-1900.76,"universe" 
2015-07-01T14:00:00Z,GIII,71.25,-6,Market On Close,Filled,-427.5,"adjust" 
2015-07-01T14:00:00Z,STMP,72.82,-5,Market On Close,Filled,-364.1,"adjust" 
2015-07-01T14:00:00Z,UEPS,18.68,-39,Market On Close,Filled,-728.52,"adjust" 
2015-07-01T14:00:00Z,USNA,143.77,-3,Market On Close,Filled,-431.31,"adjust" 
2015-07-01T14:00:00Z,VDSI,29.9,-11,Market On Close,Filled,-328.9,"adjust" 
2015-07-01T14:00:00Z,FL,67.99,-5,Market On Close,Filled,-339.95,"adjust" 
2015-07-01T14:00:00Z,BBY,33.47,8,Market On Close,Filled,267.76,"adjust" 
2015-07-01T14:00:00Z,DDS,106.39,2,Market On Close,Filled,212.78,"adjust" 
2015-07-01T14:00:00Z,INTC,30.18,7,Market On Close,Filled,211.26,"adjust" 
2015-07-01T14:00:00Z,LHCG,37.53,52,Market On Close,Filled,1951.56,"buy" 
2015-07-01T14:00:00Z,MEI,27.34,30,Market On Close,Filled,820.2,"adjust" 
2015-07-01T14:00:00Z,MPC,53.77,38,Market On Close,Filled,2043.26,"buy" 
2015-07-01T14:00:00Z,MU,18.78,32,Market On Close,Filled,600.96,"adjust" 
2015-07-01T14:00:00Z,SMCI,30.25,7,Market On Close,Filled,211.75,"adjust" 
2015-07-01T14:00:00Z,WDC,79.44,3,Market On Close,Filled,238.32,"adjust" 
2015-07-01T14:00:00Z,ZUMZ,26.93,12,Market On Close,Filled,323.16,"adjust" 
2015-08-03T14:00:00Z,AMWD,64.66,-9,Market On Close,Filled,-581.94,"adjust" 
2015-08-03T14:00:00Z,CORE,62.99,-6,Market On Close,Filled,-377.94,"adjust" 
2015-08-03T14:00:00Z,GME,44.95,-8,Market On Close,Filled,-359.6,"adjust" 
2015-08-03T14:00:00Z,MU,19,-107,Market On Close,Filled,-2033,"band" 
2015-08-03T14:00:00Z,SKX,148.65,-6,Market On Close,Filled,-891.9,"adjust" 
2015-08-03T14:00:00Z,WDC,85.85,-25,Market On Close,Filled,-2146.25,"band" 
2015-08-03T14:00:00Z,AEIS,25.71,76,Market On Close,Filled,1953.96,"buy" 
2015-08-03T14:00:00Z,GCI,29.02,11,Market On Close,Filled,319.22,"adjust" 
2015-08-03T14:00:00Z,KLIC,10.09,37,Market On Close,Filled,373.33,"adjust" 
2015-08-03T14:00:00Z,RSC,50.43,5,Market On Close,Filled,252.15,"adjust" 
2015-08-03T14:00:00Z,SCHL,43.1,46,Market On Close,Filled,1982.6,"buy" 
2015-08-03T14:00:00Z,USNA,126.56,2,Market On Close,Filled,253.12,"adjust" 
2015-08-03T14:00:00Z,VDSI,18.51,31,Market On Close,Filled,573.81,"adjust" 
2015-08-03T14:00:00Z,GHC,688.77,1,Market On Close,Filled,688.77,"adjust" 
2015-09-01T14:00:00Z,BBY,35.45,-10,Market On Close,Filled,-354.5,"adjust" 
2015-09-01T14:00:00Z,IDT,15.05,-114,Market On Close,Filled,-1715.7,"universe" 
2015-09-01T14:00:00Z,KLIC,10.59,-192,Market On Close,Filled,-2033.28,"band" 
2015-09-01T14:00:00Z,LHCG,44.25,-8,Market On Close,Filled,-354,"adjust" 
2015-09-01T14:00:00Z,RSC,50.24,-38,Market On Close,Filled,-1909.12,"universe" 
2015-09-01T14:00:00Z,STMP,79.54,-4,Market On Close,Filled,-318.16,"adjust" 
2015-09-01T14:00:00Z,UEPS,19.8,-16,Market On Close,Filled,-316.8,"adjust" 
2015-09-01T14:00:00Z,USNA,141.49,-3,Market On Close,Filled,-424.47,"adjust" 
2015-09-01T14:00:00Z,FL,70.4,-3,Market On Close,Filled,-211.2,"adjust" 
2015-09-01T14:00:00Z,ABFS,27.61,7,Market On Close,Filled,193.27,"adjust" 
2015-09-01T14:00:00Z,GCI,23.22,13,Market On Close,Filled,301.86,"adjust" 
2015-09-01T14:00:00Z,KSS,50.52,7,Market On Close,Filled,353.64,"adjust" 
2015-09-01T14:00:00Z,NPK,79.41,23,Market On Close,Filled,1826.43,"buy" 
2015-09-01T14:00:00Z,SPTN,27.58,68,Market On Close,Filled,1875.44,"buy" 
2015-09-01T14:00:00Z,SUPN,18.83,107,Market On Close,Filled,2014.81,"buy" 
2015-09-01T14:00:00Z,TSRA,32.24,7,Market On Close,Filled,225.68,"adjust" 
2015-09-01T14:00:00Z,VDSI,15.69,18,Market On Close,Filled,282.42,"adjust" 
2015-10-01T14:00:00Z,AEIS,26.14,-76,Market On Close,Filled,-1986.64,"band" 
2015-10-01T14:00:00Z,CALM,56.47,-36,Market On Close,Filled,-2032.92,"expired" 
2015-10-01T14:00:00Z,INTC,30,-66,Market On Close,Filled,-1980,"band" 
2015-10-01T14:00:00Z,MEI,31.99,-15,Market On Close,Filled,-479.85,"adjust" 
2015-10-01T14:00:00Z,SMCI,26.61,-68,Market On Close,Filled,-1809.48,"band" 
2015-10-01T14:00:00Z,LZB,26.98,70,Market On Close,Filled,1888.6,"buy" 
2015-10-01T14:00:00Z,OTL,47.99,39,Market On Close,Filled,1871.61,"buy" 
2015-10-01T14:00:00Z,SUPN,14.15,25,Market On Close,Filled,353.75,"adjust" 
2015-10-01T14:00:00Z,SYKE,25.38,72,Market On Close,Filled,1827.36,"buy" 
2015-10-01T14:00:00Z,UEPS,16.54,17,Market On Close,Filled,281.18,"adjust" 
2015-10-01T14:00:00Z,UTHR,129.38,3,Market On Close,Filled,388.14,"adjust" 
2015-10-01T14:00:00Z,VLO,62.24,30,Market On Close,Filled,1867.2,"buy" 
2015-10-01T14:00:00Z,GHC,578.82,1,Market On Close,Filled,578.82,"adjust" 
2015-10-01T14:00:00Z,ZUMZ,15.23,43,Market On Close,Filled,654.89,"adjust" 
2015-11-02T15:00:00Z,AMWD,73.07,-4,Market On Close,Filled,-292.28,"adjust" 
2015-11-02T15:00:00Z,CORE,80.58,-8,Market On Close,Filled,-644.64,"adjust" 
2015-11-02T15:00:00Z,EW,157.51,-2,Market On Close,Filled,-315.02,"adjust" 
2015-11-02T15:00:00Z,GCI,27.66,-10,Market On Close,Filled,-276.6,"adjust" 
2015-11-02T15:00:00Z,KFY,36.53,-9,Market On Close,Filled,-328.77,"adjust" 
2015-11-02T15:00:00Z,OTL,55.22,-4,Market On Close,Filled,-220.88,"adjust" 
2015-11-02T15:00:00Z,SUPN,17.22,-15,Market On Close,Filled,-258.3,"adjust" 
2015-11-02T15:00:00Z,VDSI,19.32,-116,Market On Close,Filled,-2241.12,"band" 
2015-11-02T15:00:00Z,ABFS,26.27,8,Market On Close,Filled,210.16,"adjust" 
2015-11-02T15:00:00Z,CALM,54.73,36,Market On Close,Filled,1970.28,"buy" 
2015-11-02T15:00:00Z,DECK,56.25,5,Market On Close,Filled,281.25,"adjust" 
2015-11-02T15:00:00Z,GIII,53.11,7,Market On Close,Filled,371.77,"adjust" 
2015-11-02T15:00:00Z,PLCE,52.9,4,Market On Close,Filled,211.6,"adjust" 
2015-11-02T15:00:00Z,SCVL,22.63,10,Market On Close,Filled,226.3,"adjust" 
2015-11-02T15:00:00Z,SKX,31.45,23,Market On Close,Filled,723.35,"adjust" 
2015-11-02T15:00:00Z,USNA,130.34,2,Market On Close,Filled,260.68,"adjust" 
2015-12-01T15:00:00Z,ABFS,24.33,-75,Market On Close,Filled,-1824.75,"band" 
2015-12-01T15:00:00Z,AMWD,84.96,-3,Market On Close,Filled,-254.88,"adjust" 
2015-12-01T15:00:00Z,CTR,39.7,-6,Market On Close,Filled,-238.2,"adjust" 
2015-12-01T15:00:00Z,DECK,48.91,-34,Market On Close,Filled,-1662.94,"band" 
2015-12-01T15:00:00Z,FSS,16.97,-19,Market On Close,Filled,-322.43,"adjust" 
2015-12-01T15:00:00Z,PLUS,87.54,-3,Market On Close,Filled,-262.62,"adjust" 
2015-12-01T15:00:00Z,MPC,59.34,-5,Market On Close,Filled,-296.7,"adjust" 
2015-12-01T15:00:00Z,SCVL,21.78,-86,Market On Close,Filled,-1873.08,"universe" 
2015-12-01T15:00:00Z,STMP,101.32,-4,Market On Close,Filled,-405.28,"adjust" 
2015-12-01T15:00:00Z,SYKE,31.83,-12,Market On Close,Filled,-381.96,"adjust" 
2015-12-01T15:00:00Z,UTHR,159,-2,Market On Close,Filled,-318,"adjust" 
2015-12-01T15:00:00Z,VLO,72.57,-4,Market On Close,Filled,-290.28,"adjust" 
2015-12-01T15:00:00Z,ZUMZ,14.94,-118,Market On Close,Filled,-1762.92,"universe" 
2015-12-01T15:00:00Z,BBY,31.37,8,Market On Close,Filled,250.96,"adjust" 
2015-12-01T15:00:00Z,CRUS,32.99,58,Market On Close,Filled,1913.42,"buy" 
2015-12-01T15:00:00Z,DDS,74.93,6,Market On Close,Filled,449.58,"adjust" 
2015-12-01T15:00:00Z,FF,14.41,134,Market On Close,Filled,1930.94,"buy" 
2015-12-01T15:00:00Z,GIII,47.39,7,Market On Close,Filled,331.73,"adjust" 
2015-12-01T15:00:00Z,GME,34.7,12,Market On Close,Filled,416.4,"adjust" 
2015-12-01T15:00:00Z,SPTN,21.79,21,Market On Close,Filled,457.59,"adjust" 
2015-12-01T15:00:00Z,UEPS,15.33,16,Market On Close,Filled,245.28,"adjust" 
2015-12-01T15:00:00Z,UFPI,77.16,25,Market On Close,Filled,1929,"buy" 
2015-12-01T15:00:00Z,UVV,56.71,34,Market On Close,Filled,1928.14,"buy" 
