Entry Time,Symbols,Exit Time,Direction,Entry Price,Exit Price,Quantity,P&L,Fees,MAE,MFE,Drawdown,IsWin,Order Ids
2003-02-03T21:00:00Z,"DTE",2003-04-01T21:00:00Z,Buy,42.45,39.04,7,-23.87,2,-26.46,0,26.46,0,"	8,63" 
2003-02-03T21:00:00Z,"EDEL",2003-04-01T21:00:00Z,Buy,11.79,10.36,24,-34.32,2,-44.16,0,44.16,0,"	11,64" 
2003-02-03T21:00:00Z,"RBIN",2003-04-01T21:00:00Z,Buy,9.31,9.7,30,11.7,2,-9.6,25.2,15.3,1,"	35,65" 
2003-02-03T21:00:00Z,"AAON",2003-05-01T20:00:00Z,Buy,16.18,13.73,13,-31.85,2,-48.1,4.81,52.91,0,"	1,69" 
2003-02-03T21:00:00Z,"BMI",2003-05-01T20:00:00Z,Buy,31.63,28.5,8,-25.04,2,-32.56,16.88,49.44,0,"	4,70" 
2003-02-03T21:00:00Z,"NEOG",2003-05-01T20:00:00Z,Buy,15.03,16.77,14,24.36,2,-43.4,24.36,49.28,1,"	28,71" 
2003-02-03T21:00:00Z,"OXM",2003-05-01T20:00:00Z,Buy,24.02,36.26,9,110.16,2,-17.01,110.16,17.01,1,"	31,72" 
2003-02-03T21:00:00Z,"SHEN",2003-05-01T20:00:00Z,Buy,40.1,46,5,29.5,2,-64.15,29.5,64.15,1,"	42,73" 
2003-02-03T21:00:00Z,"BIO",2003-06-02T20:00:00Z,Buy,35.48,58.36,5,114.4,2,-9.9,119.85,20.05,1,"	3,80" 
2003-02-03T21:00:00Z,"CW",2003-07-01T20:00:00Z,Buy,54.06,63.5,5,47.2,2,-5.25,52.95,43.9,1,"	7,89" 
2003-02-03T21:00:00Z,"PDCO",2003-07-01T20:00:00Z,Buy,41.7,45.43,6,22.38,2,-36.48,28.8,65.28,1,"	32,90" 
2003-02-03T21:00:00Z,"SCHN",2003-07-01T20:00:00Z,Buy,21.52,43.16,8,173.12,2,-2.56,205.84,41.2,1,"	40,92" 
2003-02-03T21:00:00Z,"SGC",2003-08-01T20:00:00Z,Buy,12.1,13.95,17,31.45,2,-32.3,40.63,32.3,1,"	41,96" 
2003-02-03T21:00:00Z,"AVD",2003-09-02T20:00:00Z,Buy,14.199970464121,27.95,14,192.5,2,-6.53,192.5,39.9,1,"	2,101" 
2003-02-03T21:00:00Z,"HUBB",2003-09-02T20:00:00Z,Buy,32.22,40.28,10,80.6,2,-37.3,80.6,37.3,1,"	22,104" 
2003-02-03T21:00:00Z,"RAVN",2003-09-02T20:00:00Z,Buy,15.68,26.45,11,118.47,2,0,124.52,33.99,1,"	34,106" 
2003-02-03T21:00:00Z,"LAWS",2003-10-01T20:00:00Z,Buy,27.16,27.47,11,3.41,2,-45.32,29.81,57.86,1,"	25,111" 
2003-02-03T21:00:00Z,"NSSC",2003-10-01T20:00:00Z,Buy,9.68,8.82,30,-25.8,2,-51.3,2.1,52.5,0,"	30,112" 
2003-02-03T21:00:00Z,"SXI",2003-10-01T20:00:00Z,Buy,21.67,24.43,12,33.12,2,-34.44,33.84,34.44,1,"	46,114" 
2003-02-03T21:00:00Z,"EASI",2003-11-03T21:00:00Z,Buy,24.293297986551,47.17,3,68.63,2,-8.7,68.63,12,1,"	9,122" 
2003-02-03T21:00:00Z,"FLXS",2003-11-03T21:00:00Z,Buy,15.4,19.5,18,73.8,2,-41.4,88.92,52.56,1,"	18,123" 
2003-02-03T21:00:00Z,"LANC",2003-11-03T21:00:00Z,Buy,38.65,40.46,7,12.67,2,-22.26,28.98,35.91,1,"	24,125" 
2003-02-03T21:00:00Z,"MIDD",2003-11-03T21:00:00Z,Buy,11.3,27.69,13,213.07,2,-13.13,213.07,55.64,1,"	26,126" 
2003-02-03T21:00:00Z,"NHC",2003-11-03T21:00:00Z,Buy,17.4,20.4,13,39,2,-41.6,48.36,89.96,1,"	29,127" 
2003-02-03T21:00:00Z,"SCHN",2003-12-01T21:00:00Z,Buy,10.759984828408,50.23,5,197.35,1,-0.8,217.3,30.9,1,"	40,137" 
2003-02-03T21:00:00Z,"UTMD",2003-12-01T21:00:00Z,Buy,17.66,22.56,20,98,2,-3.2,147.4,66.6,1,"	48,138" 
2003-02-03T21:00:00Z,"CTR",2004-01-02T21:00:00Z,Buy,17.85,20.29,12,29.28,2,-16.92,86.76,74.76,1,"	5,147" 
2003-02-03T21:00:00Z,"ESE",2004-01-02T21:00:00Z,Buy,34.5,44,8,76,2,-28.96,115.44,71.52,1,"	14,148" 
2003-02-03T21:00:00Z,"RVFD",2004-01-02T21:00:00Z,Buy,24.95,27.7,13,35.75,2,-36.53,67.86,55.51,1,"	39,152" 
2003-02-03T21:00:00Z,"EDUC",2004-03-01T21:00:00Z,Buy,9.2,10.61,25,35.25,2,-6.25,109.5,86.25,1,"	12,169" 
2003-02-03T21:00:00Z,"EGN",2004-03-01T21:00:00Z,Buy,29.99,41.99,11,132,2,-15.51,159.83,34.65,1,"	13,170" 
2003-02-03T21:00:00Z,"NEB",2004-03-01T21:00:00Z,Buy,21.96,32.04,12,120.96,2,-11.28,120.96,63.6,1,"	27,171" 
2003-02-03T21:00:00Z,"UGI",2004-03-01T21:00:00Z,Buy,27.233334558834,32.96,11.99999946,68.72,2,-7.2,91.4,71.04,1,"	47,173" 
2003-02-03T21:00:00Z,"AVD",2004-04-01T21:00:00Z,Buy,14.199970464121,49.6,5,177,1,-2.33,177,58.75,1,"	2,182" 
2003-02-03T21:00:00Z,"FIZ",2004-04-01T21:00:00Z,Buy,7.6350091620037,9.45,48,87.12,2,-35.28,171.12,84,1,"	17,186" 
2003-02-03T21:00:00Z,"SGC",2004-04-01T21:00:00Z,Buy,12.1,16.39,19,81.51,1,-36.1,91.2,47.5,1,"	41,189" 
2003-02-03T21:00:00Z,"SHOO",2004-04-01T21:00:00Z,Buy,16.99,19.88,15,43.35,2,-29.4,89.7,73.05,1,"	43,190" 
2003-02-03T21:00:00Z,"HCSG",2004-05-03T20:00:00Z,Buy,8.4866809879295,15.99,26,195.09,2,-25.83,221.35,36.57,1,"	20,204" 
2003-02-03T21:00:00Z,"ZBRA",2004-05-03T20:00:00Z,Buy,38.133277849361,74.39,6,217.54,2,-7.2,226.36,47.16,1,"	51,205" 
2003-02-03T21:00:00Z,"BIO",2004-06-01T20:00:00Z,Buy,35.48,56.71,2,42.46,1,-3.96,53.74,26.88,1,"	3,213" 
2003-02-03T21:00:00Z,"MIDD",2004-06-01T20:00:00Z,Buy,11.3,63,4,206.8,1,-4.04,206.8,33.72,1,"	26,216" 
2003-02-03T21:00:00Z,"OXM",2004-07-01T20:00:00Z,Buy,12.01,42.2,6,181.14,1,-5.67,209.04,67.62,1,"	31,222" 
2003-02-03T21:00:00Z,"POG",2004-07-01T20:00:00Z,Buy,12.716,30.06,9,156.1,2,0,159.43,39.78,1,"	33,223" 
2003-02-03T21:00:00Z,"HSIC",2004-08-02T20:00:00Z,Buy,40.42,67,6,159.48,2,-32.7,232.68,110.64,1,"	21,232" 
2003-02-03T21:00:00Z,"EASI",2004-10-01T20:00:00Z,Buy,24.293297986551,46.38,6,132.52,1,-17.4,217.24,117.78,1,"	9,252" 
2003-02-03T21:00:00Z,"POG",2004-10-01T20:00:00Z,Buy,12.716,30.14,13,226.51,1,0,239.77,79.04,1,"	33,254" 
2003-02-03T21:00:00Z,"OXM",2004-11-01T21:00:00Z,Buy,12.01,37.29,6,151.68,1,-5.67,209.04,67.62,1,"	31,269" 
2003-02-03T21:00:00Z,"RAVN",2004-11-01T21:00:00Z,Buy,7.84,22.25,9,129.69,1,0,138.78,31.32,1,"	34,270" 
2003-02-03T21:00:00Z,"SCHN",2004-12-01T21:00:00Z,Buy,7.1733268056,35.7,4,114.11,1,-0.43,139.81,76.71,1,"	40,283" 
2003-02-03T21:00:00Z,"RCI",2005-01-03T21:00:00Z,Buy,19.47334307,35.86,19,311.35,2,-14.19,315.91,82.21,1,"	36,291" 
2003-02-03T21:00:00Z,"SRT",2005-01-03T21:00:00Z,Buy,27.11,27.8,8,5.52,2,-42.08,127.84,125.6,1,"	44,292" 
2003-02-03T21:00:00Z,"CNXS",2005-02-01T21:00:00Z,Buy,6.57,15.58,17,153.17,2,-11.9,153.17,88.57,1,"	6,305" 
2003-02-03T21:00:00Z,"EBF",2005-02-01T21:00:00Z,Buy,11.31,17.33,23,138.46,2,-5.75,245.41,117.99,1,"	10,306" 
2003-02-03T21:00:00Z,"AVD",2005-04-01T21:00:00Z,Buy,9.4666603555724,42.26,8,262.35,1,-2.49,287.31,108.48,1,"	2,322" 
2003-02-03T21:00:00Z,"MIDD",2005-04-01T21:00:00Z,Buy,11.3,49.02,3,113.16,1,-3.03,155.1,51.54,1,"	26,324" 
2003-02-03T21:00:00Z,"RCII",2005-04-01T21:00:00Z,Buy,20.944,26.95,10,60.06,2,-25.88,136.56,111.3,1,"	37,327" 
2003-02-03T21:00:00Z,"WSO",2005-04-01T21:00:00Z,Buy,15.9,42.12,6,157.32,2,-17.76,158.04,29.1,1,"	50,329" 
2003-02-03T21:00:00Z,"HCSG",2005-05-02T20:00:00Z,Buy,8.4866809879295,25.34,0.99995443753594,16.85,1,-0.99,16.86,3.32,1,"	20,341" 
2003-02-03T21:00:00Z,"SSD",2005-05-02T20:00:00Z,Buy,17.625,26.94,16,149.04,2,-36,322.8,173.76,1,"	45,344" 
2003-02-03T21:00:00Z,"FIZ",2005-06-01T20:00:00Z,Buy,7.6350091620037,8.18,5.9999352000518,3.27,1,-4.41,21.39,24.66,1,"	17,354" 
2003-02-03T21:00:00Z,"IDXX",2005-06-01T20:00:00Z,Buy,34.84,57.87,7,161.21,2,-11.76,230.37,151.34,1,"	23,356" 
2003-02-03T21:00:00Z,"RIMG",2005-08-01T20:00:00Z,Buy,8.32,25.13,13,218.53,2,0,226.33,66.04,1,"	38,384" 
2003-02-03T21:00:00Z,"CNXS",2005-09-01T20:00:00Z,Buy,6.57,26.15,10,195.8,1,-7,236.1,52.1,1,"	6,391" 
2003-02-03T21:00:00Z,"GCI",2005-10-03T20:00:00Z,Buy,72.01,68.57,3,-10.32,2,-17.04,56.73,73.77,0,"	19,413" 
2003-02-03T21:00:00Z,"FAF",2005-12-01T21:00:00Z,Buy,22.76,47.84,7,175.56,2,-7.21,180.32,51.66,1,"	15,431" 
2003-02-03T21:00:00Z,"WSO",2005-12-01T21:00:00Z,Buy,15.9,63.29,4,189.56,1,-11.84,189.56,21.44,1,"	50,433" 
2003-02-03T21:00:00Z,"EXPO",2006-08-01T20:00:00Z,Buy,7.27,15.34,19,153.33,2,-15.58,195.32,62.6,1,"	16,540" 
2003-02-03T21:00:00Z,"RIMG",2006-08-01T20:00:00Z,Buy,8.32,23.92,13,202.8,1,0,325.39,202.67,1,"	38,544" 
2003-02-03T21:00:00Z,"CNXS",2006-09-01T20:00:00Z,Buy,6.57,28.1,10,215.3,1,-7,236.3,101.9,1,"	6,551" 
2003-02-03T21:00:00Z,"WSO",2006-09-01T20:00:00Z,Buy,15.9,43.58,8,221.44,1,-23.68,452,241.68,1,"	50,558" 
2003-02-03T21:00:00Z,"RAVN",2006-10-02T20:00:00Z,Buy,7.84,28.97,13,274.69,1,0,442,196.17,1,"	34,576" 
2003-02-03T21:00:00Z,"SCHN",2006-11-01T21:00:00Z,Buy,7.1733268056,34.9,0.50001467000806,13.86,1,-0.05,17.48,9.59,1,"	40,588" 
2003-02-03T21:00:00Z,"FAF",2006-12-01T21:00:00Z,Buy,22.76,38.63,8,126.96,1,-8.24,210.56,103.84,1,"	15,595" 
2003-02-03T21:00:00Z,"WMK",2006-12-01T21:00:00Z,Buy,31.15,39.89,10,87.4,2,-32.1,150.1,80,1,"	49,603" 
2003-02-03T21:00:00Z,"GCI",2007-05-01T20:00:00Z,Buy,72.01,58.16,1,-13.85,1,-20.35,18.91,39.26,0,"	19,683" 
2003-02-03T21:00:00Z,"EXPO",2007-09-04T20:00:00Z,Buy,7.27,24.86,12,211.08,1,-9.84,216.48,44.76,1,"	16,763" 
2003-02-03T21:00:00Z,"EXPO",2008-05-01T20:00:00Z,Buy,7.27,34.07,5,134,1,-4.1,148.75,19.3,1,"	16,908" 
2003-02-03T21:00:00Z,"ZBRA",2013-12-02T21:00:00Z,Buy,38.133277849361,52.19,8.730008337158E-6,0,1,0,0,0,0,"	51,2084" 
2003-03-03T21:00:00Z,"CCF",2003-04-01T21:00:00Z,Buy,9.7,9.9,34,6.8,2,-10.88,6.8,15.98,1,"	55,62" 
2003-03-03T21:00:00Z,"KOSS",2003-06-02T20:00:00Z,Buy,18.94,15.7,12,-38.88,2,-47.28,6.72,54,0,"	60,81" 
2003-03-03T21:00:00Z,"QSII",2003-09-02T20:00:00Z,Buy,24.5,43.52,5,95.1,2,-14.25,98.05,50.15,1,"	61,105" 
2003-03-03T21:00:00Z,"JBSS",2003-11-03T21:00:00Z,Buy,13.5,36.94,12,281.28,2,-12,281.28,82.8,1,"	59,124" 
2003-03-03T21:00:00Z,"ANK",2003-12-01T21:00:00Z,Buy,17.35,27,22,212.3,2,-11.66,212.3,75.9,1,"	52,133" 
2003-03-03T21:00:00Z,"HWKN",2003-12-01T21:00:00Z,Buy,9.1,13.09,26,103.74,2,-5.2,124.28,32.76,1,"	58,135" 
2003-03-03T21:00:00Z,"APA",2004-03-01T21:00:00Z,Buy,31.2952068,42.22,8.4000084000084,91.77,2,-23.82,95.88,45.95,1,"	53,168" 
2003-03-03T21:00:00Z,"APU",2004-08-02T20:00:00Z,Buy,24.33,27.49,16,50.56,2,-16.16,89.92,75.52,1,"	54,230" 
2003-03-03T21:00:00Z,"GISX",2004-11-01T21:00:00Z,Buy,18.54,34.96,12,197.04,2,-8.16,234.96,137.52,1,"	57,267" 
2003-03-03T21:00:00Z,"JBSS",2004-11-01T21:00:00Z,Buy,13.5,18.53,4,20.12,1,-4,165.6,157.4,1,"	59,268" 
2003-03-03T21:00:00Z,"QSII",2005-02-01T21:00:00Z,Buy,24.5,68.94,3,133.32,1,-8.55,133.32,60.78,1,"	61,310" 
2003-03-03T21:00:00Z,"GDT",2005-07-01T20:00:00Z,Buy,35.34,65.71,3,91.11,2,-5.52,118.95,66.36,1,"	56,372" 
2003-03-03T21:00:00Z,"GDT",2006-02-01T21:00:00Z,Buy,35.34,73.85,3,115.53,1,-5.52,124.08,66.36,1,"	56,449" 
2003-04-01T21:00:00Z,"RGCO",2003-07-01T20:00:00Z,Buy,19.54,23.69,9,37.35,2,-1.44,50.22,19.08,1,"	67,91" 
2003-04-01T21:00:00Z,"RGCO",2003-10-01T20:00:00Z,Buy,19.54,22.93,16,54.24,1,-2.56,89.28,41.12,1,"	67,113" 
2003-04-01T21:00:00Z,"TTC",2005-06-01T20:00:00Z,Buy,17.5175,43.18,5,128.31,2,0,154.86,27.3,1,"	68,360" 
2003-04-01T21:00:00Z,"COO",2005-07-01T20:00:00Z,Buy,30.2,61.08,7,216.16,2,-23.31,376.53,177.03,1,"	66,371" 
2003-04-01T21:00:00Z,"TTC",2006-01-03T21:00:00Z,Buy,17.5175,44.38,11,295.49,1,0,340.7,144.76,1,"	68,442" 
2003-05-01T20:00:00Z,"BWS",2003-07-01T20:00:00Z,Buy,29.65,29.65,7,0,2,-32.55,12.32,44.87,0,"	75,88" 
2003-05-01T20:00:00Z,"RBIN",2003-08-01T20:00:00Z,Buy,10.41,12.98,31,79.67,2,-14.26,83.39,23.25,1,"	79,95" 
2003-05-01T20:00:00Z,"CAI",2003-09-02T20:00:00Z,Buy,34.52,45.5,6,65.88,2,-27.12,65.88,29.82,1,"	76,102" 
2003-05-01T20:00:00Z,"LG",2003-12-01T21:00:00Z,Buy,24.14,29.56,16,86.72,2,-2.24,86.72,50.72,1,"	77,136" 
2003-05-01T20:00:00Z,"MDU",2005-06-01T20:00:00Z,Buy,19.726638263002,28.53,8,70.43,2,0,72.91,20.11,1,"	78,357" 
2003-05-01T20:00:00Z,"AXE",2005-08-01T20:00:00Z,Buy,22.5,41.34,6,113.04,2,-8.82,117.12,45.6,1,"	74,382" 
2003-05-01T20:00:00Z,"MDU",2005-11-01T21:00:00Z,Buy,19.726638263002,32.33,8,100.83,1,0,135.55,41.84,1,"	78,424" 
2003-05-01T20:00:00Z,"AXE",2006-04-03T20:00:00Z,Buy,22.5,47.29,4,99.16,1,-5.88,100.68,30.4,1,"	74,469" 
2003-05-01T20:00:00Z,"MDU",2007-04-02T20:00:00Z,Buy,13.151098919577,29.07,3.0000373378105,47.76,1,0,47.76,10.46,1,"	78,661" 
2003-06-02T20:00:00Z,"FCN",2003-09-02T20:00:00Z,Buy,23.4666784,25.96,8,19.95,2,-21.49,25.55,47.04,1,"	82,103" 
2003-06-02T20:00:00Z,"NJR",2004-02-02T21:00:00Z,Buy,35.45,38.78,12,39.96,2,-18,45.24,32.88,1,"	85,161" 
2003-06-02T20:00:00Z,"PRGS",2004-04-01T21:00:00Z,Buy,21.37,24.35,11,32.78,2,-26.95,32.78,50.16,1,"	86,187" 
2003-06-02T20:00:00Z,"MHO",2004-06-01T20:00:00Z,Buy,40.48,42.17,6,10.14,2,-26.58,42.96,55.08,1,"	83,215" 
2003-06-02T20:00:00Z,"WEG",2004-07-01T20:00:00Z,Buy,44.31,51.7,8,59.12,2,-15.04,89.52,68.72,1,"	87,225" 
2003-06-02T20:00:00Z,"MMSI",2004-08-02T20:00:00Z,Buy,10.687618275,16.38,18,102.46,2,-1.52,257.44,210.24,1,"	84,233" 
2003-06-02T20:00:00Z,"MMSI",2006-01-03T21:00:00Z,Buy,10.687618275,12.43,1.5553391431357,2.71,1,-0.13,22.25,20.36,1,"	84,441" 
2003-07-01T20:00:00Z,"PETD",2004-01-02T21:00:00Z,Buy,9.16,23.1,22,306.68,2,-11.66,349.58,42.9,1,"	94,151" 
2003-07-01T20:00:00Z,"CPK",2004-08-02T20:00:00Z,Buy,21.34,23.55,21,46.41,2,-15.96,107.52,123.48,1,"	93,231" 
2003-07-01T20:00:00Z,"PETD",2005-04-01T21:00:00Z,Buy,9.16,37.34,8,225.44,1,-4.24,314.88,127.2,1,"	94,326" 
2003-08-01T20:00:00Z,"HOC",2003-12-01T21:00:00Z,Buy,27.8,27,8,-6.4,2,-28.16,3.68,31.84,0,"	98,134" 
2003-08-01T20:00:00Z,"SAFM",2004-03-01T21:00:00Z,Buy,19.74000987,35.85,6,96.66,2,-5,114.72,21.06,1,"	100,172" 
2003-08-01T20:00:00Z,"AIT",2004-05-03T20:00:00Z,Buy,22.15,25.95,12,45.6,2,-27.48,56.76,72.48,1,"	97,203" 
2003-08-01T20:00:00Z,"SAFM",2005-07-01T20:00:00Z,Buy,19.74000987,45.97,8,209.84,1,-6.67,282.08,188.8,1,"	100,375" 
2003-08-01T20:00:00Z,"PNM",2005-09-01T20:00:00Z,Buy,17.70667552,29.61,22.499988750006,267.82,2,-12,282.9,49.5,1,"	99,398" 
2003-08-01T20:00:00Z,"SAFM",2010-12-01T21:00:00Z,Buy,19.74000987,41.86,0.99999250000375,22.12,1,-0.83,35.26,23.6,1,"	100,1442" 
2003-09-02T20:00:00Z,"WEYS",2004-03-01T21:00:00Z,Buy,31.999968,36.5,7,31.5,2,-29.96,44.38,74.34,1,"	110,174" 
2003-09-02T20:00:00Z,"GFF",2005-01-03T21:00:00Z,Buy,19.15,26.79,8,61.12,2,-11.2,63.36,28.88,1,"	107,287" 
2003-09-02T20:00:00Z,"RSC",2005-04-01T21:00:00Z,Buy,14.15,14,18,-2.7,2,-52.2,73.44,99.9,0,"	109,328" 
2003-09-02T20:00:00Z,"GFF",2005-05-02T20:00:00Z,Buy,19.15,18.99,10,-1.6,1,-14,83.9,85.5,0,"	107,340" 
2003-09-02T20:00:00Z,"ODP",2005-08-01T20:00:00Z,Buy,17.9,27.96,8,80.48,2,-32.4,85.04,42.56,1,"	108,383" 
2003-09-02T20:00:00Z,"WEYS",2005-08-01T20:00:00Z,Buy,31.999968,23.6,0.5000075000075,-4.2,1,-6.93,3.17,10.1,0,"	110,385" 
2003-09-02T20:00:00Z,"ODP",2008-03-03T21:00:00Z,Buy,17.9,11.08,5,-34.1,1,-34.1,133.15,167.25,0,"	108,871" 
2003-10-01T20:00:00Z,"HUBG",2004-01-02T21:00:00Z,Buy,10.86,21.42,10,105.6,2,0,111.4,12.9,1,"	119,149" 
2003-10-01T20:00:00Z,"MAIR",2004-01-02T21:00:00Z,Buy,6.9,7.71,30,24.3,2,-21,28.2,32.1,1,"	120,150" 
2003-10-01T20:00:00Z,"UGI",2004-03-01T21:00:00Z,Buy,29.25,32.96,6.0000005400005,22.26,1,-15.7,33.6,14.64,1,"	121,173" 
2003-10-01T20:00:00Z,"CRK",2004-06-01T20:00:00Z,Buy,13.67,19.42,20,115,2,0,199.8,113.4,1,"	117,214" 
2003-10-01T20:00:00Z,"BWS",2004-10-01T20:00:00Z,Buy,32.8,25.14,8,-61.28,2,-67.04,73.04,140.08,0,"	115,250" 
2003-10-01T20:00:00Z,"HUBG",2005-01-03T21:00:00Z,Buy,10.86,50.7,4,159.36,1,0,173.56,49.8,1,"	119,288" 
2003-10-01T20:00:00Z,"UGI",2005-05-02T20:00:00Z,Buy,29.25,51.35,0.99999945999953,22.1,1,-2.62,22.1,2.44,1,"	121,345" 
2003-10-01T20:00:00Z,"BLS",2006-04-03T20:00:00Z,Buy,24.33,34.69,13,134.68,2,-9.62,137.93,79.82,1,"	116,471" 
2003-10-01T20:00:00Z,"GCI",2007-05-01T20:00:00Z,Buy,78.02,58.16,3,-59.58,1,-79.08,38.7,117.78,0,"	118,683" 
2003-10-01T20:00:00Z,"HUBG",2007-05-01T20:00:00Z,Buy,2.715,36.06,9,300.1,1,0,304.96,44.86,1,"	119,685" 
2003-10-01T20:00:00Z,"HUBG",2007-12-03T21:00:00Z,Buy,2.715,25.95,11,255.58,1,0,398.7,167.97,1,"	119,814" 
2003-11-03T21:00:00Z,"ANF",2004-02-02T21:00:00Z,Buy,28.7,26.53,9,-19.53,2,-46.89,9.72,56.61,0,"	128,160" 
2003-11-03T21:00:00Z,"ODC",2004-02-02T21:00:00Z,Buy,14.52,16.78,27,61.02,2,-5.4,69.39,28.35,1,"	131,162" 
2003-11-03T21:00:00Z,"OFIX",2004-02-02T21:00:00Z,Buy,36.84,50.76,4,55.68,2,-2.36,67.36,13.32,1,"	132,163" 
2003-11-03T21:00:00Z,"MMS",2004-09-01T20:00:00Z,Buy,35.89,29.43,8,-51.68,2,-63.12,41.2,104.32,0,"	130,239" 
2003-11-03T21:00:00Z,"OFIX",2004-09-01T20:00:00Z,Buy,36.84,34.59,6,-13.5,1,-45.12,101.04,146.16,0,"	132,241" 
2003-11-03T21:00:00Z,"CRMT",2004-10-01T20:00:00Z,Buy,30.24,34,7,26.32,2,-41.93,49.98,86.31,1,"	129,251" 
2003-12-01T21:00:00Z,"APA",2004-03-01T21:00:00Z,Buy,36.395,42.22,5.5999915999916,32.62,1,-44.44,35.36,30.63,1,"	139,168" 
2003-12-01T21:00:00Z,"PTMK",2004-04-01T21:00:00Z,Buy,7.53,8.39,30,25.8,2,-16.5,30,26.1,1,"	145,188" 
2003-12-01T21:00:00Z,"BIO",2004-06-01T20:00:00Z,Buy,51.75,56.71,4,19.84,1,-73,42.4,41.84,1,"	142,213" 
2003-12-01T21:00:00Z,"APU",2004-08-02T20:00:00Z,Buy,27.12,27.49,10,3.7,1,-38,28.3,47.2,1,"	140,230" 
2003-12-01T21:00:00Z,"RBIN",2004-09-01T20:00:00Z,Buy,14.09,19.96,24,140.88,2,-0.24,151.44,36,1,"	146,242" 
2003-12-01T21:00:00Z,"B",2004-11-01T21:00:00Z,Buy,32.01,26.65,15,-80.4,2,-111,27.6,138.6,0,"	141,264" 
2003-12-01T21:00:00Z,"FIZ",2005-06-01T20:00:00Z,Buy,7.6200091440037,8.18,31.999961600031,17.92,1,-23.04,114.56,131.52,1,"	143,354" 
2003-12-01T21:00:00Z,"PDX",2006-03-01T21:00:00Z,Buy,54.82,95.76,3,122.82,2,-6.51,122.82,57,1,"	144,462" 
2003-12-01T21:00:00Z,"PDX",2006-12-01T21:00:00Z,Buy,27.41,48.55,2,42.28,1,-2.17,49.82,20.92,1,"	144,601" 
2003-12-01T21:00:00Z,"APA",2009-04-01T20:00:00Z,Buy,36.395,66.05,0.4000084000084,11.86,1,-3.17,42.97,36.98,1,"	139,1107" 
2004-01-02T21:00:00Z,"ATRI",2004-04-01T21:00:00Z,Buy,45.49,42.18,5,-16.55,2,-34.9,6.65,41.55,0,"	153,184" 
2004-01-02T21:00:00Z,"BKH",2004-04-01T21:00:00Z,Buy,29.87,32.08,13,28.73,2,-7.02,28.73,19.24,1,"	154,185" 
2004-01-02T21:00:00Z,"CRAI",2004-07-01T20:00:00Z,Buy,31.21,31.32,8,0.88,2,-19.44,52.4,71.84,1,"	155,221" 
2004-01-02T21:00:00Z,"NUS",2004-08-02T20:00:00Z,Buy,17.2,26.42,9,82.98,2,-4.5,94.77,29.07,1,"	158,234" 
2004-01-02T21:00:00Z,"TTWO",2004-10-01T20:00:00Z,Buy,29.17,34.81,7,39.48,2,-8.19,55.93,64.12,1,"	159,255" 
2004-01-02T21:00:00Z,"MTSC",2005-02-01T21:00:00Z,Buy,19.35,36.5,6,102.9,2,0,102.9,57.24,1,"	157,308" 
2004-01-02T21:00:00Z,"NUS",2005-05-02T20:00:00Z,Buy,17.2,22.11,11,54.01,1,-7.59,115.83,123.42,1,"	158,342" 
2004-01-02T21:00:00Z,"MTSC",2006-04-03T20:00:00Z,Buy,19.35,41.33,9,197.82,1,0,211.14,112.32,1,"	157,475" 
2004-01-02T21:00:00Z,"MDU",2007-04-02T20:00:00Z,Buy,16.020008215498,29.07,4.9999626621895,65.25,1,-14.34,65.25,17.43,1,"	156,661" 
2004-01-02T21:00:00Z,"MDU",2008-07-01T20:00:00Z,Buy,16.020008215498,34.89,8.5000304146416,160.4,1,-24.39,160.4,58.65,1,"	156,961" 
2004-02-02T21:00:00Z,"GDYS",2004-09-01T20:00:00Z,Buy,8.6,7.5,24,-26.4,2,-26.4,146.64,173.04,0,"	165,238" 
2004-02-02T21:00:00Z,"PNM",2005-09-01T20:00:00Z,Buy,20.04001002,29.61,9.5000112499944,90.92,1,-27.23,97.28,20.9,1,"	167,398" 
2004-02-02T21:00:00Z,"ANSS",2006-04-03T20:00:00Z,Buy,19.735,53.43,4,134.78,2,-6.18,137.66,35.92,1,"	164,468" 
2004-02-02T21:00:00Z,"ANSS",2006-09-01T20:00:00Z,Buy,19.735,46,10,262.65,1,-15.45,376.65,167.2,1,"	164,549" 
2004-02-02T21:00:00Z,"JJSF",2006-12-01T21:00:00Z,Buy,21.485,37.99,16,264.08,2,-49.92,285.04,95.04,1,"	166,597" 
2004-02-02T21:00:00Z,"PNM",2013-08-01T20:00:00Z,Buy,20.04001002,23.76,0.99998350000825,3.72,1,-2.87,10.24,12.44,1,"	167,1989" 
2004-03-01T21:00:00Z,"ASGN",2004-04-01T21:00:00Z,Buy,5.79,5.5,36,-10.44,2,-25.2,7.56,32.76,0,"	176,183" 
2004-03-01T21:00:00Z,"WEG",2004-07-01T20:00:00Z,Buy,52.27,51.7,5,-2.85,1,-49.2,16.15,42.95,0,"	181,225" 
2004-03-01T21:00:00Z,"AHS",2004-09-01T20:00:00Z,Buy,18.37,11.54,18,-122.94,2,-126.36,1.98,128.34,0,"	175,237" 
2004-03-01T21:00:00Z,"TYL",2005-01-03T21:00:00Z,Buy,9.59,8.2,30,-41.7,2,-57,10.5,67.5,0,"	180,293" 
2004-03-01T21:00:00Z,"FRK",2005-09-01T20:00:00Z,Buy,29.76668155,57.64,5,139.37,2,-26.47,139.37,32.45,1,"	177,393" 
2004-03-01T21:00:00Z,"FRK",2006-02-01T21:00:00Z,Buy,29.76668155,54.72,8,199.63,1,-42.35,289.79,161.84,1,"	177,448" 
2004-03-01T21:00:00Z,"TSAI",2006-05-01T20:00:00Z,Buy,18.53,39.78,6,127.5,2,-22.44,127.86,59.7,1,"	179,499" 
2004-03-01T21:00:00Z,"TSAI",2007-02-01T21:00:00Z,Buy,18.53,36.99,6,110.76,1,-22.44,145.08,69.48,1,"	179,632" 
2004-03-01T21:00:00Z,"GCI",2007-05-01T20:00:00Z,Buy,86.6,58.16,3,-85.32,1,-104.82,12.96,117.78,0,"	178,683" 
2004-04-01T21:00:00Z,"SHEN",2004-07-01T20:00:00Z,Buy,22.56,26.3,11,41.14,2,-0.66,84.48,85.14,1,"	200,224" 
2004-04-01T21:00:00Z,"CPK",2004-08-02T20:00:00Z,Buy,25.5,23.55,9,-17.55,1,-44.28,8.64,47.61,0,"	192,231" 
2004-04-01T21:00:00Z,"NSIT",2004-09-01T20:00:00Z,Buy,19.25,16.03,13,-41.86,2,-67.99,9.75,77.74,0,"	197,240" 
2004-04-01T21:00:00Z,"DCO",2004-12-01T21:00:00Z,Buy,23.35,25.41,16,32.96,2,-78.56,32.96,88.96,1,"	193,281" 
2004-04-01T21:00:00Z,"PEGA",2005-01-03T21:00:00Z,Buy,8.3,8.54,27,6.48,2,-64.8,43.2,108,1,"	199,290" 
2004-04-01T21:00:00Z,"OTL",2005-02-01T21:00:00Z,Buy,29.88,20.38,12,-114,2,-134.28,22.44,156.72,0,"	198,309" 
2004-04-01T21:00:00Z,"DGII",2005-12-01T21:00:00Z,Buy,10.1,13.29,22,70.18,2,-31.24,159.94,165.66,1,"	194,430" 
2004-04-01T21:00:00Z,"TALK",2006-09-01T20:00:00Z,Buy,8.33,5.84,25,-62.25,2,-83,81.5,149.75,0,"	201,555" 
2004-04-01T21:00:00Z,"WMK",2006-12-01T21:00:00Z,Buy,33.84,39.89,6,36.3,1,-35.4,73.92,48,1,"	202,603" 
2004-04-01T21:00:00Z,"AMED",2007-01-03T21:00:00Z,Buy,19.5754959,33.3,13,178.42,2,-24.18,201.15,156.59,1,"	191,617" 
2004-04-01T21:00:00Z,"AMED",2007-05-01T20:00:00Z,Buy,19.5754959,33.86,0.33299556411238,4.76,1,-0.62,5.15,4.01,1,"	191,680" 
2004-04-01T21:00:00Z,"MTLM",2007-10-01T20:00:00Z,Buy,18.5,53.94,4,141.76,2,-26,149.4,53.52,1,"	196,789" 
2004-04-01T21:00:00Z,"MTLM",2008-03-15T04:00:00Z,Buy,18.5,55.27,10,367.7,0,-65,451,140.6,1,"	196,885" 
2004-04-01T21:00:00Z,"MDU",2008-07-01T20:00:00Z,Buy,15.826674783018,34.89,2.4999695853584,47.66,1,-6.69,47.66,17.25,1,"	195,961" 
2004-04-01T21:00:00Z,"MDU",2009-06-01T20:00:00Z,Buy,15.826674783018,19.61,15.50002118375,58.64,1,-43.5,295.48,338.99,1,"	195,1157" 
2004-05-03T20:00:00Z,"UWN",2004-10-01T20:00:00Z,Buy,15.47,12.05,18,-61.56,2,-99.54,9.18,108.72,0,"	212,256" 
2004-05-03T20:00:00Z,"EIX",2004-11-01T21:00:00Z,Buy,23.11,30.35,30,217.2,2,-33.9,220.8,42.3,1,"	208,266" 
2004-05-03T20:00:00Z,"RCII",2005-04-01T21:00:00Z,Buy,29.93,26.95,7,-20.86,1,-81.02,32.69,54.46,0,"	211,327" 
2004-05-03T20:00:00Z,"AXE",2006-04-03T20:00:00Z,Buy,29.88,47.29,8,139.28,1,-70.8,142.32,60.8,1,"	206,469" 
2004-05-03T20:00:00Z,"BLS",2006-04-03T20:00:00Z,Buy,25.85,34.69,3,26.52,1,-6.78,27.27,12.84,1,"	207,471" 
2004-05-03T20:00:00Z,"LPX",2006-08-01T20:00:00Z,Buy,23.58,19.86,13,-48.36,2,-52.91,76.31,129.22,0,"	209,541" 
2004-05-03T20:00:00Z,"BLS",2006-12-30T05:00:00Z,Buy,25.85,47.15,7,149.1,0,-15.82,149.1,29.96,1,"	207,616" 
2004-05-03T20:00:00Z,"ODP",2008-03-03T21:00:00Z,Buy,17.45,11.08,12,-76.44,1,-76.44,324.96,401.4,0,"	210,871" 
2004-06-01T20:00:00Z,"CERN",2004-11-01T21:00:00Z,Buy,42.54,45.45,7,20.37,2,-8.19,31.64,31.78,1,"	217,265" 
2004-06-01T20:00:00Z,"HCSG",2005-05-02T20:00:00Z,Buy,16,25.34,10.000045562464,93.4,1,-85.07,93.5,33.2,1,"	218,341" 
2004-06-01T20:00:00Z,"TESS",2005-06-01T20:00:00Z,Buy,18.34,12.75,12,-67.08,2,-97.44,1.8,99.24,0,"	220,358" 
2004-06-01T20:00:00Z,"PCU",2006-05-01T20:00:00Z,Buy,31.69,100.09,3,205.2,2,-5.37,205.2,67.56,1,"	219,496" 
2004-06-01T20:00:00Z,"HCSG",2006-07-03T17:00:00Z,Buy,10.666667266667,20.73,22.499930390682,226.42,1,-127.6,266.92,131.17,1,"	218,528" 
2004-06-01T20:00:00Z,"PCU",2007-08-01T20:00:00Z,Buy,15.845,108.25,3,277.22,1,-2.68,297.46,52.34,1,"	219,752" 
2004-06-01T20:00:00Z,"PCU",2007-12-03T21:00:00Z,Buy,15.845,109.6,2,187.51,1,-1.79,251.35,85.04,1,"	219,818" 
2004-06-01T20:00:00Z,"PCU",2008-05-01T20:00:00Z,Buy,15.845,110,3,282.46,1,-2.68,377.02,183.6,1,"	219,917" 
2004-07-01T20:00:00Z,"LNT",2004-11-01T21:00:00Z,Buy,25.64,26.38,31,22.94,2,-37.2,52.08,89.28,1,"	229,271" 
2004-07-01T20:00:00Z,"ADSK",2005-01-03T21:00:00Z,Buy,21.14,37.53,6,98.34,2,-18.06,104.64,18.06,1,"	226,286" 
2004-07-01T20:00:00Z,"ADSK",2006-05-01T20:00:00Z,Buy,21.14,41.56,10,204.2,1,-30.1,265,123.4,1,"	226,489" 
2004-07-01T20:00:00Z,"NATR",2006-05-01T20:00:00Z,Buy,13.92,10.04,20,-77.6,2,-77.6,185.8,263.4,0,"	227,494" 
2004-07-01T20:00:00Z,"PDX",2006-12-01T21:00:00Z,Buy,34.855,48.55,6,82.17,1,-51.18,104.79,62.76,1,"	228,601" 
2004-08-02T20:00:00Z,"OGE",2005-01-03T21:00:00Z,Buy,25.15,26.03,30,26.4,2,-5.4,49.5,44.4,1,"	236,289" 
2004-08-02T20:00:00Z,"LAWS",2005-11-01T21:00:00Z,Buy,36.03,35.32,11,-7.81,2,-52.58,196.35,248.93,0,"	235,423" 
2004-09-01T20:00:00Z,"HOC",2004-10-01T20:00:00Z,Buy,20.91,25.95,8,40.32,2,-2.08,40.32,2.08,1,"	245,253" 
2004-09-01T20:00:00Z,"CNC",2005-02-01T21:00:00Z,Buy,19.835,33.4,6,81.39,2,-5.31,82.29,13.32,1,"	243,304" 
2004-09-01T20:00:00Z,"HOC",2005-02-01T21:00:00Z,Buy,20.91,30.5,7,67.13,1,-1.82,67.13,29.96,1,"	245,307" 
2004-09-01T20:00:00Z,"VLO",2005-03-01T21:00:00Z,Buy,33.705,68.11,5,172.02,2,-3,196.28,27.25,1,"	249,317" 
2004-09-01T20:00:00Z,"XEL",2005-04-01T21:00:00Z,Buy,17.5,17.23,45,-12.15,2,-41.85,52.65,94.5,0,"	247,325" 
2004-09-01T20:00:00Z,"GFF",2005-05-02T20:00:00Z,Buy,19.97,18.99,10,-9.8,1,-22.2,75.7,85.5,0,"	244,340" 
2004-09-01T20:00:00Z,"HOC",2005-07-01T20:00:00Z,Buy,20.91,47.29,6,158.28,1,-1.56,158.28,37.74,1,"	245,373" 
2004-09-01T20:00:00Z,"SAM",2005-09-01T20:00:00Z,Buy,21.98,23.71,13,22.49,2,-26,46.67,72.67,1,"	248,399" 
2004-09-01T20:00:00Z,"VLO",2005-09-01T20:00:00Z,Buy,33.705,109.5,2,151.59,1,-1.2,151.59,38.92,1,"	249,400" 
2004-09-01T20:00:00Z,"CNC",2005-12-01T21:00:00Z,Buy,19.835,25.21,10,53.75,1,-17.85,175.25,193.1,1,"	243,429" 
2004-09-01T20:00:00Z,"HOC",2006-06-01T20:00:00Z,Buy,20.91,85,3,192.27,1,-0.78,192.27,50.43,1,"	245,511" 
2004-09-01T20:00:00Z,"NHC",2006-08-01T20:00:00Z,Buy,26.82,45.17,5,91.75,2,0,99.3,34.2,1,"	246,543" 
2004-09-01T20:00:00Z,"NHC",2007-12-03T21:00:00Z,Buy,26.82,49.13,6,133.86,1,0,190.62,67.98,1,"	246,817" 
2004-09-01T20:00:00Z,"HOC",2008-01-02T21:00:00Z,Buy,10.455,50.71,10,402.55,1,-1.3,694.15,342.1,1,"	245,834" 
2004-09-01T20:00:00Z,"VLO",2008-04-01T20:00:00Z,Buy,16.8525,51.87,6,210.1,1,-1.8,365.2,186.18,1,"	249,893" 
2004-10-01T20:00:00Z,"MTEX",2004-12-01T21:00:00Z,Buy,14.49,21.99,10,75,2,0,88.8,34.6,1,"	261,282" 
2004-10-01T20:00:00Z,"APU",2005-02-01T21:00:00Z,Buy,29.89,30.2,25,7.75,2,-53,28.75,65.75,1,"	257,303" 
2004-10-01T20:00:00Z,"BELFB",2005-07-01T20:00:00Z,Buy,32.72,30.2,9,-22.68,2,-60.48,32.67,93.15,0,"	258,370" 
2004-10-01T20:00:00Z,"NL",2005-07-01T20:00:00Z,Buy,18.78,15.24,13,-46.02,2,-55.64,58.76,114.4,0,"	262,374" 
2004-10-01T20:00:00Z,"MTEX",2005-10-03T20:00:00Z,Buy,14.49,11.7,8,-22.32,1,-34.32,91.76,126.08,0,"	261,414" 
2004-10-01T20:00:00Z,"FARO",2005-11-01T21:00:00Z,Buy,21.36,20.67,10,-6.9,2,-30.8,104.4,135.2,0,"	260,422" 
2004-10-01T20:00:00Z,"RS",2006-04-03T20:00:00Z,Buy,40.31,95.82,3,166.53,2,-19.77,166.53,37.05,1,"	263,476" 
2004-10-01T20:00:00Z,"ECOL",2006-10-02T20:00:00Z,Buy,10.09,19.63,21,200.34,2,0,361.2,182.49,1,"	259,571" 
2004-10-01T20:00:00Z,"RS",2007-02-01T21:00:00Z,Buy,20.155,43.01,10,228.55,1,-32.95,286.1,195.15,1,"	263,628" 
2004-11-01T21:00:00Z,"SRT",2005-01-03T21:00:00Z,Buy,28.13,27.8,8,-2.64,1,-50.24,119.68,21.04,0,"	279,292" 
2004-11-01T21:00:00Z,"CIX",2005-04-01T21:00:00Z,Buy,15.55,16.41,23,19.78,2,-14.95,57.5,42.78,1,"	273,323" 
2004-11-01T21:00:00Z,"TRMB",2005-06-01T20:00:00Z,Buy,28.87,39.98,8,88.88,2,-2.96,96.88,54.72,1,"	280,359" 
2004-11-01T21:00:00Z,"AIT",2005-08-01T20:00:00Z,Buy,24.666630776685,36,6,68,2,-8.86,72.2,45.54,1,"	272,381" 
2004-11-01T21:00:00Z,"LEG",2005-09-01T20:00:00Z,Buy,28.27,24.46,18,-68.58,2,-77.58,41.22,118.8,0,"	276,395" 
2004-11-01T21:00:00Z,"MLI",2005-09-01T20:00:00Z,Buy,27.54,27.14,14,-5.6,2,-34.16,68.04,102.2,0,"	278,396" 
2004-11-01T21:00:00Z,"HAE",2006-02-01T21:00:00Z,Buy,32.02,50.68,4,74.64,2,0,82.64,33.4,1,"	274,450" 
2004-11-01T21:00:00Z,"MATR",2006-06-01T20:00:00Z,Buy,21.09334388,30.61,13,123.72,2,-4.68,310.79,248.3,1,"	277,513" 
2004-11-01T21:00:00Z,"HAE",2006-12-01T21:00:00Z,Buy,32.02,45.37,9,120.15,1,0,206.01,125.1,1,"	274,596" 
2004-11-01T21:00:00Z,"AIT",2007-09-04T20:00:00Z,Buy,16.44442874,32.81,7,114.56,1,-6.89,114.56,69.6,1,"	272,761" 
2004-11-01T21:00:00Z,"K",2007-09-04T20:00:00Z,Buy,42.51,55.32,4,51.24,2,-0.2,51.68,15.16,1,"	275,764" 
2004-11-01T21:00:00Z,"K",2008-03-03T21:00:00Z,Buy,42.51,50.78,4,33.08,1,-0.2,55.48,36,1,"	275,869" 
2004-11-01T21:00:00Z,"K",2008-09-02T20:00:00Z,Buy,42.51,55.4,4,51.56,1,-0.2,55.48,36,1,"	275,987" 
2004-11-01T21:00:00Z,"AIT",2008-11-03T21:00:00Z,Buy,16.44442874,19.93,6.5000259875183,22.66,1,-6.4,122.63,113.1,1,"	272,1022" 
2004-11-01T21:00:00Z,"K",2010-07-01T20:00:00Z,Buy,42.51,50.77,4,33.04,1,-26.52,59.32,85.84,1,"	275,1369" 
2004-11-01T21:00:00Z,"K",2010-12-01T21:00:00Z,Buy,42.51,49.44,6,41.58,1,-39.78,88.98,128.76,1,"	275,1441" 
2004-12-01T21:00:00Z,"STLD",2005-10-03T20:00:00Z,Buy,40.13,32.9,6,-43.38,2,-87.72,33.12,120.84,0,"	285,415" 
2004-12-01T21:00:00Z,"NUE",2006-06-01T20:00:00Z,Buy,26.135,53.34,2,54.41,2,-6.6,66.97,19.42,1,"	284,514" 
2004-12-01T21:00:00Z,"NUE",2007-02-01T21:00:00Z,Buy,26.135,64.8,4,154.66,1,-13.2,158.7,53.56,1,"	284,626" 
2004-12-01T21:00:00Z,"NUE",2008-04-01T20:00:00Z,Buy,26.135,69.25,4,172.46,1,-13.2,192.98,92.28,1,"	284,890" 
2004-12-01T21:00:00Z,"NUE",2009-11-02T21:00:00Z,Buy,26.135,39.02,2,25.77,1,-6.6,111.51,112.94,1,"	284,1214" 
2005-01-03T21:00:00Z,"QSII",2005-02-01T21:00:00Z,Buy,60.55,68.94,4,33.56,1,-155.6,33.56,19.68,1,"	301,310" 
2005-01-03T21:00:00Z,"MIDD",2005-04-01T21:00:00Z,Buy,50.8,49.02,4,-7.12,1,-162.04,48.8,26.68,0,"	300,324" 
2005-01-03T21:00:00Z,"AHC",2005-06-01T20:00:00Z,Buy,79.33,95.43,6,96.6,2,-1.98,146.88,94.08,1,"	295,352" 
2005-01-03T21:00:00Z,"AEOS",2005-07-01T20:00:00Z,Buy,23.369967048316,31.11,7,54.18,2,0,60.9,29.82,1,"	294,369" 
2005-01-03T21:00:00Z,"CYBE",2005-09-01T20:00:00Z,Buy,14.99,13.9,14,-15.26,2,-50.4,3.36,50.4,0,"	297,392" 
2005-01-03T21:00:00Z,"RES",2005-12-01T21:00:00Z,Buy,15.799839625189,34.14,8,146.72,2,-19.92,146.72,51.39,1,"	302,432" 
2005-01-03T21:00:00Z,"AEOS",2006-04-03T20:00:00Z,Buy,23.369967048316,28.79,13,70.46,1,-44.33,131.43,175.76,1,"	294,467" 
2005-01-03T21:00:00Z,"ANF",2006-05-01T20:00:00Z,Buy,46.3,60.86,7,101.92,2,-13.93,187.39,201.32,1,"	296,490" 
2005-01-03T21:00:00Z,"JCOM",2006-06-01T20:00:00Z,Buy,16.87,27.3,20,208.6,2,-32.6,230.6,87.8,1,"	299,512" 
2005-01-03T21:00:00Z,"FAF",2006-12-01T21:00:00Z,Buy,34.77,38.63,6,23.16,1,-78.24,85.86,77.88,1,"	298,595" 
2005-01-03T21:00:00Z,"RES",2006-12-01T21:00:00Z,Buy,10.533244191628,22.74,14,170.89,1,-23.24,349.67,255.92,1,"	302,602" 
2005-01-03T21:00:00Z,"AEOS",2007-06-01T20:00:00Z,Buy,15.5799858222,27.19,4.2300017343026E-5,0,1,0,0,0,0,"	294,707" 
2005-01-03T21:00:00Z,"RES",2012-04-02T20:00:00Z,Buy,4.6814444669983,10.41,2.2505584312631,12.89,1,-1.66,29.93,19.28,1,"	302,1719" 
2005-02-01T21:00:00Z,"XEL",2005-04-01T21:00:00Z,Buy,18.17,17.23,12,-11.28,1,-19.2,6,21.96,0,"	316,325" 
2005-02-01T21:00:00Z,"ELBO",2005-05-02T20:00:00Z,Buy,35.37,56.82,6,128.7,2,-0.54,128.7,36.54,1,"	314,339" 
2005-02-01T21:00:00Z,"ALG",2005-10-03T20:00:00Z,Buy,25.84,19.99,14,-81.9,2,-108.08,0,108.08,0,"	312,411" 
2005-02-01T21:00:00Z,"ELBO",2005-10-08T04:00:00Z,Buy,35.37,62.5,3,81.39,0,-0.27,94.71,18.27,1,"	314,421" 
2005-02-01T21:00:00Z,"ABFS",2006-01-03T21:00:00Z,Buy,40.86,44.55,5,18.45,2,-51.7,23.15,71.3,1,"	311,439" 
2005-02-01T21:00:00Z,"GCI",2007-05-01T20:00:00Z,Buy,79.41,58.16,3,-63.75,1,-83.25,34.53,90,0,"	315,683" 
2005-02-01T21:00:00Z,"ABFS",2007-09-04T20:00:00Z,Buy,40.86,36.4,5,-22.3,1,-51.7,48.45,80.25,0,"	311,760" 
2005-02-01T21:00:00Z,"CMC",2008-10-01T20:00:00Z,Buy,14.43,16.28,18,33.3,2,-51.57,449.46,422.64,1,"	313,1001" 
2005-03-01T21:00:00Z,"RSC",2005-04-01T21:00:00Z,Buy,14.13,14,16,-2.08,1,-46.08,65.6,25.28,0,"	320,328" 
2005-03-01T21:00:00Z,"IDXX",2005-06-01T20:00:00Z,Buy,55,57.87,4,11.48,1,-87.36,51,11.04,1,"	319,356" 
2005-03-01T21:00:00Z,"ZEUS",2005-08-01T20:00:00Z,Buy,24.68,15.89,8,-70.32,2,-91.76,0.56,92.32,0,"	321,386" 
2005-03-01T21:00:00Z,"BLS",2006-12-30T05:00:00Z,Buy,26.14,47.15,10,210.1,1,-25.5,210.1,32.4,1,"	318,616" 
2005-04-01T21:00:00Z,"REM",2005-05-02T20:00:00Z,Buy,31.93,30.58,14,-18.9,2,-57.68,2.94,60.62,0,"	336,343" 
2005-04-01T21:00:00Z,"UGI",2005-05-02T20:00:00Z,Buy,45.95,51.35,3.0000005400005,16.2,1,-57.95,16.2,6.12,1,"	337,345" 
2005-04-01T21:00:00Z,"ISSC",2005-09-01T20:00:00Z,Buy,21.0666772,16.92,11,-45.61,2,-46.27,42.17,88.44,0,"	331,394" 
2005-04-01T21:00:00Z,"LEG",2005-09-01T20:00:00Z,Buy,29.1,24.46,7,-32.48,1,-35.98,10.22,37.66,0,"	332,395" 
2005-04-01T21:00:00Z,"X",2005-12-01T21:00:00Z,Buy,51.16,48.98,6,-13.08,2,-101.94,0,101.94,0,"	338,434" 
2005-04-01T21:00:00Z,"UGI",2006-03-01T21:00:00Z,Buy,22.974967605266,22.31,26,-17.29,1,-251.12,175.89,240.76,0,"	337,463" 
2005-04-01T21:00:00Z,"GDT",2006-04-22T04:00:00Z,Buy,73.76,80.05,3,18.87,1,-120.78,18.87,55.29,1,"	330,488" 
2005-04-01T21:00:00Z,"LRCX",2006-12-01T21:00:00Z,Buy,28.47,51.58,4,92.44,2,-11.44,112.64,63.36,1,"	333,598" 
2005-04-01T21:00:00Z,"MSTR",2007-07-02T20:00:00Z,Buy,55.27,94.59,4,157.28,2,-47.44,308.52,154.64,1,"	334,735" 
2005-04-01T21:00:00Z,"LRCX",2007-11-01T20:00:00Z,Buy,28.47,48.84,8,162.96,1,-22.88,252.08,126.72,1,"	333,803" 
2005-04-01T21:00:00Z,"COP",2008-05-01T20:00:00Z,Buy,55.14,86.59,10,314.5,2,-67.9,350.5,190,1,"	335,916" 
2005-04-01T21:00:00Z,"UGI",2008-11-03T21:00:00Z,Buy,22.974967605266,23.83,2.0000384000335,1.71,1,-19.32,13.53,18.82,1,"	337,1035" 
2005-05-02T20:00:00Z,"DECK",2005-06-01T20:00:00Z,Buy,22.9,23.6,11,7.7,2,-16.61,24.42,41.03,1,"	347,353" 
2005-05-02T20:00:00Z,"FIZ",2005-06-01T20:00:00Z,Buy,7.28,8.18,29.000103199917,26.1,1,-11.02,113.68,8.7,1,"	348,354" 
2005-05-02T20:00:00Z,"HSII",2005-06-01T20:00:00Z,Buy,26.42,25.74,13,-8.84,2,-18.85,8.45,27.3,0,"	349,355" 
2005-05-02T20:00:00Z,"WEYS",2005-08-01T20:00:00Z,Buy,18.69,23.6,12.499992499992,61.37,1,-6.87,245.62,34.87,1,"	351,385" 
2005-05-02T20:00:00Z,"TTWO",2006-02-01T21:00:00Z,Buy,23.95,15.17,19,-166.82,2,-175.75,102.22,277.97,0,"	350,453" 
2005-05-02T20:00:00Z,"FIZ",2006-04-03T20:00:00Z,Buy,7.28,11.31,0.99989680008256,4.03,1,-0.38,4.77,0.74,1,"	348,473" 
2005-05-02T20:00:00Z,"CTR",2007-06-01T20:00:00Z,Buy,17.0666752,21.83,20,95.27,2,0,182.67,118,1,"	346,711" 
2005-05-02T20:00:00Z,"WEYS",2007-09-04T20:00:00Z,Buy,18.69,29.6,10,109.1,1,-13.9,196.5,65.5,1,"	351,771" 
2005-05-02T20:00:00Z,"WEYS",2008-12-01T21:00:00Z,Buy,18.69,27.26,7,59.99,1,-9.73,145.25,104.23,1,"	351,1060" 
2005-05-02T20:00:00Z,"WEYS",2009-09-01T20:00:00Z,Buy,18.69,21.96,0.5000075000075,1.64,1,-0.7,10.38,9.63,1,"	351,1190" 
2005-05-02T20:00:00Z,"CTR",2010-04-01T20:00:00Z,Buy,17.0666752,22.12,0.99998950000525,5.05,1,-1.75,9.13,10.88,1,"	346,1305" 
2005-06-01T20:00:00Z,"PLPC",2005-09-01T20:00:00Z,Buy,36.09,44.43,5,41.7,2,0,41.7,27,1,"	366,397" 
2005-06-01T20:00:00Z,"CAI",2006-01-03T21:00:00Z,Buy,65.02,56.95,5,-40.35,2,-64.1,9.25,73.35,0,"	361,440" 
2005-06-01T20:00:00Z,"SPTN",2006-02-01T21:00:00Z,Buy,12.92,12.08,29,-24.36,2,-114.84,69.02,183.86,0,"	368,452" 
2005-06-01T20:00:00Z,"GDT",2006-04-22T04:00:00Z,Buy,74.2,80.05,4,23.4,1,-162.8,23.4,70.56,1,"	363,488" 
2005-06-01T20:00:00Z,"GPX",2006-05-01T20:00:00Z,Buy,7.2,7.2,62,0,2,-31,112.22,143.22,0,"	364,495" 
2005-06-01T20:00:00Z,"PLPC",2006-06-01T20:00:00Z,Buy,36.09,35.96,9,-1.17,1,-39.15,98.19,137.34,0,"	366,516" 
2005-06-01T20:00:00Z,"SCVL",2007-04-02T20:00:00Z,Buy,19.15,33.39,7,99.68,2,-36.12,112.42,76.37,1,"	367,666" 
2005-06-01T20:00:00Z,"GCI",2007-05-01T20:00:00Z,Buy,74.24,58.16,3,-48.24,1,-67.74,50.04,70.2,0,"	362,683" 
2005-06-01T20:00:00Z,"SCVL",2007-10-01T20:00:00Z,Buy,19.15,15.79,13,-43.68,1,-67.08,208.78,264.55,0,"	367,791" 
2005-06-01T20:00:00Z,"OXY",2007-11-01T20:00:00Z,Buy,37.4,66.72,3,87.96,2,-7.28,100.32,32.64,1,"	365,804" 
2005-06-01T20:00:00Z,"OXY",2008-01-02T21:00:00Z,Buy,37.4,78.38,3,122.94,1,-7.28,122.94,32.64,1,"	365,837" 
2005-06-01T20:00:00Z,"OXY",2008-05-01T20:00:00Z,Buy,37.4,81.02,8,348.96,1,-19.4,395.84,127.68,1,"	365,915" 
2005-07-01T20:00:00Z,"APU",2005-10-03T20:00:00Z,Buy,32.57,32.45,28,-3.36,2,-40.88,60.76,101.64,0,"	376,412" 
2005-07-01T20:00:00Z,"CBRL",2006-02-01T21:00:00Z,Buy,39.12,44,15,73.2,2,-88.2,78.75,120.45,1,"	377,447" 
2005-07-01T20:00:00Z,"CPK",2006-08-01T20:00:00Z,Buy,30.59,34.65,18,73.08,2,-47.16,86.22,133.38,1,"	378,538" 
2005-07-01T20:00:00Z,"CPK",2006-10-02T20:00:00Z,Buy,30.59,30.2,3,-1.17,1,-7.86,14.37,22.23,0,"	378,570" 
2005-07-01T20:00:00Z,"WDC",2007-02-01T21:00:00Z,Buy,13.75,19.41,25,141.5,2,-60,260.75,203.5,1,"	380,633" 
2005-07-01T20:00:00Z,"K",2010-12-01T21:00:00Z,Buy,44.65,49.44,5,23.95,1,-43.85,63.45,107.3,1,"	379,1441" 
2005-08-01T20:00:00Z,"SAM",2005-09-01T20:00:00Z,Buy,21.9,23.71,11,19.91,1,-21.12,40.37,6.6,1,"	389,399" 
2005-08-01T20:00:00Z,"FRGO",2006-06-01T20:00:00Z,Buy,18,24.9,20,138,2,-35.8,138,111,1,"	388,510" 
2005-08-01T20:00:00Z,"USPH",2006-09-01T20:00:00Z,Buy,18.42,14.76,30,-109.8,2,-147.6,63.3,210.9,0,"	390,557" 
2005-08-01T20:00:00Z,"BLS",2006-12-30T05:00:00Z,Buy,27.48,47.15,8,157.36,1,-31.12,157.36,25.92,1,"	387,616" 
2005-09-01T20:00:00Z,"FARO",2005-11-01T21:00:00Z,Buy,20.66,20.67,11,0.11,1,-26.18,122.54,36.52,1,"	403,422" 
2005-09-01T20:00:00Z,"PETS",2006-02-01T21:00:00Z,Buy,10.43,17.65,16,115.52,2,-9.44,120.96,34.24,1,"	408,451" 
2005-09-01T20:00:00Z,"LRW",2006-05-01T20:00:00Z,Buy,22.72,27.12,16,70.4,2,-30.72,79.68,80,1,"	405,492" 
2005-09-01T20:00:00Z,"LPX",2006-08-01T20:00:00Z,Buy,25.7,19.86,8,-46.72,1,-49.52,30,79.52,0,"	406,541" 
2005-09-01T20:00:00Z,"SYKE",2006-09-01T20:00:00Z,Buy,10.58,20.2,12,115.44,2,0,115.44,37.44,1,"	410,554" 
2005-09-01T20:00:00Z,"CPSI",2006-12-01T21:00:00Z,Buy,33.47,35.96,12,29.88,2,-31.56,207.96,239.52,1,"	402,594" 
2005-09-01T20:00:00Z,"PDX",2006-12-01T21:00:00Z,Buy,37.195,48.55,6,68.13,1,-65.22,90.75,62.76,1,"	407,601" 
2005-09-01T20:00:00Z,"KOMG",2007-02-01T21:00:00Z,Buy,31.94,33.75,9,16.29,2,-63,193.86,204.03,1,"	404,624" 
2005-09-01T20:00:00Z,"PETS",2007-03-01T21:00:00Z,Buy,10.43,12.38,18,35.1,1,-17.64,172.26,189.9,1,"	408,648" 
2005-09-01T20:00:00Z,"ABFS",2007-09-04T20:00:00Z,Buy,34.92,36.4,6,8.88,1,-26.4,93.78,96.3,1,"	401,760" 
2005-09-01T20:00:00Z,"SYKE",2007-09-04T20:00:00Z,Buy,10.58,16.17,19,106.21,1,0,202.73,126.16,1,"	410,768" 
2005-09-01T20:00:00Z,"KFRC",2008-05-01T20:00:00Z,Buy,10.03,8.44,34,-54.06,2,-75.82,236.3,312.12,0,"	409,918" 
2005-10-03T20:00:00Z,"BKH",2006-04-03T20:00:00Z,Buy,43.56,34.25,18,-167.58,2,-189,0,189,0,"	416,470" 
2005-10-03T20:00:00Z,"CMS",2006-04-03T20:00:00Z,Buy,16.5,13.01,47,-164.03,2,-166.38,0,166.38,0,"	418,472" 
2005-10-03T20:00:00Z,"CECO",2006-10-02T20:00:00Z,Buy,35.89,22.5,12,-160.68,2,-217.08,69.72,286.8,0,"	417,569" 
2005-10-03T20:00:00Z,"MCRI",2007-02-01T21:00:00Z,Buy,16.75,24.59,15,117.6,2,-17.25,236.55,222.15,1,"	419,625" 
2005-10-03T20:00:00Z,"NHC",2007-12-03T21:00:00Z,Buy,34.78,49.13,6,86.1,1,-47.76,142.86,67.98,1,"	420,817" 
2005-11-01T21:00:00Z,"MMSI",2006-01-03T21:00:00Z,Buy,11.9,12.43,29.444660856864,15.61,1,-38.18,385.43,27.97,1,"	427,441" 
2005-11-01T21:00:00Z,"TTC",2006-01-03T21:00:00Z,Buy,37.36,44.38,6,42.12,1,-119.06,66.78,10.14,1,"	428,442" 
2005-11-01T21:00:00Z,"LYTS",2006-10-02T20:00:00Z,Buy,17.79,16.02,24,-42.48,2,-137.28,24,161.28,0,"	426,573" 
2005-11-01T21:00:00Z,"B",2007-06-01T20:00:00Z,Buy,17.385,30.1,11,139.86,2,-21.4,139.86,89.65,1,"	425,709" 
2005-11-01T21:00:00Z,"MMSI",2008-08-01T20:00:00Z,Buy,11.9,19.83,1.5553391431357,12.33,1,-2.02,20.36,2.43,1,"	427,973" 
2005-11-01T21:00:00Z,"B",2009-04-01T20:00:00Z,Buy,17.385,11,17,-108.54,1,-159.54,327.5,487.05,0,"	425,1108" 
2005-12-01T21:00:00Z,"AXE",2006-04-03T20:00:00Z,Buy,38.24,47.29,7,63.35,1,-120.47,66.01,23.66,1,"	435,469" 
2005-12-01T21:00:00Z,"SHOO",2006-05-01T20:00:00Z,Buy,28.13,53.01,9,223.92,2,0,225.99,25.56,1,"	437,497" 
2005-12-01T21:00:00Z,"SNHY",2006-05-01T20:00:00Z,Buy,18.75,21.46,11,29.81,2,-12.87,73.04,51.15,1,"	438,498" 
2005-12-01T21:00:00Z,"NVDA",2006-06-01T20:00:00Z,Buy,18.289978052018,24.18,24,141.36,2,-8.88,311.52,199.44,1,"	436,515" 
2005-12-01T21:00:00Z,"NVDA",2007-05-01T20:00:00Z,Buy,18.289978052018,33.24,2.8800011520005E-5,0,1,0,0,0,0,"	436,688" 
2005-12-01T21:00:00Z,"SHOO",2008-09-02T20:00:00Z,Buy,18.753286813383,26.29,8,60.29,1,-30.19,202.93,233.12,1,"	437,991" 
2005-12-01T21:00:00Z,"SHOO",2009-10-01T20:00:00Z,Buy,18.753286813383,36.18,1.0000223256628,17.43,1,-5.18,25.37,30.55,1,"	437,1201" 
2006-01-03T21:00:00Z,"CBRL",2006-02-01T21:00:00Z,Buy,35.1,44,7,62.3,1,-13.02,64.89,10.22,1,"	444,447" 
2006-01-03T21:00:00Z,"PTC",2006-06-01T20:00:00Z,Buy,18.49334258,14.88,13,-46.97,2,-54.77,47.41,102.18,0,"	445,517" 
2006-01-03T21:00:00Z,"ASH",2006-09-01T20:00:00Z,Buy,59.9,63.06,12,37.92,2,-27.12,176.52,203.64,1,"	443,550" 
2006-01-03T21:00:00Z,"SKX",2006-11-01T21:00:00Z,Buy,15.67,28.7,8,104.24,2,-0.48,118.08,55.28,1,"	446,589" 
2006-01-03T21:00:00Z,"SKX",2007-10-01T20:00:00Z,Buy,15.67,22.8,15,106.95,1,-0.9,327.45,288,1,"	446,792" 
2006-02-01T21:00:00Z,"BKH",2006-04-03T20:00:00Z,Buy,35.61,34.25,7,-9.52,1,-17.85,55.65,17.85,0,"	454,470" 
2006-02-01T21:00:00Z,"FIZ",2006-04-03T20:00:00Z,Buy,8.76,11.31,21.000103199917,53.55,1,-39.06,69.09,15.54,1,"	457,473" 
2006-02-01T21:00:00Z,"FIZ",2006-05-01T20:00:00Z,Buy,8.76,15.46,16,107.2,1,-29.76,113.28,27.84,1,"	457,491" 
2006-02-01T21:00:00Z,"CRUS",2006-08-01T20:00:00Z,Buy,8.5,6.56,53,-102.82,2,-102.82,91.16,193.98,0,"	456,539" 
2006-02-01T21:00:00Z,"TALK",2006-09-01T20:00:00Z,Buy,9.55,5.84,21,-77.91,1,-95.34,42.84,94.71,0,"	459,555" 
2006-02-01T21:00:00Z,"TNC",2006-09-01T20:00:00Z,Buy,27.75,26.82,11,-10.23,2,-66.5,0,66.5,0,"	460,556" 
2006-02-01T21:00:00Z,"CPK",2006-10-02T20:00:00Z,Buy,31.48,30.2,10,-12.8,1,-35.1,39,52.8,0,"	455,570" 
2006-02-01T21:00:00Z,"ZEUS",2007-02-01T21:00:00Z,Buy,30.7,27.81,12,-34.68,2,-111.84,99.24,211.08,0,"	461,634" 
2006-02-01T21:00:00Z,"FIZ",2007-08-01T20:00:00Z,Buy,7.29999708,9.79,26,64.74,1,-40.3,195.43,131.73,1,"	457,751" 
2006-02-01T21:00:00Z,"TNC",2007-10-01T20:00:00Z,Buy,27.75,48.4,6,123.9,1,-36.27,129.96,36.27,1,"	460,793" 
2006-02-01T21:00:00Z,"TNC",2008-09-02T20:00:00Z,Buy,27.75,31.28,13,45.89,1,-78.58,281.58,318.76,1,"	460,992" 
2006-02-01T21:00:00Z,"FIZ",2010-05-03T20:00:00Z,Buy,7.29999708,11.65,1.599887200054,6.96,1,-2.48,12.03,12.15,1,"	457,1325" 
2006-02-01T21:00:00Z,"K",2010-12-01T21:00:00Z,Buy,43.71,49.44,7,40.11,1,-54.81,95.41,150.22,1,"	458,1441" 
2006-03-01T21:00:00Z,"CMS",2006-04-03T20:00:00Z,Buy,14.2,13.01,16,-19.04,1,-19.84,36.8,19.84,0,"	464,472" 
2006-03-01T21:00:00Z,"IIIN",2006-04-03T20:00:00Z,Buy,39.29,59.24,4,79.8,2,0,80.08,17.84,1,"	465,474" 
2006-03-01T21:00:00Z,"GPX",2006-05-01T20:00:00Z,Buy,7.3,7.2,28,-2.8,1,-16.8,47.88,21.28,0,"	466,495" 
2006-03-01T21:00:00Z,"IIIN",2007-04-02T20:00:00Z,Buy,19.645,16.71,8,-23.48,1,-30.04,80.64,110.68,0,"	465,659" 
2006-04-03T20:00:00Z,"LMS",2006-05-01T20:00:00Z,Buy,28.03,24.85,9,-28.62,2,-28.98,14.13,43.11,0,"	483,493" 
2006-04-03T20:00:00Z,"PLPC",2006-06-01T20:00:00Z,Buy,33.2,35.96,6,16.56,1,-8.76,82.8,14.34,1,"	485,516" 
2006-04-03T20:00:00Z,"ADTN",2006-10-02T20:00:00Z,Buy,25.95,23.37,17,-43.86,2,-96.73,17.68,114.41,0,"	477,568" 
2006-04-03T20:00:00Z,"CPK",2006-10-02T20:00:00Z,Buy,30.74,30.2,7,-3.78,1,-19.39,32.48,36.96,0,"	478,570" 
2006-04-03T20:00:00Z,"LII",2006-11-01T21:00:00Z,Buy,30.22,26.95,22,-71.94,2,-194.48,94.82,289.3,0,"	482,587" 
2006-04-03T20:00:00Z,"FAF",2006-12-01T21:00:00Z,Buy,38.8,38.63,7,-1.19,1,-119.49,71.96,46.13,0,"	480,595" 
2006-04-03T20:00:00Z,"TSAI",2007-02-01T21:00:00Z,Buy,30.42,36.99,7,45.99,1,-109.41,86.03,81.06,1,"	486,632" 
2006-04-03T20:00:00Z,"WIRE",2007-03-01T21:00:00Z,Buy,33.22,25.15,10,-80.7,2,-120.6,133.1,253.7,0,"	487,650" 
2006-04-03T20:00:00Z,"GCI",2007-05-01T20:00:00Z,Buy,60.35,58.16,4,-8.76,1,-34.76,122.28,37.16,0,"	481,683" 
2006-04-03T20:00:00Z,"EGY",2007-06-01T20:00:00Z,Buy,6.83,4.86,55,-108.35,2,-122.65,179.85,302.5,0,"	479,713" 
2006-04-03T20:00:00Z,"MDU",2009-06-01T20:00:00Z,Buy,23.046678485633,19.61,9.4999788162504,-32.65,1,-95.25,112.51,207.76,0,"	484,1157" 
2006-04-03T20:00:00Z,"MDU",2014-10-01T20:00:00Z,Buy,23.046678485633,27.43,1.0000157990626,4.38,1,-10.03,12.87,21.87,1,"	484,2333" 
2006-05-01T20:00:00Z,"SRT",2006-07-03T17:00:00Z,Buy,23.32,14.72,25,-215,2,-263,16.75,279.75,0,"	507,530" 
2006-05-01T20:00:00Z,"JAKK",2006-10-02T20:00:00Z,Buy,23.46,17.65,19,-110.39,2,-149.34,0,149.34,0,"	501,572" 
2006-05-01T20:00:00Z,"PZZA",2006-10-02T20:00:00Z,Buy,33.49,35.11,6,9.72,2,-22.92,20.1,27.18,1,"	505,575" 
2006-05-01T20:00:00Z,"SCHN",2006-11-01T21:00:00Z,Buy,39.5,34.9,12.499985329992,-57.5,1,-405.42,32.83,128.5,0,"	506,588" 
2006-05-01T20:00:00Z,"MSM",2006-12-01T21:00:00Z,Buy,51.98,38.46,13,-175.76,2,-188.89,35.36,224.25,0,"	503,599" 
2006-05-01T20:00:00Z,"PDX",2006-12-01T21:00:00Z,Buy,49.85,48.55,4,-5.2,1,-94.1,9.88,34.52,0,"	504,601" 
2006-05-01T20:00:00Z,"PZZA",2007-02-01T21:00:00Z,Buy,33.49,28.26,16,-83.68,1,-103.36,68.32,171.68,0,"	505,627" 
2006-05-01T20:00:00Z,"LG",2007-03-01T21:00:00Z,Buy,33.06,31.26,25,-45,2,-51.25,97,148.25,0,"	502,646" 
2006-05-01T20:00:00Z,"DECK",2007-04-02T20:00:00Z,Buy,42.49,70,3,82.53,2,-24.87,93.09,27.18,1,"	500,656" 
2006-05-01T20:00:00Z,"STLD",2007-05-01T20:00:00Z,Buy,32.145,44.21,14,168.91,2,-119.42,202.79,150.85,1,"	508,691" 
2006-05-01T20:00:00Z,"DECK",2007-07-02T20:00:00Z,Buy,42.49,100.96,2,116.94,1,-16.58,116.94,18.12,1,"	500,728" 
2006-05-01T20:00:00Z,"DECK",2007-08-01T20:00:00Z,Buy,42.49,104.94,2,124.9,1,-16.58,130.92,23.88,1,"	500,750" 
2006-05-01T20:00:00Z,"SCHN",2007-10-01T20:00:00Z,Buy,39.5,75.84,0.50001467000806,18.17,1,-16.22,18.17,7.26,1,"	506,790" 
2006-05-01T20:00:00Z,"DECK",2007-11-01T20:00:00Z,Buy,42.49,132.75,2,180.52,1,-16.58,207.02,46.86,1,"	500,802" 
2006-05-01T20:00:00Z,"DECK",2008-11-03T21:00:00Z,Buy,42.49,80.65,2,76.32,1,-16.58,244.82,185.58,1,"	500,1024" 
2006-05-01T20:00:00Z,"WEYS",2009-09-01T20:00:00Z,Buy,21.28,21.96,9.4999924999925,6.46,1,-37.81,172.52,182.87,1,"	509,1190" 
2006-06-01T20:00:00Z,"HCSG",2006-07-03T17:00:00Z,Buy,20.42,20.73,8.5000696093184,2.64,1,-131.11,17.94,11.9,1,"	520,528" 
2006-06-01T20:00:00Z,"KBALB",2006-07-03T17:00:00Z,Buy,15.15,19.88,15,70.95,2,0,70.95,9.9,1,"	521,529" 
2006-06-01T20:00:00Z,"MTEX",2006-08-01T20:00:00Z,Buy,13.93,14.35,21,8.82,2,-60.48,11.97,60.48,1,"	524,542" 
2006-06-01T20:00:00Z,"CPK",2006-10-02T20:00:00Z,Buy,29,30.2,9,10.8,1,-9.27,57.42,47.52,1,"	518,570" 
2006-06-01T20:00:00Z,"MLR",2006-10-02T20:00:00Z,Buy,20.04,18.03,19,-38.19,2,-64.22,22.04,86.26,0,"	523,574" 
2006-06-01T20:00:00Z,"KBALB",2006-11-01T21:00:00Z,Buy,15.15,24.56,11,103.51,1,0,109.78,39.49,1,"	521,586" 
2006-06-01T20:00:00Z,"QDEL",2007-04-02T20:00:00Z,Buy,9.62,12.28,34,90.44,2,-50.32,210.46,190.74,1,"	525,665" 
2006-06-01T20:00:00Z,"TTMI",2007-04-02T20:00:00Z,Buy,15.08,9.44,26,-146.64,2,-146.9,0,146.9,0,"	527,667" 
2006-06-01T20:00:00Z,"LMS",2007-05-01T20:00:00Z,Buy,24.38,26.8,12,29.04,2,-49.8,82.08,103.44,1,"	522,686" 
2006-06-01T20:00:00Z,"RSC",2007-05-01T20:00:00Z,Buy,14.83,16.43,33,52.8,2,-43.89,112.53,106.59,1,"	526,690" 
2006-06-01T20:00:00Z,"KBALB",2007-07-02T20:00:00Z,Buy,15.15,14.01,20,-22.8,1,-45.8,215.4,261.2,0,"	521,733" 
2006-06-01T20:00:00Z,"EXPO",2008-05-01T20:00:00Z,Buy,15.365,34.07,2,37.41,1,-17.83,43.31,7.72,1,"	519,908" 
2006-06-01T20:00:00Z,"HCSG",2008-06-02T20:00:00Z,Buy,20.42,17.33,2.4999303906816,-7.72,1,-38.56,5.27,13.35,0,"	520,942" 
2006-06-01T20:00:00Z,"EXPO",2009-11-02T21:00:00Z,Buy,15.365,26.11,14,150.43,1,-124.81,303.17,239.4,1,"	519,1210" 
2006-07-03T17:00:00Z,"LPX",2006-08-01T20:00:00Z,Buy,21.9,19.86,11,-22.44,1,-26.29,83.05,26.29,0,"	536,541" 
2006-07-03T17:00:00Z,"LCUT",2006-09-01T20:00:00Z,Buy,22.11,20.11,21,-42,2,-60.27,0,60.27,0,"	535,552" 
2006-07-03T17:00:00Z,"TALK",2006-09-01T20:00:00Z,Buy,6.24,5.84,41,-16.4,1,-50.43,219.35,26.24,0,"	537,555" 
2006-07-03T17:00:00Z,"CECO",2006-10-02T20:00:00Z,Buy,29.83,22.5,7,-51.31,1,-84.21,83.09,84.21,0,"	532,569" 
2006-07-03T17:00:00Z,"HAE",2006-12-01T21:00:00Z,Buy,47.31,45.37,5,-9.7,1,-76.45,38,31.5,0,"	534,596" 
2006-07-03T17:00:00Z,"AP",2007-05-01T20:00:00Z,Buy,29.25,36.08,11,75.13,2,-68.09,85.36,145.53,1,"	531,681" 
2006-07-03T17:00:00Z,"GCI",2007-05-01T20:00:00Z,Buy,56.05,58.16,4,8.44,1,-17.56,139.48,29.44,1,"	533,683" 
2006-08-01T20:00:00Z,"SAM",2006-09-01T20:00:00Z,Buy,29.1,31.75,9,23.85,2,-0.99,33.66,15.66,1,"	547,553" 
2006-08-01T20:00:00Z,"WWE",2006-09-01T20:00:00Z,Buy,16.11,17,12,10.68,2,-8.28,13.8,12.96,1,"	548,559" 
2006-08-01T20:00:00Z,"WWE",2007-01-03T21:00:00Z,Buy,16.11,16.18,38,2.66,1,-26.22,46.74,57.76,1,"	548,618" 
2006-08-01T20:00:00Z,"ANK",2007-02-01T21:00:00Z,Buy,18.34,30.15,8,94.48,2,-8,104.32,44.96,1,"	545,622" 
2006-08-01T20:00:00Z,"ANK",2007-06-01T20:00:00Z,Buy,18.34,28.23,13,128.57,1,-13,169.52,99.45,1,"	545,708" 
2006-08-01T20:00:00Z,"SAM",2007-09-04T20:00:00Z,Buy,29.1,48.89,8,158.32,1,-0.88,164.4,52.08,1,"	547,767" 
2006-08-01T20:00:00Z,"SAM",2008-01-02T21:00:00Z,Buy,29.1,36.04,13,90.22,1,-1.43,325.91,295.49,1,"	547,839" 
2006-08-01T20:00:00Z,"MRO",2008-06-02T20:00:00Z,Buy,45.3,51.66,12,76.32,2,-118.86,252.12,256.32,1,"	546,945" 
2006-09-01T20:00:00Z,"TESS",2006-10-02T20:00:00Z,Buy,23.71,31.52,8,62.48,2,-10.4,62.48,14.4,1,"	566,577" 
2006-09-01T20:00:00Z,"TESS",2007-02-01T21:00:00Z,Buy,15.806643667978,24.71,11,97.94,1,-9.53,113.78,51.92,1,"	566,631" 
2006-09-01T20:00:00Z,"MTEX",2007-04-02T20:00:00Z,Buy,14.96,15.35,22,8.58,2,-33,94.6,127.6,1,"	563,663" 
2006-09-01T20:00:00Z,"PTSI",2007-05-01T20:00:00Z,Buy,25.93,18.91,19,-133.38,2,-133.38,18.62,152,0,"	565,689" 
2006-09-01T20:00:00Z,"DLTR",2007-07-02T20:00:00Z,Buy,29.01,43.82,7,103.67,2,-4.41,115.92,25.13,1,"	560,729" 
2006-09-01T20:00:00Z,"MGLN",2007-07-02T20:00:00Z,Buy,47.48,46.32,14,-16.24,2,-104.16,4.34,104.16,0,"	562,734" 
2006-09-01T20:00:00Z,"OGE",2007-07-02T20:00:00Z,Buy,37.3,37,30,-9,2,-108,111.3,219.3,0,"	564,736" 
2006-09-01T20:00:00Z,"TESS",2007-10-01T20:00:00Z,Buy,15.806643667978,15.55,13,-3.34,1,-87.45,202.19,289.64,0,"	566,794" 
2006-09-01T20:00:00Z,"DLTR",2008-02-01T21:00:00Z,Buy,29.01,27.79,17,-20.74,1,-131.07,281.52,412.59,0,"	560,852" 
2006-09-01T20:00:00Z,"IVAC",2008-04-01T20:00:00Z,Buy,17.38,13.94,16,-55.04,2,-115.84,211.04,326.88,0,"	561,889" 
2006-09-01T20:00:00Z,"VLO",2008-04-01T20:00:00Z,Buy,57.81,51.87,4,-23.76,1,-165.03,79.64,124.12,0,"	567,893" 
2006-09-01T20:00:00Z,"TESS",2011-02-01T21:00:00Z,Buy,10.5377677142,12.44,5.2380023832936E-5,0,1,0,0,0,0,"	566,1472" 
2006-10-02T20:00:00Z,"BWS",2006-12-01T21:00:00Z,Buy,36.11,45.31,6,55.2,2,0,68.04,12.84,1,"	579,593" 
2006-10-02T20:00:00Z,"SPH",2007-02-01T21:00:00Z,Buy,33.88,38.71,28,135.24,2,-7.56,145.04,87.64,1,"	583,629" 
2006-10-02T20:00:00Z,"PCLN",2007-03-01T21:00:00Z,Buy,36.76,53.16,11,180.4,2,0,191.4,28.71,1,"	582,647" 
2006-10-02T20:00:00Z,"WCC",2007-03-01T21:00:00Z,Buy,56.9,66,8,72.8,2,0,111.76,109.92,1,"	585,649" 
2006-10-02T20:00:00Z,"AEOS",2007-06-01T20:00:00Z,Buy,29.74001487,27.19,16.999957699983,-43.35,1,-279.37,78.2,125.12,0,"	578,707" 
2006-10-02T20:00:00Z,"BWS",2007-06-01T20:00:00Z,Buy,24.07334537,29.9,14,81.57,1,0,184.24,153.21,1,"	579,710" 
2006-10-02T20:00:00Z,"MOH",2007-06-01T20:00:00Z,Buy,34.86,32.4,13,-31.98,2,-67.21,75.92,143.13,0,"	581,715" 
2006-10-02T20:00:00Z,"THO",2007-06-01T20:00:00Z,Buy,41.11,44.85,14,52.36,2,-31.22,89.88,121.1,1,"	584,716" 
2006-10-02T20:00:00Z,"ICUI",2007-07-02T20:00:00Z,Buy,45.75,43.25,15,-37.5,2,-116.1,33.75,149.85,0,"	580,731" 
2006-10-02T20:00:00Z,"BWS",2011-02-01T21:00:00Z,Buy,24.07334537,13.29,0.99999250000375,-10.78,1,-13.57,13.16,26.73,0,"	579,1466" 
2006-10-02T20:00:00Z,"AEOS",2013-08-01T20:00:00Z,Buy,29.74001487,19.92,1.0000333000218,-9.82,1,-16.43,4.6,16.72,0,"	578,1981" 
2006-11-01T21:00:00Z,"OFIX",2006-12-01T21:00:00Z,Buy,43.24,43.49,17,4.25,2,-12.24,39.1,36.55,1,"	590,600" 
2006-11-01T21:00:00Z,"WMK",2006-12-01T21:00:00Z,Buy,39.8,39.89,6,0.54,1,-71.16,38.16,8.04,1,"	591,603" 
2006-11-01T21:00:00Z,"XOM",2007-07-02T20:00:00Z,Buy,71.07,84.81,3,41.22,2,-3.63,45.99,26.55,1,"	592,737" 
2006-11-01T21:00:00Z,"XOM",2008-11-03T21:00:00Z,Buy,71.07,74.39,6,19.92,1,-56.4,143.88,200.28,1,"	592,1038" 
2006-11-01T21:00:00Z,"XOM",2009-11-02T21:00:00Z,Buy,71.07,72.15,5,5.4,1,-47,119.9,166.9,1,"	592,1218" 
2006-12-01T21:00:00Z,"CNXS",2006-12-20T05:00:00Z,Buy,37.33,37.49,10,1.6,1,0,1.6,1,1,"	605,615" 
2006-12-01T21:00:00Z,"WWE",2007-01-03T21:00:00Z,Buy,15.96,16.18,14,3.08,1,-7.56,19.32,11.48,1,"	614,618" 
2006-12-01T21:00:00Z,"DIOD",2007-02-01T21:00:00Z,Buy,41.09,37.12,10,-39.7,2,-82.6,12.5,95.1,0,"	608,623" 
2006-12-01T21:00:00Z,"SPTN",2007-02-01T21:00:00Z,Buy,20.27,23.5,18,58.14,2,-9.54,61.02,23.04,1,"	613,630" 
2006-12-01T21:00:00Z,"EBF",2007-03-01T21:00:00Z,Buy,22.74,25.39,10,26.5,2,0,42.3,16.9,1,"	609,645" 
2006-12-01T21:00:00Z,"GPI",2007-04-02T20:00:00Z,Buy,50.22,39.82,9,-93.6,2,-94.23,40.05,134.28,0,"	610,658" 
2006-12-01T21:00:00Z,"MLI",2007-04-02T20:00:00Z,Buy,33.52,29.86,17,-62.22,2,-93.84,15.98,109.82,0,"	612,662" 
2006-12-01T21:00:00Z,"CMI",2007-05-01T20:00:00Z,Buy,59.315,92,10,326.85,2,-21.9,368.35,60.35,1,"	607,682" 
2006-12-01T21:00:00Z,"CRS",2007-06-01T20:00:00Z,Buy,107.51,135.68,4,112.68,2,-40.88,116,63.8,1,"	606,712" 
2006-12-01T21:00:00Z,"EBF",2007-07-02T20:00:00Z,Buy,22.74,23.98,32,39.68,1,-6.4,161.6,168,1,"	609,730" 
2006-12-01T21:00:00Z,"ICUI",2007-07-02T20:00:00Z,Buy,40.34,43.25,6,17.46,1,-13.98,45.96,27.6,1,"	611,731" 
2006-12-01T21:00:00Z,"AMWD",2007-10-01T20:00:00Z,Buy,38.35,26.19,13,-158.08,2,-183.56,88.53,272.09,0,"	604,786" 
2007-01-03T21:00:00Z,"LAWS",2007-04-02T20:00:00Z,Buy,44.97,36.84,10,-81.3,2,-104.3,20.3,124.6,0,"	621,660" 
2007-01-03T21:00:00Z,"AEIS",2007-05-01T20:00:00Z,Buy,18.72,24.9,12,74.16,2,-24.36,75.72,27.96,1,"	619,679" 
2007-01-03T21:00:00Z,"CVX",2007-08-01T20:00:00Z,Buy,71,85.11,3,42.33,2,-13.62,67.02,24.69,1,"	620,749" 
2007-01-03T21:00:00Z,"AEIS",2008-04-01T20:00:00Z,Buy,18.72,13.68,14,-70.56,1,-123.76,97.44,221.2,0,"	619,886" 
2007-01-03T21:00:00Z,"CVX",2008-11-03T21:00:00Z,Buy,71,73.61,5,13.05,1,-62,160.35,222.35,1,"	620,1023" 
2007-01-03T21:00:00Z,"CVX",2009-12-01T21:00:00Z,Buy,71,79.06,5,40.3,1,-72.65,160.35,233,1,"	620,1237" 
2007-02-01T21:00:00Z,"NEU",2007-04-02T20:00:00Z,Buy,56.94,40.16,7,-117.46,2,-117.46,0,117.46,0,"	637,657" 
2007-02-01T21:00:00Z,"OMM",2007-04-02T20:00:00Z,Buy,21.99,26.77,19,90.82,2,-15.77,94.62,18.62,1,"	643,664" 
2007-02-01T21:00:00Z,"GISX",2007-05-01T20:00:00Z,Buy,19.52,28.92,29,272.6,2,-7.25,272.6,28.13,1,"	638,684" 
2007-02-01T21:00:00Z,"NVDA",2007-05-01T20:00:00Z,Buy,31.04,33.24,11.999971199988,26.4,1,-157.44,45.48,77.76,1,"	641,688" 
2007-02-01T21:00:00Z,"GISX",2007-05-12T04:00:00Z,Buy,19.52,29.02,8,76,0,-2,76.24,7.76,1,"	638,706" 
2007-02-01T21:00:00Z,"JNJ",2007-06-01T20:00:00Z,Buy,67.06,63.38,4,-14.72,2,-28.24,0,28.24,0,"	640,714" 
2007-02-01T21:00:00Z,"OMM",2007-06-09T04:00:00Z,Buy,21.99,29.22,21,151.83,0,-17.43,152.67,20.58,1,"	643,727" 
2007-02-01T21:00:00Z,"ABM",2007-08-01T20:00:00Z,Buy,26.19,25.16,9,-9.27,2,-28.44,38.07,66.51,0,"	635,746" 
2007-02-01T21:00:00Z,"NVEC",2007-09-04T20:00:00Z,Buy,23.03,34.8,9,105.93,2,-19.53,161.73,98.55,1,"	642,766" 
2007-02-01T21:00:00Z,"UHS",2007-09-04T20:00:00Z,Buy,57.94,52.14,16,-92.8,2,-146.88,80.64,227.52,0,"	644,769" 
2007-02-01T21:00:00Z,"JJSF",2007-12-03T21:00:00Z,Buy,41.57,31.79,14,-136.92,2,-136.92,2.8,139.72,0,"	639,815" 
2007-02-01T21:00:00Z,"JNJ",2007-12-03T21:00:00Z,Buy,67.06,67.72,3,1.98,1,-21.93,4.08,21.93,1,"	640,816" 
2007-02-01T21:00:00Z,"ABM",2008-01-02T21:00:00Z,Buy,26.19,20.16,21,-126.63,1,-143.01,88.83,231.84,0,"	635,832" 
2007-02-01T21:00:00Z,"BKE",2008-02-01T21:00:00Z,Buy,33.8,42.14,6,50.04,2,-16.86,56.52,73.38,1,"	636,850" 
2007-02-01T21:00:00Z,"JNJ",2008-08-01T20:00:00Z,Buy,67.06,68.15,3,3.27,1,-21.93,5.82,21.93,1,"	640,972" 
2007-02-01T21:00:00Z,"JNJ",2008-11-03T21:00:00Z,Buy,67.06,61.21,12,-70.2,1,-119.52,62.04,181.56,0,"	640,1027" 
2007-02-01T21:00:00Z,"BKE",2009-05-01T20:00:00Z,Buy,22.5333446,36.61,6,84.46,1,-47.72,114.2,161.92,1,"	636,1130" 
2007-02-01T21:00:00Z,"BKE",2009-10-01T20:00:00Z,Buy,22.5333446,33.52,10,109.87,1,-79.53,190.33,269.87,1,"	636,1194" 
2007-02-01T21:00:00Z,"JNJ",2009-12-01T21:00:00Z,Buy,67.06,63.51,4,-14.2,1,-81.96,20.68,102.64,0,"	640,1241" 
2007-02-01T21:00:00Z,"BKE",2014-04-01T20:00:00Z,Buy,22.5333446,46.33,0.49999175000412,11.9,1,-3.98,17.3,13.49,1,"	636,2177" 
2007-02-01T21:00:00Z,"NVDA",2015-03-02T21:00:00Z,Buy,31.04,22.6,2.8800011520005E-5,0,1,0,0,0,0,"	641,2443" 
2007-03-01T21:00:00Z,"AMED",2007-05-01T20:00:00Z,Buy,31.72,33.86,19.667004435888,42.09,1,-275.43,65.46,69.82,1,"	651,680" 
2007-03-01T21:00:00Z,"MGPI",2007-05-01T20:00:00Z,Buy,19.17,19.59,20,8.4,2,-21,31.2,27.2,1,"	653,687" 
2007-03-01T21:00:00Z,"BIO",2007-09-04T20:00:00Z,Buy,71.14,85.57,9,129.87,2,-31.23,129.87,51.57,1,"	652,762" 
2007-03-01T21:00:00Z,"AMED",2007-11-01T20:00:00Z,Buy,31.72,42.45,0.33299556411238,3.57,1,-4.66,3.89,1.18,1,"	651,801" 
2007-03-01T21:00:00Z,"X",2008-03-03T21:00:00Z,Buy,87.8,108,5,101,2,-35.5,185.45,220.95,1,"	655,874" 
2007-03-01T21:00:00Z,"UAUA",2008-05-01T20:00:00Z,Buy,39.98,16.1,10,-238.8,2,-264.3,115.1,379.4,0,"	654,920" 
2007-04-02T20:00:00Z,"TZOO",2007-05-01T20:00:00Z,Buy,36.95,27.35,9,-86.4,2,-86.4,25.56,111.96,0,"	677,692" 
2007-04-02T20:00:00Z,"AHS",2007-08-01T20:00:00Z,Buy,22.94,21.71,20,-24.6,2,-39,41.6,80.6,0,"	668,747" 
2007-04-02T20:00:00Z,"USNA",2007-09-04T20:00:00Z,Buy,47.44,39.98,9,-67.14,2,-161.64,24.57,186.21,0,"	678,770" 
2007-04-02T20:00:00Z,"TSRA",2007-12-03T21:00:00Z,Buy,40.5,38.9,12,-19.2,2,-92.52,64.56,157.08,0,"	676,821" 
2007-04-02T20:00:00Z,"LDL",2008-01-02T21:00:00Z,Buy,16.68,10.26,28,-179.76,2,-220.64,49.56,270.2,0,"	672,835" 
2007-04-02T20:00:00Z,"PCCC",2008-01-02T21:00:00Z,Buy,13.82,11.28,23,-58.42,2,-67.39,37.95,96.6,0,"	673,838" 
2007-04-02T20:00:00Z,"ALB",2008-04-01T20:00:00Z,Buy,42.01,37,17,-85.17,2,-138.72,99.28,238,0,"	669,887" 
2007-04-02T20:00:00Z,"AIT",2008-11-03T21:00:00Z,Buy,24.44,19.93,8.4999740124817,-38.33,1,-76.33,92.39,147.9,0,"	670,1022" 
2007-04-02T20:00:00Z,"RIMG",2008-11-03T21:00:00Z,Buy,25.96,15.05,24,-261.84,2,-360.96,191.04,552,0,"	674,1032" 
2007-04-02T20:00:00Z,"SHOO",2009-10-01T20:00:00Z,Buy,29.49,36.18,5.9999776743372,40.14,1,-95.52,87.78,119.64,1,"	675,1201" 
2007-04-02T20:00:00Z,"JNJ",2009-12-01T21:00:00Z,Buy,60.11,63.51,4,13.6,1,-54.16,48.48,102.64,1,"	671,1241" 
2007-04-02T20:00:00Z,"AIT",2010-03-01T21:00:00Z,Buy,24.44,23.16,0.50002598751827,-0.64,1,-4.49,5.44,8.7,0,"	670,1281" 
2007-04-02T20:00:00Z,"SHOO",2011-06-01T20:00:00Z,Buy,13.106689521438,35.59,2.2500463092192,50.59,1,-15.92,55.92,19.94,1,"	675,1545" 
2007-05-01T20:00:00Z,"MOH",2007-06-01T20:00:00Z,Buy,29.69,32.4,7,18.97,1,0,77.07,9.03,1,"	699,715" 
2007-05-01T20:00:00Z,"IIIN",2007-07-02T20:00:00Z,Buy,16.43,18.18,23,40.25,2,0,74.29,38.18,1,"	696,732" 
2007-05-01T20:00:00Z,"CALM",2007-08-01T20:00:00Z,Buy,12.74,18.15,14,75.74,2,-8.96,139.16,63.42,1,"	693,748" 
2007-05-01T20:00:00Z,"KELYA",2007-09-04T20:00:00Z,Buy,28.93,22.75,23,-142.14,2,-207.23,2.07,209.3,0,"	697,765" 
2007-05-01T20:00:00Z,"LNDC",2007-10-01T20:00:00Z,Buy,12.54,16,39,134.94,2,-103.35,134.94,160.29,1,"	698,788" 
2007-05-01T20:00:00Z,"ZMH",2007-11-01T20:00:00Z,Buy,88.57,68.9,5,-98.35,2,-106.75,12.05,118.8,0,"	705,805" 
2007-05-01T20:00:00Z,"FAF",2007-12-03T21:00:00Z,Buy,51,34.29,17,-284.07,2,-354.62,69.19,423.81,0,"	694,813" 
2007-05-01T20:00:00Z,"UCTT",2007-12-03T21:00:00Z,Buy,14.49,13.8,20,-13.8,2,-40.6,41.8,82.4,0,"	703,822" 
2007-05-01T20:00:00Z,"GIII",2008-01-02T21:00:00Z,Buy,17.59,13.59,19,-76,2,-102.98,83.6,186.58,0,"	695,833" 
2007-05-01T20:00:00Z,"CALM",2008-02-01T21:00:00Z,Buy,12.74,31.31,7,129.99,1,-4.48,129.99,56.7,1,"	693,851" 
2007-05-01T20:00:00Z,"ZMH",2008-02-01T21:00:00Z,Buy,88.57,79.09,6,-56.88,1,-150.12,14.46,164.58,0,"	705,856" 
2007-05-01T20:00:00Z,"ODP",2008-03-03T21:00:00Z,Buy,33.91,11.08,7,-159.81,1,-159.81,74.34,177.24,0,"	701,871" 
2007-05-01T20:00:00Z,"USMO",2008-04-01T20:00:00Z,Buy,21.28,7.45,28,-387.24,2,-406.28,192.08,598.36,0,"	704,892" 
2007-05-01T20:00:00Z,"CALM",2008-10-01T20:00:00Z,Buy,12.74,27.42,13,190.84,1,-8.32,453.83,276.77,1,"	693,1000" 
2007-05-01T20:00:00Z,"SYK",2009-01-02T21:00:00Z,Buy,65.18,41.35,15,-357.45,2,-429.6,171.9,601.5,0,"	702,1070" 
2007-05-01T20:00:00Z,"MOV",2009-02-02T21:00:00Z,Buy,32.64,7.66,13,-324.74,2,-338.13,27.17,365.3,0,"	700,1086" 
2007-06-01T20:00:00Z,"KBALB",2007-07-02T20:00:00Z,Buy,13.91,14.01,16,1.6,1,-16.8,192.16,28.8,1,"	720,733" 
2007-06-01T20:00:00Z,"OGE",2007-07-02T20:00:00Z,Buy,36.96,37,6,0.24,1,-19.56,24.3,19.56,1,"	721,736" 
2007-06-01T20:00:00Z,"CMI",2007-10-01T20:00:00Z,Buy,94.1,132.74,2,77.28,2,-1.34,80.46,39.98,1,"	719,787" 
2007-06-01T20:00:00Z,"SPTN",2007-12-03T21:00:00Z,Buy,26.46,22.6,15,-57.9,2,-112.95,117.75,230.7,0,"	725,820" 
2007-06-01T20:00:00Z,"BW",2008-03-03T21:00:00Z,Buy,54.4,26.82,5,-137.9,2,-146.5,20,166.5,0,"	718,866" 
2007-06-01T20:00:00Z,"ONNN",2008-03-03T21:00:00Z,Buy,10.81,5.93,43,-209.84,2,-218.44,93.74,312.18,0,"	722,872" 
2007-06-01T20:00:00Z,"STLD",2008-04-01T20:00:00Z,Buy,24.245,34.36,9,91.04,2,-55.22,99.18,64.89,1,"	726,891" 
2007-06-01T20:00:00Z,"CMI",2008-05-01T20:00:00Z,Buy,47.05,65.75,6,112.2,1,-26.1,138.21,164.31,1,"	719,907" 
2007-06-01T20:00:00Z,"BRKS",2008-06-02T20:00:00Z,Buy,17.7,9.89,33,-257.73,2,-273.9,74.58,348.48,0,"	717,939" 
2007-06-01T20:00:00Z,"QDEL",2008-08-01T20:00:00Z,Buy,14.57,20.2,10,56.3,2,-13.2,62.7,68.1,1,"	723,976" 
2007-06-01T20:00:00Z,"QDEL",2008-11-03T21:00:00Z,Buy,14.57,15.83,24,30.24,1,-32.16,150.48,182.64,1,"	723,1031" 
2007-06-01T20:00:00Z,"STLD",2008-11-03T21:00:00Z,Buy,24.245,11.54,13,-165.16,1,-220.16,213.52,433.68,0,"	726,1034" 
2007-06-01T20:00:00Z,"RS",2010-06-01T20:00:00Z,Buy,62.34,43.67,8,-149.36,2,-397.44,126.24,523.68,0,"	724,1354" 
2007-07-02T20:00:00Z,"SCHN",2007-10-01T20:00:00Z,Buy,49.09,75.84,3.4999853299919,93.62,1,-147.08,93.62,50.78,1,"	745,790" 
2007-07-02T20:00:00Z,"AMED",2007-11-01T20:00:00Z,Buy,36.86,42.45,5.6670044358876,31.68,1,-108.49,37.06,19.72,1,"	738,801" 
2007-07-02T20:00:00Z,"IPG",2008-02-01T21:00:00Z,Buy,11.32,8.99,76,-177.08,2,-297.92,22.04,319.96,0,"	742,853" 
2007-07-02T20:00:00Z,"MAT",2008-02-01T21:00:00Z,Buy,25.74,21.3,38,-168.72,2,-345.04,57,402.04,0,"	743,854" 
2007-07-02T20:00:00Z,"HHGP",2008-04-01T20:00:00Z,Buy,21.56,8.96,20,-252,2,-306.4,22.4,328.8,0,"	741,888" 
2007-07-02T20:00:00Z,"AMED",2008-05-01T20:00:00Z,Buy,36.86,52.34,14,216.72,1,-268.02,216.72,171.22,1,"	738,905" 
2007-07-02T20:00:00Z,"AVT",2008-06-02T20:00:00Z,Buy,41.37,29.37,14,-168,2,-212.8,41.72,254.52,0,"	740,938" 
2007-07-02T20:00:00Z,"SCHN",2008-06-02T20:00:00Z,Buy,49.09,100.92,2,103.66,1,-84.05,103.66,59.82,1,"	745,947" 
2007-07-02T20:00:00Z,"APU",2008-10-01T20:00:00Z,Buy,36.55,30.12,8,-51.44,2,-61.68,10.72,72.4,0,"	739,999" 
2007-07-02T20:00:00Z,"APU",2008-11-03T21:00:00Z,Buy,36.55,31.48,14,-70.98,1,-230.44,18.76,249.2,0,"	739,1021" 
2007-07-02T20:00:00Z,"SCHN",2009-01-02T21:00:00Z,Buy,49.09,40.18,4.5000146700081,-40.1,1,-189.11,294.8,441.09,0,"	745,1069" 
2007-07-02T20:00:00Z,"MKSI",2009-04-01T20:00:00Z,Buy,27.68,15.31,26,-321.62,2,-421.98,2.86,424.84,0,"	744,1114" 
2007-07-02T20:00:00Z,"AMED",2010-02-01T21:00:00Z,Buy,36.86,57.07,0.33299556411238,6.73,1,-6.38,9.73,13.37,1,"	738,1272" 
2007-07-02T20:00:00Z,"APU",2010-06-01T20:00:00Z,Buy,36.55,38.96,7,16.87,1,-115.22,44.38,124.6,1,"	739,1350" 
2007-07-02T20:00:00Z,"APU",2011-09-01T20:00:00Z,Buy,36.55,42.95,1,6.4,1,-16.46,14.86,17.8,1,"	739,1578" 
2007-08-01T20:00:00Z,"BIO",2007-09-04T20:00:00Z,Buy,75.04,85.57,3,31.59,1,-22.11,31.59,7.17,1,"	754,762" 
2007-08-01T20:00:00Z,"UHS",2007-09-04T20:00:00Z,Buy,51.96,52.14,4,0.72,1,-12.8,44.08,12.8,1,"	759,769" 
2007-08-01T20:00:00Z,"AMWD",2007-10-01T20:00:00Z,Buy,30.3,26.19,7,-28.77,1,-42.49,104.02,43.75,0,"	753,786" 
2007-08-01T20:00:00Z,"SCVL",2007-10-01T20:00:00Z,Buy,22.29,15.79,11,-71.5,1,-91.3,142.12,81.73,0,"	758,791" 
2007-08-01T20:00:00Z,"NTGR",2008-05-01T20:00:00Z,Buy,27.53,17.1,12,-125.16,2,-135.84,111.24,247.08,0,"	756,914" 
2007-08-01T20:00:00Z,"JAKK",2009-04-01T20:00:00Z,Buy,24.16,12.65,18,-207.18,2,-249.84,104.94,354.78,0,"	755,1112" 
2007-08-01T20:00:00Z,"NUE",2009-11-02T21:00:00Z,Buy,50.51,39.02,5,-57.45,1,-138.38,156.9,282.35,0,"	757,1214" 
2007-09-04T20:00:00Z,"LRCX",2007-11-01T20:00:00Z,Buy,54.41,48.84,4,-22.28,1,-115.2,22.28,30.24,0,"	778,803" 
2007-09-04T20:00:00Z,"NHC",2007-12-03T21:00:00Z,Buy,52.66,49.13,4,-14.12,1,-103.36,23.72,31.76,0,"	781,817" 
2007-09-04T20:00:00Z,"TFX",2008-01-02T21:00:00Z,Buy,78.15,63.05,7,-105.7,2,-146.02,0,146.02,0,"	784,840" 
2007-09-04T20:00:00Z,"ZMH",2008-02-01T21:00:00Z,Buy,78.22,79.09,3,2.61,1,-44.01,38.28,63.18,1,"	785,856" 
2007-09-04T20:00:00Z,"ASTE",2008-03-03T21:00:00Z,Buy,53.05,37.43,10,-156.2,2,-261,68.7,329.7,0,"	773,865" 
2007-09-04T20:00:00Z,"DLX",2008-03-03T21:00:00Z,Buy,37.74,19.97,11,-195.47,2,-195.47,29.15,224.62,0,"	775,867" 
2007-09-04T20:00:00Z,"LRW",2008-05-01T20:00:00Z,Buy,20.54,12.67,19,-149.53,2,-171.38,9.88,181.26,0,"	777,911" 
2007-09-04T20:00:00Z,"MLR",2008-05-01T20:00:00Z,Buy,17.72,11,26,-174.72,2,-227.5,7.8,235.3,0,"	779,913" 
2007-09-04T20:00:00Z,"RSC",2008-07-01T20:00:00Z,Buy,19.2,11.14,27,-217.62,2,-217.62,93.69,311.31,0,"	782,963" 
2007-09-04T20:00:00Z,"AZZ",2008-08-01T20:00:00Z,Buy,28.63,46.14,12,210.12,2,-42.84,222.48,145.56,1,"	774,969" 
2007-09-04T20:00:00Z,"HOFT",2009-01-02T21:00:00Z,Buy,18.67,7.67,24,-264,2,-303.6,122.16,425.76,0,"	776,1067" 
2007-09-04T20:00:00Z,"MOV",2009-02-02T21:00:00Z,Buy,30.09,7.66,8,-179.44,1,-187.68,37.12,222.4,0,"	780,1086" 
2007-09-04T20:00:00Z,"ANK",2009-07-01T20:00:00Z,Buy,34.89,39.86,12,59.64,2,-251.28,65.76,293.76,1,"	772,1171" 
2007-09-04T20:00:00Z,"SHOO",2011-06-01T20:00:00Z,Buy,10.755574310573,35.59,1.7499536907808,43.46,1,-8.27,47.61,11.51,1,"	783,1545" 
2007-09-04T20:00:00Z,"SHOO",2012-02-01T21:00:00Z,Buy,10.755574310573,41.09,5,151.67,1,-23.62,151.92,63.3,1,"	783,1689" 
2007-09-04T20:00:00Z,"SHOO",2012-08-01T20:00:00Z,Buy,10.755574310573,39.41,16,458.47,1,-75.59,549.19,214.24,1,"	783,1782" 
2007-10-01T20:00:00Z,"HUBG",2007-12-03T21:00:00Z,Buy,29.9,25.95,8,-31.6,1,-217.48,72.48,77.6,0,"	797,814" 
2007-10-01T20:00:00Z,"GRP",2008-04-22T04:00:00Z,Buy,54.74,57.12,11,26.18,1,-104.06,26.18,121.22,1,"	796,904" 
2007-10-01T20:00:00Z,"BRKS",2008-06-02T20:00:00Z,Buy,14.8,9.89,15,-73.65,1,-81,77.4,84.15,0,"	795,939" 
2007-10-01T20:00:00Z,"PETS",2008-11-03T21:00:00Z,Buy,14.45,18.25,13,49.4,2,-46.28,49.4,50.18,1,"	799,1030" 
2007-10-01T20:00:00Z,"VLGEA",2008-11-03T21:00:00Z,Buy,52.12,50.26,5,-9.3,2,-72.65,19.9,92.55,0,"	800,1036" 
2007-10-01T20:00:00Z,"METH",2009-02-02T21:00:00Z,Buy,16.05,4.9,25,-278.75,2,-285.5,17,302.5,0,"	798,1085" 
2007-10-01T20:00:00Z,"VLGEA",2010-02-01T21:00:00Z,Buy,26.06,26.13,16,1.12,1,-116.24,104.8,148.08,1,"	800,1276" 
2007-10-01T20:00:00Z,"PETS",2011-09-01T20:00:00Z,Buy,14.45,9.94,33,-148.83,1,-164.67,331.65,496.32,0,"	799,1586" 
2007-11-01T20:00:00Z,"FAF",2007-12-03T21:00:00Z,Buy,30.5,34.29,9,34.11,1,-3.24,221.13,30.51,1,"	806,813" 
2007-11-01T20:00:00Z,"RGR",2007-12-03T21:00:00Z,Buy,8.62,8.77,29,4.35,2,-35.38,38.57,35.38,1,"	810,819" 
2007-11-01T20:00:00Z,"UCTT",2007-12-03T21:00:00Z,Buy,12.52,13.8,16,20.48,1,-0.96,64.96,14.08,1,"	812,822" 
2007-11-01T20:00:00Z,"OIS",2008-01-02T21:00:00Z,Buy,42.6,34.34,15,-123.9,2,-177.9,0,177.9,0,"	809,836" 
2007-11-01T20:00:00Z,"HHGP",2008-04-01T20:00:00Z,Buy,10.52,8.96,18,-28.08,1,-77.04,218.88,77.04,0,"	807,888" 
2007-11-01T20:00:00Z,"KFRC",2008-05-01T20:00:00Z,Buy,11.79,8.44,17,-56.95,1,-67.83,88.23,72.42,0,"	811,918" 
2007-11-01T20:00:00Z,"JNJ",2009-12-01T21:00:00Z,Buy,64.6,63.51,6,-6.54,1,-108.18,45.78,153.96,0,"	808,1241" 
2007-12-03T21:00:00Z,"TFX",2008-01-02T21:00:00Z,Buy,59.43,63.05,4,14.48,1,-8.56,74.88,10.8,1,"	830,840" 
2007-12-03T21:00:00Z,"LNDC",2008-03-03T21:00:00Z,Buy,12.66,9.53,37,-115.81,2,-137.64,44.03,181.67,0,"	826,870" 
2007-12-03T21:00:00Z,"IMMR",2008-05-01T20:00:00Z,Buy,13.27,11.06,27,-59.67,2,-179.82,22.95,202.77,0,"	824,909" 
2007-12-03T21:00:00Z,"LXU",2008-06-02T20:00:00Z,Buy,22.49,17.5,18,-89.82,2,-153.36,101.88,255.24,0,"	827,944" 
2007-12-03T21:00:00Z,"NVTL",2008-06-02T20:00:00Z,Buy,15.32,10.19,23,-117.99,2,-173.88,43.01,216.89,0,"	829,946" 
2007-12-03T21:00:00Z,"USPH",2008-07-01T20:00:00Z,Buy,13.55,16.35,18,50.4,2,-10.08,81.9,31.5,1,"	831,964" 
2007-12-03T21:00:00Z,"NEOG",2008-08-01T20:00:00Z,Buy,26.19,27.14,8,7.6,2,-27.2,16.72,43.92,1,"	828,974" 
2007-12-03T21:00:00Z,"USPH",2008-09-02T20:00:00Z,Buy,13.55,19.98,21,135.03,1,-11.76,144.9,43.68,1,"	831,993" 
2007-12-03T21:00:00Z,"FCX",2008-10-01T20:00:00Z,Buy,96.67,52.97,4,-174.8,2,-174.8,117,291.8,0,"	823,1004" 
2007-12-03T21:00:00Z,"VIVO",2008-10-01T20:00:00Z,Buy,30.77,29.55,19,-23.18,2,-129.39,97.47,226.86,0,"	825,1006" 
2007-12-03T21:00:00Z,"USPH",2009-06-01T20:00:00Z,Buy,13.55,14.18,20,12.6,1,-126,138,264,1,"	831,1161" 
2007-12-03T21:00:00Z,"NEOG",2009-10-01T20:00:00Z,Buy,26.19,32.07,7,41.16,1,-57.82,50.19,92.82,1,"	828,1200" 
2007-12-03T21:00:00Z,"NEOG",2010-10-01T20:00:00Z,Buy,17.459973816559,32.67,6,91.26,1,-33.04,103.32,53.04,1,"	828,1407" 
2007-12-03T21:00:00Z,"USPH",2011-06-01T20:00:00Z,Buy,13.55,24.02,9,94.23,1,-56.7,109.71,118.8,1,"	831,1546" 
2007-12-03T21:00:00Z,"NEOG",2011-10-03T20:00:00Z,Buy,17.459973816559,32.08,18,263.16,1,-99.12,545.76,282.6,1,"	828,1614" 
2007-12-03T21:00:00Z,"USPH",2013-06-03T20:00:00Z,Buy,13.55,28.9,16,245.6,1,-100.8,245.6,211.2,1,"	831,1957" 
2008-01-02T21:00:00Z,"OYOG",2008-02-01T21:00:00Z,Buy,73.63,54.5,5,-95.65,2,-116.55,0,116.55,0,"	845,855" 
2008-01-02T21:00:00Z,"HP",2008-03-03T21:00:00Z,Buy,42.22,45.68,5,17.3,2,-37.05,23.9,37.05,1,"	844,868" 
2008-01-02T21:00:00Z,"AEIS",2008-04-01T20:00:00Z,Buy,12.76,13.68,16,14.72,1,-46.08,206.72,46.08,1,"	841,886" 
2008-01-02T21:00:00Z,"CHE",2008-05-01T20:00:00Z,Buy,54.5,34.7,11,-217.8,2,-241.12,17.05,258.17,0,"	842,906" 
2008-01-02T21:00:00Z,"ZEUS",2008-05-01T20:00:00Z,Buy,32.2,50.39,5,90.95,2,-14.35,95,21.75,1,"	849,921" 
2008-01-02T21:00:00Z,"FLO",2008-06-02T20:00:00Z,Buy,22.9,27.91,33,165.33,2,-36.96,200.64,86.46,1,"	843,941" 
2008-01-02T21:00:00Z,"HP",2008-06-02T20:00:00Z,Buy,42.22,63.41,4,84.76,1,-29.64,84.76,29.64,1,"	844,943" 
2008-01-02T21:00:00Z,"UEIC",2008-06-02T20:00:00Z,Buy,34.2,24.91,14,-130.06,2,-215.88,0,215.88,0,"	847,948" 
2008-01-02T21:00:00Z,"ZEUS",2008-07-01T20:00:00Z,Buy,32.2,70.47,4,153.08,1,-11.48,174.88,21.8,1,"	849,965" 
2008-01-02T21:00:00Z,"SNHY",2008-08-01T20:00:00Z,Buy,24.26,40.74,5,82.4,2,-25.65,89,45.9,1,"	846,978" 
2008-01-02T21:00:00Z,"SNHY",2008-11-03T21:00:00Z,Buy,24.26,20.13,8,-33.04,1,-59.52,142.4,201.92,0,"	846,1033" 
2008-01-02T21:00:00Z,"LNT",2008-11-03T21:00:00Z,Buy,40.31,29.77,12,-126.48,2,-186.96,22.08,209.04,0,"	848,1037" 
2008-01-02T21:00:00Z,"HP",2009-03-02T21:00:00Z,Buy,42.22,20.72,9,-193.5,1,-216.99,311.58,528.57,0,"	844,1099" 
2008-01-02T21:00:00Z,"LNT",2009-05-01T20:00:00Z,Buy,40.31,22.37,14,-251.16,1,-277.76,25.76,303.52,0,"	848,1138" 
2008-01-02T21:00:00Z,"ZEUS",2009-06-01T20:00:00Z,Buy,32.2,19.69,6,-75.06,1,-128.7,262.32,391.02,0,"	849,1162" 
2008-02-01T21:00:00Z,"BW",2008-03-03T21:00:00Z,Buy,30.31,26.82,8,-27.92,1,-41.68,224.72,44.56,0,"	857,866" 
2008-02-01T21:00:00Z,"ONNN",2008-03-03T21:00:00Z,Buy,7.27,5.93,33,-44.22,1,-50.82,188.76,50.82,0,"	862,872" 
2008-02-01T21:00:00Z,"TWIN",2008-03-03T21:00:00Z,Buy,16.67,20.11,21,72.24,2,-14.91,97.44,25.2,1,"	864,873" 
2008-02-01T21:00:00Z,"IVAC",2008-04-01T20:00:00Z,Buy,11.44,13.94,20,50,1,-26,382.6,26,1,"	860,889" 
2008-02-01T21:00:00Z,"LII",2008-05-01T20:00:00Z,Buy,36.83,33.59,15,-48.6,2,-67.2,38.1,105.3,0,"	861,912" 
2008-02-01T21:00:00Z,"DGII",2008-08-01T20:00:00Z,Buy,11.97,10.38,39,-62.01,2,-165.75,40.56,206.31,0,"	859,970" 
2008-02-01T21:00:00Z,"CASY",2008-09-02T20:00:00Z,Buy,26.52,28.91,8,19.12,2,-52.4,21.28,54.96,1,"	858,984" 
2008-02-01T21:00:00Z,"SCHL",2008-09-02T20:00:00Z,Buy,34.74,27.02,20,-154.4,2,-194.2,51,245.2,0,"	863,990" 
2008-02-01T21:00:00Z,"CASY",2009-11-02T21:00:00Z,Buy,26.52,31.65,17,87.21,1,-138.21,107.27,205.36,1,"	858,1207" 
2008-03-03T21:00:00Z,"USMO",2008-04-01T20:00:00Z,Buy,10.42,7.45,24,-71.28,1,-87.6,425.28,97.68,0,"	883,892" 
2008-03-03T21:00:00Z,"KAMN",2008-05-01T20:00:00Z,Buy,23.57,27.67,21,86.1,2,-1.05,129.78,55.86,1,"	878,910" 
2008-03-03T21:00:00Z,"LRW",2008-05-01T20:00:00Z,Buy,13.08,12.67,16,-6.56,1,-24.96,127.68,32.48,0,"	879,911" 
2008-03-03T21:00:00Z,"CROX",2008-06-02T20:00:00Z,Buy,23,10.03,12,-155.64,2,-159.84,0,159.84,0,"	876,940" 
2008-03-03T21:00:00Z,"CUB",2008-07-01T20:00:00Z,Buy,27.19,22.01,14,-72.52,2,-79.24,44.94,124.18,0,"	877,960" 
2008-03-03T21:00:00Z,"SHEN",2008-08-01T20:00:00Z,Buy,14.55,14.99,34,14.96,2,-62.22,109.14,171.36,1,"	882,977" 
2008-03-03T21:00:00Z,"OMCL",2008-09-02T20:00:00Z,Buy,18.62,15.33,21,-69.09,2,-159.81,46.2,206.01,0,"	881,988" 
2008-03-03T21:00:00Z,"CMTL",2008-10-01T20:00:00Z,Buy,43.1,50.23,13,92.69,2,-64.48,104.78,141.57,1,"	875,1002" 
2008-03-03T21:00:00Z,"LG",2008-10-01T20:00:00Z,Buy,34.46,50.68,9,145.98,2,-4.59,145.98,46.98,1,"	880,1007" 
2008-03-03T21:00:00Z,"LG",2008-11-03T21:00:00Z,Buy,34.46,54.58,4,80.48,1,-2.04,80.48,46.6,1,"	880,1028" 
2008-03-03T21:00:00Z,"WDC",2009-02-02T21:00:00Z,Buy,31.25,15.52,15,-235.95,2,-319.8,130.8,450.6,0,"	884,1087" 
2008-03-03T21:00:00Z,"LG",2009-07-01T20:00:00Z,Buy,34.46,33.74,10,-7.2,1,-49.3,201.2,250.5,0,"	880,1175" 
2008-04-01T20:00:00Z,"CHE",2008-05-01T20:00:00Z,Buy,43.75,34.7,5,-45.25,1,-55.85,61.5,57.1,0,"	896,906" 
2008-04-01T20:00:00Z,"MLR",2008-05-01T20:00:00Z,Buy,10.27,11,22,16.06,1,-28.6,170.5,18.48,1,"	901,913" 
2008-04-01T20:00:00Z,"TXN",2008-05-01T20:00:00Z,Buy,29.32,29.63,29,8.99,2,-17.69,36.54,50.46,1,"	902,919" 
2008-04-01T20:00:00Z,"WGOV",2008-06-02T20:00:00Z,Buy,28.24,39.64,6,68.4,2,-11.76,74.64,15.72,1,"	903,949" 
2008-04-01T20:00:00Z,"FSTR",2008-11-03T21:00:00Z,Buy,44.97,28.28,7,-116.83,2,-171.57,20.93,192.5,0,"	899,1025" 
2008-04-01T20:00:00Z,"NEU",2008-12-01T21:00:00Z,Buy,79.01,29.22,7,-348.53,2,-379.47,96.53,476,0,"	897,1056" 
2008-04-01T20:00:00Z,"FOSL",2008-12-01T21:00:00Z,Buy,32.2,13.3,15,-283.5,2,-304.65,79.05,383.7,0,"	898,1057" 
2008-04-01T20:00:00Z,"ANF",2009-01-02T21:00:00Z,Buy,76.69,24.42,8,-418.16,2,-500.24,4.16,504.4,0,"	894,1066" 
2008-04-01T20:00:00Z,"WGOV",2009-02-02T21:00:00Z,Buy,28.24,20.24,11,-88,1,-122.98,218.79,341.77,0,"	903,1088" 
2008-04-01T20:00:00Z,"LECO",2009-05-01T20:00:00Z,Buy,66.78,43.75,9,-207.27,2,-362.43,175.59,538.02,0,"	900,1134" 
2008-04-01T20:00:00Z,"APU",2011-09-01T20:00:00Z,Buy,30.24,42.95,7,88.97,1,-71.05,148.19,110.74,1,"	895,1578" 
2008-05-01T20:00:00Z,"HCSG",2008-06-02T20:00:00Z,Buy,15.75,17.33,24.500069609318,38.71,1,-263.48,166.11,17.64,1,"	929,942" 
2008-05-01T20:00:00Z,"PTEN",2008-07-01T20:00:00Z,Buy,27.94,36.02,6,48.48,2,0,49.56,17.52,1,"	935,962" 
2008-05-01T20:00:00Z,"GHM",2008-08-01T20:00:00Z,Buy,58.23,101.97,4,174.96,2,-12.56,174.96,60.4,1,"	926,971" 
2008-05-01T20:00:00Z,"MMSI",2008-08-01T20:00:00Z,Buy,14.86,19.83,10.444660856864,51.91,1,-44.46,105.8,16.29,1,"	932,973" 
2008-05-01T20:00:00Z,"PDCO",2008-08-01T20:00:00Z,Buy,35.57,31.07,19,-85.5,2,-129.39,12.73,142.12,0,"	934,975" 
2008-05-01T20:00:00Z,"FLWS",2008-09-02T20:00:00Z,Buy,8.91,6.17,61,-167.14,2,-220.21,0,220.21,0,"	924,985" 
2008-05-01T20:00:00Z,"SAM",2008-09-02T20:00:00Z,Buy,45.74,44.83,9,-8.19,2,-66.69,11.97,68.94,0,"	936,989" 
2008-05-01T20:00:00Z,"LYTS",2008-10-01T20:00:00Z,Buy,10.98,7.87,33,-102.63,2,-116.49,1.32,117.81,0,"	931,1008" 
2008-05-01T20:00:00Z,"AMAT",2008-11-03T21:00:00Z,Buy,19.52,12.96,34,-223.04,2,-279.48,43.18,322.66,0,"	923,1019" 
2008-05-01T20:00:00Z,"ISRG",2008-11-03T21:00:00Z,Buy,294.45,183.38,1,-111.07,2,-139.44,36.68,176.12,0,"	930,1026" 
2008-05-01T20:00:00Z,"HAE",2008-12-01T21:00:00Z,Buy,53.5,53.46,4,-0.16,2,-14.4,48.88,63.28,0,"	928,1058" 
2008-05-01T20:00:00Z,"TTMI",2009-01-02T21:00:00Z,Buy,14.2,5.57,36,-310.68,2,-370.8,43.92,414.72,0,"	937,1071" 
2008-05-01T20:00:00Z,"FLXS",2009-02-02T21:00:00Z,Buy,11.15,6.95,50,-210,2,-223.5,66.5,290,0,"	925,1083" 
2008-05-01T20:00:00Z,"PTEN",2009-09-01T20:00:00Z,Buy,27.94,13.17,15,-221.55,1,-304.2,123.9,428.1,0,"	935,1188" 
2008-05-01T20:00:00Z,"GPS",2009-10-01T20:00:00Z,Buy,19,21.09,10,20.9,2,-94.9,35.6,104.8,1,"	927,1198" 
2008-05-01T20:00:00Z,"HAE",2009-11-02T21:00:00Z,Buy,53.5,53.77,12,3.24,1,-56.28,146.64,202.92,1,"	928,1211" 
2008-05-01T20:00:00Z,"MMSI",2009-11-02T21:00:00Z,Buy,14.86,16.89,31,62.93,1,-160.27,314.03,356.81,1,"	932,1212" 
2008-05-01T20:00:00Z,"AAON",2009-12-01T21:00:00Z,Buy,19.08,19.03,26,-1.3,2,-160.16,99.84,260,0,"	922,1233" 
2008-05-01T20:00:00Z,"NFLX",2010-02-01T21:00:00Z,Buy,31,61.03,11,330.33,2,-143.66,352.44,167.53,1,"	933,1275" 
2008-05-01T20:00:00Z,"GPS",2010-10-01T20:00:00Z,Buy,19,18.51,23,-11.27,1,-218.27,165.83,241.04,0,"	927,1402" 
2008-06-02T20:00:00Z,"DCO",2008-10-01T20:00:00Z,Buy,30.54,22.9,12,-91.68,2,-116.4,0,116.4,0,"	954,1003" 
2008-06-02T20:00:00Z,"PCU",2008-10-01T20:00:00Z,Buy,36.583296934036,18.35,12,-218.8,2,-218.8,11.32,230.12,0,"	958,1009" 
2008-06-02T20:00:00Z,"CF",2009-03-02T21:00:00Z,Buy,139.39,58.99,2,-160.8,2,-199.82,60.26,260.08,0,"	953,1097" 
2008-06-02T20:00:00Z,"OMI",2009-03-02T21:00:00Z,Buy,47.42,31.35,17,-273.19,2,-273.19,34.34,307.53,0,"	956,1100" 
2008-06-02T20:00:00Z,"ABFS",2009-04-01T20:00:00Z,Buy,35.11,19.17,10,-159.4,2,-190.1,98.2,288.3,0,"	950,1106" 
2008-06-02T20:00:00Z,"APA",2009-04-01T20:00:00Z,Buy,135.81,66.05,3.5999915999916,-251.14,1,-386.46,28.87,332.82,0,"	952,1107" 
2008-06-02T20:00:00Z,"LNT",2009-05-01T20:00:00Z,Buy,37.06,22.37,7,-102.83,1,-116.13,35.63,119.56,0,"	959,1138" 
2008-06-02T20:00:00Z,"OXY",2009-12-01T21:00:00Z,Buy,92.58,82.18,6,-62.4,2,-312.18,4.92,317.1,0,"	957,1243" 
2008-06-02T20:00:00Z,"AMED",2010-02-01T21:00:00Z,Buy,50.3,57.07,4.6670044358876,31.6,1,-152.07,73.6,187.43,1,"	951,1272" 
2008-06-02T20:00:00Z,"MGEE",2010-03-01T21:00:00Z,Buy,34.13,33.65,26,-12.48,2,-170.04,92.82,219.18,0,"	955,1285" 
2008-06-02T20:00:00Z,"AMED",2011-03-01T21:00:00Z,Buy,50.3,35.37,6.3329955641124,-94.55,1,-206.36,99.87,272,0,"	951,1485" 
2008-07-01T20:00:00Z,"GIII",2008-09-02T20:00:00Z,Buy,12.17,18.5,12,75.96,2,-4.44,76.92,32.52,1,"	966,986" 
2008-07-01T20:00:00Z,"TNC",2008-09-02T20:00:00Z,Buy,29.82,31.28,8,11.68,1,-64.92,156.72,39.44,1,"	967,992" 
2008-07-01T20:00:00Z,"GIII",2008-10-01T20:00:00Z,Buy,12.17,17.34,21,108.57,1,-7.77,166.53,57.96,1,"	966,1005" 
2008-07-01T20:00:00Z,"UACL",2009-12-01T21:00:00Z,Buy,22.31,16.13,18,-111.24,2,-212.4,99.72,312.12,0,"	968,1245" 
2008-08-01T20:00:00Z,"NPK",2008-11-03T21:00:00Z,Buy,73.05,67.53,4,-22.08,2,-95,24.44,119.44,0,"	981,1029" 
2008-08-01T20:00:00Z,"UGI",2008-11-03T21:00:00Z,Buy,26.27,23.83,11.999961599967,-29.28,1,-155.44,41.64,89.28,0,"	983,1035" 
2008-08-01T20:00:00Z,"EGY",2009-02-02T21:00:00Z,Buy,6.55,7.86,30,39.3,2,-78.9,48,126.6,1,"	980,1082" 
2008-08-01T20:00:00Z,"SKX",2009-04-01T20:00:00Z,Buy,18.96,6.91,19,-228.95,2,-259.73,36.1,295.83,0,"	982,1116" 
2008-08-01T20:00:00Z,"EGY",2009-05-01T20:00:00Z,Buy,6.55,4.7,35,-64.75,1,-92.05,61.95,147.7,0,"	980,1132" 
2008-08-01T20:00:00Z,"NPK",2009-06-01T20:00:00Z,Buy,73.05,83.75,3,32.1,1,-76.17,32.1,98.22,1,"	981,1158" 
2008-08-01T20:00:00Z,"CRMT",2009-10-01T20:00:00Z,Buy,20.46,23.34,11,31.68,2,-144.76,45.98,169.07,1,"	979,1195" 
2008-08-01T20:00:00Z,"CRMT",2010-07-01T20:00:00Z,Buy,20.46,22.87,14,33.74,1,-184.24,91.42,215.18,1,"	979,1367" 
2008-08-01T20:00:00Z,"UGI",2010-08-02T20:00:00Z,Buy,26.27,27.15,9,7.92,1,-116.58,31.23,66.96,1,"	983,1382" 
2008-08-01T20:00:00Z,"NPK",2011-03-01T21:00:00Z,Buy,73.05,125.75,4,210.8,1,-101.56,253.52,155.68,1,"	981,1490" 
2008-08-01T20:00:00Z,"UGI",2011-12-01T21:00:00Z,Buy,26.27,29.76,20.000038400033,69.8,1,-259.07,140.6,168.2,1,"	983,1656" 
2008-09-02T20:00:00Z,"DAR",2009-02-02T21:00:00Z,Buy,13.2,4.48,30,-261.6,2,-290.1,0,290.1,0,"	994,1081" 
2008-09-02T20:00:00Z,"LDL",2009-02-02T21:00:00Z,Buy,11.46,3.8,35,-268.1,2,-285.25,5.6,290.85,0,"	996,1084" 
2008-09-02T20:00:00Z,"WTI",2009-04-01T20:00:00Z,Buy,33.31,6.24,12,-324.84,2,-336.84,0.84,337.68,0,"	998,1117" 
2008-09-02T20:00:00Z,"DMLP",2009-12-01T21:00:00Z,Buy,26.3,20.78,21,-115.92,2,-247.17,36.75,283.92,0,"	995,1240" 
2008-09-02T20:00:00Z,"LHCG",2011-12-01T21:00:00Z,Buy,29.7,13.93,13,-205.01,2,-225.55,99.58,325.13,0,"	997,1651" 
2008-10-01T20:00:00Z,"HCKT",2008-11-03T21:00:00Z,Buy,5.38,2.97,72,-173.52,2,-188.64,0,188.64,0,"	1010,1020" 
2008-10-01T20:00:00Z,"ISRG",2008-11-03T21:00:00Z,Buy,236.55,183.38,1,-53.17,1,-81.54,94.58,81.54,0,"	1015,1026" 
2008-10-01T20:00:00Z,"PCTI",2009-01-02T21:00:00Z,Buy,9.42,6.93,34,-84.66,2,-193.46,0,193.46,0,"	1016,1068" 
2008-10-01T20:00:00Z,"PCTI",2009-04-01T20:00:00Z,Buy,9.42,4.47,22,-108.9,1,-125.18,0,125.18,0,"	1016,1115" 
2008-10-01T20:00:00Z,"GHM",2009-05-01T20:00:00Z,Buy,24.525,12.63,8,-95.16,2,-137,0,137,0,"	1012,1133" 
2008-10-01T20:00:00Z,"IIIN",2009-06-01T20:00:00Z,Buy,13,9.08,28,-109.76,2,-228.2,0,228.2,0,"	1014,1154" 
2008-10-01T20:00:00Z,"TTWO",2009-07-01T20:00:00Z,Buy,15.93,9.73,22,-136.4,2,-226.82,0,226.82,0,"	1018,1176" 
2008-10-01T20:00:00Z,"GCO",2009-08-03T20:00:00Z,Buy,33.08,22.07,13,-143.13,2,-281.32,0,281.32,0,"	1011,1183" 
2008-10-01T20:00:00Z,"HVT",2010-03-01T21:00:00Z,Buy,11.75,13.49,42,73.08,2,-167.58,91.98,167.58,1,"	1013,1284" 
2008-10-01T20:00:00Z,"SYKE",2010-05-03T20:00:00Z,Buy,21.43,22.51,28,30.24,2,-236.32,145.32,236.32,1,"	1017,1331" 
2008-11-03T21:00:00Z,"MXIM",2008-12-01T21:00:00Z,Buy,13.99,11.81,25,-54.5,2,-81,16.25,97.25,0,"	1049,1059" 
2008-11-03T21:00:00Z,"ANF",2009-01-02T21:00:00Z,Buy,27,24.42,8,-20.64,1,-102.72,401.68,102.72,0,"	1039,1066" 
2008-11-03T21:00:00Z,"HOFT",2009-01-02T21:00:00Z,Buy,9.8,7.67,26,-55.38,1,-98.28,362.96,98.28,0,"	1045,1067" 
2008-11-03T21:00:00Z,"SCHN",2009-01-02T21:00:00Z,Buy,27.22,40.18,7.4999853299919,97.2,1,-151.15,655.35,96.15,1,"	1053,1069" 
2008-11-03T21:00:00Z,"TTMI",2009-01-02T21:00:00Z,Buy,6.97,5.57,33,-46.2,1,-101.31,278.85,101.31,0,"	1054,1071" 
2008-11-03T21:00:00Z,"METH",2009-02-02T21:00:00Z,Buy,7.71,4.9,31,-87.11,1,-95.48,279.62,153.76,0,"	1048,1085" 
2008-11-03T21:00:00Z,"HRC",2009-03-02T21:00:00Z,Buy,23.52,9.03,28,-405.72,2,-405.72,19.32,425.04,0,"	1044,1098" 
2008-11-03T21:00:00Z,"COP",2009-03-02T21:00:00Z,Buy,51.54,35.15,8,-131.12,2,-131.12,34.32,165.44,0,"	1050,1101" 
2008-11-03T21:00:00Z,"CCRN",2009-04-01T20:00:00Z,Buy,10.38,6.71,45,-165.15,2,-230.85,0,230.85,0,"	1041,1109" 
2008-11-03T21:00:00Z,"LRW",2009-04-01T20:00:00Z,Buy,8.18,8.37,62,11.78,2,-133.92,125.24,259.16,1,"	1047,1113" 
2008-11-03T21:00:00Z,"PCTI",2009-04-01T20:00:00Z,Buy,5.79,4.47,37,-48.84,1,-76.22,134.31,112.85,0,"	1051,1115" 
2008-11-03T21:00:00Z,"KFRC",2009-05-01T20:00:00Z,Buy,7.95,10.63,64,171.52,2,-154.88,196.48,154.88,1,"	1052,1136" 
2008-11-03T21:00:00Z,"FLO",2009-06-01T20:00:00Z,Buy,29.22,21.7,22,-165.44,2,-192.06,5.5,197.56,0,"	1043,1151" 
2008-11-03T21:00:00Z,"HWCC",2009-06-01T20:00:00Z,Buy,11.81,13.16,33,44.55,2,-231.66,44.55,264.33,1,"	1046,1152" 
2008-11-03T21:00:00Z,"SCHN",2009-06-01T20:00:00Z,Buy,27.22,56.33,0.50001467000806,14.56,1,-10.08,43.69,7.98,1,"	1053,1159" 
2008-11-03T21:00:00Z,"CALM",2010-01-04T21:00:00Z,Buy,29.09,34.28,12,62.28,2,-142.08,64.44,156.36,1,"	1040,1261" 
2008-11-03T21:00:00Z,"WSO",2010-03-01T21:00:00Z,Buy,40.06,59.16,11,210.1,2,-102.41,210.1,103.84,1,"	1055,1289" 
2008-11-03T21:00:00Z,"CPSI",2010-04-01T20:00:00Z,Buy,28.62,39.17,17,179.35,2,-108.29,355.81,231.88,1,"	1042,1306" 
2008-12-01T21:00:00Z,"FLXS",2009-02-02T21:00:00Z,Buy,6.91,6.95,38,1.52,1,-8.74,211.66,38.38,1,"	1062,1083" 
2008-12-01T21:00:00Z,"JAKK",2009-04-01T20:00:00Z,Buy,17.03,12.65,13,-56.94,1,-87.75,168.48,138.84,0,"	1064,1112" 
2008-12-01T21:00:00Z,"HWKN",2009-06-01T20:00:00Z,Buy,15.25,21,16,92,2,-41.6,99.68,59.84,1,"	1063,1153" 
2008-12-01T21:00:00Z,"CRK",2009-07-01T20:00:00Z,Buy,36.85,31.75,5,-25.5,2,-49.1,64.15,113.25,0,"	1061,1173" 
2008-12-01T21:00:00Z,"SCVL",2009-09-01T20:00:00Z,Buy,8.35,15.35,39,273,2,-78.78,306.54,212.55,1,"	1065,1189" 
2008-12-01T21:00:00Z,"HWKN",2010-08-02T20:00:00Z,Buy,15.25,32.17,10,169.2,1,-26,172.1,60.8,1,"	1063,1380" 
2008-12-01T21:00:00Z,"HWKN",2010-12-01T21:00:00Z,Buy,15.25,43.45,5,141,1,-13,141.4,30.4,1,"	1063,1440" 
2008-12-01T21:00:00Z,"HWKN",2011-08-01T20:00:00Z,Buy,15.25,34.73,12,233.76,1,-31.2,407.52,186.72,1,"	1063,1566" 
2009-01-02T21:00:00Z,"ASGN",2009-02-02T21:00:00Z,Buy,5.54,5.05,62,-30.38,2,-74.4,14.88,89.28,0,"	1072,1080" 
2009-01-02T21:00:00Z,"WDC",2009-02-02T21:00:00Z,Buy,12.32,15.52,18,57.6,1,-43.02,497.7,40.86,1,"	1079,1087" 
2009-01-02T21:00:00Z,"SKX",2009-04-01T20:00:00Z,Buy,12.87,6.91,16,-95.36,1,-121.28,127.84,121.28,0,"	1076,1116" 
2009-01-02T21:00:00Z,"RHI",2009-05-01T20:00:00Z,Buy,21.31,23.74,24,58.32,2,-165.12,69.36,165.12,1,"	1075,1135" 
2009-01-02T21:00:00Z,"TTWO",2009-07-01T20:00:00Z,Buy,7.95,9.73,29,51.62,1,-67.57,231.42,73.08,1,"	1078,1176" 
2009-01-02T21:00:00Z,"TSCO",2009-11-02T21:00:00Z,Buy,36.73,45.33,14,120.4,2,-105,237.72,126.14,1,"	1077,1217" 
2009-01-02T21:00:00Z,"JCOM",2010-02-01T21:00:00Z,Buy,20.75,20.87,22,2.64,2,-98.78,89.1,128.48,1,"	1074,1273" 
2009-01-02T21:00:00Z,"DLTR",2011-01-03T21:00:00Z,Buy,28.0333053,56.55,4,114.07,2,-22.32,117.31,27.36,1,"	1073,1451" 
2009-01-02T21:00:00Z,"DLTR",2011-09-01T20:00:00Z,Buy,28.0333053,71.78,3,131.24,1,-16.74,137.36,27.78,1,"	1073,1582" 
2009-01-02T21:00:00Z,"DLTR",2012-05-01T20:00:00Z,Buy,28.0333053,102.05,2,148.03,1,-11.16,148.03,18.52,1,"	1073,1725" 
2009-01-02T21:00:00Z,"DLTR",2012-06-01T20:00:00Z,Buy,28.0333053,99.94,2,143.81,1,-11.16,151.69,18.52,1,"	1073,1747" 
2009-01-02T21:00:00Z,"DLTR",2012-12-03T21:00:00Z,Buy,14.01665265,41.34,20,546.47,1,-55.8,854.57,380.9,1,"	1073,1847" 
2009-02-02T21:00:00Z,"CTRN",2009-04-01T20:00:00Z,Buy,9.51,22.96,18,242.1,2,0,242.1,28.44,1,"	1092,1111" 
2009-02-02T21:00:00Z,"CRY",2009-05-01T20:00:00Z,Buy,8.51,5.48,39,-118.17,2,-175.89,8.97,184.86,0,"	1090,1131" 
2009-02-02T21:00:00Z,"MCF",2009-06-01T20:00:00Z,Buy,45.56,48.95,6,20.34,2,-81.78,22.5,102.24,1,"	1095,1156" 
2009-02-02T21:00:00Z,"STMP",2009-08-03T20:00:00Z,Buy,8.45,8.68,53,12.19,2,-28.09,89.04,101.76,1,"	1096,1184" 
2009-02-02T21:00:00Z,"CSGS",2009-11-02T21:00:00Z,Buy,14.78,15.98,32,38.4,2,-72.64,68.8,94.72,1,"	1091,1208" 
2009-02-02T21:00:00Z,"ASTE",2009-12-01T21:00:00Z,Buy,24.69,24.78,14,1.26,2,-63.14,120.4,144.06,1,"	1089,1235" 
2009-02-02T21:00:00Z,"JJSF",2010-01-04T21:00:00Z,Buy,35.44,40.2,17,80.92,2,-88.74,149.26,138.04,1,"	1094,1263" 
2009-02-02T21:00:00Z,"CTRN",2010-04-01T20:00:00Z,Buy,9.51,33.1,9,212.31,1,0,226.89,84.87,1,"	1092,1307" 
2009-02-02T21:00:00Z,"FIZ",2010-05-03T20:00:00Z,Buy,9.41,11.65,36,80.64,1,-131.76,194.64,125.28,1,"	1093,1325" 
2009-03-02T21:00:00Z,"CRT",2009-04-01T20:00:00Z,Buy,14.87,17.65,17,47.26,2,-9.01,93.84,50.15,1,"	1103,1110" 
2009-03-02T21:00:00Z,"SCHN",2009-06-01T20:00:00Z,Buy,24.67,56.33,3.4999853299919,110.81,1,-61.61,314.75,25.06,1,"	1105,1159" 
2009-03-02T21:00:00Z,"ADTN",2009-08-03T20:00:00Z,Buy,13.84,24.21,10,103.7,2,0,112,23.9,1,"	1102,1182" 
2009-03-02T21:00:00Z,"SCHN",2010-01-04T21:00:00Z,Buy,24.67,50,4,101.32,1,-70.41,359.72,82.96,1,"	1105,1264" 
2009-03-02T21:00:00Z,"MTSC",2010-03-01T21:00:00Z,Buy,21.55,27.92,19,121.03,2,-32.3,165.49,102.41,1,"	1104,1286" 
2009-03-02T21:00:00Z,"ADTN",2010-07-01T20:00:00Z,Buy,13.84,27.57,9,123.57,1,0,141.84,47.43,1,"	1102,1365" 
2009-03-02T21:00:00Z,"ADTN",2011-02-01T21:00:00Z,Buy,13.84,41.61,6,166.62,1,0,172.92,32.1,1,"	1102,1463" 
2009-03-02T21:00:00Z,"ADTN",2011-09-01T20:00:00Z,Buy,13.84,30.62,7,117.46,1,0,233.8,140.98,1,"	1102,1577" 
2009-04-01T20:00:00Z,"USMO",2009-05-01T20:00:00Z,Buy,9.2,11.14,45,87.3,2,-9,87.3,40.05,1,"	1129,1137" 
2009-04-01T20:00:00Z,"FSYS",2009-06-01T20:00:00Z,Buy,14.44,22.74,16,132.8,2,-19.36,134.08,77.28,1,"	1124,1155" 
2009-04-01T20:00:00Z,"CMTL",2009-07-01T20:00:00Z,Buy,25.14,32.55,14,103.74,2,0,129.08,107.94,1,"	1120,1172" 
2009-04-01T20:00:00Z,"CODI",2009-10-01T20:00:00Z,Buy,9.21,10.3,32,34.88,2,-46.72,56.64,77.12,1,"	1122,1196" 
2009-04-01T20:00:00Z,"MYGN",2009-11-02T21:00:00Z,Buy,45.07,24.77,11,-223.3,2,-231.66,10.23,241.89,0,"	1127,1213" 
2009-04-01T20:00:00Z,"CAI",2009-12-01T21:00:00Z,Buy,36.06,46.01,16,159.2,2,-20.8,215.04,55.84,1,"	1118,1236" 
2009-04-01T20:00:00Z,"CNC",2009-12-01T21:00:00Z,Buy,17.65,19.27,24,38.88,2,-15.12,68.4,83.52,1,"	1121,1238" 
2009-04-01T20:00:00Z,"DGIT",2009-12-01T21:00:00Z,Buy,18.77,27.28,8,68.08,2,-16.56,72,53.68,1,"	1123,1239" 
2009-04-01T20:00:00Z,"MLAB",2010-02-01T21:00:00Z,Buy,16.6,27.2,28,296.8,2,0,347.2,63.56,1,"	1126,1274" 
2009-04-01T20:00:00Z,"CTR",2010-04-01T20:00:00Z,Buy,18.2,22.12,20.000010499995,78.4,1,-57.6,160,110.4,1,"	1119,1305" 
2009-04-01T20:00:00Z,"LEG",2010-04-01T20:00:00Z,Buy,13.27,21.67,35,294,2,-4.9,297.85,102.55,1,"	1125,1308" 
2009-04-01T20:00:00Z,"DGIT",2011-01-03T21:00:00Z,Buy,18.77,29.59,14,151.48,1,-51.24,350.42,401.66,1,"	1123,1450" 
2009-04-01T20:00:00Z,"SPH",2011-09-01T20:00:00Z,Buy,37.1,47.14,14,140.56,2,-4.34,303.1,247.94,1,"	1128,1588" 
2009-05-01T20:00:00Z,"FLO",2009-06-01T20:00:00Z,Buy,22.89,21.7,9,-10.71,1,-21.6,59.22,22.5,0,"	1141,1151" 
2009-05-01T20:00:00Z,"ULBI",2009-06-01T20:00:00Z,Buy,7.39,7.03,40,-14.4,2,-21.6,20.4,42,0,"	1148,1160" 
2009-05-01T20:00:00Z,"KIRK",2009-07-01T20:00:00Z,Buy,6.71,11.21,26,117,2,-25.22,137.8,30.94,1,"	1142,1174" 
2009-05-01T20:00:00Z,"LG",2009-07-01T20:00:00Z,Buy,35.59,33.74,9,-16.65,1,-54.54,170.91,54.54,0,"	1143,1175" 
2009-05-01T20:00:00Z,"DGII",2009-10-01T20:00:00Z,Buy,7.32,8.45,45,50.85,2,-9.9,157.95,119.7,1,"	1140,1197" 
2009-05-01T20:00:00Z,"LINC",2009-10-01T20:00:00Z,Buy,15.74,22.46,10,67.2,2,-12.5,77.6,35.8,1,"	1144,1199" 
2009-05-01T20:00:00Z,"PLCE",2009-11-02T21:00:00Z,Buy,28.9,32.53,13,47.19,2,-52.52,102.57,155.09,1,"	1145,1215" 
2009-05-01T20:00:00Z,"SBR",2009-11-02T21:00:00Z,Buy,37.43,41.52,14,57.26,2,-2.24,112.14,108.78,1,"	1146,1216" 
2009-05-01T20:00:00Z,"XOM",2009-11-02T21:00:00Z,Buy,67.93,72.15,3,12.66,1,-18.78,81.36,26.79,1,"	1150,1218" 
2009-05-01T20:00:00Z,"WIRE",2010-03-01T21:00:00Z,Buy,21.53,20.34,20,-23.8,2,-47.8,55,102.8,0,"	1149,1288" 
2009-05-01T20:00:00Z,"SWKS",2010-11-01T20:00:00Z,Buy,9.22,22.61,11,147.29,2,-11.11,150.59,44.11,1,"	1139,1423" 
2009-05-01T20:00:00Z,"KIRK",2011-01-03T21:00:00Z,Buy,6.71,14.06,27,198.45,1,-26.19,481.14,370.98,1,"	1142,1455" 
2009-05-01T20:00:00Z,"SWKS",2011-02-01T21:00:00Z,Buy,9.22,32.72,7,164.5,1,-7.07,164.78,28.07,1,"	1139,1464" 
2009-05-01T20:00:00Z,"SWKS",2011-08-01T20:00:00Z,Buy,9.22,25,18,284.04,1,-18.18,499.68,275.04,1,"	1139,1561" 
2009-05-01T20:00:00Z,"UGI",2011-12-01T21:00:00Z,Buy,23.62,29.76,9,55.26,1,-92.73,87.12,75.69,1,"	1147,1656" 
2009-05-01T20:00:00Z,"LINC",2012-04-02T20:00:00Z,Buy,15.74,7.91,17,-133.11,1,-150.45,210.12,360.57,0,"	1144,1718" 
2009-06-01T20:00:00Z,"ALGN",2009-11-02T21:00:00Z,Buy,12.55,16.05,14,49,2,-45.92,72.1,48.16,1,"	1163,1206" 
2009-06-01T20:00:00Z,"CVX",2009-12-01T21:00:00Z,Buy,69.22,79.06,3,29.52,1,-38.25,101.55,33.81,1,"	1166,1237" 
2009-06-01T20:00:00Z,"NJR",2009-12-01T21:00:00Z,Buy,34.85,36.15,23,29.9,2,0,113.39,110.63,1,"	1167,1242" 
2009-06-01T20:00:00Z,"RHI",2009-12-01T21:00:00Z,Buy,22.61,22.75,20,2.8,2,-41.4,103.2,111.6,1,"	1168,1244" 
2009-06-01T20:00:00Z,"CHE",2010-03-01T21:00:00Z,Buy,39.4,54.56,16,242.56,2,-42.24,242.56,76.8,1,"	1165,1282" 
2009-06-01T20:00:00Z,"USMO",2010-05-03T20:00:00Z,Buy,11.34,14.23,40,115.6,2,-54.4,120,153.6,1,"	1169,1334" 
2009-06-01T20:00:00Z,"WMK",2010-05-03T20:00:00Z,Buy,35.9,37.93,17,34.51,2,-83.3,36.04,111.18,1,"	1170,1335" 
2009-06-01T20:00:00Z,"ATO",2010-07-01T20:00:00Z,Buy,24.39,26.86,8,19.76,2,0,45.36,29.2,1,"	1164,1366" 
2009-06-01T20:00:00Z,"ATO",2011-09-01T20:00:00Z,Buy,24.39,34.15,13,126.88,1,0,137.67,79.43,1,"	1164,1579" 
2009-06-01T20:00:00Z,"ALGN",2011-10-03T20:00:00Z,Buy,12.55,14.26,18,30.78,1,-59.04,223.92,193.14,1,"	1163,1610" 
2009-06-01T20:00:00Z,"ATO",2012-02-01T21:00:00Z,Buy,24.39,32.62,12,98.76,1,0,132.12,73.32,1,"	1164,1682" 
2009-07-01T20:00:00Z,"AIT",2010-03-01T21:00:00Z,Buy,19.93,23.16,23.499974012482,75.9,1,-105.04,361.43,90.47,1,"	1177,1281" 
2009-07-01T20:00:00Z,"RIMG",2010-03-01T21:00:00Z,Buy,17.16,15.22,20,-38.8,2,-62,36.2,98.2,0,"	1179,1287" 
2009-07-01T20:00:00Z,"SIF",2010-05-03T20:00:00Z,Buy,10.57,13.95,34,114.92,2,-41.82,225.42,134.3,1,"	1180,1330" 
2009-07-01T20:00:00Z,"TSRA",2010-06-01T20:00:00Z,Buy,25.78,16.87,11,-98.01,2,-99,59.51,158.51,0,"	1181,1355" 
2009-07-01T20:00:00Z,"CORE",2010-07-01T20:00:00Z,Buy,26.88,27.76,17,14.96,2,-22.61,126.48,128.52,1,"	1178,1368" 
2009-07-01T20:00:00Z,"AIT",2012-09-04T20:00:00Z,Buy,19.93,41.55,0.50002598751827,10.81,1,-2.24,10.98,5.53,1,"	1177,1789" 
2009-08-03T20:00:00Z,"RGR",2010-05-03T20:00:00Z,Buy,11.87,17.23,30,160.8,2,-65.1,170.4,123.3,1,"	1186,1328" 
2009-08-03T20:00:00Z,"TTEC",2010-05-03T20:00:00Z,Buy,16.01,16.87,23,19.78,2,0,110.17,97.75,1,"	1187,1332" 
2009-08-03T20:00:00Z,"ATRI",2011-09-01T20:00:00Z,Buy,131.92,210.46,1,78.54,2,-13.51,84.62,35.91,1,"	1185,1580" 
2009-08-03T20:00:00Z,"ATRI",2011-10-03T20:00:00Z,Buy,131.92,200.95,1,69.03,1,-13.51,84.62,35.91,1,"	1185,1611" 
2009-08-03T20:00:00Z,"ATRI",2011-12-01T21:00:00Z,Buy,131.92,236.19,1,104.27,1,-13.51,110.9,35.91,1,"	1185,1649" 
2009-09-01T20:00:00Z,"ALGT",2009-12-01T21:00:00Z,Buy,37.8,42.5,9,42.3,2,-20.43,57.42,77.85,1,"	1191,1234" 
2009-09-01T20:00:00Z,"TESS",2011-02-01T21:00:00Z,Buy,10.666672,12.44,28.999947619976,51.43,1,-133.79,296.96,254.23,1,"	1193,1472" 
2009-09-01T20:00:00Z,"DISCA",2011-05-02T20:00:00Z,Buy,25.54,44.65,18,343.98,2,0,349.74,115.38,1,"	1192,1515" 
2009-10-01T20:00:00Z,"EBS",2009-11-02T21:00:00Z,Buy,16.94,14.59,19,-44.65,2,-53.96,16.34,70.3,0,"	1202,1209" 
2009-10-01T20:00:00Z,"JNJ",2009-12-01T21:00:00Z,Buy,59.81,63.51,4,14.8,1,-52.96,49.68,14.4,1,"	1204,1241" 
2009-10-01T20:00:00Z,"EGN",2010-03-01T21:00:00Z,Buy,41.79,46.68,11,53.79,2,-5.28,81.07,77.88,1,"	1203,1283" 
2009-10-01T20:00:00Z,"PRFT",2010-09-01T20:00:00Z,Buy,7.92,9.1,42,49.56,2,-2.52,212.94,200.76,1,"	1205,1390" 
2009-11-02T21:00:00Z,"AAWW",2010-05-03T20:00:00Z,Buy,25.08,55.95,9,277.83,2,0,304.11,34.92,1,"	1219,1324" 
2009-11-02T21:00:00Z,"LXU",2010-05-03T20:00:00Z,Buy,12.34,18.65,31,195.61,2,-47.43,195.61,84.63,1,"	1224,1326" 
2009-11-02T21:00:00Z,"CVI",2010-06-01T20:00:00Z,Buy,10.34,7.24,25,-77.5,2,-94.75,12.25,107,0,"	1222,1351" 
2009-11-02T21:00:00Z,"OII",2010-07-01T20:00:00Z,Buy,51.17,44.13,8,-56.32,2,-86.48,136.72,223.2,0,"	1225,1370" 
2009-11-02T21:00:00Z,"APOG",2010-08-02T20:00:00Z,Buy,12.9,11.12,28,-49.84,2,-64.12,108.08,172.2,0,"	1220,1377" 
2009-11-02T21:00:00Z,"LANC",2010-10-01T20:00:00Z,Buy,48.6,47.95,13,-8.45,2,-40.69,163.41,204.1,0,"	1223,1404" 
2009-11-02T21:00:00Z,"SCL",2010-11-01T20:00:00Z,Buy,56.15,67.53,7,79.66,2,-62.93,161.84,174.16,1,"	1228,1428" 
2009-11-02T21:00:00Z,"WDC",2010-11-01T20:00:00Z,Buy,34.08,32.62,12,-17.52,2,-125.52,148.68,274.2,0,"	1232,1429" 
2009-11-02T21:00:00Z,"UHS",2011-05-02T20:00:00Z,Buy,28.615,54.1,5,127.42,2,-4.62,130.88,61.65,1,"	1230,1523" 
2009-11-02T21:00:00Z,"POWL",2011-07-01T20:00:00Z,Buy,36.05,37.19,11,12.54,2,-104.61,43.01,116.16,1,"	1227,1553" 
2009-11-02T21:00:00Z,"APU",2011-09-01T20:00:00Z,Buy,37.04,42.95,1,5.91,1,-16.95,14.37,13.35,1,"	1221,1578" 
2009-11-02T21:00:00Z,"SPH",2011-09-01T20:00:00Z,Buy,43.09,47.14,5,20.25,1,-31.5,78.3,88.55,1,"	1229,1588" 
2009-11-02T21:00:00Z,"OIS",2011-11-01T20:00:00Z,Buy,34.91,67.32,3,97.23,2,-2.13,151.77,115.65,1,"	1226,1628" 
2009-11-02T21:00:00Z,"UHS",2011-11-01T20:00:00Z,Buy,28.615,39.23,13,138,1,-12.02,361.2,318.37,1,"	1230,1632" 
2009-11-02T21:00:00Z,"WCC",2011-11-01T20:00:00Z,Buy,25.71,46.72,15,315.15,2,0,569.55,474,1,"	1231,1634" 
2009-11-02T21:00:00Z,"APU",2011-12-01T21:00:00Z,Buy,37.04,43.87,6,40.98,1,-101.7,86.22,80.1,1,"	1221,1648" 
2009-11-02T21:00:00Z,"OIS",2012-05-01T20:00:00Z,Buy,34.91,79.75,7,313.88,1,-4.97,359.31,269.85,1,"	1226,1732" 
2009-12-01T21:00:00Z,"CALM",2010-01-04T21:00:00Z,Buy,27.87,34.28,8,51.28,1,-84.96,52.72,4.32,1,"	1248,1261" 
2009-12-01T21:00:00Z,"CENT",2010-01-04T21:00:00Z,Buy,9.15,10.65,44,66,2,0,88,22,1,"	1249,1262" 
2009-12-01T21:00:00Z,"VLGEA",2010-02-01T21:00:00Z,Buy,30.85,26.13,8,-37.76,1,-96.44,14.08,38.8,0,"	1260,1276" 
2009-12-01T21:00:00Z,"OTL",2010-05-03T20:00:00Z,Buy,9.38,13.92,31,140.74,2,-21.39,161.51,101.68,1,"	1257,1327" 
2009-12-01T21:00:00Z,"GTLS",2010-06-01T20:00:00Z,Buy,16.91,16.96,18,0.9,2,-22.32,166.68,165.78,1,"	1252,1353" 
2009-12-01T21:00:00Z,"EME",2010-08-02T20:00:00Z,Buy,24.04,26.18,18,38.52,2,-30.78,98.28,125.28,1,"	1251,1378" 
2009-12-01T21:00:00Z,"BGFV",2010-09-01T20:00:00Z,Buy,16.73,12.53,18,-75.6,2,-93.96,26.28,120.24,0,"	1247,1387" 
2009-12-01T21:00:00Z,"CYH",2010-09-01T20:00:00Z,Buy,30.67,27.08,13,-46.67,2,-60.06,144.3,204.36,0,"	1250,1388" 
2009-12-01T21:00:00Z,"HHS",2010-09-01T20:00:00Z,Buy,9.82,10.42,42,25.2,2,0,233.1,231,1,"	1253,1389" 
2009-12-01T21:00:00Z,"JBSS",2010-11-01T20:00:00Z,Buy,16.32,12.96,25,-84,2,-101.75,28,129.75,0,"	1254,1425" 
2009-12-01T21:00:00Z,"UNF",2010-12-01T21:00:00Z,Buy,44.1,52.65,6,51.3,2,-33.24,69.84,103.08,1,"	1259,1444" 
2009-12-01T21:00:00Z,"MVO",2011-01-03T21:00:00Z,Buy,18.99,39.95,10,209.6,2,-2.8,209.6,53.5,1,"	1256,1456" 
2009-12-01T21:00:00Z,"ASH",2011-02-01T21:00:00Z,Buy,36.62,59.33,9,204.39,2,0,239.94,180.9,1,"	1246,1465" 
2009-12-01T21:00:00Z,"UNF",2011-02-01T21:00:00Z,Buy,44.1,56.52,8,99.36,1,-44.32,103.12,137.44,1,"	1259,1473" 
2009-12-01T21:00:00Z,"IPAR",2011-05-02T20:00:00Z,Buy,11.32,18.94,24,182.88,2,-2.88,198.72,92.64,1,"	1255,1519" 
2009-12-01T21:00:00Z,"UGI",2011-12-01T21:00:00Z,Buy,23.64,29.76,8.9999615999665,55.08,1,-92.91,86.94,75.69,1,"	1258,1656" 
2009-12-01T21:00:00Z,"MVO",2012-01-03T21:00:00Z,Buy,18.99,40.66,21,455.07,1,-5.88,567,238.98,1,"	1256,1670" 
2009-12-01T21:00:00Z,"UGI",2013-07-01T20:00:00Z,Buy,23.64,38.7,2.0000384000335,30.12,1,-20.65,36.68,16.82,1,"	1258,1973" 
2010-01-04T21:00:00Z,"MGEE",2010-03-01T21:00:00Z,Buy,36.1,33.65,7,-17.15,1,-59.57,11.2,27.51,0,"	1268,1285" 
2010-01-04T21:00:00Z,"WIRE",2010-03-01T21:00:00Z,Buy,21.26,20.34,10,-9.2,1,-21.2,30.2,21.2,0,"	1270,1288" 
2010-01-04T21:00:00Z,"MFRI",2010-04-01T20:00:00Z,Buy,6.77,6.68,63,-5.67,2,-38.43,28.98,67.41,0,"	1269,1309" 
2010-01-04T21:00:00Z,"WMK",2010-05-03T20:00:00Z,Buy,36.63,37.93,6,7.8,1,-33.78,8.34,23.64,1,"	1271,1335" 
2010-01-04T21:00:00Z,"HUN",2010-10-01T20:00:00Z,Buy,11.78,11.67,33,-3.63,2,-114.84,73.59,188.43,0,"	1267,1403" 
2010-01-04T21:00:00Z,"HLS",2011-02-01T21:00:00Z,Buy,19.45,22.73,15,49.2,2,-47.85,66.15,72.15,1,"	1266,1468" 
2010-01-04T21:00:00Z,"CLW",2011-06-01T20:00:00Z,Buy,54.32,67.69,5,66.85,2,-50.45,151.75,84.9,1,"	1265,1541" 
2010-01-04T21:00:00Z,"HLS",2011-11-01T20:00:00Z,Buy,19.45,16.9,16,-40.8,1,-83.2,139.36,222.56,0,"	1266,1623" 
2010-02-01T21:00:00Z,"GHM",2010-06-01T20:00:00Z,Buy,15.74,16.03,21,6.09,2,-13.86,83.16,92.19,1,"	1277,1352" 
2010-02-01T21:00:00Z,"NGS",2010-08-02T20:00:00Z,Buy,16.33,16.57,26,6.24,2,-53.82,57.98,107.9,1,"	1280,1381" 
2010-02-01T21:00:00Z,"MTRX",2010-10-01T20:00:00Z,Buy,10.52,8.7,44,-80.08,2,-91.08,81.84,172.92,0,"	1279,1406" 
2010-02-01T21:00:00Z,"IPG",2011-03-01T21:00:00Z,Buy,6.6,12.61,21,126.21,2,-5.25,138.81,61.74,1,"	1278,1488" 
2010-02-01T21:00:00Z,"IPG",2011-10-03T20:00:00Z,Buy,6.6,6.94,45,15.3,1,-11.25,297.45,282.15,1,"	1278,1613" 
2010-03-01T21:00:00Z,"FIZ",2010-05-03T20:00:00Z,Buy,11.55,11.65,21.400112799946,2.14,1,-124.12,69.91,18.83,1,"	1292,1325" 
2010-03-01T21:00:00Z,"SAH",2010-05-03T20:00:00Z,Buy,10.7,11.3,27,16.2,2,-0.54,66.96,67.5,1,"	1300,1329" 
2010-03-01T21:00:00Z,"UIS",2010-05-03T20:00:00Z,Buy,36.63,28.75,8,-63.04,2,-69.04,26.64,95.68,0,"	1303,1333" 
2010-03-01T21:00:00Z,"USMO",2010-05-03T20:00:00Z,Buy,11.56,14.23,22,58.74,1,-34.76,61.16,10.12,1,"	1304,1334" 
2010-03-01T21:00:00Z,"HA",2010-08-02T20:00:00Z,Buy,8.09,5.89,50,-110,2,-146,0,146,0,"	1294,1379" 
2010-03-01T21:00:00Z,"SCHL",2010-09-01T20:00:00Z,Buy,30.04,24.13,21,-124.11,2,-157.71,24.78,182.49,0,"	1301,1391" 
2010-03-01T21:00:00Z,"LZB",2010-10-01T20:00:00Z,Buy,13.52,8.72,20,-96,2,-140.8,33,173.8,0,"	1296,1405" 
2010-03-01T21:00:00Z,"MSTR",2010-11-01T20:00:00Z,Buy,90.67,90.53,4,-0.56,2,-87.36,2.64,90,0,"	1297,1426" 
2010-03-01T21:00:00Z,"K",2010-12-01T21:00:00Z,Buy,52.16,49.44,5,-13.6,1,-81.4,25.9,38,0,"	1295,1441" 
2010-03-01T21:00:00Z,"GCI",2011-01-03T21:00:00Z,Buy,15.93,15.42,20,-10.2,2,-83.4,54.8,138.2,0,"	1293,1453" 
2010-03-01T21:00:00Z,"NSIT",2011-02-01T21:00:00Z,Buy,13.31,14.65,31,41.54,2,-29.14,104.16,125.86,1,"	1298,1469" 
2010-03-01T21:00:00Z,"POWL",2011-07-01T20:00:00Z,Buy,29.32,37.19,9,70.83,1,-25.02,95.76,82.8,1,"	1299,1553" 
2010-03-01T21:00:00Z,"ADTN",2011-09-01T20:00:00Z,Buy,23.66,30.62,11,76.56,1,-108.02,259.38,221.54,1,"	1290,1577" 
2010-03-01T21:00:00Z,"FIZ",2011-09-01T20:00:00Z,Buy,11.55,16.08,1.599887200054,7.25,1,-9.28,7.9,4.4,1,"	1292,1583" 
2010-03-01T21:00:00Z,"ATO",2012-02-01T21:00:00Z,Buy,27.93,32.62,13,60.97,1,-46.02,97.11,79.43,1,"	1291,1682" 
2010-03-01T21:00:00Z,"UFS",2013-03-01T21:00:00Z,Buy,56.19,74.65,6,110.76,2,-55.44,292.86,239.94,1,"	1302,1900" 
2010-04-01T20:00:00Z,"TTEC",2010-05-03T20:00:00Z,Buy,16.91,16.87,13,-0.52,1,-11.7,50.57,20.54,0,"	1321,1332" 
2010-04-01T20:00:00Z,"WMK",2010-05-03T20:00:00Z,Buy,36.41,37.93,7,10.64,1,-37.87,11.27,5.04,1,"	1323,1335" 
2010-04-01T20:00:00Z,"CVI",2010-06-01T20:00:00Z,Buy,8.93,7.24,25,-42.25,1,-59.5,47.5,53,0,"	1314,1351" 
2010-04-01T20:00:00Z,"TSRA",2010-06-01T20:00:00Z,Buy,20.32,16.87,10,-34.5,1,-35.4,108.7,56.7,0,"	1320,1355" 
2010-04-01T20:00:00Z,"CRMT",2010-07-01T20:00:00Z,Buy,25.03,22.87,9,-19.44,1,-159.57,17.64,36.18,0,"	1312,1367" 
2010-04-01T20:00:00Z,"ARP",2010-10-01T20:00:00Z,Buy,9,7.77,48,-59.04,2,-115.2,89.76,204.96,0,"	1311,1400" 
2010-04-01T20:00:00Z,"GLT",2010-10-01T20:00:00Z,Buy,14.47,12.16,36,-83.16,2,-156.6,36.36,192.96,0,"	1316,1401" 
2010-04-01T20:00:00Z,"GPS",2010-10-01T20:00:00Z,Buy,23.63,18.51,11,-56.32,1,-155.32,28.38,102.85,0,"	1317,1402" 
2010-04-01T20:00:00Z,"LANC",2010-10-01T20:00:00Z,Buy,59.07,47.95,4,-44.48,1,-54.4,8.4,62.8,0,"	1318,1404" 
2010-04-01T20:00:00Z,"TTI",2010-10-01T20:00:00Z,Buy,13,10.03,27,-80.19,2,-130.68,37.53,168.21,0,"	1322,1409" 
2010-04-01T20:00:00Z,"DSW",2011-03-01T21:00:00Z,Buy,25.76,39.6,17,235.28,2,-65.28,270.3,175.27,1,"	1315,1486" 
2010-04-01T20:00:00Z,"NPK",2011-03-01T21:00:00Z,Buy,116.58,125.75,2,18.34,1,-137.84,39.7,53.66,1,"	1319,1490" 
2010-04-01T20:00:00Z,"CQP",2011-04-01T20:00:00Z,Buy,16.8,19.18,30,71.4,2,-79.8,224.7,269.4,1,"	1313,1505" 
2010-04-01T20:00:00Z,"APU",2011-12-01T21:00:00Z,Buy,40.51,43.87,8,26.88,1,-163.36,87.2,106.8,1,"	1310,1648" 
2010-05-03T20:00:00Z,"CORE",2010-07-01T20:00:00Z,Buy,30.59,27.76,9,-25.47,1,-45.36,33.57,34.47,0,"	1337,1368" 
2010-05-03T20:00:00Z,"OFIX",2010-10-01T20:00:00Z,Buy,33.84,31.61,20,-44.6,2,-144.2,15,159.2,0,"	1344,1408" 
2010-05-03T20:00:00Z,"CSL",2010-11-01T20:00:00Z,Buy,38.9,34.73,22,-91.74,2,-238.7,35.64,274.34,0,"	1338,1424" 
2010-05-03T20:00:00Z,"OSK",2010-11-01T20:00:00Z,Buy,39.75,29.09,12,-127.92,2,-178.08,0,178.08,0,"	1345,1427" 
2010-05-03T20:00:00Z,"ALG",2010-12-01T21:00:00Z,Buy,24.59,25.84,8,10,2,-43.68,14.16,57.84,1,"	1336,1438" 
2010-05-03T20:00:00Z,"DECK",2010-12-01T21:00:00Z,Buy,47.92995111141,79.94,3,96.03,2,-19.2,96.03,34.61,1,"	1340,1439" 
2010-05-03T20:00:00Z,"DTE",2011-01-03T21:00:00Z,Buy,48.91,45.57,25,-83.5,2,-111.5,1.5,111.5,0,"	1341,1452" 
2010-05-03T20:00:00Z,"UNF",2011-02-01T21:00:00Z,Buy,48.61,56.52,6,47.46,1,-60.3,50.28,60.3,1,"	1349,1473" 
2010-05-03T20:00:00Z,"FLXS",2011-03-01T21:00:00Z,Buy,13.39,14.82,29,41.47,2,-91.93,153.7,117.16,1,"	1342,1487" 
2010-05-03T20:00:00Z,"DDS",2011-06-01T20:00:00Z,Buy,29.72,55.77,5,130.25,2,-51.9,132.85,51.9,1,"	1339,1542" 
2010-05-03T20:00:00Z,"ALG",2011-08-01T20:00:00Z,Buy,24.59,24.02,17,-9.69,1,-92.82,77.35,134.47,0,"	1336,1562" 
2010-05-03T20:00:00Z,"SXI",2011-08-01T20:00:00Z,Buy,25.94,32.27,15,94.95,2,-54.3,193.5,149.7,1,"	1348,1569" 
2010-05-03T20:00:00Z,"SPH",2011-09-01T20:00:00Z,Buy,47.91,47.14,6,-4.62,1,-66.72,65.04,106.26,0,"	1347,1588" 
2010-05-03T20:00:00Z,"GIII",2011-10-03T20:00:00Z,Buy,30.75,21.83,14,-124.88,2,-138.04,201.32,339.36,0,"	1343,1612" 
2010-05-03T20:00:00Z,"POL",2011-11-01T20:00:00Z,Buy,11.57,10.93,40,-25.6,2,-165.2,190.8,254.8,0,"	1346,1629" 
2010-05-03T20:00:00Z,"DECK",2012-02-01T21:00:00Z,Buy,47.92995111141,83.6,6,214.02,1,-38.4,418.26,252.42,1,"	1340,1685" 
2010-05-03T20:00:00Z,"DDS",2012-03-01T21:00:00Z,Buy,29.72,60.43,5,153.55,1,-51.9,157.1,104.75,1,"	1339,1704" 
2010-05-03T20:00:00Z,"DDS",2013-06-03T20:00:00Z,Buy,29.72,91.44,4,246.88,1,-41.52,255.88,83.8,1,"	1339,1952" 
2010-05-03T20:00:00Z,"DECK",2015-08-03T20:00:00Z,Buy,47.92995111141,71.58,9.1800075276062E-6,0,1,0,0,0,0,"	1340,2555" 
2010-06-01T20:00:00Z,"BGFV",2010-09-01T20:00:00Z,Buy,14.19,12.53,17,-28.22,1,-45.56,68,51.34,0,"	1357,1387" 
2010-06-01T20:00:00Z,"SWX",2010-09-01T20:00:00Z,Buy,28.9,32.24,7,23.38,2,-1.12,34.3,24.15,1,"	1362,1392" 
2010-06-01T20:00:00Z,"UIS",2010-10-01T20:00:00Z,Buy,21.45,28.36,15,103.65,2,-65.25,103.65,85.5,1,"	1363,1410" 
2010-06-01T20:00:00Z,"USMO",2010-10-01T20:00:00Z,Buy,13.44,16.31,14,40.18,2,-13.58,45.92,23.94,1,"	1364,1411" 
2010-06-01T20:00:00Z,"SKX",2010-12-01T21:00:00Z,Buy,36.14,23.07,12,-156.84,2,-202.8,92.52,295.32,0,"	1361,1443" 
2010-06-01T20:00:00Z,"AAWW",2011-03-01T21:00:00Z,Buy,49.94,67.43,8,139.92,2,-52.8,178.56,133.28,1,"	1356,1484" 
2010-06-01T20:00:00Z,"EBF",2011-05-02T20:00:00Z,Buy,16.13,18.5,25,59.25,2,-35.25,97.5,108.25,1,"	1358,1517" 
2010-06-01T20:00:00Z,"USMO",2011-05-02T20:00:00Z,Buy,13.44,15.02,36,56.88,1,-34.92,204.48,225.36,1,"	1364,1524" 
2010-06-01T20:00:00Z,"SWX",2011-09-01T20:00:00Z,Buy,28.9,36.86,7,55.72,1,-1.12,79.8,56.42,1,"	1362,1589" 
2010-06-01T20:00:00Z,"SWX",2011-11-01T20:00:00Z,Buy,28.9,38.44,17,162.18,1,-2.72,193.8,137.02,1,"	1362,1631" 
2010-06-01T20:00:00Z,"LHCG",2011-12-01T21:00:00Z,Buy,30.12,13.93,7,-113.33,1,-124.39,50.68,134.4,0,"	1359,1651" 
2010-06-01T20:00:00Z,"LINC",2012-04-02T20:00:00Z,Buy,22.79,7.91,9,-133.92,1,-143.1,47.79,146.7,0,"	1360,1718" 
2010-07-01T20:00:00Z,"HA",2010-08-02T20:00:00Z,Buy,5.24,5.89,44,28.6,1,-3.08,125.4,11.44,1,"	1373,1379" 
2010-07-01T20:00:00Z,"JBSS",2010-11-01T20:00:00Z,Buy,13.99,12.96,14,-14.42,1,-24.36,48.3,55.02,0,"	1374,1425" 
2010-07-01T20:00:00Z,"AMED",2011-03-01T21:00:00Z,Buy,39.34,35.37,4.6670044358876,-18.53,1,-100.92,124.75,75.7,0,"	1371,1485" 
2010-07-01T20:00:00Z,"B",2011-05-02T20:00:00Z,Buy,16.33,24.54,33,270.93,2,-38.94,277.53,106.59,1,"	1372,1514" 
2010-07-01T20:00:00Z,"NUS",2011-05-02T20:00:00Z,Buy,24.27,32.58,20,166.2,2,0,166.2,94.6,1,"	1375,1521" 
2010-07-01T20:00:00Z,"SCVL",2012-04-02T20:00:00Z,Buy,19.55,32.56,15,195.15,2,-45.3,213.75,196.05,1,"	1376,1720" 
2010-07-01T20:00:00Z,"SCVL",2013-06-03T20:00:00Z,Buy,13.03333985,24.64,10.499994750003,121.87,1,-21.14,121.87,91.49,1,"	1376,1956" 
2010-08-02T20:00:00Z,"LANC",2010-10-01T20:00:00Z,Buy,52.05,47.95,4,-16.4,1,-26.32,36.48,26.32,0,"	1383,1404" 
2010-08-02T20:00:00Z,"SAFM",2010-12-01T21:00:00Z,Buy,45.82,41.86,16.000007499996,-63.36,1,-430.61,146.88,109.44,0,"	1386,1442" 
2010-08-02T20:00:00Z,"ODC",2011-04-01T20:00:00Z,Buy,21.87,21.38,36,-17.64,2,-106.56,40.68,147.24,0,"	1385,1507" 
2010-08-02T20:00:00Z,"NP",2011-06-01T20:00:00Z,Buy,17.94,22.03,23,94.07,2,-93.15,124.66,97.52,1,"	1384,1544" 
2010-08-02T20:00:00Z,"SAFM",2014-06-02T20:00:00Z,Buy,45.82,95.65,0.99999250000375,49.83,1,-26.91,49.83,6.84,1,"	1386,2237" 
2010-09-01T20:00:00Z,"MSTR",2010-11-01T20:00:00Z,Buy,79.99,90.53,3,31.62,1,-33.48,34.02,8.4,1,"	1396,1426" 
2010-09-01T20:00:00Z,"BWS",2011-02-01T21:00:00Z,Buy,10.68,13.29,35.000007499996,91.35,1,-6.3,929.37,85.75,1,"	1394,1466" 
2010-09-01T20:00:00Z,"TER",2011-02-01T21:00:00Z,Buy,9.27,16.98,18,138.78,2,0,138.78,17.28,1,"	1398,1471" 
2010-09-01T20:00:00Z,"OC",2011-05-02T20:00:00Z,Buy,27,37.65,16,170.4,2,-52.64,176.64,66.88,1,"	1397,1522" 
2010-09-01T20:00:00Z,"VECO",2011-05-02T20:00:00Z,Buy,34.37,51.57,8,137.6,2,-8,146.64,79.2,1,"	1399,1525" 
2010-09-01T20:00:00Z,"TER",2012-02-01T21:00:00Z,Buy,9.27,16.53,16,116.16,1,0,157.44,137.12,1,"	1398,1690" 
2010-09-01T20:00:00Z,"AIT",2012-09-04T20:00:00Z,Buy,28.69,41.55,4.4999740124817,57.87,1,-59.53,59.4,49.72,1,"	1393,1789" 
2010-09-01T20:00:00Z,"AIT",2012-11-01T20:00:00Z,Buy,28.69,40.94,18,220.5,1,-238.14,276.12,198.9,1,"	1393,1828" 
2010-09-01T20:00:00Z,"KLIC",2013-02-01T21:00:00Z,Buy,5.86,11.65,49,283.71,2,-20.58,361.62,274.4,1,"	1395,1883" 
2010-09-01T20:00:00Z,"BWS",2013-06-03T20:00:00Z,Buy,10.68,21.48,0.99999250000375,10.8,1,-0.18,26.55,2.45,1,"	1394,1949" 
2010-09-01T20:00:00Z,"TER",2013-09-03T20:00:00Z,Buy,9.27,15.44,13,80.21,1,0,127.92,111.41,1,"	1398,2020" 
2010-10-01T20:00:00Z,"GCI",2011-01-03T21:00:00Z,Buy,12.58,15.42,17,48.28,1,-13.94,103.53,39.61,1,"	1417,1453" 
2010-10-01T20:00:00Z,"BMY",2011-02-01T21:00:00Z,Buy,27.28,25.27,43,-86.43,2,-89.87,9.89,99.76,0,"	1413,1467" 
2010-10-01T20:00:00Z,"MANH",2011-03-01T21:00:00Z,Buy,29.59,31.87,22,50.16,2,-22.66,57.42,58.08,1,"	1418,1489" 
2010-10-01T20:00:00Z,"FOSL",2011-04-01T20:00:00Z,Buy,53.07,93.61,3,121.62,2,-0.96,121.74,26.4,1,"	1416,1506" 
2010-10-01T20:00:00Z,"DPZ",2011-05-02T20:00:00Z,Buy,13.15,18.56,42,227.22,2,-2.52,235.2,67.2,1,"	1415,1516" 
2010-10-01T20:00:00Z,"MGLN",2011-05-02T20:00:00Z,Buy,47.38,51.79,18,79.38,2,-32.76,86.58,96.66,1,"	1419,1520" 
2010-10-01T20:00:00Z,"FOSL",2011-07-01T20:00:00Z,Buy,53.07,121.96,2,137.78,1,-0.64,137.78,17.6,1,"	1416,1551" 
2010-10-01T20:00:00Z,"CRUS",2011-08-01T20:00:00Z,Buy,17.41,15.22,18,-39.42,2,-88.2,139.32,210.24,0,"	1414,1563" 
2010-10-01T20:00:00Z,"PLCE",2011-10-03T20:00:00Z,Buy,51.46,45.8,12,-67.92,2,-170.88,61.08,231.96,0,"	1420,1615" 
2010-10-01T20:00:00Z,"FOSL",2012-04-02T20:00:00Z,Buy,53.07,133.8,2,161.46,1,-0.64,164.94,122.72,1,"	1416,1716" 
2010-10-01T20:00:00Z,"RBIN",2012-05-01T20:00:00Z,Buy,30.44,48.6,14,254.24,2,-40.46,290.08,269.22,1,"	1421,1734" 
2010-10-01T20:00:00Z,"FOSL",2012-07-02T20:00:00Z,Buy,53.07,74.88,3,65.43,1,-0.96,255.69,206.46,1,"	1416,1764" 
2010-10-01T20:00:00Z,"ALK",2012-10-01T20:00:00Z,Buy,24.895,35.16,20,205.3,2,-33.1,285.8,184.5,1,"	1412,1805" 
2010-10-01T20:00:00Z,"USPH",2013-06-03T20:00:00Z,Buy,17.17,28.9,12,140.76,1,-119.04,140.76,111.72,1,"	1422,1957" 
2010-11-01T20:00:00Z,"IDT",2011-01-03T21:00:00Z,Buy,13.74,26.62,11,141.68,2,0,165.66,35.2,1,"	1436,1454" 
2010-11-01T20:00:00Z,"ARP",2011-04-01T20:00:00Z,Buy,7.06,10.37,61,201.91,2,-15.86,201.91,79.3,1,"	1431,1504" 
2010-11-01T20:00:00Z,"BIIB",2011-05-02T20:00:00Z,Buy,62.55,98.67,6,216.72,2,-0.3,235.5,26.7,1,"	1435,1518" 
2010-11-01T20:00:00Z,"ATSG",2011-06-01T20:00:00Z,Buy,7.08,7.02,46,-2.76,2,-2.76,64.4,67.16,0,"	1430,1540" 
2010-11-01T20:00:00Z,"FIZ",2011-09-01T20:00:00Z,Buy,14.01,16.08,48,99.36,1,-396.48,119.04,132,1,"	1434,1583" 
2010-11-01T20:00:00Z,"BIIB",2011-11-01T20:00:00Z,Buy,62.55,113.96,3,154.23,1,-0.15,168.51,71.85,1,"	1435,1624" 
2010-11-01T20:00:00Z,"EAT",2011-12-01T21:00:00Z,Buy,18.55,23.96,29,156.89,2,-8.99,232.58,190.24,1,"	1433,1650" 
2010-11-01T20:00:00Z,"IDT",2012-01-03T21:00:00Z,Buy,13.74,9.55,10,-41.9,1,-48.8,158.7,207.5,0,"	1436,1667" 
2010-11-01T20:00:00Z,"ATO",2012-02-01T21:00:00Z,Buy,29.53,32.62,7,21.63,1,-35.98,41.09,42.77,1,"	1432,1682" 
2010-11-01T20:00:00Z,"BIIB",2012-05-01T20:00:00Z,Buy,62.55,131.83,3,207.84,1,-0.15,214.38,71.85,1,"	1435,1728" 
2010-11-01T20:00:00Z,"USNA",2012-06-01T20:00:00Z,Buy,43.91,40.06,5,-19.25,2,-101.55,4.9,106.45,0,"	1437,1754" 
2010-11-01T20:00:00Z,"USNA",2013-05-01T20:00:00Z,Buy,43.91,54.93,4,44.08,1,-81.24,51.28,85.16,1,"	1437,1934" 
2010-11-01T20:00:00Z,"USNA",2014-11-03T21:00:00Z,Buy,43.91,115.22,4,285.24,1,-81.24,285.24,135.16,1,"	1437,2356" 
2010-12-01T21:00:00Z,"BMY",2011-02-01T21:00:00Z,Buy,25.56,25.27,9,-2.61,1,-3.33,17.55,13.77,0,"	1445,1467" 
2010-12-01T21:00:00Z,"SGU",2011-02-01T21:00:00Z,Buy,5.38,5.48,161,16.1,2,-27.37,16.1,28.98,1,"	1448,1470" 
2010-12-01T21:00:00Z,"CCF",2011-09-01T20:00:00Z,Buy,16,12.59,34,-115.94,2,-153,100.98,253.98,0,"	1446,1581" 
2010-12-01T21:00:00Z,"HLS",2011-11-01T20:00:00Z,Buy,17.97,16.9,14,-14.98,1,-52.08,142.66,194.74,0,"	1447,1623" 
2010-12-01T21:00:00Z,"SSP",2011-12-01T21:00:00Z,Buy,9.57,8.35,47,-57.34,2,-146.64,41.36,188,0,"	1449,1654" 
2011-01-03T21:00:00Z,"OTL",2011-03-01T21:00:00Z,Buy,20.68,25.61,8,39.44,2,-12.16,52.16,12.72,1,"	1460,1491" 
2011-01-03T21:00:00Z,"RGR",2011-04-01T20:00:00Z,Buy,15.09,23.09,13,104,2,-3.12,104,11.57,1,"	1461,1508" 
2011-01-03T21:00:00Z,"CLW",2011-06-01T20:00:00Z,Buy,81.25,67.69,3,-40.68,1,-111.06,10.26,43.5,0,"	1458,1541" 
2011-01-03T21:00:00Z,"STMP",2011-07-01T20:00:00Z,Buy,13.74,13.46,47,-13.16,2,-130.19,4.23,130.19,0,"	1462,1554" 
2011-01-03T21:00:00Z,"RGR",2011-08-01T20:00:00Z,Buy,15.09,27.75,13,164.58,1,-3.12,166.4,65.13,1,"	1461,1568" 
2011-01-03T21:00:00Z,"APU",2011-12-01T21:00:00Z,Buy,48.87,43.87,5,-25,1,-143.9,12.7,66.75,0,"	1457,1648" 
2011-01-03T21:00:00Z,"RGR",2012-03-01T21:00:00Z,Buy,15.09,41.93,6,161.04,1,-1.44,184.02,65.28,1,"	1461,1707" 
2011-01-03T21:00:00Z,"OTL",2012-05-01T20:00:00Z,Buy,20.68,29.94,19,175.94,1,-28.88,322.62,302.48,1,"	1460,1733" 
2011-01-03T21:00:00Z,"CPK",2013-01-02T21:00:00Z,Buy,41.55,46.78,5,26.15,2,-18.7,35.65,34.8,1,"	1459,1861" 
2011-01-03T21:00:00Z,"RGR",2013-05-01T20:00:00Z,Buy,15.09,49.62,12,414.36,1,-2.88,536.52,271.32,1,"	1461,1932" 
2011-01-03T21:00:00Z,"CPK",2014-10-01T20:00:00Z,Buy,27.70001385,41.48,5,68.9,1,-12.47,103.13,41.83,1,"	1459,2329" 
2011-01-03T21:00:00Z,"CPK",2015-01-02T21:00:00Z,Buy,27.70001385,49.89,18.999988000006,421.61,1,-47.37,473.1,158.97,1,"	1459,2397" 
2011-02-01T21:00:00Z,"MANH",2011-03-01T21:00:00Z,Buy,29.79,31.87,7,14.56,1,-8.61,16.87,10.01,1,"	1477,1489" 
2011-02-01T21:00:00Z,"DISCA",2011-05-02T20:00:00Z,Buy,39,44.65,6,33.9,1,-80.76,35.82,33.42,1,"	1474,1515" 
2011-02-01T21:00:00Z,"IPAR",2011-05-02T20:00:00Z,Buy,17.86,18.94,12,12.96,1,-79.92,20.88,14.88,1,"	1475,1519" 
2011-02-01T21:00:00Z,"NC",2011-07-01T20:00:00Z,Buy,109.28,100.17,3,-27.33,2,-64.44,48.87,113.31,0,"	1479,1552" 
2011-02-01T21:00:00Z,"KWR",2011-08-01T20:00:00Z,Buy,39.74,40.4,12,7.92,2,-51,65.28,71.16,1,"	1476,1567" 
2011-02-01T21:00:00Z,"MGEE",2011-09-01T20:00:00Z,Buy,41.65,41.58,11,-0.77,2,-38.94,13.64,50.16,0,"	1478,1585" 
2011-02-01T21:00:00Z,"VSH",2011-11-01T20:00:00Z,Buy,16.94,9.98,32,-222.72,2,-283.2,67.52,350.72,0,"	1482,1633" 
2011-02-01T21:00:00Z,"MGEE",2011-12-01T21:00:00Z,Buy,41.65,44.15,23,57.5,1,-81.42,99.82,104.88,1,"	1478,1652" 
2011-02-01T21:00:00Z,"WTI",2012-01-03T21:00:00Z,Buy,20.67,22.32,21,34.65,2,-169.05,168.21,337.26,1,"	1483,1673" 
2011-02-01T21:00:00Z,"PLPC",2012-11-01T20:00:00Z,Buy,64.38,54.1,8,-82.24,2,-179.12,102.16,281.28,0,"	1480,1833" 
2011-02-01T21:00:00Z,"USNA",2014-11-03T21:00:00Z,Buy,38.96,115.22,1,76.26,1,-15.36,76.26,33.79,1,"	1481,2356" 
2011-02-01T21:00:00Z,"USNA",2015-06-01T20:00:00Z,Buy,38.96,129.52,2,181.12,1,-30.72,203.1,67.58,1,"	1481,2520" 
2011-02-01T21:00:00Z,"USNA",2015-09-01T20:00:00Z,Buy,38.96,141.49,2,205.06,1,-30.72,274.32,69.86,1,"	1481,2596" 
2011-03-01T21:00:00Z,"EBF",2011-05-02T20:00:00Z,Buy,15.54,18.5,14,41.44,1,-11.48,62.86,21.42,1,"	1494,1517" 
2011-03-01T21:00:00Z,"NP",2011-06-01T20:00:00Z,Buy,18.98,22.03,13,39.65,1,-66.17,56.94,28.34,1,"	1499,1544" 
2011-03-01T21:00:00Z,"HRC",2011-08-01T20:00:00Z,Buy,38.01,34.39,7,-25.34,2,-25.34,66.29,91.63,0,"	1496,1565" 
2011-03-01T21:00:00Z,"HRC",2011-09-01T20:00:00Z,Buy,38.01,30.08,14,-111.02,1,-145.32,132.58,277.9,0,"	1496,1584" 
2011-03-01T21:00:00Z,"PETS",2011-09-01T20:00:00Z,Buy,14.57,9.94,16,-74.08,1,-81.76,158.88,102.88,0,"	1501,1586" 
2011-03-01T21:00:00Z,"SPH",2011-09-01T20:00:00Z,Buy,57.4,47.14,4,-41.04,1,-82.44,5.4,67.96,0,"	1502,1588" 
2011-03-01T21:00:00Z,"ALGN",2011-10-03T20:00:00Z,Buy,20.52,14.26,10,-62.6,1,-112.5,44.7,107.3,0,"	1492,1610" 
2011-03-01T21:00:00Z,"SWX",2011-11-01T20:00:00Z,Buy,38.71,38.44,7,-1.89,1,-69.79,11.13,56.42,0,"	1503,1631" 
2011-03-01T21:00:00Z,"MKSI",2011-12-01T21:00:00Z,Buy,29.79,26.35,9,-30.96,2,-86.04,35.1,121.14,0,"	1498,1653" 
2011-03-01T21:00:00Z,"MIC",2012-01-03T21:00:00Z,Buy,23.72,28.21,32,143.68,2,-112.32,143.68,252.16,1,"	1497,1669" 
2011-03-01T21:00:00Z,"OYOG",2012-01-03T21:00:00Z,Buy,96.7,78.81,5,-89.45,2,-221,49.25,270.25,0,"	1500,1671" 
2011-03-01T21:00:00Z,"BRKS",2012-10-01T20:00:00Z,Buy,12.62,7.81,34,-163.54,2,-173.4,57.46,230.86,0,"	1493,1807" 
2011-03-01T21:00:00Z,"MKSI",2012-12-03T21:00:00Z,Buy,29.79,24.02,9,-51.93,1,-86.04,35.1,121.14,0,"	1498,1848" 
2011-03-01T21:00:00Z,"ENTG",2013-09-03T20:00:00Z,Buy,8.51,9.42,45,40.95,2,-108,86.85,194.85,1,"	1495,2015" 
2011-04-01T20:00:00Z,"NUS",2011-05-02T20:00:00Z,Buy,28.7,32.58,8,31.04,1,-35.44,31.04,9.68,1,"	1512,1521" 
2011-04-01T20:00:00Z,"MGEE",2011-12-01T21:00:00Z,Buy,41.24,44.15,5,14.55,1,-15.65,23.75,22.8,1,"	1511,1652" 
2011-04-01T20:00:00Z,"KAI",2012-01-03T21:00:00Z,Buy,26.72,22.55,17,-70.89,2,-173.57,138.04,311.61,0,"	1513,1672" 
2011-04-01T20:00:00Z,"DXPE",2012-02-01T21:00:00Z,Buy,24,35.91,6,71.46,2,-36.9,72.96,58.26,1,"	1509,1686" 
2011-04-01T20:00:00Z,"DXPE",2012-05-01T20:00:00Z,Buy,24,44.76,17,352.92,1,-104.55,362.78,165.07,1,"	1509,1726" 
2011-04-01T20:00:00Z,"LSCC",2012-06-01T20:00:00Z,Buy,5.94,4.29,81,-133.65,2,-133.65,89.1,222.75,0,"	1510,1749" 
2011-05-02T20:00:00Z,"CLW",2011-06-01T20:00:00Z,Buy,78.25,67.69,3,-31.68,1,-102.06,19.26,31.68,0,"	1527,1541" 
2011-05-02T20:00:00Z,"EBS",2011-06-01T20:00:00Z,Buy,23.7,23.98,11,3.08,2,-33.44,14.08,33.44,1,"	1530,1543" 
2011-05-02T20:00:00Z,"EBS",2011-08-01T20:00:00Z,Buy,23.7,20.52,22,-69.96,1,-69.96,28.16,98.12,0,"	1530,1564" 
2011-05-02T20:00:00Z,"FIZ",2011-09-01T20:00:00Z,Buy,13.58,16.08,14.400112799946,36,1,-112.75,41.9,23.18,1,"	1531,1583" 
2011-05-02T20:00:00Z,"LRCX",2011-11-01T20:00:00Z,Buy,48.09,42.22,13,-76.31,2,-165.23,7.02,172.25,0,"	1533,1626" 
2011-05-02T20:00:00Z,"MRCY",2011-11-01T20:00:00Z,Buy,19.07,13.94,30,-153.9,2,-231.6,6,237.6,0,"	1535,1627" 
2011-05-02T20:00:00Z,"RAVN",2011-11-01T20:00:00Z,Buy,52.89,57.64,4,19,2,-33.32,41.08,59.72,1,"	1536,1630" 
2011-05-02T20:00:00Z,"SSP",2011-12-01T21:00:00Z,Buy,9.41,8.35,25,-26.5,1,-74,26,83,0,"	1538,1654" 
2011-05-02T20:00:00Z,"HUBB",2012-01-03T21:00:00Z,Buy,69.4,67.8,3,-4.8,2,-64.29,0,64.29,0,"	1532,1666" 
2011-05-02T20:00:00Z,"MERC",2012-01-03T21:00:00Z,Buy,12.1,6.49,36,-201.96,2,-243.36,58.68,302.04,0,"	1534,1668" 
2011-05-02T20:00:00Z,"ATRI",2012-03-01T21:00:00Z,Buy,172.65,201,1,28.35,2,-54.24,88.94,60.59,1,"	1526,1698" 
2011-05-02T20:00:00Z,"CNC",2012-03-01T21:00:00Z,Buy,36.4,49.04,5,63.2,2,-50.4,66.85,57.75,1,"	1528,1702" 
2011-05-02T20:00:00Z,"CUB",2012-03-01T21:00:00Z,Buy,53.55,47.5,16,-96.8,2,-260.32,17.76,278.08,0,"	1529,1703" 
2011-05-02T20:00:00Z,"RES",2012-04-02T20:00:00Z,Buy,17.32667533,10.41,25.749441568737,-178.1,1,-344.6,16.82,220.59,0,"	1537,1719" 
2011-05-02T20:00:00Z,"RAVN",2012-06-01T20:00:00Z,Buy,52.89,65.27,9,111.42,1,-74.97,151.47,134.37,1,"	1536,1752" 
2011-05-02T20:00:00Z,"CNC",2012-08-01T20:00:00Z,Buy,36.4,37.48,14,15.12,1,-141.12,201.6,335.44,1,"	1528,1778" 
2011-05-02T20:00:00Z,"ATRI",2012-09-04T20:00:00Z,Buy,172.65,219.67,1,47.02,1,-54.24,88.94,63.82,1,"	1526,1790" 
2011-05-02T20:00:00Z,"UNH",2013-01-02T21:00:00Z,Buy,49.88,54.54,18,83.88,2,-144.54,186.84,203.04,1,"	1539,1870" 
2011-05-02T20:00:00Z,"HUBB",2013-08-01T20:00:00Z,Buy,69.4,110.9,12,498,1,-257.16,498,257.16,1,"	1532,1986" 
2011-05-02T20:00:00Z,"RES",2014-04-01T20:00:00Z,Buy,17.32667533,20.59,2.7505441812702,8.98,1,-36.81,9.22,23.56,1,"	1537,2181" 
2011-06-01T20:00:00Z,"RIGL",2011-09-01T20:00:00Z,Buy,8.01,7.48,65,-34.45,2,-76.7,139.1,215.8,0,"	1548,1587" 
2011-06-01T20:00:00Z,"APU",2011-12-01T21:00:00Z,Buy,44.76,43.87,6,-5.34,1,-148.02,39.9,47.76,0,"	1547,1648" 
2011-06-01T20:00:00Z,"TISI",2011-12-01T21:00:00Z,Buy,21.87,26.9,8,40.24,2,-10.88,43.92,51.76,1,"	1549,1655" 
2011-06-01T20:00:00Z,"TISI",2013-04-01T20:00:00Z,Buy,21.87,39.86,6,107.94,1,-8.16,147.66,54.18,1,"	1549,1914" 
2011-06-01T20:00:00Z,"TISI",2013-07-01T20:00:00Z,Buy,21.87,38.42,12,198.6,1,-16.32,295.32,137.76,1,"	1549,1972" 
2011-06-01T20:00:00Z,"WLK",2013-08-01T20:00:00Z,Buy,54.71,104.84,2,100.26,2,-44.74,101.66,46.22,1,"	1550,1992" 
2011-06-01T20:00:00Z,"WLK",2014-05-01T20:00:00Z,Buy,27.355,70.86,4,174.02,1,-44.74,175.38,46.22,1,"	1550,2204" 
2011-06-01T20:00:00Z,"WLK",2014-09-02T20:00:00Z,Buy,27.355,97.96,3,211.82,1,-33.56,211.82,34.66,1,"	1550,2316" 
2011-06-01T20:00:00Z,"WLK",2015-08-03T20:00:00Z,Buy,27.355,61.84,9,310.36,1,-100.66,635.44,398.61,1,"	1550,2563" 
2011-07-01T20:00:00Z,"ALG",2011-08-01T20:00:00Z,Buy,23.62,24.02,9,3.6,1,-40.41,49.68,23.22,1,"	1555,1562" 
2011-07-01T20:00:00Z,"LHCG",2011-12-01T21:00:00Z,Buy,23.61,13.93,9,-87.12,1,-101.34,123.75,103.95,0,"	1556,1651" 
2011-07-01T20:00:00Z,"VECO",2011-12-01T21:00:00Z,Buy,48.58,25.14,10,-234.4,2,-265.3,0,265.3,0,"	1560,1657" 
2011-07-01T20:00:00Z,"USMO",2012-05-01T20:00:00Z,Buy,15.44,12.75,44,-118.36,2,-121,81.4,202.4,0,"	1559,1735" 
2011-07-01T20:00:00Z,"MGLN",2012-08-01T20:00:00Z,Buy,54.63,47.51,7,-49.84,2,-96.74,10.5,107.24,0,"	1557,1779" 
2011-07-01T20:00:00Z,"MYGN",2012-11-01T20:00:00Z,Buy,23.13,26.86,33,123.09,2,-173.91,171.27,198,1,"	1558,1831" 
2011-07-01T20:00:00Z,"MGLN",2013-05-01T20:00:00Z,Buy,54.63,50.09,12,-54.48,1,-165.84,18,183.84,0,"	1557,1929" 
2011-08-01T20:00:00Z,"NDSN",2012-02-01T21:00:00Z,Buy,50.5,46.39,13,-53.43,2,-172.77,0,172.77,0,"	1575,1688" 
2011-08-01T20:00:00Z,"LFUS",2012-04-02T20:00:00Z,Buy,51.89,64.86,5,64.85,2,-66.65,64.85,66.65,1,"	1573,1717" 
2011-08-01T20:00:00Z,"MRO",2012-06-01T20:00:00Z,Buy,30.65,23.89,23,-155.48,2,-238.51,101.66,257.14,0,"	1574,1750" 
2011-08-01T20:00:00Z,"FL",2012-06-01T20:00:00Z,Buy,21.61,30.38,9,78.93,2,-43.56,100.44,43.56,1,"	1576,1755" 
2011-08-01T20:00:00Z,"GCO",2013-01-02T21:00:00Z,Buy,52.76,56.03,10,32.7,2,-109.9,260.1,281.4,1,"	1572,1864" 
2011-08-01T20:00:00Z,"LFUS",2013-05-01T20:00:00Z,Buy,51.89,68.3,4,65.64,1,-53.32,71.72,57.44,1,"	1573,1927" 
2011-08-01T20:00:00Z,"BKE",2014-04-01T20:00:00Z,Buy,44.21,46.33,12,25.44,1,-355.56,155.16,182.4,1,"	1570,2177" 
2011-08-01T20:00:00Z,"FL",2014-04-01T20:00:00Z,Buy,21.61,47.3,8,205.52,1,-38.72,205.52,45.36,1,"	1576,2185" 
2011-08-01T20:00:00Z,"LFUS",2014-07-01T20:00:00Z,Buy,51.89,96.12,6,265.38,1,-79.98,281.04,86.16,1,"	1573,2259" 
2011-08-01T20:00:00Z,"CPK",2015-01-02T21:00:00Z,Buy,25.9333463,49.89,8.9999955000022,215.61,1,-6.54,240,75.3,1,"	1571,2397" 
2011-08-01T20:00:00Z,"FL",2015-09-01T20:00:00Z,Buy,21.61,70.4,3,146.37,1,-14.52,157.53,19.14,1,"	1576,2598" 
2011-09-01T20:00:00Z,"PLCE",2011-10-03T20:00:00Z,Buy,41.59,45.8,5,21.05,1,-21.85,74.8,18.15,1,"	1604,1615" 
2011-09-01T20:00:00Z,"DEPO",2011-11-01T20:00:00Z,Buy,6.08,4.38,73,-124.1,2,-128.48,24.82,153.3,0,"	1594,1622" 
2011-09-01T20:00:00Z,"LRCX",2011-11-01T20:00:00Z,Buy,36.58,42.22,7,39.48,1,-8.4,84.35,26.88,1,"	1600,1626" 
2011-09-01T20:00:00Z,"MRCY",2011-11-01T20:00:00Z,Buy,13.84,13.94,21,2.1,1,-52.29,114.03,52.29,1,"	1603,1627" 
2011-09-01T20:00:00Z,"VSH",2011-11-01T20:00:00Z,Buy,11.15,9.98,18,-21.06,1,-55.08,142.2,55.08,0,"	1609,1633" 
2011-09-01T20:00:00Z,"VECO",2011-12-01T21:00:00Z,Buy,34.66,25.14,6,-57.12,1,-75.66,83.52,75.66,0,"	1608,1657" 
2011-09-01T20:00:00Z,"DV",2012-01-03T21:00:00Z,Buy,42.52,38.75,13,-49.01,2,-123.89,51.22,175.11,0,"	1595,1665" 
2011-09-01T20:00:00Z,"IDT",2012-01-03T21:00:00Z,Buy,21.17,9.55,13,-151.06,1,-160.03,109.72,169.26,0,"	1597,1667" 
2011-09-01T20:00:00Z,"CECO",2012-03-01T21:00:00Z,Buy,16.04,8.63,32,-237.12,2,-311.04,55.04,366.08,0,"	1592,1699" 
2011-09-01T20:00:00Z,"B",2012-04-02T20:00:00Z,Buy,21.89,26.96,28,141.96,2,-106.4,170.24,128.24,1,"	1590,1714" 
2011-09-01T20:00:00Z,"LINC",2012-04-02T20:00:00Z,Buy,9.29,7.91,23,-31.74,1,-55.2,432.63,63.25,0,"	1599,1718" 
2011-09-01T20:00:00Z,"BIIB",2012-05-01T20:00:00Z,Buy,93.61,131.83,3,114.66,1,-93.33,121.2,35.79,1,"	1596,1728" 
2011-09-01T20:00:00Z,"LXU",2012-07-02T20:00:00Z,Buy,39.7,30.85,11,-97.35,2,-153.56,17.05,168.63,0,"	1601,1766" 
2011-09-01T20:00:00Z,"BRKS",2012-10-01T20:00:00Z,Buy,8.93,7.81,25,-28,1,-35.25,134.5,114.25,0,"	1591,1807" 
2011-09-01T20:00:00Z,"MKSI",2012-12-03T21:00:00Z,Buy,22.57,24.02,14,20.3,1,-32.76,155.68,132.72,1,"	1602,1848" 
2011-09-01T20:00:00Z,"CVI",2013-02-01T21:00:00Z,Buy,27.17,53.58,5,132.05,2,-50.85,157.9,59.4,1,"	1593,1882" 
2011-09-01T20:00:00Z,"LG",2013-02-01T21:00:00Z,Buy,39.74,40.13,26,10.14,2,-61.36,96.98,150.54,1,"	1598,1884" 
2011-09-01T20:00:00Z,"UFS",2013-03-01T21:00:00Z,Buy,77.38,74.65,3,-8.19,1,-91.29,82.86,92.58,0,"	1607,1900" 
2011-09-01T20:00:00Z,"SCVL",2013-06-03T20:00:00Z,Buy,16.61334164,24.64,11.999994000003,96.32,1,-67.12,96.32,64.08,1,"	1605,1956" 
2011-09-01T20:00:00Z,"TER",2013-09-03T20:00:00Z,Buy,11.86,15.44,24,85.92,1,-62.16,174,103.92,1,"	1606,2020" 
2011-09-01T20:00:00Z,"CVI",2014-01-02T21:00:00Z,Buy,27.17,43.68,11,181.61,1,-111.87,475.31,404.36,1,"	1593,2100" 
2011-10-03T20:00:00Z,"KELYA",2011-11-01T20:00:00Z,Buy,10.9,15.32,41,181.22,2,0,242.72,61.5,1,"	1618,1625" 
2011-10-03T20:00:00Z,"MERC",2012-01-03T21:00:00Z,Buy,6.73,6.49,30,-7.2,1,-41.7,210,63.6,0,"	1619,1668" 
2011-10-03T20:00:00Z,"DAR",2012-06-01T20:00:00Z,Buy,11.7,14.07,38,90.06,2,0,235.6,147.44,1,"	1616,1746" 
2011-10-03T20:00:00Z,"DSW",2012-06-01T20:00:00Z,Buy,45,57.26,10,122.6,2,-30.9,165.2,118.6,1,"	1617,1748" 
2011-10-03T20:00:00Z,"AVA",2012-07-02T20:00:00Z,Buy,23.65,26.95,41,135.3,2,0,135.3,98.4,1,"	1621,1770" 
2011-10-03T20:00:00Z,"MLR",2012-09-04T20:00:00Z,Buy,16.57,15.51,40,-42.4,2,-87.6,174.4,262,0,"	1620,1795" 
2011-11-01T20:00:00Z,"IDT",2012-01-03T21:00:00Z,Buy,12,9.55,21,-51.45,1,-65.94,369.81,111.09,0,"	1642,1667" 
2011-11-01T20:00:00Z,"CROX",2012-02-01T21:00:00Z,Buy,17.86,19.79,19,36.67,2,-65.93,36.67,66.5,1,"	1638,1683" 
2011-11-01T20:00:00Z,"CRUS",2012-02-01T21:00:00Z,Buy,16.23,20.68,28,124.6,2,-53.2,163.52,91,1,"	1639,1684" 
2011-11-01T20:00:00Z,"INTC",2012-02-01T21:00:00Z,Buy,23.89,26.55,8,21.28,2,-9.52,24.08,21.12,1,"	1643,1687" 
2011-11-01T20:00:00Z,"CHS",2012-03-01T21:00:00Z,Buy,12.29,15.29,56,168,2,-131.6,168,140,1,"	1636,1700" 
2011-11-01T20:00:00Z,"DISH",2012-04-02T20:00:00Z,Buy,23.83,33.58,8,78,2,-4.48,78,20.08,1,"	1640,1715" 
2011-11-01T20:00:00Z,"MXIM",2012-05-01T20:00:00Z,Buy,25.57,29,10,34.3,2,-16.5,42.9,31.6,1,"	1644,1730" 
2011-11-01T20:00:00Z,"SPPI",2012-07-02T20:00:00Z,Buy,10.91,16,17,86.53,2,-23.8,86.53,108.12,1,"	1645,1768" 
2011-11-01T20:00:00Z,"OXM",2012-08-01T20:00:00Z,Buy,38.95,42.21,14,45.64,2,-74.76,185.08,172.62,1,"	1646,1780" 
2011-11-01T20:00:00Z,"ATRI",2012-09-04T20:00:00Z,Buy,221.49,219.67,1,-1.82,1,-103.08,40.1,63.82,0,"	1635,1790" 
2011-11-01T20:00:00Z,"GME",2012-11-01T20:00:00Z,Buy,25.04,23.6,9,-12.96,2,-83.79,7.11,90.9,0,"	1641,1830" 
2011-11-01T20:00:00Z,"SXI",2012-11-01T20:00:00Z,Buy,36.1,50.79,13,190.97,2,-92.95,190.97,122.72,1,"	1647,1835" 
2011-11-01T20:00:00Z,"SPPI",2012-12-03T21:00:00Z,Buy,10.91,11.74,29,24.07,1,-40.6,178.06,185.89,1,"	1645,1849" 
2011-11-01T20:00:00Z,"DISH",2013-01-02T21:00:00Z,Buy,23.83,37.01,21,276.78,1,-11.76,290.22,152.67,1,"	1640,1863" 
2011-11-01T20:00:00Z,"GME",2013-01-02T21:00:00Z,Buy,25.04,25.66,26,16.12,1,-242.06,72.54,262.6,1,"	1641,1865" 
2011-11-01T20:00:00Z,"INTC",2013-01-02T21:00:00Z,Buy,23.89,21.38,38,-95.38,1,-172.14,201.02,373.16,0,"	1643,1866" 
2011-11-01T20:00:00Z,"CVX",2014-02-03T21:00:00Z,Buy,102.08,111.14,2,18.12,2,-19.58,51.36,33.24,1,"	1637,2119" 
2011-11-01T20:00:00Z,"MXIM",2014-02-03T21:00:00Z,Buy,25.57,29.86,30,128.7,1,-49.5,232.2,192,1,"	1644,2124" 
2011-11-01T20:00:00Z,"CVX",2014-08-01T20:00:00Z,Buy,102.08,127.9,2,51.64,1,-19.58,65.54,36.48,1,"	1637,2275" 
2011-11-01T20:00:00Z,"CVX",2014-11-03T21:00:00Z,Buy,102.08,116.78,2,29.4,1,-19.58,65.54,51.16,1,"	1637,2345" 
2011-11-01T20:00:00Z,"CVX",2015-01-02T21:00:00Z,Buy,102.08,112.58,3,31.5,1,-29.37,98.31,101.97,1,"	1637,2396" 
2011-12-01T21:00:00Z,"LZB",2012-03-01T21:00:00Z,Buy,11.59,14.21,14,36.68,2,-7.84,44.24,18.9,1,"	1663,1706" 
2011-12-01T21:00:00Z,"NEU",2012-05-01T20:00:00Z,Buy,196.92,219.91,1,22.99,2,-23.46,31.66,46.83,1,"	1660,1727" 
2011-12-01T21:00:00Z,"CF",2012-06-01T20:00:00Z,Buy,146.98,162.09,2,30.22,2,-34.22,106.3,91.76,1,"	1658,1745" 
2011-12-01T21:00:00Z,"HOC",2012-07-02T20:00:00Z,Buy,23.43,35.69,7,85.82,2,-11.41,87.92,54.53,1,"	1661,1765" 
2011-12-01T21:00:00Z,"ED",2012-10-01T20:00:00Z,Buy,59.51,59.48,28,-0.84,2,-66.64,152.04,163.24,0,"	1659,1810" 
2011-12-01T21:00:00Z,"NEU",2012-11-01T20:00:00Z,Buy,196.92,277.43,1,80.51,1,-23.46,80.51,46.83,1,"	1660,1829" 
2011-12-01T21:00:00Z,"UACL",2013-01-02T21:00:00Z,Buy,13.7,18.43,32,151.36,2,-36.8,162.24,199.04,1,"	1664,1869" 
2011-12-01T21:00:00Z,"CF",2013-08-01T20:00:00Z,Buy,146.98,195.98,2,98,1,-34.22,166.92,120.32,1,"	1658,1984" 
2011-12-01T21:00:00Z,"KLAC",2013-09-03T20:00:00Z,Buy,47.23,55.38,17,138.55,2,-55.42,228.14,189.38,1,"	1662,2017" 
2011-12-01T21:00:00Z,"LZB",2013-12-02T21:00:00Z,Buy,11.59,28.99,12,208.8,1,-6.72,215.64,60.72,1,"	1663,2079" 
2011-12-01T21:00:00Z,"HOC",2014-03-03T21:00:00Z,Buy,23.43,44.88,14,300.3,1,-22.82,490,261.8,1,"	1661,2150" 
2011-12-01T21:00:00Z,"NEU",2014-05-01T20:00:00Z,Buy,196.92,370.44,1,173.52,1,-23.46,204.37,46.83,1,"	1660,2198" 
2011-12-01T21:00:00Z,"LZB",2014-09-02T20:00:00Z,Buy,11.59,21.81,21,214.62,1,-11.76,408.24,219.66,1,"	1663,2305" 
2012-01-03T21:00:00Z,"ITT",2012-03-01T21:00:00Z,Buy,19.57,24.87,34,180.2,2,0,182.92,39.1,1,"	1676,1705" 
2012-01-03T21:00:00Z,"NR",2012-05-01T20:00:00Z,Buy,9.81,6.31,49,-171.5,2,-171.5,22.54,194.04,0,"	1678,1731" 
2012-01-03T21:00:00Z,"DK",2012-07-02T20:00:00Z,Buy,11.74,18.22,12,77.76,2,-7.32,77.76,22.44,1,"	1675,1763" 
2012-01-03T21:00:00Z,"MMS",2012-07-02T20:00:00Z,Buy,41.8,52.68,8,87.04,2,-14.32,87.04,48.48,1,"	1677,1767" 
2012-01-03T21:00:00Z,"PRIM",2012-07-02T20:00:00Z,Buy,15.19,12.15,39,-118.56,2,-163.02,68.25,231.27,0,"	1679,1769" 
2012-01-03T21:00:00Z,"BBSI",2012-08-01T20:00:00Z,Buy,21.08,25.71,10,46.3,2,-49.2,50.4,49.2,1,"	1674,1776" 
2012-01-03T21:00:00Z,"DK",2012-09-04T20:00:00Z,Buy,11.74,27.39,13,203.45,1,-7.93,203.45,39.39,1,"	1675,1793" 
2012-01-03T21:00:00Z,"TDY",2013-01-02T21:00:00Z,Buy,55.82,66.66,13,140.92,2,-7.8,140.92,111.54,1,"	1681,1868" 
2012-01-03T21:00:00Z,"BBSI",2013-04-01T20:00:00Z,Buy,21.08,51.53,6,182.7,1,-29.52,189.48,29.52,1,"	1674,1911" 
2012-01-03T21:00:00Z,"MMS",2013-05-01T20:00:00Z,Buy,41.8,77.75,4,143.8,1,-7.16,156,31.48,1,"	1677,1930" 
2012-01-03T21:00:00Z,"BBSI",2013-08-01T20:00:00Z,Buy,21.08,72.22,5,255.7,1,-24.6,255.7,59.45,1,"	1674,1983" 
2012-01-03T21:00:00Z,"MMS",2013-10-01T20:00:00Z,Buy,20.9,46.85,22,570.9,1,-19.69,570.9,112.2,1,"	1677,2037" 
2012-01-03T21:00:00Z,"BBSI",2013-11-01T20:00:00Z,Buy,21.08,89.19,4,272.44,1,-19.68,272.44,47.56,1,"	1674,2049" 
2012-01-03T21:00:00Z,"DK",2013-11-01T20:00:00Z,Buy,11.74,25.26,18,243.36,1,-10.98,517.68,365.94,1,"	1675,2050" 
2012-01-03T21:00:00Z,"BBSI",2014-04-01T20:00:00Z,Buy,21.08,61.41,6,241.98,1,-29.52,478.92,257.46,1,"	1674,2175" 
2012-01-03T21:00:00Z,"SMP",2015-03-02T21:00:00Z,Buy,21,42.33,23,490.59,2,-203.78,562.35,307.05,1,"	1680,2445" 
2012-02-01T21:00:00Z,"CRMT",2012-03-01T21:00:00Z,Buy,37.96,45.25,5,36.45,2,-0.5,43.85,10.6,1,"	1693,1701" 
2012-02-01T21:00:00Z,"LLY",2012-05-01T20:00:00Z,Buy,39.8,41.24,34,48.96,2,-44.54,54.06,44.54,1,"	1695,1729" 
2012-02-01T21:00:00Z,"PLCE",2012-06-01T20:00:00Z,Buy,49.9,44.61,14,-74.06,2,-81.76,50.54,132.3,0,"	1697,1751" 
2012-02-01T21:00:00Z,"BMY",2012-08-01T20:00:00Z,Buy,32.43,35.59,6,18.96,2,-3.48,22.32,10.62,1,"	1692,1777" 
2012-02-01T21:00:00Z,"ATRI",2012-09-04T20:00:00Z,Buy,249.74,219.67,1,-30.07,1,-131.33,11.85,63.82,0,"	1691,1790" 
2012-02-01T21:00:00Z,"CRMT",2012-09-04T20:00:00Z,Buy,37.96,46.02,14,112.84,1,-13.86,148.96,142.66,1,"	1693,1792" 
2012-02-01T21:00:00Z,"BMY",2012-10-01T20:00:00Z,Buy,32.43,33.91,38,56.24,1,-33.06,141.36,174.42,1,"	1692,1806" 
2012-02-01T21:00:00Z,"MSM",2013-01-02T21:00:00Z,Buy,77.24,77,11,-2.64,2,-168.74,77.33,246.07,0,"	1696,1867" 
2012-02-01T21:00:00Z,"DDS",2013-06-03T20:00:00Z,Buy,43.89,91.44,5,237.75,1,-122.75,249,60.7,1,"	1694,1952" 
2012-03-01T21:00:00Z,"BIIB",2012-05-01T20:00:00Z,Buy,118.71,131.83,2,26.24,1,-112.42,30.6,7.56,1,"	1710,1728" 
2012-03-01T21:00:00Z,"AVA",2012-07-02T20:00:00Z,Buy,24.74,26.95,10,22.1,1,-10.9,22.1,13.8,1,"	1713,1770" 
2012-03-01T21:00:00Z,"CALM",2012-09-04T20:00:00Z,Buy,39.48,40.36,5,4.4,2,-24.55,13.05,37.6,1,"	1708,1791" 
2012-03-01T21:00:00Z,"CALM",2012-10-01T20:00:00Z,Buy,39.48,45.74,24,150.24,1,-117.84,150.24,180.48,1,"	1708,1808" 
2012-03-01T21:00:00Z,"SYNA",2012-11-01T20:00:00Z,Buy,37.26,23.65,18,-244.98,2,-261.72,0,261.72,0,"	1712,1836" 
2012-03-01T21:00:00Z,"PNM",2013-08-01T20:00:00Z,Buy,18.05,23.76,51,291.21,1,-44.71,623.73,135.66,1,"	1711,1989" 
2012-03-01T21:00:00Z,"ICFI",2014-03-03T21:00:00Z,Buy,24.88,40.23,16,245.6,2,-106.08,259.68,125.92,1,"	1709,2151" 
2012-03-01T21:00:00Z,"ICFI",2014-10-01T20:00:00Z,Buy,24.88,30.43,7,38.85,1,-46.41,114.94,76.09,1,"	1709,2332" 
2012-04-02T20:00:00Z,"CMTL",2012-10-01T20:00:00Z,Buy,33.85,27.74,31,-189.41,2,-226.3,1.86,228.16,0,"	1721,1809" 
2012-04-02T20:00:00Z,"STMP",2012-10-01T20:00:00Z,Buy,27.76,23.26,15,-67.5,2,-133.8,38.25,172.05,0,"	1724,1813" 
2012-04-02T20:00:00Z,"DISCA",2013-01-02T21:00:00Z,Buy,50.99,65.48,4,57.96,2,-10.48,57.96,27.04,1,"	1722,1862" 
2012-04-02T20:00:00Z,"LG",2013-02-01T21:00:00Z,Buy,39.63,40.13,6,3,1,-13.5,23.04,34.74,1,"	1723,1884" 
2012-04-02T20:00:00Z,"DISCA",2014-03-03T21:00:00Z,Buy,50.99,82.08,15,466.35,1,-39.3,592.05,197.4,1,"	1722,2147" 
2012-05-01T20:00:00Z,"RSC",2012-06-01T20:00:00Z,Buy,27.16,17.76,25,-235,2,-235,0,235,0,"	1742,1753" 
2012-05-01T20:00:00Z,"SCHL",2012-10-01T20:00:00Z,Buy,29.47,32.07,21,54.6,2,-66.36,95.97,77.7,1,"	1743,1812" 
2012-05-01T20:00:00Z,"AEE",2012-12-03T21:00:00Z,Buy,33,29.58,42,-143.64,2,-186.48,71.82,258.3,0,"	1737,1846" 
2012-05-01T20:00:00Z,"AAPL",2013-03-01T21:00:00Z,Buy,582.13,430.51,1,-151.62,2,-151.62,119.97,271.59,0,"	1736,1897" 
2012-05-01T20:00:00Z,"EGY",2013-04-01T20:00:00Z,Buy,9.38,7.38,43,-86,2,-98.9,1.72,98.9,0,"	1738,1913" 
2012-05-01T20:00:00Z,"NHC",2013-05-01T20:00:00Z,Buy,45.41,45.03,12,-4.56,2,-53.4,57.12,83.28,0,"	1740,1931" 
2012-05-01T20:00:00Z,"RCII",2013-08-01T20:00:00Z,Buy,34.51,40.5,21,125.79,2,-39.9,125.79,90.51,1,"	1741,1990" 
2012-05-01T20:00:00Z,"VLGEA",2013-08-01T20:00:00Z,Buy,27.14,37.25,22,222.42,2,-62.7,249.26,172.92,1,"	1744,1991" 
2012-05-01T20:00:00Z,"ENTG",2013-09-03T20:00:00Z,Buy,8.85,9.42,24,13.68,1,-65.76,38.16,36.48,1,"	1739,2015" 
2012-06-01T20:00:00Z,"ATRO",2012-08-01T20:00:00Z,Buy,24.65,29.8,21,108.15,2,0,127.89,38.64,1,"	1757,1775" 
2012-06-01T20:00:00Z,"PETS",2012-08-01T20:00:00Z,Buy,11.17,9.6,43,-67.51,2,-77.83,50.74,128.57,0,"	1761,1781" 
2012-06-01T20:00:00Z,"NUS",2012-11-01T20:00:00Z,Buy,41.44,48.94,10,75,2,-47.3,95.7,143,1,"	1760,1832" 
2012-06-01T20:00:00Z,"SWM",2012-11-01T20:00:00Z,Buy,32.76,35.48,22,59.84,2,-31.68,59.84,85.91,1,"	1762,1834" 
2012-06-01T20:00:00Z,"MSFT",2013-02-01T21:00:00Z,Buy,28.45,27.93,36,-18.72,2,-75.96,108.36,184.32,0,"	1759,1885" 
2012-06-01T20:00:00Z,"ICUI",2013-06-03T20:00:00Z,Buy,50.66,71.28,10,206.2,2,-6.9,211.3,78.4,1,"	1758,1953" 
2012-06-01T20:00:00Z,"ALG",2013-09-03T20:00:00Z,Buy,29.65,45.72,7,112.49,2,-15.89,121.87,38.78,1,"	1756,2012" 
2012-06-01T20:00:00Z,"ICUI",2013-11-01T20:00:00Z,Buy,50.66,60.86,9,91.8,1,-6.21,227.16,135.36,1,"	1758,2054" 
2012-06-01T20:00:00Z,"ALG",2014-01-02T21:00:00Z,Buy,29.65,57.02,6,164.22,1,-13.62,186.24,33.24,1,"	1756,2098" 
2012-06-01T20:00:00Z,"ALG",2014-09-02T20:00:00Z,Buy,29.65,49.03,8,155.04,1,-18.16,248.32,106.88,1,"	1756,2296" 
2012-07-02T20:00:00Z,"MOV",2012-09-04T20:00:00Z,Buy,25.34,36.36,7,77.14,2,-24.15,77.14,24.71,1,"	1774,1796" 
2012-07-02T20:00:00Z,"MANH",2012-10-01T20:00:00Z,Buy,45.77,57.34,4,46.28,2,-17.12,51.08,17.44,1,"	1773,1811" 
2012-07-02T20:00:00Z,"DXPE",2013-04-01T20:00:00Z,Buy,43.48,72.89,3,88.23,2,-10.83,95.22,22.35,1,"	1771,1912" 
2012-07-02T20:00:00Z,"LECO",2013-05-01T20:00:00Z,Buy,43.31,51.62,16,132.96,2,-83.36,224.8,108.16,1,"	1772,1926" 
2012-07-02T20:00:00Z,"MANH",2013-05-01T20:00:00Z,Buy,45.77,68.28,13,292.63,1,-55.64,379.73,87.1,1,"	1773,1928" 
2012-07-02T20:00:00Z,"MOV",2013-06-03T20:00:00Z,Buy,25.34,36,10,106.6,1,-34.5,132.2,91.4,1,"	1774,1955" 
2012-07-02T20:00:00Z,"DXPE",2013-11-01T20:00:00Z,Buy,43.48,95.81,3,156.99,1,-10.83,156.99,57.21,1,"	1771,2052" 
2012-07-02T20:00:00Z,"DXPE",2014-06-02T20:00:00Z,Buy,43.48,70.44,3,80.88,1,-10.83,215.16,151.86,1,"	1771,2231" 
2012-07-02T20:00:00Z,"DXPE",2014-07-01T20:00:00Z,Buy,43.48,77.08,3,100.8,1,-10.83,215.16,151.86,1,"	1771,2256" 
2012-08-01T20:00:00Z,"HHS",2012-09-04T20:00:00Z,Buy,6.17,7.2,81,83.43,2,0,83.43,22.68,1,"	1784,1794" 
2012-08-01T20:00:00Z,"COP",2013-03-01T21:00:00Z,Buy,55.24,58.28,19,57.76,2,-12.35,121.98,90.63,1,"	1787,1899" 
2012-08-01T20:00:00Z,"WIRE",2013-03-01T21:00:00Z,Buy,26.57,32.73,28,172.48,2,0,222.04,80.36,1,"	1788,1901" 
2012-08-01T20:00:00Z,"GCI",2013-05-01T20:00:00Z,Buy,14.16,19.94,47,271.66,2,-7.52,371.77,100.58,1,"	1783,1925" 
2012-08-01T20:00:00Z,"NC",2013-12-02T21:00:00Z,Buy,100.02,63.46,5,-182.8,2,-282.75,126.95,409.7,0,"	1786,2080" 
2012-08-01T20:00:00Z,"LFUS",2014-07-01T20:00:00Z,Buy,54.04,96.12,4,168.32,1,-61.92,178.76,52.32,1,"	1785,2259" 
2012-09-04T20:00:00Z,"ALK",2012-10-01T20:00:00Z,Buy,33.49,35.16,6,10.02,1,-61.5,34.17,7.44,1,"	1798,1805" 
2012-09-04T20:00:00Z,"ED",2012-10-01T20:00:00Z,Buy,60.88,59.48,7,-9.8,1,-26.25,28.42,13.65,0,"	1799,1810" 
2012-09-04T20:00:00Z,"AEE",2012-12-03T21:00:00Z,Buy,32.72,29.58,7,-21.98,1,-29.12,13.93,32.34,0,"	1797,1846" 
2012-09-04T20:00:00Z,"LG",2013-02-01T21:00:00Z,Buy,42.6,40.13,7,-17.29,1,-36.54,6.09,40.53,0,"	1802,1884" 
2012-09-04T20:00:00Z,"WDC",2013-04-01T20:00:00Z,Buy,42.32,50.4,4,32.32,2,-35.56,33.68,38.64,1,"	1804,1916" 
2012-09-04T20:00:00Z,"ENS",2014-03-03T21:00:00Z,Buy,39.32,69.81,5,152.45,2,-37.75,166.15,37.75,1,"	1800,2148" 
2012-09-04T20:00:00Z,"FTK",2014-03-03T21:00:00Z,Buy,11.58,25.62,15,210.6,2,-23.55,210.6,71.85,1,"	1801,2149" 
2012-09-04T20:00:00Z,"SAIA",2014-04-01T20:00:00Z,Buy,14.52667393,38.3,6,142.64,2,-7.16,154.04,38.04,1,"	1803,2182" 
2012-09-04T20:00:00Z,"SAIA",2014-05-01T20:00:00Z,Buy,14.52667393,41.85,23,628.44,1,-27.45,628.44,145.82,1,"	1803,2200" 
2012-09-04T20:00:00Z,"FTK",2014-07-01T20:00:00Z,Buy,11.58,32.11,7,143.71,1,-10.99,147.56,33.53,1,"	1801,2257" 
2012-09-04T20:00:00Z,"ENS",2014-11-03T21:00:00Z,Buy,39.32,62.46,11,254.54,1,-83.05,380.05,242.44,1,"	1800,2349" 
2012-09-04T20:00:00Z,"FTK",2015-03-02T21:00:00Z,Buy,11.58,16.73,10,51.5,1,-15.7,210.8,173.6,1,"	1801,2440" 
2012-09-04T20:00:00Z,"WDC",2015-08-03T20:00:00Z,Buy,42.32,85.85,6,261.18,1,-53.34,431.76,226.74,1,"	1804,2562" 
2012-10-01T20:00:00Z,"MKSI",2012-12-03T21:00:00Z,Buy,25.13,24.02,9,-9.99,1,-44.1,77.04,21.96,0,"	1821,1848" 
2012-10-01T20:00:00Z,"VDSI",2013-04-01T20:00:00Z,Buy,9.35,8.43,44,-40.48,2,-103.84,0,103.84,0,"	1826,1915" 
2012-10-01T20:00:00Z,"AWR",2013-05-01T20:00:00Z,Buy,43.93,54.22,4,41.16,2,-9.16,54.56,14.76,1,"	1825,1933" 
2012-10-01T20:00:00Z,"WCC",2013-05-01T20:00:00Z,Buy,57.72,68.02,11,113.3,2,-17.71,216.92,122.87,1,"	1827,1936" 
2012-10-01T20:00:00Z,"CHS",2013-06-03T20:00:00Z,Buy,18.02,17.86,39,-6.24,2,-72.15,66.69,135.33,0,"	1815,1950" 
2012-10-01T20:00:00Z,"CTB",2013-07-01T20:00:00Z,Buy,19.5,33.27,19,261.63,2,-15.39,288.04,91.96,1,"	1817,1967" 
2012-10-01T20:00:00Z,"PETS",2013-08-01T20:00:00Z,Buy,10.08,16.93,16,109.6,2,-2.08,113.44,32,1,"	1822,1988" 
2012-10-01T20:00:00Z,"PNM",2013-08-01T20:00:00Z,Buy,20.84,23.76,14.000016499992,40.88,1,-51.33,132.16,37.24,1,"	1823,1989" 
2012-10-01T20:00:00Z,"CF",2013-12-02T21:00:00Z,Buy,224.51,217.01,1,-7.5,2,-94.64,5.93,60.16,0,"	1814,2075" 
2012-10-01T20:00:00Z,"CTB",2013-12-02T21:00:00Z,Buy,19.5,24.39,10,48.9,1,-8.1,151.6,113,1,"	1817,2076" 
2012-10-01T20:00:00Z,"PETS",2014-02-03T21:00:00Z,Buy,10.08,12.74,43,114.38,1,-5.59,304.87,190.49,1,"	1822,2126" 
2012-10-01T20:00:00Z,"NEU",2014-05-01T20:00:00Z,Buy,241.42,370.44,1,129.02,1,-67.96,159.87,46.51,1,"	1818,2198" 
2012-10-01T20:00:00Z,"AWR",2014-08-01T20:00:00Z,Buy,21.965,30.79,44,388.3,1,-50.38,510.18,336.16,1,"	1825,2281" 
2012-10-01T20:00:00Z,"ICFI",2014-10-01T20:00:00Z,Buy,20.25,30.43,12,122.16,1,-24,252.6,130.44,1,"	1819,2332" 
2012-10-01T20:00:00Z,"RS",2014-10-01T20:00:00Z,Buy,51.54,67.32,13,205.14,2,-18.46,319.54,127.4,1,"	1824,2336" 
2012-10-01T20:00:00Z,"KWR",2014-11-03T21:00:00Z,Buy,46.8,83.27,4,145.88,2,-3.56,145.88,58.8,1,"	1820,2351" 
2012-10-01T20:00:00Z,"KWR",2015-08-03T20:00:00Z,Buy,46.8,91.16,6,266.16,1,-5.34,275.4,88.2,1,"	1820,2558" 
2012-11-01T20:00:00Z,"CORE",2013-01-02T21:00:00Z,Buy,48.32,50.12,15,27,2,-100.65,27,100.65,1,"	1839,1860" 
2012-11-01T20:00:00Z,"LG",2013-02-01T21:00:00Z,Buy,41.46,40.13,5,-6.65,1,-20.4,10.05,18.9,0,"	1841,1884" 
2012-11-01T20:00:00Z,"UNF",2013-02-01T21:00:00Z,Buy,70.69,82.01,4,45.28,2,-4.28,46.28,8.64,1,"	1844,1886" 
2012-11-01T20:00:00Z,"VMI",2013-05-01T20:00:00Z,Buy,138.17,144.1,6,35.58,2,-49.32,157.98,149.28,1,"	1845,1935" 
2012-11-01T20:00:00Z,"AEOS",2013-08-01T20:00:00Z,Buy,21.29,19.92,31,-42.47,1,-247.48,404.55,152.83,0,"	1837,1981" 
2012-11-01T20:00:00Z,"CALM",2013-09-03T20:00:00Z,Buy,43.74,45.83,22,45.98,2,-89.54,179.08,146.08,1,"	1838,2013" 
2012-11-01T20:00:00Z,"MGEE",2013-10-01T20:00:00Z,Buy,52.12,54.74,27,70.74,2,-108,220.86,268.65,1,"	1842,2036" 
2012-11-01T20:00:00Z,"EGHT",2013-11-01T20:00:00Z,Buy,6.52,11.21,72,337.68,2,-33.84,390.24,134.64,1,"	1840,2053" 
2012-11-01T20:00:00Z,"NC",2013-12-02T21:00:00Z,Buy,52,63.46,5,57.3,1,-42.65,367.05,89.05,1,"	1843,2080" 
2012-11-01T20:00:00Z,"UNF",2014-01-02T21:00:00Z,Buy,70.69,106.12,9,318.87,1,-9.63,326.79,84.24,1,"	1844,2107" 
2012-12-03T21:00:00Z,"INTC",2013-01-02T21:00:00Z,Buy,19.55,21.38,12,21.96,1,-2.28,115.56,10.2,1,"	1852,1866" 
2012-12-03T21:00:00Z,"COP",2013-03-01T21:00:00Z,Buy,57.17,58.28,4,4.44,1,-10.32,17.96,19.08,1,"	1855,1899" 
2012-12-03T21:00:00Z,"NHC",2013-05-01T20:00:00Z,Buy,44.74,45.03,6,1.74,1,-22.68,32.58,31.98,1,"	1854,1931" 
2012-12-03T21:00:00Z,"GIII",2013-07-01T20:00:00Z,Buy,37.56,48.42,8,86.88,2,-40.32,114,50.24,1,"	1851,1969" 
2012-12-03T21:00:00Z,"BAH",2013-08-01T20:00:00Z,Buy,14,20.85,51,349.35,2,-71.91,376.38,132.6,1,"	1850,1982" 
2012-12-03T21:00:00Z,"RCII",2013-08-01T20:00:00Z,Buy,34.62,40.5,7,41.16,1,-14.07,41.16,30.17,1,"	1856,1990" 
2012-12-03T21:00:00Z,"LHCG",2013-09-03T20:00:00Z,Buy,19.48,22.63,9,28.35,2,-1.62,63.09,37.8,1,"	1853,2018" 
2012-12-03T21:00:00Z,"GIII",2014-01-02T21:00:00Z,Buy,37.56,71.42,3,101.58,1,-15.12,109.86,24.75,1,"	1851,2101" 
2012-12-03T21:00:00Z,"UNF",2014-01-02T21:00:00Z,Buy,70.8,106.12,3,105.96,1,-3.54,108.6,28.08,1,"	1858,2107" 
2012-12-03T21:00:00Z,"LHCG",2014-06-02T20:00:00Z,Buy,19.48,20.38,29,26.1,1,-5.22,203.29,194.3,1,"	1853,2234" 
2012-12-03T21:00:00Z,"GIII",2015-01-02T21:00:00Z,Buy,37.56,100,3,187.32,1,-15.12,191.22,47.7,1,"	1851,2399" 
2012-12-03T21:00:00Z,"KAI",2015-04-01T20:00:00Z,Buy,24.46,53.73,5,146.35,2,-0.7,146.35,38.6,1,"	1857,2465" 
2012-12-03T21:00:00Z,"WDC",2015-08-03T20:00:00Z,Buy,33.43,85.85,7,366.94,1,0,565.95,264.53,1,"	1859,2562" 
2013-01-02T21:00:00Z,"VECO",2013-02-01T21:00:00Z,Buy,31.17,32.91,17,29.58,2,-35.19,41.48,38.25,1,"	1880,1887" 
2013-01-02T21:00:00Z,"IPAR",2013-03-01T21:00:00Z,Buy,19.89,25.54,8,45.2,2,-0.48,45.2,9.84,1,"	1876,1898" 
2013-01-02T21:00:00Z,"CRUS",2013-05-01T20:00:00Z,Buy,29.84,18.89,13,-142.35,2,-158.08,22.62,180.7,0,"	1873,1924" 
2013-01-02T21:00:00Z,"CHE",2013-06-03T20:00:00Z,Buy,70.8,70.87,3,0.21,2,-20.73,32.97,53.7,1,"	1872,1951" 
2013-01-02T21:00:00Z,"UGI",2013-07-01T20:00:00Z,Buy,33.3,38.7,4.9999615999665,27,1,-99.92,43.4,24.55,1,"	1879,1973" 
2013-01-02T21:00:00Z,"HVT",2013-08-01T20:00:00Z,Buy,16.68,27.18,9,94.5,2,-3.69,94.5,35.91,1,"	1875,1985" 
2013-01-02T21:00:00Z,"MED",2013-08-01T20:00:00Z,Buy,26.29,27.27,18,17.64,2,-73.08,54.54,105.66,1,"	1877,1987" 
2013-01-02T21:00:00Z,"CHE",2013-09-03T20:00:00Z,Buy,70.8,69.66,11,-12.54,1,-76.01,120.89,196.9,0,"	1872,2014" 
2013-01-02T21:00:00Z,"IPAR",2013-11-01T20:00:00Z,Buy,19.89,35.26,8,122.96,1,-0.48,122.96,66.96,1,"	1876,2055" 
2013-01-02T21:00:00Z,"GPS",2013-12-02T21:00:00Z,Buy,31.37,41.58,23,234.83,2,-3.91,347.07,225.4,1,"	1874,2077" 
2013-01-02T21:00:00Z,"UGI",2014-02-03T21:00:00Z,Buy,33.3,42.04,40.000038400033,349.6,1,-799.33,403.2,197.2,1,"	1879,2129" 
2013-01-02T21:00:00Z,"MYGN",2014-03-03T21:00:00Z,Buy,27.68,37.01,11,102.63,2,-75.79,115.06,148.17,1,"	1878,2155" 
2013-01-02T21:00:00Z,"BKE",2014-04-01T20:00:00Z,Buy,45.01,46.33,5,6.6,1,-152.15,60.65,76,1,"	1871,2177" 
2013-01-02T21:00:00Z,"IPAR",2014-06-02T20:00:00Z,Buy,19.89,29.27,23,215.74,1,-1.38,416.99,202.63,1,"	1876,2233" 
2013-01-02T21:00:00Z,"HVT",2015-02-02T21:00:00Z,Buy,16.68,24.79,30,243.3,1,-12.3,439.8,343.5,1,"	1875,2420" 
2013-01-02T21:00:00Z,"MYGN",2015-09-01T20:00:00Z,Buy,27.68,36.65,15,134.55,1,-103.35,217.95,202.05,1,"	1878,2590" 
2013-02-01T21:00:00Z,"UFS",2013-03-01T21:00:00Z,Buy,78.3,74.65,3,-10.95,1,-94.05,80.1,13.65,0,"	1896,1900" 
2013-02-01T21:00:00Z,"MGLN",2013-05-01T20:00:00Z,Buy,51.79,50.09,4,-6.8,1,-43.92,17.36,27.12,0,"	1892,1929" 
2013-02-01T21:00:00Z,"SCVL",2013-06-03T20:00:00Z,Buy,20.5,24.64,11.500011249994,47.61,1,-109.02,47.61,23.35,1,"	1895,1956" 
2013-02-01T21:00:00Z,"PLUS",2013-07-01T20:00:00Z,Buy,48.53,61.04,4,50.04,2,-32.2,55.52,33.44,1,"	1893,1970" 
2013-02-01T21:00:00Z,"LNDC",2013-11-01T20:00:00Z,Buy,11.85,11.7,48,-7.2,2,-67.2,190.56,205.92,0,"	1891,2056" 
2013-02-01T21:00:00Z,"PLUS",2014-03-03T21:00:00Z,Buy,48.53,57.05,12,102.24,1,-96.6,208.56,208.08,1,"	1893,2153" 
2013-02-01T21:00:00Z,"RES",2014-04-01T20:00:00Z,Buy,15.2,20.59,8.2494558187298,44.46,1,-92.86,45.21,38.94,1,"	1894,2181" 
2013-02-01T21:00:00Z,"LFUS",2014-07-01T20:00:00Z,Buy,64.77,96.12,4,125.4,1,-104.84,135.84,52.32,1,"	1890,2259" 
2013-02-01T21:00:00Z,"ALG",2014-09-02T20:00:00Z,Buy,34.4,49.03,6,87.78,1,-42.12,157.74,80.16,1,"	1888,2296" 
2013-02-01T21:00:00Z,"RES",2014-10-01T20:00:00Z,Buy,15.2,21.28,11,66.88,1,-123.82,106.81,51.92,1,"	1894,2335" 
2013-02-01T21:00:00Z,"ENS",2014-11-03T21:00:00Z,Buy,41.51,62.46,5,104.75,1,-48.7,161.8,110.2,1,"	1889,2349" 
2013-02-01T21:00:00Z,"RES",2015-01-02T21:00:00Z,Buy,15.2,13.3,29.75054418127,-56.53,1,-334.88,288.88,388.24,0,"	1894,2404" 
2013-02-01T21:00:00Z,"SCVL",2015-12-01T21:00:00Z,Buy,20.5,21.78,0.49998875000562,0.64,1,-4.74,3.96,5.09,1,"	1895,2666" 
2013-03-01T21:00:00Z,"CHS",2013-06-03T20:00:00Z,Buy,16.96,17.86,14,12.6,1,-11.06,38.78,26.18,1,"	1903,1950" 
2013-03-01T21:00:00Z,"ENTG",2013-09-03T20:00:00Z,Buy,9.55,9.42,25,-3.25,1,-86,22.25,36,0,"	1905,2015" 
2013-03-01T21:00:00Z,"CF",2013-12-02T21:00:00Z,Buy,201.5,217.01,1,15.51,1,-71.63,28.94,37.85,1,"	1902,2075" 
2013-03-01T21:00:00Z,"KLIC",2014-01-02T21:00:00Z,Buy,10.69,13.06,63,149.31,2,-34.65,187.11,119.07,1,"	1907,2103" 
2013-03-01T21:00:00Z,"OTL",2014-02-03T21:00:00Z,Buy,41.34,41.8,23,10.58,2,-32.43,169.51,158.93,1,"	1908,2125" 
2013-03-01T21:00:00Z,"NEU",2014-05-01T20:00:00Z,Buy,252.46,370.44,1,117.98,1,-79,148.83,39.81,1,"	1906,2198" 
2013-03-01T21:00:00Z,"SXI",2014-05-01T20:00:00Z,Buy,55.19,60.41,16,83.52,2,-84.8,140.64,171.04,1,"	1909,2202" 
2013-03-01T21:00:00Z,"WOR",2014-05-01T20:00:00Z,Buy,28.02,37.02,27,243,2,0,432.27,224.91,1,"	1910,2205" 
2013-04-01T20:00:00Z,"DDS",2013-06-03T20:00:00Z,Buy,79.47,91.44,3,35.91,1,-180.39,42.66,14.31,1,"	1918,1952" 
2013-04-01T20:00:00Z,"RCII",2013-08-01T20:00:00Z,Buy,36.16,40.5,6,26.04,1,-21.3,26.04,19.26,1,"	1921,1990" 
2013-04-01T20:00:00Z,"TER",2013-09-03T20:00:00Z,Buy,15.85,15.44,15,-6.15,1,-98.7,48.9,48.6,0,"	1923,2020" 
2013-04-01T20:00:00Z,"SIX",2013-10-01T20:00:00Z,Buy,36.305,33.92,28,-66.78,2,-92.26,102.9,195.16,0,"	1922,2038" 
2013-04-01T20:00:00Z,"NC",2013-12-02T21:00:00Z,Buy,52.97,63.46,4,41.96,1,-38,289.76,37.92,1,"	1919,2080" 
2013-04-01T20:00:00Z,"POWL",2013-12-02T21:00:00Z,Buy,52.25,65.5,3,39.75,2,-15.54,49.83,16.44,1,"	1920,2082" 
2013-04-01T20:00:00Z,"APU",2014-02-03T21:00:00Z,Buy,44.1,42.48,26,-42.12,2,-67.34,153.4,220.74,0,"	1917,2118" 
2013-04-01T20:00:00Z,"POWL",2014-03-03T21:00:00Z,Buy,52.25,67.62,10,153.7,1,-51.8,166.1,96.9,1,"	1920,2156" 
2013-05-01T20:00:00Z,"BWS",2013-06-03T20:00:00Z,Buy,16.18,21.48,39.000007499996,206.7,1,-221.52,821.08,29.25,1,"	1937,1949" 
2013-05-01T20:00:00Z,"IDT",2013-06-03T20:00:00Z,Buy,13.86,17.52,14,51.24,2,0,60.76,11.34,1,"	1943,1954" 
2013-05-01T20:00:00Z,"MOV",2013-06-03T20:00:00Z,Buy,29.42,36,9,59.22,1,-67.77,82.26,9.36,1,"	1944,1955" 
2013-05-01T20:00:00Z,"CALM",2013-09-03T20:00:00Z,Buy,41.55,45.83,5,21.4,1,-9.4,51.65,32.05,1,"	1939,2013" 
2013-05-01T20:00:00Z,"QUAD",2013-09-03T20:00:00Z,Buy,19.69,31.6,9,107.19,2,0,127.35,22.77,1,"	1945,2019" 
2013-05-01T20:00:00Z,"FF",2013-10-01T20:00:00Z,Buy,12.01,18.23,14,87.08,2,0,90.72,15.82,1,"	1940,2034" 
2013-05-01T20:00:00Z,"IDCC",2013-10-01T20:00:00Z,Buy,43.45,37.7,16,-92,2,-127.52,67.84,195.36,0,"	1942,2035" 
2013-05-01T20:00:00Z,"ICUI",2013-11-01T20:00:00Z,Buy,59.4,60.86,4,5.84,1,-37.72,66,60.16,1,"	1941,2054" 
2013-05-01T20:00:00Z,"QUAD",2014-01-02T21:00:00Z,Buy,19.69,25.74,23,139.15,1,0,388.01,288.42,1,"	1945,2105" 
2013-05-01T20:00:00Z,"UTHR",2014-01-02T21:00:00Z,Buy,66.68,110.9,10,442.2,2,-51,478.3,90.1,1,"	1947,2108" 
2013-05-01T20:00:00Z,"VLO",2014-01-02T21:00:00Z,Buy,38.79,49.86,4,44.28,2,-21.04,46.48,34.24,1,"	1948,2109" 
2013-05-01T20:00:00Z,"TTEC",2014-03-03T21:00:00Z,Buy,20.8,24.04,29,93.96,2,0,177.19,162.98,1,"	1946,2158" 
2013-05-01T20:00:00Z,"BGFV",2014-04-01T20:00:00Z,Buy,18.35,16.17,30,-65.4,2,-118.8,193.5,312.3,0,"	1938,2176" 
2013-05-01T20:00:00Z,"FF",2014-04-01T20:00:00Z,Buy,12.01,21.05,15,135.6,1,0,139.05,54.75,1,"	1940,2178" 
2013-05-01T20:00:00Z,"TTEC",2014-05-01T20:00:00Z,Buy,20.8,24.22,28,95.76,1,0,171.08,157.36,1,"	1946,2203" 
2013-05-01T20:00:00Z,"IDT",2014-06-02T20:00:00Z,Buy,13.86,16.64,41,113.98,1,0,360.8,299.3,1,"	1943,2232" 
2013-05-01T20:00:00Z,"FF",2014-09-02T20:00:00Z,Buy,12.01,14,38,75.62,1,0,358.34,294.88,1,"	1940,2300" 
2013-05-01T20:00:00Z,"UTHR",2014-09-02T20:00:00Z,Buy,66.68,115.22,2,97.08,1,-10.2,102.3,56.74,1,"	1947,2315" 
2013-05-01T20:00:00Z,"VLO",2015-03-02T21:00:00Z,Buy,38.79,58.68,5,99.45,1,-26.3,118.55,73.75,1,"	1948,2447" 
2013-06-03T20:00:00Z,"GCI",2013-07-01T20:00:00Z,Buy,20.8,25.21,25,110.25,2,-23.75,145,75.5,1,"	1960,1968" 
2013-06-03T20:00:00Z,"POR",2013-07-01T20:00:00Z,Buy,30.72,30.21,12,-6.12,2,-13.92,6.96,20.88,0,"	1964,1971" 
2013-06-03T20:00:00Z,"AEOS",2013-08-01T20:00:00Z,Buy,19.66,19.92,10.999966699978,2.86,1,-69.89,161.48,25.08,1,"	1958,1981" 
2013-06-03T20:00:00Z,"HUBB",2013-08-01T20:00:00Z,Buy,98.25,110.9,2,25.3,1,-100.56,25.3,8.42,1,"	1962,1986" 
2013-06-03T20:00:00Z,"POR",2013-11-01T20:00:00Z,Buy,30.72,29.51,47,-56.87,1,-145.23,78.02,223.25,0,"	1964,2057" 
2013-06-03T20:00:00Z,"PLPC",2013-12-02T21:00:00Z,Buy,69.68,68.74,6,-5.64,2,-24.96,136.68,153.66,0,"	1963,2081" 
2013-06-03T20:00:00Z,"ZBRA",2013-12-02T21:00:00Z,Buy,45.66,52.19,8.9999912699917,58.77,1,-78.54,271.8,35.1,1,"	1966,2084" 
2013-06-03T20:00:00Z,"ANF",2014-01-02T21:00:00Z,Buy,49.71,32.01,11,-194.7,2,-197.89,22.99,220.88,0,"	1959,2099" 
2013-06-03T20:00:00Z,"PLPC",2014-02-03T21:00:00Z,Buy,69.68,65.5,8,-33.44,1,-33.44,182.24,215.68,0,"	1963,2127" 
2013-06-03T20:00:00Z,"ZBRA",2014-03-03T21:00:00Z,Buy,45.66,69.2,13,306.02,1,-113.45,392.6,50.7,1,"	1966,2160" 
2013-06-03T20:00:00Z,"SPH",2014-04-01T20:00:00Z,Buy,46.38,42.01,27,-117.99,2,-169.83,76.95,246.78,0,"	1965,2183" 
2013-06-03T20:00:00Z,"ZBRA",2014-07-01T20:00:00Z,Buy,45.66,85.05,3,118.17,1,-26.18,118.17,31.23,1,"	1966,2263" 
2013-06-03T20:00:00Z,"GIII",2015-01-02T21:00:00Z,Buy,42.74,100,1,57.26,1,-10.22,58.56,15.9,1,"	1961,2399" 
2013-06-03T20:00:00Z,"ZBRA",2015-04-01T20:00:00Z,Buy,45.66,89.56,5.0000087300083,219.5,1,-43.63,233.7,122.9,1,"	1966,2466" 
2013-06-03T20:00:00Z,"GCI",2015-07-01T20:00:00Z,Buy,20.8,32.97,11,133.87,1,-10.45,189.31,90.42,1,"	1960,2532" 
2013-06-03T20:00:00Z,"GIII",2015-07-01T20:00:00Z,Buy,21.37,71.25,5,249.4,1,-25.55,253.55,39.75,1,"	1961,2533" 
2013-07-01T20:00:00Z,"MED",2013-08-01T20:00:00Z,Buy,26.41,27.27,9,7.74,1,-37.62,26.19,14.49,1,"	1977,1987" 
2013-07-01T20:00:00Z,"MMS",2013-10-01T20:00:00Z,Buy,37.64,46.85,3,27.63,1,-52.9,27.63,8.76,1,"	1978,2037" 
2013-07-01T20:00:00Z,"CF",2013-12-02T21:00:00Z,Buy,170.28,217.01,2,93.46,1,-80.82,120.32,31.6,1,"	1974,2075" 
2013-07-01T20:00:00Z,"MPC",2014-01-02T21:00:00Z,Buy,70.38,89.48,3,57.3,2,-24.84,64.08,38.97,1,"	1979,2104" 
2013-07-01T20:00:00Z,"MXIM",2014-02-03T21:00:00Z,Buy,27.64,29.86,8,17.76,1,-29.76,45.36,21.04,1,"	1980,2124" 
2013-07-01T20:00:00Z,"HOC",2014-03-03T21:00:00Z,Buy,40.74,44.88,5,20.7,1,-94.7,88.45,32.9,1,"	1976,2150" 
2013-07-01T20:00:00Z,"MPC",2014-04-01T20:00:00Z,Buy,70.38,89.54,7,134.12,1,-57.96,168.7,90.93,1,"	1979,2179" 
2013-07-01T20:00:00Z,"NEU",2014-05-01T20:00:00Z,Buy,268.47,370.44,1,101.97,1,-95.01,132.82,39.81,1,"	1975,2198" 
2013-08-01T20:00:00Z,"ENTG",2013-09-03T20:00:00Z,Buy,9.55,9.42,23,-2.99,1,-79.12,20.47,13.11,0,"	1997,2015" 
2013-08-01T20:00:00Z,"HNRG",2013-09-03T20:00:00Z,Buy,7.8,7.4,112,-44.8,2,-58.24,11.2,69.44,0,"	2000,2016" 
2013-08-01T20:00:00Z,"MMS",2013-10-01T20:00:00Z,Buy,37.92,46.85,6,53.58,1,-107.49,53.58,17.52,1,"	2003,2037" 
2013-08-01T20:00:00Z,"DV",2013-11-01T20:00:00Z,Buy,30.63,34.91,22,94.16,2,-50.82,168.74,95.04,1,"	1996,2051" 
2013-08-01T20:00:00Z,"CYH",2014-02-03T21:00:00Z,Buy,46,40.21,17,-98.43,2,-150.79,0,150.79,0,"	1995,2120" 
2013-08-01T20:00:00Z,"OTL",2014-02-03T21:00:00Z,Buy,43.47,41.8,5,-8.35,1,-17.7,26.2,34.55,0,"	2004,2125" 
2013-08-01T20:00:00Z,"POWL",2014-03-03T21:00:00Z,Buy,51.03,67.62,6,99.54,1,-23.76,106.98,58.14,1,"	2006,2156" 
2013-08-01T20:00:00Z,"BKE",2014-04-01T20:00:00Z,Buy,56.98,46.33,4,-42.6,1,-169.6,0.64,60.48,0,"	1993,2177" 
2013-08-01T20:00:00Z,"UEIC",2014-06-02T20:00:00Z,Buy,31.25,42.96,7,81.97,2,-11.83,100.59,70.21,1,"	2008,2241" 
2013-08-01T20:00:00Z,"LEA",2014-09-02T20:00:00Z,Buy,69.4,102.25,4,131.4,2,-2.6,131.4,44.48,1,"	2002,2304" 
2013-08-01T20:00:00Z,"OSK",2014-09-02T20:00:00Z,Buy,46.56,49.6,16,48.64,2,-26.24,215.2,226.72,1,"	2005,2308" 
2013-08-01T20:00:00Z,"RS",2014-10-01T20:00:00Z,Buy,70.74,67.32,3,-10.26,1,-61.86,16.14,28.2,0,"	2007,2336" 
2013-08-01T20:00:00Z,"FSLR",2014-12-01T21:00:00Z,Buy,48.15,45.76,7,-16.73,2,-81.76,179.9,196.63,0,"	1998,2382" 
2013-08-01T20:00:00Z,"FTK",2015-03-02T21:00:00Z,Buy,20.29,16.73,11,-39.16,1,-113.08,136.07,190.96,0,"	1999,2440" 
2013-08-01T20:00:00Z,"ZBRA",2015-04-01T20:00:00Z,Buy,47.85,89.56,6,250.26,1,-65.5,267.3,147.48,1,"	2011,2466" 
2013-08-01T20:00:00Z,"UEIC",2015-08-03T20:00:00Z,Buy,31.25,50.71,16,311.36,1,-27.04,561.76,280.96,1,"	2008,2560" 
2013-08-01T20:00:00Z,"LEA",2015-09-01T20:00:00Z,Buy,69.4,99.33,14,419.02,1,-9.1,679.42,350.84,1,"	2002,2588" 
2013-09-03T20:00:00Z,"SIX",2013-10-01T20:00:00Z,Buy,33.25,33.92,7,4.69,1,-1.68,47.11,16.1,1,"	2030,2038" 
2013-09-03T20:00:00Z,"DK",2013-11-01T20:00:00Z,Buy,25.31,25.26,10,-0.5,1,-141.8,151.9,51.4,0,"	2023,2050" 
2013-09-03T20:00:00Z,"POR",2013-11-01T20:00:00Z,Buy,28.53,29.51,7,6.86,1,-6.3,26.95,7.07,1,"	2028,2057" 
2013-09-03T20:00:00Z,"GPS",2013-12-02T21:00:00Z,Buy,40.72,41.58,6,5.16,1,-57.12,34.44,33.9,1,"	2025,2077" 
2013-09-03T20:00:00Z,"SWM",2013-12-02T21:00:00Z,Buy,57.66,50.73,5,-34.65,2,-34.95,25.3,60.25,0,"	2031,2083" 
2013-09-03T20:00:00Z,"KLIC",2014-01-02T21:00:00Z,Buy,11.11,13.06,20,39,1,-19.4,51,37.8,1,"	2026,2103" 
2013-09-03T20:00:00Z,"PLPC",2014-02-03T21:00:00Z,Buy,69.78,65.5,3,-12.84,1,-12.84,68.04,80.88,0,"	2027,2127" 
2013-09-03T20:00:00Z,"USMO",2014-03-03T21:00:00Z,Buy,13.92,14.37,67,30.15,2,-77.72,105.86,183.58,1,"	2033,2159" 
2013-09-03T20:00:00Z,"UACL",2014-04-01T20:00:00Z,Buy,25.5,28.98,24,83.52,2,-19.44,179.76,199.2,1,"	2032,2184" 
2013-09-03T20:00:00Z,"PPC",2014-05-01T20:00:00Z,Buy,15.59,22.05,33,213.18,2,-55.11,228.36,113.85,1,"	2029,2199" 
2013-09-03T20:00:00Z,"SWM",2014-05-01T20:00:00Z,Buy,57.66,42.78,18,-267.84,1,-333.72,91.08,424.8,0,"	2031,2201" 
2013-09-03T20:00:00Z,"DXPE",2014-07-01T20:00:00Z,Buy,68.51,77.08,3,25.71,1,-85.92,140.07,151.86,1,"	2024,2256" 
2013-09-03T20:00:00Z,"BKH",2014-08-01T20:00:00Z,Buy,47.18,52.67,28,153.72,2,-8.12,397.88,244.16,1,"	2022,2274" 
2013-09-03T20:00:00Z,"ABFS",2015-12-01T21:00:00Z,Buy,24.76,24.33,14,-6.02,2,-43.96,315.98,325.5,0,"	2021,2658" 
2013-10-01T20:00:00Z,"SYNA",2013-11-01T20:00:00Z,Buy,45.92,45.49,18,-7.74,2,-19.8,164.7,184.5,0,"	2048,2058" 
2013-10-01T20:00:00Z,"KIRK",2013-12-02T21:00:00Z,Buy,18.7,25.5,13,88.4,2,-22.1,90.48,22.1,1,"	2043,2078" 
2013-10-01T20:00:00Z,"ANF",2014-01-02T21:00:00Z,Buy,35.91,32.01,7,-27.3,1,-29.33,111.23,46.13,0,"	2039,2099" 
2013-10-01T20:00:00Z,"CVI",2014-01-02T21:00:00Z,Buy,38.81,43.68,7,34.09,1,-152.67,220.99,54.88,1,"	2041,2100" 
2013-10-01T20:00:00Z,"JCOM",2014-01-02T21:00:00Z,Buy,50.78,49.64,5,-5.7,2,-34.3,24.8,59.1,0,"	2042,2102" 
2013-10-01T20:00:00Z,"SANM",2014-01-02T21:00:00Z,Buy,18.01,16.44,42,-65.94,2,-144.9,0,144.9,0,"	2046,2106" 
2013-10-01T20:00:00Z,"KIRK",2014-03-03T21:00:00Z,Buy,18.7,17.76,25,-23.5,1,-49,174,223,0,"	2043,2152" 
2013-10-01T20:00:00Z,"PLUS",2014-03-03T21:00:00Z,Buy,51.7,57.05,4,21.4,1,-44.88,56.84,24.64,1,"	2044,2153" 
2013-10-01T20:00:00Z,"JCOM",2014-09-02T20:00:00Z,Buy,50.78,53.76,17,50.66,1,-131.58,84.32,215.9,1,"	2042,2303" 
2013-10-01T20:00:00Z,"RES",2015-01-02T21:00:00Z,Buy,15.67,13.3,12.24945581873,-29.03,1,-143.64,113.18,159.86,0,"	2045,2404" 
2013-10-01T20:00:00Z,"SMP",2015-03-02T21:00:00Z,Buy,32.92,42.33,7,65.87,1,-145.46,87.71,86.8,1,"	2047,2445" 
2013-11-01T20:00:00Z,"CTB",2013-12-02T21:00:00Z,Buy,25.91,24.39,10,-15.2,1,-72.2,87.5,35.5,0,"	2062,2076" 
2013-11-01T20:00:00Z,"APU",2014-02-03T21:00:00Z,Buy,45.12,42.48,6,-15.84,1,-21.66,29.28,18.18,0,"	2060,2118" 
2013-11-01T20:00:00Z,"HHS",2014-02-03T21:00:00Z,Buy,7.98,6.86,91,-101.92,2,-115.57,16.38,131.95,0,"	2066,2121" 
2013-11-01T20:00:00Z,"HP",2014-02-03T21:00:00Z,Buy,77.43,86.27,15,132.6,2,-26.4,159.9,44.55,1,"	2067,2122" 
2013-11-01T20:00:00Z,"MTRX",2014-02-03T21:00:00Z,Buy,20.64,24.86,8,33.76,2,-6.48,56.4,22.64,1,"	2071,2123" 
2013-11-01T20:00:00Z,"WNC",2014-02-03T21:00:00Z,Buy,11.6,13.38,58,103.24,2,-23.78,140.94,45.82,1,"	2074,2130" 
2013-11-01T20:00:00Z,"MTRX",2014-03-03T21:00:00Z,Buy,20.64,33.06,18,223.56,1,-14.58,223.56,55.62,1,"	2071,2154" 
2013-11-01T20:00:00Z,"MPC",2014-04-01T20:00:00Z,Buy,70.86,89.54,3,56.04,1,-26.28,70.86,28.29,1,"	2070,2179" 
2013-11-01T20:00:00Z,"SPH",2014-04-01T20:00:00Z,Buy,46.45,42.01,6,-26.64,1,-38.16,16.68,41.52,0,"	2072,2183" 
2013-11-01T20:00:00Z,"LHCG",2014-06-02T20:00:00Z,Buy,20.66,20.38,12,-3.36,1,-16.32,69.96,50.64,0,"	2068,2234" 
2013-11-01T20:00:00Z,"AHC",2014-09-02T20:00:00Z,Buy,80.93,100.53,3,58.8,2,-21.03,60.51,29.07,1,"	2059,2295" 
2013-11-01T20:00:00Z,"GTE",2014-09-02T20:00:00Z,Buy,7.6,6.61,112,-110.88,2,-140,58.24,198.24,0,"	2065,2301" 
2013-11-01T20:00:00Z,"LZB",2014-09-02T20:00:00Z,Buy,23.13,21.81,9,-11.88,1,-108.9,71.1,94.14,0,"	2069,2305" 
2013-11-01T20:00:00Z,"AHC",2014-12-01T21:00:00Z,Buy,80.93,73.96,4,-27.88,1,-32,80.68,112.68,0,"	2059,2377" 
2013-11-01T20:00:00Z,"MTRX",2015-01-02T21:00:00Z,Buy,20.64,22.24,16,25.6,1,-23.2,265.12,288.32,1,"	2071,2401" 
2013-11-01T20:00:00Z,"AHC",2015-06-01T20:00:00Z,Buy,80.93,66.76,8,-113.36,1,-123.84,161.36,285.2,0,"	2059,2512" 
2013-11-01T20:00:00Z,"DECK",2015-08-03T20:00:00Z,Buy,68.56,71.58,8,24.16,1,-216.24,392.64,266.56,1,"	2063,2555" 
2013-11-01T20:00:00Z,"WLK",2015-08-03T20:00:00Z,Buy,53.285,61.84,4,34.22,1,-148.46,178.7,177.16,1,"	2073,2563" 
2013-12-02T21:00:00Z,"UNF",2014-01-02T21:00:00Z,Buy,100.29,106.12,3,17.49,1,-92.01,20.13,7.44,1,"	2097,2107" 
2013-12-02T21:00:00Z,"APU",2014-02-03T21:00:00Z,Buy,42.37,42.48,5,0.55,1,-4.3,38.15,14.35,1,"	2085,2118" 
2013-12-02T21:00:00Z,"CYH",2014-02-03T21:00:00Z,Buy,41.45,40.21,5,-6.2,1,-21.6,22.75,21.6,0,"	2087,2120" 
2013-12-02T21:00:00Z,"MXIM",2014-02-03T21:00:00Z,Buy,28.22,29.86,13,21.32,1,-55.9,66.17,13,1,"	2089,2124" 
2013-12-02T21:00:00Z,"UGI",2014-02-03T21:00:00Z,Buy,40.53,42.04,3.9999615999665,6.04,1,-108.85,11.4,5.52,1,"	2096,2129" 
2013-12-02T21:00:00Z,"NWPX",2014-04-01T20:00:00Z,Buy,37.31,37.19,25,-3,2,-104.75,50.25,155,0,"	2090,2180" 
2013-12-02T21:00:00Z,"SPH",2014-04-01T20:00:00Z,Buy,45.07,42.01,5,-15.3,1,-24.9,20.8,34.6,0,"	2092,2183" 
2013-12-02T21:00:00Z,"SXI",2014-05-01T20:00:00Z,Buy,57.67,60.41,6,16.44,1,-46.68,37.86,64.14,1,"	2093,2202" 
2013-12-02T21:00:00Z,"TTEC",2014-05-01T20:00:00Z,Buy,25.16,24.22,9,-8.46,1,-39.24,15.75,34.83,0,"	2095,2203" 
2013-12-02T21:00:00Z,"SYNA",2014-06-02T20:00:00Z,Buy,50.27,66.45,3,48.54,2,-4.92,54.54,31.05,1,"	2094,2238" 
2013-12-02T21:00:00Z,"SYNA",2014-07-01T20:00:00Z,Buy,50.27,91.88,5,208.05,1,-8.2,208.05,51.75,1,"	2094,2262" 
2013-12-02T21:00:00Z,"CMCO",2014-08-01T20:00:00Z,Buy,26.42,23.16,35,-114.1,2,-114.1,135.8,249.9,0,"	2086,2276" 
2013-12-02T21:00:00Z,"UGI",2014-09-02T20:00:00Z,Buy,40.53,53.03,2.0000384000335,25,1,-54.43,25,6.24,1,"	2096,2314" 
2013-12-02T21:00:00Z,"RS",2014-10-01T20:00:00Z,Buy,73.34,67.32,4,-24.08,1,-92.88,11.12,37.6,0,"	2091,2336" 
2013-12-02T21:00:00Z,"SYNA",2014-11-03T21:00:00Z,Buy,50.27,65.72,5,77.25,1,-8.2,212.05,152.85,1,"	2094,2354" 
2014-01-02T21:00:00Z,"TPL",2014-02-03T21:00:00Z,Buy,99.8,100.6,2,1.6,2,-11.82,2.54,11.82,1,"	2117,2128" 
2014-01-02T21:00:00Z,"TPL",2014-03-03T21:00:00Z,Buy,99.8,137.91,6,228.66,1,-35.46,268.2,63.96,1,"	2117,2157" 
2014-01-02T21:00:00Z,"BKE",2014-04-01T20:00:00Z,Buy,52.16,46.33,3.5000082499959,-20.41,1,-131.53,17.43,36.65,0,"	2111,2177" 
2014-01-02T21:00:00Z,"ATO",2014-05-01T20:00:00Z,Buy,44.67,51.28,41,271.01,2,-19.68,282.9,125.87,1,"	2110,2197" 
2014-01-02T21:00:00Z,"SAFM",2014-06-02T20:00:00Z,Buy,72,95.65,2.0000074999962,47.3,1,-106.19,47.3,11.86,1,"	2115,2237" 
2014-01-02T21:00:00Z,"TPL",2014-06-02T20:00:00Z,Buy,99.8,158.44,2,117.28,1,-11.82,130.42,38.04,1,"	2117,2239" 
2014-01-02T21:00:00Z,"RGR",2014-09-02T20:00:00Z,Buy,73.75,51.09,14,-317.24,2,-343.14,156.66,499.8,0,"	2114,2311" 
2014-01-02T21:00:00Z,"SAFM",2014-09-02T20:00:00Z,Buy,72,92.9,3,62.7,1,-159.28,91.77,39.72,1,"	2115,2312" 
2014-01-02T21:00:00Z,"TPL",2014-09-02T20:00:00Z,Buy,99.8,212,1,112.2,1,-5.91,112.2,19.02,1,"	2117,2313" 
2014-01-02T21:00:00Z,"TPL",2014-10-01T20:00:00Z,Buy,99.8,191.12,2,182.64,1,-11.82,265.4,92.04,1,"	2117,2337" 
2014-01-02T21:00:00Z,"STMP",2014-11-03T21:00:00Z,Buy,41.78,36.96,16,-77.12,2,-207.68,10.88,218.56,0,"	2116,2353" 
2014-01-02T21:00:00Z,"GME",2015-01-02T21:00:00Z,Buy,49.65,33.8,17,-269.45,2,-301.41,0,301.41,0,"	2113,2400" 
2014-01-02T21:00:00Z,"FTK",2015-03-02T21:00:00Z,Buy,20.06,16.73,11,-36.63,1,-110.55,138.6,190.96,0,"	2112,2440" 
2014-01-02T21:00:00Z,"BKE",2015-09-01T20:00:00Z,Buy,52.16,41.32,0.49999175000412,-5.42,1,-18.79,2.49,6.15,0,"	2111,2581" 
2014-02-03T21:00:00Z,"KIRK",2014-03-03T21:00:00Z,Buy,17.58,17.76,12,2.16,1,-10.08,96.96,14.64,1,"	2138,2152" 
2014-02-03T21:00:00Z,"BGFV",2014-04-01T20:00:00Z,Buy,16.62,16.17,12,-5.4,1,-26.76,98.16,33.24,0,"	2132,2176" 
2014-02-03T21:00:00Z,"TTEC",2014-05-01T20:00:00Z,Buy,21.29,24.22,12,35.16,1,-5.88,67.44,16.8,1,"	2145,2203" 
2014-02-03T21:00:00Z,"XRX",2014-05-01T20:00:00Z,Buy,10.41,12.08,91,151.97,2,-10.01,154.7,64.61,1,"	2146,2206" 
2014-02-03T21:00:00Z,"IPAR",2014-06-02T20:00:00Z,Buy,31.74,29.27,7,-17.29,1,-83.37,43.96,55.86,0,"	2136,2233" 
2014-02-03T21:00:00Z,"OIS",2014-06-02T20:00:00Z,Buy,91.98,61.61,12,-364.44,2,-364.44,187.32,551.76,0,"	2141,2235" 
2014-02-03T21:00:00Z,"KELYA",2014-07-01T20:00:00Z,Buy,22.76,17.57,51,-264.69,2,-285.09,159.63,444.72,0,"	2137,2258" 
2014-02-03T21:00:00Z,"SWX",2014-07-01T20:00:00Z,Buy,52.76,52.67,33,-2.97,2,-42.24,81.84,124.08,0,"	2144,2261" 
2014-02-03T21:00:00Z,"CORE",2014-08-01T20:00:00Z,Buy,36.8,46.94,5,50.7,2,-9,52.25,22.65,1,"	2134,2277" 
2014-02-03T21:00:00Z,"MUR",2014-08-01T20:00:00Z,Buy,55.37,61.53,26,160.16,2,-16.38,321.88,161.72,1,"	2139,2279" 
2014-02-03T21:00:00Z,"NUS",2014-08-01T20:00:00Z,Buy,82.78,59.03,5,-118.75,2,-120.45,29.4,149.85,0,"	2140,2280" 
2014-02-03T21:00:00Z,"PRFT",2014-09-02T20:00:00Z,Buy,20.01,17.59,33,-79.86,2,-112.86,29.04,141.9,0,"	2143,2310" 
2014-02-03T21:00:00Z,"CORE",2014-10-01T20:00:00Z,Buy,36.8,51.69,8,119.12,1,-14.4,142.16,36.24,1,"	2134,2328" 
2014-02-03T21:00:00Z,"CIR",2014-11-03T21:00:00Z,Buy,71.06,74.75,12,44.28,2,-112.56,132.36,244.92,1,"	2133,2346" 
2014-02-03T21:00:00Z,"CPK",2015-01-02T21:00:00Z,Buy,38.47335257,49.89,5.0000164999917,57.08,1,-66.33,70.63,41.83,1,"	2135,2397" 
2014-02-03T21:00:00Z,"CORE",2015-02-02T21:00:00Z,Buy,36.8,67.5,3,92.1,1,-5.4,97.5,13.8,1,"	2134,2416" 
2014-02-03T21:00:00Z,"OSTK",2015-04-01T20:00:00Z,Buy,20.72,24.06,20,66.8,2,-135.2,126.8,163.2,1,"	2142,2463" 
2014-02-03T21:00:00Z,"AHC",2015-06-01T20:00:00Z,Buy,73.92,66.76,4,-28.64,1,-33.88,108.72,142.6,0,"	2131,2512" 
2014-02-03T21:00:00Z,"CORE",2015-11-02T21:00:00Z,Buy,36.8,80.58,7,306.46,1,-12.6,311.43,131.25,1,"	2134,2635" 
2014-03-03T21:00:00Z,"SPH",2014-04-01T20:00:00Z,Buy,42.88,42.01,6,-5.22,1,-16.74,38.1,19.92,0,"	2169,2183" 
2014-03-03T21:00:00Z,"UACL",2014-04-01T20:00:00Z,Buy,25.44,28.98,10,35.4,1,-7.5,75.5,10.3,1,"	2172,2184" 
2014-03-03T21:00:00Z,"PPC",2014-05-01T20:00:00Z,Buy,17.18,22.05,15,73.05,1,-48.9,79.95,17.4,1,"	2168,2199" 
2014-03-03T21:00:00Z,"ARLP",2014-08-01T20:00:00Z,Buy,43.19,49.54,7,44.45,2,-18.55,56.28,25.69,1,"	2161,2272" 
2014-03-03T21:00:00Z,"CMCO",2014-08-01T20:00:00Z,Buy,25.25,23.16,10,-20.9,1,-20.9,50.5,71.4,0,"	2162,2276" 
2014-03-03T21:00:00Z,"HP",2014-09-02T20:00:00Z,Buy,98.42,103.82,2,10.8,2,-3.82,39.78,39.36,1,"	2165,2302" 
2014-03-03T21:00:00Z,"LZB",2014-09-02T20:00:00Z,Buy,25.37,21.81,9,-32.04,1,-129.06,50.94,69.21,0,"	2166,2305" 
2014-03-03T21:00:00Z,"UGI",2014-09-02T20:00:00Z,Buy,44.3,53.03,1.9999615999665,17.46,1,-61.97,17.46,6.24,1,"	2173,2314" 
2014-03-03T21:00:00Z,"MDU",2014-10-01T20:00:00Z,Buy,33.55,27.43,48,-293.76,1,-985.44,113.76,407.52,0,"	2167,2333" 
2014-03-03T21:00:00Z,"ARLP",2014-11-03T21:00:00Z,Buy,43.19,49.4,9,55.89,1,-41.31,72.36,113.67,1,"	2161,2344" 
2014-03-03T21:00:00Z,"STMP",2014-11-03T21:00:00Z,Buy,35.55,36.96,6,8.46,1,-40.5,41.46,49.92,1,"	2170,2353" 
2014-03-03T21:00:00Z,"TTWO",2014-11-03T21:00:00Z,Buy,20,25.83,9,52.47,2,-10.71,58.05,31.23,1,"	2171,2355" 
2014-03-03T21:00:00Z,"DAL",2014-12-01T21:00:00Z,Buy,32.59,45.62,8,104.24,2,-13.52,112.72,90.64,1,"	2163,2379" 
2014-03-03T21:00:00Z,"UGI",2015-01-02T21:00:00Z,Buy,29.5333481,38.02,13,110.33,1,-268.52,130.87,36.01,1,"	2173,2405" 
2014-03-03T21:00:00Z,"DAL",2015-03-02T21:00:00Z,Buy,32.59,45.39,19,243.2,1,-32.11,344.66,215.27,1,"	2163,2438" 
2014-03-03T21:00:00Z,"HP",2015-03-02T21:00:00Z,Buy,98.42,65.71,11,-359.81,1,-450.56,218.79,669.35,0,"	2165,2441" 
2014-03-03T21:00:00Z,"TTWO",2015-03-02T21:00:00Z,Buy,20,26.06,34,206.04,1,-40.46,357,150.96,1,"	2171,2446" 
2014-03-03T21:00:00Z,"UGI",2015-05-01T20:00:00Z,Buy,29.5333481,35.1,47.000027600036,261.63,1,-970.81,473.13,367.54,1,"	2173,2489" 
2014-03-03T21:00:00Z,"ARLP",2015-08-03T20:00:00Z,Buy,43.19,24.43,24,-450.24,1,-479.52,192.96,672.48,0,"	2161,2551" 
2014-04-01T20:00:00Z,"SWM",2014-05-01T20:00:00Z,Buy,42.51,42.78,7,1.89,1,-23.73,141.47,24.01,1,"	2195,2201" 
2014-04-01T20:00:00Z,"BAH",2014-06-02T20:00:00Z,Buy,22.32,22.09,10,-2.3,2,-9.3,26.8,29.1,0,"	2188,2229" 
2014-04-01T20:00:00Z,"IDT",2014-06-02T20:00:00Z,Buy,16.99,16.64,14,-4.9,1,-43.82,79.38,22.82,0,"	2191,2232" 
2014-04-01T20:00:00Z,"LHCG",2014-06-02T20:00:00Z,Buy,22.3,20.38,13,-24.96,1,-39,54.47,25.09,0,"	2192,2234" 
2014-04-01T20:00:00Z,"MU",2014-07-01T20:00:00Z,Buy,24.44,33.98,9,85.86,2,-29.79,85.86,29.79,1,"	2193,2260" 
2014-04-01T20:00:00Z,"SWKS",2014-08-01T20:00:00Z,Buy,37.61,52.07,10,144.6,2,-27.1,166.3,34.8,1,"	2186,2271" 
2014-04-01T20:00:00Z,"BAH",2014-08-01T20:00:00Z,Buy,22.32,22.18,48,-6.72,1,-72,128.64,200.64,0,"	2188,2273" 
2014-04-01T20:00:00Z,"NP",2014-09-02T20:00:00Z,Buy,52.41,54.8,4,9.56,2,-18.36,11.36,22.56,1,"	2194,2307" 
2014-04-01T20:00:00Z,"EPAM",2014-10-01T20:00:00Z,Buy,36.37,43.11,17,114.58,2,-104.72,155.38,141.95,1,"	2190,2331" 
2014-04-01T20:00:00Z,"EBS",2014-11-03T21:00:00Z,Buy,25.75,22.31,34,-116.96,2,-198.22,35.02,233.24,0,"	2189,2348" 
2014-04-01T20:00:00Z,"SWKS",2014-12-01T21:00:00Z,Buy,37.61,65.77,5,140.8,1,-13.55,151.45,67.6,1,"	2186,2376" 
2014-04-01T20:00:00Z,"MU",2015-01-02T21:00:00Z,Buy,24.44,34.75,26,268.06,1,-86.06,313.3,197.86,1,"	2193,2402" 
2014-04-01T20:00:00Z,"SWKS",2015-02-02T21:00:00Z,Buy,37.61,82.02,11,488.51,1,-29.81,512.38,148.72,1,"	2186,2415" 
2014-04-01T20:00:00Z,"BABY",2015-07-01T20:00:00Z,Buy,26.59,42.29,6,94.2,2,-24.36,103.02,36.18,1,"	2187,2530" 
2014-04-01T20:00:00Z,"NP",2015-11-02T21:00:00Z,Buy,52.41,68.29,3,47.64,1,-13.77,47.64,23.4,1,"	2194,2640" 
2014-05-01T20:00:00Z,"CALM",2014-06-02T20:00:00Z,Buy,59.02,69.47,3,31.35,2,-1.05,32.22,3,1,"	2209,2230" 
2014-05-01T20:00:00Z,"LHCG",2014-06-02T20:00:00Z,Buy,20.82,20.38,11,-4.84,1,-16.72,62.37,7.48,0,"	2216,2234" 
2014-05-01T20:00:00Z,"OIS",2014-06-02T20:00:00Z,Buy,97.31,61.61,4,-142.8,1,-142.8,41.12,183.92,0,"	2219,2235" 
2014-05-01T20:00:00Z,"POWI",2014-06-02T20:00:00Z,Buy,49.37,49.1,15,-4.05,2,-19.95,25.8,31.95,0,"	2222,2236" 
2014-05-01T20:00:00Z,"TSN",2014-06-02T20:00:00Z,Buy,42.41,43.4,7,6.93,2,-29.12,6.93,30.8,1,"	2226,2240" 
2014-05-01T20:00:00Z,"SWX",2014-07-01T20:00:00Z,Buy,54.6,52.67,6,-11.58,1,-18.72,3.84,21.18,0,"	2224,2261" 
2014-05-01T20:00:00Z,"BKH",2014-08-01T20:00:00Z,Buy,57.81,52.67,4,-20.56,1,-43.68,14.32,34.88,0,"	2208,2274" 
2014-05-01T20:00:00Z,"CALM",2014-09-02T20:00:00Z,Buy,59.02,81.34,3,66.96,1,-1.05,66.96,27.96,1,"	2209,2298" 
2014-05-01T20:00:00Z,"GTE",2014-09-02T20:00:00Z,Buy,7.04,6.61,32,-13.76,1,-22.08,34.56,56.64,0,"	2214,2301" 
2014-05-01T20:00:00Z,"MOV",2014-09-02T20:00:00Z,Buy,39.03,37.58,24,-34.8,2,-50.64,120.24,167.28,0,"	2218,2306" 
2014-05-01T20:00:00Z,"OSK",2014-09-02T20:00:00Z,Buy,54.94,49.6,4,-21.36,1,-40.08,20.28,46.88,0,"	2221,2308" 
2014-05-01T20:00:00Z,"CALM",2014-10-01T20:00:00Z,Buy,59.02,87.8,3,86.34,1,-1.05,96.99,27.96,1,"	2209,2327" 
2014-05-01T20:00:00Z,"RS",2014-10-01T20:00:00Z,Buy,71.2,67.32,3,-11.64,1,-63.24,14.76,23.34,0,"	2223,2336" 
2014-05-01T20:00:00Z,"ENS",2014-11-03T21:00:00Z,Buy,67.13,62.46,3,-14.01,1,-106.08,20.22,59.94,0,"	2211,2349" 
2014-05-01T20:00:00Z,"EGY",2014-12-01T21:00:00Z,Buy,8.91,5.94,62,-184.14,2,-197.16,31.62,228.78,0,"	2210,2381" 
2014-05-01T20:00:00Z,"APU",2015-01-02T21:00:00Z,Buy,46.55,48.54,9,17.91,2,-32.04,17.91,47.79,1,"	2207,2394" 
2014-05-01T20:00:00Z,"TSN",2015-02-02T21:00:00Z,Buy,42.41,39.57,25,-71,1,-181.5,24.75,206.25,0,"	2226,2423" 
2014-05-01T20:00:00Z,"VMW",2015-02-02T21:00:00Z,Buy,92.05,79.22,10,-128.3,2,-169.9,115.9,285.8,0,"	2228,2424" 
2014-05-01T20:00:00Z,"OSTK",2015-04-01T20:00:00Z,Buy,15.33,24.06,15,130.95,1,-20.55,175.95,85.95,1,"	2220,2463" 
2014-05-01T20:00:00Z,"UGI",2015-05-01T20:00:00Z,Buy,31.38668236,35.1,4.9999723999636,18.57,1,-112.54,41.07,39.1,1,"	2227,2489" 
2014-05-01T20:00:00Z,"CALM",2015-06-01T20:00:00Z,Buy,29.51,57.29,10,277.8,1,-1.75,303.5,130.4,1,"	2209,2513" 
2014-05-01T20:00:00Z,"CALM",2015-10-01T20:00:00Z,Buy,29.51,56.47,12,323.52,1,-2.1,364.2,156.48,1,"	2209,2623" 
2014-06-02T20:00:00Z,"KELYA",2014-07-01T20:00:00Z,Buy,17.67,17.57,15,-1.5,1,-7.5,123.3,24.9,0,"	2250,2258" 
2014-06-02T20:00:00Z,"MOD",2014-08-01T20:00:00Z,Buy,14.94,13.25,53,-89.57,2,-89.57,56.71,146.28,0,"	2252,2278" 
2014-06-02T20:00:00Z,"ALG",2014-09-02T20:00:00Z,Buy,52.3,49.03,4,-13.08,1,-99.68,33.56,35.4,0,"	2243,2296" 
2014-06-02T20:00:00Z,"PEG",2014-09-02T20:00:00Z,Buy,39.11,36.58,6,-15.18,2,-29.76,10.08,39.84,0,"	2254,2309" 
2014-06-02T20:00:00Z,"ICFI",2014-10-01T20:00:00Z,Buy,37.15,30.43,7,-47.04,1,-132.3,29.05,56.35,0,"	2249,2332" 
2014-06-02T20:00:00Z,"MDU",2014-10-01T20:00:00Z,Buy,33.68,27.43,6.9999842009374,-43.75,1,-144.62,15.68,53.69,0,"	2251,2333" 
2014-06-02T20:00:00Z,"PPC",2014-10-01T20:00:00Z,Buy,25.92,30.25,8,34.64,2,-12.08,50.8,30,1,"	2255,2334" 
2014-06-02T20:00:00Z,"PEG",2014-12-01T21:00:00Z,Buy,39.11,41.63,5,12.6,1,-24.8,14.3,33.2,1,"	2254,2385" 
2014-06-02T20:00:00Z,"PPC",2014-12-01T21:00:00Z,Buy,25.92,32.22,8,50.4,1,-12.08,54.08,54.16,1,"	2255,2386" 
2014-06-02T20:00:00Z,"CRUS",2015-01-02T21:00:00Z,Buy,22.02,23.71,37,62.53,2,-190.18,103.97,294.15,1,"	2245,2398" 
2014-06-02T20:00:00Z,"HVT",2015-02-02T21:00:00Z,Buy,24.97,24.79,9,-1.62,1,-78.3,57.33,60.21,0,"	2247,2420" 
2014-06-02T20:00:00Z,"HURN",2015-02-02T21:00:00Z,Buy,67.97,75.13,13,93.08,2,-97.89,128.96,141.05,1,"	2248,2421" 
2014-06-02T20:00:00Z,"PEG",2015-05-01T20:00:00Z,Buy,39.11,41.96,38,108.3,1,-188.48,197.22,252.32,1,"	2254,2484" 
2014-06-02T20:00:00Z,"PPC",2015-05-01T20:00:00Z,Buy,25.92,25.44,22,-10.56,1,-73.26,256.74,330,0,"	2255,2485" 
2014-06-02T20:00:00Z,"AHC",2015-06-01T20:00:00Z,Buy,91.31,66.76,3,-73.65,1,-77.58,29.37,106.95,0,"	2242,2512" 
2014-07-01T20:00:00Z,"NUS",2014-08-01T20:00:00Z,Buy,73.48,59.03,3,-43.35,1,-44.37,45.54,44.37,0,"	2267,2280" 
2014-07-01T20:00:00Z,"RGR",2014-09-02T20:00:00Z,Buy,59.46,51.09,4,-33.48,1,-40.88,101.92,42.64,0,"	2269,2311" 
2014-07-01T20:00:00Z,"PSX",2014-11-03T21:00:00Z,Buy,80.6,76.68,3,-11.76,2,-38.13,20.73,58.86,0,"	2268,2352" 
2014-07-01T20:00:00Z,"VRA",2014-11-03T21:00:00Z,Buy,22,22.68,10,6.8,2,-29.4,21.6,41.9,1,"	2270,2357" 
2014-07-01T20:00:00Z,"NJR",2015-01-02T21:00:00Z,Buy,56.95,61.25,4,17.2,2,-32.24,28.04,33.48,1,"	2266,2403" 
2014-07-01T20:00:00Z,"DLX",2015-02-02T21:00:00Z,Buy,60.14,64.2,5,20.3,2,-34.5,26.6,34.9,1,"	2265,2418" 
2014-07-01T20:00:00Z,"PSX",2015-03-02T21:00:00Z,Buy,80.6,77.01,3,-10.77,1,-64.53,20.73,85.26,0,"	2268,2444" 
2014-07-01T20:00:00Z,"VRA",2015-03-02T21:00:00Z,Buy,22,19.17,41,-116.03,1,-142.27,88.56,230.83,0,"	2270,2448" 
2014-07-01T20:00:00Z,"DLX",2015-05-01T20:00:00Z,Buy,60.14,65.49,18,96.3,1,-124.2,169.74,125.64,1,"	2265,2478" 
2014-07-01T20:00:00Z,"PSX",2015-05-01T20:00:00Z,Buy,80.6,81.61,13,13.13,1,-279.63,89.83,369.46,1,"	2268,2486" 
2014-07-01T20:00:00Z,"ABFS",2015-12-01T21:00:00Z,Buy,44.09,24.33,6,-118.56,1,-134.82,19.44,139.5,0,"	2264,2658" 
2014-08-01T20:00:00Z,"ATRI",2014-09-02T20:00:00Z,Buy,282.95,328.7,1,45.75,2,0,45.75,9.59,1,"	2282,2297" 
2014-08-01T20:00:00Z,"DEPO",2014-09-02T20:00:00Z,Buy,10.8,15.31,22,99.22,2,0,103.18,8.14,1,"	2284,2299" 
2014-08-01T20:00:00Z,"JCOM",2014-09-02T20:00:00Z,Buy,49.09,53.76,5,23.35,1,-30.25,33.25,3.85,1,"	2287,2303" 
2014-08-01T20:00:00Z,"PRFT",2014-09-02T20:00:00Z,Buy,16.86,17.59,15,10.95,1,-4.05,60.45,6.6,1,"	2293,2310" 
2014-08-01T20:00:00Z,"ICFI",2014-10-01T20:00:00Z,Buy,34.43,30.43,6,-24,1,-97.08,41.22,31.56,0,"	2286,2332" 
2014-08-01T20:00:00Z,"DDS",2014-12-01T21:00:00Z,Buy,120.49,116.64,2,-7.7,2,-40.06,6.26,46.32,0,"	2283,2380" 
2014-08-01T20:00:00Z,"FSLR",2014-12-01T21:00:00Z,Buy,62.03,45.76,4,-65.08,1,-102.24,47.28,108.08,0,"	2285,2382" 
2014-08-01T20:00:00Z,"NSIT",2014-12-01T21:00:00Z,Buy,27.35,23.21,39,-161.46,2,-209.04,3.9,212.94,0,"	2291,2383" 
2014-08-01T20:00:00Z,"OFIX",2014-12-01T21:00:00Z,Buy,33.06,28.15,32,-157.12,2,-164.8,37.44,202.24,0,"	2292,2384" 
2014-08-01T20:00:00Z,"MTRX",2015-01-02T21:00:00Z,Buy,26.71,22.24,8,-35.76,1,-60.16,84,79.52,0,"	2290,2401" 
2014-08-01T20:00:00Z,"DEPO",2015-03-02T21:00:00Z,Buy,10.8,23.06,15,183.9,1,0,183.9,38.85,1,"	2284,2439" 
2014-08-01T20:00:00Z,"ATRI",2015-05-01T20:00:00Z,Buy,282.95,326.8,3,131.55,1,0,197.82,120.6,1,"	2282,2476" 
2014-08-01T20:00:00Z,"LSCC",2015-05-01T20:00:00Z,Buy,6.86,6.12,113,-83.62,2,-105.09,92.66,197.75,0,"	2289,2481" 
2014-08-01T20:00:00Z,"UHS",2015-07-01T20:00:00Z,Buy,105.37,143.09,3,113.16,2,-22.68,113.16,51.12,1,"	2294,2537" 
2014-08-01T20:00:00Z,"DDS",2015-08-03T20:00:00Z,Buy,120.49,100.71,6,-118.68,1,-128.94,130.38,259.32,0,"	2283,2554" 
2014-08-01T20:00:00Z,"DEPO",2015-08-03T20:00:00Z,Buy,10.8,31.17,17,346.29,1,0,382.16,131.75,1,"	2284,2556" 
2014-09-02T20:00:00Z,"DMLP",2014-10-01T20:00:00Z,Buy,33.98,29.92,8,-32.48,2,-42.48,0,42.48,0,"	2321,2330" 
2014-09-02T20:00:00Z,"DMLP",2014-11-03T21:00:00Z,Buy,33.98,26.65,10,-73.3,1,-85.2,0,85.2,0,"	2321,2347" 
2014-09-02T20:00:00Z,"AVA",2014-11-03T21:00:00Z,Buy,32.15,35.65,13,45.5,2,-21.06,45.63,30.16,1,"	2326,2358" 
2014-09-02T20:00:00Z,"ATO",2015-01-02T21:00:00Z,Buy,50.32,55.9,7,39.06,2,-23.17,54.32,30.1,1,"	2318,2395" 
2014-09-02T20:00:00Z,"DLB",2015-02-02T21:00:00Z,Buy,46.21,38.71,37,-277.5,2,-285.64,0,285.64,0,"	2320,2417" 
2014-09-02T20:00:00Z,"HURN",2015-02-02T21:00:00Z,Buy,60.58,75.13,4,58.2,1,-0.56,69.24,25.44,1,"	2323,2421" 
2014-09-02T20:00:00Z,"CHE",2015-03-02T21:00:00Z,Buy,105.91,117.88,3,35.91,2,-22.98,35.91,29.1,1,"	2319,2436" 
2014-09-02T20:00:00Z,"GPRE",2015-05-01T20:00:00Z,Buy,44.68,31.02,18,-245.88,2,-435.24,19.26,454.5,0,"	2322,2479" 
2014-09-02T20:00:00Z,"AEP",2015-08-03T20:00:00Z,Buy,52.88,57.08,33,138.6,2,-26.07,385.77,394.02,1,"	2317,2550" 
2014-09-02T20:00:00Z,"CHE",2015-08-03T20:00:00Z,Buy,105.91,149.08,3,129.51,1,-22.98,129.51,29.1,1,"	2319,2552" 
2014-09-02T20:00:00Z,"DMLP",2015-09-01T20:00:00Z,Buy,33.98,15.07,38,-718.58,1,-793.44,0,793.44,0,"	2321,2584" 
2014-09-02T20:00:00Z,"INTC",2015-09-01T20:00:00Z,Buy,34.57,27.82,39,-263.25,2,-339.3,120.9,460.2,0,"	2324,2586" 
2014-09-02T20:00:00Z,"RSC",2015-09-01T20:00:00Z,Buy,106.48,50.24,5,-281.2,2,-313.15,4.3,317.45,0,"	2325,2593" 
2014-09-02T20:00:00Z,"AVA",2015-09-01T20:00:00Z,Buy,32.15,30.27,51,-95.88,1,-95.88,313.65,409.53,0,"	2326,2597" 
2014-09-02T20:00:00Z,"CHE",2015-11-02T21:00:00Z,Buy,105.91,156.75,6,305.04,1,-45.96,310.86,142.92,1,"	2319,2634" 
2014-10-01T20:00:00Z,"EW",2014-11-03T21:00:00Z,Buy,103.39,119.93,3,49.62,2,-16.17,52.59,26.73,1,"	2340,2350" 
2014-10-01T20:00:00Z,"CVS",2014-12-01T21:00:00Z,Buy,79.14,90.16,4,44.08,2,-1.32,48.88,14.84,1,"	2339,2378" 
2014-10-01T20:00:00Z,"CVS",2015-03-02T21:00:00Z,Buy,79.14,104.19,2,50.1,1,-0.66,50.1,8.12,1,"	2339,2437" 
2014-10-01T20:00:00Z,"MED",2015-03-02T21:00:00Z,Buy,31.78,32.35,26,14.82,2,-62.14,52.26,88.92,1,"	2342,2442" 
2014-10-01T20:00:00Z,"EW",2015-04-01T20:00:00Z,Buy,103.39,140.7,2,74.62,1,-10.78,91.12,19.88,1,"	2340,2462" 
2014-10-01T20:00:00Z,"ZBRA",2015-04-01T20:00:00Z,Buy,68.21,89.56,2.9999912699917,64.05,1,-93.83,72.57,29.43,1,"	2343,2466" 
2014-10-01T20:00:00Z,"CVS",2015-06-01T20:00:00Z,Buy,79.14,102.51,2,46.74,1,-0.66,50.84,11.64,1,"	2339,2515" 
2014-10-01T20:00:00Z,"CVS",2015-08-03T20:00:00Z,Buy,79.14,112.82,2,67.36,1,-0.66,68.62,11.64,1,"	2339,2553" 
2014-10-01T20:00:00Z,"CVS",2015-09-01T20:00:00Z,Buy,79.14,100.27,2,42.26,1,-0.66,68.62,26.9,1,"	2339,2583" 
2014-11-03T21:00:00Z,"OFIX",2014-12-01T21:00:00Z,Buy,29.07,28.15,9,-8.28,1,-10.44,46.44,11.52,0,"	2371,2384" 
2014-11-03T21:00:00Z,"GME",2015-01-02T21:00:00Z,Buy,42.71,33.8,5,-44.55,1,-53.95,34.7,64.05,0,"	2364,2400" 
2014-11-03T21:00:00Z,"DLB",2015-02-02T21:00:00Z,Buy,42.15,38.71,9,-30.96,1,-32.94,36.54,66.06,0,"	2363,2417" 
2014-11-03T21:00:00Z,"HVT",2015-02-02T21:00:00Z,Buy,21.77,24.79,13,39.26,1,-71.5,124.41,21.32,1,"	2365,2420" 
2014-11-03T21:00:00Z,"NTCT",2015-02-02T21:00:00Z,Buy,37.31,35.81,22,-33,2,-82.5,37.62,120.12,0,"	2370,2422" 
2014-11-03T21:00:00Z,"TSN",2015-02-02T21:00:00Z,Buy,40.83,39.57,5,-6.3,1,-28.4,12.85,21.6,0,"	2373,2423" 
2014-11-03T21:00:00Z,"VMW",2015-02-02T21:00:00Z,Buy,84.27,79.22,4,-20.2,1,-36.84,77.48,52.92,0,"	2375,2424" 
2014-11-03T21:00:00Z,"MIC",2015-05-01T20:00:00Z,Buy,72.28,82.54,19,194.94,2,-161.5,236.74,161.5,1,"	2366,2482" 
2014-11-03T21:00:00Z,"MSM",2015-05-01T20:00:00Z,Buy,81.03,71.58,20,-189,2,-217.6,69.6,287.2,0,"	2368,2483" 
2014-11-03T21:00:00Z,"SKX",2015-05-01T20:00:00Z,Buy,55.51,91.67,5,180.8,2,-7.8,180.8,37.3,1,"	2372,2488" 
2014-11-03T21:00:00Z,"DDS",2015-08-03T20:00:00Z,Buy,108.15,100.71,2,-14.88,1,-18.3,68.14,86.44,0,"	2361,2554" 
2014-11-03T21:00:00Z,"DECK",2015-08-03T20:00:00Z,Buy,88.23,71.58,3,-49.95,1,-140.1,88.23,97.5,0,"	2362,2555" 
2014-11-03T21:00:00Z,"SKX",2015-08-03T20:00:00Z,Buy,55.51,148.65,4,372.56,1,-6.24,379.76,29.84,1,"	2372,2559" 
2014-11-03T21:00:00Z,"MYGN",2015-09-01T20:00:00Z,Buy,39.48,36.65,6,-16.98,1,-112.14,16.38,51.3,0,"	2369,2590" 
2014-11-03T21:00:00Z,"MRVL",2015-12-01T21:00:00Z,Buy,13.53,9.38,87,-361.05,2,-476.76,266.22,742.98,0,"	2367,2663" 
2014-12-01T21:00:00Z,"CRUS",2015-01-02T21:00:00Z,Buy,17.88,23.71,11,64.13,1,-11,76.45,11,1,"	2388,2398" 
2014-12-01T21:00:00Z,"GILD",2015-02-02T21:00:00Z,Buy,100.55,106.19,3,16.92,2,-33.3,23.7,57,1,"	2390,2419" 
2014-12-01T21:00:00Z,"BW",2015-05-01T20:00:00Z,Buy,34.65,39.11,20,89.2,2,-48,133.2,92.4,1,"	2387,2477" 
2014-12-01T21:00:00Z,"DLX",2015-05-01T20:00:00Z,Buy,58.39,65.49,4,28.4,1,-20.6,44.72,21.92,1,"	2389,2478" 
2014-12-01T21:00:00Z,"RSC",2015-09-01T20:00:00Z,Buy,62.78,50.24,4,-50.16,1,-75.72,178.24,92.64,0,"	2391,2593" 
2014-12-01T21:00:00Z,"SXI",2015-09-01T20:00:00Z,Buy,72.13,76.61,6,26.88,2,-16.8,69.12,78.06,1,"	2392,2595" 
2014-12-01T21:00:00Z,"GILD",2015-10-01T20:00:00Z,Buy,100.55,98.27,8,-18.24,1,-88.8,173.28,219.28,0,"	2390,2624" 
2015-01-02T21:00:00Z,"HURN",2015-02-02T21:00:00Z,Buy,67.56,75.13,3,22.71,1,-21.36,30.99,8.28,1,"	2409,2421" 
2015-01-02T21:00:00Z,"NVDA",2015-03-02T21:00:00Z,Buy,20.13,22.6,9.9999711999885,24.7,1,-22.1,147,15,1,"	2410,2443" 
2015-01-02T21:00:00Z,"CNC",2015-04-01T20:00:00Z,Buy,52.22,70.47,3,54.75,2,-0.42,57.03,7.2,1,"	2406,2460" 
2015-01-02T21:00:00Z,"DV",2015-04-01T20:00:00Z,Buy,44.28,34,28,-287.84,2,-310.52,27.44,337.96,0,"	2408,2461" 
2015-01-02T21:00:00Z,"CNC",2015-06-01T20:00:00Z,Buy,52.22,75.9,3,71.04,1,-0.42,71.04,35.04,1,"	2406,2514" 
2015-01-02T21:00:00Z,"NVDA",2015-09-01T20:00:00Z,Buy,20.13,21.56,12,17.16,1,-26.52,176.4,49.92,1,"	2410,2592" 
2015-01-02T21:00:00Z,"ZUMZ",2015-11-02T21:00:00Z,Buy,38.21,17.87,24,-488.16,2,-573.6,76.56,650.16,0,"	2414,2643" 
2015-01-02T21:00:00Z,"NVDA",2015-12-01T21:00:00Z,Buy,20.13,32.75,11,138.82,1,-24.31,161.7,45.76,1,"	2410,2665" 
2015-02-02T21:00:00Z,"ATRI",2015-05-01T20:00:00Z,Buy,339.44,326.8,1,-12.64,1,-56.49,9.45,27.23,0,"	2425,2476" 
2015-02-02T21:00:00Z,"MIC",2015-05-01T20:00:00Z,Buy,72.61,82.54,3,29.79,1,-26.49,36.39,9.48,1,"	2430,2482" 
2015-02-02T21:00:00Z,"MSM",2015-05-01T20:00:00Z,Buy,75.87,71.58,3,-12.87,1,-17.16,25.92,21.69,0,"	2431,2483" 
2015-02-02T21:00:00Z,"KFRC",2015-05-01T20:00:00Z,Buy,23.67,22.73,51,-47.94,2,-94.86,52.53,147.39,0,"	2433,2487" 
2015-02-02T21:00:00Z,"MU",2015-06-01T20:00:00Z,Buy,28.44,28.42,32,-0.64,2,-68.16,124.48,192.64,0,"	2432,2517" 
2015-02-02T21:00:00Z,"HCA",2015-07-01T20:00:00Z,Buy,70.18,90.87,3,62.07,2,-8.76,64.98,16.89,1,"	2428,2534" 
2015-02-02T21:00:00Z,"UNH",2015-07-01T20:00:00Z,Buy,107.29,123.38,2,32.18,2,-1.6,32.18,20.4,1,"	2434,2538" 
2015-02-02T21:00:00Z,"USPH",2015-07-01T20:00:00Z,Buy,39,54.8,7,110.6,2,0,112.21,28.21,1,"	2435,2539" 
2015-02-02T21:00:00Z,"IDT",2015-09-01T20:00:00Z,Buy,21.59,15.05,50,-327,2,-327,57,384,0,"	2429,2585" 
2015-02-02T21:00:00Z,"USPH",2015-12-01T21:00:00Z,Buy,39,52.53,4,54.12,1,0,68.96,52.96,1,"	2435,2669" 
2015-03-02T21:00:00Z,"RMD",2015-04-01T20:00:00Z,Buy,64.76,71.39,3,19.89,2,-0.81,23.04,6.57,1,"	2458,2464" 
2015-03-02T21:00:00Z,"GPRE",2015-05-01T20:00:00Z,Buy,23.49,31.02,9,67.77,1,-26.91,200.34,25.11,1,"	2453,2479" 
2015-03-02T21:00:00Z,"HLS",2015-05-01T20:00:00Z,Buy,44.11,43.51,29,-17.4,2,-89.03,110.78,128.18,0,"	2454,2480" 
2015-03-02T21:00:00Z,"RMD",2015-06-01T20:00:00Z,Buy,64.76,59.34,5,-27.1,1,-46.4,50.3,96.7,0,"	2458,2518" 
2015-03-02T21:00:00Z,"CRMT",2015-07-01T20:00:00Z,Buy,53.9,50.02,19,-73.72,2,-87.02,58.9,145.92,0,"	2452,2531" 
2015-03-02T21:00:00Z,"BKE",2015-09-01T20:00:00Z,Buy,51.48,41.32,4.5000082499959,-45.72,1,-166.05,25.47,52.29,0,"	2451,2581" 
2015-03-02T21:00:00Z,"KLIC",2015-09-01T20:00:00Z,Buy,16.33,10.59,75,-430.5,2,-474.75,0,474.75,0,"	2455,2587" 
2015-03-02T21:00:00Z,"BCC",2015-11-02T21:00:00Z,Buy,36.49,30.55,28,-166.32,2,-320.6,75.32,395.92,0,"	2450,2633" 
2015-04-01T20:00:00Z,"LSCC",2015-05-01T20:00:00Z,Buy,6.28,6.12,38,-6.08,1,-13.3,53.2,22.04,0,"	2469,2481" 
2015-04-01T20:00:00Z,"MSM",2015-05-01T20:00:00Z,Buy,71.46,71.58,3,0.36,1,-3.93,39.15,6,1,"	2470,2483" 
2015-04-01T20:00:00Z,"PPC",2015-05-01T20:00:00Z,Buy,23.76,25.44,11,18.48,1,-12.87,152.13,17.6,1,"	2472,2485" 
2015-04-01T20:00:00Z,"UEPS",2015-07-01T20:00:00Z,Buy,13.5,18.68,26,134.68,2,-30.68,153.66,35.1,1,"	2474,2536" 
2015-04-01T20:00:00Z,"ARLP",2015-08-03T20:00:00Z,Buy,32.99,24.43,8,-68.48,1,-78.24,145.92,90.08,0,"	2467,2551" 
2015-04-01T20:00:00Z,"UEIC",2015-08-03T20:00:00Z,Buy,56.35,50.71,4,-22.56,1,-107.16,40.04,39.36,0,"	2473,2560" 
2015-04-01T20:00:00Z,"CENX",2015-09-01T20:00:00Z,Buy,14.12,5.32,42,-369.6,2,-409.5,20.16,429.66,0,"	2468,2582" 
2015-04-01T20:00:00Z,"MYGN",2015-09-01T20:00:00Z,Buy,34.77,36.65,6,11.28,1,-83.88,44.64,32.52,1,"	2471,2590" 
2015-04-01T20:00:00Z,"VDSI",2015-11-02T21:00:00Z,Buy,21.73,19.32,25,-60.25,2,-161.25,322.5,483.75,0,"	2475,2642" 
2015-05-01T20:00:00Z,"SWKS",2015-06-01T20:00:00Z,Buy,98.3,109.45,3,33.45,2,-11.19,33.45,13.62,1,"	2490,2511" 
2015-05-01T20:00:00Z,"FARO",2015-06-01T20:00:00Z,Buy,40.51,43.39,16,46.08,2,-8.96,49.92,8.96,1,"	2496,2516" 
2015-05-01T20:00:00Z,"STMP",2015-06-01T20:00:00Z,Buy,62.01,68.56,3,19.65,2,-4.02,33.12,17.28,1,"	2510,2519" 
2015-05-01T20:00:00Z,"MGEE",2015-07-01T20:00:00Z,Buy,41.43,38.88,35,-89.25,2,-148.05,0.7,148.75,0,"	2502,2535" 
2015-05-01T20:00:00Z,"DDS",2015-08-03T20:00:00Z,Buy,133.38,100.71,2,-65.34,1,-68.76,17.68,68.76,0,"	2494,2554" 
2015-05-01T20:00:00Z,"FIX",2015-08-03T20:00:00Z,Buy,21.13,27.62,20,129.8,2,0,130.2,26,1,"	2497,2557" 
2015-05-01T20:00:00Z,"KLIC",2015-09-01T20:00:00Z,Buy,15.61,10.59,20,-100.4,1,-112.2,14.4,112.2,0,"	2500,2587" 
2015-05-01T20:00:00Z,"MDP",2015-09-01T20:00:00Z,Buy,52.13,45.78,7,-44.45,2,-75.39,8.75,84.14,0,"	2501,2589" 
2015-05-01T20:00:00Z,"STMP",2015-09-01T20:00:00Z,Buy,62.01,79.54,3,52.59,1,-4.02,78.72,34.08,1,"	2510,2594" 
2015-05-01T20:00:00Z,"GILD",2015-10-01T20:00:00Z,Buy,105.01,98.27,3,-20.22,1,-46.68,51.6,82.23,0,"	2499,2624" 
2015-05-01T20:00:00Z,"MDP",2015-11-02T21:00:00Z,Buy,52.13,47.28,23,-111.55,1,-247.71,28.75,276.46,0,"	2501,2636" 
2015-05-01T20:00:00Z,"MMS",2015-11-02T21:00:00Z,Buy,64.69,68.52,3,11.49,2,-18.63,13.59,32.22,1,"	2504,2638" 
2015-05-01T20:00:00Z,"MYRG",2015-11-02T21:00:00Z,Buy,29.71,23.11,9,-59.4,2,-77.13,16.29,93.42,0,"	2505,2639" 
2015-05-01T20:00:00Z,"PLUS",2015-12-01T21:00:00Z,Buy,85.54,87.54,5,10,2,-62.35,82.45,76.2,1,"	2503,2661" 
2015-05-01T20:00:00Z,"MMS",2015-12-01T21:00:00Z,Buy,64.69,56.95,5,-38.7,1,-66.8,25.55,92.35,0,"	2504,2662" 
2015-05-01T20:00:00Z,"MYRG",2015-12-01T21:00:00Z,Buy,29.71,21.25,32,-270.72,1,-330.24,57.92,388.16,0,"	2505,2664" 
2015-05-01T20:00:00Z,"STMP",2015-12-01T21:00:00Z,Buy,62.01,101.32,5,196.55,1,-6.7,214.6,82.7,1,"	2510,2667" 
2015-06-01T20:00:00Z,"CRMT",2015-07-01T20:00:00Z,Buy,53.91,50.02,4,-15.56,1,-18.36,12.36,19.72,0,"	2524,2531" 
2015-06-01T20:00:00Z,"DECK",2015-08-03T20:00:00Z,Buy,68.35,71.58,2.9999908199925,9.69,1,-80.46,147.87,23.19,1,"	2525,2555" 
2015-06-01T20:00:00Z,"DMLP",2015-09-01T20:00:00Z,Buy,22.54,15.07,10,-74.7,1,-94.4,114.4,105.5,0,"	2526,2584" 
2015-06-01T20:00:00Z,"LHCG",2015-10-01T20:00:00Z,Buy,37.04,42.97,5,29.65,2,-4.3,70.4,40.75,1,"	2527,2625" 
2015-06-01T20:00:00Z,"ZUMZ",2015-11-02T21:00:00Z,Buy,29.45,17.87,11,-127.38,1,-166.54,131.45,171.49,0,"	2529,2643" 
2015-06-01T20:00:00Z,"ABFS",2015-12-01T21:00:00Z,Buy,34.95,24.33,6,-63.72,1,-79.98,74.28,68.4,0,"	2521,2658" 
2015-06-01T20:00:00Z,"MIC",2015-12-01T21:00:00Z,Buy,85.6,76.47,20,-182.6,2,-254.8,32.8,287.6,0,"	2528,2660" 
2015-07-01T20:00:00Z,"ABMD",2015-08-03T20:00:00Z,Buy,66.16,77.4,9,101.16,2,-15.93,101.7,25.74,1,"	2540,2549" 
2015-07-01T20:00:00Z,"ARLP",2015-08-03T20:00:00Z,Buy,25.02,24.43,13,-7.67,1,-23.53,340.73,23.53,0,"	2541,2551" 
2015-07-01T20:00:00Z,"DDS",2015-08-03T20:00:00Z,Buy,106.39,100.71,2,-11.36,1,-14.78,71.66,14.78,0,"	2542,2554" 
2015-07-01T20:00:00Z,"UFPI",2015-08-03T20:00:00Z,Buy,52.12,62.54,10,104.2,2,-13,113.8,13.7,1,"	2546,2561" 
2015-07-01T20:00:00Z,"WDC",2015-08-03T20:00:00Z,Buy,79.44,85.85,3,19.23,1,-138.03,104.52,13.14,1,"	2547,2562" 
2015-07-01T20:00:00Z,"RSC",2015-09-01T20:00:00Z,Buy,63.02,50.24,4,-51.12,1,-76.68,177.28,85.68,0,"	2544,2593" 
2015-07-01T20:00:00Z,"AVA",2015-09-01T20:00:00Z,Buy,30.89,30.27,8,-4.96,1,-4.96,59.28,29.76,0,"	2548,2597" 
2015-07-01T20:00:00Z,"UFPI",2015-11-02T21:00:00Z,Buy,52.12,74.72,7,158.2,1,-9.1,161.42,47.95,1,"	2546,2641" 
2015-08-03T20:00:00Z,"DMLP",2015-09-01T20:00:00Z,Buy,16.64,15.07,19,-29.83,1,-67.26,329.46,67.26,0,"	2567,2584" 
2015-08-03T20:00:00Z,"INTC",2015-09-01T20:00:00Z,Buy,29.05,27.82,13,-15.99,1,-41.34,112.06,49.01,0,"	2568,2586" 
2015-08-03T20:00:00Z,"KLIC",2015-09-01T20:00:00Z,Buy,10.09,10.59,20,10,1,-1.8,124.8,11.6,1,"	2569,2587" 
2015-08-03T20:00:00Z,"NPK",2015-09-01T20:00:00Z,Buy,78.87,79.41,3,1.62,2,-11.37,15.12,26.49,1,"	2572,2591" 
2015-08-03T20:00:00Z,"RSC",2015-09-01T20:00:00Z,Buy,50.43,50.24,4,-0.76,1,-26.32,227.64,36.72,0,"	2574,2593" 
2015-08-03T20:00:00Z,"AEIS",2015-10-01T20:00:00Z,Buy,25.71,26.14,48,20.64,2,-107.52,89.28,196.8,1,"	2564,2622" 
2015-08-03T20:00:00Z,"MDP",2015-11-02T21:00:00Z,Buy,47.12,47.28,5,0.8,1,-28.8,31.3,42.6,1,"	2570,2636" 
2015-08-03T20:00:00Z,"MERC",2015-11-02T21:00:00Z,Buy,12.69,11.03,84,-139.44,2,-265.44,0,265.44,0,"	2571,2637" 
2015-08-03T20:00:00Z,"SCVL",2015-12-01T21:00:00Z,Buy,27.62,21.78,38,-221.92,1,-630.8,30.78,386.84,0,"	2575,2666" 
2015-09-01T20:00:00Z,"CALM",2015-10-01T20:00:00Z,Buy,51.72,56.47,4,19,1,-89.54,32.56,29.08,1,"	2603,2623" 
2015-09-01T20:00:00Z,"BCC",2015-11-02T21:00:00Z,Buy,31.33,30.55,7,-5.46,1,-44.03,54.95,49.77,0,"	2602,2633" 
2015-09-01T20:00:00Z,"ABFS",2015-12-01T21:00:00Z,Buy,27.61,24.33,9,-29.52,1,-53.91,177.48,48.51,0,"	2599,2658" 
2015-09-01T20:00:00Z,"GMED",2015-12-01T21:00:00Z,Buy,23.83,27.73,14,54.6,2,-44.38,54.6,56.42,1,"	2608,2659" 
2015-09-01T20:00:00Z,"SYKE",2015-12-01T21:00:00Z,Buy,24.85,31.83,12,83.76,2,0,83.76,18.48,1,"	2619,2668" 
2015-10-01T20:00:00Z,"BCC",2015-11-02T21:00:00Z,Buy,25.04,30.55,9,49.59,1,0,127.26,26.46,1,"	2626,2633" 
2015-10-01T20:00:00Z,"MYRG",2015-12-01T21:00:00Z,Buy,25.72,21.25,11,-49.17,1,-69.63,63.8,88.33,0,"	2629,2664" 
2015-11-02T21:00:00Z,"SCVL",2015-12-01T21:00:00Z,Buy,22.63,21.78,9.5000112499944,-8.08,1,-110.3,55.1,45.98,0,"	2652,2666" 
