Entry Time,Symbols,Exit Time,Direction,Entry Price,Exit Price,Quantity,P&L,Fees,MAE,MFE,Drawdown,IsWin,Order Ids
2003-02-03T21:00:00Z,"TMI",2003-03-03T21:00:00Z,Buy,7.75,7.1,38,-24.7,4.7241880541117,-28.5,5.7,34.2,0,"	46,53" 
2003-02-03T21:00:00Z,"CCF",2003-04-01T21:00:00Z,Buy,10.28,9.9,32,-12.16,3.5658301505854,-28.8,0,28.8,0,"	5,63" 
2003-02-03T21:00:00Z,"EDEL",2003-04-01T21:00:00Z,Buy,11.79,10.36,23,-32.89,7.8539416772569,-42.32,0,42.32,0,"	10,64" 
2003-02-03T21:00:00Z,"MRTN",2003-04-01T21:00:00Z,Buy,17.44,18.5,15,15.9,4.8700841939562,-13.5,15.9,24.6,1,"	28,65" 
2003-02-03T21:00:00Z,"RBIN",2003-04-01T21:00:00Z,Buy,9.31,9.7,30,11.7,3.6107717760473,-9.6,25.2,15.3,1,"	36,66" 
2003-02-03T21:00:00Z,"AAON",2003-05-01T20:00:00Z,Buy,16.18,13.73,13,-31.85,5.0276024619067,-48.1,4.81,52.91,0,"	1,68" 
2003-02-03T21:00:00Z,"OXM",2003-05-01T20:00:00Z,Buy,24.02,36.26,9,110.16,2.8537508937001,-17.01,110.16,17.01,1,"	32,69" 
2003-02-03T21:00:00Z,"CW",2003-07-01T20:00:00Z,Buy,54.06,63.5,5,47.2,4.6134633474245,-5.25,52.95,43.9,1,"	7,84" 
2003-02-03T21:00:00Z,"SCHN",2003-07-01T20:00:00Z,Buy,21.52,43.16,8,173.12,3.4092515262204,-2.56,205.84,41.2,1,"	40,85" 
2003-02-03T21:00:00Z,"SXI",2003-07-01T20:00:00Z,Buy,21.67,21.18,12,-5.88,3.0712633945289,-34.44,7.32,34.44,0,"	45,86" 
2003-02-03T21:00:00Z,"SGC",2003-08-01T20:00:00Z,Buy,12.1,13.95,15,27.75,3.9969581869665,-28.5,35.85,28.5,1,"	41,92" 
2003-02-03T21:00:00Z,"VMI",2003-08-01T20:00:00Z,Buy,21.03,19.7,10,-13.3,4.6089223075989,-24.3,14.9,39.2,0,"	49,93" 
2003-02-03T21:00:00Z,"AVD",2003-09-02T20:00:00Z,Buy,14.199970464121,27.95,12,165,3.376325501854,-5.6,165,34.2,1,"	2,102" 
2003-02-03T21:00:00Z,"HUBB",2003-09-02T20:00:00Z,Buy,32.22,40.28,10,80.6,2.1013779008005,-37.3,80.6,37.3,1,"	19,103" 
2003-02-03T21:00:00Z,"PTSI",2003-09-02T20:00:00Z,Buy,26.79,22.99,9,-34.2,3.2616395367482,-56.97,0,56.97,0,"	34,104" 
2003-02-03T21:00:00Z,"RAVN",2003-09-02T20:00:00Z,Buy,15.68,26.45,10,107.7,2.5526342656493,0,113.2,30.9,1,"	35,106" 
2003-02-03T21:00:00Z,"K",2003-10-01T20:00:00Z,Buy,32.38,33.8,9,12.78,5.8513299604191,-39.42,26.82,40.95,1,"	21,115" 
2003-02-03T21:00:00Z,"LANC",2003-10-01T20:00:00Z,Buy,38.65,40.1,7,10.15,2.7530069914266,-22.26,28.98,35.91,1,"	22,116" 
2003-02-03T21:00:00Z,"LAWS",2003-10-01T20:00:00Z,Buy,27.16,27.47,10,3.1,4.6368867945404,-41.2,27.1,52.6,1,"	23,117" 
2003-02-03T21:00:00Z,"NSSC",2003-10-01T20:00:00Z,Buy,9.68,8.82,29,-24.94,5.4199197157731,-49.59,2.03,50.75,0,"	31,118" 
2003-02-03T21:00:00Z,"STRT",2003-10-01T20:00:00Z,Buy,49,49.37,6,2.22,2.9106186256268,-30.6,43.14,54.54,1,"	44,119" 
2003-02-03T21:00:00Z,"FLXS",2003-11-03T21:00:00Z,Buy,15.4,19.5,18,73.8,7.0883567758928,-41.4,88.92,52.56,1,"	16,124" 
2003-02-03T21:00:00Z,"JBSS",2003-11-03T21:00:00Z,Buy,13.69,36.94,12,279,4.4058505318223,-25.44,279,82.8,1,"	20,126" 
2003-02-03T21:00:00Z,"MIDD",2003-11-03T21:00:00Z,Buy,11.3,27.69,11,180.29,7.6832900683464,-11.11,180.29,47.08,1,"	25,127" 
2003-02-03T21:00:00Z,"NHC",2003-11-03T21:00:00Z,Buy,17.4,20.4,13,39,3.6540200073823,-41.6,48.36,89.96,1,"	30,128" 
2003-02-03T21:00:00Z,"ROST",2003-11-03T21:00:00Z,Buy,39.49,52.25,6,76.56,2.0616487783019,-39.12,82.92,39.12,1,"	38,130" 
2003-02-03T21:00:00Z,"EASI",2003-12-01T21:00:00Z,Buy,24.293297986551,54.58,4,121.15,2.7270950725109,-11.6,121.15,16,1,"	8,140" 
2003-02-03T21:00:00Z,"SCHN",2003-12-01T21:00:00Z,Buy,10.759984828408,50.23,5,197.35,1.023160272962,-0.8,217.3,30.9,1,"	40,142" 
2003-02-03T21:00:00Z,"UTMD",2003-12-01T21:00:00Z,Buy,17.66,22.56,20,98,5.9125209576575,-3.2,147.4,66.6,1,"	48,143" 
2003-02-03T21:00:00Z,"RVFD",2004-01-02T21:00:00Z,Buy,24.95,27.7,12,33,6.6165268468666,-33.72,62.64,51.24,1,"	39,156" 
2003-02-03T21:00:00Z,"EDUC",2004-02-02T21:00:00Z,Buy,9.2,10.5,24,31.2,4.6680762880201,-6,105.12,82.8,1,"	11,163" 
2003-02-03T21:00:00Z,"EGN",2004-03-01T21:00:00Z,Buy,29.99,41.99,11,132,4.6368974119615,-15.51,159.83,34.65,1,"	12,176" 
2003-02-03T21:00:00Z,"NEB",2004-03-01T21:00:00Z,Buy,21.96,32.04,12,120.96,4.6927778254425,-11.28,120.96,63.6,1,"	29,177" 
2003-02-03T21:00:00Z,"AVD",2004-04-01T21:00:00Z,Buy,14.199970464121,49.6,6,212.4,1.0316595744681,-2.8,212.4,70.5,1,"	2,188" 
2003-02-03T21:00:00Z,"FIZ",2004-04-01T21:00:00Z,Buy,7.6350091620037,9.45,50,90.75,3.0727167129651,-36.75,178.25,87.5,1,"	15,191" 
2003-02-03T21:00:00Z,"BIO",2004-05-03T20:00:00Z,Buy,35.48,58.5,6,138.12,2.44804030245,-11.88,161.22,80.64,1,"	3,200" 
2003-02-03T21:00:00Z,"HCSG",2004-05-03T20:00:00Z,Buy,8.4866809879295,15.99,25,187.58,2.2100977465777,-24.83,212.83,35.17,1,"	18,204" 
2003-02-03T21:00:00Z,"MIDD",2004-05-03T20:00:00Z,Buy,11.3,53.13,4,167.32,3.4492024637799,-4.04,173,33.72,1,"	25,206" 
2003-02-03T21:00:00Z,"SGC",2004-05-03T20:00:00Z,Buy,12.1,16.23,20,82.6,3.081010007405,-38,96,50,1,"	41,208" 
2003-02-03T21:00:00Z,"MHO",2004-06-01T20:00:00Z,Buy,27.59,42.17,8,116.64,4.4319692811621,-17.76,160.4,73.44,1,"	24,219" 
2003-02-03T21:00:00Z,"WEYS",2004-06-01T20:00:00Z,Buy,25.98664068,34.22,10,82.33,3.4118487108161,-4.53,123.53,106.2,1,"	50,221" 
2003-02-03T21:00:00Z,"EBF",2004-07-01T20:00:00Z,Buy,11.31,18.49,14,100.52,3.147149129602,-3.5,114.66,28.28,1,"	9,228" 
2003-02-03T21:00:00Z,"OXM",2004-07-01T20:00:00Z,Buy,12.01,42.2,5,150.95,1.9653776160985,-4.72,174.2,56.35,1,"	32,230" 
2003-02-03T21:00:00Z,"POG",2004-07-01T20:00:00Z,Buy,12.716,30.06,8,138.75,3.0567724297688,0,141.71,35.36,1,"	33,231" 
2003-02-03T21:00:00Z,"RCII",2004-07-01T20:00:00Z,Buy,20.944,29.58,10,86.36,4.9676812553945,-25.88,136.56,67.1,1,"	37,232" 
2003-02-03T21:00:00Z,"CTR",2004-08-02T20:00:00Z,Buy,17.85,21.05,12,38.4,8.0823865072282,-16.92,86.76,74.76,1,"	4,242" 
2003-02-03T21:00:00Z,"CNXS",2004-08-02T20:00:00Z,Buy,6.57,10.01,36,123.84,5.879487515534,-25.2,286.2,187.56,1,"	6,244" 
2003-02-03T21:00:00Z,"MNRO",2004-11-01T21:00:00Z,Buy,12.620000709876,24.08,19,217.74,6.421126290449,-7.22,260.68,111.91,1,"	26,285" 
2003-02-03T21:00:00Z,"RAVN",2004-11-01T21:00:00Z,Buy,7.84,22.25,9,129.69,1.0443816489362,0,138.78,31.32,1,"	35,287" 
2003-02-03T21:00:00Z,"EASI",2004-12-01T21:00:00Z,Buy,24.293297986551,55.6,5,156.53,2.3890157896812,-14.5,181.03,98.15,1,"	8,304" 
2003-02-03T21:00:00Z,"JBSS",2004-12-01T21:00:00Z,Buy,13.69,23,5,46.55,1.0260063319765,-10.6,206.05,196.75,1,"	20,306" 
2003-02-03T21:00:00Z,"SCHN",2004-12-01T21:00:00Z,Buy,7.1733268056,35.7,4,114.11,1.6623306591489,-0.43,139.81,76.71,1,"	40,308" 
2003-02-03T21:00:00Z,"SHOO",2004-12-01T21:00:00Z,Buy,16.99,19.14,15,32.25,4.1714854850478,-29.4,89.7,105,1,"	42,309" 
2003-02-03T21:00:00Z,"EBF",2005-02-01T21:00:00Z,Buy,11.31,17.33,8,48.16,1.1012857977791,-2,85.36,41.04,1,"	9,327" 
2003-02-03T21:00:00Z,"HCSG",2005-03-01T21:00:00Z,Buy,8.4866809879295,23.32,0.49995696878394,7.42,2.4964337916948,-0.5,7.48,1.29,1,"	18,336" 
2003-02-03T21:00:00Z,"OXM",2005-03-01T21:00:00Z,Buy,12.01,36.87,7,174.02,1.7159325609594,-6.62,243.88,82.95,1,"	32,338" 
2003-02-03T21:00:00Z,"MIDD",2005-04-01T21:00:00Z,Buy,11.3,49.02,4,150.88,1.8394685624225,-4.04,206.8,68.72,1,"	25,346" 
2003-02-03T21:00:00Z,"POG",2005-05-02T20:00:00Z,Buy,12.716,39.15,14,370.08,1.0710158072039,0,395.14,85.12,1,"	33,355" 
2003-02-03T21:00:00Z,"WSO",2005-05-02T20:00:00Z,Buy,15.9,44.73,8,230.64,8.3215033444211,-23.68,230.64,38.8,1,"	52,357" 
2003-02-03T21:00:00Z,"AVD",2005-06-01T20:00:00Z,Buy,4.7333301777862,18.47,16,219.79,1.0825474860335,-2.49,287.31,108.48,1,"	2,367" 
2003-02-03T21:00:00Z,"FIZ",2005-06-01T20:00:00Z,Buy,7.6350091620037,8.18,3.9999352000518,2.18,1.2045,-2.94,14.26,16.44,1,"	15,368" 
2003-02-03T21:00:00Z,"TTC",2005-06-01T20:00:00Z,Buy,15.4125,43.18,5,138.84,4.1577257221545,-1.25,165.39,27.3,1,"	47,371" 
2003-02-03T21:00:00Z,"FAF",2005-07-01T20:00:00Z,Buy,22.76,40.55,5,88.95,2.55720985989,-5.15,92.7,36.9,1,"	13,378" 
2003-02-03T21:00:00Z,"GCI",2005-08-01T20:00:00Z,Buy,72.01,72.26,4,1,3.3790253250255,-17.4,75.64,80,1,"	17,397" 
2003-02-03T21:00:00Z,"SSD",2005-08-01T20:00:00Z,Buy,17.625,38.6,16,335.6,2.4910057195242,-36,339.12,175.36,1,"	43,401" 
2003-02-03T21:00:00Z,"WEYS",2005-08-01T20:00:00Z,Buy,12.99332034,23.6,1.000021000021,10.61,1.4070443583123,-0.23,10.86,5.31,1,"	50,403" 
2003-02-03T21:00:00Z,"MOV",2006-03-01T21:00:00Z,Buy,9.215,21.94,32,407.2,3.9460159529511,-12.64,427.68,136.64,1,"	27,481" 
2003-02-03T21:00:00Z,"SCHN",2006-03-01T21:00:00Z,Buy,7.1733268056,32,0.50001467000806,12.41,1.5494512570387,-0.05,17.48,10.41,1,"	40,483" 
2003-02-03T21:00:00Z,"TTC",2006-03-01T21:00:00Z,Buy,15.4125,46.58,11,342.84,1.7159636618892,-2.75,363.85,144.76,1,"	47,484" 
2003-02-03T21:00:00Z,"EXPO",2006-08-01T20:00:00Z,Buy,7.27,15.34,15,121.05,6.3573505463779,-12.3,154.2,49.42,1,"	14,551" 
2003-02-03T21:00:00Z,"RAVN",2006-10-02T20:00:00Z,Buy,7.84,28.97,15,316.95,1.0724008663779,0,510,226.35,1,"	35,578" 
2003-02-03T21:00:00Z,"WSO",2006-10-02T20:00:00Z,Buy,15.9,45.25,9,264.15,2.9731965521308,-26.64,508.5,271.89,1,"	52,581" 
2003-02-03T21:00:00Z,"FAF",2006-12-01T21:00:00Z,Buy,22.76,38.63,10,158.7,1.1152386511025,-10.3,263.2,129.8,1,"	13,604" 
2003-02-03T21:00:00Z,"EXPO",2007-09-04T20:00:00Z,Buy,7.27,24.86,14,246.26,6.482524220127,-11.48,252.56,52.22,1,"	14,759" 
2003-02-03T21:00:00Z,"WMK",2007-09-04T20:00:00Z,Buy,31.15,43.01,8,94.88,6.6929499287167,-25.68,120.08,64,1,"	51,765" 
2003-02-03T21:00:00Z,"EXPO",2008-05-01T20:00:00Z,Buy,7.27,34.07,6,160.8,1.0302934202727,-4.92,178.5,23.16,1,"	14,894" 
2003-02-03T21:00:00Z,"WMK",2008-11-03T21:00:00Z,Buy,31.15,32.82,2,3.34,1.0354427645788,-7.72,30.02,37.74,1,"	51,1023" 
2003-02-03T21:00:00Z,"EXPO",2009-10-01T20:00:00Z,Buy,7.27,27.54,1,20.27,2.3932178321201,-0.82,29.75,17.1,1,"	14,1189" 
2003-03-03T21:00:00Z,"KOSS",2003-06-02T20:00:00Z,Buy,18.94,15.7,12,-38.88,6.0773826649052,-47.28,6.72,54,0,"	59,77" 
2003-03-03T21:00:00Z,"QSII",2003-09-02T20:00:00Z,Buy,24.5,43.52,5,95.1,2.4048972485099,-14.25,98.05,50.15,1,"	60,105" 
2003-03-03T21:00:00Z,"RGIS",2003-11-03T21:00:00Z,Buy,23.14,38.69,11,171.05,2.1105796486105,-9.35,171.05,36.96,1,"	61,129" 
2003-03-03T21:00:00Z,"ANK",2003-12-01T21:00:00Z,Buy,17.35,27,22,212.3,2.2214446529081,-11.66,212.3,75.9,1,"	54,139" 
2003-03-03T21:00:00Z,"HWKN",2003-12-01T21:00:00Z,Buy,9.1,13.09,26,103.74,6.6064171008931,-5.2,124.28,32.76,1,"	58,141" 
2003-03-03T21:00:00Z,"CBRL",2004-08-02T20:00:00Z,Buy,26.76,33.24,8,51.84,3.832322235644,-7.84,119.04,87.12,1,"	55,243" 
2003-03-03T21:00:00Z,"QSII",2004-09-01T20:00:00Z,Buy,24.5,48.99,3,73.47,1.0154380252101,-8.55,106.5,60.78,1,"	60,258" 
2003-03-03T21:00:00Z,"GDT",2005-07-01T20:00:00Z,Buy,35.34,65.71,3,91.11,2.9508457117864,-5.52,118.95,66.36,1,"	56,380" 
2003-03-03T21:00:00Z,"GISX",2005-07-01T20:00:00Z,Buy,18.54,31.97,12,161.16,2.1505539912005,-8.16,261.6,137.52,1,"	57,381" 
2003-03-03T21:00:00Z,"RIMG",2005-08-01T20:00:00Z,Buy,9,25.13,9,145.17,2.5064236844264,-1.8,150.57,45.72,1,"	62,400" 
2003-03-03T21:00:00Z,"GDT",2006-02-01T21:00:00Z,Buy,35.34,73.85,3,115.53,1.015052996331,-5.52,124.08,66.36,1,"	56,468" 
2003-03-03T21:00:00Z,"RIMG",2006-08-01T20:00:00Z,Buy,9,23.92,15,223.8,1.0736755646817,-3,365.25,233.85,1,"	62,553" 
2003-04-01T21:00:00Z,"CRMT",2003-10-01T20:00:00Z,Buy,12.94,31.34,11,202.4,3.1256027946683,0,202.4,15.84,1,"	67,114" 
2003-04-01T21:00:00Z,"CRMT",2005-10-03T20:00:00Z,Buy,8.62667098,17.67,10.499994750003,94.95,2.1693716594246,0,176.75,87.78,1,"	67,423" 
2003-05-01T20:00:00Z,"BWS",2003-07-01T20:00:00Z,Buy,29.65,29.65,7,0,2.0706578268781,-32.55,12.32,44.87,0,"	71,82" 
2003-05-01T20:00:00Z,"CAI",2003-07-01T20:00:00Z,Buy,34.52,34.09,6,-2.58,3.5031196187601,-27.12,2.7,29.82,0,"	72,83" 
2003-05-01T20:00:00Z,"ANDE",2003-08-01T20:00:00Z,Buy,11.65,13.21,36,56.16,2.3624610806132,0,65.16,39.24,1,"	70,90" 
2003-05-01T20:00:00Z,"IDXX",2004-02-02T21:00:00Z,Buy,37.49,49.87,7,86.66,2.8547197877223,-26.32,87.57,35.49,1,"	74,164" 
2003-05-01T20:00:00Z,"RARE",2004-08-02T20:00:00Z,Buy,19.4666764,28.06,14,120.31,5.0027340780186,-20.81,133.19,72.94,1,"	75,247" 
2003-05-01T20:00:00Z,"RBIN",2004-09-01T20:00:00Z,Buy,10.41,19.96,32,305.6,5.6777839420615,-14.72,319.68,48,1,"	76,259" 
2003-05-01T20:00:00Z,"FOSL",2005-07-01T20:00:00Z,Buy,12.16667275,23.27,16,177.65,6.6566426206882,0,313.81,206.08,1,"	73,379" 
2003-05-01T20:00:00Z,"FOSL",2008-12-01T21:00:00Z,Buy,12.16667275,13.3,0.49999175000412,0.57,3.9247184451494,-0.14,12.65,12.79,1,"	73,1044" 
2003-06-02T20:00:00Z,"FCN",2003-08-01T20:00:00Z,Buy,23.4666784,22.15,8,-10.53,2.0688589867676,-20.45,25.55,46,0,"	78,91" 
2003-06-02T20:00:00Z,"WWW",2003-12-01T21:00:00Z,Buy,18.25,21.33,15,46.2,3.2722162947769,0,46.2,27.45,1,"	81,144" 
2003-06-02T20:00:00Z,"KBALB",2004-02-02T21:00:00Z,Buy,15.5,16.25,13,9.75,7.0449724020139,-14.04,24.7,19.37,1,"	80,166" 
2003-06-02T20:00:00Z,"WINA",2004-09-01T20:00:00Z,Buy,13.25,22.5,15,138.75,7.1826648036183,0,213.75,120,1,"	79,254" 
2003-07-01T20:00:00Z,"PETD",2004-01-02T21:00:00Z,Buy,9.16,23.1,23,320.62,6.1281825546374,-12.19,365.47,44.85,1,"	89,154" 
2003-07-01T20:00:00Z,"COLM",2004-05-03T20:00:00Z,Buy,52.02,53.45,4,5.72,3.5591025285191,-20.36,29.04,35.04,1,"	87,201" 
2003-07-01T20:00:00Z,"PLUS",2004-06-01T20:00:00Z,Buy,10.64,12,22,29.92,3.9334551866387,0,117.92,117.92,1,"	88,220" 
2003-07-01T20:00:00Z,"PETD",2005-07-01T20:00:00Z,Buy,9.16,32.51,9,210.15,1.9959765898622,-4.77,354.24,233.19,1,"	89,384" 
2003-08-01T20:00:00Z,"JAKK",2003-11-03T21:00:00Z,Buy,11.26,13.21,18,35.1,3.6737437522056,-20.88,37.98,20.88,1,"	97,125" 
2003-08-01T20:00:00Z,"SAFM",2004-02-02T21:00:00Z,Buy,29.61,49.82,5,101.05,2.5506706200239,-6.25,101.05,22.2,1,"	100,167" 
2003-08-01T20:00:00Z,"HOFT",2004-04-01T21:00:00Z,Buy,15.02,23.16,14,113.96,5.0200302048748,-18.62,141.47,80.15,1,"	96,192" 
2003-08-01T20:00:00Z,"HIBB",2004-07-01T20:00:00Z,Buy,15.393310936045,27.54,15,182.2,2.5662280193412,-14.6,186.7,70.25,1,"	95,229" 
2003-08-01T20:00:00Z,"TTWO",2004-07-01T20:00:00Z,Buy,26.13,30.22,8,32.72,3.6311579813444,-9.04,119.68,106.32,1,"	101,234" 
2003-08-01T20:00:00Z,"AIT",2005-02-01T21:00:00Z,Buy,14.766645181177,28.12,9,120.18,2.6261843646428,-13.74,144.12,68.31,1,"	94,324" 
2003-08-01T20:00:00Z,"SAFM",2005-07-01T20:00:00Z,Buy,19.74000987,45.97,8,209.84,1.0404665492958,-6.67,282.08,188.8,1,"	100,385" 
2003-08-01T20:00:00Z,"ODP",2005-08-01T20:00:00Z,Buy,16.65,27.96,10,113.1,2.1197351300372,-28,118.8,53.2,1,"	99,399" 
2003-08-01T20:00:00Z,"MTSC",2005-09-01T20:00:00Z,Buy,14.26,40.93,5,133.35,5.0829368565347,-5.2,142.75,54.3,1,"	98,416" 
2003-08-01T20:00:00Z,"MTSC",2006-04-03T20:00:00Z,Buy,14.26,41.33,9,243.63,3.9877665649781,-9.36,256.95,112.32,1,"	98,495" 
2003-08-01T20:00:00Z,"AIT",2007-09-04T20:00:00Z,Buy,9.844435043,32.81,7,160.76,5.8432050010321,-7.12,160.76,69.6,1,"	94,756" 
2003-08-01T20:00:00Z,"ODP",2008-03-03T21:00:00Z,Buy,16.65,11.08,4,-22.28,3.1600694073381,-22.28,111.52,133.8,0,"	99,858" 
2003-08-01T20:00:00Z,"SAFM",2008-06-02T20:00:00Z,Buy,19.74000987,48.98,0.99999550000225,29.24,3.0226805079581,-0.83,35.26,25.03,1,"	100,934" 
2003-08-01T20:00:00Z,"AIT",2008-11-03T21:00:00Z,Buy,9.844435043,19.93,8.7500346837733,88.25,3.924614201685,-8.91,222.82,152.25,1,"	94,1004" 
2003-08-01T20:00:00Z,"HIBB",2013-04-01T20:00:00Z,Buy,15.393310936045,56,2.1825020842895E-5,0,1.1044961791363,0,0,0,0,"	95,1909" 
2003-09-02T20:00:00Z,"K",2003-10-01T20:00:00Z,Buy,33.72,33.8,6,0.48,1.5232055964575,-34.32,9.84,5.7,1,"	111,115" 
2003-09-02T20:00:00Z,"MAIR",2004-01-02T21:00:00Z,Buy,7.5,7.71,28,5.88,6.8481722453472,-36.4,9.52,36.4,1,"	112,153" 
2003-09-02T20:00:00Z,"RCKY",2004-01-02T21:00:00Z,Buy,11.2,23.1,12,142.8,3.2540686631715,-6.48,155.76,38.28,1,"	113,155" 
2003-09-02T20:00:00Z,"ANF",2004-02-02T21:00:00Z,Buy,30.2,26.53,7,-25.69,2.0707133230531,-46.97,8.89,55.86,0,"	107,162" 
2003-09-02T20:00:00Z,"ATRI",2004-04-01T21:00:00Z,Buy,35.54,42.18,6,39.84,4.7761821091602,-2.82,86.76,68.94,1,"	108,190" 
2003-09-02T20:00:00Z,"GFF",2004-12-01T21:00:00Z,Buy,19.15,25.8,9,59.85,3.7688765533441,-12.6,59.85,32.49,1,"	110,305" 
2003-09-02T20:00:00Z,"RCKY",2005-01-03T21:00:00Z,Buy,11.2,29.26,8,144.48,2.6517289257051,-4.32,163.2,126.32,1,"	113,320" 
2003-09-02T20:00:00Z,"GFF",2005-05-02T20:00:00Z,Buy,19.15,18.99,10,-1.6,2.4750954786621,-14,83.9,85.5,0,"	110,352" 
2003-09-02T20:00:00Z,"GCI",2005-08-01T20:00:00Z,Buy,79.32,72.26,3,-21.18,1.5737344111219,-34.98,34.8,60,0,"	109,397" 
2003-10-01T20:00:00Z,"AEOS",2003-12-01T21:00:00Z,Buy,15.47,17.83,14,33.04,2.9769504492615,-7.7,42.28,42,1,"	120,138" 
2003-10-01T20:00:00Z,"AN",2004-03-01T21:00:00Z,Buy,18.1,16.88,21,-25.62,2.2909484913604,-37.17,16.8,53.97,0,"	123,178" 
2003-10-01T20:00:00Z,"BWS",2004-11-01T21:00:00Z,Buy,32.8,27.4,8,-43.2,2.5156433700896,-67.04,73.04,140.08,0,"	121,279" 
2003-10-01T20:00:00Z,"MSM",2005-06-01T20:00:00Z,Buy,21.04,31,16,159.36,2.8750606739598,-1.92,247.68,153.44,1,"	122,370" 
2003-11-03T21:00:00Z,"GPI",2004-05-03T20:00:00Z,Buy,35,32.9,8,-16.8,5.2464579280477,-19.12,25.92,42.72,0,"	133,202" 
2003-11-03T21:00:00Z,"TENT",2004-05-03T20:00:00Z,Buy,12,14.08,24,49.92,4.2051873568394,-32.64,96,61.2,1,"	136,210" 
2003-11-03T21:00:00Z,"SAH",2004-07-01T20:00:00Z,Buy,22.99,21.46,9,-13.77,6.2262288424881,-19.44,27.99,44.28,0,"	135,233" 
2003-11-03T21:00:00Z,"CRAI",2004-08-02T20:00:00Z,Buy,31.12,32.04,8,7.36,2.0805583216182,-18.72,53.12,71.84,1,"	131,245" 
2003-11-03T21:00:00Z,"MMS",2004-09-01T20:00:00Z,Buy,35.89,29.43,9,-58.14,4.8480922648007,-71.01,46.35,117.36,0,"	134,256" 
2003-11-03T21:00:00Z,"FIZ",2005-06-01T20:00:00Z,Buy,7.5700090840036,8.18,37.000064799948,22.57,1.9174476308788,-24.79,134.31,152.07,1,"	132,368" 
2003-11-03T21:00:00Z,"FL",2005-10-03T20:00:00Z,Buy,18.12,21.93,20,76.2,4.6487417385234,0,229.2,172.8,1,"	137,429" 
2003-11-03T21:00:00Z,"FIZ",2007-08-01T20:00:00Z,Buy,6.30833838,9.79,1.1998680000532,4.18,3.3810577198001,-0.67,10.21,6.08,1,"	132,736" 
2003-12-01T21:00:00Z,"JOUT",2004-02-02T21:00:00Z,Buy,14.5,16.99,19,47.31,6.9205034228617,-16.53,47.88,18.81,1,"	149,165" 
2003-12-01T21:00:00Z,"KBALB",2004-02-02T21:00:00Z,Buy,15.22,16.25,14,14.42,2.5820796195091,-11.2,30.52,16.1,1,"	150,166" 
2003-12-01T21:00:00Z,"PTMK",2004-04-01T21:00:00Z,Buy,7.53,8.39,34,29.24,4.1075383385954,-18.7,34,29.58,1,"	151,193" 
2003-12-01T21:00:00Z,"HVT",2004-05-03T20:00:00Z,Buy,23.08,17.89,13,-67.47,2.1342140753332,-67.99,16.51,84.5,0,"	147,203" 
2003-12-01T21:00:00Z,"HUBG",2004-05-03T20:00:00Z,Buy,16.43,35.16,6,112.38,5.5656850892501,0,114.96,27.48,1,"	148,205" 
2003-12-01T21:00:00Z,"GDYS",2004-10-01T20:00:00Z,Buy,10.86,8.63,21,-46.83,4.3835641686444,-70.56,80.85,151.41,0,"	146,272" 
2003-12-01T21:00:00Z,"DECK",2004-11-01T21:00:00Z,Buy,17.93,39.52,6,129.54,2.9848428281151,-3.48,129.54,44.04,1,"	145,280" 
2003-12-01T21:00:00Z,"DECK",2005-08-01T20:00:00Z,Buy,17.93,28.44,6,63.06,1.0304062722737,-3.48,180.42,161.34,1,"	145,396" 
2003-12-01T21:00:00Z,"HUBG",2005-10-03T20:00:00Z,Buy,8.215,34.19,6,155.85,1.0280016380016,0,172.29,52.23,1,"	148,424" 
2003-12-01T21:00:00Z,"HUBG",2007-05-01T20:00:00Z,Buy,4.1075,36.06,8,255.62,1.0400666666667,0,259.94,39.88,1,"	148,676" 
2003-12-01T21:00:00Z,"HUBG",2007-12-03T21:00:00Z,Buy,4.1075,25.95,12,262.11,1.0945264570552,0,418.23,183.24,1,"	148,807" 
2003-12-01T21:00:00Z,"WMK",2008-11-03T21:00:00Z,Buy,35.62,32.82,5,-14,1.6093905014361,-41.65,52.7,94.35,0,"	152,1023" 
2003-12-01T21:00:00Z,"WMK",2012-01-03T21:00:00Z,Buy,35.62,40.78,1,5.16,2.3285373532426,-12.33,10.54,22.87,1,"	152,1666" 
2004-01-02T21:00:00Z,"EGN",2004-03-01T21:00:00Z,Buy,41.22,41.99,6,4.62,1.4938077348198,-75.84,19.8,18.9,1,"	159,176" 
2004-01-02T21:00:00Z,"CBRL",2004-08-02T20:00:00Z,Buy,37.77,33.24,6,-27.18,1.0296080480794,-71.94,23.22,61.92,0,"	157,243" 
2004-01-02T21:00:00Z,"TESS",2004-11-01T21:00:00Z,Buy,14.15,12.89,19,-23.94,4.0414087930378,-74.67,82.46,157.13,0,"	161,289" 
2004-01-02T21:00:00Z,"DHI",2004-12-01T21:00:00Z,Buy,27.686647101474,36.31,10,86.23,3.458864633088,-20.77,86.23,101.2,1,"	158,303" 
2004-01-02T21:00:00Z,"GCI",2005-08-01T20:00:00Z,Buy,88.54,72.26,3,-48.84,1.4367528735614,-62.64,7.14,60,0,"	160,397" 
2004-02-02T21:00:00Z,"AN",2004-03-01T21:00:00Z,Buy,16.5,16.88,15,5.7,1.8974657163733,-2.55,36,13.05,1,"	174,178" 
2004-02-02T21:00:00Z,"COLM",2004-05-03T20:00:00Z,Buy,52.62,53.45,4,3.32,2.2045088136645,-22.76,26.64,21.12,1,"	170,201" 
2004-02-02T21:00:00Z,"HOV",2004-09-01T20:00:00Z,Buy,36.46,34.97,6,-8.94,3.0105652190057,-42.66,51.9,94.56,0,"	171,255" 
2004-02-02T21:00:00Z,"PLCE",2004-11-01T21:00:00Z,Buy,28.21,31.05,8,22.72,2.3963268690048,-87.68,30.32,118,1,"	173,286" 
2004-02-02T21:00:00Z,"URBN",2004-11-01T21:00:00Z,Buy,20.15,41.69,5,107.7,3.4425548265023,0,107.7,21.58,1,"	175,291" 
2004-02-02T21:00:00Z,"B",2004-12-01T21:00:00Z,Buy,29.35,27.21,17,-36.38,2.8810596966698,-80.58,8.33,88.91,0,"	169,302" 
2004-02-02T21:00:00Z,"ANSS",2006-04-03T20:00:00Z,Buy,19.735,53.43,5,168.48,3.8735881409355,-7.72,172.08,44.9,1,"	168,491" 
2004-02-02T21:00:00Z,"URBN",2006-04-03T20:00:00Z,Buy,10.075,23.64,18,244.17,3.5071797291512,0,420.03,182.7,1,"	175,498" 
2004-02-02T21:00:00Z,"ANSS",2006-09-01T20:00:00Z,Buy,19.735,46,11,288.92,1.0541292255028,-17,414.32,183.92,1,"	168,560" 
2004-02-02T21:00:00Z,"ODP",2008-03-03T21:00:00Z,Buy,16.04,11.08,14,-69.44,2.0233968248113,-69.44,398.86,468.3,0,"	172,858" 
2004-03-01T21:00:00Z,"ASGN",2004-04-01T21:00:00Z,Buy,5.79,5.5,41,-11.89,5.5980380646379,-28.7,8.61,37.31,0,"	180,189" 
2004-03-01T21:00:00Z,"PEGA",2004-05-03T20:00:00Z,Buy,9.25,8.2,25,-26.25,4.6883706672954,-34.75,16.25,42.5,0,"	185,207" 
2004-03-01T21:00:00Z,"CTR",2004-08-02T20:00:00Z,Buy,21.3,21.05,11,-2.75,1.6239812527006,-53.46,41.58,29.15,0,"	181,242" 
2004-03-01T21:00:00Z,"AHS",2004-09-01T20:00:00Z,Buy,18.37,11.54,20,-136.6,7.3688158053224,-140.4,2.2,142.6,0,"	179,253" 
2004-03-01T21:00:00Z,"TYL",2004-11-01T21:00:00Z,Buy,9.59,8.22,34,-46.58,2.3361206862425,-53.72,11.9,65.62,0,"	187,290" 
2004-03-01T21:00:00Z,"EBF",2005-02-01T21:00:00Z,Buy,16.79,17.33,12,6.48,1.7872322280682,-68.76,62.28,61.56,1,"	183,327" 
2004-03-01T21:00:00Z,"TALK",2005-07-01T20:00:00Z,Buy,11.45,10.22,19,-23.37,2.6896402032865,-122.36,0,122.36,0,"	186,386" 
2004-03-01T21:00:00Z,"DGII",2005-11-01T21:00:00Z,Buy,11.84,10.47,20,-27.4,3.4408848722584,-63.2,110.6,150.6,0,"	182,437" 
2004-03-01T21:00:00Z,"PDX",2006-12-01T21:00:00Z,Buy,32.025,48.55,12,198.3,2.710519429812,-68.4,243.54,125.52,1,"	184,606" 
2004-04-01T21:00:00Z,"SGC",2004-05-03T20:00:00Z,Buy,16.39,16.23,14,-2.24,1.7229629660827,-86.66,7.14,9.66,0,"	197,208" 
2004-04-01T21:00:00Z,"SHEN",2004-05-03T20:00:00Z,Buy,22.56,27.98,13,70.46,11.807598188936,0,99.84,41.21,1,"	198,209" 
2004-04-01T21:00:00Z,"QDEL",2004-08-02T20:00:00Z,Buy,6.41,3.46,34,-100.3,2.3363449730035,-103.36,79.9,183.26,0,"	196,246" 
2004-04-01T21:00:00Z,"ESCA",2004-11-01T21:00:00Z,Buy,17.5,14.02,16,-55.68,6.2652984018981,-110.88,89.76,200.64,0,"	194,281" 
2004-04-01T21:00:00Z,"USNA",2004-12-01T21:00:00Z,Buy,23.83,30.45,9,59.58,2.0920387341817,-3.42,106.56,69.75,1,"	199,310" 
2004-04-01T21:00:00Z,"MTLM",2008-03-15T04:00:00Z,Buy,18.5,55.27,14,514.78,1.0353053435115,-91,631.4,196.84,1,"	195,873" 
2004-05-03T20:00:00Z,"CFI",2004-07-01T20:00:00Z,Buy,9,7.86,32,-36.48,2.9158247645505,-73.6,0.96,74.56,0,"	211,227" 
2004-05-03T20:00:00Z,"RCII",2004-07-01T20:00:00Z,Buy,29.93,29.58,9,-3.15,1.0461408016444,-104.17,42.03,24.3,0,"	217,232" 
2004-05-03T20:00:00Z,"NSIT",2004-09-01T20:00:00Z,Buy,16.97,16.03,16,-15.04,4.8167868041813,-47.2,24.8,72,0,"	215,257" 
2004-05-03T20:00:00Z,"LEN",2004-11-01T21:00:00Z,Buy,47.19,44.81,9,-21.42,2.0902844971842,-55.89,11.07,58.95,0,"	213,283" 
2004-05-03T20:00:00Z,"UWN",2004-11-01T21:00:00Z,Buy,15.47,10.69,20,-95.6,2.1965840051408,-110.6,10.2,120.8,0,"	218,292" 
2004-05-03T20:00:00Z,"DCO",2005-02-01T21:00:00Z,Buy,22.82,20.46,19,-44.84,4.7592734980119,-83.22,49.21,110.96,0,"	212,326" 
2004-05-03T20:00:00Z,"OTL",2005-02-01T21:00:00Z,Buy,24.63,20.38,14,-59.5,3.0573397359106,-83.16,44.38,127.54,0,"	216,329" 
2004-05-03T20:00:00Z,"LPX",2005-10-03T20:00:00Z,Buy,23.58,27.44,15,57.9,4.5482285547052,-33.3,74.55,85.65,1,"	214,425" 
2004-06-01T20:00:00Z,"SGC",2004-09-01T20:00:00Z,Buy,16.4,13.71,35,-94.15,5.5222274440249,-120.4,3.15,123.55,0,"	225,260" 
2004-06-01T20:00:00Z,"TENT",2004-09-01T20:00:00Z,Buy,12.86,9.99,26,-74.62,8.7646812033628,-88.14,39.26,127.4,0,"	226,261" 
2004-06-01T20:00:00Z,"MTEX",2004-12-01T21:00:00Z,Buy,10.03,21.99,11,131.56,7.1574227438779,-11.77,146.74,38.06,1,"	224,307" 
2004-06-01T20:00:00Z,"MTEX",2005-10-03T20:00:00Z,Buy,10.03,11.7,9,15.03,1.0444303797468,-9.63,143.37,141.84,1,"	224,427" 
2004-06-01T20:00:00Z,"LAWS",2005-12-01T21:00:00Z,Buy,35.25,38.64,11,37.29,5.7835543521947,-44,204.93,248.93,1,"	223,454" 
2004-06-01T20:00:00Z,"FAF",2006-12-01T21:00:00Z,Buy,25.79,38.63,8,102.72,1.5105800445607,-32.48,186.32,103.84,1,"	222,604" 
2004-07-01T20:00:00Z,"CRUS",2004-10-01T20:00:00Z,Buy,5.8,5.42,36,-13.68,4.7390463668538,-43.2,9.36,52.56,0,"	237,271" 
2004-07-01T20:00:00Z,"AEOS",2005-02-01T21:00:00Z,Buy,29.2,51.73,5,112.65,5.9372132352493,-7.6,112.65,16,1,"	235,323" 
2004-07-01T20:00:00Z,"HCSG",2005-03-01T21:00:00Z,Buy,15.25,23.32,8.5000430312161,68.6,5.8200208155309,-65.93,69.7,22.02,1,"	239,336" 
2004-07-01T20:00:00Z,"HOFT",2005-03-01T21:00:00Z,Buy,21.1,25.05,16,63.2,4.9814897205208,-1.6,118.24,119.84,1,"	240,337" 
2004-07-01T20:00:00Z,"BKE",2005-04-01T21:00:00Z,Buy,28,33,7,35,3.1539236995982,-19.39,47.88,27.44,1,"	236,345" 
2004-07-01T20:00:00Z,"GCI",2005-08-01T20:00:00Z,Buy,83.76,72.26,3,-34.5,1.3905547145444,-48.3,21.48,47.46,0,"	238,397" 
2004-07-01T20:00:00Z,"AEOS",2006-04-03T20:00:00Z,Buy,14.59997941401,28.79,18,255.42,2.779327064161,-13.68,339.84,243.36,1,"	235,490" 
2004-07-01T20:00:00Z,"NATR",2006-05-01T20:00:00Z,Buy,13.92,10.04,22,-85.36,16.006894662217,-85.36,204.38,289.74,0,"	241,512" 
2004-07-01T20:00:00Z,"HCSG",2006-06-01T20:00:00Z,Buy,10.166667238542,20.42,29,297.35,1.1460009861933,-149.96,358.54,169.07,1,"	239,528" 
2004-07-01T20:00:00Z,"AEOS",2007-06-01T20:00:00Z,Buy,9.733324476,27.19,3.8070015608724E-5,0,1.0856298629122,0,0,0,0,"	235,696" 
2004-07-01T20:00:00Z,"BKE",2007-11-01T20:00:00Z,Buy,18.66663950668,40.9,6,133.4,2.2662902262042,-11.08,147.32,56.96,1,"	236,790" 
2004-07-01T20:00:00Z,"BKE",2008-03-03T21:00:00Z,Buy,18.66663950668,44.23,5,127.82,1.3187177614006,-9.23,144.77,61.15,1,"	236,849" 
2004-07-01T20:00:00Z,"BKE",2010-04-01T20:00:00Z,Buy,12.44443256,37.16,14,346.02,2.2253340031245,-17.24,407.71,377.81,1,"	236,1303" 
2004-07-01T20:00:00Z,"BKE",2013-12-02T21:00:00Z,Buy,12.44443256,52.07,1.0000383325246,39.63,4.2733008198849,-1.23,44.7,26.99,1,"	236,2081" 
2004-08-02T20:00:00Z,"AHS",2004-09-01T20:00:00Z,Buy,12.6,11.54,16,-16.96,1.8194647883578,-20,94.08,22.72,0,"	248,253" 
2004-08-02T20:00:00Z,"LCUT",2005-01-03T21:00:00Z,Buy,16.45,15.76,15,-10.35,7.140240107586,-71.7,9.15,80.85,0,"	251,319" 
2004-08-02T20:00:00Z,"WWW",2005-02-01T21:00:00Z,Buy,23.08,32.09,18,162.18,8.26694130573,-27.54,164.16,54.18,1,"	252,331" 
2004-08-02T20:00:00Z,"AMED",2005-07-01T20:00:00Z,Buy,27.35,37.73,8,83.04,2.0827984937058,-14.8,83.04,68.08,1,"	249,377" 
2004-08-02T20:00:00Z,"AXE",2005-08-01T20:00:00Z,Buy,34.4,41.34,5,34.7,6.2295612197521,-15.25,38.1,38,1,"	250,395" 
2004-08-02T20:00:00Z,"AXE",2006-04-03T20:00:00Z,Buy,34.4,47.29,13,167.57,1.0992028529473,-39.65,172.51,98.8,1,"	250,492" 
2004-09-01T20:00:00Z,"HOC",2004-10-01T20:00:00Z,Buy,20.91,25.95,9,45.36,3.140210816678,-2.34,45.36,2.34,1,"	265,273" 
2004-09-01T20:00:00Z,"FARO",2004-11-01T21:00:00Z,Buy,20.75,24.73,10,39.8,3.5690738877385,-7.6,40.3,21.4,1,"	263,282" 
2004-09-01T20:00:00Z,"MCRI",2004-11-01T21:00:00Z,Buy,16.58,28.53,16,191.2,4.3078485434786,-4.48,191.2,57.6,1,"	266,284" 
2004-09-01T20:00:00Z,"HOC",2005-02-01T21:00:00Z,Buy,20.91,30.5,10,95.9,1.0504132231405,-2.6,95.9,42.8,1,"	265,328" 
2004-09-01T20:00:00Z,"VLO",2005-02-01T21:00:00Z,Buy,33.705,56.95,4,92.98,3.6049456231956,-2.4,92.98,21.8,1,"	270,330" 
2004-09-01T20:00:00Z,"VLO",2005-03-01T21:00:00Z,Buy,33.705,68.11,3,103.22,1.0143530486092,-1.8,117.76,16.35,1,"	270,339" 
2004-09-01T20:00:00Z,"GFF",2005-05-02T20:00:00Z,Buy,19.97,18.99,13,-12.74,1.0647406483791,-28.86,98.41,111.15,0,"	264,352" 
2004-09-01T20:00:00Z,"HOC",2005-07-01T20:00:00Z,Buy,20.91,47.29,5,131.9,1.0253701716738,-1.3,131.9,31.45,1,"	265,382" 
2004-09-01T20:00:00Z,"SAM",2005-09-01T20:00:00Z,Buy,21.98,23.71,15,25.95,5.7120686855532,-30,53.85,83.85,1,"	269,417" 
2004-09-01T20:00:00Z,"VLO",2005-09-01T20:00:00Z,Buy,33.705,109.5,2,151.59,1.0103301886792,-1.2,151.59,38.92,1,"	270,418" 
2004-09-01T20:00:00Z,"HOC",2006-02-01T21:00:00Z,Buy,20.91,71.7,3,152.37,1.8683015313937,-0.78,157.92,42.12,1,"	265,469" 
2004-09-01T20:00:00Z,"RS",2006-03-01T21:00:00Z,Buy,37.95,85.11,3,141.48,4.4848973337929,-12.69,148.8,37.05,1,"	268,482" 
2004-09-01T20:00:00Z,"ECOL",2006-10-02T20:00:00Z,Buy,9.29,19.63,22,227.48,4.7981324108896,0,396,191.18,1,"	262,575" 
2004-09-01T20:00:00Z,"MCRI",2007-02-01T21:00:00Z,Buy,8.29,24.59,18,293.4,4.0826481852085,-2.52,436.14,266.58,1,"	266,626" 
2004-09-01T20:00:00Z,"PCU",2007-03-01T21:00:00Z,Buy,22.005,69.75,5,238.72,4.2121580512229,-5.92,264.28,87.22,1,"	267,641" 
2004-09-01T20:00:00Z,"RS",2007-05-01T20:00:00Z,Buy,18.975,59.45,4,161.9,1.0200202054218,-8.46,169.9,78.06,1,"	268,682" 
2004-09-01T20:00:00Z,"HOC",2007-06-01T20:00:00Z,Buy,10.455,71.35,3,182.68,1.321723544417,-0.39,182.68,49.35,1,"	265,703" 
2004-09-01T20:00:00Z,"PCU",2007-08-01T20:00:00Z,Buy,22.005,108.25,2,172.49,1.400853723128,-2.37,185.99,34.89,1,"	267,740" 
2004-09-01T20:00:00Z,"HOC",2008-05-01T20:00:00Z,Buy,10.455,41.73,9,281.48,1.0453915881073,-1.17,624.74,367.65,1,"	265,896" 
2004-09-01T20:00:00Z,"PCU",2008-05-01T20:00:00Z,Buy,22.005,110,5,439.98,1.0240174672489,-5.92,597.58,306,1,"	267,905" 
2004-09-01T20:00:00Z,"VLO",2008-06-02T20:00:00Z,Buy,16.8525,52.84,6,215.92,4.2475283585783,-1.8,365.2,198.96,1,"	270,936" 
2004-09-01T20:00:00Z,"RS",2008-07-01T20:00:00Z,Buy,18.975,78.12,4,236.58,1.6897520153545,-8.46,236.58,82.08,1,"	268,955" 
2004-09-01T20:00:00Z,"RS",2009-02-02T21:00:00Z,Buy,18.975,22.21,4,12.94,3.3127477528685,-25.26,236.58,261.84,1,"	268,1074" 
2004-10-01T20:00:00Z,"RBIN",2004-11-01T21:00:00Z,Buy,22,24.86,12,34.32,7.5450441126003,0,63.84,29.52,1,"	277,288" 
2004-10-01T20:00:00Z,"SHOO",2004-12-01T21:00:00Z,Buy,17.89,19.14,12,15,2.0729933108088,-34.32,60.96,23.04,1,"	278,309" 
2004-10-01T20:00:00Z,"CYBE",2005-09-01T20:00:00Z,Buy,16.88,13.9,14,-41.72,5.2269086939874,-92.4,4.06,96.46,0,"	275,415" 
2004-10-01T20:00:00Z,"CRMT",2005-10-03T20:00:00Z,Buy,22.666678,17.67,8.5000052499974,-42.47,1.5338553169876,-119.34,23.74,71.06,0,"	274,423" 
2004-10-01T20:00:00Z,"RBIN",2005-11-01T21:00:00Z,Buy,11,10.99,38,-0.38,1.1894827586207,-59.66,126.16,185.82,0,"	277,439" 
2004-10-01T20:00:00Z,"NHC",2006-08-01T20:00:00Z,Buy,29.6,45.17,6,93.42,5.4491704140648,-2.22,102.48,41.04,1,"	276,552" 
2004-10-01T20:00:00Z,"NHC",2007-08-01T20:00:00Z,Buy,29.6,52.2,7,158.2,4.2732361841831,-2.59,202.93,58.31,1,"	276,737" 
2004-10-01T20:00:00Z,"CRMT",2009-07-01T20:00:00Z,Buy,22.666678,21.14,0.49999025000488,-0.76,1.0567170731707,-7.68,1.4,9.08,0,"	274,1170" 
2004-11-01T21:00:00Z,"CALM",2005-02-01T21:00:00Z,Buy,10.11,12,21,39.69,2.2114801288973,-2.31,95.76,83.58,1,"	293,325" 
2004-11-01T21:00:00Z,"CVX",2005-05-02T20:00:00Z,Buy,52.95,53.21,4,1.04,2.1003224578147,-9.52,36,43.16,1,"	294,349" 
2004-11-01T21:00:00Z,"CIX",2005-05-02T20:00:00Z,Buy,15.55,14.62,25,-23.25,3.8275787248829,-24.75,62.5,87.25,0,"	295,350" 
2004-11-01T21:00:00Z,"NUS",2005-05-02T20:00:00Z,Buy,19.39,22.11,11,29.92,7.1196502940443,-1.98,67.43,52.36,1,"	299,353" 
2004-11-01T21:00:00Z,"REM",2005-05-02T20:00:00Z,Buy,25.2,30.58,19,102.22,2.1939038280585,-9.69,176.51,126.92,1,"	300,356" 
2004-11-01T21:00:00Z,"NL",2005-07-01T20:00:00Z,Buy,19.99,15.24,14,-66.5,4.9038992758083,-76.86,46.34,123.2,0,"	298,383" 
2004-11-01T21:00:00Z,"MLI",2005-08-01T20:00:00Z,Buy,27.54,29.22,15,25.2,8.8364241638617,-36.6,72.9,109.5,1,"	297,398" 
2004-11-01T21:00:00Z,"WEYS",2005-08-01T20:00:00Z,Buy,19.485,23.6,10.999978999979,45.26,3.454656559117,-73.9,48.01,48.18,1,"	301,403" 
2004-11-01T21:00:00Z,"LEG",2005-11-01T21:00:00Z,Buy,28.27,20.23,19,-152.76,2.2723968428157,-184.87,43.51,228.38,0,"	296,438" 
2004-11-01T21:00:00Z,"CVX",2007-02-01T21:00:00Z,Buy,52.95,74.41,3,64.38,2.190028465915,-7.5,68.79,35.19,1,"	294,623" 
2004-11-01T21:00:00Z,"WEYS",2007-09-04T20:00:00Z,Buy,19.485,29.6,9.000021000021,91.04,4.4324602455853,-60.47,116.96,58.95,1,"	301,764" 
2004-11-01T21:00:00Z,"CVX",2007-12-03T21:00:00Z,Buy,52.95,87.84,3,104.67,2.290089590973,-7.5,125.52,37.86,1,"	294,806" 
2004-11-01T21:00:00Z,"CVX",2008-11-03T21:00:00Z,Buy,52.95,73.61,5,103.3,7.0002120711474,-12.5,250.6,222.35,1,"	294,1005" 
2004-11-01T21:00:00Z,"CVX",2009-11-02T21:00:00Z,Buy,52.95,76.64,1,23.69,3.0564135936066,-2.5,50.12,46.6,1,"	294,1207" 
2004-12-01T21:00:00Z,"XOM",2005-03-01T21:00:00Z,Buy,51.12,62.05,6,65.58,3.4402902034381,-10.02,73.62,15,1,"	318,340" 
2004-12-01T21:00:00Z,"COP",2005-05-02T20:00:00Z,Buy,89.24,106.68,2,34.88,2.7405168028657,-11.68,46.44,24.8,1,"	316,354" 
2004-12-01T21:00:00Z,"HANS",2005-06-01T20:00:00Z,Buy,34.9,74.4,4,158,2.050876956768,-10.8,158.8,37.8,1,"	313,369" 
2004-12-01T21:00:00Z,"LTD",2005-10-03T20:00:00Z,Buy,24.59,20.29,25,-107.5,2.3041533700481,-132,13.25,145.25,0,"	314,426" 
2004-12-01T21:00:00Z,"STLD",2005-10-03T20:00:00Z,Buy,40.13,32.9,7,-50.61,2.8017269334638,-102.34,38.64,140.98,0,"	317,428" 
2004-12-01T21:00:00Z,"CNC",2005-12-01T21:00:00Z,Buy,27.11,25.21,14,-26.6,7.4023792282973,-126.84,143.5,270.34,0,"	312,451" 
2004-12-01T21:00:00Z,"AHC",2006-01-03T21:00:00Z,Buy,84.98,133.53,2,97.1,3.8954622025845,-11.96,109.18,52.4,1,"	311,464" 
2004-12-01T21:00:00Z,"HANS",2006-04-03T20:00:00Z,Buy,17.449949744016,127.09,2,219.28,3.7320173183154,-2.7,219.28,48.2,1,"	313,494" 
2004-12-01T21:00:00Z,"NUE",2006-06-01T20:00:00Z,Buy,26.135,53.34,2,54.41,4.9642464255716,-6.6,66.97,19.42,1,"	315,530" 
2004-12-01T21:00:00Z,"AHC",2006-10-02T20:00:00Z,Buy,28.32663834,40.96,9,113.7,2.2834882940322,-17.94,249.33,143.55,1,"	311,572" 
2004-12-01T21:00:00Z,"XOM",2006-12-01T21:00:00Z,Buy,51.12,77.15,3,78.09,1.0150585556278,-5.01,78.09,30.51,1,"	318,608" 
2004-12-01T21:00:00Z,"HANS",2007-03-01T21:00:00Z,Buy,4.3624801070398,34.68,8,242.54,3.9794780591164,-2.7,375.76,210.74,1,"	313,640" 
2004-12-01T21:00:00Z,"COP",2007-08-01T20:00:00Z,Buy,44.62,80.76,3,108.42,2.022952933574,-8.76,136.71,49.41,1,"	316,739" 
2004-12-01T21:00:00Z,"XOM",2007-08-01T20:00:00Z,Buy,51.12,86.01,4,139.56,2.8568255959402,-6.68,169.28,40.68,1,"	318,743" 
2004-12-01T21:00:00Z,"NUE",2008-04-01T20:00:00Z,Buy,26.135,69.25,3,129.34,2.0749265394005,-9.9,144.74,69.21,1,"	315,879" 
2004-12-01T21:00:00Z,"COP",2008-05-01T20:00:00Z,Buy,44.62,86.59,7,293.79,1.0503488777765,-20.44,318.99,133,1,"	316,904" 
2004-12-01T21:00:00Z,"NUE",2008-11-03T21:00:00Z,Buy,26.135,37.93,7,82.56,1.0327790123457,-23.1,390.28,377.79,1,"	315,1013" 
2004-12-01T21:00:00Z,"XOM",2008-11-03T21:00:00Z,Buy,51.12,74.39,5,116.35,4.63291246579,-8.35,219.65,166.9,1,"	318,1024" 
2005-01-03T21:00:00Z,"ANF",2006-05-01T20:00:00Z,Buy,46.3,60.86,8,116.48,3.4756614863264,-15.92,214.16,230.08,1,"	321,509" 
2005-01-03T21:00:00Z,"GCO",2006-09-01T20:00:00Z,Buy,30.42,27.4,12,-36.24,2.1486480782555,-55.92,159.12,209.04,0,"	322,562" 
2005-02-01T21:00:00Z,"ELBO",2005-05-02T20:00:00Z,Buy,35.37,56.82,6,128.7,9.0035802145862,-0.54,128.7,36.54,1,"	334,351" 
2005-02-01T21:00:00Z,"ALG",2005-09-01T20:00:00Z,Buy,25.84,20.5,14,-74.76,3.3521310538342,-100.52,0,100.52,0,"	333,414" 
2005-02-01T21:00:00Z,"ELBO",2005-10-08T04:00:00Z,Buy,35.37,62.5,3,81.39,0,-0.27,94.71,18.27,1,"	334,436" 
2005-02-01T21:00:00Z,"ABFS",2006-01-03T21:00:00Z,Buy,40.86,44.55,5,18.45,3.1448220248785,-51.7,23.15,71.3,1,"	332,463" 
2005-02-01T21:00:00Z,"JAKK",2006-11-01T21:00:00Z,Buy,22.25,22.03,10,-2.2,9.754949105741,-72.5,60.7,127.2,0,"	335,591" 
2005-02-01T21:00:00Z,"ABFS",2007-07-02T20:00:00Z,Buy,40.86,39.4,6,-8.76,4.4668798850038,-62.04,58.14,92.46,0,"	332,718" 
2005-03-01T21:00:00Z,"TALK",2005-07-01T20:00:00Z,Buy,6.4,10.22,2,7.64,2.2039929792659,-2.78,10.1,2.76,1,"	343,386" 
2005-03-01T21:00:00Z,"ZEUS",2005-08-01T20:00:00Z,Buy,24.68,15.89,8,-70.32,2.2692761539511,-91.76,0.56,92.32,0,"	344,404" 
2005-03-01T21:00:00Z,"ISSC",2005-12-01T21:00:00Z,Buy,19.63334315,14.47,11.999994000003,-61.96,3.4364722707234,-69.52,63.2,132.72,0,"	342,453" 
2005-03-01T21:00:00Z,"TALK",2006-09-01T20:00:00Z,Buy,6.4,5.84,35,-19.6,2.4340561543839,-48.65,181.65,209.65,0,"	343,566" 
2005-03-01T21:00:00Z,"CTR",2007-06-01T20:00:00Z,Buy,20.12667673,21.83,25,42.58,6.2652518371618,-76.5,151.83,147.5,1,"	341,699" 
2005-03-01T21:00:00Z,"CTR",2011-07-01T20:00:00Z,Buy,20.12667673,29.34,0.49998725000638,4.61,2.0811230993496,-4,4.74,7.03,1,"	341,1559" 
2005-04-01T21:00:00Z,"X",2005-12-01T21:00:00Z,Buy,51.16,48.98,6,-13.08,4.6840489676732,-101.94,0,101.94,0,"	348,455" 
2005-04-01T21:00:00Z,"GDT",2006-04-22T04:00:00Z,Buy,73.76,80.05,3,18.87,1.2074133187141,-120.78,18.87,55.29,1,"	347,508" 
2005-05-02T20:00:00Z,"GISX",2005-07-01T20:00:00Z,Buy,35.05,31.97,6,-18.48,2.1073706960639,-103.14,31.74,33.48,0,"	360,381" 
2005-05-02T20:00:00Z,"TTEC",2005-08-01T20:00:00Z,Buy,10.9,8.32,34,-87.72,5.9209896191545,-120.7,0.68,121.38,0,"	365,402" 
2005-05-02T20:00:00Z,"LEG",2005-11-01T21:00:00Z,Buy,26.9,20.23,8,-53.36,1.04,-66.88,29.28,79.68,0,"	362,438" 
2005-05-02T20:00:00Z,"BRC",2005-12-01T21:00:00Z,Buy,29.73,37.96,12,98.76,5.5510034841897,-32.52,110.04,95.28,1,"	358,450" 
2005-05-02T20:00:00Z,"HSII",2005-12-01T21:00:00Z,Buy,26.42,32.89,13,84.11,3.1871319196033,-26.26,102.44,67.21,1,"	361,452" 
2005-05-02T20:00:00Z,"SCHN",2006-03-01T21:00:00Z,Buy,24.2,32,11.499985329992,89.7,1.0591205211726,-197.03,206.16,57.61,1,"	364,483" 
2005-05-02T20:00:00Z,"PLCE",2006-04-03T20:00:00Z,Buy,39.72,56.37,8,133.2,2.0816068075444,-44.4,150.96,141.6,1,"	363,497" 
2005-05-02T20:00:00Z,"SCHN",2007-04-02T20:00:00Z,Buy,24.2,40.2,0.50001467000806,8,3.4662827390839,-8.57,8.96,5.14,1,"	364,659" 
2005-05-02T20:00:00Z,"WEYS",2007-09-04T20:00:00Z,Buy,18.69,29.6,2.999978999979,32.73,1.0558668478261,-17.77,41.37,19.65,1,"	366,764" 
2005-05-02T20:00:00Z,"CMC",2008-10-01T20:00:00Z,Buy,12.99,16.28,20,65.8,2.1472896494188,-28.5,528.2,469.6,1,"	359,988" 
2005-05-02T20:00:00Z,"WEYS",2008-12-01T21:00:00Z,Buy,18.69,27.26,7,59.99,6.2593649196151,-41.46,145.25,104.23,1,"	366,1050" 
2005-05-02T20:00:00Z,"WEYS",2009-10-01T20:00:00Z,Buy,18.69,22.35,1.000021000021,3.66,2.5997238997497,-5.92,20.75,19.25,1,"	366,1193" 
2005-06-01T20:00:00Z,"GCI",2005-08-01T20:00:00Z,Buy,74.24,72.26,3,-5.94,1.4337262956417,-19.74,50.04,12.42,0,"	372,397" 
2005-06-01T20:00:00Z,"LTD",2005-10-03T20:00:00Z,Buy,20.8,20.29,11,-5.61,1.6645247045849,-16.39,47.52,62.7,0,"	374,426" 
2005-06-01T20:00:00Z,"SPTN",2006-02-01T21:00:00Z,Buy,12.92,12.08,31,-26.04,3.6595123841656,-122.76,73.78,196.54,0,"	376,473" 
2005-06-01T20:00:00Z,"GDT",2006-04-22T04:00:00Z,Buy,74.2,80.05,5,29.25,1.2357607839409,-203.5,29.25,88.2,1,"	373,508" 
2005-06-01T20:00:00Z,"SCVL",2007-04-02T20:00:00Z,Buy,19.15,33.39,7,99.68,4.5622213429326,-36.12,112.42,76.37,1,"	375,660" 
2005-06-01T20:00:00Z,"SCVL",2007-10-01T20:00:00Z,Buy,19.15,15.79,14,-47.04,1.130082382763,-72.24,224.84,284.9,0,"	375,777" 
2005-07-01T20:00:00Z,"LEG",2005-11-01T21:00:00Z,Buy,26.75,20.23,8,-52.16,1.0402558314522,-65.68,30.48,79.68,0,"	389,438" 
2005-07-01T20:00:00Z,"CBRL",2006-02-01T21:00:00Z,Buy,39.12,44,17,82.96,5.7023418661233,-99.96,89.25,136.51,1,"	387,467" 
2005-07-01T20:00:00Z,"GPX",2006-05-01T20:00:00Z,Buy,8.11,7.2,62,-56.42,5.7508402355918,-87.42,55.8,143.22,0,"	391,513" 
2005-07-01T20:00:00Z,"CNXS",2006-06-01T20:00:00Z,Buy,23,23.41,14,5.74,7.0475561099998,-35.14,100.8,135.94,1,"	388,525" 
2005-07-01T20:00:00Z,"PLPC",2006-07-03T17:00:00Z,Buy,39.89,37,11,-31.79,2.10939648507,-100.54,78.21,178.75,0,"	393,546" 
2005-07-01T20:00:00Z,"PDX",2006-12-01T21:00:00Z,Buy,36.785,48.55,6,70.59,1.0150040788579,-62.76,93.21,62.76,1,"	392,606" 
2005-07-01T20:00:00Z,"WDC",2007-02-01T21:00:00Z,Buy,13.75,19.41,27,152.82,5.1358679714207,-64.8,281.61,219.78,1,"	394,631" 
2005-07-01T20:00:00Z,"MSTR",2007-07-02T20:00:00Z,Buy,53.95,94.59,5,203.2,2.0505082261995,0,392.25,193.3,1,"	390,723" 
2005-08-01T20:00:00Z,"SAM",2005-09-01T20:00:00Z,Buy,21.9,23.71,12,21.72,2.0224257712982,-23.04,44.04,7.2,1,"	410,417" 
2005-08-01T20:00:00Z,"FL",2005-10-03T20:00:00Z,Buy,25.25,21.93,12,-39.84,1.0606242496999,-85.56,51.96,51.72,0,"	413,429" 
2005-08-01T20:00:00Z,"WWW",2006-02-01T21:00:00Z,Buy,22.25,24.06,27,48.87,4.7587161125467,-63.18,48.87,75.06,1,"	412,475" 
2005-08-01T20:00:00Z,"FRGO",2006-06-01T20:00:00Z,Buy,18,24.9,22,151.8,9.5710947523465,-39.38,151.8,122.1,1,"	406,527" 
2005-08-01T20:00:00Z,"USPH",2006-06-01T20:00:00Z,Buy,18.42,15.04,33,-111.54,7.2655549417273,-132.99,69.63,202.62,0,"	411,534" 
2005-08-01T20:00:00Z,"CLF",2006-10-02T20:00:00Z,Buy,37.215,38.77,8,12.44,2.4249444444627,-43.88,135.36,179.24,1,"	405,574" 
2005-08-01T20:00:00Z,"JAKK",2006-11-01T21:00:00Z,Buy,17.33,22.03,12,56.4,3.0433990373697,-27.96,131.88,152.64,1,"	407,591" 
2005-08-01T20:00:00Z,"JJSF",2007-01-03T21:00:00Z,Buy,29.035,41.02,5,59.92,2.8700697096156,-11.55,65.52,29.7,1,"	408,618" 
2005-08-01T20:00:00Z,"OXY",2007-08-01T20:00:00Z,Buy,41.39,57.2,14,221.34,7.4522029226388,-89.81,311.08,152.32,1,"	409,738" 
2005-08-01T20:00:00Z,"JJSF",2008-01-02T21:00:00Z,Buy,29.035,30.33,15,19.42,4.1829411342561,-34.65,205.88,201.75,1,"	408,825" 
2005-09-01T20:00:00Z,"SYKE",2006-09-01T20:00:00Z,Buy,10.58,20.2,13,125.06,5.0971088825928,0,125.06,40.56,1,"	422,565" 
2005-09-01T20:00:00Z,"KOMG",2007-02-01T21:00:00Z,Buy,31.94,33.75,10,18.1,4.8914759858054,-70,215.4,226.7,1,"	420,625" 
2005-09-01T20:00:00Z,"ABFS",2007-07-02T20:00:00Z,Buy,34.92,39.4,6,26.88,2.1670729298661,-26.4,93.78,92.46,1,"	419,718" 
2005-09-01T20:00:00Z,"SYKE",2007-09-04T20:00:00Z,Buy,10.58,16.17,20,111.8,5.2964135145162,0,213.4,132.8,1,"	422,762" 
2005-09-01T20:00:00Z,"KFRC",2008-05-01T20:00:00Z,Buy,10.03,8.44,36,-57.24,9.1059406474878,-80.28,250.2,330.48,0,"	421,906" 
2005-10-03T20:00:00Z,"LRCX",2006-02-01T21:00:00Z,Buy,31,46.92,8,127.36,2.1269464547272,-7.52,127.36,35.92,1,"	432,470" 
2005-10-03T20:00:00Z,"PETS",2006-02-01T21:00:00Z,Buy,10.62,17.65,16,112.48,2.2594006156097,-12.48,117.92,34.24,1,"	433,471" 
2005-10-03T20:00:00Z,"TOL",2006-02-01T21:00:00Z,Buy,43.64,33,9,-95.76,2.0876979904268,-95.76,0,95.76,0,"	435,474" 
2005-10-03T20:00:00Z,"FD",2006-04-03T20:00:00Z,Buy,65.5,72.01,9,58.59,3.7564072375583,-66.69,82.98,72.81,1,"	431,493" 
2005-10-03T20:00:00Z,"PTC",2006-06-01T20:00:00Z,Buy,15.333341,14.88,17,-7.71,3.6099782125802,-32.3,134.64,152.55,0,"	434,532" 
2005-10-03T20:00:00Z,"CECO",2006-10-02T20:00:00Z,Buy,35.89,22.5,13,-174.07,7.8387562813322,-235.17,75.53,310.7,0,"	430,573" 
2005-10-03T20:00:00Z,"PETS",2006-11-01T21:00:00Z,Buy,10.62,12.14,19,28.88,1.092264,-22.23,178.22,200.45,1,"	433,594" 
2005-10-03T20:00:00Z,"LRCX",2007-11-01T20:00:00Z,Buy,31,48.84,9,160.56,4.5647058137689,-8.46,260.82,142.56,1,"	432,795" 
2005-11-01T21:00:00Z,"BRC",2005-12-01T21:00:00Z,Buy,29.27,37.96,7,60.83,1.035720013947,-15.75,67.41,11.27,1,"	441,450" 
2005-11-01T21:00:00Z,"ISSC",2005-12-01T21:00:00Z,Buy,14.21,14.47,15.000005999997,3.9,3.4981259812106,-5.55,160.35,15,1,"	442,453" 
2005-11-01T21:00:00Z,"X",2005-12-01T21:00:00Z,Buy,37.56,48.98,6,68.52,1.0307952992621,-20.34,81.6,9.36,1,"	449,455" 
2005-11-01T21:00:00Z,"TTC",2006-03-01T21:00:00Z,Buy,37.36,46.58,7,64.54,1.0357952367917,-155.38,77.91,21.56,1,"	448,484" 
2005-11-01T21:00:00Z,"LRW",2006-05-01T20:00:00Z,Buy,22.7,27.12,17,75.14,3.3472592473492,-32.3,85,58.99,1,"	443,510" 
2005-11-01T21:00:00Z,"GPX",2006-05-01T20:00:00Z,Buy,8.28,7.2,25,-27,2.2222250373879,-39.5,18.25,39.5,0,"	445,513" 
2005-11-01T21:00:00Z,"SKX",2006-05-01T20:00:00Z,Buy,13.3,27.04,9,123.66,4.4410197067707,0,130.77,19.17,1,"	446,515" 
2005-11-01T21:00:00Z,"SNHY",2006-06-01T20:00:00Z,Buy,23.18,19.97,12,-38.52,4.3437746837966,-67.2,36.84,104.04,0,"	447,533" 
2005-11-01T21:00:00Z,"LYTS",2006-10-02T20:00:00Z,Buy,17.79,16.02,26,-46.02,9.9353206768708,-148.72,26,174.72,0,"	444,576" 
2005-11-01T21:00:00Z,"B",2007-06-01T20:00:00Z,Buy,17.385,30.1,12,152.58,5.9970302370018,-23.34,152.58,97.8,1,"	440,697" 
2005-11-01T21:00:00Z,"SKX",2007-10-01T20:00:00Z,Buy,13.3,22.8,18,171,1.0931457103949,0,435.6,345.6,1,"	446,778" 
2005-11-01T21:00:00Z,"B",2009-05-01T20:00:00Z,Buy,17.385,13.91,18,-62.55,1.0885987261146,-168.93,346.77,515.7,0,"	440,1122" 
2005-12-01T21:00:00Z,"PZZA",2006-02-01T21:00:00Z,Buy,27.43,34.45,8,56.16,2.120246943029,0,61.68,7.4,1,"	460,472" 
2005-12-01T21:00:00Z,"USNA",2006-03-01T21:00:00Z,Buy,38.8,43.04,13,55.12,5.6894607724405,-16.64,56.68,38.87,1,"	462,485" 
2005-12-01T21:00:00Z,"AXE",2006-04-03T20:00:00Z,Buy,38.24,47.29,7,63.35,2.014873491575,-48.23,66.01,23.66,1,"	457,492" 
2005-12-01T21:00:00Z,"NVDA",2006-04-03T20:00:00Z,Buy,36.58,57.91,4,85.32,5.3206759664996,-2.96,85.32,10.76,1,"	459,496" 
2005-12-01T21:00:00Z,"SHOO",2006-05-01T20:00:00Z,Buy,28.13,53.01,10,248.8,5.2299247405575,0,251.1,28.4,1,"	461,514" 
2005-12-01T21:00:00Z,"NVDA",2006-06-01T20:00:00Z,Buy,18.289978052018,24.18,18,106.02,1.0946173913043,-6.66,233.64,149.58,1,"	459,531" 
2005-12-01T21:00:00Z,"ANST",2006-09-01T20:00:00Z,Buy,17.49,23.95,22,142.12,5.9472430290426,-32.89,176,120.67,1,"	456,561" 
2005-12-01T21:00:00Z,"PZZA",2006-09-01T20:00:00Z,Buy,27.43,34.45,6,42.12,1.8928776641242,0,46.26,32.82,1,"	460,564" 
2005-12-01T21:00:00Z,"PZZA",2007-02-01T21:00:00Z,Buy,27.43,28.26,18,14.94,1.0920854453295,-7.2,185.94,193.14,1,"	460,627" 
2005-12-01T21:00:00Z,"MRO",2007-06-01T20:00:00Z,Buy,61.2,126.74,2,131.08,2.9069097100056,-2.48,131.08,42.78,1,"	458,706" 
2005-12-01T21:00:00Z,"MRO",2008-06-02T20:00:00Z,Buy,30.6,51.66,12,252.72,1.0604328329109,-7.44,428.52,256.32,1,"	458,932" 
2005-12-01T21:00:00Z,"SHOO",2009-05-01T20:00:00Z,Buy,18.753286813383,28.47,9.0000223256628,87.45,1.0580625424881,-46.65,228.3,274.95,1,"	461,1131" 
2005-12-01T21:00:00Z,"NVDA",2015-06-01T20:00:00Z,Buy,18.289978052018,22.38,2.1600008640003E-5,0,1.878969436818,0,0,0,0,"	459,2539" 
2006-01-03T21:00:00Z,"CBRL",2006-02-01T21:00:00Z,Buy,35.1,44,6,53.4,1.7014351145935,-11.16,55.62,8.76,1,"	465,467" 
2006-01-03T21:00:00Z,"NHC",2007-08-01T20:00:00Z,Buy,37,52.2,6,91.2,1.4318720849236,-46.62,129.54,49.98,1,"	466,737" 
2006-02-01T21:00:00Z,"UFPI",2006-05-01T20:00:00Z,Buy,56.68,76.01,3,57.99,6.1125629054754,-5.04,57.99,8.85,1,"	479,516" 
2006-02-01T21:00:00Z,"HNI",2006-06-01T20:00:00Z,Buy,57.05,51.94,14,-71.54,5.6743345535682,-99.68,63,162.68,0,"	478,529" 
2006-02-01T21:00:00Z,"CRUS",2006-08-01T20:00:00Z,Buy,8.5,6.56,56,-108.64,5.4723272262428,-108.64,96.32,204.96,0,"	477,550" 
2006-02-01T21:00:00Z,"BWS",2006-12-01T21:00:00Z,Buy,30.039956291822,45.31,11,167.97,3.7858331694024,-5.79,191.51,107.8,1,"	476,602" 
2006-02-01T21:00:00Z,"UFPI",2006-12-01T21:00:00Z,Buy,56.68,46.6,8,-80.64,2.482304274603,-102.96,186.8,289.76,0,"	479,607" 
2006-02-01T21:00:00Z,"BWS",2007-06-01T20:00:00Z,Buy,20.0266475412,29.9,16,157.97,7.1624428748362,-5.62,275.31,175.09,1,"	476,698" 
2006-02-01T21:00:00Z,"BWS",2011-02-01T21:00:00Z,Buy,20.0266475412,13.29,1.2500404812767,-8.42,3.0513579292708,-11.91,21.51,33.42,0,"	476,1458" 
2006-02-01T21:00:00Z,"WMK",2012-01-03T21:00:00Z,Buy,42.94,40.78,5,-10.8,1.710690285917,-98.25,16.1,114.35,0,"	480,1666" 
2006-03-01T21:00:00Z,"LMS",2006-05-01T20:00:00Z,Buy,23.51,24.85,11,14.74,5.7516798881266,-18.7,66.99,52.69,1,"	488,511" 
2006-03-01T21:00:00Z,"COHU",2006-06-01T20:00:00Z,Buy,21.68,17.9,18,-68.04,5.188901880969,-97.92,0,97.92,0,"	486,526" 
2006-03-01T21:00:00Z,"ZEUS",2007-02-01T21:00:00Z,Buy,26.9,27.81,15,13.65,5.9054205768504,-82.8,181.05,263.85,1,"	489,632" 
2006-03-01T21:00:00Z,"IIIN",2007-04-02T20:00:00Z,Buy,19.645,16.71,16,-46.96,4.2076646048457,-60.08,161.28,221.36,0,"	487,655" 
2006-04-03T20:00:00Z,"ADTN",2006-08-01T20:00:00Z,Buy,25.95,21.26,17,-79.73,3.8122367553004,-96.73,17.68,114.41,0,"	499,549" 
2006-04-03T20:00:00Z,"TALK",2006-09-01T20:00:00Z,Buy,8.6,5.84,25,-69,2.2428126709793,-89.75,74.75,88.75,0,"	505,566" 
2006-04-03T20:00:00Z,"MLR",2006-10-02T20:00:00Z,Buy,26.75,18.03,21,-183.12,2.2138244958443,-211.89,68.04,279.93,0,"	504,577" 
2006-04-03T20:00:00Z,"LII",2006-11-01T21:00:00Z,Buy,30.22,26.95,23,-75.21,6.8798625712736,-203.32,99.13,302.45,0,"	503,593" 
2006-04-03T20:00:00Z,"BCP",2007-01-03T21:00:00Z,Buy,22.7,24.75,9,18.45,8.5133960072293,-31.23,55.44,42.03,1,"	500,617" 
2006-04-03T20:00:00Z,"WIRE",2007-03-01T21:00:00Z,Buy,33.22,25.15,11,-88.77,2.1071329993956,-132.66,146.41,279.07,0,"	506,642" 
2006-04-03T20:00:00Z,"BCP",2007-04-02T20:00:00Z,Buy,15.133311314344,17.98,27,76.86,5.1879676593447,-62.46,110.88,140.67,1,"	500,649" 
2006-04-03T20:00:00Z,"EGY",2007-06-01T20:00:00Z,Buy,6.83,4.86,57,-112.29,6.1339830149979,-127.11,186.39,313.5,0,"	502,701" 
2006-04-03T20:00:00Z,"CVX",2009-11-02T21:00:00Z,Buy,58.4,76.64,4,72.96,1.0201483525962,-31.8,178.68,186.4,1,"	501,1207" 
2006-04-03T20:00:00Z,"XOM",2009-11-02T21:00:00Z,Buy,60.97,72.15,5,55.9,3.8054334975667,-57.6,170.4,166.9,1,"	507,1217" 
2006-05-01T20:00:00Z,"SSD",2006-10-02T20:00:00Z,Buy,40.68,26.74,14,-195.16,6.758143574554,-217.7,12.32,230.02,0,"	521,579" 
2006-05-01T20:00:00Z,"MSM",2007-01-03T21:00:00Z,Buy,51.98,40.48,13,-149.5,7.111111529527,-188.89,35.36,224.25,0,"	519,619" 
2006-05-01T20:00:00Z,"DECK",2007-04-02T20:00:00Z,Buy,42.49,70,3,82.53,4.1132810251503,-24.87,93.09,27.18,1,"	517,650" 
2006-05-01T20:00:00Z,"SCHN",2007-04-02T20:00:00Z,Buy,39.5,40.2,12.499985329992,8.75,3.1701575144543,-405.42,32.83,128.5,1,"	520,659" 
2006-05-01T20:00:00Z,"STLD",2007-05-01T20:00:00Z,Buy,32.145,44.21,14,168.91,2.1058790176326,-119.42,202.79,150.85,1,"	522,684" 
2006-05-01T20:00:00Z,"THO",2007-06-01T20:00:00Z,Buy,49.09,44.85,14,-59.36,2.1401934370835,-142.94,52.64,195.58,0,"	523,707" 
2006-05-01T20:00:00Z,"DECK",2007-07-02T20:00:00Z,Buy,42.49,100.96,2,116.94,1.0100059464817,-16.58,116.94,18.12,1,"	517,719" 
2006-05-01T20:00:00Z,"DECK",2007-08-01T20:00:00Z,Buy,42.49,104.94,2,124.9,2.6483383374852,-16.58,130.92,23.88,1,"	517,735" 
2006-05-01T20:00:00Z,"SCHN",2007-10-01T20:00:00Z,Buy,39.5,75.84,0.50001467000806,18.17,1.0206958657388,-16.22,18.17,7.26,1,"	520,776" 
2006-05-01T20:00:00Z,"DECK",2007-11-01T20:00:00Z,Buy,42.49,132.75,2,180.52,5.8330393372624,-16.58,207.02,46.86,1,"	517,791" 
2006-05-01T20:00:00Z,"DECK",2008-11-03T21:00:00Z,Buy,42.49,80.65,2,76.32,1.0095083706673,-16.58,244.82,185.58,1,"	517,1006" 
2006-05-01T20:00:00Z,"EXPO",2009-10-01T20:00:00Z,Buy,16.25,27.54,14,158.06,1.7769536860008,-137.2,290.78,239.4,1,"	518,1189" 
2006-05-01T20:00:00Z,"WEYS",2009-10-01T20:00:00Z,Buy,21.28,22.35,8.999978999979,9.63,2.3496140057463,-76.62,163.44,173.25,1,"	524,1193" 
2006-06-01T20:00:00Z,"GCO",2006-09-01T20:00:00Z,Buy,36.01,27.4,6,-51.66,1.0308833619211,-61.5,46.02,64.32,0,"	537,562" 
2006-06-01T20:00:00Z,"LCUT",2006-09-01T20:00:00Z,Buy,27.8,20.11,20,-153.8,6.351444410591,-171.2,0,171.2,0,"	540,563" 
2006-06-01T20:00:00Z,"RES",2006-11-01T21:00:00Z,Buy,24.25,20.89,14,-47.04,2.1404603337277,-98.28,11.62,109.9,0,"	543,595" 
2006-06-01T20:00:00Z,"PONR",2007-01-03T21:00:00Z,Buy,28.5,28.55,17,0.85,6.5760002054453,-102.17,25.5,117.64,1,"	542,620" 
2006-06-01T20:00:00Z,"FCX",2007-04-02T20:00:00Z,Buy,55.65,66.68,8,88.24,2.0800724983118,-95.12,88.24,103.76,1,"	535,653" 
2006-06-01T20:00:00Z,"GPI",2007-04-02T20:00:00Z,Buy,61.6,39.82,9,-196.02,4.8531917798469,-196.65,3.6,200.25,0,"	538,654" 
2006-06-01T20:00:00Z,"TTMI",2007-04-02T20:00:00Z,Buy,15.08,9.44,28,-157.92,2.2819564078024,-158.2,0,158.2,0,"	545,661" 
2006-06-01T20:00:00Z,"LMS",2007-05-01T20:00:00Z,Buy,24.38,26.8,12,29.04,3.1580752894469,-49.8,82.08,103.44,1,"	541,678" 
2006-06-01T20:00:00Z,"RSC",2007-05-01T20:00:00Z,Buy,14.83,16.43,34,54.4,2.3387471473952,-45.22,115.94,109.82,1,"	544,683" 
2006-06-01T20:00:00Z,"FIZ",2007-08-01T20:00:00Z,Buy,11.76666196,9.79,32.800131999947,-64.83,1.1573712528824,-197.35,100.04,166.19,0,"	536,736" 
2006-06-01T20:00:00Z,"GWW",2008-08-01T20:00:00Z,Buy,73.41,88.57,3,45.48,2.8117892060993,-38.22,74.97,80.04,1,"	539,966" 
2006-06-01T20:00:00Z,"GWW",2008-11-03T21:00:00Z,Buy,73.41,78.78,3,16.11,1.0150152477764,-38.22,74.97,90.99,1,"	539,1009" 
2006-06-01T20:00:00Z,"GWW",2009-05-01T20:00:00Z,Buy,73.41,82.78,7,65.59,1.0345904966571,-93.66,174.93,268.59,1,"	539,1126" 
2006-06-01T20:00:00Z,"FIZ",2010-09-01T20:00:00Z,Buy,11.76666196,14.98,1.9998819200588,6.43,1.0783472803347,-12.03,6.43,15.19,1,"	536,1395" 
2006-07-03T17:00:00Z,"CECO",2006-10-02T20:00:00Z,Buy,29.83,22.5,7,-51.31,1.0349648359009,-84.21,83.09,84.21,0,"	547,573" 
2006-07-03T17:00:00Z,"TNC",2007-02-01T21:00:00Z,Buy,24.695,31.81,7,49.8,6.1644643027503,-17.43,49.8,27.02,1,"	548,629" 
2006-07-03T17:00:00Z,"TNC",2007-10-01T20:00:00Z,Buy,24.695,48.4,6,142.23,1.0298765432099,-14.94,148.29,29.28,1,"	548,779" 
2006-07-03T17:00:00Z,"TNC",2008-09-02T20:00:00Z,Buy,24.695,31.28,13,85.6,4.5000793594267,-32.37,321.3,318.76,1,"	548,980" 
2006-08-01T20:00:00Z,"TALK",2006-09-01T20:00:00Z,Buy,5.98,5.84,43,-6.02,2.8174798871018,-41.71,241.23,16.34,0,"	557,566" 
2006-08-01T20:00:00Z,"SSD",2006-10-02T20:00:00Z,Buy,28.19,26.74,8,-11.6,1.0402714285714,-24.48,106.96,38.24,0,"	556,579" 
2006-08-01T20:00:00Z,"TESS",2006-10-02T20:00:00Z,Buy,20.97,31.52,15,158.25,2.244476622923,-2.7,158.25,27.15,1,"	558,580" 
2006-08-01T20:00:00Z,"KBALB",2006-11-01T21:00:00Z,Buy,17.33,24.56,13,93.99,2.2301513197981,-12.74,101.4,25.35,1,"	554,592" 
2006-08-01T20:00:00Z,"TESS",2007-02-01T21:00:00Z,Buy,13.97997965911,24.71,10,107.3,1.0552549194991,-1.2,121.7,47.2,1,"	558,630" 
2006-08-01T20:00:00Z,"SWFT",2007-05-01T20:00:00Z,Buy,26.3,31.37,13,65.91,2.163269793173,-51.74,65.91,67.86,1,"	555,677" 
2006-08-01T20:00:00Z,"KBALB",2007-07-02T20:00:00Z,Buy,17.33,14.01,21,-69.72,1.19,-93.87,180.39,274.26,0,"	554,722" 
2006-08-01T20:00:00Z,"TESS",2007-10-01T20:00:00Z,Buy,13.97997965911,15.55,15,23.55,3.0234863543038,-73.5,260.7,334.2,1,"	558,780" 
2006-08-01T20:00:00Z,"VLO",2008-06-02T20:00:00Z,Buy,67.06,52.84,3,-42.66,1.7496867805161,-151.52,31.98,99.48,0,"	559,936" 
2006-08-01T20:00:00Z,"TESS",2009-09-01T20:00:00Z,Buy,13.97997965911,16,0.50003710253543,1.01,3.6286620223143,-2.45,8.69,11.14,1,"	558,1185" 
2006-09-01T20:00:00Z,"BLS",2006-12-30T05:00:00Z,Buy,41.34,47.15,26,151.06,1.1320442260442,-8.84,151.06,84.24,1,"	568,616" 
2006-09-01T20:00:00Z,"WCC",2007-04-02T20:00:00Z,Buy,59.43,62.31,8,23.04,2.0805290041265,-20.32,91.52,109.92,1,"	571,662" 
2006-09-01T20:00:00Z,"AP",2007-05-01T20:00:00Z,Buy,28.81,36.08,10,72.7,2.1000451841278,-57.5,82,132.3,1,"	567,674" 
2006-09-01T20:00:00Z,"PTSI",2007-05-01T20:00:00Z,Buy,25.93,18.91,20,-140.4,3.7259372430914,-140.4,19.6,160,0,"	570,681" 
2006-09-01T20:00:00Z,"IVAC",2008-06-02T20:00:00Z,Buy,17.38,12.16,17,-88.74,7.8230924999004,-123.08,224.23,347.31,0,"	569,931" 
2006-10-02T20:00:00Z,"DDS",2006-12-01T21:00:00Z,Buy,32.7,35.65,8,23.6,5.4474401933103,-31.92,27.12,39.52,1,"	584,603" 
2006-10-02T20:00:00Z,"SPTN",2007-02-01T21:00:00Z,Buy,15.8,23.5,27,207.9,7.8958017284804,0,212.22,82.89,1,"	590,628" 
2006-10-02T20:00:00Z,"DLTR",2007-04-02T20:00:00Z,Buy,31.29,37.97,8,53.44,4.1334376570896,-13.6,55.6,19.28,1,"	585,651" 
2006-10-02T20:00:00Z,"MOH",2007-04-02T20:00:00Z,Buy,34.86,31.02,14,-53.76,3.9805702854547,-71.12,81.76,152.88,0,"	587,657" 
2006-10-02T20:00:00Z,"MTEX",2007-04-02T20:00:00Z,Buy,17.62,15.35,19,-43.13,4.4290286056857,-79.04,31.16,110.2,0,"	588,658" 
2006-10-02T20:00:00Z,"CMI",2007-05-01T20:00:00Z,Buy,59.745,92,10,322.55,2.0750266824805,-26.2,364.05,119,1,"	583,675" 
2006-10-02T20:00:00Z,"AEOS",2007-06-01T20:00:00Z,Buy,29.74001487,27.19,16.999961929984,-43.35,1.0611095890411,-348.73,78.2,125.12,0,"	582,696" 
2006-10-02T20:00:00Z,"MGLN",2007-06-01T20:00:00Z,Buy,41.92,45.37,16,55.2,5.5277970333,-30.08,61.6,79.04,1,"	586,705" 
2006-10-02T20:00:00Z,"PCLN",2007-07-02T20:00:00Z,Buy,36.76,68.31,3,94.65,5.5552926480326,0,95.94,28.32,1,"	589,724" 
2006-10-02T20:00:00Z,"DDS",2007-09-04T20:00:00Z,Buy,32.7,22.1,13,-137.8,3.3638939382226,-137.8,94.38,232.18,0,"	584,757" 
2006-10-02T20:00:00Z,"DLTR",2007-09-04T20:00:00Z,Buy,31.29,43.24,6,71.7,2.6985234749421,-10.2,85.68,58.08,1,"	585,758" 
2006-10-02T20:00:00Z,"PCLN",2007-09-04T20:00:00Z,Buy,36.76,82.16,3,136.2,1.0148517715112,0,138.66,28.32,1,"	589,761" 
2006-10-02T20:00:00Z,"PCLN",2007-12-03T21:00:00Z,Buy,36.76,114.59,2,155.66,4.3330035169327,0,155.66,20.7,1,"	589,808" 
2006-10-02T20:00:00Z,"DLTR",2008-05-01T20:00:00Z,Buy,31.29,31.6,7,2.17,1.035,-69.93,99.96,169.89,1,"	585,893" 
2006-10-02T20:00:00Z,"PCLN",2008-11-03T21:00:00Z,Buy,36.76,52.29,3,46.59,1.0149030970929,0,308.7,271.2,1,"	589,1014" 
2006-10-02T20:00:00Z,"DLTR",2009-04-01T20:00:00Z,Buy,31.29,43.56,1,12.27,2.2267270672378,-9.99,14.28,24.27,1,"	585,1106" 
2006-10-02T20:00:00Z,"AEOS",2014-01-02T21:00:00Z,Buy,29.74001487,14.73,1.0000290700201,-15.01,7.1293636033992,-20.51,4.6,21.1,0,"	582,2116" 
2006-11-01T21:00:00Z,"FAF",2006-12-01T21:00:00Z,Buy,40.38,38.63,5,-8.75,1.4666296213135,-93.25,43.5,16.85,0,"	598,604" 
2006-11-01T21:00:00Z,"OFIX",2006-12-01T21:00:00Z,Buy,43.24,43.49,18,4.5,5.3021708845683,-12.96,41.4,38.7,1,"	600,605" 
2006-11-01T21:00:00Z,"UFPI",2006-12-01T21:00:00Z,Buy,44.34,46.6,5,11.3,1.9385893185663,-2.65,178.45,10.55,1,"	601,607" 
2006-11-01T21:00:00Z,"AEIS",2007-05-01T20:00:00Z,Buy,15.08,24.9,15,147.3,10.735145476942,-2.25,149.25,34.95,1,"	596,673" 
2006-11-01T21:00:00Z,"HVT",2007-06-01T20:00:00Z,Buy,15.01,12.28,31,-84.63,5.0641034638647,-91.76,28.83,120.59,0,"	599,702" 
2006-11-01T21:00:00Z,"COLM",2008-02-01T21:00:00Z,Buy,54.62,41.04,6,-81.48,4.0160106875867,-112.92,94.56,207.48,0,"	597,838" 
2006-11-01T21:00:00Z,"AEIS",2008-04-01T20:00:00Z,Buy,15.08,13.68,15,-21,5.5916047037267,-78,159,237,0,"	596,874" 
2006-11-01T21:00:00Z,"COLM",2011-05-02T20:00:00Z,Buy,54.62,66.97,7,86.45,1.0590998676276,-205.8,110.32,316.12,1,"	597,1520" 
2006-12-01T21:00:00Z,"DIOD",2007-02-01T21:00:00Z,Buy,41.09,37.12,11,-43.67,3.1821145004936,-90.86,13.75,104.61,0,"	611,624" 
2006-12-01T21:00:00Z,"CRS",2007-06-01T20:00:00Z,Buy,107.51,135.68,4,112.68,5.3029675356051,-40.88,116,63.8,1,"	610,700" 
2006-12-01T21:00:00Z,"FD",2007-07-02T20:00:00Z,Buy,40.55,39.81,20,-14.8,2.1963618610823,-74.4,120.8,167.6,0,"	613,721" 
2006-12-01T21:00:00Z,"AMWD",2007-11-01T20:00:00Z,Buy,38.35,23.94,14,-201.74,3.875067035991,-201.74,95.34,297.08,0,"	609,789" 
2006-12-01T21:00:00Z,"COP",2008-05-01T20:00:00Z,Buy,67.38,86.59,3,57.63,1.0150334672021,-77.04,68.43,57,1,"	614,904" 
2006-12-01T21:00:00Z,"DLTR",2009-04-01T20:00:00Z,Buy,29.59,43.56,4,55.88,1.2455954438836,-33.16,63.92,97.08,1,"	612,1106" 
2006-12-01T21:00:00Z,"DLTR",2010-02-01T21:00:00Z,Buy,29.59,49.97,3,61.14,2.7593452637656,-24.87,65.22,72.81,1,"	612,1271" 
2006-12-01T21:00:00Z,"WMK",2013-03-01T21:00:00Z,Buy,39.89,40.96,5,5.35,4.4689689086133,-83,31.35,113.55,1,"	615,1898" 
2007-01-03T21:00:00Z,"LAWS",2007-04-02T20:00:00Z,Buy,44.97,36.84,11,-89.43,2.1074932434302,-114.73,22.33,137.06,0,"	621,656" 
2007-01-03T21:00:00Z,"X",2008-01-02T21:00:00Z,Buy,71.22,113.64,2,84.84,4.3773070667817,-3,107.34,88.38,1,"	622,829" 
2007-01-03T21:00:00Z,"X",2008-06-02T20:00:00Z,Buy,71.22,172.01,2,201.58,2.8735540556793,-3,225.26,88.38,1,"	622,939" 
2007-01-03T21:00:00Z,"X",2008-07-01T20:00:00Z,Buy,71.22,175.36,2,208.28,3.7288112937386,-3,242.34,88.38,1,"	622,958" 
2007-02-01T21:00:00Z,"NEU",2007-04-02T20:00:00Z,Buy,56.94,40.16,8,-134.24,5.4119101218319,-134.24,0,134.24,0,"	633,652" 
2007-02-01T21:00:00Z,"MOV",2007-05-01T20:00:00Z,Buy,29.23,32.64,7,23.87,5.7982363993038,-11.9,37.1,41.16,1,"	636,679" 
2007-02-01T21:00:00Z,"VVI",2007-05-01T20:00:00Z,Buy,42.36,41.11,6,-7.5,8.1255604852526,-38.58,0,38.58,0,"	639,686" 
2007-02-01T21:00:00Z,"KSS",2007-06-01T20:00:00Z,Buy,72.84,76.11,12,39.24,3.4325005971476,-62.28,72.12,86.16,1,"	635,704" 
2007-02-01T21:00:00Z,"NVEC",2007-09-04T20:00:00Z,Buy,23.03,34.8,10,117.7,5.5426806542948,-21.7,179.7,109.5,1,"	637,760" 
2007-02-01T21:00:00Z,"VVI",2007-09-04T20:00:00Z,Buy,42.36,35.48,17,-116.96,12.84029339731,-187.17,41.82,228.99,0,"	639,763" 
2007-02-01T21:00:00Z,"KMX",2007-11-01T20:00:00Z,Buy,28.98,19.79,24,-220.56,5.1171969621357,-220.56,0,220.56,0,"	634,794" 
2007-02-01T21:00:00Z,"VFC",2007-11-01T20:00:00Z,Buy,76.54,83.87,3,21.99,3.2932507739954,-1.29,57.6,52.5,1,"	638,796" 
2007-02-01T21:00:00Z,"VFC",2008-02-01T21:00:00Z,Buy,76.54,79.62,11,33.88,7.6634152568679,-140.14,211.2,351.34,1,"	638,841" 
2007-02-01T21:00:00Z,"MOV",2009-02-02T21:00:00Z,Buy,29.23,7.66,13,-280.41,3.11607580061,-293.8,71.5,365.3,0,"	636,1072" 
2007-03-01T21:00:00Z,"MGPI",2007-05-01T20:00:00Z,Buy,19.17,19.59,22,9.24,2.2146245769941,-23.1,34.32,29.92,1,"	646,680" 
2007-03-01T21:00:00Z,"ABM",2007-08-01T20:00:00Z,Buy,26.83,25.16,9,-15.03,7.1103398737295,-34.2,32.31,66.51,0,"	643,732" 
2007-03-01T21:00:00Z,"GRC",2007-11-01T20:00:00Z,Buy,28.3,37.35,15,135.75,4.9948707427941,-18,168,97.8,1,"	645,792" 
2007-03-01T21:00:00Z,"ABM",2008-01-02T21:00:00Z,Buy,26.83,20.16,23,-153.41,1.1137585868499,-171.35,82.57,253.92,0,"	643,821" 
2007-03-01T21:00:00Z,"ODP",2008-03-03T21:00:00Z,Buy,33.31,11.08,7,-155.61,1.7384719133459,-155.61,78.54,178.29,0,"	647,858" 
2007-03-01T21:00:00Z,"AIT",2008-11-03T21:00:00Z,Buy,24,19.93,7.2499653162267,-29.51,1.0450751252087,-110.01,82,126.15,0,"	644,1004" 
2007-03-01T21:00:00Z,"SHOO",2009-05-01T20:00:00Z,Buy,28.53,28.47,2.9999776743372,-0.18,1.0337804465494,-44.88,46.77,59.82,0,"	648,1131" 
2007-03-01T21:00:00Z,"AIT",2009-12-01T21:00:00Z,Buy,24,20.88,1.7500346837733,-5.46,1.1056578313253,-26.55,19.79,30.45,0,"	644,1235" 
2007-03-01T21:00:00Z,"SHOO",2010-10-01T20:00:00Z,Buy,19.020032096279,41.2,6,133.08,1.0301022893327,-59.84,137.88,79.76,1,"	648,1412" 
2007-03-01T21:00:00Z,"SHOO",2012-08-01T20:00:00Z,Buy,12.680022110771,39.41,3.5045166477674E-5,0,1.0926032649023,0,0,0,0,"	648,1766" 
2007-04-02T20:00:00Z,"TZOO",2007-05-01T20:00:00Z,Buy,36.95,27.35,9,-86.4,4.7722703991828,-86.4,25.56,111.96,0,"	671,685" 
2007-04-02T20:00:00Z,"EBF",2007-07-02T20:00:00Z,Buy,26.6,23.98,33,-86.46,8.6379279802629,-133.98,39.27,173.25,0,"	665,720" 
2007-04-02T20:00:00Z,"SRI",2007-08-01T20:00:00Z,Buy,10.34,12.14,41,73.8,11.043692040907,-2.05,140.22,67.65,1,"	670,741" 
2007-04-02T20:00:00Z,"USNA",2007-08-01T20:00:00Z,Buy,47.44,39.39,10,-80.5,9.9179946085873,-102.6,27.3,107.8,0,"	672,742" 
2007-04-02T20:00:00Z,"RL",2007-12-03T21:00:00Z,Buy,89,68.73,8,-162.16,3.8118541508126,-201.6,106.08,307.68,0,"	669,810" 
2007-04-02T20:00:00Z,"LDL",2008-01-02T21:00:00Z,Buy,16.68,10.26,30,-192.6,2.6386072863697,-236.4,53.1,289.5,0,"	666,826" 
2007-04-02T20:00:00Z,"MAT",2008-02-01T21:00:00Z,Buy,28.26,21.3,34,-236.64,8.7978700247361,-394.4,47.26,441.66,0,"	667,839" 
2007-04-02T20:00:00Z,"PCCC",2008-02-01T21:00:00Z,Buy,13.82,11.44,24,-57.12,4.3898990218519,-88.32,39.6,127.92,0,"	668,840" 
2007-04-02T20:00:00Z,"ALB",2008-04-01T20:00:00Z,Buy,42.01,37,18,-90.18,19.394258373512,-146.88,105.12,252,0,"	663,875" 
2007-04-02T20:00:00Z,"ANF",2009-03-02T21:00:00Z,Buy,77.04,20.75,9,-506.61,3.94674595843,-565.92,67.95,633.87,0,"	664,1085" 
2007-05-01T20:00:00Z,"OMM",2007-06-09T04:00:00Z,Buy,29.15,29.22,22,1.54,1.1102268820901,-0.66,2.42,2.64,1,"	693,717" 
2007-05-01T20:00:00Z,"ABG",2007-08-01T20:00:00Z,Buy,28.95,22.14,26,-177.06,7.2181808972437,-182.52,0,182.52,0,"	687,731" 
2007-05-01T20:00:00Z,"CALM",2007-08-01T20:00:00Z,Buy,12.74,18.15,14,75.74,5.0857330380935,-8.96,139.16,63.42,1,"	689,733" 
2007-05-01T20:00:00Z,"LNDC",2007-10-01T20:00:00Z,Buy,12.54,16,42,145.32,4.6256940232318,-111.3,145.32,172.62,1,"	692,775" 
2007-05-01T20:00:00Z,"KELYA",2007-11-01T20:00:00Z,Buy,28.93,20.4,24,-204.72,2.2907191617749,-218.88,2.16,221.04,0,"	691,793" 
2007-05-01T20:00:00Z,"UCTT",2007-12-03T21:00:00Z,Buy,14.49,13.8,21,-14.49,2.281585975735,-42.63,43.89,86.52,0,"	695,812" 
2007-05-01T20:00:00Z,"CALM",2008-01-02T21:00:00Z,Buy,12.74,25.99,8,106,1.0391858273652,-5.12,126.08,64.8,1,"	689,822" 
2007-05-01T20:00:00Z,"GIII",2008-01-02T21:00:00Z,Buy,17.59,13.59,20,-80,5.7741437180811,-108.4,88,196.4,0,"	690,824" 
2007-05-01T20:00:00Z,"AGYS",2008-01-02T21:00:00Z,Buy,21.11,14.65,20,-129.2,10.243049924379,-168.6,47,215.6,0,"	694,827" 
2007-05-01T20:00:00Z,"BW",2008-03-03T21:00:00Z,Buy,46.01,26.82,5,-95.95,7.5038951474359,-104.55,61.95,166.5,0,"	688,850" 
2007-05-01T20:00:00Z,"CALM",2008-10-01T20:00:00Z,Buy,12.74,27.42,14,205.52,3.9420217466022,-8.96,488.74,298.06,1,"	689,987" 
2007-06-01T20:00:00Z,"KBALB",2007-07-02T20:00:00Z,Buy,13.91,14.01,17,1.7,1.086619047619,-17.85,204.17,30.6,1,"	713,722" 
2007-06-01T20:00:00Z,"CMI",2007-08-01T20:00:00Z,Buy,94.1,120.05,2,51.9,3.7186786891697,-1.34,51.9,18.46,1,"	709,734" 
2007-06-01T20:00:00Z,"SCHN",2007-10-01T20:00:00Z,Buy,55.45,75.84,3.4999853299919,71.36,1.0511531365314,-169.34,71.36,50.78,1,"	714,776" 
2007-06-01T20:00:00Z,"BRKS",2008-04-01T20:00:00Z,Buy,17.7,10.28,35,-259.7,7.5084037183492,-290.5,79.1,369.6,0,"	708,876" 
2007-06-01T20:00:00Z,"STLD",2008-04-01T20:00:00Z,Buy,24.245,34.36,8,80.92,11.535502423403,-49.08,88.16,57.68,1,"	715,880" 
2007-06-01T20:00:00Z,"USMO",2008-04-01T20:00:00Z,Buy,23.47,7.45,30,-480.6,2.4399384721294,-501,140.1,641.1,0,"	716,881" 
2007-06-01T20:00:00Z,"HAS",2008-05-01T20:00:00Z,Buy,32.43,36.15,9,33.48,3.3818674230809,-96.03,33.48,99.18,1,"	710,895" 
2007-06-01T20:00:00Z,"HAS",2008-06-02T20:00:00Z,Buy,32.43,36.14,19,70.49,2.335056877436,-202.73,90.25,209.38,1,"	710,930" 
2007-06-01T20:00:00Z,"SCHN",2008-07-01T20:00:00Z,Buy,55.45,114.56,2,118.22,2.6844934564231,-96.77,118.3,59.82,1,"	714,957" 
2007-06-01T20:00:00Z,"STLD",2008-11-03T21:00:00Z,Buy,24.245,11.54,14,-177.87,1.0677684563758,-237.09,229.95,467.04,0,"	715,1021" 
2007-06-01T20:00:00Z,"CMI",2008-12-01T21:00:00Z,Buy,47.05,22.53,8,-196.16,3.4156704848239,-233.68,215.12,448.8,0,"	709,1041" 
2007-06-01T20:00:00Z,"SCHN",2009-01-02T21:00:00Z,Buy,55.45,40.18,4,-61.08,1.6271706638966,-193.53,236.6,392.08,0,"	714,1062" 
2007-06-01T20:00:00Z,"HOFT",2009-02-02T21:00:00Z,Buy,24.31,8.09,23,-373.06,14.966990638188,-420.67,4.83,425.5,0,"	711,1069" 
2007-06-01T20:00:00Z,"JAKK",2009-04-01T20:00:00Z,Buy,26.67,12.65,19,-266.38,6.5403654929755,-311.41,83.03,394.44,0,"	712,1107" 
2007-06-01T20:00:00Z,"SCHN",2010-01-04T21:00:00Z,Buy,55.45,50,0.50001467000806,-2.73,1.9984055480082,-24.19,29.58,49.01,0,"	714,1258" 
2007-07-02T20:00:00Z,"TSRA",2007-12-03T21:00:00Z,Buy,41.98,38.9,14,-43.12,7.6738316873098,-128.66,29.26,157.92,0,"	729,811" 
2007-07-02T20:00:00Z,"DLX",2008-03-03T21:00:00Z,Buy,41.66,19.97,15,-325.35,3.9881388073326,-325.35,7.8,333.15,0,"	726,851" 
2007-07-02T20:00:00Z,"HHGP",2008-04-01T20:00:00Z,Buy,21.56,8.96,21,-264.6,8.4908893996077,-321.72,23.52,345.24,0,"	727,877" 
2007-07-02T20:00:00Z,"IMMR",2008-05-01T20:00:00Z,Buy,15.71,11.06,28,-130.2,6.3401412534251,-254.8,134.12,388.92,0,"	728,897" 
2007-07-02T20:00:00Z,"UAUA",2008-05-01T20:00:00Z,Buy,41.13,16.1,12,-300.36,4.4437846882515,-330.96,124.32,455.28,0,"	730,908" 
2007-07-02T20:00:00Z,"AVT",2008-06-02T20:00:00Z,Buy,41.37,29.37,15,-180,8.0815137380958,-228,44.7,272.7,0,"	725,926" 
2007-08-01T20:00:00Z,"SYKE",2007-09-04T20:00:00Z,Buy,16.97,16.17,12,-9.6,1.4117109823321,-76.68,51.36,14.52,0,"	754,762" 
2007-08-01T20:00:00Z,"CHAP",2007-09-15T04:00:00Z,Buy,84.09,85.93,6,11.04,1.0300214209211,-0.96,11.1,4.26,1,"	745,774" 
2007-08-01T20:00:00Z,"SCVL",2007-10-01T20:00:00Z,Buy,22.29,15.79,12,-78,1.0610406207211,-99.6,155.04,89.16,0,"	752,777" 
2007-08-01T20:00:00Z,"AMWD",2007-11-01T20:00:00Z,Buy,30.3,23.94,7,-44.52,1.3628318119467,-44.52,104.02,45.78,0,"	744,789" 
2007-08-01T20:00:00Z,"GCO",2008-01-02T21:00:00Z,Buy,50.75,36.38,13,-186.81,7.6856211907302,-327.08,4.81,331.89,0,"	747,823" 
2007-08-01T20:00:00Z,"FUL",2008-03-03T21:00:00Z,Buy,28.44,22.24,16,-99.2,5.0168717926708,-167.2,46.56,213.76,0,"	746,853" 
2007-08-01T20:00:00Z,"LRW",2008-05-01T20:00:00Z,Buy,23.68,12.67,17,-187.17,10.842361394596,-206.72,0,206.72,0,"	748,899" 
2007-08-01T20:00:00Z,"NTGR",2008-05-01T20:00:00Z,Buy,27.53,17.1,13,-135.59,8.7077902897011,-147.16,120.51,267.67,0,"	750,902" 
2007-08-01T20:00:00Z,"VLO",2008-06-02T20:00:00Z,Buy,63.57,52.84,3,-32.19,1.867851637309,-141.05,42.45,88.8,0,"	755,936" 
2007-08-01T20:00:00Z,"QDEL",2008-08-01T20:00:00Z,Buy,14.85,20.2,10,53.5,6.0156843427682,-12.8,59.9,68.1,1,"	751,968" 
2007-08-01T20:00:00Z,"QDEL",2008-11-03T21:00:00Z,Buy,14.85,15.83,25,24.5,3.8284748771213,-40.5,149.75,190.25,1,"	751,1018" 
2007-08-01T20:00:00Z,"MOV",2009-02-02T21:00:00Z,Buy,28.21,7.66,8,-164.4,9.9916169065815,-172.64,52.16,222.4,0,"	749,1072" 
2007-08-01T20:00:00Z,"SHOO",2012-08-01T20:00:00Z,Buy,12.506688475187,39.41,18.999964954834,511.16,1.0449042553191,-123.04,618.89,254.41,1,"	753,1766" 
2007-09-04T20:00:00Z,"LRCX",2007-11-01T20:00:00Z,Buy,54.41,48.84,4,-22.28,1.020290881969,-97.4,22.28,30.24,0,"	770,795" 
2007-09-04T20:00:00Z,"MAT",2008-02-01T21:00:00Z,Buy,21.95,21.3,11,-7.15,2.7838260723109,-58.19,84.7,81.73,0,"	771,839" 
2007-09-04T20:00:00Z,"ASTE",2008-03-03T21:00:00Z,Buy,53.05,37.43,10,-156.2,6.515915563918,-261,68.7,329.7,0,"	766,848" 
2007-09-04T20:00:00Z,"HSII",2008-03-03T21:00:00Z,Buy,43.6,36.1,14,-105,11.694173368775,-266.56,0,266.56,0,"	768,854" 
2007-09-04T20:00:00Z,"LII",2008-05-01T20:00:00Z,Buy,35.79,33.59,17,-37.4,2.1706461017424,-88.91,97.24,155.72,0,"	769,900" 
2007-09-04T20:00:00Z,"MLR",2008-05-01T20:00:00Z,Buy,17.72,11,26,-174.72,17.041903169238,-227.5,7.8,235.3,0,"	772,901" 
2007-09-04T20:00:00Z,"RSC",2008-07-01T20:00:00Z,Buy,19.2,11.14,28,-225.68,2.933129641125,-225.68,97.16,322.84,0,"	773,956" 
2007-09-04T20:00:00Z,"AZZ",2008-08-01T20:00:00Z,Buy,28.63,46.14,13,227.63,11.601731218794,-46.41,241.02,157.69,1,"	767,963" 
2007-10-01T20:00:00Z,"KELYA",2007-11-01T20:00:00Z,Buy,21.35,20.4,11,-10.45,1.0592756183746,-16.94,84.37,27.61,0,"	784,793" 
2007-10-01T20:00:00Z,"HUBG",2007-12-03T21:00:00Z,Buy,29.9,25.95,7,-27.65,1.2709469529335,-180.55,63.42,67.9,0,"	783,807" 
2007-10-01T20:00:00Z,"AGYS",2008-01-02T21:00:00Z,Buy,18.1,14.65,12,-41.4,2.3629083307748,-65.04,64.32,70.2,0,"	787,827" 
2007-10-01T20:00:00Z,"BRKS",2008-04-01T20:00:00Z,Buy,14.8,10.28,15,-67.8,1.0779494382022,-81,77.4,84.15,0,"	782,876" 
2007-10-01T20:00:00Z,"MCRI",2008-04-01T20:00:00Z,Buy,29.01,18.62,16,-166.24,10.350290250501,-207.84,35.68,243.52,0,"	785,878" 
2007-10-01T20:00:00Z,"ARW",2008-06-02T20:00:00Z,Buy,42.86,30.08,19,-242.82,6.6114068161623,-305.9,27.17,333.07,0,"	781,925" 
2007-10-01T20:00:00Z,"PETS",2008-11-03T21:00:00Z,Buy,14.45,18.25,17,64.6,8.8285612461995,-60.52,64.6,65.62,1,"	786,1015" 
2007-10-01T20:00:00Z,"VLGEA",2008-11-03T21:00:00Z,Buy,52.12,50.26,6,-11.16,12.592915273317,-87.18,23.88,111.06,0,"	788,1022" 
2007-10-01T20:00:00Z,"PETS",2009-12-01T21:00:00Z,Buy,14.45,16.48,31,62.93,1.4441262061575,-110.36,163.99,177.94,1,"	786,1239" 
2007-10-01T20:00:00Z,"VLGEA",2010-02-01T21:00:00Z,Buy,26.06,26.13,14,0.98,3.3923648776166,-101.71,91.7,129.57,1,"	788,1277" 
2007-11-01T20:00:00Z,"RGR",2007-12-03T21:00:00Z,Buy,8.62,8.77,30,4.5,3.958929282845,-36.6,39.9,36.6,1,"	801,809" 
2007-11-01T20:00:00Z,"UCTT",2007-12-03T21:00:00Z,Buy,12.52,13.8,16,20.48,1.0780062305296,-0.96,64.96,14.08,1,"	804,812" 
2007-11-01T20:00:00Z,"WDC",2008-01-02T21:00:00Z,Buy,25.95,28.59,7,18.48,6.7852196836175,-5.95,38.78,26.95,1,"	805,828" 
2007-11-01T20:00:00Z,"FARO",2008-03-03T21:00:00Z,Buy,29.79,32.31,13,32.76,2.13145460351,-123.24,57.46,134.03,1,"	798,852" 
2007-11-01T20:00:00Z,"HHGP",2008-04-01T20:00:00Z,Buy,10.52,8.96,18,-28.08,2.496041171025,-77.04,218.88,77.04,0,"	800,877" 
2007-11-01T20:00:00Z,"GRP",2008-04-22T04:00:00Z,Buy,49.26,57.12,13,102.18,4.2105670427455,-51.74,102.18,143.26,1,"	799,891" 
2007-11-01T20:00:00Z,"KFRC",2008-05-01T20:00:00Z,Buy,11.79,8.44,17,-56.95,2.0201395873806,-67.83,88.23,72.42,0,"	802,906" 
2007-11-01T20:00:00Z,"SAFM",2008-06-02T20:00:00Z,Buy,33.36,48.98,6.0000044999978,93.72,1.086275862069,-86.72,129.84,25.32,1,"	803,934" 
2007-11-01T20:00:00Z,"WDC",2008-06-02T20:00:00Z,Buy,25.95,37.07,7,77.84,1.0346171291355,-17.57,80.71,56.35,1,"	805,937" 
2007-11-01T20:00:00Z,"SAFM",2008-09-02T20:00:00Z,Buy,33.36,34.96,11,17.6,1.2095082878121,-158.99,238.04,186.67,1,"	803,977" 
2007-11-01T20:00:00Z,"WDC",2009-08-03T20:00:00Z,Buy,25.95,31.34,7,37.73,1.0362611570248,-112.14,98.14,210.28,1,"	805,1178" 
2007-11-01T20:00:00Z,"WDC",2010-11-01T20:00:00Z,Buy,25.95,32.62,5,33.35,3.3388402597303,-80.1,102.6,150.2,1,"	805,1428" 
2007-11-01T20:00:00Z,"SAFM",2011-03-01T21:00:00Z,Buy,33.36,41.36,0.99999550000225,8,4.1361397465143,-14.45,21.64,16.97,1,"	803,1486" 
2007-11-01T20:00:00Z,"COLM",2011-05-02T20:00:00Z,Buy,46.46,66.97,5,102.55,1.0238256410256,-106.2,119.6,132.5,1,"	797,1520" 
2007-12-03T21:00:00Z,"LNDC",2008-03-03T21:00:00Z,Buy,12.66,9.53,39,-122.07,3.926319300456,-145.08,46.41,191.49,0,"	816,855" 
2007-12-03T21:00:00Z,"AMED",2008-05-01T20:00:00Z,Buy,44.2,52.34,15,122.1,3.2270063994772,-108.6,122.1,183.45,1,"	813,892" 
2007-12-03T21:00:00Z,"LRW",2008-05-01T20:00:00Z,Buy,15.06,12.67,14,-33.46,2.9640000673969,-49.56,120.68,66.78,0,"	815,899" 
2007-12-03T21:00:00Z,"NVTL",2008-06-02T20:00:00Z,Buy,15.32,10.19,25,-128.25,8.1197702270728,-189,46.75,235.75,0,"	818,933" 
2007-12-03T21:00:00Z,"FCX",2008-11-03T21:00:00Z,Buy,96.67,28.88,5,-338.95,4.3381429351845,-364.3,146.25,510.55,0,"	814,1007" 
2007-12-03T21:00:00Z,"LXU",2008-11-03T21:00:00Z,Buy,22.49,8.39,19,-267.9,2.1912395117657,-288.42,107.54,395.96,0,"	817,1012" 
2007-12-03T21:00:00Z,"SNHY",2008-11-03T21:00:00Z,Buy,28.65,20.13,12,-102.24,6.9700956118383,-141.96,160.92,302.88,0,"	820,1019" 
2007-12-03T21:00:00Z,"RS",2009-02-02T21:00:00Z,Buy,51.33,22.21,4,-116.48,2.0605389080143,-154.68,107.16,261.84,0,"	819,1074" 
2008-01-02T21:00:00Z,"MTRX",2008-03-03T21:00:00Z,Buy,21.83,19.76,17,-35.19,3.6700441111055,-79.39,2.38,81.77,0,"	833,856" 
2008-01-02T21:00:00Z,"MYE",2008-03-03T21:00:00Z,Buy,14.28,12.2,28,-58.24,2.276686440678,-113.96,9.52,113.96,0,"	834,857" 
2008-01-02T21:00:00Z,"AEIS",2008-04-01T20:00:00Z,Buy,12.76,13.68,17,15.64,3.0225205441246,-48.96,219.64,48.96,1,"	830,874" 
2008-01-02T21:00:00Z,"ZEUS",2008-04-01T20:00:00Z,Buy,32.2,45.94,5,68.7,8.3346745825316,-14.35,68.7,21.75,1,"	837,882" 
2008-01-02T21:00:00Z,"FLO",2008-06-02T20:00:00Z,Buy,22.9,27.91,36,180.36,4.6629494436931,-40.32,218.88,94.32,1,"	832,929" 
2008-01-02T21:00:00Z,"UEIC",2008-06-02T20:00:00Z,Buy,34.2,24.91,15,-139.35,9.0763128983339,-231.3,0,231.3,0,"	836,935" 
2008-01-02T21:00:00Z,"ZEUS",2008-07-01T20:00:00Z,Buy,32.2,70.47,5,191.35,1.0232053477345,-14.35,218.6,27.25,1,"	837,959" 
2008-01-02T21:00:00Z,"PH",2008-11-03T21:00:00Z,Buy,71.29,39.25,11,-352.44,5.0282141824512,-404.03,158.29,562.32,0,"	835,1016" 
2008-01-02T21:00:00Z,"ZEUS",2009-06-01T20:00:00Z,Buy,32.2,19.69,6,-75.06,1.0319989165764,-128.7,262.32,391.02,0,"	837,1156" 
2008-01-02T21:00:00Z,"DLTR",2010-02-01T21:00:00Z,Buy,25.31,49.97,8,197.28,2.121096653025,-32.08,208.16,82.08,1,"	831,1271" 
2008-02-01T21:00:00Z,"BW",2008-03-03T21:00:00Z,Buy,30.31,26.82,9,-31.41,1.0476405867971,-46.89,252.81,50.13,0,"	842,850" 
2008-02-01T21:00:00Z,"TWIN",2008-03-03T21:00:00Z,Buy,16.67,20.11,22,75.68,4.2579784342659,-15.62,102.08,26.4,1,"	846,859" 
2008-02-01T21:00:00Z,"OXY",2008-05-01T20:00:00Z,Buy,69.19,81.02,9,106.47,4.6483824153255,-39.96,159.21,100.44,1,"	845,903" 
2008-02-01T21:00:00Z,"IVAC",2008-06-02T20:00:00Z,Buy,11.44,12.16,21,15.12,3.1510849849947,-27.3,401.73,125.16,1,"	843,931" 
2008-02-01T21:00:00Z,"MEI",2009-02-02T21:00:00Z,Buy,12.91,4.9,29,-232.29,4.9540608315156,-240.12,14.79,254.91,0,"	844,1071" 
2008-02-01T21:00:00Z,"WMK",2013-03-01T21:00:00Z,Buy,38.32,40.96,4,10.56,1.34078249901,-60.12,31.36,65.24,1,"	847,1898" 
2008-02-01T21:00:00Z,"WMK",2013-07-01T20:00:00Z,Buy,38.32,45.44,2,14.24,9.5087163125541,-30.06,17.2,32.62,1,"	847,1996" 
2008-03-03T21:00:00Z,"MCRI",2008-04-01T20:00:00Z,Buy,16.29,18.62,14,32.62,3.8604053682861,-3.78,209.3,15.54,1,"	866,878" 
2008-03-03T21:00:00Z,"USMO",2008-04-01T20:00:00Z,Buy,10.42,7.45,25,-74.25,3.4615673387905,-91.25,443,101.75,0,"	870,881" 
2008-03-03T21:00:00Z,"KAMN",2008-05-01T20:00:00Z,Buy,23.57,27.67,23,94.3,8.5405668810506,-1.15,142.14,61.18,1,"	865,898" 
2008-03-03T21:00:00Z,"TDY",2008-05-01T20:00:00Z,Buy,45.04,59.55,6,87.06,6.3206186384739,-5.16,87.06,10.44,1,"	869,907" 
2008-03-03T21:00:00Z,"WERN",2008-05-01T20:00:00Z,Buy,17.99,20.8,37,103.97,13.191470743087,-35.89,103.97,66.6,1,"	871,909" 
2008-03-03T21:00:00Z,"CROX",2008-06-02T20:00:00Z,Buy,23,10.03,12,-155.64,3.2547419521747,-159.84,0,159.84,0,"	861,927" 
2008-03-03T21:00:00Z,"WGOV",2008-06-02T20:00:00Z,Buy,28.57,39.64,6,66.42,2.1145306679911,-13.74,72.66,18.06,1,"	872,938" 
2008-03-03T21:00:00Z,"ELY",2008-07-01T20:00:00Z,Buy,14.69,11.72,34,-100.98,11.86659424031,-100.98,34.34,135.32,0,"	864,953" 
2008-03-03T21:00:00Z,"CUB",2008-08-01T20:00:00Z,Buy,27.19,26.9,15,-4.35,7.0650393604175,-86.7,48.15,134.85,0,"	862,964" 
2008-03-03T21:00:00Z,"RUSHA",2008-08-01T20:00:00Z,Buy,14.36,11.42,41,-120.54,9.4326073315342,-138.58,111.52,250.1,0,"	868,969" 
2008-03-03T21:00:00Z,"CMTL",2008-10-01T20:00:00Z,Buy,43.1,50.23,14,99.82,15.282459994532,-69.44,112.84,152.46,1,"	860,989" 
2008-03-03T21:00:00Z,"DCO",2008-10-01T20:00:00Z,Buy,27.28,22.9,13,-56.94,10.104458757451,-83.72,78.26,161.98,0,"	863,990" 
2008-03-03T21:00:00Z,"PLPC",2008-10-01T20:00:00Z,Buy,46,56.97,4,43.88,11.964086881731,-33.36,78,66.68,1,"	867,996" 
2008-03-03T21:00:00Z,"WGOV",2009-02-02T21:00:00Z,Buy,28.57,20.24,11,-91.63,4.3405249417054,-126.61,215.16,341.77,0,"	872,1076" 
2008-03-03T21:00:00Z,"TDY",2009-03-02T21:00:00Z,Buy,45.04,22.78,9,-200.34,1.0445889517181,-200.34,181.98,382.32,0,"	869,1091" 
2008-03-03T21:00:00Z,"PLPC",2009-10-01T20:00:00Z,Buy,46,38.89,6,-42.66,3.5065613671137,-106.44,117,223.44,0,"	867,1191" 
2008-04-01T20:00:00Z,"MLR",2008-05-01T20:00:00Z,Buy,10.27,11,24,17.52,1.1281081081081,-31.2,186,20.16,1,"	888,901" 
2008-04-01T20:00:00Z,"PTEN",2008-07-01T20:00:00Z,Buy,26.58,36.02,6,56.64,4.2964405696632,0,57.72,17.52,1,"	889,954" 
2008-04-01T20:00:00Z,"K",2008-09-02T20:00:00Z,Buy,54.13,55.4,4,5.08,3.2230690905844,-24.64,6.28,24.64,1,"	886,976" 
2008-04-01T20:00:00Z,"SCHL",2008-09-02T20:00:00Z,Buy,30.49,27.02,19,-65.93,7.1344817531178,-103.74,16.34,120.08,0,"	890,979" 
2008-04-01T20:00:00Z,"FSTR",2008-11-03T21:00:00Z,Buy,44.97,28.28,8,-133.52,13.371412774621,-196.08,23.92,220,0,"	884,1008" 
2008-04-01T20:00:00Z,"K",2008-11-03T21:00:00Z,Buy,54.13,52.29,5,-9.2,1.0259477967447,-32.3,16.05,48.35,0,"	886,1010" 
2008-04-01T20:00:00Z,"FOSL",2008-12-01T21:00:00Z,Buy,32.2,13.3,14.500008249996,-274.05,1.0790766208251,-294.5,76.42,370.91,0,"	883,1044" 
2008-04-01T20:00:00Z,"LECO",2009-05-01T20:00:00Z,Buy,66.78,43.75,10,-230.3,3.0642591941465,-402.7,195.1,597.8,0,"	887,1128" 
2008-04-01T20:00:00Z,"PTEN",2009-06-01T20:00:00Z,Buy,26.58,15.23,16,-181.6,4.4031210236849,-302.72,153.92,456.64,0,"	889,1153" 
2008-04-01T20:00:00Z,"K",2010-08-02T20:00:00Z,Buy,54.13,50,6,-24.78,1.8322385665264,-109.5,19.26,128.76,0,"	886,1388" 
2008-04-01T20:00:00Z,"FOSL",2010-09-01T20:00:00Z,Buy,32.2,48.8,0.49999175000412,8.3,1.0308275426406,-10.15,8.3,12.79,1,"	883,1396" 
2008-04-01T20:00:00Z,"GPS",2010-12-01T21:00:00Z,Buy,20.37,21.56,32,38.08,3.7489013190436,-347.52,186.88,349.76,1,"	885,1435" 
2008-04-01T20:00:00Z,"K",2011-10-03T20:00:00Z,Buy,54.13,52.88,4,-5,1.0198834367362,-73,13.72,85.84,0,"	886,1609" 
2008-04-01T20:00:00Z,"K",2011-12-01T21:00:00Z,Buy,54.13,48.98,5,-25.75,1.9074347850363,-91.25,17.15,107.3,0,"	886,1644" 
2008-04-01T20:00:00Z,"K",2012-05-01T20:00:00Z,Buy,54.13,50,3,-12.39,1.0197745699031,-54.75,10.29,64.38,0,"	886,1707" 
2008-05-01T20:00:00Z,"DGII",2008-06-02T20:00:00Z,Buy,8.11,8.79,47,31.96,5.1154856360258,-13.63,42.77,20.68,1,"	912,928" 
2008-05-01T20:00:00Z,"GHM",2008-08-01T20:00:00Z,Buy,58.23,101.97,5,218.7,2.0536776645768,-15.7,218.7,75.5,1,"	915,965" 
2008-05-01T20:00:00Z,"OMCL",2008-08-01T20:00:00Z,Buy,12.21,16.04,28,107.24,5.0526548354876,-11.2,127.12,63.56,1,"	921,967" 
2008-05-01T20:00:00Z,"SAM",2008-09-02T20:00:00Z,Buy,45.74,44.83,9,-8.19,5.4703062449982,-66.69,11.97,68.94,0,"	923,978" 
2008-05-01T20:00:00Z,"LG",2008-10-01T20:00:00Z,Buy,38.25,50.68,11,136.73,11.938638962226,-1.21,136.73,57.42,1,"	918,992" 
2008-05-01T20:00:00Z,"LYTS",2008-10-01T20:00:00Z,Buy,10.98,7.87,35,-108.85,6.9993960917558,-123.55,1.4,124.95,0,"	919,993" 
2008-05-01T20:00:00Z,"LG",2008-11-03T21:00:00Z,Buy,38.25,54.58,5,81.65,1.0262555320377,-0.55,81.65,58.25,1,"	918,1011" 
2008-05-01T20:00:00Z,"PLXS",2008-11-03T21:00:00Z,Buy,25.07,18.9,18,-111.06,7.8040169470695,-201.24,100.98,302.22,0,"	922,1017" 
2008-05-01T20:00:00Z,"NEU",2008-12-01T21:00:00Z,Buy,63.59,29.22,7,-240.59,2.0650135294666,-271.53,120.19,391.72,0,"	913,1043" 
2008-05-01T20:00:00Z,"AAON",2009-01-02T21:00:00Z,Buy,19.08,20.88,10,18,6.6259477071748,-61.6,38.4,100,1,"	910,1059" 
2008-05-01T20:00:00Z,"HRL",2009-01-02T21:00:00Z,Buy,40.09,31.47,34,-293.08,2.3453877277761,-512.72,56.78,569.5,0,"	916,1061" 
2008-05-01T20:00:00Z,"FLXS",2009-02-02T21:00:00Z,Buy,11.15,6.95,53,-222.6,21.329760994856,-236.91,70.49,307.4,0,"	914,1068" 
2008-05-01T20:00:00Z,"TTMI",2009-02-02T21:00:00Z,Buy,14.2,5.69,38,-323.38,8.018544952833,-391.4,46.36,437.76,0,"	924,1075" 
2008-05-01T20:00:00Z,"VIVO",2009-03-02T21:00:00Z,Buy,27.23,18.96,19,-157.13,2.1858489274101,-157.13,75.62,232.75,0,"	917,1089" 
2008-05-01T20:00:00Z,"ANK",2009-07-01T20:00:00Z,Buy,33.25,39.86,12,79.32,2.1569995863781,-231.6,85.44,251.76,1,"	911,1168" 
2008-05-01T20:00:00Z,"LG",2009-07-01T20:00:00Z,Buy,38.25,33.74,9,-40.59,4.1076005331708,-78.48,146.97,225.45,0,"	918,1172" 
2008-05-01T20:00:00Z,"NFLX",2009-11-02T21:00:00Z,Buy,31,53.8,4,91.2,2.0782923143616,-52.24,97.28,60.92,1,"	920,1213" 
2008-05-01T20:00:00Z,"AAON",2009-12-01T21:00:00Z,Buy,19.08,19.03,18,-0.9,1.8480760570087,-110.88,69.12,180,0,"	910,1234" 
2008-05-01T20:00:00Z,"NFLX",2010-04-01T20:00:00Z,Buy,31,75,8,352,1.0406834825061,-104.48,352.48,121.84,1,"	920,1308" 
2008-05-01T20:00:00Z,"ANK",2010-07-01T20:00:00Z,Buy,33.25,40.16,6,41.46,1.0534818401937,-115.8,149.82,125.88,1,"	911,1380" 
2008-06-02T20:00:00Z,"DMLP",2008-07-01T20:00:00Z,Buy,28.3,31.44,13,40.82,8.3242141152958,-9.75,88.27,47.45,1,"	944,952" 
2008-06-02T20:00:00Z,"WERN",2008-08-01T20:00:00Z,Buy,18.85,23.64,9,43.11,6.5121461524929,-9.9,47.25,21.15,1,"	951,970" 
2008-06-02T20:00:00Z,"TNC",2008-09-02T20:00:00Z,Buy,35.16,31.28,6,-23.28,1.0300855675984,-77.73,85.5,65.52,0,"	949,980" 
2008-06-02T20:00:00Z,"USPH",2008-09-02T20:00:00Z,Buy,16.89,19.98,29,89.61,8.2046557506335,-25.23,103.24,60.32,1,"	950,981" 
2008-06-02T20:00:00Z,"PCU",2008-10-01T20:00:00Z,Buy,36.583296934036,18.35,12,-218.8,5.4652597512471,-218.8,11.32,230.12,0,"	948,995" 
2008-06-02T20:00:00Z,"EGY",2009-01-02T21:00:00Z,Buy,7.48,7.5,32,0.64,5.2062608775403,-113.92,43.84,157.76,1,"	945,1060" 
2008-06-02T20:00:00Z,"DAR",2009-02-02T21:00:00Z,Buy,16.41,4.48,30,-357.9,8.8439482276574,-386.4,26.1,412.5,0,"	943,1067" 
2008-06-02T20:00:00Z,"CF",2009-03-02T21:00:00Z,Buy,139.39,58.99,2,-160.8,5.0111844137378,-199.82,60.26,260.08,0,"	942,1086" 
2008-06-02T20:00:00Z,"COP",2009-03-02T21:00:00Z,Buy,92.98,35.15,10,-578.3,3.7731370903403,-578.3,27.9,606.2,0,"	947,1090" 
2008-06-02T20:00:00Z,"ABFS",2009-04-01T20:00:00Z,Buy,35.11,19.17,11,-175.34,5.7416781357568,-209.11,108.02,317.13,0,"	940,1101" 
2008-06-02T20:00:00Z,"APA",2009-04-01T20:00:00Z,Buy,135.81,66.05,4,-279.04,6.8706404799392,-337.72,32.08,369.8,0,"	941,1102" 
2008-06-02T20:00:00Z,"EGY",2009-05-01T20:00:00Z,Buy,7.48,4.7,38,-105.64,2.9605129846108,-135.28,52.06,187.34,0,"	945,1124" 
2008-06-02T20:00:00Z,"USPH",2009-05-01T20:00:00Z,Buy,16.89,11.16,18,-103.14,2.5654252144878,-173.52,64.08,237.6,0,"	950,1132" 
2008-06-02T20:00:00Z,"OXY",2009-06-01T20:00:00Z,Buy,92.58,69.33,7,-162.75,6.1951052241297,-364.21,5.74,369.95,0,"	946,1152" 
2008-06-02T20:00:00Z,"DMLP",2009-11-02T21:00:00Z,Buy,28.3,22.15,19,-116.85,1.0941077817531,-261.63,129.01,390.64,0,"	944,1209" 
2008-06-02T20:00:00Z,"WERN",2009-12-01T21:00:00Z,Buy,18.85,19.02,22,3.74,2.6188056153791,-136.4,167.64,304.04,1,"	951,1242" 
2008-06-02T20:00:00Z,"USPH",2013-06-03T20:00:00Z,Buy,16.89,28.9,29,348.29,1.149128113879,-279.56,348.29,382.8,1,"	950,1970" 
2008-07-01T20:00:00Z,"NPK",2008-10-01T20:00:00Z,Buy,63.93,76.14,3,36.63,5.2354269125393,-8.22,45.69,26.01,1,"	961,994" 
2008-07-01T20:00:00Z,"HCKT",2008-11-03T21:00:00Z,Buy,5.73,2.97,78,-215.28,2.7780118326591,-231.66,68.64,300.3,0,"	960,1003" 
2008-07-01T20:00:00Z,"NPK",2008-12-01T21:00:00Z,Buy,63.93,58.56,4,-21.48,1.0178891095158,-58.52,60.92,119.44,0,"	961,1047" 
2008-07-01T20:00:00Z,"UACL",2009-12-01T21:00:00Z,Buy,22.31,16.13,19,-117.42,7.5549325117165,-224.2,105.26,329.46,0,"	962,1241" 
2008-07-01T20:00:00Z,"NPK",2011-03-01T21:00:00Z,Buy,63.93,125.75,6,370.92,1.8702208311661,-97.62,435,233.52,1,"	961,1485" 
2008-08-01T20:00:00Z,"GPN",2008-10-01T20:00:00Z,Buy,44.65,44.05,17,-10.2,3.5734040010546,-17.85,74.46,92.31,0,"	973,991" 
2008-08-01T20:00:00Z,"PCTI",2009-04-01T20:00:00Z,Buy,10.46,4.47,63,-377.37,11.592985342267,-423.99,0,423.99,0,"	974,1109" 
2008-08-01T20:00:00Z,"SKX",2009-04-01T20:00:00Z,Buy,18.96,6.91,20,-241,4.8835110384969,-273.4,38,311.4,0,"	975,1110" 
2008-08-01T20:00:00Z,"ARLP",2009-06-01T20:00:00Z,Buy,48.69,39.04,12,-115.8,2.1221926351005,-355.08,0,355.08,0,"	971,1144" 
2008-08-01T20:00:00Z,"CRMT",2009-07-01T20:00:00Z,Buy,20.46,21.14,10.500009749995,7.14,1.1335240963855,-138.18,52.5,161.39,1,"	972,1170" 
2008-08-01T20:00:00Z,"CRMT",2011-03-01T21:00:00Z,Buy,20.46,24.26,15.499990250005,58.9,1.1223769168684,-203.98,146.78,238.23,1,"	972,1481" 
2008-09-02T20:00:00Z,"USAP",2009-01-02T21:00:00Z,Buy,32.96,14.97,13,-233.87,10.881687259354,-313.43,30.03,343.46,0,"	984,1063" 
2008-09-02T20:00:00Z,"LDL",2009-02-02T21:00:00Z,Buy,11.46,3.8,36,-275.76,9.8395388170929,-293.4,5.76,299.16,0,"	982,1070" 
2008-09-02T20:00:00Z,"WTI",2009-03-02T21:00:00Z,Buy,33.31,6.73,13,-345.54,2.1161147960766,-345.54,0.91,346.45,0,"	986,1092" 
2008-09-02T20:00:00Z,"LHCG",2009-12-01T21:00:00Z,Buy,29.7,31.9,13,28.6,8.6333921030407,-165.1,82.42,247.52,1,"	983,1238" 
2008-09-02T20:00:00Z,"WDC",2010-11-01T20:00:00Z,Buy,26.34,32.62,8,50.24,1.3328053303174,-131.28,161.04,182.8,1,"	985,1428" 
2008-10-01T20:00:00Z,"SSP",2008-11-03T21:00:00Z,Buy,7.07,4.59,37,-91.76,2.370524822695,-101.75,7.4,109.15,0,"	1001,1020" 
2008-10-01T20:00:00Z,"TTWO",2009-04-01T20:00:00Z,Buy,15.93,8.47,23,-171.58,13.060609873783,-237.13,0,237.13,0,"	1002,1111" 
2008-10-01T20:00:00Z,"GHM",2009-05-01T20:00:00Z,Buy,24.525,12.63,8,-95.16,2.0583863242352,-137,0,137,0,"	997,1125" 
2008-10-01T20:00:00Z,"HAS",2009-05-01T20:00:00Z,Buy,34.36,26.89,20,-149.4,7.6238606431223,-260.8,0,260.8,0,"	998,1127" 
2008-10-01T20:00:00Z,"IIIN",2009-06-01T20:00:00Z,Buy,13,9.08,29,-113.68,10.19311577237,-236.35,0,236.35,0,"	1000,1150" 
2008-10-01T20:00:00Z,"HVT",2010-03-01T21:00:00Z,Buy,11.75,13.49,44,76.56,9.7227460957084,-175.56,96.36,175.56,1,"	999,1288" 
2008-11-03T21:00:00Z,"DXPE",2008-12-01T21:00:00Z,Buy,13.76,11.02,18,-49.32,2.1637900869577,-63.36,3.42,66.78,0,"	1028,1042" 
2008-11-03T21:00:00Z,"HA",2008-12-01T21:00:00Z,Buy,7.25,4.3,51,-150.45,2.5088616071429,-185.64,0.51,186.15,0,"	1029,1045" 
2008-11-03T21:00:00Z,"LZB",2008-12-01T21:00:00Z,Buy,5.3,2.53,51,-141.27,5.8466547048856,-141.27,9.69,150.96,0,"	1034,1046" 
2008-11-03T21:00:00Z,"SRI",2008-12-01T21:00:00Z,Buy,5.67,3.44,56,-124.88,2.4879176201373,-182,0,182,0,"	1037,1048" 
2008-11-03T21:00:00Z,"SYKE",2008-12-01T21:00:00Z,Buy,16.49,16.47,11,-0.22,2.8989910873251,-17.6,29.37,46.97,0,"	1038,1049" 
2008-11-03T21:00:00Z,"HOFT",2009-02-02T21:00:00Z,Buy,9.8,8.09,25,-42.75,2.749226026204,-94.5,368,94.5,0,"	1031,1069" 
2008-11-03T21:00:00Z,"NVR",2009-02-02T21:00:00Z,Buy,499.85,403.99,1,-95.86,9.6780821195319,-160.56,0,160.56,0,"	1035,1073" 
2008-11-03T21:00:00Z,"HRC",2009-03-02T21:00:00Z,Buy,23.52,9.03,27,-391.23,2.264016163184,-391.23,18.63,409.86,0,"	1030,1088" 
2008-11-03T21:00:00Z,"CCRN",2009-04-01T20:00:00Z,Buy,10.38,6.71,43,-157.81,7.2925777930334,-220.59,0,220.59,0,"	1026,1104" 
2008-11-03T21:00:00Z,"LRW",2009-04-01T20:00:00Z,Buy,8.18,8.37,58,11.02,10.371265438274,-125.28,117.16,242.44,1,"	1033,1108" 
2008-11-03T21:00:00Z,"KFRC",2009-05-01T20:00:00Z,Buy,7.95,10.63,61,163.48,11.903056333291,-147.62,187.27,147.62,1,"	1036,1130" 
2008-11-03T21:00:00Z,"HWCC",2009-06-01T20:00:00Z,Buy,11.81,13.16,31,41.85,9.6152086038989,-217.62,41.85,248.31,1,"	1032,1148" 
2008-11-03T21:00:00Z,"CALM",2009-11-02T21:00:00Z,Buy,29.09,27.93,11,-12.76,7.3542788851169,-130.24,14.74,143.33,0,"	1025,1205" 
2008-11-03T21:00:00Z,"UNF",2010-02-01T21:00:00Z,Buy,31.44,50.65,4,76.84,9.3971253648481,-44.8,92.12,45.2,1,"	1039,1276" 
2008-11-03T21:00:00Z,"CPSI",2010-03-01T21:00:00Z,Buy,28.62,36.15,16,120.48,9.7401366552346,-101.92,334.88,217.76,1,"	1027,1286" 
2008-11-03T21:00:00Z,"WSO",2010-03-01T21:00:00Z,Buy,40.06,59.16,10,191,2.1255652767938,-93.1,191,94.4,1,"	1040,1291" 
2008-11-03T21:00:00Z,"SYKE",2010-05-03T20:00:00Z,Buy,16.49,22.51,22,132.44,2.4879728620873,-60.5,222.86,130.9,1,"	1038,1338" 
2008-11-03T21:00:00Z,"UNF",2010-12-01T21:00:00Z,Buy,31.44,52.65,6,127.26,3.0496060933079,-67.2,145.8,103.08,1,"	1039,1442" 
2008-11-03T21:00:00Z,"UNF",2011-02-01T21:00:00Z,Buy,31.44,56.52,7,175.56,4.6657204940934,-78.4,178.85,120.26,1,"	1039,1468" 
2008-12-01T21:00:00Z,"FLXS",2009-02-02T21:00:00Z,Buy,6.91,6.95,30,1.2,3.678045467296,-6.9,167.1,30.3,1,"	1054,1068" 
2008-12-01T21:00:00Z,"CTRN",2009-04-01T20:00:00Z,Buy,11.88,22.96,10,110.8,6.2442970499819,-23.7,110.8,52.1,1,"	1053,1105" 
2008-12-01T21:00:00Z,"FL",2009-05-01T20:00:00Z,Buy,6.06,12.17,19,116.09,5.4696405322295,0,116.09,24.32,1,"	1058,1133" 
2008-12-01T21:00:00Z,"CRK",2009-06-01T20:00:00Z,Buy,36.85,40.83,5,19.9,2.0473194500219,-49.1,64.15,113.25,1,"	1052,1145" 
2008-12-01T21:00:00Z,"GCO",2009-06-01T20:00:00Z,Buy,11.47,25.72,9,128.25,2.1380088775033,0,129.15,53.28,1,"	1055,1147" 
2008-12-01T21:00:00Z,"HWKN",2009-06-01T20:00:00Z,Buy,15.25,21,15,86.25,14.720777688297,-39,93.45,56.1,1,"	1056,1149" 
2008-12-01T21:00:00Z,"GCO",2009-08-03T20:00:00Z,Buy,11.47,22.07,13,137.8,2.064306265384,0,186.55,107.25,1,"	1055,1176" 
2008-12-01T21:00:00Z,"SCVL",2009-09-01T20:00:00Z,Buy,8.35,15.35,18,126,2.2525671804554,-36.36,141.48,98.1,1,"	1057,1184" 
2008-12-01T21:00:00Z,"FL",2009-10-01T20:00:00Z,Buy,6.06,11.53,32,175.04,1.1543765690377,0,208.96,93.12,1,"	1058,1194" 
2008-12-01T21:00:00Z,"CTRN",2010-04-01T20:00:00Z,Buy,11.88,33.1,9,190.98,1.920508659057,-21.33,205.56,84.87,1,"	1053,1304" 
2008-12-01T21:00:00Z,"HWKN",2010-08-02T20:00:00Z,Buy,15.25,32.17,9,152.28,3.9646333898072,-23.4,154.89,54.72,1,"	1056,1387" 
2008-12-01T21:00:00Z,"HWKN",2010-12-01T21:00:00Z,Buy,15.25,43.45,5,141,1.6563194340687,-13,141.4,30.4,1,"	1056,1436" 
2008-12-01T21:00:00Z,"CTR",2011-07-01T20:00:00Z,Buy,12.13,29.34,8.5000127499936,146.29,9.4266246067444,0,148.5,55.85,1,"	1051,1559" 
2008-12-01T21:00:00Z,"HWKN",2011-08-01T20:00:00Z,Buy,15.25,34.73,12,233.76,1.060540383498,-31.2,407.52,186.72,1,"	1056,1578" 
2008-12-01T21:00:00Z,"SCVL",2012-04-02T20:00:00Z,Buy,8.35,32.56,12,290.52,2.0340880596016,-24.24,305.4,156.84,1,"	1057,1694" 
2008-12-01T21:00:00Z,"SCVL",2013-06-03T20:00:00Z,Buy,5.56666945,24.64,10.499994750003,200.27,1.1877429983526,-14.14,200.27,91.49,1,"	1057,1969" 
2008-12-01T21:00:00Z,"CTR",2013-07-01T20:00:00Z,Buy,12.13,25.32,19.499987250006,257.2,1.1927403846154,0,382.59,181.74,1,"	1051,1987" 
2009-01-02T21:00:00Z,"CASY",2009-04-01T20:00:00Z,Buy,22.62,26.5,8,31.04,10.027683994949,-33.84,42.88,38.08,1,"	1064,1103" 
2009-01-02T21:00:00Z,"RHI",2009-05-01T20:00:00Z,Buy,21.31,23.74,23,55.89,5.4217486359094,-158.24,66.47,158.24,1,"	1065,1129" 
2009-01-02T21:00:00Z,"CASY",2010-05-03T20:00:00Z,Buy,22.62,38.42,14,221.2,1.0795651048408,-59.22,236.32,66.64,1,"	1064,1329" 
2009-01-02T21:00:00Z,"TSCO",2010-05-03T20:00:00Z,Buy,36.73,67.93,3,93.6,2.0812308697035,-22.5,100.41,27.03,1,"	1066,1339" 
2009-01-02T21:00:00Z,"TSCO",2011-02-01T21:00:00Z,Buy,18.365,51.68,6,199.89,3.0013754806443,-22.5,207.87,27.69,1,"	1066,1467" 
2009-01-02T21:00:00Z,"TSCO",2011-11-01T20:00:00Z,Buy,18.365,70.99,3,157.88,1.0150105723146,-11.25,166.16,56.46,1,"	1066,1634" 
2009-01-02T21:00:00Z,"TSCO",2012-06-01T20:00:00Z,Buy,18.365,89.59,3,213.68,1.014711001642,-11.25,244.22,56.46,1,"	1066,1739" 
2009-01-02T21:00:00Z,"TSCO",2013-05-01T20:00:00Z,Buy,18.365,105.33,8,695.72,1.0393132406457,-30,749.48,174.32,1,"	1066,1941" 
2009-02-02T21:00:00Z,"CNMD",2009-03-02T21:00:00Z,Buy,15.84,12.3,26,-92.04,10.270041303349,-92.04,47.84,139.88,0,"	1078,1087" 
2009-02-02T21:00:00Z,"CRY",2009-05-01T20:00:00Z,Buy,8.51,5.48,37,-112.11,5.95605021271,-166.87,8.51,175.38,0,"	1079,1123" 
2009-02-02T21:00:00Z,"STMP",2009-06-01T20:00:00Z,Buy,8.45,9.19,50,37,10.05668623247,-26.5,84,95.5,1,"	1084,1154" 
2009-02-02T21:00:00Z,"OFLX",2009-09-01T20:00:00Z,Buy,17.39,17.16,14,-3.22,5.3469167642528,-89.46,36.82,126.28,0,"	1083,1183" 
2009-02-02T21:00:00Z,"ASTE",2009-10-01T20:00:00Z,Buy,24.69,24.28,13,-5.33,5.1155470402104,-58.63,111.8,125.19,0,"	1077,1187" 
2009-02-02T21:00:00Z,"ICFI",2010-01-04T21:00:00Z,Buy,24.45,27.21,22,60.72,5.2910371953087,-66,129.14,136.4,1,"	1081,1255" 
2009-02-02T21:00:00Z,"JJSF",2010-02-01T21:00:00Z,Buy,35.44,41.46,16,96.32,6.2176297204423,-83.52,140.48,129.92,1,"	1082,1273" 
2009-02-02T21:00:00Z,"FIZ",2010-09-01T20:00:00Z,Buy,9.41,14.98,13.000118079941,72.41,5.9818490580112,-47.58,72.41,45.24,1,"	1080,1395" 
2009-02-02T21:00:00Z,"FIZ",2011-07-01T20:00:00Z,Buy,9.41,14.63,20.999881920059,109.62,4.5840912908075,-76.86,121.59,73.08,1,"	1080,1560" 
2009-03-02T21:00:00Z,"EBF",2009-06-01T20:00:00Z,Buy,7.73,11.42,41,151.29,9.2239067575094,-29.52,151.29,66.83,1,"	1095,1146" 
2009-03-02T21:00:00Z,"AMED",2009-08-03T20:00:00Z,Buy,28.98,44.8,10,158.2,4.8552349944694,-30.7,158.2,89.2,1,"	1093,1175" 
2009-03-02T21:00:00Z,"NVEC",2009-08-03T20:00:00Z,Buy,27.17,55.45,5,141.4,4.8034577717972,0,146.5,37,1,"	1100,1177" 
2009-03-02T21:00:00Z,"MYGN",2009-11-02T21:00:00Z,Buy,37.81,24.77,10,-130.4,5.9511624824767,-138,81.9,219.9,0,"	1099,1211" 
2009-03-02T21:00:00Z,"CNC",2009-12-01T21:00:00Z,Buy,16.05,19.27,23,74.06,2.2263871681098,-22.08,102.35,80.04,1,"	1094,1237" 
2009-03-02T21:00:00Z,"MSM",2010-01-04T21:00:00Z,Buy,28.69,47.53,15,282.6,5.0291458744508,-18.9,295.5,114.3,1,"	1097,1257" 
2009-03-02T21:00:00Z,"JCOM",2010-02-01T21:00:00Z,Buy,17.99,20.87,18,51.84,3.6075410331261,-14.4,122.58,105.12,1,"	1096,1272" 
2009-03-02T21:00:00Z,"NVEC",2010-02-01T21:00:00Z,Buy,27.17,41.05,6,83.28,1.0295323741007,0,213.96,156.54,1,"	1100,1275" 
2009-03-02T21:00:00Z,"MTSC",2010-03-01T21:00:00Z,Buy,21.55,27.92,18,114.66,8.9984026116309,-30.6,156.78,97.02,1,"	1098,1290" 
2009-04-01T20:00:00Z,"FSYS",2009-06-01T20:00:00Z,Buy,14.44,22.74,15,124.5,6.4111181118502,-18.15,125.7,72.45,1,"	1117,1151" 
2009-04-01T20:00:00Z,"CMTL",2009-07-01T20:00:00Z,Buy,25.14,32.55,13,96.33,4.0083035624869,0,119.86,100.23,1,"	1114,1169" 
2009-04-01T20:00:00Z,"CODI",2009-10-01T20:00:00Z,Buy,9.21,10.3,31,33.79,12.631109091985,-45.26,54.87,74.71,1,"	1115,1188" 
2009-04-01T20:00:00Z,"CSGS",2009-11-02T21:00:00Z,Buy,14.36,15.98,32,51.84,9.1998962328092,-46.08,82.24,79.68,1,"	1116,1208" 
2009-04-01T20:00:00Z,"NATH",2009-11-02T21:00:00Z,Buy,12.5,14.62,43,91.16,14.766130444625,-19.35,103.2,122.55,1,"	1120,1212" 
2009-04-01T20:00:00Z,"CAI",2010-01-04T21:00:00Z,Buy,36.06,49.58,15,202.8,8.209815597902,-19.5,204.3,59.55,1,"	1113,1253" 
2009-04-01T20:00:00Z,"WIRE",2010-01-04T21:00:00Z,Buy,21.98,21.26,18,-12.96,7.2041078007995,-45.18,41.4,79.2,0,"	1121,1259" 
2009-04-01T20:00:00Z,"MLAB",2010-02-01T21:00:00Z,Buy,16.6,27.2,27,286.2,10.76567482786,0,334.8,61.29,1,"	1119,1274" 
2009-04-01T20:00:00Z,"LEG",2010-04-01T20:00:00Z,Buy,13.27,21.67,33,277.2,7.5493964818906,-4.62,280.83,96.69,1,"	1118,1306" 
2009-04-01T20:00:00Z,"APU",2010-06-01T20:00:00Z,Buy,28.4,38.96,6,63.36,4.5494679860745,0,86.94,33.48,1,"	1112,1361" 
2009-04-01T20:00:00Z,"APU",2011-07-01T20:00:00Z,Buy,28.4,45.73,10,173.3,1.1523317788141,0,230.1,86.6,1,"	1112,1558" 
2009-05-01T20:00:00Z,"ULBI",2009-06-01T20:00:00Z,Buy,7.39,7.03,40,-14.4,12.976419829567,-21.6,20.4,42,0,"	1141,1155" 
2009-05-01T20:00:00Z,"KIRK",2009-07-01T20:00:00Z,Buy,6.71,11.21,26,117,11.292142757874,-25.22,137.8,30.94,1,"	1137,1171" 
2009-05-01T20:00:00Z,"LG",2009-07-01T20:00:00Z,Buy,35.59,33.74,9,-16.65,1.0461408815903,-54.54,170.91,54.54,0,"	1138,1172" 
2009-05-01T20:00:00Z,"LINC",2009-10-01T20:00:00Z,Buy,15.74,22.46,9,60.48,4.129308540996,-11.25,69.84,32.22,1,"	1139,1190" 
2009-05-01T20:00:00Z,"USNA",2009-10-01T20:00:00Z,Buy,24.1,34.06,13,129.48,13.193495555915,0,146.38,63.44,1,"	1142,1192" 
2009-05-01T20:00:00Z,"CHE",2009-11-02T21:00:00Z,Buy,42.32,44.44,14,29.68,5.8975871752237,-77.84,77.7,77.84,1,"	1135,1206" 
2009-05-01T20:00:00Z,"PLCE",2009-11-02T21:00:00Z,Buy,28.9,32.53,13,47.19,5.0899540566489,-52.52,102.57,155.09,1,"	1140,1214" 
2009-05-01T20:00:00Z,"XOM",2009-11-02T21:00:00Z,Buy,67.93,72.15,3,12.66,1.015230941704,-55.44,81.36,26.79,1,"	1143,1217" 
2009-05-01T20:00:00Z,"AZZ",2010-05-03T20:00:00Z,Buy,31.67,41.52,11,108.35,2.1431809816302,-31.46,124.74,150.37,1,"	1134,1328" 
2009-05-01T20:00:00Z,"DGIT",2010-05-03T20:00:00Z,Buy,21.99,36.46,6,86.82,4.1964337702345,-31.74,95.28,40.26,1,"	1136,1331" 
2009-05-01T20:00:00Z,"DGIT",2011-01-03T21:00:00Z,Buy,21.99,29.59,13,98.8,2.172824754567,-89.44,283.53,372.97,1,"	1136,1447" 
2009-05-01T20:00:00Z,"KIRK",2011-01-03T21:00:00Z,Buy,6.71,14.06,26,191.1,1.1302779757662,-25.22,463.32,357.24,1,"	1137,1450" 
2009-05-01T20:00:00Z,"LINC",2012-04-02T20:00:00Z,Buy,15.74,7.91,18,-140.94,2.6962127728322,-159.3,222.48,381.78,0,"	1139,1693" 
2009-06-01T20:00:00Z,"TESS",2009-09-01T20:00:00Z,Buy,10.96,16,12.499962897465,63,3.9802399075583,-23.5,255,23.25,1,"	1165,1185" 
2009-06-01T20:00:00Z,"ALGN",2009-11-02T21:00:00Z,Buy,12.55,16.05,13,45.5,4.0866721880393,-42.64,66.95,44.72,1,"	1157,1203" 
2009-06-01T20:00:00Z,"SGC",2009-11-02T21:00:00Z,Buy,7.55,8.9,41,55.35,20.13618189584,-54.94,83.23,88.56,1,"	1164,1215" 
2009-06-01T20:00:00Z,"USAK",2009-11-02T21:00:00Z,Buy,14.32,11.19,41,-128.33,10.195451805157,-128.33,41.82,170.15,0,"	1166,1216" 
2009-06-01T20:00:00Z,"AIT",2009-12-01T21:00:00Z,Buy,22.14,20.88,19.249965316227,-24.25,1.111925854598,-256.28,253.52,85.85,0,"	1158,1235" 
2009-06-01T20:00:00Z,"CECO",2009-12-01T21:00:00Z,Buy,20.35,25.63,20,105.6,3.9410597499793,0,113.6,96.4,1,"	1159,1236" 
2009-06-01T20:00:00Z,"RHI",2009-12-01T21:00:00Z,Buy,22.61,22.75,20,2.8,3.4055435755795,-41.4,103.2,111.6,1,"	1163,1240" 
2009-06-01T20:00:00Z,"ICUI",2010-01-04T21:00:00Z,Buy,36.99,36.73,15,-3.9,4.252202898407,-62.4,104.4,166.8,0,"	1162,1256" 
2009-06-01T20:00:00Z,"ALGN",2010-05-03T20:00:00Z,Buy,12.55,17.4,18,87.3,4.6545564461983,-59.04,142.02,69.84,1,"	1157,1327" 
2009-06-01T20:00:00Z,"USMO",2010-05-03T20:00:00Z,Buy,11.34,14.23,39,112.71,9.4552018628442,-53.04,117,149.76,1,"	1167,1342" 
2009-06-01T20:00:00Z,"GWW",2010-08-02T20:00:00Z,Buy,82.88,114.16,2,62.56,3.3801162385418,-9.7,65.42,36.6,1,"	1161,1385" 
2009-06-01T20:00:00Z,"TESS",2011-02-01T21:00:00Z,Buy,7.30667032,12.44,29,148.87,1.1565798611111,-36.35,394.4,254.23,1,"	1165,1466" 
2009-06-01T20:00:00Z,"SNS",2011-04-01T20:00:00Z,Buy,182.8,408.81,1,226.01,4.694899828367,-29.2,276.97,149.92,1,"	1160,1497" 
2009-06-01T20:00:00Z,"GWW",2011-09-01T20:00:00Z,Buy,82.88,150.96,2,136.16,3.1190710105319,-9.7,155.8,69.34,1,"	1161,1592" 
2009-06-01T20:00:00Z,"AIT",2011-11-01T20:00:00Z,Buy,22.14,32.9,1.7500346837733,18.83,2.4874624673321,-23.3,25.01,19.34,1,"	1158,1625" 
2009-06-01T20:00:00Z,"GWW",2012-03-01T21:00:00Z,Buy,82.88,207.82,1,124.94,1.189898712485,-4.85,127.3,34.67,1,"	1161,1681" 
2009-06-01T20:00:00Z,"GWW",2012-08-01T20:00:00Z,Buy,82.88,203.01,2,240.26,3.7755933946603,-9.7,274.04,85.6,1,"	1161,1762" 
2009-06-01T20:00:00Z,"GWW",2013-01-02T21:00:00Z,Buy,82.88,207.73,1,124.85,1.6832159496345,-4.85,137.02,42.8,1,"	1161,1854" 
2009-06-01T20:00:00Z,"SNS",2014-04-01T20:00:00Z,Buy,182.8,488.1,0.75,228.98,2.2225838861552,-21.9,244.18,112.44,1,"	1160,2197" 
2009-07-01T20:00:00Z,"SIF",2010-05-03T20:00:00Z,Buy,10.57,13.95,33,111.54,5.5387206844091,-40.59,218.79,130.35,1,"	1174,1337" 
2009-07-01T20:00:00Z,"CORE",2011-06-01T20:00:00Z,Buy,26.88,34.83,17,135.15,5.5970031230907,-22.61,171.7,147.9,1,"	1173,1546" 
2009-08-03T20:00:00Z,"CVX",2009-11-02T21:00:00Z,Buy,70.4,76.64,3,18.72,1.0152008061034,-59.85,98.01,13.5,1,"	1179,1207" 
2009-08-03T20:00:00Z,"RGR",2010-05-03T20:00:00Z,Buy,11.87,17.23,30,160.8,2.2974287482727,-65.1,170.4,123.3,1,"	1181,1335" 
2009-08-03T20:00:00Z,"TTEC",2010-05-03T20:00:00Z,Buy,16.01,16.87,23,19.78,3.6587418220683,0,110.17,97.75,1,"	1182,1340" 
2009-08-03T20:00:00Z,"RBIN",2010-08-02T20:00:00Z,Buy,15.93,23.51,10,75.8,5.6509153302191,-32,96.5,75.4,1,"	1180,1389" 
2009-08-03T20:00:00Z,"RBIN",2010-11-01T20:00:00Z,Buy,15.93,37.21,3,63.84,1.0305919429981,-9.6,63.84,22.62,1,"	1180,1426" 
2009-09-01T20:00:00Z,"DISCA",2011-05-02T20:00:00Z,Buy,25.54,44.65,19,363.09,4.5686525458919,0,369.17,121.79,1,"	1186,1521" 
2009-10-01T20:00:00Z,"ALGT",2009-11-02T21:00:00Z,Buy,36.7,38.9,10,22,2.099753204928,-11.7,47.5,55.6,1,"	1195,1204" 
2009-10-01T20:00:00Z,"CALM",2009-11-02T21:00:00Z,Buy,25.93,27.93,8,16,1.0387448636533,-69.44,36,5.36,1,"	1196,1205" 
2009-10-01T20:00:00Z,"EBS",2009-11-02T21:00:00Z,Buy,16.94,14.59,20,-47,7.0019112938331,-56.8,17.2,74,0,"	1197,1210" 
2009-10-01T20:00:00Z,"SCHN",2010-01-04T21:00:00Z,Buy,51.67,50,4.4999853299919,-7.51,1.0242582159624,-200.71,283.18,62.14,0,"	1201,1258" 
2009-10-01T20:00:00Z,"PLUS",2010-03-01T21:00:00Z,Buy,15.36,16.5,41,46.74,7.5840779990607,-13.94,56.58,49.2,1,"	1199,1289" 
2009-10-01T20:00:00Z,"TSRA",2010-06-01T20:00:00Z,Buy,26.28,16.87,12,-112.92,5.5272145687359,-114,58.92,172.92,0,"	1202,1367" 
2009-10-01T20:00:00Z,"PRFT",2010-09-01T20:00:00Z,Buy,7.92,9.1,43,50.74,4.9023983041712,-2.58,218.01,205.54,1,"	1200,1399" 
2009-10-01T20:00:00Z,"LANC",2011-02-01T21:00:00Z,Buy,50.18,56.29,13,79.43,5.1659302846643,-61.23,142.87,204.1,1,"	1198,1462" 
2009-11-02T21:00:00Z,"VLGEA",2010-02-01T21:00:00Z,Buy,30.32,26.13,7,-29.33,1.5591348106663,-80.68,16.03,35.7,0,"	1233,1277" 
2009-11-02T21:00:00Z,"EGN",2010-03-01T21:00:00Z,Buy,43.48,46.68,12,38.4,5.5749645106422,-16.8,68.16,84.96,1,"	1223,1287" 
2009-11-02T21:00:00Z,"ARKR",2010-04-01T20:00:00Z,Buy,12.8,13.35,30,16.5,8.8455310019734,-3,71.4,62.4,1,"	1221,1302" 
2009-11-02T21:00:00Z,"AN",2010-04-01T20:00:00Z,Buy,17.56,18.16,24,14.4,2.2427583516416,-2.88,75.12,74.4,1,"	1229,1309" 
2009-11-02T21:00:00Z,"AAWW",2010-05-03T20:00:00Z,Buy,25.08,55.95,9,277.83,2.088482516032,0,304.11,34.92,1,"	1218,1326" 
2009-11-02T21:00:00Z,"CVI",2010-05-03T20:00:00Z,Buy,10.34,8.47,26,-48.62,2.3771867372485,-98.54,12.74,111.28,0,"	1222,1330" 
2009-11-02T21:00:00Z,"LXU",2010-05-03T20:00:00Z,Buy,12.34,18.65,32,201.92,5.4151453345162,-48.96,201.92,87.36,1,"	1227,1333" 
2009-11-02T21:00:00Z,"SNX",2010-06-01T20:00:00Z,Buy,25.35,25.77,17,7.14,4.0467791167784,-2.21,114.58,107.44,1,"	1232,1366" 
2009-11-02T21:00:00Z,"APOG",2010-08-02T20:00:00Z,Buy,12.9,11.12,29,-51.62,7.1976488688238,-66.41,111.94,178.35,0,"	1219,1384" 
2009-11-02T21:00:00Z,"FOSL",2010-09-01T20:00:00Z,Buy,27.07,48.8,5.5000082499959,119.52,1.0810175832398,-83.49,119.52,49.28,1,"	1224,1396" 
2009-11-02T21:00:00Z,"HHS",2010-09-01T20:00:00Z,Buy,11.42,10.42,32,-32,2.6566683695821,-57.92,126.4,176,0,"	1225,1397" 
2009-11-02T21:00:00Z,"RS",2010-10-01T20:00:00Z,Buy,36.42,42.19,9,51.93,3.7272100443568,-9.63,166.86,176.49,1,"	1230,1411" 
2009-11-02T21:00:00Z,"SCL",2010-11-01T20:00:00Z,Buy,56.15,67.53,7,79.66,7.1252367763565,-62.93,161.84,174.16,1,"	1231,1427" 
2009-11-02T21:00:00Z,"POWL",2010-12-01T21:00:00Z,Buy,36.05,36.17,11,1.32,5.5252456436036,-104.61,11.55,116.16,1,"	1228,1440" 
2009-11-02T21:00:00Z,"FOSL",2011-04-01T20:00:00Z,Buy,27.07,93.61,3,199.62,1.014993593166,-45.54,199.74,26.88,1,"	1224,1498" 
2009-11-02T21:00:00Z,"APU",2011-07-01T20:00:00Z,Buy,37.04,45.73,6,52.14,1.6799399798774,-51.84,86.22,51.96,1,"	1220,1558" 
2009-11-02T21:00:00Z,"FOSL",2011-07-01T20:00:00Z,Buy,27.07,121.96,2,189.78,1.0103601766905,-30.36,189.78,17.92,1,"	1224,1561" 
2009-11-02T21:00:00Z,"K",2012-05-01T20:00:00Z,Buy,51.75,50,1,-1.75,1.0200814901048,-15.87,5.81,9.31,0,"	1226,1707" 
2009-11-02T21:00:00Z,"FOSL",2012-07-02T20:00:00Z,Buy,27.07,74.88,5,239.05,3.6128075901602,-75.9,556.15,344.1,1,"	1224,1751" 
2009-11-02T21:00:00Z,"K",2012-10-01T20:00:00Z,Buy,51.75,51.93,3,0.54,3.1405834802897,-47.61,17.43,33.15,1,"	1226,1794" 
2009-12-01T21:00:00Z,"CENT",2010-01-04T21:00:00Z,Buy,9.15,10.65,43,64.5,2.439597391323,0,86,21.5,1,"	1244,1254" 
2009-12-01T21:00:00Z,"WIRE",2010-01-04T21:00:00Z,Buy,20.07,21.26,11,13.09,2.0629890788514,-6.6,46.31,13.42,1,"	1252,1259" 
2009-12-01T21:00:00Z,"DPZ",2010-04-01T20:00:00Z,Buy,7.75,13.78,17,102.51,4.3172353138993,-3.06,109.48,14.28,1,"	1245,1305" 
2009-12-01T21:00:00Z,"DPZ",2010-05-03T20:00:00Z,Buy,7.75,16.06,38,315.78,1.5736876632774,-6.84,319.58,31.92,1,"	1245,1332" 
2009-12-01T21:00:00Z,"OTL",2010-05-03T20:00:00Z,Buy,9.38,13.92,30,136.2,6.4251482717721,-20.7,156.3,98.4,1,"	1251,1334" 
2009-12-01T21:00:00Z,"GTLS",2010-06-01T20:00:00Z,Buy,16.91,16.96,18,0.9,6.6390772792255,-22.32,166.68,165.78,1,"	1247,1364" 
2009-12-01T21:00:00Z,"BGFV",2010-09-01T20:00:00Z,Buy,16.73,12.53,17,-71.4,6.599609519195,-88.74,24.82,113.56,0,"	1243,1393" 
2009-12-01T21:00:00Z,"GES",2010-10-01T20:00:00Z,Buy,41.82,40.29,11,-16.83,2.1166207206139,-116.38,92.84,209.22,0,"	1246,1407" 
2009-12-01T21:00:00Z,"JBSS",2010-11-01T20:00:00Z,Buy,16.32,12.96,25,-84,4.2893565109926,-101.75,28,129.75,0,"	1248,1424" 
2009-12-01T21:00:00Z,"MVO",2011-01-03T21:00:00Z,Buy,18.99,39.95,10,209.6,4.2255523718219,-2.8,209.6,53.5,1,"	1250,1451" 
2009-12-01T21:00:00Z,"IPAR",2011-05-02T20:00:00Z,Buy,11.32,18.94,23,175.26,4.4443775884725,-2.76,190.44,88.78,1,"	1249,1525" 
2009-12-01T21:00:00Z,"MVO",2012-08-01T20:00:00Z,Buy,18.99,34.09,21,317.1,1.1019786324786,-5.88,567,303.87,1,"	1250,1764" 
2010-01-04T21:00:00Z,"JCOM",2010-02-01T21:00:00Z,Buy,20.68,20.87,12,2.28,1.060972972973,-41.88,49.44,20.64,1,"	1265,1272" 
2010-01-04T21:00:00Z,"WSO",2010-03-01T21:00:00Z,Buy,49.64,59.16,5,47.6,1.8590249787681,-94.45,47.6,19,1,"	1270,1291" 
2010-01-04T21:00:00Z,"MFRI",2010-04-01T20:00:00Z,Buy,6.77,6.68,63,-5.67,5.5307862181507,-38.43,28.98,67.41,0,"	1266,1307" 
2010-01-04T21:00:00Z,"CASY",2010-05-03T20:00:00Z,Buy,31.79,38.42,2,13.26,1.8245377418215,-26.8,15.42,5.5,1,"	1260,1329" 
2010-01-04T21:00:00Z,"CF",2010-06-01T20:00:00Z,Buy,91.84,65.94,5,-129.5,6.2550001819298,-129.5,81.95,211.45,0,"	1261,1362" 
2010-01-04T21:00:00Z,"MLR",2010-10-01T20:00:00Z,Buy,11.92,13.59,15,25.05,6.4322856726171,-15,49.95,49.35,1,"	1267,1408" 
2010-01-04T21:00:00Z,"DDS",2011-02-01T21:00:00Z,Buy,18.69,39.96,6,127.62,4.7218361584328,-18.48,139.62,69.36,1,"	1263,1460" 
2010-01-04T21:00:00Z,"CASY",2011-05-02T20:00:00Z,Buy,31.79,38.45,5,33.3,5.0656370366772,-67,62.25,42.05,1,"	1260,1519" 
2010-01-04T21:00:00Z,"CLW",2011-06-01T20:00:00Z,Buy,54.32,67.69,5,66.85,6.8081276304237,-50.45,151.75,84.9,1,"	1262,1545" 
2010-01-04T21:00:00Z,"MLR",2011-06-01T20:00:00Z,Buy,11.92,17.04,34,174.08,3.0281612796423,-34,179.52,111.86,1,"	1267,1549" 
2010-01-04T21:00:00Z,"IPG",2011-09-01T20:00:00Z,Buy,7.53,8.21,55,37.4,7.2552768055029,-64.9,312.4,314.6,1,"	1264,1593" 
2010-01-04T21:00:00Z,"PLCE",2011-10-03T20:00:00Z,Buy,32.17,45.8,12,163.56,2.1175318617671,-4.44,292.56,231.96,1,"	1268,1611" 
2010-01-04T21:00:00Z,"DDS",2013-06-03T20:00:00Z,Buy,18.69,91.44,11,800.25,1.054505256313,-33.88,825,230.45,1,"	1263,1964" 
2010-01-04T21:00:00Z,"WMK",2013-07-01T20:00:00Z,Buy,36.63,45.44,6,52.86,1.0302227722772,-80.04,61.74,47.04,1,"	1269,1996" 
2010-02-01T21:00:00Z,"MTSC",2010-03-01T21:00:00Z,Buy,26.07,27.92,8,14.8,2.212508315621,-49.76,33.52,12.64,1,"	1285,1290" 
2010-02-01T21:00:00Z,"GHM",2010-06-01T20:00:00Z,Buy,15.74,16.03,22,6.38,7.5386993873444,-14.52,87.12,96.58,1,"	1280,1363" 
2010-02-01T21:00:00Z,"KMX",2010-09-01T20:00:00Z,Buy,21.1,20.78,21,-6.72,5.3681332627675,-51.24,107.1,158.34,0,"	1282,1398" 
2010-02-01T21:00:00Z,"MTRX",2010-10-01T20:00:00Z,Buy,10.52,8.7,44,-80.08,8.3181806090678,-91.08,81.84,172.92,0,"	1284,1409" 
2010-02-01T21:00:00Z,"DECK",2010-11-01T20:00:00Z,Buy,33.15329951694,56.59,4,93.75,3.5403348748853,-6.49,99.99,46.15,1,"	1278,1423" 
2010-02-01T21:00:00Z,"MED",2010-12-01T21:00:00Z,Buy,17.97,25.46,14,104.86,2.9726133694797,-16.38,263.34,189.42,1,"	1283,1439" 
2010-02-01T21:00:00Z,"NEU",2011-05-02T20:00:00Z,Buy,88.66,186.58,4,391.68,2.0398994043688,-26.88,391.68,110.72,1,"	1279,1524" 
2010-02-01T21:00:00Z,"DECK",2011-08-01T20:00:00Z,Buy,33.15329951694,101.82,3,206,3.1601560298258,-4.87,206,57.12,1,"	1278,1576" 
2010-02-01T21:00:00Z,"DECK",2012-03-01T21:00:00Z,Buy,33.15329951694,78.59,5,227.18,1.8293420675669,-8.12,422.43,214.75,1,"	1278,1677" 
2010-02-01T21:00:00Z,"K",2012-10-01T20:00:00Z,Buy,54.72,51.93,4,-11.16,1.418687993559,-75.36,11.36,44.2,0,"	1281,1794" 
2010-02-01T21:00:00Z,"DECK",2015-12-01T21:00:00Z,Buy,33.15329951694,48.91,1.2240010036808E-5,0,4.7940588336255,0,0,0,0,"	1278,2664" 
2010-03-01T21:00:00Z,"SAH",2010-05-03T20:00:00Z,Buy,10.7,11.3,27,16.2,7.0245297385755,-0.54,66.96,67.5,1,"	1298,1336" 
2010-03-01T21:00:00Z,"UIS",2010-05-03T20:00:00Z,Buy,36.63,28.75,8,-63.04,3.5547570964295,-69.04,26.64,95.68,0,"	1300,1341" 
2010-03-01T21:00:00Z,"USMO",2010-05-03T20:00:00Z,Buy,11.56,14.23,22,58.74,1.1129307282416,-34.76,61.16,10.12,1,"	1301,1342" 
2010-03-01T21:00:00Z,"LZB",2010-12-01T21:00:00Z,Buy,13.52,7.98,19,-105.26,6.1656199212688,-133.76,31.35,165.11,0,"	1296,1438" 
2010-03-01T21:00:00Z,"POWL",2010-12-01T21:00:00Z,Buy,29.32,36.17,8,54.8,2.273230655001,-22.24,62.24,73.6,1,"	1297,1440" 
2010-03-01T21:00:00Z,"GCI",2011-01-03T21:00:00Z,Buy,15.93,15.42,19,-9.69,2.2940461586914,-79.23,52.06,131.29,0,"	1294,1448" 
2010-03-01T21:00:00Z,"ASH",2011-02-01T21:00:00Z,Buy,49.05,59.33,9,92.52,6.467076977763,-52.83,128.07,180.9,1,"	1292,1457" 
2010-03-01T21:00:00Z,"FIZ",2011-07-01T20:00:00Z,Buy,11.55,14.63,24,73.92,2.2424570605566,-139.2,87.6,66,1,"	1293,1560" 
2010-03-01T21:00:00Z,"UFS",2012-10-01T20:00:00Z,Buy,56.19,77.25,6,126.36,5.3482466225274,-55.44,292.86,239.94,1,"	1299,1798" 
2010-03-01T21:00:00Z,"GWW",2013-01-02T21:00:00Z,Buy,104.21,207.73,2,207.04,1.106282625798,-52.36,231.38,85.6,1,"	1295,1854" 
2010-04-01T20:00:00Z,"AZZ",2010-05-03T20:00:00Z,Buy,38.46,41.52,6,18.36,1.9856426284295,-57.9,27.3,14.34,1,"	1313,1328" 
2010-04-01T20:00:00Z,"CVI",2010-05-03T20:00:00Z,Buy,8.93,8.47,24,-11.04,1.8671501510213,-57.12,45.6,30.96,0,"	1315,1330" 
2010-04-01T20:00:00Z,"SYKE",2010-05-03T20:00:00Z,Buy,22.91,22.51,11,-4.4,1.8922321998924,-100.87,40.81,9.9,0,"	1323,1338" 
2010-04-01T20:00:00Z,"TTEC",2010-05-03T20:00:00Z,Buy,16.91,16.87,13,-0.52,1.0643530444965,-11.7,50.57,20.54,0,"	1324,1340" 
2010-04-01T20:00:00Z,"HA",2010-08-02T20:00:00Z,Buy,7.36,5.89,60,-88.2,8.3073388664723,-131.4,2.4,133.8,0,"	1319,1386" 
2010-04-01T20:00:00Z,"ARP",2010-10-01T20:00:00Z,Buy,9,7.77,48,-59.04,5.9561716937035,-115.2,89.76,204.96,0,"	1312,1406" 
2010-04-01T20:00:00Z,"RBIN",2010-11-01T20:00:00Z,Buy,19.23,37.21,3,53.94,1.9116322443896,-19.5,53.94,22.62,1,"	1321,1426" 
2010-04-01T20:00:00Z,"GLT",2011-02-01T21:00:00Z,Buy,14.47,12.25,36,-79.92,3.2553956705634,-156.6,36.36,192.96,0,"	1318,1461" 
2010-04-01T20:00:00Z,"LANC",2011-02-01T21:00:00Z,Buy,59.07,56.29,4,-11.12,1.7466624030656,-54.4,8.4,62.8,0,"	1320,1462" 
2010-04-01T20:00:00Z,"AMED",2011-03-01T21:00:00Z,Buy,56.99,35.37,8,-172.96,4.1079029451523,-270.96,48.96,319.92,0,"	1310,1480" 
2010-04-01T20:00:00Z,"DSW",2011-03-01T21:00:00Z,Buy,25.76,39.6,5,69.2,5.5178031501796,-19.2,79.5,51.55,1,"	1316,1482" 
2010-04-01T20:00:00Z,"FLXS",2011-03-01T21:00:00Z,Buy,13.31,14.82,27,40.77,3.809218438175,-83.43,145.26,141.21,1,"	1317,1483" 
2010-04-01T20:00:00Z,"SKX",2011-04-01T20:00:00Z,Buy,37.02,20.22,12,-201.6,3.0873566479574,-222.72,81.96,304.68,0,"	1322,1505" 
2010-04-01T20:00:00Z,"CASY",2011-05-02T20:00:00Z,Buy,31.65,38.45,8,54.4,1.0403184713376,-106.08,100.72,67.28,1,"	1314,1519" 
2010-04-01T20:00:00Z,"APU",2011-07-01T20:00:00Z,Buy,40.51,45.73,8,41.76,1.237480412086,-96.88,87.2,69.28,1,"	1311,1558" 
2010-04-01T20:00:00Z,"RBIN",2012-05-01T20:00:00Z,Buy,19.23,48.6,12,352.44,3.4440635108785,-78,383.16,230.76,1,"	1321,1710" 
2010-04-01T20:00:00Z,"DSW",2012-06-01T20:00:00Z,Buy,25.76,57.26,12,378,1.0575670241287,-46.08,429.12,210,1,"	1316,1728" 
2010-04-01T20:00:00Z,"WMK",2013-07-01T20:00:00Z,Buy,36.41,45.44,7,63.21,1.035048129813,-91.84,73.57,54.88,1,"	1325,1996" 
2010-05-03T20:00:00Z,"OFIX",2010-06-01T20:00:00Z,Buy,33.84,31.01,20,-56.6,6.3845952532408,-64.6,15,79.6,0,"	1354,1365" 
2010-05-03T20:00:00Z,"SNX",2010-06-01T20:00:00Z,Buy,27.9,25.77,8,-17.04,1.722294034472,-21.44,33.52,22.64,0,"	1356,1366" 
2010-05-03T20:00:00Z,"TSRA",2010-06-01T20:00:00Z,Buy,20.46,16.87,11,-39.49,1.0554881656805,-40.48,118.03,40.48,0,"	1358,1367" 
2010-05-03T20:00:00Z,"ALG",2010-08-02T20:00:00Z,Buy,24.59,23.8,9,-7.11,2.1813939890306,-35.73,15.93,51.66,0,"	1343,1383" 
2010-05-03T20:00:00Z,"CSL",2010-09-01T20:00:00Z,Buy,38.9,29.35,23,-219.65,2.2388958960207,-249.55,37.26,286.81,0,"	1346,1394" 
2010-05-03T20:00:00Z,"OSK",2010-10-01T20:00:00Z,Buy,39.75,28.07,12,-140.16,4.771788373771,-178.08,0,178.08,0,"	1355,1410" 
2010-05-03T20:00:00Z,"UVV",2010-10-01T20:00:00Z,Buy,54.38,40.39,14,-195.86,5.7626556769081,-265.16,0,265.16,0,"	1360,1414" 
2010-05-03T20:00:00Z,"MSTR",2010-11-01T20:00:00Z,Buy,76.09,90.53,5,72.2,4.9482624379299,-36.3,72.7,53.95,1,"	1351,1425" 
2010-05-03T20:00:00Z,"LULU",2010-12-01T21:00:00Z,Buy,41.55,54.2,4,50.6,2.0864842797713,-38.6,50.6,54.72,1,"	1350,1437" 
2010-05-03T20:00:00Z,"NSIT",2011-02-01T21:00:00Z,Buy,15.78,14.65,32,-36.16,7.55287934961,-109.12,28.48,129.92,0,"	1352,1464" 
2010-05-03T20:00:00Z,"UNF",2011-02-01T21:00:00Z,Buy,48.61,56.52,7,55.37,2.1102942713709,-198.59,58.66,70.35,1,"	1359,1468" 
2010-05-03T20:00:00Z,"CRMT",2011-03-01T21:00:00Z,Buy,26.15,24.26,9.5000097499951,-17.96,2.3773918749332,-179.08,35.91,60.14,0,"	1344,1481" 
2010-05-03T20:00:00Z,"LULU",2011-03-01T21:00:00Z,Buy,41.55,73.8,3,96.75,1.0142673024874,-28.95,128.28,41.04,1,"	1350,1484" 
2010-05-03T20:00:00Z,"NUS",2011-05-02T20:00:00Z,Buy,30.4,32.58,19,41.42,2.3847427789537,-116.47,41.42,116.47,1,"	1353,1527" 
2010-05-03T20:00:00Z,"CORE",2011-06-01T20:00:00Z,Buy,30.59,34.83,10,42.4,1.753013961176,-50.4,63.9,50.3,1,"	1345,1546" 
2010-05-03T20:00:00Z,"ALG",2011-08-01T20:00:00Z,Buy,24.59,24.02,17,-9.69,4.4505848590742,-92.82,77.35,134.47,0,"	1343,1573" 
2010-05-03T20:00:00Z,"SXI",2011-08-01T20:00:00Z,Buy,25.94,32.27,16,101.28,2.1671363980596,-57.92,206.4,159.68,1,"	1357,1581" 
2010-05-03T20:00:00Z,"GIII",2011-10-03T20:00:00Z,Buy,30.75,21.83,14,-124.88,8.9767860737294,-138.04,201.32,339.36,0,"	1347,1607" 
2010-05-03T20:00:00Z,"KWR",2011-11-01T20:00:00Z,Buy,32.96,32.74,12,-2.64,16.508800063332,-123.36,146.64,248.76,0,"	1348,1629" 
2010-05-03T20:00:00Z,"LHCG",2011-12-01T21:00:00Z,Buy,34.8,13.93,18,-375.66,5.5532761249947,-404.1,23.58,427.68,0,"	1349,1645" 
2010-05-03T20:00:00Z,"LULU",2012-06-01T20:00:00Z,Buy,20.775,69.3,10,485.25,4.6215305345585,-48.25,595.25,201.5,1,"	1350,1732" 
2010-05-03T20:00:00Z,"CRMT",2012-09-04T20:00:00Z,Buy,26.15,46.02,0.49999025000488,9.93,10.157050742035,-9.42,11.22,5.09,1,"	1344,1779" 
2010-06-01T20:00:00Z,"ATSG",2010-07-01T20:00:00Z,Buy,5.42,4.93,39,-19.11,4.915359102715,-34.71,7.8,42.51,0,"	1369,1379" 
2010-06-01T20:00:00Z,"ANK",2010-07-01T20:00:00Z,Buy,41.31,40.16,5,-5.75,3.6221472418792,-136.8,84.55,22.15,0,"	1371,1380" 
2010-06-01T20:00:00Z,"BGFV",2010-09-01T20:00:00Z,Buy,14.19,12.53,20,-33.2,4.5768054896655,-53.6,80,60.4,0,"	1372,1393" 
2010-06-01T20:00:00Z,"UIS",2010-10-01T20:00:00Z,Buy,21.45,28.36,16,110.56,6.1378236523729,-69.6,110.56,91.2,1,"	1378,1413" 
2010-06-01T20:00:00Z,"JBSS",2010-11-01T20:00:00Z,Buy,14.72,12.96,15,-26.4,1.0756164383562,-37.05,40.8,58.95,0,"	1374,1424" 
2010-06-01T20:00:00Z,"AAWW",2011-03-01T21:00:00Z,Buy,49.94,67.43,9,157.41,4.5732389923416,-59.4,200.88,149.94,1,"	1368,1479" 
2010-06-01T20:00:00Z,"EBF",2011-05-02T20:00:00Z,Buy,16.13,18.5,26,61.62,5.2807773297916,-36.66,101.4,112.58,1,"	1373,1523" 
2010-06-01T20:00:00Z,"POL",2011-11-01T20:00:00Z,Buy,9.44,10.93,41,61.09,7.8701790400208,-82,282.9,261.17,1,"	1376,1632" 
2010-06-01T20:00:00Z,"SSP",2011-12-01T21:00:00Z,Buy,8.12,8.35,39,8.97,11.382024794299,-65.13,90.87,156,1,"	1377,1650" 
2010-06-01T20:00:00Z,"LINC",2012-04-02T20:00:00Z,Buy,22.79,7.91,10,-148.8,1.0478178766261,-159,53.1,163,0,"	1375,1693" 
2010-06-01T20:00:00Z,"ALK",2012-11-01T20:00:00Z,Buy,23.09,39,20,318.2,7.5404875496433,-29.4,321.9,184.5,1,"	1370,1815" 
2010-07-01T20:00:00Z,"GCO",2011-04-01T20:00:00Z,Buy,26.36,40.42,5,70.3,2.1253268577296,-7.6,76.15,26.2,1,"	1381,1499" 
2010-07-01T20:00:00Z,"WSM",2011-04-01T20:00:00Z,Buy,23.92,41.04,5,85.6,4.7943630253338,-0.9,85.6,20.55,1,"	1382,1506" 
2010-07-01T20:00:00Z,"GCO",2011-07-01T20:00:00Z,Buy,26.36,52.83,4,105.88,2.1855400911741,-6.08,109.44,20.96,1,"	1381,1562" 
2010-07-01T20:00:00Z,"WSM",2012-05-01T20:00:00Z,Buy,23.92,38.85,14,209.02,1.1054342207289,-2.52,298.48,230.02,1,"	1382,1714" 
2010-07-01T20:00:00Z,"GCO",2013-04-01T20:00:00Z,Buy,26.36,58.07,11,348.81,2.8151995955905,-16.72,576.51,309.54,1,"	1381,1908" 
2010-08-02T20:00:00Z,"BWS",2011-02-01T21:00:00Z,Buy,14.65,13.29,29.749959518723,-40.46,4.5938472110592,-123.46,671.85,130.01,0,"	1390,1458" 
2010-08-02T20:00:00Z,"LANC",2011-02-01T21:00:00Z,Buy,52.05,56.29,4,16.96,1.2950551115758,-26.32,36.48,26.32,1,"	1391,1462" 
2010-08-02T20:00:00Z,"SAFM",2011-03-01T21:00:00Z,Buy,45.82,41.36,16.000004499998,-71.36,1.0833090909091,-430.61,146.88,115.68,0,"	1392,1486" 
2010-08-02T20:00:00Z,"BWS",2013-06-03T20:00:00Z,Buy,14.65,21.48,1.2500404812767,8.54,1.1755576923077,-5.19,28.23,5.46,1,"	1390,1961" 
2010-08-02T20:00:00Z,"SAFM",2014-02-03T21:00:00Z,Buy,45.82,71.97,0.99999550000225,26.15,1.7267508141996,-26.91,30.66,7.38,1,"	1392,2151" 
2010-09-01T20:00:00Z,"CASY",2011-05-02T20:00:00Z,Buy,38.65,38.45,6,-1.2,1.6095836981617,-121.56,33.54,50.46,0,"	1400,1519" 
2010-09-01T20:00:00Z,"DPZ",2011-05-02T20:00:00Z,Buy,13.18,18.56,39,209.82,3.3242321050777,-3.51,217.23,62.4,1,"	1401,1522" 
2010-09-01T20:00:00Z,"USMO",2011-05-02T20:00:00Z,Buy,14.95,15.02,39,2.73,9.0646176516518,-81.51,162.63,244.14,1,"	1404,1529" 
2010-09-01T20:00:00Z,"VECO",2011-05-02T20:00:00Z,Buy,34.37,51.57,9,154.8,4.79979107131,-9,164.97,89.1,1,"	1405,1530" 
2010-09-01T20:00:00Z,"NP",2011-06-01T20:00:00Z,Buy,15.49,22.03,28,183.12,9.6739171641307,-18.2,220.36,72.52,1,"	1403,1550" 
2010-09-01T20:00:00Z,"KLIC",2013-02-01T21:00:00Z,Buy,5.86,11.65,50,289.5,3.4793524282627,-21,369,280,1,"	1402,1877" 
2010-10-01T20:00:00Z,"SAM",2010-12-01T21:00:00Z,Buy,66.74,82.29,3,46.65,5.8757944933035,-1.53,49.65,8.7,1,"	1421,1441" 
2010-10-01T20:00:00Z,"GCI",2011-01-03T21:00:00Z,Buy,12.58,15.42,19,53.96,1.6733317116885,-15.58,115.71,44.27,1,"	1417,1448" 
2010-10-01T20:00:00Z,"SAM",2011-01-03T21:00:00Z,Buy,66.74,96.85,3,90.33,1.0152760252366,-1.53,98.37,13.29,1,"	1421,1452" 
2010-10-01T20:00:00Z,"ODC",2011-04-01T20:00:00Z,Buy,21.79,21.38,33,-13.53,3.9715048223506,-95.04,39.93,134.97,0,"	1420,1502" 
2010-10-01T20:00:00Z,"MGLN",2011-05-02T20:00:00Z,Buy,47.38,51.79,18,79.38,2.1798687992406,-32.76,86.58,96.66,1,"	1418,1526" 
2010-10-01T20:00:00Z,"OC",2011-05-02T20:00:00Z,Buy,25.92,37.65,20,234.6,2.2006819889189,-6.6,242.4,83.6,1,"	1419,1528" 
2010-10-01T20:00:00Z,"DLTR",2011-06-01T20:00:00Z,Buy,48.48,62.67,4,56.76,4.5629593124685,-1,61.04,35.12,1,"	1416,1547" 
2010-10-01T20:00:00Z,"SAM",2011-07-01T20:00:00Z,Buy,66.74,90.21,6,140.82,3.6087609809878,-3.06,196.74,117.12,1,"	1421,1563" 
2010-10-01T20:00:00Z,"DLTR",2011-10-03T20:00:00Z,Buy,48.48,73.68,3,75.6,1.0147144188523,-0.75,87,27.78,1,"	1416,1606" 
2010-10-01T20:00:00Z,"AIT",2011-11-01T20:00:00Z,Buy,30.99,32.9,4.2499653162267,8.12,1.8513594313081,-94.19,23.12,46.96,1,"	1415,1625" 
2010-10-01T20:00:00Z,"USNA",2012-05-01T20:00:00Z,Buy,40.2,37.78,5,-12.1,3.1451590231485,-83,24.35,107.35,0,"	1422,1712" 
2010-10-01T20:00:00Z,"DLTR",2012-06-01T20:00:00Z,Buy,48.48,99.94,4,205.84,1.0193719713123,-1,221.6,37.04,1,"	1416,1727" 
2010-10-01T20:00:00Z,"AIT",2012-11-01T20:00:00Z,Buy,30.99,40.94,17.750034683773,176.61,1.1159916235526,-393.4,231.46,196.14,1,"	1415,1816" 
2010-10-01T20:00:00Z,"DLTR",2012-12-03T21:00:00Z,Buy,24.24,41.34,16,273.6,3.3939364792642,-2,520.08,304.72,1,"	1416,1832" 
2010-10-01T20:00:00Z,"USNA",2013-05-01T20:00:00Z,Buy,40.2,54.93,5,73.65,2.6158539371541,-83,82.65,107.35,1,"	1422,1942" 
2010-10-01T20:00:00Z,"USNA",2014-11-03T21:00:00Z,Buy,40.2,115.22,4,300.08,1.0303263730479,-66.4,300.08,135.16,1,"	1422,2380" 
2010-11-01T20:00:00Z,"LZB",2010-12-01T21:00:00Z,Buy,7.81,7.98,27,4.59,1.8661064187647,-35.91,198.72,34.83,1,"	1434,1438" 
2010-11-01T20:00:00Z,"IDT",2011-01-03T21:00:00Z,Buy,13.74,26.62,10,128.8,2.1502687542575,0,150.6,32,1,"	1432,1449" 
2010-11-01T20:00:00Z,"CRUS",2011-02-01T21:00:00Z,Buy,12.51,21.33,10,88.2,4.229857092948,0,88.2,15.9,1,"	1430,1459" 
2010-11-01T20:00:00Z,"CRUS",2011-08-01T20:00:00Z,Buy,12.51,15.22,16,43.36,1.0802108036891,0,202.24,186.88,1,"	1430,1575" 
2010-11-01T20:00:00Z,"ALV",2011-10-03T20:00:00Z,Buy,70.96,46.14,8,-198.56,2.344133350213,-198.56,100.56,299.12,0,"	1429,1605" 
2010-11-01T20:00:00Z,"IDT",2012-01-03T21:00:00Z,Buy,13.74,9.55,11,-46.09,1.2290778251599,-53.68,174.57,228.25,0,"	1432,1662" 
2010-11-01T20:00:00Z,"EAT",2012-06-01T20:00:00Z,Buy,18.55,30.86,7,86.17,4.2112973960841,-2.17,98.98,45.92,1,"	1431,1730" 
2010-11-01T20:00:00Z,"K",2012-10-01T20:00:00Z,Buy,50.75,51.93,4,4.72,1.0201949860724,-59.48,27.24,44.2,1,"	1433,1794" 
2010-11-01T20:00:00Z,"EAT",2013-01-02T21:00:00Z,Buy,18.55,31.97,23,308.66,1.1186366569861,-7.13,400.89,167.21,1,"	1431,1853" 
2010-12-01T21:00:00Z,"MKSI",2011-02-01T21:00:00Z,Buy,21.48,29.51,8,64.24,5.3396680381401,-4.32,64.24,11.44,1,"	1443,1463" 
2010-12-01T21:00:00Z,"SGU",2011-02-01T21:00:00Z,Buy,5.38,5.48,165,16.5,9.3597797889803,-28.05,16.5,29.7,1,"	1445,1465" 
2010-12-01T21:00:00Z,"OTL",2011-04-01T20:00:00Z,Buy,21.8,31.01,9,82.89,2.1707293577848,-23.76,91.26,29.16,1,"	1444,1503" 
2010-12-01T21:00:00Z,"MKSI",2011-12-01T21:00:00Z,Buy,21.48,26.35,8,38.96,2.9596377777601,-10,97.68,107.68,1,"	1443,1646" 
2010-12-01T21:00:00Z,"VSH",2011-12-01T21:00:00Z,Buy,14.97,9.7,33,-173.91,2.4772597769007,-227.04,134.64,361.68,0,"	1446,1653" 
2010-12-01T21:00:00Z,"OTL",2012-05-01T20:00:00Z,Buy,21.8,29.94,16,130.24,1.113896791267,-42.24,253.76,254.72,1,"	1444,1708" 
2010-12-01T21:00:00Z,"MKSI",2012-12-03T21:00:00Z,Buy,21.48,24.02,11,27.94,2.6406589486353,-13.75,134.31,148.06,1,"	1443,1836" 
2011-01-03T21:00:00Z,"RGR",2011-04-01T20:00:00Z,Buy,15.09,23.09,13,104,4.0814529791047,-3.12,104,11.57,1,"	1455,1504" 
2011-01-03T21:00:00Z,"CLW",2011-06-01T20:00:00Z,Buy,81.25,67.69,3,-40.68,1.988622860382,-111.06,10.26,43.5,0,"	1453,1545" 
2011-01-03T21:00:00Z,"RGR",2011-08-01T20:00:00Z,Buy,15.09,27.75,12,151.92,2.7507421262171,-2.88,153.6,60.12,1,"	1455,1579" 
2011-01-03T21:00:00Z,"JAKK",2011-10-03T20:00:00Z,Buy,18.8,17.83,39,-37.83,2.3846823983619,-172.77,87.36,260.13,0,"	1454,1608" 
2011-01-03T21:00:00Z,"RGR",2012-03-01T21:00:00Z,Buy,15.09,41.93,5,134.2,2.3787236862301,-1.2,153.35,54.4,1,"	1455,1683" 
2011-01-03T21:00:00Z,"RGR",2012-05-01T20:00:00Z,Buy,15.09,55.14,5,200.25,1.0241545470475,-1.2,209.9,54.4,1,"	1455,1711" 
2011-01-03T21:00:00Z,"FL",2012-06-01T20:00:00Z,Buy,19.75,30.38,8,85.04,5.8088642872274,-23.84,104.16,66.72,1,"	1456,1740" 
2011-01-03T21:00:00Z,"RGR",2013-05-01T20:00:00Z,Buy,15.09,49.62,9,310.77,1.0630064465716,-2.16,402.39,203.49,1,"	1455,1937" 
2011-01-03T21:00:00Z,"FL",2014-04-01T20:00:00Z,Buy,19.75,47.3,9,247.95,1.0452968716748,-26.82,247.95,75.06,1,"	1456,2205" 
2011-01-03T21:00:00Z,"FL",2014-09-02T20:00:00Z,Buy,19.75,57.25,4,150,1.8216936820371,-11.92,150,33.36,1,"	1456,2335" 
2011-01-03T21:00:00Z,"FL",2014-12-01T21:00:00Z,Buy,19.75,56.35,4,146.4,2.4901701988799,-11.92,152.92,33.36,1,"	1456,2401" 
2011-01-03T21:00:00Z,"FL",2015-11-02T21:00:00Z,Buy,19.75,68.24,3,145.47,1.1025682598472,-8.94,168.06,36.45,1,"	1456,2646" 
2011-02-01T21:00:00Z,"MED",2011-04-01T20:00:00Z,Buy,24.44,17.98,21,-135.66,9.4194275892621,-164.01,62.16,226.17,0,"	1475,1501" 
2011-02-01T21:00:00Z,"ACTG",2011-05-02T20:00:00Z,Buy,25.62,39.99,6,86.22,2.107932680613,-18.54,93.12,24.6,1,"	1469,1518" 
2011-02-01T21:00:00Z,"IPAR",2011-05-02T20:00:00Z,Buy,17.86,18.94,13,14.04,2.2950614793887,-86.58,22.62,16.12,1,"	1472,1525" 
2011-02-01T21:00:00Z,"APU",2011-07-01T20:00:00Z,Buy,50.7,45.73,6,-29.82,1.1570501412469,-133.8,4.26,51.96,0,"	1470,1558" 
2011-02-01T21:00:00Z,"STMP",2011-08-01T20:00:00Z,Buy,13.03,17.41,18,78.84,5.0302747658369,-21.06,78.84,35.46,1,"	1477,1580" 
2011-02-01T21:00:00Z,"LRCX",2011-11-01T20:00:00Z,Buy,52.23,42.22,12,-120.12,3.9641140513504,-202.2,73.92,276.12,0,"	1474,1630" 
2011-02-01T21:00:00Z,"STMP",2011-11-01T20:00:00Z,Buy,13.03,29.48,14,230.3,1.0633783783784,-16.38,275.8,61.88,1,"	1477,1633" 
2011-02-01T21:00:00Z,"ACTG",2012-04-02T20:00:00Z,Buy,25.62,42.1,9,148.32,1.0453881169142,-27.81,187.65,159.39,1,"	1469,1691" 
2011-02-01T21:00:00Z,"PLPC",2012-06-01T20:00:00Z,Buy,64.38,53.05,8,-90.64,3.6439520457015,-179.12,102.16,281.28,0,"	1476,1736" 
2011-02-01T21:00:00Z,"K",2012-10-01T20:00:00Z,Buy,50.2,51.93,6,10.38,1.0299403578529,-85.92,44.16,66.3,1,"	1473,1794" 
2011-02-01T21:00:00Z,"STMP",2012-10-01T20:00:00Z,Buy,13.03,23.26,12,122.76,2.4141742946268,-14.04,238.08,168.36,1,"	1477,1797" 
2011-02-01T21:00:00Z,"HIBB",2013-04-01T20:00:00Z,Buy,33.29,56,17,386.07,4.1224231674373,-320.79,503.54,207.4,1,"	1471,1909" 
2011-02-01T21:00:00Z,"TER",2013-05-01T20:00:00Z,Buy,16.98,16.11,29,-25.23,8.0177065499506,-186.76,61.77,248.53,0,"	1478,1940" 
2011-03-01T21:00:00Z,"GME",2011-04-01T20:00:00Z,Buy,19.72,22.92,39,124.8,3.7944359923848,-5.46,124.8,21.45,1,"	1493,1500" 
2011-03-01T21:00:00Z,"SKX",2011-04-01T20:00:00Z,Buy,20.1,20.22,11,1.32,1.0532258064516,-18.04,261.25,18.04,1,"	1495,1505" 
2011-03-01T21:00:00Z,"CASY",2011-05-02T20:00:00Z,Buy,40.34,38.45,7,-13.23,1.4205437708487,-153.65,27.3,36.89,0,"	1487,1519" 
2011-03-01T21:00:00Z,"EBF",2011-05-02T20:00:00Z,Buy,15.54,18.5,13,38.48,1.5671617199538,-10.66,58.37,19.89,1,"	1490,1523" 
2011-03-01T21:00:00Z,"FIZ",2011-07-01T20:00:00Z,Buy,12.6,14.63,15.000118079941,30.45,1.2346642895844,-102.75,39,14.25,1,"	1492,1560" 
2011-03-01T21:00:00Z,"VLGEA",2011-07-01T20:00:00Z,Buy,30.29,27.7,25,-64.75,9.0208208746152,-141.5,1.25,142.75,0,"	1496,1564" 
2011-03-01T21:00:00Z,"CROX",2011-08-01T20:00:00Z,Buy,17.21,31.52,12,171.72,7.3081380957845,-12.84,171.72,38.16,1,"	1489,1574" 
2011-03-01T21:00:00Z,"MRCY",2011-11-01T20:00:00Z,Buy,19.42,13.94,28,-153.44,10.510346833817,-225.96,65.52,291.48,0,"	1494,1631" 
2011-03-01T21:00:00Z,"CGNX",2012-05-01T20:00:00Z,Buy,26.88,41.2,18,257.76,4.4116145033181,-38.16,321.66,205.74,1,"	1488,1701" 
2011-03-01T21:00:00Z,"CROX",2012-05-01T20:00:00Z,Buy,17.21,20.13,15,43.8,4.1122465314062,-42.3,214.65,256.95,1,"	1489,1702" 
2011-03-01T21:00:00Z,"ENTG",2013-04-01T20:00:00Z,Buy,8.51,9.65,45,51.3,4.0259874814875,-108,86.85,194.85,1,"	1491,1907" 
2011-04-01T20:00:00Z,"DISCA",2011-05-02T20:00:00Z,Buy,40.41,44.65,6,25.44,1.468737072678,-89.22,27.36,2.94,1,"	1509,1521" 
2011-04-01T20:00:00Z,"NUS",2011-05-02T20:00:00Z,Buy,28.7,32.58,9,34.92,1.0449217391304,-39.87,34.92,10.89,1,"	1512,1527" 
2011-04-01T20:00:00Z,"SSP",2011-12-01T21:00:00Z,Buy,9.75,8.35,21,-29.4,2.921404820646,-69.3,14.7,74.13,0,"	1513,1650" 
2011-04-01T20:00:00Z,"TXN",2011-12-01T21:00:00Z,Buy,34.23,30.2,30,-120.9,10.415234777326,-281.7,50.1,331.8,0,"	1515,1651" 
2011-04-01T20:00:00Z,"KAI",2012-01-03T21:00:00Z,Buy,26.72,22.55,17,-70.89,7.4017987198005,-173.57,138.04,311.61,0,"	1514,1665" 
2011-04-01T20:00:00Z,"DXPE",2012-03-01T21:00:00Z,Buy,24,39.3,6,91.8,5.6124404398429,-36.9,91.8,58.26,1,"	1510,1679" 
2011-04-01T20:00:00Z,"DXPE",2012-05-01T20:00:00Z,Buy,24,44.76,17,352.92,1.087724233341,-104.55,362.78,165.07,1,"	1510,1704" 
2011-04-01T20:00:00Z,"LSCC",2012-06-01T20:00:00Z,Buy,5.94,4.29,80,-132,4.6755174694987,-132,88,220,0,"	1511,1731" 
2011-04-01T20:00:00Z,"BRKS",2012-10-01T20:00:00Z,Buy,14.31,7.81,32,-208,3.6362213339071,-217.28,0,217.28,0,"	1507,1791" 
2011-04-01T20:00:00Z,"CTR",2013-07-01T20:00:00Z,Buy,24.51,25.32,9,7.29,1.0685701679932,-111.42,65.16,83.88,1,"	1508,1987" 
2011-04-01T20:00:00Z,"WMK",2013-07-01T20:00:00Z,Buy,39.96,45.44,6,32.88,2.0099251767672,-100.02,41.76,47.04,1,"	1517,1996" 
2011-04-01T20:00:00Z,"USNA",2014-11-03T21:00:00Z,Buy,34.72,115.22,2,161,2.0238943026219,-22.24,161,67.58,1,"	1516,2380" 
2011-04-01T20:00:00Z,"USNA",2015-06-01T20:00:00Z,Buy,34.72,129.52,4,379.2,10.838409815261,-44.48,423.16,135.16,1,"	1516,2540" 
2011-04-01T20:00:00Z,"USNA",2015-09-01T20:00:00Z,Buy,34.72,141.49,1,106.77,5.7171262858135,-11.12,141.4,34.93,1,"	1516,2601" 
2011-05-02T20:00:00Z,"CLW",2011-06-01T20:00:00Z,Buy,78.25,67.69,3,-31.68,1.4511118186749,-102.06,19.26,31.68,0,"	1533,1545" 
2011-05-02T20:00:00Z,"EBS",2011-06-01T20:00:00Z,Buy,23.7,23.98,10,2.8,4.2023510049294,-30.4,12.8,30.4,1,"	1535,1548" 
2011-05-02T20:00:00Z,"SAM",2011-07-01T20:00:00Z,Buy,92.24,90.21,3,-6.09,1.0146785486951,-78.03,21.87,36.69,0,"	1540,1563" 
2011-05-02T20:00:00Z,"EBS",2011-08-01T20:00:00Z,Buy,23.7,20.52,22,-69.96,3.2236076061694,-69.96,28.16,98.12,0,"	1535,1577" 
2011-05-02T20:00:00Z,"CCF",2011-09-01T20:00:00Z,Buy,16.84,12.59,34,-144.5,16.587075844067,-181.56,17.34,198.9,0,"	1532,1591" 
2011-05-02T20:00:00Z,"SGU",2011-10-03T20:00:00Z,Buy,5.95,4.77,173,-204.14,10.141241172754,-223.17,0,223.17,0,"	1542,1612" 
2011-05-02T20:00:00Z,"RAVN",2011-12-01T21:00:00Z,Buy,52.89,58.53,4,22.56,6.412355609775,-33.32,41.08,59.72,1,"	1539,1648" 
2011-05-02T20:00:00Z,"MERC",2012-01-03T21:00:00Z,Buy,12.1,6.49,35,-196.35,3.1991289316003,-236.6,57.05,293.65,0,"	1536,1663" 
2011-05-02T20:00:00Z,"SATS",2012-01-03T21:00:00Z,Buy,34.99,21.81,20,-263.6,9.576909867146,-292.8,67.4,360.2,0,"	1541,1664" 
2011-05-02T20:00:00Z,"CUB",2012-03-01T21:00:00Z,Buy,53.55,47.5,16,-96.8,5.6446883743049,-260.32,17.76,278.08,0,"	1534,1676" 
2011-05-02T20:00:00Z,"ARLP",2012-05-01T20:00:00Z,Buy,80.58,63.75,9,-151.47,3.6791510325732,-257.22,14.58,271.8,0,"	1531,1700" 
2011-05-02T20:00:00Z,"RAVN",2012-06-01T20:00:00Z,Buy,52.89,65.27,8,99.04,3.0624911257286,-66.64,134.64,119.44,1,"	1539,1737" 
2011-05-02T20:00:00Z,"MXIM",2012-12-03T21:00:00Z,Buy,27.18,28.65,7,10.29,2.4249246247308,-42.7,18.76,50.82,1,"	1537,1837" 
2011-05-02T20:00:00Z,"OXM",2013-02-01T21:00:00Z,Buy,33.38,49.61,9,146.07,6.2126862158234,-28.8,229.05,135.27,1,"	1538,1880" 
2011-05-02T20:00:00Z,"TMI",2013-02-01T21:00:00Z,Buy,23.63,44.99,8,170.88,6.283030774909,-24.96,170.88,64.32,1,"	1543,1881" 
2011-05-02T20:00:00Z,"UNH",2013-04-01T20:00:00Z,Buy,49.88,58.97,18,163.62,7.5143671483917,-144.54,186.84,203.04,1,"	1544,1911" 
2011-05-02T20:00:00Z,"TMI",2013-07-01T20:00:00Z,Buy,23.63,38.42,16,236.64,1.0812047556143,-49.92,365.6,183.68,1,"	1543,1995" 
2011-05-02T20:00:00Z,"MXIM",2013-12-02T21:00:00Z,Buy,27.18,28.22,23,23.92,4.461110380301,-140.3,140.99,166.98,1,"	1537,2089" 
2011-06-01T20:00:00Z,"VLGEA",2011-07-01T20:00:00Z,Buy,26.13,27.7,12,18.84,1.8177615510605,-18,50.52,18,1,"	1556,1564" 
2011-06-01T20:00:00Z,"LHCG",2011-12-01T21:00:00Z,Buy,26.46,13.93,8,-100.24,1.2972008668724,-112.88,77.2,112.88,0,"	1552,1645" 
2011-06-01T20:00:00Z,"SMP",2011-12-01T21:00:00Z,Buy,14.36,19.02,11,51.26,7.2946921050536,-44.77,56.87,65.67,1,"	1554,1649" 
2011-06-01T20:00:00Z,"SSP",2011-12-01T21:00:00Z,Buy,8.15,8.35,24,4.8,1.4827135227996,-40.8,55.2,79.68,1,"	1555,1650" 
2011-06-01T20:00:00Z,"WLK",2012-02-01T21:00:00Z,Buy,54.71,59.94,5,26.15,2.0695223235729,-111.85,26.15,115.55,1,"	1557,1673" 
2011-06-01T20:00:00Z,"WLK",2012-05-01T20:00:00Z,Buy,54.71,61.93,4,28.88,2.8767095016615,-89.48,45.84,92.44,1,"	1557,1713" 
2011-06-01T20:00:00Z,"MRO",2012-06-01T20:00:00Z,Buy,52.65,23.89,14,-402.64,4.8594219137857,-453.18,1.96,455.14,0,"	1553,1735" 
2011-06-01T20:00:00Z,"LFUS",2013-05-01T20:00:00Z,Buy,59.02,68.3,14,129.92,14.645287512558,-286.44,151.2,324.8,1,"	1551,1932" 
2011-06-01T20:00:00Z,"SMP",2014-03-03T21:00:00Z,Buy,14.36,34.64,8,162.24,1.0394196301565,-32.56,186.24,106.8,1,"	1554,2177" 
2011-06-01T20:00:00Z,"SMP",2015-03-02T21:00:00Z,Buy,14.36,42.33,7,195.79,1.0353423187023,-28.49,217.63,93.45,1,"	1554,2458" 
2011-06-01T20:00:00Z,"SMP",2015-05-01T20:00:00Z,Buy,14.36,36.25,8,175.12,1.1342592592593,-32.56,248.72,106.8,1,"	1554,2509" 
2011-07-01T20:00:00Z,"ALG",2011-08-01T20:00:00Z,Buy,23.62,24.02,10,4,1.0498312236287,-44.9,55.2,25.8,1,"	1565,1573" 
2011-07-01T20:00:00Z,"MSB",2011-10-03T20:00:00Z,Buy,33.62,19.66,15,-209.4,2.1460330445321,-209.4,19.05,228.45,0,"	1570,1610" 
2011-07-01T20:00:00Z,"SGU",2011-10-03T20:00:00Z,Buy,5.41,4.77,45,-28.8,1.5851160691869,-33.75,24.3,33.75,0,"	1571,1612" 
2011-07-01T20:00:00Z,"DPZ",2011-11-01T20:00:00Z,Buy,25.78,31.56,7,40.46,7.0389826857672,-18.27,47.32,28.21,1,"	1566,1627" 
2011-07-01T20:00:00Z,"LRCX",2011-11-01T20:00:00Z,Buy,45.3,42.22,5,-15.4,1.8580712927332,-49.6,65.45,49.6,0,"	1568,1630" 
2011-07-01T20:00:00Z,"VECO",2011-12-01T21:00:00Z,Buy,48.58,25.14,11,-257.84,2.1561975613584,-291.83,0,291.83,0,"	1572,1652" 
2011-07-01T20:00:00Z,"DPZ",2012-03-01T21:00:00Z,Buy,25.78,38.4,7,88.34,1.0349453978159,-18.27,91.28,28.21,1,"	1566,1678" 
2011-07-01T20:00:00Z,"DPZ",2012-05-01T20:00:00Z,Buy,25.78,34.3,18,153.36,4.1433166683281,-46.98,279.36,126,1,"	1566,1703" 
2011-07-01T20:00:00Z,"MGLN",2012-08-01T20:00:00Z,Buy,54.63,47.51,7,-49.84,9.0433879363218,-96.74,10.5,107.24,0,"	1569,1763" 
2011-07-01T20:00:00Z,"GME",2012-09-04T20:00:00Z,Buy,26.94,20.41,12,-78.36,3.3329839527318,-134.52,5.52,140.04,0,"	1567,1780" 
2011-07-01T20:00:00Z,"GME",2012-12-03T21:00:00Z,Buy,26.94,25.83,10,-11.1,1.0492,-112.1,4.6,116.7,0,"	1567,1833" 
2011-07-01T20:00:00Z,"GME",2013-03-01T21:00:00Z,Buy,26.94,24.05,11,-31.79,4.8149343569524,-123.31,9.79,128.37,0,"	1567,1895" 
2011-07-01T20:00:00Z,"MGLN",2013-05-01T20:00:00Z,Buy,54.63,50.09,13,-59.02,1.0881176700547,-179.66,19.5,199.16,0,"	1569,1933" 
2011-08-01T20:00:00Z,"MRCY",2011-11-01T20:00:00Z,Buy,16.55,13.94,14,-36.54,1.4169765739426,-72.8,72.94,79.94,0,"	1587,1631" 
2011-08-01T20:00:00Z,"CHS",2012-03-01T21:00:00Z,Buy,15.23,15.29,44,2.64,8.2620141844714,-232.76,2.64,232.76,1,"	1584,1675" 
2011-08-01T20:00:00Z,"MRO",2012-06-01T20:00:00Z,Buy,30.65,23.89,10,-67.6,5.5803238966318,-103.7,221.4,111.8,0,"	1588,1735" 
2011-08-01T20:00:00Z,"CNC",2012-08-01T20:00:00Z,Buy,31.58,37.48,19,112.1,12.555409876398,-99.94,365.18,455.24,1,"	1585,1759" 
2011-08-01T20:00:00Z,"K",2012-10-01T20:00:00Z,Buy,55.31,51.93,6,-20.28,1.4576555180181,-116.58,13.5,52.8,0,"	1586,1794" 
2011-08-01T20:00:00Z,"UFS",2012-10-01T20:00:00Z,Buy,78.49,77.25,3,-3.72,1.0147260787992,-94.62,79.53,92.58,0,"	1590,1798" 
2011-08-01T20:00:00Z,"AIT",2012-11-01T20:00:00Z,Buy,32.33,40.94,5.2499653162267,45.2,1.0354495614035,-123.39,61.42,36.8,1,"	1582,1816" 
2011-08-01T20:00:00Z,"MYGN",2012-11-01T20:00:00Z,Buy,20.86,26.86,35,210,2.3512407661813,-105,261.1,148.75,1,"	1589,1818" 
2011-08-01T20:00:00Z,"BKE",2013-12-02T21:00:00Z,Buy,44.21,52.07,13,102.18,4.0696479100869,-428.96,168.09,166.27,1,"	1583,2081" 
2011-09-01T20:00:00Z,"DEPO",2011-11-01T20:00:00Z,Buy,6.08,4.38,71,-120.7,8.7189911933535,-124.96,24.14,149.1,0,"	1596,1626" 
2011-09-01T20:00:00Z,"TXN",2011-12-01T21:00:00Z,Buy,25.57,30.2,8,37.04,2.1226908750844,-5.84,82.64,32.24,1,"	1604,1651" 
2011-09-01T20:00:00Z,"IDT",2012-01-03T21:00:00Z,Buy,21.17,9.55,12,-139.44,3.9950889761615,-147.72,101.28,156.24,0,"	1598,1662" 
2011-09-01T20:00:00Z,"SATS",2012-01-03T21:00:00Z,Buy,23.94,21.81,9,-19.17,1.0442422997947,-32.31,129.78,58.05,0,"	1601,1664" 
2011-09-01T20:00:00Z,"B",2012-04-02T20:00:00Z,Buy,21.89,26.96,27,136.89,10.326853226575,-102.6,164.16,123.66,1,"	1594,1692" 
2011-09-01T20:00:00Z,"DV",2012-06-01T20:00:00Z,Buy,42.52,27.01,12,-186.12,4.5003231368725,-186.12,47.28,233.4,0,"	1597,1729" 
2011-09-01T20:00:00Z,"BRKS",2012-10-01T20:00:00Z,Buy,8.93,7.81,25,-28,2.3755820201984,-35.25,134.5,114.25,0,"	1595,1791" 
2011-09-01T20:00:00Z,"MKSI",2012-12-03T21:00:00Z,Buy,22.57,24.02,12,17.4,3.0138483430997,-28.08,133.44,113.76,1,"	1599,1836" 
2011-09-01T20:00:00Z,"TER",2013-05-01T20:00:00Z,Buy,11.86,16.11,22,93.5,3.7728403699846,-29.04,159.5,95.26,1,"	1603,1940" 
2011-09-01T20:00:00Z,"SCVL",2013-06-03T20:00:00Z,Buy,16.61334164,24.64,14.999992500004,120.4,1.0492295535362,-185.9,120.4,80.1,1,"	1602,1969" 
2011-09-01T20:00:00Z,"MXIM",2013-12-02T21:00:00Z,Buy,22.79,28.22,10,54.3,1.9824911283952,-17.1,105.2,64,1,"	1600,2089" 
2011-10-03T20:00:00Z,"KELYA",2011-11-01T20:00:00Z,Buy,10.9,15.32,41,181.22,9.9775795862302,0,242.72,61.5,1,"	1616,1628" 
2011-10-03T20:00:00Z,"KWR",2011-11-01T20:00:00Z,Buy,24.45,32.74,8,66.32,1.0377314814815,-14.16,165.84,42,1,"	1617,1629" 
2011-10-03T20:00:00Z,"VECO",2011-12-01T21:00:00Z,Buy,24.01,25.14,9,10.17,1.0442807377049,-17.64,221.13,64.35,1,"	1622,1652" 
2011-10-03T20:00:00Z,"VSH",2011-12-01T21:00:00Z,Buy,8.09,9.7,29,46.69,1.1403169856459,0,317.84,84.1,1,"	1623,1653" 
2011-10-03T20:00:00Z,"MERC",2012-01-03T21:00:00Z,Buy,6.73,6.49,32,-7.68,1.1583529411765,-44.48,224,67.84,0,"	1620,1663" 
2011-10-03T20:00:00Z,"LINC",2012-04-02T20:00:00Z,Buy,7.53,7.91,25,9.5,1.3020237779581,-16,514.25,68.75,1,"	1618,1693" 
2011-10-03T20:00:00Z,"WSM",2012-05-01T20:00:00Z,Buy,29.22,38.85,7,67.41,1.0332153296525,-38.36,112.14,44.17,1,"	1624,1714" 
2011-10-03T20:00:00Z,"LXU",2012-06-01T20:00:00Z,Buy,26.1,27.03,15,13.95,5.596469148799,-5.4,227.25,221.4,1,"	1619,1733" 
2011-10-03T20:00:00Z,"CF",2012-09-04T20:00:00Z,Buy,120.78,204.75,1,83.97,2.7622850347477,0,95.85,46.55,1,"	1613,1778" 
2011-10-03T20:00:00Z,"MLR",2012-09-04T20:00:00Z,Buy,16.57,15.51,40,-42.4,2.3932250731733,-87.6,174.4,262,0,"	1621,1784" 
2011-10-03T20:00:00Z,"CVI",2013-02-01T21:00:00Z,Buy,19.69,53.58,8,271.12,2.1296209649953,-21.52,312.48,83.52,1,"	1614,1875" 
2011-10-03T20:00:00Z,"DAR",2013-04-01T20:00:00Z,Buy,11.7,17.65,39,232.05,3.8819059527669,0,274.17,154.44,1,"	1615,1904" 
2011-10-03T20:00:00Z,"CF",2013-08-01T20:00:00Z,Buy,120.78,195.98,3,225.6,8.4973213647506,0,328.98,180.48,1,"	1613,2011" 
2011-10-03T20:00:00Z,"CVI",2013-12-02T21:00:00Z,Buy,19.69,40.03,12,244.08,1.0962990630539,-32.28,608.28,441.12,1,"	1614,2083" 
2011-11-01T20:00:00Z,"PZZA",2011-12-01T21:00:00Z,Buy,33.02,37.92,6,29.4,8.3232391896225,0,29.4,6.48,1,"	1643,1647" 
2011-11-01T20:00:00Z,"IDT",2012-01-03T21:00:00Z,Buy,12,9.55,22,-53.9,8.3337923210503,-69.08,387.42,116.38,0,"	1639,1662" 
2011-11-01T20:00:00Z,"CRUS",2012-02-01T21:00:00Z,Buy,16.23,20.68,28,124.6,2.2782636476806,-53.2,163.52,91,1,"	1636,1672" 
2011-11-01T20:00:00Z,"ENSG",2012-03-01T21:00:00Z,Buy,21.77,27.44,26,147.42,6.503321245456,0,195.26,62.92,1,"	1638,1680" 
2011-11-01T20:00:00Z,"PZZA",2012-05-01T20:00:00Z,Buy,33.02,39.49,25,161.75,1.8394674855644,0,185.25,96.5,1,"	1643,1709" 
2011-11-01T20:00:00Z,"SPPI",2012-07-02T20:00:00Z,Buy,10.91,16,15,76.35,2.3083065755527,-21,76.35,95.4,1,"	1642,1752" 
2011-11-01T20:00:00Z,"K",2012-10-01T20:00:00Z,Buy,53.56,51.93,7,-11.41,1.0345803357314,-123.76,28,52.71,0,"	1640,1794" 
2011-11-01T20:00:00Z,"DLTR",2012-12-03T21:00:00Z,Buy,39.62,41.34,6,10.32,1.4526897117722,-93.03,102.75,114.27,1,"	1637,1832" 
2011-11-01T20:00:00Z,"LANC",2012-12-03T21:00:00Z,Buy,64.6,76.87,15,184.05,11.870169682995,-27,184.05,128.4,1,"	1641,1835" 
2011-11-01T20:00:00Z,"SPPI",2012-12-03T21:00:00Z,Buy,10.91,11.74,32,26.56,1.1586486486486,-44.8,196.48,205.12,1,"	1642,1838" 
2011-11-01T20:00:00Z,"CVX",2013-08-01T20:00:00Z,Buy,102.08,126.39,9,218.79,6.1965773852681,-88.11,231.12,149.13,1,"	1635,2012" 
2011-12-01T21:00:00Z,"CHS",2012-03-01T21:00:00Z,Buy,10.33,15.29,20,99.2,3.6932712702982,-7.8,99.2,13.4,1,"	1655,1675" 
2011-12-01T21:00:00Z,"NSIT",2012-03-01T21:00:00Z,Buy,15.03,20.97,10,59.4,8.0148617176003,-8.8,70.8,18.5,1,"	1659,1682" 
2011-12-01T21:00:00Z,"ARLP",2012-05-01T20:00:00Z,Buy,72.69,63.75,3,-26.82,2.0441570304949,-62.07,28.53,90.6,0,"	1654,1700" 
2011-12-01T21:00:00Z,"NSIT",2012-07-02T20:00:00Z,Buy,15.03,17.23,25,55,1.1279708853238,-22,192,208,1,"	1659,1753" 
2011-12-01T21:00:00Z,"HOC",2012-09-04T20:00:00Z,Buy,23.43,40.1,5,83.35,2.1306950079664,-8.15,85.35,38.95,1,"	1656,1783" 
2011-12-01T21:00:00Z,"KLAC",2013-01-02T21:00:00Z,Buy,47.23,49.57,17,39.78,9.0982070337954,-55.42,133.96,189.38,1,"	1657,1857" 
2011-12-01T21:00:00Z,"TDY",2013-01-02T21:00:00Z,Buy,54.88,66.66,13,153.14,8.4039466186246,-29.77,153.14,111.54,1,"	1661,1858" 
2011-12-01T21:00:00Z,"OXM",2013-02-01T21:00:00Z,Buy,36.73,49.61,6,77.28,1.0290508832059,-39.3,132.6,90.18,1,"	1660,1880" 
2011-12-01T21:00:00Z,"LZB",2013-03-01T21:00:00Z,Buy,11.59,18.34,14,94.5,6.9959665669687,-7.84,94.5,70.84,1,"	1658,1897" 
2011-12-01T21:00:00Z,"LZB",2013-12-02T21:00:00Z,Buy,11.59,28.99,12,208.8,1.0594463431306,-6.72,215.64,60.72,1,"	1658,2088" 
2011-12-01T21:00:00Z,"HOC",2014-03-03T21:00:00Z,Buy,23.43,44.88,16,343.2,1.1034101382488,-26.08,560,299.2,1,"	1656,2170" 
2011-12-01T21:00:00Z,"LZB",2014-10-01T20:00:00Z,Buy,11.59,19.45,22,172.92,2.7710997940344,-12.32,427.68,254.76,1,"	1658,2352" 
2012-01-03T21:00:00Z,"NEU",2012-05-01T20:00:00Z,Buy,201.06,219.91,1,18.85,6.8394422070894,-27.6,27.52,46.83,1,"	1668,1706" 
2012-01-03T21:00:00Z,"WLK",2012-05-01T20:00:00Z,Buy,40.86,61.93,5,105.35,2.8001558306282,-42.6,126.55,31.6,1,"	1671,1713" 
2012-01-03T21:00:00Z,"NUS",2012-07-02T20:00:00Z,Buy,48.52,47.93,5,-2.95,9.0135338561049,-41.55,64.9,106.45,0,"	1670,1754" 
2012-01-03T21:00:00Z,"CRMT",2012-09-04T20:00:00Z,Buy,38.79,46.02,16.500009749995,119.3,2.2964797772249,-519.59,161.87,168.14,1,"	1667,1779" 
2012-01-03T21:00:00Z,"NEU",2012-11-01T20:00:00Z,Buy,201.06,277.43,1,76.37,2.644648589399,-27.6,76.37,46.83,1,"	1668,1817" 
2012-01-03T21:00:00Z,"NUS",2012-11-01T20:00:00Z,Buy,48.52,48.94,11,4.62,1.0568709064019,-129.91,142.78,272.69,1,"	1670,1819" 
2012-01-03T21:00:00Z,"CRMT",2013-01-02T21:00:00Z,Buy,38.79,40.98,0.49999025000488,1.09,1.0910217176703,-15.74,4.9,6.34,1,"	1667,1851" 
2012-01-03T21:00:00Z,"INTC",2013-01-02T21:00:00Z,Buy,24.54,21.38,41,-129.56,12.241936888502,-212.38,190.24,402.62,0,"	1669,1855" 
2012-01-03T21:00:00Z,"NEU",2013-09-03T20:00:00Z,Buy,201.06,273.45,1,72.39,3.4789036424372,-27.6,87.1,46.83,1,"	1668,2032" 
2012-02-01T21:00:00Z,"UACL",2013-01-02T21:00:00Z,Buy,17.85,18.43,28,16.24,9.4954120100349,-148.4,25.76,174.16,1,"	1674,1859" 
2012-03-01T21:00:00Z,"DV",2012-06-01T20:00:00Z,Buy,35.59,27.01,7,-60.06,1.6343496404532,-60.06,76.09,64.75,0,"	1687,1729" 
2012-03-01T21:00:00Z,"BBSI",2012-08-01T20:00:00Z,Buy,17.19,25.71,12,102.24,9.0571491461752,-3.48,107.16,21.96,1,"	1684,1758" 
2012-03-01T21:00:00Z,"CALM",2012-09-04T20:00:00Z,Buy,39.48,40.36,5,4.4,4.883881511318,-24.55,13.05,37.6,1,"	1686,1777" 
2012-03-01T21:00:00Z,"CALM",2012-10-01T20:00:00Z,Buy,39.48,45.74,26,162.76,4.5556197296206,-127.66,162.76,195.52,1,"	1686,1792" 
2012-03-01T21:00:00Z,"SPTN",2012-10-01T20:00:00Z,Buy,17.95,15.51,43,-104.92,6.3436927629544,-131.58,27.95,159.53,0,"	1690,1796" 
2012-03-01T21:00:00Z,"ICFI",2012-12-03T21:00:00Z,Buy,24.88,21.62,25,-81.5,4.5913124587909,-165.75,31,196.75,0,"	1689,1834" 
2012-03-01T21:00:00Z,"BBSI",2013-04-01T20:00:00Z,Buy,17.19,51.53,6,206.04,1.0293562476263,-1.74,212.82,12.78,1,"	1684,1903" 
2012-03-01T21:00:00Z,"ENTG",2013-04-01T20:00:00Z,Buy,9.17,9.65,25,12,1.7162056198042,-76.5,31.75,53.5,1,"	1688,1907" 
2012-03-01T21:00:00Z,"BBSI",2013-08-01T20:00:00Z,Buy,17.19,72.22,7,385.21,1.03597637347,-2.03,385.21,83.23,1,"	1684,2010" 
2012-03-01T21:00:00Z,"BBSI",2013-11-01T20:00:00Z,Buy,17.19,89.19,4,288,7.79458643854,-1.16,288,47.56,1,"	1684,2063" 
2012-03-01T21:00:00Z,"BKE",2013-12-02T21:00:00Z,Buy,48.01,52.07,5,20.3,1.4541087530809,-183.98,45.65,63.95,1,"	1685,2081" 
2012-03-01T21:00:00Z,"BBSI",2014-05-01T20:00:00Z,Buy,17.19,50.67,6,200.88,1.0552836738742,-1.74,502.26,302.94,1,"	1684,2217" 
2012-04-02T20:00:00Z,"ARLP",2012-05-01T20:00:00Z,Buy,58.38,63.75,4,21.48,1.0194276206323,-25.52,95.28,25.52,1,"	1695,1700" 
2012-04-02T20:00:00Z,"EXPE",2012-05-01T20:00:00Z,Buy,33.33,41.64,12,99.72,4.8061098378795,-25.8,111.6,25.8,1,"	1697,1705" 
2012-04-02T20:00:00Z,"OTL",2012-05-01T20:00:00Z,Buy,31.8,29.94,7,-13.02,1.0366359447005,-88.48,41.02,18.69,0,"	1699,1708" 
2012-04-02T20:00:00Z,"MOV",2012-06-01T20:00:00Z,Buy,25.84,26.18,21,7.14,4.7920835595481,-34.44,81.06,115.5,1,"	1698,1734" 
2012-04-02T20:00:00Z,"EXPE",2012-08-01T20:00:00Z,Buy,33.33,56.4,4,92.28,1.0197929461309,-8.6,94.64,23.96,1,"	1697,1761" 
2012-04-02T20:00:00Z,"CMTL",2012-10-01T20:00:00Z,Buy,33.85,27.74,33,-201.63,5.6884586418432,-240.9,1.98,242.88,0,"	1696,1793" 
2012-04-02T20:00:00Z,"EXPE",2013-06-03T20:00:00Z,Buy,33.33,57.51,8,193.44,1.0600522102332,-17.2,273.36,99.2,1,"	1697,1966" 
2012-05-01T20:00:00Z,"RSC",2012-06-01T20:00:00Z,Buy,27.16,17.76,27,-253.8,5.5303353418677,-253.8,0,253.8,0,"	1723,1738" 
2012-05-01T20:00:00Z,"CRUS",2012-08-01T20:00:00Z,Buy,26.86,35.91,6,54.3,2.1077789838439,-11.46,59.46,30.36,1,"	1718,1760" 
2012-05-01T20:00:00Z,"SCHL",2012-10-01T20:00:00Z,Buy,29.47,32.07,23,59.8,4.0623366812737,-72.68,105.11,85.1,1,"	1724,1795" 
2012-05-01T20:00:00Z,"ALK",2012-11-01T20:00:00Z,Buy,33.6,39,6,32.4,1.2655136189689,-71.88,33.51,26.82,1,"	1716,1815" 
2012-05-01T20:00:00Z,"SYNA",2012-11-01T20:00:00Z,Buy,30.99,23.65,25,-183.5,13.410893783905,-206.75,6.5,213.25,0,"	1725,1820" 
2012-05-01T20:00:00Z,"DISH",2013-01-02T21:00:00Z,Buy,31.98,37.01,25,125.75,10.552690506426,-141.75,141.75,157.5,1,"	1719,1852" 
2012-05-01T20:00:00Z,"MSFT",2013-02-01T21:00:00Z,Buy,32.01,27.93,39,-159.12,8.6644617976911,-221.13,0,221.13,0,"	1721,1879" 
2012-05-01T20:00:00Z,"AAPL",2013-03-01T21:00:00Z,Buy,582.13,430.51,1,-151.62,3.2795278534695,-151.62,119.97,271.59,0,"	1715,1894" 
2012-05-01T20:00:00Z,"EGY",2013-04-01T20:00:00Z,Buy,9.38,7.38,48,-96,6.3616060696711,-110.4,1.92,110.4,0,"	1720,1906" 
2012-05-01T20:00:00Z,"CRUS",2013-05-01T20:00:00Z,Buy,26.86,18.89,10,-79.7,5.1989315390572,-91.8,180.1,271.9,0,"	1718,1926" 
2012-05-01T20:00:00Z,"CVX",2013-08-01T20:00:00Z,Buy,108.27,126.39,2,36.24,1.5318268267846,-31.96,38.98,32.88,1,"	1717,2012" 
2012-05-01T20:00:00Z,"RCII",2013-08-01T20:00:00Z,Buy,34.51,40.5,24,143.76,11.808349105246,-45.6,143.76,103.44,1,"	1722,2015" 
2012-05-01T20:00:00Z,"VLGEA",2013-12-02T21:00:00Z,Buy,27.14,38,25,271.5,5.5553599539987,-71.25,302.25,196.5,1,"	1726,2093" 
2012-06-01T20:00:00Z,"ATRO",2012-08-01T20:00:00Z,Buy,24.65,29.8,23,118.45,4.3945128768003,0,140.07,42.32,1,"	1744,1757" 
2012-06-01T20:00:00Z,"PETS",2012-08-01T20:00:00Z,Buy,11.17,9.6,47,-73.79,8.4944800925796,-85.07,55.46,140.53,0,"	1749,1765" 
2012-06-01T20:00:00Z,"GPS",2012-09-04T20:00:00Z,Buy,25.26,35.81,9,94.95,5.597155991037,0,97.65,11.16,1,"	1747,1781" 
2012-06-01T20:00:00Z,"AAP",2012-11-01T20:00:00Z,Buy,71.14,81,8,78.88,4.1961861123411,-44.4,78.88,69.92,1,"	1741,1814" 
2012-06-01T20:00:00Z,"KIRK",2013-01-02T21:00:00Z,Buy,10.55,10.96,44,18.04,8.2778241852531,-85.8,68.2,154,1,"	1748,1856" 
2012-06-01T20:00:00Z,"DISCA",2013-04-01T20:00:00Z,Buy,48.64,77.98,3,88.02,4.3910414874061,-0.42,92.67,20.16,1,"	1745,1905" 
2012-06-01T20:00:00Z,"DPZ",2013-05-01T20:00:00Z,Buy,28.91,54.64,21,540.33,5.0952364421342,-3.36,551.25,66.15,1,"	1746,1928" 
2012-06-01T20:00:00Z,"ALG",2013-09-03T20:00:00Z,Buy,29.65,45.72,7,112.49,4.2282142716208,-15.89,121.87,38.78,1,"	1743,2028" 
2012-06-01T20:00:00Z,"ALG",2013-12-02T21:00:00Z,Buy,29.65,57.13,4,109.92,2.1672753100624,-9.08,116.24,22.16,1,"	1743,2080" 
2012-06-01T20:00:00Z,"GPS",2013-12-02T21:00:00Z,Buy,25.26,41.58,20,326.4,10.703453554312,0,424,196,1,"	1747,2084" 
2012-06-01T20:00:00Z,"AEOS",2014-01-02T21:00:00Z,Buy,18.56,14.73,29,-111.07,8.2265895690074,-270.67,457.62,306.24,0,"	1742,2116" 
2012-06-01T20:00:00Z,"DISCA",2014-03-03T21:00:00Z,Buy,48.64,82.08,15,501.6,1.0886605856937,-2.1,627.3,197.4,1,"	1745,2168" 
2012-06-01T20:00:00Z,"RBIN",2014-08-01T20:00:00Z,Buy,22.575,42.31,24,473.64,2.1928201650978,-11.28,915.24,441.6,1,"	1750,2301" 
2012-06-01T20:00:00Z,"ALG",2014-09-02T20:00:00Z,Buy,29.65,49.03,12,232.56,3.8550034168,-27.24,372.48,160.32,1,"	1743,2319" 
2012-07-02T20:00:00Z,"MOV",2012-09-04T20:00:00Z,Buy,25.34,36.36,8,88.16,2.1375802156909,-27.6,88.16,28.24,1,"	1756,1785" 
2012-07-02T20:00:00Z,"DSW",2013-06-03T20:00:00Z,Buy,55.28,73.56,11,201.08,11.553253697352,-0.88,207.13,112.42,1,"	1755,1965" 
2012-07-02T20:00:00Z,"MOV",2013-09-03T20:00:00Z,Buy,25.34,41.62,11,179.08,6.1739460586607,-37.95,202.95,100.54,1,"	1756,2035" 
2012-08-01T20:00:00Z,"HHS",2012-09-04T20:00:00Z,Buy,6.17,7.2,89,91.67,6.6025603582264,0,91.67,24.92,1,"	1771,1782" 
2012-08-01T20:00:00Z,"K",2012-10-01T20:00:00Z,Buy,47.81,51.93,6,24.72,1.5482813218455,-71.58,58.5,8.82,1,"	1772,1794" 
2012-08-01T20:00:00Z,"SPTN",2012-10-01T20:00:00Z,Buy,16.42,15.51,12,-10.92,1.0572790697674,-18.36,26.16,18.36,0,"	1776,1796" 
2012-08-01T20:00:00Z,"MKSI",2012-12-03T21:00:00Z,Buy,25.81,24.02,8,-14.32,1.9325832453893,-44.64,63.04,42.72,0,"	1773,1836" 
2012-08-01T20:00:00Z,"GME",2013-03-01T21:00:00Z,Buy,16.07,24.05,16,127.68,1.0802496878901,-5.44,188.16,83.52,1,"	1770,1895" 
2012-08-01T20:00:00Z,"PZZA",2013-04-01T20:00:00Z,Buy,51.65,61.57,5,49.6,2.0957771591972,-23,52.85,34.75,1,"	1775,1910" 
2012-08-01T20:00:00Z,"GCI",2013-05-01T20:00:00Z,Buy,14.16,19.94,52,300.56,8.7352004276873,-8.32,411.32,111.28,1,"	1769,1929" 
2012-08-01T20:00:00Z,"PZZA",2013-05-01T20:00:00Z,Buy,51.65,63.01,9,102.24,3.9046924642179,-41.4,102.24,62.55,1,"	1775,1936" 
2012-08-01T20:00:00Z,"CORE",2013-07-01T20:00:00Z,Buy,47.32,63.97,4,66.6,4.8483078652044,-22.84,66.6,33.04,1,"	1767,1988" 
2012-08-01T20:00:00Z,"NEU",2013-09-03T20:00:00Z,Buy,234.41,273.45,1,39.04,1.0050985296677,-60.95,53.75,46.51,1,"	1768,2032" 
2012-08-01T20:00:00Z,"NC",2013-12-02T21:00:00Z,Buy,100.02,63.46,6,-219.36,2.1083672360186,-339.3,152.34,491.64,0,"	1774,2090" 
2012-08-01T20:00:00Z,"CORE",2014-07-01T20:00:00Z,Buy,23.66,46.92,6,139.56,1.0308481262327,-17.13,139.56,27.18,1,"	1767,2275" 
2012-08-01T20:00:00Z,"CORE",2014-08-01T20:00:00Z,Buy,23.66,46.94,5,116.4,1.6834746603607,-14.28,117.95,22.65,1,"	1767,2294" 
2012-08-01T20:00:00Z,"CORE",2014-10-01T20:00:00Z,Buy,23.66,51.69,9,252.27,1.043854638009,-25.7,278.19,40.77,1,"	1767,2349" 
2012-08-01T20:00:00Z,"CORE",2015-02-02T21:00:00Z,Buy,23.66,67.5,3,131.52,1.8687014080772,-8.56,136.92,13.8,1,"	1767,2430" 
2012-08-01T20:00:00Z,"CORE",2015-11-02T21:00:00Z,Buy,23.66,80.58,8,455.36,5.0707147381952,-22.84,461.04,150,1,"	1767,2640" 
2012-09-04T20:00:00Z,"UFS",2012-10-01T20:00:00Z,Buy,73.78,77.25,3,10.41,1.9904990834197,-80.49,93.66,9.54,1,"	1789,1798" 
2012-09-04T20:00:00Z,"DAR",2013-04-01T20:00:00Z,Buy,17.01,17.65,17,10.88,1.2457987491216,-90.27,29.24,55.76,1,"	1786,1904" 
2012-09-04T20:00:00Z,"WDC",2013-04-01T20:00:00Z,Buy,42.32,50.4,4,32.32,2.0807650928117,-35.56,33.68,38.64,1,"	1790,1913" 
2012-09-04T20:00:00Z,"NHC",2013-05-01T20:00:00Z,Buy,44.88,45.03,15,2.25,9.9131997623239,-2.25,79.35,79.95,1,"	1788,1935" 
2012-09-04T20:00:00Z,"ENS",2014-03-03T21:00:00Z,Buy,39.32,69.81,5,152.45,2.1195650298259,-37.75,166.15,37.75,1,"	1787,2169" 
2012-09-04T20:00:00Z,"ENS",2014-11-03T21:00:00Z,Buy,39.32,62.46,13,300.82,1.1044315286624,-98.15,449.15,286.52,1,"	1787,2369" 
2012-09-04T20:00:00Z,"WDC",2015-08-03T20:00:00Z,Buy,42.32,85.85,8,348.24,1.069829188938,-71.12,575.68,302.32,1,"	1790,2576" 
2012-10-01T20:00:00Z,"AAP",2012-11-01T20:00:00Z,Buy,68,81,4,52,1.0198714202221,-9.64,52,17.68,1,"	1799,1814" 
2012-10-01T20:00:00Z,"WCC",2012-11-01T20:00:00Z,Buy,57.72,65.36,4,30.56,2.0857388745656,-6.44,30.56,13.56,1,"	1812,1821" 
2012-10-01T20:00:00Z,"CTB",2012-12-03T21:00:00Z,Buy,19.5,24.96,9,49.14,3.4072763631514,-7.29,49.32,14.85,1,"	1801,1831" 
2012-10-01T20:00:00Z,"ICFI",2012-12-03T21:00:00Z,Buy,20.25,21.62,14,19.18,1.0705223880597,-28,82.18,28,1,"	1806,1834" 
2012-10-01T20:00:00Z,"LANC",2012-12-03T21:00:00Z,Buy,72.67,76.87,4,16.8,1.9441176117197,-39.48,16.8,16.32,1,"	1808,1835" 
2012-10-01T20:00:00Z,"GWW",2013-01-02T21:00:00Z,Buy,211.11,207.73,1,-3.38,1.2405465764138,-133.08,8.79,29.64,0,"	1805,1854" 
2012-10-01T20:00:00Z,"TDY",2013-01-02T21:00:00Z,Buy,64,66.66,5,13.3,1.4677057790428,-57.05,13.3,26.8,1,"	1810,1858" 
2012-10-01T20:00:00Z,"FTK",2013-02-01T21:00:00Z,Buy,12.9,14.03,37,41.81,2.3811926506789,-106.93,41.81,116.18,1,"	1804,1876" 
2012-10-01T20:00:00Z,"ENTG",2013-04-01T20:00:00Z,Buy,8.35,9.65,26,33.8,1.1335178351784,-58.24,54.34,17.94,1,"	1803,1907" 
2012-10-01T20:00:00Z,"VDSI",2013-04-01T20:00:00Z,Buy,9.35,8.43,49,-45.08,5.4196807656266,-115.64,0,115.64,0,"	1811,1912" 
2012-10-01T20:00:00Z,"SAIA",2013-05-01T20:00:00Z,Buy,20.67,40.18,8,156.08,7.6728424775184,-5.36,162,20.8,1,"	1809,1939" 
2012-10-01T20:00:00Z,"WCC",2013-05-01T20:00:00Z,Buy,57.72,68.02,9,92.7,3.924376577745,-14.49,177.48,100.53,1,"	1812,1943" 
2012-10-01T20:00:00Z,"CHS",2013-06-03T20:00:00Z,Buy,18.02,17.86,44,-7.04,8.4808782094753,-81.4,75.24,152.68,0,"	1800,1962" 
2012-10-01T20:00:00Z,"CTB",2013-07-01T20:00:00Z,Buy,19.5,33.27,12,165.24,1.0601808863431,-9.72,181.92,58.08,1,"	1801,1989" 
2012-10-01T20:00:00Z,"WMK",2013-07-01T20:00:00Z,Buy,42.28,45.44,6,18.96,1.7374142375859,-113.94,27.84,25.56,1,"	1813,1996" 
2012-10-01T20:00:00Z,"DK",2013-11-01T20:00:00Z,Buy,25.98,25.26,21,-15.12,6.465206101736,-122.01,304.92,426.93,0,"	1802,2064" 
2012-10-01T20:00:00Z,"CTB",2013-12-02T21:00:00Z,Buy,19.5,24.39,11,53.79,9.2253107443807,-8.91,166.76,124.3,1,"	1801,2082" 
2012-10-01T20:00:00Z,"SAIA",2014-10-01T20:00:00Z,Buy,13.78000689,48.53,7,243.25,1.0342725988701,-3.13,278.46,44.38,1,"	1809,2356" 
2012-10-01T20:00:00Z,"KWR",2014-11-03T21:00:00Z,Buy,46.8,83.27,14,510.58,4.2996555780296,-12.46,510.58,205.8,1,"	1807,2373" 
2012-10-01T20:00:00Z,"SAIA",2015-05-01T20:00:00Z,Buy,13.78000689,41.08,19.999986500007,546,1.1209717791411,-8.93,855,337,1,"	1809,2507" 
2012-11-01T20:00:00Z,"CRMT",2013-01-02T21:00:00Z,Buy,42.52,40.98,17.500009749995,-26.95,1.4024735121554,-616.35,106.4,115.5,0,"	1823,1851" 
2012-11-01T20:00:00Z,"LFUS",2013-05-01T20:00:00Z,Buy,53.69,68.3,4,58.44,1.0200335820896,-60.52,64.52,22.84,1,"	1826,1932" 
2012-11-01T20:00:00Z,"ICUI",2013-06-03T20:00:00Z,Buy,59.54,71.28,21,246.54,14.107838634626,-72.87,257.25,164.64,1,"	1825,1968" 
2012-11-01T20:00:00Z,"PLUS",2013-07-01T20:00:00Z,Buy,36.84,61.04,6,145.2,2.1335673896226,-8.28,153.42,50.16,1,"	1828,1993" 
2012-11-01T20:00:00Z,"MED",2013-08-01T20:00:00Z,Buy,26.18,27.27,22,23.98,3.5601921455554,-86.9,134.2,221.1,1,"	1827,2013" 
2012-11-01T20:00:00Z,"CALM",2013-10-01T20:00:00Z,Buy,43.74,48.46,24,113.28,2.9232485489,-97.68,195.36,159.36,1,"	1822,2051" 
2012-11-01T20:00:00Z,"NC",2013-12-02T21:00:00Z,Buy,52,63.46,6,68.76,13.097293331841,-51.18,440.46,106.86,1,"	1829,2090" 
2012-11-01T20:00:00Z,"EGHT",2014-01-02T21:00:00Z,Buy,6.52,9.97,80,276,2.7906876239707,-37.6,433.6,240,1,"	1824,2118" 
2012-11-01T20:00:00Z,"PLUS",2014-06-02T20:00:00Z,Buy,36.84,56.56,14,276.08,1.0897619467466,-19.32,406.98,242.76,1,"	1828,2254" 
2012-11-01T20:00:00Z,"CRMT",2015-07-01T20:00:00Z,Buy,42.52,50.02,0.49999025000488,3.75,5.1560932363881,-17.61,7.24,3.84,1,"	1823,2554" 
2012-12-03T21:00:00Z,"INTC",2013-01-02T21:00:00Z,Buy,19.55,21.38,14,25.62,2.5158039834815,-2.66,134.82,11.9,1,"	1841,1855" 
2012-12-03T21:00:00Z,"KIRK",2013-01-02T21:00:00Z,Buy,9.25,10.96,26,44.46,1.5868203398133,-16.9,74.1,16.12,1,"	1842,1856" 
2012-12-03T21:00:00Z,"NHC",2013-05-01T20:00:00Z,Buy,44.74,45.03,5,1.45,1.0250055890901,-0.05,27.15,26.65,1,"	1844,1935" 
2012-12-03T21:00:00Z,"SCHL",2013-05-01T20:00:00Z,Buy,28.57,26.82,21,-36.75,5.1972090594904,-57.75,66.99,124.74,0,"	1847,1938" 
2012-12-03T21:00:00Z,"GIII",2013-07-01T20:00:00Z,Buy,37.56,48.42,9,97.74,4.6032360773302,-45.36,128.25,56.52,1,"	1839,1991" 
2012-12-03T21:00:00Z,"THO",2013-07-01T20:00:00Z,Buy,36.74,50.25,5,67.55,7.2220163903553,-8.1,67.55,43.8,1,"	1848,1994" 
2012-12-03T21:00:00Z,"WMK",2013-07-01T20:00:00Z,Buy,38.52,45.44,9,62.28,1.0443211454871,-137.07,75.6,21.69,1,"	1850,1996" 
2012-12-03T21:00:00Z,"PETS",2013-08-01T20:00:00Z,Buy,11.55,16.93,31,166.78,2.4469169714685,-22.01,174.22,62,1,"	1845,2014" 
2012-12-03T21:00:00Z,"RCII",2013-08-01T20:00:00Z,Buy,34.62,40.5,7,41.16,1.0348590333717,-14.07,41.16,30.17,1,"	1846,2015" 
2012-12-03T21:00:00Z,"LHCG",2013-09-03T20:00:00Z,Buy,19.48,22.63,9,28.35,3.0414103864782,-1.62,63.09,37.8,1,"	1843,2034" 
2012-12-03T21:00:00Z,"GPS",2013-12-02T21:00:00Z,Buy,34.51,41.58,6,42.42,1.030043528729,-55.5,71.7,58.8,1,"	1840,2084" 
2012-12-03T21:00:00Z,"GIII",2014-01-02T21:00:00Z,Buy,37.56,71.42,3,101.58,1.0145182274021,-15.12,109.86,24.75,1,"	1839,2119" 
2012-12-03T21:00:00Z,"PETS",2014-02-03T21:00:00Z,Buy,11.55,12.74,27,32.13,1.2937037037037,-19.17,151.74,119.61,1,"	1845,2149" 
2012-12-03T21:00:00Z,"LHCG",2014-06-02T20:00:00Z,Buy,19.48,20.38,33,29.7,9.3761513511622,-5.94,231.33,221.1,1,"	1843,2253" 
2012-12-03T21:00:00Z,"THO",2014-08-01T20:00:00Z,Buy,36.74,52.63,10,158.9,1.1291655654144,-16.2,274.2,115.3,1,"	1848,2302" 
2012-12-03T21:00:00Z,"GIII",2015-01-02T21:00:00Z,Buy,37.56,100,4,249.76,3.4439394693387,-20.16,254.96,63.6,1,"	1839,2411" 
2012-12-03T21:00:00Z,"WDC",2015-08-03T20:00:00Z,Buy,33.43,85.85,6,314.52,1.7876524904656,0,485.1,226.74,1,"	1849,2576" 
2013-01-02T21:00:00Z,"LNDC",2013-02-01T21:00:00Z,Buy,9.82,11.85,29,58.87,9.8341983556556,0,85.84,28.42,1,"	1869,1878" 
2013-01-02T21:00:00Z,"MSFT",2013-02-01T21:00:00Z,Buy,27.66,27.93,8,2.16,1.7789778363535,-10.56,34.8,9.6,1,"	1871,1879" 
2013-01-02T21:00:00Z,"VECO",2013-02-01T21:00:00Z,Buy,31.17,32.91,19,33.06,4.901389439984,-39.33,46.36,42.75,1,"	1874,1882" 
2013-01-02T21:00:00Z,"IPAR",2013-03-01T21:00:00Z,Buy,19.89,25.54,12,67.8,5.9226022055628,-0.72,67.8,14.76,1,"	1868,1896" 
2013-01-02T21:00:00Z,"UNH",2013-04-01T20:00:00Z,Buy,54.54,58.97,5,22.15,1.3696434746336,-63.45,28.6,23.6,1,"	1873,1911" 
2013-01-02T21:00:00Z,"HVT",2013-05-01T20:00:00Z,Buy,16.68,23.21,10,65.3,2.2686788897202,-4.1,73.8,15.9,1,"	1866,1930" 
2013-01-02T21:00:00Z,"MYGN",2013-05-01T20:00:00Z,Buy,27.68,27.24,29,-12.76,4.8964851400958,-101.21,26.39,101.21,0,"	1872,1934" 
2013-01-02T21:00:00Z,"BWS",2013-06-03T20:00:00Z,Buy,18.42,21.48,32.749959518723,100.21,1.1704627109418,-259.38,616.14,97.92,1,"	1861,1961" 
2013-01-02T21:00:00Z,"CHE",2013-06-03T20:00:00Z,Buy,70.8,70.87,4,0.28,5.1674040314327,-27.64,43.96,71.6,1,"	1863,1963" 
2013-01-02T21:00:00Z,"HUN",2013-06-03T20:00:00Z,Buy,16.25,19.12,45,129.15,2.4511353494689,0,159.3,126,1,"	1867,1967" 
2013-01-02T21:00:00Z,"CF",2013-08-01T20:00:00Z,Buy,207.24,195.98,1,-11.26,1.4624086495641,-86.46,23.2,60.16,0,"	1862,2011" 
2013-01-02T21:00:00Z,"CVX",2013-08-01T20:00:00Z,Buy,110.39,126.39,2,32,1.4225677510117,-36.2,34.74,19.22,1,"	1864,2012" 
2013-01-02T21:00:00Z,"CHE",2013-09-03T20:00:00Z,Buy,70.8,69.66,12,-13.68,1.0600172314762,-82.92,131.88,214.8,0,"	1863,2029" 
2013-01-02T21:00:00Z,"NEU",2013-09-03T20:00:00Z,Buy,272.27,273.45,1,1.18,1.0051920289855,-98.81,15.89,46.51,1,"	1865,2032" 
2013-01-02T21:00:00Z,"IPAR",2013-11-01T20:00:00Z,Buy,19.89,35.26,7,107.59,1.5127180294825,-0.42,107.59,58.59,1,"	1868,2066" 
2013-01-02T21:00:00Z,"LNDC",2013-11-01T20:00:00Z,Buy,9.82,11.7,53,99.64,2.8043433729633,0,318,227.37,1,"	1869,2067" 
2013-01-02T21:00:00Z,"LOPE",2013-11-01T20:00:00Z,Buy,23.53,46.63,8,184.8,4.5717978933485,-10.32,194.88,26.72,1,"	1870,2068" 
2013-01-02T21:00:00Z,"AEOS",2014-01-02T21:00:00Z,Buy,20.08,14.73,10,-53.5,1.048951730863,-108.53,142.6,93.1,0,"	1860,2116" 
2013-01-02T21:00:00Z,"LOPE",2014-05-01T20:00:00Z,Buy,23.53,45.99,19,426.74,10.740617602119,-24.51,516.8,167.58,1,"	1870,2220" 
2013-01-02T21:00:00Z,"IPAR",2014-06-02T20:00:00Z,Buy,19.89,29.27,25,234.5,1.1616856377636,-1.5,453.25,220.25,1,"	1868,2252" 
2013-01-02T21:00:00Z,"HVT",2015-02-02T21:00:00Z,Buy,16.68,24.79,10,81.1,3.4561298323258,-4.1,146.6,114.5,1,"	1866,2432" 
2013-01-02T21:00:00Z,"HVT",2015-04-01T20:00:00Z,Buy,16.68,24.05,23,169.51,3.7031324984227,-9.43,337.18,263.35,1,"	1866,2478" 
2013-02-01T21:00:00Z,"HIBB",2013-04-01T20:00:00Z,Buy,53.22,56,3.9999781749792,11.12,1.4266310132689,-155.2,38.76,14.4,1,"	1887,1909" 
2013-02-01T21:00:00Z,"IDT",2013-05-01T20:00:00Z,Buy,10.34,13.86,34,119.68,2.619652810581,-7.82,151.3,31.62,1,"	1888,1931" 
2013-02-01T21:00:00Z,"MGLN",2013-05-01T20:00:00Z,Buy,51.79,50.09,5,-8.5,1.8890574124463,-54.9,21.7,33.9,0,"	1889,1933" 
2013-02-01T21:00:00Z,"PZZA",2013-05-01T20:00:00Z,Buy,56.47,63.01,5,32.7,1.0251648841355,-47.1,32.7,25.9,1,"	1890,1936" 
2013-02-01T21:00:00Z,"DSW",2013-06-03T20:00:00Z,Buy,67.55,73.56,3,18.03,1.015138951143,-37.05,19.68,19.35,1,"	1885,1965" 
2013-02-01T21:00:00Z,"SCVL",2013-06-03T20:00:00Z,Buy,20.5,24.64,11.500012749994,47.61,1.0600879335613,-187.22,47.61,23.35,1,"	1892,1969" 
2013-02-01T21:00:00Z,"IDT",2013-07-01T20:00:00Z,Buy,10.34,19.31,16,143.52,1.0826538255752,-3.68,163.36,29.76,1,"	1888,1992" 
2013-02-01T21:00:00Z,"RES",2013-08-01T20:00:00Z,Buy,15.2,14.64,53,-29.68,5.5937251272283,-142.04,108.12,250.16,0,"	1891,2016" 
2013-02-01T21:00:00Z,"BGFV",2014-04-01T20:00:00Z,Buy,14.18,16.17,31,61.69,10.445841603203,-17.67,329.22,322.71,1,"	1884,2196" 
2013-02-01T21:00:00Z,"IDT",2014-06-02T20:00:00Z,Buy,10.34,16.64,41,258.3,1.2810132689988,-9.43,505.12,299.3,1,"	1888,2251" 
2013-02-01T21:00:00Z,"WOR",2014-06-02T20:00:00Z,Buy,27.89,40.15,30,367.8,2.3366048253859,-25.8,484.2,249.9,1,"	1893,2259" 
2013-02-01T21:00:00Z,"ALG",2014-09-02T20:00:00Z,Buy,34.4,49.03,6,87.78,1.0303886925795,-42.12,157.74,80.16,1,"	1883,2319" 
2013-02-01T21:00:00Z,"ENS",2014-11-03T21:00:00Z,Buy,41.51,62.46,5,104.75,1.0253542633765,-48.7,161.8,110.2,1,"	1886,2369" 
2013-02-01T21:00:00Z,"SCVL",2015-12-01T21:00:00Z,Buy,20.5,21.78,0.49998725000638,0.64,5.851203127351,-8.14,4.63,5.76,1,"	1892,2670" 
2013-03-01T21:00:00Z,"CHS",2013-06-03T20:00:00Z,Buy,16.96,17.86,12,10.8,1.0599293286219,-9.48,33.24,22.44,1,"	1899,1962" 
2013-03-01T21:00:00Z,"SXI",2014-01-02T21:00:00Z,Buy,55.19,63.15,17,135.32,6.6679906015119,-90.1,149.43,128.52,1,"	1901,2125" 
2013-03-01T21:00:00Z,"SIX",2014-03-03T21:00:00Z,Buy,33.755,40.6,30,205.35,8.0756097985946,-54.75,211.35,241.5,1,"	1900,2176" 
2013-03-01T21:00:00Z,"KAI",2015-04-01T20:00:00Z,Buy,24.87,53.73,7,202.02,6.527067246665,-3.85,202.02,54.04,1,"	1902,2479" 
2013-04-01T20:00:00Z,"CRUS",2013-05-01T20:00:00Z,Buy,22.05,18.89,11,-34.76,2.4706374140237,-48.07,251.02,49.06,0,"	1915,1926" 
2013-04-01T20:00:00Z,"DLX",2013-05-01T20:00:00Z,Buy,41.23,36.6,24,-111.12,6.8461821244806,-111.12,22.32,133.44,0,"	1916,1927" 
2013-04-01T20:00:00Z,"RGR",2013-05-01T20:00:00Z,Buy,49.57,49.62,4,0.2,1.019542676917,-138.88,40.92,14.12,1,"	1921,1937" 
2013-04-01T20:00:00Z,"WCC",2013-05-01T20:00:00Z,Buy,71.2,68.02,3,-9.54,1.7629348855418,-45.27,18.72,16.68,0,"	1925,1943" 
2013-04-01T20:00:00Z,"EXPE",2013-06-03T20:00:00Z,Buy,60.5,57.51,4,-11.96,1.0201633061156,-117.28,28,39.68,0,"	1917,1966" 
2013-04-01T20:00:00Z,"CTR",2013-07-01T20:00:00Z,Buy,24.2,25.32,9.5000127499936,10.64,2.1316539526345,-114.67,71.73,22.8,1,"	1914,1987" 
2013-04-01T20:00:00Z,"RCII",2013-08-01T20:00:00Z,Buy,36.16,40.5,6,26.04,1.0293665403357,-21.3,26.04,19.26,1,"	1920,2015" 
2013-04-01T20:00:00Z,"TASR",2013-09-03T20:00:00Z,Buy,7.61,11.97,27,117.72,2.4212109673864,-6.48,117.72,28.89,1,"	1922,2037" 
2013-04-01T20:00:00Z,"TASR",2013-11-01T20:00:00Z,Buy,7.61,16.89,23,213.44,1.1093050084412,-5.52,238.28,60.26,1,"	1922,2070" 
2013-04-01T20:00:00Z,"POWL",2013-12-02T21:00:00Z,Buy,52.25,65.5,3,39.75,3.3084810612957,-15.54,49.83,16.44,1,"	1919,2092" 
2013-04-01T20:00:00Z,"VLO",2013-12-02T21:00:00Z,Buy,44.97,46.83,5,9.3,3.2168317856933,-57.2,9.3,57.2,1,"	1924,2094" 
2013-04-01T20:00:00Z,"UNF",2014-01-02T21:00:00Z,Buy,90.35,106.12,14,220.78,9.9497701092125,-21,233.1,131.04,1,"	1923,2126" 
2013-04-01T20:00:00Z,"HCA",2014-02-03T21:00:00Z,Buy,40.72,48.46,21,162.54,6.4995061509409,-109.83,224.49,124.11,1,"	1918,2145" 
2013-04-01T20:00:00Z,"VLO",2014-02-03T21:00:00Z,Buy,44.97,48.85,11,42.68,5.1902719694482,-125.84,90.97,125.84,1,"	1924,2154" 
2013-04-01T20:00:00Z,"POWL",2014-03-03T21:00:00Z,Buy,52.25,67.62,11,169.07,11.814802426308,-56.98,182.71,106.59,1,"	1919,2175" 
2013-04-01T20:00:00Z,"TASR",2014-09-02T20:00:00Z,Buy,7.61,17.54,9,89.37,1.2966241225271,-2.16,116.01,90,1,"	1922,2332" 
2013-05-01T20:00:00Z,"CSGS",2013-09-03T20:00:00Z,Buy,20.36,23.65,53,174.37,5.7703727699995,-8.48,268.18,99.64,1,"	1945,2030" 
2013-05-01T20:00:00Z,"DAKT",2013-09-03T20:00:00Z,Buy,9.63,10.93,73,94.9,13.87918396039,0,138.7,78.11,1,"	1946,2031" 
2013-05-01T20:00:00Z,"MOV",2013-09-03T20:00:00Z,Buy,29.42,41.62,8,97.6,1.7232171973474,-60.24,114.96,34.48,1,"	1952,2035" 
2013-05-01T20:00:00Z,"QUAD",2013-09-03T20:00:00Z,Buy,19.69,31.6,8,95.28,5.4165344486483,0,113.2,20.24,1,"	1955,2036" 
2013-05-01T20:00:00Z,"CALM",2013-10-01T20:00:00Z,Buy,41.55,48.46,5,34.55,1.4097132030824,-9.4,51.65,32.05,1,"	1944,2051" 
2013-05-01T20:00:00Z,"IDCC",2013-10-01T20:00:00Z,Buy,43.45,37.7,16,-92,6.9931689560625,-127.52,67.84,195.36,0,"	1947,2052" 
2013-05-01T20:00:00Z,"LNN",2013-10-01T20:00:00Z,Buy,74.32,81.63,3,21.93,5.5522262820289,-1.83,41.79,27.84,1,"	1951,2053" 
2013-05-01T20:00:00Z,"NXST",2013-10-01T20:00:00Z,Buy,24.98,45.07,8,160.72,2.1533492535881,0,160.72,78.64,1,"	1953,2054" 
2013-05-01T20:00:00Z,"KELYA",2013-12-02T21:00:00Z,Buy,16.33,22.97,9,59.76,6.4165939540561,0,62.19,15.57,1,"	1950,2085" 
2013-05-01T20:00:00Z,"LNN",2013-12-02T21:00:00Z,Buy,74.32,77.86,8,28.32,3.0503582454545,-18.56,111.44,130,1,"	1951,2087" 
2013-05-01T20:00:00Z,"JCOM",2014-01-02T21:00:00Z,Buy,39.59,49.64,4,40.2,6.2560356638091,-3.96,64.6,47.28,1,"	1948,2120" 
2013-05-01T20:00:00Z,"K",2014-01-02T21:00:00Z,Buy,64.61,60.8,34,-129.54,9.8728699629365,-199.92,96.9,296.82,0,"	1949,2121" 
2013-05-01T20:00:00Z,"QUAD",2014-01-02T21:00:00Z,Buy,19.69,25.74,25,151.25,5.0787722427346,0,421.75,313.5,1,"	1955,2123" 
2013-05-01T20:00:00Z,"UTHR",2014-01-02T21:00:00Z,Buy,66.68,110.9,9,397.98,4.3687935757823,-45.9,430.47,81.09,1,"	1959,2127" 
2013-05-01T20:00:00Z,"WGO",2014-01-02T21:00:00Z,Buy,17.96,26.99,33,297.99,8.2868056000234,0,468.93,187.44,1,"	1960,2128" 
2013-05-01T20:00:00Z,"OTL",2014-02-03T21:00:00Z,Buy,41.85,41.8,23,-1.15,2.2508357535243,-44.16,157.78,158.93,0,"	1954,2147" 
2013-05-01T20:00:00Z,"TTEC",2014-03-03T21:00:00Z,Buy,20.8,24.04,30,97.2,7.2275553924266,0,183.3,168.6,1,"	1958,2178" 
2013-05-01T20:00:00Z,"NXST",2014-04-01T20:00:00Z,Buy,24.98,38.49,14,189.14,1.0974560234542,0,432.04,317.66,1,"	1953,2202" 
2013-05-01T20:00:00Z,"RS",2014-04-01T20:00:00Z,Buy,63.31,71.28,14,111.58,5.6009013831974,-14.84,179.34,131.6,1,"	1956,2203" 
2013-05-01T20:00:00Z,"TTEC",2014-05-01T20:00:00Z,Buy,20.8,24.22,30,102.6,1.271007045172,0,183.3,168.6,1,"	1958,2227" 
2013-05-01T20:00:00Z,"KELYA",2014-07-01T20:00:00Z,Buy,16.33,17.57,47,58.28,2.2420481621481,0,449.32,409.84,1,"	1950,2277" 
2013-05-01T20:00:00Z,"THO",2014-08-01T20:00:00Z,Buy,36.86,52.63,6,94.62,1.8890989726379,-10.44,163.8,69.18,1,"	1957,2302" 
2013-05-01T20:00:00Z,"JCOM",2014-09-02T20:00:00Z,Buy,39.59,53.76,20,283.4,2.0884666454502,-19.8,323,254,1,"	1948,2325" 
2013-05-01T20:00:00Z,"UTHR",2014-09-02T20:00:00Z,Buy,66.68,115.22,4,194.16,4.0037280277099,-20.4,204.6,113.48,1,"	1959,2334" 
2013-06-03T20:00:00Z,"GCI",2013-07-01T20:00:00Z,Buy,20.8,25.21,28,123.48,13.390132197427,-26.6,162.4,84.56,1,"	1979,1990" 
2013-06-03T20:00:00Z,"CF",2013-08-01T20:00:00Z,Buy,193.59,195.98,2,4.78,2.0533005504023,-145.62,73.7,48.28,1,"	1972,2011" 
2013-06-03T20:00:00Z,"CVX",2013-08-01T20:00:00Z,Buy,124.09,126.39,2,4.6,1.3666350695513,-63.6,7.34,14.54,1,"	1973,2012" 
2013-06-03T20:00:00Z,"NEU",2013-09-03T20:00:00Z,Buy,276.39,273.45,1,-2.94,2.1057051990265,-102.93,11.77,19.16,0,"	1977,2032" 
2013-06-03T20:00:00Z,"PLPC",2013-12-02T21:00:00Z,Buy,69.68,68.74,7,-6.58,9.7016747035275,-29.12,159.46,179.27,0,"	1983,2091" 
2013-06-03T20:00:00Z,"ANF",2014-01-02T21:00:00Z,Buy,49.71,32.01,13,-230.1,6.0322814522063,-233.87,27.17,261.04,0,"	1971,2117" 
2013-06-03T20:00:00Z,"CYH",2014-02-03T21:00:00Z,Buy,48.56,40.21,19,-158.65,2.212291730011,-217.17,49.78,266.95,0,"	1974,2143" 
2013-06-03T20:00:00Z,"DLX",2014-02-03T21:00:00Z,Buy,37.37,45.84,5,42.35,3.8142230401503,-18.35,80.75,38.4,1,"	1976,2144" 
2013-06-03T20:00:00Z,"PLPC",2014-02-03T21:00:00Z,Buy,69.68,65.5,9,-37.62,3.7018384370563,-37.62,205.02,242.64,0,"	1983,2150" 
2013-06-03T20:00:00Z,"SANM",2014-02-03T21:00:00Z,Buy,13.85,16.11,42,94.92,14.635494053161,-13.44,179.76,149.94,1,"	1984,2152" 
2013-06-03T20:00:00Z,"DISCA",2014-03-03T21:00:00Z,Buy,79.01,82.08,3,9.21,2.010661239723,-91.53,34.35,39.48,1,"	1975,2168" 
2013-06-03T20:00:00Z,"FSLR",2014-04-01T20:00:00Z,Buy,53.33,70.89,4,70.24,2.0448325171753,-67.44,82.08,79.72,1,"	1978,2198" 
2013-06-03T20:00:00Z,"UACL",2014-04-01T20:00:00Z,Buy,25.76,28.98,25,80.5,15.129593238597,-73.25,180.75,207.5,1,"	1985,2204" 
2013-06-03T20:00:00Z,"DLX",2014-05-01T20:00:00Z,Buy,37.37,54.98,23,405.03,1.1150627843494,-84.41,405.03,184,1,"	1976,2218" 
2013-06-03T20:00:00Z,"UEIC",2014-06-02T20:00:00Z,Buy,27.65,42.96,6,91.86,7.9386475496597,-7.62,107.82,60.18,1,"	1986,2258" 
2013-06-03T20:00:00Z,"NR",2014-07-01T20:00:00Z,Buy,11.34,12.56,64,78.08,2.8546663979443,-53.76,138.24,190.72,1,"	1982,2278" 
2013-06-03T20:00:00Z,"LZB",2014-10-01T20:00:00Z,Buy,18.5,19.45,11,10.45,2.0567385030105,-82.17,137.83,127.38,1,"	1981,2352" 
2013-06-03T20:00:00Z,"FSLR",2014-12-01T21:00:00Z,Buy,53.33,45.76,1,-7.57,1.0515737704918,-16.86,20.52,28.09,0,"	1978,2398" 
2013-06-03T20:00:00Z,"GCI",2015-03-02T21:00:00Z,Buy,20.8,35.84,6,90.24,1.0303728813559,-5.7,90.24,49.32,1,"	1979,2455" 
2013-06-03T20:00:00Z,"GCI",2015-07-01T20:00:00Z,Buy,20.8,32.97,7,85.19,2.1472290087931,-6.65,120.47,57.54,1,"	1979,2555" 
2013-06-03T20:00:00Z,"GIII",2015-07-01T20:00:00Z,Buy,21.37,71.25,8,399.04,2.0709605515861,-40.88,405.68,63.6,1,"	1980,2556" 
2013-06-03T20:00:00Z,"UEIC",2015-08-03T20:00:00Z,Buy,27.65,50.71,18,415.08,1.1076022376543,-22.86,696.78,316.08,1,"	1986,2575" 
2013-07-01T20:00:00Z,"MED",2013-08-01T20:00:00Z,Buy,26.41,27.27,8,6.88,1.0410093167702,-33.44,46.96,12.88,1,"	2004,2013" 
2013-07-01T20:00:00Z,"IDCC",2013-10-01T20:00:00Z,Buy,39.26,37.7,5,-7.8,1.0219820828667,-18.9,42.15,27.75,0,"	2002,2052" 
2013-07-01T20:00:00Z,"BKE",2013-12-02T21:00:00Z,Buy,52.9,52.07,4,-3.32,1.679380084363,-166.75,16.96,41.32,0,"	1998,2081" 
2013-07-01T20:00:00Z,"MXIM",2013-12-02T21:00:00Z,Buy,27.64,28.22,9,5.22,1.0447732181425,-59.04,51.03,19.08,1,"	2006,2089" 
2013-07-01T20:00:00Z,"AEOS",2014-01-02T21:00:00Z,Buy,18.41,14.73,14.99997092998,-55.2,1.0806571741512,-137.75,238.95,102.15,0,"	1997,2116" 
2013-07-01T20:00:00Z,"KLIC",2014-01-02T21:00:00Z,Buy,11.04,13.06,84,169.68,2.8316615589607,-5.04,220.08,158.76,1,"	2003,2122" 
2013-07-01T20:00:00Z,"HCA",2014-02-03T21:00:00Z,Buy,36.94,48.46,7,80.64,1.4627370018688,-10.15,101.29,33.32,1,"	2000,2145" 
2013-07-01T20:00:00Z,"OTL",2014-02-03T21:00:00Z,Buy,40.75,41.8,6,6.3,1.7431795901355,-4.92,47.76,41.46,1,"	2007,2147" 
2013-07-01T20:00:00Z,"PETS",2014-02-03T21:00:00Z,Buy,12.85,12.74,19,-2.09,1.0968849206349,-38.19,82.08,84.17,0,"	2008,2149" 
2013-07-01T20:00:00Z,"VLO",2014-02-03T21:00:00Z,Buy,34.25,48.85,7,102.2,1.0344765602531,-5.04,132.93,30.73,1,"	2009,2154" 
2013-07-01T20:00:00Z,"HOC",2014-03-03T21:00:00Z,Buy,40.74,44.88,5,20.7,1.0238078541374,-94.7,88.45,32.9,1,"	2001,2170" 
2013-07-01T20:00:00Z,"MPC",2014-04-01T20:00:00Z,Buy,70.38,89.54,12,229.92,2.1211491829088,-99.36,289.2,155.88,1,"	2005,2201" 
2013-07-01T20:00:00Z,"DDS",2014-06-02T20:00:00Z,Buy,82.17,112.36,6,181.14,6.517149578307,-38.4,183.48,81.54,1,"	1999,2250" 
2013-07-01T20:00:00Z,"DDS",2014-12-01T21:00:00Z,Buy,82.17,116.64,2,68.94,1.6214398985729,-12.8,82.9,46.32,1,"	1999,2396" 
2013-08-01T20:00:00Z,"KIRK",2013-09-03T20:00:00Z,Buy,17.89,19.86,14,27.58,6.7611081424915,-22.26,43.26,26.46,1,"	2018,2033" 
2013-08-01T20:00:00Z,"DV",2013-11-01T20:00:00Z,Buy,30.63,34.91,24,102.72,2.2388849567356,-55.44,184.08,103.68,1,"	2017,2065" 
2013-08-01T20:00:00Z,"KIRK",2013-12-02T21:00:00Z,Buy,17.89,25.5,20,152.2,1.0995316159251,-31.8,155.4,79.6,1,"	2018,2086" 
2013-08-01T20:00:00Z,"LNN",2013-12-02T21:00:00Z,Buy,75.59,77.86,5,11.35,1.0251631158455,-17.95,63.3,81.25,1,"	2021,2087" 
2013-08-01T20:00:00Z,"OSK",2014-02-03T21:00:00Z,Buy,46.56,50.54,4,15.92,4.0202565545298,-6.56,35.76,25.72,1,"	2022,2148" 
2013-08-01T20:00:00Z,"KIRK",2014-03-03T21:00:00Z,Buy,17.89,17.76,15,-1.95,6.3076270530956,-23.85,116.55,133.8,0,"	2018,2172" 
2013-08-01T20:00:00Z,"LEA",2014-03-03T21:00:00Z,Buy,69.4,80.74,3,34.02,2.4906580327981,-1.95,41.13,33.36,1,"	2020,2173" 
2013-08-01T20:00:00Z,"POWL",2014-03-03T21:00:00Z,Buy,51.03,67.62,6,99.54,2.3534210699449,-23.76,106.98,58.14,1,"	2024,2175" 
2013-08-01T20:00:00Z,"RS",2014-04-01T20:00:00Z,Buy,70.74,71.28,4,2.16,2.151215628062,-33.96,21.52,37.6,1,"	2025,2203" 
2013-08-01T20:00:00Z,"PDFS",2014-05-01T20:00:00Z,Buy,20.95,18.93,41,-82.82,2.4664694903734,-152.52,223.86,376.38,0,"	2023,2221" 
2013-08-01T20:00:00Z,"LEA",2014-08-01T20:00:00Z,Buy,69.4,93.34,3,71.82,1.743880060673,-1.95,88.8,33.36,1,"	2020,2298" 
2013-08-01T20:00:00Z,"LEA",2014-09-02T20:00:00Z,Buy,69.4,102.25,2,65.7,1.372013608231,-1.3,65.7,22.24,1,"	2020,2326" 
2013-08-01T20:00:00Z,"OSK",2014-09-02T20:00:00Z,Buy,46.56,49.6,13,39.52,4.010807462068,-21.32,174.85,184.21,1,"	2022,2328" 
2013-08-01T20:00:00Z,"TASR",2014-09-02T20:00:00Z,Buy,8.91,17.54,25,215.75,1.1254222972973,-38.5,289.75,250,1,"	2026,2332" 
2013-08-01T20:00:00Z,"KWR",2014-11-03T21:00:00Z,Buy,67.05,83.27,4,64.88,1.3761080013886,-84.56,64.88,58.8,1,"	2019,2373" 
2013-08-01T20:00:00Z,"LEA",2015-03-02T21:00:00Z,Buy,69.4,111.48,2,84.16,1.010235034888,-1.3,84.16,50.12,1,"	2020,2456" 
2013-08-01T20:00:00Z,"LEA",2015-09-01T20:00:00Z,Buy,69.4,99.33,2,59.86,1.0096633913805,-1.3,97.06,50.12,1,"	2020,2596" 
2013-08-01T20:00:00Z,"LEA",2015-10-01T20:00:00Z,Buy,69.4,109.68,2,80.56,1.010082735797,-1.3,97.06,50.12,1,"	2020,2620" 
2013-09-03T20:00:00Z,"DK",2013-11-01T20:00:00Z,Buy,25.31,25.26,10,-0.5,1.0509050683829,-51.4,151.9,51.4,0,"	2039,2064" 
2013-09-03T20:00:00Z,"GPS",2013-12-02T21:00:00Z,Buy,40.72,41.58,6,5.16,1.0302002472188,-92.76,34.44,33.9,1,"	2041,2084" 
2013-09-03T20:00:00Z,"K",2014-01-02T21:00:00Z,Buy,60.75,60.8,4,0.2,1.0200131774008,-8.08,26.84,16.12,1,"	2043,2121" 
2013-09-03T20:00:00Z,"SXI",2014-01-02T21:00:00Z,Buy,52.92,63.15,4,40.92,1.0198239370669,-12.12,44.24,22.44,1,"	2049,2125" 
2013-09-03T20:00:00Z,"SAFM",2014-02-03T21:00:00Z,Buy,64.75,71.97,3.0000044999977,21.66,1.0889966401955,-137.53,35.19,22.14,1,"	2046,2151" 
2013-09-03T20:00:00Z,"ICFI",2014-03-03T21:00:00Z,Buy,32.95,40.23,17,123.76,10.254097721831,-10.2,138.72,65.11,1,"	2042,2171" 
2013-09-03T20:00:00Z,"SIX",2014-03-03T21:00:00Z,Buy,33.25,40.6,8,58.8,1.0402908209633,-10.56,60.4,35.36,1,"	2047,2176" 
2013-09-03T20:00:00Z,"USMO",2014-03-03T21:00:00Z,Buy,13.92,14.37,74,33.3,9.8617058149262,-85.84,116.92,202.76,1,"	2050,2179" 
2013-09-03T20:00:00Z,"PPC",2014-05-01T20:00:00Z,Buy,15.59,22.05,36,232.56,8.195822285259,-60.12,249.12,124.2,1,"	2045,2222" 
2013-09-03T20:00:00Z,"KELYA",2014-07-01T20:00:00Z,Buy,18.4,17.57,13,-10.79,1.0657142857143,-26.91,97.37,113.36,0,"	2044,2277" 
2013-09-03T20:00:00Z,"SAFM",2014-07-01T20:00:00Z,Buy,64.75,97.92,3,99.51,2.1063248366893,-137.53,99.51,22.14,1,"	2046,2279" 
2013-09-03T20:00:00Z,"ICFI",2014-11-03T21:00:00Z,Buy,32.95,36.26,21,69.51,1.1746147495872,-52.92,175.35,228.27,1,"	2042,2372" 
2013-09-03T20:00:00Z,"FSLR",2014-12-01T21:00:00Z,Buy,36.87,45.76,6,53.34,1.0301225490196,-2.4,221.88,168.54,1,"	2040,2398" 
2013-09-03T20:00:00Z,"SMP",2015-05-01T20:00:00Z,Buy,30.84,36.25,8,43.28,2.5952795132968,-164.4,116.88,99.2,1,"	2048,2509" 
2013-09-03T20:00:00Z,"ABFS",2015-12-01T21:00:00Z,Buy,24.76,24.33,16,-6.88,9.0769774511834,-50.24,361.12,372,0,"	2038,2662" 
2013-10-01T20:00:00Z,"SYNA",2013-11-01T20:00:00Z,Buy,45.92,45.49,19,-8.17,9.3250766582651,-20.9,173.85,194.75,0,"	2060,2069" 
2013-10-01T20:00:00Z,"BKE",2013-12-02T21:00:00Z,Buy,54.49,52.07,2.9999616674754,-7.26,1.3007467383346,-129.83,7.95,23.28,0,"	2056,2081" 
2013-10-01T20:00:00Z,"CVI",2013-12-02T21:00:00Z,Buy,38.81,40.03,7,8.54,1.8530269381549,-152.67,220.99,54.88,1,"	2057,2083" 
2013-10-01T20:00:00Z,"NC",2013-12-02T21:00:00Z,Buy,56.61,63.46,4,27.4,1.0815311423281,-52.56,275.2,16.52,1,"	2058,2090" 
2013-10-01T20:00:00Z,"ANF",2014-01-02T21:00:00Z,Buy,35.91,32.01,6,-23.4,1.0304580152672,-25.14,95.34,39.54,0,"	2055,2117" 
2013-10-01T20:00:00Z,"PLPC",2014-02-03T21:00:00Z,Buy,72.12,65.5,3,-19.86,1.6077776632513,-19.86,61.02,80.88,0,"	2059,2150" 
2013-10-01T20:00:00Z,"TSN",2014-02-03T21:00:00Z,Buy,28.5,36.02,13,97.76,4.0471633013334,-12.22,115.7,28.73,1,"	2061,2153" 
2013-10-01T20:00:00Z,"VLO",2014-02-03T21:00:00Z,Buy,33.84,48.85,6,90.06,1.8069426777648,-1.86,116.4,26.34,1,"	2062,2154" 
2013-10-01T20:00:00Z,"TSN",2014-06-02T20:00:00Z,Buy,28.5,43.4,6,89.4,2.3582348979699,-5.64,93.06,34.56,1,"	2061,2257" 
2013-10-01T20:00:00Z,"TSN",2015-02-02T21:00:00Z,Buy,28.5,39.57,27,298.89,1.1368327356557,-25.38,418.77,239.22,1,"	2061,2439" 
2013-11-01T20:00:00Z,"CTB",2013-12-02T21:00:00Z,Buy,25.91,24.39,11,-16.72,1.0547885428681,-79.42,96.25,39.05,0,"	2072,2082" 
2013-11-01T20:00:00Z,"LDOS",2014-01-02T21:00:00Z,Buy,47.41,46.25,9,-10.44,9.8724827561661,-61.29,14.49,75.78,0,"	2078,2124" 
2013-11-01T20:00:00Z,"HHS",2014-02-03T21:00:00Z,Buy,7.98,6.86,100,-112,13.584911830859,-127,18,145,0,"	2075,2146" 
2013-11-01T20:00:00Z,"KIRK",2014-03-03T21:00:00Z,Buy,17.75,17.76,13,0.13,1.065,-18.85,102.83,115.96,1,"	2076,2172" 
2013-11-01T20:00:00Z,"LDOS",2014-05-01T20:00:00Z,Buy,47.41,37.29,22,-222.64,1.1401879699248,-280.94,35.42,316.36,0,"	2078,2223" 
2013-11-01T20:00:00Z,"LHCG",2014-06-02T20:00:00Z,Buy,20.66,20.38,12,-3.36,1.0601747572816,-16.32,69.96,50.64,0,"	2077,2253" 
2013-11-01T20:00:00Z,"WNC",2014-12-01T21:00:00Z,Buy,11.6,10.54,64,-67.84,9.0386887615582,-135.04,202.24,337.28,0,"	2079,2399" 
2013-11-01T20:00:00Z,"DECK",2015-12-01T21:00:00Z,Buy,68.56,48.91,8,-157.2,2.878535865172,-296.24,392.64,424.72,0,"	2073,2664" 
2013-12-02T21:00:00Z,"K",2014-01-02T21:00:00Z,Buy,60.57,60.8,4,0.92,1.0199769129288,-7.36,27.56,6.76,1,"	2100,2121" 
2013-12-02T21:00:00Z,"UNF",2014-01-02T21:00:00Z,Buy,100.29,106.12,2,11.66,1.0098092723005,-22.88,13.42,4.96,1,"	2115,2126" 
2013-12-02T21:00:00Z,"CYH",2014-02-03T21:00:00Z,Buy,41.45,40.21,5,-6.2,2.3987645207882,-21.6,48.65,21.6,0,"	2097,2143" 
2013-12-02T21:00:00Z,"PETS",2014-02-03T21:00:00Z,Buy,15.22,12.74,15,-37.2,1.1108438545682,-65.7,29.25,58.65,0,"	2104,2149" 
2013-12-02T21:00:00Z,"SANM",2014-02-03T21:00:00Z,Buy,15.17,16.11,14,13.16,1.7718669970151,-22.96,41.44,26.6,1,"	2107,2152" 
2013-12-02T21:00:00Z,"MTRX",2014-03-03T21:00:00Z,Buy,21.82,33.06,25,281,15.792792044889,-10.5,281,77.25,1,"	2102,2174" 
2013-12-02T21:00:00Z,"RS",2014-04-01T20:00:00Z,Buy,73.34,71.28,4,-8.24,2.1802741397222,-44.36,11.12,37.6,0,"	2105,2203" 
2013-12-02T21:00:00Z,"UACL",2014-04-01T20:00:00Z,Buy,28.4,28.98,8,4.64,2.0441843974859,-44.56,36.72,66.4,1,"	2114,2204" 
2013-12-02T21:00:00Z,"SPTN",2014-05-01T20:00:00Z,Buy,23.56,21.53,53,-107.59,2.5339890420389,-107.59,81.09,188.68,0,"	2109,2225" 
2013-12-02T21:00:00Z,"STMP",2014-05-01T20:00:00Z,Buy,46.02,29.12,15,-253.5,9.4594118612711,-253.5,0,253.5,0,"	2110,2226" 
2013-12-02T21:00:00Z,"TTEC",2014-05-01T20:00:00Z,Buy,25.16,24.22,13,-12.22,1.8797751909507,-56.68,22.75,50.31,0,"	2113,2227" 
2013-12-02T21:00:00Z,"PLUS",2014-06-02T20:00:00Z,Buy,53.67,56.56,4,11.56,1.0198704183636,-72.84,48.96,44.44,1,"	2101,2254" 
2013-12-02T21:00:00Z,"SYNA",2014-06-02T20:00:00Z,Buy,50.27,66.45,3,48.54,5.2933422594192,-4.92,54.54,31.05,1,"	2111,2256" 
2013-12-02T21:00:00Z,"NR",2014-07-01T20:00:00Z,Buy,12.14,12.56,23,9.66,2.5307598999047,-37.72,31.28,45.08,1,"	2103,2278" 
2013-12-02T21:00:00Z,"SYNA",2014-07-01T20:00:00Z,Buy,50.27,91.88,5,208.05,4.9443270832306,-8.2,208.05,51.75,1,"	2111,2280" 
2013-12-02T21:00:00Z,"ANK",2014-08-01T20:00:00Z,Buy,55.5,58.88,4,13.52,12.390386648756,-9.44,45.6,51.72,1,"	2095,2292" 
2013-12-02T21:00:00Z,"CMCO",2014-08-01T20:00:00Z,Buy,26.42,23.16,38,-123.88,7.730913568867,-123.88,147.44,271.32,0,"	2096,2293" 
2013-12-02T21:00:00Z,"HLIT",2014-08-01T20:00:00Z,Buy,7.33,5.94,164,-227.96,16.751319633035,-264.04,63.96,328,0,"	2099,2296" 
2013-12-02T21:00:00Z,"THO",2014-08-01T20:00:00Z,Buy,54.25,52.63,5,-8.1,1.9538288295121,-95.65,49.55,57.65,0,"	2112,2302" 
2013-12-02T21:00:00Z,"SYNA",2014-11-03T21:00:00Z,Buy,50.27,65.72,6,92.7,1.0288119245945,-9.84,254.46,183.42,1,"	2111,2378" 
2013-12-02T21:00:00Z,"MTRX",2015-01-02T21:00:00Z,Buy,21.82,22.24,18,7.56,2.9913026979112,-47.34,277.02,324.36,1,"	2102,2416" 
2013-12-02T21:00:00Z,"ANK",2015-02-02T21:00:00Z,Buy,55.5,67.42,18,214.56,1.1116393195845,-42.48,317.88,239.94,1,"	2095,2429" 
2013-12-02T21:00:00Z,"SMP",2015-05-01T20:00:00Z,Buy,34.4,36.25,6,11.1,1.0297235023041,-144.66,66.3,74.4,1,"	2108,2509" 
2014-01-02T21:00:00Z,"HLS",2014-04-01T20:00:00Z,Buy,33.28,35.65,10,23.7,4.5723439659836,-32.3,26.5,46.5,1,"	2131,2199" 
2014-01-02T21:00:00Z,"LOPE",2014-05-01T20:00:00Z,Buy,43.21,45.99,7,19.46,1.0346869266055,-146.79,52.64,61.74,1,"	2134,2220" 
2014-01-02T21:00:00Z,"PPC",2014-05-01T20:00:00Z,Buy,15.95,22.05,15,91.5,2.3836382388662,-30.45,98.4,19.8,1,"	2138,2222" 
2014-01-02T21:00:00Z,"SNX",2014-05-01T20:00:00Z,Buy,66.22,66.48,6,1.56,3.9354230453637,-83.16,64.32,83.16,1,"	2140,2224" 
2014-01-02T21:00:00Z,"TTEC",2014-05-01T20:00:00Z,Buy,23.8,24.22,11,4.62,1.0546783625731,-33,34.21,28.6,1,"	2141,2227" 
2014-01-02T21:00:00Z,"XRX",2014-05-01T20:00:00Z,Buy,11.91,12.08,103,17.51,3.9645147790799,-165.83,54.59,220.42,1,"	2142,2229" 
2014-01-02T21:00:00Z,"HLS",2014-08-01T20:00:00Z,Buy,33.28,38.48,44,228.8,1.22086094443,-142.12,293.48,204.6,1,"	2131,2297" 
2014-01-02T21:00:00Z,"NUS",2014-08-01T20:00:00Z,Buy,138.07,59.03,6,-474.24,8.1948321337126,-476.28,0,476.28,0,"	2136,2300" 
2014-01-02T21:00:00Z,"OSK",2014-09-02T20:00:00Z,Buy,49.48,49.6,5,0.6,1.4687532977439,-22.8,52.65,70.85,1,"	2137,2328" 
2014-01-02T21:00:00Z,"RGR",2014-10-01T20:00:00Z,Buy,73.75,47.4,15,-395.25,2.1730278325652,-414.9,167.85,582.75,0,"	2139,2355" 
2014-01-02T21:00:00Z,"SNX",2014-10-01T20:00:00Z,Buy,66.22,63.14,10,-30.8,1.0488472845428,-138.6,107.2,171.8,0,"	2140,2357" 
2014-01-02T21:00:00Z,"HPQ",2015-01-02T21:00:00Z,Buy,27.66,40.24,5,62.9,3.2367027315657,-1.05,65.3,29.6,1,"	2132,2414" 
2014-01-02T21:00:00Z,"GES",2015-04-01T20:00:00Z,Buy,30.56,18.23,40,-493.2,14.926641822533,-553.2,35.6,588.8,0,"	2129,2476" 
2014-01-02T21:00:00Z,"HPQ",2015-05-01T20:00:00Z,Buy,27.66,33.8,29,178.06,5.4221324465616,-6.09,378.74,277.24,1,"	2132,2498" 
2014-01-02T21:00:00Z,"MRVL",2015-12-01T21:00:00Z,Buy,14.17,9.38,77,-368.83,2.8716688041769,-471.24,186.34,657.58,0,"	2135,2668" 
2014-02-03T21:00:00Z,"COLM",2014-03-03T21:00:00Z,Buy,73.4,83.24,3,29.52,10.47607179244,-1.65,34.11,8.13,1,"	2157,2167" 
2014-02-03T21:00:00Z,"KIRK",2014-03-03T21:00:00Z,Buy,17.58,17.76,13,2.34,1.0606850770048,-16.64,105.04,15.86,1,"	2163,2172" 
2014-02-03T21:00:00Z,"BGFV",2014-04-01T20:00:00Z,Buy,16.62,16.17,16,-7.2,2.0899308121038,-48.16,130.88,44.32,0,"	2155,2196" 
2014-02-03T21:00:00Z,"SNS",2014-04-01T20:00:00Z,Buy,425.68,488.1,0.25,15.6,1.0194837056023,-68.02,20.68,7.09,1,"	2158,2197" 
2014-02-03T21:00:00Z,"KFY",2014-04-01T20:00:00Z,Buy,22.58,30.45,19,149.53,7.2234549186311,-4.56,149.53,26.6,1,"	2162,2200" 
2014-02-03T21:00:00Z,"DXPE",2014-05-01T20:00:00Z,Buy,91.7,111.94,2,40.48,4.3495782754231,-1.26,43.02,30.6,1,"	2159,2219" 
2014-02-03T21:00:00Z,"IPAR",2014-06-02T20:00:00Z,Buy,31.74,29.27,8,-19.76,1.03901659496,-95.28,50.24,63.84,0,"	2161,2252" 
2014-02-03T21:00:00Z,"DXPE",2014-07-01T20:00:00Z,Buy,91.7,77.08,9,-131.58,3.1610199403208,-244.08,193.59,437.67,0,"	2159,2276" 
2014-02-03T21:00:00Z,"SNS",2014-09-02T20:00:00Z,Buy,425.68,348.79,3,-230.67,7.5770086845255,-816.24,248.1,478.77,0,"	2158,2321" 
2014-02-03T21:00:00Z,"PRFT",2014-09-02T20:00:00Z,Buy,20.01,17.59,37,-89.54,11.904454279332,-126.54,32.56,159.1,0,"	2166,2330" 
2014-02-03T21:00:00Z,"MU",2014-10-01T20:00:00Z,Buy,22.81,33.5,11,117.59,2.2220828696609,-18.48,130.13,54.56,1,"	2164,2353" 
2014-02-03T21:00:00Z,"CIR",2014-11-03T21:00:00Z,Buy,71.06,74.75,13,47.97,6.9442399560753,-121.94,143.39,265.33,1,"	2156,2366" 
2014-02-03T21:00:00Z,"OSTK",2014-11-03T21:00:00Z,Buy,20.72,23.59,22,63.14,2.2969849347062,-148.72,63.14,179.52,1,"	2165,2375" 
2014-02-03T21:00:00Z,"COLM",2014-12-01T21:00:00Z,Buy,36.7,43.66,5,34.8,1.4748586148317,-8.2,41.75,40.92,1,"	2157,2395" 
2014-02-03T21:00:00Z,"MU",2015-01-02T21:00:00Z,Buy,22.81,34.75,23,274.62,1.1141459582976,-38.64,314.64,175.03,1,"	2164,2417" 
2014-02-03T21:00:00Z,"COLM",2015-03-02T21:00:00Z,Buy,36.7,56.35,15,294.75,1.0756172839506,-24.6,294.75,122.78,1,"	2157,2454" 
2014-02-03T21:00:00Z,"COLM",2015-08-03T20:00:00Z,Buy,36.7,64.69,8,223.92,1.0361699748393,-13.12,278.72,65.48,1,"	2157,2569" 
2014-03-03T21:00:00Z,"NXST",2014-04-01T20:00:00Z,Buy,41.9,38.49,5,-17.05,1.800374044512,-84.6,69.7,56.25,0,"	2190,2202" 
2014-03-03T21:00:00Z,"PDFS",2014-05-01T20:00:00Z,Buy,19.36,18.93,10,-4.3,3.1629590104633,-21.3,70.5,27.7,0,"	2191,2221" 
2014-03-03T21:00:00Z,"LDOS",2014-05-01T20:00:00Z,Buy,44.67,37.29,6,-44.28,1.8385956769094,-60.18,26.1,63.78,0,"	2192,2223" 
2014-03-03T21:00:00Z,"STMP",2014-05-01T20:00:00Z,Buy,35.55,29.12,9,-57.87,2.1262062429291,-57.87,94.23,72,0,"	2193,2226" 
2014-03-03T21:00:00Z,"UHS",2014-05-01T20:00:00Z,Buy,81.07,83.32,3,6.75,5.7377425776952,-20.16,6.75,25.29,1,"	2195,2228" 
2014-03-03T21:00:00Z,"IDT",2014-06-02T20:00:00Z,Buy,18.24,16.64,15,-24,1.0762116991643,-121.95,66.3,56.7,0,"	2186,2251" 
2014-03-03T21:00:00Z,"NR",2014-07-01T20:00:00Z,Buy,11.18,12.56,18,24.84,2.6723233123672,-12.24,41.76,21.78,1,"	2189,2278" 
2014-03-03T21:00:00Z,"CMCO",2014-08-01T20:00:00Z,Buy,25.25,23.16,11,-22.99,1.7821655251747,-22.99,55.55,78.54,0,"	2180,2293" 
2014-03-03T21:00:00Z,"CSGS",2014-08-01T20:00:00Z,Buy,27.56,26.96,52,-31.2,9.7080047800423,-136.76,47.84,184.6,0,"	2182,2295" 
2014-03-03T21:00:00Z,"UHS",2014-08-01T20:00:00Z,Buy,81.07,105.37,5,121.5,4.4365065681988,-33.6,139.85,42.15,1,"	2195,2303" 
2014-03-03T21:00:00Z,"LZB",2014-10-01T20:00:00Z,Buy,25.37,19.45,10,-59.2,2.3831182604726,-143.4,56.6,88.1,0,"	2187,2352" 
2014-03-03T21:00:00Z,"NOC",2014-10-01T20:00:00Z,Buy,121.02,128.02,3,21,5.6564168392156,-13.05,37.92,25.05,1,"	2188,2354" 
2014-03-03T21:00:00Z,"DAL",2014-11-03T21:00:00Z,Buy,32.59,40.61,6,48.12,6.5581154245743,-10.14,57.84,67.98,1,"	2183,2367" 
2014-03-03T21:00:00Z,"GNTX",2014-11-03T21:00:00Z,Buy,31.14,32.68,45,69.3,2.5377730592107,-209.25,72,244.35,1,"	2185,2371" 
2014-03-03T21:00:00Z,"TTWO",2014-11-03T21:00:00Z,Buy,20,25.83,13,75.79,3.2725335357262,-15.47,83.85,45.11,1,"	2194,2379" 
2014-03-03T21:00:00Z,"NOC",2015-01-02T21:00:00Z,Buy,121.02,146.46,3,76.32,2.8800227970926,-13.05,93.75,37.11,1,"	2188,2418" 
2014-03-03T21:00:00Z,"TTWO",2015-03-02T21:00:00Z,Buy,20,26.06,35,212.1,3.1594812362743,-41.65,367.5,155.4,1,"	2194,2461" 
2014-03-03T21:00:00Z,"DAL",2015-04-01T20:00:00Z,Buy,32.59,43.26,24,256.08,1.115462633452,-40.56,435.36,271.92,1,"	2183,2474" 
2014-03-03T21:00:00Z,"UHS",2015-07-01T20:00:00Z,Buy,81.07,143.09,3,186.06,2.2690715701944,-20.16,186.06,51.12,1,"	2195,2559" 
2014-03-03T21:00:00Z,"NOC",2015-10-01T20:00:00Z,Buy,121.02,165.72,2,89.4,1.0099861404037,-8.7,109.2,37.84,1,"	2188,2624" 
2014-04-01T20:00:00Z,"SWKS",2014-05-01T20:00:00Z,Buy,37.61,41.3,5,18.45,8.1457913274542,-13.55,22.75,13.85,1,"	2206,2216" 
2014-04-01T20:00:00Z,"BBSI",2014-05-01T20:00:00Z,Buy,61.41,50.67,5,-53.7,2.8557041365745,-222.55,197.45,62.45,0,"	2208,2217" 
2014-04-01T20:00:00Z,"BAH",2014-06-02T20:00:00Z,Buy,22.32,22.09,12,-2.76,3.0968407208264,-11.16,32.16,34.92,0,"	2207,2247" 
2014-04-01T20:00:00Z,"LHCG",2014-06-02T20:00:00Z,Buy,22.3,20.38,14,-26.88,3.8373604676044,-42,58.66,27.02,0,"	2212,2253" 
2014-04-01T20:00:00Z,"SWKS",2014-08-01T20:00:00Z,Buy,37.61,52.07,7,101.22,3.6662915377788,-18.97,116.41,24.36,1,"	2206,2291" 
2014-04-01T20:00:00Z,"FF",2014-09-02T20:00:00Z,Buy,21.05,14,42,-296.1,2.4289655172414,-309.54,16.38,325.92,0,"	2210,2324" 
2014-04-01T20:00:00Z,"EPAM",2014-10-01T20:00:00Z,Buy,36.37,43.11,18,121.32,18.632136406917,-110.88,164.52,150.3,1,"	2209,2351" 
2014-04-01T20:00:00Z,"SWKS",2014-11-03T21:00:00Z,Buy,37.61,60.23,4,90.48,1.0206833791209,-10.84,90.48,54.08,1,"	2206,2364" 
2014-04-01T20:00:00Z,"SWKS",2015-02-02T21:00:00Z,Buy,37.61,82.02,13,577.33,3.657162862184,-35.23,605.54,175.76,1,"	2206,2428" 
2014-04-01T20:00:00Z,"MYGN",2015-05-01T20:00:00Z,Buy,35.15,34.18,19,-18.43,5.4226794864274,-59.66,134.14,193.8,0,"	2213,2502" 
2014-04-01T20:00:00Z,"BAH",2015-08-03T20:00:00Z,Buy,22.32,27.21,10,48.9,1.0490623873062,-15,81.5,60.2,1,"	2207,2567" 
2014-04-01T20:00:00Z,"BAH",2015-11-02T21:00:00Z,Buy,22.32,29.75,43,319.49,4.8272036568729,-64.5,350.45,258.86,1,"	2207,2638" 
2014-05-01T20:00:00Z,"CALM",2014-06-02T20:00:00Z,Buy,59.02,69.47,3,31.35,2.1238123708348,-1.05,32.22,3,1,"	2232,2248" 
2014-05-01T20:00:00Z,"DAKT",2014-06-02T20:00:00Z,Buy,12.98,11.97,32,-32.32,8.1394629897013,-37.76,47.68,85.44,0,"	2233,2249" 
2014-05-01T20:00:00Z,"LHCG",2014-06-02T20:00:00Z,Buy,20.82,20.38,10,-4.4,2.1813345307653,-15.2,56.7,6.8,0,"	2237,2253" 
2014-05-01T20:00:00Z,"POWI",2014-06-02T20:00:00Z,Buy,49.37,49.1,16,-4.32,2.1617317942552,-21.28,27.52,34.08,0,"	2243,2255" 
2014-05-01T20:00:00Z,"WOR",2014-06-02T20:00:00Z,Buy,37.02,40.15,7,21.91,1.0352092391304,-69.93,49.07,10.29,1,"	2246,2259" 
2014-05-01T20:00:00Z,"CALM",2014-09-02T20:00:00Z,Buy,59.02,81.34,4,89.28,1.0205637719631,-1.4,89.28,37.28,1,"	2232,2320" 
2014-05-01T20:00:00Z,"DAKT",2014-09-02T20:00:00Z,Buy,12.98,13.36,61,23.18,1.3096352583587,-119.56,90.89,210.45,1,"	2233,2322" 
2014-05-01T20:00:00Z,"MOV",2014-09-02T20:00:00Z,Buy,39.03,37.58,26,-37.7,2.2607481523057,-54.86,130.26,181.22,0,"	2239,2327" 
2014-05-01T20:00:00Z,"OSK",2014-09-02T20:00:00Z,Buy,54.94,49.6,4,-21.36,1.0197946315979,-40.08,20.28,46.88,0,"	2242,2328" 
2014-05-01T20:00:00Z,"CALM",2014-10-01T20:00:00Z,Buy,59.02,87.8,3,86.34,1.0147430874286,-1.05,96.99,27.96,1,"	2232,2348" 
2014-05-01T20:00:00Z,"NP",2014-11-03T21:00:00Z,Buy,50.23,61.73,4,46,3.073676829992,-9.64,46,23.92,1,"	2240,2374" 
2014-05-01T20:00:00Z,"OSTK",2014-11-03T21:00:00Z,Buy,15.33,23.59,15,123.9,1.0717696629213,-20.55,123.9,47.25,1,"	2241,2375" 
2014-05-01T20:00:00Z,"UNF",2015-01-02T21:00:00Z,Buy,95.76,120.15,2,48.78,7.9089582901329,-3.08,55.28,27.92,1,"	2244,2419" 
2014-05-01T20:00:00Z,"ANK",2015-02-02T21:00:00Z,Buy,57.15,67.42,4,41.08,1.019317221565,-16.04,64.04,44.32,1,"	2230,2429" 
2014-05-01T20:00:00Z,"LRW",2015-02-02T21:00:00Z,Buy,26.67,22.38,39,-167.31,2.4480432956847,-257.79,177.06,434.85,0,"	2236,2434" 
2014-05-01T20:00:00Z,"VMW",2015-03-02T21:00:00Z,Buy,92.05,86.59,10,-54.6,2.1260914511105,-169.9,115.9,285.8,0,"	2245,2462" 
2014-05-01T20:00:00Z,"GES",2015-04-01T20:00:00Z,Buy,27.04,18.23,9,-79.29,1.0452342007435,-92.79,39.69,105.48,0,"	2235,2476" 
2014-05-01T20:00:00Z,"AVT",2015-06-01T20:00:00Z,Buy,43.04,44.06,31,31.62,8.4696135640402,-201.5,126.48,266.91,1,"	2231,2532" 
2014-05-01T20:00:00Z,"CALM",2015-06-01T20:00:00Z,Buy,29.51,57.29,11,305.58,1.0555821132475,-1.92,333.85,143.44,1,"	2232,2533" 
2014-05-01T20:00:00Z,"CALM",2015-10-01T20:00:00Z,Buy,29.51,56.47,13,350.48,7.0515974979479,-2.28,394.55,169.52,1,"	2232,2615" 
2014-05-01T20:00:00Z,"MEI",2015-10-01T20:00:00Z,Buy,28.23,31.99,8,30.08,2.1367909348564,-34.08,163.04,197.12,1,"	2238,2623" 
2014-05-01T20:00:00Z,"NP",2015-10-01T20:00:00Z,Buy,50.23,58.27,4,32.16,1.019996568291,-9.64,52.08,31.2,1,"	2240,2625" 
2014-06-02T20:00:00Z,"KELYA",2014-07-01T20:00:00Z,Buy,17.67,17.57,12,-1.2,1.0596959459459,-16.08,98.64,19.92,0,"	2269,2277" 
2014-06-02T20:00:00Z,"MOD",2014-08-01T20:00:00Z,Buy,14.94,13.25,59,-99.71,6.2429453973007,-99.71,63.13,162.84,0,"	2270,2299" 
2014-06-02T20:00:00Z,"RBIN",2014-08-01T20:00:00Z,Buy,52.7,42.31,4,-41.56,1.0198381328816,-122.38,32.04,46.8,0,"	2272,2301" 
2014-06-02T20:00:00Z,"EGY",2014-09-02T20:00:00Z,Buy,6.29,8.88,24,62.16,4.2898785309826,0,75.12,19.2,1,"	2263,2323" 
2014-06-02T20:00:00Z,"PPC",2014-09-02T20:00:00Z,Buy,25.92,30.59,8,37.36,2.6444987637405,-12.08,46.32,30,1,"	2271,2329" 
2014-06-02T20:00:00Z,"SKX",2014-09-02T20:00:00Z,Buy,44.68,61.23,4,66.2,6.6717349669708,-1.28,66.2,12,1,"	2273,2331" 
2014-06-02T20:00:00Z,"TASR",2014-09-02T20:00:00Z,Buy,13.32,17.54,19,80.18,1.0953579502638,-113.05,136.42,71.82,1,"	2274,2332" 
2014-06-02T20:00:00Z,"GNTX",2014-11-03T21:00:00Z,Buy,28.79,32.68,8,31.12,1.0398201936376,-18.4,31.6,30.24,1,"	2265,2371" 
2014-06-02T20:00:00Z,"ICFI",2014-11-03T21:00:00Z,Buy,37.15,36.26,8,-7.12,2.1491785495565,-53.76,33.2,64.4,0,"	2268,2372" 
2014-06-02T20:00:00Z,"PPC",2014-11-03T21:00:00Z,Buy,25.92,28.9,9,26.82,6.2683590799199,-13.59,60.84,60.93,1,"	2271,2376" 
2014-06-02T20:00:00Z,"EGY",2014-12-01T21:00:00Z,Buy,6.29,5.94,65,-22.75,1.3369109947644,-36.4,203.45,239.85,0,"	2263,2397" 
2014-06-02T20:00:00Z,"FSLR",2014-12-01T21:00:00Z,Buy,62.7,45.76,4,-67.76,2.1785932774891,-104.92,44.6,108.08,0,"	2264,2398" 
2014-06-02T20:00:00Z,"CRUS",2015-01-02T21:00:00Z,Buy,22.02,23.71,41,69.29,5.7529059157999,-210.74,115.21,325.95,1,"	2261,2410" 
2014-06-02T20:00:00Z,"HURN",2015-02-02T21:00:00Z,Buy,67.97,75.13,15,107.4,15.416407851595,-112.95,148.8,162.75,1,"	2267,2433" 
2014-06-02T20:00:00Z,"HVT",2015-04-01T20:00:00Z,Buy,24.97,24.05,9,-8.28,1.2268211691941,-78.3,57.33,60.21,0,"	2266,2478" 
2014-06-02T20:00:00Z,"PPC",2015-05-01T20:00:00Z,Buy,25.92,25.44,25,-12,5.3721915167283,-83.25,291.75,375,0,"	2271,2504" 
2014-06-02T20:00:00Z,"SKX",2015-05-01T20:00:00Z,Buy,44.68,91.67,7,328.93,1.035681161032,-2.24,328.93,101.85,1,"	2273,2508" 
2014-06-02T20:00:00Z,"SKX",2015-08-03T20:00:00Z,Buy,44.68,148.65,4,415.88,1.0197607178465,-1.28,423.08,58.2,1,"	2273,2574" 
2014-06-02T20:00:00Z,"DECK",2015-12-01T21:00:00Z,Buy,78.43,48.91,4,-118.08,1.0202949928839,-187.6,156.84,212.36,0,"	2262,2664" 
2014-07-01T20:00:00Z,"THO",2014-08-01T20:00:00Z,Buy,56.93,52.63,5,-21.5,1.9960467647466,-109.05,36.15,21.5,0,"	2289,2302" 
2014-07-01T20:00:00Z,"RGR",2014-10-01T20:00:00Z,Buy,59.46,47.4,5,-60.3,1.6929563969052,-66.85,127.4,69.05,0,"	2288,2355" 
2014-07-01T20:00:00Z,"ENS",2014-11-03T21:00:00Z,Buy,69.67,62.46,3,-21.63,1.1288420976414,-113.7,12.6,53.52,0,"	2282,2369" 
2014-07-01T20:00:00Z,"PSX",2014-11-03T21:00:00Z,Buy,80.6,76.68,3,-11.76,2.1148635932183,-38.13,20.73,58.86,0,"	2287,2377" 
2014-07-01T20:00:00Z,"PSX",2015-02-02T21:00:00Z,Buy,80.6,72.8,3,-23.4,1.0155400597695,-64.53,20.73,85.26,0,"	2287,2437" 
2014-07-01T20:00:00Z,"VLO",2015-02-02T21:00:00Z,Buy,50.31,54.42,5,20.55,2.1311681833006,-32.75,20.55,52.45,1,"	2290,2440" 
2014-07-01T20:00:00Z,"HPQ",2015-05-01T20:00:00Z,Buy,34.18,33.8,6,-2.28,2.1013921369698,-40.38,39.24,57.36,0,"	2283,2498" 
2014-07-01T20:00:00Z,"NSIT",2015-05-01T20:00:00Z,Buy,31.45,28.07,38,-128.44,6.2108021847514,-359.48,1.52,361,0,"	2286,2503" 
2014-07-01T20:00:00Z,"PSX",2015-05-01T20:00:00Z,Buy,80.6,81.61,14,14.14,5.0125388125868,-301.14,96.74,397.88,1,"	2287,2505" 
2014-07-01T20:00:00Z,"VLO",2015-11-02T21:00:00Z,Buy,50.31,68.03,4,70.88,1.0206401699029,-26.2,80.48,52.12,1,"	2290,2645" 
2014-07-01T20:00:00Z,"ABFS",2015-12-01T21:00:00Z,Buy,44.09,24.33,5,-98.8,1.0253332567226,-112.35,16.2,116.25,0,"	2281,2662" 
2014-07-01T20:00:00Z,"MRVL",2015-12-01T21:00:00Z,Buy,14.61,9.38,16,-83.68,2.1516193398045,-104.96,31.68,136.64,0,"	2284,2668" 
2014-08-01T20:00:00Z,"PRFT",2014-09-02T20:00:00Z,Buy,16.86,17.59,14,10.22,1.0694643908181,-3.78,56.42,6.16,1,"	2314,2330" 
2014-08-01T20:00:00Z,"UBNT",2014-09-02T20:00:00Z,Buy,39.07,46.68,14,106.54,2.1435750961529,-7.14,106.54,17.36,1,"	2315,2333" 
2014-08-01T20:00:00Z,"AAPL",2014-10-01T20:00:00Z,Buy,96.13,99.18,2,6.1,3.970520039679,-3.3,14.34,10.86,1,"	2304,2347" 
2014-08-01T20:00:00Z,"ICFI",2014-11-03T21:00:00Z,Buy,34.43,36.26,6,10.98,1.4984261199856,-24,41.22,31.56,1,"	2309,2372" 
2014-08-01T20:00:00Z,"KWR",2014-11-03T21:00:00Z,Buy,71.04,83.27,4,48.92,1.0201217957796,-100.52,48.92,38.56,1,"	2310,2373" 
2014-08-01T20:00:00Z,"WNC",2014-12-01T21:00:00Z,Buy,13.5,10.54,20,-59.2,1.0991917707568,-80.2,25.2,96,0,"	2317,2399" 
2014-08-01T20:00:00Z,"GLW",2015-01-02T21:00:00Z,Buy,19.88,23.01,12,37.56,6.5338405227154,-28.56,41.28,45.48,1,"	2307,2412" 
2014-08-01T20:00:00Z,"HP",2015-01-02T21:00:00Z,Buy,105.48,67.34,12,-457.68,13.148819907269,-541.68,21.36,563.04,0,"	2308,2413" 
2014-08-01T20:00:00Z,"MTRX",2015-01-02T21:00:00Z,Buy,26.71,22.24,8,-35.76,1.039791433892,-60.16,84,79.52,0,"	2312,2416" 
2014-08-01T20:00:00Z,"AAPL",2015-02-02T21:00:00Z,Buy,96.13,118.63,2,45,2.6662735375642,-3.3,45.74,26.02,1,"	2304,2427" 
2014-08-01T20:00:00Z,"NTCT",2015-02-02T21:00:00Z,Buy,42.4,35.81,28,-184.52,6.1762955573568,-294,138.04,432.04,0,"	2313,2436" 
2014-08-01T20:00:00Z,"DLX",2015-04-01T20:00:00Z,Buy,55.05,68.72,5,68.35,6.867868636312,-9.05,70.95,34.9,1,"	2306,2475" 
2014-08-01T20:00:00Z,"ZBRA",2015-04-01T20:00:00Z,Buy,80.31,89.56,13,120.25,5.5654091322788,-253.63,157.17,282.75,1,"	2318,2480" 
2014-08-01T20:00:00Z,"DLX",2015-05-01T20:00:00Z,Buy,55.05,65.49,21,219.24,5.9754505073802,-38.01,304.92,146.58,1,"	2306,2495" 
2014-08-01T20:00:00Z,"GLW",2015-05-01T20:00:00Z,Buy,19.88,21.44,56,87.36,1.3431629240325,-133.28,286.72,227.92,1,"	2307,2497" 
2014-08-01T20:00:00Z,"LSCC",2015-05-01T20:00:00Z,Buy,6.86,6.12,120,-88.8,7.5439575274325,-111.6,98.4,210,0,"	2311,2499" 
2014-08-01T20:00:00Z,"AVT",2015-06-01T20:00:00Z,Buy,42.58,44.06,5,7.4,1.8764132401753,-30.2,22.7,42.1,1,"	2305,2532" 
2014-09-02T20:00:00Z,"DMLP",2014-10-01T20:00:00Z,Buy,33.98,29.92,9,-36.54,2.3446523527366,-47.79,0,47.79,0,"	2341,2350" 
2014-09-02T20:00:00Z,"ARLP",2014-11-03T21:00:00Z,Buy,50.09,49.4,10,-6.9,12.09903125793,-114.9,0,114.9,0,"	2336,2365" 
2014-09-02T20:00:00Z,"DMLP",2014-11-03T21:00:00Z,Buy,33.98,26.65,11,-80.63,1.0533582089552,-93.72,0,93.72,0,"	2341,2368" 
2014-09-02T20:00:00Z,"DLB",2015-02-02T21:00:00Z,Buy,46.21,38.71,39,-292.5,10.6192609527,-301.08,0,301.08,0,"	2340,2431" 
2014-09-02T20:00:00Z,"HURN",2015-02-02T21:00:00Z,Buy,60.58,75.13,4,58.2,1.0200330687831,-0.56,69.24,25.44,1,"	2344,2433" 
2014-09-02T20:00:00Z,"GPRE",2015-04-01T20:00:00Z,Buy,44.68,29.69,19,-284.81,7.5771173414751,-459.42,20.33,479.75,0,"	2343,2477" 
2014-09-02T20:00:00Z,"ARLP",2015-05-01T20:00:00Z,Buy,50.09,34.2,25,-397.25,5.0755833233413,-451.25,0,451.25,0,"	2336,2494" 
2014-09-02T20:00:00Z,"DMLP",2015-05-01T20:00:00Z,Buy,33.98,22.8,40,-447.2,8.1328036025547,-463.6,0,463.6,0,"	2341,2496" 
2014-09-02T20:00:00Z,"DV",2015-06-01T20:00:00Z,Buy,42.73,32.32,26,-270.66,6.4137917183579,-329.94,167.7,497.64,0,"	2342,2535" 
2014-09-02T20:00:00Z,"RSC",2015-09-01T20:00:00Z,Buy,106.48,50.24,5,-281.2,7.5304697062931,-313.15,4.3,317.45,0,"	2346,2599" 
2014-09-02T20:00:00Z,"CTSH",2015-10-01T20:00:00Z,Buy,45.88,63.27,4,69.56,2.5504605790679,-10.28,90.24,37.84,1,"	2339,2617" 
2014-09-02T20:00:00Z,"INTC",2015-10-01T20:00:00Z,Buy,34.57,30,41,-187.37,6.2170996656326,-356.7,127.1,483.8,0,"	2345,2619" 
2014-09-02T20:00:00Z,"BABY",2015-11-02T21:00:00Z,Buy,29.06,46.29,6,103.38,2.1907391180658,-4.8,103.62,48.54,1,"	2337,2637" 
2014-10-01T20:00:00Z,"EW",2014-11-03T21:00:00Z,Buy,103.39,119.93,2,33.08,5.3802777548081,-10.78,35.06,17.82,1,"	2358,2370" 
2014-10-01T20:00:00Z,"GNTX",2014-11-03T21:00:00Z,Buy,26.49,32.68,10,61.9,1.0494770265222,0,62.5,11.8,1,"	2360,2371" 
2014-10-01T20:00:00Z,"MED",2015-01-02T21:00:00Z,Buy,31.78,32.24,6,2.76,6.6985916720614,-14.34,12.06,20.52,1,"	2362,2415" 
2014-10-01T20:00:00Z,"MPC",2015-02-02T21:00:00Z,Buy,82.44,93.91,3,34.41,2.0833702177841,-18.51,43.44,60.21,1,"	2363,2435" 
2014-10-01T20:00:00Z,"MED",2015-03-02T21:00:00Z,Buy,31.78,32.35,21,11.97,3.9689568546611,-50.19,42.21,71.82,1,"	2362,2457" 
2014-10-01T20:00:00Z,"FD",2015-08-03T20:00:00Z,Buy,57.76,68.21,5,52.25,6.4784952229624,-13.85,75.2,32.9,1,"	2359,2571" 
2014-10-01T20:00:00Z,"FD",2015-12-01T21:00:00Z,Buy,57.76,39.33,20,-368.6,8.350663283614,-394.6,300.8,695.4,0,"	2359,2665" 
2014-11-03T21:00:00Z,"WSM",2014-12-01T21:00:00Z,Buy,64.96,73.1,4,32.56,2.5119864116702,-2.52,41.04,8.48,1,"	2392,2400" 
2014-11-03T21:00:00Z,"DLB",2015-02-02T21:00:00Z,Buy,42.15,38.71,9,-30.96,1.045246898855,-32.94,36.54,66.06,0,"	2383,2431" 
2014-11-03T21:00:00Z,"CHE",2015-03-02T21:00:00Z,Buy,104.64,117.88,3,39.72,6.630875143552,-10.53,39.72,29.1,1,"	2381,2453" 
2014-11-03T21:00:00Z,"MED",2015-03-02T21:00:00Z,Buy,31.98,32.35,7,2.59,1.0352646502836,-18.13,12.67,23.94,1,"	2385,2457" 
2014-11-03T21:00:00Z,"TPL",2015-03-02T21:00:00Z,Buy,156.45,138.25,4,-72.8,2.049407534367,-196.84,12.64,209.48,0,"	2389,2459" 
2014-11-03T21:00:00Z,"VMW",2015-03-02T21:00:00Z,Buy,84.27,86.59,5,11.6,2.1031150144142,-46.05,96.85,66.15,1,"	2390,2462" 
2014-11-03T21:00:00Z,"WLK",2015-03-02T21:00:00Z,Buy,71.04,67.38,16,-58.56,2.1612985941581,-277.92,5.76,283.68,0,"	2391,2463" 
2014-11-03T21:00:00Z,"HVT",2015-04-01T20:00:00Z,Buy,21.77,24.05,12,27.36,1.0593457519309,-66,114.84,33.96,1,"	2384,2478" 
2014-11-03T21:00:00Z,"MSM",2015-05-01T20:00:00Z,Buy,81.03,71.58,21,-198.45,18.130468132842,-228.48,73.08,301.56,0,"	2386,2501" 
2014-11-03T21:00:00Z,"XRX",2015-05-01T20:00:00Z,Buy,13.29,11.52,94,-166.38,12.795595309634,-168.26,96.82,265.08,0,"	2393,2510" 
2014-11-03T21:00:00Z,"CHE",2015-08-03T20:00:00Z,Buy,104.64,149.08,3,133.32,1.829949470975,-10.53,133.32,29.1,1,"	2381,2568" 
2014-11-03T21:00:00Z,"RSC",2015-09-01T20:00:00Z,Buy,72.64,50.24,3,-67.2,1.0149752611325,-86.37,104.1,87,0,"	2388,2599" 
2014-11-03T21:00:00Z,"CHE",2015-11-02T21:00:00Z,Buy,104.64,156.75,7,364.77,10.238132208449,-24.57,371.56,166.74,1,"	2381,2639" 
2014-12-01T21:00:00Z,"LRW",2015-02-02T21:00:00Z,Buy,22.27,22.38,11,1.21,1.0533703703704,-24.31,98.34,31.68,1,"	2403,2434" 
2014-12-01T21:00:00Z,"SANM",2015-02-02T21:00:00Z,Buy,24.13,20.87,26,-84.76,9.7537432254915,-84.76,24.18,108.94,0,"	2406,2438" 
2014-12-01T21:00:00Z,"TSRA",2015-03-02T21:00:00Z,Buy,34.41,41.93,5,37.6,2.1822100071075,-7.05,37.6,19.2,1,"	2407,2460" 
2014-12-01T21:00:00Z,"GLW",2015-05-01T20:00:00Z,Buy,20.91,21.44,11,5.83,1.0547121788773,-37.51,44.99,44.77,1,"	2402,2497" 
2014-12-01T21:00:00Z,"MSM",2015-05-01T20:00:00Z,Buy,77.04,71.58,3,-16.38,1.0148783314021,-20.67,22.41,37.35,0,"	2404,2501" 
2014-12-01T21:00:00Z,"MYGN",2015-05-01T20:00:00Z,Buy,33.01,34.18,6,7.02,1.0295347450045,-6,55.2,41.16,1,"	2405,2502" 
2014-12-01T21:00:00Z,"UEPS",2015-07-01T20:00:00Z,Buy,12.22,18.68,27,174.42,4.4395082500775,-46.71,194.13,64.53,1,"	2408,2558" 
2015-01-02T21:00:00Z,"ZBRA",2015-04-01T20:00:00Z,Buy,77.43,89.56,3,36.39,1.0150038754683,-49.89,44.91,19.74,1,"	2425,2480" 
2015-01-02T21:00:00Z,"NVDA",2015-06-01T20:00:00Z,Buy,20.13,22.38,11.999978399991,27,2.9493714632316,-26.52,133.68,34.08,1,"	2421,2539" 
2015-01-02T21:00:00Z,"NVDA",2015-09-01T20:00:00Z,Buy,20.13,21.56,21,30.03,1.9296273378317,-46.41,233.94,87.36,1,"	2421,2598" 
2015-01-02T21:00:00Z,"USNA",2015-09-01T20:00:00Z,Buy,102.28,141.49,1,39.21,1.0099697826299,-78.68,73.84,34.93,1,"	2422,2601" 
2015-01-02T21:00:00Z,"LRCX",2015-10-01T20:00:00Z,Buy,79.45,64.44,16,-240.16,2.1590210635261,-282.88,80.48,363.36,0,"	2420,2622" 
2015-01-02T21:00:00Z,"NVDA",2015-12-01T21:00:00Z,Buy,20.13,32.75,13,164.06,4.6855684664598,-28.73,164.06,54.08,1,"	2421,2669" 
2015-01-02T21:00:00Z,"ZUMZ",2015-12-01T21:00:00Z,Buy,38.21,14.94,24,-558.48,7.8714325887701,-573.6,76.56,650.16,0,"	2426,2673" 
2015-02-02T21:00:00Z,"TPL",2015-03-02T21:00:00Z,Buy,118.91,138.25,2,38.68,1.0102907832107,-23.34,81.4,27.06,1,"	2451,2459" 
2015-02-02T21:00:00Z,"GES",2015-04-01T20:00:00Z,Buy,18.23,18.23,11,0,1.969033359571,-16.5,145.42,25.08,0,"	2444,2476" 
2015-02-02T21:00:00Z,"KFRC",2015-05-01T20:00:00Z,Buy,23.67,22.73,53,-49.82,2.5329411575671,-98.58,54.59,153.17,0,"	2447,2506" 
2015-02-02T21:00:00Z,"SAIA",2015-05-01T20:00:00Z,Buy,41.87,41.08,4.0000134999933,-3.16,1.0248575160294,-114.15,58.64,28.52,0,"	2449,2507" 
2015-02-02T21:00:00Z,"SMP",2015-05-01T20:00:00Z,Buy,37.5,36.25,6,-7.5,1.0308557323094,-163.26,47.7,39.42,0,"	2450,2509" 
2015-02-02T21:00:00Z,"CRMT",2015-07-01T20:00:00Z,Buy,53.64,50.02,19,-68.78,3.8206283330361,-880.46,63.84,145.92,0,"	2443,2554" 
2015-02-02T21:00:00Z,"MU",2015-08-03T20:00:00Z,Buy,28.44,19,33,-311.52,7.7939650188071,-372.57,128.37,500.94,0,"	2446,2573" 
2015-02-02T21:00:00Z,"IDT",2015-09-01T20:00:00Z,Buy,21.59,15.05,52,-340.08,12.272805694114,-340.08,59.28,399.36,0,"	2445,2594" 
2015-02-02T21:00:00Z,"RSC",2015-09-01T20:00:00Z,Buy,59.57,50.24,4,-37.32,1.0214627994956,-62.88,191.08,92.64,0,"	2448,2599" 
2015-02-02T21:00:00Z,"ACCO",2015-11-02T21:00:00Z,Buy,8.13,8.17,128,5.12,8.9715613374192,-163.84,71.68,235.52,1,"	2441,2636" 
2015-02-02T21:00:00Z,"VDSI",2015-11-02T21:00:00Z,Buy,21.74,19.32,24,-58.08,15.286811114439,-155.04,309.36,464.4,0,"	2452,2644" 
2015-03-02T21:00:00Z,"GPRE",2015-04-01T20:00:00Z,Buy,23.49,29.69,9,55.8,1.045464516129,-26.91,200.34,25.11,1,"	2466,2477" 
2015-03-02T21:00:00Z,"XRX",2015-05-01T20:00:00Z,Buy,13.58,11.52,18,-37.08,2.4103010870152,-37.44,13.32,37.44,0,"	2473,2510" 
2015-03-02T21:00:00Z,"STRA",2015-07-01T20:00:00Z,Buy,61.23,43.23,16,-288,5.2098139135266,-290.08,36.32,326.4,0,"	2470,2557" 
2015-03-02T21:00:00Z,"KLIC",2015-09-01T20:00:00Z,Buy,16.33,10.59,80,-459.2,6.638913394506,-506.4,0,506.4,0,"	2467,2595" 
2015-03-02T21:00:00Z,"CTB",2015-10-01T20:00:00Z,Buy,38.52,39.5,7,6.86,11.713513115127,-49.42,36.19,85.61,1,"	2465,2616" 
2015-03-02T21:00:00Z,"OSTK",2015-11-02T21:00:00Z,Buy,23.86,16.23,37,-282.31,23.799520851634,-303.4,71.41,374.81,0,"	2469,2641" 
2015-04-01T20:00:00Z,"ARLP",2015-05-01T20:00:00Z,Buy,32.99,34.2,8,9.68,1.0394735267724,-7.6,136.8,11.12,1,"	2481,2494" 
2015-04-01T20:00:00Z,"HPQ",2015-05-01T20:00:00Z,Buy,31.29,33.8,7,17.57,1.0351460205392,-26.88,66.01,3.78,1,"	2486,2498" 
2015-04-01T20:00:00Z,"LSCC",2015-05-01T20:00:00Z,Buy,6.28,6.12,37,-5.92,1.1832492113565,-12.95,51.8,21.46,0,"	2487,2499" 
2015-04-01T20:00:00Z,"MERC",2015-05-01T20:00:00Z,Buy,15.69,14.26,65,-92.95,8.4682405722393,-103.35,0,103.35,0,"	2488,2500" 
2015-04-01T20:00:00Z,"MSM",2015-05-01T20:00:00Z,Buy,71.46,71.58,3,0.36,1.1763454120317,-3.93,39.15,6,1,"	2490,2501" 
2015-04-01T20:00:00Z,"PPC",2015-05-01T20:00:00Z,Buy,23.76,25.44,9,15.12,1.0473306772908,-10.53,124.47,14.4,1,"	2491,2504" 
2015-04-01T20:00:00Z,"CENX",2015-07-01T20:00:00Z,Buy,14.12,10.12,43,-172,4.4179467341754,-172,20.64,192.64,0,"	2482,2553" 
2015-04-01T20:00:00Z,"SMCI",2015-10-01T20:00:00Z,Buy,33.72,26.61,25,-177.75,9.0192897872998,-237,101.25,338.25,0,"	2492,2626" 
2015-04-01T20:00:00Z,"PLUS",2015-12-01T21:00:00Z,Buy,88.42,87.54,5,-4.4,2.0807584512732,-76.75,68.05,76.75,0,"	2489,2667" 
2015-05-01T20:00:00Z,"SWKS",2015-06-01T20:00:00Z,Buy,98.3,109.45,2,22.3,2.4013555911373,-7.46,22.3,9.08,1,"	2511,2531" 
2015-05-01T20:00:00Z,"CNC",2015-06-01T20:00:00Z,Buy,62.9,75.9,3,39,2.1115060743289,0,39,4.59,1,"	2516,2534" 
2015-05-01T20:00:00Z,"FARO",2015-06-01T20:00:00Z,Buy,40.51,43.39,16,46.08,2.1609257404938,-8.96,49.92,8.96,1,"	2519,2536" 
2015-05-01T20:00:00Z,"IMKTA",2015-06-01T20:00:00Z,Buy,43.06,48.38,5,26.6,5.3881589474258,-10.95,41.25,14.65,1,"	2520,2537" 
2015-05-01T20:00:00Z,"KSS",2015-06-01T20:00:00Z,Buy,73.09,64.67,4,-33.68,9.7059067394341,-33.92,5.76,39.68,0,"	2522,2538" 
2015-05-01T20:00:00Z,"AMWD",2015-08-03T20:00:00Z,Buy,52.24,64.66,4,49.68,6.9576136247268,-14.56,54.08,16.28,1,"	2512,2566" 
2015-05-01T20:00:00Z,"DEPO",2015-08-03T20:00:00Z,Buy,23.86,31.17,17,124.27,8.7755089091069,-67.32,160.14,76.67,1,"	2518,2570" 
2015-05-01T20:00:00Z,"LHCG",2015-08-03T20:00:00Z,Buy,31.64,40.41,6,52.62,7.2327270963534,-8.94,62.22,21.96,1,"	2523,2572" 
2015-05-01T20:00:00Z,"UEIC",2015-08-03T20:00:00Z,Buy,54.61,50.71,4,-15.6,1.020248424175,-112.92,47,30.24,0,"	2529,2575" 
2015-05-01T20:00:00Z,"AMWD",2015-09-01T20:00:00Z,Buy,52.24,64.83,4,50.36,5.9253756811369,-14.56,62.24,27.08,1,"	2512,2593" 
2015-05-01T20:00:00Z,"KLIC",2015-09-01T20:00:00Z,Buy,15.61,10.59,17,-85.34,1.5498455116264,-95.37,12.24,95.37,0,"	2521,2595" 
2015-05-01T20:00:00Z,"STMP",2015-09-01T20:00:00Z,Buy,62.01,79.54,5,87.65,10.119395667421,-6.7,131.2,56.8,1,"	2528,2600" 
2015-05-01T20:00:00Z,"DLTR",2015-10-01T20:00:00Z,Buy,77.73,67.44,23,-236.67,3.5160457305415,-284.97,107.41,392.38,0,"	2517,2618" 
2015-05-01T20:00:00Z,"LHCG",2015-10-01T20:00:00Z,Buy,31.64,42.97,5,56.65,1.0239948626312,-7.45,97.4,40.75,1,"	2523,2621" 
2015-05-01T20:00:00Z,"UNH",2015-10-01T20:00:00Z,Buy,113.2,116.61,2,6.82,10.703382760374,-6.44,25.32,31.76,1,"	2530,2627" 
2015-05-01T20:00:00Z,"AMWD",2015-12-01T21:00:00Z,Buy,52.24,84.96,5,163.6,1.0258992805755,-18.2,163.6,41.9,1,"	2512,2663" 
2015-05-01T20:00:00Z,"SCVL",2015-12-01T21:00:00Z,Buy,26.16,21.78,36,-157.68,1.180344695519,-789.84,129.96,414.72,0,"	2526,2670" 
2015-05-01T20:00:00Z,"STMP",2015-12-01T21:00:00Z,Buy,62.01,101.32,5,196.55,8.1642642480687,-6.7,214.6,82.7,1,"	2528,2671" 
2015-06-01T20:00:00Z,"CRMT",2015-07-01T20:00:00Z,Buy,53.91,50.02,4.5000097499951,-17.51,1.79545477477,-209.75,13.91,22.19,0,"	2543,2554" 
2015-06-01T20:00:00Z,"STRA",2015-07-01T20:00:00Z,Buy,46.64,43.23,7,-23.87,1.0356185904429,-24.78,118.02,33.88,0,"	2549,2557" 
2015-06-01T20:00:00Z,"ABFS",2015-12-01T21:00:00Z,Buy,34.95,24.33,6,-63.72,1.0306668616555,-79.98,74.28,68.4,0,"	2541,2662" 
2015-06-01T20:00:00Z,"SYKE",2015-12-01T21:00:00Z,Buy,24.31,31.83,11,82.72,4.129759372414,-7.04,82.72,22,1,"	2550,2672" 
2015-06-01T20:00:00Z,"ZUMZ",2015-12-01T21:00:00Z,Buy,29.45,14.94,12,-174.12,2.1807385657848,-181.68,143.4,187.08,0,"	2552,2673" 
2015-07-01T20:00:00Z,"ABMD",2015-08-03T20:00:00Z,Buy,66.16,77.4,9,101.16,6.0565300070922,-15.93,101.7,25.74,1,"	2560,2565" 
2015-07-01T20:00:00Z,"AEIS",2015-10-01T20:00:00Z,Buy,27.61,26.14,43,-63.21,12.088650221618,-178.02,5.16,183.18,0,"	2561,2614" 
2015-08-03T20:00:00Z,"KLIC",2015-09-01T20:00:00Z,Buy,10.09,10.59,20,10,2.1671545088088,-1.8,124.8,11.6,1,"	2582,2595" 
2015-08-03T20:00:00Z,"NPK",2015-09-01T20:00:00Z,Buy,78.87,79.41,4,2.16,12.156401123291,-15.16,20.16,35.32,1,"	2584,2597" 
2015-08-03T20:00:00Z,"RSC",2015-09-01T20:00:00Z,Buy,50.43,50.24,5,-0.95,1.0244142137878,-32.9,284.55,45.9,0,"	2587,2599" 
2015-08-03T20:00:00Z,"INTC",2015-10-01T20:00:00Z,Buy,29.05,30,12,11.4,1.765726889426,-38.16,103.44,45.24,1,"	2581,2619" 
2015-08-03T20:00:00Z,"SMCI",2015-10-01T20:00:00Z,Buy,26.61,26.61,8,0,1.0399100112486,-18.96,89.28,29.36,0,"	2589,2626" 
2015-08-03T20:00:00Z,"OSTK",2015-11-02T21:00:00Z,Buy,21.13,16.23,12,-58.8,1.0599149338374,-65.64,55.92,90.96,0,"	2586,2641" 
2015-08-03T20:00:00Z,"DECK",2015-12-01T21:00:00Z,Buy,71.58,48.91,3,-68.01,1.0147324368825,-120.15,138.18,76.35,0,"	2580,2664" 
2015-09-01T20:00:00Z,"UFPI",2015-11-02T21:00:00Z,Buy,58.8,74.72,6,95.52,7.6964559674532,-6.72,98.28,28.98,1,"	2613,2643" 
2015-09-01T20:00:00Z,"ABFS",2015-12-01T21:00:00Z,Buy,27.61,24.33,9,-29.52,2.3436717247594,-53.91,177.48,48.51,0,"	2602,2662" 
2015-09-01T20:00:00Z,"FD",2015-12-01T21:00:00Z,Buy,57.95,39.33,4,-74.48,1.0197747824603,-79.68,59.4,85,0,"	2605,2665" 
2015-09-01T20:00:00Z,"GMED",2015-12-01T21:00:00Z,Buy,23.83,27.73,15,58.5,2.3694105231794,-47.55,58.5,60.45,1,"	2609,2666" 
2015-10-01T20:00:00Z,"OSTK",2015-11-02T21:00:00Z,Buy,17.01,16.23,13,-10.14,1.0644318181818,-17.55,114.14,22.88,0,"	2634,2641" 
2015-10-01T20:00:00Z,"OTL",2015-11-02T21:00:00Z,Buy,47.99,55.22,4,28.92,8.8123079870565,0,29,11.64,1,"	2635,2642" 
2015-10-01T20:00:00Z,"DECK",2015-12-01T21:00:00Z,Buy,58.08,48.91,3.99998775999,-36.68,1.0200068894247,-106.2,238.24,63.44,0,"	2629,2664" 
2015-11-02T21:00:00Z,"FD",2015-12-01T21:00:00Z,Buy,51.34,39.33,6,-72.06,1.0302118477834,-79.86,128.76,79.86,0,"	2653,2665" 
2015-11-02T21:00:00Z,"SCVL",2015-12-01T21:00:00Z,Buy,22.63,21.78,11.500012749994,-9.78,2.8481816405041,-211.72,82.11,55.66,0,"	2657,2670" 
