Time,Symbol,Price,Quantity,Type,Status,Value,Tag
2003-02-03T15:00:00Z,AAON,16.18,26,Market On Close,Filled,420.68,"buy" 
2003-02-03T15:00:00Z,BIO,35.48,13,Market On Close,Filled,461.24,"buy" 
2003-02-03T15:00:00Z,CTR,17.85,23,Market On Close,Filled,410.55,"buy" 
2003-02-03T15:00:00Z,CNXS,6.57,70,Market On Close,Filled,459.9,"buy" 
2003-02-03T15:00:00Z,COLM,35.05,10,Market On Close,Filled,350.5,"buy" 
2003-02-03T15:00:00Z,CW,54.06,10,Market On Close,Filled,540.6,"buy" 
2003-02-03T15:00:00Z,DCO,13.06,24,Market On Close,Filled,313.44,"buy" 
2003-02-03T15:00:00Z,EASI,36.44,11,Market On Close,Filled,400.84,"buy" 
2003-02-03T15:00:00Z,EBF,11.31,43,Market On Close,Filled,486.33,"buy" 
2003-02-03T15:00:00Z,EDEL,11.79,45,Market On Close,Filled,530.55,"buy" 
2003-02-03T15:00:00Z,EGN,29.99,21,Market On Close,Filled,629.79,"buy" 
2003-02-03T15:00:00Z,FAF,22.76,29,Market On Close,Filled,660.04,"buy" 
2003-02-03T15:00:00Z,EXPO,14.54,35,Market On Close,Filled,508.9,"buy" 
2003-02-03T15:00:00Z,FIZ,15.27,52,Market On Close,Filled,794.04,"buy" 
2003-02-03T15:00:00Z,FLXS,15.4,35,Market On Close,Filled,539,"buy" 
2003-02-03T15:00:00Z,FOSL,17.94,20,Market On Close,Filled,358.8,"buy" 
2003-02-03T15:00:00Z,GCI,72.01,9,Market On Close,Filled,648.09,"buy" 
2003-02-03T15:00:00Z,HCSG,12.73,34,Market On Close,Filled,432.82,"buy" 
2003-02-03T15:00:00Z,HOV,29.61,11,Market On Close,Filled,325.71,"buy" 
2003-02-03T15:00:00Z,JJSF,27.53,12,Market On Close,Filled,330.36,"buy" 
2003-02-03T15:00:00Z,JOUT,11.97,21,Market On Close,Filled,251.37,"buy" 
2003-02-03T15:00:00Z,NEB,21.96,23,Market On Close,Filled,505.08,"buy" 
2003-02-03T15:00:00Z,NUS,12.14,29,Market On Close,Filled,352.06,"buy" 
2003-02-03T15:00:00Z,NVR,328.08,1,Market On Close,Filled,328.08,"buy" 
2003-02-03T15:00:00Z,OXM,24.02,29,Market On Close,Filled,696.58,"buy" 
2003-02-03T15:00:00Z,PDX,36.24,10,Market On Close,Filled,362.4,"buy" 
2003-02-03T15:00:00Z,POG,31.79,17,Market On Close,Filled,540.43,"buy" 
2003-02-03T15:00:00Z,RAVN,15.68,42,Market On Close,Filled,658.56,"buy" 
2003-02-03T15:00:00Z,RBIN,9.31,57,Market On Close,Filled,530.67,"buy" 
2003-02-03T15:00:00Z,RCII,52.36,8,Market On Close,Filled,418.88,"buy" 
2003-02-03T15:00:00Z,RVFD,24.95,24,Market On Close,Filled,598.8,"buy" 
2003-02-03T15:00:00Z,SGC,12.1,68,Market On Close,Filled,822.8,"buy" 
2003-02-03T15:00:00Z,SHOO,16.99,29,Market On Close,Filled,492.71,"buy" 
2003-02-03T15:00:00Z,TENT,8.14,30,Market On Close,Filled,244.2,"buy" 
2003-02-03T15:00:00Z,THO,27.44,12,Market On Close,Filled,329.28,"buy" 
2003-02-03T15:00:00Z,ECP,14.05,25,Market On Close,Filled,351.25,"buy" 
2003-02-03T15:00:00Z,TTWO,20.82,14,Market On Close,Filled,291.48,"buy" 
2003-02-03T15:00:00Z,UTMD,17.66,39,Market On Close,Filled,688.74,"buy" 
2003-02-03T15:00:00Z,WMK,31.15,20,Market On Close,Filled,623,"buy" 
2003-02-03T15:00:00Z,WSO,15.9,34,Market On Close,Filled,540.6,"buy" 
2003-04-01T15:00:00Z,DCO,10.19,-24,Market On Close,Filled,-244.56,"band" 
2003-04-01T15:00:00Z,EDEL,10.36,-45,Market On Close,Filled,-466.2,"universe" 
2003-04-01T15:00:00Z,RAVN,16.82,-12,Market On Close,Filled,-201.84,"adjust" 
2003-04-01T15:00:00Z,RBIN,9.7,-57,Market On Close,Filled,-552.9,"universe" 
2003-04-01T15:00:00Z,ANK,17.2,48,Market On Close,Filled,825.6,"buy" 
2003-04-01T15:00:00Z,GDT,36.83,11,Market On Close,Filled,405.13,"buy" 
2003-04-01T15:00:00Z,MTSC,11.45,29,Market On Close,Filled,332.05,"buy" 
2003-05-01T14:00:00Z,AAON,13.73,-26,Market On Close,Filled,-356.98,"band" 
2003-05-01T14:00:00Z,BIO,47.72,-6,Market On Close,Filled,-286.32,"adjust" 
2003-05-01T14:00:00Z,NVR,352.25,-1,Market On Close,Filled,-352.25,"expired" 
2003-05-01T14:00:00Z,OXM,36.26,-16,Market On Close,Filled,-580.16,"adjust" 
2003-05-01T14:00:00Z,TENT,7.49,-30,Market On Close,Filled,-224.7,"expired" 
2003-05-01T14:00:00Z,BWS,29.65,14,Market On Close,Filled,415.1,"buy" 
2003-05-01T14:00:00Z,RBIN,10.41,63,Market On Close,Filled,655.83,"buy" 
2003-06-02T14:00:00Z,HOV,57.81,-5,Market On Close,Filled,-289.05,"adjust" 
2003-06-02T14:00:00Z,JOUT,11.99,-21,Market On Close,Filled,-251.79,"band" 
2003-06-02T14:00:00Z,FIZ,14.3,17,Market On Close,Filled,243.1,"adjust" 
2003-06-02T14:00:00Z,RCKY,8.9,38,Market On Close,Filled,338.2,"buy" 
2003-06-02T14:00:00Z,RIMG,10.79,45,Market On Close,Filled,485.55,"buy" 
2003-06-02T14:00:00Z,SGC,11.25,20,Market On Close,Filled,225,"adjust" 
2003-07-01T14:00:00Z,ANK,21.9,-11,Market On Close,Filled,-240.9,"adjust" 
2003-07-01T14:00:00Z,BWS,29.65,-14,Market On Close,Filled,-415.1,"expired" 
2003-07-01T14:00:00Z,CW,63.5,-10,Market On Close,Filled,-635,"band" 
2003-07-01T14:00:00Z,ECP,11.5,-25,Market On Close,Filled,-287.5,"universe" 
2003-07-01T14:00:00Z,EGN,33.39,8,Market On Close,Filled,267.12,"adjust" 
2003-07-01T14:00:00Z,FRGO,9.49,37,Market On Close,Filled,351.13,"buy" 
2003-07-01T14:00:00Z,HOFT,25.35,16,Market On Close,Filled,405.6,"buy" 
2003-07-01T14:00:00Z,WDC,11.85,29,Market On Close,Filled,343.65,"buy" 
2003-08-01T14:00:00Z,CNXS,10.98,-25,Market On Close,Filled,-274.5,"adjust" 
2003-08-01T14:00:00Z,JJSF,33.91,-12,Market On Close,Filled,-406.92,"band" 
2003-08-01T14:00:00Z,SGC,13.95,-46,Market On Close,Filled,-641.7,"adjust" 
2003-08-01T14:00:00Z,GCI,77.03,4,Market On Close,Filled,308.12,"adjust" 
2003-08-01T14:00:00Z,MSN,6.5,58,Market On Close,Filled,377,"buy" 
2003-08-01T14:00:00Z,WMK,32.45,8,Market On Close,Filled,259.6,"adjust" 
2003-09-02T14:00:00Z,EASI,59.65,-4,Market On Close,Filled,-238.6,"adjust" 
2003-09-02T14:00:00Z,MSN,3.8,-58,Market On Close,Filled,-220.4,"universe" 
2003-09-02T14:00:00Z,OXM,58.91,-5,Market On Close,Filled,-294.55,"adjust" 
2003-09-02T14:00:00Z,NUS,11.5,23,Market On Close,Filled,264.5,"adjust" 
2003-09-02T14:00:00Z,SAFM,30.25,24,Market On Close,Filled,726,"buy" 
2003-10-01T14:00:00Z,NUS,13.23,-52,Market On Close,Filled,-687.96,"band" 
2003-10-01T14:00:00Z,UTMD,24.54,-11,Market On Close,Filled,-269.94,"adjust" 
2003-10-01T14:00:00Z,ODP,14.6,37,Market On Close,Filled,540.2,"buy" 
2003-11-03T15:00:00Z,EXPO,21.15,-12,Market On Close,Filled,-253.8,"adjust" 
2003-11-03T15:00:00Z,FLXS,19.5,-35,Market On Close,Filled,-682.5,"expired" 
2003-11-03T15:00:00Z,THO,65.95,-4,Market On Close,Filled,-263.8,"adjust" 
2003-11-03T15:00:00Z,BIO,52.91,5,Market On Close,Filled,264.55,"adjust" 
2003-11-03T15:00:00Z,CRMT,30.24,16,Market On Close,Filled,483.84,"buy" 
2003-11-03T15:00:00Z,EBF,14.58,15,Market On Close,Filled,218.7,"adjust" 
2003-11-03T15:00:00Z,FIZ,15.14,20,Market On Close,Filled,302.8,"adjust" 
2003-11-03T15:00:00Z,GCI,84.48,3,Market On Close,Filled,253.44,"adjust" 
2003-11-03T15:00:00Z,GDT,51.95,4,Market On Close,Filled,207.8,"adjust" 
2003-12-01T15:00:00Z,ANK,27,-37,Market On Close,Filled,-999,"universe" 
2003-12-01T15:00:00Z,RCKY,18.5,-14,Market On Close,Filled,-259,"adjust" 
2003-12-01T15:00:00Z,UTMD,22.56,-28,Market On Close,Filled,-631.68,"universe" 
2003-12-01T15:00:00Z,ATRI,49.05,9,Market On Close,Filled,441.45,"buy" 
2003-12-01T15:00:00Z,TALK,10.9,27,Market On Close,Filled,294.3,"buy" 
2004-01-02T15:00:00Z,BIO,58.41,-4,Market On Close,Filled,-233.64,"adjust" 
2004-01-02T15:00:00Z,HOFT,40.21,-5,Market On Close,Filled,-201.05,"adjust" 
2004-01-02T15:00:00Z,RVFD,27.7,-24,Market On Close,Filled,-664.8,"band" 
2004-01-02T15:00:00Z,SAFM,39.42,-7,Market On Close,Filled,-275.94,"adjust" 
2004-01-02T15:00:00Z,CTR,20.29,11,Market On Close,Filled,223.19,"adjust" 
2004-01-02T15:00:00Z,COLM,54.77,4,Market On Close,Filled,219.08,"adjust" 
2004-01-02T15:00:00Z,GDYS,9.59,45,Market On Close,Filled,431.55,"buy" 
2004-01-02T15:00:00Z,RCII,29.48,8,Market On Close,Filled,235.84,"adjust" 
2004-02-02T15:00:00Z,MTSC,23.78,-9,Market On Close,Filled,-214.02,"adjust" 
2004-02-02T15:00:00Z,RCKY,25.3,-13,Market On Close,Filled,-328.9,"adjust" 
2004-02-02T15:00:00Z,SAFM,49.82,-5,Market On Close,Filled,-249.1,"adjust" 
2004-02-02T15:00:00Z,FAF,30,7,Market On Close,Filled,210,"adjust" 
2004-02-02T15:00:00Z,NEB,30,7,Market On Close,Filled,210,"adjust" 
2004-02-02T15:00:00Z,ODP,16.04,14,Market On Close,Filled,224.56,"adjust" 
2004-02-02T15:00:00Z,WSO,22.95,11,Market On Close,Filled,252.45,"adjust" 
2004-03-01T15:00:00Z,EGN,41.99,-29,Market On Close,Filled,-1217.71,"universe" 
2004-03-01T15:00:00Z,NEB,32.04,-30,Market On Close,Filled,-961.2,"band" 
2004-03-01T15:00:00Z,POG,52.45,-4,Market On Close,Filled,-209.8,"adjust" 
2004-03-01T15:00:00Z,RBIN,18.44,-22,Market On Close,Filled,-405.68,"adjust" 
2004-03-01T15:00:00Z,WDC,11.58,-29,Market On Close,Filled,-335.82,"band" 
2004-03-01T15:00:00Z,WSO,27.67,-8,Market On Close,Filled,-221.36,"adjust" 
2004-03-01T15:00:00Z,AHS,18.37,38,Market On Close,Filled,698.06,"buy" 
2004-03-01T15:00:00Z,ASGN,5.79,78,Market On Close,Filled,451.62,"buy" 
2004-03-01T15:00:00Z,BIO,52.95,4,Market On Close,Filled,211.8,"adjust" 
2004-03-01T15:00:00Z,CTR,21.3,10,Market On Close,Filled,213,"adjust" 
2004-03-01T15:00:00Z,CALM,37.99,7,Market On Close,Filled,265.93,"buy" 
2004-03-01T15:00:00Z,COLM,52.31,4,Market On Close,Filled,209.24,"adjust" 
2004-03-01T15:00:00Z,SGC,15.2,21,Market On Close,Filled,319.2,"adjust" 
2004-04-01T15:00:00Z,ASGN,5.5,-78,Market On Close,Filled,-429,"band" 
2004-04-01T15:00:00Z,ATRI,42.18,-9,Market On Close,Filled,-379.62,"universe" 
2004-04-01T15:00:00Z,FIZ,9.45,-97,Market On Close,Filled,-916.65,"adjust" 
2004-04-01T15:00:00Z,FRGO,10.61,-37,Market On Close,Filled,-392.57,"band" 
2004-04-01T15:00:00Z,HOFT,23.16,-22,Market On Close,Filled,-509.52,"expired" 
2004-04-01T15:00:00Z,EXPO,22.7,10,Market On Close,Filled,227,"adjust" 
2004-04-01T15:00:00Z,MTLM,37,15,Market On Close,Filled,555,"buy" 
2004-04-01T15:00:00Z,PDX,63.36,4,Market On Close,Filled,253.44,"adjust" 
2004-04-01T15:00:00Z,QDEL,6.41,66,Market On Close,Filled,423.06,"buy" 
2004-04-01T15:00:00Z,SCHN,32.12,14,Market On Close,Filled,449.68,"buy" 
2004-04-01T15:00:00Z,TALK,8.33,27,Market On Close,Filled,224.91,"adjust" 
2004-04-01T15:00:00Z,USNA,23.83,18,Market On Close,Filled,428.94,"buy" 
2004-04-01T15:00:00Z,WMK,33.84,7,Market On Close,Filled,236.88,"adjust" 
2004-05-03T14:00:00Z,BIO,58.5,-12,Market On Close,Filled,-702,"band" 
2004-05-03T14:00:00Z,COLM,53.45,-18,Market On Close,Filled,-962.1,"band" 
2004-05-03T14:00:00Z,HCSG,15.99,-50,Market On Close,Filled,-799.5,"expired" 
2004-05-03T14:00:00Z,SGC,16.23,-63,Market On Close,Filled,-1022.49,"expired" 
2004-05-03T14:00:00Z,EASI,48.54,5,Market On Close,Filled,242.7,"adjust" 
2004-05-03T14:00:00Z,EBF,16.11,18,Market On Close,Filled,289.98,"adjust" 
2004-05-03T14:00:00Z,ESCA,35,16,Market On Close,Filled,560,"buy" 
2004-05-03T14:00:00Z,FAF,27.2,8,Market On Close,Filled,217.6,"adjust" 
2004-05-03T14:00:00Z,HOV,36.22,8,Market On Close,Filled,289.76,"adjust" 
2004-05-03T14:00:00Z,MTEX,10.59,36,Market On Close,Filled,381.24,"buy" 
2004-05-03T14:00:00Z,OTL,24.63,29,Market On Close,Filled,714.27,"buy" 
2004-05-03T14:00:00Z,OXM,39.14,8,Market On Close,Filled,313.12,"adjust" 
2004-05-03T14:00:00Z,RBIN,18.87,13,Market On Close,Filled,245.31,"adjust" 
2004-05-03T14:00:00Z,RCII,29.93,10,Market On Close,Filled,299.3,"adjust" 
2004-05-03T14:00:00Z,SHOO,19.32,11,Market On Close,Filled,212.52,"adjust" 
2004-05-03T14:00:00Z,TTWO,30.14,7,Market On Close,Filled,210.98,"adjust" 
2004-05-03T14:00:00Z,UWN,15.47,41,Market On Close,Filled,634.27,"buy" 
2004-06-01T14:00:00Z,RAVN,32,-9,Market On Close,Filled,-288,"adjust" 
2004-06-01T14:00:00Z,AHS,14.95,18,Market On Close,Filled,269.1,"adjust" 
2004-06-01T14:00:00Z,MTSC,22.28,11,Market On Close,Filled,245.08,"adjust" 
2004-06-01T14:00:00Z,ODP,16.61,14,Market On Close,Filled,232.54,"adjust" 
2004-07-01T14:00:00Z,EBF,18.49,-33,Market On Close,Filled,-610.17,"adjust" 
2004-07-01T14:00:00Z,OXM,42.2,-9,Market On Close,Filled,-379.8,"adjust" 
2004-07-01T14:00:00Z,RCII,29.58,-38,Market On Close,Filled,-1124.04,"band" 
2004-07-01T14:00:00Z,SAFM,52.39,-5,Market On Close,Filled,-261.95,"adjust" 
2004-07-01T14:00:00Z,TTWO,30.22,-21,Market On Close,Filled,-634.62,"band" 
2004-07-01T14:00:00Z,CRMT,29.76,7,Market On Close,Filled,208.32,"adjust" 
2004-07-01T14:00:00Z,CNXS,10.63,26,Market On Close,Filled,276.38,"adjust" 
2004-07-01T14:00:00Z,CRUS,5.8,77,Market On Close,Filled,446.6,"buy" 
2004-07-01T14:00:00Z,LPX,23.3,32,Market On Close,Filled,745.6,"buy" 
2004-07-01T14:00:00Z,RIMG,15.06,14,Market On Close,Filled,210.84,"adjust" 
2004-08-02T14:00:00Z,CTR,21.05,-44,Market On Close,Filled,-926.2,"band" 
2004-08-02T14:00:00Z,CNXS,10.01,-71,Market On Close,Filled,-710.71,"band" 
2004-08-02T14:00:00Z,QDEL,3.46,-66,Market On Close,Filled,-228.36,"universe" 
2004-08-02T14:00:00Z,WSO,29.1,-7,Market On Close,Filled,-203.7,"adjust" 
2004-08-02T14:00:00Z,AHS,12.6,16,Market On Close,Filled,201.6,"adjust" 
2004-08-02T14:00:00Z,AXE,34.4,36,Market On Close,Filled,1238.4,"buy" 
2004-08-02T14:00:00Z,LCUT,16.45,31,Market On Close,Filled,509.95,"buy" 
2004-08-02T14:00:00Z,RCKY,19,12,Market On Close,Filled,228,"adjust" 
2004-08-02T14:00:00Z,TESS,15.64,33,Market On Close,Filled,516.12,"buy" 
2004-09-01T14:00:00Z,AHS,11.54,-72,Market On Close,Filled,-830.88,"band" 
2004-09-01T14:00:00Z,FOSL,28.43,-7,Market On Close,Filled,-199.01,"adjust" 
2004-09-01T14:00:00Z,HOV,34.97,-20,Market On Close,Filled,-699.4,"band" 
2004-09-01T14:00:00Z,RAVN,41.42,-5,Market On Close,Filled,-207.1,"adjust" 
2004-09-01T14:00:00Z,RBIN,19.96,-54,Market On Close,Filled,-1077.84,"universe" 
2004-09-01T14:00:00Z,CALM,10.7,20,Market On Close,Filled,214,"adjust" 
2004-09-01T14:00:00Z,ECOL,9.29,45,Market On Close,Filled,418.05,"buy" 
2004-09-01T14:00:00Z,GDYS,7.5,28,Market On Close,Filled,210,"adjust" 
2004-09-01T14:00:00Z,HOC,20.91,66,Market On Close,Filled,1380.06,"buy" 
2004-09-01T14:00:00Z,THO,25.71,9,Market On Close,Filled,231.39,"adjust" 
2004-09-01T14:00:00Z,UWN,11.03,25,Market On Close,Filled,275.75,"adjust" 
2004-09-01T14:00:00Z,ZEUS,20.63,19,Market On Close,Filled,391.97,"buy" 
2004-10-01T14:00:00Z,CRUS,5.42,-77,Market On Close,Filled,-417.34,"universe" 
2004-10-01T14:00:00Z,EBF,21.64,-12,Market On Close,Filled,-259.68,"adjust" 
2004-10-01T14:00:00Z,GDYS,8.63,-73,Market On Close,Filled,-629.99,"band" 
2004-10-01T14:00:00Z,HOC,25.95,-17,Market On Close,Filled,-441.15,"adjust" 
2004-10-01T14:00:00Z,THO,27.66,-25,Market On Close,Filled,-691.5,"band" 
2004-10-01T14:00:00Z,CYBE,16.88,28,Market On Close,Filled,472.64,"buy" 
2004-10-01T14:00:00Z,NATR,15.38,46,Market On Close,Filled,707.48,"buy" 
2004-10-01T14:00:00Z,SEB,608,1,Market On Close,Filled,608,"buy" 
2004-10-01T14:00:00Z,SHOO,17.89,13,Market On Close,Filled,232.57,"adjust" 
2004-10-01T14:00:00Z,TALK,5.35,48,Market On Close,Filled,256.8,"adjust" 
2004-11-01T15:00:00Z,AXE,37.82,-6,Market On Close,Filled,-226.92,"adjust" 
2004-11-01T15:00:00Z,ESCA,14.02,-32,Market On Close,Filled,-448.64,"band" 
2004-11-01T15:00:00Z,HOC,23.88,-10,Market On Close,Filled,-238.8,"adjust" 
2004-11-01T15:00:00Z,SEB,680,-1,Market On Close,Filled,-680,"adjust" 
2004-11-01T15:00:00Z,TESS,12.89,-33,Market On Close,Filled,-425.37,"band" 
2004-11-01T15:00:00Z,UWN,10.69,-66,Market On Close,Filled,-705.54,"band" 
2004-11-01T15:00:00Z,CIX,15.55,49,Market On Close,Filled,761.95,"buy" 
2004-11-01T15:00:00Z,LAWS,44.2,21,Market On Close,Filled,928.2,"buy" 
2004-11-01T15:00:00Z,PCU,43.81,13,Market On Close,Filled,569.53,"buy" 
2004-12-01T15:00:00Z,EASI,55.6,-15,Market On Close,Filled,-834,"band" 
2004-12-01T15:00:00Z,MTEX,21.99,-18,Market On Close,Filled,-395.82,"adjust" 
2004-12-01T15:00:00Z,MTLM,25.98,-9,Market On Close,Filled,-233.82,"adjust" 
2004-12-01T15:00:00Z,POG,31.8,-8,Market On Close,Filled,-254.4,"adjust" 
2004-12-01T15:00:00Z,SCHN,35.7,-14,Market On Close,Filled,-499.8,"band" 
2004-12-01T15:00:00Z,SHOO,19.14,-53,Market On Close,Filled,-1014.42,"band" 
2004-12-01T15:00:00Z,USNA,30.45,-18,Market On Close,Filled,-548.1,"band" 
2004-12-01T15:00:00Z,EBF,19.99,11,Market On Close,Filled,219.89,"adjust" 
2004-12-01T15:00:00Z,GCI,83,4,Market On Close,Filled,332,"adjust" 
2004-12-01T15:00:00Z,NL,23.11,28,Market On Close,Filled,647.08,"buy" 
2004-12-01T15:00:00Z,NUE,52.27,13,Market On Close,Filled,679.51,"buy" 
2004-12-01T15:00:00Z,RBIN,25.26,35,Market On Close,Filled,884.1,"buy" 
2004-12-01T15:00:00Z,WWW,31,28,Market On Close,Filled,868,"buy" 
2005-01-03T15:00:00Z,LCUT,15.76,-31,Market On Close,Filled,-488.56,"band" 
2005-01-03T15:00:00Z,MTSC,33.48,-7,Market On Close,Filled,-234.36,"adjust" 
2005-01-03T15:00:00Z,NATR,20.38,-10,Market On Close,Filled,-203.8,"adjust" 
2005-01-03T15:00:00Z,POG,36.14,-7,Market On Close,Filled,-252.98,"adjust" 
2005-01-03T15:00:00Z,RCKY,29.26,-23,Market On Close,Filled,-672.98,"band" 
2005-01-03T15:00:00Z,AEOS,46.74,20,Market On Close,Filled,934.8,"buy" 
2005-01-03T15:00:00Z,AIT,25.95,28,Market On Close,Filled,726.6,"buy" 
2005-01-03T15:00:00Z,AXE,35.52,6,Market On Close,Filled,213.12,"adjust" 
2005-01-03T15:00:00Z,EXPO,27.27,9,Market On Close,Filled,245.43,"adjust" 
2005-01-03T15:00:00Z,OXM,40.19,5,Market On Close,Filled,200.95,"adjust" 
2005-02-01T15:00:00Z,AIT,28.12,-9,Market On Close,Filled,-253.08,"adjust" 
2005-02-01T15:00:00Z,CALM,12,-34,Market On Close,Filled,-408,"band" 
2005-02-01T15:00:00Z,EBF,17.33,-42,Market On Close,Filled,-727.86,"band" 
2005-02-01T15:00:00Z,HOC,30.5,-12,Market On Close,Filled,-366,"adjust" 
2005-02-01T15:00:00Z,MTSC,36.5,-6,Market On Close,Filled,-219,"adjust" 
2005-02-01T15:00:00Z,OTL,20.38,-29,Market On Close,Filled,-591.02,"band" 
2005-02-01T15:00:00Z,WWW,32.09,-28,Market On Close,Filled,-898.52,"expired" 
2005-02-01T15:00:00Z,ABFS,40.86,21,Market On Close,Filled,858.06,"buy" 
2005-02-01T15:00:00Z,AMED,31.05,18,Market On Close,Filled,558.9,"buy" 
2005-02-01T15:00:00Z,MLI,31.96,30,Market On Close,Filled,958.8,"buy" 
2005-02-01T15:00:00Z,NVR,794.9,1,Market On Close,Filled,794.9,"buy" 
2005-03-01T15:00:00Z,AXE,37.46,-7,Market On Close,Filled,-262.22,"adjust" 
2005-03-01T15:00:00Z,HOC,37.11,-7,Market On Close,Filled,-259.77,"adjust" 
2005-03-01T15:00:00Z,OXM,36.87,-20,Market On Close,Filled,-737.4,"band" 
2005-03-01T15:00:00Z,CTR,30.19,32,Market On Close,Filled,966.08,"buy" 
2005-03-01T15:00:00Z,CIX,16.66,13,Market On Close,Filled,216.58,"adjust" 
2005-04-01T15:00:00Z,AEOS,28.78,-10,Market On Close,Filled,-287.8,"adjust" 
2005-04-01T15:00:00Z,FAF,32.59,-8,Market On Close,Filled,-260.72,"adjust" 
2005-04-01T15:00:00Z,ODP,21.99,-19,Market On Close,Filled,-417.81,"adjust" 
2005-04-01T15:00:00Z,RIMG,19.94,-13,Market On Close,Filled,-259.22,"adjust" 
2005-04-01T15:00:00Z,WSO,42.12,-6,Market On Close,Filled,-252.72,"adjust" 
2005-04-01T15:00:00Z,FIZ,7.9,27,Market On Close,Filled,213.3,"adjust" 
2005-04-01T15:00:00Z,GDT,73.76,3,Market On Close,Filled,221.28,"adjust" 
2005-04-01T15:00:00Z,SAFM,42.44,5,Market On Close,Filled,212.2,"adjust" 
2005-04-01T15:00:00Z,STLD,34.41,16,Market On Close,Filled,550.56,"buy" 
2005-05-02T14:00:00Z,CIX,14.62,-62,Market On Close,Filled,-906.44,"expired" 
2005-05-02T14:00:00Z,NVR,709.89,-1,Market On Close,Filled,-709.89,"expired" 
2005-05-02T14:00:00Z,POG,39.15,-19,Market On Close,Filled,-743.85,"expired" 
2005-05-02T14:00:00Z,TALK,8.62,-35,Market On Close,Filled,-301.7,"adjust" 
2005-05-02T14:00:00Z,WMK,38.08,-9,Market On Close,Filled,-342.72,"adjust" 
2005-05-02T14:00:00Z,WSO,44.73,-6,Market On Close,Filled,-268.38,"adjust" 
2005-05-02T14:00:00Z,ECOL,11.71,18,Market On Close,Filled,210.78,"adjust" 
2005-05-02T14:00:00Z,FOSL,23.23,10,Market On Close,Filled,232.3,"adjust" 
2005-05-02T14:00:00Z,GDT,74.08,3,Market On Close,Filled,222.24,"adjust" 
2005-05-02T14:00:00Z,MLI,26.28,8,Market On Close,Filled,210.24,"adjust" 
2005-05-02T14:00:00Z,WEYS,18.69,59,Market On Close,Filled,1102.71,"buy" 
2005-05-02T14:00:00Z,X,42.73,14,Market On Close,Filled,598.22,"buy" 
2005-06-01T14:00:00Z,FIZ,8.18,-107,Market On Close,Filled,-875.26,"band" 
2005-06-01T14:00:00Z,RBIN,13.52,-16,Market On Close,Filled,-216.32,"adjust" 
2005-06-01T14:00:00Z,LPX,25.57,8,Market On Close,Filled,204.56,"adjust" 
2005-06-01T14:00:00Z,ODP,20.3,11,Market On Close,Filled,223.3,"adjust" 
2005-06-01T14:00:00Z,SAFM,39.15,7,Market On Close,Filled,274.05,"adjust" 
2005-06-01T14:00:00Z,SPTN,12.92,59,Market On Close,Filled,762.28,"buy" 
2005-07-01T14:00:00Z,AMED,37.73,-18,Market On Close,Filled,-679.14,"band" 
2005-07-01T14:00:00Z,ECOL,17.56,-32,Market On Close,Filled,-561.92,"adjust" 
2005-07-01T14:00:00Z,EXPO,28.69,-8,Market On Close,Filled,-229.52,"adjust" 
2005-07-01T14:00:00Z,FOSL,23.27,-32,Market On Close,Filled,-744.64,"band" 
2005-07-01T14:00:00Z,NL,15.24,-28,Market On Close,Filled,-426.72,"band" 
2005-07-01T14:00:00Z,ODP,22.65,-10,Market On Close,Filled,-226.5,"adjust" 
2005-07-01T14:00:00Z,SAFM,45.97,-24,Market On Close,Filled,-1103.28,"band" 
2005-07-01T14:00:00Z,WEYS,19.99,-14,Market On Close,Filled,-279.86,"adjust" 
2005-07-01T14:00:00Z,ABFS,32.56,7,Market On Close,Filled,227.92,"adjust" 
2005-07-01T14:00:00Z,CMC,24.24,24,Market On Close,Filled,581.76,"buy" 
2005-07-01T14:00:00Z,CYBE,13.03,16,Market On Close,Filled,208.48,"adjust" 
2005-07-01T14:00:00Z,GCI,71.91,4,Market On Close,Filled,287.64,"adjust" 
2005-07-01T14:00:00Z,MSTR,53.95,9,Market On Close,Filled,485.55,"buy" 
2005-07-01T14:00:00Z,NVR,802.55,1,Market On Close,Filled,802.55,"buy" 
2005-07-01T14:00:00Z,COP,59.15,19,Market On Close,Filled,1123.85,"buy" 
2005-07-01T14:00:00Z,STLD,26.63,8,Market On Close,Filled,213.04,"adjust" 
2005-07-01T14:00:00Z,WMK,37.45,6,Market On Close,Filled,224.7,"adjust" 
2005-08-01T14:00:00Z,GCI,72.26,-24,Market On Close,Filled,-1734.24,"band" 
2005-08-01T14:00:00Z,MLI,29.22,-38,Market On Close,Filled,-1110.36,"band" 
2005-08-01T14:00:00Z,MSTR,78.31,-3,Market On Close,Filled,-234.93,"adjust" 
2005-08-01T14:00:00Z,ODP,27.96,-10,Market On Close,Filled,-279.6,"adjust" 
2005-08-01T14:00:00Z,RIMG,25.13,-17,Market On Close,Filled,-427.21,"adjust" 
2005-08-01T14:00:00Z,ZEUS,15.89,-19,Market On Close,Filled,-301.91,"band" 
2005-08-01T14:00:00Z,BKE,42.56,22,Market On Close,Filled,936.32,"buy" 
2005-08-01T14:00:00Z,CRMT,21.44,13,Market On Close,Filled,278.72,"adjust" 
2005-08-01T14:00:00Z,PCU,52.6,4,Market On Close,Filled,210.4,"adjust" 
2005-08-01T14:00:00Z,PDX,78.68,5,Market On Close,Filled,393.4,"adjust" 
2005-08-01T14:00:00Z,PLPC,41.03,22,Market On Close,Filled,902.66,"buy" 
2005-08-01T14:00:00Z,WWW,22.25,53,Market On Close,Filled,1179.25,"buy" 
2005-09-01T14:00:00Z,CYBE,13.9,-44,Market On Close,Filled,-611.6,"band" 
2005-09-01T14:00:00Z,HOC,57.21,-5,Market On Close,Filled,-286.05,"adjust" 
2005-09-01T14:00:00Z,FAF,41.79,5,Market On Close,Filled,208.95,"adjust" 
2005-09-01T14:00:00Z,MTEX,12.45,21,Market On Close,Filled,261.45,"adjust" 
2005-09-01T14:00:00Z,SCVL,16.36,34,Market On Close,Filled,556.24,"buy" 
2005-09-01T14:00:00Z,WMK,38.75,6,Market On Close,Filled,232.5,"adjust" 
2005-10-03T14:00:00Z,CRMT,17.67,-47,Market On Close,Filled,-830.49,"band" 
2005-10-03T14:00:00Z,FAF,45.82,-6,Market On Close,Filled,-274.92,"adjust" 
2005-10-03T14:00:00Z,LPX,27.44,-40,Market On Close,Filled,-1097.6,"band" 
2005-10-03T14:00:00Z,MTEX,11.7,-39,Market On Close,Filled,-456.3,"band" 
2005-10-03T14:00:00Z,RAVN,29.92,-7,Market On Close,Filled,-209.44,"adjust" 
2005-10-03T14:00:00Z,STLD,32.9,-24,Market On Close,Filled,-789.6,"band" 
2005-10-03T14:00:00Z,ABFS,34.43,6,Market On Close,Filled,206.58,"adjust" 
2005-10-03T14:00:00Z,CNXS,25.99,21,Market On Close,Filled,545.79,"buy" 
2005-10-03T14:00:00Z,GDT,68.71,5,Market On Close,Filled,343.55,"adjust" 
2005-10-03T14:00:00Z,KOMG,32.45,20,Market On Close,Filled,649,"buy" 
2005-10-03T14:00:00Z,LAWS,36.28,7,Market On Close,Filled,253.96,"adjust" 
2005-10-03T14:00:00Z,MCRI,16.75,31,Market On Close,Filled,519.25,"buy" 
2005-10-03T14:00:00Z,MTLM,25.6,8,Market On Close,Filled,204.8,"adjust" 
2005-10-03T14:00:00Z,PDX,76.98,4,Market On Close,Filled,307.92,"adjust" 
2005-10-03T14:00:00Z,PETS,10.62,69,Market On Close,Filled,732.78,"buy" 
2005-10-03T14:00:00Z,RBIN,10.31,20,Market On Close,Filled,206.2,"adjust" 
2005-10-03T14:00:00Z,X,41.49,5,Market On Close,Filled,207.45,"adjust" 
2005-11-01T15:00:00Z,ABFS,38.8,-10,Market On Close,Filled,-388,"adjust" 
2005-11-01T15:00:00Z,GDT,63,-6,Market On Close,Filled,-378,"adjust" 
2005-11-01T15:00:00Z,COP,66.1,-4,Market On Close,Filled,-264.4,"adjust" 
2005-11-01T15:00:00Z,RBIN,10.99,-74,Market On Close,Filled,-813.26,"band" 
2005-11-01T15:00:00Z,AXE,37.39,7,Market On Close,Filled,261.73,"adjust" 
2005-11-01T15:00:00Z,MSTR,70.9,3,Market On Close,Filled,212.7,"adjust" 
2005-11-01T15:00:00Z,RS,57.76,17,Market On Close,Filled,981.92,"buy" 
2005-12-01T15:00:00Z,FAF,47.84,-5,Market On Close,Filled,-239.2,"adjust" 
2005-12-01T15:00:00Z,LAWS,38.64,-28,Market On Close,Filled,-1081.92,"band" 
2005-12-01T15:00:00Z,X,48.98,-19,Market On Close,Filled,-930.62,"band" 
2005-12-01T15:00:00Z,AIT,32.1,7,Market On Close,Filled,224.7,"adjust" 
2005-12-01T15:00:00Z,ECOL,16.65,15,Market On Close,Filled,249.75,"adjust" 
2005-12-01T15:00:00Z,NATR,20.03,16,Market On Close,Filled,320.48,"adjust" 
2005-12-01T15:00:00Z,SNHY,18.75,24,Market On Close,Filled,450,"buy" 
2005-12-01T15:00:00Z,VLO,101.1,8,Market On Close,Filled,808.8,"buy" 
2005-12-01T15:00:00Z,WWW,22.5,10,Market On Close,Filled,225,"adjust" 
2006-01-03T15:00:00Z,PCU,69.25,-3,Market On Close,Filled,-207.75,"adjust" 
2006-01-03T15:00:00Z,PDX,89.99,-3,Market On Close,Filled,-269.97,"adjust" 
2006-01-03T15:00:00Z,PETS,14.31,-22,Market On Close,Filled,-314.82,"adjust" 
2006-01-03T15:00:00Z,BKE,32.69,8,Market On Close,Filled,261.52,"adjust" 
2006-01-03T15:00:00Z,TALK,8.88,28,Market On Close,Filled,248.64,"adjust" 
2006-02-01T15:00:00Z,GDT,73.85,-4,Market On Close,Filled,-295.4,"adjust" 
2006-02-01T15:00:00Z,PCU,86.84,-4,Market On Close,Filled,-347.36,"adjust" 
2006-02-01T15:00:00Z,RS,78.45,-3,Market On Close,Filled,-235.35,"adjust" 
2006-02-01T15:00:00Z,SPTN,12.08,-59,Market On Close,Filled,-712.72,"expired" 
2006-02-01T15:00:00Z,WWW,24.06,-63,Market On Close,Filled,-1515.78,"expired" 
2006-02-01T15:00:00Z,ABFS,42.99,5,Market On Close,Filled,214.95,"adjust" 
2006-02-01T15:00:00Z,FAF,46.75,6,Market On Close,Filled,280.5,"adjust" 
2006-02-01T15:00:00Z,EXPO,30.71,8,Market On Close,Filled,245.68,"adjust" 
2006-02-01T15:00:00Z,LYTS,14.73,54,Market On Close,Filled,795.42,"buy" 
2006-02-01T15:00:00Z,MTLM,28.12,8,Market On Close,Filled,224.96,"adjust" 
2006-02-01T15:00:00Z,SYKE,13.02,72,Market On Close,Filled,937.44,"buy" 
2006-02-01T15:00:00Z,WMK,42.94,5,Market On Close,Filled,214.7,"adjust" 
2006-03-01T15:00:00Z,PDX,95.76,-4,Market On Close,Filled,-383.04,"adjust" 
2006-03-01T15:00:00Z,AEOS,28.91,8,Market On Close,Filled,231.28,"adjust" 
2006-03-01T15:00:00Z,CNXS,20.79,11,Market On Close,Filled,228.69,"adjust" 
2006-03-01T15:00:00Z,IIIN,39.29,17,Market On Close,Filled,667.93,"buy" 
2006-03-01T15:00:00Z,NATR,17.17,13,Market On Close,Filled,223.21,"adjust" 
2006-03-01T15:00:00Z,COP,61.75,5,Market On Close,Filled,308.75,"adjust" 
2006-03-01T15:00:00Z,WEYS,19.44,11,Market On Close,Filled,213.84,"adjust" 
2006-04-03T14:00:00Z,AEOS,28.79,-38,Market On Close,Filled,-1094.02,"band" 
2006-04-03T14:00:00Z,AXE,47.29,-36,Market On Close,Filled,-1702.44,"universe" 
2006-04-03T14:00:00Z,CMC,54.28,-6,Market On Close,Filled,-325.68,"adjust" 
2006-04-03T14:00:00Z,IIIN,59.24,-8,Market On Close,Filled,-473.92,"adjust" 
2006-04-03T14:00:00Z,MTSC,41.33,-18,Market On Close,Filled,-743.94,"universe" 
2006-04-03T14:00:00Z,NUE,107.97,-3,Market On Close,Filled,-323.91,"adjust" 
2006-04-03T14:00:00Z,NVR,753.2,-1,Market On Close,Filled,-753.2,"band" 
2006-04-03T14:00:00Z,B,40.34,34,Market On Close,Filled,1371.56,"buy" 
2006-04-03T14:00:00Z,EGY,6.83,115,Market On Close,Filled,785.45,"buy" 
2006-04-03T14:00:00Z,FAF,38.8,9,Market On Close,Filled,349.2,"adjust" 
2006-04-03T14:00:00Z,GDT,77.25,4,Market On Close,Filled,309,"adjust" 
2006-04-03T14:00:00Z,ODP,36.78,6,Market On Close,Filled,220.68,"adjust" 
2006-04-03T14:00:00Z,PLPC,33.2,9,Market On Close,Filled,298.8,"adjust" 
2006-04-03T14:00:00Z,SHOO,35.78,32,Market On Close,Filled,1144.96,"buy" 
2006-04-03T14:00:00Z,TALK,8.6,25,Market On Close,Filled,215,"adjust" 
2006-04-03T14:00:00Z,ZEUS,30.9,28,Market On Close,Filled,865.2,"buy" 
2006-04-22T04:00:00Z,GDT,80.05,-20,Market,Filled,-1601,"Liquidate from delisting" 
2006-05-01T14:00:00Z,ECOL,25.5,-13,Market On Close,Filled,-331.5,"adjust" 
2006-05-01T14:00:00Z,NATR,10.04,-65,Market On Close,Filled,-652.6,"universe" 
2006-05-01T14:00:00Z,ODP,40.65,-6,Market On Close,Filled,-243.9,"adjust" 
2006-05-01T14:00:00Z,SHOO,53.01,-19,Market On Close,Filled,-1007.19,"adjust" 
2006-05-01T14:00:00Z,SYKE,16.51,-16,Market On Close,Filled,-264.16,"adjust" 
2006-05-01T14:00:00Z,DECK,42.49,23,Market On Close,Filled,977.27,"buy" 
2006-05-01T14:00:00Z,EXPO,32.5,8,Market On Close,Filled,260,"adjust" 
2006-05-01T14:00:00Z,PDX,49.85,6,Market On Close,Filled,299.1,"adjust" 
2006-05-01T14:00:00Z,RIMG,22.05,10,Market On Close,Filled,220.5,"adjust" 
2006-05-01T14:00:00Z,SNHY,21.46,11,Market On Close,Filled,236.06,"adjust" 
2006-06-01T14:00:00Z,CNXS,23.41,-32,Market On Close,Filled,-749.12,"band" 
2006-06-01T14:00:00Z,FAF,42.19,-6,Market On Close,Filled,-253.14,"adjust" 
2006-06-01T14:00:00Z,HOC,85,-4,Market On Close,Filled,-340,"adjust" 
2006-06-01T14:00:00Z,SNHY,19.97,-35,Market On Close,Filled,-698.95,"band" 
2006-06-01T14:00:00Z,WMK,42.67,-7,Market On Close,Filled,-298.69,"adjust" 
2006-06-01T14:00:00Z,BKE,42.45,6,Market On Close,Filled,254.7,"adjust" 
2006-06-01T14:00:00Z,CRUS,8.47,111,Market On Close,Filled,940.17,"buy" 
2006-06-01T14:00:00Z,MLR,20.04,41,Market On Close,Filled,821.64,"buy" 
2006-06-01T14:00:00Z,RSC,14.83,69,Market On Close,Filled,1023.27,"buy" 
2006-06-01T14:00:00Z,WSO,58.34,5,Market On Close,Filled,291.7,"adjust" 
2006-07-03T14:00:00Z,ABFS,50.55,-5,Market On Close,Filled,-252.75,"adjust" 
2006-07-03T14:00:00Z,EGY,10.1,-40,Market On Close,Filled,-404,"adjust" 
2006-07-03T14:00:00Z,PLPC,37,-31,Market On Close,Filled,-1147,"band" 
2006-07-03T14:00:00Z,MCRI,27.98,9,Market On Close,Filled,251.82,"adjust" 
2006-07-03T14:00:00Z,MSTR,98.56,3,Market On Close,Filled,295.68,"adjust" 
2006-07-03T14:00:00Z,ODP,37.73,7,Market On Close,Filled,264.11,"adjust" 
2006-07-03T14:00:00Z,PETS,11.45,22,Market On Close,Filled,251.9,"adjust" 
2006-07-03T14:00:00Z,RAVN,31.83,7,Market On Close,Filled,222.81,"adjust" 
2006-07-03T14:00:00Z,SCVL,24.75,9,Market On Close,Filled,222.75,"adjust" 
2006-07-03T14:00:00Z,TALK,6.24,64,Market On Close,Filled,399.36,"adjust" 
2006-07-03T14:00:00Z,WIRE,36.5,20,Market On Close,Filled,730,"buy" 
2006-08-01T14:00:00Z,CRUS,6.56,-111,Market On Close,Filled,-728.16,"expired" 
2006-08-01T14:00:00Z,EXPO,15.34,-29,Market On Close,Filled,-444.86,"adjust" 
2006-08-01T14:00:00Z,ODP,36.07,-7,Market On Close,Filled,-252.49,"adjust" 
2006-08-01T14:00:00Z,RIMG,23.92,-39,Market On Close,Filled,-932.88,"band" 
2006-08-01T14:00:00Z,FAF,36.7,6,Market On Close,Filled,220.2,"adjust" 
2006-08-01T14:00:00Z,KBALB,17.33,68,Market On Close,Filled,1178.44,"buy" 
2006-08-01T14:00:00Z,KFRC,12.25,72,Market On Close,Filled,882,"buy" 
2006-08-01T14:00:00Z,RSC,13.9,16,Market On Close,Filled,222.4,"adjust" 
2006-09-01T14:00:00Z,KBALB,17.46,-12,Market On Close,Filled,-209.52,"adjust" 
2006-09-01T14:00:00Z,LYTS,18.31,-19,Market On Close,Filled,-347.89,"adjust" 
2006-09-01T14:00:00Z,SYKE,20.2,-16,Market On Close,Filled,-323.2,"adjust" 
2006-09-01T14:00:00Z,TALK,5.84,-184,Market On Close,Filled,-1074.56,"band" 
2006-09-01T14:00:00Z,ECOL,19.79,15,Market On Close,Filled,296.85,"adjust" 
2006-09-01T14:00:00Z,LMS,26.03,27,Market On Close,Filled,702.81,"buy" 
2006-09-01T14:00:00Z,MLR,18.47,12,Market On Close,Filled,221.64,"adjust" 
2006-09-01T14:00:00Z,COP,64.22,4,Market On Close,Filled,256.88,"adjust" 
2006-09-01T14:00:00Z,VLO,57.81,5,Market On Close,Filled,289.05,"adjust" 
2006-10-02T14:00:00Z,ECOL,19.63,-48,Market On Close,Filled,-942.24,"band" 
2006-10-02T14:00:00Z,LYTS,16.02,-35,Market On Close,Filled,-560.7,"band" 
2006-10-02T14:00:00Z,MLR,18.03,-53,Market On Close,Filled,-955.59,"band" 
2006-10-02T14:00:00Z,RAVN,28.97,-32,Market On Close,Filled,-927.04,"band" 
2006-10-02T14:00:00Z,WSO,45.25,-23,Market On Close,Filled,-1040.75,"band" 
2006-10-02T14:00:00Z,CMC,20.25,11,Market On Close,Filled,222.75,"adjust" 
2006-10-02T14:00:00Z,EGY,7.2,32,Market On Close,Filled,230.4,"adjust" 
2006-10-02T14:00:00Z,IIIN,19.46,12,Market On Close,Filled,233.52,"adjust" 
2006-10-02T14:00:00Z,IVAC,16.43,36,Market On Close,Filled,591.48,"buy" 
2006-10-02T14:00:00Z,MCRI,20.91,11,Market On Close,Filled,230.01,"adjust" 
2006-10-02T14:00:00Z,PCLN,36.76,24,Market On Close,Filled,882.24,"buy" 
2006-10-02T14:00:00Z,STLD,50.33,17,Market On Close,Filled,855.61,"buy" 
2006-10-02T14:00:00Z,TESS,31.52,35,Market On Close,Filled,1103.2,"buy" 
2006-10-02T14:00:00Z,TTMI,11.87,56,Market On Close,Filled,664.72,"buy" 
2006-10-02T14:00:00Z,WMK,39.53,6,Market On Close,Filled,237.18,"adjust" 
2006-11-01T15:00:00Z,B,19.86,-18,Market On Close,Filled,-357.48,"adjust" 
2006-11-01T15:00:00Z,CMC,26.01,-9,Market On Close,Filled,-234.09,"adjust" 
2006-11-01T15:00:00Z,DECK,52.26,-4,Market On Close,Filled,-209.04,"adjust" 
2006-11-01T15:00:00Z,KBALB,24.56,-12,Market On Close,Filled,-294.72,"adjust" 
2006-11-01T15:00:00Z,NUE,57.34,-4,Market On Close,Filled,-229.36,"adjust" 
2006-11-01T15:00:00Z,PETS,12.14,-69,Market On Close,Filled,-837.66,"band" 
2006-11-01T15:00:00Z,TESS,31.67,-11,Market On Close,Filled,-348.37,"adjust" 
2006-11-01T15:00:00Z,LMS,20.91,11,Market On Close,Filled,230.01,"adjust" 
2006-11-01T15:00:00Z,MTEX,15.05,43,Market On Close,Filled,647.15,"buy" 
2006-11-01T15:00:00Z,COP,59.68,4,Market On Close,Filled,238.72,"adjust" 
2006-11-01T15:00:00Z,PDX,44.07,5,Market On Close,Filled,220.35,"adjust" 
2006-11-01T15:00:00Z,SYKE,19.14,10,Market On Close,Filled,191.4,"adjust" 
2006-11-01T15:00:00Z,WMK,39.8,7,Market On Close,Filled,278.6,"adjust" 
2006-11-01T15:00:00Z,ZEUS,26.18,9,Market On Close,Filled,235.62,"adjust" 
2006-12-01T15:00:00Z,FAF,38.63,-45,Market On Close,Filled,-1738.35,"expired" 
2006-12-01T15:00:00Z,IVAC,27.26,-12,Market On Close,Filled,-327.12,"adjust" 
2006-12-01T15:00:00Z,MTLM,35.36,-10,Market On Close,Filled,-353.6,"adjust" 
2006-12-01T15:00:00Z,PDX,48.55,-43,Market On Close,Filled,-2087.65,"expired" 
2006-12-01T15:00:00Z,RSC,17.12,-16,Market On Close,Filled,-273.92,"adjust" 
2006-12-01T15:00:00Z,ABFS,37.2,8,Market On Close,Filled,297.6,"adjust" 
2006-12-01T15:00:00Z,AMWD,38.35,29,Market On Close,Filled,1112.15,"buy" 
2006-12-01T15:00:00Z,EXPO,17.6,12,Market On Close,Filled,211.2,"adjust" 
2006-12-01T15:00:00Z,KOMG,38.71,6,Market On Close,Filled,232.26,"adjust" 
2006-12-01T15:00:00Z,MRO,95.53,15,Market On Close,Filled,1432.95,"buy" 
2006-12-01T15:00:00Z,ODP,37.25,6,Market On Close,Filled,223.5,"adjust" 
2006-12-01T15:00:00Z,PCLN,39.11,6,Market On Close,Filled,234.66,"adjust" 
2006-12-01T15:00:00Z,SHOO,36.53,6,Market On Close,Filled,219.18,"adjust" 
2006-12-01T15:00:00Z,WIRE,25.15,12,Market On Close,Filled,301.8,"adjust" 
2006-12-01T15:00:00Z,WMK,39.89,5,Market On Close,Filled,199.45,"adjust" 
2007-01-03T15:00:00Z,BKE,52.93,-9,Market On Close,Filled,-476.37,"adjust" 
2007-01-03T15:00:00Z,COP,68.08,-3,Market On Close,Filled,-204.24,"adjust" 
2007-01-03T15:00:00Z,SCVL,31.42,-7,Market On Close,Filled,-219.94,"adjust" 
2007-01-03T15:00:00Z,CTR,23.26,9,Market On Close,Filled,209.34,"adjust" 
2007-01-03T15:00:00Z,TTMI,11.3,20,Market On Close,Filled,226,"adjust" 
2007-01-03T15:00:00Z,VLO,50.01,5,Market On Close,Filled,250.05,"adjust" 
2007-02-01T15:00:00Z,KOMG,33.75,-26,Market On Close,Filled,-877.5,"band" 
2007-02-01T15:00:00Z,MCRI,24.59,-51,Market On Close,Filled,-1254.09,"band" 
2007-02-01T15:00:00Z,STLD,39.68,-9,Market On Close,Filled,-357.12,"adjust" 
2007-02-01T15:00:00Z,ZEUS,27.81,-37,Market On Close,Filled,-1028.97,"band" 
2007-02-01T15:00:00Z,AEOS,32.84,40,Market On Close,Filled,1313.6,"buy" 
2007-02-01T15:00:00Z,AP,30.08,27,Market On Close,Filled,812.16,"buy" 
2007-02-01T15:00:00Z,CVX,74.41,27,Market On Close,Filled,2009.07,"buy" 
2007-02-01T15:00:00Z,EGY,6.47,35,Market On Close,Filled,226.45,"adjust" 
2007-02-01T15:00:00Z,IIIN,17.16,13,Market On Close,Filled,223.08,"adjust" 
2007-02-01T15:00:00Z,SYKE,15.09,14,Market On Close,Filled,211.26,"adjust" 
2007-03-01T15:00:00Z,MSTR,125.25,-2,Market On Close,Filled,-250.5,"adjust" 
2007-03-01T15:00:00Z,PCLN,53.16,-9,Market On Close,Filled,-478.44,"adjust" 
2007-03-01T15:00:00Z,PCU,69.75,-6,Market On Close,Filled,-418.5,"adjust" 
2007-03-01T15:00:00Z,RS,44.78,-5,Market On Close,Filled,-223.9,"adjust" 
2007-03-01T15:00:00Z,TESS,26.88,-14,Market On Close,Filled,-376.32,"adjust" 
2007-03-01T15:00:00Z,WEYS,25.51,-9,Market On Close,Filled,-229.59,"adjust" 
2007-03-01T15:00:00Z,WIRE,25.15,-32,Market On Close,Filled,-804.8,"band" 
2007-03-01T15:00:00Z,ABM,26.83,65,Market On Close,Filled,1743.95,"buy" 
2007-03-01T15:00:00Z,MTEX,14.52,16,Market On Close,Filled,232.32,"adjust" 
2007-03-01T15:00:00Z,ODP,33.31,7,Market On Close,Filled,233.17,"adjust" 
2007-03-01T15:00:00Z,SHOO,28.53,7,Market On Close,Filled,199.71,"adjust" 
2007-04-02T14:00:00Z,IIIN,16.71,-43,Market On Close,Filled,-718.53,"band" 
2007-04-02T14:00:00Z,MTEX,15.35,-59,Market On Close,Filled,-905.65,"band" 
2007-04-02T14:00:00Z,SYKE,18.11,-24,Market On Close,Filled,-434.64,"adjust" 
2007-04-02T14:00:00Z,TTMI,9.44,-76,Market On Close,Filled,-717.44,"band" 
2007-04-02T14:00:00Z,VLO,64.95,-4,Market On Close,Filled,-259.8,"adjust" 
2007-04-02T14:00:00Z,AEIS,21.3,44,Market On Close,Filled,937.2,"buy" 
2007-04-02T14:00:00Z,AMWD,36.79,6,Market On Close,Filled,220.74,"adjust" 
2007-04-02T14:00:00Z,AIT,24.44,11,Market On Close,Filled,268.84,"adjust" 
2007-04-02T14:00:00Z,BWS,43.26,26,Market On Close,Filled,1124.76,"buy" 
2007-04-02T14:00:00Z,PCCC,13.82,50,Market On Close,Filled,691,"buy" 
2007-05-01T14:00:00Z,AEIS,24.9,-13,Market On Close,Filled,-323.7,"adjust" 
2007-05-01T14:00:00Z,AP,36.08,-27,Market On Close,Filled,-974.16,"band" 
2007-05-01T14:00:00Z,DECK,76.47,-3,Market On Close,Filled,-229.41,"adjust" 
2007-05-01T14:00:00Z,EXPO,21.34,-21,Market On Close,Filled,-448.14,"adjust" 
2007-05-01T14:00:00Z,LMS,26.8,-38,Market On Close,Filled,-1018.4,"expired" 
2007-05-01T14:00:00Z,RS,59.45,-6,Market On Close,Filled,-356.7,"adjust" 
2007-05-01T14:00:00Z,RSC,16.43,-69,Market On Close,Filled,-1133.67,"band" 
2007-05-01T14:00:00Z,STLD,44.21,-25,Market On Close,Filled,-1105.25,"expired" 
2007-05-01T14:00:00Z,DLTR,38.97,43,Market On Close,Filled,1675.71,"buy" 
2007-05-01T14:00:00Z,GIII,17.59,42,Market On Close,Filled,738.78,"buy" 
2007-05-01T14:00:00Z,KBALB,17.86,13,Market On Close,Filled,232.18,"adjust" 
2007-05-01T14:00:00Z,MOV,32.64,28,Market On Close,Filled,913.92,"buy" 
2007-05-01T14:00:00Z,MSTR,115.28,2,Market On Close,Filled,230.56,"adjust" 
2007-06-01T14:00:00Z,AEOS,27.19,-40,Market On Close,Filled,-1087.6,"expired" 
2007-06-01T14:00:00Z,B,30.1,-12,Market On Close,Filled,-361.2,"adjust" 
2007-06-01T14:00:00Z,BWS,29.9,-38,Market On Close,Filled,-1136.2,"expired" 
2007-06-01T14:00:00Z,BKE,40.8,-6,Market On Close,Filled,-244.8,"adjust" 
2007-06-01T14:00:00Z,CTR,21.83,-56,Market On Close,Filled,-1222.48,"expired" 
2007-06-01T14:00:00Z,EGY,4.86,-142,Market On Close,Filled,-690.12,"universe" 
2007-06-01T14:00:00Z,HOC,71.35,-3,Market On Close,Filled,-214.05,"adjust" 
2007-06-01T14:00:00Z,MRO,126.74,-2,Market On Close,Filled,-253.48,"adjust" 
2007-06-01T14:00:00Z,CMI,94.1,12,Market On Close,Filled,1129.2,"buy" 
2007-06-01T14:00:00Z,KBALB,13.91,20,Market On Close,Filled,278.2,"adjust" 
2007-06-01T14:00:00Z,MAT,28.35,75,Market On Close,Filled,2126.25,"buy" 
2007-06-01T14:00:00Z,NVR,779,1,Market On Close,Filled,779,"buy" 
2007-06-01T14:00:00Z,TESS,24.9,9,Market On Close,Filled,224.1,"adjust" 
2007-06-01T14:00:00Z,UCTT,13.97,52,Market On Close,Filled,726.44,"buy" 
2007-07-02T14:00:00Z,ABFS,39.4,-32,Market On Close,Filled,-1260.8,"band" 
2007-07-02T14:00:00Z,CVX,85.14,-3,Market On Close,Filled,-255.42,"adjust" 
2007-07-02T14:00:00Z,DECK,100.96,-3,Market On Close,Filled,-302.88,"adjust" 
2007-07-02T14:00:00Z,DLTR,43.82,-6,Market On Close,Filled,-262.92,"adjust" 
2007-07-02T14:00:00Z,KBALB,14.01,-77,Market On Close,Filled,-1078.77,"band" 
2007-07-02T14:00:00Z,MSTR,94.59,-12,Market On Close,Filled,-1135.08,"band" 
2007-07-02T14:00:00Z,COP,80.05,-3,Market On Close,Filled,-240.15,"adjust" 
2007-07-02T14:00:00Z,PCLN,68.31,-5,Market On Close,Filled,-341.55,"adjust" 
2007-07-02T14:00:00Z,BW,42.86,14,Market On Close,Filled,600.04,"buy" 
2007-07-02T14:00:00Z,HHGP,21.56,43,Market On Close,Filled,927.08,"buy" 
2007-07-02T14:00:00Z,MAT,25.74,8,Market On Close,Filled,205.92,"adjust" 
2007-07-02T14:00:00Z,NUE,59.7,4,Market On Close,Filled,238.8,"adjust" 
2007-07-02T14:00:00Z,RS,57.46,4,Market On Close,Filled,229.84,"adjust" 
2007-07-02T14:00:00Z,SHOO,32.96,8,Market On Close,Filled,263.68,"adjust" 
2007-07-02T14:00:00Z,SYKE,19.06,11,Market On Close,Filled,209.66,"adjust" 
2007-07-02T14:00:00Z,USMO,26.46,50,Market On Close,Filled,1323,"buy" 
2007-08-01T14:00:00Z,ABM,25.16,-19,Market On Close,Filled,-478.04,"adjust" 
2007-08-01T14:00:00Z,CMI,120.05,-4,Market On Close,Filled,-480.2,"adjust" 
2007-08-01T14:00:00Z,DECK,104.94,-4,Market On Close,Filled,-419.76,"adjust" 
2007-08-01T14:00:00Z,PCU,108.25,-3,Market On Close,Filled,-324.75,"adjust" 
2007-08-01T14:00:00Z,WMK,40.1,-10,Market On Close,Filled,-401,"adjust" 
2007-08-01T14:00:00Z,AMWD,30.3,8,Market On Close,Filled,242.4,"adjust" 
2007-08-01T14:00:00Z,BKE,35.58,7,Market On Close,Filled,249.06,"adjust" 
2007-08-01T14:00:00Z,IVAC,16.19,17,Market On Close,Filled,275.23,"adjust" 
2007-08-01T14:00:00Z,JAKK,24.16,38,Market On Close,Filled,918.08,"buy" 
2007-08-01T14:00:00Z,MOV,28.21,14,Market On Close,Filled,394.94,"adjust" 
2007-08-01T14:00:00Z,ODP,25.28,9,Market On Close,Filled,227.52,"adjust" 
2007-08-01T14:00:00Z,SCVL,22.29,15,Market On Close,Filled,334.35,"adjust" 
2007-08-01T14:00:00Z,SHOO,28.14,10,Market On Close,Filled,281.4,"adjust" 
2007-08-01T14:00:00Z,SYKE,16.97,12,Market On Close,Filled,203.64,"adjust" 
2007-09-04T14:00:00Z,AIT,32.81,-16,Market On Close,Filled,-524.96,"adjust" 
2007-09-04T14:00:00Z,BKE,36.62,-8,Market On Close,Filled,-292.96,"adjust" 
2007-09-04T14:00:00Z,DLTR,43.24,-6,Market On Close,Filled,-259.44,"adjust" 
2007-09-04T14:00:00Z,EXPO,24.86,-19,Market On Close,Filled,-472.34,"adjust" 
2007-09-04T14:00:00Z,PCLN,82.16,-5,Market On Close,Filled,-410.8,"adjust" 
2007-09-04T14:00:00Z,SYKE,16.17,-63,Market On Close,Filled,-1018.71,"band" 
2007-09-04T14:00:00Z,WEYS,29.6,-11,Market On Close,Filled,-325.6,"adjust" 
2007-09-04T14:00:00Z,WMK,43.01,-7,Market On Close,Filled,-301.07,"adjust" 
2007-09-04T14:00:00Z,AEIS,16.26,16,Market On Close,Filled,260.16,"adjust" 
2007-09-04T14:00:00Z,HHGP,13.91,20,Market On Close,Filled,278.2,"adjust" 
2007-09-04T14:00:00Z,NVR,567,1,Market On Close,Filled,567,"adjust" 
2007-09-04T14:00:00Z,PCCC,12.57,21,Market On Close,Filled,263.97,"adjust" 
2007-09-04T14:00:00Z,KFRC,15.1,25,Market On Close,Filled,377.5,"adjust" 
2007-09-04T14:00:00Z,SCVL,17.7,13,Market On Close,Filled,230.1,"adjust" 
2007-09-04T14:00:00Z,UAUA,47.85,23,Market On Close,Filled,1100.55,"buy" 
2007-10-01T14:00:00Z,MTLM,53.94,-6,Market On Close,Filled,-323.64,"adjust" 
2007-10-01T14:00:00Z,PCU,127.8,-2,Market On Close,Filled,-255.6,"adjust" 
2007-10-01T14:00:00Z,SCVL,15.79,-64,Market On Close,Filled,-1010.56,"band" 
2007-10-01T14:00:00Z,TESS,15.55,-31,Market On Close,Filled,-482.05,"band" 
2007-10-01T14:00:00Z,SHOO,19.13,14,Market On Close,Filled,267.82,"adjust" 
2007-10-01T14:00:00Z,VLGEA,52.12,27,Market On Close,Filled,1407.24,"buy" 
2007-11-01T14:00:00Z,AMWD,23.94,-43,Market On Close,Filled,-1029.42,"band" 
2007-11-01T14:00:00Z,DECK,132.75,-4,Market On Close,Filled,-531,"adjust" 
2007-11-01T14:00:00Z,SHOO,23.69,-12,Market On Close,Filled,-284.28,"adjust" 
2007-11-01T14:00:00Z,CALM,22.86,31,Market On Close,Filled,708.66,"buy" 
2007-11-01T14:00:00Z,DLTR,36.61,8,Market On Close,Filled,292.88,"adjust" 
2007-11-01T14:00:00Z,GIII,15.14,13,Market On Close,Filled,196.82,"adjust" 
2007-11-01T14:00:00Z,MTLM,50.46,4,Market On Close,Filled,201.84,"adjust" 
2007-11-01T14:00:00Z,SCHN,64.07,14,Market On Close,Filled,896.98,"buy" 
2007-11-01T14:00:00Z,UCTT,12.52,24,Market On Close,Filled,300.48,"adjust" 
2007-11-01T14:00:00Z,USMO,16.33,23,Market On Close,Filled,375.59,"adjust" 
2007-12-03T15:00:00Z,CVX,87.84,-3,Market On Close,Filled,-263.52,"adjust" 
2007-12-03T15:00:00Z,NVR,486.09,-1,Market On Close,Filled,-486.09,"adjust" 
2007-12-03T15:00:00Z,PCLN,114.59,-5,Market On Close,Filled,-572.95,"adjust" 
2007-12-03T15:00:00Z,UCTT,13.8,-76,Market On Close,Filled,-1048.8,"band" 
2007-12-03T15:00:00Z,HHGP,8.68,35,Market On Close,Filled,303.8,"adjust" 
2007-12-03T15:00:00Z,HOC,48.48,7,Market On Close,Filled,339.36,"adjust" 
2007-12-03T15:00:00Z,HOFT,17.06,52,Market On Close,Filled,887.12,"buy" 
2007-12-03T15:00:00Z,IVAC,14.96,14,Market On Close,Filled,209.44,"adjust" 
2007-12-03T15:00:00Z,KFRC,10.25,21,Market On Close,Filled,215.25,"adjust" 
2008-01-02T15:00:00Z,ABM,20.16,-46,Market On Close,Filled,-927.36,"band" 
2008-01-02T15:00:00Z,GIII,13.59,-55,Market On Close,Filled,-747.45,"band" 
2008-01-02T15:00:00Z,HOFT,19.62,-14,Market On Close,Filled,-274.68,"adjust" 
2008-01-02T15:00:00Z,MRO,61.39,-4,Market On Close,Filled,-245.56,"adjust" 
2008-01-02T15:00:00Z,AEIS,12.76,17,Market On Close,Filled,216.92,"adjust" 
2008-01-02T15:00:00Z,BW,37.56,7,Market On Close,Filled,262.92,"adjust" 
2008-01-02T15:00:00Z,DLTR,25.31,8,Market On Close,Filled,202.48,"adjust" 
2008-01-02T15:00:00Z,EXPO,26.45,9,Market On Close,Filled,238.05,"adjust" 
2008-01-02T15:00:00Z,IMMR,13.04,60,Market On Close,Filled,782.4,"buy" 
2008-01-02T15:00:00Z,NVTL,15.28,51,Market On Close,Filled,779.28,"buy" 
2008-01-02T15:00:00Z,UAUA,31.99,6,Market On Close,Filled,191.94,"adjust" 
2008-01-02T15:00:00Z,WMK,39.23,5,Market On Close,Filled,196.15,"adjust" 
2008-02-01T15:00:00Z,BKE,42.14,-8,Market On Close,Filled,-337.12,"adjust" 
2008-02-01T15:00:00Z,EXPO,31.02,-10,Market On Close,Filled,-310.2,"adjust" 
2008-02-01T15:00:00Z,MAT,21.3,-83,Market On Close,Filled,-1767.9,"band" 
2008-02-01T15:00:00Z,PCCC,11.44,-71,Market On Close,Filled,-812.24,"band" 
2008-02-01T15:00:00Z,UAUA,41.14,-11,Market On Close,Filled,-452.54,"adjust" 
2008-02-01T15:00:00Z,WEYS,28.98,-11,Market On Close,Filled,-318.78,"adjust" 
2008-02-01T15:00:00Z,B,27.2,8,Market On Close,Filled,217.6,"adjust" 
2008-02-01T15:00:00Z,BW,30.31,8,Market On Close,Filled,242.48,"adjust" 
2008-02-01T15:00:00Z,IVAC,11.44,24,Market On Close,Filled,274.56,"adjust" 
2008-02-01T15:00:00Z,JAKK,24,10,Market On Close,Filled,240,"adjust" 
2008-02-01T15:00:00Z,MEI,12.91,59,Market On Close,Filled,761.69,"buy" 
2008-02-01T15:00:00Z,MRO,49.05,5,Market On Close,Filled,245.25,"adjust" 
2008-02-01T15:00:00Z,RS,50.58,5,Market On Close,Filled,252.9,"adjust" 
2008-02-01T15:00:00Z,SHOO,17.73,13,Market On Close,Filled,230.49,"adjust" 
2008-02-01T15:00:00Z,TWIN,16.67,46,Market On Close,Filled,766.82,"buy" 
2008-02-01T15:00:00Z,USMO,12,21,Market On Close,Filled,252,"adjust" 
2008-02-01T15:00:00Z,WMK,38.32,8,Market On Close,Filled,306.56,"adjust" 
2008-03-03T15:00:00Z,BKE,44.23,-5,Market On Close,Filled,-221.15,"adjust" 
2008-03-03T15:00:00Z,BW,26.82,-29,Market On Close,Filled,-777.78,"band" 
2008-03-03T15:00:00Z,CALM,32.68,-8,Market On Close,Filled,-261.44,"adjust" 
2008-03-03T15:00:00Z,DLTR,27.88,-10,Market On Close,Filled,-278.8,"adjust" 
2008-03-03T15:00:00Z,HOC,53.69,-6,Market On Close,Filled,-322.14,"adjust" 
2008-03-03T15:00:00Z,JAKK,28.4,-10,Market On Close,Filled,-284,"adjust" 
2008-03-03T15:00:00Z,MRO,53.79,-4,Market On Close,Filled,-215.16,"adjust" 
2008-03-03T15:00:00Z,ODP,11.08,-59,Market On Close,Filled,-653.72,"band" 
2008-03-03T15:00:00Z,COP,83.36,-3,Market On Close,Filled,-250.08,"adjust" 
2008-03-03T15:00:00Z,RS,56.14,-4,Market On Close,Filled,-224.56,"adjust" 
2008-03-03T15:00:00Z,TWIN,20.11,-46,Market On Close,Filled,-925.06,"band" 
2008-03-03T15:00:00Z,AMED,43.05,27,Market On Close,Filled,1162.35,"buy" 
2008-03-03T15:00:00Z,KAMN,23.57,46,Market On Close,Filled,1084.22,"buy" 
2008-03-03T15:00:00Z,XOM,87.84,22,Market On Close,Filled,1932.48,"buy" 
2008-03-15T04:00:00Z,MTLM,55.27,-25,Market,Filled,-1381.75,"Liquidate from delisting" 
2008-04-01T14:00:00Z,AEIS,13.68,-64,Market On Close,Filled,-875.52,"band" 
2008-04-01T14:00:00Z,HHGP,8.96,-98,Market On Close,Filled,-878.08,"band" 
2008-04-01T14:00:00Z,NUE,69.25,-4,Market On Close,Filled,-277,"adjust" 
2008-04-01T14:00:00Z,USMO,7.45,-94,Market On Close,Filled,-700.3,"band" 
2008-04-01T14:00:00Z,FSTR,44.97,16,Market On Close,Filled,719.52,"buy" 
2008-04-01T14:00:00Z,IMMR,6.98,39,Market On Close,Filled,272.22,"adjust" 
2008-04-01T14:00:00Z,LXU,15.08,55,Market On Close,Filled,829.4,"buy" 
2008-04-01T14:00:00Z,NVTL,10.39,24,Market On Close,Filled,249.36,"adjust" 
2008-04-01T14:00:00Z,UAUA,23.13,14,Market On Close,Filled,323.82,"adjust" 
2008-04-01T14:00:00Z,WDC,27.92,35,Market On Close,Filled,977.2,"buy" 
2008-04-01T14:00:00Z,ZEUS,45.94,23,Market On Close,Filled,1056.62,"buy" 
2008-05-01T14:00:00Z,AMED,52.34,-27,Market On Close,Filled,-1413.18,"expired" 
2008-05-01T14:00:00Z,EXPO,34.07,-12,Market On Close,Filled,-408.84,"adjust" 
2008-05-01T14:00:00Z,HOC,41.73,-20,Market On Close,Filled,-834.6,"band" 
2008-05-01T14:00:00Z,IMMR,11.06,-99,Market On Close,Filled,-1094.94,"band" 
2008-05-01T14:00:00Z,IVAC,13.91,-22,Market On Close,Filled,-306.02,"adjust" 
2008-05-01T14:00:00Z,KAMN,27.67,-46,Market On Close,Filled,-1272.82,"expired" 
2008-05-01T14:00:00Z,COP,86.59,-19,Market On Close,Filled,-1645.21,"expired" 
2008-05-01T14:00:00Z,PCU,110,-9,Market On Close,Filled,-990,"expired" 
2008-05-01T14:00:00Z,KFRC,8.44,-118,Market On Close,Filled,-995.92,"expired" 
2008-05-01T14:00:00Z,SCHN,86.4,-4,Market On Close,Filled,-345.6,"adjust" 
2008-05-01T14:00:00Z,UAUA,16.1,-32,Market On Close,Filled,-515.2,"expired" 
2008-05-01T14:00:00Z,AAON,19.08,57,Market On Close,Filled,1087.56,"buy" 
2008-05-01T14:00:00Z,ANK,33.25,36,Market On Close,Filled,1197,"buy" 
2008-05-01T14:00:00Z,AZZ,27.56,30,Market On Close,Filled,826.8,"buy" 
2008-05-01T14:00:00Z,CUB,27.74,32,Market On Close,Filled,887.68,"buy" 
2008-05-01T14:00:00Z,GHM,58.23,10,Market On Close,Filled,582.3,"buy" 
2008-05-01T14:00:00Z,JAKK,23.79,9,Market On Close,Filled,214.11,"adjust" 
2008-05-01T14:00:00Z,K,52.43,42,Market On Close,Filled,2202.06,"buy" 
2008-05-01T14:00:00Z,MRO,47.86,5,Market On Close,Filled,239.3,"adjust" 
2008-05-01T14:00:00Z,PTEN,27.94,46,Market On Close,Filled,1285.24,"buy" 
2008-05-01T14:00:00Z,TNC,35.3,36,Market On Close,Filled,1270.8,"buy" 
2008-05-01T14:00:00Z,WMK,30.37,9,Market On Close,Filled,273.33,"adjust" 
2008-06-02T14:00:00Z,B,30.9,-14,Market On Close,Filled,-432.6,"adjust" 
2008-06-02T14:00:00Z,DLTR,36.42,-9,Market On Close,Filled,-327.78,"adjust" 
2008-06-02T14:00:00Z,IVAC,12.16,-57,Market On Close,Filled,-693.12,"band" 
2008-06-02T14:00:00Z,MRO,51.66,-28,Market On Close,Filled,-1446.48,"band" 
2008-06-02T14:00:00Z,NVTL,10.19,-75,Market On Close,Filled,-764.25,"expired" 
2008-06-02T14:00:00Z,VLO,52.84,-22,Market On Close,Filled,-1162.48,"band" 
2008-06-02T14:00:00Z,WDC,37.07,-8,Market On Close,Filled,-296.56,"adjust" 
2008-06-02T14:00:00Z,ZEUS,62.23,-5,Market On Close,Filled,-311.15,"adjust" 
2008-06-02T14:00:00Z,BKE,45.45,6,Market On Close,Filled,272.7,"adjust" 
2008-06-02T14:00:00Z,CF,139.39,5,Market On Close,Filled,696.95,"buy" 
2008-06-02T14:00:00Z,DCO,30.54,28,Market On Close,Filled,855.12,"buy" 
2008-06-02T14:00:00Z,FSTR,34.19,6,Market On Close,Filled,205.14,"adjust" 
2008-06-02T14:00:00Z,HOFT,20.03,12,Market On Close,Filled,240.36,"adjust" 
2008-06-02T14:00:00Z,OXY,92.58,14,Market On Close,Filled,1296.12,"buy" 
2008-06-02T14:00:00Z,PCU,109.75,9,Market On Close,Filled,987.75,"buy" 
2008-06-02T14:00:00Z,VLGEA,46.27,5,Market On Close,Filled,231.35,"adjust" 
2008-06-02T14:00:00Z,XOM,87.71,3,Market On Close,Filled,263.13,"adjust" 
2008-07-01T14:00:00Z,AZZ,44.06,-11,Market On Close,Filled,-484.66,"adjust" 
2008-07-01T14:00:00Z,CMC,36.95,-6,Market On Close,Filled,-221.7,"adjust" 
2008-07-01T14:00:00Z,PTEN,36.02,-12,Market On Close,Filled,-432.24,"adjust" 
2008-07-01T14:00:00Z,RS,78.12,-4,Market On Close,Filled,-312.48,"adjust" 
2008-07-01T14:00:00Z,SCHN,114.56,-2,Market On Close,Filled,-229.12,"adjust" 
2008-07-01T14:00:00Z,ZEUS,70.47,-4,Market On Close,Filled,-281.88,"adjust" 
2008-07-01T14:00:00Z,AIT,23.8,9,Market On Close,Filled,214.2,"adjust" 
2008-07-01T14:00:00Z,B,23.6,11,Market On Close,Filled,259.6,"adjust" 
2008-07-01T14:00:00Z,CUB,22.01,9,Market On Close,Filled,198.09,"adjust" 
2008-07-01T14:00:00Z,DCO,23.21,10,Market On Close,Filled,232.1,"adjust" 
2008-07-01T14:00:00Z,EXPO,30.39,7,Market On Close,Filled,212.73,"adjust" 
2008-07-01T14:00:00Z,K,48.07,5,Market On Close,Filled,240.35,"adjust" 
2008-07-01T14:00:00Z,MEI,10.44,20,Market On Close,Filled,208.8,"adjust" 
2008-07-01T14:00:00Z,NVR,508.01,1,Market On Close,Filled,508.01,"adjust" 
2008-07-01T14:00:00Z,TNC,29.82,10,Market On Close,Filled,298.2,"adjust" 
2008-07-01T14:00:00Z,WEYS,27.15,8,Market On Close,Filled,217.2,"adjust" 
2008-08-01T14:00:00Z,AZZ,46.14,-19,Market On Close,Filled,-876.66,"expired" 
2008-08-01T14:00:00Z,BKE,50.42,-4,Market On Close,Filled,-201.68,"adjust" 
2008-08-01T14:00:00Z,CUB,26.9,-41,Market On Close,Filled,-1102.9,"band" 
2008-08-01T14:00:00Z,DCO,27.21,-8,Market On Close,Filled,-217.68,"adjust" 
2008-08-01T14:00:00Z,GHM,101.97,-10,Market On Close,Filled,-1019.7,"expired" 
2008-08-01T14:00:00Z,K,52.4,-5,Market On Close,Filled,-262,"adjust" 
2008-08-01T14:00:00Z,LXU,21.65,-12,Market On Close,Filled,-259.8,"adjust" 
2008-08-01T14:00:00Z,NVR,539.04,-1,Market On Close,Filled,-539.04,"adjust" 
2008-08-01T14:00:00Z,SHOO,22.79,-22,Market On Close,Filled,-501.38,"adjust" 
2008-08-01T14:00:00Z,WMK,38.31,-14,Market On Close,Filled,-536.34,"adjust" 
2008-08-01T14:00:00Z,DECK,105.49,2,Market On Close,Filled,210.98,"adjust" 
2008-08-01T14:00:00Z,EGY,6.55,143,Market On Close,Filled,936.65,"buy" 
2008-08-01T14:00:00Z,COP,81.14,20,Market On Close,Filled,1622.8,"buy" 
2008-08-01T14:00:00Z,PCU,25.97,13,Market On Close,Filled,337.61,"adjust" 
2008-08-01T14:00:00Z,SKX,18.96,42,Market On Close,Filled,796.32,"buy" 
2008-08-01T14:00:00Z,WDC,28.61,9,Market On Close,Filled,257.49,"adjust" 
2008-09-02T14:00:00Z,AIT,28.7,-7,Market On Close,Filled,-200.9,"adjust" 
2008-09-02T14:00:00Z,EGY,7.4,-31,Market On Close,Filled,-229.4,"adjust" 
2008-09-02T14:00:00Z,TNC,31.28,-46,Market On Close,Filled,-1438.88,"band" 
2008-09-02T14:00:00Z,VLGEA,44.99,-7,Market On Close,Filled,-314.93,"adjust" 
2008-09-02T14:00:00Z,CMC,24.61,10,Market On Close,Filled,246.1,"adjust" 
2008-09-02T14:00:00Z,DMLP,26.3,45,Market On Close,Filled,1183.5,"buy" 
2008-09-02T14:00:00Z,HOFT,17.47,17,Market On Close,Filled,296.99,"adjust" 
2008-09-02T14:00:00Z,PCLN,97.6,3,Market On Close,Filled,292.8,"adjust" 
2008-09-02T14:00:00Z,SCHN,64.15,5,Market On Close,Filled,320.75,"adjust" 
2008-10-01T14:00:00Z,CALM,27.42,-23,Market On Close,Filled,-630.66,"expired" 
2008-10-01T14:00:00Z,CVX,82.25,-3,Market On Close,Filled,-246.75,"adjust" 
2008-10-01T14:00:00Z,CMC,16.28,-42,Market On Close,Filled,-683.76,"band" 
2008-10-01T14:00:00Z,DCO,22.9,-30,Market On Close,Filled,-687,"band" 
2008-10-01T14:00:00Z,HOFT,16.94,-12,Market On Close,Filled,-203.28,"adjust" 
2008-10-01T14:00:00Z,K,56.55,-7,Market On Close,Filled,-395.85,"adjust" 
2008-10-01T14:00:00Z,COP,70.7,-4,Market On Close,Filled,-282.8,"adjust" 
2008-10-01T14:00:00Z,PCU,18.35,-40,Market On Close,Filled,-734,"band" 
2008-10-01T14:00:00Z,VLGEA,47.77,-6,Market On Close,Filled,-286.62,"adjust" 
2008-10-01T14:00:00Z,WEYS,32.89,-8,Market On Close,Filled,-263.12,"adjust" 
2008-10-01T14:00:00Z,XOM,78.59,-5,Market On Close,Filled,-392.95,"adjust" 
2008-10-01T14:00:00Z,CRMT,18.56,57,Market On Close,Filled,1057.92,"buy" 
2008-10-01T14:00:00Z,DLTR,36.13,6,Market On Close,Filled,216.78,"adjust" 
2008-10-01T14:00:00Z,IIIN,13,59,Market On Close,Filled,767,"buy" 
2008-10-01T14:00:00Z,LXU,14.35,17,Market On Close,Filled,243.95,"adjust" 
2008-10-01T14:00:00Z,SKX,16.23,12,Market On Close,Filled,194.76,"adjust" 
2008-10-01T14:00:00Z,TTWO,15.93,47,Market On Close,Filled,748.71,"buy" 
2008-10-01T14:00:00Z,WTI,26.08,29,Market On Close,Filled,756.32,"buy" 
2008-10-01T14:00:00Z,ZEUS,28.14,7,Market On Close,Filled,196.98,"adjust" 
2008-11-03T15:00:00Z,AIT,19.93,-35,Market On Close,Filled,-697.55,"expired" 
2008-11-03T15:00:00Z,CVX,73.61,-7,Market On Close,Filled,-515.27,"adjust" 
2008-11-03T15:00:00Z,DECK,80.65,-7,Market On Close,Filled,-564.55,"band" 
2008-11-03T15:00:00Z,FSTR,28.28,-22,Market On Close,Filled,-622.16,"band" 
2008-11-03T15:00:00Z,LXU,8.39,-60,Market On Close,Filled,-503.4,"band" 
2008-11-03T15:00:00Z,NUE,37.93,-16,Market On Close,Filled,-606.88,"band" 
2008-11-03T15:00:00Z,PCLN,52.29,-9,Market On Close,Filled,-470.61,"band" 
2008-11-03T15:00:00Z,WMK,32.82,-10,Market On Close,Filled,-328.2,"adjust" 
2008-11-03T15:00:00Z,XOM,74.39,-9,Market On Close,Filled,-669.51,"adjust" 
2008-11-03T15:00:00Z,ABFS,29.03,26,Market On Close,Filled,754.78,"buy" 
2008-11-03T15:00:00Z,CALM,29.09,23,Market On Close,Filled,669.07,"buy" 
2008-11-03T15:00:00Z,CMI,26.48,9,Market On Close,Filled,238.32,"adjust" 
2008-11-03T15:00:00Z,DAR,7.13,92,Market On Close,Filled,655.96,"buy" 
2008-11-03T15:00:00Z,HVT,9.6,102,Market On Close,Filled,979.2,"buy" 
2008-11-03T15:00:00Z,HOFT,9.8,41,Market On Close,Filled,401.8,"adjust" 
2008-11-03T15:00:00Z,TBI,8.18,117,Market On Close,Filled,957.06,"buy" 
2008-11-03T15:00:00Z,MEI,7.71,27,Market On Close,Filled,208.17,"adjust" 
2008-11-03T15:00:00Z,MOV,14.79,18,Market On Close,Filled,266.22,"adjust" 
2008-11-03T15:00:00Z,NVR,499.85,1,Market On Close,Filled,499.85,"adjust" 
2008-11-03T15:00:00Z,SCHN,27.22,10,Market On Close,Filled,272.2,"adjust" 
2008-11-03T15:00:00Z,TTWO,12.26,21,Market On Close,Filled,257.46,"adjust" 
2008-11-03T15:00:00Z,UACL,16.46,48,Market On Close,Filled,790.08,"buy" 
2008-11-03T15:00:00Z,WDC,17.05,13,Market On Close,Filled,221.65,"adjust" 
2008-12-01T15:00:00Z,AAON,17.3,-18,Market On Close,Filled,-311.4,"adjust" 
2008-12-01T15:00:00Z,CMI,22.53,-25,Market On Close,Filled,-563.25,"band" 
2008-12-01T15:00:00Z,DLTR,39.13,-9,Market On Close,Filled,-352.17,"adjust" 
2008-12-01T15:00:00Z,UACL,16,-13,Market On Close,Filled,-208,"adjust" 
2008-12-01T15:00:00Z,CF,44.12,4,Market On Close,Filled,176.48,"adjust" 
2008-12-01T15:00:00Z,GCO,11.47,45,Market On Close,Filled,516.15,"buy" 
2008-12-01T15:00:00Z,JAKK,17.03,13,Market On Close,Filled,221.39,"adjust" 
2009-01-02T15:00:00Z,EGY,7.5,-36,Market On Close,Filled,-270,"adjust" 
2009-01-02T15:00:00Z,TBI,9.82,-32,Market On Close,Filled,-314.24,"adjust" 
2009-01-02T15:00:00Z,SCHN,40.18,-23,Market On Close,Filled,-924.14,"expired" 
2009-01-02T15:00:00Z,VLGEA,53.69,-4,Market On Close,Filled,-214.76,"adjust" 
2009-01-02T15:00:00Z,PTEN,12.58,19,Market On Close,Filled,239.02,"adjust" 
2009-01-02T15:00:00Z,TSCO,36.73,27,Market On Close,Filled,991.71,"buy" 
2009-01-02T15:00:00Z,TTWO,7.95,31,Market On Close,Filled,246.45,"adjust" 
2009-02-02T15:00:00Z,DAR,4.48,-92,Market On Close,Filled,-412.16,"universe" 
2009-02-02T15:00:00Z,HOFT,8.09,-96,Market On Close,Filled,-776.64,"band" 
2009-02-02T15:00:00Z,MEI,4.9,-106,Market On Close,Filled,-519.4,"universe" 
2009-02-02T15:00:00Z,MOV,7.66,-60,Market On Close,Filled,-459.6,"band" 
2009-02-02T15:00:00Z,NVR,403.99,-1,Market On Close,Filled,-403.99,"adjust" 
2009-02-02T15:00:00Z,OXY,54.16,-4,Market On Close,Filled,-216.64,"adjust" 
2009-02-02T15:00:00Z,RS,22.21,-18,Market On Close,Filled,-399.78,"band" 
2009-02-02T15:00:00Z,CRK,38.42,12,Market On Close,Filled,461.04,"buy" 
2009-02-02T15:00:00Z,CTRN,9.51,51,Market On Close,Filled,485.01,"buy" 
2009-02-02T15:00:00Z,PETS,14.45,67,Market On Close,Filled,968.15,"buy" 
2009-02-02T15:00:00Z,KFRC,6.32,110,Market On Close,Filled,695.2,"buy" 
2009-02-02T15:00:00Z,SKX,9.92,23,Market On Close,Filled,228.16,"adjust" 
2009-02-02T15:00:00Z,SYKE,16.72,48,Market On Close,Filled,802.56,"buy" 
2009-03-02T15:00:00Z,CF,58.99,-9,Market On Close,Filled,-530.91,"band" 
2009-03-02T15:00:00Z,COP,35.15,-16,Market On Close,Filled,-562.4,"band" 
2009-03-02T15:00:00Z,WTI,6.73,-29,Market On Close,Filled,-195.17,"band" 
2009-03-02T15:00:00Z,FSYS,19.25,19,Market On Close,Filled,365.75,"buy" 
2009-03-02T15:00:00Z,LHCG,17.99,30,Market On Close,Filled,539.7,"buy" 
2009-03-02T15:00:00Z,MTSC,21.55,35,Market On Close,Filled,754.25,"buy" 
2009-03-02T15:00:00Z,NVR,326.35,1,Market On Close,Filled,326.35,"adjust" 
2009-04-01T14:00:00Z,ABFS,19.17,-26,Market On Close,Filled,-498.42,"band" 
2009-04-01T14:00:00Z,BKE,31.65,-11,Market On Close,Filled,-348.15,"adjust" 
2009-04-01T14:00:00Z,CRMT,13.94,-16,Market On Close,Filled,-223.04,"adjust" 
2009-04-01T14:00:00Z,CTRN,22.96,-33,Market On Close,Filled,-757.68,"adjust" 
2009-04-01T14:00:00Z,GCO,19.2,-14,Market On Close,Filled,-268.8,"adjust" 
2009-04-01T14:00:00Z,HVT,10.47,-21,Market On Close,Filled,-219.87,"adjust" 
2009-04-01T14:00:00Z,JAKK,12.65,-60,Market On Close,Filled,-759,"band" 
2009-04-01T14:00:00Z,TBI,8.37,-85,Market On Close,Filled,-711.45,"band" 
2009-04-01T14:00:00Z,NVR,430.02,-2,Market On Close,Filled,-860.04,"band" 
2009-04-01T14:00:00Z,SKX,6.91,-77,Market On Close,Filled,-532.07,"band" 
2009-04-01T14:00:00Z,TTWO,8.47,-99,Market On Close,Filled,-838.53,"band" 
2009-04-01T14:00:00Z,WDC,19.91,-17,Market On Close,Filled,-338.47,"adjust" 
2009-04-01T14:00:00Z,AMED,27.4,25,Market On Close,Filled,685,"buy" 
2009-04-01T14:00:00Z,CALM,22.08,11,Market On Close,Filled,242.88,"adjust" 
2009-04-01T14:00:00Z,CMTL,25.14,27,Market On Close,Filled,678.78,"buy" 
2009-04-01T14:00:00Z,CNC,17.65,47,Market On Close,Filled,829.55,"buy" 
2009-04-01T14:00:00Z,HWKN,15.34,70,Market On Close,Filled,1073.8,"buy" 
2009-04-01T14:00:00Z,NPK,63.81,11,Market On Close,Filled,701.91,"buy" 
2009-04-01T14:00:00Z,WIRE,21.98,36,Market On Close,Filled,791.28,"buy" 
2009-05-01T14:00:00Z,B,13.91,-43,Market On Close,Filled,-598.13,"expired" 
2009-05-01T14:00:00Z,EGY,4.7,-76,Market On Close,Filled,-357.2,"universe" 
2009-05-01T14:00:00Z,KFRC,10.63,-110,Market On Close,Filled,-1169.3,"expired" 
2009-05-01T14:00:00Z,SHOO,28.47,-17,Market On Close,Filled,-483.99,"adjust" 
2009-05-01T14:00:00Z,CVX,66.84,4,Market On Close,Filled,267.36,"adjust" 
2009-05-01T14:00:00Z,DGIT,21.99,37,Market On Close,Filled,813.63,"buy" 
2009-05-01T14:00:00Z,KIRK,6.71,100,Market On Close,Filled,671,"buy" 
2009-05-01T14:00:00Z,MTSC,21.7,12,Market On Close,Filled,260.4,"adjust" 
2009-05-01T14:00:00Z,PLCE,28.9,25,Market On Close,Filled,722.5,"buy" 
2009-05-01T14:00:00Z,XOM,67.93,5,Market On Close,Filled,339.65,"adjust" 
2009-06-01T14:00:00Z,CRK,40.83,-12,Market On Close,Filled,-489.96,"band" 
2009-06-01T14:00:00Z,HWKN,21,-18,Market On Close,Filled,-378,"adjust" 
2009-06-01T14:00:00Z,IIIN,9.08,-59,Market On Close,Filled,-535.72,"band" 
2009-06-01T14:00:00Z,FSYS,22.74,-19,Market On Close,Filled,-432.06,"band" 
2009-06-01T14:00:00Z,OXY,69.33,-10,Market On Close,Filled,-693.3,"band" 
2009-06-01T14:00:00Z,PLCE,36.79,-6,Market On Close,Filled,-220.74,"adjust" 
2009-06-01T14:00:00Z,PTEN,15.23,-53,Market On Close,Filled,-807.19,"band" 
2009-06-01T14:00:00Z,ZEUS,19.69,-21,Market On Close,Filled,-413.49,"band" 
2009-06-01T14:00:00Z,CTR,20.25,43,Market On Close,Filled,870.75,"buy" 
2009-06-01T14:00:00Z,CASY,26.47,35,Market On Close,Filled,926.45,"buy" 
2009-06-01T14:00:00Z,FIZ,11,70,Market On Close,Filled,770,"buy" 
2009-06-01T14:00:00Z,RBIN,13.97,24,Market On Close,Filled,335.28,"buy" 
2009-06-01T14:00:00Z,RHI,22.61,39,Market On Close,Filled,881.79,"buy" 
2009-06-01T14:00:00Z,USMO,11.34,77,Market On Close,Filled,873.18,"buy" 
2009-07-01T14:00:00Z,ANK,39.86,-24,Market On Close,Filled,-956.64,"adjust" 
2009-07-01T14:00:00Z,CMTL,32.55,-27,Market On Close,Filled,-878.85,"band" 
2009-07-01T14:00:00Z,CRMT,21.14,-11,Market On Close,Filled,-232.54,"adjust" 
2009-07-01T14:00:00Z,KIRK,11.21,-49,Market On Close,Filled,-549.29,"adjust" 
2009-07-01T14:00:00Z,CORE,26.88,33,Market On Close,Filled,887.04,"buy" 
2009-07-01T14:00:00Z,DLTR,42.43,5,Market On Close,Filled,212.15,"adjust" 
2009-08-03T14:00:00Z,AMED,44.8,-25,Market On Close,Filled,-1120,"band" 
2009-08-03T14:00:00Z,GCO,22.07,-31,Market On Close,Filled,-684.17,"band" 
2009-08-03T14:00:00Z,TSCO,48.4,-5,Market On Close,Filled,-242,"adjust" 
2009-08-03T14:00:00Z,HWKN,18.98,11,Market On Close,Filled,208.78,"adjust" 
2009-08-03T14:00:00Z,RGR,11.87,59,Market On Close,Filled,700.33,"buy" 
2009-08-03T14:00:00Z,SIF,10.3,69,Market On Close,Filled,710.7,"buy" 
2009-08-03T14:00:00Z,WIRE,22.17,10,Market On Close,Filled,221.7,"adjust" 
2009-09-01T14:00:00Z,SIF,13.8,-23,Market On Close,Filled,-317.4,"adjust" 
2009-09-01T14:00:00Z,WDC,33.21,-8,Market On Close,Filled,-265.68,"adjust" 
2009-09-01T14:00:00Z,BKE,26.51,8,Market On Close,Filled,212.08,"adjust" 
2009-09-01T14:00:00Z,DGIT,16.7,14,Market On Close,Filled,233.8,"adjust" 
2009-09-01T14:00:00Z,XOM,68.41,3,Market On Close,Filled,205.23,"adjust" 
2009-10-01T14:00:00Z,EXPO,27.54,-37,Market On Close,Filled,-1018.98,"band" 
2009-10-01T14:00:00Z,HWKN,22.76,-15,Market On Close,Filled,-341.4,"adjust" 
2009-10-01T14:00:00Z,WEYS,22.35,-25,Market On Close,Filled,-558.75,"band" 
2009-10-01T14:00:00Z,CVX,68.74,4,Market On Close,Filled,274.96,"adjust" 
2009-10-01T14:00:00Z,PLCE,29.01,7,Market On Close,Filled,203.07,"adjust" 
2009-10-01T14:00:00Z,SCHN,51.67,11,Market On Close,Filled,568.37,"buy" 
2009-10-01T14:00:00Z,TESS,16.91,40,Market On Close,Filled,676.4,"buy" 
2009-10-01T14:00:00Z,VLGEA,29.15,10,Market On Close,Filled,291.5,"adjust" 
2009-10-01T14:00:00Z,WMK,31.67,8,Market On Close,Filled,253.36,"adjust" 
2009-11-02T15:00:00Z,CALM,27.93,-34,Market On Close,Filled,-949.62,"band" 
2009-11-02T15:00:00Z,CVX,76.64,-19,Market On Close,Filled,-1456.16,"band" 
2009-11-02T15:00:00Z,DMLP,22.15,-45,Market On Close,Filled,-996.75,"band" 
2009-11-02T15:00:00Z,PLCE,32.53,-26,Market On Close,Filled,-845.78,"band" 
2009-11-02T15:00:00Z,XOM,72.15,-19,Market On Close,Filled,-1370.85,"band" 
2009-11-02T15:00:00Z,AAON,18.66,17,Market On Close,Filled,317.22,"adjust" 
2009-11-02T15:00:00Z,APOG,12.9,58,Market On Close,Filled,748.2,"buy" 
2009-11-02T15:00:00Z,ARKR,12.8,60,Market On Close,Filled,768,"buy" 
2009-11-02T15:00:00Z,DISCA,27.28,40,Market On Close,Filled,1091.2,"buy" 
2009-11-02T15:00:00Z,FIZ,11.08,21,Market On Close,Filled,232.68,"adjust" 
2009-11-02T15:00:00Z,POWL,36.05,22,Market On Close,Filled,793.1,"buy" 
2009-11-02T15:00:00Z,RS,36.42,19,Market On Close,Filled,691.98,"buy" 
2009-12-01T15:00:00Z,AAON,19.03,-56,Market On Close,Filled,-1065.68,"band" 
2009-12-01T15:00:00Z,CNC,19.27,-47,Market On Close,Filled,-905.69,"band" 
2009-12-01T15:00:00Z,DGIT,27.28,-21,Market On Close,Filled,-572.88,"adjust" 
2009-12-01T15:00:00Z,LHCG,31.9,-30,Market On Close,Filled,-957,"band" 
2009-12-01T15:00:00Z,PETS,16.48,-67,Market On Close,Filled,-1104.16,"band" 
2009-12-01T15:00:00Z,RHI,22.75,-39,Market On Close,Filled,-887.25,"band" 
2009-12-01T15:00:00Z,UACL,16.13,-35,Market On Close,Filled,-564.55,"band" 
2009-12-01T15:00:00Z,CASY,30.62,7,Market On Close,Filled,214.34,"adjust" 
2009-12-01T15:00:00Z,CENT,9.15,90,Market On Close,Filled,823.5,"buy" 
2009-12-01T15:00:00Z,CVI,7.39,82,Market On Close,Filled,605.98,"buy" 
2009-12-01T15:00:00Z,DPZ,7.75,113,Market On Close,Filled,875.75,"buy" 
2009-12-01T15:00:00Z,GTLS,16.91,37,Market On Close,Filled,625.67,"buy" 
2009-12-01T15:00:00Z,HHS,9.82,84,Market On Close,Filled,824.88,"buy" 
2009-12-01T15:00:00Z,JBSS,16.32,51,Market On Close,Filled,832.32,"buy" 
2009-12-01T15:00:00Z,RBIN,15.86,17,Market On Close,Filled,269.62,"adjust" 
2009-12-01T15:00:00Z,USMO,10.34,39,Market On Close,Filled,403.26,"adjust" 
2009-12-01T15:00:00Z,VLGEA,30.85,8,Market On Close,Filled,246.8,"adjust" 
2009-12-01T15:00:00Z,WIRE,20.07,14,Market On Close,Filled,280.98,"adjust" 
2010-01-04T15:00:00Z,CENT,10.65,-90,Market On Close,Filled,-958.5,"universe" 
2010-01-04T15:00:00Z,KIRK,18,-14,Market On Close,Filled,-252,"adjust" 
2010-01-04T15:00:00Z,SCHN,50,-11,Market On Close,Filled,-550,"expired" 
2010-01-04T15:00:00Z,WIRE,21.26,-60,Market On Close,Filled,-1275.6,"band" 
2010-01-04T15:00:00Z,CLW,54.32,10,Market On Close,Filled,543.2,"buy" 
2010-01-04T15:00:00Z,CTRN,26.86,8,Market On Close,Filled,214.88,"adjust" 
2010-01-04T15:00:00Z,EGN,47.49,27,Market On Close,Filled,1282.23,"buy" 
2010-01-04T15:00:00Z,POWL,32.36,9,Market On Close,Filled,291.24,"adjust" 
2010-01-04T15:00:00Z,RGR,10.24,30,Market On Close,Filled,307.2,"adjust" 
2010-01-04T15:00:00Z,TSRA,23.81,33,Market On Close,Filled,785.73,"buy" 
2010-02-01T15:00:00Z,DLTR,49.97,-30,Market On Close,Filled,-1499.1,"band" 
2010-02-01T15:00:00Z,DPZ,11.36,-34,Market On Close,Filled,-386.24,"adjust" 
2010-02-01T15:00:00Z,VLGEA,26.13,-48,Market On Close,Filled,-1254.24,"band" 
2010-02-01T15:00:00Z,CRMT,23.4,9,Market On Close,Filled,210.6,"adjust" 
2010-02-01T15:00:00Z,CORE,30.23,10,Market On Close,Filled,302.3,"adjust" 
2010-02-01T15:00:00Z,MTRX,10.52,87,Market On Close,Filled,915.24,"buy" 
2010-02-01T15:00:00Z,SCVL,18.06,43,Market On Close,Filled,776.58,"buy" 
2010-02-01T15:00:00Z,SIF,12.65,17,Market On Close,Filled,215.05,"adjust" 
2010-02-01T15:00:00Z,TSCO,52.16,4,Market On Close,Filled,208.64,"adjust" 
2010-03-01T15:00:00Z,EGN,46.68,-27,Market On Close,Filled,-1260.36,"universe" 
2010-03-01T15:00:00Z,HVT,13.49,-81,Market On Close,Filled,-1092.69,"band" 
2010-03-01T15:00:00Z,MTSC,27.92,-47,Market On Close,Filled,-1312.24,"band" 
2010-03-01T15:00:00Z,ANK,45.37,7,Market On Close,Filled,317.59,"adjust" 
2010-03-01T15:00:00Z,APOG,14.86,15,Market On Close,Filled,222.9,"adjust" 
2010-03-01T15:00:00Z,CASY,30.76,9,Market On Close,Filled,276.84,"adjust" 
2010-03-01T15:00:00Z,FIZ,11.55,21,Market On Close,Filled,242.55,"adjust" 
2010-03-01T15:00:00Z,HWKN,20.6,16,Market On Close,Filled,329.6,"adjust" 
2010-03-01T15:00:00Z,K,52.16,5,Market On Close,Filled,260.8,"adjust" 
2010-03-01T15:00:00Z,LZB,13.52,38,Market On Close,Filled,513.76,"buy" 
2010-03-01T15:00:00Z,POWL,29.32,7,Market On Close,Filled,205.24,"adjust" 
2010-03-01T15:00:00Z,TTEC,18.06,61,Market On Close,Filled,1101.66,"buy" 
2010-03-01T15:00:00Z,UFS,56.19,12,Market On Close,Filled,674.28,"buy" 
2010-03-01T15:00:00Z,WMK,34.79,9,Market On Close,Filled,313.11,"adjust" 
2010-04-01T14:00:00Z,ARKR,13.35,-60,Market On Close,Filled,-801,"universe" 
2010-04-01T14:00:00Z,BKE,37.16,-29,Market On Close,Filled,-1077.64,"band" 
2010-04-01T14:00:00Z,CTRN,33.1,-26,Market On Close,Filled,-860.6,"band" 
2010-04-01T14:00:00Z,HWKN,24.15,-9,Market On Close,Filled,-217.35,"adjust" 
2010-04-01T14:00:00Z,AMED,56.99,15,Market On Close,Filled,854.85,"buy" 
2010-04-01T14:00:00Z,DSW,25.76,32,Market On Close,Filled,824.32,"buy" 
2010-04-01T14:00:00Z,FLXS,13.31,51,Market On Close,Filled,678.81,"buy" 
2010-04-01T14:00:00Z,RBIN,19.23,12,Market On Close,Filled,230.76,"adjust" 
2010-04-01T14:00:00Z,SYKE,22.91,16,Market On Close,Filled,366.56,"adjust" 
2010-05-03T14:00:00Z,CASY,38.42,-24,Market On Close,Filled,-922.08,"adjust" 
2010-05-03T14:00:00Z,CVI,8.47,-82,Market On Close,Filled,-694.54,"band" 
2010-05-03T14:00:00Z,DPZ,16.06,-79,Market On Close,Filled,-1268.74,"expired" 
2010-05-03T14:00:00Z,RBIN,25.58,-10,Market On Close,Filled,-255.8,"adjust" 
2010-05-03T14:00:00Z,RGR,17.23,-89,Market On Close,Filled,-1533.47,"band" 
2010-05-03T14:00:00Z,SHOO,40.08,-4,Market On Close,Filled,-160.32,"adjust" 
2010-05-03T14:00:00Z,SIF,13.95,-63,Market On Close,Filled,-878.85,"universe" 
2010-05-03T14:00:00Z,SYKE,22.51,-64,Market On Close,Filled,-1440.64,"band" 
2010-05-03T14:00:00Z,TSCO,67.93,-4,Market On Close,Filled,-271.72,"adjust" 
2010-05-03T14:00:00Z,TTEC,16.87,-61,Market On Close,Filled,-1029.07,"expired" 
2010-05-03T14:00:00Z,USMO,14.23,-116,Market On Close,Filled,-1650.68,"expired" 
2010-05-03T14:00:00Z,CRMT,26.15,12,Market On Close,Filled,313.8,"adjust" 
2010-05-03T14:00:00Z,CORE,30.59,12,Market On Close,Filled,367.08,"adjust" 
2010-05-03T14:00:00Z,DDS,29.72,29,Market On Close,Filled,861.88,"buy" 
2010-05-03T14:00:00Z,DECK,143.79,7,Market On Close,Filled,1006.53,"buy" 
2010-05-03T14:00:00Z,FIZ,11.65,37,Market On Close,Filled,431.05,"adjust" 
2010-05-03T14:00:00Z,FOSL,40.46,37,Market On Close,Filled,1497.02,"buy" 
2010-05-03T14:00:00Z,GCI,17.29,50,Market On Close,Filled,864.5,"buy" 
2010-05-03T14:00:00Z,GIII,30.75,30,Market On Close,Filled,922.5,"buy" 
2010-05-03T14:00:00Z,JBSS,15.05,23,Market On Close,Filled,346.15,"adjust" 
2010-05-03T14:00:00Z,NPK,114.36,4,Market On Close,Filled,457.44,"adjust" 
2010-05-03T14:00:00Z,OSK,39.75,25,Market On Close,Filled,993.75,"buy" 
2010-05-03T14:00:00Z,SXI,25.94,33,Market On Close,Filled,856.02,"buy" 
2010-05-03T14:00:00Z,TSRA,20.46,15,Market On Close,Filled,306.9,"adjust" 
2010-05-03T14:00:00Z,WMK,37.93,11,Market On Close,Filled,417.23,"adjust" 
2010-06-01T14:00:00Z,DGIT,41.71,-9,Market On Close,Filled,-375.39,"adjust" 
2010-06-01T14:00:00Z,FOSL,36.23,-9,Market On Close,Filled,-326.07,"adjust" 
2010-06-01T14:00:00Z,GTLS,16.96,-37,Market On Close,Filled,-627.52,"band" 
2010-06-01T14:00:00Z,TSRA,16.87,-48,Market On Close,Filled,-809.76,"band" 
2010-06-01T14:00:00Z,ALG,22.58,37,Market On Close,Filled,835.46,"buy" 
2010-06-01T14:00:00Z,AMED,48.42,5,Market On Close,Filled,242.1,"adjust" 
2010-06-01T14:00:00Z,CLW,59.11,4,Market On Close,Filled,236.44,"adjust" 
2010-06-01T14:00:00Z,FLXS,11.14,20,Market On Close,Filled,222.8,"adjust" 
2010-06-01T14:00:00Z,LZB,11.42,19,Market On Close,Filled,216.98,"adjust" 
2010-06-01T14:00:00Z,SKX,36.14,26,Market On Close,Filled,939.64,"buy" 
2010-06-01T14:00:00Z,WDC,33.56,7,Market On Close,Filled,234.92,"adjust" 
2010-07-01T14:00:00Z,ANK,40.16,-19,Market On Close,Filled,-763.04,"band" 
2010-07-01T14:00:00Z,FIZ,12.28,-30,Market On Close,Filled,-368.4,"adjust" 
2010-07-01T14:00:00Z,HWKN,24.77,-10,Market On Close,Filled,-247.7,"adjust" 
2010-07-01T14:00:00Z,CASY,35.4,6,Market On Close,Filled,212.4,"adjust" 
2010-07-01T14:00:00Z,GCO,26.36,40,Market On Close,Filled,1054.4,"buy" 
2010-07-01T14:00:00Z,RS,35.95,6,Market On Close,Filled,215.7,"adjust" 
2010-08-02T14:00:00Z,APOG,11.12,-73,Market On Close,Filled,-811.76,"band" 
2010-08-02T14:00:00Z,HWKN,32.17,-12,Market On Close,Filled,-386.04,"adjust" 
2010-08-02T14:00:00Z,NPK,102.97,-2,Market On Close,Filled,-205.94,"adjust" 
2010-08-02T14:00:00Z,SHOO,39.02,-6,Market On Close,Filled,-234.12,"adjust" 
2010-08-02T14:00:00Z,SXI,29.95,-8,Market On Close,Filled,-239.6,"adjust" 
2010-08-02T14:00:00Z,KIRK,18.2,15,Market On Close,Filled,273,"adjust" 
2010-08-02T14:00:00Z,PLCE,41.72,28,Market On Close,Filled,1168.16,"buy" 
2010-08-02T14:00:00Z,WDC,27.16,8,Market On Close,Filled,217.28,"adjust" 
2010-09-01T14:00:00Z,CRMT,25.31,-8,Market On Close,Filled,-202.48,"adjust" 
2010-09-01T14:00:00Z,FIZ,14.98,-33,Market On Close,Filled,-494.34,"adjust" 
2010-09-01T14:00:00Z,FOSL,48.8,-8,Market On Close,Filled,-390.4,"adjust" 
2010-09-01T14:00:00Z,HHS,10.42,-84,Market On Close,Filled,-875.28,"band" 
2010-09-01T14:00:00Z,RBIN,24.26,-9,Market On Close,Filled,-218.34,"adjust" 
2010-09-01T14:00:00Z,WMK,36.12,-6,Market On Close,Filled,-216.72,"adjust" 
2010-09-01T14:00:00Z,AAWW,45.37,18,Market On Close,Filled,816.66,"buy" 
2010-09-01T14:00:00Z,AMED,23.82,10,Market On Close,Filled,238.2,"adjust" 
2010-09-01T14:00:00Z,GCI,12.76,20,Market On Close,Filled,255.2,"adjust" 
2010-09-01T14:00:00Z,JBSS,13.21,17,Market On Close,Filled,224.57,"adjust" 
2010-09-01T14:00:00Z,LZB,7.08,33,Market On Close,Filled,233.64,"adjust" 
2010-09-01T14:00:00Z,OSK,25.6,14,Market On Close,Filled,358.4,"adjust" 
2010-09-01T14:00:00Z,TESS,11.16,20,Market On Close,Filled,223.2,"adjust" 
2010-10-01T14:00:00Z,CORE,31,-7,Market On Close,Filled,-217,"adjust" 
2010-10-01T14:00:00Z,DISCA,43.27,-5,Market On Close,Filled,-216.35,"adjust" 
2010-10-01T14:00:00Z,MTRX,8.7,-87,Market On Close,Filled,-756.9,"band" 
2010-10-01T14:00:00Z,OSK,28.07,-39,Market On Close,Filled,-1094.73,"band" 
2010-10-01T14:00:00Z,RS,42.19,-25,Market On Close,Filled,-1054.75,"band" 
2010-10-01T14:00:00Z,TESS,16.06,-32,Market On Close,Filled,-513.92,"adjust" 
2010-10-01T14:00:00Z,TSCO,39.2,-6,Market On Close,Filled,-235.2,"adjust" 
2010-10-01T14:00:00Z,CRMT,25.52,8,Market On Close,Filled,204.16,"adjust" 
2010-10-01T14:00:00Z,DPZ,13.15,87,Market On Close,Filled,1144.05,"buy" 
2010-10-01T14:00:00Z,FIZ,14.12,15,Market On Close,Filled,211.8,"adjust" 
2010-10-01T14:00:00Z,K,50.91,4,Market On Close,Filled,203.64,"adjust" 
2010-10-01T14:00:00Z,MGLN,47.38,37,Market On Close,Filled,1753.06,"buy" 
2010-10-01T14:00:00Z,SKX,22.54,9,Market On Close,Filled,202.86,"adjust" 
2010-10-01T14:00:00Z,USMO,16.31,75,Market On Close,Filled,1223.25,"buy" 
2010-11-01T14:00:00Z,DECK,56.59,-4,Market On Close,Filled,-226.36,"adjust" 
2010-11-01T14:00:00Z,JBSS,12.96,-91,Market On Close,Filled,-1179.36,"band" 
2010-11-01T14:00:00Z,RBIN,37.21,-9,Market On Close,Filled,-334.89,"adjust" 
2010-11-01T14:00:00Z,WDC,32.62,-39,Market On Close,Filled,-1272.18,"expired" 
2010-11-01T14:00:00Z,CTR,26.33,10,Market On Close,Filled,263.3,"adjust" 
2010-11-01T14:00:00Z,CASY,41.38,6,Market On Close,Filled,248.28,"adjust" 
2010-11-01T14:00:00Z,CRUS,12.51,54,Market On Close,Filled,675.54,"buy" 
2010-11-01T14:00:00Z,IDT,13.74,45,Market On Close,Filled,618.3,"buy" 
2010-12-01T15:00:00Z,DECK,79.94,-4,Market On Close,Filled,-319.76,"adjust" 
2010-12-01T15:00:00Z,DSW,39.45,-6,Market On Close,Filled,-236.7,"adjust" 
2010-12-01T15:00:00Z,GCO,39.88,-9,Market On Close,Filled,-358.92,"adjust" 
2010-12-01T15:00:00Z,HWKN,43.45,-8,Market On Close,Filled,-347.6,"adjust" 
2010-12-01T15:00:00Z,IDT,22.2,-14,Market On Close,Filled,-310.8,"adjust" 
2010-12-01T15:00:00Z,LZB,7.98,-90,Market On Close,Filled,-718.2,"band" 
2010-12-01T15:00:00Z,PLCE,51.97,-6,Market On Close,Filled,-311.82,"adjust" 
2010-12-01T15:00:00Z,POWL,36.17,-38,Market On Close,Filled,-1374.46,"band" 
2010-12-01T15:00:00Z,CASY,39.91,6,Market On Close,Filled,239.46,"adjust" 
2010-12-01T15:00:00Z,DISCA,41.34,7,Market On Close,Filled,289.38,"adjust" 
2010-12-01T15:00:00Z,FIZ,13.33,18,Market On Close,Filled,239.94,"adjust" 
2010-12-01T15:00:00Z,K,49.44,6,Market On Close,Filled,296.64,"adjust" 
2010-12-01T15:00:00Z,MGLN,49.31,5,Market On Close,Filled,246.55,"adjust" 
2010-12-01T15:00:00Z,SGU,5.38,341,Market On Close,Filled,1834.58,"buy" 
2010-12-01T15:00:00Z,SSP,9.57,99,Market On Close,Filled,947.43,"buy" 
2010-12-01T15:00:00Z,SXI,30.19,7,Market On Close,Filled,211.33,"adjust" 
2010-12-01T15:00:00Z,WMK,39.16,6,Market On Close,Filled,234.96,"adjust" 
2011-01-03T15:00:00Z,AMED,34.9,-7,Market On Close,Filled,-244.3,"adjust" 
2011-01-03T15:00:00Z,DGIT,29.59,-21,Market On Close,Filled,-621.39,"universe" 
2011-01-03T15:00:00Z,GCI,15.42,-70,Market On Close,Filled,-1079.4,"band" 
2011-01-03T15:00:00Z,GIII,35.39,-6,Market On Close,Filled,-212.34,"adjust" 
2011-01-03T15:00:00Z,IDT,26.62,-9,Market On Close,Filled,-239.58,"adjust" 
2011-01-03T15:00:00Z,KIRK,14.06,-52,Market On Close,Filled,-731.12,"band" 
2011-01-03T15:00:00Z,NPK,134.58,-2,Market On Close,Filled,-269.16,"adjust" 
2011-01-03T15:00:00Z,CLW,81.25,3,Market On Close,Filled,243.75,"adjust" 
2011-01-03T15:00:00Z,OTL,20.68,57,Market On Close,Filled,1178.76,"buy" 
2011-01-03T15:00:00Z,RGR,15.09,91,Market On Close,Filled,1373.19,"buy" 
2011-01-03T15:00:00Z,VSH,14.78,72,Market On Close,Filled,1064.16,"buy" 
2011-02-01T15:00:00Z,CRUS,21.33,-22,Market On Close,Filled,-469.26,"adjust" 
2011-02-01T15:00:00Z,DDS,39.96,-7,Market On Close,Filled,-279.72,"adjust" 
2011-02-01T15:00:00Z,SGU,5.48,-341,Market On Close,Filled,-1868.68,"expired" 
2011-02-01T15:00:00Z,TESS,12.44,-47,Market On Close,Filled,-584.68,"universe" 
2011-02-01T15:00:00Z,TSCO,51.68,-10,Market On Close,Filled,-516.8,"adjust" 
2011-02-01T15:00:00Z,CTR,24.89,12,Market On Close,Filled,298.68,"adjust" 
2011-02-01T15:00:00Z,CORE,34.22,9,Market On Close,Filled,307.98,"adjust" 
2011-02-01T15:00:00Z,DISCA,39,6,Market On Close,Filled,234,"adjust" 
2011-02-01T15:00:00Z,KLIC,10.29,73,Market On Close,Filled,751.17,"buy" 
2011-02-01T15:00:00Z,PLCE,42.14,8,Market On Close,Filled,337.12,"adjust" 
2011-02-01T15:00:00Z,FL,18.02,71,Market On Close,Filled,1279.42,"buy" 
2011-03-01T15:00:00Z,AAWW,67.43,-18,Market On Close,Filled,-1213.74,"band" 
2011-03-01T15:00:00Z,AMED,35.37,-23,Market On Close,Filled,-813.51,"expired" 
2011-03-01T15:00:00Z,CRMT,24.26,-51,Market On Close,Filled,-1237.26,"band" 
2011-03-01T15:00:00Z,FLXS,14.82,-71,Market On Close,Filled,-1052.22,"universe" 
2011-03-01T15:00:00Z,FOSL,75.11,-3,Market On Close,Filled,-225.33,"adjust" 
2011-03-01T15:00:00Z,NPK,125.75,-11,Market On Close,Filled,-1383.25,"band" 
2011-03-01T15:00:00Z,OTL,25.61,-19,Market On Close,Filled,-486.59,"adjust" 
2011-03-01T15:00:00Z,RGR,17.9,-16,Market On Close,Filled,-286.4,"adjust" 
2011-03-01T15:00:00Z,ALV,73.1,19,Market On Close,Filled,1388.9,"buy" 
2011-03-01T15:00:00Z,AIT,31.5,48,Market On Close,Filled,1512,"buy" 
2011-03-01T15:00:00Z,CASY,40.34,8,Market On Close,Filled,322.72,"adjust" 
2011-03-01T15:00:00Z,ENTG,8.51,89,Market On Close,Filled,757.39,"buy" 
2011-03-01T15:00:00Z,MKSI,29.79,37,Market On Close,Filled,1102.23,"buy" 
2011-03-01T15:00:00Z,SKX,20.1,11,Market On Close,Filled,221.1,"adjust" 
2011-03-01T15:00:00Z,TER,18.19,56,Market On Close,Filled,1018.64,"buy" 
2011-04-01T14:00:00Z,FOSL,93.61,-3,Market On Close,Filled,-280.83,"adjust" 
2011-04-01T14:00:00Z,OTL,31.01,-7,Market On Close,Filled,-217.07,"adjust" 
2011-04-01T14:00:00Z,PLCE,49.48,-5,Market On Close,Filled,-247.4,"adjust" 
2011-04-01T14:00:00Z,RBIN,41.5,-5,Market On Close,Filled,-207.5,"adjust" 
2011-04-01T14:00:00Z,RGR,23.09,-14,Market On Close,Filled,-323.26,"adjust" 
2011-04-01T14:00:00Z,SKX,20.22,-46,Market On Close,Filled,-930.12,"band" 
2011-04-01T14:00:00Z,CTR,24.51,9,Market On Close,Filled,220.59,"adjust" 
2011-04-01T14:00:00Z,LSCC,5.94,158,Market On Close,Filled,938.52,"buy" 
2011-04-01T14:00:00Z,WMK,39.96,5,Market On Close,Filled,199.8,"adjust" 
2011-05-02T14:00:00Z,CASY,38.45,-53,Market On Close,Filled,-2037.85,"band" 
2011-05-02T14:00:00Z,DISCA,44.65,-48,Market On Close,Filled,-2143.2,"band" 
2011-05-02T14:00:00Z,DPZ,18.56,-87,Market On Close,Filled,-1614.72,"expired" 
2011-05-02T14:00:00Z,MGLN,51.79,-42,Market On Close,Filled,-2175.18,"expired" 
2011-05-02T14:00:00Z,USMO,15.02,-75,Market On Close,Filled,-1126.5,"expired" 
2011-05-02T14:00:00Z,BRKS,11.81,76,Market On Close,Filled,897.56,"buy" 
2011-05-02T14:00:00Z,CLW,78.25,5,Market On Close,Filled,391.25,"adjust" 
2011-05-02T14:00:00Z,CORE,33.84,9,Market On Close,Filled,304.56,"adjust" 
2011-05-02T14:00:00Z,CRUS,15.93,17,Market On Close,Filled,270.81,"adjust" 
2011-05-02T14:00:00Z,EBS,23.7,67,Market On Close,Filled,1587.9,"buy" 
2011-05-02T14:00:00Z,KLIC,9.03,31,Market On Close,Filled,279.93,"adjust" 
2011-05-02T14:00:00Z,LRCX,48.09,27,Market On Close,Filled,1298.43,"buy" 
2011-05-02T14:00:00Z,MKSI,26.27,8,Market On Close,Filled,210.16,"adjust" 
2011-05-02T14:00:00Z,PLPC,70.04,16,Market On Close,Filled,1120.64,"buy" 
2011-05-02T14:00:00Z,SSP,9.41,45,Market On Close,Filled,423.45,"adjust" 
2011-05-02T14:00:00Z,UFS,95.25,3,Market On Close,Filled,285.75,"adjust" 
2011-06-01T14:00:00Z,CLW,67.69,-22,Market On Close,Filled,-1489.18,"band" 
2011-06-01T14:00:00Z,CORE,34.83,-66,Market On Close,Filled,-2298.78,"band" 
2011-06-01T14:00:00Z,DSW,48.54,-6,Market On Close,Filled,-291.24,"adjust" 
2011-06-01T14:00:00Z,EBS,23.98,-19,Market On Close,Filled,-455.62,"adjust" 
2011-06-01T14:00:00Z,FOSL,102.07,-2,Market On Close,Filled,-204.14,"adjust" 
2011-06-01T14:00:00Z,KLIC,11.65,-29,Market On Close,Filled,-337.85,"adjust" 
2011-06-01T14:00:00Z,FL,24.32,-16,Market On Close,Filled,-389.12,"adjust" 
2011-06-01T14:00:00Z,ALG,25.09,15,Market On Close,Filled,376.35,"adjust" 
2011-06-01T14:00:00Z,ALV,72.99,3,Market On Close,Filled,218.97,"adjust" 
2011-06-01T14:00:00Z,AIT,34.31,9,Market On Close,Filled,308.79,"adjust" 
2011-06-01T14:00:00Z,GIII,41.18,5,Market On Close,Filled,205.9,"adjust" 
2011-06-01T14:00:00Z,IDT,28.99,7,Market On Close,Filled,202.93,"adjust" 
2011-06-01T14:00:00Z,MERC,12.89,67,Market On Close,Filled,863.63,"buy" 
2011-06-01T14:00:00Z,MXIM,26.42,69,Market On Close,Filled,1822.98,"buy" 
2011-06-01T14:00:00Z,PLCE,48.71,4,Market On Close,Filled,194.84,"adjust" 
2011-06-01T14:00:00Z,RBIN,37.03,7,Market On Close,Filled,259.21,"adjust" 
2011-06-01T14:00:00Z,SCVL,26.46,11,Market On Close,Filled,291.06,"adjust" 
2011-06-01T14:00:00Z,SSP,8.15,35,Market On Close,Filled,285.25,"adjust" 
2011-06-01T14:00:00Z,SXI,32.66,8,Market On Close,Filled,261.28,"adjust" 
2011-06-01T14:00:00Z,TER,15.52,18,Market On Close,Filled,279.36,"adjust" 
2011-07-01T14:00:00Z,CTR,29.34,-17,Market On Close,Filled,-498.78,"adjust" 
2011-07-01T14:00:00Z,FIZ,14.63,-119,Market On Close,Filled,-1740.97,"band" 
2011-07-01T14:00:00Z,GCO,52.83,-9,Market On Close,Filled,-475.47,"adjust" 
2011-07-01T14:00:00Z,SSP,9.72,-24,Market On Close,Filled,-233.28,"adjust" 
2011-07-01T14:00:00Z,TSCO,67.85,-3,Market On Close,Filled,-203.55,"adjust" 
2011-07-01T14:00:00Z,BRKS,11.2,21,Market On Close,Filled,235.2,"adjust" 
2011-07-01T14:00:00Z,GME,26.94,69,Market On Close,Filled,1858.86,"buy" 
2011-07-01T14:00:00Z,HWKN,36.97,9,Market On Close,Filled,332.73,"adjust" 
2011-07-01T14:00:00Z,LRCX,45.3,8,Market On Close,Filled,362.4,"adjust" 
2011-07-01T14:00:00Z,MKSI,26.9,8,Market On Close,Filled,215.2,"adjust" 
2011-07-01T14:00:00Z,VECO,48.58,23,Market On Close,Filled,1117.34,"buy" 
2011-07-01T14:00:00Z,VSH,15.7,16,Market On Close,Filled,251.2,"adjust" 
2011-08-01T14:00:00Z,ALG,24.02,-52,Market On Close,Filled,-1249.04,"band" 
2011-08-01T14:00:00Z,CTR,28,-9,Market On Close,Filled,-252,"adjust" 
2011-08-01T14:00:00Z,CRUS,15.22,-49,Market On Close,Filled,-745.78,"band" 
2011-08-01T14:00:00Z,EBS,20.52,-48,Market On Close,Filled,-984.96,"band" 
2011-08-01T14:00:00Z,FOSL,126.74,-2,Market On Close,Filled,-253.48,"adjust" 
2011-08-01T14:00:00Z,HWKN,34.73,-34,Market On Close,Filled,-1180.82,"expired" 
2011-08-01T14:00:00Z,RGR,27.75,-23,Market On Close,Filled,-638.25,"adjust" 
2011-08-01T14:00:00Z,SCVL,32.44,-8,Market On Close,Filled,-259.52,"adjust" 
2011-08-01T14:00:00Z,SXI,32.27,-40,Market On Close,Filled,-1290.8,"band" 
2011-08-01T14:00:00Z,BKE,44.21,26,Market On Close,Filled,1149.46,"buy" 
2011-08-01T14:00:00Z,IDT,24.21,9,Market On Close,Filled,217.89,"adjust" 
2011-08-01T14:00:00Z,LFUS,51.89,32,Market On Close,Filled,1660.48,"buy" 
2011-08-01T14:00:00Z,MERC,9.36,24,Market On Close,Filled,224.64,"adjust" 
2011-08-01T14:00:00Z,MRO,30.65,48,Market On Close,Filled,1471.2,"buy" 
2011-08-01T14:00:00Z,MYGN,20.86,70,Market On Close,Filled,1460.2,"buy" 
2011-08-01T14:00:00Z,UFS,78.49,3,Market On Close,Filled,235.47,"adjust" 
2011-08-01T14:00:00Z,UNH,48.02,37,Market On Close,Filled,1776.74,"buy" 
2011-09-01T14:00:00Z,AIT,29.49,-10,Market On Close,Filled,-294.9,"adjust" 
2011-09-01T14:00:00Z,K,53.97,-4,Market On Close,Filled,-215.88,"adjust" 
2011-09-01T14:00:00Z,SHOO,34.96,-6,Market On Close,Filled,-209.76,"adjust" 
2011-09-01T14:00:00Z,SSP,8.09,-36,Market On Close,Filled,-291.24,"adjust" 
2011-09-01T14:00:00Z,ENTG,7.23,36,Market On Close,Filled,260.28,"adjust" 
2011-09-01T14:00:00Z,GIII,28.52,8,Market On Close,Filled,228.16,"adjust" 
2011-09-01T14:00:00Z,KLIC,8.32,28,Market On Close,Filled,232.96,"adjust" 
2011-09-01T14:00:00Z,MXIM,22.79,9,Market On Close,Filled,205.11,"adjust" 
2011-09-01T14:00:00Z,SCVL,24.92,11,Market On Close,Filled,274.12,"adjust" 
2011-09-01T14:00:00Z,TER,11.86,26,Market On Close,Filled,308.36,"adjust" 
2011-09-01T14:00:00Z,VECO,34.66,8,Market On Close,Filled,277.28,"adjust" 
2011-10-03T14:00:00Z,ALV,46.14,-22,Market On Close,Filled,-1015.08,"band" 
2011-10-03T14:00:00Z,DECK,88.1,-3,Market On Close,Filled,-264.3,"adjust" 
2011-10-03T14:00:00Z,GIII,21.83,-37,Market On Close,Filled,-807.71,"band" 
2011-10-03T14:00:00Z,PLCE,45.8,-29,Market On Close,Filled,-1328.2,"band" 
2011-10-03T14:00:00Z,TSCO,60.23,-4,Market On Close,Filled,-240.92,"adjust" 
2011-10-03T14:00:00Z,UNH,42.91,-5,Market On Close,Filled,-214.55,"adjust" 
2011-10-03T14:00:00Z,WMK,36.93,-6,Market On Close,Filled,-221.58,"adjust" 
2011-10-03T14:00:00Z,CVI,19.69,40,Market On Close,Filled,787.6,"buy" 
2011-10-03T14:00:00Z,DEPO,5,146,Market On Close,Filled,730,"buy" 
2011-10-03T14:00:00Z,MERC,6.73,37,Market On Close,Filled,249.01,"adjust" 
2011-10-03T14:00:00Z,MLR,16.57,77,Market On Close,Filled,1275.89,"buy" 
2011-10-03T14:00:00Z,VSH,8.09,32,Market On Close,Filled,258.88,"adjust" 
2011-11-01T14:00:00Z,DEPO,4.38,-146,Market On Close,Filled,-639.48,"universe" 
2011-11-01T14:00:00Z,LFUS,45.44,-5,Market On Close,Filled,-227.2,"adjust" 
2011-11-01T14:00:00Z,LRCX,42.22,-35,Market On Close,Filled,-1477.7,"expired" 
2011-11-01T14:00:00Z,CHS,12.29,112,Market On Close,Filled,1376.48,"buy" 
2011-11-01T14:00:00Z,CROX,17.86,38,Market On Close,Filled,678.68,"buy" 
2011-11-01T14:00:00Z,IDT,12,50,Market On Close,Filled,600,"adjust" 
2011-11-01T14:00:00Z,UNH,46.22,5,Market On Close,Filled,231.1,"adjust" 
2011-11-01T14:00:00Z,VECO,25.29,8,Market On Close,Filled,202.32,"adjust" 
2011-12-01T15:00:00Z,AIT,34.3,-7,Market On Close,Filled,-240.1,"adjust" 
2011-12-01T15:00:00Z,MKSI,26.35,-9,Market On Close,Filled,-237.15,"adjust" 
2011-12-01T15:00:00Z,SSP,8.35,-119,Market On Close,Filled,-993.65,"band" 
2011-12-01T15:00:00Z,VECO,25.14,-39,Market On Close,Filled,-980.46,"band" 
2011-12-01T15:00:00Z,VSH,9.7,-120,Market On Close,Filled,-1164,"band" 
2011-12-01T15:00:00Z,BKE,41.23,6,Market On Close,Filled,247.38,"adjust" 
2011-12-01T15:00:00Z,CVX,101.83,17,Market On Close,Filled,1731.11,"buy" 
2011-12-01T15:00:00Z,DSW,45.69,6,Market On Close,Filled,274.14,"adjust" 
2011-12-01T15:00:00Z,HOC,23.43,41,Market On Close,Filled,960.63,"buy" 
2011-12-01T15:00:00Z,K,48.98,5,Market On Close,Filled,244.9,"adjust" 
2011-12-01T15:00:00Z,LZB,11.59,90,Market On Close,Filled,1043.1,"buy" 
2011-12-01T15:00:00Z,MERC,5.74,45,Market On Close,Filled,258.3,"adjust" 
2012-01-03T15:00:00Z,IDT,9.55,-88,Market On Close,Filled,-840.4,"band" 
2012-01-03T15:00:00Z,LZB,12,-21,Market On Close,Filled,-252,"adjust" 
2012-01-03T15:00:00Z,MERC,6.49,-173,Market On Close,Filled,-1122.77,"band" 
2012-01-03T15:00:00Z,MRO,30.95,-7,Market On Close,Filled,-216.65,"adjust" 
2012-01-03T15:00:00Z,RGR,34.14,-7,Market On Close,Filled,-238.98,"adjust" 
2012-01-03T15:00:00Z,SCVL,25.59,-10,Market On Close,Filled,-255.9,"adjust" 
2012-01-03T15:00:00Z,TER,13.74,-17,Market On Close,Filled,-233.58,"adjust" 
2012-01-03T15:00:00Z,B,24.44,47,Market On Close,Filled,1148.68,"buy" 
2012-01-03T15:00:00Z,DECK,76.45,3,Market On Close,Filled,229.35,"adjust" 
2012-01-03T15:00:00Z,LXU,29.51,29,Market On Close,Filled,855.79,"buy" 
2012-02-01T15:00:00Z,DDS,43.89,6,Market On Close,Filled,263.34,"adjust" 
2012-03-01T15:00:00Z,CHS,15.29,-112,Market On Close,Filled,-1712.48,"band" 
2012-03-01T15:00:00Z,DDS,60.43,-8,Market On Close,Filled,-483.44,"adjust" 
2012-03-01T15:00:00Z,DECK,78.59,-13,Market On Close,Filled,-1021.67,"band" 
2012-03-01T15:00:00Z,FOSL,126.29,-2,Market On Close,Filled,-252.58,"adjust" 
2012-03-01T15:00:00Z,HOC,33.6,-8,Market On Close,Filled,-268.8,"adjust" 
2012-03-01T15:00:00Z,LXU,41.25,-6,Market On Close,Filled,-247.5,"adjust" 
2012-03-01T15:00:00Z,CVX,109.76,2,Market On Close,Filled,219.52,"adjust" 
2012-03-01T15:00:00Z,GME,23.84,9,Market On Close,Filled,214.56,"adjust" 
2012-03-01T15:00:00Z,ICFI,24.88,50,Market On Close,Filled,1244,"buy" 
2012-03-01T15:00:00Z,K,52.26,4,Market On Close,Filled,209.04,"adjust" 
2012-03-01T15:00:00Z,MLR,15.97,16,Market On Close,Filled,255.52,"adjust" 
2012-03-01T15:00:00Z,OTL,31.16,12,Market On Close,Filled,373.92,"adjust" 
2012-03-01T15:00:00Z,UACL,15.46,65,Market On Close,Filled,1004.9,"buy" 
2012-04-02T14:00:00Z,B,26.96,-47,Market On Close,Filled,-1267.12,"universe" 
2012-04-02T14:00:00Z,LFUS,64.86,-4,Market On Close,Filled,-259.44,"adjust" 
2012-04-02T14:00:00Z,RGR,51.1,-9,Market On Close,Filled,-459.9,"adjust" 
2012-04-02T14:00:00Z,SCVL,32.56,-13,Market On Close,Filled,-423.28,"adjust" 
2012-04-02T14:00:00Z,CVX,108.3,2,Market On Close,Filled,216.6,"adjust" 
2012-04-02T14:00:00Z,LSCC,6.6,43,Market On Close,Filled,283.8,"adjust" 
2012-04-02T14:00:00Z,MKSI,29.7,7,Market On Close,Filled,207.9,"adjust" 
2012-04-02T14:00:00Z,MRO,32.23,7,Market On Close,Filled,225.61,"adjust" 
2012-04-02T14:00:00Z,SMP,17.39,54,Market On Close,Filled,939.06,"buy" 
2012-05-01T14:00:00Z,CROX,20.13,-38,Market On Close,Filled,-764.94,"expired" 
2012-05-01T14:00:00Z,GCO,74.59,-3,Market On Close,Filled,-223.77,"adjust" 
2012-05-01T14:00:00Z,MXIM,29,-12,Market On Close,Filled,-348,"adjust" 
2012-05-01T14:00:00Z,OTL,29.94,-43,Market On Close,Filled,-1287.42,"band" 
2012-05-01T14:00:00Z,RBIN,48.6,-27,Market On Close,Filled,-1312.2,"expired" 
2012-05-01T14:00:00Z,TSCO,98.38,-4,Market On Close,Filled,-393.52,"adjust" 
2012-05-01T14:00:00Z,EGY,9.38,93,Market On Close,Filled,872.34,"buy" 
2012-05-01T14:00:00Z,ENTG,8.85,23,Market On Close,Filled,203.55,"adjust" 
2012-05-01T14:00:00Z,SPPI,10.49,101,Market On Close,Filled,1059.49,"buy" 
2012-05-01T14:00:00Z,RSC,27.16,53,Market On Close,Filled,1439.48,"buy" 
2012-06-01T14:00:00Z,DSW,57.26,-26,Market On Close,Filled,-1488.76,"expired" 
2012-06-01T14:00:00Z,LSCC,4.29,-201,Market On Close,Filled,-862.29,"universe" 
2012-06-01T14:00:00Z,LXU,27.03,-23,Market On Close,Filled,-621.69,"band" 
2012-06-01T14:00:00Z,MRO,23.89,-48,Market On Close,Filled,-1146.72,"band" 
2012-06-01T14:00:00Z,PLPC,53.05,-16,Market On Close,Filled,-848.8,"band" 
2012-06-01T14:00:00Z,RSC,17.76,-53,Market On Close,Filled,-941.28,"expired" 
2012-06-01T14:00:00Z,WMK,43.17,-5,Market On Close,Filled,-215.85,"adjust" 
2012-06-01T14:00:00Z,FL,30.38,-10,Market On Close,Filled,-303.8,"adjust" 
2012-06-01T14:00:00Z,AAPL,560.99,2,Market On Close,Filled,1121.98,"buy" 
2012-06-01T14:00:00Z,BRKS,9.1,38,Market On Close,Filled,345.8,"adjust" 
2012-06-01T14:00:00Z,CMTL,28.95,69,Market On Close,Filled,1997.55,"buy" 
2012-06-01T14:00:00Z,KIRK,10.55,85,Market On Close,Filled,896.75,"buy" 
2012-06-01T14:00:00Z,NUS,41.44,23,Market On Close,Filled,953.12,"buy" 
2012-06-01T14:00:00Z,STMP,22.82,35,Market On Close,Filled,798.7,"buy" 
2012-06-01T14:00:00Z,USNA,40.06,30,Market On Close,Filled,1201.8,"buy" 
2012-07-02T14:00:00Z,CVX,105.86,-2,Market On Close,Filled,-211.72,"adjust" 
2012-07-02T14:00:00Z,CMTL,29.11,-11,Market On Close,Filled,-320.21,"adjust" 
2012-07-02T14:00:00Z,FOSL,74.88,-8,Market On Close,Filled,-599.04,"band" 
2012-07-02T14:00:00Z,SPPI,16,-41,Market On Close,Filled,-656,"adjust" 
2012-07-02T14:00:00Z,MOV,25.34,36,Market On Close,Filled,912.24,"buy" 
2012-07-02T14:00:00Z,SHOO,31.69,8,Market On Close,Filled,253.52,"adjust" 
2012-07-02T14:00:00Z,UFS,76.95,3,Market On Close,Filled,230.85,"adjust" 
2012-08-01T14:00:00Z,NUS,49.48,-4,Market On Close,Filled,-197.92,"adjust" 
2012-08-01T14:00:00Z,SHOO,39.41,-43,Market On Close,Filled,-1694.63,"band" 
2012-08-01T14:00:00Z,TSCO,88.1,-6,Market On Close,Filled,-528.6,"adjust" 
2012-08-01T14:00:00Z,DISCA,49.3,35,Market On Close,Filled,1725.5,"buy" 
2012-08-01T14:00:00Z,GME,16.07,13,Market On Close,Filled,208.91,"adjust" 
2012-08-01T14:00:00Z,LFUS,54.04,6,Market On Close,Filled,324.24,"adjust" 
2012-09-04T14:00:00Z,GME,20.41,-21,Market On Close,Filled,-428.61,"adjust" 
2012-09-04T14:00:00Z,MLR,15.51,-93,Market On Close,Filled,-1442.43,"band" 
2012-09-04T14:00:00Z,MOV,36.36,-14,Market On Close,Filled,-509.04,"adjust" 
2012-09-04T14:00:00Z,CVX,111.22,3,Market On Close,Filled,333.66,"adjust" 
2012-09-04T14:00:00Z,CMTL,28.29,9,Market On Close,Filled,254.61,"adjust" 
2012-09-04T14:00:00Z,ICFI,22.49,12,Market On Close,Filled,269.88,"adjust" 
2012-09-04T14:00:00Z,LFUS,51.2,4,Market On Close,Filled,204.8,"adjust" 
2012-09-04T14:00:00Z,MKSI,27.2,8,Market On Close,Filled,217.6,"adjust" 
2012-09-04T14:00:00Z,NUS,41.68,5,Market On Close,Filled,208.4,"adjust" 
2012-09-04T14:00:00Z,WDC,42.32,22,Market On Close,Filled,931.04,"buy" 
2012-10-01T14:00:00Z,BRKS,7.81,-135,Market On Close,Filled,-1054.35,"band" 
2012-10-01T14:00:00Z,CMTL,27.74,-67,Market On Close,Filled,-1858.58,"band" 
2012-10-01T14:00:00Z,K,51.93,-55,Market On Close,Filled,-2856.15,"band" 
2012-10-01T14:00:00Z,STMP,23.26,-35,Market On Close,Filled,-814.1,"band" 
2012-10-01T14:00:00Z,UFS,77.25,-21,Market On Close,Filled,-1622.25,"band" 
2012-10-01T14:00:00Z,CF,224.51,6,Market On Close,Filled,1347.06,"buy" 
2012-10-01T14:00:00Z,DK,25.98,40,Market On Close,Filled,1039.2,"buy" 
2012-10-01T14:00:00Z,ENS,35.5,38,Market On Close,Filled,1349,"buy" 
2012-10-01T14:00:00Z,ENTG,8.35,31,Market On Close,Filled,258.85,"adjust" 
2012-10-01T14:00:00Z,GCI,17.97,86,Market On Close,Filled,1545.42,"buy" 
2012-10-01T14:00:00Z,GCO,66.39,4,Market On Close,Filled,265.56,"adjust" 
2012-10-01T14:00:00Z,ICFI,20.25,12,Market On Close,Filled,243,"adjust" 
2012-10-01T14:00:00Z,SPPI,11.75,19,Market On Close,Filled,223.25,"adjust" 
2012-10-01T14:00:00Z,WCC,57.72,24,Market On Close,Filled,1385.28,"buy" 
2012-10-01T14:00:00Z,WMK,42.28,11,Market On Close,Filled,465.08,"adjust" 
2012-11-01T14:00:00Z,AIT,40.94,-40,Market On Close,Filled,-1637.6,"expired" 
2012-11-01T14:00:00Z,GME,23.6,-16,Market On Close,Filled,-377.6,"adjust" 
2012-11-01T14:00:00Z,MYGN,26.86,-70,Market On Close,Filled,-1880.2,"expired" 
2012-11-01T14:00:00Z,NUS,48.94,-24,Market On Close,Filled,-1174.56,"band" 
2012-11-01T14:00:00Z,WCC,65.36,-7,Market On Close,Filled,-457.52,"adjust" 
2012-11-01T14:00:00Z,ALG,33.74,48,Market On Close,Filled,1619.52,"buy" 
2012-11-01T14:00:00Z,KIRK,9.66,22,Market On Close,Filled,212.52,"adjust" 
2012-11-01T14:00:00Z,NC,52,22,Market On Close,Filled,1144,"buy" 
2012-11-01T14:00:00Z,USPH,27.11,63,Market On Close,Filled,1707.93,"buy" 
2012-11-01T14:00:00Z,WDC,35.43,8,Market On Close,Filled,283.44,"adjust" 
2012-11-01T14:00:00Z,FL,34.36,9,Market On Close,Filled,309.24,"adjust" 
2012-12-03T15:00:00Z,CVI,45.83,-10,Market On Close,Filled,-458.3,"adjust" 
2012-12-03T15:00:00Z,ICFI,21.62,-74,Market On Close,Filled,-1599.88,"band" 
2012-12-03T15:00:00Z,MKSI,24.02,-59,Market On Close,Filled,-1417.18,"band" 
2012-12-03T15:00:00Z,SPPI,11.74,-79,Market On Close,Filled,-927.46,"band" 
2012-12-03T15:00:00Z,RGR,58.58,-4,Market On Close,Filled,-234.32,"adjust" 
2012-12-03T15:00:00Z,CF,209.28,1,Market On Close,Filled,209.28,"adjust" 
2012-12-03T15:00:00Z,CHS,18.66,82,Market On Close,Filled,1530.12,"buy" 
2012-12-03T15:00:00Z,GIII,37.56,29,Market On Close,Filled,1089.24,"buy" 
2012-12-03T15:00:00Z,LHCG,19.48,77,Market On Close,Filled,1499.96,"buy" 
2012-12-03T15:00:00Z,TSCO,88.77,5,Market On Close,Filled,443.85,"adjust" 
2012-12-03T15:00:00Z,USNA,42.04,6,Market On Close,Filled,252.24,"adjust" 
2012-12-03T15:00:00Z,WMK,38.52,7,Market On Close,Filled,269.64,"adjust" 
2013-01-02T15:00:00Z,DISCA,65.48,-4,Market On Close,Filled,-261.92,"adjust" 
2013-01-02T15:00:00Z,KIRK,10.96,-107,Market On Close,Filled,-1172.72,"band" 
2013-01-02T15:00:00Z,UACL,18.43,-65,Market On Close,Filled,-1197.95,"band" 
2013-01-02T15:00:00Z,DK,26.23,8,Market On Close,Filled,209.84,"adjust" 
2013-01-02T15:00:00Z,HVT,16.68,78,Market On Close,Filled,1301.04,"buy" 
2013-01-02T15:00:00Z,MED,26.29,36,Market On Close,Filled,946.44,"buy" 
2013-01-02T15:00:00Z,SCVL,20.43,11,Market On Close,Filled,224.73,"adjust" 
2013-01-02T15:00:00Z,UNH,54.54,4,Market On Close,Filled,218.16,"adjust" 
2013-02-01T15:00:00Z,CVI,53.58,-7,Market On Close,Filled,-375.06,"adjust" 
2013-02-01T15:00:00Z,DK,34.22,-17,Market On Close,Filled,-581.74,"adjust" 
2013-02-01T15:00:00Z,HOC,52.77,-6,Market On Close,Filled,-316.62,"adjust" 
2013-02-01T15:00:00Z,KLIC,11.65,-103,Market On Close,Filled,-1199.95,"expired" 
2013-02-01T15:00:00Z,TSCO,103.96,-3,Market On Close,Filled,-311.88,"adjust" 
2013-02-01T15:00:00Z,WDC,46.77,-5,Market On Close,Filled,-233.85,"adjust" 
2013-02-01T15:00:00Z,AEOS,20.2,71,Market On Close,Filled,1434.2,"buy" 
2013-02-01T15:00:00Z,CTR,27.4,9,Market On Close,Filled,246.6,"adjust" 
2013-02-01T15:00:00Z,CVX,116.5,2,Market On Close,Filled,233,"adjust" 
2013-02-01T15:00:00Z,TER,16.63,13,Market On Close,Filled,216.19,"adjust" 
2013-03-01T15:00:00Z,AAPL,430.51,-2,Market On Close,Filled,-861.02,"band" 
2013-03-01T15:00:00Z,GME,24.05,-54,Market On Close,Filled,-1298.7,"band" 
2013-03-01T15:00:00Z,USNA,43.74,-12,Market On Close,Filled,-524.88,"adjust" 
2013-03-01T15:00:00Z,WMK,40.96,-10,Market On Close,Filled,-409.6,"adjust" 
2013-03-01T15:00:00Z,BKE,44.55,6,Market On Close,Filled,267.3,"adjust" 
2013-03-01T15:00:00Z,CF,201.5,1,Market On Close,Filled,201.5,"adjust" 
2013-03-01T15:00:00Z,CHS,16.96,19,Market On Close,Filled,322.24,"adjust" 
2013-03-01T15:00:00Z,EGY,8.06,32,Market On Close,Filled,257.92,"adjust" 
2013-03-01T15:00:00Z,GIII,36.63,6,Market On Close,Filled,219.78,"adjust" 
2013-03-01T15:00:00Z,MED,23.92,9,Market On Close,Filled,215.28,"adjust" 
2013-03-01T15:00:00Z,MOV,36.4,6,Market On Close,Filled,218.4,"adjust" 
2013-03-01T15:00:00Z,SCVL,19.49,14,Market On Close,Filled,272.86,"adjust" 
2013-03-01T15:00:00Z,SIX,67.51,28,Market On Close,Filled,1890.28,"buy" 
2013-03-01T15:00:00Z,KAI,24.87,48,Market On Close,Filled,1193.76,"buy" 
2013-03-01T15:00:00Z,WCC,73.51,3,Market On Close,Filled,220.53,"adjust" 
2013-04-01T14:00:00Z,DISCA,77.98,-3,Market On Close,Filled,-233.94,"adjust" 
2013-04-01T14:00:00Z,EGY,7.38,-125,Market On Close,Filled,-922.5,"band" 
2013-04-01T14:00:00Z,ENTG,9.65,-179,Market On Close,Filled,-1727.35,"band" 
2013-04-01T14:00:00Z,GCO,58.07,-23,Market On Close,Filled,-1335.61,"band" 
2013-04-01T14:00:00Z,HVT,20.47,-13,Market On Close,Filled,-266.11,"adjust" 
2013-04-01T14:00:00Z,UNH,58.97,-41,Market On Close,Filled,-2417.77,"band" 
2013-04-01T14:00:00Z,CTR,24.2,10,Market On Close,Filled,242,"adjust" 
2013-04-01T14:00:00Z,CVX,119.61,2,Market On Close,Filled,239.22,"adjust" 
2013-04-01T14:00:00Z,CTB,25.45,52,Market On Close,Filled,1323.4,"buy" 
2013-04-01T14:00:00Z,DDS,79.47,3,Market On Close,Filled,238.41,"adjust" 
2013-04-01T14:00:00Z,IPAR,24.8,62,Market On Close,Filled,1537.6,"buy" 
2013-04-01T14:00:00Z,KWR,58.96,27,Market On Close,Filled,1591.92,"buy" 
2013-04-01T14:00:00Z,NC,52.97,4,Market On Close,Filled,211.88,"adjust" 
2013-04-01T14:00:00Z,RES,15.1,97,Market On Close,Filled,1464.7,"buy" 
2013-04-01T14:00:00Z,RGR,49.57,6,Market On Close,Filled,297.42,"adjust" 
2013-04-01T14:00:00Z,TSCO,102.78,2,Market On Close,Filled,205.56,"adjust" 
2013-05-01T14:00:00Z,GCI,19.94,-86,Market On Close,Filled,-1714.84,"expired" 
2013-05-01T14:00:00Z,LFUS,68.3,-33,Market On Close,Filled,-2253.9,"band" 
2013-05-01T14:00:00Z,MXIM,30.5,-8,Market On Close,Filled,-244,"adjust" 
2013-05-01T14:00:00Z,RGR,49.62,-24,Market On Close,Filled,-1190.88,"band" 
2013-05-01T14:00:00Z,SIX,72.2,-3,Market On Close,Filled,-216.6,"adjust" 
2013-05-01T14:00:00Z,SMP,29.97,-7,Market On Close,Filled,-209.79,"adjust" 
2013-05-01T14:00:00Z,TER,16.11,-96,Market On Close,Filled,-1546.56,"band" 
2013-05-01T14:00:00Z,TSCO,105.33,-15,Market On Close,Filled,-1579.95,"band" 
2013-05-01T14:00:00Z,USNA,54.93,-4,Market On Close,Filled,-219.72,"adjust" 
2013-05-01T14:00:00Z,WCC,68.02,-20,Market On Close,Filled,-1360.4,"band" 
2013-05-01T14:00:00Z,IDCC,43.45,30,Market On Close,Filled,1303.5,"buy" 
2013-05-01T14:00:00Z,IDT,13.86,105,Market On Close,Filled,1455.3,"buy" 
2013-05-01T14:00:00Z,LNDC,12.93,86,Market On Close,Filled,1111.98,"buy" 
2013-05-01T14:00:00Z,MOV,29.42,8,Market On Close,Filled,235.36,"adjust" 
2013-05-01T14:00:00Z,POWL,47.07,29,Market On Close,Filled,1365.03,"buy" 
2013-05-01T14:00:00Z,UNF,88.85,27,Market On Close,Filled,2398.95,"buy" 
2013-05-01T14:00:00Z,UTHR,66.68,26,Market On Close,Filled,1733.68,"buy" 
2013-06-03T14:00:00Z,CHS,17.86,-101,Market On Close,Filled,-1803.86,"expired" 
2013-06-03T14:00:00Z,DDS,91.44,-23,Market On Close,Filled,-2103.12,"expired" 
2013-06-03T14:00:00Z,IDT,17.52,-22,Market On Close,Filled,-385.44,"adjust" 
2013-06-03T14:00:00Z,SCVL,24.64,-75,Market On Close,Filled,-1848,"band" 
2013-06-03T14:00:00Z,USPH,28.9,-63,Market On Close,Filled,-1820.7,"band" 
2013-06-03T14:00:00Z,AEOS,19.66,17,Market On Close,Filled,334.22,"adjust" 
2013-06-03T14:00:00Z,ANF,49.71,23,Market On Close,Filled,1143.33,"buy" 
2013-06-03T14:00:00Z,BGFV,20.25,53,Market On Close,Filled,1073.25,"buy" 
2013-06-03T14:00:00Z,CTR,25.25,13,Market On Close,Filled,328.25,"adjust" 
2013-06-03T14:00:00Z,CF,193.59,3,Market On Close,Filled,580.77,"adjust" 
2013-06-03T14:00:00Z,CVX,124.09,2,Market On Close,Filled,248.18,"adjust" 
2013-06-03T14:00:00Z,DISCA,79.01,5,Market On Close,Filled,395.05,"adjust" 
2013-06-03T14:00:00Z,FSLR,53.33,10,Market On Close,Filled,533.3,"buy" 
2013-06-03T14:00:00Z,GCI,20.8,83,Market On Close,Filled,1726.4,"buy" 
2013-06-03T14:00:00Z,GIII,42.74,5,Market On Close,Filled,213.7,"adjust" 
2013-06-03T14:00:00Z,HOC,48.18,5,Market On Close,Filled,240.9,"adjust" 
2013-06-03T14:00:00Z,LZB,18.5,13,Market On Close,Filled,240.5,"adjust" 
2013-06-03T14:00:00Z,MXIM,29.32,13,Market On Close,Filled,381.16,"adjust" 
2013-06-03T14:00:00Z,RES,12.67,20,Market On Close,Filled,253.4,"adjust" 
2013-06-03T14:00:00Z,SIX,74.85,3,Market On Close,Filled,224.55,"adjust" 
2013-06-03T14:00:00Z,FL,34.27,7,Market On Close,Filled,239.89,"adjust" 
2013-07-01T14:00:00Z,CTR,25.32,-80,Market On Close,Filled,-2025.6,"band" 
2013-07-01T14:00:00Z,CTB,33.27,-31,Market On Close,Filled,-1031.37,"adjust" 
2013-07-01T14:00:00Z,GCI,25.21,-48,Market On Close,Filled,-1210.08,"adjust" 
2013-07-01T14:00:00Z,GIII,48.42,-15,Market On Close,Filled,-726.3,"adjust" 
2013-07-01T14:00:00Z,WMK,45.44,-65,Market On Close,Filled,-2953.6,"band" 
2013-07-01T14:00:00Z,AEOS,18.41,14,Market On Close,Filled,257.74,"adjust" 
2013-07-01T14:00:00Z,ANF,46.19,5,Market On Close,Filled,230.95,"adjust" 
2013-07-01T14:00:00Z,CVI,46.39,5,Market On Close,Filled,231.95,"adjust" 
2013-07-01T14:00:00Z,DK,28.04,15,Market On Close,Filled,420.6,"adjust" 
2013-07-01T14:00:00Z,ENS,50.55,7,Market On Close,Filled,353.85,"adjust" 
2013-07-01T14:00:00Z,HOC,40.74,8,Market On Close,Filled,325.92,"adjust" 
2013-07-01T14:00:00Z,IDCC,39.26,9,Market On Close,Filled,353.34,"adjust" 
2013-07-01T14:00:00Z,KLIC,11.04,157,Market On Close,Filled,1733.28,"buy" 
2013-07-01T14:00:00Z,LNDC,13.84,29,Market On Close,Filled,401.36,"adjust" 
2013-07-01T14:00:00Z,MED,26.41,12,Market On Close,Filled,316.92,"adjust" 
2013-07-01T14:00:00Z,MPC,70.38,22,Market On Close,Filled,1548.36,"buy" 
2013-07-01T14:00:00Z,MXIM,27.64,8,Market On Close,Filled,221.12,"adjust" 
2013-07-01T14:00:00Z,SIX,36.85,10,Market On Close,Filled,368.5,"adjust" 
2013-07-01T14:00:00Z,SMP,35.4,6,Market On Close,Filled,212.4,"adjust" 
2013-07-01T14:00:00Z,KAI,31.39,7,Market On Close,Filled,219.73,"adjust" 
2013-07-01T14:00:00Z,UTHR,67.63,4,Market On Close,Filled,270.52,"adjust" 
2013-08-01T14:00:00Z,CF,195.98,-11,Market On Close,Filled,-2155.78,"band" 
2013-08-01T14:00:00Z,CVX,126.39,-28,Market On Close,Filled,-3538.92,"band" 
2013-08-01T14:00:00Z,LHCG,23.49,-9,Market On Close,Filled,-211.41,"adjust" 
2013-08-01T14:00:00Z,MED,27.27,-57,Market On Close,Filled,-1554.39,"band" 
2013-08-01T14:00:00Z,RES,14.64,-117,Market On Close,Filled,-1712.88,"band" 
2013-08-01T14:00:00Z,USNA,85.13,-3,Market On Close,Filled,-255.39,"adjust" 
2013-08-01T14:00:00Z,AEOS,19.92,11,Market On Close,Filled,219.12,"adjust" 
2013-08-01T14:00:00Z,BKE,56.98,6,Market On Close,Filled,341.88,"adjust" 
2013-08-01T14:00:00Z,DV,30.63,46,Market On Close,Filled,1408.98,"buy" 
2013-08-01T14:00:00Z,ENS,53.78,4,Market On Close,Filled,215.12,"adjust" 
2013-08-01T14:00:00Z,FSLR,48.15,5,Market On Close,Filled,240.75,"adjust" 
2013-08-01T14:00:00Z,KWR,67.05,7,Market On Close,Filled,469.35,"adjust" 
2013-08-01T14:00:00Z,PLUS,63.06,28,Market On Close,Filled,1765.68,"buy" 
2013-08-01T14:00:00Z,MOV,36.95,7,Market On Close,Filled,258.65,"adjust" 
2013-08-01T14:00:00Z,OSK,46.56,33,Market On Close,Filled,1536.48,"buy" 
2013-08-01T14:00:00Z,PETS,16.93,89,Market On Close,Filled,1506.77,"buy" 
2013-08-01T14:00:00Z,POWL,51.03,10,Market On Close,Filled,510.3,"adjust" 
2013-08-01T14:00:00Z,WDC,66.44,5,Market On Close,Filled,332.2,"adjust" 
2013-08-01T14:00:00Z,FL,37.26,11,Market On Close,Filled,409.86,"adjust" 
2013-09-03T14:00:00Z,ALG,45.72,-7,Market On Close,Filled,-320.04,"adjust" 
2013-09-03T14:00:00Z,MOV,41.62,-43,Market On Close,Filled,-1789.66,"band" 
2013-09-03T14:00:00Z,BGFV,16.55,13,Market On Close,Filled,215.15,"adjust" 
2013-09-03T14:00:00Z,CTB,31.66,7,Market On Close,Filled,221.62,"adjust" 
2013-09-03T14:00:00Z,DK,25.31,11,Market On Close,Filled,278.41,"adjust" 
2013-09-03T14:00:00Z,GCI,24.48,9,Market On Close,Filled,220.32,"adjust" 
2013-09-03T14:00:00Z,GIII,47.01,6,Market On Close,Filled,282.06,"adjust" 
2013-09-03T14:00:00Z,USMO,13.92,136,Market On Close,Filled,1893.12,"buy" 
2013-10-01T14:00:00Z,ENS,61.49,-12,Market On Close,Filled,-737.88,"adjust" 
2013-10-01T14:00:00Z,GIII,55,-8,Market On Close,Filled,-440,"adjust" 
2013-10-01T14:00:00Z,IDCC,37.7,-39,Market On Close,Filled,-1470.3,"band" 
2013-10-01T14:00:00Z,IPAR,30.57,-11,Market On Close,Filled,-336.27,"adjust" 
2013-10-01T14:00:00Z,KWR,74.11,-4,Market On Close,Filled,-296.44,"adjust" 
2013-10-01T14:00:00Z,POWL,62.79,-8,Market On Close,Filled,-502.32,"adjust" 
2013-10-01T14:00:00Z,FL,34.01,-8,Market On Close,Filled,-272.08,"adjust" 
2013-10-01T14:00:00Z,ANF,35.91,7,Market On Close,Filled,251.37,"adjust" 
2013-10-01T14:00:00Z,CVI,38.81,7,Market On Close,Filled,271.67,"adjust" 
2013-10-01T14:00:00Z,DK,21.25,11,Market On Close,Filled,233.75,"adjust" 
2013-10-01T14:00:00Z,FSLR,42.18,5,Market On Close,Filled,210.9,"adjust" 
2013-10-01T14:00:00Z,ICFI,35.94,68,Market On Close,Filled,2443.92,"buy" 
2013-10-01T14:00:00Z,KLIC,11.61,20,Market On Close,Filled,232.2,"adjust" 
2013-10-01T14:00:00Z,MPC,64.29,4,Market On Close,Filled,257.16,"adjust" 
2013-11-01T14:00:00Z,DISCA,87.8,-4,Market On Close,Filled,-351.2,"adjust" 
2013-11-01T14:00:00Z,DK,25.26,-68,Market On Close,Filled,-1717.68,"band" 
2013-11-01T14:00:00Z,DV,34.91,-46,Market On Close,Filled,-1605.86,"expired" 
2013-11-01T14:00:00Z,HVT,28.29,-8,Market On Close,Filled,-226.32,"adjust" 
2013-11-01T14:00:00Z,IDT,22,-18,Market On Close,Filled,-396,"adjust" 
2013-11-01T14:00:00Z,KLIC,12.7,-32,Market On Close,Filled,-406.4,"adjust" 
2013-11-01T14:00:00Z,LNDC,11.7,-115,Market On Close,Filled,-1345.5,"band" 
2013-11-01T14:00:00Z,UTHR,90.34,-4,Market On Close,Filled,-361.36,"adjust" 
2013-11-01T14:00:00Z,WDC,69.8,-3,Market On Close,Filled,-209.4,"adjust" 
2013-11-01T14:00:00Z,ALG,48.43,5,Market On Close,Filled,242.15,"adjust" 
2013-11-01T14:00:00Z,CTB,25.91,12,Market On Close,Filled,310.92,"adjust" 
2013-11-01T14:00:00Z,DECK,68.56,16,Market On Close,Filled,1096.96,"buy" 
2013-11-01T14:00:00Z,HHS,7.98,181,Market On Close,Filled,1444.38,"buy" 
2013-11-01T14:00:00Z,KIRK,17.75,87,Market On Close,Filled,1544.25,"buy" 
2013-11-01T14:00:00Z,LHCG,20.66,14,Market On Close,Filled,289.24,"adjust" 
2013-11-01T14:00:00Z,PLUS,53.78,4,Market On Close,Filled,215.12,"adjust" 
2013-11-01T14:00:00Z,MXIM,29.4,7,Market On Close,Filled,205.8,"adjust" 
2013-11-01T14:00:00Z,NC,55.18,6,Market On Close,Filled,331.08,"adjust" 
2013-11-01T14:00:00Z,SMP,34.5,6,Market On Close,Filled,207,"adjust" 
2013-11-01T14:00:00Z,FL,34.99,8,Market On Close,Filled,279.92,"adjust" 
2013-12-02T15:00:00Z,ALG,57.13,-11,Market On Close,Filled,-628.43,"adjust" 
2013-12-02T15:00:00Z,BKE,52.07,-44,Market On Close,Filled,-2291.08,"band" 
2013-12-02T15:00:00Z,CTB,24.39,-40,Market On Close,Filled,-975.6,"band" 
2013-12-02T15:00:00Z,CVI,40.03,-35,Market On Close,Filled,-1401.05,"band" 
2013-12-02T15:00:00Z,FSLR,59.81,-4,Market On Close,Filled,-239.24,"adjust" 
2013-12-02T15:00:00Z,KIRK,25.5,-35,Market On Close,Filled,-892.5,"adjust" 
2013-12-02T15:00:00Z,LZB,28.99,-20,Market On Close,Filled,-579.8,"adjust" 
2013-12-02T15:00:00Z,MXIM,28.22,-86,Market On Close,Filled,-2426.92,"band" 
2013-12-02T15:00:00Z,NC,63.46,-32,Market On Close,Filled,-2030.72,"band" 
2013-12-02T15:00:00Z,ABFS,33.63,29,Market On Close,Filled,975.27,"buy" 
2013-12-02T15:00:00Z,ANF,34.02,9,Market On Close,Filled,306.18,"adjust" 
2013-12-02T15:00:00Z,ANK,55.5,42,Market On Close,Filled,2331,"buy" 
2013-12-02T15:00:00Z,DISCA,86.21,5,Market On Close,Filled,431.05,"adjust" 
2013-12-02T15:00:00Z,ENS,70.25,3,Market On Close,Filled,210.75,"adjust" 
2013-12-02T15:00:00Z,FSS,15.3,117,Market On Close,Filled,1790.1,"buy" 
2013-12-02T15:00:00Z,GCI,26.6,14,Market On Close,Filled,372.4,"adjust" 
2013-12-02T15:00:00Z,HHS,7.74,28,Market On Close,Filled,216.72,"adjust" 
2013-12-02T15:00:00Z,OSK,48.87,5,Market On Close,Filled,244.35,"adjust" 
2013-12-02T15:00:00Z,PETS,15.22,25,Market On Close,Filled,380.5,"adjust" 
2013-12-02T15:00:00Z,PPC,16.43,85,Market On Close,Filled,1396.55,"buy" 
2013-12-02T15:00:00Z,SIX,36.78,7,Market On Close,Filled,257.46,"adjust" 
2013-12-02T15:00:00Z,SMP,34.4,10,Market On Close,Filled,344,"adjust" 
2013-12-02T15:00:00Z,SYNA,50.27,27,Market On Close,Filled,1357.29,"buy" 
2013-12-02T15:00:00Z,UNF,100.29,4,Market On Close,Filled,401.16,"adjust" 
2013-12-02T15:00:00Z,USMO,14.42,25,Market On Close,Filled,360.5,"adjust" 
2013-12-02T15:00:00Z,USNA,73.46,3,Market On Close,Filled,220.38,"adjust" 
2014-01-02T15:00:00Z,AEOS,14.73,-113,Market On Close,Filled,-1664.49,"band" 
2014-01-02T15:00:00Z,ALG,57.02,-5,Market On Close,Filled,-285.1,"adjust" 
2014-01-02T15:00:00Z,ANF,32.01,-44,Market On Close,Filled,-1408.44,"band" 
2014-01-02T15:00:00Z,GIII,71.42,-4,Market On Close,Filled,-285.68,"adjust" 
2014-01-02T15:00:00Z,KLIC,13.06,-145,Market On Close,Filled,-1893.7,"band" 
2014-01-02T15:00:00Z,MPC,89.48,-5,Market On Close,Filled,-447.4,"adjust" 
2014-01-02T15:00:00Z,UNF,106.12,-31,Market On Close,Filled,-3289.72,"expired" 
2014-01-02T15:00:00Z,UTHR,110.9,-17,Market On Close,Filled,-1885.3,"adjust" 
2014-01-02T15:00:00Z,BGFV,19.82,11,Market On Close,Filled,218.02,"adjust" 
2014-01-02T15:00:00Z,ENS,69.02,3,Market On Close,Filled,207.06,"adjust" 
2014-01-02T15:00:00Z,FSS,14.1,15,Market On Close,Filled,211.5,"adjust" 
2014-01-02T15:00:00Z,GME,49.65,36,Market On Close,Filled,1787.4,"buy" 
2014-01-02T15:00:00Z,ICFI,34.45,6,Market On Close,Filled,206.7,"adjust" 
2014-01-02T15:00:00Z,IDT,17.7,24,Market On Close,Filled,424.8,"adjust" 
2014-01-02T15:00:00Z,KIRK,23.46,10,Market On Close,Filled,234.6,"adjust" 
2014-01-02T15:00:00Z,KWR,76.87,5,Market On Close,Filled,384.35,"adjust" 
2014-01-02T15:00:00Z,POWL,66.29,3,Market On Close,Filled,198.87,"adjust" 
2014-01-02T15:00:00Z,RGR,73.75,29,Market On Close,Filled,2138.75,"buy" 
2014-01-02T15:00:00Z,SAFM,72,36,Market On Close,Filled,2592,"buy" 
2014-01-02T15:00:00Z,SIX,36.78,7,Market On Close,Filled,257.46,"adjust" 
2014-01-02T15:00:00Z,STMP,41.78,36,Market On Close,Filled,1504.08,"buy" 
2014-02-03T15:00:00Z,ENS,65.61,-3,Market On Close,Filled,-196.83,"adjust" 
2014-02-03T15:00:00Z,HHS,6.86,-209,Market On Close,Filled,-1433.74,"band" 
2014-02-03T15:00:00Z,OSK,50.54,-4,Market On Close,Filled,-202.16,"adjust" 
2014-02-03T15:00:00Z,PETS,12.74,-114,Market On Close,Filled,-1452.36,"universe" 
2014-02-03T15:00:00Z,RGR,72.21,-4,Market On Close,Filled,-288.84,"adjust" 
2014-02-03T15:00:00Z,SAFM,71.97,-4,Market On Close,Filled,-287.88,"adjust" 
2014-02-03T15:00:00Z,FSLR,48.35,5,Market On Close,Filled,241.75,"adjust" 
2014-02-03T15:00:00Z,HVT,26.38,13,Market On Close,Filled,342.94,"adjust" 
2014-02-03T15:00:00Z,IPAR,31.74,11,Market On Close,Filled,349.14,"adjust" 
2014-02-03T15:00:00Z,KIRK,17.58,14,Market On Close,Filled,246.12,"adjust" 
2014-02-03T15:00:00Z,NUS,82.78,10,Market On Close,Filled,827.8,"buy" 
2014-02-03T15:00:00Z,OSTK,20.72,42,Market On Close,Filled,870.24,"buy" 
2014-02-03T15:00:00Z,USNA,57.62,4,Market On Close,Filled,230.48,"adjust" 
2014-02-03T15:00:00Z,UTHR,97.15,2,Market On Close,Filled,194.3,"adjust" 
2014-03-03T15:00:00Z,DISCA,82.08,-34,Market On Close,Filled,-2790.72,"band" 
2014-03-03T15:00:00Z,ENS,69.81,-6,Market On Close,Filled,-418.86,"adjust" 
2014-03-03T15:00:00Z,HOC,44.88,-40,Market On Close,Filled,-1795.2,"band" 
2014-03-03T15:00:00Z,ICFI,40.23,-33,Market On Close,Filled,-1327.59,"adjust" 
2014-03-03T15:00:00Z,KIRK,17.76,-76,Market On Close,Filled,-1349.76,"universe" 
2014-03-03T15:00:00Z,POWL,67.62,-34,Market On Close,Filled,-2299.08,"band" 
2014-03-03T15:00:00Z,SIX,40.6,-80,Market On Close,Filled,-3248,"band" 
2014-03-03T15:00:00Z,SMP,34.64,-12,Market On Close,Filled,-415.68,"adjust" 
2014-03-03T15:00:00Z,SYNA,63.03,-4,Market On Close,Filled,-252.12,"adjust" 
2014-03-03T15:00:00Z,USMO,14.37,-161,Market On Close,Filled,-2313.57,"universe" 
2014-03-03T15:00:00Z,USNA,71.94,-6,Market On Close,Filled,-431.64,"adjust" 
2014-03-03T15:00:00Z,ABFS,32.82,9,Market On Close,Filled,295.38,"adjust" 
2014-03-03T15:00:00Z,ALG,51.42,5,Market On Close,Filled,257.1,"adjust" 
2014-03-03T15:00:00Z,BGFV,14.89,31,Market On Close,Filled,461.59,"adjust" 
2014-03-03T15:00:00Z,CORE,76.5,42,Market On Close,Filled,3213,"buy" 
2014-03-03T15:00:00Z,DAL,32.59,58,Market On Close,Filled,1890.22,"buy" 
2014-03-03T15:00:00Z,FSS,12.69,16,Market On Close,Filled,203.04,"adjust" 
2014-03-03T15:00:00Z,GCI,29.05,10,Market On Close,Filled,290.5,"adjust" 
2014-03-03T15:00:00Z,GIII,69.68,4,Market On Close,Filled,278.72,"adjust" 
2014-03-03T15:00:00Z,IDT,18.24,17,Market On Close,Filled,310.08,"adjust" 
2014-03-03T15:00:00Z,IPAR,32.8,7,Market On Close,Filled,229.6,"adjust" 
2014-03-03T15:00:00Z,LHCG,23.42,16,Market On Close,Filled,374.72,"adjust" 
2014-03-03T15:00:00Z,LZB,25.37,21,Market On Close,Filled,532.77,"adjust" 
2014-03-03T15:00:00Z,MPC,83.35,4,Market On Close,Filled,333.4,"adjust" 
2014-03-03T15:00:00Z,PPC,17.18,17,Market On Close,Filled,292.06,"adjust" 
2014-03-03T15:00:00Z,PRFT,20.08,80,Market On Close,Filled,1606.4,"buy" 
2014-03-03T15:00:00Z,RGR,63.6,5,Market On Close,Filled,318,"adjust" 
2014-03-03T15:00:00Z,STMP,35.55,11,Market On Close,Filled,391.05,"adjust" 
2014-03-03T15:00:00Z,TSN,38.81,66,Market On Close,Filled,2561.46,"buy" 
2014-03-03T15:00:00Z,TTWO,20,92,Market On Close,Filled,1840,"buy" 
2014-03-03T15:00:00Z,UACL,25.44,71,Market On Close,Filled,1806.24,"buy" 
2014-03-03T15:00:00Z,UTHR,100.37,2,Market On Close,Filled,200.74,"adjust" 
2014-04-01T14:00:00Z,ALG,55.68,-4,Market On Close,Filled,-222.72,"adjust" 
2014-04-01T14:00:00Z,BGFV,16.17,-108,Market On Close,Filled,-1746.36,"band" 
2014-04-01T14:00:00Z,FSLR,70.89,-7,Market On Close,Filled,-496.23,"adjust" 
2014-04-01T14:00:00Z,FSS,15.32,-22,Market On Close,Filled,-337.04,"adjust" 
2014-04-01T14:00:00Z,KWR,80.92,-3,Market On Close,Filled,-242.76,"adjust" 
2014-04-01T14:00:00Z,MPC,89.54,-25,Market On Close,Filled,-2238.5,"band" 
2014-04-01T14:00:00Z,PPC,21.14,-17,Market On Close,Filled,-359.38,"adjust" 
2014-04-01T14:00:00Z,UACL,28.98,-71,Market On Close,Filled,-2057.58,"band" 
2014-04-01T14:00:00Z,FL,47.3,-17,Market On Close,Filled,-804.1,"adjust" 
2014-04-01T14:00:00Z,ANK,66.6,4,Market On Close,Filled,266.4,"adjust" 
2014-04-01T14:00:00Z,BAH,22.32,123,Market On Close,Filled,2745.36,"buy" 
2014-04-01T14:00:00Z,DECK,81.09,3,Market On Close,Filled,243.27,"adjust" 
2014-04-01T14:00:00Z,FF,21.05,80,Market On Close,Filled,1684,"buy" 
2014-04-01T14:00:00Z,GCI,28.02,9,Market On Close,Filled,252.18,"adjust" 
2014-04-01T14:00:00Z,LHCG,22.3,15,Market On Close,Filled,334.5,"adjust" 
2014-04-01T14:00:00Z,PLUS,56.58,5,Market On Close,Filled,282.9,"adjust" 
2014-04-01T14:00:00Z,MYGN,35.15,36,Market On Close,Filled,1265.4,"buy" 
2014-04-01T14:00:00Z,OSTK,20.35,13,Market On Close,Filled,264.55,"adjust" 
2014-04-01T14:00:00Z,RGR,63.23,5,Market On Close,Filled,316.15,"adjust" 
2014-04-01T14:00:00Z,KAI,38.28,11,Market On Close,Filled,421.08,"adjust" 
2014-05-01T14:00:00Z,BAH,23.18,-9,Market On Close,Filled,-208.62,"adjust" 
2014-05-01T14:00:00Z,CORE,78.78,-4,Market On Close,Filled,-315.12,"adjust" 
2014-05-01T14:00:00Z,DAL,37.12,-9,Market On Close,Filled,-334.08,"adjust" 
2014-05-01T14:00:00Z,MYGN,39.97,-8,Market On Close,Filled,-319.76,"adjust" 
2014-05-01T14:00:00Z,PPC,22.05,-85,Market On Close,Filled,-1874.25,"expired" 
2014-05-01T14:00:00Z,RGR,66.72,-5,Market On Close,Filled,-333.6,"adjust" 
2014-05-01T14:00:00Z,STMP,29.12,-47,Market On Close,Filled,-1368.64,"band" 
2014-05-01T14:00:00Z,ENS,67.13,3,Market On Close,Filled,201.39,"adjust" 
2014-05-01T14:00:00Z,ICFI,38.42,7,Market On Close,Filled,268.94,"adjust" 
2014-05-01T14:00:00Z,IDT,15.83,18,Market On Close,Filled,284.94,"adjust" 
2014-05-01T14:00:00Z,KFY,28.8,64,Market On Close,Filled,1843.2,"buy" 
2014-05-01T14:00:00Z,KWR,77.11,3,Market On Close,Filled,231.33,"adjust" 
2014-05-01T14:00:00Z,LHCG,20.82,14,Market On Close,Filled,291.48,"adjust" 
2014-05-01T14:00:00Z,OSTK,15.33,13,Market On Close,Filled,199.29,"adjust" 
2014-05-01T14:00:00Z,OSK,54.94,6,Market On Close,Filled,329.64,"adjust" 
2014-05-01T14:00:00Z,VMW,92.05,19,Market On Close,Filled,1748.95,"buy" 
2014-06-02T14:00:00Z,BAH,22.09,-17,Market On Close,Filled,-375.53,"adjust" 
2014-06-02T14:00:00Z,IDT,16.64,-124,Market On Close,Filled,-2063.36,"band" 
2014-06-02T14:00:00Z,IPAR,29.27,-69,Market On Close,Filled,-2019.63,"band" 
2014-06-02T14:00:00Z,LHCG,20.38,-127,Market On Close,Filled,-2588.26,"band" 
2014-06-02T14:00:00Z,PLUS,56.56,-37,Market On Close,Filled,-2092.72,"band" 
2014-06-02T14:00:00Z,SAFM,95.65,-3,Market On Close,Filled,-286.95,"adjust" 
2014-06-02T14:00:00Z,SYNA,66.45,-3,Market On Close,Filled,-199.35,"adjust" 
2014-06-02T14:00:00Z,TSN,43.4,-16,Market On Close,Filled,-694.4,"adjust" 
2014-06-02T14:00:00Z,ALG,52.3,5,Market On Close,Filled,261.5,"adjust" 
2014-06-02T14:00:00Z,ANK,54.51,6,Market On Close,Filled,327.06,"adjust" 
2014-06-02T14:00:00Z,DXPE,70.44,13,Market On Close,Filled,915.72,"buy" 
2014-06-02T14:00:00Z,FSLR,62.7,6,Market On Close,Filled,376.2,"adjust" 
2014-06-02T14:00:00Z,FSS,13.8,21,Market On Close,Filled,289.8,"adjust" 
2014-06-02T14:00:00Z,GCI,28.89,11,Market On Close,Filled,317.79,"adjust" 
2014-06-02T14:00:00Z,HVT,24.97,8,Market On Close,Filled,199.76,"adjust" 
2014-06-02T14:00:00Z,HURN,67.97,27,Market On Close,Filled,1835.19,"buy" 
2014-06-02T14:00:00Z,MOD,14.94,108,Market On Close,Filled,1613.52,"buy" 
2014-06-02T14:00:00Z,MYGN,33.62,9,Market On Close,Filled,302.58,"adjust" 
2014-06-02T14:00:00Z,NUS,73.62,4,Market On Close,Filled,294.48,"adjust" 
2014-06-02T14:00:00Z,OSK,54.04,5,Market On Close,Filled,270.2,"adjust" 
2014-06-02T14:00:00Z,PPC,25.92,77,Market On Close,Filled,1995.84,"buy" 
2014-07-01T14:00:00Z,CORE,46.92,-6,Market On Close,Filled,-281.52,"adjust" 
2014-07-01T14:00:00Z,DXPE,77.08,-13,Market On Close,Filled,-1002.04,"band" 
2014-07-01T14:00:00Z,PPC,27.69,-10,Market On Close,Filled,-276.9,"adjust" 
2014-07-01T14:00:00Z,SAFM,97.92,-4,Market On Close,Filled,-391.68,"adjust" 
2014-07-01T14:00:00Z,SMP,45.45,-7,Market On Close,Filled,-318.15,"adjust" 
2014-07-01T14:00:00Z,SYNA,91.88,-10,Market On Close,Filled,-918.8,"adjust" 
2014-07-01T14:00:00Z,ICFI,35.93,10,Market On Close,Filled,359.3,"adjust" 
2014-07-01T14:00:00Z,PSX,80.6,37,Market On Close,Filled,2982.2,"buy" 
2014-07-01T14:00:00Z,RGR,59.46,6,Market On Close,Filled,356.76,"adjust" 
2014-07-01T14:00:00Z,UTHR,91.48,4,Market On Close,Filled,365.92,"adjust" 
2014-07-01T14:00:00Z,VMW,98.29,3,Market On Close,Filled,294.87,"adjust" 
2014-08-01T14:00:00Z,ANK,58.88,-13,Market On Close,Filled,-765.44,"adjust" 
2014-08-01T14:00:00Z,CORE,46.94,-11,Market On Close,Filled,-516.34,"adjust" 
2014-08-01T14:00:00Z,GCI,32.9,-10,Market On Close,Filled,-329,"adjust" 
2014-08-01T14:00:00Z,MOD,13.25,-108,Market On Close,Filled,-1431,"expired" 
2014-08-01T14:00:00Z,NUS,59.03,-14,Market On Close,Filled,-826.42,"band" 
2014-08-01T14:00:00Z,OSK,46.31,-7,Market On Close,Filled,-324.17,"adjust" 
2014-08-01T14:00:00Z,WDC,100.3,-3,Market On Close,Filled,-300.9,"adjust" 
2014-08-01T14:00:00Z,CALM,69.97,30,Market On Close,Filled,2099.1,"buy" 
2014-08-01T14:00:00Z,ENS,63.54,4,Market On Close,Filled,254.16,"adjust" 
2014-08-01T14:00:00Z,HURN,60.45,4,Market On Close,Filled,241.8,"adjust" 
2014-08-01T14:00:00Z,KWR,71.04,4,Market On Close,Filled,284.16,"adjust" 
2014-08-01T14:00:00Z,MU,31.09,52,Market On Close,Filled,1616.68,"buy" 
2014-08-01T14:00:00Z,SYNA,78.11,3,Market On Close,Filled,234.33,"adjust" 
2014-09-02T14:00:00Z,ALG,49.03,-36,Market On Close,Filled,-1765.08,"band" 
2014-09-02T14:00:00Z,ENS,64.23,-4,Market On Close,Filled,-256.92,"adjust" 
2014-09-02T14:00:00Z,FF,14,-80,Market On Close,Filled,-1120,"band" 
2014-09-02T14:00:00Z,OSK,49.6,-38,Market On Close,Filled,-1884.8,"band" 
2014-09-02T14:00:00Z,PRFT,17.59,-80,Market On Close,Filled,-1407.2,"band" 
2014-09-02T14:00:00Z,TTWO,23.66,-12,Market On Close,Filled,-283.92,"adjust" 
2014-09-02T14:00:00Z,UTHR,115.22,-9,Market On Close,Filled,-1036.98,"adjust" 
2014-09-02T14:00:00Z,FL,57.25,-8,Market On Close,Filled,-458,"adjust" 
2014-09-02T14:00:00Z,ANK,58.65,5,Market On Close,Filled,293.25,"adjust" 
2014-09-02T14:00:00Z,BAH,22.69,11,Market On Close,Filled,249.59,"adjust" 
2014-09-02T14:00:00Z,DDS,113.29,16,Market On Close,Filled,1812.64,"buy" 
2014-09-02T14:00:00Z,GPRE,44.68,36,Market On Close,Filled,1608.48,"buy" 
2014-09-02T14:00:00Z,HURN,60.58,4,Market On Close,Filled,242.32,"adjust" 
2014-09-02T14:00:00Z,ICFI,33.87,11,Market On Close,Filled,372.57,"adjust" 
2014-09-02T14:00:00Z,LSCC,7.48,216,Market On Close,Filled,1615.68,"buy" 
2014-09-02T14:00:00Z,RGR,51.09,4,Market On Close,Filled,204.36,"adjust" 
2014-09-02T14:00:00Z,RSC,106.48,10,Market On Close,Filled,1064.8,"buy" 
2014-09-02T14:00:00Z,SMP,37.66,8,Market On Close,Filled,301.28,"adjust" 
2014-09-02T14:00:00Z,TSN,38.37,7,Market On Close,Filled,268.59,"adjust" 
2014-09-02T14:00:00Z,WDC,102,3,Market On Close,Filled,306,"adjust" 
2014-10-01T14:00:00Z,ABFS,35.41,-6,Market On Close,Filled,-212.46,"adjust" 
2014-10-01T14:00:00Z,CALM,87.8,-7,Market On Close,Filled,-614.6,"adjust" 
2014-10-01T14:00:00Z,CORE,51.69,-13,Market On Close,Filled,-671.97,"adjust" 
2014-10-01T14:00:00Z,LZB,19.45,-83,Market On Close,Filled,-1614.35,"band" 
2014-10-01T14:00:00Z,MU,33.5,-8,Market On Close,Filled,-268,"adjust" 
2014-10-01T14:00:00Z,PPC,30.25,-7,Market On Close,Filled,-211.75,"adjust" 
2014-10-01T14:00:00Z,RGR,47.4,-40,Market On Close,Filled,-1896,"band" 
2014-10-01T14:00:00Z,DV,43.54,49,Market On Close,Filled,2133.46,"buy" 
2014-10-01T14:00:00Z,EGY,8.6,122,Market On Close,Filled,1049.2,"buy" 
2014-10-01T14:00:00Z,ENS,56.08,4,Market On Close,Filled,224.32,"adjust" 
2014-10-01T14:00:00Z,GCI,29.21,8,Market On Close,Filled,233.68,"adjust" 
2014-10-01T14:00:00Z,HVT,21.14,15,Market On Close,Filled,317.1,"adjust" 
2014-10-01T14:00:00Z,ICFI,30.43,7,Market On Close,Filled,213.01,"adjust" 
2014-10-01T14:00:00Z,KFY,24.21,17,Market On Close,Filled,411.57,"adjust" 
2014-10-01T14:00:00Z,RSC,69.94,4,Market On Close,Filled,279.76,"adjust" 
2014-11-03T15:00:00Z,ANK,68.54,-6,Market On Close,Filled,-411.24,"adjust" 
2014-11-03T15:00:00Z,ENS,62.46,-41,Market On Close,Filled,-2560.86,"band" 
2014-11-03T15:00:00Z,GCI,31.32,-8,Market On Close,Filled,-250.56,"adjust" 
2014-11-03T15:00:00Z,ICFI,36.26,-76,Market On Close,Filled,-2755.76,"band" 
2014-11-03T15:00:00Z,KWR,83.27,-39,Market On Close,Filled,-3247.53,"band" 
2014-11-03T15:00:00Z,OSTK,23.59,-68,Market On Close,Filled,-1604.12,"band" 
2014-11-03T15:00:00Z,PPC,28.9,-11,Market On Close,Filled,-317.9,"adjust" 
2014-11-03T15:00:00Z,PSX,76.68,-4,Market On Close,Filled,-306.72,"adjust" 
2014-11-03T15:00:00Z,SYNA,65.72,-13,Market On Close,Filled,-854.36,"expired" 
2014-11-03T15:00:00Z,TTWO,25.83,-13,Market On Close,Filled,-335.79,"adjust" 
2014-11-03T15:00:00Z,USNA,115.22,-8,Market On Close,Filled,-921.76,"adjust" 
2014-11-03T15:00:00Z,CORE,57.05,4,Market On Close,Filled,228.2,"adjust" 
2014-11-03T15:00:00Z,DDS,108.15,4,Market On Close,Filled,432.6,"adjust" 
2014-11-03T15:00:00Z,DECK,88.23,3,Market On Close,Filled,264.69,"adjust" 
2014-11-03T15:00:00Z,EW,119.93,17,Market On Close,Filled,2038.81,"buy" 
2014-11-03T15:00:00Z,FSLR,58.31,5,Market On Close,Filled,291.55,"adjust" 
2014-11-03T15:00:00Z,FSS,14.12,17,Market On Close,Filled,240.04,"adjust" 
2014-11-03T15:00:00Z,GME,42.71,8,Market On Close,Filled,341.68,"adjust" 
2014-11-03T15:00:00Z,GPRE,34.58,6,Market On Close,Filled,207.48,"adjust" 
2014-11-03T15:00:00Z,HVT,21.77,10,Market On Close,Filled,217.7,"adjust" 
2014-11-03T15:00:00Z,INTC,34.31,75,Market On Close,Filled,2573.25,"buy" 
2014-11-03T15:00:00Z,LSCC,6.59,48,Market On Close,Filled,316.32,"adjust" 
2014-11-03T15:00:00Z,MED,31.98,65,Market On Close,Filled,2078.7,"buy" 
2014-11-03T15:00:00Z,MEI,40.18,34,Market On Close,Filled,1366.12,"buy" 
2014-11-03T15:00:00Z,SKX,55.51,28,Market On Close,Filled,1554.28,"buy" 
2014-11-03T15:00:00Z,VMW,84.27,7,Market On Close,Filled,589.89,"adjust" 
2014-11-03T15:00:00Z,FL,56.17,9,Market On Close,Filled,505.53,"adjust" 
2014-12-01T15:00:00Z,CORE,58.64,-6,Market On Close,Filled,-351.84,"adjust" 
2014-12-01T15:00:00Z,DAL,45.62,-10,Market On Close,Filled,-456.2,"adjust" 
2014-12-01T15:00:00Z,DDS,116.64,-4,Market On Close,Filled,-466.56,"adjust" 
2014-12-01T15:00:00Z,EGY,5.94,-122,Market On Close,Filled,-724.68,"universe" 
2014-12-01T15:00:00Z,FSLR,45.76,-25,Market On Close,Filled,-1144,"band" 
2014-12-01T15:00:00Z,FSS,14.76,-22,Market On Close,Filled,-324.72,"adjust" 
2014-12-01T15:00:00Z,INTC,37.17,-7,Market On Close,Filled,-260.19,"adjust" 
2014-12-01T15:00:00Z,MED,29.62,-8,Market On Close,Filled,-236.96,"adjust" 
2014-12-01T15:00:00Z,PSX,71.83,-3,Market On Close,Filled,-215.49,"adjust" 
2014-12-01T15:00:00Z,FL,56.35,-9,Market On Close,Filled,-507.15,"adjust" 
2014-12-01T15:00:00Z,ARLP,43.33,48,Market On Close,Filled,2079.84,"buy" 
2014-12-01T15:00:00Z,HURN,69.46,3,Market On Close,Filled,208.38,"adjust" 
2014-12-01T15:00:00Z,MYGN,33.01,10,Market On Close,Filled,330.1,"adjust" 
2014-12-01T15:00:00Z,RSC,62.78,4,Market On Close,Filled,251.12,"adjust" 
2014-12-01T15:00:00Z,TSRA,34.41,58,Market On Close,Filled,1995.78,"buy" 
2014-12-01T15:00:00Z,USNA,104.37,2,Market On Close,Filled,208.74,"adjust" 
2014-12-01T15:00:00Z,UTHR,131.68,2,Market On Close,Filled,263.36,"adjust" 
2015-01-02T15:00:00Z,GIII,100,-6,Market On Close,Filled,-600,"adjust" 
2015-01-02T15:00:00Z,MU,34.75,-44,Market On Close,Filled,-1529,"expired" 
2015-01-02T15:00:00Z,KAI,42.38,-5,Market On Close,Filled,-211.9,"adjust" 
2015-01-02T15:00:00Z,WDC,110.43,-2,Market On Close,Filled,-220.86,"adjust" 
2015-01-02T15:00:00Z,DV,44.28,5,Market On Close,Filled,221.4,"adjust" 
2015-01-02T15:00:00Z,USNA,102.28,2,Market On Close,Filled,204.56,"adjust" 
2015-01-02T15:00:00Z,GHC,860.94,3,Market On Close,Filled,2582.82,"buy" 
2015-02-02T15:00:00Z,ANK,67.42,-38,Market On Close,Filled,-2561.96,"band" 
2015-02-02T15:00:00Z,CORE,67.5,-5,Market On Close,Filled,-337.5,"adjust" 
2015-02-02T15:00:00Z,HVT,24.79,-20,Market On Close,Filled,-495.8,"adjust" 
2015-02-02T15:00:00Z,HURN,75.13,-38,Market On Close,Filled,-2854.94,"band" 
2015-02-02T15:00:00Z,PSX,72.8,-3,Market On Close,Filled,-218.4,"adjust" 
2015-02-02T15:00:00Z,TSN,39.57,-57,Market On Close,Filled,-2255.49,"band" 
2015-02-02T15:00:00Z,TSRA,37.35,-6,Market On Close,Filled,-224.1,"adjust" 
2015-02-02T15:00:00Z,GHC,945,-1,Market On Close,Filled,-945,"adjust" 
2015-02-02T15:00:00Z,ABFS,38.74,10,Market On Close,Filled,387.4,"adjust" 
2015-02-02T15:00:00Z,ARLP,37.35,6,Market On Close,Filled,224.1,"adjust" 
2015-02-02T15:00:00Z,CTR,42.54,56,Market On Close,Filled,2382.24,"buy" 
2015-02-02T15:00:00Z,DDS,114.78,2,Market On Close,Filled,229.56,"adjust" 
2015-02-02T15:00:00Z,EW,125.48,2,Market On Close,Filled,250.96,"adjust" 
2015-02-02T15:00:00Z,INTC,33.65,13,Market On Close,Filled,437.45,"adjust" 
2015-02-02T15:00:00Z,MEI,36.51,9,Market On Close,Filled,328.59,"adjust" 
2015-02-02T15:00:00Z,RSC,59.57,4,Market On Close,Filled,238.28,"adjust" 
2015-02-02T15:00:00Z,SMP,37.5,9,Market On Close,Filled,337.5,"adjust" 
2015-02-02T15:00:00Z,KAI,40.57,8,Market On Close,Filled,324.56,"adjust" 
2015-02-02T15:00:00Z,UTHR,141.96,2,Market On Close,Filled,283.92,"adjust" 
2015-02-02T15:00:00Z,ZUMZ,38.33,49,Market On Close,Filled,1878.17,"buy" 
2015-03-02T15:00:00Z,DV,36.94,-7,Market On Close,Filled,-258.58,"adjust" 
2015-03-02T15:00:00Z,GCI,35.84,-6,Market On Close,Filled,-215.04,"adjust" 
2015-03-02T15:00:00Z,MED,32.35,-57,Market On Close,Filled,-1843.95,"universe" 
2015-03-02T15:00:00Z,SMP,42.33,-15,Market On Close,Filled,-634.95,"adjust" 
2015-03-02T15:00:00Z,KAI,46.27,-6,Market On Close,Filled,-277.62,"adjust" 
2015-03-02T15:00:00Z,TTWO,26.06,-67,Market On Close,Filled,-1746.02,"band" 
2015-03-02T15:00:00Z,VMW,86.59,-29,Market On Close,Filled,-2511.11,"band" 
2015-03-02T15:00:00Z,CRMT,53.9,39,Market On Close,Filled,2102.1,"buy" 
2015-03-02T15:00:00Z,GPRE,23.49,11,Market On Close,Filled,258.39,"adjust" 
2015-03-02T15:00:00Z,HVT,23.89,9,Market On Close,Filled,215.01,"adjust" 
2015-03-02T15:00:00Z,IDT,21.85,102,Market On Close,Filled,2228.7,"buy" 
2015-03-02T15:00:00Z,KLIC,16.33,149,Market On Close,Filled,2433.17,"buy" 
2015-03-02T15:00:00Z,USNA,101,2,Market On Close,Filled,202,"adjust" 
2015-04-01T14:00:00Z,DAL,43.26,-39,Market On Close,Filled,-1687.14,"band" 
2015-04-01T14:00:00Z,EW,140.7,-3,Market On Close,Filled,-422.1,"adjust" 
2015-04-01T14:00:00Z,GPRE,29.69,-53,Market On Close,Filled,-1573.57,"band" 
2015-04-01T14:00:00Z,HVT,24.05,-92,Market On Close,Filled,-2212.6,"band" 
2015-04-01T14:00:00Z,IDT,18.98,-19,Market On Close,Filled,-360.62,"adjust" 
2015-04-01T14:00:00Z,KAI,53.73,-12,Market On Close,Filled,-644.76,"adjust" 
2015-04-01T14:00:00Z,UTHR,174.41,-2,Market On Close,Filled,-348.82,"adjust" 
2015-04-01T14:00:00Z,ARLP,32.99,9,Market On Close,Filled,296.91,"adjust" 
2015-04-01T14:00:00Z,BBY,37.21,53,Market On Close,Filled,1972.13,"buy" 
2015-04-01T14:00:00Z,CTR,39.55,10,Market On Close,Filled,395.5,"adjust" 
2015-04-01T14:00:00Z,DV,34,8,Market On Close,Filled,272,"adjust" 
2015-04-01T14:00:00Z,GIII,113.19,2,Market On Close,Filled,226.38,"adjust" 
2015-04-01T14:00:00Z,KLIC,15.67,17,Market On Close,Filled,266.39,"adjust" 
2015-04-01T14:00:00Z,LSCC,6.28,32,Market On Close,Filled,200.96,"adjust" 
2015-04-01T14:00:00Z,MYGN,34.77,7,Market On Close,Filled,243.39,"adjust" 
2015-04-01T14:00:00Z,PPC,23.76,16,Market On Close,Filled,380.16,"adjust" 
2015-04-01T14:00:00Z,UEPS,13.5,142,Market On Close,Filled,1917,"buy" 
2015-04-01T14:00:00Z,VDSI,21.73,50,Market On Close,Filled,1086.5,"buy" 
2015-04-01T14:00:00Z,WDC,92.35,4,Market On Close,Filled,369.4,"adjust" 
2015-05-01T14:00:00Z,ARLP,34.2,-63,Market On Close,Filled,-2154.6,"band" 
2015-05-01T14:00:00Z,CALM,45.5,-6,Market On Close,Filled,-273,"adjust" 
2015-05-01T14:00:00Z,DV,30.04,-9,Market On Close,Filled,-270.36,"adjust" 
2015-05-01T14:00:00Z,LSCC,6.12,-296,Market On Close,Filled,-1811.52,"band" 
2015-05-01T14:00:00Z,MYGN,34.18,-54,Market On Close,Filled,-1845.72,"band" 
2015-05-01T14:00:00Z,PPC,25.44,-65,Market On Close,Filled,-1653.6,"expired" 
2015-05-01T14:00:00Z,PSX,81.61,-27,Market On Close,Filled,-2203.47,"expired" 
2015-05-01T14:00:00Z,SKX,91.67,-11,Market On Close,Filled,-1008.37,"adjust" 
2015-05-01T14:00:00Z,SMP,36.25,-52,Market On Close,Filled,-1885,"expired" 
2015-05-01T14:00:00Z,VDSI,25.43,-9,Market On Close,Filled,-228.87,"adjust" 
2015-05-01T14:00:00Z,WDC,99.33,-3,Market On Close,Filled,-297.99,"adjust" 
2015-05-01T14:00:00Z,ABFS,36.75,6,Market On Close,Filled,220.5,"adjust" 
2015-05-01T14:00:00Z,AMWD,52.24,41,Market On Close,Filled,2141.84,"buy" 
2015-05-01T14:00:00Z,BBY,35.18,6,Market On Close,Filled,211.08,"adjust" 
2015-05-01T14:00:00Z,KSS,73.09,39,Market On Close,Filled,2850.51,"buy" 
2015-05-01T14:00:00Z,PLUS,85.54,21,Market On Close,Filled,1796.34,"buy" 
2015-05-01T14:00:00Z,PLCE,62.14,41,Market On Close,Filled,2547.74,"buy" 
2015-05-01T14:00:00Z,SCVL,26.16,67,Market On Close,Filled,1752.72,"buy" 
2015-05-01T14:00:00Z,SMCI,29.28,49,Market On Close,Filled,1434.72,"buy" 
2015-05-01T14:00:00Z,STMP,62.01,23,Market On Close,Filled,1426.23,"buy" 
2015-05-01T14:00:00Z,ZUMZ,31.89,7,Market On Close,Filled,223.23,"adjust" 
2015-06-01T14:00:00Z,BAH,25.59,-17,Market On Close,Filled,-435.03,"adjust" 
2015-06-01T14:00:00Z,CALM,57.29,-16,Market On Close,Filled,-916.64,"adjust" 
2015-06-01T14:00:00Z,CORE,54.34,-5,Market On Close,Filled,-271.7,"adjust" 
2015-06-01T14:00:00Z,DV,32.32,-46,Market On Close,Filled,-1486.72,"band" 
2015-06-01T14:00:00Z,KSS,64.67,-6,Market On Close,Filled,-388.02,"adjust" 
2015-06-01T14:00:00Z,PLCE,65.92,-4,Market On Close,Filled,-263.68,"adjust" 
2015-06-01T14:00:00Z,STMP,68.56,-5,Market On Close,Filled,-342.8,"adjust" 
2015-06-01T14:00:00Z,USNA,129.52,-6,Market On Close,Filled,-777.12,"adjust" 
2015-06-01T14:00:00Z,CTR,37.1,6,Market On Close,Filled,222.6,"adjust" 
2015-06-01T14:00:00Z,CRMT,53.91,7,Market On Close,Filled,377.37,"adjust" 
2015-06-01T14:00:00Z,DDS,115.92,4,Market On Close,Filled,463.68,"adjust" 
2015-06-01T14:00:00Z,DECK,68.35,5,Market On Close,Filled,341.75,"adjust" 
2015-06-01T14:00:00Z,EW,132.19,2,Market On Close,Filled,264.38,"adjust" 
2015-06-01T14:00:00Z,FSS,15.01,20,Market On Close,Filled,300.2,"adjust" 
2015-06-01T14:00:00Z,GIII,58.17,5,Market On Close,Filled,290.85,"adjust" 
2015-06-01T14:00:00Z,KFY,32.27,8,Market On Close,Filled,258.16,"adjust" 
2015-06-01T14:00:00Z,ZUMZ,29.45,12,Market On Close,Filled,353.4,"adjust" 
2015-07-01T14:00:00Z,CRMT,50.02,-46,Market On Close,Filled,-2300.92,"universe" 
2015-07-01T14:00:00Z,GCI,32.97,-13,Market On Close,Filled,-428.61,"adjust" 
2015-07-01T14:00:00Z,GIII,71.25,-14,Market On Close,Filled,-997.5,"adjust" 
2015-07-01T14:00:00Z,KFY,35.1,-6,Market On Close,Filled,-210.6,"adjust" 
2015-07-01T14:00:00Z,UEPS,18.68,-51,Market On Close,Filled,-952.68,"adjust" 
2015-07-01T14:00:00Z,ZUMZ,26.93,-13,Market On Close,Filled,-350.09,"adjust" 
2015-07-01T14:00:00Z,ABFS,32.22,9,Market On Close,Filled,289.98,"adjust" 
2015-07-01T14:00:00Z,BBY,33.47,9,Market On Close,Filled,301.23,"adjust" 
2015-07-01T14:00:00Z,DDS,106.39,2,Market On Close,Filled,212.78,"adjust" 
2015-07-01T14:00:00Z,INTC,30.18,8,Market On Close,Filled,241.44,"adjust" 
2015-07-01T14:00:00Z,KLIC,11.75,25,Market On Close,Filled,293.75,"adjust" 
2015-07-01T14:00:00Z,KSS,62.82,4,Market On Close,Filled,251.28,"adjust" 
2015-07-01T14:00:00Z,LHCG,37.53,44,Market On Close,Filled,1651.32,"buy" 
2015-07-01T14:00:00Z,PLUS,76.26,4,Market On Close,Filled,305.04,"adjust" 
2015-07-01T14:00:00Z,MPC,53.77,45,Market On Close,Filled,2419.65,"buy" 
2015-07-01T14:00:00Z,RSC,63.02,4,Market On Close,Filled,252.08,"adjust" 
2015-07-01T14:00:00Z,SAFM,74.54,4,Market On Close,Filled,298.16,"adjust" 
2015-07-01T14:00:00Z,WDC,79.44,5,Market On Close,Filled,397.2,"adjust" 
2015-08-03T14:00:00Z,AMWD,64.66,-8,Market On Close,Filled,-517.28,"adjust" 
2015-08-03T14:00:00Z,BAH,27.21,-12,Market On Close,Filled,-326.52,"adjust" 
2015-08-03T14:00:00Z,EW,151.09,-2,Market On Close,Filled,-302.18,"adjust" 
2015-08-03T14:00:00Z,FSS,14.55,-14,Market On Close,Filled,-203.7,"adjust" 
2015-08-03T14:00:00Z,MPC,53.2,-7,Market On Close,Filled,-372.4,"adjust" 
2015-08-03T14:00:00Z,SKX,148.65,-8,Market On Close,Filled,-1189.2,"adjust" 
2015-08-03T14:00:00Z,WDC,85.85,-31,Market On Close,Filled,-2661.35,"band" 
2015-08-03T14:00:00Z,CALM,55.11,4,Market On Close,Filled,220.44,"adjust" 
2015-08-03T14:00:00Z,DDS,100.71,2,Market On Close,Filled,201.42,"adjust" 
2015-08-03T14:00:00Z,INTC,29.05,8,Market On Close,Filled,232.4,"adjust" 
2015-08-03T14:00:00Z,KLIC,10.09,22,Market On Close,Filled,221.98,"adjust" 
2015-08-03T14:00:00Z,PLCE,58.35,6,Market On Close,Filled,350.1,"adjust" 
2015-08-03T14:00:00Z,RSC,50.43,6,Market On Close,Filled,302.58,"adjust" 
2015-08-03T14:00:00Z,SCHL,43.1,57,Market On Close,Filled,2456.7,"buy" 
2015-08-03T14:00:00Z,SMCI,26.61,11,Market On Close,Filled,292.71,"adjust" 
2015-08-03T14:00:00Z,STMP,70.51,3,Market On Close,Filled,211.53,"adjust" 
2015-08-03T14:00:00Z,KAI,45.1,7,Market On Close,Filled,315.7,"adjust" 
2015-08-03T14:00:00Z,TSRA,34.64,15,Market On Close,Filled,519.6,"adjust" 
2015-09-01T14:00:00Z,AMWD,64.83,-8,Market On Close,Filled,-518.64,"adjust" 
2015-09-01T14:00:00Z,BBY,35.45,-20,Market On Close,Filled,-709,"adjust" 
2015-09-01T14:00:00Z,IDT,15.05,-83,Market On Close,Filled,-1249.15,"universe" 
2015-09-01T14:00:00Z,KLIC,10.59,-213,Market On Close,Filled,-2255.67,"band" 
2015-09-01T14:00:00Z,LHCG,44.25,-9,Market On Close,Filled,-398.25,"adjust" 
2015-09-01T14:00:00Z,RSC,50.24,-32,Market On Close,Filled,-1607.68,"universe" 
2015-09-01T14:00:00Z,STMP,79.54,-9,Market On Close,Filled,-715.86,"adjust" 
2015-09-01T14:00:00Z,USNA,141.49,-4,Market On Close,Filled,-565.96,"adjust" 
2015-09-01T14:00:00Z,FL,70.4,-4,Market On Close,Filled,-281.6,"adjust" 
2015-09-01T14:00:00Z,ABFS,27.61,8,Market On Close,Filled,220.88,"adjust" 
2015-09-01T14:00:00Z,DDS,89.97,3,Market On Close,Filled,269.91,"adjust" 
2015-09-01T14:00:00Z,DECK,62.17,5,Market On Close,Filled,310.85,"adjust" 
2015-09-01T14:00:00Z,FSS,13.66,18,Market On Close,Filled,245.88,"adjust" 
2015-09-01T14:00:00Z,GCI,23.22,18,Market On Close,Filled,417.96,"adjust" 
2015-09-01T14:00:00Z,KSS,50.52,6,Market On Close,Filled,303.12,"adjust" 
2015-09-01T14:00:00Z,NPK,79.41,33,Market On Close,Filled,2620.53,"buy" 
2015-09-01T14:00:00Z,SAFM,66.36,3,Market On Close,Filled,199.08,"adjust" 
2015-09-01T14:00:00Z,SPTN,27.58,84,Market On Close,Filled,2316.72,"buy" 
2015-09-01T14:00:00Z,SUPN,18.83,65,Market On Close,Filled,1223.95,"buy" 
2015-09-01T14:00:00Z,UTHR,144.61,2,Market On Close,Filled,289.22,"adjust" 
2015-09-01T14:00:00Z,VDSI,15.69,19,Market On Close,Filled,298.11,"adjust" 
2015-09-01T14:00:00Z,ZUMZ,23.26,10,Market On Close,Filled,232.6,"adjust" 
2015-10-01T14:00:00Z,CALM,56.47,-28,Market On Close,Filled,-1581.16,"expired" 
2015-10-01T14:00:00Z,INTC,30,-97,Market On Close,Filled,-2910,"band" 
2015-10-01T14:00:00Z,KFY,32.79,-7,Market On Close,Filled,-229.53,"adjust" 
2015-10-01T14:00:00Z,MEI,31.99,-9,Market On Close,Filled,-287.91,"adjust" 
2015-10-01T14:00:00Z,NPK,86.1,-3,Market On Close,Filled,-258.3,"adjust" 
2015-10-01T14:00:00Z,SAFM,69.08,-3,Market On Close,Filled,-207.24,"adjust" 
2015-10-01T14:00:00Z,SMCI,26.61,-60,Market On Close,Filled,-1596.6,"band" 
2015-10-01T14:00:00Z,FL,71.15,-3,Market On Close,Filled,-213.45,"adjust" 
2015-10-01T14:00:00Z,OTL,47.99,52,Market On Close,Filled,2495.48,"buy" 
2015-10-01T14:00:00Z,SYKE,25.38,114,Market On Close,Filled,2893.32,"buy" 
2015-10-01T14:00:00Z,VLO,62.24,31,Market On Close,Filled,1929.44,"buy" 
2015-11-02T15:00:00Z,BAH,29.75,-79,Market On Close,Filled,-2350.25,"band" 
2015-11-02T15:00:00Z,CTR,38.36,-6,Market On Close,Filled,-230.16,"adjust" 
2015-11-02T15:00:00Z,CORE,80.58,-12,Market On Close,Filled,-966.96,"adjust" 
2015-11-02T15:00:00Z,EW,157.51,-2,Market On Close,Filled,-315.02,"adjust" 
2015-11-02T15:00:00Z,OTL,55.22,-7,Market On Close,Filled,-386.54,"adjust" 
2015-11-02T15:00:00Z,SYKE,28.48,-11,Market On Close,Filled,-313.28,"adjust" 
2015-11-02T15:00:00Z,VDSI,19.32,-60,Market On Close,Filled,-1159.2,"band" 
2015-11-02T15:00:00Z,BBY,35.43,9,Market On Close,Filled,318.87,"adjust" 
2015-11-02T15:00:00Z,CALM,54.73,26,Market On Close,Filled,1422.98,"buy" 
2015-11-02T15:00:00Z,CRUS,31.7,38,Market On Close,Filled,1204.6,"buy" 
2015-11-02T15:00:00Z,KSS,46.71,7,Market On Close,Filled,326.97,"adjust" 
2015-11-02T15:00:00Z,SAFM,71.25,4,Market On Close,Filled,285,"adjust" 
2015-11-02T15:00:00Z,SCHL,41.35,9,Market On Close,Filled,372.15,"adjust" 
2015-11-02T15:00:00Z,SCVL,22.63,17,Market On Close,Filled,384.71,"adjust" 
2015-11-02T15:00:00Z,STMP,75.25,5,Market On Close,Filled,376.25,"adjust" 
2015-11-02T15:00:00Z,UEPS,17.34,15,Market On Close,Filled,260.1,"adjust" 
2015-11-02T15:00:00Z,USNA,130.34,2,Market On Close,Filled,260.68,"adjust" 
2015-11-02T15:00:00Z,GHC,577.35,1,Market On Close,Filled,577.35,"adjust" 
2015-12-01T15:00:00Z,ABFS,24.33,-65,Market On Close,Filled,-1581.45,"band" 
2015-12-01T15:00:00Z,AMWD,84.96,-8,Market On Close,Filled,-679.68,"adjust" 
2015-12-01T15:00:00Z,DECK,48.91,-32,Market On Close,Filled,-1565.12,"band" 
2015-12-01T15:00:00Z,FSS,16.97,-20,Market On Close,Filled,-339.4,"adjust" 
2015-12-01T15:00:00Z,KSS,47.22,-8,Market On Close,Filled,-377.76,"adjust" 
2015-12-01T15:00:00Z,PLUS,87.54,-9,Market On Close,Filled,-787.86,"adjust" 
2015-12-01T15:00:00Z,SCVL,21.78,-84,Market On Close,Filled,-1829.52,"universe" 
2015-12-01T15:00:00Z,STMP,101.32,-9,Market On Close,Filled,-911.88,"adjust" 
2015-12-01T15:00:00Z,SYKE,31.83,-15,Market On Close,Filled,-477.45,"adjust" 
2015-12-01T15:00:00Z,FL,65.68,-4,Market On Close,Filled,-262.72,"adjust" 
2015-12-01T15:00:00Z,ZUMZ,14.94,-65,Market On Close,Filled,-971.1,"universe" 
2015-12-01T15:00:00Z,BBY,31.37,9,Market On Close,Filled,282.33,"adjust" 
2015-12-01T15:00:00Z,CENTA,15.96,115,Market On Close,Filled,1835.4,"buy" 
2015-12-01T15:00:00Z,FF,14.41,101,Market On Close,Filled,1455.41,"buy" 
2015-12-01T15:00:00Z,KFY,38.3,6,Market On Close,Filled,229.8,"adjust" 
2015-12-01T15:00:00Z,MEI,37.04,6,Market On Close,Filled,222.24,"adjust" 
2015-12-01T15:00:00Z,SKX,31.63,8,Market On Close,Filled,253.04,"adjust" 
2015-12-01T15:00:00Z,UEPS,15.33,22,Market On Close,Filled,337.26,"adjust" 
2015-12-01T15:00:00Z,UFPI,77.16,24,Market On Close,Filled,1851.84,"buy" 
2015-12-01T15:00:00Z,UVV,56.71,48,Market On Close,Filled,2722.08,"buy" 
