Entry Time,Symbols,Exit Time,Direction,Entry Price,Exit Price,Quantity,P&L,Fees,MAE,MFE,Drawdown,IsWin,Order Ids
2003-02-03T21:00:00Z,"MCRI",2003-03-03T21:00:00Z,Buy,8.71,8.98,27,7.29,2.264900014768,-11.61,40.77,33.48,1,"	39,79" 
2003-02-03T21:00:00Z,"TMI",2003-03-03T21:00:00Z,Buy,7.75,7.1,30,-19.5,4.1506747795619,-22.5,4.5,27,0,"	71,80" 
2003-02-03T21:00:00Z,"CCF",2003-04-01T21:00:00Z,Buy,10.28,9.9,24,-9.12,3.1743726129391,-21.6,0,21.6,0,"	7,85" 
2003-02-03T21:00:00Z,"DCO",2003-04-01T21:00:00Z,Buy,13.06,10.19,18,-51.66,2.1780227092336,-58.68,1.44,60.12,0,"	13,86" 
2003-02-03T21:00:00Z,"EDEL",2003-04-01T21:00:00Z,Buy,11.79,10.36,20,-28.6,7.0903840671799,-36.8,0,36.8,0,"	16,87" 
2003-02-03T21:00:00Z,"MRTN",2003-04-01T21:00:00Z,Buy,17.44,18.5,14,14.84,4.6787452476924,-12.6,14.84,22.96,1,"	45,88" 
2003-02-03T21:00:00Z,"RBIN",2003-04-01T21:00:00Z,Buy,9.31,9.7,26,10.14,3.3960022059076,-8.32,21.84,13.26,1,"	58,89" 
2003-02-03T21:00:00Z,"AAON",2003-05-01T20:00:00Z,Buy,16.18,13.73,15,-36.75,5.4933874560462,-55.5,5.55,61.05,0,"	1,95" 
2003-02-03T21:00:00Z,"LRW",2003-05-01T20:00:00Z,Buy,6.2,6.47,38,10.26,5.6394824639641,-42.56,10.26,50.92,1,"	38,96" 
2003-02-03T21:00:00Z,"TENT",2003-05-01T20:00:00Z,Buy,8.14,7.49,31,-20.15,4.4721024299013,-33.79,24.8,58.59,0,"	69,97" 
2003-02-03T21:00:00Z,"HOV",2003-06-02T20:00:00Z,Buy,29.61,57.81,4,112.8,3.2240080423803,-3,112.8,13.16,1,"	28,101" 
2003-02-03T21:00:00Z,"JOUT",2003-06-02T20:00:00Z,Buy,11.97,11.99,20,0.4,4.0781135266515,-61.4,8.2,61.4,1,"	33,102" 
2003-02-03T21:00:00Z,"BWS",2003-07-01T20:00:00Z,Buy,26.84,29.65,9,25.29,4.5238792950559,-16.56,41.13,57.69,1,"	4,107" 
2003-02-03T21:00:00Z,"CW",2003-07-01T20:00:00Z,Buy,54.06,63.5,4,37.76,4.0907706779396,-4.2,42.36,35.12,1,"	12,108" 
2003-02-03T21:00:00Z,"JCOM",2003-07-01T20:00:00Z,Buy,21.23,46.56,6,151.98,5.7086341185975,-3.66,152.7,53.76,1,"	31,109" 
2003-02-03T21:00:00Z,"MTRX",2003-07-01T20:00:00Z,Buy,8,17.05,13,117.65,4.9073268103025,0,119.47,14.17,1,"	47,110" 
2003-02-03T21:00:00Z,"SCHN",2003-07-01T20:00:00Z,Buy,21.52,43.16,5,108.2,3.2803699596414,-1.6,128.65,25.75,1,"	62,111" 
2003-02-03T21:00:00Z,"SCVL",2003-07-01T20:00:00Z,Buy,13.61,14.6,18,17.82,5.2972940811085,-35.82,63.9,46.08,1,"	63,112" 
2003-02-03T21:00:00Z,"SXI",2003-07-01T20:00:00Z,Buy,21.67,21.18,11,-5.39,2.9819914449849,-31.57,6.71,31.57,0,"	68,113" 
2003-02-03T21:00:00Z,"ECP",2003-07-01T20:00:00Z,Buy,14.05,11.5,17,-43.35,3.4804742649062,-58.65,57.63,116.28,0,"	72,115" 
2003-02-03T21:00:00Z,"JJSF",2003-08-01T20:00:00Z,Buy,27.53,33.91,9,57.42,2.0917360395062,0,57.42,29.79,1,"	32,124" 
2003-02-03T21:00:00Z,"MMSI",2003-08-01T20:00:00Z,Buy,17.65,27.55,14,138.6,3.4980338977797,-6.02,138.6,42.14,1,"	42,125" 
2003-02-03T21:00:00Z,"VMI",2003-08-01T20:00:00Z,Buy,21.03,19.7,11,-14.63,4.8698145383588,-26.73,16.39,43.12,0,"	75,127" 
2003-02-03T21:00:00Z,"HUBB",2003-09-02T20:00:00Z,Buy,32.22,40.28,7,56.42,2.0709645305604,-26.11,56.42,26.11,1,"	29,133" 
2003-02-03T21:00:00Z,"MSN",2003-09-02T20:00:00Z,Buy,7.44,3.8,35,-127.4,3.6303802465408,-161,14.7,175.7,0,"	46,134" 
2003-02-03T21:00:00Z,"OXM",2003-09-02T20:00:00Z,Buy,24.02,58.91,5,174.45,2.5614753318045,-9.45,179.25,18.55,1,"	53,135" 
2003-02-03T21:00:00Z,"PTSI",2003-09-02T20:00:00Z,Buy,26.79,22.99,9,-34.2,3.2616395367482,-56.97,0,56.97,0,"	56,136" 
2003-02-03T21:00:00Z,"CRMT",2003-10-01T20:00:00Z,Buy,13.32,31.34,7,126.14,4.1333967896812,-13.44,126.14,13.44,1,"	9,140" 
2003-02-03T21:00:00Z,"K",2003-10-01T20:00:00Z,Buy,32.38,33.8,7,9.94,4.5188675246435,-30.66,20.86,31.85,1,"	34,141" 
2003-02-03T21:00:00Z,"LANC",2003-10-01T20:00:00Z,Buy,38.65,40.1,6,8.7,2.64543456408,-19.08,24.84,30.78,1,"	36,142" 
2003-02-03T21:00:00Z,"LAWS",2003-10-01T20:00:00Z,Buy,27.16,27.47,9,2.79,4.3731981150864,-37.08,24.39,47.34,1,"	37,143" 
2003-02-03T21:00:00Z,"NSSC",2003-10-01T20:00:00Z,Buy,9.68,8.82,25,-21.5,4.9482066515285,-42.75,1.75,43.75,0,"	50,144" 
2003-02-03T21:00:00Z,"NUS",2003-10-01T20:00:00Z,Buy,12.14,13.23,20,21.8,3.0454440930343,-64.8,21.8,70.4,1,"	51,145" 
2003-02-03T21:00:00Z,"STRT",2003-10-01T20:00:00Z,Buy,49,49.37,5,1.85,2.758848854689,-25.5,35.95,45.45,1,"	67,146" 
2003-02-03T21:00:00Z,"FLXS",2003-11-03T21:00:00Z,Buy,15.4,19.5,16,65.6,6.5229838007936,-36.8,79.04,46.72,1,"	22,153" 
2003-02-03T21:00:00Z,"JBSS",2003-11-03T21:00:00Z,Buy,13.69,36.94,8,186,4.5220676150796,-16.96,186,55.2,1,"	30,155" 
2003-02-03T21:00:00Z,"MIDD",2003-11-03T21:00:00Z,Buy,11.3,27.69,8,131.12,6.8316085541395,-8.08,131.12,34.24,1,"	41,156" 
2003-02-03T21:00:00Z,"NHC",2003-11-03T21:00:00Z,Buy,17.4,20.4,14,42,3.7812523156425,-44.8,52.08,96.88,1,"	49,157" 
2003-02-03T21:00:00Z,"ROST",2003-11-03T21:00:00Z,Buy,39.49,52.25,6,76.56,2.0616487783019,-39.12,82.92,39.12,1,"	60,158" 
2003-02-03T21:00:00Z,"THO",2003-11-03T21:00:00Z,Buy,27.44,65.95,4,154.04,2.6869579345392,-22.16,154.04,23.6,1,"	70,159" 
2003-02-03T21:00:00Z,"SCHN",2003-12-01T21:00:00Z,Buy,10.759984828408,50.23,5,197.35,1.023160272962,-0.8,217.3,30.9,1,"	62,167" 
2003-02-03T21:00:00Z,"UTMD",2003-12-01T21:00:00Z,Buy,17.66,22.56,13,63.7,4.5431386224774,-2.08,95.81,43.29,1,"	74,168" 
2003-02-03T21:00:00Z,"AVD",2004-01-02T21:00:00Z,Buy,14.199970464121,37.9,6,142.2,2.9341968550773,-2.8,146.94,21.36,1,"	2,175" 
2003-02-03T21:00:00Z,"MIDD",2004-01-02T21:00:00Z,Buy,11.3,40.96,5,148.3,1.0253026933531,-5.05,161.95,21.4,1,"	41,178" 
2003-02-03T21:00:00Z,"MTRX",2004-01-02T21:00:00Z,Buy,4,17.72,13,178.36,1.0636002208724,0,189.67,36.4,1,"	47,179" 
2003-02-03T21:00:00Z,"RVFD",2004-01-02T21:00:00Z,Buy,24.95,27.7,9,24.75,5.46239513515,-25.29,46.98,38.43,1,"	61,181" 
2003-02-03T21:00:00Z,"EDUC",2004-02-02T21:00:00Z,Buy,9.2,10.5,27,35.1,5.0015858240226,-6.75,118.26,93.15,1,"	17,185" 
2003-02-03T21:00:00Z,"KBALB",2004-02-02T21:00:00Z,Buy,14.1,16.25,17,36.55,6.9388883552045,-14.45,56.1,27.71,1,"	35,187" 
2003-02-03T21:00:00Z,"EGN",2004-03-01T21:00:00Z,Buy,29.99,41.99,8,96,3.2547744812316,-11.28,116.24,25.2,1,"	18,196" 
2003-02-03T21:00:00Z,"NEB",2004-03-01T21:00:00Z,Buy,21.96,32.04,11,110.88,4.4683796733223,-10.34,110.88,58.3,1,"	48,197" 
2003-02-03T21:00:00Z,"CHS",2004-04-01T21:00:00Z,Buy,18.39,45.47,5,135.4,2.0899922737483,-6.55,144.4,36.55,1,"	8,206" 
2003-02-03T21:00:00Z,"FRGO",2004-04-01T21:00:00Z,Buy,8.5,10.61,30,63.3,2.2968994594946,-19.2,238.2,199.5,1,"	24,207" 
2003-02-03T21:00:00Z,"HIBB",2004-04-01T21:00:00Z,Buy,13.500000759376,37.92,6,146.52,5.2847511454137,-3.16,149.28,26.58,1,"	27,208" 
2003-02-03T21:00:00Z,"BIO",2004-05-03T20:00:00Z,Buy,35.48,58.5,7,161.14,2.5227136861917,-13.86,188.09,94.08,1,"	5,216" 
2003-02-03T21:00:00Z,"COLM",2004-05-03T20:00:00Z,Buy,35.05,53.45,6,110.4,3.9836458096384,-13.5,145.38,52.56,1,"	11,217" 
2003-02-03T21:00:00Z,"HCSG",2004-05-03T20:00:00Z,Buy,8.4866809879295,15.99,26,195.09,2.2200600344056,-25.83,221.35,36.57,1,"	26,219" 
2003-02-03T21:00:00Z,"SGC",2004-05-03T20:00:00Z,Buy,12.1,16.23,20,82.6,4.3206262930577,-38,96,50,1,"	64,222" 
2003-02-03T21:00:00Z,"MHO",2004-06-01T20:00:00Z,Buy,27.59,42.17,9,131.22,4.7359654413074,-19.98,180.45,82.62,1,"	40,234" 
2003-02-03T21:00:00Z,"WEYS",2004-06-01T20:00:00Z,Buy,25.98664068,34.22,9,74.1,3.2123714025381,-4.08,111.18,95.58,1,"	76,238" 
2003-02-03T21:00:00Z,"HIBB",2004-07-01T20:00:00Z,Buy,8.9999874112563,27.54,15,278.1,1.075521023766,-5.27,282.6,70.25,1,"	27,246" 
2003-02-03T21:00:00Z,"JCOM",2004-07-01T20:00:00Z,Buy,10.615,26.71,12,193.14,1.0576267529666,-3.66,433.02,331.56,1,"	31,247" 
2003-02-03T21:00:00Z,"RCII",2004-07-01T20:00:00Z,Buy,20.944,29.58,10,86.36,3.5713411446452,-25.88,136.56,67.1,1,"	59,248" 
2003-02-03T21:00:00Z,"TTWO",2004-07-01T20:00:00Z,Buy,20.82,30.22,11,103.4,6.8935835367106,-22.33,222.97,146.19,1,"	73,249" 
2003-02-03T21:00:00Z,"CTR",2004-08-02T20:00:00Z,Buy,17.85,21.05,13,41.6,6.3681458688156,-18.33,93.99,80.99,1,"	6,257" 
2003-02-03T21:00:00Z,"CNXS",2004-08-02T20:00:00Z,Buy,6.57,10.01,37,127.28,5.9872510576322,-25.9,294.15,192.77,1,"	10,259" 
2003-02-03T21:00:00Z,"MTRX",2004-08-02T20:00:00Z,Buy,4,7.63,21,76.23,2.7045444156542,0,329.7,267.75,1,"	47,260" 
2003-02-03T21:00:00Z,"HOV",2004-09-01T20:00:00Z,Buy,14.805,34.97,8,161.32,2.3276319609357,-3,267.72,151.36,1,"	28,271" 
2003-02-03T21:00:00Z,"RAVN",2004-09-01T20:00:00Z,Buy,15.68,41.42,6,154.44,4.4092306433176,0,154.44,41.76,1,"	57,274" 
2003-02-03T21:00:00Z,"THO",2004-10-01T20:00:00Z,Buy,13.72,27.66,10,139.4,1.0522675736961,-27.7,206.5,110.3,1,"	70,287" 
2003-02-03T21:00:00Z,"CHS",2004-11-01T21:00:00Z,Buy,18.39,40.76,8,178.96,1.0407294529103,-10.48,231.04,106.56,1,"	8,295" 
2003-02-03T21:00:00Z,"MNRO",2004-11-01T21:00:00Z,Buy,12.620000709876,24.08,19,217.74,6.421126290449,-7.22,260.68,111.91,1,"	43,301" 
2003-02-03T21:00:00Z,"EASI",2004-12-01T21:00:00Z,Buy,24.293297986551,55.6,9,281.76,5.2067272675219,-26.1,325.86,176.67,1,"	14,319" 
2003-02-03T21:00:00Z,"JBSS",2004-12-01T21:00:00Z,Buy,13.69,23,10,93.1,1.1196291270918,-21.2,412.1,393.5,1,"	30,321" 
2003-02-03T21:00:00Z,"SCHN",2004-12-01T21:00:00Z,Buy,7.1733268056,35.7,10,285.27,2.6558266478722,-1.07,349.53,191.77,1,"	62,322" 
2003-02-03T21:00:00Z,"SHOO",2004-12-01T21:00:00Z,Buy,16.99,19.14,14,30.1,3.1566154005997,-27.44,83.72,98,1,"	65,323" 
2003-02-03T21:00:00Z,"EBF",2005-02-01T21:00:00Z,Buy,11.31,17.33,22,132.44,3.1921891481846,-5.5,234.74,112.86,1,"	15,342" 
2003-02-03T21:00:00Z,"OXM",2005-03-01T21:00:00Z,Buy,12.01,36.87,10,248.6,2.0227608013706,-9.45,348.4,118.5,1,"	53,354" 
2003-02-03T21:00:00Z,"MIDD",2005-04-01T21:00:00Z,Buy,11.3,49.02,9,339.48,2.8888042654506,-9.09,465.3,154.62,1,"	41,361" 
2003-02-03T21:00:00Z,"HCSG",2005-05-02T20:00:00Z,Buy,8.4866809879295,25.34,0.99995443753594,16.85,1.0451068037975,-0.99,16.86,3.32,1,"	26,366" 
2003-02-03T21:00:00Z,"POG",2005-05-02T20:00:00Z,Buy,12.716,39.15,16,422.94,2.8718487933316,0,451.58,97.28,1,"	55,368" 
2003-02-03T21:00:00Z,"WSO",2005-05-02T20:00:00Z,Buy,15.9,44.73,5,144.15,6.4352319926156,-14.8,144.15,24.25,1,"	78,370" 
2003-02-03T21:00:00Z,"AVD",2005-06-01T20:00:00Z,Buy,4.7333301777862,18.47,28,384.63,1.1444581005587,-4.36,502.79,189.84,1,"	2,377" 
2003-02-03T21:00:00Z,"AIT",2005-06-01T20:00:00Z,Buy,11.093317192541,30.83,7,138.16,5.959011866261,-4.29,138.16,53.13,1,"	3,378" 
2003-02-03T21:00:00Z,"FIZ",2005-06-01T20:00:00Z,Buy,7.6350091620037,8.18,31.999961600031,17.44,2.7729300325727,-23.52,114.08,131.52,1,"	21,379" 
2003-02-03T21:00:00Z,"FOSL",2005-07-01T20:00:00Z,Buy,11.96000598,23.27,19,214.89,7.642756965661,-19.63,376.58,244.72,1,"	23,388" 
2003-02-03T21:00:00Z,"GCI",2005-08-01T20:00:00Z,Buy,72.01,72.26,3,0.75,3.0045690348706,-13.05,56.73,60,1,"	25,400" 
2003-02-03T21:00:00Z,"SSD",2005-08-01T20:00:00Z,Buy,17.625,38.6,14,293.65,2.4296300045836,-31.5,296.73,153.44,1,"	66,403" 
2003-02-03T21:00:00Z,"CRMT",2005-10-03T20:00:00Z,Buy,8.88000444,17.67,16,140.64,1.9847340289891,-20.48,265.28,133.76,1,"	9,422" 
2003-02-03T21:00:00Z,"MOV",2006-03-01T21:00:00Z,Buy,9.215,21.94,26,330.85,3.5811379617727,-10.27,347.49,111.02,1,"	44,473" 
2003-02-03T21:00:00Z,"SCHN",2006-03-01T21:00:00Z,Buy,7.1733268056,32,0.50002013001303,12.41,1.824176885558,-0.05,17.48,10.41,1,"	62,474" 
2003-02-03T21:00:00Z,"RAVN",2006-10-02T20:00:00Z,Buy,7.84,28.97,18,380.34,1.0868810396534,0,612,271.62,1,"	57,572" 
2003-02-03T21:00:00Z,"WSO",2006-10-02T20:00:00Z,Buy,15.9,45.25,10,293.5,3.1924406134787,-29.6,565,302.1,1,"	78,575" 
2003-02-03T21:00:00Z,"FAF",2006-12-01T21:00:00Z,Buy,22.76,38.63,10,158.7,2.1251336833057,-10.3,263.2,129.8,1,"	19,598" 
2003-02-03T21:00:00Z,"PDX",2006-12-01T21:00:00Z,Buy,18.12,48.55,12,365.16,3.8648814338007,-77.52,410.4,125.52,1,"	54,601" 
2003-02-03T21:00:00Z,"WEYS",2007-09-04T20:00:00Z,Buy,12.99332034,29.6,1.8000018000018E-5,0,3.574345184189,0,0,0,0,"	76,748" 
2003-02-03T21:00:00Z,"EXPO",2007-10-01T20:00:00Z,Buy,7.27,25.55,8,146.24,3.7769459396787,-6.56,153.28,29.84,1,"	20,758" 
2003-02-03T21:00:00Z,"EXPO",2008-02-01T21:00:00Z,Buy,7.27,31.02,8,190,3.4073778641135,-6.56,190,30.08,1,"	20,817" 
2003-02-03T21:00:00Z,"ODP",2008-03-03T21:00:00Z,Buy,13.36,11.08,18,-41.04,4.9784176227117,-54.18,561.06,602.1,0,"	52,838" 
2003-02-03T21:00:00Z,"AIT",2008-11-03T21:00:00Z,Buy,7.3955484928,19.93,22,275.76,5.0213445273169,-9,614.12,382.8,1,"	3,984" 
2003-02-03T21:00:00Z,"FOSL",2008-12-01T21:00:00Z,Buy,11.96000598,13.3,0.49999025000488,0.67,4.5096621341792,-0.52,12.75,12.79,1,"	23,1022" 
2003-02-03T21:00:00Z,"CRMT",2009-10-01T20:00:00Z,Buy,8.88000444,23.34,0.49999175000412,7.23,1.0438538622129,-0.79,8.29,9.08,1,"	9,1163" 
2003-02-03T21:00:00Z,"EXPO",2009-10-01T20:00:00Z,Buy,7.27,27.54,18,364.86,2.6718613985442,-14.76,535.5,307.8,1,"	20,1165" 
2003-02-03T21:00:00Z,"AIT",2009-12-01T21:00:00Z,Buy,7.3955484928,20.88,1.2500374812782,16.86,1.1056578313253,-0.51,34.89,21.75,1,"	3,1205" 
2003-02-03T21:00:00Z,"HIBB",2011-12-01T21:00:00Z,Buy,8.9999874112563,45.33,0.75002152408111,27.25,3.7374934836678,-0.26,27.38,7.87,1,"	27,1563" 
2003-02-03T21:00:00Z,"WMK",2013-07-01T20:00:00Z,Buy,31.15,45.44,8,114.32,9.5263963853193,-62.88,126.16,182.96,1,"	77,1899" 
2003-03-03T21:00:00Z,"INTL",2003-11-03T21:00:00Z,Buy,18.09,25.89,13,101.4,3.4517758652567,-59.8,144.3,64.61,1,"	83,154" 
2003-03-03T21:00:00Z,"ANK",2003-12-01T21:00:00Z,Buy,17.35,27,13,125.45,2.1308536585366,-6.89,125.45,44.85,1,"	81,165" 
2003-03-03T21:00:00Z,"MTSC",2005-01-03T21:00:00Z,Buy,11.33,33.48,7,155.05,5.2041250739723,-6.93,162.96,66.78,1,"	84,333" 
2003-03-03T21:00:00Z,"MTSC",2006-04-03T20:00:00Z,Buy,11.33,41.33,14,420,5.6476368788548,-13.86,440.72,174.72,1,"	84,489" 
2003-03-03T21:00:00Z,"GDT",2006-04-22T04:00:00Z,Buy,35.34,80.05,6,268.26,1.0296559440559,-11.04,268.26,132.72,1,"	82,501" 
2003-04-01T21:00:00Z,"KOSS",2003-06-02T20:00:00Z,Buy,17.49,15.7,14,-25.06,6.2181349672361,-34.86,28.14,63,0,"	90,103" 
2003-04-01T21:00:00Z,"TALK",2003-07-01T20:00:00Z,Buy,7.2,10.46,33,107.58,2.3207620689655,-13.86,199.98,103.62,1,"	92,114" 
2003-04-01T21:00:00Z,"TMI",2003-08-01T20:00:00Z,Buy,6,8.25,39,87.75,7.4446004591295,0,88.14,23.79,1,"	93,126" 
2003-04-01T21:00:00Z,"RIMG",2005-11-01T21:00:00Z,Buy,9.06,29.12,9,180.54,3.3881390952267,-0.54,180.54,45.72,1,"	91,440" 
2003-04-01T21:00:00Z,"TTC",2006-03-01T21:00:00Z,Buy,17.5175,46.58,12,348.75,3.1728797137779,0,371.67,157.92,1,"	94,476" 
2003-04-01T21:00:00Z,"RIMG",2006-08-01T20:00:00Z,Buy,9.06,23.92,17,252.62,1.1326160164271,-1.02,412.93,265.03,1,"	91,549" 
2003-05-01T20:00:00Z,"RCKY",2004-01-02T21:00:00Z,Buy,8.09,23.1,16,240.16,6.933867349504,0,257.44,51.04,1,"	100,180" 
2003-05-01T20:00:00Z,"WINA",2004-09-01T20:00:00Z,Buy,13.35,22.5,19,173.85,11.378993018403,-17.48,268.85,152,1,"	98,270" 
2003-05-01T20:00:00Z,"RBIN",2004-09-01T20:00:00Z,Buy,10.41,19.96,25,238.75,4.8732687047355,-11.5,249.75,37.5,1,"	99,275" 
2003-05-01T20:00:00Z,"RCKY",2005-01-03T21:00:00Z,Buy,8.09,29.26,17,359.89,4.5099239671233,0,399.67,268.43,1,"	100,335" 
2003-06-02T20:00:00Z,"AMSWA",2003-07-01T20:00:00Z,Buy,4.75,4.35,56,-22.4,4.2842648288323,-26.88,8.4,35.28,0,"	104,106" 
2003-06-02T20:00:00Z,"FCN",2003-08-01T20:00:00Z,Buy,23.4666784,22.15,10,-13.17,2.0836778717661,-25.57,31.93,57.5,0,"	105,123" 
2003-07-01T20:00:00Z,"HWKN",2003-12-01T21:00:00Z,Buy,10.4,13.09,29,78.01,6.9968093908948,-3.48,100.92,36.54,1,"	118,166" 
2003-07-01T20:00:00Z,"MAIR",2004-01-02T21:00:00Z,Buy,5.92,7.71,48,85.92,9.4186650165181,0,92.16,67.68,1,"	119,177" 
2003-07-01T20:00:00Z,"ANF",2004-02-02T21:00:00Z,Buy,28.49,26.53,10,-19.6,2.958510367638,-50,42.1,92.1,0,"	116,184" 
2003-07-01T20:00:00Z,"PCCC",2004-02-02T21:00:00Z,Buy,6.71,10.01,43,141.9,10.406285626354,0,272.62,255.85,1,"	121,188" 
2003-07-01T20:00:00Z,"WDC",2004-03-01T21:00:00Z,Buy,11.85,11.58,28,-7.56,2.3017013761503,-90.44,83.16,143.64,0,"	122,199" 
2003-07-01T20:00:00Z,"HOFT",2004-04-01T21:00:00Z,Buy,12.675,23.16,22,230.67,6.7473422164528,0,273.9,125.95,1,"	117,209" 
2003-07-01T20:00:00Z,"ODFL",2005-01-03T21:00:00Z,Buy,14.273297926574,35.1,6,124.96,6.9509582440932,-0.44,125.62,26.12,1,"	120,334" 
2003-07-01T20:00:00Z,"ODFL",2005-06-01T20:00:00Z,Buy,14.273297926574,30.72,13,213.81,2.1471509083497,-0.95,305.07,142.48,1,"	120,380" 
2003-07-01T20:00:00Z,"ODFL",2009-11-02T21:00:00Z,Buy,14.273297926574,25,0.50004837226934,5.36,1.081762216237,-0.04,11.92,9.35,1,"	120,1186" 
2003-08-01T20:00:00Z,"WWW",2003-12-01T21:00:00Z,Buy,19.05,21.33,16,36.48,4.1657971918109,-1.92,36.48,29.28,1,"	132,169" 
2003-08-01T20:00:00Z,"PLUS",2004-06-01T20:00:00Z,Buy,12.8,12,22,-17.6,2.2131400966184,-47.52,70.4,117.92,0,"	129,235" 
2003-08-01T20:00:00Z,"SAFM",2004-06-01T20:00:00Z,Buy,19.74000987,46.95,6,163.26,2.5081807917623,-5,163.26,35.1,1,"	130,236" 
2003-08-01T20:00:00Z,"GDYS",2004-10-01T20:00:00Z,Buy,8.07,8.63,38,21.28,7.2795972537142,-26.98,252.32,273.98,1,"	128,286" 
2003-08-01T20:00:00Z,"USNA",2004-12-01T21:00:00Z,Buy,17.75,30.45,16,203.2,2.1211364050129,-6.4,330.08,240.8,1,"	131,324" 
2003-08-01T20:00:00Z,"SAFM",2005-07-01T20:00:00Z,Buy,19.74000987,45.97,8,209.84,1.0404665492958,-6.67,282.08,188.8,1,"	130,391" 
2003-08-01T20:00:00Z,"SAFM",2008-05-01T20:00:00Z,Buy,19.74000987,42.68,0.99999250000375,22.94,2.2085012511294,-0.83,35.26,25.03,1,"	130,887" 
2003-09-02T20:00:00Z,"AEOS",2003-12-01T21:00:00Z,Buy,17.92,17.83,19,-1.71,3.3262124818845,-59.28,10.83,59.28,0,"	137,164" 
2003-09-02T20:00:00Z,"HUBG",2004-01-02T21:00:00Z,Buy,10.79,21.42,13,138.19,3.262207225287,-1.82,145.73,16.77,1,"	139,176" 
2003-09-02T20:00:00Z,"ATRI",2004-04-01T21:00:00Z,Buy,35.54,42.18,9,59.76,6.1642731637404,-4.23,130.14,103.41,1,"	138,205" 
2003-09-02T20:00:00Z,"HUBG",2004-05-03T20:00:00Z,Buy,10.79,35.16,7,170.59,1.0356695652174,-0.98,173.6,32.06,1,"	139,220" 
2003-09-02T20:00:00Z,"HUBG",2005-04-01T21:00:00Z,Buy,10.79,61.49,4,202.8,2.395559971123,-0.56,220.8,49.8,1,"	139,360" 
2003-09-02T20:00:00Z,"HUBG",2007-02-01T21:00:00Z,Buy,2.6975,31.2,7,199.52,1.0365706630944,-0.24,199.52,34.9,1,"	139,621" 
2003-09-02T20:00:00Z,"HUBG",2007-12-03T21:00:00Z,Buy,2.6975,25.95,21,488.3,1.1044766104294,-0.74,761.51,320.67,1,"	139,788" 
2003-10-01T20:00:00Z,"AN",2004-03-01T21:00:00Z,Buy,18.1,16.88,19,-23.18,2.1944032595825,-33.63,15.2,48.83,0,"	150,198" 
2003-10-01T20:00:00Z,"CMTL",2004-06-01T20:00:00Z,Buy,24.07,17.81,13,-81.38,2.130471481304,-117.52,200.46,317.98,0,"	148,233" 
2003-10-01T20:00:00Z,"TSAI",2004-10-01T20:00:00Z,Buy,17.27,18.86,20,31.8,7.6399013191728,-49.6,149.4,199,1,"	152,288" 
2003-10-01T20:00:00Z,"BWS",2004-11-01T21:00:00Z,Buy,32.8,27.4,10,-54,2.6445542126121,-83.8,91.3,175.1,0,"	147,294" 
2003-10-01T20:00:00Z,"GFF",2005-05-02T20:00:00Z,Buy,18.5,18.99,18,8.82,4.5354211206872,-1.8,162.72,153.9,1,"	149,365" 
2003-10-01T20:00:00Z,"TALK",2006-09-01T20:00:00Z,Buy,10.5,5.84,29,-135.14,3.5112180563841,-159.21,141.81,301.02,0,"	151,558" 
2003-11-03T21:00:00Z,"ZIGO",2004-02-02T21:00:00Z,Buy,15.01,19.38,24,104.88,5.8492198552071,-22.56,125.52,51.12,1,"	163,189" 
2003-11-03T21:00:00Z,"TENT",2004-05-03T20:00:00Z,Buy,12,14.08,31,64.48,4.8483670025843,-42.16,124,79.05,1,"	162,224" 
2003-11-03T21:00:00Z,"CBRL",2004-08-02T20:00:00Z,Buy,39.2,33.24,9,-53.64,3.1976367311947,-76.05,21.96,98.01,0,"	160,258" 
2003-11-03T21:00:00Z,"MMS",2004-09-01T20:00:00Z,Buy,35.89,29.43,10,-64.6,5.1645469608897,-78.9,51.5,130.4,0,"	161,272" 
2003-12-01T21:00:00Z,"JOUT",2004-02-02T21:00:00Z,Buy,14.5,16.99,26,64.74,8.7333204733897,-22.62,65.52,25.74,1,"	172,186" 
2003-12-01T21:00:00Z,"PTMK",2004-04-01T21:00:00Z,Buy,7.53,8.39,53,45.58,5.2852803513399,-29.15,53,46.11,1,"	173,210" 
2003-12-01T21:00:00Z,"HVT",2004-05-03T20:00:00Z,Buy,23.08,17.89,17,-88.23,2.1755107138972,-88.91,21.59,110.5,0,"	171,218" 
2003-12-01T21:00:00Z,"SYKE",2004-06-01T20:00:00Z,Buy,9.51,6.59,42,-122.64,8.469707380207,-178.08,16.8,194.88,0,"	174,237" 
2003-12-01T21:00:00Z,"DECK",2004-07-01T20:00:00Z,Buy,17.93,29.87,8,95.52,3.4359876715341,-4.64,98.8,58.72,1,"	170,245" 
2003-12-01T21:00:00Z,"DECK",2005-08-01T20:00:00Z,Buy,17.93,28.44,14,147.14,1.0709479686386,-8.12,420.98,376.46,1,"	170,399" 
2004-01-02T21:00:00Z,"TESS",2004-11-01T21:00:00Z,Buy,14.15,12.89,27,-34.02,4.9009493374747,-106.11,117.18,223.29,0,"	183,304" 
2004-01-02T21:00:00Z,"DHI",2004-12-01T21:00:00Z,Buy,27.686647101474,36.31,13,112.1,3.8960439074075,-27,112.1,131.56,1,"	182,318" 
2004-02-02T21:00:00Z,"URBN",2004-10-01T20:00:00Z,Buy,20.15,34.72,6,87.42,3.8523889237866,0,90.48,25.89,1,"	194,289" 
2004-02-02T21:00:00Z,"PLCE",2004-11-01T21:00:00Z,Buy,28.21,31.05,14,39.76,2.6935720207584,-153.44,53.06,206.5,1,"	193,303" 
2004-02-02T21:00:00Z,"B",2004-12-01T21:00:00Z,Buy,29.35,27.21,12,-25.68,2.6219244917669,-56.88,5.88,62.76,0,"	191,317" 
2004-02-02T21:00:00Z,"CALM",2005-02-01T21:00:00Z,Buy,18.5,12,22,-143,2.2587469725258,-187,70.18,257.18,0,"	192,340" 
2004-02-02T21:00:00Z,"ANSS",2005-03-01T21:00:00Z,Buy,19.735,35.87,7,112.94,4.3460630913044,-10.82,122.82,31.08,1,"	190,351" 
2004-02-02T21:00:00Z,"URBN",2005-06-01T20:00:00Z,Buy,20.15,53.69,4,134.16,1.7431155045462,0,135.84,33.56,1,"	194,381" 
2004-02-02T21:00:00Z,"FL",2005-10-03T20:00:00Z,Buy,24.43,21.93,16,-40,3.3530423481789,-70.08,82.4,138.24,0,"	195,428" 
2004-02-02T21:00:00Z,"URBN",2006-04-03T20:00:00Z,Buy,10.075,23.64,16,217.04,3.22860420369,0,373.36,162.4,1,"	194,493" 
2004-02-02T21:00:00Z,"ANSS",2006-09-01T20:00:00Z,Buy,19.735,46,13,341.44,1.0639709028669,-20.08,489.64,217.36,1,"	190,554" 
2004-03-01T21:00:00Z,"ASGN",2004-04-01T21:00:00Z,Buy,5.79,5.5,71,-20.59,8.2307488436412,-49.7,14.91,64.61,0,"	201,204" 
2004-03-01T21:00:00Z,"PEGA",2004-05-03T20:00:00Z,Buy,9.25,8.2,45,-47.25,6.8390672011317,-62.55,29.25,76.5,0,"	203,221" 
2004-03-01T21:00:00Z,"AHS",2004-09-01T20:00:00Z,Buy,18.37,11.54,22,-150.26,6.805067063737,-154.44,2.42,156.86,0,"	200,269" 
2004-03-01T21:00:00Z,"DGII",2005-11-01T21:00:00Z,Buy,11.84,10.47,35,-47.95,4.5215485264522,-110.6,193.55,263.55,0,"	202,437" 
2004-04-01T21:00:00Z,"SHEN",2004-05-03T20:00:00Z,Buy,22.56,27.98,18,97.56,15.579751338527,0,138.24,57.06,1,"	215,223" 
2004-04-01T21:00:00Z,"QDEL",2004-08-02T20:00:00Z,Buy,6.41,3.46,63,-185.85,2.6232274499771,-191.52,148.05,339.57,0,"	214,261" 
2004-04-01T21:00:00Z,"ESCA",2004-11-01T21:00:00Z,Buy,17.5,14.02,24,-83.52,8.3979476028472,-166.32,134.64,300.96,0,"	211,296" 
2004-04-01T21:00:00Z,"MTEX",2004-11-01T21:00:00Z,Buy,10.22,16.82,15,99,5.1232495414841,-18.9,132,51.9,1,"	212,302" 
2004-04-01T21:00:00Z,"MTEX",2005-10-03T20:00:00Z,Buy,10.22,11.7,24,35.52,1.2024050632911,-30.24,377.76,378.24,1,"	212,425" 
2004-04-01T21:00:00Z,"MTLM",2007-01-03T21:00:00Z,Buy,18.5,38.75,6,121.5,3.6621639747131,-39,121.5,80.28,1,"	213,611" 
2004-04-01T21:00:00Z,"MTLM",2007-10-01T20:00:00Z,Buy,18.5,53.94,4,141.76,1.0198930481283,-26,149.4,53.52,1,"	213,760" 
2004-04-01T21:00:00Z,"MTLM",2008-03-15T04:00:00Z,Buy,18.5,55.27,12,441.24,0,-78,541.2,168.72,1,"	213,854" 
2004-05-03T20:00:00Z,"CFI",2004-07-01T20:00:00Z,Buy,9,7.86,46,-52.44,3.3164980990413,-105.8,1.38,107.18,0,"	225,244" 
2004-05-03T20:00:00Z,"NSIT",2004-09-01T20:00:00Z,Buy,16.97,16.03,24,-22.56,6.2251802062719,-70.8,37.2,108,0,"	230,273" 
2004-05-03T20:00:00Z,"FARO",2004-11-01T21:00:00Z,Buy,17.63,24.73,22,156.2,5.4500719771808,0,225.72,203.94,1,"	227,297" 
2004-05-03T20:00:00Z,"LEN",2004-11-01T21:00:00Z,Buy,47.19,44.81,8,-19.04,2.0802528863859,-49.68,9.84,52.4,0,"	228,299" 
2004-05-03T20:00:00Z,"UWN",2004-11-01T21:00:00Z,Buy,15.47,10.69,25,-119.5,2.245730006426,-138.25,12.75,151,0,"	232,305" 
2004-05-03T20:00:00Z,"DCO",2005-02-01T21:00:00Z,Buy,22.82,20.46,17,-40.12,4.4688236561159,-74.46,44.03,99.28,0,"	226,341" 
2004-05-03T20:00:00Z,"OTL",2005-02-01T21:00:00Z,Buy,24.63,20.38,17,-72.25,3.2839125364629,-100.98,53.89,154.87,0,"	231,343" 
2004-05-03T20:00:00Z,"LPX",2005-10-03T20:00:00Z,Buy,23.58,27.44,17,65.62,4.8879923619992,-37.74,84.49,97.07,1,"	229,423" 
2004-06-01T20:00:00Z,"SPRT",2004-08-02T20:00:00Z,Buy,9.7,8.7,41,-41,7.2844869589688,-116.85,0,116.85,0,"	242,262" 
2004-06-01T20:00:00Z,"SGC",2004-09-01T20:00:00Z,Buy,16.4,13.71,24,-64.56,4.4152416759028,-82.56,2.16,84.72,0,"	241,276" 
2004-06-01T20:00:00Z,"TENT",2004-09-01T20:00:00Z,Buy,12.86,9.99,31,-88.97,10.065581434779,-105.09,46.81,151.9,0,"	243,277" 
2004-06-01T20:00:00Z,"FLXS",2004-11-01T21:00:00Z,Buy,21.71,17.97,18,-67.32,6.3470387078794,-75.06,41.22,116.28,0,"	239,298" 
2004-06-01T20:00:00Z,"LAWS",2005-12-01T21:00:00Z,Buy,35.25,38.64,11,37.29,5.7835543521947,-44,204.93,248.93,1,"	240,451" 
2004-07-01T20:00:00Z,"MTRX",2004-08-02T20:00:00Z,Buy,9,7.63,25,-34.25,1.1229508196721,-125,267.5,55.25,0,"	254,260" 
2004-07-01T20:00:00Z,"CRUS",2004-10-01T20:00:00Z,Buy,5.8,5.42,71,-26.98,7.4020081124061,-85.2,18.46,103.66,0,"	251,285" 
2004-07-01T20:00:00Z,"HOFT",2005-03-01T21:00:00Z,Buy,21.1,25.05,21,82.95,5.9132052581835,-2.1,155.19,157.29,1,"	253,353" 
2004-07-01T20:00:00Z,"HCSG",2005-05-02T20:00:00Z,Buy,15.25,25.34,8.0000455624641,80.72,5.4876055868736,-62.05,80.8,26.56,1,"	252,366" 
2004-07-01T20:00:00Z,"NATR",2006-05-01T20:00:00Z,Buy,13.92,10.04,29,-112.52,30.503633872922,-112.52,269.41,381.93,0,"	255,505" 
2004-07-01T20:00:00Z,"HCSG",2006-06-01T20:00:00Z,Buy,10.166667238542,20.42,26,266.59,1.1308974358974,-134.45,321.45,151.58,1,"	252,521" 
2004-07-01T20:00:00Z,"TALK",2006-09-01T20:00:00Z,Buy,7.7,5.84,26,-48.36,2.3447203920727,-69.94,199.94,155.74,0,"	256,558" 
2004-07-01T20:00:00Z,"BKE",2007-06-01T20:00:00Z,Buy,18.66663950668,40.8,5,110.67,2.7086011371042,-9.23,111.12,47.47,1,"	250,689" 
2004-07-01T20:00:00Z,"BKE",2008-03-03T21:00:00Z,Buy,18.66663950668,44.23,5,127.82,1.3187177614006,-9.23,144.77,61.15,1,"	250,829" 
2004-07-01T20:00:00Z,"BKE",2009-05-01T20:00:00Z,Buy,12.44443256,36.61,6,144.99,1.0294371482176,-7.39,174.73,161.92,1,"	250,1105" 
2004-07-01T20:00:00Z,"BKE",2010-04-01T20:00:00Z,Buy,12.44443256,37.16,12.750039731277,315.12,2.5754294325887,-15.7,371.31,344.08,1,"	250,1269" 
2004-08-02T20:00:00Z,"HANS",2004-12-01T21:00:00Z,Buy,20.33,34.9,6,87.42,2.1250509464413,-4.08,87.42,35.22,1,"	265,320" 
2004-08-02T20:00:00Z,"LCUT",2005-01-03T21:00:00Z,Buy,16.45,15.76,24,-16.56,10.224384172138,-114.72,14.64,129.36,0,"	266,332" 
2004-08-02T20:00:00Z,"WIRE",2005-02-01T21:00:00Z,Buy,12.3333395,12.5,32,5.33,9.5000377353425,-39.47,123.73,135.04,1,"	267,344" 
2004-08-02T20:00:00Z,"WWW",2005-02-01T21:00:00Z,Buy,23.08,32.09,17,153.17,7.9187778998561,-26.01,155.04,51.17,1,"	268,345" 
2004-08-02T20:00:00Z,"HANS",2005-04-01T21:00:00Z,Buy,20.33,58.75,5,192.1,3.1888077900215,-3.4,198.35,47.25,1,"	265,359" 
2004-08-02T20:00:00Z,"AMED",2005-07-01T20:00:00Z,Buy,27.35,37.73,15,155.7,2.1552471756983,-27.75,155.7,127.65,1,"	263,384" 
2004-08-02T20:00:00Z,"HANS",2005-07-01T20:00:00Z,Buy,20.33,84.61,3,192.84,1.0149540473666,-2.04,197.4,28.35,1,"	265,389" 
2004-08-02T20:00:00Z,"HANS",2005-12-01T21:00:00Z,Buy,10.164970724809,80.41,4,280.98,1.0207509677419,-1.36,280.98,53.08,1,"	265,448" 
2004-08-02T20:00:00Z,"AXE",2006-04-03T20:00:00Z,Buy,34.4,47.29,11,141.79,3.5827528538609,-33.55,145.97,83.6,1,"	264,485" 
2004-08-02T20:00:00Z,"HANS",2006-04-03T20:00:00Z,Buy,10.164970724809,127.09,2,233.85,3.7320173183154,-0.68,233.85,48.2,1,"	265,487" 
2004-08-02T20:00:00Z,"HANS",2007-03-01T21:00:00Z,Buy,2.5412384119232,34.68,16,514.22,6.9589561182329,-1.36,780.66,421.48,1,"	265,637" 
2004-08-02T20:00:00Z,"WIRE",2007-03-01T21:00:00Z,Buy,12.3333395,25.15,0.99998350000825,12.82,1.1356317411402,-1.23,34.2,25.37,1,"	267,639" 
2004-09-01T20:00:00Z,"MCRI",2004-11-01T21:00:00Z,Buy,16.58,28.53,8,95.6,4.088898855489,-2.24,95.6,28.8,1,"	280,300" 
2004-09-01T20:00:00Z,"HOC",2005-03-01T21:00:00Z,Buy,20.91,37.11,6,97.2,2.1262417990129,-1.56,100.74,25.68,1,"	279,352" 
2004-09-01T20:00:00Z,"VLO",2005-03-01T21:00:00Z,Buy,33.705,68.11,4,137.62,3.3383353681068,-2.4,157.02,21.8,1,"	283,355" 
2004-09-01T20:00:00Z,"ECOL",2005-07-01T20:00:00Z,Buy,9.29,17.56,15,124.05,2.2848994521179,0,130.2,37.2,1,"	278,387" 
2004-09-01T20:00:00Z,"ZEUS",2005-08-01T20:00:00Z,Buy,20.63,15.89,19,-90.06,4.5659404853755,-140.98,176.13,317.11,0,"	284,405" 
2004-09-01T20:00:00Z,"HOC",2005-09-01T20:00:00Z,Buy,20.91,57.21,4,145.2,1.020323268206,-1.04,145.2,25.16,1,"	279,414" 
2004-09-01T20:00:00Z,"VLO",2005-09-01T20:00:00Z,Buy,33.705,109.5,2,151.59,1.0103301886792,-1.2,151.59,38.92,1,"	283,416" 
2004-09-01T20:00:00Z,"MCRI",2006-02-01T21:00:00Z,Buy,8.29,27.82,8,156.24,2.6679918570707,-1.12,156.24,89.44,1,"	280,462" 
2004-09-01T20:00:00Z,"RS",2006-02-01T21:00:00Z,Buy,37.95,78.45,3,121.5,4.5123074117622,-12.69,128.07,37.05,1,"	282,464" 
2004-09-01T20:00:00Z,"HOC",2006-07-03T17:00:00Z,Buy,10.455,47.89,5,187.18,6.9894044274445,-0.65,187.18,42.02,1,"	279,540" 
2004-09-01T20:00:00Z,"ECOL",2006-10-02T20:00:00Z,Buy,9.29,19.63,27,279.18,4.2981940220516,0,486,234.63,1,"	278,568" 
2004-09-01T20:00:00Z,"PCU",2006-11-01T21:00:00Z,Buy,22.005,50.83,4,115.3,6.8667299034935,-4.74,123.98,69.78,1,"	281,588" 
2004-09-01T20:00:00Z,"MCRI",2007-02-01T21:00:00Z,Buy,8.29,24.59,22,358.6,4.7676811152549,-3.08,533.06,325.82,1,"	280,623" 
2004-09-01T20:00:00Z,"PCU",2007-03-01T21:00:00Z,Buy,22.005,69.75,3,143.24,1.0148425308554,-3.56,158.56,52.34,1,"	281,638" 
2004-09-01T20:00:00Z,"VLO",2007-05-01T20:00:00Z,Buy,16.8525,71.17,3,162.95,1.0151877934272,-0.9,164.6,62.76,1,"	283,676" 
2004-09-01T20:00:00Z,"HOC",2007-06-01T20:00:00Z,Buy,10.455,71.35,4,243.58,1.4289647258894,-0.52,243.58,65.8,1,"	279,694" 
2004-09-01T20:00:00Z,"PCU",2007-08-01T20:00:00Z,Buy,22.005,108.25,4,344.98,1.8017074462559,-4.74,371.98,69.78,1,"	281,732" 
2004-09-01T20:00:00Z,"RS",2008-03-03T21:00:00Z,Buy,18.975,56.14,4,148.66,1.0202269861286,-8.46,179.02,82.08,1,"	282,839" 
2004-09-01T20:00:00Z,"HOC",2008-05-01T20:00:00Z,Buy,10.455,41.73,9,281.48,1.0453915881073,-1.17,624.74,367.65,1,"	279,875" 
2004-09-01T20:00:00Z,"PCU",2008-05-01T20:00:00Z,Buy,22.005,110,5,439.98,1.0240174672489,-5.92,597.58,306,1,"	281,885" 
2004-09-01T20:00:00Z,"VLO",2008-06-02T20:00:00Z,Buy,16.8525,52.84,5,179.94,3.4356462689337,-1.5,304.34,165.8,1,"	283,919" 
2004-09-01T20:00:00Z,"RS",2008-07-01T20:00:00Z,Buy,18.975,78.12,3,177.44,1.5173140115159,-6.34,177.44,61.56,1,"	282,936" 
2004-09-01T20:00:00Z,"RS",2009-02-02T21:00:00Z,Buy,18.975,22.21,7,22.64,5.0473085675199,-44.2,414.02,458.22,1,"	282,1057" 
2004-10-01T20:00:00Z,"AEOS",2005-08-01T20:00:00Z,Buy,18.354974119463,33.33,7,104.83,2.9721625841963,0,105.88,29.82,1,"	290,398" 
2004-10-01T20:00:00Z,"CYBE",2005-09-01T20:00:00Z,Buy,16.88,13.9,26,-77.48,7.9928304316908,-171.6,7.54,179.14,0,"	291,413" 
2004-10-01T20:00:00Z,"RBIN",2005-11-01T21:00:00Z,Buy,11,10.99,36,-0.36,3.3739139641421,-56.52,119.52,176.04,0,"	293,439" 
2004-10-01T20:00:00Z,"AEOS",2006-04-03T20:00:00Z,Buy,18.354974119463,28.79,15.000031020028,156.53,3.2735845819835,0,226.88,202.8,1,"	290,484" 
2004-10-01T20:00:00Z,"NHC",2006-10-02T20:00:00Z,Buy,29.6,51.27,4,86.68,4.963288563428,-1.48,104,27.36,1,"	292,571" 
2004-10-01T20:00:00Z,"NHC",2007-08-01T20:00:00Z,Buy,29.6,52.2,10,226,3.5178739878332,-3.7,289.9,83.3,1,"	292,730" 
2004-11-01T21:00:00Z,"JBSS",2004-12-01T21:00:00Z,Buy,18.53,23,13,58.11,4.6001800797088,-90.48,472.81,6.11,1,"	309,321" 
2004-11-01T21:00:00Z,"CIX",2005-05-02T20:00:00Z,Buy,15.55,14.62,26,-24.18,3.9006818738782,-25.74,65,90.74,0,"	307,363" 
2004-11-01T21:00:00Z,"NUS",2005-05-02T20:00:00Z,Buy,19.39,22.11,21,57.12,11.773877834085,-3.78,128.73,99.96,1,"	313,367" 
2004-11-01T21:00:00Z,"REM",2005-05-02T20:00:00Z,Buy,25.2,30.58,16,86.08,2.1632874341545,-8.16,148.64,106.88,1,"	314,369" 
2004-11-01T21:00:00Z,"NL",2005-07-01T20:00:00Z,Buy,19.99,15.24,21,-99.75,6.3558489137124,-115.29,69.51,184.8,0,"	312,390" 
2004-11-01T21:00:00Z,"MLI",2005-08-01T20:00:00Z,Buy,27.54,29.22,15,25.2,8.8364241638617,-36.6,72.9,109.5,1,"	311,401" 
2004-11-01T21:00:00Z,"SAM",2005-09-01T20:00:00Z,Buy,24.54,23.71,16,-13.28,2.1583695207034,-72.96,11.04,84,0,"	315,415" 
2004-11-01T21:00:00Z,"LEG",2005-11-01T21:00:00Z,Buy,28.27,20.23,14,-112.56,2.1967226953534,-136.22,32.06,168.28,0,"	310,438" 
2004-11-01T21:00:00Z,"JAKK",2006-11-01T21:00:00Z,Buy,16.1,22.03,26,154.18,8.3116026012581,-28.6,317.72,330.72,1,"	308,586" 
2004-11-01T21:00:00Z,"WEYS",2007-09-04T20:00:00Z,Buy,19.485,29.6,8.999981999982,91.03,3.454656559117,-60.46,116.95,58.95,1,"	316,748" 
2004-11-01T21:00:00Z,"WEYS",2008-12-01T21:00:00Z,Buy,19.485,27.26,9,69.98,7.7620406109337,-60.47,179.6,134.01,1,"	316,1026" 
2004-11-01T21:00:00Z,"WEYS",2009-10-01T20:00:00Z,Buy,19.485,22.35,2.000018000018,5.73,4.3594201894743,-13.44,39.91,38.5,1,"	316,1168" 
2004-11-01T21:00:00Z,"CVX",2009-11-02T21:00:00Z,Buy,52.95,76.64,7,165.83,3.834295918911,-17.5,350.84,326.2,1,"	306,1179" 
2004-12-01T21:00:00Z,"AHC",2005-10-03T20:00:00Z,Buy,84.98,136.25,2,102.54,4.0960702040909,-11.96,109.18,31.36,1,"	325,421" 
2004-12-01T21:00:00Z,"LTD",2005-10-03T20:00:00Z,Buy,24.59,20.29,18,-77.4,2.1797002552855,-95.04,9.54,104.58,0,"	327,424" 
2004-12-01T21:00:00Z,"COP",2005-10-03T20:00:00Z,Buy,44.62,68.99,3,73.11,2.649606426808,-8.76,79.05,23.64,1,"	329,426" 
2004-12-01T21:00:00Z,"STLD",2005-10-03T20:00:00Z,Buy,40.13,32.9,11,-79.53,3.2598566097289,-160.82,60.72,221.54,0,"	330,427" 
2004-12-01T21:00:00Z,"CNC",2005-12-01T21:00:00Z,Buy,27.11,25.21,16,-30.4,8.1741476894826,-144.96,164,308.96,0,"	326,447" 
2004-12-01T21:00:00Z,"NUE",2006-04-03T20:00:00Z,Buy,52.27,107.97,3,167.1,5.8922977280559,-19.8,167.1,54.63,1,"	328,490" 
2004-12-01T21:00:00Z,"AHC",2006-10-02T20:00:00Z,Buy,28.32663834,40.96,9,113.7,2.2834882940322,-17.94,249.33,143.55,1,"	325,565" 
2004-12-01T21:00:00Z,"NUE",2008-05-01T20:00:00Z,Buy,26.135,73.69,3,142.66,2.4948322910066,-9.9,152.5,69.21,1,"	328,882" 
2004-12-01T21:00:00Z,"COP",2008-05-01T20:00:00Z,Buy,44.62,86.59,7,293.79,1.0352442144435,-20.44,318.99,133,1,"	329,884" 
2004-12-01T21:00:00Z,"NUE",2008-11-03T21:00:00Z,Buy,26.135,37.93,7,82.56,1.0515098765432,-23.1,390.28,377.79,1,"	328,992" 
2004-12-01T21:00:00Z,"XOM",2008-11-03T21:00:00Z,Buy,51.12,74.39,3,69.81,4.8068249785253,-5.01,131.79,100.14,1,"	331,1002" 
2004-12-01T21:00:00Z,"XOM",2009-11-02T21:00:00Z,Buy,51.12,72.15,5,105.15,2.1127452665197,-8.35,219.65,166.9,1,"	331,1190" 
2005-01-03T21:00:00Z,"CALM",2005-02-01T21:00:00Z,Buy,11.96,12,17,0.68,1.0840165289256,-33.32,165.41,21.59,1,"	337,340" 
2005-01-03T21:00:00Z,"FIZ",2005-06-01T20:00:00Z,Buy,8.31,8.18,25.000038399969,-3.25,1.5738476946767,-35.25,72.25,52.5,0,"	338,379" 
2005-01-03T21:00:00Z,"ANF",2005-07-01T20:00:00Z,Buy,46.3,69.3,3,69,3.8096140575558,0,70.44,16.92,1,"	336,385" 
2005-01-03T21:00:00Z,"ANF",2006-05-01T20:00:00Z,Buy,46.3,60.86,7,101.92,1.0350749217849,-13.93,187.39,201.32,1,"	336,502" 
2005-01-03T21:00:00Z,"GCO",2006-09-01T20:00:00Z,Buy,30.42,27.4,15,-45.3,2.1484056566107,-69.9,198.9,261.3,0,"	339,556" 
2005-01-03T21:00:00Z,"FIZ",2007-08-01T20:00:00Z,Buy,6.92499723,9.79,1.1999544000186,3.44,4.8517110173236,-1.41,9.47,6.08,1,"	338,729" 
2005-02-01T21:00:00Z,"ELBO",2005-05-02T20:00:00Z,Buy,35.37,56.82,5,107.25,9.50390562616,-0.45,107.25,30.45,1,"	349,364" 
2005-02-01T21:00:00Z,"ALG",2005-09-01T20:00:00Z,Buy,25.84,20.5,18,-96.12,3.7384542120725,-129.24,0,129.24,0,"	347,412" 
2005-02-01T21:00:00Z,"ELBO",2005-10-08T04:00:00Z,Buy,35.37,62.5,8,217.04,0,-0.72,252.56,48.72,1,"	349,436" 
2005-02-01T21:00:00Z,"CMC",2006-04-03T20:00:00Z,Buy,28.86,54.28,5,127.1,11.520285489352,-28.65,127.4,68.15,1,"	348,486" 
2005-02-01T21:00:00Z,"ABFS",2007-07-02T20:00:00Z,Buy,40.86,39.4,11,-16.06,7.5685445315236,-113.74,106.59,169.51,0,"	346,711" 
2005-02-01T21:00:00Z,"CMC",2008-07-01T20:00:00Z,Buy,14.43,36.95,7,157.64,3.7198345923388,-20.06,174.79,90.93,1,"	348,933" 
2005-02-01T21:00:00Z,"CMC",2008-10-01T20:00:00Z,Buy,14.43,16.28,15,27.75,1.1108466548253,-42.98,374.55,352.2,1,"	348,967" 
2005-02-01T21:00:00Z,"GWW",2009-05-01T20:00:00Z,Buy,61.71,82.78,7,147.49,2.0698994716449,-65.17,256.83,268.59,1,"	350,1110" 
2005-03-01T21:00:00Z,"GCI",2005-08-01T20:00:00Z,Buy,80.16,72.26,3,-23.7,1.5823077065658,-37.5,32.28,27.72,0,"	357,400" 
2005-03-01T21:00:00Z,"ISSC",2005-12-01T21:00:00Z,Buy,19.63334315,14.47,23,-118.76,4.7207837544726,-133.25,121.13,254.38,0,"	358,450" 
2005-03-01T21:00:00Z,"CTR",2007-06-01T20:00:00Z,Buy,20.12667673,21.83,23,39.18,5.954092762977,-70.38,139.69,135.7,1,"	356,690" 
2005-03-01T21:00:00Z,"CTR",2013-07-01T20:00:00Z,Buy,20.12667673,25.32,0.999988000006,5.19,1.1825961538462,-8,11.62,14.07,1,"	356,1894" 
2005-04-01T21:00:00Z,"X",2005-12-01T21:00:00Z,Buy,51.16,48.98,9,-19.62,4.0356961745738,-152.91,0,152.91,0,"	362,452" 
2005-05-02T20:00:00Z,"DDS",2005-07-01T20:00:00Z,Buy,23.23,23.31,19,1.52,2.3777908006629,-1.9,45.98,44.46,1,"	372,386" 
2005-05-02T20:00:00Z,"TTEC",2005-08-01T20:00:00Z,Buy,10.9,8.32,43,-110.94,6.9588986359895,-152.65,0.86,153.51,0,"	376,404" 
2005-05-02T20:00:00Z,"BRC",2005-12-01T21:00:00Z,Buy,29.73,37.96,15,123.45,6.394218286586,-40.65,137.55,119.1,1,"	371,446" 
2005-05-02T20:00:00Z,"HSII",2005-12-01T21:00:00Z,Buy,26.42,32.89,17,109.99,3.5524032794812,-34.34,133.96,87.89,1,"	373,449" 
2005-05-02T20:00:00Z,"SCHN",2006-03-01T21:00:00Z,Buy,24.2,32,17.499979869987,136.5,1.088680781759,-299.83,313.72,87.67,1,"	375,474" 
2005-05-02T20:00:00Z,"PLCE",2006-04-03T20:00:00Z,Buy,39.72,56.37,12,199.8,2.1224102113166,-66.6,226.44,212.4,1,"	374,492" 
2005-05-02T20:00:00Z,"SCHN",2007-04-02T20:00:00Z,Buy,24.2,40.2,0.50002013001303,8,4.0354249096417,-8.57,8.96,5.14,1,"	375,651" 
2005-06-01T20:00:00Z,"SPTN",2006-02-01T21:00:00Z,Buy,12.92,12.08,37,-31.08,3.980708329488,-146.52,88.06,234.58,0,"	383,465" 
2005-06-01T20:00:00Z,"SCVL",2007-01-03T21:00:00Z,Buy,19.15,31.42,7,85.89,2.1706162357483,-36.12,87.15,76.37,1,"	382,613" 
2005-06-01T20:00:00Z,"SCVL",2007-10-01T20:00:00Z,Buy,19.15,15.79,19,-63.84,1.1450918884664,-98.04,305.14,386.65,0,"	382,762" 
2005-07-01T20:00:00Z,"MSTR",2005-08-01T20:00:00Z,Buy,53.95,78.31,3,73.08,2.0610828566471,0,73.08,14.55,1,"	394,402" 
2005-07-01T20:00:00Z,"ZEUS",2005-08-01T20:00:00Z,Buy,13.28,15.89,18,46.98,1.0895280898876,-1.26,299.16,12.6,1,"	397,405" 
2005-07-01T20:00:00Z,"CBRL",2006-02-01T21:00:00Z,Buy,39.12,44,12,58.56,4.5921930792895,-70.56,63,96.36,1,"	392,459" 
2005-07-01T20:00:00Z,"GPX",2006-05-01T20:00:00Z,Buy,8.11,7.2,61,-55.51,5.5673589414694,-86.01,54.9,140.91,0,"	395,506" 
2005-07-01T20:00:00Z,"CNXS",2006-06-01T20:00:00Z,Buy,23,23.41,21,8.61,9.5713341649997,-52.71,151.2,203.91,1,"	393,518" 
2005-07-01T20:00:00Z,"PLPC",2006-07-03T17:00:00Z,Buy,39.89,37,12,-34.68,2.1491322803018,-109.68,85.32,195,0,"	396,542" 
2005-07-01T20:00:00Z,"MSTR",2007-07-02T20:00:00Z,Buy,53.95,94.59,6,243.84,1.0300317493915,0,470.7,231.96,1,"	394,717" 
2005-08-01T20:00:00Z,"CLF",2006-02-01T21:00:00Z,Buy,74.43,108.27,2,67.68,2.5224885943828,-11.66,67.68,27.88,1,"	406,460" 
2005-08-01T20:00:00Z,"WWW",2006-02-01T21:00:00Z,Buy,22.25,24.06,23,41.63,4.3500174292064,-53.82,41.63,63.94,1,"	411,467" 
2005-08-01T20:00:00Z,"FRGO",2006-06-01T20:00:00Z,Buy,18,24.9,29,200.1,11.980079446275,-51.91,200.1,160.95,1,"	407,520" 
2005-08-01T20:00:00Z,"USPH",2006-06-01T20:00:00Z,Buy,18.42,15.04,28,-94.64,8.4768406911181,-112.84,59.08,171.92,0,"	409,527" 
2005-08-01T20:00:00Z,"CLF",2006-10-02T20:00:00Z,Buy,37.215,38.77,10,15.55,1.2642684280291,-54.85,169.2,224.05,1,"	406,567" 
2005-08-01T20:00:00Z,"WDC",2007-02-01T21:00:00Z,Buy,15.04,19.41,34,148.58,11.43602360919,-125.46,310.76,276.76,1,"	410,626" 
2005-08-01T20:00:00Z,"JJSF",2008-01-02T21:00:00Z,Buy,29.035,30.33,16,20.72,5.4345668483047,-36.96,219.6,215.2,1,"	408,805" 
2005-09-01T20:00:00Z,"MTEX",2005-10-03T20:00:00Z,Buy,12.45,11.7,17,-12.75,2.0078694575542,-59.33,229.67,43.52,0,"	418,425" 
2005-09-01T20:00:00Z,"SYKE",2006-06-01T20:00:00Z,Buy,10.58,17.49,13,89.83,7.8345779330052,0,94.25,36.27,1,"	420,526" 
2005-09-01T20:00:00Z,"KOMG",2007-02-01T21:00:00Z,Buy,31.94,33.75,15,27.15,6.3372139787081,-105,323.1,340.05,1,"	417,622" 
2005-09-01T20:00:00Z,"SYKE",2007-09-04T20:00:00Z,Buy,10.58,16.17,35,195.65,5.699202281502,0,373.45,232.4,1,"	420,746" 
2005-09-01T20:00:00Z,"KFRC",2008-05-01T20:00:00Z,Buy,10.03,8.44,51,-81.09,9.9381142738975,-113.73,354.45,468.18,0,"	419,886" 
2005-10-03T20:00:00Z,"LEG",2005-11-01T21:00:00Z,Buy,20.19,20.23,11,0.44,1.2048335738398,-18.15,114.07,18.15,1,"	430,438" 
2005-10-03T20:00:00Z,"LRCX",2006-02-01T21:00:00Z,Buy,31,46.92,5,79.6,2.1117816195623,-4.7,79.6,22.45,1,"	431,461" 
2005-10-03T20:00:00Z,"PETS",2006-02-01T21:00:00Z,Buy,10.62,17.65,17,119.51,2.3412200730824,-13.26,125.29,36.38,1,"	433,463" 
2005-10-03T20:00:00Z,"TOL",2006-02-01T21:00:00Z,Buy,43.64,33,11,-117.04,2.1071864327439,-117.04,0,117.04,0,"	435,466" 
2005-10-03T20:00:00Z,"PTC",2006-06-01T20:00:00Z,Buy,15.333341,14.88,32,-14.51,5.0276111534189,-60.8,253.44,287.15,0,"	434,524" 
2005-10-03T20:00:00Z,"CECO",2006-10-02T20:00:00Z,Buy,35.89,22.5,14,-187.46,10.44172844656,-253.26,81.34,334.6,0,"	429,566" 
2005-10-03T20:00:00Z,"PETS",2006-11-01T21:00:00Z,Buy,10.62,12.14,33,50.16,1.271936,-38.61,309.54,348.15,1,"	433,589" 
2005-10-03T20:00:00Z,"OXY",2007-08-01T20:00:00Z,Buy,42.715,57.2,12,173.82,6.6731257006856,-92.88,250.74,130.56,1,"	432,731" 
2005-10-03T20:00:00Z,"LRCX",2007-11-01T20:00:00Z,Buy,31,48.84,12,214.08,4.2904976742482,-11.28,347.76,190.08,1,"	431,781" 
2005-11-01T21:00:00Z,"SKX",2006-03-01T21:00:00Z,Buy,13.3,20.86,12,90.72,4.3000162861762,0,98.52,13.8,1,"	444,475" 
2005-11-01T21:00:00Z,"LRW",2006-05-01T20:00:00Z,Buy,22.7,27.12,21,92.82,3.6642614231961,-39.9,105,72.87,1,"	442,503" 
2005-11-01T21:00:00Z,"SNHY",2006-06-01T20:00:00Z,Buy,23.18,19.97,23,-73.83,6.4922348106102,-128.8,70.61,199.41,0,"	445,525" 
2005-11-01T21:00:00Z,"LYTS",2006-10-02T20:00:00Z,Buy,17.79,16.02,28,-49.56,10.545729959707,-160.16,28,188.16,0,"	443,569" 
2005-11-01T21:00:00Z,"SKX",2006-11-01T21:00:00Z,Buy,13.3,28.7,8,123.2,1.0384074941452,0,137.04,55.28,1,"	444,591" 
2005-11-01T21:00:00Z,"B",2007-07-02T20:00:00Z,Buy,17.385,32.81,7,107.98,5.7097483648778,-13.62,117.56,57.05,1,"	441,712" 
2005-11-01T21:00:00Z,"SKX",2007-10-01T20:00:00Z,Buy,13.3,22.8,20,190,1.1604176123468,0,484,384,1,"	444,763" 
2005-11-01T21:00:00Z,"B",2009-05-01T20:00:00Z,Buy,17.385,13.91,21,-72.98,1.1033651804671,-197.08,404.56,601.65,0,"	441,1104" 
2005-12-01T21:00:00Z,"USNA",2006-03-01T21:00:00Z,Buy,38.8,43.04,13,55.12,5.6894607724405,-16.64,56.68,38.87,1,"	458,477" 
2005-12-01T21:00:00Z,"NVDA",2006-04-03T20:00:00Z,Buy,36.58,57.91,4,85.32,5.5745582822436,-2.96,85.32,10.76,1,"	455,491" 
2005-12-01T21:00:00Z,"SHOO",2006-05-01T20:00:00Z,Buy,28.13,53.01,7,174.16,5.8112659308771,0,175.77,19.88,1,"	457,507" 
2005-12-01T21:00:00Z,"NVDA",2006-06-01T20:00:00Z,Buy,18.289978052018,24.18,20,117.8,1.1051304347826,-7.4,259.6,166.2,1,"	455,523" 
2005-12-01T21:00:00Z,"MRO",2006-08-01T20:00:00Z,Buy,61.2,90.6,3,88.2,4.3851804673049,-3.72,89.19,49.23,1,"	454,548" 
2005-12-01T21:00:00Z,"ANST",2006-09-01T20:00:00Z,Buy,17.49,23.95,30,193.8,7.3826041305126,-44.85,240,164.55,1,"	453,555" 
2005-12-01T21:00:00Z,"PZZA",2007-02-01T21:00:00Z,Buy,27.43,28.26,18,14.94,2.1373993219815,-7.2,185.94,193.14,1,"	456,624" 
2005-12-01T21:00:00Z,"MRO",2008-06-02T20:00:00Z,Buy,30.6,51.66,12,252.72,1.0604328329109,-7.44,428.52,256.32,1,"	454,914" 
2005-12-01T21:00:00Z,"SHOO",2008-09-02T20:00:00Z,Buy,18.753286813383,26.29,10,75.37,2.7683018381334,-37.73,253.67,291.4,1,"	457,957" 
2005-12-01T21:00:00Z,"SHOO",2009-05-01T20:00:00Z,Buy,18.753286813383,28.47,8.0000446513255,77.73,1.0483854520734,-41.47,202.93,244.4,1,"	457,1115" 
2005-12-01T21:00:00Z,"NVDA",2015-10-01T20:00:00Z,Buy,18.289978052018,24.17,2.4000009600004E-5,0,1.5148842940066,0,0,0,0,"	455,2473" 
2006-02-01T21:00:00Z,"HNI",2006-06-01T20:00:00Z,Buy,57.05,51.94,10,-51.1,4.6245246811202,-71.2,45,116.2,0,"	470,522" 
2006-02-01T21:00:00Z,"CRUS",2006-08-01T20:00:00Z,Buy,8.5,6.56,70,-135.8,6.3404090328036,-135.8,120.4,256.2,0,"	469,547" 
2006-02-01T21:00:00Z,"BWS",2006-12-01T21:00:00Z,Buy,30.039956291822,45.31,6,91.62,3.5308521820104,-3.16,104.46,58.8,1,"	468,597" 
2006-02-01T21:00:00Z,"UFPI",2006-12-01T21:00:00Z,Buy,56.68,46.6,10,-100.8,5.363290104533,-128.7,233.5,362.2,0,"	471,603" 
2006-02-01T21:00:00Z,"BWS",2007-06-01T20:00:00Z,Buy,20.0266475412,29.9,19,187.59,8.317900913868,-6.67,326.93,207.92,1,"	468,688" 
2006-02-01T21:00:00Z,"BWS",2011-02-01T21:00:00Z,Buy,20.0266475412,13.29,1.2500324337744,-8.42,3.5807406206955,-11.91,21.51,33.42,0,"	468,1408" 
2006-02-01T21:00:00Z,"WMK",2013-07-01T20:00:00Z,Buy,42.94,45.44,6,15,1.8528283431004,-117.9,23.88,137.22,1,"	472,1899" 
2006-03-01T21:00:00Z,"AEOS",2006-04-03T20:00:00Z,Buy,28.91,28.79,7.9999689799718,-0.96,2.3260646617625,-84.44,36.56,15.12,0,"	478,484" 
2006-03-01T21:00:00Z,"IIIN",2006-04-03T20:00:00Z,Buy,39.29,59.24,4,79.8,4.0368978198006,0,80.08,17.84,1,"	480,488" 
2006-03-01T21:00:00Z,"LMS",2006-05-01T20:00:00Z,Buy,23.51,24.85,25,33.5,10.526545200288,-42.5,152.25,119.75,1,"	481,504" 
2006-03-01T21:00:00Z,"COHU",2006-06-01T20:00:00Z,Buy,21.68,17.9,28,-105.84,6.9605140370629,-152.32,0,152.32,0,"	479,519" 
2006-03-01T21:00:00Z,"IIIN",2006-07-03T17:00:00Z,Buy,19.645,24.6,9,44.6,1.0457438016529,-33.75,90.72,124.47,1,"	480,541" 
2006-03-01T21:00:00Z,"RIMG",2006-08-01T20:00:00Z,Buy,22.97,23.92,10,9.5,1.0525148605396,-139.7,103.8,57.4,1,"	482,549" 
2006-03-01T21:00:00Z,"ZEUS",2006-08-01T20:00:00Z,Buy,26.9,33.68,6,40.68,9.2151396882278,-9.66,72.42,41.28,1,"	483,550" 
2006-03-01T21:00:00Z,"ZEUS",2007-02-01T21:00:00Z,Buy,26.9,27.81,16,14.56,1.1306860902256,-88.32,193.12,281.44,1,"	483,627" 
2006-03-01T21:00:00Z,"IIIN",2007-04-02T20:00:00Z,Buy,19.645,16.71,13,-38.16,6.1431350718972,-48.82,131.04,179.86,0,"	480,647" 
2006-03-01T21:00:00Z,"AEOS",2007-06-01T20:00:00Z,Buy,19.27334297,27.19,4.6530019077329E-5,0,1.0957039644313,0,0,0,0,"	478,687" 
2006-04-03T20:00:00Z,"NATR",2006-05-01T20:00:00Z,Buy,12.06,10.04,20,-40.4,1.0960191082803,-40.4,223,40.4,0,"	498,505" 
2006-04-03T20:00:00Z,"EGY",2006-07-03T17:00:00Z,Buy,6.83,10.1,30,98.1,5.2165129613434,-23.4,98.1,52.2,1,"	495,539" 
2006-04-03T20:00:00Z,"PLPC",2006-07-03T17:00:00Z,Buy,33.2,37,6,22.8,1.0439488820668,-14.7,82.8,41.94,1,"	499,542" 
2006-04-03T20:00:00Z,"ADTN",2006-08-01T20:00:00Z,Buy,25.95,21.26,23,-107.87,4.4518497277594,-130.87,23.92,154.79,0,"	494,546" 
2006-04-03T20:00:00Z,"MLR",2006-10-02T20:00:00Z,Buy,26.75,18.03,24,-209.28,2.2443708523935,-242.16,77.76,319.92,0,"	497,570" 
2006-04-03T20:00:00Z,"LII",2006-11-01T21:00:00Z,Buy,30.22,26.95,20,-65.4,6.2433587576292,-176.8,86.2,263,0,"	496,587" 
2006-04-03T20:00:00Z,"WIRE",2007-03-01T21:00:00Z,Buy,33.22,25.15,18,-145.26,1.0881167108753,-398.16,239.58,456.66,0,"	500,639" 
2006-04-03T20:00:00Z,"EGY",2007-06-01T20:00:00Z,Buy,6.83,4.86,63,-124.11,4.6837913100904,-140.49,206.01,346.5,0,"	495,692" 
2006-05-01T20:00:00Z,"USPH",2006-06-01T20:00:00Z,Buy,16.06,15.04,13,-13.26,3.1042367904587,-21.71,58.11,26.78,0,"	516,527" 
2006-05-01T20:00:00Z,"SSD",2006-10-02T20:00:00Z,Buy,40.68,26.74,16,-223.04,7.3926879827488,-248.8,14.08,262.88,0,"	513,573" 
2006-05-01T20:00:00Z,"DECK",2006-11-01T21:00:00Z,Buy,42.49,52.26,4,39.08,3.4586326448535,-33.16,45.72,36.24,1,"	508,585" 
2006-05-01T20:00:00Z,"FAF",2006-12-01T21:00:00Z,Buy,41.48,38.63,5,-14.25,1.5951146124547,-98.75,38,32.95,0,"	509,598" 
2006-05-01T20:00:00Z,"MSM",2007-01-03T21:00:00Z,Buy,51.98,40.48,12,-138,6.7179491041788,-174.36,32.64,207,0,"	511,610" 
2006-05-01T20:00:00Z,"IIIN",2007-04-02T20:00:00Z,Buy,18.6,16.71,12,-22.68,3.4077163171723,-32.52,133.5,104.52,0,"	510,647" 
2006-05-01T20:00:00Z,"SCHN",2007-04-02T20:00:00Z,Buy,39.5,40.2,15.499979869987,10.85,3.670963094713,-502.72,40.71,159.34,1,"	512,651" 
2006-05-01T20:00:00Z,"STLD",2007-04-02T20:00:00Z,Buy,32.145,43.23,5,55.42,2.0764987832764,-42.65,55.42,53.88,1,"	514,652" 
2006-05-01T20:00:00Z,"DECK",2007-05-01T20:00:00Z,Buy,42.49,76.47,3,101.94,1.0151545778835,-24.87,102.93,27.18,1,"	508,668" 
2006-05-01T20:00:00Z,"STLD",2007-05-01T20:00:00Z,Buy,32.145,44.21,15,180.98,1.0748307379824,-127.95,217.28,161.62,1,"	514,674" 
2006-05-01T20:00:00Z,"THO",2007-06-01T20:00:00Z,Buy,49.09,44.85,12,-50.88,2.1201658032144,-122.52,45.12,167.64,0,"	515,699" 
2006-05-01T20:00:00Z,"DECK",2007-07-02T20:00:00Z,Buy,42.49,100.96,2,116.94,1.0100059464817,-16.58,116.94,18.12,1,"	508,713" 
2006-05-01T20:00:00Z,"SCHN",2007-10-01T20:00:00Z,Buy,39.5,75.84,0.50002013001303,18.17,1.0206958657388,-16.22,18.17,7.26,1,"	512,761" 
2006-05-01T20:00:00Z,"DECK",2007-11-01T20:00:00Z,Buy,42.49,132.75,2,180.52,5.8330393372624,-16.58,207.02,46.86,1,"	508,777" 
2006-05-01T20:00:00Z,"DECK",2008-11-03T21:00:00Z,Buy,42.49,80.65,4,152.64,1.0190167413346,-33.16,489.64,371.16,1,"	508,985" 
2006-05-01T20:00:00Z,"WEYS",2009-10-01T20:00:00Z,Buy,21.28,22.35,10,10.7,2.3496140057463,-85.13,181.6,192.5,1,"	517,1168" 
2006-06-01T20:00:00Z,"LCUT",2006-09-01T20:00:00Z,Buy,27.8,20.11,21,-161.49,6.5690166311206,-179.76,0,179.76,0,"	532,557" 
2006-06-01T20:00:00Z,"CLF",2006-10-02T20:00:00Z,Buy,37.055,38.77,6,10.29,1.0151244897959,-31.95,102.48,41.58,1,"	528,567" 
2006-06-01T20:00:00Z,"RES",2006-11-01T21:00:00Z,Buy,24.25,20.89,26,-87.36,2.2608549054943,-182.52,21.58,204.1,0,"	535,590" 
2006-06-01T20:00:00Z,"PONR",2007-01-03T21:00:00Z,Buy,28.5,28.55,21,1.05,7.6527061361383,-126.21,31.5,145.32,1,"	534,612" 
2006-06-01T20:00:00Z,"FCX",2007-04-02T20:00:00Z,Buy,55.65,66.68,10,110.3,2.1000906228897,-118.9,110.3,129.7,1,"	529,645" 
2006-06-01T20:00:00Z,"GPI",2007-04-02T20:00:00Z,Buy,61.6,39.82,9,-196.02,4.8782358050041,-196.65,3.6,200.25,0,"	531,646" 
2006-06-01T20:00:00Z,"TTMI",2007-04-02T20:00:00Z,Buy,15.08,9.44,41,-231.24,2.5068689328685,-231.65,0,231.65,0,"	538,653" 
2006-06-01T20:00:00Z,"LMS",2007-05-01T20:00:00Z,Buy,24.38,26.8,24,58.08,4.3161505788937,-99.6,164.16,206.88,1,"	533,670" 
2006-06-01T20:00:00Z,"RSC",2007-05-01T20:00:00Z,Buy,14.83,16.43,41,65.6,2.4084892071531,-54.53,139.81,132.43,1,"	536,673" 
2006-06-01T20:00:00Z,"TNC",2007-07-02T20:00:00Z,Buy,24.575,37.34,6,76.59,2.2384789478746,-14.22,76.59,23.16,1,"	537,718" 
2006-06-01T20:00:00Z,"FIZ",2007-08-01T20:00:00Z,Buy,11.76666196,9.79,53.800045599981,-106.34,1.249623366641,-323.7,164.09,272.59,0,"	530,729" 
2006-06-01T20:00:00Z,"TNC",2007-10-01T20:00:00Z,Buy,24.575,48.4,5,119.12,1.0248971193416,-11.85,124.18,24.4,1,"	537,764" 
2006-06-01T20:00:00Z,"TNC",2008-09-02T20:00:00Z,Buy,24.575,31.28,13,87.16,5.2369381719376,-30.81,322.86,318.76,1,"	537,958" 
2006-06-01T20:00:00Z,"FIZ",2011-07-01T20:00:00Z,Buy,11.76666196,14.63,1.3999764800275,4.01,3.6283336132588,-8.42,4.81,10.64,1,"	530,1495" 
2006-07-03T17:00:00Z,"TALK",2006-09-01T20:00:00Z,Buy,6.24,5.84,44,-17.6,1.2217770597738,-54.12,402.6,28.16,0,"	545,558" 
2006-07-03T17:00:00Z,"PETS",2006-11-01T21:00:00Z,Buy,11.45,12.14,23,15.87,2.3327919797432,-46,196.65,78.89,1,"	544,589" 
2006-07-03T17:00:00Z,"AP",2007-05-01T20:00:00Z,Buy,29.25,36.08,21,143.43,2.2119930529458,-129.99,162.96,277.83,1,"	543,666" 
2006-08-01T20:00:00Z,"TESS",2006-10-02T20:00:00Z,Buy,20.97,31.52,9,94.95,2.1918048001597,-1.62,94.95,16.29,1,"	553,574" 
2006-08-01T20:00:00Z,"SWFT",2007-05-01T20:00:00Z,Buy,26.3,31.37,21,106.47,2.2637435120486,-83.58,106.47,109.62,1,"	552,669" 
2006-08-01T20:00:00Z,"KBALB",2007-07-02T20:00:00Z,Buy,17.33,14.01,32,-106.24,2.4111261261261,-143.04,274.88,417.92,0,"	551,716" 
2006-08-01T20:00:00Z,"TESS",2007-10-01T20:00:00Z,Buy,13.97997965911,15.55,28.50004146754,44.75,6.6657617920505,-139.65,495.33,634.98,1,"	553,765" 
2006-09-01T20:00:00Z,"CECO",2006-10-02T20:00:00Z,Buy,19.76,22.5,15,41.1,1.0773890339426,-29.4,329.1,31.2,1,"	560,566" 
2006-09-01T20:00:00Z,"IVAC",2006-12-01T21:00:00Z,Buy,17.38,27.26,11,108.68,5.9312479678428,-28.16,108.68,28.16,1,"	561,599" 
2006-09-01T20:00:00Z,"PLXS",2006-12-01T21:00:00Z,Buy,19.7,23.87,28,116.76,5.2916813073164,-37.8,195.16,78.4,1,"	562,602" 
2006-09-01T20:00:00Z,"BLS",2006-12-30T05:00:00Z,Buy,41.34,47.15,14,81.34,1.0711007371007,-4.76,81.34,45.36,1,"	559,609" 
2006-09-01T20:00:00Z,"WCC",2007-04-02T20:00:00Z,Buy,59.43,62.31,9,25.92,2.0905951296423,-22.86,102.96,123.66,1,"	564,654" 
2006-09-01T20:00:00Z,"PTSI",2007-05-01T20:00:00Z,Buy,25.93,18.91,22,-154.44,4.7094313158538,-154.44,21.56,176,0,"	563,672" 
2006-09-01T20:00:00Z,"IVAC",2008-06-02T20:00:00Z,Buy,17.38,12.16,23,-120.06,4.6804964888222,-166.52,303.37,469.89,0,"	561,913" 
2006-10-02T20:00:00Z,"SPTN",2007-02-01T21:00:00Z,Buy,15.8,23.5,34,261.8,9.4243429173457,0,267.24,104.38,1,"	584,625" 
2006-10-02T20:00:00Z,"MOH",2007-04-02T20:00:00Z,Buy,34.86,31.02,16,-61.44,4.2635088976625,-81.28,93.44,174.72,0,"	581,649" 
2006-10-02T20:00:00Z,"MTEX",2007-04-02T20:00:00Z,Buy,17.62,15.35,32,-72.64,6.0909955464181,-133.12,52.48,185.6,0,"	582,650" 
2006-10-02T20:00:00Z,"CMI",2007-05-01T20:00:00Z,Buy,59.745,92,8,258.04,2.0600213459844,-20.96,291.24,95.2,1,"	577,667" 
2006-10-02T20:00:00Z,"AEOS",2007-06-01T20:00:00Z,Buy,29.74001487,27.19,18.999953469981,-48.45,1.0662020547945,-332.56,87.4,139.84,0,"	576,687" 
2006-10-02T20:00:00Z,"MGLN",2007-06-01T20:00:00Z,Buy,41.92,45.37,13,44.85,4.8663350895563,-24.44,50.05,64.22,1,"	580,696" 
2006-10-02T20:00:00Z,"PCLN",2007-06-01T20:00:00Z,Buy,36.76,61.57,4,99.24,5.4144084437705,0,109.16,37.76,1,"	583,698" 
2006-10-02T20:00:00Z,"DDS",2007-09-04T20:00:00Z,Buy,32.7,22.1,17,-180.2,6.0912189016156,-180.2,123.42,303.62,0,"	578,743" 
2006-10-02T20:00:00Z,"PCLN",2007-09-04T20:00:00Z,Buy,36.76,82.16,4,181.6,1.0198023620149,0,184.88,37.76,1,"	583,745" 
2006-10-02T20:00:00Z,"PCLN",2007-12-03T21:00:00Z,Buy,36.76,114.59,2,155.66,4.3330035169327,0,155.66,20.7,1,"	583,789" 
2006-10-02T20:00:00Z,"DLTR",2008-11-03T21:00:00Z,Buy,31.29,38.01,7,47.04,5.8488190777697,-69.93,99.96,169.89,1,"	579,986" 
2006-10-02T20:00:00Z,"PCLN",2008-11-03T21:00:00Z,Buy,36.76,52.29,5,77.65,1.0248384951549,0,514.5,452,1,"	583,993" 
2006-10-02T20:00:00Z,"DLTR",2010-02-01T21:00:00Z,Buy,31.29,49.97,11,205.48,2.7593452637656,-109.89,220.44,266.97,1,"	579,1241" 
2006-10-02T20:00:00Z,"AEOS",2014-01-02T21:00:00Z,Buy,29.74001487,14.73,0.50003678002395,-7.51,9.0238941717225,-8.75,2.3,10.55,0,"	576,2003" 
2006-11-01T21:00:00Z,"OFIX",2006-12-01T21:00:00Z,Buy,43.24,43.49,13,3.25,4.3849011944104,-9.36,29.9,27.95,1,"	595,600" 
2006-11-01T21:00:00Z,"ZEUS",2007-02-01T21:00:00Z,Buy,26.18,27.81,9,14.67,1.0476963562753,-43.2,115.11,64.53,1,"	596,627" 
2006-11-01T21:00:00Z,"AEIS",2007-05-01T20:00:00Z,Buy,15.08,24.9,12,117.84,10.638041799641,-1.8,119.4,27.96,1,"	592,665" 
2006-11-01T21:00:00Z,"HVT",2007-06-01T20:00:00Z,Buy,15.01,12.28,39,-106.47,5.8548398416363,-115.44,36.27,151.71,0,"	594,693" 
2006-11-01T21:00:00Z,"AEIS",2008-04-01T20:00:00Z,Buy,15.08,13.68,27,-37.8,7.1699688206327,-140.4,286.2,426.6,0,"	592,855" 
2006-11-01T21:00:00Z,"COLM",2011-05-02T20:00:00Z,Buy,54.62,66.97,11,135.85,2.1080117962214,-323.4,173.36,496.76,1,"	593,1457" 
2006-12-01T21:00:00Z,"DIOD",2007-02-01T21:00:00Z,Buy,41.09,37.12,15,-59.55,3.6119743188549,-123.9,18.75,142.65,0,"	606,620" 
2006-12-01T21:00:00Z,"X",2007-05-01T20:00:00Z,Buy,72.9,101.67,2,57.54,2.0490165409554,-6.36,70.26,18.06,1,"	608,677" 
2006-12-01T21:00:00Z,"CRS",2007-06-01T20:00:00Z,Buy,107.51,135.68,5,140.85,6.1287094195064,-51.1,145,79.75,1,"	605,691" 
2006-12-01T21:00:00Z,"FD",2007-07-02T20:00:00Z,Buy,40.55,39.81,15,-11.1,2.1472713958117,-55.8,90.6,125.7,0,"	607,715" 
2006-12-01T21:00:00Z,"AMWD",2007-11-01T20:00:00Z,Buy,38.35,23.94,16,-230.56,4.3149660827921,-230.56,108.96,339.52,0,"	604,776" 
2006-12-01T21:00:00Z,"X",2008-04-01T20:00:00Z,Buy,72.9,132.68,2,119.56,4.510408405776,-6.36,119.56,88.38,1,"	608,861" 
2006-12-01T21:00:00Z,"X",2008-07-01T20:00:00Z,Buy,72.9,175.36,4,409.84,6.4576225874772,-12.72,477.96,176.76,1,"	608,938" 
2007-01-03T21:00:00Z,"WIRE",2007-03-01T21:00:00Z,Buy,22,25.15,9.0000164999917,28.35,1.5439655633216,-98.1,220.77,20.7,1,"	619,639" 
2007-01-03T21:00:00Z,"LAWS",2007-04-02T20:00:00Z,Buy,44.97,36.84,13,-105.69,2.1270374695084,-135.59,26.39,161.98,0,"	617,648" 
2007-01-03T21:00:00Z,"EGY",2007-06-01T20:00:00Z,Buy,6.58,4.86,30,-51.6,1.6177634706124,-59.4,105.6,69.9,0,"	616,692" 
2007-01-03T21:00:00Z,"ABFS",2007-07-02T20:00:00Z,Buy,37.07,39.4,6,13.98,1.5845577601893,-39.3,80.88,43.68,1,"	614,711" 
2007-01-03T21:00:00Z,"ALB",2008-04-01T20:00:00Z,Buy,35.97,37,16,16.48,2.320315334615,-33.92,190.08,224,1,"	615,856" 
2007-01-03T21:00:00Z,"VLO",2008-06-02T20:00:00Z,Buy,50.01,52.84,4,11.32,1.9263344406838,-133.83,110.84,132.64,1,"	618,919" 
2007-01-03T21:00:00Z,"WIRE",2010-01-04T21:00:00Z,Buy,22,21.26,0.99998350000825,-0.74,2.0761097715435,-10.9,24.53,7.98,0,"	619,1231" 
2007-02-01T21:00:00Z,"NEU",2007-04-02T20:00:00Z,Buy,56.94,40.16,11,-184.58,6.6913764175189,-184.58,0,184.58,0,"	628,644" 
2007-02-01T21:00:00Z,"IIIN",2007-04-02T20:00:00Z,Buy,17.16,16.71,13,-5.85,2.9837072529995,-16.51,163.34,36.53,0,"	629,647" 
2007-02-01T21:00:00Z,"TTMI",2007-04-02T20:00:00Z,Buy,10.74,9.44,19,-24.7,1.5682945919865,-24.89,82.46,45.22,0,"	634,653" 
2007-02-01T21:00:00Z,"KSS",2007-06-01T20:00:00Z,Buy,72.84,76.11,9,29.43,3.0743754478607,-46.71,54.09,64.62,1,"	631,695" 
2007-02-01T21:00:00Z,"NVEC",2007-06-01T20:00:00Z,Buy,23.03,34.14,7,77.77,11.466148330729,-15.19,90.16,22.54,1,"	633,697" 
2007-02-01T21:00:00Z,"NVEC",2007-09-04T20:00:00Z,Buy,23.03,34.8,20,235.4,1.0995708154506,-43.4,359.4,219,1,"	633,744" 
2007-02-01T21:00:00Z,"VVI",2007-09-04T20:00:00Z,Buy,42.36,35.48,15,-103.2,15.474154373189,-165.15,36.9,202.05,0,"	636,747" 
2007-02-01T21:00:00Z,"KMX",2007-11-01T20:00:00Z,Buy,28.98,19.79,22,-202.18,6.1310406840661,-202.18,0,202.18,0,"	630,780" 
2007-02-01T21:00:00Z,"VFC",2008-02-01T21:00:00Z,Buy,76.54,79.62,8,24.64,6.8864096985909,-101.92,153.6,255.52,1,"	635,821" 
2007-02-01T21:00:00Z,"MOV",2009-02-02T21:00:00Z,Buy,29.23,7.66,22,-474.54,10.109076144589,-497.2,121,618.2,0,"	632,1055" 
2007-03-01T21:00:00Z,"GPI",2007-04-02T20:00:00Z,Buy,45.78,39.82,5,-29.8,1.0247352496218,-30.15,81.1,30.15,0,"	641,646" 
2007-03-01T21:00:00Z,"MGPI",2007-05-01T20:00:00Z,Buy,19.17,19.59,32,13.44,2.3121812029004,-33.6,49.92,43.52,1,"	643,671" 
2007-03-01T21:00:00Z,"GRC",2007-11-01T20:00:00Z,Buy,28.3,37.35,22,199.1,6.3924770894314,-26.4,246.4,143.44,1,"	642,778" 
2007-03-01T21:00:00Z,"ABM",2008-01-02T21:00:00Z,Buy,26.83,20.16,24,-160.08,4.6935329806349,-178.8,86.16,264.96,0,"	640,802" 
2007-04-02T20:00:00Z,"PTSI",2007-05-01T20:00:00Z,Buy,20.77,18.91,10,-18.6,2.3967845893887,-18.6,61.4,25.7,0,"	660,672" 
2007-04-02T20:00:00Z,"TZOO",2007-05-01T20:00:00Z,Buy,36.95,27.35,17,-163.2,7.236510754012,-163.2,48.28,211.48,0,"	663,675" 
2007-04-02T20:00:00Z,"EBF",2007-07-02T20:00:00Z,Buy,26.6,23.98,24,-62.88,6.8275839856458,-97.44,28.56,126,0,"	656,714" 
2007-04-02T20:00:00Z,"SRI",2007-08-01T20:00:00Z,Buy,10.34,12.14,63,113.4,15.896404843345,-3.15,215.46,103.95,1,"	662,733" 
2007-04-02T20:00:00Z,"USNA",2007-08-01T20:00:00Z,Buy,47.44,39.39,14,-112.7,13.085192452022,-143.64,38.22,150.92,0,"	664,734" 
2007-04-02T20:00:00Z,"RL",2007-12-03T21:00:00Z,Buy,89,68.73,7,-141.89,3.585372381961,-176.4,92.82,269.22,0,"	661,791" 
2007-04-02T20:00:00Z,"LDL",2008-01-02T21:00:00Z,Buy,16.68,10.26,41,-263.22,3.1937933843567,-323.08,72.57,395.65,0,"	657,806" 
2007-04-02T20:00:00Z,"MAT",2008-02-01T21:00:00Z,Buy,28.26,21.3,23,-160.08,5.5032815551408,-266.8,31.97,298.77,0,"	658,818" 
2007-04-02T20:00:00Z,"PCCC",2008-02-01T21:00:00Z,Buy,13.82,11.44,46,-109.48,6.5806397918828,-169.28,75.9,245.18,0,"	659,820" 
2007-04-02T20:00:00Z,"ANF",2009-03-02T21:00:00Z,Buy,77.04,20.75,8,-450.32,3.7634222325009,-503.04,60.4,563.44,0,"	655,1069" 
2007-05-01T20:00:00Z,"OMM",2007-06-09T04:00:00Z,Buy,29.15,29.22,23,1.61,1.1152371949123,-0.69,2.53,2.76,1,"	684,710" 
2007-05-01T20:00:00Z,"ABG",2007-08-01T20:00:00Z,Buy,28.95,22.14,23,-156.63,6.6160831014079,-161.46,0,161.46,0,"	678,726" 
2007-05-01T20:00:00Z,"CALM",2007-08-01T20:00:00Z,Buy,12.74,18.15,14,75.74,5.1469830380935,-8.96,139.16,63.42,1,"	680,727" 
2007-05-01T20:00:00Z,"CALM",2007-10-01T20:00:00Z,Buy,12.74,24.74,10,120,1.8545014793348,-6.4,125,81,1,"	680,757" 
2007-05-01T20:00:00Z,"LNDC",2007-10-01T20:00:00Z,Buy,12.54,16,52,179.92,5.2508592668585,-137.8,179.92,213.72,1,"	683,759" 
2007-05-01T20:00:00Z,"KELYA",2007-11-01T20:00:00Z,Buy,28.93,20.4,23,-196.19,2.2274765243281,-209.76,2.07,211.83,0,"	682,779" 
2007-05-01T20:00:00Z,"UCTT",2007-12-03T21:00:00Z,Buy,14.49,13.8,45,-31.05,2.4387698287073,-91.35,94.05,185.4,0,"	686,793" 
2007-05-01T20:00:00Z,"GIII",2008-01-02T21:00:00Z,Buy,17.59,13.59,37,-148,8.9821658784501,-200.54,162.8,363.34,0,"	681,804" 
2007-05-01T20:00:00Z,"AGYS",2008-01-02T21:00:00Z,Buy,21.11,14.65,31,-200.26,11.644683563367,-261.33,72.85,334.18,0,"	685,808" 
2007-05-01T20:00:00Z,"BW",2008-03-03T21:00:00Z,Buy,46.01,26.82,13,-249.47,9.8907847803248,-271.83,161.07,432.9,0,"	679,830" 
2007-05-01T20:00:00Z,"CALM",2008-03-03T21:00:00Z,Buy,12.74,32.68,9,179.46,1.0426260869565,-5.76,206.55,72.9,1,"	680,831" 
2007-05-01T20:00:00Z,"CALM",2008-10-01T20:00:00Z,Buy,12.74,27.42,16,234.88,4.3623105675453,-10.24,558.56,340.64,1,"	680,966" 
2007-06-01T20:00:00Z,"KBALB",2007-07-02T20:00:00Z,Buy,13.91,14.01,19,1.9,1.0968095238095,-19.95,228.19,34.2,1,"	706,716" 
2007-06-01T20:00:00Z,"CMI",2007-08-01T20:00:00Z,Buy,94.1,120.05,2,51.9,3.7236765646742,-1.34,51.9,18.46,1,"	701,728" 
2007-06-01T20:00:00Z,"SCHN",2007-10-01T20:00:00Z,Buy,55.45,75.84,3.499979869987,71.36,1.0613837638376,-169.34,71.36,50.78,1,"	707,761" 
2007-06-01T20:00:00Z,"STLD",2008-01-02T21:00:00Z,Buy,48.49,57.97,4,37.92,7.0150528061923,-49.08,47.88,49.08,1,"	708,809" 
2007-06-01T20:00:00Z,"BRKS",2008-04-01T20:00:00Z,Buy,17.7,10.28,39,-289.38,7.0528393749798,-323.7,88.14,411.84,0,"	700,857" 
2007-06-01T20:00:00Z,"USMO",2008-04-01T20:00:00Z,Buy,23.47,7.45,30,-480.6,2.3929846906168,-501,140.1,641.1,0,"	709,860" 
2007-06-01T20:00:00Z,"HAS",2008-06-02T20:00:00Z,Buy,32.43,36.14,21,77.91,4.4777183290954,-224.07,99.75,231.42,1,"	702,912" 
2007-06-01T20:00:00Z,"IVAC",2008-06-02T20:00:00Z,Buy,19.2,12.16,13,-91.52,3.0910680738627,-117.78,147.81,158.99,0,"	704,913" 
2007-06-01T20:00:00Z,"SCHN",2008-06-02T20:00:00Z,Buy,55.45,100.92,2,90.94,1.0100778909527,-96.77,90.94,59.82,1,"	707,916" 
2007-06-01T20:00:00Z,"STLD",2008-11-03T21:00:00Z,Buy,24.245,11.54,20,-254.1,1.0968120805369,-338.7,328.5,667.2,0,"	708,1000" 
2007-06-01T20:00:00Z,"CMI",2008-12-01T21:00:00Z,Buy,47.05,22.53,10,-245.2,4.0195881060299,-292.1,268.9,561,0,"	701,1019" 
2007-06-01T20:00:00Z,"SCHN",2009-01-02T21:00:00Z,Buy,55.45,40.18,6.500020130013,-99.26,3.038304657664,-314.49,384.48,637.13,0,"	707,1042" 
2007-06-01T20:00:00Z,"HOFT",2009-02-02T21:00:00Z,Buy,24.31,8.09,28,-454.16,18.053080680266,-512.12,5.88,518,0,"	703,1052" 
2007-06-01T20:00:00Z,"JAKK",2009-04-01T20:00:00Z,Buy,26.67,12.65,26,-364.52,8.2131317272296,-426.14,113.62,539.76,0,"	705,1089" 
2007-07-02T20:00:00Z,"TSRA",2007-12-03T21:00:00Z,Buy,41.98,38.9,16,-49.28,8.4843790712112,-147.04,33.44,180.48,0,"	724,792" 
2007-07-02T20:00:00Z,"NVR",2008-02-01T21:00:00Z,Buy,671.72,654.99,1,-16.73,2.0101919310776,-258.54,47.25,305.79,0,"	723,819" 
2007-07-02T20:00:00Z,"DLX",2008-03-03T21:00:00Z,Buy,41.66,19.97,16,-347.04,4.1206813944881,-347.04,8.32,355.36,0,"	720,832" 
2007-07-02T20:00:00Z,"HHGP",2008-04-01T20:00:00Z,Buy,21.56,8.96,32,-403.2,15.913697555339,-490.24,35.84,526.08,0,"	721,858" 
2007-07-02T20:00:00Z,"IMMR",2008-05-01T20:00:00Z,Buy,15.71,11.06,45,-209.25,9.15156005252,-409.5,215.55,625.05,0,"	722,876" 
2007-07-02T20:00:00Z,"UAUA",2008-05-01T20:00:00Z,Buy,41.13,16.1,16,-400.48,7.2442016360749,-441.28,165.76,607.04,0,"	725,888" 
2007-07-02T20:00:00Z,"AVT",2008-06-02T20:00:00Z,Buy,41.37,29.37,17,-204,8.8923822365085,-258.4,50.66,309.06,0,"	719,908" 
2007-08-01T20:00:00Z,"CHAP",2007-09-15T04:00:00Z,Buy,84.09,85.93,7,12.88,1.0350249910746,-1.12,12.95,4.97,1,"	735,756" 
2007-08-01T20:00:00Z,"SCVL",2007-10-01T20:00:00Z,Buy,22.29,15.79,10,-65,1.0508671839343,-83,129.2,74.3,0,"	741,762" 
2007-08-01T20:00:00Z,"SKX",2007-10-01T20:00:00Z,Buy,19.99,22.8,11,30.91,1.0529600192678,-73.59,192.61,45.43,1,"	742,763" 
2007-08-01T20:00:00Z,"QDEL",2007-11-01T20:00:00Z,Buy,14.85,19.53,11,51.48,6.9612008093666,-14.08,65.89,19.25,1,"	740,782" 
2007-08-01T20:00:00Z,"GCO",2008-01-02T21:00:00Z,Buy,50.75,36.38,12,-172.44,10.706855707028,-301.92,4.44,306.36,0,"	737,803" 
2007-08-01T20:00:00Z,"NTGR",2008-01-02T21:00:00Z,Buy,27.53,34.68,6,42.9,12.397891965421,-8.76,55.62,33.54,1,"	739,807" 
2007-08-01T20:00:00Z,"FUL",2008-03-03T21:00:00Z,Buy,28.44,22.24,23,-142.6,6.3367532019643,-240.35,66.93,307.28,0,"	736,834" 
2007-08-01T20:00:00Z,"LRW",2008-05-01T20:00:00Z,Buy,23.68,12.67,27,-297.27,15.039394940794,-328.32,0,328.32,0,"	738,878" 
2007-08-01T20:00:00Z,"NTGR",2008-05-01T20:00:00Z,Buy,27.53,17.1,17,-177.31,2.8899229091235,-192.44,157.59,350.03,0,"	739,881" 
2007-08-01T20:00:00Z,"QDEL",2008-11-03T21:00:00Z,Buy,14.85,15.83,32,31.36,4.6204478427152,-51.84,191.68,243.52,1,"	740,997" 
2007-09-04T20:00:00Z,"TESS",2007-10-01T20:00:00Z,Buy,15.52,15.55,13.49995853246,0.4,1.0711926605505,-86.94,213.84,26.19,1,"	755,765" 
2007-09-04T20:00:00Z,"LDL",2008-01-02T21:00:00Z,Buy,10.09,10.26,20,3.4,3.6496264760785,-25.8,167.2,46,1,"	751,806" 
2007-09-04T20:00:00Z,"ASTE",2008-03-03T21:00:00Z,Buy,53.05,37.43,12,-187.44,7.4190986767015,-313.2,82.44,395.64,0,"	749,827" 
2007-09-04T20:00:00Z,"HSII",2008-03-03T21:00:00Z,Buy,43.6,36.1,13,-97.5,11.001732413862,-247.52,0,247.52,0,"	750,835" 
2007-09-04T20:00:00Z,"LII",2008-05-01T20:00:00Z,Buy,35.79,33.59,17,-37.4,2.1706461017424,-88.91,97.24,155.72,0,"	752,879" 
2007-09-04T20:00:00Z,"MLR",2008-05-01T20:00:00Z,Buy,17.72,11,35,-235.2,21.067995989318,-306.25,10.5,316.75,0,"	753,880" 
2007-09-04T20:00:00Z,"RSC",2008-07-01T20:00:00Z,Buy,19.2,11.14,34,-274.04,3.1330859927946,-274.04,117.98,392.02,0,"	754,937" 
2007-09-04T20:00:00Z,"TESS",2010-06-01T20:00:00Z,Buy,10.34667184,18.28,0.75006182627849,5.95,3.7788058248073,-3.22,7.92,1.96,1,"	755,1320" 
2007-10-01T20:00:00Z,"AMWD",2007-11-01T20:00:00Z,Buy,26.19,23.94,10,-22.5,2.9718232269949,-22.5,189.7,28.2,0,"	767,776" 
2007-10-01T20:00:00Z,"KMX",2007-11-01T20:00:00Z,Buy,20.43,19.79,10,-6.4,3.7784863797505,-6.4,85.5,22.9,0,"	770,780" 
2007-10-01T20:00:00Z,"ODP",2008-03-03T21:00:00Z,Buy,20.92,11.08,13,-127.92,1.0659137178866,-137.41,306.93,148.72,0,"	772,838" 
2007-10-01T20:00:00Z,"AEIS",2008-04-01T20:00:00Z,Buy,17.03,13.68,16,-53.6,2.4003491600806,-114.4,138.4,118.88,0,"	766,855" 
2007-10-01T20:00:00Z,"HHGP",2008-04-01T20:00:00Z,Buy,13.73,8.96,19,-90.63,1.1024626865672,-142.31,170.05,162.64,0,"	769,858" 
2007-10-01T20:00:00Z,"MCRI",2008-04-01T20:00:00Z,Buy,29.01,18.62,23,-238.97,9.9965430740033,-298.77,51.29,350.06,0,"	771,859" 
2007-10-01T20:00:00Z,"ARW",2008-06-02T20:00:00Z,Buy,42.86,30.08,15,-191.7,5.6405843285492,-241.5,21.45,262.95,0,"	768,907" 
2007-10-01T20:00:00Z,"PETS",2008-11-03T21:00:00Z,Buy,14.45,18.25,21,79.8,8.9663260257567,-74.76,79.8,81.06,1,"	773,994" 
2007-10-01T20:00:00Z,"VLGEA",2009-01-02T21:00:00Z,Buy,52.12,53.69,5,7.85,8.8589858204324,-72.65,26.35,92.55,1,"	775,1044" 
2007-10-01T20:00:00Z,"SHOO",2009-05-01T20:00:00Z,Buy,19.13,28.47,1.9999553486745,18.68,1.0807598944591,-11.12,49.98,29.6,1,"	774,1115" 
2007-10-01T20:00:00Z,"PETS",2009-12-01T21:00:00Z,Buy,14.45,16.48,25,50.75,1.3581662952883,-89,132.25,143.5,1,"	773,1209" 
2007-10-01T20:00:00Z,"VLGEA",2010-02-01T21:00:00Z,Buy,26.06,26.13,14,0.98,2.594909918411,-101.71,91.7,129.57,1,"	775,1247" 
2007-10-01T20:00:00Z,"SHOO",2010-05-03T20:00:00Z,Buy,12.753354854603,40.08,4,109.31,1.0138302277433,-14.83,109.31,39.47,1,"	774,1294" 
2007-10-01T20:00:00Z,"SHOO",2012-02-01T21:00:00Z,Buy,8.5022370479864,41.09,5,162.94,1.2493421708052,-12.36,163.19,63.3,1,"	774,1594" 
2007-10-01T20:00:00Z,"SHOO",2012-08-01T20:00:00Z,Buy,8.5022370479864,39.41,18,556.34,1.0877294088548,-44.48,658.4,241.02,1,"	774,1692" 
2007-11-01T20:00:00Z,"RGR",2007-12-03T21:00:00Z,Buy,8.62,8.77,70,10.5,6.5708349933049,-85.4,93.1,85.4,1,"	785,790" 
2007-11-01T20:00:00Z,"FARO",2008-03-03T21:00:00Z,Buy,29.79,32.31,23,57.96,2.2325735292869,-218.04,101.66,237.13,1,"	783,833" 
2007-11-01T20:00:00Z,"WDC",2008-03-03T21:00:00Z,Buy,25.95,31.25,7,37.1,6.6048013747128,-17.57,56.28,56.35,1,"	787,841" 
2007-11-01T20:00:00Z,"GRP",2008-04-22T04:00:00Z,Buy,49.26,57.12,13,102.18,4.2105670427455,-51.74,102.18,143.26,1,"	784,873" 
2007-11-01T20:00:00Z,"SAFM",2008-05-01T20:00:00Z,Buy,33.36,42.68,4.0000074999962,37.28,1.0910689655172,-57.81,86.56,16.88,1,"	786,887" 
2007-11-01T20:00:00Z,"SAFM",2008-09-02T20:00:00Z,Buy,33.36,34.96,14,22.4,1.2666469117608,-202.35,302.96,237.58,1,"	786,954" 
2007-11-01T20:00:00Z,"WDC",2009-04-01T20:00:00Z,Buy,25.95,19.91,17,-102.68,2.9561310627845,-272.34,238.34,510.68,0,"	787,1094" 
2007-11-01T20:00:00Z,"WDC",2009-09-01T20:00:00Z,Buy,25.95,33.21,1,7.26,1.0290635939323,-16.02,14.02,30.04,1,"	787,1159" 
2007-11-01T20:00:00Z,"SAFM",2011-03-01T21:00:00Z,Buy,33.36,41.36,0.99999250000375,8,3.2137457034219,-14.45,21.64,16.97,1,"	786,1432" 
2007-12-03T21:00:00Z,"GCO",2008-01-02T21:00:00Z,Buy,32.66,36.38,8,29.76,1.0441948579161,-56.56,147.68,26.8,1,"	797,803" 
2007-12-03T21:00:00Z,"AZZ",2008-03-03T21:00:00Z,Buy,27.04,35.98,6,53.64,9.8693954363394,-6.18,60.36,19.68,1,"	795,828" 
2007-12-03T21:00:00Z,"USMO",2008-04-01T20:00:00Z,Buy,13.13,7.45,16,-90.88,1.9387891589085,-101.76,240.16,138.24,0,"	801,860" 
2007-12-03T21:00:00Z,"AMED",2008-05-01T20:00:00Z,Buy,44.2,52.34,14,113.96,3.1452059728454,-101.36,113.96,171.22,1,"	794,874" 
2007-12-03T21:00:00Z,"NVTL",2008-06-02T20:00:00Z,Buy,15.32,10.19,39,-200.07,13.305645915018,-294.84,72.93,367.77,0,"	799,915" 
2007-12-03T21:00:00Z,"SNHY",2008-06-02T20:00:00Z,Buy,28.65,41.04,6,74.34,13.754202898575,-57.12,74.34,71.64,1,"	800,917" 
2007-12-03T21:00:00Z,"AZZ",2008-08-01T20:00:00Z,Buy,27.04,46.14,16,305.6,8.9261127712893,-16.48,322.08,194.08,1,"	795,942" 
2007-12-03T21:00:00Z,"FCX",2008-11-03T21:00:00Z,Buy,96.67,28.88,6,-406.74,4.8057715222214,-437.16,175.5,612.66,0,"	796,987" 
2007-12-03T21:00:00Z,"LXU",2008-11-03T21:00:00Z,Buy,22.49,8.39,26,-366.6,2.2616961739952,-394.68,147.16,541.84,0,"	798,991" 
2007-12-03T21:00:00Z,"SNHY",2008-11-03T21:00:00Z,Buy,28.65,20.13,15,-127.8,1.0720988538682,-177.45,201.15,378.6,0,"	800,998" 
2008-01-02T21:00:00Z,"MTRX",2008-03-03T21:00:00Z,Buy,21.83,19.76,28,-57.96,4.7506608888797,-130.76,3.92,134.68,0,"	812,836" 
2008-01-02T21:00:00Z,"MYE",2008-03-03T21:00:00Z,Buy,14.28,12.2,42,-87.36,2.4150296610169,-170.94,14.28,170.94,0,"	813,837" 
2008-01-02T21:00:00Z,"ZEUS",2008-03-03T21:00:00Z,Buy,32.2,42.85,5,53.25,9.5181238854991,-14.35,53.25,18.45,1,"	816,842" 
2008-01-02T21:00:00Z,"LRW",2008-05-01T20:00:00Z,Buy,13.55,12.67,15,-13.2,2.0806834356473,-30.45,151.95,49.35,0,"	811,878" 
2008-01-02T21:00:00Z,"FLO",2008-06-02T20:00:00Z,Buy,22.9,27.91,26,130.26,3.9232412648895,-29.12,158.08,68.12,1,"	810,911" 
2008-01-02T21:00:00Z,"UEIC",2008-06-02T20:00:00Z,Buy,34.2,24.91,18,-167.22,10.491575478001,-277.56,0,277.56,0,"	815,918" 
2008-01-02T21:00:00Z,"ZEUS",2008-06-02T20:00:00Z,Buy,32.2,62.23,5,150.15,3.3712960421641,-14.35,163.9,21.75,1,"	816,921" 
2008-01-02T21:00:00Z,"PH",2008-11-03T21:00:00Z,Buy,71.29,39.25,8,-256.32,4.2023375872373,-293.84,115.12,408.96,0,"	814,995" 
2008-01-02T21:00:00Z,"ZEUS",2009-06-01T20:00:00Z,Buy,32.2,19.69,9,-112.59,1.0959967497291,-193.05,393.48,586.53,0,"	816,1135" 
2008-02-01T21:00:00Z,"BW",2008-03-03T21:00:00Z,Buy,30.31,26.82,7,-24.43,1.0370537897311,-36.47,196.63,38.99,0,"	822,830" 
2008-02-01T21:00:00Z,"TWIN",2008-03-03T21:00:00Z,Buy,16.67,20.11,37,127.28,5.7975091849017,-26.27,171.68,44.4,1,"	826,840" 
2008-02-01T21:00:00Z,"HHGP",2008-04-01T20:00:00Z,Buy,7.21,8.96,33,57.75,4.5295843176331,-32.01,510.51,38.61,1,"	823,858" 
2008-02-01T21:00:00Z,"OXY",2008-05-01T20:00:00Z,Buy,69.19,81.02,8,94.64,4.3541177025116,-35.52,141.52,89.28,1,"	825,883" 
2008-02-01T21:00:00Z,"MEI",2009-02-02T21:00:00Z,Buy,12.91,4.9,47,-376.47,6.7876158303874,-389.16,23.97,413.13,0,"	824,1054" 
2008-03-03T21:00:00Z,"KAMN",2008-05-01T20:00:00Z,Buy,23.57,27.67,24,98.4,8.8249393541398,-1.2,148.32,63.84,1,"	848,877" 
2008-03-03T21:00:00Z,"WERN",2008-05-01T20:00:00Z,Buy,17.99,20.8,32,89.92,11.679109831859,-31.04,89.92,57.6,1,"	852,889" 
2008-03-03T21:00:00Z,"CROX",2008-06-02T20:00:00Z,Buy,23,10.03,23,-298.31,7.899084457441,-306.36,0,306.36,0,"	844,909" 
2008-03-03T21:00:00Z,"WGOV",2008-06-02T20:00:00Z,Buy,28.57,39.64,5,55.35,2.1246088899926,-11.45,60.55,15.05,1,"	853,920" 
2008-03-03T21:00:00Z,"ELY",2008-07-01T20:00:00Z,Buy,14.69,11.72,38,-112.86,13.027370033288,-112.86,38.38,151.24,0,"	847,934" 
2008-03-03T21:00:00Z,"CUB",2008-08-01T20:00:00Z,Buy,27.19,26.9,22,-6.38,9.428724395279,-127.16,70.62,197.78,0,"	845,943" 
2008-03-03T21:00:00Z,"RUSHA",2008-08-01T20:00:00Z,Buy,14.36,11.42,39,-114.66,9.0700411202398,-131.82,106.08,237.9,0,"	850,946" 
2008-03-03T21:00:00Z,"TDY",2008-08-01T20:00:00Z,Buy,45.04,62.86,4,71.28,6.143029331102,-3.44,80.88,42.52,1,"	851,947" 
2008-03-03T21:00:00Z,"CMTL",2008-10-01T20:00:00Z,Buy,43.1,50.23,13,92.69,14.333712852065,-64.48,104.78,141.57,1,"	843,968" 
2008-03-03T21:00:00Z,"DCO",2008-10-01T20:00:00Z,Buy,27.28,22.9,20,-87.6,14.468398088386,-128.8,120.4,249.2,0,"	846,969" 
2008-03-03T21:00:00Z,"WGOV",2009-02-02T21:00:00Z,Buy,28.57,20.24,15,-124.95,5.5552612841437,-172.65,293.4,466.05,0,"	853,1059" 
2008-03-03T21:00:00Z,"TDY",2009-03-02T21:00:00Z,Buy,45.04,22.78,9,-200.34,1.0445889517181,-200.34,181.98,382.32,0,"	851,1075" 
2008-03-03T21:00:00Z,"PLPC",2009-10-01T20:00:00Z,Buy,46,38.89,12,-85.32,14.051822401449,-212.88,234,446.88,0,"	849,1166" 
2008-04-01T20:00:00Z,"IMMR",2008-05-01T20:00:00Z,Buy,6.98,11.06,36,146.88,4.9378241172281,-13.32,486.72,26.28,1,"	865,876" 
2008-04-01T20:00:00Z,"MLR",2008-05-01T20:00:00Z,Buy,10.27,11,25,18.25,1.1334459459459,-32.5,193.75,21,1,"	868,880" 
2008-04-01T20:00:00Z,"NTGR",2008-05-01T20:00:00Z,Buy,20.34,17.1,12,-38.88,2.8389154552606,-49.56,197.52,49.56,0,"	869,881" 
2008-04-01T20:00:00Z,"UAUA",2008-05-01T20:00:00Z,Buy,23.13,16.1,10,-70.3,1.0537157454714,-95.8,283.6,100.6,0,"	872,888" 
2008-04-01T20:00:00Z,"PTEN",2008-07-01T20:00:00Z,Buy,26.58,36.02,6,56.64,4.2964405696632,0,57.72,17.52,1,"	870,935" 
2008-04-01T20:00:00Z,"SCHL",2008-09-02T20:00:00Z,Buy,30.49,27.02,19,-65.93,7.1344817531178,-103.74,16.34,120.08,0,"	871,956" 
2008-04-01T20:00:00Z,"FSTR",2008-11-03T21:00:00Z,Buy,44.97,28.28,13,-216.97,20.478545758759,-318.63,38.87,357.5,0,"	863,988" 
2008-04-01T20:00:00Z,"FOSL",2008-12-01T21:00:00Z,Buy,32.2,13.3,17.500009749995,-330.75,1.0948919449902,-372.28,92.23,447.65,0,"	862,1022" 
2008-04-01T20:00:00Z,"LECO",2009-05-01T20:00:00Z,Buy,66.78,43.75,8,-184.24,2.8514073553172,-322.16,156.08,478.24,0,"	867,1112" 
2008-04-01T20:00:00Z,"PTEN",2009-06-01T20:00:00Z,Buy,26.58,15.23,16,-181.6,6.7427667274683,-302.72,153.92,456.64,0,"	870,1132" 
2008-04-01T20:00:00Z,"FOSL",2010-09-01T20:00:00Z,Buy,32.2,48.8,0.49999025000488,8.3,1.035965466414,-10.64,8.3,12.79,1,"	862,1349" 
2008-04-01T20:00:00Z,"GPS",2010-12-01T21:00:00Z,Buy,20.37,21.56,29,34.51,3.5849418203833,-314.94,169.36,316.97,1,"	864,1390" 
2008-04-01T20:00:00Z,"K",2012-10-01T20:00:00Z,Buy,54.13,51.93,11,-24.2,2.94850959334,-200.75,37.73,236.06,0,"	866,1718" 
2008-05-01T20:00:00Z,"CROX",2008-06-02T20:00:00Z,Buy,10.35,10.03,35,-11.2,1.1773996082272,-23.45,442.75,48.65,0,"	892,909" 
2008-05-01T20:00:00Z,"DGII",2008-06-02T20:00:00Z,Buy,8.11,8.79,72,48.96,6.7726588466778,-20.88,65.52,31.68,1,"	893,910" 
2008-05-01T20:00:00Z,"NVTL",2008-06-02T20:00:00Z,Buy,9.14,10.19,27,28.35,1.1383295964126,-37.26,217.35,20.25,1,"	902,915" 
2008-05-01T20:00:00Z,"GHM",2008-08-01T20:00:00Z,Buy,58.23,101.97,10,437.4,2.1073553291536,-31.4,437.4,151,1,"	896,944" 
2008-05-01T20:00:00Z,"OMCL",2008-08-01T20:00:00Z,Buy,12.21,16.04,49,187.67,7.3421459621033,-19.6,222.46,111.23,1,"	903,945" 
2008-05-01T20:00:00Z,"SAM",2008-09-02T20:00:00Z,Buy,45.74,44.83,13,-11.83,7.0126645761085,-96.33,17.29,99.58,0,"	905,955" 
2008-05-01T20:00:00Z,"LYTS",2008-10-01T20:00:00Z,Buy,10.98,7.87,54,-167.94,9.7133539701375,-190.62,2.16,192.78,0,"	900,971" 
2008-05-01T20:00:00Z,"LG",2008-11-03T21:00:00Z,Buy,38.25,54.58,7,114.31,3.8978672221289,-0.77,114.31,81.55,1,"	899,989" 
2008-05-01T20:00:00Z,"PLXS",2008-11-03T21:00:00Z,Buy,25.07,18.9,24,-148.08,9.7386892627594,-268.32,134.64,402.96,0,"	904,996" 
2008-05-01T20:00:00Z,"AAON",2008-12-01T21:00:00Z,Buy,19.08,17.3,11,-19.58,2.2188232970179,-67.76,42.24,110,0,"	890,1018" 
2008-05-01T20:00:00Z,"NEU",2008-12-01T21:00:00Z,Buy,63.59,29.22,9,-309.33,2.0835888236,-349.11,154.53,503.64,0,"	894,1021" 
2008-05-01T20:00:00Z,"HRL",2009-01-02T21:00:00Z,Buy,40.09,31.47,15,-129.3,2.1523769387248,-226.2,25.05,251.25,0,"	897,1040" 
2008-05-01T20:00:00Z,"FLXS",2009-02-02T21:00:00Z,Buy,11.15,6.95,53,-222.6,14.439055643875,-236.91,70.49,307.4,0,"	895,1051" 
2008-05-01T20:00:00Z,"NFLX",2009-02-02T21:00:00Z,Buy,31,36.95,8,47.6,2.8418693207757,-104.48,47.6,121.84,1,"	901,1056" 
2008-05-01T20:00:00Z,"TTMI",2009-02-02T21:00:00Z,Buy,14.2,5.69,44,-374.44,8.9688415243329,-453.2,53.68,506.88,0,"	906,1058" 
2008-05-01T20:00:00Z,"VIVO",2009-03-02T21:00:00Z,Buy,27.23,18.96,22,-181.94,2.2151934948959,-181.94,87.56,269.5,0,"	898,1073" 
2008-05-01T20:00:00Z,"ANK",2009-07-01T20:00:00Z,Buy,33.25,39.86,8,52.88,2.1420499437616,-154.4,56.96,167.84,1,"	891,1147" 
2008-05-01T20:00:00Z,"LG",2009-07-01T20:00:00Z,Buy,38.25,33.74,8,-36.08,2.3811557925203,-69.76,130.64,200.4,0,"	899,1150" 
2008-05-01T20:00:00Z,"AAON",2009-12-01T21:00:00Z,Buy,19.08,19.03,21,-1.05,1.9894220665102,-129.36,80.64,210,0,"	890,1204" 
2008-05-01T20:00:00Z,"NFLX",2010-04-01T20:00:00Z,Buy,31,75,10,440,1.0508543531326,-130.6,440.6,152.3,1,"	901,1275" 
2008-05-01T20:00:00Z,"ANK",2010-07-01T20:00:00Z,Buy,33.25,40.16,11,76.01,1.0534818401937,-212.3,274.67,230.78,1,"	891,1331" 
2008-06-02T20:00:00Z,"PCU",2008-10-01T20:00:00Z,Buy,36.583296934036,18.35,15.000014924556,-273.5,6.3698237771255,-273.5,14.15,287.65,0,"	930,972" 
2008-06-02T20:00:00Z,"WERN",2008-11-03T21:00:00Z,Buy,18.85,19.36,11,5.61,9.2336825790633,-18.81,83.82,102.63,1,"	932,1001" 
2008-06-02T20:00:00Z,"EGY",2009-01-02T21:00:00Z,Buy,7.48,7.5,27,0.54,5.8333918665088,-96.12,36.99,133.11,1,"	927,1039" 
2008-06-02T20:00:00Z,"DAR",2009-02-02T21:00:00Z,Buy,16.41,4.48,39,-465.27,11.101654435085,-502.32,33.93,536.25,0,"	925,1050" 
2008-06-02T20:00:00Z,"CF",2009-03-02T21:00:00Z,Buy,139.39,58.99,4,-321.6,8.0223688274756,-399.64,120.52,520.16,0,"	924,1070" 
2008-06-02T20:00:00Z,"COP",2009-03-02T21:00:00Z,Buy,92.98,35.15,6,-346.98,3.0638822542042,-346.98,16.74,363.72,0,"	929,1074" 
2008-06-02T20:00:00Z,"ABFS",2009-04-01T20:00:00Z,Buy,35.11,19.17,17,-270.98,7.7825934825332,-323.17,166.94,490.11,0,"	922,1085" 
2008-06-02T20:00:00Z,"APA",2009-04-01T20:00:00Z,Buy,135.81,66.05,4,-279.04,6.8706404799392,-337.72,32.08,369.8,0,"	923,1086" 
2008-06-02T20:00:00Z,"EGY",2009-05-01T20:00:00Z,Buy,7.48,4.7,58,-161.24,3.9923619238797,-206.48,79.46,285.94,0,"	927,1107" 
2008-06-02T20:00:00Z,"OXY",2009-06-01T20:00:00Z,Buy,92.58,69.33,6,-139.5,5.5958044778254,-312.18,4.92,317.1,0,"	928,1131" 
2008-06-02T20:00:00Z,"DMLP",2009-11-02T21:00:00Z,Buy,28.3,22.15,22,-135.3,6.4126825056801,-302.94,149.38,452.32,0,"	926,1182" 
2008-06-02T20:00:00Z,"WERN",2009-12-01T21:00:00Z,Buy,18.85,19.02,22,3.74,2.6188056153791,-136.4,167.64,304.04,1,"	932,1214" 
2008-06-02T20:00:00Z,"USPH",2013-06-03T20:00:00Z,Buy,16.89,28.9,36,432.36,5.0549333416013,-347.04,432.36,475.2,1,"	931,1878" 
2008-07-01T20:00:00Z,"HCKT",2008-11-03T21:00:00Z,Buy,5.73,2.97,104,-287.04,3.0373491102121,-308.88,91.52,400.4,0,"	939,983" 
2008-07-01T20:00:00Z,"NPK",2009-01-02T21:00:00Z,Buy,63.93,78.31,4,57.52,7.5375844336658,-58.52,60.92,119.44,1,"	940,1041" 
2008-07-01T20:00:00Z,"UACL",2009-12-01T21:00:00Z,Buy,22.31,16.13,27,-166.86,9.8938514640181,-318.6,149.58,468.18,0,"	941,1213" 
2008-07-01T20:00:00Z,"NPK",2011-03-01T21:00:00Z,Buy,63.93,125.75,5,309.1,1.7251840259717,-81.35,362.5,194.6,1,"	940,1431" 
2008-08-01T20:00:00Z,"TNC",2008-09-02T20:00:00Z,Buy,26.37,31.28,10,49.1,2.1083980717105,-41.65,230.4,11.2,1,"	953,958" 
2008-08-01T20:00:00Z,"GPN",2008-10-01T20:00:00Z,Buy,44.65,44.05,13,-7.8,3.2031912949241,-13.65,56.94,70.59,0,"	950,970" 
2008-08-01T20:00:00Z,"PCTI",2009-04-01T20:00:00Z,Buy,10.46,4.47,58,-347.42,10.83163729923,-390.34,0,390.34,0,"	951,1091" 
2008-08-01T20:00:00Z,"SKX",2009-04-01T20:00:00Z,Buy,18.96,6.91,32,-385.6,6.613617661595,-437.44,60.8,498.24,0,"	952,1092" 
2008-08-01T20:00:00Z,"ARLP",2009-06-01T20:00:00Z,Buy,48.69,39.04,12,-115.8,2.1221926351005,-355.08,0,355.08,0,"	948,1125" 
2008-08-01T20:00:00Z,"CRMT",2009-10-01T20:00:00Z,Buy,20.46,23.34,8.5000082499959,24.48,1.1540662650602,-111.86,42.5,130.65,1,"	949,1163" 
2008-08-01T20:00:00Z,"CRMT",2011-03-01T21:00:00Z,Buy,20.46,24.26,21,79.8,1.1027966101695,-276.36,198.87,322.77,1,"	949,1428" 
2008-08-01T20:00:00Z,"CRMT",2012-09-04T20:00:00Z,Buy,20.46,46.02,0.49999175000412,12.78,10.695700785684,-6.58,14.07,7.68,1,"	949,1700" 
2008-09-02T20:00:00Z,"CMC",2008-10-01T20:00:00Z,Buy,24.61,16.28,8,-66.64,1.7037021362486,-104.36,118.32,69.52,0,"	959,967" 
2008-09-02T20:00:00Z,"PCU",2008-10-01T20:00:00Z,Buy,24.6,18.35,7.9999850754443,-50,1.0384224912144,-50,103.41,60,0,"	963,972" 
2008-09-02T20:00:00Z,"LHCG",2008-11-03T21:00:00Z,Buy,29.7,33.95,8,34,9.5431387687697,-56,44.64,60.88,1,"	961,990" 
2008-09-02T20:00:00Z,"NUE",2008-11-03T21:00:00Z,Buy,49.07,37.93,4,-44.56,1.0186791016368,-104.94,131.28,93.44,0,"	962,992" 
2008-09-02T20:00:00Z,"USAP",2009-01-02T21:00:00Z,Buy,32.96,14.97,16,-287.84,17.819920916735,-385.76,36.96,422.72,0,"	964,1043" 
2008-09-02T20:00:00Z,"LDL",2009-02-02T21:00:00Z,Buy,11.46,3.8,52,-398.32,13.323778291356,-423.8,8.32,432.12,0,"	960,1053" 
2008-09-02T20:00:00Z,"WTI",2009-03-02T21:00:00Z,Buy,33.31,6.73,17,-451.86,2.1518424256386,-451.86,1.19,453.05,0,"	965,1076" 
2008-09-02T20:00:00Z,"LHCG",2009-12-01T21:00:00Z,Buy,29.7,31.9,12,26.4,2.620343148871,-152.4,76.08,228.48,1,"	961,1208" 
2008-10-01T20:00:00Z,"SSP",2008-11-03T21:00:00Z,Buy,7.07,4.59,76,-188.48,2.7610780141844,-209,15.2,224.2,0,"	980,999" 
2008-10-01T20:00:00Z,"SCHN",2009-01-02T21:00:00Z,Buy,37.63,40.18,6.499979869987,16.57,2.1978073355902,-198.66,500.3,136.82,1,"	979,1042" 
2008-10-01T20:00:00Z,"RS",2009-02-02T21:00:00Z,Buy,36.86,22.21,7,-102.55,4.367151843452,-169.4,288.82,169.4,0,"	978,1057" 
2008-10-01T20:00:00Z,"TTWO",2009-04-01T20:00:00Z,Buy,15.93,8.47,33,-246.18,17.869570688471,-340.23,0,340.23,0,"	981,1093" 
2008-10-01T20:00:00Z,"GHM",2009-05-01T20:00:00Z,Buy,24.525,12.63,18,-214.11,2.2627212295292,-308.25,0,308.25,0,"	973,1109" 
2008-10-01T20:00:00Z,"HAS",2009-05-01T20:00:00Z,Buy,34.36,26.89,15,-112.05,6.2178954823417,-195.6,0,195.6,0,"	974,1111" 
2008-10-01T20:00:00Z,"IIIN",2009-06-01T20:00:00Z,Buy,13,9.08,39,-152.88,13.01832810767,-317.85,0,317.85,0,"	976,1129" 
2008-10-01T20:00:00Z,"PTEN",2009-06-01T20:00:00Z,Buy,18.82,15.23,11,-39.49,4.0137597663856,-122.76,191.18,122.76,0,"	977,1132" 
2008-10-01T20:00:00Z,"ZEUS",2009-06-01T20:00:00Z,Buy,28.14,19.69,9,-76.05,5.97814120677,-156.51,430.02,156.51,0,"	982,1135" 
2008-10-01T20:00:00Z,"SCHN",2010-01-04T21:00:00Z,Buy,37.63,50,0.50002013001303,6.19,2.7971299864147,-15.28,38.49,10.53,1,"	979,1230" 
2008-10-01T20:00:00Z,"HVT",2010-03-01T21:00:00Z,Buy,11.75,13.49,46,80.04,10.07378000915,-183.54,100.74,183.54,1,"	975,1258" 
2008-11-03T21:00:00Z,"DXPE",2008-12-01T21:00:00Z,Buy,13.76,11.02,31,-84.94,2.2820829275382,-109.12,5.89,115.01,0,"	1007,1020" 
2008-11-03T21:00:00Z,"HA",2008-12-01T21:00:00Z,Buy,7.25,4.3,63,-185.85,2.62859375,-229.32,0.63,229.95,0,"	1008,1023" 
2008-11-03T21:00:00Z,"LZB",2008-12-01T21:00:00Z,Buy,5.3,2.53,78,-216.06,7.8831189604132,-216.06,14.82,230.88,0,"	1012,1024" 
2008-11-03T21:00:00Z,"SRI",2008-12-01T21:00:00Z,Buy,5.67,3.44,78,-173.94,2.6795995423341,-253.5,0,253.5,0,"	1014,1025" 
2008-11-03T21:00:00Z,"ANF",2009-03-02T21:00:00Z,Buy,27,20.75,7,-43.75,1.0326763485477,-89.88,403.13,89.88,0,"	1003,1069" 
2008-11-03T21:00:00Z,"HRC",2009-03-02T21:00:00Z,Buy,23.52,9.03,19,-275.31,2.1857891518702,-275.31,13.11,288.42,0,"	1009,1072" 
2008-11-03T21:00:00Z,"CCRN",2009-04-01T20:00:00Z,Buy,10.38,6.71,39,-143.13,6.8002449750768,-200.07,0,200.07,0,"	1005,1087" 
2008-11-03T21:00:00Z,"LRW",2009-04-01T20:00:00Z,Buy,8.18,8.37,53,10.07,9.6496046246301,-114.48,107.06,221.54,1,"	1011,1090" 
2008-11-03T21:00:00Z,"KFRC",2009-05-01T20:00:00Z,Buy,7.95,10.63,56,150.08,11.091330404333,-135.52,171.92,135.52,1,"	1013,1114" 
2008-11-03T21:00:00Z,"HWCC",2009-06-01T20:00:00Z,Buy,11.81,13.16,38,51.3,11.334771837037,-266.76,51.3,304.38,1,"	1010,1128" 
2008-11-03T21:00:00Z,"CALM",2009-11-02T21:00:00Z,Buy,29.09,27.93,15,-17.4,9.2451768825175,-177.6,20.1,195.45,0,"	1004,1177" 
2008-11-03T21:00:00Z,"CPSI",2009-11-02T21:00:00Z,Buy,28.62,42.13,5,67.55,9.684604105325,-31.85,81.4,39.5,1,"	1006,1180" 
2008-11-03T21:00:00Z,"CPSI",2010-03-01T21:00:00Z,Buy,28.62,36.15,11,82.83,1.0553213689482,-70.07,230.23,149.71,1,"	1006,1256" 
2008-11-03T21:00:00Z,"WSO",2010-03-01T21:00:00Z,Buy,40.06,59.16,10,191,2.0999947373748,-93.1,191,94.4,1,"	1017,1261" 
2008-11-03T21:00:00Z,"SYKE",2010-05-03T20:00:00Z,Buy,16.49,22.51,27,162.54,3.3569154244145,-74.25,273.51,160.65,1,"	1015,1296" 
2008-11-03T21:00:00Z,"UNF",2011-02-01T21:00:00Z,Buy,31.44,56.52,13,326.04,10.071270109079,-145.6,332.15,223.34,1,"	1016,1417" 
2008-12-01T21:00:00Z,"USAP",2009-01-02T21:00:00Z,Buy,10.38,14.97,17,78.03,1.0723196721311,-26.01,423.13,48.45,1,"	1037,1043" 
2008-12-01T21:00:00Z,"DAR",2009-02-02T21:00:00Z,Buy,3.66,4.48,42,34.44,1.15372,-5.46,572.04,78.96,1,"	1030,1050" 
2008-12-01T21:00:00Z,"HOFT",2009-02-02T21:00:00Z,Buy,6.26,8.09,32,58.56,3.4365217500096,-7.68,584.32,32.32,1,"	1033,1052" 
2008-12-01T21:00:00Z,"CTRN",2009-04-01T20:00:00Z,Buy,11.88,22.96,15,166.2,8.3833480139973,-35.55,166.2,78.15,1,"	1029,1088" 
2008-12-01T21:00:00Z,"FL",2009-04-01T20:00:00Z,Buy,6.06,10.67,23,106.03,6.619071380376,0,106.72,28.06,1,"	1038,1095" 
2008-12-01T21:00:00Z,"GCO",2009-05-01T20:00:00Z,Buy,11.47,22.1,10,106.3,2.171254785056,0,113.5,59.2,1,"	1031,1108" 
2008-12-01T21:00:00Z,"GHM",2009-05-01T20:00:00Z,Buy,8.37,12.63,26,110.76,6.6712441607608,-25.22,420.03,154.96,1,"	1032,1109" 
2008-12-01T21:00:00Z,"CRK",2009-06-01T20:00:00Z,Buy,36.85,40.83,9,35.82,2.0851750100394,-88.38,115.47,203.85,1,"	1028,1126" 
2008-12-01T21:00:00Z,"GCO",2009-08-03T20:00:00Z,Buy,11.47,22.07,19,201.4,2.5555245417151,0,272.65,156.75,1,"	1031,1154" 
2008-12-01T21:00:00Z,"FL",2009-10-01T20:00:00Z,Buy,6.06,11.53,37,202.39,1.1784979079498,0,241.61,107.67,1,"	1038,1169" 
2008-12-01T21:00:00Z,"ODFL",2009-11-02T21:00:00Z,Buy,22.24,25,16.499951627731,45.54,4.7256763735759,-132.66,262.02,216.48,1,"	1035,1186" 
2008-12-01T21:00:00Z,"SCVL",2009-12-01T21:00:00Z,Buy,8.35,18.69,15,155.1,2.2688788201848,-30.3,155.1,81.75,1,"	1036,1211" 
2008-12-01T21:00:00Z,"CTRN",2010-04-01T20:00:00Z,Buy,11.88,33.1,17,360.74,2.7387385782188,-40.29,388.28,160.31,1,"	1029,1270" 
2008-12-01T21:00:00Z,"HWKN",2010-08-02T20:00:00Z,Buy,15.25,32.17,8,135.36,12.347091671262,-20.8,137.68,48.64,1,"	1034,1338" 
2008-12-01T21:00:00Z,"HWKN",2011-08-01T20:00:00Z,Buy,15.25,34.73,17,331.16,1.0857655432888,-44.2,577.32,264.52,1,"	1034,1508" 
2008-12-01T21:00:00Z,"SCVL",2013-06-03T20:00:00Z,Buy,5.56666945,24.64,41,782.01,1.208039538715,-55.21,782.01,357.25,1,"	1036,1876" 
2008-12-01T21:00:00Z,"CTR",2013-07-01T20:00:00Z,Buy,12.13,25.32,28,369.32,9.4266246067444,0,549.36,260.96,1,"	1027,1894" 
2008-12-01T21:00:00Z,"SCVL",2015-12-01T21:00:00Z,Buy,5.56666945,21.78,0.9999790000105,16.21,5.9522698591708,-1.35,24.2,11.52,1,"	1036,2523" 
2009-01-02T21:00:00Z,"MOV",2009-02-02T21:00:00Z,Buy,9.68,7.66,24,-48.48,6.4410430665133,-73.2,601.2,79.2,0,"	1046,1055" 
2009-01-02T21:00:00Z,"RHI",2009-05-01T20:00:00Z,Buy,21.31,23.74,20,48.6,4.975433596443,-137.6,57.8,137.6,1,"	1047,1113" 
2009-01-02T21:00:00Z,"WDC",2009-09-01T20:00:00Z,Buy,12.32,33.21,5,104.45,4.9206951323326,-11.95,138.25,25.9,1,"	1049,1159" 
2009-01-02T21:00:00Z,"TSCO",2010-06-01T20:00:00Z,Buy,36.73,66.28,3,88.65,3.4706945611729,-22.5,100.41,27.03,1,"	1048,1321" 
2009-01-02T21:00:00Z,"WDC",2010-11-01T20:00:00Z,Buy,12.32,32.62,14,284.2,4.9580373626205,-33.46,478.1,319.9,1,"	1049,1382" 
2009-01-02T21:00:00Z,"TSCO",2011-04-01T20:00:00Z,Buy,18.365,61.06,4,170.78,1.0204009355162,-15,170.78,18.46,1,"	1048,1449" 
2009-01-02T21:00:00Z,"CASY",2011-05-02T20:00:00Z,Buy,22.62,38.45,18,284.94,9.6602143810342,-76.14,389.16,151.38,1,"	1045,1456" 
2009-01-02T21:00:00Z,"TSCO",2011-12-01T21:00:00Z,Buy,18.365,72.23,3,161.6,1.015,-11.25,171.1,56.46,1,"	1048,1568" 
2009-01-02T21:00:00Z,"TSCO",2013-05-01T20:00:00Z,Buy,18.365,105.33,9,782.68,1.0442273957264,-33.75,843.16,196.11,1,"	1048,1851" 
2009-02-02T21:00:00Z,"CNMD",2009-03-02T21:00:00Z,Buy,15.84,12.3,24,-84.96,9.6338842800146,-84.96,44.16,129.12,0,"	1061,1071" 
2009-02-02T21:00:00Z,"CRY",2009-05-01T20:00:00Z,Buy,8.51,5.48,46,-139.38,6.9183326968827,-207.46,10.58,218.04,0,"	1062,1106" 
2009-02-02T21:00:00Z,"STMP",2009-06-01T20:00:00Z,Buy,8.45,9.19,47,34.78,9.573285058522,-24.91,78.96,89.77,1,"	1068,1133" 
2009-02-02T21:00:00Z,"OFLX",2009-09-01T20:00:00Z,Buy,17.39,17.16,24,-5.52,7.737571595862,-153.36,63.12,216.48,0,"	1066,1158" 
2009-02-02T21:00:00Z,"ASTE",2009-10-01T20:00:00Z,Buy,24.69,24.28,15,-6.15,5.5948619694735,-67.65,129,144.45,0,"	1060,1162" 
2009-02-02T21:00:00Z,"ICFI",2010-01-04T21:00:00Z,Buy,24.45,27.21,16,44.16,4.3934815965882,-48,93.92,99.2,1,"	1064,1227" 
2009-02-02T21:00:00Z,"JJSF",2010-02-01T21:00:00Z,Buy,35.44,41.46,11,66.22,4.8996204328041,-57.42,96.58,89.32,1,"	1065,1244" 
2009-02-02T21:00:00Z,"RBIN",2010-05-03T20:00:00Z,Buy,10.79,25.58,14,207.06,10.839791241091,-56.56,207.06,72.8,1,"	1067,1291" 
2009-02-02T21:00:00Z,"RBIN",2010-11-01T20:00:00Z,Buy,10.79,37.21,8,211.36,1.0407892573308,-32.32,211.36,60.32,1,"	1067,1379" 
2009-02-02T21:00:00Z,"FIZ",2011-07-01T20:00:00Z,Buy,9.41,14.63,42.600023519973,222.37,7.4470987809556,-155.92,246.65,148.25,1,"	1063,1495" 
2009-02-02T21:00:00Z,"RBIN",2012-05-01T20:00:00Z,Buy,10.79,48.6,16,604.96,4.258751347838,-64.64,645.92,307.68,1,"	1067,1632" 
2009-03-02T21:00:00Z,"EBF",2009-06-01T20:00:00Z,Buy,7.73,11.42,42,154.98,9.4000996052535,-30.24,154.98,68.46,1,"	1079,1127" 
2009-03-02T21:00:00Z,"FSYS",2009-06-01T20:00:00Z,Buy,19.25,22.74,17,59.33,4.8774212672615,-149.6,60.69,153.68,1,"	1080,1130" 
2009-03-02T21:00:00Z,"AMED",2009-08-03T20:00:00Z,Buy,28.98,44.8,10,158.2,4.8552349944694,-30.7,158.2,89.2,1,"	1077,1153" 
2009-03-02T21:00:00Z,"MYGN",2009-11-02T21:00:00Z,Buy,37.81,24.77,8,-104.32,6.1853305489753,-110.4,65.52,175.92,0,"	1083,1184" 
2009-03-02T21:00:00Z,"CNC",2009-12-01T21:00:00Z,Buy,16.05,19.27,20,64.4,2.196858407052,-19.2,89,69.6,1,"	1078,1207" 
2009-03-02T21:00:00Z,"MSM",2010-01-04T21:00:00Z,Buy,28.69,47.53,11,207.24,4.2213736412639,-13.86,216.7,83.82,1,"	1081,1229" 
2009-03-02T21:00:00Z,"NVEC",2010-02-01T21:00:00Z,Buy,27.17,41.05,12,166.56,5.0892365380327,0,427.92,313.08,1,"	1084,1246" 
2009-03-02T21:00:00Z,"MTSC",2010-03-01T21:00:00Z,Buy,21.55,27.92,14,89.18,6.3943861919358,-23.8,121.94,75.46,1,"	1082,1260" 
2009-04-01T20:00:00Z,"CMTL",2009-07-01T20:00:00Z,Buy,25.14,32.55,15,111.15,4.3172733413311,0,138.3,115.65,1,"	1098,1148" 
2009-04-01T20:00:00Z,"CODI",2009-10-01T20:00:00Z,Buy,9.21,10.3,43,46.87,16.746377127592,-62.78,76.11,103.63,1,"	1099,1164" 
2009-04-01T20:00:00Z,"CSGS",2009-11-02T21:00:00Z,Buy,14.36,15.98,27,43.74,8.0749124464328,-38.88,69.39,67.23,1,"	1100,1181" 
2009-04-01T20:00:00Z,"NATH",2009-11-02T21:00:00Z,Buy,12.5,14.62,31,65.72,11.203489390311,-13.95,74.4,88.35,1,"	1102,1185" 
2009-04-01T20:00:00Z,"CAI",2010-01-04T21:00:00Z,Buy,36.06,49.58,10,135.2,6.139877065268,-13,136.2,39.7,1,"	1097,1224" 
2009-04-01T20:00:00Z,"WIRE",2010-01-04T21:00:00Z,Buy,21.98,21.26,17.000016499992,-12.24,4.4703753910906,-184.96,417.35,74.8,0,"	1103,1231" 
2009-04-01T20:00:00Z,"MLAB",2010-02-01T21:00:00Z,Buy,16.6,27.2,24,254.4,9.7917109580975,0,297.6,54.48,1,"	1101,1245" 
2009-04-01T20:00:00Z,"APU",2011-07-01T20:00:00Z,Buy,28.4,45.73,13,225.29,4.1134357254888,0,299.13,112.58,1,"	1096,1493" 
2009-05-01T20:00:00Z,"ULBI",2009-06-01T20:00:00Z,Buy,7.39,7.03,61,-21.96,18.73904024009,-32.94,31.11,64.05,0,"	1123,1134" 
2009-05-01T20:00:00Z,"KIRK",2009-07-01T20:00:00Z,Buy,6.71,11.21,25,112.5,13.227453203885,-24.25,132.5,29.75,1,"	1119,1149" 
2009-05-01T20:00:00Z,"USNA",2009-10-01T20:00:00Z,Buy,24.1,34.06,18,179.28,17.498686154344,0,202.68,87.84,1,"	1124,1167" 
2009-05-01T20:00:00Z,"CHE",2009-11-02T21:00:00Z,Buy,42.32,44.44,10,21.2,4.7839908394455,-55.6,55.5,55.6,1,"	1116,1178" 
2009-05-01T20:00:00Z,"PLCE",2009-11-02T21:00:00Z,Buy,28.9,32.53,15,54.45,5.5653316038257,-60.6,118.35,178.95,1,"	1122,1187" 
2009-05-01T20:00:00Z,"JCOM",2010-02-01T21:00:00Z,Buy,23.72,20.87,18,-51.3,3.0016451735322,-85.68,14.58,100.26,0,"	1118,1243" 
2009-05-01T20:00:00Z,"KIRK",2010-04-01T20:00:00Z,Buy,6.71,20.85,10,141.4,1.0496428571429,-9.7,148,47.5,1,"	1119,1271" 
2009-05-01T20:00:00Z,"LEG",2010-04-01T20:00:00Z,Buy,14.5,21.67,30,215.1,3.5479379253951,-13.5,218.4,87.9,1,"	1120,1272" 
2009-05-01T20:00:00Z,"DGIT",2010-12-01T21:00:00Z,Buy,21.99,25.9,8,31.28,2.1258929176055,-55.04,174.48,229.52,1,"	1117,1388" 
2009-05-01T20:00:00Z,"DGIT",2011-01-03T21:00:00Z,Buy,21.99,29.59,10,76,3.2554322203212,-68.8,218.1,286.9,1,"	1117,1400" 
2009-05-01T20:00:00Z,"KIRK",2011-01-03T21:00:00Z,Buy,6.71,14.06,28,205.8,1.2254811119031,-27.16,498.96,384.72,1,"	1119,1402" 
2009-05-01T20:00:00Z,"LINC",2012-04-02T20:00:00Z,Buy,15.74,7.91,26,-203.58,5.1317167317445,-230.1,321.36,551.46,0,"	1121,1619" 
2009-06-01T20:00:00Z,"SGC",2009-11-02T21:00:00Z,Buy,7.55,8.9,61,82.35,28.98309989381,-81.74,123.83,131.76,1,"	1144,1188" 
2009-06-01T20:00:00Z,"USAK",2009-11-02T21:00:00Z,Buy,14.32,11.19,31,-97.03,8.1965611209724,-97.03,31.62,128.65,0,"	1145,1189" 
2009-06-01T20:00:00Z,"AIT",2009-12-01T21:00:00Z,Buy,22.14,20.88,19.749962518722,-24.88,1.111925854598,-299.28,260.11,88.08,0,"	1137,1205" 
2009-06-01T20:00:00Z,"CECO",2009-12-01T21:00:00Z,Buy,20.35,25.63,22,116.16,4.1351657249772,0,124.96,106.04,1,"	1139,1206" 
2009-06-01T20:00:00Z,"RHI",2009-12-01T21:00:00Z,Buy,22.61,22.75,20,2.8,3.4055435755795,-41.4,103.2,111.6,1,"	1143,1210" 
2009-06-01T20:00:00Z,"SNS",2010-01-04T21:00:00Z,Buy,182.8,314.25,1,131.45,5.9246696136819,-29.2,146.99,29.2,1,"	1140,1226" 
2009-06-01T20:00:00Z,"ICUI",2010-01-04T21:00:00Z,Buy,36.99,36.73,12,-3.12,3.8017623187256,-49.92,83.52,133.44,0,"	1142,1228" 
2009-06-01T20:00:00Z,"ALGN",2010-05-03T20:00:00Z,Buy,12.55,17.4,37,179.45,11.923478784017,-121.36,291.93,143.56,1,"	1136,1285" 
2009-06-01T20:00:00Z,"AZZ",2010-05-03T20:00:00Z,Buy,36.78,41.52,12,56.88,3.7942023976473,-95.64,74.76,164.04,1,"	1138,1286" 
2009-06-01T20:00:00Z,"USMO",2010-05-03T20:00:00Z,Buy,11.34,14.23,39,112.71,7.9346787863573,-53.04,117,149.76,1,"	1146,1299" 
2009-06-01T20:00:00Z,"SNS",2010-09-01T20:00:00Z,Buy,182.8,298.8,1,116,4.3230710924471,-29.2,231.12,149.92,1,"	1140,1346" 
2009-06-01T20:00:00Z,"SNS",2011-04-01T20:00:00Z,Buy,182.8,408.81,0.55,124.31,1.0048259945697,-16.06,152.33,82.46,1,"	1140,1441" 
2009-06-01T20:00:00Z,"GWW",2011-12-01T21:00:00Z,Buy,82.88,186.3,2,206.84,4.349985601862,-9.7,208.04,69.34,1,"	1141,1562" 
2009-06-01T20:00:00Z,"AIT",2012-11-01T20:00:00Z,Buy,22.14,40.94,1.2500374812782,23.5,1.0958191672826,-18.94,27.36,13.81,1,"	1137,1737" 
2009-06-01T20:00:00Z,"GWW",2013-01-02T21:00:00Z,Buy,82.88,207.73,3,374.55,1.6832159496345,-14.55,411.06,128.4,1,"	1141,1772" 
2009-07-01T20:00:00Z,"SIF",2009-12-01T21:00:00Z,Buy,10.57,16.25,13,73.84,8.750026538817,-15.99,73.84,23.79,1,"	1152,1212" 
2009-07-01T20:00:00Z,"SIF",2010-05-03T20:00:00Z,Buy,10.57,13.95,31,104.78,1.1558940158616,-38.13,205.53,122.45,1,"	1152,1295" 
2009-07-01T20:00:00Z,"CORE",2011-06-01T20:00:00Z,Buy,26.88,34.83,17,135.15,5.5482762064707,-22.61,171.7,147.9,1,"	1151,1486" 
2009-08-03T20:00:00Z,"MYGN",2009-11-02T21:00:00Z,Buy,27.05,24.77,9,-20.52,1.9317365167226,-27.36,170.55,69.03,0,"	1155,1184" 
2009-08-03T20:00:00Z,"RGR",2010-05-03T20:00:00Z,Buy,11.87,17.23,39,209.04,2.3866573727545,-84.63,221.52,160.29,1,"	1156,1292" 
2009-08-03T20:00:00Z,"TTEC",2010-05-03T20:00:00Z,Buy,16.01,16.87,29,24.94,3.3863463328756,0,138.91,123.25,1,"	1157,1297" 
2009-09-01T20:00:00Z,"WEYS",2009-10-01T20:00:00Z,Buy,21.96,22.35,8.999981999982,3.51,2.653857337074,-82.74,157.32,6.75,1,"	1161,1168" 
2009-09-01T20:00:00Z,"DISCA",2010-09-01T20:00:00Z,Buy,25.54,38.94,6,80.4,4.4734967952552,0,83.94,29.4,1,"	1160,1348" 
2009-09-01T20:00:00Z,"DISCA",2011-05-02T20:00:00Z,Buy,25.54,44.65,13,248.43,1.0655727519205,0,252.59,83.33,1,"	1160,1459" 
2009-10-01T20:00:00Z,"EBS",2009-11-02T21:00:00Z,Buy,16.94,14.59,29,-68.15,9.2527713760581,-82.36,24.94,107.3,0,"	1170,1183" 
2009-10-01T20:00:00Z,"SCHN",2010-01-04T21:00:00Z,Buy,51.67,50,8.499979869987,-14.19,1.0436647887324,-379.13,534.9,117.38,0,"	1174,1230" 
2009-10-01T20:00:00Z,"PLUS",2010-03-01T21:00:00Z,Buy,15.36,16.5,33,37.62,6.4945018041221,-11.22,45.54,39.6,1,"	1172,1259" 
2009-10-01T20:00:00Z,"TESS",2010-06-01T20:00:00Z,Buy,11.27333897,18.28,11.249938173722,78.82,6.4243193924855,-58.72,108.37,29.32,1,"	1175,1320" 
2009-10-01T20:00:00Z,"TSRA",2010-06-01T20:00:00Z,Buy,26.28,16.87,18,-169.38,6.6117761230632,-171,88.38,259.38,0,"	1176,1322" 
2009-10-01T20:00:00Z,"PRFT",2010-09-01T20:00:00Z,Buy,7.92,9.1,62,73.16,6.1848533688051,-3.72,314.34,296.36,1,"	1173,1354" 
2009-10-01T20:00:00Z,"LANC",2011-02-01T21:00:00Z,Buy,50.18,56.29,10,61.1,3.7523589668091,-47.1,109.9,157,1,"	1171,1412" 
2009-10-01T20:00:00Z,"TESS",2011-02-01T21:00:00Z,Buy,11.27333897,12.44,31,36.17,1.1673784722222,-161.82,298.63,271.77,1,"	1175,1416" 
2009-11-02T21:00:00Z,"AAWW",2010-03-01T21:00:00Z,Buy,25.08,46.67,6,129.54,2.1169158594855,0,129.54,23.04,1,"	1191,1255" 
2009-11-02T21:00:00Z,"EGN",2010-03-01T21:00:00Z,Buy,43.48,46.68,11,35.2,5.277050801422,-15.4,62.48,77.88,1,"	1195,1257" 
2009-11-02T21:00:00Z,"ARKR",2010-04-01T20:00:00Z,Buy,12.8,13.35,39,21.45,10.899190302565,-3.9,92.82,81.12,1,"	1193,1268" 
2009-11-02T21:00:00Z,"AN",2010-04-01T20:00:00Z,Buy,17.56,18.16,28,16.8,2.2832180769152,-3.36,87.64,86.8,1,"	1200,1276" 
2009-11-02T21:00:00Z,"AAWW",2010-05-03T20:00:00Z,Buy,25.08,55.95,12,370.44,1.0607381943188,0,405.48,46.56,1,"	1191,1284" 
2009-11-02T21:00:00Z,"CVI",2010-05-03T20:00:00Z,Buy,10.34,8.47,46,-86.02,2.6151459108681,-174.34,22.54,196.88,0,"	1194,1287" 
2009-11-02T21:00:00Z,"LXU",2010-05-03T20:00:00Z,Buy,12.34,18.65,39,246.09,6.1622083764416,-59.67,246.09,106.47,1,"	1198,1289" 
2009-11-02T21:00:00Z,"SNX",2010-06-01T20:00:00Z,Buy,25.35,25.77,19,7.98,4.2444763760442,-2.47,128.06,120.08,1,"	1203,1319" 
2009-11-02T21:00:00Z,"APOG",2010-08-02T20:00:00Z,Buy,12.9,11.12,37,-65.86,8.6314830395338,-84.73,142.82,227.55,0,"	1192,1336" 
2009-11-02T21:00:00Z,"FOSL",2010-09-01T20:00:00Z,Buy,27.07,48.8,6.5000097499951,141.25,1.0911447811448,-104.93,141.25,58.24,1,"	1196,1349" 
2009-11-02T21:00:00Z,"HHS",2010-09-01T20:00:00Z,Buy,11.42,10.42,42,-42,2.8618772350766,-76.02,165.9,231,0,"	1197,1350" 
2009-11-02T21:00:00Z,"RS",2010-10-01T20:00:00Z,Buy,36.42,42.19,13,75.01,4.4948589529599,-13.91,241.02,254.93,1,"	1201,1366" 
2009-11-02T21:00:00Z,"SCL",2010-11-01T20:00:00Z,Buy,56.15,67.53,8,91.04,7.8574134586932,-71.92,184.96,199.04,1,"	1202,1380" 
2009-11-02T21:00:00Z,"POWL",2010-12-01T21:00:00Z,Buy,36.05,36.17,13,1.56,5.7739546504344,-123.63,13.65,137.28,1,"	1199,1395" 
2009-11-02T21:00:00Z,"FOSL",2011-04-01T20:00:00Z,Buy,27.07,93.61,4,266.16,1.0199914575547,-64.57,266.32,35.84,1,"	1196,1442" 
2009-11-02T21:00:00Z,"FOSL",2011-08-01T20:00:00Z,Buy,27.07,126.74,2,199.34,1.0100851436301,-32.29,214.44,18.58,1,"	1196,1507" 
2009-11-02T21:00:00Z,"FOSL",2012-03-01T21:00:00Z,Buy,27.07,126.29,2,198.44,2.9108092280588,-32.29,214.44,122.72,1,"	1196,1601" 
2009-11-02T21:00:00Z,"FOSL",2012-07-02T20:00:00Z,Buy,27.07,74.88,3.4999902500049,167.33,6.2256151803204,-56.5,389.3,240.87,1,"	1196,1676" 
2009-12-01T21:00:00Z,"CENT",2010-01-04T21:00:00Z,Buy,9.15,10.65,58,87,2.5929453185287,0,116,29,1,"	1216,1225" 
2009-12-01T21:00:00Z,"DPZ",2010-02-01T21:00:00Z,Buy,7.75,11.36,18,64.98,2.7286578683804,-3.24,66.06,7.56,1,"	1217,1242" 
2009-12-01T21:00:00Z,"DPZ",2010-05-03T20:00:00Z,Buy,7.75,16.06,46,382.26,1.694464013441,-8.28,386.86,38.64,1,"	1217,1288" 
2009-12-01T21:00:00Z,"OTL",2010-05-03T20:00:00Z,Buy,9.38,13.92,57,258.78,10.407781716367,-39.33,296.97,186.96,1,"	1223,1290" 
2009-12-01T21:00:00Z,"GTLS",2010-06-01T20:00:00Z,Buy,16.91,16.96,30,1.5,9.7317954653758,-37.2,277.8,276.3,1,"	1219,1317" 
2009-12-01T21:00:00Z,"BGFV",2010-09-01T20:00:00Z,Buy,16.73,12.53,31,-130.2,7.5403607802126,-161.82,45.26,207.08,0,"	1215,1345" 
2009-12-01T21:00:00Z,"MVO",2010-09-01T20:00:00Z,Buy,18.99,27.75,8,70.08,3.935503273943,-2.24,79.44,42.8,1,"	1222,1352" 
2009-12-01T21:00:00Z,"GES",2010-10-01T20:00:00Z,Buy,41.82,40.29,13,-19.89,2.1378244879982,-137.54,109.72,247.26,0,"	1218,1363" 
2009-12-01T21:00:00Z,"JBSS",2010-11-01T20:00:00Z,Buy,16.32,12.96,32,-107.52,4.8376669450988,-130.24,35.84,166.08,0,"	1220,1377" 
2009-12-01T21:00:00Z,"IPAR",2011-05-02T20:00:00Z,Buy,11.32,18.94,43,327.66,6.4489763002837,-5.16,356.04,165.98,1,"	1221,1464" 
2009-12-01T21:00:00Z,"MVO",2012-08-01T20:00:00Z,Buy,18.99,34.09,19,286.9,1.0922663817664,-5.32,513,274.93,1,"	1222,1690" 
2010-01-04T21:00:00Z,"BKE",2010-04-01T20:00:00Z,Buy,29.65,37.16,5.249960268723,39.43,1.0354422814208,-96.79,62.56,26.62,1,"	1232,1269" 
2010-01-04T21:00:00Z,"MFRI",2010-04-01T20:00:00Z,Buy,6.77,6.68,79,-7.11,6.4274938291096,-48.19,36.34,84.53,0,"	1238,1274" 
2010-01-04T21:00:00Z,"CVI",2010-05-03T20:00:00Z,Buy,7.43,8.47,32,33.28,1.1732944606414,-28.16,108.8,48.64,1,"	1235,1287" 
2010-01-04T21:00:00Z,"CF",2010-06-01T20:00:00Z,Buy,91.84,65.94,5,-129.5,6.2550001819298,-129.5,81.95,211.45,0,"	1233,1314" 
2010-01-04T21:00:00Z,"DDS",2010-06-01T20:00:00Z,Buy,18.69,27.49,9,79.2,8.0685851924678,-27.72,109.89,69.39,1,"	1236,1315" 
2010-01-04T21:00:00Z,"PLCE",2010-09-01T20:00:00Z,Buy,32.17,44.82,5,63.25,3.0295390620166,-1.85,87.5,47,1,"	1240,1353" 
2010-01-04T21:00:00Z,"IPG",2011-03-01T21:00:00Z,Buy,7.53,12.61,20,101.6,2.467876685561,-23.6,113.6,58.8,1,"	1237,1430" 
2010-01-04T21:00:00Z,"DDS",2011-05-02T20:00:00Z,Buy,18.69,47.04,5,141.75,1.0244846970643,-15.4,148.6,57.8,1,"	1236,1458" 
2010-01-04T21:00:00Z,"CLW",2011-06-01T20:00:00Z,Buy,54.32,67.69,9,120.33,7.0649698463717,-90.81,273.15,152.82,1,"	1234,1485" 
2010-01-04T21:00:00Z,"MLR",2011-06-01T20:00:00Z,Buy,11.92,17.04,47,240.64,7.6688643955533,-47,248.16,154.63,1,"	1239,1487" 
2010-01-04T21:00:00Z,"IPG",2011-09-01T20:00:00Z,Buy,7.53,8.21,53,36.04,7.7836646017389,-62.54,301.04,303.16,1,"	1237,1520" 
2010-01-04T21:00:00Z,"PLCE",2011-10-03T20:00:00Z,Buy,32.17,45.8,11,149.93,1.0787448957662,-4.07,268.18,212.63,1,"	1240,1533" 
2010-01-04T21:00:00Z,"DDS",2012-06-01T20:00:00Z,Buy,18.69,66.21,4,190.08,1.0196936347412,-12.32,206.96,83.8,1,"	1236,1650" 
2010-01-04T21:00:00Z,"DDS",2013-06-03T20:00:00Z,Buy,18.69,91.44,11,800.25,1.054505256313,-33.88,825,230.45,1,"	1236,1871" 
2010-01-04T21:00:00Z,"BKE",2013-12-02T21:00:00Z,Buy,29.65,52.07,1.750039731277,39.24,3.5179237076038,-32.26,48.11,22.38,1,"	1232,1979" 
2010-02-01T21:00:00Z,"MED",2010-04-01T20:00:00Z,Buy,17.97,25.43,8,59.68,2.2077658052003,-9.36,66.56,26.64,1,"	1252,1273" 
2010-02-01T21:00:00Z,"GHM",2010-06-01T20:00:00Z,Buy,15.74,16.03,33,9.57,10.308049081017,-21.78,130.68,144.87,1,"	1250,1316" 
2010-02-01T21:00:00Z,"TSRA",2010-06-01T20:00:00Z,Buy,17.25,16.87,12,-4.56,1.0602795573675,-5.64,167.28,68.04,0,"	1254,1322" 
2010-02-01T21:00:00Z,"DECK",2010-07-01T20:00:00Z,Buy,99.46,141.89,2,84.86,2.0352979830715,-9.74,131.12,65.2,1,"	1248,1332" 
2010-02-01T21:00:00Z,"KMX",2010-09-01T20:00:00Z,Buy,21.1,20.78,25,-8,6.0096824556755,-61,127.5,188.5,0,"	1251,1351" 
2010-02-01T21:00:00Z,"MTRX",2010-10-01T20:00:00Z,Buy,10.52,8.7,52,-94.64,9.4669407198074,-107.64,96.72,204.36,0,"	1253,1364" 
2010-02-01T21:00:00Z,"MED",2010-12-01T21:00:00Z,Buy,17.97,25.46,23,172.27,2.473747704171,-26.91,432.63,311.19,1,"	1252,1394" 
2010-02-01T21:00:00Z,"NEU",2011-05-02T20:00:00Z,Buy,88.66,186.58,5,489.6,2.049874255461,-33.6,489.6,138.4,1,"	1249,1462" 
2010-02-01T21:00:00Z,"DECK",2011-10-03T20:00:00Z,Buy,33.15329951694,88.1,3,164.84,1.0141594342655,-4.87,215.6,94.98,1,"	1248,1529" 
2010-02-01T21:00:00Z,"DECK",2012-03-01T21:00:00Z,Buy,33.15329951694,78.59,6.0000091800075,272.62,2.4928157216205,-9.74,506.92,257.7,1,"	1248,1599" 
2010-03-01T21:00:00Z,"SAH",2010-05-03T20:00:00Z,Buy,10.7,11.3,53,31.8,11.86296578313,-1.06,131.44,132.5,1,"	1265,1293" 
2010-03-01T21:00:00Z,"UIS",2010-05-03T20:00:00Z,Buy,36.63,28.75,15,-118.2,4.9151695558054,-129.45,49.95,179.4,0,"	1267,1298" 
2010-03-01T21:00:00Z,"UFS",2010-11-01T20:00:00Z,Buy,56.19,76.47,3,60.84,8.1396412102452,-27.72,69.51,94.32,1,"	1266,1381" 
2010-03-01T21:00:00Z,"LZB",2010-12-01T21:00:00Z,Buy,13.52,7.98,43,-238.22,8.591189944003,-302.72,70.95,373.67,0,"	1264,1393" 
2010-03-01T21:00:00Z,"GCI",2011-01-03T21:00:00Z,Buy,15.93,15.42,36,-18.36,2.3732037084424,-150.12,98.64,248.76,0,"	1263,1401" 
2010-03-01T21:00:00Z,"ASH",2011-02-01T21:00:00Z,Buy,49.05,59.33,11,113.08,7.4597607505993,-64.57,156.53,221.1,1,"	1262,1407" 
2010-03-01T21:00:00Z,"UFS",2012-10-01T20:00:00Z,Buy,56.19,77.25,7,147.42,1.0493358027845,-64.68,341.67,279.93,1,"	1266,1723" 
2010-04-01T20:00:00Z,"HA",2010-08-02T20:00:00Z,Buy,7.36,5.89,80,-117.6,10.409785155296,-175.2,3.2,178.4,0,"	1282,1337" 
2010-04-01T20:00:00Z,"ARP",2010-10-01T20:00:00Z,Buy,9,7.77,66,-81.18,7.4397360788423,-158.4,123.42,281.82,0,"	1278,1362" 
2010-04-01T20:00:00Z,"DSW",2010-12-01T21:00:00Z,Buy,25.76,39.45,7,95.83,6.761711717997,-26.88,98.63,72.17,1,"	1279,1389" 
2010-04-01T20:00:00Z,"GLT",2011-02-01T21:00:00Z,Buy,14.47,12.25,41,-91.02,3.4297561803638,-178.35,41.41,219.76,0,"	1281,1410" 
2010-04-01T20:00:00Z,"AMED",2011-03-01T21:00:00Z,Buy,56.99,35.37,10,-216.2,7.7348098829428,-338.7,61.2,399.9,0,"	1277,1427" 
2010-04-01T20:00:00Z,"FLXS",2011-03-01T21:00:00Z,Buy,13.31,14.82,43,64.93,4.8813478830194,-132.87,231.34,224.89,1,"	1280,1429" 
2010-04-01T20:00:00Z,"SKX",2011-04-01T20:00:00Z,Buy,37.02,20.22,16,-268.8,3.4219169457348,-296.96,109.28,406.24,0,"	1283,1448" 
2010-04-01T20:00:00Z,"DSW",2012-06-01T20:00:00Z,Buy,25.76,57.26,16,504,1.0767560321716,-61.44,572.16,280,1,"	1279,1652" 
2010-05-03T20:00:00Z,"OFIX",2010-06-01T20:00:00Z,Buy,33.84,31.01,18,-50.94,5.9461357279167,-58.14,13.5,71.64,0,"	1310,1318" 
2010-05-03T20:00:00Z,"ATSG",2010-07-01T20:00:00Z,Buy,5.52,4.93,115,-67.85,10.619125255677,-113.85,32.2,146.05,0,"	1300,1330" 
2010-05-03T20:00:00Z,"SXI",2010-08-02T20:00:00Z,Buy,25.94,29.95,7,28.07,3.982789397,-25.34,28.56,30.59,1,"	1312,1339" 
2010-05-03T20:00:00Z,"CSL",2010-09-01T20:00:00Z,Buy,38.9,29.35,16,-152.8,2.1661884494057,-173.6,25.92,199.52,0,"	1302,1347" 
2010-05-03T20:00:00Z,"OSK",2010-10-01T20:00:00Z,Buy,39.75,28.07,16,-186.88,5.6957178316946,-237.44,0,237.44,0,"	1311,1365" 
2010-05-03T20:00:00Z,"UVV",2010-10-01T20:00:00Z,Buy,54.38,40.39,12,-167.88,5.2251334373498,-227.28,0,227.28,0,"	1313,1368" 
2010-05-03T20:00:00Z,"MSTR",2010-11-01T20:00:00Z,Buy,76.09,90.53,8,115.52,6.7172199006878,-58.08,116.32,86.32,1,"	1307,1378" 
2010-05-03T20:00:00Z,"LULU",2010-12-01T21:00:00Z,Buy,41.55,54.2,4,50.6,2.1085735939659,-38.6,50.6,54.72,1,"	1306,1392" 
2010-05-03T20:00:00Z,"LULU",2011-01-03T21:00:00Z,Buy,41.55,71.58,3,90.09,1.0156927798889,-28.95,95.88,41.04,1,"	1306,1403" 
2010-05-03T20:00:00Z,"NSIT",2011-02-01T21:00:00Z,Buy,15.78,14.65,42,-47.46,9.2881541463631,-143.22,37.38,170.52,0,"	1308,1414" 
2010-05-03T20:00:00Z,"GIII",2011-05-02T20:00:00Z,Buy,30.75,42.75,5,60,6.6569347613245,-47.55,71.9,47.55,1,"	1303,1463" 
2010-05-03T20:00:00Z,"LULU",2011-05-02T20:00:00Z,Buy,41.55,96.35,2,109.6,1.0096321103669,-19.3,121.24,27.36,1,"	1306,1465" 
2010-05-03T20:00:00Z,"NUS",2011-05-02T20:00:00Z,Buy,30.4,32.58,21,45.78,2.3747457173232,-128.73,45.78,128.73,1,"	1309,1467" 
2010-05-03T20:00:00Z,"ALG",2011-08-01T20:00:00Z,Buy,24.59,24.02,26,-14.82,5.4584687814791,-141.96,118.3,205.66,0,"	1301,1504" 
2010-05-03T20:00:00Z,"SXI",2011-08-01T20:00:00Z,Buy,25.94,32.27,19,120.27,1.0952360981671,-68.78,245.1,189.62,1,"	1312,1509" 
2010-05-03T20:00:00Z,"GIII",2011-10-03T20:00:00Z,Buy,30.75,21.83,17,-151.64,5.8916807104432,-167.62,244.46,412.08,0,"	1303,1530" 
2010-05-03T20:00:00Z,"KWR",2011-11-01T20:00:00Z,Buy,32.96,32.74,20,-4.4,18.958705560309,-205.6,244.4,414.6,0,"	1304,1546" 
2010-05-03T20:00:00Z,"LHCG",2011-12-01T21:00:00Z,Buy,34.8,13.93,18,-375.66,8.0827816532872,-404.1,23.58,427.68,0,"	1305,1564" 
2010-05-03T20:00:00Z,"LULU",2012-03-01T21:00:00Z,Buy,20.775,70.86,3,150.26,1.2575764015401,-14.48,150.26,60.45,1,"	1306,1603" 
2010-05-03T20:00:00Z,"LULU",2012-06-01T20:00:00Z,Buy,20.775,69.3,11,533.78,4.9836835880144,-53.08,654.78,221.65,1,"	1306,1656" 
2010-06-01T20:00:00Z,"UIS",2010-10-01T20:00:00Z,Buy,21.45,28.36,25,172.75,8.4653494568326,-108.75,172.75,142.5,1,"	1329,1367" 
2010-06-01T20:00:00Z,"POWL",2010-12-01T21:00:00Z,Buy,28.33,36.17,7,54.88,3.0804359298152,-12.53,61.39,55.79,1,"	1327,1395" 
2010-06-01T20:00:00Z,"AAWW",2011-03-01T21:00:00Z,Buy,49.94,67.43,11,192.39,5.1450698795286,-72.6,245.52,183.26,1,"	1323,1426" 
2010-06-01T20:00:00Z,"EBF",2011-05-02T20:00:00Z,Buy,16.13,18.5,33,78.21,6.0823585018464,-46.53,128.7,142.89,1,"	1325,1461" 
2010-06-01T20:00:00Z,"POL",2011-11-01T20:00:00Z,Buy,9.44,10.93,59,87.91,10.447330813688,-118,407.1,375.83,1,"	1326,1549" 
2010-06-01T20:00:00Z,"SSP",2011-12-01T21:00:00Z,Buy,8.12,8.35,67,15.41,11.858980478257,-111.89,156.11,268,1,"	1328,1567" 
2010-06-01T20:00:00Z,"ALK",2012-01-03T21:00:00Z,Buy,46.18,73.95,3,83.31,5.8779555407947,-8.82,90.99,55.35,1,"	1324,1579" 
2010-06-01T20:00:00Z,"ALK",2012-11-01T20:00:00Z,Buy,23.09,39,18,286.38,3.1426167631149,-26.46,289.71,166.05,1,"	1324,1736" 
2010-07-01T20:00:00Z,"LZB",2010-12-01T21:00:00Z,Buy,7.28,7.98,29,20.3,1.1420726783311,-23.2,228.81,71.92,1,"	1334,1393" 
2010-07-01T20:00:00Z,"GCO",2011-07-01T20:00:00Z,Buy,26.36,52.83,6,158.82,3.8785001785703,-9.12,164.16,31.44,1,"	1333,1496" 
2010-07-01T20:00:00Z,"GCO",2012-03-01T21:00:00Z,Buy,26.36,70.64,3,132.84,1.0155503375404,-4.56,132.84,43.89,1,"	1333,1602" 
2010-07-01T20:00:00Z,"WSM",2012-05-01T20:00:00Z,Buy,23.92,38.85,21,313.53,3.8023611953401,-3.78,447.72,345.03,1,"	1335,1635" 
2010-07-01T20:00:00Z,"GCO",2013-04-01T20:00:00Z,Buy,26.36,58.07,11,348.81,3.4752721758052,-16.72,576.51,309.54,1,"	1333,1820" 
2010-08-02T20:00:00Z,"WDC",2010-11-01T20:00:00Z,Buy,27.16,32.62,8,43.68,1.0411515151515,-137.84,154.48,28.32,1,"	1344,1382" 
2010-08-02T20:00:00Z,"BWS",2011-02-01T21:00:00Z,Buy,14.65,13.29,37.749967566226,-51.34,5.5212916526228,-156.66,852.52,164.97,0,"	1341,1408" 
2010-08-02T20:00:00Z,"AMED",2011-03-01T21:00:00Z,Buy,26.75,35.37,12,103.44,2.9028356595074,-43.56,436.32,74.4,1,"	1340,1427" 
2010-08-02T20:00:00Z,"SAFM",2011-03-01T21:00:00Z,Buy,45.82,41.36,11.000007499996,-49.06,1.0588064171123,-296.05,100.98,79.53,0,"	1343,1432" 
2010-08-02T20:00:00Z,"SNS",2011-04-01T20:00:00Z,Buy,292.3,408.81,0.45,52.43,1.0050309810671,-62.42,75.36,30.74,1,"	1342,1441" 
2010-08-02T20:00:00Z,"BWS",2013-06-03T20:00:00Z,Buy,14.65,21.48,1.2500324337744,8.54,1.2426826923077,-5.19,28.23,5.46,1,"	1341,1868" 
2010-08-02T20:00:00Z,"SAFM",2014-07-01T20:00:00Z,Buy,45.82,97.92,0.99999250000375,52.1,2.1063248366893,-26.91,52.1,7.38,1,"	1343,2148" 
2010-08-02T20:00:00Z,"SNS",2014-09-02T20:00:00Z,Buy,292.3,348.79,0.55,31.07,5.3846724563503,-76.28,118.84,87.77,1,"	1342,2185" 
2010-09-01T20:00:00Z,"DGIT",2011-01-03T21:00:00Z,Buy,15.83,29.59,15,206.4,1.0749526515152,-10.8,419.55,45.3,1,"	1355,1400" 
2010-09-01T20:00:00Z,"KLIC",2011-02-01T21:00:00Z,Buy,5.86,10.29,22,97.46,2.5806045028143,-9.24,97.46,21.56,1,"	1357,1411" 
2010-09-01T20:00:00Z,"DPZ",2011-05-02T20:00:00Z,Buy,13.18,18.56,40,215.2,3.3581867744386,-3.6,222.8,64,1,"	1356,1460" 
2010-09-01T20:00:00Z,"USMO",2011-05-02T20:00:00Z,Buy,14.95,15.02,36,2.52,10.050036874132,-75.24,150.12,225.36,1,"	1360,1469" 
2010-09-01T20:00:00Z,"VECO",2011-05-02T20:00:00Z,Buy,34.37,51.57,15,258,6.6663184521834,-15,274.95,148.5,1,"	1361,1470" 
2010-09-01T20:00:00Z,"NP",2011-06-01T20:00:00Z,Buy,15.49,22.03,35,228.9,11.592396455163,-22.75,275.45,90.65,1,"	1359,1488" 
2010-09-01T20:00:00Z,"LINC",2012-04-02T20:00:00Z,Buy,11.31,7.91,21,-71.4,1.10875,-92.82,352.59,263.97,0,"	1358,1619" 
2010-09-01T20:00:00Z,"KLIC",2013-02-01T21:00:00Z,Buy,5.86,11.65,69,399.51,2.6892938074486,-28.98,509.22,386.4,1,"	1357,1797" 
2010-10-01T20:00:00Z,"ODC",2011-04-01T20:00:00Z,Buy,21.79,21.38,27,-11.07,3.613049400105,-77.76,32.67,110.43,0,"	1373,1445" 
2010-10-01T20:00:00Z,"SKX",2011-04-01T20:00:00Z,Buy,22.54,20.22,9,-20.88,2.0787079611782,-36.72,191.79,63.36,0,"	1375,1448" 
2010-10-01T20:00:00Z,"MGLN",2011-05-02T20:00:00Z,Buy,47.38,51.79,12,52.92,2.119912532827,-21.84,57.72,64.44,1,"	1371,1466" 
2010-10-01T20:00:00Z,"OC",2011-05-02T20:00:00Z,Buy,25.92,37.65,23,269.79,2.2307842872567,-7.59,278.76,96.14,1,"	1372,1468" 
2010-10-01T20:00:00Z,"SAM",2011-07-01T20:00:00Z,Buy,66.74,90.21,8,187.76,6.892686963618,-4.08,262.32,156.16,1,"	1374,1497" 
2010-10-01T20:00:00Z,"DLTR",2011-09-01T20:00:00Z,Buy,48.48,71.78,3,69.9,3.6213672204886,-0.75,76.02,27.78,1,"	1370,1519" 
2010-10-01T20:00:00Z,"DLTR",2012-06-01T20:00:00Z,Buy,48.48,99.94,2,102.92,1.0096859856561,-0.5,110.8,18.52,1,"	1370,1651" 
2010-10-01T20:00:00Z,"AIT",2012-11-01T20:00:00Z,Buy,30.99,40.94,17.749962518722,176.61,1.7352649634025,-426.06,231.46,196.14,1,"	1369,1737" 
2010-10-01T20:00:00Z,"DLTR",2012-12-03T21:00:00Z,Buy,24.24,41.34,14,239.4,3.2851211847522,-1.75,455.07,266.63,1,"	1370,1753" 
2010-10-01T20:00:00Z,"USNA",2013-06-03T20:00:00Z,Buy,40.2,67.3,6,162.6,2.4384623334543,-99.6,179.64,128.82,1,"	1376,1877" 
2010-10-01T20:00:00Z,"USNA",2014-11-03T21:00:00Z,Buy,40.2,115.22,6,450.12,1.0303263730479,-99.6,450.12,202.74,1,"	1376,2236" 
2010-10-01T20:00:00Z,"USNA",2015-04-01T20:00:00Z,Buy,40.2,113.19,2,145.98,1.0101862850972,-33.2,155.96,67.58,1,"	1376,2343" 
2010-11-01T20:00:00Z,"IDT",2010-12-01T21:00:00Z,Buy,13.74,22.2,10,84.6,2.2452643503938,0,88,17.5,1,"	1386,1391" 
2010-11-01T20:00:00Z,"KIRK",2011-01-03T21:00:00Z,Buy,13.11,14.06,17,16.15,2.3650798560124,-125.29,194.14,47.43,1,"	1387,1402" 
2010-11-01T20:00:00Z,"CRUS",2011-02-01T21:00:00Z,Buy,12.51,21.33,15,132.3,6.0152914320946,0,132.3,23.85,1,"	1384,1409" 
2010-11-01T20:00:00Z,"CRUS",2011-08-01T20:00:00Z,Buy,12.51,15.22,32,86.72,1.2306060606061,0,404.48,373.76,1,"	1384,1505" 
2010-11-01T20:00:00Z,"ALV",2011-10-03T20:00:00Z,Buy,70.96,46.14,8,-198.56,2.3631601543367,-198.56,100.56,299.12,0,"	1383,1528" 
2010-11-01T20:00:00Z,"IDT",2012-01-03T21:00:00Z,Buy,13.74,9.55,31,-129.89,1.315618336887,-151.28,491.97,643.25,0,"	1386,1580" 
2010-11-01T20:00:00Z,"EAT",2012-06-01T20:00:00Z,Buy,18.55,30.86,9,110.79,4.4942790575219,-2.79,127.26,59.04,1,"	1385,1654" 
2010-11-01T20:00:00Z,"EAT",2013-01-02T21:00:00Z,Buy,18.55,31.97,23,308.66,1.1186366569861,-7.13,400.89,167.21,1,"	1385,1771" 
2010-12-01T21:00:00Z,"MKSI",2011-02-01T21:00:00Z,Buy,21.48,29.51,8,64.24,5.8283426224248,-4.32,64.24,11.44,1,"	1396,1413" 
2010-12-01T21:00:00Z,"SGU",2011-02-01T21:00:00Z,Buy,5.38,5.48,121,12.1,7.3971718452522,-20.57,12.1,21.78,1,"	1398,1415" 
2010-12-01T21:00:00Z,"OTL",2011-04-01T20:00:00Z,Buy,21.8,31.01,7,64.47,2.1864284541382,-18.48,70.98,22.68,1,"	1397,1446" 
2010-12-01T21:00:00Z,"VSH",2011-12-01T21:00:00Z,Buy,14.97,9.7,45,-237.15,2.5990944747056,-309.6,183.6,493.2,0,"	1399,1571" 
2010-12-01T21:00:00Z,"OTL",2012-05-01T20:00:00Z,Buy,21.8,29.94,23,187.22,1.113896791267,-60.72,364.78,366.16,1,"	1397,1630" 
2010-12-01T21:00:00Z,"MKSI",2012-12-03T21:00:00Z,Buy,21.48,24.02,23,58.42,2.7465079130633,-28.75,280.83,309.58,1,"	1396,1756" 
2011-01-03T21:00:00Z,"RGR",2011-04-01T20:00:00Z,Buy,15.09,23.09,12,96,4.0764268580773,-2.88,96,10.68,1,"	1405,1447" 
2011-01-03T21:00:00Z,"RGR",2011-09-01T20:00:00Z,Buy,15.09,31.78,12,200.28,3.5434726662176,-2.88,245.28,60.12,1,"	1405,1521" 
2011-01-03T21:00:00Z,"JAKK",2011-10-03T20:00:00Z,Buy,18.8,17.83,37,-35.89,2.3649550958818,-163.91,82.88,246.79,0,"	1404,1531" 
2011-01-03T21:00:00Z,"FL",2012-03-01T21:00:00Z,Buy,19.75,29.51,7,68.32,4.7443362823861,-20.86,68.32,58.38,1,"	1406,1606" 
2011-01-03T21:00:00Z,"RGR",2012-05-01T20:00:00Z,Buy,15.09,55.14,6,240.3,1.028985456457,-1.44,251.88,65.28,1,"	1405,1633" 
2011-01-03T21:00:00Z,"RGR",2012-12-03T21:00:00Z,Buy,15.09,58.58,5,217.45,1.9471051087654,-1.2,223.55,113.05,1,"	1405,1758" 
2011-01-03T21:00:00Z,"RGR",2013-05-01T20:00:00Z,Buy,15.09,49.62,9,310.77,1.0920863449893,-2.16,402.39,203.49,1,"	1405,1846" 
2011-01-03T21:00:00Z,"FL",2014-03-03T21:00:00Z,Buy,19.75,41.79,5,110.2,1.8524551465326,-14.9,111.1,41.7,1,"	1406,2062" 
2011-01-03T21:00:00Z,"FL",2014-07-01T20:00:00Z,Buy,19.75,51.6,4,127.4,1.7177818635946,-11.92,127.4,33.36,1,"	1406,2151" 
2011-01-03T21:00:00Z,"FL",2015-06-01T20:00:00Z,Buy,19.75,63.22,4,173.88,1.0200063291139,-11.92,177,33.36,1,"	1406,2405" 
2011-01-03T21:00:00Z,"FL",2015-09-01T20:00:00Z,Buy,19.75,70.4,3,151.95,1.0149173612092,-8.94,163.11,25.02,1,"	1406,2458" 
2011-02-01T21:00:00Z,"ACTG",2011-04-01T20:00:00Z,Buy,25.62,35.6,6,59.88,2.1729598188194,-18.54,61.2,23.28,1,"	1418,1440" 
2011-02-01T21:00:00Z,"MED",2011-04-01T20:00:00Z,Buy,24.44,17.98,28,-180.88,11.892570119016,-218.68,82.88,301.56,0,"	1421,1444" 
2011-02-01T21:00:00Z,"ACTG",2011-09-01T20:00:00Z,Buy,25.62,42.48,6,101.16,1.0291624713959,-18.54,115.5,70.92,1,"	1418,1517" 
2011-02-01T21:00:00Z,"STMP",2011-09-01T20:00:00Z,Buy,13.03,19.32,19,119.51,5.4366475377825,-22.23,125.59,42.94,1,"	1424,1522" 
2011-02-01T21:00:00Z,"PLCE",2011-10-03T20:00:00Z,Buy,42.14,45.8,5,18.3,1.0251492002865,-51.7,72.05,92.65,1,"	1422,1533" 
2011-02-01T21:00:00Z,"LRCX",2011-11-01T20:00:00Z,Buy,52.23,42.22,13,-130.13,4.1011919823955,-219.05,80.08,299.13,0,"	1420,1547" 
2011-02-01T21:00:00Z,"STMP",2011-11-01T20:00:00Z,Buy,13.03,29.48,12,197.4,1.0543243243243,-14.04,236.4,53.04,1,"	1424,1550" 
2011-02-01T21:00:00Z,"HIBB",2011-12-01T21:00:00Z,Buy,33.29,45.33,5.2499784759189,63.21,4.8571109715402,-129.37,64.15,55.07,1,"	1419,1563" 
2011-02-01T21:00:00Z,"ACTG",2012-04-02T20:00:00Z,Buy,25.62,42.1,15,247.2,1.0756468615237,-46.35,312.75,265.65,1,"	1418,1616" 
2011-02-01T21:00:00Z,"PLPC",2012-06-01T20:00:00Z,Buy,64.38,53.05,11,-124.63,4.2604340628396,-246.29,140.47,386.76,0,"	1423,1660" 
2011-02-01T21:00:00Z,"STMP",2012-10-01T20:00:00Z,Buy,13.03,23.26,22,225.06,4.5354357365669,-25.74,436.48,308.66,1,"	1424,1722" 
2011-02-01T21:00:00Z,"HIBB",2013-04-01T20:00:00Z,Buy,33.29,56,15,340.65,1.0746401279545,-369.62,444.3,183,1,"	1419,1821" 
2011-02-01T21:00:00Z,"TER",2013-05-01T20:00:00Z,Buy,16.98,16.11,40,-34.8,9.2725013666973,-257.6,85.2,342.8,0,"	1425,1850" 
2011-03-01T21:00:00Z,"GME",2011-04-01T20:00:00Z,Buy,19.72,22.92,35,112,3.6103912752171,-4.9,112,19.25,1,"	1436,1443" 
2011-03-01T21:00:00Z,"CROX",2011-07-01T20:00:00Z,Buy,17.21,26.53,11,102.52,6.1296962357153,-11.77,102.52,34.98,1,"	1434,1494" 
2011-03-01T21:00:00Z,"VLGEA",2011-07-01T20:00:00Z,Buy,30.29,27.7,23,-59.57,7.0589021103975,-130.18,1.15,131.33,0,"	1439,1498" 
2011-03-01T21:00:00Z,"MRCY",2011-11-01T20:00:00Z,Buy,19.42,13.94,37,-202.76,9.8953868394201,-298.59,86.58,385.17,0,"	1437,1548" 
2011-03-01T21:00:00Z,"CGNX",2011-12-01T21:00:00Z,Buy,26.88,34.66,6,46.68,6.6068411932183,-12.72,58.86,68.58,1,"	1433,1560" 
2011-03-01T21:00:00Z,"CGNX",2012-05-01T20:00:00Z,Buy,26.88,41.2,19,272.08,1.0972422360248,-40.28,339.53,217.17,1,"	1433,1625" 
2011-03-01T21:00:00Z,"CROX",2012-05-01T20:00:00Z,Buy,17.21,20.13,29,84.68,10.336739594219,-81.78,414.99,496.77,1,"	1434,1626" 
2011-03-01T21:00:00Z,"ENTG",2013-04-01T20:00:00Z,Buy,8.51,9.65,81,92.34,3.9194016723101,-194.4,156.33,350.73,1,"	1435,1819" 
2011-03-01T21:00:00Z,"USNA",2015-07-01T20:00:00Z,Buy,34.07,143.77,2,219.4,5.1274659242617,-20.94,219.4,67.58,1,"	1438,2420" 
2011-04-01T20:00:00Z,"USMO",2011-05-02T20:00:00Z,Buy,14.76,15.02,14,3.64,2.1400227888963,-26.6,61.04,16.24,1,"	1455,1469" 
2011-04-01T20:00:00Z,"DXPE",2011-12-01T21:00:00Z,Buy,24,30.65,8,53.2,8.8279738796583,-49.2,53.2,77.68,1,"	1451,1561" 
2011-04-01T20:00:00Z,"TXN",2011-12-01T21:00:00Z,Buy,34.23,30.2,21,-84.63,7.4812618896224,-197.19,35.07,232.26,0,"	1454,1569" 
2011-04-01T20:00:00Z,"KAI",2012-01-03T21:00:00Z,Buy,26.72,22.55,28,-116.76,10.897080244377,-285.88,227.36,513.24,0,"	1453,1584" 
2011-04-01T20:00:00Z,"DXPE",2012-04-02T20:00:00Z,Buy,24,44.89,5,104.45,1.7933573783843,-30.75,105.75,48.55,1,"	1451,1618" 
2011-04-01T20:00:00Z,"DXPE",2012-05-01T20:00:00Z,Buy,24,44.76,18,373.68,1.0928844823611,-110.7,384.12,174.78,1,"	1451,1628" 
2011-04-01T20:00:00Z,"LSCC",2012-06-01T20:00:00Z,Buy,5.94,4.29,124,-204.6,6.147052077723,-204.6,136.4,341,0,"	1452,1655" 
2011-04-01T20:00:00Z,"BRKS",2012-10-01T20:00:00Z,Buy,14.31,7.81,53,-344.5,4.9315388229106,-359.87,0,359.87,0,"	1450,1714" 
2011-05-02T20:00:00Z,"CRUS",2011-08-01T20:00:00Z,Buy,15.93,15.22,14,-9.94,3.0031126489224,-47.88,129.08,42.28,0,"	1473,1505" 
2011-05-02T20:00:00Z,"EBS",2011-08-01T20:00:00Z,Buy,23.7,20.52,32,-101.76,7.3886909424569,-101.76,40.96,142.72,0,"	1475,1506" 
2011-05-02T20:00:00Z,"CCF",2011-09-01T20:00:00Z,Buy,16.84,12.59,46,-195.5,21.735455553738,-245.64,23.46,269.1,0,"	1472,1518" 
2011-05-02T20:00:00Z,"SGU",2011-10-03T20:00:00Z,Buy,5.95,4.77,128,-151.04,7.3575102050915,-165.12,0,165.12,0,"	1482,1534" 
2011-05-02T20:00:00Z,"LHCG",2011-12-01T21:00:00Z,Buy,30.39,13.93,7,-115.22,1.9402279749301,-126.28,40.04,126.28,0,"	1476,1564" 
2011-05-02T20:00:00Z,"MERC",2012-01-03T21:00:00Z,Buy,12.1,6.49,62,-347.82,3.8994720393283,-419.12,101.06,520.18,0,"	1477,1581" 
2011-05-02T20:00:00Z,"OXM",2012-01-03T21:00:00Z,Buy,33.38,43.37,7,69.93,4.5247258165011,-22.4,86.31,63.84,1,"	1479,1582" 
2011-05-02T20:00:00Z,"SATS",2012-01-03T21:00:00Z,Buy,34.99,21.81,20,-263.6,9.8083405787075,-292.8,67.4,360.2,0,"	1481,1583" 
2011-05-02T20:00:00Z,"TMI",2012-01-03T21:00:00Z,Buy,23.63,29.9,7,43.89,6.32620167528,-21.84,43.89,45.29,1,"	1483,1585" 
2011-05-02T20:00:00Z,"CUB",2012-03-01T21:00:00Z,Buy,53.55,47.5,14,-84.7,5.1891023275168,-227.78,15.54,243.32,0,"	1474,1598" 
2011-05-02T20:00:00Z,"ARLP",2012-05-01T20:00:00Z,Buy,80.58,63.75,9,-151.47,3.6643438167169,-257.22,14.58,271.8,0,"	1471,1624" 
2011-05-02T20:00:00Z,"RAVN",2012-06-01T20:00:00Z,Buy,52.89,65.27,14,173.32,9.2826433839665,-116.62,235.62,209.02,1,"	1480,1661" 
2011-05-02T20:00:00Z,"OXM",2013-02-01T21:00:00Z,Buy,33.38,49.61,15,243.45,5.1689569581814,-48,381.75,225.45,1,"	1479,1799" 
2011-05-02T20:00:00Z,"UNH",2013-04-01T20:00:00Z,Buy,49.88,58.97,15,136.35,6.341870277903,-120.45,155.7,169.2,1,"	1484,1823" 
2011-05-02T20:00:00Z,"TMI",2013-07-01T20:00:00Z,Buy,23.63,38.42,23,340.17,1.1167318361955,-71.76,525.55,264.04,1,"	1483,1898" 
2011-05-02T20:00:00Z,"MXIM",2013-12-02T21:00:00Z,Buy,27.18,28.22,27,28.08,4.9360612090367,-164.7,165.51,196.02,1,"	1478,1986" 
2011-06-01T20:00:00Z,"SMP",2011-12-01T21:00:00Z,Buy,14.36,19.02,14,65.24,9.3394475245453,-56.98,72.38,83.58,1,"	1491,1566" 
2011-06-01T20:00:00Z,"WLK",2012-05-01T20:00:00Z,Buy,54.71,61.93,13,93.86,4.774192096577,-290.81,148.98,300.43,1,"	1492,1634" 
2011-06-01T20:00:00Z,"MRO",2012-06-01T20:00:00Z,Buy,52.65,23.89,14,-402.64,4.8546266508391,-453.18,1.96,455.14,0,"	1490,1659" 
2011-06-01T20:00:00Z,"SMP",2013-01-02T21:00:00Z,Buy,14.36,22.61,15,123.75,1.967691861623,-61.05,166.95,200.25,1,"	1491,1777" 
2011-06-01T20:00:00Z,"LFUS",2013-05-01T20:00:00Z,Buy,59.02,68.3,12,111.36,13.115714575523,-245.52,129.6,278.4,1,"	1489,1841" 
2011-06-01T20:00:00Z,"SMP",2013-05-01T20:00:00Z,Buy,14.36,29.97,8,124.88,1.0391125611746,-32.56,131.04,106.8,1,"	1491,1849" 
2011-06-01T20:00:00Z,"SMP",2015-05-01T20:00:00Z,Buy,14.36,36.25,13,284.57,1.1486441798942,-52.91,404.17,173.55,1,"	1491,2371" 
2011-07-01T20:00:00Z,"MSB",2011-10-03T20:00:00Z,Buy,33.62,19.66,22,-307.12,2.2141817986471,-307.12,27.94,335.06,0,"	1502,1532" 
2011-07-01T20:00:00Z,"DPZ",2011-11-01T20:00:00Z,Buy,25.78,31.56,7,40.46,6.7157904022754,-18.27,47.32,28.21,1,"	1499,1544" 
2011-07-01T20:00:00Z,"VECO",2011-12-01T21:00:00Z,Buy,48.58,25.14,15,-351.6,2.2015188996426,-397.95,0,397.95,0,"	1503,1570" 
2011-07-01T20:00:00Z,"DPZ",2012-05-01T20:00:00Z,Buy,25.78,34.3,22,187.44,4.8418314835122,-57.42,341.44,154,1,"	1499,1627" 
2011-07-01T20:00:00Z,"GME",2013-03-01T21:00:00Z,Buy,26.94,24.05,28,-80.92,8.5870196395853,-313.88,24.92,326.76,0,"	1500,1809" 
2011-07-01T20:00:00Z,"MGLN",2013-05-01T20:00:00Z,Buy,54.63,50.09,13,-59.02,6.6438955029378,-179.66,19.5,199.16,0,"	1501,1842" 
2011-08-01T20:00:00Z,"IPG",2011-09-01T20:00:00Z,Buy,9.57,8.21,22,-29.92,1.1073088685015,-70.84,80.08,45.76,0,"	1514,1520" 
2011-08-01T20:00:00Z,"CNC",2012-02-01T21:00:00Z,Buy,31.58,46.34,5,73.8,7.0328362920787,-26.3,73.8,27.15,1,"	1513,1592" 
2011-08-01T20:00:00Z,"CHS",2012-03-01T21:00:00Z,Buy,15.23,15.29,48,2.88,8.7298374240786,-253.92,2.88,253.92,1,"	1512,1597" 
2011-08-01T20:00:00Z,"MRO",2012-06-01T20:00:00Z,Buy,30.65,23.89,9,-60.84,5.1222915069686,-93.33,199.26,100.62,0,"	1515,1659" 
2011-08-01T20:00:00Z,"CNC",2012-08-01T20:00:00Z,Buy,31.58,37.48,17,100.3,9.1986906590765,-89.42,326.74,407.32,1,"	1513,1687" 
2011-08-01T20:00:00Z,"BRKS",2012-10-01T20:00:00Z,Buy,9.45,7.81,24,-39.36,1.8021382836997,-46.32,116.64,109.68,0,"	1511,1714" 
2011-08-01T20:00:00Z,"MYGN",2012-11-01T20:00:00Z,Buy,20.86,26.86,34,204,2.3412053157189,-102,253.64,144.5,1,"	1516,1739" 
2011-08-01T20:00:00Z,"BKE",2013-12-02T21:00:00Z,Buy,44.21,52.07,16,125.76,4.77802819703,-527.95,206.88,204.64,1,"	1510,1979" 
2011-09-01T20:00:00Z,"ALV",2011-10-03T20:00:00Z,Buy,55.01,46.14,4,-35.48,3.8538039385766,-35.48,114.08,35.48,0,"	1523,1528" 
2011-09-01T20:00:00Z,"DEPO",2011-11-01T20:00:00Z,Buy,6.08,4.38,109,-185.3,12.315070986979,-191.84,37.06,228.9,0,"	1525,1543" 
2011-09-01T20:00:00Z,"B",2012-04-02T20:00:00Z,Buy,21.89,26.96,29,147.03,10.943657169285,-110.2,176.32,132.82,1,"	1524,1617" 
2011-09-01T20:00:00Z,"LINC",2012-04-02T20:00:00Z,Buy,9.29,7.91,22,-30.36,1.1039572736521,-52.8,413.82,60.5,0,"	1527,1619" 
2011-09-01T20:00:00Z,"DV",2012-06-01T20:00:00Z,Buy,42.52,27.01,15,-232.65,5.1167563726092,-232.65,59.1,291.75,0,"	1526,1653" 
2011-10-03T20:00:00Z,"KELYA",2011-11-01T20:00:00Z,Buy,10.9,15.32,54,238.68,12.507056040401,0,319.68,81,1,"	1538,1545" 
2011-10-03T20:00:00Z,"VECO",2011-12-01T21:00:00Z,Buy,24.01,25.14,10,11.3,1.0492008196721,-19.6,245.7,71.5,1,"	1541,1570" 
2011-10-03T20:00:00Z,"VSH",2011-12-01T21:00:00Z,Buy,8.09,9.7,29,46.69,1.1403169856459,0,317.84,84.1,1,"	1542,1571" 
2011-10-03T20:00:00Z,"LXU",2012-06-01T20:00:00Z,Buy,26.1,27.03,21,19.53,7.0350568083187,-7.56,318.15,309.96,1,"	1539,1657" 
2011-10-03T20:00:00Z,"CF",2012-09-04T20:00:00Z,Buy,120.78,204.75,2,167.94,3.5098861661075,0,191.7,93.1,1,"	1535,1699" 
2011-10-03T20:00:00Z,"MLR",2012-09-04T20:00:00Z,Buy,16.57,15.51,35,-37.1,2.4199030993917,-76.65,152.6,229.25,0,"	1540,1702" 
2011-10-03T20:00:00Z,"CVI",2012-10-01T20:00:00Z,Buy,19.69,40.18,6,122.94,2.1678543992431,-16.14,122.94,62.64,1,"	1536,1717" 
2011-10-03T20:00:00Z,"CVI",2012-12-03T21:00:00Z,Buy,19.69,45.83,5,130.7,1.02504919108,-13.45,130.7,52.2,1,"	1536,1752" 
2011-10-03T20:00:00Z,"DAR",2013-04-01T20:00:00Z,Buy,11.7,17.65,49,291.55,3.7157850637147,0,344.47,194.04,1,"	1537,1817" 
2011-10-03T20:00:00Z,"CF",2013-08-01T20:00:00Z,Buy,120.78,195.98,3,225.6,5.9982142431671,0,328.98,180.48,1,"	1535,1906" 
2011-10-03T20:00:00Z,"CVI",2013-12-02T21:00:00Z,Buy,19.69,40.03,18,366.12,1.1469827804507,-48.42,912.42,661.68,1,"	1536,1981" 
2011-11-01T20:00:00Z,"LHCG",2011-12-01T21:00:00Z,Buy,15.38,13.93,20,-29,2.4367037644389,-60.6,414.6,60.6,0,"	1556,1564" 
2011-11-01T20:00:00Z,"SPPI",2011-12-01T21:00:00Z,Buy,10.91,14.21,15,49.5,4.1065195970492,0,49.5,11.1,1,"	1558,1565" 
2011-11-01T20:00:00Z,"IDT",2012-01-03T21:00:00Z,Buy,12,9.55,31,-75.95,11.333980088753,-97.34,545.91,163.99,0,"	1554,1580" 
2011-11-01T20:00:00Z,"MERC",2012-01-03T21:00:00Z,Buy,6.85,6.49,42,-15.12,1.2090843023256,-63.42,288.96,63.42,0,"	1557,1581" 
2011-11-01T20:00:00Z,"CRUS",2012-02-01T21:00:00Z,Buy,16.23,20.68,43,191.35,2.4273334589381,-81.7,251.12,139.75,1,"	1552,1593" 
2011-11-01T20:00:00Z,"ENSG",2012-03-01T21:00:00Z,Buy,21.77,27.44,31,175.77,7.3693445618898,0,232.81,75.02,1,"	1553,1600" 
2011-11-01T20:00:00Z,"PZZA",2012-05-01T20:00:00Z,Buy,33.02,39.49,21,135.87,5.7818494813869,0,155.61,81.06,1,"	1559,1631" 
2011-11-01T20:00:00Z,"SPPI",2012-07-02T20:00:00Z,Buy,10.91,16,27,137.43,1.1388174807198,-37.8,137.43,171.72,1,"	1558,1678" 
2011-11-01T20:00:00Z,"LANC",2012-12-03T21:00:00Z,Buy,64.6,76.87,10,122.7,8.2921712165527,-18,122.7,85.6,1,"	1555,1755" 
2011-11-01T20:00:00Z,"SPPI",2012-12-03T21:00:00Z,Buy,10.91,11.74,23,19.09,1.3420861486486,-32.2,141.22,147.43,1,"	1558,1757" 
2011-11-01T20:00:00Z,"CVX",2013-08-01T20:00:00Z,Buy,102.08,126.39,6,145.86,4.2440049719685,-58.74,154.08,99.42,1,"	1551,1907" 
2011-12-01T21:00:00Z,"SATS",2012-01-03T21:00:00Z,Buy,22.47,21.81,12,-7.92,2.7603112505571,-25.44,190.68,37.2,0,"	1577,1583" 
2011-12-01T21:00:00Z,"LZB",2012-03-01T21:00:00Z,Buy,11.59,14.21,15,39.3,11.278733767629,-8.4,47.4,20.25,1,"	1575,1604" 
2011-12-01T21:00:00Z,"NSIT",2012-03-01T21:00:00Z,Buy,15.03,20.97,10,59.4,10.148123470277,-8.8,70.8,18.5,1,"	1576,1605" 
2011-12-01T21:00:00Z,"CROX",2012-05-01T20:00:00Z,Buy,15.44,20.13,16,75.04,2.6936975039207,-16.8,257.28,46.88,1,"	1572,1626" 
2011-12-01T21:00:00Z,"HOC",2012-07-02T20:00:00Z,Buy,23.43,35.69,8,98.08,2.1914320942718,-13.04,100.48,62.32,1,"	1573,1677" 
2011-12-01T21:00:00Z,"NSIT",2012-07-02T20:00:00Z,Buy,15.03,17.23,38,83.6,1.1945157456922,-33.44,291.84,316.16,1,"	1576,1679" 
2011-12-01T21:00:00Z,"KLAC",2013-01-02T21:00:00Z,Buy,47.23,49.57,15,35.1,8.2631238533489,-48.9,118.2,167.1,1,"	1574,1775" 
2011-12-01T21:00:00Z,"TDY",2013-01-02T21:00:00Z,Buy,54.88,66.66,12,141.36,7.8876945274165,-27.48,141.36,102.96,1,"	1578,1778" 
2011-12-01T21:00:00Z,"HOC",2013-02-01T21:00:00Z,Buy,23.43,52.77,5,146.7,1.025263309077,-8.15,146.7,38.95,1,"	1573,1796" 
2011-12-01T21:00:00Z,"LZB",2013-12-02T21:00:00Z,Buy,11.59,28.99,15,261,1.0743079289132,-8.4,269.55,75.9,1,"	1575,1985" 
2011-12-01T21:00:00Z,"HOC",2014-03-03T21:00:00Z,Buy,23.43,44.88,17,364.65,1.113258722844,-27.71,595,317.9,1,"	1573,2053" 
2011-12-01T21:00:00Z,"LZB",2014-10-01T20:00:00Z,Buy,11.59,19.45,41,322.26,3.2241718343688,-22.96,797.04,474.78,1,"	1575,2212" 
2012-01-03T21:00:00Z,"DECK",2012-03-01T21:00:00Z,Buy,76.45,78.59,2.9999908199925,6.42,1.0151746724891,-134.76,123.57,46.89,1,"	1587,1599" 
2012-01-03T21:00:00Z,"FOSL",2012-07-02T20:00:00Z,Buy,79.27,74.88,3,-13.17,2.3689297200321,-205.03,177.09,206.46,0,"	1589,1676" 
2012-01-03T21:00:00Z,"CRMT",2012-09-04T20:00:00Z,Buy,38.79,46.02,17.500008249996,126.53,2.3727432935323,-551.08,171.68,178.33,1,"	1586,1700" 
2012-01-03T21:00:00Z,"NUS",2012-11-01T20:00:00Z,Buy,48.52,48.94,14,5.88,6.5196438379361,-165.34,181.72,347.06,1,"	1591,1740" 
2012-01-03T21:00:00Z,"CRMT",2013-01-02T21:00:00Z,Buy,38.79,40.98,0.49999175000412,1.09,1.1011352418559,-15.74,4.9,6.34,1,"	1586,1769" 
2012-01-03T21:00:00Z,"INTC",2013-01-02T21:00:00Z,Buy,24.54,21.38,29,-91.64,9.4826981147056,-150.22,134.56,284.78,0,"	1590,1773" 
2012-01-03T21:00:00Z,"NEU",2013-09-03T20:00:00Z,Buy,201.06,273.45,3,217.17,9.3134199916285,-82.8,261.3,140.49,1,"	1588,1925" 
2012-01-03T21:00:00Z,"DECK",2014-08-01T20:00:00Z,Buy,76.45,88.74,9.1800075276062E-6,0,2.3197754467963,0,0,0,0,"	1587,2161" 
2012-02-01T21:00:00Z,"CHS",2012-03-01T21:00:00Z,Buy,11.68,15.29,19,68.59,1.096993006993,-33.06,68.59,5.13,1,"	1595,1597" 
2012-02-01T21:00:00Z,"UACL",2013-01-02T21:00:00Z,Buy,17.85,18.43,43,24.94,15.969822238202,-227.9,39.56,267.46,1,"	1596,1779" 
2012-03-01T21:00:00Z,"LINC",2012-04-02T20:00:00Z,Buy,8.34,7.91,25,-10.75,1.1232269503546,-36.25,494,17,0,"	1612,1619" 
2012-03-01T21:00:00Z,"DV",2012-06-01T20:00:00Z,Buy,35.59,27.01,7,-60.06,1.6343496404532,-60.06,76.09,64.75,0,"	1609,1653" 
2012-03-01T21:00:00Z,"BBSI",2012-07-02T20:00:00Z,Buy,17.19,21.44,10,42.5,12.530350318112,-2.9,42.5,18.3,1,"	1607,1675" 
2012-03-01T21:00:00Z,"MLR",2012-09-04T20:00:00Z,Buy,15.97,15.51,15,-6.9,1.8816307863666,-23.85,74.4,45.75,0,"	1613,1702" 
2012-03-01T21:00:00Z,"CALM",2012-10-01T20:00:00Z,Buy,39.48,45.74,20,125.2,6.579459528934,-98.2,125.2,150.4,1,"	1608,1715" 
2012-03-01T21:00:00Z,"K",2012-10-01T20:00:00Z,Buy,52.26,51.93,4,-1.32,1.1914048888307,-65.52,21.2,29.92,0,"	1611,1718" 
2012-03-01T21:00:00Z,"SPTN",2012-10-01T20:00:00Z,Buy,17.95,15.51,44,-107.36,5.5232501744891,-134.64,28.6,163.24,0,"	1614,1721" 
2012-03-01T21:00:00Z,"STMP",2012-10-01T20:00:00Z,Buy,25.88,23.26,8,-20.96,1.6176049080244,-112.16,55.92,91.76,0,"	1615,1722" 
2012-03-01T21:00:00Z,"BBSI",2012-11-01T20:00:00Z,Buy,17.19,31.05,9,124.74,1.0468404290982,-2.61,124.74,18.54,1,"	1607,1738" 
2012-03-01T21:00:00Z,"ICFI",2012-12-03T21:00:00Z,Buy,24.88,21.62,30,-97.8,5.085574950549,-198.9,37.2,236.1,0,"	1610,1754" 
2012-03-01T21:00:00Z,"BBSI",2013-02-01T21:00:00Z,Buy,17.19,40.23,6,138.24,1.0299925447316,-1.74,146.52,12.78,1,"	1607,1792" 
2012-03-01T21:00:00Z,"BBSI",2013-04-01T20:00:00Z,Buy,17.19,51.53,4,137.36,1.0195708317509,-1.16,141.88,8.52,1,"	1607,1816" 
2012-03-01T21:00:00Z,"BBSI",2013-08-01T20:00:00Z,Buy,17.19,72.22,3,165.09,1.0154184457728,-0.87,165.09,35.67,1,"	1607,1905" 
2012-03-01T21:00:00Z,"BBSI",2014-05-01T20:00:00Z,Buy,17.19,50.67,15,502.2,1.1005157706804,-4.35,1255.65,757.35,1,"	1607,2091" 
2012-04-02T20:00:00Z,"ARLP",2012-05-01T20:00:00Z,Buy,58.38,63.75,4,21.48,1.0194276206323,-25.52,95.28,25.52,1,"	1620,1624" 
2012-04-02T20:00:00Z,"EXPE",2012-05-01T20:00:00Z,Buy,33.33,41.64,5,41.55,4.7719226457613,-10.75,46.5,10.75,1,"	1622,1629" 
2012-04-02T20:00:00Z,"MOV",2012-06-01T20:00:00Z,Buy,25.84,26.18,33,11.22,6.3875598792899,-54.12,127.38,181.5,1,"	1623,1658" 
2012-04-02T20:00:00Z,"EXPE",2012-08-01T20:00:00Z,Buy,33.33,56.4,5,115.35,1.0247411826636,-10.75,118.3,29.95,1,"	1622,1689" 
2012-04-02T20:00:00Z,"CMTL",2012-10-01T20:00:00Z,Buy,33.85,27.74,25,-152.75,4.7942868498812,-182.5,1.5,184,0,"	1621,1716" 
2012-04-02T20:00:00Z,"EXPE",2013-06-03T20:00:00Z,Buy,33.33,57.51,14,338.52,1.0700609119387,-30.1,478.38,173.6,1,"	1622,1873" 
2012-05-01T20:00:00Z,"RSC",2012-06-01T20:00:00Z,Buy,27.16,17.76,29,-272.6,5.7918416634875,-272.6,0,272.6,0,"	1645,1662" 
2012-05-01T20:00:00Z,"CRUS",2012-08-01T20:00:00Z,Buy,26.86,35.91,9,81.45,2.1910987168176,-17.19,89.19,45.54,1,"	1638,1688" 
2012-05-01T20:00:00Z,"VLGEA",2012-08-01T20:00:00Z,Buy,27.14,34.11,7,48.79,2.1762983855785,-19.95,63.42,28.35,1,"	1649,1693" 
2012-05-01T20:00:00Z,"SCHL",2012-10-01T20:00:00Z,Buy,29.47,32.07,26,67.6,4.3313371179616,-82.16,118.82,96.2,1,"	1646,1720" 
2012-05-01T20:00:00Z,"ALK",2012-11-01T20:00:00Z,Buy,33.6,39,6,32.4,1.2655136189689,-71.88,33.51,26.82,1,"	1637,1736" 
2012-05-01T20:00:00Z,"SYNA",2012-11-01T20:00:00Z,Buy,30.99,23.65,26,-190.84,16.203239488695,-215.02,6.76,221.78,0,"	1648,1741" 
2012-05-01T20:00:00Z,"SPPI",2012-12-03T21:00:00Z,Buy,10.49,11.74,27,33.75,3.1135048773882,-26.46,177.12,173.07,1,"	1643,1757" 
2012-05-01T20:00:00Z,"DISH",2013-01-02T21:00:00Z,Buy,31.98,37.01,25,125.75,10.552690506426,-141.75,141.75,157.5,1,"	1639,1770" 
2012-05-01T20:00:00Z,"MSFT",2013-02-01T21:00:00Z,Buy,32.01,27.93,25,-102,6.2460204974792,-141.75,0,141.75,0,"	1642,1798" 
2012-05-01T20:00:00Z,"AAPL",2013-03-01T21:00:00Z,Buy,582.13,430.51,1,-151.62,4.5540737645864,-151.62,119.97,271.59,0,"	1636,1806" 
2012-05-01T20:00:00Z,"EGY",2013-04-01T20:00:00Z,Buy,9.38,7.38,90,-180,10.178011380633,-207,3.6,207,0,"	1640,1818" 
2012-05-01T20:00:00Z,"CRUS",2013-05-01T20:00:00Z,Buy,26.86,18.89,21,-167.37,9.1979139572069,-192.78,378.21,570.99,0,"	1638,1835" 
2012-05-01T20:00:00Z,"MGLN",2013-05-01T20:00:00Z,Buy,43.85,50.09,5,31.2,1.0247572267389,-15.2,61.4,43.3,1,"	1641,1842" 
2012-05-01T20:00:00Z,"RCII",2013-08-01T20:00:00Z,Buy,34.51,40.5,24,143.76,9.0644248170275,-45.6,143.76,103.44,1,"	1644,1911" 
2012-05-01T20:00:00Z,"VLGEA",2013-12-02T21:00:00Z,Buy,27.14,38,22,238.92,4.8443364818119,-62.7,265.98,172.92,1,"	1649,1989" 
2012-05-01T20:00:00Z,"SMP",2015-05-01T20:00:00Z,Buy,15.22,36.25,18,378.54,2.3399178996368,-88.74,544.14,223.2,1,"	1647,2371" 
2012-06-01T20:00:00Z,"FOSL",2012-07-02T20:00:00Z,Buy,69.59,74.88,3.5000097499951,18.52,1.0190240568617,-205.32,240.49,21.81,1,"	1669,1676" 
2012-06-01T20:00:00Z,"ATRO",2012-08-01T20:00:00Z,Buy,24.65,29.8,29,149.35,5.0191684098786,0,176.61,53.36,1,"	1666,1686" 
2012-06-01T20:00:00Z,"PETS",2012-08-01T20:00:00Z,Buy,11.17,9.6,66,-103.62,11.119908215112,-119.46,77.88,197.34,0,"	1673,1691" 
2012-06-01T20:00:00Z,"AAP",2012-11-01T20:00:00Z,Buy,71.14,81,10,98.6,3.8464104633278,-55.5,98.6,87.4,1,"	1663,1735" 
2012-06-01T20:00:00Z,"KIRK",2013-01-02T21:00:00Z,Buy,10.55,10.96,70,28.7,10.569956966228,-136.5,108.5,245,1,"	1672,1774" 
2012-06-01T20:00:00Z,"RBIN",2013-01-02T21:00:00Z,Buy,22.575,36.57,6,83.97,2.8915765446819,-2.82,83.97,19.68,1,"	1674,1776" 
2012-06-01T20:00:00Z,"DPZ",2013-02-01T21:00:00Z,Buy,28.91,47.77,5,94.3,2.138610651976,-0.8,94.3,11.3,1,"	1668,1794" 
2012-06-01T20:00:00Z,"DISCA",2013-03-01T21:00:00Z,Buy,48.64,74.88,3,78.72,4.3182086296971,-0.42,78.72,20.16,1,"	1667,1807" 
2012-06-01T20:00:00Z,"GME",2013-03-01T21:00:00Z,Buy,19.2,24.05,11,53.35,1.0550573514077,-38.17,94.93,57.42,1,"	1670,1809" 
2012-06-01T20:00:00Z,"DPZ",2013-05-01T20:00:00Z,Buy,28.91,54.64,19,488.87,3.711020237895,-3.04,498.75,59.85,1,"	1668,1837" 
2012-06-01T20:00:00Z,"GPS",2013-08-01T20:00:00Z,Buy,25.26,46.32,5,105.3,4.4113987071056,0,105.3,34.35,1,"	1671,1908" 
2012-06-01T20:00:00Z,"RBIN",2013-09-03T20:00:00Z,Buy,22.575,50.98,4,113.62,1.8543349427735,-1.88,118.22,19.32,1,"	1674,1928" 
2012-06-01T20:00:00Z,"ALG",2013-12-02T21:00:00Z,Buy,29.65,57.13,4,109.92,5.4555568688551,-9.08,116.24,22.16,1,"	1665,1978" 
2012-06-01T20:00:00Z,"GPS",2013-12-02T21:00:00Z,Buy,25.26,41.58,23,375.36,10.40022063074,0,487.6,225.4,1,"	1671,1982" 
2012-06-01T20:00:00Z,"AEOS",2014-01-02T21:00:00Z,Buy,18.56,14.73,39,-149.37,10.718517006596,-246.61,615.42,411.84,0,"	1664,2003" 
2012-06-01T20:00:00Z,"DISCA",2014-03-03T21:00:00Z,Buy,48.64,82.08,12,401.28,1.0591070571291,-1.68,501.84,157.92,1,"	1667,2051" 
2012-06-01T20:00:00Z,"RBIN",2014-08-01T20:00:00Z,Buy,22.575,42.31,20,394.7,1.1219167819272,-9.4,762.7,368,1,"	1674,2168" 
2012-06-01T20:00:00Z,"ALG",2014-09-02T20:00:00Z,Buy,29.65,49.03,20,387.6,4.9652825233334,-45.4,620.8,267.2,1,"	1665,2184" 
2012-07-02T20:00:00Z,"CNC",2012-08-01T20:00:00Z,Buy,29.89,37.48,8,60.72,1.0396419098143,-28.56,167.28,23.52,1,"	1680,1687" 
2012-07-02T20:00:00Z,"MOV",2012-09-04T20:00:00Z,Buy,25.34,36.36,8,88.16,2.1983476017821,-27.6,88.16,28.24,1,"	1682,1703" 
2012-07-02T20:00:00Z,"UFS",2012-10-01T20:00:00Z,Buy,76.95,77.25,3,0.9,1.0150469299961,-90,84.15,27.03,1,"	1685,1723" 
2012-07-02T20:00:00Z,"RGR",2013-05-01T20:00:00Z,Buy,40.24,49.62,5,46.9,1.9282555758588,-126.95,97.8,96,1,"	1683,1846" 
2012-07-02T20:00:00Z,"TER",2013-05-01T20:00:00Z,Buy,14,16.11,15,31.65,2.1812718983983,-51.9,76.65,50.25,1,"	1684,1850" 
2012-07-02T20:00:00Z,"DSW",2013-06-03T20:00:00Z,Buy,55.28,73.56,14,255.92,13.356246108503,-1.12,263.62,143.08,1,"	1681,1872" 
2012-07-02T20:00:00Z,"MOV",2013-09-03T20:00:00Z,Buy,25.34,41.62,23,374.44,9.7140144145865,-79.35,424.35,210.22,1,"	1682,1927" 
2012-08-01T20:00:00Z,"HHS",2012-09-04T20:00:00Z,Buy,6.17,7.2,127,130.81,8.5676984887051,0,130.81,35.56,1,"	1696,1701" 
2012-08-01T20:00:00Z,"NC",2012-10-01T20:00:00Z,Buy,100.02,43.47,2,-113.1,2.577217391814,-113.1,50.78,163.88,0,"	1697,1719" 
2012-08-01T20:00:00Z,"GCI",2013-03-01T21:00:00Z,Buy,14.16,20.21,10,60.5,4.4532216351884,-1.6,63.9,21.4,1,"	1695,1808" 
2012-08-01T20:00:00Z,"GCI",2013-05-01T20:00:00Z,Buy,14.16,19.94,46,265.88,4.9842734994409,-7.36,363.86,98.44,1,"	1695,1838" 
2012-08-01T20:00:00Z,"PZZA",2013-05-01T20:00:00Z,Buy,51.65,63.01,15,170.4,5.1881114893387,-69,170.4,104.25,1,"	1698,1845" 
2012-08-01T20:00:00Z,"NC",2013-12-02T21:00:00Z,Buy,100.02,63.46,6,-219.36,1.0980077220077,-339.3,152.34,491.64,0,"	1697,1987" 
2012-08-01T20:00:00Z,"CORE",2014-07-01T20:00:00Z,Buy,23.66,46.92,5,116.3,2.8181779511678,-14.28,116.3,22.65,1,"	1694,2143" 
2012-08-01T20:00:00Z,"CORE",2014-10-01T20:00:00Z,Buy,23.66,51.69,5,140.15,1.0243636877828,-14.28,154.55,22.65,1,"	1694,2210" 
2012-08-01T20:00:00Z,"CORE",2015-02-02T21:00:00Z,Buy,23.66,67.5,4,175.36,2.1582685441029,-11.42,182.56,18.4,1,"	1694,2293" 
2012-08-01T20:00:00Z,"CORE",2015-08-03T20:00:00Z,Buy,23.66,62.99,4,157.32,1.0198175239893,-11.42,190.8,75,1,"	1694,2436" 
2012-08-01T20:00:00Z,"CORE",2015-11-02T21:00:00Z,Buy,23.66,80.58,5,284.6,3.544196711372,-14.28,288.15,93.75,1,"	1694,2495" 
2012-09-04T20:00:00Z,"BRKS",2012-10-01T20:00:00Z,Buy,8.08,7.81,26,-7.02,1.1311360799001,-14.56,161.98,17.68,0,"	1704,1714" 
2012-09-04T20:00:00Z,"NUS",2012-11-01T20:00:00Z,Buy,41.68,48.94,5,36.3,1.0251144854182,-24.85,99.1,41.25,1,"	1710,1740" 
2012-09-04T20:00:00Z,"SPPI",2012-12-03T21:00:00Z,Buy,12.18,11.74,19,-8.36,3.5881364616248,-50.73,92.53,49.4,0,"	1708,1757" 
2012-09-04T20:00:00Z,"GWW",2013-01-02T21:00:00Z,Buy,209.25,207.73,1,-1.52,1.1957120990399,-131.22,10.65,29.64,0,"	1706,1772" 
2012-09-04T20:00:00Z,"UACL",2013-01-02T21:00:00Z,Buy,14.38,18.43,15,60.75,1.742315359615,-27.45,65.85,29.1,1,"	1711,1779" 
2012-09-04T20:00:00Z,"WDC",2013-01-02T21:00:00Z,Buy,42.32,43.44,5,5.6,2.12169477523,-44.45,5.6,48.3,1,"	1712,1780" 
2012-09-04T20:00:00Z,"LFUS",2013-05-01T20:00:00Z,Buy,51.2,68.3,4,68.4,1.0199649054397,-50.56,74.48,22.84,1,"	1707,1841" 
2012-09-04T20:00:00Z,"NHC",2013-05-01T20:00:00Z,Buy,44.88,45.03,18,2.7,10.499365712091,-2.7,95.22,95.94,1,"	1709,1844" 
2012-09-04T20:00:00Z,"WDC",2013-06-03T20:00:00Z,Buy,42.32,63.8,4,85.92,2.182179341757,-35.56,85.92,38.64,1,"	1712,1879" 
2012-09-04T20:00:00Z,"WMK",2013-07-01T20:00:00Z,Buy,42.5,45.44,5,14.7,1.0252075919336,-96.05,22.1,23.95,1,"	1713,1899" 
2012-09-04T20:00:00Z,"ENS",2013-10-01T20:00:00Z,Buy,39.32,61.49,4,88.68,2.1363964396211,-30.2,88.68,30.2,1,"	1705,1940" 
2012-09-04T20:00:00Z,"WDC",2014-02-03T21:00:00Z,Buy,42.32,83.5,3,123.54,1.4319966260502,-26.67,139.98,28.98,1,"	1712,2037" 
2012-09-04T20:00:00Z,"ENS",2014-11-03T21:00:00Z,Buy,39.32,62.46,18,416.52,1.0895127388535,-135.9,621.9,396.72,1,"	1705,2229" 
2012-09-04T20:00:00Z,"WDC",2015-01-02T21:00:00Z,Buy,42.32,110.43,2,136.22,1.0099756097561,-17.78,143.92,35.82,1,"	1712,2279" 
2012-09-04T20:00:00Z,"WDC",2015-08-03T20:00:00Z,Buy,42.32,85.85,5,217.65,1.069829188938,-44.45,359.8,188.95,1,"	1712,2441" 
2012-10-01T20:00:00Z,"SYNA",2012-11-01T20:00:00Z,Buy,22.87,23.65,9,7.02,1.0428455453789,-1.35,75.42,16.92,1,"	1732,1741" 
2012-10-01T20:00:00Z,"CTB",2012-12-03T21:00:00Z,Buy,19.5,24.96,10,54.6,3.6065670632165,-8.1,54.8,16.5,1,"	1725,1751" 
2012-10-01T20:00:00Z,"ICFI",2012-12-03T21:00:00Z,Buy,20.25,21.62,12,16.44,1.060447761194,-24,70.44,24,1,"	1728,1754" 
2012-10-01T20:00:00Z,"MKSI",2012-12-03T21:00:00Z,Buy,25.13,24.02,10,-11.1,1.1987575803506,-49,85.6,24.4,0,"	1730,1756" 
2012-10-01T20:00:00Z,"DK",2013-02-01T21:00:00Z,Buy,25.98,34.22,6,49.44,8.8061664072704,-17.82,50.58,22.08,1,"	1726,1793" 
2012-10-01T20:00:00Z,"FTK",2013-02-01T21:00:00Z,Buy,12.9,14.03,66,74.58,2.6799652687785,-190.74,74.58,207.24,1,"	1727,1795" 
2012-10-01T20:00:00Z,"SAIA",2013-03-01T21:00:00Z,Buy,20.67,31.53,14,152.04,7.2288350259417,-9.38,160.44,36.4,1,"	1731,1811" 
2012-10-01T20:00:00Z,"VDSI",2013-04-01T20:00:00Z,Buy,9.35,8.43,90,-82.8,8.2810463042121,-212.4,0,212.4,0,"	1733,1824" 
2012-10-01T20:00:00Z,"SAIA",2013-05-01T20:00:00Z,Buy,20.67,40.18,5,97.55,2.5490429531724,-3.35,101.25,13,1,"	1731,1848" 
2012-10-01T20:00:00Z,"WCC",2013-05-01T20:00:00Z,Buy,57.72,68.02,14,144.2,5.4824090376722,-22.54,276.08,156.38,1,"	1734,1852" 
2012-10-01T20:00:00Z,"CHS",2013-06-03T20:00:00Z,Buy,18.02,17.86,46,-7.36,7.3803472596874,-85.1,78.66,159.62,0,"	1724,1870" 
2012-10-01T20:00:00Z,"KWR",2013-10-01T20:00:00Z,Buy,46.8,74.11,3,81.93,5.089398507448,-2.67,81.93,24.6,1,"	1729,1942" 
2012-10-01T20:00:00Z,"DK",2013-11-01T20:00:00Z,Buy,25.98,25.26,27,-19.44,1.2570489236791,-156.87,392.04,548.91,0,"	1726,1957" 
2012-10-01T20:00:00Z,"CTB",2013-12-02T21:00:00Z,Buy,19.5,24.39,34,166.26,17.450621488761,-27.54,515.44,384.2,1,"	1725,1980" 
2012-10-01T20:00:00Z,"SAIA",2014-05-01T20:00:00Z,Buy,13.78000689,41.85,5,140.35,1.0254129220306,-2.23,140.35,31.7,1,"	1731,2100" 
2012-10-01T20:00:00Z,"SAIA",2014-10-01T20:00:00Z,Buy,13.78000689,48.53,5,173.75,1.0244804277643,-2.23,198.9,31.7,1,"	1731,2216" 
2012-10-01T20:00:00Z,"KWR",2014-11-03T21:00:00Z,Buy,46.8,83.27,15,547.05,1.0760873538012,-13.35,547.05,220.5,1,"	1729,2232" 
2012-10-01T20:00:00Z,"SAIA",2015-05-01T20:00:00Z,Buy,13.78000689,41.08,24.499982750009,668.85,1.1461742331288,-10.94,1047.37,412.82,1,"	1731,2369" 
2012-11-01T20:00:00Z,"DLTR",2012-12-03T21:00:00Z,Buy,40.38,41.34,7,6.72,1.0354477050414,-113.86,114.56,18.76,1,"	1745,1753" 
2012-11-01T20:00:00Z,"CRMT",2013-01-02T21:00:00Z,Buy,42.52,40.98,19.500008249996,-30.03,1.4471927912838,-686.79,118.56,128.7,0,"	1744,1769" 
2012-11-01T20:00:00Z,"ICUI",2013-06-03T20:00:00Z,Buy,59.54,71.28,14,164.36,10.071892423084,-48.58,171.5,109.76,1,"	1747,1875" 
2012-11-01T20:00:00Z,"PLUS",2013-07-01T20:00:00Z,Buy,36.84,61.04,6,145.2,2.1490160896505,-8.28,153.42,50.16,1,"	1749,1896" 
2012-11-01T20:00:00Z,"CF",2013-08-01T20:00:00Z,Buy,210.88,195.98,1,-14.9,1.1431903646953,-90.1,19.56,60.16,0,"	1743,1906" 
2012-11-01T20:00:00Z,"MED",2013-08-01T20:00:00Z,Buy,26.18,27.27,32,34.88,4.2562223254364,-126.4,195.2,321.6,1,"	1748,1909" 
2012-11-01T20:00:00Z,"CALM",2013-10-01T20:00:00Z,Buy,43.74,48.46,19,89.68,2.6214979479577,-77.33,154.66,126.16,1,"	1742,1939" 
2012-11-01T20:00:00Z,"EGHT",2013-11-01T20:00:00Z,Buy,6.52,11.21,26,121.94,2.7592556519191,-12.22,140.92,48.62,1,"	1746,1959" 
2012-11-01T20:00:00Z,"NC",2013-12-02T21:00:00Z,Buy,52,63.46,10,114.6,21.162155553068,-85.3,734.1,178.1,1,"	1750,1987" 
2012-11-01T20:00:00Z,"EGHT",2014-01-02T21:00:00Z,Buy,6.52,9.97,101,348.45,1.4955561023622,-47.47,547.42,303,1,"	1746,2006" 
2012-11-01T20:00:00Z,"PLUS",2014-06-02T20:00:00Z,Buy,36.84,56.56,17,335.24,1.1047222712044,-23.46,494.19,294.78,1,"	1749,2126" 
2012-11-01T20:00:00Z,"CRMT",2015-07-01T20:00:00Z,Buy,42.52,50.02,0.49999175000412,3.75,4.9829226848719,-17.61,7.24,3.84,1,"	1744,2413" 
2012-12-03T21:00:00Z,"INTC",2013-01-02T21:00:00Z,Buy,19.55,21.38,15,27.45,2.6240756965873,-2.85,144.45,12.75,1,"	1762,1773" 
2012-12-03T21:00:00Z,"KIRK",2013-01-02T21:00:00Z,Buy,9.25,10.96,25,42.75,1.5642503267436,-16.25,71.25,15.5,1,"	1763,1774" 
2012-12-03T21:00:00Z,"GCO",2013-04-01T20:00:00Z,Buy,54.25,58.07,4,15.28,1.0196096150371,-117.64,98.08,24.04,1,"	1760,1820" 
2012-12-03T21:00:00Z,"SCHL",2013-05-01T20:00:00Z,Buy,28.57,26.82,30,-52.5,6.5674415135577,-82.5,95.7,178.2,0,"	1766,1847" 
2012-12-03T21:00:00Z,"CVX",2013-08-01T20:00:00Z,Buy,104.72,126.39,2,43.34,1.3136135544854,-24.86,46.08,19.22,1,"	1759,1907" 
2012-12-03T21:00:00Z,"GIII",2014-01-02T21:00:00Z,Buy,37.56,71.42,6,203.16,2.1376198976425,-30.24,219.72,49.5,1,"	1761,2007" 
2012-12-03T21:00:00Z,"PETS",2014-02-03T21:00:00Z,Buy,11.55,12.74,75,89.25,2.7364360677836,-53.25,421.5,332.25,1,"	1765,2031" 
2012-12-03T21:00:00Z,"LHCG",2014-06-02T20:00:00Z,Buy,19.48,20.38,44,39.6,9.8418943793241,-7.92,308.44,294.8,1,"	1764,2125" 
2012-12-03T21:00:00Z,"THO",2014-08-01T20:00:00Z,Buy,36.74,52.63,22,349.58,9.7307868960577,-35.64,603.24,253.66,1,"	1767,2170" 
2012-12-03T21:00:00Z,"GIII",2015-01-02T21:00:00Z,Buy,37.56,100,4,249.76,3.4439394693387,-20.16,254.96,63.6,1,"	1761,2273" 
2012-12-03T21:00:00Z,"GIII",2015-07-01T20:00:00Z,Buy,18.78,71.25,6,314.82,1.0303837953092,-15.12,319.8,47.7,1,"	1761,2414" 
2012-12-03T21:00:00Z,"WDC",2015-08-03T20:00:00Z,Buy,33.43,85.85,6,314.52,1.7876524904656,0,485.1,226.74,1,"	1768,2441" 
2013-01-02T21:00:00Z,"VECO",2013-02-01T21:00:00Z,Buy,31.17,32.91,29,50.46,6.4284365136599,-60.03,70.76,65.25,1,"	1791,1800" 
2013-01-02T21:00:00Z,"IPAR",2013-03-01T21:00:00Z,Buy,19.89,25.54,9,50.85,5.9514047805091,-0.54,50.85,11.07,1,"	1786,1810" 
2013-01-02T21:00:00Z,"LNDC",2013-04-01T20:00:00Z,Buy,9.82,13.82,27,108,9.3176735621824,0,125.55,62.91,1,"	1787,1822" 
2013-01-02T21:00:00Z,"CRUS",2013-05-01T20:00:00Z,Buy,29.84,18.89,9,-98.55,1.0463513979979,-109.44,135.27,125.1,0,"	1783,1835" 
2013-01-02T21:00:00Z,"HVT",2013-05-01T20:00:00Z,Buy,16.68,23.21,13,84.89,2.3344536173353,-5.33,95.94,20.67,1,"	1784,1839" 
2013-01-02T21:00:00Z,"MYGN",2013-05-01T20:00:00Z,Buy,27.68,27.24,32,-14.08,5.1961215338988,-111.68,29.12,111.68,0,"	1789,1843" 
2013-01-02T21:00:00Z,"RGR",2013-05-01T20:00:00Z,Buy,45.88,49.62,5,18.7,1.0252643171806,-155.15,69.6,51.8,1,"	1790,1846" 
2013-01-02T21:00:00Z,"BWS",2013-06-03T20:00:00Z,Buy,18.42,21.48,45.749967566226,139.99,1.2356396298312,-362.34,860.71,136.79,1,"	1781,1868" 
2013-01-02T21:00:00Z,"HUN",2013-06-03T20:00:00Z,Buy,16.25,19.12,55,157.85,2.5513876493509,0,194.7,154,1,"	1785,1874" 
2013-01-02T21:00:00Z,"CHE",2013-09-03T20:00:00Z,Buy,70.8,69.66,12,-13.68,3.5214193944774,-82.92,131.88,214.8,0,"	1782,1922" 
2013-01-02T21:00:00Z,"LOPE",2013-09-03T20:00:00Z,Buy,23.53,35.01,7,80.36,3.0751900082387,-9.03,87.92,23.38,1,"	1788,1926" 
2013-01-02T21:00:00Z,"LNDC",2013-11-01T20:00:00Z,Buy,9.82,11.7,65,122.2,4.0639793125791,0,390,278.85,1,"	1787,1961" 
2013-01-02T21:00:00Z,"LOPE",2013-11-01T20:00:00Z,Buy,23.53,46.63,6,138.6,2.3598327739531,-7.74,146.16,20.04,1,"	1788,1962" 
2013-01-02T21:00:00Z,"LOPE",2014-05-01T20:00:00Z,Buy,23.53,45.99,24,539.04,9.9913393250332,-30.96,652.8,211.68,1,"	1788,2095" 
2013-01-02T21:00:00Z,"IPAR",2014-06-02T20:00:00Z,Buy,19.89,29.27,36,337.68,1.1763843321058,-2.16,652.68,317.16,1,"	1786,2124" 
2013-01-02T21:00:00Z,"HVT",2015-02-02T21:00:00Z,Buy,16.68,24.79,9,72.99,3.2105168490932,-3.69,131.94,103.05,1,"	1784,2295" 
2013-01-02T21:00:00Z,"HVT",2015-04-01T20:00:00Z,Buy,16.68,24.05,31,228.47,4.13317630499,-12.71,454.46,354.95,1,"	1784,2340" 
2013-02-01T21:00:00Z,"AAPL",2013-03-01T21:00:00Z,Buy,453.73,430.51,1,-23.22,1.7661244216536,-23.22,248.37,49.42,0,"	1801,1806" 
2013-02-01T21:00:00Z,"IDT",2013-05-01T20:00:00Z,Buy,10.34,13.86,25,88,2.5724237167706,-5.75,111.25,23.25,1,"	1803,1840" 
2013-02-01T21:00:00Z,"BGFV",2013-06-03T20:00:00Z,Buy,14.18,20.25,15,91.05,9.5936906625815,-8.55,122.85,35.4,1,"	1802,1869" 
2013-02-01T21:00:00Z,"IDT",2013-07-01T20:00:00Z,Buy,10.34,19.31,11,98.67,1.0568245050829,-2.53,112.31,20.46,1,"	1803,1895" 
2013-02-01T21:00:00Z,"RES",2013-08-01T20:00:00Z,Buy,15.2,14.64,61,-34.16,7.3907604864109,-163.48,124.44,287.92,0,"	1804,1912" 
2013-02-01T21:00:00Z,"WOR",2013-11-01T20:00:00Z,Buy,27.89,40.88,5,64.95,2.1927324215555,-4.3,64.95,21.2,1,"	1805,1964" 
2013-02-01T21:00:00Z,"BGFV",2014-04-01T20:00:00Z,Buy,14.18,16.17,51,101.49,8.1107135558758,-29.07,541.62,530.91,1,"	1802,2072" 
2013-02-01T21:00:00Z,"IDT",2014-06-02T20:00:00Z,Buy,10.34,16.64,54,340.2,1.3462484921592,-12.42,665.28,394.2,1,"	1803,2123" 
2013-02-01T21:00:00Z,"WOR",2014-06-02T20:00:00Z,Buy,27.89,40.15,28,343.28,1.1394789081886,-24.08,451.92,233.24,1,"	1805,2129" 
2013-03-01T21:00:00Z,"CTR",2013-07-01T20:00:00Z,Buy,25.99,25.32,7.000011999994,-4.69,2.0051981303653,-97.02,40.32,26.18,0,"	1812,1894" 
2013-03-01T21:00:00Z,"KAI",2013-12-02T21:00:00Z,Buy,24.87,40.75,8,127.04,6.0037850471424,-4.4,132.4,31.04,1,"	1815,1988" 
2013-03-01T21:00:00Z,"SXI",2014-01-02T21:00:00Z,Buy,55.19,63.15,17,135.32,6.6479047236493,-90.1,149.43,128.52,1,"	1814,2012" 
2013-03-01T21:00:00Z,"SIX",2014-03-03T21:00:00Z,Buy,33.755,40.6,26,177.97,7.2608847012657,-47.45,183.17,209.3,1,"	1813,2059" 
2013-03-01T21:00:00Z,"CTR",2014-12-01T21:00:00Z,Buy,25.99,39.86,0.999988000006,13.87,1.5719962137043,-13.86,14.13,3.74,1,"	1812,2255" 
2013-03-01T21:00:00Z,"KAI",2015-04-01T20:00:00Z,Buy,24.87,53.73,4,115.44,1.9337733132419,-2.2,115.44,30.88,1,"	1815,2341" 
2013-04-01T20:00:00Z,"CRUS",2013-05-01T20:00:00Z,Buy,22.05,18.89,11,-34.76,2.4706374140237,-48.07,251.02,49.06,0,"	1826,1835" 
2013-04-01T20:00:00Z,"DLX",2013-05-01T20:00:00Z,Buy,41.23,36.6,23,-106.49,6.6442578692939,-106.49,21.39,127.88,0,"	1827,1836" 
2013-04-01T20:00:00Z,"MED",2013-08-01T20:00:00Z,Buy,22.23,27.27,9,45.36,1.854715598401,0,90.45,34.02,1,"	1829,1909" 
2013-04-01T20:00:00Z,"TASR",2013-09-03T20:00:00Z,Buy,7.61,11.97,30,130.8,2.7238060364391,-7.2,130.8,32.1,1,"	1831,1929" 
2013-04-01T20:00:00Z,"TASR",2013-10-01T20:00:00Z,Buy,7.61,15.94,15,124.95,1.0801810865191,-3.6,124.95,16.05,1,"	1831,1944" 
2013-04-01T20:00:00Z,"VLGEA",2013-12-02T21:00:00Z,Buy,33.24,38,6,28.56,1.0295992876224,-53.7,35.94,33.54,1,"	1833,1989" 
2013-04-01T20:00:00Z,"VLO",2013-12-02T21:00:00Z,Buy,44.97,46.83,6,11.16,3.5197593843476,-68.64,11.16,68.64,1,"	1834,1990" 
2013-04-01T20:00:00Z,"AEOS",2014-01-02T21:00:00Z,Buy,18.46,14.73,11,-41.03,2.3529998455685,-68.46,174.68,79.64,0,"	1825,2003" 
2013-04-01T20:00:00Z,"UNF",2014-01-02T21:00:00Z,Buy,90.35,106.12,10,157.7,7.1239280497208,-15,166.5,93.6,1,"	1832,2013" 
2013-04-01T20:00:00Z,"HCA",2014-02-03T21:00:00Z,Buy,40.72,48.46,23,178.02,5.7248295041896,-120.29,245.87,135.93,1,"	1828,2027" 
2013-04-01T20:00:00Z,"VLO",2014-02-03T21:00:00Z,Buy,44.97,48.85,14,54.32,5.5394613002355,-160.16,115.78,160.16,1,"	1834,2036" 
2013-04-01T20:00:00Z,"POWL",2014-03-03T21:00:00Z,Buy,52.25,67.62,18,276.66,13.540419433941,-93.24,298.98,174.42,1,"	1830,2058" 
2013-04-01T20:00:00Z,"TASR",2014-03-03T21:00:00Z,Buy,7.61,19.56,12,143.4,3.3508886628489,-2.88,154.68,33.48,1,"	1831,2060" 
2013-04-01T20:00:00Z,"TASR",2014-09-02T20:00:00Z,Buy,7.61,17.54,62,615.66,1.5092980216975,-14.88,799.18,620,1,"	1831,2193" 
2013-05-01T20:00:00Z,"NXST",2013-07-01T20:00:00Z,Buy,24.98,34.49,11,104.61,2.2535406624116,0,115.28,28.27,1,"	1861,1897" 
2013-05-01T20:00:00Z,"QUAD",2013-08-01T20:00:00Z,Buy,19.69,28.22,8,68.24,7.3826980284574,0,68.24,13.44,1,"	1863,1910" 
2013-05-01T20:00:00Z,"CSGS",2013-09-03T20:00:00Z,Buy,20.36,23.65,44,144.76,5.1301207901883,-7.04,222.64,82.72,1,"	1853,1923" 
2013-05-01T20:00:00Z,"DAKT",2013-09-03T20:00:00Z,Buy,9.63,10.93,96,124.8,17.62194055065,0,182.4,102.72,1,"	1854,1924" 
2013-05-01T20:00:00Z,"MOV",2013-09-03T20:00:00Z,Buy,29.42,41.62,9,109.8,1.8136193470159,-67.77,129.33,38.79,1,"	1860,1927" 
2013-05-01T20:00:00Z,"IDCC",2013-10-01T20:00:00Z,Buy,43.45,37.7,21,-120.75,8.4218851933239,-167.37,89.04,256.41,0,"	1855,1941" 
2013-05-01T20:00:00Z,"WGO",2013-10-01T20:00:00Z,Buy,17.96,26.81,10,88.5,4.9329888208433,0,88.5,46.3,1,"	1867,1946" 
2013-05-01T20:00:00Z,"LNN",2013-12-02T21:00:00Z,Buy,74.32,77.86,12,42.48,8.224588278336,-27.84,167.16,195,1,"	1859,1984" 
2013-05-01T20:00:00Z,"K",2014-01-02T21:00:00Z,Buy,64.61,60.8,14,-53.34,5.2452837924231,-82.32,39.9,122.22,0,"	1857,2008" 
2013-05-01T20:00:00Z,"NXST",2014-01-02T21:00:00Z,Buy,24.98,55.37,6,182.34,1.0298062085053,0,185.16,58.98,1,"	1861,2010" 
2013-05-01T20:00:00Z,"QUAD",2014-01-02T21:00:00Z,Buy,19.69,25.74,38,229.9,8.5049409266317,0,641.06,476.52,1,"	1863,2011" 
2013-05-01T20:00:00Z,"UTHR",2014-01-02T21:00:00Z,Buy,66.68,110.9,4,176.88,4.3442755354568,-20.4,191.32,36.04,1,"	1866,2014" 
2013-05-01T20:00:00Z,"WGO",2014-01-02T21:00:00Z,Buy,17.96,26.99,42,379.26,6.674143352307,0,596.82,238.56,1,"	1867,2015" 
2013-05-01T20:00:00Z,"OTL",2014-02-03T21:00:00Z,Buy,41.85,41.8,22,-1.1,2.2119308254999,-42.24,150.92,152.02,0,"	1862,2030" 
2013-05-01T20:00:00Z,"KELYA",2014-03-03T21:00:00Z,Buy,16.33,24.99,9,77.94,7.3077642740572,0,82.71,25.29,1,"	1858,2054" 
2013-05-01T20:00:00Z,"NXST",2014-04-01T20:00:00Z,Buy,24.98,38.49,22,297.22,1.1436194029851,0,678.92,499.18,1,"	1861,2077" 
2013-05-01T20:00:00Z,"RS",2014-04-01T20:00:00Z,Buy,63.31,71.28,14,111.58,4.7979934902826,-14.84,179.34,131.6,1,"	1864,2079" 
2013-05-01T20:00:00Z,"TTEC",2014-05-01T20:00:00Z,Buy,20.8,24.22,45,153.9,6.0341926257064,0,274.95,252.9,1,"	1865,2103" 
2013-05-01T20:00:00Z,"KELYA",2014-07-01T20:00:00Z,Buy,16.33,17.57,47,58.28,1.9832881283673,0,449.32,409.84,1,"	1858,2145" 
2013-05-01T20:00:00Z,"JCOM",2014-09-02T20:00:00Z,Buy,39.59,53.76,23,325.91,7.3114126250572,-22.77,371.45,292.1,1,"	1856,2189" 
2013-05-01T20:00:00Z,"UTHR",2014-09-02T20:00:00Z,Buy,66.68,115.22,2,97.08,2.5018640138549,-10.2,102.3,56.74,1,"	1866,2195" 
2013-05-01T20:00:00Z,"UTHR",2015-02-02T21:00:00Z,Buy,66.68,141.96,2,150.56,1.0100588110253,-10.2,161.46,56.74,1,"	1866,2301" 
2013-06-03T20:00:00Z,"WMK",2013-07-01T20:00:00Z,Buy,42.19,45.44,6,19.5,1.0309386458079,-113.4,28.38,11.1,1,"	1893,1899" 
2013-06-03T20:00:00Z,"RES",2013-08-01T20:00:00Z,Buy,12.67,14.64,20,39.4,1.1006354249404,-3,91.4,25,1,"	1888,1912" 
2013-06-03T20:00:00Z,"SANM",2013-10-01T20:00:00Z,Buy,13.85,18.01,12,49.92,3.5253316850387,-3.84,51.36,11.52,1,"	1889,1943" 
2013-06-03T20:00:00Z,"UEIC",2013-10-01T20:00:00Z,Buy,27.65,36.48,8,70.64,9.2266874316042,-10.16,70.64,32,1,"	1891,1945" 
2013-06-03T20:00:00Z,"FSLR",2013-11-01T20:00:00Z,Buy,53.33,59.07,5,28.7,2.1176385963755,-84.3,28.7,99.65,1,"	1883,1960" 
2013-06-03T20:00:00Z,"MXIM",2013-12-02T21:00:00Z,Buy,29.32,28.22,7,-7.7,1.0347982366904,-57.68,27.93,16.87,0,"	1885,1986" 
2013-06-03T20:00:00Z,"ANF",2014-01-02T21:00:00Z,Buy,49.71,32.01,20,-354,8.2315672155814,-359.8,41.8,401.6,0,"	1880,2004" 
2013-06-03T20:00:00Z,"DLX",2014-01-02T21:00:00Z,Buy,37.37,50.81,4,53.76,2.154362874288,-14.68,59.28,15.44,1,"	1882,2005" 
2013-06-03T20:00:00Z,"CYH",2014-02-03T21:00:00Z,Buy,48.56,40.21,21,-175.35,2.2320829081901,-240.03,55.02,295.05,0,"	1881,2026" 
2013-06-03T20:00:00Z,"PLPC",2014-02-03T21:00:00Z,Buy,69.68,65.5,14,-58.52,12.536688164428,-58.52,318.92,377.44,0,"	1887,2032" 
2013-06-03T20:00:00Z,"SANM",2014-02-03T21:00:00Z,Buy,13.85,16.11,63,142.38,18.522931872123,-20.16,269.64,224.91,1,"	1889,2033" 
2013-06-03T20:00:00Z,"VLO",2014-02-03T21:00:00Z,Buy,40.25,48.85,5,43,1.0247479094934,-33.6,64.95,33.6,1,"	1892,2036" 
2013-06-03T20:00:00Z,"GCI",2014-03-03T21:00:00Z,Buy,20.8,29.05,7,57.75,2.945202515906,-6.65,64.68,25.76,1,"	1884,2052" 
2013-06-03T20:00:00Z,"FSLR",2014-04-01T20:00:00Z,Buy,53.33,70.89,6,105.36,1.0304728471128,-101.16,123.12,119.58,1,"	1883,2073" 
2013-06-03T20:00:00Z,"UACL",2014-04-01T20:00:00Z,Buy,25.76,28.98,40,128.8,19.730217194917,-117.2,289.2,332,1,"	1890,2080" 
2013-06-03T20:00:00Z,"DLX",2014-05-01T20:00:00Z,Buy,37.37,54.98,23,405.03,1.1150627843494,-84.41,405.03,184,1,"	1882,2092" 
2013-06-03T20:00:00Z,"NR",2014-07-01T20:00:00Z,Buy,11.34,12.56,92,112.24,2.9315303788266,-77.28,198.72,274.16,1,"	1886,2147" 
2013-06-03T20:00:00Z,"UEIC",2014-07-01T20:00:00Z,Buy,27.65,49.64,5,109.95,2.0596517227499,-6.35,109.95,50.15,1,"	1891,2150" 
2013-06-03T20:00:00Z,"FSLR",2014-12-01T21:00:00Z,Buy,53.33,45.76,7,-52.99,1.0984590163934,-118.02,143.64,196.63,0,"	1883,2259" 
2013-06-03T20:00:00Z,"UEIC",2014-12-01T21:00:00Z,Buy,27.65,58.5,4,123.4,3.0901234610142,-5.08,132,40.12,1,"	1891,2260" 
2013-06-03T20:00:00Z,"UEIC",2015-08-03T20:00:00Z,Buy,27.65,50.71,21,484.26,1.1222752700617,-26.67,812.91,368.76,1,"	1891,2440" 
2013-06-03T20:00:00Z,"GCI",2015-12-01T21:00:00Z,Buy,20.8,28.68,8,63.04,1.0406088495575,-7.6,137.68,129.36,1,"	1884,2518" 
2013-07-01T20:00:00Z,"DK",2013-11-01T20:00:00Z,Buy,28.04,25.26,8,-22.24,1.0389850538756,-62.96,99.68,84.48,0,"	1901,1957" 
2013-07-01T20:00:00Z,"KLIC",2014-01-02T21:00:00Z,Buy,11.04,13.06,92,185.84,2.9108674217189,-5.52,241.04,173.88,1,"	1903,2009" 
2013-07-01T20:00:00Z,"HOC",2014-03-03T21:00:00Z,Buy,40.74,44.88,6,24.84,1.0285694249649,-113.64,106.14,39.48,1,"	1902,2053" 
2013-07-01T20:00:00Z,"MPC",2014-04-01T20:00:00Z,Buy,70.38,89.54,14,268.24,2.1413407133936,-115.92,337.4,181.86,1,"	1904,2076" 
2013-07-01T20:00:00Z,"DDS",2014-06-02T20:00:00Z,Buy,82.17,112.36,2,60.38,3.5424726563939,-12.8,61.16,27.18,1,"	1900,2121" 
2013-08-01T20:00:00Z,"CHE",2013-09-03T20:00:00Z,Buy,71.48,69.66,3,-5.46,2.2228940731867,-22.77,30.93,9.6,0,"	1913,1922" 
2013-08-01T20:00:00Z,"NEU",2013-09-03T20:00:00Z,Buy,281.01,273.45,1,-7.56,1.4019867283304,-107.55,7.15,9.73,0,"	1916,1925" 
2013-08-01T20:00:00Z,"IDCC",2013-10-01T20:00:00Z,Buy,41.03,37.7,6,-19.98,1.2786326083233,-33.3,39.96,33.3,0,"	1917,1941" 
2013-08-01T20:00:00Z,"DV",2013-11-01T20:00:00Z,Buy,30.63,34.91,36,154.08,2.3583274351034,-83.16,276.12,155.52,1,"	1915,1958" 
2013-08-01T20:00:00Z,"CVI",2013-12-02T21:00:00Z,Buy,48.54,40.03,5,-42.55,1.6622055976425,-157.7,109.2,74.6,0,"	1914,1981" 
2013-08-01T20:00:00Z,"KIRK",2013-12-02T21:00:00Z,Buy,17.89,25.5,15,114.15,8.008747636954,-23.85,116.55,59.7,1,"	1918,1983" 
2013-08-01T20:00:00Z,"KIRK",2014-03-03T21:00:00Z,Buy,17.89,17.76,47,-6.11,8.8967134204592,-74.73,365.19,419.24,0,"	1918,2055" 
2013-08-01T20:00:00Z,"OSK",2014-03-03T21:00:00Z,Buy,46.56,57.04,4,41.92,5.9744415879188,-6.56,45.08,25.72,1,"	1920,2057" 
2013-08-01T20:00:00Z,"PDFS",2014-05-01T20:00:00Z,Buy,20.95,18.93,53,-107.06,2.6033661183756,-197.16,289.38,486.54,0,"	1921,2097" 
2013-08-01T20:00:00Z,"LEA",2014-08-01T20:00:00Z,Buy,69.4,93.34,3,71.82,2.819020814246,-1.95,88.8,33.36,1,"	1919,2165" 
2013-08-01T20:00:00Z,"OSK",2014-09-02T20:00:00Z,Buy,46.56,49.6,20,60.8,4.4213721159864,-32.8,269,283.4,1,"	1920,2191" 
2013-08-01T20:00:00Z,"LEA",2015-11-02T21:00:00Z,Buy,69.4,126.34,2,113.88,1.0101023508716,-1.3,113.88,50.12,1,"	1919,2496" 
2013-09-03T20:00:00Z,"BKE",2013-12-02T21:00:00Z,Buy,51.94,52.07,2.249960268723,0.29,1.5162285738562,-91.63,11.7,17.46,1,"	1933,1979" 
2013-09-03T20:00:00Z,"ABFS",2014-01-02T21:00:00Z,Buy,24.76,33.82,6,54.36,2.3963158515088,-18.84,59.64,37.02,1,"	1930,2002" 
2013-09-03T20:00:00Z,"AEOS",2014-01-02T21:00:00Z,Buy,14.37,14.73,21.499963219976,7.74,4.0208194291489,-45.87,429.35,51.17,1,"	1931,2003" 
2013-09-03T20:00:00Z,"ANF",2014-01-02T21:00:00Z,Buy,34.93,32.01,9,-26.28,1.0445157179269,-28.89,151.83,62.1,0,"	1932,2004" 
2013-09-03T20:00:00Z,"USMO",2014-03-03T21:00:00Z,Buy,13.92,14.37,74,33.3,9.8617058149262,-85.84,116.92,202.76,1,"	1938,2061" 
2013-09-03T20:00:00Z,"PPC",2014-04-01T20:00:00Z,Buy,15.59,21.14,10,55.5,14.377980478241,-16.7,55.5,34.5,1,"	1936,2078" 
2013-09-03T20:00:00Z,"ABFS",2014-05-01T20:00:00Z,Buy,24.76,40.57,6,94.86,1.0308751902588,-18.84,94.86,37.02,1,"	1930,2090" 
2013-09-03T20:00:00Z,"PPC",2014-05-01T20:00:00Z,Buy,15.59,22.05,58,374.68,1.2925205855444,-96.86,401.36,200.1,1,"	1936,2098" 
2013-09-03T20:00:00Z,"SAFM",2014-07-01T20:00:00Z,Buy,64.75,97.92,2.0000074999962,66.34,1.0741638668296,-91.69,66.34,14.76,1,"	1937,2148" 
2013-09-03T20:00:00Z,"ICFI",2014-11-03T21:00:00Z,Buy,32.95,36.26,31,102.61,8.1628363949862,-78.12,258.85,336.97,1,"	1935,2231" 
2013-09-03T20:00:00Z,"ABFS",2014-12-01T21:00:00Z,Buy,24.76,42.15,8,139.12,2.0019706758991,-25.12,163.12,116.88,1,"	1930,2253" 
2013-09-03T20:00:00Z,"FSLR",2014-12-01T21:00:00Z,Buy,36.87,45.76,10,88.9,1.050204248366,-4,369.8,280.9,1,"	1934,2259" 
2013-09-03T20:00:00Z,"ABFS",2015-12-01T21:00:00Z,Buy,24.76,24.33,22,-9.46,9.5523329262231,-69.08,496.54,511.5,0,"	1930,2514" 
2013-10-01T20:00:00Z,"DK",2013-11-01T20:00:00Z,Buy,21.25,25.26,17,68.17,1.7596182275608,-18.36,327.25,26.35,1,"	1949,1957" 
2013-10-01T20:00:00Z,"LNDC",2013-11-01T20:00:00Z,Buy,12.27,11.7,25,-14.25,4.0975082938444,-61.25,88.75,20,0,"	1951,1961" 
2013-10-01T20:00:00Z,"SYNA",2013-11-01T20:00:00Z,Buy,45.92,45.49,24,-10.32,11.25272841044,-26.4,219.6,246,0,"	1954,1963" 
2013-10-01T20:00:00Z,"K",2014-01-02T21:00:00Z,Buy,58.75,60.8,4,8.2,1.2263196741626,-0.08,34.84,16.12,1,"	1950,2008" 
2013-10-01T20:00:00Z,"CYH",2014-02-03T21:00:00Z,Buy,42.2,40.21,5,-9.95,1.025421686747,-25.35,44.9,34.95,0,"	1948,2026" 
2013-10-01T20:00:00Z,"TSN",2014-02-03T21:00:00Z,Buy,28.5,36.02,8,60.16,3.3136702352673,-7.52,71.2,17.68,1,"	1955,2035" 
2013-10-01T20:00:00Z,"VLO",2014-02-03T21:00:00Z,Buy,33.84,48.85,7,105.07,1.9414331240589,-2.17,135.8,30.73,1,"	1956,2036" 
2013-10-01T20:00:00Z,"SIX",2014-03-03T21:00:00Z,Buy,33.92,40.6,6,40.08,1.0301154187629,-11.94,41.28,26.52,1,"	1953,2059" 
2013-10-01T20:00:00Z,"BGFV",2014-04-01T20:00:00Z,Buy,16.18,16.17,17,-0.17,1.9214695540182,-43.69,146.54,97.07,0,"	1947,2072" 
2013-10-01T20:00:00Z,"PLUS",2014-06-02T20:00:00Z,Buy,51.7,56.56,4,19.44,2.0142135117624,-64.96,56.84,44.44,1,"	1952,2126" 
2013-10-01T20:00:00Z,"TSN",2015-02-02T21:00:00Z,Buy,28.5,39.57,31,343.17,1.1571042520492,-29.14,480.81,274.66,1,"	1955,2300" 
2013-11-01T20:00:00Z,"CTB",2013-12-02T21:00:00Z,Buy,25.91,24.39,10,-15.2,1.0498077662438,-72.2,87.5,35.5,0,"	1965,1980" 
2013-11-01T20:00:00Z,"CVI",2013-12-02T21:00:00Z,Buy,37.06,40.03,6,17.82,1.0279909365559,-120.36,199.92,23.34,1,"	1966,1981" 
2013-11-01T20:00:00Z,"GPS",2013-12-02T21:00:00Z,Buy,36.78,41.58,8,38.4,1.8565960823399,-92.16,77.44,11.04,1,"	1968,1982" 
2013-11-01T20:00:00Z,"LNN",2013-12-02T21:00:00Z,Buy,76,77.86,3,5.58,1.0149980265755,-12,36.75,12.27,1,"	1971,1984" 
2013-11-01T20:00:00Z,"NC",2013-12-02T21:00:00Z,Buy,55.18,63.46,4,33.12,1.4104272947045,-46.84,280.92,8.24,1,"	1972,1987" 
2013-11-01T20:00:00Z,"HHS",2014-02-03T21:00:00Z,Buy,7.98,6.86,145,-162.4,18.798122154746,-184.15,26.1,210.25,0,"	1969,2028" 
2013-11-01T20:00:00Z,"SANM",2014-02-03T21:00:00Z,Buy,14.91,16.11,16,19.2,3.3042385238104,-22.08,51.52,30.4,1,"	1974,2033" 
2013-11-01T20:00:00Z,"WNC",2014-02-03T21:00:00Z,Buy,11.6,13.38,15,26.7,11.103758566481,-6.15,36.45,11.85,1,"	1976,2038" 
2013-11-01T20:00:00Z,"LDOS",2014-05-01T20:00:00Z,Buy,47.41,37.29,24,-242.88,7.6729370955906,-306.48,38.64,345.12,0,"	1973,2099" 
2013-11-01T20:00:00Z,"LHCG",2014-06-02T20:00:00Z,Buy,20.66,20.38,12,-3.36,1.0601747572816,-16.32,69.96,50.64,0,"	1970,2125" 
2013-11-01T20:00:00Z,"DECK",2014-08-01T20:00:00Z,Buy,68.56,88.74,2.9999908199925,60.54,4.7570717303441,-111.09,147.24,47.16,1,"	1967,2161" 
2013-11-01T20:00:00Z,"WNC",2014-12-01T21:00:00Z,Buy,11.6,10.54,84,-89.04,3.716056787128,-177.24,265.44,442.68,0,"	1976,2261" 
2013-11-01T20:00:00Z,"DECK",2015-12-01T21:00:00Z,Buy,68.56,48.91,13.000009180008,-255.45,4.7940588336255,-481.39,638.04,690.17,0,"	1967,2515" 
2013-12-02T21:00:00Z,"ANF",2014-01-02T21:00:00Z,Buy,34.02,32.01,6,-12.06,2.6387887493785,-13.8,106.68,25.62,0,"	1991,2004" 
2013-12-02T21:00:00Z,"QUAD",2014-01-02T21:00:00Z,Buy,25.74,25.74,8,0,1.0395239923225,-48.4,86.56,12,0,"	1998,2011" 
2013-12-02T21:00:00Z,"MTRX",2014-02-03T21:00:00Z,Buy,21.82,24.86,10,30.4,7.2093513169116,-4.2,58.7,28.3,1,"	1996,2029" 
2013-12-02T21:00:00Z,"PLPC",2014-02-03T21:00:00Z,Buy,68.74,65.5,3,-9.72,1.0146359119943,-9.72,71.16,28.2,0,"	1997,2032" 
2013-12-02T21:00:00Z,"SYNA",2014-02-03T21:00:00Z,Buy,50.27,55.5,4,20.92,9.6000002625116,-6.56,39.96,19.04,1,"	2001,2034" 
2013-12-02T21:00:00Z,"MTRX",2014-03-03T21:00:00Z,Buy,21.82,33.06,7,78.68,3.9021495481749,-2.94,78.68,21.63,1,"	1996,2056" 
2013-12-02T21:00:00Z,"FSS",2014-05-01T20:00:00Z,Buy,15.3,14.62,15,-10.2,2.4491046027327,-53.7,7.95,53.7,0,"	1994,2094" 
2013-12-02T21:00:00Z,"SPTN",2014-05-01T20:00:00Z,Buy,23.56,21.53,52,-105.56,2.5239137770947,-105.56,79.56,185.12,0,"	1999,2101" 
2013-12-02T21:00:00Z,"STMP",2014-05-01T20:00:00Z,Buy,46.02,29.12,26,-439.4,14.152744876567,-439.4,0,439.4,0,"	2000,2102" 
2013-12-02T21:00:00Z,"SYNA",2014-07-01T20:00:00Z,Buy,50.27,91.88,6,249.66,5.7331924998768,-9.84,249.66,62.1,1,"	2001,2149" 
2013-12-02T21:00:00Z,"CMCO",2014-08-01T20:00:00Z,Buy,26.42,23.16,43,-140.18,8.4229852184208,-140.18,166.84,307.02,0,"	1993,2159" 
2013-12-02T21:00:00Z,"HLIT",2014-08-01T20:00:00Z,Buy,7.33,5.94,157,-218.23,16.121690136503,-252.77,61.23,314,0,"	1995,2163" 
2013-12-02T21:00:00Z,"ANK",2014-11-03T21:00:00Z,Buy,55.5,68.54,3,39.12,10.387968305249,-7.08,39.12,39.99,1,"	1992,2225" 
2013-12-02T21:00:00Z,"SYNA",2014-11-03T21:00:00Z,Buy,50.27,65.72,13,200.85,1.0768317989186,-21.32,551.33,397.41,1,"	2001,2234" 
2013-12-02T21:00:00Z,"MTRX",2015-01-02T21:00:00Z,Buy,21.82,22.24,37,15.54,5.5953139182567,-97.31,569.43,666.74,1,"	1996,2276" 
2013-12-02T21:00:00Z,"ANK",2015-02-02T21:00:00Z,Buy,55.5,67.42,18,214.56,1.0913412614782,-42.48,317.88,239.94,1,"	1992,2292" 
2014-01-02T21:00:00Z,"HPQ",2014-04-01T20:00:00Z,Buy,27.66,33.23,7,38.99,2.2534248935978,-1.47,38.99,13.23,1,"	2019,2074" 
2014-01-02T21:00:00Z,"XRX",2014-05-01T20:00:00Z,Buy,11.91,12.08,101,17.17,3.9263688610395,-162.61,53.53,216.14,1,"	2025,2104" 
2014-01-02T21:00:00Z,"IDT",2014-06-02T20:00:00Z,Buy,17.7,16.64,15,-15.9,1.0742865137101,-113.85,74.4,56.7,0,"	2020,2123" 
2014-01-02T21:00:00Z,"GME",2014-08-01T20:00:00Z,Buy,49.65,41.22,5,-42.15,2.1505428990953,-79.1,0,79.1,0,"	2017,2162" 
2014-01-02T21:00:00Z,"HLS",2014-08-01T20:00:00Z,Buy,33.28,38.48,37,192.4,3.9142636734643,-119.51,246.79,172.05,1,"	2018,2164" 
2014-01-02T21:00:00Z,"NUS",2014-08-01T20:00:00Z,Buy,138.07,59.03,8,-632.32,10.300007904301,-635.04,0,635.04,0,"	2022,2167" 
2014-01-02T21:00:00Z,"RGR",2014-10-01T20:00:00Z,Buy,73.75,47.4,16,-421.6,2.2024106287145,-442.56,179.04,621.6,0,"	2023,2215" 
2014-01-02T21:00:00Z,"SNX",2014-10-01T20:00:00Z,Buy,66.22,63.14,18,-55.44,2.1763494445212,-249.48,192.96,309.24,0,"	2024,2217" 
2014-01-02T21:00:00Z,"HPQ",2015-01-02T21:00:00Z,Buy,27.66,40.24,5,62.9,2.0686469774556,-1.05,65.3,29.6,1,"	2019,2275" 
2014-01-02T21:00:00Z,"GES",2015-04-01T20:00:00Z,Buy,30.56,18.23,39,-480.87,16.406881780683,-539.37,34.71,574.08,0,"	2016,2338" 
2014-01-02T21:00:00Z,"HPQ",2015-05-01T20:00:00Z,Buy,27.66,33.8,32,196.48,5.0009769754605,-6.72,417.92,305.92,1,"	2019,2359" 
2014-01-02T21:00:00Z,"GME",2015-06-01T20:00:00Z,Buy,49.65,43.47,8,-49.44,1.0400552868003,-141.84,0,141.84,0,"	2017,2402" 
2014-01-02T21:00:00Z,"MRVL",2015-12-01T21:00:00Z,Buy,14.17,9.38,85,-407.15,3.1281162622403,-520.2,205.7,725.9,0,"	2021,2520" 
2014-02-03T21:00:00Z,"KIRK",2014-03-03T21:00:00Z,Buy,17.58,17.76,14,2.52,1.0653531598513,-17.92,113.12,17.08,1,"	2046,2055" 
2014-02-03T21:00:00Z,"KFY",2014-04-01T20:00:00Z,Buy,22.58,30.45,9,70.83,6.7854233991765,-2.16,70.83,12.6,1,"	2045,2075" 
2014-02-03T21:00:00Z,"DXPE",2014-05-01T20:00:00Z,Buy,91.7,111.94,2,40.48,4.5622774078164,-1.26,43.02,30.6,1,"	2042,2093" 
2014-02-03T21:00:00Z,"MU",2014-06-02T20:00:00Z,Buy,22.81,28.66,8,46.8,2.2876022766192,-13.44,46.8,34.88,1,"	2047,2127" 
2014-02-03T21:00:00Z,"DXPE",2014-07-01T20:00:00Z,Buy,91.7,77.08,10,-146.2,5.0819265539393,-271.2,215.1,486.3,0,"	2042,2144" 
2014-02-03T21:00:00Z,"NUS",2014-08-01T20:00:00Z,Buy,82.78,59.03,5,-118.75,1.0243041691133,-120.45,276.45,149.85,0,"	2048,2167" 
2014-02-03T21:00:00Z,"SNS",2014-09-02T20:00:00Z,Buy,425.68,348.79,1.45,-111.49,1.0097418528012,-394.52,119.92,231.41,0,"	2041,2185" 
2014-02-03T21:00:00Z,"PRFT",2014-09-02T20:00:00Z,Buy,20.01,17.59,56,-135.52,16.336093214321,-191.52,49.28,240.8,0,"	2050,2192" 
2014-02-03T21:00:00Z,"MU",2014-10-01T20:00:00Z,Buy,22.81,33.5,7,74.83,1.0342235843549,-11.76,82.81,34.72,1,"	2047,2213" 
2014-02-03T21:00:00Z,"CIR",2014-11-03T21:00:00Z,Buy,71.06,74.75,16,59.04,8.0852184074773,-150.08,176.48,326.56,1,"	2039,2228" 
2014-02-03T21:00:00Z,"OSTK",2014-11-03T21:00:00Z,Buy,20.72,23.59,55,157.85,2.6531835737898,-371.8,157.85,448.8,1,"	2049,2233" 
2014-02-03T21:00:00Z,"MU",2015-01-02T21:00:00Z,Buy,22.81,34.75,35,417.9,1.1737003713225,-58.8,478.8,266.35,1,"	2047,2277" 
2014-02-03T21:00:00Z,"COLM",2015-03-02T21:00:00Z,Buy,36.7,56.35,7,137.55,8.4051501474761,-11.48,137.55,57.3,1,"	2040,2314" 
2014-02-03T21:00:00Z,"COLM",2015-08-03T20:00:00Z,Buy,36.7,64.69,5,139.95,1.0226062342745,-8.2,174.2,40.92,1,"	2040,2435" 
2014-02-03T21:00:00Z,"KFY",2015-12-01T21:00:00Z,Buy,22.58,38.3,6,94.32,1.031222826087,-1.44,94.32,50.1,1,"	2045,2519" 
2014-03-03T21:00:00Z,"NXST",2014-04-01T20:00:00Z,Buy,41.9,38.49,6,-20.46,1.9604488534144,-101.52,83.64,67.5,0,"	2067,2077" 
2014-03-03T21:00:00Z,"RS",2014-04-01T20:00:00Z,Buy,68.53,71.28,3,8.25,1.0148376154734,-18.84,22.77,5.94,1,"	2068,2079" 
2014-03-03T21:00:00Z,"STMP",2014-05-01T20:00:00Z,Buy,35.55,29.12,8,-51.44,2.001072215937,-51.44,83.76,64,0,"	2069,2102" 
2014-03-03T21:00:00Z,"DAL",2014-06-02T20:00:00Z,Buy,32.59,40.77,6,49.08,7.4640449192691,-5.16,49.08,24.12,1,"	2064,2120" 
2014-03-03T21:00:00Z,"CSGS",2014-08-01T20:00:00Z,Buy,27.56,26.96,42,-25.2,8.2256961684957,-110.46,38.64,149.1,0,"	2063,2160" 
2014-03-03T21:00:00Z,"UHS",2014-08-01T20:00:00Z,Buy,81.07,105.37,3,72.9,6.6676299425923,-20.16,83.91,25.29,1,"	2071,2171" 
2014-03-03T21:00:00Z,"GNTX",2014-11-03T21:00:00Z,Buy,31.14,32.68,38,58.52,2.3782587513916,-176.7,60.8,206.34,1,"	2065,2230" 
2014-03-03T21:00:00Z,"TTWO",2014-11-03T21:00:00Z,Buy,20,25.83,13,75.79,3.3332315630403,-15.47,83.85,45.11,1,"	2070,2235" 
2014-03-03T21:00:00Z,"NOC",2015-03-02T21:00:00Z,Buy,121.02,167.01,2,91.98,4.681611095595,-8.7,102.36,24.74,1,"	2066,2317" 
2014-03-03T21:00:00Z,"TTWO",2015-03-02T21:00:00Z,Buy,20,26.06,47,284.82,3.8998748029969,-55.93,493.5,208.68,1,"	2070,2320" 
2014-03-03T21:00:00Z,"DAL",2015-04-01T20:00:00Z,Buy,32.59,43.26,30,320.1,1.1443282918149,-50.7,544.2,339.9,1,"	2064,2337" 
2014-03-03T21:00:00Z,"UHS",2015-07-01T20:00:00Z,Buy,81.07,143.09,2,124.04,1.8460477134629,-13.44,124.04,34.08,1,"	2071,2419" 
2014-04-01T20:00:00Z,"BBSI",2014-05-01T20:00:00Z,Buy,61.41,50.67,5,-53.7,2.8557041365745,-222.55,197.45,62.45,0,"	2083,2091" 
2014-04-01T20:00:00Z,"MYGN",2014-05-01T20:00:00Z,Buy,35.15,39.97,7,33.74,2.2130563376934,0,49.42,21.14,1,"	2086,2096" 
2014-04-01T20:00:00Z,"PDFS",2014-05-01T20:00:00Z,Buy,18.17,18.93,13,9.88,1.065,-12.22,107.12,12.35,1,"	2087,2097" 
2014-04-01T20:00:00Z,"LDOS",2014-05-01T20:00:00Z,Buy,37.04,37.29,10,2.5,1.0523755656109,-24,119.8,7.5,1,"	2089,2099" 
2014-04-01T20:00:00Z,"SWKS",2014-06-02T20:00:00Z,Buy,37.61,43.07,5,27.3,8.7786700973599,-13.55,28.5,13.85,1,"	2081,2118" 
2014-04-01T20:00:00Z,"EPAM",2014-06-02T20:00:00Z,Buy,36.37,42.15,8,46.24,35.12714403625,-49.28,49.04,49.28,1,"	2084,2122" 
2014-04-01T20:00:00Z,"SWKS",2014-08-01T20:00:00Z,Buy,37.61,52.07,4,57.84,2.523595164445,-10.84,66.52,13.92,1,"	2081,2158" 
2014-04-01T20:00:00Z,"FF",2014-09-02T20:00:00Z,Buy,21.05,14,59,-415.95,2.6830541871921,-434.83,23.01,457.84,0,"	2085,2188" 
2014-04-01T20:00:00Z,"EPAM",2014-10-01T20:00:00Z,Buy,36.37,43.11,28,188.72,1.1378259876684,-172.48,255.92,233.8,1,"	2084,2211" 
2014-04-01T20:00:00Z,"RGR",2014-10-01T20:00:00Z,Buy,63.23,47.4,4,-63.32,1.0211471571906,-68.56,86.84,88.6,0,"	2088,2215" 
2014-04-01T20:00:00Z,"BAH",2014-11-03T21:00:00Z,Buy,22.32,26.5,8,33.44,2.6746898714415,-12,33.44,33.44,1,"	2082,2227" 
2014-04-01T20:00:00Z,"SWKS",2014-12-01T21:00:00Z,Buy,37.61,65.77,5,140.8,3.6825339702964,-13.55,151.45,67.6,1,"	2081,2254" 
2014-04-01T20:00:00Z,"SWKS",2015-02-02T21:00:00Z,Buy,37.61,82.02,18,799.38,4.6791485784087,-48.78,838.44,243.36,1,"	2081,2291" 
2014-04-01T20:00:00Z,"MYGN",2015-05-01T20:00:00Z,Buy,35.15,34.18,28,-27.16,5.78801733732,-87.92,197.68,285.6,0,"	2086,2363" 
2014-04-01T20:00:00Z,"BAH",2015-11-02T21:00:00Z,Buy,22.32,29.75,47,349.21,5.1832226016983,-70.5,383.05,282.94,1,"	2082,2494" 
2014-05-01T20:00:00Z,"CALM",2014-06-02T20:00:00Z,Buy,59.02,69.47,3,31.35,2.113914668336,-1.05,32.22,3,1,"	2106,2119" 
2014-05-01T20:00:00Z,"POWI",2014-06-02T20:00:00Z,Buy,49.37,49.1,25,-6.75,2.2527059285237,-33.25,43,53.25,0,"	2114,2128" 
2014-05-01T20:00:00Z,"KELYA",2014-07-01T20:00:00Z,Buy,21.07,17.57,10,-35,1.0500237416904,-47.4,48.2,39,0,"	2108,2145" 
2014-05-01T20:00:00Z,"MEI",2014-07-01T20:00:00Z,Buy,28.23,37.99,11,107.36,2.2734954089394,-4.73,109.67,17.71,1,"	2110,2146" 
2014-05-01T20:00:00Z,"DAKT",2014-09-02T20:00:00Z,Buy,12.98,13.36,92,34.96,2.9255776710135,-180.32,137.08,317.4,1,"	2107,2186" 
2014-05-01T20:00:00Z,"MOV",2014-09-02T20:00:00Z,Buy,39.03,37.58,30,-43.5,2.3008632526605,-63.3,150.3,209.1,0,"	2111,2190" 
2014-05-01T20:00:00Z,"CALM",2014-10-01T20:00:00Z,Buy,59.02,87.8,4,115.12,1.0196574499048,-1.4,129.32,37.28,1,"	2106,2209" 
2014-05-01T20:00:00Z,"OSTK",2014-11-03T21:00:00Z,Buy,15.33,23.59,20,165.2,1.0956928838951,-27.4,165.2,63,1,"	2113,2233" 
2014-05-01T20:00:00Z,"UNF",2015-01-02T21:00:00Z,Buy,95.76,120.15,2,48.78,8.35932925284,-3.08,55.28,27.92,1,"	2115,2278" 
2014-05-01T20:00:00Z,"LRW",2015-02-02T21:00:00Z,Buy,26.67,22.38,45,-193.05,2.503316223384,-297.45,204.3,501.75,0,"	2109,2297" 
2014-05-01T20:00:00Z,"VMW",2015-03-02T21:00:00Z,Buy,92.05,86.59,13,-70.98,2.1461062027714,-220.87,150.67,371.54,0,"	2117,2322" 
2014-05-01T20:00:00Z,"AVT",2015-06-01T20:00:00Z,Buy,43.04,44.06,27,27.54,6.8709297276578,-175.5,110.16,232.47,1,"	2105,2395" 
2014-05-01T20:00:00Z,"CALM",2015-06-01T20:00:00Z,Buy,29.51,57.29,9,250.02,1.0454762744752,-1.58,273.15,117.36,1,"	2106,2396" 
2014-05-01T20:00:00Z,"CALM",2015-10-01T20:00:00Z,Buy,29.51,56.47,17,458.32,11.706672496369,-2.98,515.95,221.68,1,"	2106,2467" 
2014-05-01T20:00:00Z,"MEI",2015-10-01T20:00:00Z,Buy,28.23,31.99,9,33.84,1.0451269592476,-38.34,183.42,221.76,1,"	2110,2472" 
2014-05-01T20:00:00Z,"NP",2015-11-02T21:00:00Z,Buy,50.23,68.29,5,90.3,2.1400067263708,-12.05,90.3,39,1,"	2112,2497" 
2014-06-02T20:00:00Z,"DXPE",2014-07-01T20:00:00Z,Buy,70.44,77.08,7,46.48,7.8975818465082,-41.02,299.39,25.41,1,"	2131,2144" 
2014-06-02T20:00:00Z,"MOD",2014-08-01T20:00:00Z,Buy,14.94,13.25,79,-133.51,7.6812319726569,-133.51,84.53,218.04,0,"	2136,2166" 
2014-06-02T20:00:00Z,"NUS",2014-08-01T20:00:00Z,Buy,73.62,59.03,3,-43.77,1.0149553087757,-44.79,193.35,54.36,0,"	2138,2167" 
2014-06-02T20:00:00Z,"SKX",2014-08-01T20:00:00Z,Buy,44.68,52.29,5,38.05,8.303576769857,-1.6,46.55,15,1,"	2141,2169" 
2014-06-02T20:00:00Z,"EGY",2014-09-02T20:00:00Z,Buy,6.29,8.88,49,126.91,6.7799730728549,0,153.37,39.2,1,"	2132,2187" 
2014-06-02T20:00:00Z,"PRFT",2014-09-02T20:00:00Z,Buy,17.32,17.59,12,3.24,1.7849385219587,-8.76,42.84,44.4,1,"	2140,2192" 
2014-06-02T20:00:00Z,"TASR",2014-09-02T20:00:00Z,Buy,13.32,17.54,29,122.38,1.1455463451394,-172.55,208.22,109.62,1,"	2142,2193" 
2014-06-02T20:00:00Z,"PPC",2014-10-01T20:00:00Z,Buy,25.92,30.25,8,34.64,3.0462141278853,-12.08,50.8,30,1,"	2139,2214" 
2014-06-02T20:00:00Z,"EGY",2014-12-01T21:00:00Z,Buy,6.29,5.94,137,-47.95,1.8759685863874,-76.72,428.81,505.53,0,"	2132,2257" 
2014-06-02T20:00:00Z,"CRUS",2015-01-02T21:00:00Z,Buy,22.02,23.71,54,91.26,7.8950022754482,-277.56,151.74,429.3,1,"	2130,2272" 
2014-06-02T20:00:00Z,"HURN",2015-02-02T21:00:00Z,Buy,67.97,75.13,17,121.72,15.768481857322,-128.01,168.64,184.45,1,"	2135,2296" 
2014-06-02T20:00:00Z,"SKX",2015-03-02T21:00:00Z,Buy,44.68,68.27,3,70.77,1.0150286175521,-0.96,73.86,43.65,1,"	2141,2318" 
2014-06-02T20:00:00Z,"GES",2015-04-01T20:00:00Z,Buy,25.52,18.23,8,-58.32,1.4960421295214,-70.32,47.44,93.76,0,"	2133,2338" 
2014-06-02T20:00:00Z,"HVT",2015-04-01T20:00:00Z,Buy,24.97,24.05,8,-7.36,1.2016188170615,-69.6,50.96,53.52,0,"	2134,2340" 
2014-06-02T20:00:00Z,"MYGN",2015-05-01T20:00:00Z,Buy,33.62,34.18,8,4.48,3.1673214117498,-12.88,68.72,67.2,1,"	2137,2363" 
2014-06-02T20:00:00Z,"PPC",2015-05-01T20:00:00Z,Buy,25.92,25.44,39,-18.72,8.458444352066,-129.87,455.13,585,0,"	2139,2365" 
2014-06-02T20:00:00Z,"SKX",2015-05-01T20:00:00Z,Buy,44.68,91.67,5,234.95,1.0254865435943,-1.6,234.95,72.75,1,"	2141,2370" 
2014-06-02T20:00:00Z,"SKX",2015-06-01T20:00:00Z,Buy,44.68,106.02,2,122.68,1.0100141683196,-0.64,124.66,29.1,1,"	2141,2403" 
2014-06-02T20:00:00Z,"SKX",2015-08-03T20:00:00Z,Buy,44.68,148.65,4,415.88,1.0197607178465,-1.28,423.08,58.2,1,"	2141,2439" 
2014-07-01T20:00:00Z,"RBIN",2014-08-01T20:00:00Z,Buy,49.47,42.31,5,-35.8,1.0250760340633,-136.82,56.2,37.65,0,"	2156,2168" 
2014-07-01T20:00:00Z,"FF",2014-09-02T20:00:00Z,Buy,16.98,14,16,-47.68,1.0818806509946,-52.8,71.36,56,0,"	2152,2188" 
2014-07-01T20:00:00Z,"LZB",2014-10-01T20:00:00Z,Buy,23.5,19.45,13,-52.65,3.6503388356963,-162.11,97.89,54.34,0,"	2153,2212" 
2014-07-01T20:00:00Z,"VLO",2015-03-02T21:00:00Z,Buy,50.31,58.68,4,33.48,2.144548105119,-26.2,48.76,41.96,1,"	2157,2321" 
2014-07-01T20:00:00Z,"NSIT",2015-05-01T20:00:00Z,Buy,31.45,28.07,40,-135.2,7.27798414516,-378.4,1.6,380,0,"	2154,2364" 
2014-07-01T20:00:00Z,"PSX",2015-05-01T20:00:00Z,Buy,80.6,81.61,15,15.15,6.3743072507108,-322.65,103.65,426.3,1,"	2155,2366" 
2014-07-01T20:00:00Z,"VLO",2015-12-01T21:00:00Z,Buy,50.31,72.57,4,89.04,1.020197606457,-26.2,90.88,52.12,1,"	2157,2525" 
2014-08-01T20:00:00Z,"ALG",2014-09-02T20:00:00Z,Buy,47.75,49.03,5,6.4,2.4776777016844,-101.85,64.7,8.8,1,"	2174,2184" 
2014-08-01T20:00:00Z,"OSK",2014-09-02T20:00:00Z,Buy,46.31,49.6,5,16.45,2.7885066791542,-6.95,68.5,2.45,1,"	2180,2191" 
2014-08-01T20:00:00Z,"UBNT",2014-09-02T20:00:00Z,Buy,39.07,46.68,31,235.91,2.3179162843386,-15.81,235.91,38.44,1,"	2182,2194" 
2014-08-01T20:00:00Z,"SYNA",2014-11-03T21:00:00Z,Buy,78.11,65.72,3,-37.17,1.0162210992662,-88.44,43.71,71.37,0,"	2181,2234" 
2014-08-01T20:00:00Z,"AAPL",2014-12-01T21:00:00Z,Buy,96.13,115.07,2,37.88,2.6829077643625,-3.3,45.74,14.08,1,"	2172,2252" 
2014-08-01T20:00:00Z,"HP",2015-01-02T21:00:00Z,Buy,105.48,67.34,11,-419.54,17.601923591478,-496.54,19.58,516.12,0,"	2177,2274" 
2014-08-01T20:00:00Z,"NTCT",2015-02-02T21:00:00Z,Buy,42.4,35.81,28,-184.52,7.0413077339097,-294,138.04,432.04,0,"	2179,2298" 
2014-08-01T20:00:00Z,"ZBRA",2015-03-02T21:00:00Z,Buy,80.31,91.8,3,34.47,5.7697426999887,-58.53,36.27,65.25,1,"	2183,2324" 
2014-08-01T20:00:00Z,"ZBRA",2015-04-01T20:00:00Z,Buy,80.31,89.56,11,101.75,1.0691049382716,-214.61,132.99,239.25,1,"	2183,2344" 
2014-08-01T20:00:00Z,"DLX",2015-05-01T20:00:00Z,Buy,55.05,65.49,21,219.24,10.887149898541,-38.01,304.92,146.58,1,"	2175,2356" 
2014-08-01T20:00:00Z,"GLW",2015-05-01T20:00:00Z,Buy,19.88,21.44,60,93.6,6.2546317194262,-142.8,307.2,244.2,1,"	2176,2358" 
2014-08-01T20:00:00Z,"LSCC",2015-05-01T20:00:00Z,Buy,6.86,6.12,174,-128.76,9.4601760470711,-161.82,142.68,304.5,0,"	2178,2360" 
2014-08-01T20:00:00Z,"ABFS",2015-12-01T21:00:00Z,Buy,33.8,24.33,7,-66.29,3.7053967956234,-85.26,94.71,162.75,0,"	2173,2514" 
2014-09-02T20:00:00Z,"RGR",2014-10-01T20:00:00Z,Buy,51.09,47.4,5,-18.45,1.4173035021553,-25,169.25,31.9,0,"	2207,2215" 
2014-09-02T20:00:00Z,"BABY",2014-11-03T21:00:00Z,Buy,29.06,33.86,7,33.6,2.2622909588382,-5.6,34.58,9.73,1,"	2197,2226" 
2014-09-02T20:00:00Z,"ICFI",2014-11-03T21:00:00Z,Buy,33.87,36.26,6,14.34,1.030079928952,-20.64,44.58,20.64,1,"	2204,2231" 
2014-09-02T20:00:00Z,"CTR",2014-12-01T21:00:00Z,Buy,35.75,39.86,4.000011999994,16.44,1.1856071531584,-94.48,17.48,11.16,1,"	2198,2255" 
2014-09-02T20:00:00Z,"CTSH",2014-12-01T21:00:00Z,Buy,45.88,54.05,4,32.68,2.5761707008443,-10.28,32.68,11.6,1,"	2199,2256" 
2014-09-02T20:00:00Z,"DLB",2015-02-02T21:00:00Z,Buy,46.21,38.71,27,-202.5,6.8734457205224,-208.44,0,208.44,0,"	2200,2294" 
2014-09-02T20:00:00Z,"GPRE",2015-04-01T20:00:00Z,Buy,44.68,29.69,28,-419.72,10.83497771588,-677.04,29.96,707,0,"	2203,2339" 
2014-09-02T20:00:00Z,"ARLP",2015-05-01T20:00:00Z,Buy,50.09,34.2,25,-397.25,13.993505064756,-451.25,0,451.25,0,"	2196,2355" 
2014-09-02T20:00:00Z,"DMLP",2015-05-01T20:00:00Z,Buy,33.98,22.8,36,-402.48,11.808756694435,-417.24,0,417.24,0,"	2201,2357" 
2014-09-02T20:00:00Z,"NSIT",2015-05-01T20:00:00Z,Buy,26.35,28.07,8,13.76,2.7920624727651,-34.88,41.12,34.88,1,"	2206,2364" 
2014-09-02T20:00:00Z,"RSC",2015-05-01T20:00:00Z,Buy,106.48,63.2,4,-173.12,15.404093674518,-216.48,3.44,219.92,0,"	2208,2368" 
2014-09-02T20:00:00Z,"DV",2015-06-01T20:00:00Z,Buy,42.73,32.32,29,-301.89,8.0765669738642,-368.01,187.05,555.06,0,"	2202,2399" 
2014-09-02T20:00:00Z,"BABY",2015-07-01T20:00:00Z,Buy,29.06,42.29,7,92.61,1.9934984209714,-5.6,102.9,42.21,1,"	2197,2411" 
2014-09-02T20:00:00Z,"RSC",2015-09-01T20:00:00Z,Buy,106.48,50.24,7,-393.68,1.1171204774338,-438.41,6.02,444.43,0,"	2208,2456" 
2014-09-02T20:00:00Z,"CTSH",2015-10-01T20:00:00Z,Buy,45.88,63.27,4,69.56,1.430066964373,-10.28,90.24,37.84,1,"	2199,2468" 
2014-09-02T20:00:00Z,"INTC",2015-10-01T20:00:00Z,Buy,34.57,30,36,-164.52,5.6852184287941,-313.2,111.6,424.8,0,"	2205,2470" 
2014-10-01T20:00:00Z,"EW",2014-12-01T21:00:00Z,Buy,103.39,129.39,2,52,5.6712257785196,-10.78,52.58,17.82,1,"	2218,2258" 
2014-10-01T20:00:00Z,"MTRX",2015-01-02T21:00:00Z,Buy,23.88,22.24,13,-21.32,4.5419682420496,-60.97,173.29,76.31,0,"	2222,2276" 
2014-10-01T20:00:00Z,"MED",2015-03-02T21:00:00Z,Buy,31.78,32.35,36,20.52,11.782972443472,-86.04,72.36,123.12,1,"	2220,2315" 
2014-10-01T20:00:00Z,"MPC",2015-03-02T21:00:00Z,Buy,82.44,101.78,2,38.68,2.3548005595705,-12.34,49.2,40.14,1,"	2221,2316" 
2014-10-01T20:00:00Z,"ZBRA",2015-04-01T20:00:00Z,Buy,68.21,89.56,3,64.05,1.897602299511,-22.23,72.57,29.43,1,"	2224,2344" 
2014-10-01T20:00:00Z,"RSC",2015-09-01T20:00:00Z,Buy,69.94,50.24,5,-98.5,1.023991492865,-130.45,187,145,0,"	2223,2456" 
2014-10-01T20:00:00Z,"EW",2015-12-01T21:00:00Z,Buy,103.39,164.84,2,122.9,2.1299955673867,-10.78,123.46,50.18,1,"	2218,2516" 
2014-10-01T20:00:00Z,"FD",2015-12-01T21:00:00Z,Buy,57.76,39.33,20,-368.6,10.775844764041,-394.6,300.8,695.4,0,"	2219,2517" 
2014-11-03T21:00:00Z,"EGY",2014-12-01T21:00:00Z,Buy,7.05,5.94,32,-35.52,3.9257391665409,-42.24,75.84,47.68,0,"	2240,2257" 
2014-11-03T21:00:00Z,"FSLR",2014-12-01T21:00:00Z,Buy,58.31,45.76,4,-50.2,2.5557734765781,-87.36,62.16,50.2,0,"	2241,2259" 
2014-11-03T21:00:00Z,"WNC",2014-12-01T21:00:00Z,Buy,10.14,10.54,38,15.2,5.5563337437196,-24.7,175.56,36.1,1,"	2249,2261" 
2014-11-03T21:00:00Z,"CRUS",2015-01-02T21:00:00Z,Buy,19.52,23.71,11,46.09,3.6668707967977,-29.04,58.41,36.63,1,"	2238,2272" 
2014-11-03T21:00:00Z,"HP",2015-01-02T21:00:00Z,Buy,84.29,67.34,3,-50.85,3.4873836355765,-71.85,68.91,79.08,0,"	2243,2274" 
2014-11-03T21:00:00Z,"WSM",2015-01-02T21:00:00Z,Buy,64.96,74.85,3,29.67,2.9140026642692,-1.89,34.65,13.32,1,"	2250,2280" 
2014-11-03T21:00:00Z,"NTCT",2015-02-02T21:00:00Z,Buy,37.31,35.81,6,-9,1.0303662506782,-32.46,60.12,32.76,0,"	2246,2298" 
2014-11-03T21:00:00Z,"TPL",2015-03-02T21:00:00Z,Buy,156.45,138.25,7,-127.4,2.0839431341033,-344.47,22.12,366.59,0,"	2247,2319" 
2014-11-03T21:00:00Z,"WLK",2015-03-02T21:00:00Z,Buy,71.04,67.38,17,-62.22,2.191565496257,-295.29,6.12,301.41,0,"	2248,2323" 
2014-11-03T21:00:00Z,"GPRE",2015-04-01T20:00:00Z,Buy,34.58,29.69,8,-39.12,1.0404444444444,-112.64,89.36,117.44,0,"	2242,2339" 
2014-11-03T21:00:00Z,"DMLP",2015-05-01T20:00:00Z,Buy,26.65,22.8,9,-34.65,1.0436567164179,-38.34,65.97,52.29,0,"	2239,2357" 
2014-11-03T21:00:00Z,"MSM",2015-05-01T20:00:00Z,Buy,81.03,71.58,15,-141.75,13.515287337861,-163.2,52.2,215.4,0,"	2244,2362" 
2014-11-03T21:00:00Z,"XRX",2015-05-01T20:00:00Z,Buy,13.29,11.52,94,-166.38,11.136181514174,-168.26,96.82,265.08,0,"	2251,2373" 
2014-11-03T21:00:00Z,"CHE",2015-06-01T20:00:00Z,Buy,104.64,124.85,2,40.42,5.0871830477692,-7.02,40.42,19.4,1,"	2237,2397" 
2014-11-03T21:00:00Z,"CHE",2015-08-03T20:00:00Z,Buy,104.64,149.08,2,88.88,1.5532996473167,-7.02,88.88,19.4,1,"	2237,2434" 
2014-12-01T21:00:00Z,"HP",2015-01-02T21:00:00Z,Buy,69.07,67.34,4,-6.92,1.0198619698059,-34.92,152.76,38.6,0,"	2264,2274" 
2014-12-01T21:00:00Z,"MTRX",2015-01-02T21:00:00Z,Buy,20.07,22.24,10,21.7,1.0475142045455,-8.8,171.4,25,1,"	2267,2276" 
2014-12-01T21:00:00Z,"LRW",2015-02-02T21:00:00Z,Buy,22.27,22.38,10,1.1,1.0485185185185,-22.1,89.4,28.8,1,"	2265,2297" 
2014-12-01T21:00:00Z,"SANM",2015-02-02T21:00:00Z,Buy,24.13,20.87,51,-166.26,17.209265557695,-166.26,47.43,213.69,0,"	2269,2299" 
2014-12-01T21:00:00Z,"MED",2015-03-02T21:00:00Z,Buy,29.62,32.35,7,19.11,3.6357529958085,-1.61,29.19,18.55,1,"	2266,2315" 
2014-12-01T21:00:00Z,"GES",2015-04-01T20:00:00Z,Buy,21.84,18.23,9,-32.49,1.478794258342,-45.99,86.49,48.87,0,"	2262,2338" 
2014-12-01T21:00:00Z,"HVT",2015-04-01T20:00:00Z,Buy,20.92,24.05,12,37.56,1.9339503943241,-55.8,125.04,33.96,1,"	2263,2340" 
2014-12-01T21:00:00Z,"TSRA",2015-04-01T20:00:00Z,Buy,34.41,40.7,5,31.45,2.2115055553199,-7.05,45.65,19.2,1,"	2270,2342" 
2014-12-01T21:00:00Z,"UEPS",2015-06-01T20:00:00Z,Buy,12.22,15.91,14,51.66,2.5951103223266,-24.22,51.66,33.46,1,"	2271,2404" 
2014-12-01T21:00:00Z,"UEPS",2015-07-01T20:00:00Z,Buy,12.22,18.68,19,122.74,2.4501560382245,-32.87,136.61,45.41,1,"	2271,2418" 
2014-12-01T21:00:00Z,"RSC",2015-09-01T20:00:00Z,Buy,62.78,50.24,4,-50.16,1.0198451082662,-75.72,178.24,92.64,0,"	2268,2456" 
2014-12-01T21:00:00Z,"UEPS",2015-09-01T20:00:00Z,Buy,12.22,19.8,10,75.8,1.0480815930063,-17.3,85.6,23.9,1,"	2271,2457" 
2015-01-02T21:00:00Z,"TPL",2015-03-02T21:00:00Z,Buy,118.21,138.25,3,60.12,3.3022359012439,-32.91,124.2,48.03,1,"	2287,2319" 
2015-01-02T21:00:00Z,"WLK",2015-03-02T21:00:00Z,Buy,61.69,67.38,4,22.76,1.0201964314945,-32.08,38.84,25.96,1,"	2288,2323" 
2015-01-02T21:00:00Z,"GPRE",2015-04-01T20:00:00Z,Buy,25.71,29.69,15,59.7,7.7017400033481,-78.15,300.6,78.15,1,"	2283,2339" 
2015-01-02T21:00:00Z,"CALM",2015-10-01T20:00:00Z,Buy,38.65,56.47,6,106.92,2.8769857262757,-55.89,127.26,74.16,1,"	2281,2467" 
2015-01-02T21:00:00Z,"LRCX",2015-10-01T20:00:00Z,Buy,79.45,64.44,16,-240.16,2.1590210635261,-282.88,80.48,363.36,0,"	2284,2471" 
2015-01-02T21:00:00Z,"NVDA",2015-10-01T20:00:00Z,Buy,20.13,24.17,14.99997599999,60.6,2.8620861738332,-33.15,167.1,62.4,1,"	2285,2473" 
2015-01-02T21:00:00Z,"NVDA",2015-12-01T21:00:00Z,Buy,20.13,32.75,9,113.58,3.5515473998568,-19.89,113.58,37.44,1,"	2285,2521" 
2015-01-02T21:00:00Z,"ZUMZ",2015-12-01T21:00:00Z,Buy,38.21,14.94,33,-767.91,10.209353010354,-788.7,105.27,893.97,0,"	2290,2526" 
2015-02-02T21:00:00Z,"VMW",2015-03-02T21:00:00Z,Buy,79.22,86.59,3,22.11,1.0154124513619,-12.48,73.26,9.69,1,"	2313,2322" 
2015-02-02T21:00:00Z,"GES",2015-04-01T20:00:00Z,Buy,18.23,18.23,11,0,1.969033359571,-16.5,145.42,25.08,0,"	2307,2338" 
2015-02-02T21:00:00Z,"ARLP",2015-05-01T20:00:00Z,Buy,37.35,34.2,6,-18.9,1.0281603417944,-31.86,76.44,50.22,0,"	2303,2355" 
2015-02-02T21:00:00Z,"KFRC",2015-05-01T20:00:00Z,Buy,23.67,22.73,53,-49.82,2.5329411575671,-98.58,54.59,153.17,0,"	2310,2367" 
2015-02-02T21:00:00Z,"SAIA",2015-05-01T20:00:00Z,Buy,41.87,41.08,4.5000172499914,-3.56,1.0248575160294,-128.42,65.97,32.09,0,"	2311,2369" 
2015-02-02T21:00:00Z,"VDSI",2015-05-01T20:00:00Z,Buy,21.74,25.43,8,29.52,20.644124600282,-3.76,49.84,53.6,1,"	2312,2372" 
2015-02-02T21:00:00Z,"CRMT",2015-07-01T20:00:00Z,Buy,53.64,50.02,22.500008249996,-81.45,4.4144448242015,-1042.65,75.6,172.8,0,"	2305,2413" 
2015-02-02T21:00:00Z,"VDSI",2015-07-01T20:00:00Z,Buy,21.74,29.9,7,57.12,1.0346637959589,-3.29,90.23,46.9,1,"	2312,2421" 
2015-02-02T21:00:00Z,"MU",2015-08-03T20:00:00Z,Buy,28.44,19,43,-405.92,13.988340498528,-485.47,167.27,652.74,0,"	2309,2438" 
2015-02-02T21:00:00Z,"IDT",2015-09-01T20:00:00Z,Buy,21.59,15.05,58,-379.32,14.687933541614,-379.32,66.12,445.44,0,"	2308,2452" 
2015-02-02T21:00:00Z,"ACCO",2015-11-02T21:00:00Z,Buy,8.13,8.17,159,6.36,10.659986348825,-203.52,89.04,292.56,1,"	2302,2491" 
2015-02-02T21:00:00Z,"VDSI",2015-11-02T21:00:00Z,Buy,21.74,19.32,43,-104.06,20.834112286848,-277.78,554.27,832.05,0,"	2312,2501" 
2015-02-02T21:00:00Z,"DECK",2015-12-01T21:00:00Z,Buy,68.96,48.91,5.9999908199925,-120.3,1.9102567720945,-224.58,292.08,184.68,0,"	2306,2515" 
2015-03-02T21:00:00Z,"DMLP",2015-05-01T20:00:00Z,Buy,24.44,22.8,9,-14.76,1.0453525773196,-18.45,85.86,23.13,0,"	2327,2357" 
2015-03-02T21:00:00Z,"HPQ",2015-05-01T20:00:00Z,Buy,34.92,33.8,6,-6.72,1.4923531651103,-44.82,34.8,22.56,0,"	2329,2359" 
2015-03-02T21:00:00Z,"MSM",2015-05-01T20:00:00Z,Buy,73.18,71.58,3,-4.8,1.0150390464447,-9.09,33.99,10.95,0,"	2331,2362" 
2015-03-02T21:00:00Z,"PPC",2015-05-01T20:00:00Z,Buy,28.35,25.44,9,-26.19,1.0465092963908,-51.84,83.16,54.18,0,"	2333,2365" 
2015-03-02T21:00:00Z,"DV",2015-06-01T20:00:00Z,Buy,36.94,32.32,7,-32.34,2.8168254096626,-48.3,85.68,52.71,0,"	2328,2399" 
2015-03-02T21:00:00Z,"STRA",2015-07-01T20:00:00Z,Buy,61.23,43.23,21,-378,5.5070783586611,-380.73,47.67,428.4,0,"	2335,2417" 
2015-03-02T21:00:00Z,"KLIC",2015-09-01T20:00:00Z,Buy,16.33,10.59,82,-470.68,6.7903617265277,-519.06,0,519.06,0,"	2330,2454" 
2015-03-02T21:00:00Z,"RSC",2015-09-01T20:00:00Z,Buy,54.95,50.24,4,-18.84,1.020217071376,-44.4,209.56,92.64,0,"	2334,2456" 
2015-03-02T21:00:00Z,"OSTK",2015-11-02T21:00:00Z,Buy,23.86,16.23,58,-442.54,32.808109882152,-475.6,111.94,587.54,0,"	2332,2498" 
2015-04-01T20:00:00Z,"ARLP",2015-05-01T20:00:00Z,Buy,32.99,34.2,8,9.68,1.0394735267724,-7.6,136.8,11.12,1,"	2345,2355" 
2015-04-01T20:00:00Z,"LSCC",2015-05-01T20:00:00Z,Buy,6.28,6.12,34,-5.44,1.1683911671924,-11.9,47.6,19.72,0,"	2349,2360" 
2015-04-01T20:00:00Z,"MERC",2015-05-01T20:00:00Z,Buy,15.69,14.26,86,-122.98,10.55797983404,-136.74,0,136.74,0,"	2350,2361" 
2015-04-01T20:00:00Z,"PPC",2015-05-01T20:00:00Z,Buy,23.76,25.44,10,16.8,1.0525896414343,-11.7,138.3,16,1,"	2352,2365" 
2015-04-01T20:00:00Z,"GILD",2015-06-01T20:00:00Z,Buy,97.72,114.08,2,32.72,4.1944052005705,0,32.72,9.4,1,"	2347,2401" 
2015-04-01T20:00:00Z,"CENX",2015-07-01T20:00:00Z,Buy,14.12,10.12,95,-380,8.4665136450953,-380,45.6,425.6,0,"	2346,2412" 
2015-04-01T20:00:00Z,"WDC",2015-08-03T20:00:00Z,Buy,92.35,85.85,3,-19.5,1.0152208548511,-176.76,65.79,75.27,0,"	2354,2441" 
2015-04-01T20:00:00Z,"IDT",2015-09-01T20:00:00Z,Buy,18.98,15.05,16,-62.88,4.0157954605925,-62.88,60,73.44,0,"	2348,2452" 
2015-04-01T20:00:00Z,"SMCI",2015-10-01T20:00:00Z,Buy,33.72,26.61,39,-277.29,12.432120005817,-369.72,157.95,527.67,0,"	2353,2474" 
2015-05-01T20:00:00Z,"CNC",2015-06-01T20:00:00Z,Buy,62.9,75.9,3,39,2.1165794732642,0,39,4.59,1,"	2379,2398" 
2015-05-01T20:00:00Z,"FARO",2015-06-01T20:00:00Z,Buy,40.51,43.39,32,92.16,2.3218514809876,-17.92,99.84,17.92,1,"	2383,2400" 
2015-05-01T20:00:00Z,"LHCG",2015-07-01T20:00:00Z,Buy,31.64,37.53,6,35.34,9.8756069282719,-8.94,53.82,20.82,1,"	2386,2415" 
2015-05-01T20:00:00Z,"STMP",2015-07-01T20:00:00Z,Buy,62.01,72.82,3,32.43,2.1150409767991,-4.02,37.8,17.28,1,"	2391,2416" 
2015-05-01T20:00:00Z,"STRA",2015-07-01T20:00:00Z,Buy,50.4,43.23,4,-28.68,1.7741625604048,-29.2,52.4,29.24,0,"	2392,2417" 
2015-05-01T20:00:00Z,"AMWD",2015-08-03T20:00:00Z,Buy,52.24,64.66,5,62.1,7.6358865565216,-18.2,67.6,20.35,1,"	2376,2433" 
2015-05-01T20:00:00Z,"DEPO",2015-08-03T20:00:00Z,Buy,23.86,31.17,13,95.03,9.2364848733733,-51.48,122.46,58.63,1,"	2382,2437" 
2015-05-01T20:00:00Z,"IMKTA",2015-09-01T20:00:00Z,Buy,43.06,49.19,5,30.65,2.1790435085429,-10.95,64.2,33.55,1,"	2384,2453" 
2015-05-01T20:00:00Z,"LHCG",2015-09-01T20:00:00Z,Buy,31.64,44.25,5,63.05,1.455101342098,-7.45,97.4,40.65,1,"	2386,2455" 
2015-05-01T20:00:00Z,"DLTR",2015-10-01T20:00:00Z,Buy,77.73,67.44,16,-164.64,3.0546405082028,-198.24,74.72,272.96,0,"	2381,2469" 
2015-05-01T20:00:00Z,"AMWD",2015-11-02T21:00:00Z,Buy,52.24,73.07,3,62.49,1.8273132360465,-10.92,63.75,21.24,1,"	2376,2492" 
2015-05-01T20:00:00Z,"ABFS",2015-12-01T21:00:00Z,Buy,36.75,24.33,7,-86.94,1.5889838576737,-105.91,74.06,90.86,0,"	2374,2514" 
2015-05-01T20:00:00Z,"SCVL",2015-12-01T21:00:00Z,Buy,26.16,21.78,48.00002099999,-210.24,1.2454691689008,-1053.12,173.28,552.96,0,"	2389,2523" 
2015-05-01T20:00:00Z,"STMP",2015-12-01T21:00:00Z,Buy,62.01,101.32,5,196.55,8.1642642480687,-6.7,214.6,82.7,1,"	2391,2524" 
2015-05-01T20:00:00Z,"ZUMZ",2015-12-01T21:00:00Z,Buy,31.89,14.94,7,-118.65,1.0351986754967,-123.06,66.57,123.06,0,"	2394,2526" 
2015-06-01T20:00:00Z,"CENX",2015-07-01T20:00:00Z,Buy,11.73,10.12,22,-35.42,1.1154114490161,-35.42,63.14,50.16,0,"	2406,2412" 
2015-06-01T20:00:00Z,"UEIC",2015-08-03T20:00:00Z,Buy,51.93,50.71,4,-4.88,2.9283595243,-102.2,57.72,19.36,0,"	2410,2440" 
2015-06-01T20:00:00Z,"KLIC",2015-09-01T20:00:00Z,Buy,13.13,10.59,17,-43.18,1.4838953174588,-53.21,54.4,57.97,0,"	2408,2454" 
2015-06-01T20:00:00Z,"SYKE",2015-11-02T21:00:00Z,Buy,24.31,28.48,10,41.7,2.3199949051475,-6.4,55.6,20,1,"	2409,2499" 
2015-07-01T20:00:00Z,"ABMD",2015-08-03T20:00:00Z,Buy,66.16,77.4,19,213.56,10.563785570528,-33.63,214.7,54.34,1,"	2422,2432" 
2015-07-01T20:00:00Z,"MU",2015-08-03T20:00:00Z,Buy,18.78,19,26,5.72,1.7675038656971,-42.38,352.3,55.12,1,"	2429,2438" 
2015-07-01T20:00:00Z,"AEIS",2015-10-01T20:00:00Z,Buy,27.61,26.14,47,-69.09,13.027129312001,-194.58,5.64,200.22,0,"	2423,2466" 
2015-07-01T20:00:00Z,"INTC",2015-10-01T20:00:00Z,Buy,30.18,30,7,-1.26,1.0347238658777,-30.17,52.43,32.83,0,"	2426,2470" 
2015-07-01T20:00:00Z,"ZUMZ",2015-12-01T21:00:00Z,Buy,26.93,14.94,9,-107.91,1.0455069470522,-113.58,130.23,122.85,0,"	2431,2526" 
2015-08-03T20:00:00Z,"KLIC",2015-09-01T20:00:00Z,Buy,10.09,10.59,28,14,2.6340163123323,-2.52,174.72,16.24,1,"	2444,2454" 
2015-08-03T20:00:00Z,"RSC",2015-09-01T20:00:00Z,Buy,50.43,50.24,5,-0.95,1.0244142137878,-32.9,284.55,45.9,0,"	2447,2456" 
2015-08-03T20:00:00Z,"SMCI",2015-10-01T20:00:00Z,Buy,26.61,26.61,10,0,1.0498875140607,-23.7,111.6,36.7,0,"	2449,2474" 
2015-08-03T20:00:00Z,"ASGN",2015-11-02T21:00:00Z,Buy,37.88,45.95,6,48.42,2.1986066511506,-19.68,48.42,33.3,1,"	2442,2493" 
2015-08-03T20:00:00Z,"VDSI",2015-11-02T21:00:00Z,Buy,18.51,19.32,21,17.01,8.5904925297016,-67.83,338.52,93.03,1,"	2451,2501" 
2015-08-03T20:00:00Z,"MRVL",2015-12-01T21:00:00Z,Buy,12.48,9.38,21,-65.1,1.691707004448,-93.03,86.31,101.01,0,"	2445,2520" 
2015-09-01T20:00:00Z,"UFPI",2015-11-02T21:00:00Z,Buy,58.8,74.72,4,63.68,6.5023253823414,-4.48,65.52,19.32,1,"	2464,2500" 
2015-09-01T20:00:00Z,"VDSI",2015-11-02T21:00:00Z,Buy,15.69,19.32,12,43.56,3.5542152576286,-4.92,227.28,26.16,1,"	2465,2501" 
2015-09-01T20:00:00Z,"ABFS",2015-12-01T21:00:00Z,Buy,27.61,24.33,8,-26.24,2.1943748664528,-47.92,157.76,43.12,0,"	2459,2514" 
2015-10-01T20:00:00Z,"OSTK",2015-11-02T21:00:00Z,Buy,17.01,16.23,12,-9.36,1.0594755244755,-16.2,105.36,21.12,0,"	2485,2498" 
2015-10-01T20:00:00Z,"MRVL",2015-12-01T21:00:00Z,Buy,8.85,9.38,28,14.84,1.8016983633709,-22.4,216.72,42.28,1,"	2484,2520" 
2015-10-01T20:00:00Z,"OTL",2015-12-01T21:00:00Z,Buy,47.99,58.23,5,51.2,8.294531997734,0,53.55,14.55,1,"	2486,2522" 
2015-10-01T20:00:00Z,"ZUMZ",2015-12-01T21:00:00Z,Buy,15.23,14.94,28,-8.12,1.1364171465131,-25.76,732.76,112.84,0,"	2490,2526" 
2015-11-02T21:00:00Z,"FD",2015-12-01T21:00:00Z,Buy,51.34,39.33,5,-60.05,1.0251765398195,-66.55,107.3,66.55,0,"	2507,2517" 
