Entry Time,Symbols,Exit Time,Direction,Entry Price,Exit Price,Quantity,P&L,Fees,MAE,MFE,Drawdown,IsWin,Order Ids
2003-02-03T21:00:00Z,"DCO",2003-04-01T21:00:00Z,Buy,13.06,10.19,37,-106.19,1.1829677844901,-120.62,2.96,123.58,0,"	7,41" 
2003-02-03T21:00:00Z,"EDEL",2003-04-01T21:00:00Z,Buy,11.79,10.36,41,-58.63,6.2176436688594,-75.44,0,75.44,0,"	10,42" 
2003-02-03T21:00:00Z,"RBIN",2003-04-01T21:00:00Z,Buy,9.31,9.7,53,20.67,2.4228484021751,-16.96,44.52,27.03,1,"	29,43" 
2003-02-03T21:00:00Z,"AAON",2003-05-01T20:00:00Z,Buy,16.18,13.73,30,-73.5,4.4933874560462,-111,11.1,122.1,0,"	1,47" 
2003-02-03T21:00:00Z,"NVR",2003-05-01T20:00:00Z,Buy,328.08,352.25,1,24.17,1.7905336269694,-25.33,39.54,33.25,1,"	24,48" 
2003-02-03T21:00:00Z,"TENT",2003-05-01T20:00:00Z,Buy,8.14,7.49,62,-40.3,3.4721024299013,-67.58,49.6,117.18,0,"	34,49" 
2003-02-03T21:00:00Z,"BIO",2003-06-02T20:00:00Z,Buy,35.48,58.36,5,114.4,1.4087809196177,-9.9,119.85,20.05,1,"	2,53" 
2003-02-03T21:00:00Z,"HOV",2003-06-02T20:00:00Z,Buy,29.61,57.81,7,197.4,2.2215071771787,-5.25,197.4,23.03,1,"	19,54" 
2003-02-03T21:00:00Z,"JOUT",2003-06-02T20:00:00Z,Buy,11.97,11.99,41,0.82,3.1300663648178,-125.87,16.81,125.87,1,"	21,55" 
2003-02-03T21:00:00Z,"OXM",2003-06-02T20:00:00Z,Buy,24.02,41.2,7,120.26,1.5544329242812,-13.23,120.26,16.66,1,"	25,56" 
2003-02-03T21:00:00Z,"CW",2003-07-01T20:00:00Z,Buy,54.06,63.5,9,84.96,3.3521170126821,-9.45,95.31,79.02,1,"	6,59" 
2003-02-03T21:00:00Z,"ECP",2003-07-01T20:00:00Z,Buy,14.05,11.5,35,-89.25,2.5240176256387,-120.75,118.65,239.4,0,"	36,61" 
2003-02-03T21:00:00Z,"JJSF",2003-08-01T20:00:00Z,Buy,27.53,33.91,18,114.84,1.0917360395062,0,114.84,59.58,1,"	20,66" 
2003-02-03T21:00:00Z,"THO",2003-08-01T20:00:00Z,Buy,27.44,43.44,5,80,1.9874333316823,-27.7,89.25,29.5,1,"	35,67" 
2003-02-03T21:00:00Z,"CNXS",2003-09-02T20:00:00Z,Buy,6.57,11.57,18,90,3.6396189214869,-12.6,92.7,16.74,1,"	4,69" 
2003-02-03T21:00:00Z,"NUS",2003-10-01T20:00:00Z,Buy,12.14,13.23,40,43.6,2.0454440930343,-129.6,43.6,140.8,1,"	23,72" 
2003-02-03T21:00:00Z,"EASI",2003-11-03T21:00:00Z,Buy,24.293297986551,47.17,3,68.63,1.7706063338745,-8.7,68.63,12,1,"	8,74" 
2003-02-03T21:00:00Z,"FLXS",2003-11-03T21:00:00Z,Buy,15.4,19.5,32,131.2,5.5229838007936,-73.6,158.08,93.44,1,"	15,75" 
2003-02-03T21:00:00Z,"OXM",2003-11-03T21:00:00Z,Buy,24.02,69.84,3,137.46,0.85823465430641,-5.67,140.85,12.51,1,"	25,76" 
2003-02-03T21:00:00Z,"UTMD",2003-12-01T21:00:00Z,Buy,17.66,22.56,27,132.3,3.6409516464188,-4.32,198.99,89.91,1,"	38,83" 
2003-02-03T21:00:00Z,"RVFD",2004-01-02T21:00:00Z,Buy,24.95,27.7,19,52.25,4.6547504204361,-53.39,99.18,81.13,1,"	31,87" 
2003-02-03T21:00:00Z,"EGN",2004-03-01T21:00:00Z,Buy,29.99,41.99,16,192,2.2547744812316,-22.56,232.48,50.4,1,"	11,92" 
2003-02-03T21:00:00Z,"NEB",2004-03-01T21:00:00Z,Buy,21.96,32.04,22,221.76,3.4683796733223,-20.68,221.76,116.6,1,"	22,93" 
2003-02-03T21:00:00Z,"RAVN",2004-03-01T21:00:00Z,Buy,15.68,31.75,7,112.49,1.3406583119935,0,116.41,21.63,1,"	28,94" 
2003-02-03T21:00:00Z,"BIO",2004-05-03T20:00:00Z,Buy,35.48,58.5,9,207.18,0.95252514246903,-17.82,241.83,120.96,1,"	2,113" 
2003-02-03T21:00:00Z,"COLM",2004-05-03T20:00:00Z,Buy,35.05,53.45,13,239.2,3.1489496271083,-29.25,314.99,113.88,1,"	5,114" 
2003-02-03T21:00:00Z,"HCSG",2004-05-03T20:00:00Z,Buy,8.4866809879295,15.99,55,412.68,1.2301335350075,-54.63,468.23,77.37,1,"	18,115" 
2003-02-03T21:00:00Z,"POG",2004-05-03T20:00:00Z,Buy,12.716,28.12,9,138.64,1.8700232348305,0,154.84,29.92,1,"	27,116" 
2003-02-03T21:00:00Z,"SGC",2004-05-03T20:00:00Z,Buy,12.1,16.23,40,165.2,3.3206262930577,-76,192,100,1,"	32,117" 
2003-02-03T21:00:00Z,"FOSL",2004-07-01T20:00:00Z,Buy,11.96000598,27.56,8,124.8,3.5989393367227,-8.27,124.8,25.52,1,"	16,126" 
2003-02-03T21:00:00Z,"RCII",2004-07-01T20:00:00Z,Buy,20.944,29.58,22,189.99,2.7289715624272,-56.94,300.43,147.62,1,"	30,128" 
2003-02-03T21:00:00Z,"TTWO",2004-07-01T20:00:00Z,Buy,20.82,30.22,23,216.2,6.1160191520157,-46.69,466.21,305.67,1,"	37,129" 
2003-02-03T21:00:00Z,"CTR",2004-08-02T20:00:00Z,Buy,17.85,21.05,27,86.4,6.4680841423777,-38.07,195.21,168.21,1,"	3,135" 
2003-02-03T21:00:00Z,"CNXS",2004-08-02T20:00:00Z,Buy,6.57,10.01,56,192.64,2.4508708434053,-39.2,445.2,291.76,1,"	4,136" 
2003-02-03T21:00:00Z,"HOV",2004-09-01T20:00:00Z,Buy,14.805,34.97,18,362.97,1.9935859560526,-6.75,602.37,340.56,1,"	19,144" 
2003-02-03T21:00:00Z,"PDX",2004-09-01T20:00:00Z,Buy,36.24,69.6,3,100.08,3.1100544822137,-38.76,101.73,38.76,1,"	26,145" 
2003-02-03T21:00:00Z,"RAVN",2004-09-01T20:00:00Z,Buy,15.68,41.42,6,154.44,1.6674236708049,0,154.44,41.76,1,"	28,146" 
2003-02-03T21:00:00Z,"THO",2004-10-01T20:00:00Z,Buy,13.72,27.66,26,362.44,0.56794784580499,-72.02,536.9,286.78,1,"	35,156" 
2003-02-03T21:00:00Z,"EASI",2004-12-01T21:00:00Z,Buy,24.293297986551,55.6,16,500.91,2.7224252634898,-46.4,579.31,314.08,1,"	8,168" 
2003-02-03T21:00:00Z,"SHOO",2004-12-01T21:00:00Z,Buy,16.99,19.14,28,60.2,2.6227427499452,-54.88,167.44,196,1,"	33,172" 
2003-02-03T21:00:00Z,"WSO",2005-01-03T21:00:00Z,Buy,15.9,34.52,7,130.34,2.7329358545597,-20.72,135.17,33.95,1,"	40,184" 
2003-02-03T21:00:00Z,"EBF",2005-02-01T21:00:00Z,Buy,11.31,17.33,44,264.88,2.1921891481846,-11,469.48,225.72,1,"	9,188" 
2003-02-03T21:00:00Z,"FAF",2005-02-01T21:00:00Z,Buy,22.76,37.49,6,88.38,1.0676879252237,-6.18,88.38,44.28,1,"	12,189" 
2003-02-03T21:00:00Z,"OXM",2005-03-01T21:00:00Z,Buy,12.01,36.87,20,497.2,1.5227608013706,-18.9,696.8,237,1,"	25,199" 
2003-02-03T21:00:00Z,"POG",2005-03-01T21:00:00Z,Buy,12.716,39.45,5,133.67,0.81150324870458,0,137.57,30.4,1,"	27,200" 
2003-02-03T21:00:00Z,"POG",2005-05-02T20:00:00Z,Buy,12.716,39.15,22,581.55,0.55579813423167,0,620.93,133.76,1,"	27,206" 
2003-02-03T21:00:00Z,"WSO",2005-05-02T20:00:00Z,Buy,15.9,44.73,6,172.98,2.1648805393016,-17.76,172.98,29.1,1,"	40,208" 
2003-02-03T21:00:00Z,"FIZ",2005-06-01T20:00:00Z,Buy,7.6350091620037,8.18,63.999923200061,34.88,1.7255458862313,-47.04,228.16,263.04,1,"	14,213" 
2003-02-03T21:00:00Z,"RAVN",2005-06-01T20:00:00Z,Buy,7.84,26.8,14,265.44,0.5366979655712,0,265.44,132.16,1,"	28,215" 
2003-02-03T21:00:00Z,"FOSL",2005-07-01T20:00:00Z,Buy,11.96000598,23.27,30,339.3,2.9189713027951,-31,594.6,386.4,1,"	16,222" 
2003-02-03T21:00:00Z,"GCI",2005-08-01T20:00:00Z,Buy,72.01,72.26,6,1.5,2.0045690348706,-26.1,113.46,120,1,"	17,234" 
2003-02-03T21:00:00Z,"WSO",2006-02-01T21:00:00Z,Buy,15.9,70.91,3,165.03,0.50751059172433,-8.88,165.03,23.82,1,"	40,280" 
2003-02-03T21:00:00Z,"PDX",2006-04-03T20:00:00Z,Buy,36.24,101.9,2,131.32,0.50496491911908,-25.84,132.76,38,1,"	26,299" 
2003-02-03T21:00:00Z,"FAF",2006-10-02T20:00:00Z,Buy,22.76,41.5,5,93.7,0.51225779773157,-5.15,131.6,64.9,1,"	12,358" 
2003-02-03T21:00:00Z,"RAVN",2006-10-02T20:00:00Z,Buy,7.84,28.97,22,464.86,0.57964095301566,0,748,331.98,1,"	28,362" 
2003-02-03T21:00:00Z,"WSO",2006-10-02T20:00:00Z,Buy,15.9,45.25,15,440.25,3.2405507668484,-44.4,847.5,453.15,1,"	40,364" 
2003-02-03T21:00:00Z,"FAF",2006-12-01T21:00:00Z,Buy,22.76,38.63,10,158.7,0.56262970168612,-10.3,263.2,129.8,1,"	12,381" 
2003-02-03T21:00:00Z,"PDX",2006-12-01T21:00:00Z,Buy,18.12,48.55,16,486.88,0.91534589419018,-103.36,547.2,167.36,1,"	26,383" 
2003-02-03T21:00:00Z,"EXPO",2007-06-01T20:00:00Z,Buy,7.27,23.32,9,144.45,2.7392490146406,-7.38,144.45,29.66,1,"	13,451" 
2003-02-03T21:00:00Z,"EXPO",2007-10-01T20:00:00Z,Buy,7.27,25.55,9,164.52,0.87438416793115,-7.38,172.44,33.57,1,"	13,496" 
2003-02-03T21:00:00Z,"EXPO",2007-11-01T20:00:00Z,Buy,7.27,29.52,8,178,0.98815240286956,-6.56,183.52,29.84,1,"	13,509" 
2003-02-03T21:00:00Z,"EXPO",2008-04-01T20:00:00Z,Buy,7.27,33,8,205.84,2.1897005983458,-6.56,222,30.08,1,"	13,569" 
2003-02-03T21:00:00Z,"WMK",2008-08-01T20:00:00Z,Buy,31.15,38.31,6,42.96,2.8486092534043,-19.26,90.06,94.74,1,"	39,642" 
2003-02-03T21:00:00Z,"EXPO",2008-10-01T20:00:00Z,Buy,7.27,32.03,8,198.08,1.9130860000071,-6.56,238,71.68,1,"	13,667" 
2003-02-03T21:00:00Z,"EXPO",2008-12-01T21:00:00Z,Buy,7.27,27.11,7,138.88,1.2055607926167,-5.74,208.25,94.01,1,"	13,709" 
2003-02-03T21:00:00Z,"WMK",2009-01-02T21:00:00Z,Buy,31.15,33.5,7,16.45,0.86839833395209,-27.02,105.07,132.09,1,"	39,725" 
2003-02-03T21:00:00Z,"EXPO",2009-10-01T20:00:00Z,Buy,7.27,27.54,19,385.13,2.1254208041402,-15.58,565.25,324.9,1,"	13,829" 
2003-02-03T21:00:00Z,"FOSL",2010-09-01T20:00:00Z,Buy,11.96000598,48.8,0.99998050000975,36.84,0.53082754264056,-1.03,36.84,12.88,1,"	16,954" 
2003-02-03T21:00:00Z,"WMK",2013-07-01T20:00:00Z,Buy,31.15,45.44,3,42.87,6.5270073880591,-23.58,47.31,68.61,1,"	39,1403" 
2003-04-01T21:00:00Z,"ANK",2003-12-01T21:00:00Z,Buy,17.2,27,28,274.4,1.5938948711496,-5.04,274.4,96.6,1,"	44,81" 
2003-04-01T21:00:00Z,"MTSC",2004-02-02T21:00:00Z,Buy,11.45,23.78,12,147.96,6.3975586885197,-13.32,156.6,22.8,1,"	46,89" 
2003-04-01T21:00:00Z,"MTSC",2005-01-03T21:00:00Z,Buy,11.45,33.48,7,154.21,0.92552705417605,-7.77,162.12,66.78,1,"	46,181" 
2003-04-01T21:00:00Z,"MTSC",2006-04-03T20:00:00Z,Buy,11.45,41.33,25,747,4.6496757846918,-27.75,784,312,1,"	46,296" 
2003-04-01T21:00:00Z,"GDT",2006-04-22T04:00:00Z,Buy,36.83,80.05,13,561.86,2.3531792605684,-16.64,561.86,287.56,1,"	45,308" 
2003-05-01T20:00:00Z,"BWS",2003-07-01T20:00:00Z,Buy,29.65,29.65,17,0,1.0857987897805,-79.05,29.92,108.97,0,"	50,58" 
2003-05-01T20:00:00Z,"TALK",2003-07-01T20:00:00Z,Buy,8.81,10.46,59,97.35,1.2880946995553,-72.57,262.55,185.26,1,"	52,60" 
2003-05-01T20:00:00Z,"RBIN",2004-08-02T20:00:00Z,Buy,10.41,20.3,12,118.68,2.3439970318159,-5.52,118.68,18,1,"	51,138" 
2003-05-01T20:00:00Z,"RBIN",2004-09-01T20:00:00Z,Buy,10.41,19.96,37,353.35,1.8705154599155,-17.02,369.63,55.5,1,"	51,147" 
2003-06-02T20:00:00Z,"RCKY",2003-11-03T21:00:00Z,Buy,8.9,15.73,17,116.11,2.0740903283594,0,124.1,15.81,1,"	57,77" 
2003-06-02T20:00:00Z,"RCKY",2004-01-02T21:00:00Z,Buy,8.9,23.1,12,170.4,1.0773889415148,0,183.36,38.28,1,"	57,86" 
2003-06-02T20:00:00Z,"RCKY",2005-01-03T21:00:00Z,Buy,8.9,29.26,33,671.88,3.9066909092667,0,749.1,521.07,1,"	57,182" 
2003-07-01T20:00:00Z,"MSN",2003-09-02T20:00:00Z,Buy,6.67,3.8,84,-241.08,1.4430676686485,-321.72,88.2,409.92,0,"	64,70" 
2003-07-01T20:00:00Z,"HOFT",2003-12-01T21:00:00Z,Buy,25.35,41.95,6,99.6,1.6656262152665,0,99.9,18.84,1,"	63,82" 
2003-07-01T20:00:00Z,"WDC",2004-03-01T21:00:00Z,Buy,11.85,11.58,56,-15.12,1.3017013761503,-180.88,166.32,287.28,0,"	65,95" 
2003-07-01T20:00:00Z,"FRGO",2004-04-01T21:00:00Z,Buy,9.49,10.61,61,68.32,3.1308927555837,-5.49,423.95,405.65,1,"	62,104" 
2003-07-01T20:00:00Z,"HOFT",2004-04-01T21:00:00Z,Buy,12.675,23.16,34,356.49,4.1246228678242,0,423.3,194.65,1,"	63,106" 
2003-08-01T20:00:00Z,"GDYS",2004-04-01T21:00:00Z,Buy,8.07,14.5,18,115.74,2.1759535136275,-12.78,115.74,50.4,1,"	68,105" 
2003-08-01T20:00:00Z,"GDYS",2004-10-01T20:00:00Z,Buy,8.07,8.63,56,31.36,4.7814074213284,-39.76,371.84,403.76,1,"	68,154" 
2003-09-02T20:00:00Z,"SAFM",2004-02-02T21:00:00Z,Buy,30.25,49.82,6,117.42,1.0682334466683,0,117.42,26.64,1,"	71,90" 
2003-09-02T20:00:00Z,"SAFM",2004-06-01T20:00:00Z,Buy,20.16667675,46.95,6,160.7,0.51530645511845,0,160.7,35.1,1,"	71,123" 
2003-09-02T20:00:00Z,"SAFM",2005-07-01T20:00:00Z,Buy,20.16667675,45.97,16.499988750006,425.75,0.5531123459507,0,574.75,389.4,1,"	71,224" 
2003-10-01T20:00:00Z,"ODP",2005-08-01T20:00:00Z,Buy,14.6,27.96,12,160.32,1.1486653157717,-9,167.16,63.84,1,"	73,237" 
2003-10-01T20:00:00Z,"ODP",2006-05-01T20:00:00Z,Buy,14.6,40.65,5,130.25,0.51252156234598,-3.75,134.85,32.9,1,"	73,312" 
2003-10-01T20:00:00Z,"ODP",2008-03-03T21:00:00Z,Buy,14.6,11.08,29,-102.08,4.2153193806215,-102.08,867.97,970.05,0,"	73,556" 
2003-11-03T21:00:00Z,"BIO",2004-05-03T20:00:00Z,Buy,52.91,58.5,4,22.36,0.51012631578947,-77.64,37.76,41.84,1,"	78,113" 
2003-11-03T21:00:00Z,"FIZ",2005-06-01T20:00:00Z,Buy,7.5700090840036,8.18,31.000076799939,18.91,0.88629373931741,-20.77,112.53,127.41,1,"	80,213" 
2003-11-03T21:00:00Z,"CRMT",2005-10-03T20:00:00Z,Buy,20.16001008,17.67,34.499982750009,-85.91,4.4559008055579,-137.77,182.85,288.42,0,"	79,252" 
2003-11-03T21:00:00Z,"FIZ",2010-07-01T20:00:00Z,Buy,7.5700090840036,12.28,0.99988480009216,4.71,1.5367514468236,-0.67,6.72,4.11,1,"	80,938" 
2003-12-01T21:00:00Z,"ATRI",2004-04-01T21:00:00Z,Buy,49.05,42.18,15,-103.05,4.0787201269086,-158.1,14.25,172.35,0,"	84,103" 
2003-12-01T21:00:00Z,"TALK",2005-05-02T20:00:00Z,Buy,10.9,8.62,46,-104.88,1.7768695310901,-270.94,52.9,323.84,0,"	85,207" 
2003-12-01T21:00:00Z,"TALK",2006-09-01T20:00:00Z,Buy,10.9,5.84,20,-101.2,1.8296345897443,-117.8,23,140.8,0,"	85,351" 
2004-01-02T21:00:00Z,"JCOM",2004-07-01T20:00:00Z,Buy,24.86,26.71,30,55.5,1.1473059482732,-173.7,100.2,273.9,1,"	88,127" 
2004-02-02T21:00:00Z,"SHOO",2004-12-01T21:00:00Z,Buy,18.67,19.14,12,5.64,0.53012910166756,-43.68,51.6,66.96,1,"	91,172" 
2004-03-01T21:00:00Z,"ASGN",2004-04-01T21:00:00Z,Buy,5.79,5.5,138,-40.02,7.0552347917076,-96.6,28.98,125.58,0,"	97,102" 
2004-03-01T21:00:00Z,"CTR",2004-08-02T20:00:00Z,Buy,21.3,21.05,10,-2.5,0.78362784213666,-48.6,37.8,26.5,0,"	98,135" 
2004-03-01T21:00:00Z,"AHS",2004-09-01T20:00:00Z,Buy,18.37,11.54,43,-293.69,5.6958609941066,-301.86,4.73,306.59,0,"	96,143" 
2004-03-01T21:00:00Z,"CALM",2005-02-01T21:00:00Z,Buy,18.995,12,40,-279.8,1.2273015232697,-359.8,50.2,410,0,"	99,187" 
2004-03-01T21:00:00Z,"GCI",2005-08-01T20:00:00Z,Buy,86.6,72.26,3,-43.02,0.69087653502486,-56.82,12.96,60,0,"	100,234" 
2004-03-01T21:00:00Z,"WMK",2013-07-01T20:00:00Z,Buy,32.54,45.44,8,103.2,0.9584825848495,-74,115.04,182.96,1,"	101,1403" 
2004-04-01T21:00:00Z,"USNA",2004-07-01T20:00:00Z,Buy,23.83,29.68,8,46.8,1.1059207879118,-3.04,65.52,50.24,1,"	112,130" 
2004-04-01T21:00:00Z,"CNXS",2004-08-02T20:00:00Z,Buy,10.48,10.01,19,-8.93,0.59739254495295,-87.59,76.76,32.87,0,"	107,136" 
2004-04-01T21:00:00Z,"QDEL",2004-08-02T20:00:00Z,Buy,6.41,3.46,121,-356.95,1.5984962019621,-367.84,284.35,652.19,0,"	109,137" 
2004-04-01T21:00:00Z,"MTLM",2004-12-01T21:00:00Z,Buy,18.5,25.98,10,74.8,1.07770087241,-65,79.7,77.25,1,"	108,170" 
2004-04-01T21:00:00Z,"SCHN",2004-12-01T21:00:00Z,Buy,32.12,35.7,25,89.5,3.1325176848403,-229.25,146.25,356.5,1,"	110,171" 
2004-04-01T21:00:00Z,"USNA",2004-12-01T21:00:00Z,Buy,23.83,30.45,26,172.12,0.56655178211163,-9.88,307.84,201.5,1,"	112,173" 
2004-04-01T21:00:00Z,"MTLM",2005-10-03T20:00:00Z,Buy,18.5,25.6,8,56.8,0.52019723865878,-52,93.68,107.04,1,"	108,255" 
2004-04-01T21:00:00Z,"TALK",2006-09-01T20:00:00Z,Buy,8.33,5.84,28,-69.72,0.56884297520661,-92.96,104.16,167.72,0,"	111,351" 
2004-04-01T21:00:00Z,"MTLM",2007-01-03T21:00:00Z,Buy,18.5,38.75,7,141.75,1.4372324203638,-45.5,141.75,93.66,1,"	108,390" 
2004-04-01T21:00:00Z,"MTLM",2007-09-04T20:00:00Z,Buy,18.5,46.68,5,140.9,0.68845986451204,-32.5,164.75,66.9,1,"	108,485" 
2004-04-01T21:00:00Z,"MTLM",2008-03-03T21:00:00Z,Buy,18.5,58.85,8,322.8,0.51933311432326,-52,360.8,112.48,1,"	108,554" 
2004-04-01T21:00:00Z,"MTLM",2008-03-15T04:00:00Z,Buy,18.5,55.27,4,147.08,0,-26,180.4,56.24,1,"	108,567" 
2004-05-03T20:00:00Z,"ESCA",2004-07-01T20:00:00Z,Buy,17.5,22.68,9,46.62,3.8133403128062,-4.41,50.49,5.85,1,"	119,125" 
2004-05-03T20:00:00Z,"MTEX",2004-10-01T20:00:00Z,Buy,10.59,14.49,19,74.1,4.5888190642749,-30.97,74.1,43.89,1,"	120,155" 
2004-05-03T20:00:00Z,"ESCA",2004-11-01T21:00:00Z,Buy,17.5,14.02,35,-121.8,0.67348995695839,-242.55,196.35,438.9,0,"	119,161" 
2004-05-03T20:00:00Z,"UWN",2004-11-01T21:00:00Z,Buy,15.47,10.69,48,-229.44,1.2804424728356,-265.44,24.48,289.92,0,"	122,163" 
2004-05-03T20:00:00Z,"MTEX",2004-12-01T21:00:00Z,Buy,10.59,21.99,17,193.8,2.823566985743,-27.71,217.26,58.82,1,"	120,169" 
2004-05-03T20:00:00Z,"CALM",2005-02-01T21:00:00Z,Buy,11.62,12,29,11.02,0.57630887681159,-46.98,250.27,163.85,1,"	118,187" 
2004-05-03T20:00:00Z,"OTL",2005-02-01T21:00:00Z,Buy,24.63,20.38,33,-140.25,2.2461504030375,-196.02,104.61,300.63,0,"	121,191" 
2004-05-03T20:00:00Z,"MTEX",2005-10-03T20:00:00Z,Buy,10.59,11.7,37,41.07,0.68759493670886,-60.31,568.69,583.12,1,"	120,254" 
2004-06-01T20:00:00Z,"FAF",2006-12-01T21:00:00Z,Buy,25.79,38.63,8,102.72,0.75529002228036,-32.48,186.32,103.84,1,"	124,381" 
2004-07-01T20:00:00Z,"CRUS",2004-10-01T20:00:00Z,Buy,5.8,5.42,137,-52.06,6.2117965591524,-164.4,35.62,200.02,0,"	131,153" 
2004-07-01T20:00:00Z,"GDYS",2004-10-01T20:00:00Z,Buy,10.06,8.63,23,-32.89,1.4288866831225,-62.1,106.95,59.11,0,"	132,154" 
2004-07-01T20:00:00Z,"TESS",2004-11-01T21:00:00Z,Buy,17.25,12.89,47,-204.92,4.3492374332009,-330.41,0,330.41,0,"	134,162" 
2004-07-01T20:00:00Z,"LPX",2005-10-03T20:00:00Z,Buy,23.3,27.44,34,140.76,4.3131837379596,-65.96,178.5,194.14,1,"	133,253" 
2004-08-02T20:00:00Z,"ESCA",2004-11-01T21:00:00Z,Buy,10.99,14.02,34,103.02,0.58578053259871,-14.28,412.08,110.5,1,"	141,161" 
2004-08-02T20:00:00Z,"LCUT",2005-01-03T21:00:00Z,Buy,16.45,15.76,46,-31.74,10.297543914304,-219.88,28.06,247.94,0,"	142,180" 
2004-08-02T20:00:00Z,"AMED",2005-07-01T20:00:00Z,Buy,27.35,37.73,28,290.64,1.1448973639851,-51.8,290.64,238.28,1,"	139,220" 
2004-08-02T20:00:00Z,"AXE",2006-04-03T20:00:00Z,Buy,34.4,47.29,22,283.58,2.5827528538609,-67.1,291.94,167.2,1,"	140,293" 
2004-09-01T20:00:00Z,"TESS",2004-11-01T21:00:00Z,Buy,11.16,12.89,18,31.14,0.54409130816506,-16.92,109.62,45.36,1,"	150,162" 
2004-09-01T20:00:00Z,"UWN",2004-11-01T21:00:00Z,Buy,11.03,10.69,18,-6.12,0.88205836557551,-19.62,89.1,32.22,0,"	151,163" 
2004-09-01T20:00:00Z,"HOC",2005-02-01T21:00:00Z,Buy,20.91,30.5,8,76.72,1.1117865161306,-2.08,76.72,34.24,1,"	149,190" 
2004-09-01T20:00:00Z,"HOC",2005-06-01T20:00:00Z,Buy,20.91,38.89,6,107.88,0.51521914949126,-1.56,110.28,37.74,1,"	149,214" 
2004-09-01T20:00:00Z,"ECOL",2005-07-01T20:00:00Z,Buy,9.29,17.56,31,256.37,1.2772855913128,0,269.08,76.88,1,"	148,221" 
2004-09-01T20:00:00Z,"ZEUS",2005-08-01T20:00:00Z,Buy,20.63,15.89,36,-170.64,3.420698387461,-267.12,333.72,600.84,0,"	152,238" 
2004-09-01T20:00:00Z,"HOC",2005-09-01T20:00:00Z,Buy,20.91,57.21,6,217.8,0.51524245115453,-1.56,217.8,37.74,1,"	149,247" 
2004-09-01T20:00:00Z,"ECOL",2006-04-03T20:00:00Z,Buy,9.29,20.06,11,118.47,0.52705492888671,0,122.43,60.72,1,"	148,294" 
2004-09-01T20:00:00Z,"ECOL",2006-05-01T20:00:00Z,Buy,9.29,25.5,12,194.52,0.52867316341829,0,208.68,66.24,1,"	148,309" 
2004-09-01T20:00:00Z,"HOC",2006-06-01T20:00:00Z,Buy,20.91,85,3,192.27,1.558213232685,-0.78,192.27,50.43,1,"	149,323" 
2004-09-01T20:00:00Z,"HOC",2006-08-01T20:00:00Z,Buy,10.455,52.25,5,208.98,0.6204828217654,-0.65,208.98,42.02,1,"	149,341" 
2004-09-01T20:00:00Z,"ECOL",2006-10-02T20:00:00Z,Buy,9.29,19.63,26,268.84,3.9203493562016,0,468,225.94,1,"	148,357" 
2004-09-01T20:00:00Z,"HOC",2007-07-02T20:00:00Z,Buy,10.455,75.72,4,261.06,0.51020485175202,-0.52,268.02,65.8,1,"	149,464" 
2004-09-01T20:00:00Z,"HOC",2008-05-01T20:00:00Z,Buy,10.455,41.73,17,531.68,0.56556562726613,-2.21,1180.06,694.45,1,"	149,587" 
2004-10-01T20:00:00Z,"SAFM",2005-07-01T20:00:00Z,Buy,35.03,45.97,4.5000112499944,49.23,1.0005483288642,-66.89,89.87,47.34,1,"	159,224" 
2004-10-01T20:00:00Z,"CYBE",2005-09-01T20:00:00Z,Buy,16.88,13.9,45,-134.1,6.9798324609334,-297,13.05,310.05,0,"	157,246" 
2004-10-01T20:00:00Z,"NATR",2006-05-01T20:00:00Z,Buy,15.38,10.04,46,-245.64,27.018085203989,-245.64,360.18,605.82,0,"	158,311" 
2004-10-01T20:00:00Z,"TALK",2006-09-01T20:00:00Z,Buy,5.35,5.84,47,23.03,0.95621988136686,-15.98,314.9,281.53,1,"	160,351" 
2004-10-01T20:00:00Z,"SAFM",2014-02-03T21:00:00Z,Buy,35.03,71.97,0.49998875000562,18.47,0.77253155532484,-7.43,20.72,5.26,1,"	159,1519" 
2004-11-01T21:00:00Z,"CIX",2005-05-02T20:00:00Z,Buy,15.55,14.62,48,-44.64,2.7544755758876,-47.52,120,167.52,0,"	164,204" 
2004-11-01T21:00:00Z,"CYBE",2005-09-01T20:00:00Z,Buy,10.53,13.9,24,80.88,1.6859778333931,-6,159.36,86.4,1,"	165,246" 
2004-11-01T21:00:00Z,"LAWS",2005-12-01T21:00:00Z,Buy,44.2,38.64,16,-88.96,5.0515903385089,-207.2,154.88,362.08,0,"	166,267" 
2004-11-01T21:00:00Z,"PCU",2006-02-01T21:00:00Z,Buy,43.81,86.84,4,172.12,1.0505962241604,-8.68,173.32,90.08,1,"	167,278" 
2004-11-01T21:00:00Z,"PCU",2007-02-01T21:00:00Z,Buy,21.905,64.14,5,211.18,0.512828,-5.42,211.18,87.22,1,"	167,396" 
2004-11-01T21:00:00Z,"PCU",2007-05-01T20:00:00Z,Buy,21.905,78.58,3,170.02,0.50735033674233,-3.26,184.9,52.34,1,"	167,434" 
2004-11-01T21:00:00Z,"PCU",2007-08-01T20:00:00Z,Buy,21.905,108.25,5,431.72,1.0010671539099,-5.42,465.48,87.22,1,"	167,476" 
2004-11-01T21:00:00Z,"PCU",2007-11-01T20:00:00Z,Buy,21.905,133.96,2,224.11,0.50479284436494,-2.17,239.23,61.26,1,"	167,510" 
2004-11-01T21:00:00Z,"PCU",2008-03-03T21:00:00Z,Buy,21.905,114.89,2,185.97,0.50502449050993,-2.17,239.23,122.4,1,"	167,557" 
2004-11-01T21:00:00Z,"PCU",2008-05-01T20:00:00Z,Buy,21.905,110,7,616.66,0.52161572052402,-7.6,837.3,428.4,1,"	167,591" 
2004-12-01T21:00:00Z,"LCUT",2005-01-03T21:00:00Z,Buy,14,15.76,17,29.92,0.54420505200594,-39.61,52.02,10.54,1,"	174,180" 
2004-12-01T21:00:00Z,"SEB",2005-01-03T21:00:00Z,Buy,785,999.9,1,214.9,3.9560186200128,-13.05,247,56,1,"	178,183" 
2004-12-01T21:00:00Z,"WWW",2005-02-01T21:00:00Z,Buy,31,32.09,28,30.52,5.8434946480723,-37.52,33.6,55.16,1,"	179,192" 
2004-12-01T21:00:00Z,"NL",2005-07-01T20:00:00Z,Buy,23.11,15.24,37,-291.19,2.8731942831451,-318.57,7.03,325.6,0,"	175,223" 
2004-12-01T21:00:00Z,"RBIN",2005-11-01T21:00:00Z,Buy,12.63,10.99,68,-111.52,6.5031812557266,-217.6,114.92,332.52,0,"	177,264" 
2004-12-01T21:00:00Z,"NUE",2006-02-01T21:00:00Z,Buy,52.27,83.54,3,93.81,4.4883117756872,-19.8,99.69,54.63,1,"	176,277" 
2004-12-01T21:00:00Z,"NUE",2006-04-03T20:00:00Z,Buy,52.27,107.97,2,111.4,0.95321646667532,-13.2,111.4,36.42,1,"	176,297" 
2004-12-01T21:00:00Z,"NUE",2008-03-03T21:00:00Z,Buy,26.135,66.14,5,200.02,0.51278413483841,-16.5,215.32,115.35,1,"	176,555" 
2004-12-01T21:00:00Z,"NUE",2008-11-03T21:00:00Z,Buy,26.135,37.93,17,200.52,0.56321666666667,-56.1,947.84,917.49,1,"	176,695" 
2005-01-03T21:00:00Z,"AEOS",2005-04-01T21:00:00Z,Buy,23.369967048316,28.78,7,37.87,4.2722366303077,0,43.26,16.45,1,"	185,202" 
2005-01-03T21:00:00Z,"AIT",2005-09-01T20:00:00Z,Buy,25.95,36.4,6,62.7,1.9763642490508,-16.56,64.5,31.02,1,"	186,245" 
2005-01-03T21:00:00Z,"AEOS",2006-04-03T20:00:00Z,Buy,23.369967048316,28.79,29.000050760046,157.18,2.47703007129,-98.89,293.19,392.08,1,"	185,292" 
2005-01-03T21:00:00Z,"AIT",2006-11-01T21:00:00Z,Buy,17.30000865,27.83,7,73.71,0.51696360153257,-12.88,94.87,69.6,1,"	186,373" 
2005-01-03T21:00:00Z,"AIT",2007-09-04T20:00:00Z,Buy,17.30000865,32.81,11,170.61,4.3053753579538,-20.24,170.61,109.38,1,"	186,481" 
2005-01-03T21:00:00Z,"AIT",2008-10-01T20:00:00Z,Buy,17.30000865,25.63,9,74.97,1.9582639669755,-16.56,162.09,115.29,1,"	186,662" 
2005-01-03T21:00:00Z,"AIT",2008-11-03T21:00:00Z,Buy,17.30000865,19.93,11.99998050001,31.56,4.1557677521062,-22.08,216.12,208.8,1,"	186,689" 
2005-02-01T21:00:00Z,"NVR",2005-05-02T20:00:00Z,Buy,794.9,709.89,1,-85.01,2.2113293093243,-85.01,13.85,98.86,0,"	195,205" 
2005-02-01T21:00:00Z,"MLI",2005-08-01T20:00:00Z,Buy,31.96,29.22,27,-73.98,3.4061890692129,-185.22,0.81,186.03,0,"	194,235" 
2005-02-01T21:00:00Z,"STLD",2005-10-03T20:00:00Z,Buy,36.93,32.9,23,-92.69,3.524636181501,-262.66,200.56,463.22,0,"	198,256" 
2005-02-01T21:00:00Z,"ABFS",2005-12-01T21:00:00Z,Buy,40.86,41.41,5,2.75,1.6398011190888,-51.7,19.6,71.3,1,"	193,266" 
2005-02-01T21:00:00Z,"ABFS",2006-07-03T17:00:00Z,Buy,40.86,50.55,7,67.83,0.5176501396648,-72.38,67.83,99.82,1,"	193,332" 
2005-02-01T21:00:00Z,"RAVN",2006-10-02T20:00:00Z,Buy,18.03,28.97,11,120.34,0.52709426229508,-112.09,261.91,165.99,1,"	197,362" 
2005-02-01T21:00:00Z,"PDX",2006-12-01T21:00:00Z,Buy,33.85,48.55,6,88.2,0.6298397483951,-133.14,110.82,62.76,1,"	196,383" 
2005-02-01T21:00:00Z,"ABFS",2007-07-02T20:00:00Z,Buy,40.86,39.4,9,-13.14,5.7003198275057,-93.06,87.21,138.69,0,"	193,462" 
2005-03-01T21:00:00Z,"CTR",2006-07-03T17:00:00Z,Buy,20.12667673,25.98,8,46.83,2.2725987326956,-24.48,48.59,40.85,1,"	201,333" 
2005-03-01T21:00:00Z,"CTR",2007-06-01T20:00:00Z,Buy,20.12667673,21.83,36.999977500011,63.02,3.5733572719422,-113.22,224.71,218.3,1,"	201,448" 
2005-04-01T21:00:00Z,"ZEUS",2005-08-01T20:00:00Z,Buy,17.95,15.89,13,-26.78,0.5329032712916,-61.62,155.35,61.75,0,"	203,238" 
2005-05-02T20:00:00Z,"NL",2005-07-01T20:00:00Z,Buy,17.13,15.24,14,-26.46,1.1561007313727,-36.82,86.38,44.8,0,"	210,223" 
2005-05-02T20:00:00Z,"DECK",2005-08-01T20:00:00Z,Buy,22.9,28.44,38,210.52,1.1993419528364,-57.38,210.52,141.74,1,"	209,233" 
2005-05-02T20:00:00Z,"X",2005-12-01T21:00:00Z,Buy,42.73,48.98,19,118.75,3.8118573680368,-162.64,118.75,203.68,1,"	212,270" 
2005-05-02T20:00:00Z,"WEYS",2006-08-01T20:00:00Z,Buy,18.69,22.16,9,31.23,1.9886409706164,-12.51,46.44,58.95,1,"	211,343" 
2005-05-02T20:00:00Z,"WEYS",2007-10-01T20:00:00Z,Buy,18.69,31.6,8,103.28,0.52012098057943,-11.12,120.16,52.4,1,"	211,499" 
2005-05-02T20:00:00Z,"WEYS",2008-10-01T20:00:00Z,Buy,18.69,32.89,8,113.6,1.7771135946275,-11.12,166,71.68,1,"	211,676" 
2005-05-02T20:00:00Z,"WEYS",2008-12-01T21:00:00Z,Buy,18.69,27.26,8,68.56,3.5053513826372,-11.12,166,119.12,1,"	211,713" 
2005-05-02T20:00:00Z,"WEYS",2009-10-01T20:00:00Z,Buy,18.69,22.35,11,40.26,3.7794339944869,-15.29,228.25,211.75,1,"	211,830" 
2005-06-01T20:00:00Z,"MTEX",2005-10-03T20:00:00Z,Buy,16.44,11.7,16,-75.84,0.54104868913858,-119.68,152.32,143.84,0,"	216,254" 
2005-06-01T20:00:00Z,"STLD",2005-10-03T20:00:00Z,Buy,27.48,32.9,8,43.36,0.78458736010316,-15.76,145.36,41.12,1,"	219,256" 
2005-06-01T20:00:00Z,"SPTN",2006-02-01T21:00:00Z,Buy,12.92,12.08,66,-55.44,3.3973003841176,-261.36,157.08,418.44,0,"	218,279" 
2005-06-01T20:00:00Z,"MTLM",2008-03-15T04:00:00Z,Buy,18.17,55.27,14,519.4,0.53465667574932,-86.38,636.02,196.84,1,"	217,567" 
2005-07-01T20:00:00Z,"GCI",2005-08-01T20:00:00Z,Buy,71.91,72.26,3,1.05,0.60836248301122,-12.75,57.03,6.96,1,"	226,234" 
2005-07-01T20:00:00Z,"MSTR",2005-08-01T20:00:00Z,Buy,53.95,78.31,4,97.44,1.0509146117807,0,97.44,19.4,1,"	228,236" 
2005-07-01T20:00:00Z,"ZEUS",2005-08-01T20:00:00Z,Buy,13.28,15.89,17,44.37,0.54227715355805,-1.19,282.54,11.9,1,"	232,238" 
2005-07-01T20:00:00Z,"CMC",2005-10-03T20:00:00Z,Buy,24.24,33.43,9,82.71,1.1168210967012,-0.36,87.66,20.52,1,"	225,251" 
2005-07-01T20:00:00Z,"LAWS",2005-12-01T21:00:00Z,Buy,38.94,38.64,6,-1.8,1.3795285265371,-46.14,89.64,79.14,0,"	227,267" 
2005-07-01T20:00:00Z,"X",2005-12-01T21:00:00Z,Buy,34.79,48.98,6,85.14,0.51518771827707,-3.72,85.14,64.32,1,"	231,270" 
2005-07-01T20:00:00Z,"CMC",2006-02-01T21:00:00Z,Buy,24.24,47.08,5,114.2,0.51243134769751,-0.2,117.65,31.65,1,"	225,275" 
2005-07-01T20:00:00Z,"NVR",2006-04-03T20:00:00Z,Buy,802.55,753.2,1,-49.35,1.8277371511554,-141.56,135.5,277.06,0,"	229,298" 
2005-07-01T20:00:00Z,"MSTR",2006-10-02T20:00:00Z,Buy,53.95,99.93,2,91.96,0.50490767115215,0,108.96,59.54,1,"	228,361" 
2005-07-01T20:00:00Z,"CMC",2007-05-01T20:00:00Z,Buy,12.12,32.94,7,145.74,0.51721260077635,-0.14,157.01,84.38,1,"	225,432" 
2005-07-01T20:00:00Z,"MSTR",2007-07-02T20:00:00Z,Buy,53.95,94.59,10,406.4,0.53253439517409,0,784.5,386.6,1,"	228,466" 
2005-07-01T20:00:00Z,"COP",2007-08-01T20:00:00Z,Buy,59.15,80.76,3,64.83,1.5500592637952,-9.36,93.12,49.41,1,"	230,475" 
2005-07-01T20:00:00Z,"COP",2008-05-01T20:00:00Z,Buy,59.15,86.59,12,329.28,0.53776165833236,-37.44,372.48,228,1,"	230,590" 
2005-07-01T20:00:00Z,"CMC",2008-07-01T20:00:00Z,Buy,12.12,36.95,7,173.81,1.8599172961694,-0.14,190.96,90.93,1,"	225,622" 
2005-07-01T20:00:00Z,"CMC",2008-10-01T20:00:00Z,Buy,12.12,16.28,32,133.12,0.5987981053878,-0.64,872.96,751.36,1,"	225,665" 
2005-08-01T20:00:00Z,"CRMT",2005-10-03T20:00:00Z,Buy,21.44,17.67,9.5000172499914,-35.82,1.3079051531898,-50.1,38.19,43.7,0,"	241,252" 
2005-08-01T20:00:00Z,"WWW",2006-02-01T21:00:00Z,Buy,22.25,24.06,44,79.64,3.2478427583714,-102.96,79.64,122.32,1,"	244,281" 
2005-08-01T20:00:00Z,"PLPC",2006-07-03T17:00:00Z,Buy,41.03,37,22,-88.66,1.1379708393072,-226.16,131.34,357.5,0,"	243,335" 
2005-08-01T20:00:00Z,"GCO",2006-09-01T20:00:00Z,Buy,37.31,27.4,25,-247.75,4.470674896485,-276.25,159.25,435.5,0,"	242,348" 
2005-08-01T20:00:00Z,"BKE",2007-01-03T21:00:00Z,Buy,42.56,52.93,5,51.85,3.6876862093228,-53.5,51.85,54.7,1,"	240,388" 
2005-08-01T20:00:00Z,"ABFS",2007-07-02T20:00:00Z,Buy,34.48,39.4,7,34.44,0.51757646373434,-27.72,112.49,107.87,1,"	239,462" 
2005-08-01T20:00:00Z,"BKE",2008-02-01T21:00:00Z,Buy,28.373292050154,42.14,7,96.37,0.51772716346154,-49.93,103.93,85.61,1,"	240,536" 
2005-08-01T20:00:00Z,"BKE",2008-10-01T20:00:00Z,Buy,28.373292050154,51.95,8,188.61,0.83570974507503,-57.07,271.81,97.84,1,"	240,663" 
2005-08-01T20:00:00Z,"CRMT",2009-01-02T21:00:00Z,Buy,21.44,13.73,0.49998275000863,-3.85,0.56462346125996,-7.07,2.01,7.2,0,"	241,723" 
2005-08-01T20:00:00Z,"BKE",2009-03-02T21:00:00Z,Buy,18.9155374912,23.28,14,61.1,2.0523481641241,-66.58,317.12,377.81,1,"	240,744" 
2005-08-01T20:00:00Z,"BKE",2009-10-01T20:00:00Z,Buy,18.9155374912,33.52,1.7500477787793,25.56,0.86889358482819,-8.32,39.64,47.23,1,"	240,827" 
2005-09-01T20:00:00Z,"MTEX",2005-10-03T20:00:00Z,Buy,12.45,11.7,23,-17.25,1.181794044816,-80.27,310.73,58.88,0,"	248,254" 
2005-09-01T20:00:00Z,"SCVL",2005-12-01T21:00:00Z,Buy,16.36,21.75,10,53.9,1.1685902037722,-23.7,53.9,29.2,1,"	249,269" 
2005-09-01T20:00:00Z,"SPTN",2006-02-01T21:00:00Z,Buy,10.55,12.08,26,39.78,0.56690243902439,-41.34,123.5,50.44,1,"	250,279" 
2005-09-01T20:00:00Z,"SCVL",2007-01-03T21:00:00Z,Buy,16.36,31.42,9,135.54,0.52237183544304,-21.33,137.16,79.2,1,"	249,391" 
2005-09-01T20:00:00Z,"SCVL",2007-10-01T20:00:00Z,Buy,16.36,15.79,38,-21.66,0.68011406844106,-90.06,716.3,773.3,0,"	249,497" 
2005-10-03T20:00:00Z,"RBIN",2005-11-01T21:00:00Z,Buy,10.31,10.99,26,17.68,0.56550830889541,-22.88,104.26,23.4,1,"	263,264" 
2005-10-03T20:00:00Z,"MCRI",2005-12-01T21:00:00Z,Buy,16.75,22.17,11,59.62,1.4676581407541,-12.65,68.09,16.94,1,"	261,268" 
2005-10-03T20:00:00Z,"PETS",2006-01-03T21:00:00Z,Buy,10.62,14.31,22,81.18,1.2912060855831,-17.16,107.8,47.08,1,"	262,273" 
2005-10-03T20:00:00Z,"KOMG",2006-02-01T21:00:00Z,Buy,32.45,47.3,7,103.95,1.0937592198613,-52.57,107.73,52.57,1,"	260,276" 
2005-10-03T20:00:00Z,"PETS",2006-03-01T21:00:00Z,Buy,10.62,19.14,11,93.72,1.2527413992971,-8.58,95.04,23.54,1,"	262,286" 
2005-10-03T20:00:00Z,"AEOS",2006-04-03T20:00:00Z,Buy,23.61,28.79,10.999949239954,56.98,0.52758177570093,-40.15,108.57,60.61,1,"	257,292" 
2005-10-03T20:00:00Z,"MCRI",2006-05-01T20:00:00Z,Buy,16.75,32.02,7,106.89,0.51779453794856,-8.05,108.64,15.82,1,"	261,310" 
2005-10-03T20:00:00Z,"CNXS",2006-06-01T20:00:00Z,Buy,25.99,23.41,36,-92.88,7.198187686595,-198,96.84,294.84,0,"	259,322" 
2005-10-03T20:00:00Z,"PETS",2006-11-01T21:00:00Z,Buy,10.62,12.14,59,89.68,0.723376,-69.03,553.42,622.45,1,"	262,375" 
2005-10-03T20:00:00Z,"MCRI",2007-01-03T21:00:00Z,Buy,16.75,24.95,9,73.8,1.1059365631959,-10.35,141.93,133.29,1,"	261,389" 
2005-10-03T20:00:00Z,"KOMG",2007-02-01T21:00:00Z,Buy,32.45,33.75,23,29.9,0.5692409144197,-172.73,483.69,521.41,1,"	260,394" 
2005-10-03T20:00:00Z,"MCRI",2007-02-01T21:00:00Z,Buy,16.75,24.59,29,227.36,4.7814558127896,-33.35,457.33,429.49,1,"	261,395" 
2005-10-03T20:00:00Z,"AEOS",2007-06-01T20:00:00Z,Buy,15.74000787,27.19,7.6140031217447E-5,0,0.61081511670989,0,0,0,0,"	257,445" 
2005-10-03T20:00:00Z,"BKE",2009-10-01T20:00:00Z,Buy,15.6399850638,33.52,5.2499522212207,93.87,0.51556161556604,-7.77,136.11,141.68,1,"	258,827" 
2005-10-03T20:00:00Z,"BKE",2010-04-01T20:00:00Z,Buy,15.6399850638,37.16,8.2500606712916,177.54,2.2504771473208,-12.21,213.9,222.64,1,"	258,893" 
2005-11-01T21:00:00Z,"RS",2006-03-01T21:00:00Z,Buy,57.76,85.11,3,82.05,3.0783133392583,0,89.37,21.48,1,"	265,287" 
2005-11-01T21:00:00Z,"RS",2007-03-01T21:00:00Z,Buy,28.88,44.78,6,95.4,0.97853441216665,0,119.31,117.09,1,"	265,413" 
2005-11-01T21:00:00Z,"RS",2007-05-01T20:00:00Z,Buy,28.88,59.45,5,152.85,0.51251262838862,0,162.85,97.58,1,"	265,435" 
2005-11-01T21:00:00Z,"RS",2008-04-01T20:00:00Z,Buy,28.88,60.29,4,125.64,0.81351770108013,0,139.4,82.08,1,"	265,574" 
2005-11-01T21:00:00Z,"RS",2008-07-01T20:00:00Z,Buy,28.88,78.12,3,147.72,0.75865700575796,0,147.72,61.56,1,"	265,625" 
2005-11-01T21:00:00Z,"RS",2009-02-02T21:00:00Z,Buy,28.88,22.21,8,-53.36,6.2818693821713,-129.76,393.92,523.68,0,"	265,736" 
2005-12-01T21:00:00Z,"SNHY",2006-06-01T20:00:00Z,Buy,18.75,19.97,51,62.22,12.785390372911,-59.67,338.64,300.39,1,"	271,325" 
2005-12-01T21:00:00Z,"VLO",2006-08-01T20:00:00Z,Buy,50.55,67.06,4,66.04,1.5260591146765,-3.24,74.08,53.28,1,"	272,342" 
2005-12-01T21:00:00Z,"VLO",2007-05-01T20:00:00Z,Buy,50.55,71.17,3,61.86,0.50759389671361,-7.2,63.51,62.76,1,"	272,438" 
2005-12-01T21:00:00Z,"VLO",2008-06-02T20:00:00Z,Buy,50.55,52.84,13,29.77,3.6122146769709,-77.87,353.21,431.08,1,"	272,612" 
2006-01-03T21:00:00Z,"ECOL",2006-10-02T20:00:00Z,Buy,15.48,19.63,19,78.85,0.55099167822469,-117.61,224.39,165.11,1,"	274,357" 
2006-02-01T21:00:00Z,"NATR",2006-05-01T20:00:00Z,Buy,17.84,10.04,17,-132.6,1.4100720186244,-132.6,91.29,143.82,0,"	284,311" 
2006-02-01T21:00:00Z,"CNXS",2006-06-01T20:00:00Z,Buy,22.71,23.41,15,10.5,3.0365994760078,-33.3,89.55,45.3,1,"	282,322" 
2006-02-01T21:00:00Z,"SYKE",2006-06-01T20:00:00Z,Buy,13.02,17.49,20,89.4,4.1579036172463,-21,96.2,42.4,1,"	285,326" 
2006-02-01T21:00:00Z,"LYTS",2006-09-01T20:00:00Z,Buy,14.73,18.31,18,64.44,8.377239975425,-47.88,68.58,111.96,1,"	283,349" 
2006-02-01T21:00:00Z,"SYKE",2006-09-01T20:00:00Z,Buy,13.02,20.2,12,86.16,0.53011928429423,-12.6,86.16,37.44,1,"	285,350" 
2006-02-01T21:00:00Z,"LYTS",2006-10-02T20:00:00Z,Buy,14.73,16.02,59,76.11,3.9300239268255,-156.94,224.79,366.98,1,"	283,359" 
2006-02-01T21:00:00Z,"SYKE",2007-04-02T20:00:00Z,Buy,13.02,18.11,14,71.26,1.8087114417,-14.7,115.22,92.96,1,"	285,423" 
2006-02-01T21:00:00Z,"SYKE",2007-09-04T20:00:00Z,Buy,13.02,16.17,40,126,5.199202281502,-42,329.2,265.6,1,"	285,487" 
2006-03-01T21:00:00Z,"IIIN",2006-04-03T20:00:00Z,Buy,39.29,59.24,9,179.55,3.2790015016992,0,180.18,40.14,1,"	288,295" 
2006-03-01T21:00:00Z,"IIIN",2006-06-01T20:00:00Z,Buy,39.29,43.63,6,26.04,0.51523393854749,-45,120.96,165.96,1,"	288,324" 
2006-03-01T21:00:00Z,"PLPC",2006-07-03T17:00:00Z,Buy,40.6,37,5,-18,1.2621012472862,-49.25,32,49.25,0,"	289,335" 
2006-03-01T21:00:00Z,"TALK",2006-09-01T20:00:00Z,Buy,8.67,5.84,35,-99.05,1.6608262594514,-128.1,118.3,124.25,0,"	290,351" 
2006-03-01T21:00:00Z,"IIIN",2007-04-02T20:00:00Z,Buy,19.645,16.71,28,-82.18,4.89873394307,-105.14,282.24,387.38,0,"	288,421" 
2006-03-01T21:00:00Z,"WEYS",2009-10-01T20:00:00Z,Buy,19.44,22.35,13,37.83,1.421410476397,-27.82,260,250.25,1,"	291,830" 
2006-04-03T20:00:00Z,"NATR",2006-05-01T20:00:00Z,Buy,12.06,10.04,30,-60.6,0.57201433121019,-60.6,334.5,60.6,0,"	304,311" 
2006-04-03T20:00:00Z,"SHOO",2006-05-01T20:00:00Z,Buy,35.78,53.01,11,189.53,1.1105319025725,-6.05,192.06,16.5,1,"	306,313" 
2006-04-03T20:00:00Z,"EGY",2006-07-03T17:00:00Z,Buy,6.83,10.1,55,179.85,4.0389874506012,-42.9,179.85,95.7,1,"	302,334" 
2006-04-03T20:00:00Z,"PLPC",2006-07-03T17:00:00Z,Buy,33.2,37,7,26.6,0.52563684787233,-17.15,96.6,48.93,1,"	305,335" 
2006-04-03T20:00:00Z,"ZEUS",2006-07-03T17:00:00Z,Buy,30.9,36.89,6,35.94,5.6175030956318,-11.34,35.94,41.28,1,"	307,336" 
2006-04-03T20:00:00Z,"SHOO",2006-10-02T20:00:00Z,Buy,23.853274162205,40.51,6,99.94,1.3927248962387,-2.2,99.94,66.84,1,"	306,363" 
2006-04-03T20:00:00Z,"FAF",2006-12-01T21:00:00Z,Buy,38.8,38.63,7,-1.19,0.51736128867297,-119.49,71.96,46.13,0,"	303,381" 
2006-04-03T20:00:00Z,"ZEUS",2007-02-01T21:00:00Z,Buy,30.9,27.81,33,-101.97,0.64114097744361,-314.16,266.31,580.47,0,"	307,398" 
2006-04-03T20:00:00Z,"B",2007-06-01T20:00:00Z,Buy,20.17,30.1,12,119.16,4.4398035606534,-56.76,119.16,97.8,1,"	301,446" 
2006-04-03T20:00:00Z,"EGY",2007-06-01T20:00:00Z,Buy,6.83,4.86,121,-238.37,5.509416417163,-269.83,395.67,665.5,0,"	302,450" 
2006-04-03T20:00:00Z,"ABFS",2007-07-02T20:00:00Z,Buy,39.67,39.4,7,-1.89,1.3457297750993,-64.05,76.16,107.87,0,"	300,462" 
2006-04-03T20:00:00Z,"B",2007-09-04T20:00:00Z,Buy,20.17,32.16,7,83.93,1.3545866234456,-33.11,98.07,57.05,1,"	301,482" 
2006-04-03T20:00:00Z,"SHOO",2007-12-03T21:00:00Z,Buy,23.853274162205,22.75,14,-15.45,2.0458503212899,-88.95,283.73,372.68,0,"	306,517" 
2006-04-03T20:00:00Z,"B",2008-06-02T20:00:00Z,Buy,20.17,30.9,11,118.03,2.2057356972526,-52.03,181.28,177.1,1,"	301,606" 
2006-04-03T20:00:00Z,"SHOO",2008-08-01T20:00:00Z,Buy,23.853274162205,22.79,11,-11.7,0.52786682970209,-97.61,222.93,320.54,0,"	306,641" 
2006-04-03T20:00:00Z,"SHOO",2008-10-01T20:00:00Z,Buy,23.853274162205,24.6,2.0000818607635,1.49,1.1137706384548,-17.75,40.54,58.28,1,"	306,673" 
2006-04-03T20:00:00Z,"B",2009-05-01T20:00:00Z,Buy,20.17,13.91,28,-175.28,0.68458067940552,-340.76,461.44,802.2,0,"	301,776" 
2006-05-01T20:00:00Z,"DECK",2006-10-02T20:00:00Z,Buy,42.49,47.15,5,23.3,2.3554819286533,-41.45,28.1,45.3,1,"	315,356" 
2006-05-01T20:00:00Z,"WSO",2006-10-02T20:00:00Z,Buy,63.16,45.25,4,-71.64,0.50997158193874,-200.88,36.96,94.6,0,"	321,364" 
2006-05-01T20:00:00Z,"PETS",2006-11-01T21:00:00Z,Buy,14.51,12.14,15,-35.55,1.3574251797551,-75.9,82.35,98.85,0,"	319,375" 
2006-05-01T20:00:00Z,"KOMG",2007-02-01T21:00:00Z,Buy,41.65,33.75,5,-39.5,0.51238698548656,-83.55,59.15,83.9,0,"	317,394" 
2006-05-01T20:00:00Z,"DECK",2007-03-01T21:00:00Z,Buy,42.49,68,4,102.04,0.98395614061953,-33.16,102.04,36.24,1,"	315,409" 
2006-05-01T20:00:00Z,"IIIN",2007-04-02T20:00:00Z,Buy,18.6,16.71,24,-45.36,2.9077163171723,-65.04,267,209.04,0,"	316,421" 
2006-05-01T20:00:00Z,"CTR",2007-06-01T20:00:00Z,Buy,22.74,21.83,9,-8.19,1.008005627343,-51.06,31.14,53.1,0,"	314,448" 
2006-05-01T20:00:00Z,"DECK",2007-06-01T20:00:00Z,Buy,42.49,88.1,4,182.44,0.51002503413746,-33.16,182.44,36.24,1,"	315,449" 
2006-05-01T20:00:00Z,"DECK",2007-07-02T20:00:00Z,Buy,42.49,100.96,2,116.94,0.50500297324083,-16.58,116.94,18.12,1,"	315,463" 
2006-05-01T20:00:00Z,"DECK",2007-10-01T20:00:00Z,Buy,42.49,113.19,2,141.4,0.50515578026783,-16.58,141.4,46.86,1,"	315,495" 
2006-05-01T20:00:00Z,"DECK",2007-11-01T20:00:00Z,Buy,42.49,132.75,2,180.52,2.9165196686312,-16.58,207.02,46.86,1,"	315,508" 
2006-05-01T20:00:00Z,"DECK",2008-01-02T21:00:00Z,Buy,42.49,153.88,2,222.78,1.5816975547419,-16.58,244.82,62.5,1,"	315,524" 
2006-05-01T20:00:00Z,"COP",2008-05-01T20:00:00Z,Buy,67.75,86.59,3,56.52,0.50759075291306,-35.16,67.32,57,1,"	318,590" 
2006-05-01T20:00:00Z,"DECK",2008-11-03T21:00:00Z,Buy,42.49,80.65,7,267.12,0.52614801933506,-58.03,856.87,649.53,1,"	315,690" 
2006-05-01T20:00:00Z,"WMK",2013-07-01T20:00:00Z,Buy,41.59,45.44,5,19.25,0.75531780560294,-91.5,26.65,113.55,1,"	320,1403" 
2006-06-01T20:00:00Z,"CRUS",2006-08-01T20:00:00Z,Buy,8.47,6.56,139,-265.49,9.4151685838838,-265.49,0,265.49,0,"	327,340" 
2006-06-01T20:00:00Z,"GCO",2006-09-01T20:00:00Z,Buy,36.01,27.4,7,-60.27,0.51801529445397,-68.25,53.69,75.04,0,"	328,348" 
2006-06-01T20:00:00Z,"MLR",2006-10-02T20:00:00Z,Buy,20.04,18.03,58,-116.58,1.2915043845156,-196.04,67.28,263.32,0,"	329,360" 
2006-06-01T20:00:00Z,"PETS",2006-11-01T21:00:00Z,Buy,13.16,12.14,18,-18.36,1.2296958745248,-66.78,123.12,82.62,0,"	330,375" 
2006-06-01T20:00:00Z,"RSC",2007-05-01T20:00:00Z,Buy,14.83,16.43,77,123.2,1.3835813286681,-102.41,262.57,248.71,1,"	331,436" 
2006-07-03T17:00:00Z,"TALK",2006-09-01T20:00:00Z,Buy,6.24,5.84,61,-24.4,0.65373182552504,-75.03,354.41,39.04,0,"	338,351" 
2006-07-03T17:00:00Z,"WIRE",2007-03-01T21:00:00Z,Buy,36.5,25.15,32,-363.2,1.2144336678768,-490.88,104.32,595.2,0,"	339,415" 
2006-07-03T17:00:00Z,"AIT",2008-11-03T21:00:00Z,Buy,24.46,19.93,10,-45.3,3.1544179795955,-90,108.5,174,0,"	337,689" 
2006-08-01T20:00:00Z,"GCO",2006-09-01T20:00:00Z,Buy,27.15,27.4,9,2.25,0.5225664942741,-8.01,148.77,21.96,1,"	344,348" 
2006-08-01T20:00:00Z,"WSO",2006-10-02T20:00:00Z,Buy,43.86,45.25,6,8.34,0.51485101580135,-185.52,171.24,23.46,1,"	347,364" 
2006-08-01T20:00:00Z,"KBALB",2006-11-01T21:00:00Z,Buy,17.33,24.56,15,108.45,1.1883244793707,-14.7,117,29.25,1,"	345,374" 
2006-08-01T20:00:00Z,"MCRI",2007-02-01T21:00:00Z,Buy,19.05,24.59,21,116.34,0.55319813829787,-72.45,282.87,55.44,1,"	346,395" 
2006-08-01T20:00:00Z,"KBALB",2007-07-02T20:00:00Z,Buy,17.33,14.01,47,-156.04,0.75,-210.09,403.73,613.82,0,"	345,465" 
2006-09-01T20:00:00Z,"ECOL",2006-10-02T20:00:00Z,Buy,19.79,19.63,11,-1.76,0.72610943243467,-115.5,82.5,13.09,0,"	352,357" 
2006-09-01T20:00:00Z,"STLD",2007-02-01T21:00:00Z,Buy,27.265,39.68,9,111.74,4.0568194428054,-32.85,111.74,39.87,1,"	355,397" 
2006-09-01T20:00:00Z,"LMS",2007-03-01T21:00:00Z,Buy,26.03,29.64,12,43.32,4.7621078087889,-69.6,62.28,84.84,1,"	353,411" 
2006-09-01T20:00:00Z,"LMS",2007-05-01T20:00:00Z,Buy,26.03,26.8,31,23.87,2.375920644892,-179.8,160.89,219.17,1,"	353,433" 
2006-09-01T20:00:00Z,"STLD",2007-05-01T20:00:00Z,Buy,27.265,44.21,31,525.3,0.57732509591514,-113.15,600.32,173.6,1,"	355,437" 
2006-09-01T20:00:00Z,"RS",2009-02-02T21:00:00Z,Buy,32.99,22.21,7,-75.46,0.95487084051991,-142.31,315.91,458.22,0,"	354,736" 
2006-10-02T20:00:00Z,"IVAC",2006-12-01T21:00:00Z,Buy,16.43,27.26,21,227.43,1.2114211309524,-3.36,227.43,39.69,1,"	367,382" 
2006-10-02T20:00:00Z,"ZEUS",2007-02-01T21:00:00Z,Buy,24.54,27.81,11,35.97,0.52713510253317,-34.76,158.73,78.87,1,"	372,398" 
2006-10-02T20:00:00Z,"IVAC",2007-03-01T21:00:00Z,Buy,16.43,25.74,9,83.79,0.52123762376238,-1.44,127.26,53.91,1,"	367,410" 
2006-10-02T20:00:00Z,"PCLN",2007-03-01T21:00:00Z,Buy,36.76,53.16,6,98.4,4.296560560721,0,104.4,15.66,1,"	368,412" 
2006-10-02T20:00:00Z,"TESS",2007-03-01T21:00:00Z,Buy,21.013302758949,26.88,9,52.8,2.3749402449449,-20.76,93.12,42.48,1,"	369,414" 
2006-10-02T20:00:00Z,"TTMI",2007-04-02T20:00:00Z,Buy,11.87,9.44,93,-225.99,4.7999436640596,-226.92,128.34,355.26,0,"	370,424" 
2006-10-02T20:00:00Z,"AEOS",2007-06-01T20:00:00Z,Buy,29.74001487,27.19,37.499981250009,-95.63,0.56365582191781,-616.25,172.5,276,0,"	365,445" 
2006-10-02T20:00:00Z,"EGY",2007-06-01T20:00:00Z,Buy,7.2,4.86,31,-72.54,0.57760778859527,-80.6,89.9,130.82,0,"	366,450" 
2006-10-02T20:00:00Z,"PCLN",2007-07-02T20:00:00Z,Buy,36.76,68.31,4,126.2,1.2106638353634,0,127.92,37.76,1,"	368,468" 
2006-10-02T20:00:00Z,"PCLN",2007-09-04T20:00:00Z,Buy,36.76,82.16,4,181.6,0.50990118100747,0,184.88,37.76,1,"	368,486" 
2006-10-02T20:00:00Z,"TESS",2007-10-01T20:00:00Z,Buy,21.013302758949,15.55,46.500080752577,-254.04,5.0865690697552,-554.9,481.12,1036.02,0,"	369,498" 
2006-10-02T20:00:00Z,"PCLN",2007-12-03T21:00:00Z,Buy,36.76,114.59,5,389.15,4.6662543961659,0,389.15,51.75,1,"	368,516" 
2006-10-02T20:00:00Z,"IVAC",2008-04-01T20:00:00Z,Buy,16.43,13.94,17,-42.33,1.4169045639725,-106.93,240.38,347.31,0,"	367,572" 
2006-10-02T20:00:00Z,"IVAC",2008-06-02T20:00:00Z,Buy,16.43,12.16,18,-76.86,4.9472665906601,-113.22,254.52,367.74,0,"	367,608" 
2006-10-02T20:00:00Z,"VLO",2008-06-02T20:00:00Z,Buy,50.9,52.84,5,9.7,0.51237118413377,-31.7,134.1,165.8,1,"	371,612" 
2006-10-02T20:00:00Z,"PCLN",2008-11-03T21:00:00Z,Buy,36.76,52.29,10,155.3,0.53229004370131,0,1029,904,1,"	368,696" 
2006-11-01T21:00:00Z,"WIRE",2007-03-01T21:00:00Z,Buy,25.93,25.15,11,-8.58,0.52649851356373,-52.47,152.13,52.47,0,"	380,415" 
2006-11-01T21:00:00Z,"IIIN",2007-04-02T20:00:00Z,Buy,17.02,16.71,13,-4.03,1.3981869486905,-14.69,165.16,51.61,0,"	377,421" 
2006-11-01T21:00:00Z,"MTEX",2007-04-02T20:00:00Z,Buy,15.05,15.35,75,22.5,14.511256873831,-119.25,96.75,189.75,1,"	379,422" 
2006-11-01T21:00:00Z,"LMS",2007-05-01T20:00:00Z,Buy,20.91,26.8,10,58.9,0.95955899535385,-6.8,103.1,59,1,"	378,433" 
2006-11-01T21:00:00Z,"ABFS",2007-07-02T20:00:00Z,Buy,40.45,39.4,5,-5.25,1.1397777611721,-49.65,50.5,36.4,0,"	376,462" 
2006-12-01T21:00:00Z,"SYKE",2007-09-04T20:00:00Z,Buy,16.64,16.17,16,-7.52,2.0482396858754,-74.72,73.76,67.2,0,"	387,487" 
2006-12-01T21:00:00Z,"AMWD",2007-11-01T20:00:00Z,Buy,38.35,23.94,31,-446.71,3.2264953620136,-446.71,211.11,657.82,0,"	384,507" 
2006-12-01T21:00:00Z,"MRO",2008-01-02T21:00:00Z,Buy,47.765,61.39,5,68.12,4.5348857500511,-30.25,92.72,85.75,1,"	385,527" 
2006-12-01T21:00:00Z,"MRO",2008-06-02T20:00:00Z,Buy,47.765,51.66,19,74,0.5604328329109,-114.95,352.36,405.84,1,"	385,609" 
2006-12-01T21:00:00Z,"SHOO",2008-10-01T20:00:00Z,Buy,36.53,24.6,6,-71.58,1.2416028943772,-129.3,45.54,146.64,0,"	386,673" 
2007-01-03T21:00:00Z,"ZEUS",2007-02-01T21:00:00Z,Buy,21.66,27.81,10,61.5,0.52441388638413,-2.8,173.1,7.7,1,"	393,398" 
2007-01-03T21:00:00Z,"WIRE",2007-03-01T21:00:00Z,Buy,22,25.15,12,37.8,0.82637933799294,-10.08,213.12,27.6,1,"	392,415" 
2007-02-01T21:00:00Z,"GPI",2007-04-02T20:00:00Z,Buy,53.92,39.82,23,-324.3,1.1162210347571,-325.91,10.81,336.72,0,"	404,420" 
2007-02-01T21:00:00Z,"TTMI",2007-04-02T20:00:00Z,Buy,10.74,9.44,21,-27.3,0.81405753767677,-27.51,52.71,49.98,0,"	408,424" 
2007-02-01T21:00:00Z,"AP",2007-05-01T20:00:00Z,Buy,30.08,36.08,41,246,5.0105032947759,-287.82,284.13,287.82,1,"	399,431" 
2007-02-01T21:00:00Z,"CTR",2007-06-01T20:00:00Z,Buy,22.86,21.83,8.0000224999888,-8.24,1.0216769253323,-46.35,26.72,24.16,0,"	401,448" 
2007-02-01T21:00:00Z,"EGY",2007-06-01T20:00:00Z,Buy,6.47,4.86,37,-59.57,1.6317744968148,-69.19,134.31,86.21,0,"	403,450" 
2007-02-01T21:00:00Z,"SYKE",2007-09-04T20:00:00Z,Buy,15.09,16.17,14,15.12,1.0157033338959,-43.68,86.24,58.8,1,"	407,487" 
2007-02-01T21:00:00Z,"CVX",2007-10-01T20:00:00Z,Buy,74.41,94.5,3,60.27,4.1809789316423,-23.85,61.14,37.86,1,"	402,494" 
2007-02-01T21:00:00Z,"IVAC",2008-06-02T20:00:00Z,Buy,22.55,12.16,11,-114.29,0.82958158686007,-136.51,88.22,224.73,0,"	405,608" 
2007-02-01T21:00:00Z,"SHOO",2008-10-01T20:00:00Z,Buy,30.51,24.6,2.9999181392365,-17.73,1.3830146467575,-46.59,40.83,55.59,0,"	406,673" 
2007-02-01T21:00:00Z,"AIT",2008-11-03T21:00:00Z,Buy,25.09,19.93,9,-46.44,0.52304183673469,-86.67,91.98,156.6,0,"	400,689" 
2007-02-01T21:00:00Z,"CVX",2008-12-01T21:00:00Z,Buy,74.41,72.29,3,-6.36,2.2271555565322,-47.43,85.98,133.41,0,"	402,707" 
2007-02-01T21:00:00Z,"SHOO",2009-05-01T20:00:00Z,Buy,30.51,28.47,5.0000818607635,-10.2,0.53386981645139,-84.7,68.05,99.7,0,"	406,779" 
2007-02-01T21:00:00Z,"CVX",2009-11-02T21:00:00Z,Buy,74.41,76.64,10,22.3,2.2993618944058,-179.4,286.6,466,1,"	402,837" 
2007-02-01T21:00:00Z,"CTR",2010-09-01T20:00:00Z,Buy,22.86,24.08,0.99997750001125,1.22,1.1106195413656,-7.54,3.34,8.87,1,"	401,950" 
2007-03-01T21:00:00Z,"AP",2007-05-01T20:00:00Z,Buy,24.49,36.08,8,92.72,1.2805674130026,-11.44,100.16,11.44,1,"	417,431" 
2007-03-01T21:00:00Z,"KBALB",2007-07-02T20:00:00Z,Buy,21.13,14.01,12,-85.44,1.0577000672256,-99.24,57.48,99.24,0,"	418,465" 
2007-03-01T21:00:00Z,"ABM",2008-01-02T21:00:00Z,Buy,26.83,20.16,47,-313.49,3.6769859143267,-350.15,168.73,518.88,0,"	416,522" 
2007-03-01T21:00:00Z,"ODP",2008-03-03T21:00:00Z,Buy,33.31,11.08,8,-177.84,0.92198395048336,-177.84,89.76,203.76,0,"	419,556" 
2007-04-02T20:00:00Z,"BWS",2007-06-01T20:00:00Z,Buy,28.84001442,29.9,44,46.64,12.950411261783,-112.2,145.64,193.16,1,"	427,447" 
2007-04-02T20:00:00Z,"EGY",2007-06-01T20:00:00Z,Buy,5.08,4.86,58,-12.76,1.4272876222523,-27.84,291.16,60.32,0,"	428,450" 
2007-04-02T20:00:00Z,"ABFS",2007-07-02T20:00:00Z,Buy,35.14,39.4,8,34.08,0.51976933895921,-36.96,123.28,30.48,1,"	425,462" 
2007-04-02T20:00:00Z,"PCCC",2007-07-02T20:00:00Z,Buy,13.82,13.32,18,-9,3.6631813770243,-52.74,22.86,75.6,0,"	429,467" 
2007-04-02T20:00:00Z,"X",2008-01-02T21:00:00Z,Buy,100.94,113.64,2,25.4,3.8799796701852,-40.48,47.9,88.38,1,"	430,528" 
2007-04-02T20:00:00Z,"PCCC",2008-02-01T21:00:00Z,Buy,13.82,11.44,71,-168.98,3.0136038594271,-261.28,117.15,378.43,0,"	429,539" 
2007-04-02T20:00:00Z,"AEIS",2008-03-03T21:00:00Z,Buy,21.3,12.58,16,-139.52,4.1536564651018,-182.72,70.08,252.8,0,"	426,550" 
2007-04-02T20:00:00Z,"AEIS",2008-04-01T20:00:00Z,Buy,21.3,13.68,44,-335.28,6.8852002911199,-502.48,192.72,695.2,0,"	426,568" 
2007-04-02T20:00:00Z,"X",2008-04-01T20:00:00Z,Buy,100.94,132.68,2,63.48,2.255204202888,-40.48,63.48,88.38,1,"	430,577" 
2007-04-02T20:00:00Z,"X",2008-07-01T20:00:00Z,Buy,100.94,175.36,8,595.36,5.9576225874772,-161.92,731.6,353.52,1,"	430,627" 
2007-05-01T20:00:00Z,"AEOS",2007-06-01T20:00:00Z,Buy,29.41,27.19,6.4999426099594,-14.43,1.2061549996945,-104.67,32.04,17.09,0,"	439,445" 
2007-05-01T20:00:00Z,"KBALB",2007-07-02T20:00:00Z,Buy,17.86,14.01,13,-50.05,1.3379337436962,-65,104.78,73.45,0,"	443,465" 
2007-05-01T20:00:00Z,"DLTR",2007-09-04T20:00:00Z,Buy,38.97,43.24,5,21.35,3.9969810311608,-15.4,33,48.4,1,"	441,484" 
2007-05-01T20:00:00Z,"AMWD",2007-11-01T20:00:00Z,Buy,35.14,23.94,7,-78.4,0.77245064508907,-78.4,70.14,98.42,0,"	440,507" 
2007-05-01T20:00:00Z,"GIII",2008-01-02T21:00:00Z,Buy,17.59,13.59,74,-296,7.9821658784501,-401.08,325.6,726.68,0,"	442,525" 
2007-05-01T20:00:00Z,"DLTR",2008-06-02T20:00:00Z,Buy,38.97,36.42,7,-17.85,0.51727235772358,-123.69,46.2,169.89,0,"	441,607" 
2007-05-01T20:00:00Z,"MOV",2008-10-01T20:00:00Z,Buy,32.64,21.63,11,-121.11,4.2476679184459,-166.65,22.99,189.64,0,"	444,670" 
2007-05-01T20:00:00Z,"DLTR",2008-11-03T21:00:00Z,Buy,38.97,38.01,11,-10.56,2.1781092214754,-194.37,72.6,266.97,0,"	441,691" 
2007-05-01T20:00:00Z,"DLTR",2009-02-02T21:00:00Z,Buy,38.97,42.8,5,19.15,1.4123054262284,-88.35,33,121.35,1,"	441,732" 
2007-05-01T20:00:00Z,"MOV",2009-02-02T21:00:00Z,Buy,32.64,7.66,28,-699.44,5.135213658479,-728.28,58.52,786.8,0,"	444,735" 
2007-05-01T20:00:00Z,"DLTR",2010-02-01T21:00:00Z,Buy,38.97,49.97,5,55,2.3393155030277,-88.35,61.8,121.35,1,"	441,876" 
2007-05-01T20:00:00Z,"AEOS",2014-01-02T21:00:00Z,Buy,29.41,14.73,0.50005739004059,-7.34,8.301008222508,-8.09,2.47,8.19,0,"	439,1492" 
2007-06-01T20:00:00Z,"KBALB",2007-07-02T20:00:00Z,Buy,13.91,14.01,28,2.8,0.57133333333333,-29.4,336.28,50.4,1,"	454,465" 
2007-06-01T20:00:00Z,"MSTR",2007-07-02T20:00:00Z,Buy,103.96,94.59,3,-28.11,0.50751011365825,-150.03,85.32,30.66,0,"	456,466" 
2007-06-01T20:00:00Z,"CMI",2007-08-01T20:00:00Z,Buy,94.1,120.05,4,103.8,2.7236765646742,-2.68,103.8,36.92,1,"	452,474" 
2007-06-01T20:00:00Z,"UCTT",2007-09-04T20:00:00Z,Buy,13.97,15.01,15,15.6,4.4845756199093,-18,23.7,29.4,1,"	461,488" 
2007-06-01T20:00:00Z,"SCVL",2007-10-01T20:00:00Z,Buy,29.91,15.79,8,-112.96,0.52043032786885,-127.36,42.4,122.24,0,"	459,497" 
2007-06-01T20:00:00Z,"TESS",2007-10-01T20:00:00Z,Buy,24.9,15.55,8,-74.8,0.51990407673861,-126.56,51.68,127.28,0,"	460,498" 
2007-06-01T20:00:00Z,"UCTT",2007-12-03T21:00:00Z,Buy,13.97,13.8,83,-14.11,0.74248434237996,-125.33,216.63,341.96,0,"	461,518" 
2007-06-01T20:00:00Z,"MAT",2008-02-01T21:00:00Z,Buy,28.35,21.3,48,-338.4,6.4307293977768,-561.12,0,561.12,0,"	455,537" 
2007-06-01T20:00:00Z,"NVR",2008-02-01T21:00:00Z,Buy,779,654.99,1,-124.01,1.005072201614,-365.82,0,365.82,0,"	457,538" 
2007-06-01T20:00:00Z,"PCCC",2008-02-01T21:00:00Z,Buy,11.89,11.44,29,-13.05,0.57469887348354,-50.75,103.82,154.57,0,"	458,539" 
2007-06-01T20:00:00Z,"IVAC",2008-06-02T20:00:00Z,Buy,19.2,12.16,24,-168.96,2.4302166835655,-217.44,272.88,293.52,0,"	453,608" 
2007-06-01T20:00:00Z,"CMI",2008-12-01T21:00:00Z,Buy,47.05,22.53,20,-490.4,5.4823203749494,-584.2,537.8,1122,0,"	452,708" 
2007-07-02T20:00:00Z,"BW",2007-09-04T20:00:00Z,Buy,42.86,48.14,6,31.68,4.4687758012527,-36.36,31.8,60,1,"	469,483" 
2007-07-02T20:00:00Z,"TESS",2007-10-01T20:00:00Z,Buy,19.93,15.55,13.499919247423,-59.13,2.2675028451386,-146.47,154.3,152.95,0,"	472,498" 
2007-07-02T20:00:00Z,"BW",2008-03-03T21:00:00Z,Buy,42.86,26.82,25,-401,8.1327549243091,-444,388.5,832.5,0,"	469,551" 
2007-07-02T20:00:00Z,"ODP",2008-03-03T21:00:00Z,Buy,30.78,11.08,7,-137.9,0.51778309673159,-137.9,96.25,139.09,0,"	471,556" 
2007-07-02T20:00:00Z,"HHGP",2008-04-01T20:00:00Z,Buy,21.56,8.96,62,-781.2,14.82679813897,-949.84,69.44,1019.28,0,"	470,570" 
2007-07-02T20:00:00Z,"USMO",2008-04-01T20:00:00Z,Buy,26.46,7.45,49,-931.49,1.40284937069,-964.81,82.32,1047.13,0,"	473,576" 
2007-07-02T20:00:00Z,"TESS",2010-04-01T20:00:00Z,Buy,19.93,23.25,0.50008075257712,1.66,0.52225116971501,-5.43,5.72,5.67,1,"	472,897" 
2007-08-01T20:00:00Z,"SCVL",2007-10-01T20:00:00Z,Buy,22.29,15.79,10,-65,0.52543359196714,-83,129.2,74.3,0,"	480,497" 
2007-08-01T20:00:00Z,"JAKK",2008-03-03T21:00:00Z,Buy,24.16,28.4,12,50.88,2.4765725312374,-50.04,56.28,86.64,1,"	478,553" 
2007-08-01T20:00:00Z,"HHGP",2008-04-01T20:00:00Z,Buy,16.35,8.96,13,-96.07,0.53220454545455,-131.43,82.29,131.43,0,"	477,570" 
2007-08-01T20:00:00Z,"NVR",2008-04-01T20:00:00Z,Buy,600,624.6,1,24.6,1.0051873562715,-186.82,179,208.82,1,"	479,573" 
2007-08-01T20:00:00Z,"JAKK",2008-11-03T21:00:00Z,Buy,24.16,21.48,11,-29.48,0.52640590075995,-62.48,64.13,126.61,0,"	478,693" 
2007-08-01T20:00:00Z,"JAKK",2009-04-01T20:00:00Z,Buy,24.16,12.65,29,-333.79,4.2076468059353,-402.52,169.07,571.59,0,"	478,762" 
2007-09-04T20:00:00Z,"SCVL",2007-10-01T20:00:00Z,Buy,17.7,15.79,16,-30.56,0.54104347826087,-59.36,280.16,45.44,0,"	490,497" 
2007-09-04T20:00:00Z,"AEIS",2008-04-01T20:00:00Z,Buy,16.26,13.68,17,-43.86,0.54257855822551,-108.46,160.14,126.31,0,"	489,568" 
2007-09-04T20:00:00Z,"USMO",2008-04-01T20:00:00Z,Buy,18.64,7.45,18,-201.42,0.54546341463415,-213.66,171,213.66,0,"	493,576" 
2007-09-04T20:00:00Z,"UAUA",2008-05-01T20:00:00Z,Buy,47.85,16.1,26,-825.5,6.2286576631514,-891.8,94.64,986.44,0,"	492,592" 
2007-09-04T20:00:00Z,"SHOO",2009-05-01T20:00:00Z,Buy,24.2,28.47,8.9999181392365,38.43,0.52211616571893,-95.67,179.28,133.2,1,"	491,779" 
2007-09-04T20:00:00Z,"SHOO",2010-05-03T20:00:00Z,Buy,16.133360558358,40.08,0.00012279093803737,0,0.51210144927536,0,0,0,0,"	491,911" 
2007-10-01T20:00:00Z,"AMWD",2007-11-01T20:00:00Z,Buy,26.19,23.94,12,-27,1.6830939361969,-27,227.64,33.84,0,"	501,507" 
2007-10-01T20:00:00Z,"ABM",2008-01-02T21:00:00Z,Buy,20.43,20.16,16,-4.32,0.54102409638554,-16.8,159.84,75.52,0,"	500,522" 
2007-10-01T20:00:00Z,"ODP",2008-03-03T21:00:00Z,Buy,20.92,11.08,17,-167.28,0.54309743092584,-167.28,401.37,194.48,0,"	504,556" 
2007-10-01T20:00:00Z,"HHGP",2008-04-01T20:00:00Z,Buy,13.73,8.96,24,-114.48,0.56471327572663,-179.76,214.8,205.44,0,"	502,570" 
2007-10-01T20:00:00Z,"HOC",2008-05-01T20:00:00Z,Buy,60.91,41.73,4,-76.72,0.51016182849516,-202.34,75.84,107,0,"	503,587" 
2007-10-01T20:00:00Z,"VLGEA",2008-10-01T20:00:00Z,Buy,52.12,47.77,9,-39.15,7.69484410879,-130.77,35.82,166.59,0,"	506,675" 
2007-10-01T20:00:00Z,"VLGEA",2008-12-01T21:00:00Z,Buy,52.12,46.47,6,-33.9,2.8189753552972,-87.18,23.88,111.06,0,"	506,712" 
2007-10-01T20:00:00Z,"VLGEA",2009-04-01T20:00:00Z,Buy,26.06,31.74,7,39.76,0.51782001924928,-50.86,45.08,64.78,1,"	506,767" 
2007-10-01T20:00:00Z,"VLGEA",2010-02-01T21:00:00Z,Buy,26.06,26.13,11,0.77,2.8923648776166,-79.92,72.05,101.8,1,"	506,878" 
2007-10-01T20:00:00Z,"SHOO",2010-05-03T20:00:00Z,Buy,12.753354854603,40.08,6.999877209062,191.28,0.54037994722955,-25.95,191.28,69.07,1,"	505,911" 
2007-10-01T20:00:00Z,"SHOO",2010-08-02T20:00:00Z,Buy,12.753354854603,39.02,6,157.6,0.89809938192057,-22.24,163.96,59.2,1,"	505,944" 
2007-10-01T20:00:00Z,"SHOO",2011-05-02T20:00:00Z,Buy,12.753354854603,52.64,5,199.43,0.87419214724968,-18.53,201.98,49.33,1,"	505,1055" 
2007-10-01T20:00:00Z,"SHOO",2011-09-01T20:00:00Z,Buy,8.5022370479864,34.96,6,158.75,0.51451827242525,-14.83,195.11,60.66,1,"	505,1111" 
2007-10-01T20:00:00Z,"SHOO",2012-08-01T20:00:00Z,Buy,8.5022370479864,39.41,3.0001229301976,92.73,0.62184640118724,-7.41,109.74,40.17,1,"	505,1236" 
2007-11-01T20:00:00Z,"UCTT",2007-12-03T21:00:00Z,Buy,12.52,13.8,18,23.04,0.5438785046729,-1.08,73.08,15.84,1,"	514,518" 
2007-11-01T20:00:00Z,"CALM",2008-01-02T21:00:00Z,Buy,22.86,25.99,9,28.17,10.349073267956,-14.76,40.14,25.74,1,"	511,523" 
2007-11-01T20:00:00Z,"MAT",2008-02-01T21:00:00Z,Buy,20.53,21.3,14,10.78,0.53439684059359,-54.18,109.48,64.96,1,"	512,537" 
2007-11-01T20:00:00Z,"CALM",2008-03-03T21:00:00Z,Buy,22.86,32.68,12,117.84,0.52841739130435,-19.68,153.96,69.24,1,"	511,552" 
2007-11-01T20:00:00Z,"SCHN",2008-04-01T20:00:00Z,Buy,64.07,73.18,4,36.44,11.096881379023,-64.84,36.44,86.36,1,"	513,575" 
2007-11-01T20:00:00Z,"USMO",2008-04-01T20:00:00Z,Buy,16.33,7.45,16,-142.08,1.7307621239144,-152.96,188.96,156.48,0,"	515,576" 
2007-11-01T20:00:00Z,"SCHN",2008-06-02T20:00:00Z,Buy,64.07,100.92,3,110.55,0.5075584182145,-48.63,110.55,64.77,1,"	513,611" 
2007-11-01T20:00:00Z,"SCHN",2008-07-01T20:00:00Z,Buy,64.07,114.56,2,100.98,1.3422467282115,-32.42,101.06,43.18,1,"	513,626" 
2007-11-01T20:00:00Z,"CALM",2008-08-01T20:00:00Z,Buy,22.86,38.98,8,128.96,2.4328984456397,-13.12,136.32,99.04,1,"	511,636" 
2007-11-01T20:00:00Z,"CALM",2008-10-01T20:00:00Z,Buy,22.86,27.42,25,114,3.8623105675453,-41,619.75,532.25,1,"	511,664" 
2007-11-01T20:00:00Z,"SCHN",2009-01-02T21:00:00Z,Buy,64.07,40.18,10,-238.9,2.6167009906511,-474.9,505.3,980.2,0,"	513,724" 
2007-12-03T21:00:00Z,"HOFT",2008-01-02T21:00:00Z,Buy,17.06,19.62,12,30.72,4.3121154504399,-0.72,55.68,24.96,1,"	521,526" 
2007-12-03T21:00:00Z,"HHGP",2008-04-01T20:00:00Z,Buy,8.68,8.96,35,9.8,0.58524130190797,-85.4,490,105.7,1,"	520,570" 
2007-12-03T21:00:00Z,"HOFT",2008-04-01T20:00:00Z,Buy,17.06,23.5,9,57.96,0.52366830796777,-0.54,60.3,33.12,1,"	521,571" 
2007-12-03T21:00:00Z,"HOFT",2008-10-01T20:00:00Z,Buy,17.06,16.94,13,-1.56,1.8909909749159,-14.82,87.1,101.92,0,"	521,668" 
2007-12-03T21:00:00Z,"HOFT",2009-02-02T21:00:00Z,Buy,17.06,8.09,37,-331.89,8.7788392271408,-408.48,247.9,656.38,0,"	521,733" 
2007-12-03T21:00:00Z,"DLTR",2010-02-01T21:00:00Z,Buy,29.42,49.97,13,267.15,0.53336182833217,-105.56,284.83,133.38,1,"	519,876" 
2008-01-02T21:00:00Z,"BW",2008-03-03T21:00:00Z,Buy,37.56,26.82,7,-75.18,0.51766935483871,-87.22,145.88,87.22,0,"	529,551" 
2008-01-02T21:00:00Z,"ODP",2008-03-03T21:00:00Z,Buy,13.51,11.08,25,-60.75,0.56083393371758,-60.75,775.5,108,0,"	533,556" 
2008-01-02T21:00:00Z,"IMMR",2008-05-01T20:00:00Z,Buy,13.04,11.06,92,-182.16,4.4274957105132,-591.56,0,591.56,0,"	530,588" 
2008-01-02T21:00:00Z,"PCU",2008-05-01T20:00:00Z,Buy,106.5,110,2,7,0.5050598631699,-171.36,70.04,56.7,1,"	534,591" 
2008-01-02T21:00:00Z,"UAUA",2008-05-01T20:00:00Z,Buy,31.99,16.1,7,-111.23,0.51569896242288,-129.08,136.5,193.13,0,"	535,592" 
2008-01-02T21:00:00Z,"NVTL",2008-06-02T20:00:00Z,Buy,15.28,10.19,74,-376.66,8.9395421220349,-556.48,71.78,628.26,0,"	532,610" 
2008-01-02T21:00:00Z,"MOV",2009-02-02T21:00:00Z,Buy,24.01,7.66,8,-130.8,0.51898023715415,-139.04,85.76,155.2,0,"	531,735" 
2008-02-01T21:00:00Z,"BW",2008-03-03T21:00:00Z,Buy,30.31,26.82,7,-24.43,0.51852689486553,-36.47,196.63,38.99,0,"	541,551" 
2008-02-01T21:00:00Z,"TWIN",2008-03-03T21:00:00Z,Buy,16.67,20.11,75,258,4.8488268765895,-53.25,348,90,1,"	549,558" 
2008-02-01T21:00:00Z,"AEIS",2008-04-01T20:00:00Z,Buy,12.25,13.68,28,40.04,2.2383000855101,-66.36,376.04,33.04,1,"	540,568" 
2008-02-01T21:00:00Z,"HHGP",2008-04-01T20:00:00Z,Buy,7.21,8.96,33,57.75,2.2647921588166,-32.01,510.51,38.61,1,"	543,570" 
2008-02-01T21:00:00Z,"IMMR",2008-05-01T20:00:00Z,Buy,9.78,11.06,24,30.72,0.55987755102041,-76.08,78.24,87.6,1,"	544,588" 
2008-02-01T21:00:00Z,"IVAC",2008-06-02T20:00:00Z,Buy,11.44,12.16,34,24.48,2.2413545116624,-44.2,650.42,202.64,1,"	545,608" 
2008-02-01T21:00:00Z,"MRO",2008-06-02T20:00:00Z,Buy,49.05,51.66,5,13.05,0.51303134962806,-36.68,86.3,47.4,1,"	547,609" 
2008-02-01T21:00:00Z,"DECK",2008-11-03T21:00:00Z,Buy,122.08,80.65,2,-82.86,2.0311542715756,-175.76,85.64,142.54,0,"	542,690" 
2008-02-01T21:00:00Z,"MEI",2009-02-02T21:00:00Z,Buy,12.91,4.9,94,-752.94,6.8977045727795,-778.32,47.94,826.26,0,"	546,734" 
2008-02-01T21:00:00Z,"SHOO",2012-08-01T20:00:00Z,Buy,7.8800137407631,39.41,31.499945071918,993.19,0.5363532513181,-58.24,1171.8,421.78,1,"	548,1236" 
2008-03-03T21:00:00Z,"USMO",2008-04-01T20:00:00Z,Buy,10.42,7.45,25,-74.25,1.7307836693952,-91.25,443,101.75,0,"	565,576" 
2008-03-03T21:00:00Z,"AMED",2008-05-01T20:00:00Z,Buy,43.05,52.34,26,241.54,1.1310878446068,-158.34,241.54,158.34,1,"	559,586" 
2008-03-03T21:00:00Z,"KAMN",2008-05-01T20:00:00Z,Buy,23.57,27.67,47,192.7,7.6827531175952,-2.35,290.46,125.02,1,"	561,589" 
2008-03-03T21:00:00Z,"NVTL",2008-06-02T20:00:00Z,Buy,10.64,10.19,34,-15.3,0.5854820415879,-97.92,190.74,108.8,0,"	564,610" 
2008-03-03T21:00:00Z,"NVR",2008-10-01T20:00:00Z,Buy,536.2,597.55,1,61.35,1.0050484371354,-123.02,242.8,205.44,1,"	563,671" 
2008-03-03T21:00:00Z,"XOM",2008-12-01T21:00:00Z,Buy,87.84,74.65,3,-39.57,2.4595197386868,-78.51,20.22,98.73,0,"	566,714" 
2008-03-03T21:00:00Z,"MOV",2009-02-02T21:00:00Z,Buy,19.72,7.66,12,-144.72,0.53060527677186,-157.08,180.12,226.92,0,"	562,735" 
2008-03-03T21:00:00Z,"B",2009-05-01T20:00:00Z,Buy,22.25,13.91,11,-91.74,2.7996639264713,-156.75,158.4,264,0,"	560,776" 
2008-03-03T21:00:00Z,"XOM",2009-11-02T21:00:00Z,Buy,87.84,72.15,10,-156.9,2.2803924264315,-261.7,67.4,329.1,0,"	566,841" 
2008-04-01T20:00:00Z,"HOC",2008-05-01T20:00:00Z,Buy,46.17,41.73,5,-22.2,1.6140088318673,-179.22,168.5,35.65,0,"	579,587" 
2008-04-01T20:00:00Z,"IMMR",2008-05-01T20:00:00Z,Buy,6.98,11.06,43,175.44,2.8517560700112,-15.91,260.58,31.39,1,"	580,588" 
2008-04-01T20:00:00Z,"UAUA",2008-05-01T20:00:00Z,Buy,23.13,16.1,19,-133.57,0.55102995819786,-182.02,538.84,191.14,0,"	582,592" 
2008-04-01T20:00:00Z,"VLO",2008-06-02T20:00:00Z,Buy,51.87,52.84,5,4.85,1.4619362086563,-36.55,129.25,44.85,1,"	583,612" 
2008-04-01T20:00:00Z,"WDC",2008-06-02T20:00:00Z,Buy,27.92,37.07,9,82.35,1.1307512780564,-8.28,86.04,25.92,1,"	584,613" 
2008-04-01T20:00:00Z,"ZEUS",2008-06-02T20:00:00Z,Buy,45.94,62.23,6,97.74,2.4864417051211,-6.3,114.24,18,1,"	585,614" 
2008-04-01T20:00:00Z,"LXU",2008-07-01T20:00:00Z,Buy,15.08,19.19,16,65.76,1.901805384686,-17.76,90.08,37.28,1,"	581,624" 
2008-04-01T20:00:00Z,"ZEUS",2008-07-01T20:00:00Z,Buy,45.94,70.47,3,73.59,0.50696160432034,-3.15,89.94,16.35,1,"	585,628" 
2008-04-01T20:00:00Z,"LXU",2008-09-02T20:00:00Z,Buy,15.08,22.81,9,69.57,1.855508002306,-9.99,80.37,31.59,1,"	581,656" 
2008-04-01T20:00:00Z,"FSTR",2008-11-03T21:00:00Z,Buy,44.97,28.28,26,-433.94,22.172639317726,-637.26,77.74,715,0,"	578,692" 
2008-04-01T20:00:00Z,"LXU",2008-11-03T21:00:00Z,Buy,15.08,8.39,52,-347.88,0.69951829268293,-404.04,464.36,868.4,0,"	581,694" 
2008-04-01T20:00:00Z,"WDC",2009-02-02T21:00:00Z,Buy,27.92,15.52,14,-173.6,2.4534946103616,-251.86,168.7,420.56,0,"	584,737" 
2008-04-01T20:00:00Z,"WDC",2009-04-01T20:00:00Z,Buy,27.92,19.91,12,-96.12,1.1903991986298,-215.88,144.6,360.48,0,"	584,768" 
2008-04-01T20:00:00Z,"ZEUS",2009-06-01T20:00:00Z,Buy,45.94,19.69,16,-420,0.65199485373781,-563.04,479.68,1042.72,0,"	585,794" 
2008-04-01T20:00:00Z,"WDC",2009-08-03T20:00:00Z,Buy,27.92,31.34,7,23.94,0.5181305785124,-125.93,84.35,210.28,1,"	584,814" 
2008-05-01T20:00:00Z,"NVTL",2008-06-02T20:00:00Z,Buy,9.14,10.19,25,26.25,0.56404147982063,-34.5,177.75,18.75,1,"	603,610" 
2008-05-01T20:00:00Z,"AZZ",2008-07-01T20:00:00Z,Buy,27.56,44.06,14,231,7.5362605701351,-0.7,231,47.18,1,"	596,621" 
2008-05-01T20:00:00Z,"GHM",2008-07-01T20:00:00Z,Buy,58.23,76.63,4,73.6,1.061010600805,-12.56,73.6,48.56,1,"	600,623" 
2008-05-01T20:00:00Z,"AZZ",2008-08-01T20:00:00Z,Buy,27.56,46.14,30,557.4,7.9307307230837,-1.5,588.3,166.2,1,"	596,635" 
2008-05-01T20:00:00Z,"CUB",2008-08-01T20:00:00Z,Buy,27.74,26.9,43,-36.12,6.1260482474411,-272.19,37.41,309.6,0,"	598,638" 
2008-05-01T20:00:00Z,"GHM",2008-08-01T20:00:00Z,Buy,58.23,101.97,16,699.84,0.54532,-50.24,699.84,241.6,1,"	600,640" 
2008-05-01T20:00:00Z,"TNC",2008-09-02T20:00:00Z,Buy,35.3,31.28,34,-136.68,9.5249450990488,-353.94,17.34,371.28,0,"	604,657" 
2008-05-01T20:00:00Z,"CALM",2008-10-01T20:00:00Z,Buy,30.79,27.42,7,-23.59,0.51823434856176,-66.99,118.02,149.03,0,"	597,664" 
2008-05-01T20:00:00Z,"K",2008-10-01T20:00:00Z,Buy,52.43,56.55,4,16.48,2.2100942297523,-17.84,19.64,17.84,1,"	602,669" 
2008-05-01T20:00:00Z,"AIT",2008-11-03T21:00:00Z,Buy,24.25,19.93,9.0000194999903,-38.88,1.651795787421,-79.11,99.54,115.56,0,"	595,689" 
2008-05-01T20:00:00Z,"FSTR",2008-11-03T21:00:00Z,Buy,33.39,28.28,11,-56.21,3.4872169019892,-142.23,160.27,208.12,0,"	599,692" 
2008-05-01T20:00:00Z,"AAON",2008-12-01T21:00:00Z,Buy,19.08,17.3,22,-39.16,1.2214615713542,-135.52,84.48,220,0,"	593,706" 
2008-05-01T20:00:00Z,"JAKK",2009-04-01T20:00:00Z,Buy,23.79,12.65,10,-111.4,0.52531928480204,-135.1,62,166.7,0,"	601,762" 
2008-05-01T20:00:00Z,"ANK",2009-07-01T20:00:00Z,Buy,33.25,39.86,14,92.54,1.1369774062203,-270.2,99.68,293.72,1,"	594,805" 
2008-05-01T20:00:00Z,"ANK",2009-10-01T20:00:00Z,Buy,33.25,48.96,4,62.84,1.4853243210372,-77.2,88.92,83.92,1,"	594,826" 
2008-05-01T20:00:00Z,"AAON",2009-12-01T21:00:00Z,Buy,19.08,19.03,43,-2.15,1.7956717537633,-264.88,165.12,430,0,"	593,849" 
2008-05-01T20:00:00Z,"ANK",2010-07-01T20:00:00Z,Buy,33.25,40.16,20,138.2,0.56563680387409,-386,499.4,419.6,1,"	594,936" 
2008-05-01T20:00:00Z,"K",2011-10-03T20:00:00Z,Buy,52.43,52.88,4,1.8,0.50994171836811,-66.2,20.52,85.84,1,"	602,1120" 
2008-05-01T20:00:00Z,"AIT",2011-12-01T21:00:00Z,Buy,24.25,34.3,0.99998050000975,10.05,1.3798440170419,-8.79,12.18,12.84,1,"	595,1139" 
2008-05-01T20:00:00Z,"K",2012-10-01T20:00:00Z,Buy,52.43,51.93,15,-7.5,1.5108310879146,-248.25,76.95,321.9,0,"	602,1260" 
2008-05-01T20:00:00Z,"WMK",2013-07-01T20:00:00Z,Buy,30.37,45.44,9,135.63,0.52227265319426,-63.72,148.95,146.79,1,"	605,1403" 
2008-06-02T20:00:00Z,"CF",2008-08-01T20:00:00Z,Buy,139.39,162.66,2,46.54,7.7595528470153,-0.34,60.26,60.6,1,"	615,637" 
2008-06-02T20:00:00Z,"DCO",2008-08-01T20:00:00Z,Buy,30.54,27.21,8,-26.64,6.577045260242,-72.4,0,72.4,0,"	616,639" 
2008-06-02T20:00:00Z,"DCO",2008-10-01T20:00:00Z,Buy,30.54,22.9,32,-244.48,0.60770275919732,-310.4,0,310.4,0,"	616,666" 
2008-06-02T20:00:00Z,"PCU",2008-10-01T20:00:00Z,Buy,36.583296934036,18.35,33.000032834023,-601.7,5.7910284060106,-601.7,31.13,632.83,0,"	620,672" 
2008-06-02T20:00:00Z,"HOFT",2009-02-02T21:00:00Z,Buy,20.03,8.09,12,-143.28,1.824717640065,-168.12,44.76,178.68,0,"	617,733" 
2008-06-02T20:00:00Z,"CF",2009-03-02T21:00:00Z,Buy,139.39,58.99,7,-562.8,0.53432844506518,-699.37,210.91,910.28,0,"	615,745" 
2008-06-02T20:00:00Z,"NVR",2009-04-01T20:00:00Z,Buy,558.44,430.02,1,-128.42,5.8403169307042,-238.4,220.56,314.44,0,"	618,764" 
2008-06-02T20:00:00Z,"OXY",2009-06-01T20:00:00Z,Buy,92.58,69.33,13,-302.25,4.8954548509775,-676.39,10.66,687.05,0,"	619,792" 
2008-07-01T20:00:00Z,"CUB",2008-08-01T20:00:00Z,Buy,22.01,26.9,12,58.68,0.52955684870188,-7.2,79.2,9.6,1,"	630,638" 
2008-07-01T20:00:00Z,"DCO",2008-10-01T20:00:00Z,Buy,23.21,22.9,13,-4.03,1.5115761148132,-30.81,95.29,115.57,0,"	631,666" 
2008-07-01T20:00:00Z,"UACL",2008-10-01T20:00:00Z,Buy,22.31,23.55,11,13.64,6.159460662577,-18.48,60.94,64.35,1,"	633,674" 
2008-07-01T20:00:00Z,"UACL",2008-12-01T21:00:00Z,Buy,22.31,16,13,-82.03,0.52882483370288,-128.83,72.02,200.85,0,"	633,711" 
2008-07-01T20:00:00Z,"MEI",2009-02-02T21:00:00Z,Buy,10.44,4.9,23,-127.42,1.8862115634321,-133.63,68.54,202.17,0,"	632,734" 
2008-07-01T20:00:00Z,"B",2009-05-01T20:00:00Z,Buy,23.6,13.91,14,-135.66,1.2648599885498,-218.4,182.7,239.26,0,"	629,776" 
2008-07-01T20:00:00Z,"UACL",2009-12-01T21:00:00Z,Buy,22.31,16.13,31,-191.58,5.9271924474316,-365.8,171.74,537.54,0,"	633,855" 
2008-07-01T20:00:00Z,"VLGEA",2010-02-01T21:00:00Z,Buy,19.48,26.13,14,93.1,0.90850817528073,-9.59,183.82,92.54,1,"	634,878" 
2008-08-01T20:00:00Z,"TNC",2008-09-02T20:00:00Z,Buy,26.37,31.28,13,63.83,1.2204587466118,-19.24,122.72,14.56,1,"	653,657" 
2008-08-01T20:00:00Z,"CMC",2008-10-01T20:00:00Z,Buy,28.52,16.28,9,-110.16,2.4219673710633,-147.78,97.92,113.4,0,"	643,665" 
2008-08-01T20:00:00Z,"PCU",2008-10-01T20:00:00Z,Buy,25.97,18.35,10.999967165977,-83.82,0.52565283764368,-83.82,127.12,87.89,0,"	648,672" 
2008-08-01T20:00:00Z,"DECK",2008-11-03T21:00:00Z,Buy,105.49,80.65,2,-49.68,0.5046664602318,-142.58,118.82,106.5,0,"	644,690" 
2008-08-01T20:00:00Z,"NUE",2008-11-03T21:00:00Z,Buy,53.69,37.93,4,-63.04,2.5747547823683,-123.42,112.8,103.56,0,"	646,695" 
2008-08-01T20:00:00Z,"SCHN",2009-01-02T21:00:00Z,Buy,83.45,40.18,3,-129.81,0.50693567154255,-200.61,93.45,200.61,0,"	651,724" 
2008-08-01T20:00:00Z,"HOFT",2009-02-02T21:00:00Z,Buy,16.96,8.09,12,-106.44,1.7712400364381,-131.28,81.6,165.96,0,"	645,733" 
2008-08-01T20:00:00Z,"RS",2009-02-02T21:00:00Z,Buy,60.83,22.21,4,-154.48,2.603000011874,-192.68,69.16,192.68,0,"	650,736" 
2008-08-01T20:00:00Z,"COP",2009-03-02T21:00:00Z,Buy,81.14,35.15,15,-689.85,5.5455267412807,-689.85,57.9,747.75,0,"	647,748" 
2008-08-01T20:00:00Z,"SKX",2009-04-01T20:00:00Z,Buy,18.96,6.91,65,-783.25,8.8860720442957,-888.55,123.5,1012.05,0,"	652,765" 
2008-08-01T20:00:00Z,"PTEN",2009-06-01T20:00:00Z,Buy,28.8,15.23,43,-583.51,14.707262305284,-909.02,32.25,941.27,0,"	649,793" 
2008-08-01T20:00:00Z,"ZEUS",2009-06-01T20:00:00Z,Buy,51.62,19.69,8,-255.44,1.9507118674685,-326.96,194.4,349.12,0,"	655,794" 
2008-08-01T20:00:00Z,"WDC",2010-01-04T21:00:00Z,Buy,28.61,45.29,8,133.44,1.0453813859326,-149.44,133.44,156.24,1,"	654,869" 
2008-08-01T20:00:00Z,"WDC",2010-11-01T20:00:00Z,Buy,28.61,32.62,2,8.02,4.6379481518305,-37.36,35.72,45.7,1,"	654,981" 
2008-09-02T20:00:00Z,"PCLN",2008-11-03T21:00:00Z,Buy,97.6,52.29,3,-135.93,2.7473773254447,-182.52,126.18,145.02,0,"	660,696" 
2008-09-02T20:00:00Z,"SCHN",2009-01-02T21:00:00Z,Buy,64.15,40.18,5,-119.85,0.5117216050285,-237.85,252.25,237.85,0,"	661,724" 
2008-09-02T20:00:00Z,"EXPO",2009-10-01T20:00:00Z,Buy,30,27.54,7,-17.22,1.4637440125214,-164.85,49.14,98.56,0,"	659,829" 
2008-09-02T20:00:00Z,"DMLP",2009-11-02T21:00:00Z,Buy,26.3,22.15,45,-186.75,1.2180650473819,-529.65,78.75,608.4,0,"	658,838" 
2008-10-01T20:00:00Z,"LXU",2008-11-03T21:00:00Z,Buy,14.35,8.39,26,-154.96,2.2649398732597,-183.04,251.16,183.04,0,"	681,694" 
2008-10-01T20:00:00Z,"NUE",2008-11-03T21:00:00Z,Buy,38.6,37.93,6,-4.02,2.4927354100463,-94.59,259.74,66.06,0,"	682,695" 
2008-10-01T20:00:00Z,"CMI",2008-12-01T21:00:00Z,Buy,42.8,22.53,5,-101.35,0.51223136716964,-124.8,155.7,124.8,0,"	679,708" 
2008-10-01T20:00:00Z,"CRMT",2009-01-02T21:00:00Z,Buy,18.56,13.73,25.500017249991,-123.17,4.5167328026781,-287.13,175.95,287.13,0,"	678,723" 
2008-10-01T20:00:00Z,"SCHN",2009-01-02T21:00:00Z,Buy,37.63,40.18,9,22.95,1.2700190014508,-189.45,692.73,189.45,1,"	685,724" 
2008-10-01T20:00:00Z,"RS",2009-02-02T21:00:00Z,Buy,36.86,22.21,9,-131.85,2.6645976136477,-217.8,371.34,217.8,0,"	684,736" 
2008-10-01T20:00:00Z,"CF",2009-03-02T21:00:00Z,Buy,88.75,58.99,4,-119.04,2.7604024912281,-197.08,323.08,197.08,0,"	677,745" 
2008-10-01T20:00:00Z,"CRMT",2009-03-02T21:00:00Z,Buy,18.56,9.86,21,-182.7,0.54714480874317,-236.46,144.9,236.46,0,"	678,746" 
2008-10-01T20:00:00Z,"WTI",2009-03-02T21:00:00Z,Buy,26.08,6.73,40,-774,10.147775015491,-774,0,774,0,"	687,749" 
2008-10-01T20:00:00Z,"TTWO",2009-04-01T20:00:00Z,Buy,15.93,8.47,66,-492.36,21.103550927302,-680.46,0,680.46,0,"	686,766" 
2008-10-01T20:00:00Z,"IIIN",2009-06-01T20:00:00Z,Buy,13,9.08,80,-313.6,14.099717931261,-652,0,652,0,"	680,790" 
2008-10-01T20:00:00Z,"PTEN",2009-06-01T20:00:00Z,Buy,18.82,15.23,11,-39.49,2.0068798831928,-122.76,118.03,122.76,0,"	683,793" 
2008-10-01T20:00:00Z,"ZEUS",2009-06-01T20:00:00Z,Buy,28.14,19.69,13,-109.85,4.0953242048894,-226.07,621.14,226.07,0,"	688,794" 
2008-10-01T20:00:00Z,"CRMT",2009-07-01T20:00:00Z,Buy,18.56,21.14,11.499982750009,29.67,0.54382682926829,-129.49,79.35,129.49,1,"	678,807" 
2008-11-03T21:00:00Z,"CMI",2008-12-01T21:00:00Z,Buy,26.48,22.53,8,-31.6,0.52024464831804,-69.12,379.68,87.76,0,"	699,708" 
2008-11-03T21:00:00Z,"SYKE",2008-12-01T21:00:00Z,Buy,16.49,16.47,11,-0.22,1.5063219847653,-17.6,29.37,46.97,0,"	704,710" 
2008-11-03T21:00:00Z,"DAR",2009-02-02T21:00:00Z,Buy,7.13,4.48,117,-310.05,1.6766347999537,-421.2,88.92,510.12,0,"	700,731" 
2008-11-03T21:00:00Z,"HOFT",2009-02-02T21:00:00Z,Buy,9.8,8.09,36,-61.56,1.7594427388669,-136.08,502.56,136.08,0,"	702,733" 
2008-11-03T21:00:00Z,"ABFS",2009-04-01T20:00:00Z,Buy,29.03,19.17,30,-295.8,3.617665913101,-387.9,47.7,435.6,0,"	697,759" 
2008-11-03T21:00:00Z,"TBI",2009-04-01T20:00:00Z,Buy,8.18,8.37,106,20.14,8.6496046246301,-228.96,214.12,443.08,1,"	703,763" 
2008-11-03T21:00:00Z,"CALM",2009-11-02T21:00:00Z,Buy,29.09,27.93,30,-34.8,8.2734669377661,-355.2,40.2,390.9,0,"	698,836" 
2008-11-03T21:00:00Z,"SYKE",2009-11-02T21:00:00Z,Buy,16.49,24.44,13,103.35,0.53345829823083,-35.75,103.61,77.35,1,"	704,840" 
2008-11-03T21:00:00Z,"UACL",2009-12-01T21:00:00Z,Buy,16.46,16.13,14,-4.62,0.53770287958115,-83.3,159.46,128.52,0,"	705,855" 
2008-11-03T21:00:00Z,"HVT",2010-03-01T21:00:00Z,Buy,9.6,13.49,89,346.21,8.0054791436738,-163.76,386.26,205.59,1,"	701,884" 
2008-11-03T21:00:00Z,"SYKE",2010-05-03T20:00:00Z,Buy,16.49,22.51,31,186.62,1.7399773850727,-85.25,314.03,184.45,1,"	704,913" 
2008-12-01T21:00:00Z,"DAR",2009-02-02T21:00:00Z,Buy,3.66,4.48,47,38.54,0.58601,-6.11,198.81,88.36,1,"	718,731" 
2008-12-01T21:00:00Z,"RS",2009-02-02T21:00:00Z,Buy,17.07,22.21,12,61.68,0.52490758754864,-52.92,732.6,75.48,1,"	720,736" 
2008-12-01T21:00:00Z,"CF",2009-03-02T21:00:00Z,Buy,44.12,58.99,4,59.48,1.2276546251151,-18.56,501.6,49.64,1,"	716,745" 
2008-12-01T21:00:00Z,"WTI",2009-03-02T21:00:00Z,Buy,12.24,6.73,18,-99.18,2.6798149623538,-99.18,249.12,177.66,0,"	722,749" 
2008-12-01T21:00:00Z,"GCO",2009-04-01T20:00:00Z,Buy,11.47,19.2,18,139.14,2.4953330038128,0,139.68,106.56,1,"	719,761" 
2008-12-01T21:00:00Z,"CRMT",2009-07-01T20:00:00Z,Buy,8.29,21.14,5.5000172499914,70.68,0.56656852248394,-5.45,94.44,26.84,1,"	717,807" 
2008-12-01T21:00:00Z,"GCO",2009-08-03T20:00:00Z,Buy,11.47,22.07,42,445.2,2.2192639671588,0,602.7,346.5,1,"	719,813" 
2008-12-01T21:00:00Z,"BKE",2010-04-01T20:00:00Z,Buy,16.39,37.16,15,311.55,0.53269281914894,-33.45,377.65,186.45,1,"	715,893" 
2008-12-01T21:00:00Z,"WDC",2010-11-01T20:00:00Z,Buy,10.8,32.62,24,523.68,0.55298446443173,-20.88,856.08,548.4,1,"	721,981" 
2008-12-01T21:00:00Z,"CRMT",2011-03-01T21:00:00Z,Buy,8.29,24.26,24.499982750009,391.26,0.63706214689266,-24.25,530.18,155.08,1,"	717,1025" 
2009-01-02T21:00:00Z,"MOV",2009-02-02T21:00:00Z,Buy,9.68,7.66,44,-88.88,5.4876228109706,-134.2,1102.2,145.2,0,"	727,735" 
2009-01-02T21:00:00Z,"TTWO",2009-04-01T20:00:00Z,Buy,7.95,8.47,48,24.96,1.9748523395407,-111.84,383.04,120.96,1,"	729,766" 
2009-01-02T21:00:00Z,"EGY",2009-05-01T20:00:00Z,Buy,7.5,4.7,116,-324.8,4.2854886085158,-343.36,95.12,438.48,0,"	726,777" 
2009-01-02T21:00:00Z,"PTEN",2009-06-01T20:00:00Z,Buy,12.58,15.23,21,55.65,0.55738053866203,-103.32,356.37,110.25,1,"	728,793" 
2009-01-02T21:00:00Z,"UACL",2009-12-01T21:00:00Z,Buy,14.52,16.13,16,25.76,3.3278749751005,-64.16,213.28,79.04,1,"	730,855" 
2009-02-02T21:00:00Z,"CTRN",2009-03-02T21:00:00Z,Buy,9.51,11.97,23,56.58,9.0427500865374,0,71.99,24.38,1,"	740,747" 
2009-02-02T21:00:00Z,"CTRN",2009-04-01T20:00:00Z,Buy,9.51,22.96,23,309.35,5.2754220952841,0,309.35,36.34,1,"	740,760" 
2009-02-02T21:00:00Z,"KFRC",2009-05-01T20:00:00Z,Buy,6.32,10.63,124,534.44,7.6679565992439,-97.96,582.8,298.84,1,"	743,778" 
2009-02-02T21:00:00Z,"CRK",2009-06-01T20:00:00Z,Buy,38.42,40.83,20,48.2,4.8422901031476,-227.8,94,277.4,1,"	739,788" 
2009-02-02T21:00:00Z,"CTRN",2009-10-01T20:00:00Z,Buy,9.51,28.75,9,173.16,0.52272128556375,0,193.23,84.87,1,"	740,828" 
2009-02-02T21:00:00Z,"LHCG",2009-12-01T21:00:00Z,Buy,27.2,31.9,29,136.3,3.707165095307,-295.8,143.55,383.38,1,"	741,852" 
2009-02-02T21:00:00Z,"PETS",2009-12-01T21:00:00Z,Buy,14.45,16.48,54,109.62,4.9924491256493,-64.26,285.66,227.34,1,"	742,853" 
2009-02-02T21:00:00Z,"CTRN",2010-04-01T20:00:00Z,Buy,9.51,33.1,26,613.34,2.4432960580093,0,655.46,245.18,1,"	740,894" 
2009-02-02T21:00:00Z,"CRMT",2011-03-01T21:00:00Z,Buy,9.27,24.26,23,344.77,2.7873471850012,-45.31,475.18,145.59,1,"	738,1025" 
2009-03-02T21:00:00Z,"JAKK",2009-04-01T20:00:00Z,Buy,11.87,12.65,16,12.48,2.0339304754587,-25.44,289.92,25.44,1,"	754,762" 
2009-03-02T21:00:00Z,"NVR",2009-04-01T20:00:00Z,Buy,326.35,430.02,1,103.67,2.4670229636355,-6.31,452.65,40.57,1,"	756,764" 
2009-03-02T21:00:00Z,"SKX",2009-04-01T20:00:00Z,Buy,6.03,6.91,46,40.48,2.5232090255911,-34.04,682.18,34.04,1,"	757,765" 
2009-03-02T21:00:00Z,"B",2009-05-01T20:00:00Z,Buy,8.42,13.91,22,120.78,0.54958244111349,-9.24,621.06,51.26,1,"	750,776" 
2009-03-02T21:00:00Z,"HWKN",2009-06-01T20:00:00Z,Buy,13.16,21,11,86.24,1.1629191655188,-5.61,91.52,9.24,1,"	751,789" 
2009-03-02T21:00:00Z,"IIIN",2009-06-01T20:00:00Z,Buy,5.56,9.08,32,112.64,1.5049498258306,-22.72,238.08,49.28,1,"	752,790" 
2009-03-02T21:00:00Z,"FSYS",2009-06-01T20:00:00Z,Buy,19.25,22.74,35,122.15,4.0265924587439,-308,124.95,316.4,1,"	753,791" 
2009-03-02T21:00:00Z,"ZEUS",2009-06-01T20:00:00Z,Buy,10.81,19.69,20,177.6,0.74067317761409,-1.2,1302.2,105.4,1,"	758,794" 
2009-03-02T21:00:00Z,"MTSC",2010-03-01T21:00:00Z,Buy,21.55,27.92,29,184.73,6.6469665309507,-49.3,252.59,156.31,1,"	755,885" 
2009-03-02T21:00:00Z,"HWKN",2010-06-01T20:00:00Z,Buy,13.16,25.43,8,98.16,1.3053579315537,-4.08,129.84,48.64,1,"	751,929" 
2009-03-02T21:00:00Z,"HWKN",2010-08-02T20:00:00Z,Buy,13.16,32.17,9,171.09,1.9823166949036,-4.59,173.7,54.72,1,"	751,943" 
2009-03-02T21:00:00Z,"HWKN",2010-12-01T21:00:00Z,Buy,13.16,43.45,5,151.45,0.82815971703435,-2.55,151.85,30.4,1,"	751,989" 
2009-03-02T21:00:00Z,"HWKN",2011-05-02T20:00:00Z,Buy,13.16,46.5,5,166.7,0.51235650510204,-2.55,180.25,64.3,1,"	751,1051" 
2009-03-02T21:00:00Z,"HWKN",2011-08-01T20:00:00Z,Buy,13.16,34.73,16,345.12,0.61351321905869,-8.16,576.8,248.96,1,"	751,1095" 
2009-04-01T20:00:00Z,"FSYS",2009-06-01T20:00:00Z,Buy,14.44,22.74,24,199.2,3.9643533352702,-95.76,201.12,115.92,1,"	772,791" 
2009-04-01T20:00:00Z,"CMTL",2009-07-01T20:00:00Z,Buy,25.14,32.55,32,237.12,3.4717582307532,0,295.04,246.72,1,"	770,806" 
2009-04-01T20:00:00Z,"AMED",2009-08-03T20:00:00Z,Buy,27.4,44.8,29,504.6,5.1481207323754,0,504.6,258.68,1,"	769,812" 
2009-04-01T20:00:00Z,"WSO",2009-08-03T20:00:00Z,Buy,34.55,52.64,4,72.36,4.3112351560628,0,77.8,37.76,1,"	775,815" 
2009-04-01T20:00:00Z,"CNC",2009-12-01T21:00:00Z,Buy,17.65,19.27,44,71.28,5.3162014723854,-27.72,125.4,153.12,1,"	771,850" 
2009-04-01T20:00:00Z,"NPK",2010-01-04T21:00:00Z,Buy,63.81,113.55,3,149.22,5.2520132239368,0,149.22,31.02,1,"	773,867" 
2009-04-01T20:00:00Z,"WIRE",2010-01-04T21:00:00Z,Buy,21.98,21.26,37,-26.64,6.0015877362344,-92.87,85.1,162.8,0,"	774,870" 
2009-04-01T20:00:00Z,"WSO",2010-03-01T21:00:00Z,Buy,34.55,59.16,19,467.59,0.54858402489627,0,467.59,179.36,1,"	775,886" 
2009-04-01T20:00:00Z,"NPK",2011-03-01T21:00:00Z,Buy,63.81,125.75,10,619.4,1.3702208311661,0,726.2,389.2,1,"	773,1027" 
2009-05-01T20:00:00Z,"CRK",2009-06-01T20:00:00Z,Buy,36.16,40.83,6,28.02,0.51571263035921,-54.78,41.76,46.32,1,"	780,788" 
2009-05-01T20:00:00Z,"KIRK",2009-07-01T20:00:00Z,Buy,6.71,11.21,52,234,12.761204890887,-50.44,275.6,61.88,1,"	782,808" 
2009-05-01T20:00:00Z,"WEYS",2009-10-01T20:00:00Z,Buy,27.33,22.35,8,-39.84,1.9772561122215,-80.24,96.88,50.08,0,"	786,830" 
2009-05-01T20:00:00Z,"PLCE",2009-11-02T21:00:00Z,Buy,28.9,32.53,31,112.53,4.6841759906199,-125.24,244.59,369.83,1,"	785,839" 
2009-05-01T20:00:00Z,"XOM",2009-11-02T21:00:00Z,Buy,67.93,72.15,3,12.66,0.50761547085202,-18.78,79.95,26.79,1,"	787,841" 
2009-05-01T20:00:00Z,"DGIT",2009-12-01T21:00:00Z,Buy,21.99,27.28,12,63.48,1.1199108531539,-63.48,69.36,80.52,1,"	781,851" 
2009-05-01T20:00:00Z,"LHCG",2009-12-01T21:00:00Z,Buy,23.74,31.9,10,81.6,0.5260078878177,-67.4,84.1,73.9,1,"	783,852" 
2009-05-01T20:00:00Z,"KIRK",2010-01-04T21:00:00Z,Buy,6.71,18,14,158.06,1.1146304058117,-13.58,171.36,59.08,1,"	782,866" 
2009-05-01T20:00:00Z,"MTSC",2010-03-01T21:00:00Z,Buy,21.7,27.92,13,80.86,0.53337671557028,-24.05,111.28,70.07,1,"	784,885" 
2009-05-01T20:00:00Z,"DGIT",2010-06-01T20:00:00Z,Buy,21.99,41.71,10,197.2,3.5756047204033,-52.9,211.8,67.1,1,"	781,927" 
2009-05-01T20:00:00Z,"DGIT",2010-10-01T20:00:00Z,Buy,21.99,20.91,13,-14.04,0.53124482758621,-89.44,283.53,372.97,0,"	781,963" 
2009-05-01T20:00:00Z,"DGIT",2011-01-03T21:00:00Z,Buy,21.99,29.59,3,22.8,3.1163013755726,-20.64,65.43,86.07,1,"	781,1002" 
2009-05-01T20:00:00Z,"KIRK",2011-01-03T21:00:00Z,Buy,6.71,14.06,66,485.1,0.80064148253742,-64.02,1176.12,906.84,1,"	782,1006" 
2009-06-01T20:00:00Z,"EXPO",2009-10-01T20:00:00Z,Buy,28.08,27.54,9,-4.86,0.52405024743053,-194.67,80.46,39.6,0,"	798,829" 
2009-06-01T20:00:00Z,"CVX",2009-11-02T21:00:00Z,Buy,69.22,76.64,4,29.68,1.2311518696958,-51,135.4,45.08,1,"	797,837" 
2009-06-01T20:00:00Z,"RHI",2009-12-01T21:00:00Z,Buy,22.61,22.75,43,6.02,2.510959343748,-89.01,221.88,239.94,1,"	801,854" 
2009-06-01T20:00:00Z,"VLGEA",2010-02-01T21:00:00Z,Buy,29.43,26.13,7,-23.1,0.51779015544041,-74.44,22.26,35.7,0,"	804,878" 
2009-06-01T20:00:00Z,"RBIN",2010-05-03T20:00:00Z,Buy,13.97,25.58,12,139.32,12.819610003061,-15.36,139.32,50.28,1,"	800,908" 
2009-06-01T20:00:00Z,"SYKE",2010-05-03T20:00:00Z,Buy,17.11,22.51,13,70.2,0.83103183399805,-43.81,123.63,58.76,1,"	802,913" 
2009-06-01T20:00:00Z,"USMO",2010-05-03T20:00:00Z,Buy,11.34,14.23,83,239.87,8.2481551651685,-112.88,249,318.72,1,"	803,916" 
2009-06-01T20:00:00Z,"FIZ",2010-07-01T20:00:00Z,Buy,11,12.28,20.000115199908,25.6,5.3252076655974,-82,65.8,69.6,1,"	799,938" 
2009-06-01T20:00:00Z,"CTR",2010-09-01T20:00:00Z,Buy,20.25,24.08,11.000022499989,42.13,4.2453050587609,-54.23,65.45,56.65,1,"	795,950" 
2009-06-01T20:00:00Z,"CASY",2010-09-01T20:00:00Z,Buy,26.47,38.65,8,97.44,1.5034353072961,-12.88,104.24,36.8,1,"	796,951" 
2009-06-01T20:00:00Z,"FIZ",2010-09-01T20:00:00Z,Buy,11,14.98,15,59.7,0.53917364016736,-61.5,59.7,52.2,1,"	799,953" 
2009-06-01T20:00:00Z,"RBIN",2010-10-01T20:00:00Z,Buy,13.97,30.44,13,214.11,0.53209928617781,-16.64,219.05,98.02,1,"	800,967" 
2009-06-01T20:00:00Z,"CASY",2011-05-02T20:00:00Z,Buy,26.47,38.45,29,347.42,3.3146717946227,-46.69,515.33,243.89,1,"	796,1046" 
2009-06-01T20:00:00Z,"FIZ",2011-07-01T20:00:00Z,Buy,11,14.63,51.999884800092,188.76,3.7854170165735,-213.2,218.4,180.96,1,"	799,1079" 
2009-06-01T20:00:00Z,"RBIN",2012-04-02T20:00:00Z,Buy,13.97,51.1,6,222.78,0.51514822134387,-7.68,223.14,115.38,1,"	800,1181" 
2009-06-01T20:00:00Z,"RBIN",2012-05-01T20:00:00Z,Buy,13.97,48.6,35,1212.05,4.0642592866978,-44.8,1301.65,673.05,1,"	800,1191" 
2009-06-01T20:00:00Z,"CTR",2012-07-02T20:00:00Z,Buy,20.25,31.27,8,88.16,1.2735713448671,-39.44,88.16,70.08,1,"	795,1222" 
2009-06-01T20:00:00Z,"CTR",2013-07-01T20:00:00Z,Buy,20.25,25.32,28.999977500011,147.03,0.70795673076923,-142.97,333.5,270.28,1,"	795,1397" 
2009-07-01T20:00:00Z,"WEYS",2009-10-01T20:00:00Z,Buy,23.83,22.35,9,-13.32,1.563442795403,-58.77,140.49,23.76,0,"	811,830" 
2009-07-01T20:00:00Z,"DGIT",2011-01-03T21:00:00Z,Buy,18.09,29.59,14,161,1.9288617402822,-41.72,359.94,401.66,1,"	810,1002" 
2009-07-01T20:00:00Z,"CORE",2011-06-01T20:00:00Z,Buy,26.88,34.83,37,294.15,4.8930318969623,-49.21,373.7,321.9,1,"	809,1066" 
2009-08-03T20:00:00Z,"SIF",2009-09-01T20:00:00Z,Buy,10.3,13.8,30,105,5.3397370430563,-0.6,132.6,27.6,1,"	818,820" 
2009-08-03T20:00:00Z,"WIRE",2010-01-04T21:00:00Z,Buy,22.17,21.26,11,-10.01,1.0061747793701,-29.7,23.21,48.4,0,"	819,870" 
2009-08-03T20:00:00Z,"SIF",2010-04-01T20:00:00Z,Buy,10.3,17.2,16,110.4,1.2189319636503,-0.32,110.4,63.2,1,"	818,896" 
2009-08-03T20:00:00Z,"RGR",2010-05-03T20:00:00Z,Buy,11.87,17.23,83,444.88,1.4604505868072,-180.11,471.44,341.13,1,"	817,909" 
2009-08-03T20:00:00Z,"SIF",2010-05-03T20:00:00Z,Buy,10.3,13.95,55,200.75,0.68606705118962,-1.1,379.5,217.25,1,"	818,912" 
2009-08-03T20:00:00Z,"HWKN",2011-08-01T20:00:00Z,Buy,18.98,34.73,12,189,0.53035181236674,-75.96,362.76,186.72,1,"	816,1095" 
2009-09-01T20:00:00Z,"CNC",2009-12-01T21:00:00Z,Buy,17.02,19.27,16,36,0.99201491687319,0,55.68,36.48,1,"	823,850" 
2009-09-01T20:00:00Z,"BKE",2010-04-01T20:00:00Z,Buy,26.51,37.16,10,106.5,1.889757687394,-123.5,150.57,104.1,1,"	821,893" 
2009-09-01T20:00:00Z,"CTRN",2010-04-01T20:00:00Z,Buy,21.55,33.1,12,138.6,2.8218657520912,-144.48,158.04,59.04,1,"	824,894" 
2009-09-01T20:00:00Z,"CTR",2013-07-01T20:00:00Z,Buy,16.64,25.32,13,112.84,1.4200359350745,-17.16,196.43,121.16,1,"	822,1397" 
2009-09-01T20:00:00Z,"WMK",2013-07-01T20:00:00Z,Buy,31.72,45.44,8,109.76,0.80767338995981,-67.44,121.6,62.72,1,"	825,1403" 
2009-10-01T20:00:00Z,"CALM",2009-11-02T21:00:00Z,Buy,25.93,27.93,11,22,0.52663709376167,-95.48,49.5,7.37,1,"	832,836" 
2009-10-01T20:00:00Z,"XOM",2009-11-02T21:00:00Z,Buy,67.27,72.15,3,14.64,0.50735351989506,-16.8,81.93,9.72,1,"	835,841" 
2009-10-01T20:00:00Z,"AAON",2009-12-01T21:00:00Z,Buy,19.27,19.03,12,-2.88,0.52878984063745,-76.2,43.8,18.96,0,"	831,849" 
2009-10-01T20:00:00Z,"SCHN",2010-01-04T21:00:00Z,Buy,51.67,50,20,-33.4,3.0453275279413,-184.6,91.6,276.2,0,"	833,868" 
2009-10-01T20:00:00Z,"TESS",2010-04-01T20:00:00Z,Buy,16.91,23.25,8.4999192474229,53.89,6.3919331332171,-66.55,122.82,33.23,1,"	834,897" 
2009-10-01T20:00:00Z,"TESS",2010-06-01T20:00:00Z,Buy,11.27333897,18.28,12,84.08,1.8894029124037,-62.64,115.6,31.28,1,"	834,931" 
2009-10-01T20:00:00Z,"TESS",2010-10-01T20:00:00Z,Buy,11.27333897,16.06,23,110.09,2.2943779122357,-120.06,221.57,201.63,1,"	834,969" 
2009-10-01T20:00:00Z,"TESS",2011-02-01T21:00:00Z,Buy,11.27333897,12.44,46.750080253826,54.54,0.72677083333333,-244.04,450.36,409.84,1,"	834,1016" 
2009-11-02T21:00:00Z,"PETS",2009-12-01T21:00:00Z,Buy,15.85,16.48,13,8.19,0.72624786605136,-33.67,50.57,5.59,1,"	846,853" 
2009-11-02T21:00:00Z,"DLTR",2010-02-01T21:00:00Z,Buy,47.7,49.97,5,11.35,0.51321183248394,-132,18.15,22.7,1,"	845,876" 
2009-11-02T21:00:00Z,"ARKR",2010-04-01T20:00:00Z,Buy,12.8,13.35,85,46.75,10.697835586129,-8.5,202.3,176.8,1,"	843,892" 
2009-11-02T21:00:00Z,"DISCA",2010-07-01T20:00:00Z,Buy,27.28,36.09,6,52.86,1.1621479796263,0,73.5,29.4,1,"	844,937" 
2009-11-02T21:00:00Z,"APOG",2010-08-02T20:00:00Z,Buy,12.9,11.12,80,-142.4,9.0117663066608,-183.2,308.8,492,0,"	842,941" 
2009-11-02T21:00:00Z,"RS",2010-10-01T20:00:00Z,Buy,36.42,42.19,29,167.33,3.782727293686,-31.03,537.66,568.69,1,"	848,968" 
2009-11-02T21:00:00Z,"POWL",2010-12-01T21:00:00Z,Buy,36.05,36.17,28,3.36,5.0581125691116,-266.28,29.4,295.68,1,"	847,992" 
2009-11-02T21:00:00Z,"DISCA",2011-05-02T20:00:00Z,Buy,27.28,44.65,32,555.84,0.60088115680072,0,566.08,205.12,1,"	844,1047" 
2009-12-01T21:00:00Z,"CENT",2010-01-04T21:00:00Z,Buy,9.15,10.65,126,189,1.6440612942639,0,252,63,1,"	857,865" 
2009-12-01T21:00:00Z,"DPZ",2010-02-01T21:00:00Z,Buy,7.75,11.36,40,144.4,1.7985403400013,-7.2,146.8,16.8,1,"	859,877" 
2009-12-01T21:00:00Z,"BKE",2010-04-01T20:00:00Z,Buy,27.69,37.16,6.7499393287084,63.92,1.294393850583,-91.33,93.67,34.22,1,"	856,893" 
2009-12-01T21:00:00Z,"HHS",2010-04-01T20:00:00Z,Buy,9.82,12.89,16,49.12,3.6430847464281,0,50.88,14.24,1,"	861,895" 
2009-12-01T21:00:00Z,"CVI",2010-05-03T20:00:00Z,Buy,7.39,8.47,150,162,4.8117458266561,-126,306,228,1,"	858,906" 
2009-12-01T21:00:00Z,"DPZ",2010-05-03T20:00:00Z,Buy,7.75,16.06,100,831,1.2548521885228,-18,841,84,1,"	859,907" 
2009-12-01T21:00:00Z,"RGR",2010-05-03T20:00:00Z,Buy,10.97,17.23,19,118.94,1.1663877505269,-24.13,125.02,27.36,1,"	863,909" 
2009-12-01T21:00:00Z,"USMO",2010-05-03T20:00:00Z,Buy,10.34,14.23,27,105.03,0.56993486973948,-9.72,108,25.11,1,"	864,916" 
2009-12-01T21:00:00Z,"GTLS",2010-06-01T20:00:00Z,Buy,16.91,16.96,66,3.3,9.5049750119134,-81.84,611.16,607.86,1,"	860,928" 
2009-12-01T21:00:00Z,"HHS",2010-09-01T20:00:00Z,Buy,9.82,10.42,98,58.8,1.2672014647727,0,543.9,539,1,"	861,955" 
2009-12-01T21:00:00Z,"JBSS",2010-11-01T20:00:00Z,Buy,16.32,12.96,70,-235.2,4.1423271332734,-284.9,78.4,363.3,0,"	862,978" 
2009-12-01T21:00:00Z,"BKE",2012-09-04T20:00:00Z,Buy,27.69,44.98,1.2500606712916,21.61,0.81848619551519,-16.91,27.34,15.99,1,"	856,1243" 
2010-01-04T21:00:00Z,"VLGEA",2010-02-01T21:00:00Z,Buy,27.5,26.13,10,-13.7,0.79799775765595,-87.05,51.1,21.1,0,"	875,878" 
2010-01-04T21:00:00Z,"EGN",2010-03-01T21:00:00Z,Buy,47.49,46.68,24,-19.44,1.9343580970878,-129.84,40.08,169.92,0,"	872,883" 
2010-01-04T21:00:00Z,"TSRA",2010-06-01T20:00:00Z,Buy,23.81,16.87,50,-347,6.0321198919594,-351.5,12.5,364,0,"	874,932" 
2010-01-04T21:00:00Z,"CLW",2010-09-01T20:00:00Z,Buy,54.32,70.5,5,80.9,3.4321515603005,-50.45,80.9,69.25,1,"	871,952" 
2010-01-04T21:00:00Z,"POWL",2010-12-01T21:00:00Z,Buy,32.36,36.17,8,30.48,0.52052648271487,-46.56,37.92,73.6,1,"	873,992" 
2010-01-04T21:00:00Z,"CLW",2011-06-01T20:00:00Z,Buy,54.32,67.69,16,213.92,3.6575711981217,-161.44,485.6,271.68,1,"	871,1065" 
2010-02-01T21:00:00Z,"SCVL",2010-05-03T20:00:00Z,Buy,18.06,27.51,13,122.85,1.5207345655794,-4.42,135.46,21.58,1,"	880,910" 
2010-02-01T21:00:00Z,"SIF",2010-05-03T20:00:00Z,Buy,12.65,13.95,19,24.7,0.54780230708035,-45.03,86.45,63.27,1,"	881,912" 
2010-02-01T21:00:00Z,"TSRA",2010-06-01T20:00:00Z,Buy,17.25,16.87,15,-5.7,0.53767472335469,-7.05,102.15,85.05,0,"	882,932" 
2010-02-01T21:00:00Z,"MTRX",2010-10-01T20:00:00Z,Buy,10.52,8.7,112,-203.84,9.0413207751771,-231.84,208.32,440.16,0,"	879,965" 
2010-02-01T21:00:00Z,"SCVL",2010-11-01T20:00:00Z,Buy,18.06,22.95,10,48.9,0.8751712690867,-15.3,104.2,119.5,1,"	880,979" 
2010-02-01T21:00:00Z,"SCVL",2011-08-01T20:00:00Z,Buy,18.06,32.44,8,115.04,1.2653801082379,-12.24,124.96,95.6,1,"	880,1098" 
2010-02-01T21:00:00Z,"SCVL",2012-06-01T20:00:00Z,Buy,12.04000602,20.33,12,99.48,1.5513407633833,-12.24,125.92,104.56,1,"	880,1211" 
2010-02-01T21:00:00Z,"SCVL",2013-06-03T20:00:00Z,Buy,12.04000602,24.64,34.499976750012,434.7,0.72072487644152,-35.19,434.7,300.61,1,"	880,1382" 
2010-03-01T21:00:00Z,"TTEC",2010-05-03T20:00:00Z,Buy,18.06,16.87,67,-79.73,2.6140406125547,-101.17,27.47,128.64,0,"	890,914" 
2010-03-01T21:00:00Z,"UFS",2010-05-03T20:00:00Z,Buy,56.19,75.41,3,57.66,7.2987807696233,0,66.6,22.65,1,"	891,915" 
2010-03-01T21:00:00Z,"ANK",2010-07-01T20:00:00Z,Buy,45.37,40.16,7,-36.47,0.5180942342753,-219.94,89.95,126.42,0,"	887,936" 
2010-03-01T21:00:00Z,"NEU",2010-08-02T20:00:00Z,Buy,91.02,110.82,2,39.6,1.7049563523322,-7.4,47.96,55.36,1,"	888,942" 
2010-03-01T21:00:00Z,"UFS",2010-11-01T20:00:00Z,Buy,56.19,76.47,3,60.84,0.82895088913427,-27.72,69.51,94.32,1,"	891,980" 
2010-03-01T21:00:00Z,"LZB",2010-12-01T21:00:00Z,Buy,13.52,7.98,94,-520.76,8.0543467485336,-661.76,155.1,816.86,0,"	889,991" 
2010-03-01T21:00:00Z,"UFS",2011-02-01T21:00:00Z,Buy,56.19,90.34,3,102.45,0.5077055612419,-27.72,102.45,94.32,1,"	891,1017" 
2010-03-01T21:00:00Z,"NEU",2011-05-02T20:00:00Z,Buy,91.02,186.58,11,1051.16,0.52783718532986,-40.7,1051.16,304.48,1,"	888,1049" 
2010-03-01T21:00:00Z,"UFS",2012-10-01T20:00:00Z,Buy,56.19,77.25,13,273.78,0.5567361732022,-120.12,634.53,519.87,1,"	891,1262" 
2010-04-01T20:00:00Z,"SYKE",2010-05-03T20:00:00Z,Buy,22.91,22.51,11,-4.4,0.94611609994619,-100.87,40.81,9.9,0,"	904,913" 
2010-04-01T20:00:00Z,"DSW",2010-11-01T20:00:00Z,Buy,25.76,33.37,10,76.1,6.1163055466242,-38.4,76.1,103.1,1,"	899,977" 
2010-04-01T20:00:00Z,"JBSS",2010-11-01T20:00:00Z,Buy,15.76,12.96,16,-44.8,1.0203540025008,-56.16,26.88,62.88,0,"	902,978" 
2010-04-01T20:00:00Z,"WDC",2010-11-01T20:00:00Z,Buy,39,32.62,6,-38.28,0.51501154734411,-174.42,44.82,126.66,0,"	905,981" 
2010-04-01T20:00:00Z,"AMED",2011-03-01T21:00:00Z,Buy,56.99,35.37,23,-497.26,7.1300416851588,-779.01,140.76,919.77,0,"	898,1024" 
2010-04-01T20:00:00Z,"FLXS",2011-03-01T21:00:00Z,Buy,13.31,14.82,93,140.43,4.1158761990791,-287.37,500.34,486.39,1,"	901,1026" 
2010-04-01T20:00:00Z,"DSW",2011-06-01T20:00:00Z,Buy,25.76,48.54,6,136.68,1.0501362151605,-23.04,153.42,61.86,1,"	899,1068" 
2010-04-01T20:00:00Z,"FIZ",2011-07-01T20:00:00Z,Buy,11.13,14.63,27,94.5,0.98253003449931,-114.21,109.89,74.25,1,"	900,1079" 
2010-04-01T20:00:00Z,"DSW",2011-08-01T20:00:00Z,Buy,25.76,54.16,4,113.6,1.041408221872,-15.36,118.2,41.24,1,"	899,1092" 
2010-04-01T20:00:00Z,"DSW",2012-06-01T20:00:00Z,Buy,25.76,57.26,29,913.5,0.5695601541555,-111.36,1037.04,507.5,1,"	899,1203" 
2010-04-01T20:00:00Z,"K",2012-10-01T20:00:00Z,Buy,53.61,51.93,4,-6.72,0.5100336889388,-70.92,15.8,44.2,0,"	903,1260" 
2010-05-03T20:00:00Z,"SXI",2010-06-01T20:00:00Z,Buy,25.94,25.07,8,-6.96,3.1617214482296,-28.96,17.12,28.96,0,"	926,930" 
2010-05-03T20:00:00Z,"APOG",2010-08-02T20:00:00Z,Buy,14.13,11.12,19,-57.19,0.54884825327511,-66.88,49.97,83.6,0,"	917,941" 
2010-05-03T20:00:00Z,"SXI",2010-08-02T20:00:00Z,Buy,25.94,29.95,8,32.08,1.5522947610602,-28.96,32.64,34.96,1,"	926,945" 
2010-05-03T20:00:00Z,"FOSL",2010-09-01T20:00:00Z,Buy,40.46,48.8,11.00001949999,91.74,0.59100899742931,-324.87,91.74,78.98,1,"	921,954" 
2010-05-03T20:00:00Z,"GIII",2010-10-01T20:00:00Z,Buy,30.75,31.55,7,5.6,5.9665993548486,-66.57,8.75,66.57,1,"	923,964" 
2010-05-03T20:00:00Z,"OSK",2010-10-01T20:00:00Z,Buy,39.75,28.07,35,-408.8,6.171371714544,-519.4,0,519.4,0,"	925,966" 
2010-05-03T20:00:00Z,"DECK",2010-11-01T20:00:00Z,Buy,47.92995111141,56.59,5,43.3,1.9730492517586,-32,51.1,57.68,1,"	920,976" 
2010-05-03T20:00:00Z,"DECK",2010-12-01T21:00:00Z,Buy,47.92995111141,79.94,4,128.04,0.51039261570463,-25.6,128.04,46.15,1,"	920,987" 
2010-05-03T20:00:00Z,"DDS",2011-01-03T21:00:00Z,Buy,29.72,38.83,9,81.99,2.8927704287858,-93.42,81.99,93.42,1,"	919,1001" 
2010-05-03T20:00:00Z,"GCI",2011-01-03T21:00:00Z,Buy,17.29,15.42,80,-149.6,1.4688586226472,-442.4,0,442.4,0,"	922,1003" 
2010-05-03T20:00:00Z,"GIII",2011-01-03T21:00:00Z,Buy,30.75,35.39,7,32.48,0.51761948790896,-66.57,35.07,66.57,1,"	923,1004" 
2010-05-03T20:00:00Z,"FOSL",2011-02-01T21:00:00Z,Buy,40.46,73.05,3,97.77,1.0808979808392,-88.6,98.88,21.54,1,"	921,1013" 
2010-05-03T20:00:00Z,"SXI",2011-02-01T21:00:00Z,Buy,25.94,34.33,8,67.12,1.7514386103261,-28.96,67.12,57.68,1,"	926,1015" 
2010-05-03T20:00:00Z,"NPK",2011-03-01T21:00:00Z,Buy,114.36,125.75,2,22.78,0.50510672501563,-101.1,44.14,49.08,1,"	924,1027" 
2010-05-03T20:00:00Z,"FOSL",2011-04-01T20:00:00Z,Buy,40.46,93.61,3,159.45,0.50749679658302,-88.6,159.57,26.4,1,"	921,1039" 
2010-05-03T20:00:00Z,"GIII",2011-05-02T20:00:00Z,Buy,30.75,42.75,6,72,0.5142944716897,-57.06,86.28,57.06,1,"	923,1050" 
2010-05-03T20:00:00Z,"CORE",2011-06-01T20:00:00Z,Buy,30.59,34.83,7,29.68,0.76355488641158,-35.28,44.73,35.21,1,"	918,1066" 
2010-05-03T20:00:00Z,"DDS",2011-06-01T20:00:00Z,Buy,29.72,55.77,9,234.45,0.52233182060865,-93.42,239.13,93.42,1,"	919,1067" 
2010-05-03T20:00:00Z,"FOSL",2011-07-01T20:00:00Z,Buy,40.46,121.96,3,244.5,0.50777013251784,-88.6,244.5,26.4,1,"	921,1080" 
2010-05-03T20:00:00Z,"DECK",2011-08-01T20:00:00Z,Buy,47.92995111141,101.82,3,161.67,1.5800780149129,-19.2,161.67,57.12,1,"	920,1091" 
2010-05-03T20:00:00Z,"FOSL",2011-08-01T20:00:00Z,Buy,40.46,126.74,2,172.56,0.50504257181507,-59.07,187.66,18.58,1,"	921,1094" 
2010-05-03T20:00:00Z,"SXI",2011-08-01T20:00:00Z,Buy,25.94,32.27,33,208.89,0.62781686859273,-119.46,425.7,329.34,1,"	926,1099" 
2010-05-03T20:00:00Z,"GIII",2011-10-03T20:00:00Z,Buy,30.75,21.83,27,-240.84,7.4059021794492,-266.22,388.26,654.48,0,"	923,1119" 
2010-05-03T20:00:00Z,"DECK",2011-11-01T20:00:00Z,Buy,47.92995111141,111.83,2,127.8,0.50485373263889,-12.8,139.42,63.32,1,"	920,1130" 
2010-05-03T20:00:00Z,"DDS",2012-03-01T21:00:00Z,Buy,29.72,60.43,8,245.68,0.51976774615636,-83.04,251.36,167.6,1,"	919,1170" 
2010-05-03T20:00:00Z,"DECK",2012-03-01T21:00:00Z,Buy,47.92995111141,78.59,13.000027540023,398.58,2.0757499283772,-83.2,906.23,558.35,1,"	920,1171" 
2010-05-03T20:00:00Z,"FOSL",2012-03-01T21:00:00Z,Buy,40.46,126.29,4,343.32,2.4108092280588,-118.13,375.32,245.44,1,"	921,1172" 
2010-05-03T20:00:00Z,"DDS",2012-06-01T20:00:00Z,Buy,29.72,66.21,5,182.45,0.51230852171327,-51.9,203.55,104.75,1,"	919,1202" 
2010-05-03T20:00:00Z,"FOSL",2012-07-02T20:00:00Z,Buy,40.46,74.88,8.9999805000097,309.78,5.9868959393364,-265.8,880.56,619.38,1,"	921,1223" 
2010-05-03T20:00:00Z,"DDS",2012-12-03T21:00:00Z,Buy,29.72,89.01,4,237.16,1.2130564380866,-41.52,237.32,83.8,1,"	919,1286" 
2010-05-03T20:00:00Z,"DDS",2013-06-03T20:00:00Z,Buy,29.72,91.44,13,802.36,0.55450525631299,-134.94,831.61,272.35,1,"	919,1379" 
2010-06-01T20:00:00Z,"POWL",2010-12-01T21:00:00Z,Buy,28.33,36.17,7,54.88,1.5402179649076,-12.53,61.39,55.79,1,"	934,992" 
2010-06-01T20:00:00Z,"SKX",2011-04-01T20:00:00Z,Buy,36.14,20.22,34,-541.28,4.9040641497073,-601.12,262.14,863.26,0,"	935,1042" 
2010-06-01T20:00:00Z,"ALG",2011-08-01T20:00:00Z,Buy,22.58,24.02,55,79.2,15.815998009679,-189.75,360.8,435.05,1,"	933,1089" 
2010-07-01T20:00:00Z,"GCO",2010-12-01T21:00:00Z,Buy,26.36,39.88,6,81.12,1.1232581170978,-9.12,81.12,26.94,1,"	939,988" 
2010-07-01T20:00:00Z,"LZB",2010-12-01T21:00:00Z,Buy,7.28,7.98,60,42,0.64697173620458,-48,473.4,148.8,1,"	940,991" 
2010-07-01T20:00:00Z,"GCO",2011-07-01T20:00:00Z,Buy,26.36,52.83,6,158.82,1.3891550683806,-9.12,164.16,31.44,1,"	939,1081" 
2010-07-01T20:00:00Z,"GCO",2011-09-01T20:00:00Z,Buy,26.36,49.42,4,92.24,0.50932101093927,-6.08,120.16,58.52,1,"	939,1109" 
2010-07-01T20:00:00Z,"GCO",2012-01-03T21:00:00Z,Buy,26.36,58.66,4,129.2,1.4593204356813,-6.08,146.28,58.52,1,"	939,1155" 
2010-07-01T20:00:00Z,"GCO",2013-04-01T20:00:00Z,Buy,26.36,58.07,23,729.33,2.8927631032784,-34.96,1205.43,647.22,1,"	939,1344" 
2010-08-02T20:00:00Z,"WDC",2010-11-01T20:00:00Z,Buy,27.16,32.62,14,76.44,0.53600757575758,-241.22,270.34,49.56,1,"	949,981" 
2010-08-02T20:00:00Z,"TESS",2011-02-01T21:00:00Z,Buy,14.35,12.44,19,-36.29,0.99481567458857,-157.64,124.58,101.65,0,"	948,1016" 
2010-08-02T20:00:00Z,"AMED",2011-03-01T21:00:00Z,Buy,26.75,35.37,24,206.88,2.4028356595074,-87.12,872.64,148.8,1,"	946,1024" 
2010-08-02T20:00:00Z,"PLCE",2011-05-02T20:00:00Z,Buy,41.72,52.1,4,41.52,6.6787044681377,-5.8,59.32,62.64,1,"	947,1054" 
2010-08-02T20:00:00Z,"PLCE",2011-08-01T20:00:00Z,Buy,41.72,47.62,5,29.5,0.67571842996015,-7.25,74.15,78.3,1,"	947,1096" 
2010-08-02T20:00:00Z,"PLCE",2011-10-03T20:00:00Z,Buy,41.72,45.8,20,81.6,0.57874489576617,-90,296.6,386.6,1,"	947,1121" 
2010-09-01T20:00:00Z,"OSK",2010-10-01T20:00:00Z,Buy,25.6,28.07,10,24.7,0.52569249297471,-6.9,141.5,25.7,1,"	959,966" 
2010-09-01T20:00:00Z,"DGIT",2011-01-03T21:00:00Z,Buy,15.83,29.59,41,564.16,0.60243529040404,-29.52,1146.77,123.82,1,"	957,1002" 
2010-09-01T20:00:00Z,"KIRK",2011-01-03T21:00:00Z,Buy,11.86,14.06,32,70.4,0.58315512708151,-195.84,405.44,102.4,1,"	958,1006" 
2010-09-01T20:00:00Z,"TESS",2011-02-01T21:00:00Z,Buy,11.16,12.44,18.249919746174,23.36,0.55299145299145,-93.2,177.88,97.64,1,"	962,1016" 
2010-09-01T20:00:00Z,"AAWW",2011-03-01T21:00:00Z,Buy,45.37,67.43,26,573.56,1.1322353634793,0,699.14,289.12,1,"	956,1023" 
2010-09-01T20:00:00Z,"SKX",2011-04-01T20:00:00Z,Buy,26.84,20.22,10,-66.2,0.52634471927758,-83.8,170.1,90.4,0,"	961,1042" 
2010-09-01T20:00:00Z,"SCVL",2013-06-03T20:00:00Z,Buy,11.12000556,24.64,28.499985750007,385.32,0.88715332590326,-2.85,385.32,248.33,1,"	960,1382" 
2010-10-01T20:00:00Z,"GCI",2011-01-03T21:00:00Z,Buy,12.58,15.42,24,68.16,0.92526213369799,-19.68,113.04,55.92,1,"	971,1003" 
2010-10-01T20:00:00Z,"SKX",2011-04-01T20:00:00Z,Buy,22.54,20.22,10,-23.2,1.0992822006546,-40.8,213.1,70.4,0,"	973,1042" 
2010-10-01T20:00:00Z,"DPZ",2011-05-02T20:00:00Z,Buy,13.15,18.56,96,519.36,2.6218138579321,-5.76,537.6,153.6,1,"	970,1048" 
2010-10-01T20:00:00Z,"MGLN",2011-05-02T20:00:00Z,Buy,47.38,51.79,27,119.07,1.1473463322255,-49.14,129.87,144.99,1,"	972,1052" 
2010-10-01T20:00:00Z,"USMO",2011-05-02T20:00:00Z,Buy,16.31,15.02,79,-101.91,11.162953405354,-272.55,221.99,494.54,0,"	975,1056" 
2010-10-01T20:00:00Z,"SXI",2011-08-01T20:00:00Z,Buy,24.13,32.27,11,89.54,1.9958973383615,-19.91,161.81,109.78,1,"	974,1099" 
2010-11-01T20:00:00Z,"IDT",2010-12-01T21:00:00Z,Buy,13.74,22.2,21,177.66,1.2666532491124,0,184.8,36.75,1,"	985,990" 
2010-11-01T20:00:00Z,"IDT",2011-01-03T21:00:00Z,Buy,13.74,26.62,10,128.8,0.52599609375,0,150.6,32,1,"	985,1005" 
2010-11-01T20:00:00Z,"CRUS",2011-02-01T21:00:00Z,Buy,12.51,21.33,33,291.06,5.4000579304873,0,291.06,52.47,1,"	982,1012" 
2010-11-01T20:00:00Z,"SKX",2011-04-01T20:00:00Z,Buy,19.24,20.22,14,13.72,1.017053332982,-10.92,344.54,69.58,1,"	986,1042" 
2010-11-01T20:00:00Z,"FIZ",2011-07-01T20:00:00Z,Buy,14.01,14.63,15,9.3,1.1682633805102,-106.65,17.85,41.25,1,"	983,1079" 
2010-11-01T20:00:00Z,"CRUS",2011-08-01T20:00:00Z,Buy,12.51,15.22,70,189.7,0.75567193675889,0,884.8,817.6,1,"	982,1090" 
2010-11-01T20:00:00Z,"GIII",2011-10-03T20:00:00Z,Buy,27.39,21.83,10,-55.6,1.4309444903409,-65,177.4,242.4,0,"	984,1119" 
2010-11-01T20:00:00Z,"IDT",2011-12-01T21:00:00Z,Buy,13.74,12.89,22,-18.7,0.55453461538462,-50.38,349.14,399.52,0,"	985,1140" 
2010-11-01T20:00:00Z,"IDT",2012-01-03T21:00:00Z,Buy,13.74,9.55,37,-155.03,0.78761993603412,-180.56,587.19,767.75,0,"	985,1156" 
2010-12-01T21:00:00Z,"KIRK",2011-01-03T21:00:00Z,Buy,12,14.06,22,45.32,2.1025963612049,-137.72,275.66,25.08,1,"	997,1006" 
2010-12-01T21:00:00Z,"SGU",2011-02-01T21:00:00Z,Buy,5.38,5.48,270,27,7.3716380091657,-45.9,27,48.6,1,"	998,1014" 
2010-12-01T21:00:00Z,"CRMT",2011-03-01T21:00:00Z,Buy,25.3,24.26,8.5000172499914,-8.84,1.445696768499,-153,39.36,38,0,"	994,1025" 
2010-12-01T21:00:00Z,"CASY",2011-05-02T20:00:00Z,Buy,39.91,38.45,7,-10.22,0.51757044025157,-105.35,30.31,52.78,0,"	993,1046" 
2010-12-01T21:00:00Z,"FIZ",2011-07-01T20:00:00Z,Buy,13.33,14.63,16.000115199908,20.8,0.72638932423139,-102.88,29.92,44,1,"	995,1079" 
2010-12-01T21:00:00Z,"SSP",2011-07-01T20:00:00Z,Buy,9.57,9.72,26,3.9,7.8456875548573,-38.48,22.88,61.36,1,"	999,1082" 
2010-12-01T21:00:00Z,"SSP",2011-12-01T21:00:00Z,Buy,9.57,8.35,133,-162.26,7.4625891677201,-414.96,117.04,532,0,"	999,1144" 
2010-12-01T21:00:00Z,"K",2012-10-01T20:00:00Z,Buy,49.44,51.93,6,14.94,0.91310160741758,-81.36,48.72,66.3,1,"	996,1260" 
2010-12-01T21:00:00Z,"UFS",2012-10-01T20:00:00Z,Buy,78.75,77.25,3,-4.5,1.5526379734343,-95.4,78.75,119.97,0,"	1000,1262" 
2010-12-01T21:00:00Z,"CRMT",2015-07-01T20:00:00Z,Buy,25.3,50.02,0.49998275000863,12.36,4.4829226848719,-9,15.85,3.84,1,"	994,1811" 
2011-01-03T21:00:00Z,"VSH",2011-02-01T21:00:00Z,Buy,14.78,16.94,14,30.24,4.8823233171537,0,30.24,14.42,1,"	1011,1018" 
2011-01-03T21:00:00Z,"OTL",2011-03-01T21:00:00Z,Buy,20.68,25.61,16,78.88,4.4990481662794,-24.32,104.32,25.44,1,"	1008,1028" 
2011-01-03T21:00:00Z,"RGR",2011-03-01T21:00:00Z,Buy,15.09,17.9,12,33.72,3.274951421125,-2.88,35.64,10.68,1,"	1009,1029" 
2011-01-03T21:00:00Z,"OTL",2011-04-01T20:00:00Z,Buy,20.68,31.01,8,82.64,0.51941765810895,-12.16,90.08,12.96,1,"	1008,1040" 
2011-01-03T21:00:00Z,"RGR",2011-04-01T20:00:00Z,Buy,15.09,23.09,16,128,0.54020896821942,-3.84,128,14.24,1,"	1009,1041" 
2011-01-03T21:00:00Z,"OTL",2011-05-02T20:00:00Z,Buy,20.68,36.2,6,93.12,0.51441848114711,-9.12,101.88,9.72,1,"	1008,1053" 
2011-01-03T21:00:00Z,"CLW",2011-06-01T20:00:00Z,Buy,81.25,67.69,3,-40.68,0.99431143019101,-111.06,10.26,43.5,0,"	1007,1065" 
2011-01-03T21:00:00Z,"RGR",2011-08-01T20:00:00Z,Buy,15.09,27.75,13,164.58,1.4483186517009,-3.12,166.4,65.13,1,"	1009,1097" 
2011-01-03T21:00:00Z,"RGR",2011-09-01T20:00:00Z,Buy,15.09,31.78,13,216.97,1.8777143608679,-3.12,265.72,65.13,1,"	1009,1110" 
2011-01-03T21:00:00Z,"VSH",2011-12-01T21:00:00Z,Buy,14.78,9.7,89,-452.12,0.88986349848332,-595.41,380.03,975.44,0,"	1011,1146" 
2011-01-03T21:00:00Z,"RGR",2012-01-03T21:00:00Z,Buy,15.09,34.14,8,152.4,1.7437592579903,-1.92,163.52,87.04,1,"	1009,1159" 
2011-01-03T21:00:00Z,"RGR",2012-04-02T20:00:00Z,Buy,15.09,51.1,7,252.07,1.2633971292878,-1.68,252.07,76.16,1,"	1009,1182" 
2011-01-03T21:00:00Z,"OTL",2012-05-01T20:00:00Z,Buy,20.68,29.94,44,407.44,0.64360899768442,-66.88,747.12,700.48,1,"	1008,1190" 
2011-01-03T21:00:00Z,"RGR",2012-05-01T20:00:00Z,Buy,15.09,55.14,6,240.3,0.51449272822849,-1.44,251.88,65.28,1,"	1009,1192" 
2011-01-03T21:00:00Z,"RGR",2012-08-01T20:00:00Z,Buy,15.09,49.39,8,274.4,0.51998785916633,-1.92,339.68,180.88,1,"	1009,1235" 
2011-01-03T21:00:00Z,"SHOO",2012-08-01T20:00:00Z,Buy,28.346668261168,39.41,7.4999995781246,82.97,1.106231842489,-167.37,125.5,100.42,1,"	1010,1236" 
2011-01-03T21:00:00Z,"RGR",2012-12-03T21:00:00Z,Buy,15.09,58.58,9,391.41,1.3523945978889,-2.16,402.39,203.49,1,"	1009,1291" 
2011-01-03T21:00:00Z,"RGR",2013-03-01T21:00:00Z,Buy,15.09,56.09,5,205,0.51283876579381,-1.2,223.55,113.05,1,"	1009,1330" 
2011-01-03T21:00:00Z,"RGR",2013-05-01T20:00:00Z,Buy,15.09,49.62,1,34.53,0.59208634498926,-0.24,44.71,22.61,1,"	1009,1364" 
2011-02-01T21:00:00Z,"KLIC",2011-06-01T20:00:00Z,Buy,10.29,11.65,35,47.6,1.4823068692624,-78.05,76.3,78.4,1,"	1020,1069" 
2011-02-01T21:00:00Z,"FL",2011-06-01T20:00:00Z,Buy,18.02,24.32,14,88.2,6.9681440671295,-7.56,99.26,21.14,1,"	1022,1070" 
2011-02-01T21:00:00Z,"PLCE",2011-10-03T20:00:00Z,Buy,42.14,45.8,6,21.96,0.51508952017188,-29.52,86.46,111.18,1,"	1021,1121" 
2011-02-01T21:00:00Z,"KLIC",2012-02-01T21:00:00Z,Buy,10.29,11.31,23,23.46,1.210085351238,-78.66,50.14,128.8,1,"	1020,1166" 
2011-02-01T21:00:00Z,"FL",2012-03-01T21:00:00Z,Buy,18.02,29.51,10,114.9,0.52529139526911,-12.5,114.9,83.4,1,"	1022,1173" 
2011-02-01T21:00:00Z,"KLIC",2012-05-01T20:00:00Z,Buy,10.29,12.99,16,43.2,0.7930592388632,-54.72,47.2,89.6,1,"	1020,1189" 
2011-02-01T21:00:00Z,"FL",2012-06-01T20:00:00Z,Buy,18.02,30.38,9,111.24,1.2531644634154,-11.25,132.75,75.06,1,"	1022,1212" 
2011-02-01T21:00:00Z,"KLIC",2012-08-01T20:00:00Z,Buy,10.29,10.87,34,19.72,0.58346431797651,-116.28,100.3,190.4,1,"	1020,1233" 
2011-02-01T21:00:00Z,"KLIC",2013-02-01T21:00:00Z,Buy,10.29,11.65,43,58.48,2.2872238832427,-147.06,126.85,240.8,1,"	1020,1318" 
2011-02-01T21:00:00Z,"CTR",2013-07-01T20:00:00Z,Buy,24.89,25.32,11,4.73,0.52800634206219,-105.27,75.46,102.52,1,"	1019,1397" 
2011-02-01T21:00:00Z,"FL",2014-01-02T21:00:00Z,Buy,18.02,40.77,5,113.75,0.81266375195224,-6.25,117.1,41.7,1,"	1022,1499" 
2011-02-01T21:00:00Z,"FL",2014-04-01T20:00:00Z,Buy,18.02,47.3,7,204.96,0.51761545009577,-8.75,204.96,58.38,1,"	1022,1560" 
2011-02-01T21:00:00Z,"FL",2014-09-02T20:00:00Z,Buy,18.02,57.25,8,313.84,1.3216936820371,-10,313.84,66.72,1,"	1022,1640" 
2011-02-01T21:00:00Z,"FL",2015-04-01T20:00:00Z,Buy,18.02,62.52,4,178,0.83400970386392,-5,182.36,33.36,1,"	1022,1762" 
2011-02-01T21:00:00Z,"FL",2015-08-03T20:00:00Z,Buy,18.02,70.18,4,208.64,0.50994755492558,-5,210.12,33.36,1,"	1022,1837" 
2011-02-01T21:00:00Z,"FL",2015-10-01T20:00:00Z,Buy,18.02,71.15,4,212.52,0.50988606363763,-5,231,33.36,1,"	1022,1870" 
2011-03-01T21:00:00Z,"MGLN",2011-05-02T20:00:00Z,Buy,48.62,51.79,5,15.85,0.51266673614006,-15.3,17.85,15.25,1,"	1034,1052" 
2011-03-01T21:00:00Z,"USMO",2011-05-02T20:00:00Z,Buy,14.46,15.02,25,14,0.85430280790349,-40,116.5,40,1,"	1037,1056" 
2011-03-01T21:00:00Z,"HWKN",2011-08-01T20:00:00Z,Buy,36.57,34.73,7,-12.88,1.626364163804,-167.44,88.48,93.73,0,"	1033,1095" 
2011-03-01T21:00:00Z,"ALV",2011-10-03T20:00:00Z,Buy,73.1,46.14,20,-539.2,1.1106420272757,-539.2,139.6,678.8,0,"	1030,1118" 
2011-03-01T21:00:00Z,"AIT",2011-12-01T21:00:00Z,Buy,31.5,34.3,5.0000194999903,14,3.2811532976849,-80.2,24.65,55.25,1,"	1031,1139" 
2011-03-01T21:00:00Z,"MKSI",2011-12-01T21:00:00Z,Buy,29.79,26.35,10,-34.4,6.1010755190139,-95.6,39,134.6,0,"	1035,1142" 
2011-03-01T21:00:00Z,"MKSI",2012-07-02T20:00:00Z,Buy,29.79,28.93,8,-6.88,1.0568939691488,-76.48,31.2,107.68,0,"	1035,1225" 
2011-03-01T21:00:00Z,"AIT",2012-11-01T20:00:00Z,Buy,31.5,40.94,42,396.48,0.60590539541759,-673.68,526.26,464.1,1,"	1031,1272" 
2011-03-01T21:00:00Z,"MKSI",2012-12-03T21:00:00Z,Buy,29.79,24.02,34,-196.18,2.2729701541704,-325.04,132.6,457.64,0,"	1035,1289" 
2011-03-01T21:00:00Z,"TER",2013-01-02T21:00:00Z,Buy,18.19,17.48,15,-10.65,1.7916788862271,-114.75,13.8,128.55,0,"	1036,1304" 
2011-03-01T21:00:00Z,"ENTG",2013-04-01T20:00:00Z,Buy,8.51,9.65,179,204.06,3.4374796780031,-429.6,345.47,775.07,1,"	1032,1343" 
2011-03-01T21:00:00Z,"TER",2013-05-01T20:00:00Z,Buy,18.19,16.11,69,-143.52,4.4852595070702,-527.85,63.48,591.33,0,"	1036,1365" 
2011-03-01T21:00:00Z,"WMK",2013-07-01T20:00:00Z,Buy,39.72,45.44,6,34.32,0.86135239926591,-98.58,43.2,47.04,1,"	1038,1403" 
2011-04-01T20:00:00Z,"DISCA",2011-05-02T20:00:00Z,Buy,40.41,44.65,8,33.92,0.81249138178532,-105.04,36.48,3.92,1,"	1043,1047" 
2011-04-01T20:00:00Z,"LSCC",2011-12-01T21:00:00Z,Buy,5.94,6.97,61,62.83,3.9828681024908,-66.49,67.1,133.59,1,"	1045,1141" 
2011-04-01T20:00:00Z,"LSCC",2012-06-01T20:00:00Z,Buy,5.94,4.29,214,-353.1,5.328906175152,-353.1,235.4,588.5,0,"	1045,1204" 
2011-04-01T20:00:00Z,"KLIC",2013-02-01T21:00:00Z,Buy,9.17,11.65,23,57.04,0.55639304812834,-52.9,93.61,128.8,1,"	1044,1318" 
2011-05-02T20:00:00Z,"CORE",2011-06-01T20:00:00Z,Buy,33.84,34.83,6,5.94,0.51514771709937,-49.74,18.84,14.76,1,"	1059,1066" 
2011-05-02T20:00:00Z,"CRUS",2011-08-01T20:00:00Z,Buy,15.93,15.22,32,-22.72,2.7892715987685,-109.44,295.04,96.64,0,"	1060,1090" 
2011-05-02T20:00:00Z,"EBS",2011-08-01T20:00:00Z,Buy,23.7,20.52,72,-228.96,7.062277310264,-228.96,92.16,321.12,0,"	1061,1093" 
2011-05-02T20:00:00Z,"CCF",2011-09-01T20:00:00Z,Buy,16.84,12.59,102,-433.5,22.880613766101,-544.68,52.02,596.7,0,"	1058,1108" 
2011-05-02T20:00:00Z,"LRCX",2011-11-01T20:00:00Z,Buy,48.09,42.22,35,-205.45,8.2615879415295,-444.85,18.9,463.75,0,"	1062,1132" 
2011-05-02T20:00:00Z,"PLPC",2011-11-01T20:00:00Z,Buy,70.04,58.69,5,-56.75,3.2090808884395,-140.25,34.95,175.2,0,"	1063,1133" 
2011-05-02T20:00:00Z,"BRKS",2012-01-03T21:00:00Z,Buy,11.81,10.41,24,-33.6,2.8044339453895,-102.96,14.64,117.6,0,"	1057,1154" 
2011-05-02T20:00:00Z,"PLPC",2012-06-01T20:00:00Z,Buy,70.04,53.05,18,-305.82,0.57145743534483,-504.9,125.82,630.72,0,"	1063,1209" 
2011-05-02T20:00:00Z,"BRKS",2012-10-01T20:00:00Z,Buy,11.81,7.81,114,-456,3.2165144217041,-489.06,69.54,558.6,0,"	1057,1256" 
2011-05-02T20:00:00Z,"TER",2013-05-01T20:00:00Z,Buy,15.83,16.11,21,5.88,1.5242833135207,-111.09,68.88,128.31,1,"	1064,1365" 
2011-06-01T20:00:00Z,"ALG",2011-08-01T20:00:00Z,Buy,25.09,24.02,11,-11.77,1.1485323263955,-65.56,44.55,42.46,0,"	1071,1089" 
2011-06-01T20:00:00Z,"SXI",2011-08-01T20:00:00Z,Buy,32.66,32.27,7,-2.73,0.51720499698977,-72.38,43.26,27.86,0,"	1077,1099" 
2011-06-01T20:00:00Z,"SSP",2011-12-01T21:00:00Z,Buy,8.15,8.35,39,7.8,0.89220473727471,-66.3,89.7,129.48,1,"	1076,1144" 
2011-06-01T20:00:00Z,"VSH",2011-12-01T21:00:00Z,Buy,15.41,9.7,18,-102.78,0.54369565217391,-131.76,65.52,145.98,0,"	1078,1146" 
2011-06-01T20:00:00Z,"MERC",2012-01-03T21:00:00Z,Buy,12.89,6.49,123,-787.2,8.161172333358,-928.65,0,928.65,0,"	1072,1158" 
2011-06-01T20:00:00Z,"OTL",2012-05-01T20:00:00Z,Buy,32.47,29.94,6,-15.18,0.51437149601652,-79.86,31.14,83.7,0,"	1075,1190" 
2011-06-01T20:00:00Z,"MKSI",2012-12-03T21:00:00Z,Buy,25.44,24.02,12,-17.04,0.52901901140684,-62.52,99,113.76,0,"	1073,1289" 
2011-06-01T20:00:00Z,"MXIM",2013-12-02T21:00:00Z,Buy,26.42,28.22,62,111.6,4.0345375493334,-331.08,427.18,396.8,1,"	1074,1475" 
2011-07-01T20:00:00Z,"HWKN",2011-08-01T20:00:00Z,Buy,36.97,34.73,10,-22.4,0.52551766979569,-243.2,122.4,42.7,0,"	1085,1095" 
2011-07-01T20:00:00Z,"GIII",2011-10-03T20:00:00Z,Buy,35.5,21.83,11,-150.37,0.52831351508121,-160.71,105.93,188.21,0,"	1083,1119" 
2011-07-01T20:00:00Z,"PLCE",2011-10-03T20:00:00Z,Buy,45.24,45.8,6,3.36,1.0314742948272,-48.12,67.86,73.98,1,"	1087,1121" 
2011-07-01T20:00:00Z,"VECO",2011-12-01T21:00:00Z,Buy,48.58,25.14,34,-796.96,1.2216544582986,-902.02,0,902.02,0,"	1088,1145" 
2011-07-01T20:00:00Z,"MERC",2012-01-03T21:00:00Z,Buy,10.66,6.49,42,-175.14,2.633379571676,-223.44,93.66,248.22,0,"	1086,1158" 
2011-07-01T20:00:00Z,"GME",2012-09-04T20:00:00Z,Buy,26.94,20.41,14,-91.42,2.2293442258463,-156.94,6.44,163.38,0,"	1084,1244" 
2011-07-01T20:00:00Z,"GME",2012-11-01T20:00:00Z,Buy,26.94,23.6,14,-46.76,0.5361646234676,-156.94,6.44,163.38,0,"	1084,1273" 
2011-07-01T20:00:00Z,"GME",2013-03-01T21:00:00Z,Buy,26.94,24.05,34,-98.26,5.6572260751393,-381.14,30.26,396.78,0,"	1084,1327" 
2011-08-01T20:00:00Z,"MRO",2011-12-01T21:00:00Z,Buy,30.65,27.72,9,-26.37,12.702132803364,-93.33,0,93.33,0,"	1104,1143" 
2011-08-01T20:00:00Z,"MRO",2012-06-01T20:00:00Z,Buy,30.65,23.89,42,-283.92,0.64146025692493,-435.54,185.64,469.56,0,"	1104,1206" 
2011-08-01T20:00:00Z,"MYGN",2012-06-01T20:00:00Z,Buy,20.86,22.98,9,19.08,1.2028616279045,-27,52.65,33.57,1,"	1105,1207" 
2011-08-01T20:00:00Z,"UNH",2012-07-02T20:00:00Z,Buy,48.02,56.26,4,32.96,3.7747562871293,-24.68,48.96,31.88,1,"	1107,1227" 
2011-08-01T20:00:00Z,"BKE",2012-09-04T20:00:00Z,Buy,44.21,44.98,3.7499393287084,2.89,4.6322183405016,-112.69,20.06,47.96,1,"	1100,1243" 
2011-08-01T20:00:00Z,"BRKS",2012-10-01T20:00:00Z,Buy,9.45,7.81,28,-45.92,0.96791399882481,-54.04,83.16,127.96,0,"	1101,1256" 
2011-08-01T20:00:00Z,"UFS",2012-10-01T20:00:00Z,Buy,78.49,77.25,3,-3.72,0.50736303939962,-94.62,79.53,92.58,0,"	1106,1262" 
2011-08-01T20:00:00Z,"MYGN",2012-11-01T20:00:00Z,Buy,20.86,26.86,65,390,0.66678448605273,-195,484.9,276.25,1,"	1105,1275" 
2011-08-01T20:00:00Z,"KLIC",2013-02-01T21:00:00Z,Buy,9.27,11.65,33,78.54,1.3460967083288,-79.2,131.01,163.35,1,"	1102,1318" 
2011-08-01T20:00:00Z,"UNH",2013-04-01T20:00:00Z,Buy,48.02,58.97,27,295.65,1.5644298521784,-166.59,330.48,250.02,1,"	1107,1347" 
2011-08-01T20:00:00Z,"LFUS",2013-05-01T20:00:00Z,Buy,51.89,68.3,30,492.3,8.3447129730269,-399.9,537.9,430.8,1,"	1103,1363" 
2011-08-01T20:00:00Z,"BKE",2013-12-02T21:00:00Z,Buy,44.21,52.07,31.250060671292,245.63,3.143819892984,-939.06,404.06,399.69,1,"	1100,1467" 
2011-09-01T20:00:00Z,"ALV",2011-10-03T20:00:00Z,Buy,55.01,46.14,6,-53.22,2.6403529539325,-53.22,150.42,53.22,0,"	1112,1118" 
2011-09-01T20:00:00Z,"VECO",2011-12-01T21:00:00Z,Buy,34.66,25.14,6,-57.12,1.5361387841785,-75.66,83.52,75.66,0,"	1116,1145" 
2011-09-01T20:00:00Z,"VSH",2011-12-01T21:00:00Z,Buy,11.15,9.7,22,-31.9,1.1556882416099,-67.32,173.8,67.32,0,"	1117,1146" 
2011-09-01T20:00:00Z,"LINC",2012-04-02T20:00:00Z,Buy,9.29,7.91,149,-205.62,4.552438589405,-357.6,52.15,409.75,0,"	1114,1180" 
2011-09-01T20:00:00Z,"FOSL",2012-07-02T20:00:00Z,Buy,95.49,74.88,3,-61.83,0.50741305247904,-253.69,128.43,206.46,0,"	1113,1223" 
2011-09-01T20:00:00Z,"SCVL",2013-06-03T20:00:00Z,Buy,16.61334164,24.64,11.999994000003,96.32,0.51969182141446,-67.12,96.32,64.08,1,"	1115,1382" 
2011-10-03T20:00:00Z,"DEPO",2011-11-01T20:00:00Z,Buy,5,4.38,247,-153.14,12.89041730237,-167.96,316.16,484.12,0,"	1123,1131" 
2011-10-03T20:00:00Z,"VECO",2011-12-01T21:00:00Z,Buy,24.01,25.14,14,15.82,0.53444057377049,-27.44,343.98,100.1,1,"	1128,1145" 
2011-10-03T20:00:00Z,"VSH",2011-12-01T21:00:00Z,Buy,8.09,9.7,30,48.3,0.57257775119617,0,328.8,87,1,"	1129,1146" 
2011-10-03T20:00:00Z,"MERC",2012-01-03T21:00:00Z,Buy,6.73,6.49,31,-7.44,0.57670220588235,-43.09,190.96,65.72,0,"	1124,1158" 
2011-10-03T20:00:00Z,"CVI",2012-02-01T21:00:00Z,Buy,19.69,25.58,17,100.13,1.561869723171,-45.73,131.75,177.48,1,"	1122,1164" 
2011-10-03T20:00:00Z,"CVI",2012-05-01T20:00:00Z,Buy,19.69,30.16,7,73.29,0.51738471673254,-18.83,74.83,73.08,1,"	1122,1188" 
2011-10-03T20:00:00Z,"MRO",2012-06-01T20:00:00Z,Buy,20.28,23.89,10,36.1,0.52349397590361,0,147.9,111.8,1,"	1126,1206" 
2011-10-03T20:00:00Z,"PLPC",2012-06-01T20:00:00Z,Buy,41.99,53.05,6,66.36,0.51375218340611,0,210.24,115.32,1,"	1127,1209" 
2011-10-03T20:00:00Z,"MLR",2012-09-04T20:00:00Z,Buy,16.57,15.51,76,-80.56,1.4544503905707,-166.44,331.36,497.8,0,"	1125,1245" 
2011-10-03T20:00:00Z,"CVI",2012-10-01T20:00:00Z,Buy,19.69,40.18,11,225.39,0.53006666666667,-29.59,225.39,114.84,1,"	1122,1258" 
2011-10-03T20:00:00Z,"CVI",2012-12-03T21:00:00Z,Buy,19.69,45.83,8,209.12,0.52003935286401,-21.52,209.12,83.52,1,"	1122,1285" 
2011-10-03T20:00:00Z,"CVI",2013-02-01T21:00:00Z,Buy,19.69,53.58,7,237.23,0.51596,-18.83,273.42,73.08,1,"	1122,1316" 
2011-10-03T20:00:00Z,"CVI",2013-06-03T20:00:00Z,Buy,19.69,61.52,4,167.32,0.50979461869129,-10.76,202.76,63.4,1,"	1122,1378" 
2011-10-03T20:00:00Z,"CVI",2013-12-02T21:00:00Z,Buy,19.69,40.03,9,183.06,0.63684603697139,-24.21,456.21,330.84,1,"	1122,1469" 
2011-11-01T20:00:00Z,"IDT",2012-01-03T21:00:00Z,Buy,12,9.55,76,-186.2,13.167459463632,-238.64,1338.36,402.04,0,"	1136,1156" 
2011-11-01T20:00:00Z,"MERC",2012-01-03T21:00:00Z,Buy,6.85,6.49,30,-10.8,0.57467296511628,-45.3,181.2,45.3,0,"	1137,1158" 
2011-11-01T20:00:00Z,"CHS",2012-03-01T21:00:00Z,Buy,12.29,15.29,126,378,3.5811317798662,-296.1,378,315,1,"	1134,1169" 
2011-11-01T20:00:00Z,"CROX",2012-05-01T20:00:00Z,Buy,17.86,20.13,88,199.76,10.351622083523,-305.36,393.36,308,1,"	1135,1187" 
2011-11-01T20:00:00Z,"RGR",2013-05-01T20:00:00Z,Buy,28.63,49.62,7,146.93,1.6201193995429,-96.46,218.19,158.27,1,"	1138,1364" 
2011-12-01T21:00:00Z,"LZB",2012-01-03T21:00:00Z,Buy,11.59,12,26,10.66,10.169392179697,-14.56,20.54,35.1,1,"	1152,1157" 
2011-12-01T21:00:00Z,"HOC",2012-02-01T21:00:00Z,Buy,23.43,30.42,8,55.92,1.471572907611,-13.04,55.92,21.36,1,"	1149,1165" 
2011-12-01T21:00:00Z,"LINC",2012-04-02T20:00:00Z,Buy,7.47,7.91,51,22.44,2.5369219029755,-29.58,110.67,98.94,1,"	1151,1180" 
2011-12-01T21:00:00Z,"HOC",2012-07-02T20:00:00Z,Buy,23.43,35.69,10,122.6,0.52516925246827,-16.3,125.6,77.9,1,"	1149,1224" 
2011-12-01T21:00:00Z,"CVX",2012-08-01T20:00:00Z,Buy,101.83,110.48,2,17.3,1.4409255814894,-10.84,18.72,29.56,1,"	1147,1232" 
2011-12-01T21:00:00Z,"MLR",2012-09-04T20:00:00Z,Buy,15.35,15.51,15,2.4,1.336312954728,-14.55,83.7,45.9,1,"	1153,1245" 
2011-12-01T21:00:00Z,"K",2012-10-01T20:00:00Z,Buy,48.98,51.93,5,14.75,0.95371739251816,-65.5,42.9,37.4,1,"	1150,1260" 
2011-12-01T21:00:00Z,"LZB",2012-11-01T20:00:00Z,Buy,11.59,16.66,20,101.4,0.55135635018496,-11.2,106.6,101.2,1,"	1152,1274" 
2011-12-01T21:00:00Z,"HOC",2012-12-03T21:00:00Z,Buy,23.43,45.35,7,153.44,0.51750772115597,-11.41,154.35,54.53,1,"	1149,1287" 
2011-12-01T21:00:00Z,"HOC",2013-03-01T21:00:00Z,Buy,23.43,56.95,5,167.6,0.51266681494662,-8.15,167.6,38.95,1,"	1149,1328" 
2011-12-01T21:00:00Z,"LZB",2013-03-01T21:00:00Z,Buy,11.59,18.34,14,94.5,0.53503820960699,-7.84,94.5,70.84,1,"	1152,1329" 
2011-12-01T21:00:00Z,"CVX",2013-08-01T20:00:00Z,Buy,101.83,126.39,12,294.72,2.7148531395078,-65.04,311.16,197.28,1,"	1147,1414" 
2011-12-01T21:00:00Z,"LZB",2013-10-01T20:00:00Z,Buy,11.59,22.91,11,124.52,0.52774218405989,-6.16,133.43,55.66,1,"	1152,1441" 
2011-12-01T21:00:00Z,"CVI",2013-12-02T21:00:00Z,Buy,18.06,40.03,18,395.46,0.54465384615385,-19.08,941.76,661.68,1,"	1148,1469" 
2011-12-01T21:00:00Z,"LZB",2013-12-02T21:00:00Z,Buy,11.59,28.99,12,208.8,0.52972317156528,-6.72,215.64,60.72,1,"	1152,1473" 
2011-12-01T21:00:00Z,"HOC",2014-03-03T21:00:00Z,Buy,23.43,44.88,33,707.85,0.61818301514154,-53.79,1155,617.1,1,"	1149,1533" 
2011-12-01T21:00:00Z,"LZB",2014-10-01T20:00:00Z,Buy,11.59,19.45,66,518.76,2.6829834670657,-36.96,1283.04,764.28,1,"	1152,1649" 
2012-01-03T21:00:00Z,"LXU",2012-02-01T21:00:00Z,Buy,29.51,36.97,6,44.76,8.4265302788506,0,44.76,10.74,1,"	1163,1167" 
2012-01-03T21:00:00Z,"DECK",2012-03-01T21:00:00Z,Buy,76.45,78.59,5.9999724599774,12.84,0.51517467248908,-209.52,247.14,93.78,1,"	1161,1171" 
2012-01-03T21:00:00Z,"B",2012-04-02T20:00:00Z,Buy,24.44,26.96,60,151.2,7.5539466962931,-7.2,211.8,124.8,1,"	1160,1179" 
2012-01-03T21:00:00Z,"LXU",2012-06-01T20:00:00Z,Buy,29.51,27.03,46,-114.08,5.9097484452036,-137.54,540.04,677.58,0,"	1163,1205" 
2012-01-03T21:00:00Z,"FOSL",2012-07-02T20:00:00Z,Buy,79.27,74.88,3,-13.17,1.1844648600161,-205.03,177.09,206.46,0,"	1162,1223" 
2012-01-03T21:00:00Z,"DECK",2013-12-02T21:00:00Z,Buy,76.45,83.95,2.7540022582819E-5,0,0.51016097797144,0,0,0,0,"	1161,1470" 
2012-02-01T21:00:00Z,"DDS",2013-06-03T20:00:00Z,Buy,43.89,91.44,6,285.3,0.97430450309116,-147.3,298.8,72.84,1,"	1168,1379" 
2012-03-01T21:00:00Z,"LSCC",2012-06-01T20:00:00Z,Buy,6.55,4.29,47,-106.22,1.15730349909,-106.22,23.03,108.57,0,"	1176,1204" 
2012-03-01T21:00:00Z,"MLR",2012-09-04T20:00:00Z,Buy,15.97,15.51,17,-7.82,0.99959077894107,-27.03,84.32,51.85,0,"	1177,1245" 
2012-03-01T21:00:00Z,"ICFI",2012-12-03T21:00:00Z,Buy,24.88,21.62,66,-215.16,4.3906324456039,-437.58,81.84,519.42,0,"	1175,1288" 
2012-03-01T21:00:00Z,"UACL",2013-01-02T21:00:00Z,Buy,15.46,18.43,110,326.7,10.289080299323,-320.1,326.7,455.4,1,"	1178,1305" 
2012-03-01T21:00:00Z,"GME",2013-03-01T21:00:00Z,Buy,23.84,24.05,13,2.73,0.53399736726634,-105.43,51.87,116.22,1,"	1174,1327" 
2012-04-02T20:00:00Z,"OTL",2012-05-01T20:00:00Z,Buy,31.8,29.94,8,-14.88,0.52093482554312,-101.12,46.88,21.36,0,"	1185,1190" 
2012-04-02T20:00:00Z,"SMP",2012-09-04T20:00:00Z,Buy,17.39,17.63,20,4.8,12.570397346139,-105,16.8,105,1,"	1186,1247" 
2012-04-02T20:00:00Z,"CMTL",2012-10-01T20:00:00Z,Buy,33.85,27.74,54,-329.94,4.0178297978717,-394.2,3.24,397.44,0,"	1184,1257" 
2012-04-02T20:00:00Z,"SMP",2013-01-02T21:00:00Z,Buy,17.39,22.61,15,78.3,0.9838459308115,-78.75,78.3,78.75,1,"	1186,1303" 
2012-04-02T20:00:00Z,"SMP",2013-04-01T20:00:00Z,Buy,17.39,28.25,11,119.46,0.6907134168765,-57.75,119.46,57.75,1,"	1186,1346" 
2012-04-02T20:00:00Z,"SMP",2013-06-03T20:00:00Z,Buy,17.39,34.14,8,134,0.52020118343195,-42,134.56,42,1,"	1186,1383" 
2012-04-02T20:00:00Z,"CVX",2013-08-01T20:00:00Z,Buy,108.3,126.39,2,36.18,0.50504942185752,-23.78,38.92,32.88,1,"	1183,1414" 
2012-04-02T20:00:00Z,"SMP",2014-06-02T20:00:00Z,Buy,17.39,40.99,11,259.6,0.52714896435453,-57.75,282.7,85.36,1,"	1186,1588" 
2012-04-02T20:00:00Z,"SMP",2015-05-01T20:00:00Z,Buy,17.39,36.25,35,660.1,0.65104166666667,-183.75,982.1,434,1,"	1186,1782" 
2012-05-01T20:00:00Z,"LSCC",2012-06-01T20:00:00Z,Buy,5.43,4.29,58,-66.12,0.6442032967033,-66.12,93.38,66.12,0,"	1195,1204" 
2012-05-01T20:00:00Z,"MRO",2012-06-01T20:00:00Z,Buy,30.19,23.89,7,-44.1,0.98829035138481,-69.37,34.16,44.1,0,"	1197,1206" 
2012-05-01T20:00:00Z,"SPPI",2012-06-01T20:00:00Z,Buy,10.49,11.01,28,14.56,8.0273133407369,0,46.2,32.76,1,"	1198,1208" 
2012-05-01T20:00:00Z,"PLPC",2012-06-01T20:00:00Z,Buy,57.22,53.05,6,-25.02,0.51486748657544,-91.38,118.86,31.74,0,"	1199,1209" 
2012-05-01T20:00:00Z,"RSC",2012-06-01T20:00:00Z,Buy,27.16,17.76,62,-582.8,5.0533479851073,-582.8,0,582.8,0,"	1200,1210" 
2012-05-01T20:00:00Z,"SPPI",2012-07-02T20:00:00Z,Buy,10.49,16,33,181.83,0.58483290488432,0,181.83,38.61,1,"	1198,1226" 
2012-05-01T20:00:00Z,"K",2012-10-01T20:00:00Z,Buy,50,51.93,4,7.72,0.50988728495155,-56.48,30.24,17.92,1,"	1194,1260" 
2012-05-01T20:00:00Z,"MKSI",2012-12-03T21:00:00Z,Buy,27.39,24.02,9,-30.33,0.68409353826283,-64.44,56.7,60.66,0,"	1196,1289" 
2012-05-01T20:00:00Z,"SPPI",2012-12-03T21:00:00Z,Buy,10.49,11.74,103,128.75,0.84704391891892,0,675.68,660.23,1,"	1198,1290" 
2012-05-01T20:00:00Z,"EGY",2013-04-01T20:00:00Z,Buy,9.38,7.38,192,-384,11.018302690272,-441.6,7.68,441.6,0,"	1193,1341" 
2012-05-01T20:00:00Z,"SMP",2015-05-01T20:00:00Z,Buy,15.22,36.25,15,315.45,1.0582991248487,-46.2,453.45,186,1,"	1201,1782" 
2012-06-01T20:00:00Z,"FOSL",2012-07-02T20:00:00Z,Buy,69.59,74.88,6.0000194999903,31.74,0.51664604975396,-351.98,412.26,37.38,1,"	1215,1223" 
2012-06-01T20:00:00Z,"NUS",2012-08-01T20:00:00Z,Buy,41.44,49.48,5,40.2,13.264809297561,-5.2,47.85,23.9,1,"	1218,1234" 
2012-06-01T20:00:00Z,"BRKS",2012-10-01T20:00:00Z,Buy,9.1,7.81,26,-33.54,0.90121764463599,-41.08,86.32,54.34,0,"	1214,1256" 
2012-06-01T20:00:00Z,"STMP",2012-10-01T20:00:00Z,Buy,22.82,23.26,64,28.16,9.5233466698963,-254.72,169.6,424.32,1,"	1220,1261" 
2012-06-01T20:00:00Z,"NUS",2012-11-01T20:00:00Z,Buy,41.44,48.94,31,232.5,0.60340164800338,-146.63,296.67,443.3,1,"	1218,1276" 
2012-06-01T20:00:00Z,"INTC",2013-01-02T21:00:00Z,Buy,25.14,21.38,61,-229.36,3.2295322322992,-352.58,152.5,505.08,0,"	1216,1300" 
2012-06-01T20:00:00Z,"KIRK",2013-01-02T21:00:00Z,Buy,10.55,10.96,145,59.45,8.8025027259626,-282.75,224.75,507.5,1,"	1217,1301" 
2012-06-01T20:00:00Z,"AAPL",2013-03-01T21:00:00Z,Buy,560.99,430.51,2,-260.96,5.915863222176,-260.96,282.22,543.18,0,"	1213,1325" 
2012-06-01T20:00:00Z,"USNA",2013-03-01T21:00:00Z,Buy,40.06,43.74,12,44.16,1.1263069108531,-109.68,110.28,219.96,1,"	1221,1331" 
2012-06-01T20:00:00Z,"RGR",2013-05-01T20:00:00Z,Buy,37.63,49.62,10,119.9,0.52414036438286,-227.8,221.7,192,1,"	1219,1364" 
2012-06-01T20:00:00Z,"USNA",2013-05-01T20:00:00Z,Buy,40.06,54.93,8,118.96,1.7926831497233,-73.12,133.36,146.64,1,"	1221,1366" 
2012-06-01T20:00:00Z,"USNA",2013-06-03T20:00:00Z,Buy,40.06,67.3,5,136.2,0.51199386940405,-45.7,150.4,91.65,1,"	1221,1385" 
2012-06-01T20:00:00Z,"USNA",2013-08-01T20:00:00Z,Buy,40.06,85.13,3,135.21,0.50772785039942,-27.42,135.84,54.99,1,"	1221,1418" 
2012-06-01T20:00:00Z,"USNA",2014-03-03T21:00:00Z,Buy,40.06,71.94,6,191.28,0.51474784747847,-54.84,308.1,202.74,1,"	1221,1539" 
2012-06-01T20:00:00Z,"USNA",2014-06-02T20:00:00Z,Buy,40.06,71.11,3,93.15,0.81993567997852,-27.42,154.05,101.37,1,"	1221,1591" 
2012-06-01T20:00:00Z,"USNA",2014-09-02T20:00:00Z,Buy,40.06,71.05,2,61.98,0.8382855573346,-18.28,102.7,67.58,1,"	1221,1638" 
2012-07-02T20:00:00Z,"SHOO",2012-08-01T20:00:00Z,Buy,31.69,39.41,7.9999324197595,61.76,1.5287156898729,-205.27,107.12,15.92,1,"	1231,1236" 
2012-07-02T20:00:00Z,"MOV",2012-09-04T20:00:00Z,Buy,25.34,36.36,17,187.34,1.2059968748551,-58.65,187.34,60.01,1,"	1230,1246" 
2012-07-02T20:00:00Z,"KLIC",2013-02-01T21:00:00Z,Buy,8.9,11.65,47,129.25,2.9313375786503,-95.41,203.98,118.91,1,"	1229,1318" 
2012-07-02T20:00:00Z,"MOV",2013-02-01T21:00:00Z,Buy,25.34,36.93,7,81.13,0.51767710612691,-24.15,82.81,60.2,1,"	1230,1319" 
2012-07-02T20:00:00Z,"GME",2013-03-01T21:00:00Z,Buy,17.98,24.05,12,72.84,0.52937908496732,-27,118.2,62.64,1,"	1228,1327" 
2012-07-02T20:00:00Z,"MOV",2013-06-03T20:00:00Z,Buy,25.34,36,8,85.28,0.51994459833795,-27.6,105.76,73.12,1,"	1230,1381" 
2012-07-02T20:00:00Z,"MOV",2013-09-03T20:00:00Z,Buy,25.34,41.62,32,520.96,8.2609190879911,-110.4,590.4,292.48,1,"	1230,1426" 
2012-08-01T20:00:00Z,"DISCA",2012-10-01T20:00:00Z,Buy,49.3,59.98,4,42.72,1.0879571744502,0,42.72,8.8,1,"	1238,1259" 
2012-08-01T20:00:00Z,"STMP",2012-10-01T20:00:00Z,Buy,20.11,23.26,12,37.8,1.0550769158697,-15.24,64.32,29.88,1,"	1241,1261" 
2012-08-01T20:00:00Z,"DISCA",2013-03-01T21:00:00Z,Buy,49.3,74.88,3,76.74,0.66902670330871,0,76.74,20.16,1,"	1238,1326" 
2012-08-01T20:00:00Z,"GME",2013-03-01T21:00:00Z,Buy,16.07,24.05,14,111.72,0.53510923845194,-4.76,164.64,73.08,1,"	1240,1327" 
2012-08-01T20:00:00Z,"EGY",2013-04-01T20:00:00Z,Buy,7.37,7.38,29,0.29,0.57289563437926,-8.41,59.45,59.16,1,"	1239,1341" 
2012-08-01T20:00:00Z,"UNH",2013-04-01T20:00:00Z,Buy,51.2,58.97,4,31.08,0.95325760625439,-37.4,36.24,26.88,1,"	1242,1347" 
2012-08-01T20:00:00Z,"BKE",2013-12-02T21:00:00Z,Buy,37.11,52.07,6,89.76,1.3191136384795,-137.7,120.18,62.46,1,"	1237,1467" 
2012-08-01T20:00:00Z,"DISCA",2014-03-03T21:00:00Z,Buy,49.3,82.08,25,819.5,0.56895823331733,0,1029,329,1,"	1238,1531" 
2012-09-04T20:00:00Z,"BRKS",2012-10-01T20:00:00Z,Buy,8.08,7.81,41,-11.07,0.60339575530587,-22.96,177.94,27.88,0,"	1248,1256" 
2012-09-04T20:00:00Z,"UFS",2012-10-01T20:00:00Z,Buy,73.78,77.25,4,13.88,1.1603327222798,-107.32,124.88,12.72,1,"	1254,1262" 
2012-09-04T20:00:00Z,"NUS",2012-11-01T20:00:00Z,Buy,41.68,48.94,9,65.34,0.52260303687636,-44.73,83.97,74.25,1,"	1252,1276" 
2012-09-04T20:00:00Z,"ICFI",2012-12-03T21:00:00Z,Buy,22.49,21.62,10,-8.7,1.0927812294637,-42.4,36.3,45.6,0,"	1249,1288" 
2012-09-04T20:00:00Z,"SPPI",2012-12-03T21:00:00Z,Buy,12.18,11.74,37,-16.28,3.0200276073715,-62.53,180.19,96.2,0,"	1251,1290" 
2012-09-04T20:00:00Z,"KIRK",2013-01-02T21:00:00Z,Buy,9.72,10.96,27,33.48,0.56763917525773,-30.24,64.26,47.52,1,"	1250,1301" 
2012-09-04T20:00:00Z,"WDC",2013-01-02T21:00:00Z,Buy,42.32,43.44,7,7.84,1.1190868687251,-62.23,7.84,67.62,1,"	1255,1306" 
2012-09-04T20:00:00Z,"WDC",2013-04-01T20:00:00Z,Buy,42.32,50.4,4,32.32,0.51002386634845,-35.56,33.68,38.64,1,"	1255,1348" 
2012-09-04T20:00:00Z,"RGR",2013-05-01T20:00:00Z,Buy,43.5,49.62,6,36.72,0.51506928406467,-171.9,97.8,115.2,1,"	1253,1364" 
2012-09-04T20:00:00Z,"WDC",2013-06-03T20:00:00Z,Buy,42.32,63.8,5,107.4,1.2388620885981,-44.45,107.4,48.3,1,"	1255,1387" 
2012-09-04T20:00:00Z,"WDC",2014-01-02T21:00:00Z,Buy,42.32,82.68,5,201.8,0.51231823599523,-44.45,207.9,48.3,1,"	1255,1498" 
2012-09-04T20:00:00Z,"WDC",2014-08-01T20:00:00Z,Buy,42.32,100.3,5,289.9,1.1465071983901,-44.45,294.55,60.95,1,"	1255,1621" 
2012-09-04T20:00:00Z,"WDC",2015-08-03T20:00:00Z,Buy,42.32,85.85,14,609.42,0.57731088775273,-124.46,1007.44,529.06,1,"	1255,1836" 
2012-10-01T20:00:00Z,"WCC",2012-11-01T20:00:00Z,Buy,57.72,65.36,4,30.56,1.0832330736465,-6.44,30.56,13.56,1,"	1271,1277" 
2012-10-01T20:00:00Z,"MKSI",2012-12-03T21:00:00Z,Buy,25.13,24.02,12,-13.32,0.61925454821036,-58.8,102.72,29.28,0,"	1269,1289" 
2012-10-01T20:00:00Z,"INTC",2013-01-02T21:00:00Z,Buy,22.76,21.38,14,-19.32,1.4475157441926,-47.6,68.32,48.72,0,"	1268,1300" 
2012-10-01T20:00:00Z,"DK",2013-02-01T21:00:00Z,Buy,25.98,34.22,12,98.88,7.9088322500617,-35.64,101.16,44.16,1,"	1264,1317" 
2012-10-01T20:00:00Z,"DK",2013-04-01T20:00:00Z,Buy,25.98,39.48,7,94.5,0.77261206092797,-20.79,101.64,26.74,1,"	1264,1340" 
2012-10-01T20:00:00Z,"ENS",2013-04-01T20:00:00Z,Buy,35.5,45.16,6,57.96,4.8265864413612,-22.38,60.48,25.86,1,"	1265,1342" 
2012-10-01T20:00:00Z,"ENTG",2013-04-01T20:00:00Z,Buy,8.35,9.65,31,40.3,0.57959717097171,-69.44,64.79,21.39,1,"	1266,1343" 
2012-10-01T20:00:00Z,"GCI",2013-05-01T20:00:00Z,Buy,17.97,19.94,96,189.12,5.4004774299126,-128.64,393.6,204.48,1,"	1267,1360" 
2012-10-01T20:00:00Z,"TER",2013-05-01T20:00:00Z,Buy,14.13,16.11,15,29.7,0.53726265822785,-53.85,74.7,50.25,1,"	1270,1365" 
2012-10-01T20:00:00Z,"WCC",2013-05-01T20:00:00Z,Buy,57.72,68.02,25,257.5,3.5462256018177,-40.25,493,279.25,1,"	1271,1367" 
2012-10-01T20:00:00Z,"CF",2013-08-01T20:00:00Z,Buy,224.51,195.98,7,-199.71,7.8902233325549,-379.61,41.51,421.12,0,"	1263,1413" 
2012-10-01T20:00:00Z,"ENS",2013-10-01T20:00:00Z,Buy,35.5,61.49,8,207.92,0.52028368794326,-29.84,207.92,34.48,1,"	1265,1437" 
2012-10-01T20:00:00Z,"DK",2013-11-01T20:00:00Z,Buy,25.98,25.26,48,-34.56,0.74716242661448,-278.88,696.96,975.84,0,"	1264,1453" 
2012-10-01T20:00:00Z,"ENS",2014-11-03T21:00:00Z,Buy,35.5,62.46,34,916.64,0.59697213375796,-126.82,1304.58,749.36,1,"	1265,1663" 
2012-11-01T20:00:00Z,"ICFI",2012-12-03T21:00:00Z,Buy,18.94,21.62,15,40.2,0.53870572207084,-10.35,107.7,21,1,"	1281,1288" 
2012-11-01T20:00:00Z,"NC",2013-01-02T21:00:00Z,Buy,52,62.93,4,43.72,34.277925751374,-4.72,43.72,26.44,1,"	1282,1302" 
2012-11-01T20:00:00Z,"GCO",2013-04-01T20:00:00Z,Buy,56.96,58.07,6,6.66,0.5149109947644,-192.72,130.86,62.58,1,"	1280,1344" 
2012-11-01T20:00:00Z,"USPH",2013-06-03T20:00:00Z,Buy,27.11,28.9,62,110.98,4.5295491533536,-272.18,110.98,313.1,1,"	1283,1386" 
2012-11-01T20:00:00Z,"CF",2013-08-01T20:00:00Z,Buy,210.88,195.98,1,-14.9,0.57159518234765,-40.6,19.56,60.16,0,"	1279,1413" 
2012-11-01T20:00:00Z,"ALG",2013-09-03T20:00:00Z,Buy,33.74,45.72,6,71.88,1.1410145700071,-22.98,79.92,33.24,1,"	1278,1425" 
2012-11-01T20:00:00Z,"ALG",2013-12-02T21:00:00Z,Buy,33.74,57.13,4,93.56,1.0836376550312,-15.32,99.88,22.16,1,"	1278,1466" 
2012-11-01T20:00:00Z,"NC",2013-12-02T21:00:00Z,Buy,52,63.46,29,332.34,0.58820694980695,-100.34,416.15,516.49,1,"	1282,1476" 
2012-11-01T20:00:00Z,"ALG",2014-09-02T20:00:00Z,Buy,33.74,49.03,40,611.6,3.9894486205334,-153.2,1078,534.4,1,"	1278,1633" 
2012-11-01T20:00:00Z,"WDC",2015-08-03T20:00:00Z,Buy,35.43,85.85,9,453.78,1.4055047753247,-18,709.65,340.11,1,"	1284,1836" 
2012-12-03T21:00:00Z,"INTC",2013-01-02T21:00:00Z,Buy,19.55,21.38,14,25.62,1.2579019917407,-2.66,113.26,11.9,1,"	1297,1300" 
2012-12-03T21:00:00Z,"AAPL",2013-03-01T21:00:00Z,Buy,586.14,430.51,1,-155.63,0.50250367345544,-155.63,115.96,155.63,0,"	1292,1325" 
2012-12-03T21:00:00Z,"CHS",2013-06-03T20:00:00Z,Buy,18.66,17.86,94,-75.2,7.4069993036116,-234.06,100.58,265.08,0,"	1294,1377" 
2012-12-03T21:00:00Z,"CTR",2013-07-01T20:00:00Z,Buy,29.99,25.32,8,-37.36,1.0368241207925,-117.36,14.08,60.48,0,"	1293,1397" 
2012-12-03T21:00:00Z,"GIII",2013-07-01T20:00:00Z,Buy,37.56,48.42,10,108.6,2.5158892209434,-50.4,142.5,62.8,1,"	1296,1400" 
2012-12-03T21:00:00Z,"CVX",2013-08-01T20:00:00Z,Buy,104.72,126.39,2,43.34,0.65680677724271,-16.62,46.08,19.22,1,"	1295,1414" 
2012-12-03T21:00:00Z,"LHCG",2013-08-01T20:00:00Z,Buy,19.48,23.49,9,36.09,2.090622007682,-1.62,36.18,37.8,1,"	1298,1415" 
2012-12-03T21:00:00Z,"GIII",2013-10-01T20:00:00Z,Buy,37.56,55,4,69.76,0.51007510533065,-20.16,70.6,33,1,"	1296,1438" 
2012-12-03T21:00:00Z,"GIII",2014-01-02T21:00:00Z,Buy,37.56,71.42,6,203.16,0.51451822740209,-30.24,219.72,49.5,1,"	1296,1494" 
2012-12-03T21:00:00Z,"LHCG",2014-02-03T21:00:00Z,Buy,19.48,23.71,9,38.07,0.87446220459601,-1.62,63.09,60.3,1,"	1298,1513" 
2012-12-03T21:00:00Z,"LHCG",2014-06-02T20:00:00Z,Buy,19.48,20.38,72,64.8,7.1159456324397,-12.96,504.72,482.4,1,"	1298,1585" 
2012-12-03T21:00:00Z,"GIII",2014-08-01T20:00:00Z,Buy,37.56,77.53,3,119.91,0.8955021727045,-15.12,138.63,28.32,1,"	1296,1616" 
2012-12-03T21:00:00Z,"LZB",2014-10-01T20:00:00Z,Buy,14.8,19.45,14,65.1,0.53471849865952,-52.78,227.22,162.12,1,"	1299,1649" 
2012-12-03T21:00:00Z,"GIII",2015-01-02T21:00:00Z,Buy,37.56,100,5,312.2,2.0274621683367,-25.2,318.7,79.5,1,"	1296,1705" 
2012-12-03T21:00:00Z,"GIII",2015-04-01T20:00:00Z,Buy,37.56,113.19,2,151.26,0.50502396804261,-10.08,151.26,31.8,1,"	1296,1754" 
2012-12-03T21:00:00Z,"GIII",2015-07-01T20:00:00Z,Buy,18.78,71.25,9,472.23,0.52278784648188,-22.68,479.7,71.55,1,"	1296,1814" 
2013-01-02T21:00:00Z,"HVT",2013-04-01T20:00:00Z,Buy,16.68,20.47,16,60.64,1.9205379362837,-6.56,64.16,25.44,1,"	1308,1345" 
2013-01-02T21:00:00Z,"HVT",2013-05-01T20:00:00Z,Buy,16.68,23.21,11,71.83,0.52684083263246,-4.51,81.18,17.49,1,"	1308,1361" 
2013-01-02T21:00:00Z,"RGR",2013-05-01T20:00:00Z,Buy,45.88,49.62,10,37.4,0.52526431718062,-310.3,139.2,103.6,1,"	1311,1364" 
2013-01-02T21:00:00Z,"SCVL",2013-06-03T20:00:00Z,Buy,20.43,24.64,12.000043499978,50.52,0.53240483162518,-112.92,50.52,25.8,1,"	1312,1382" 
2013-01-02T21:00:00Z,"WMK",2013-07-01T20:00:00Z,Buy,39.74,45.44,6,34.2,0.94916923620313,-98.7,43.08,14.46,1,"	1315,1403" 
2013-01-02T21:00:00Z,"MED",2013-08-01T20:00:00Z,Buy,26.29,27.27,67,65.66,1.3563788231671,-272.02,203.01,393.29,1,"	1309,1416" 
2013-01-02T21:00:00Z,"MOV",2013-09-03T20:00:00Z,Buy,30.53,41.62,11,121.99,0.52736554758801,-95.04,145.86,100.54,1,"	1310,1426" 
2013-01-02T21:00:00Z,"VLGEA",2013-10-01T20:00:00Z,Buy,34.81,38.16,7,23.45,4.2679630306064,-33.04,30.94,39.13,1,"	1314,1445" 
2013-01-02T21:00:00Z,"VLGEA",2013-12-02T21:00:00Z,Buy,34.81,38,47,149.93,4.2756876160653,-221.84,207.74,262.73,1,"	1314,1478" 
2013-01-02T21:00:00Z,"USNA",2014-09-02T20:00:00Z,Buy,32.88,71.05,1,38.17,0.53744306103857,-1.96,58.53,33.79,1,"	1313,1638" 
2013-01-02T21:00:00Z,"USNA",2014-11-03T21:00:00Z,Buy,32.88,115.22,12,988.08,0.5303263730479,-23.52,988.08,405.48,1,"	1313,1670" 
2013-01-02T21:00:00Z,"HVT",2015-02-02T21:00:00Z,Buy,16.68,24.79,18,145.98,2.7105168490932,-7.38,263.88,206.1,1,"	1308,1719" 
2013-01-02T21:00:00Z,"HVT",2015-04-01T20:00:00Z,Buy,16.68,24.05,64,471.68,3.786763378764,-26.24,938.24,732.8,1,"	1308,1757" 
2013-01-02T21:00:00Z,"USNA",2015-05-01T20:00:00Z,Buy,32.88,120.23,2,174.7,0.50528529980658,-3.92,190.82,67.58,1,"	1313,1783" 
2013-01-02T21:00:00Z,"SCVL",2015-07-01T20:00:00Z,Buy,20.43,29.14,0.99995650002175,8.71,1.2105482261269,-9.41,9.34,2.15,1,"	1312,1815" 
2013-02-01T21:00:00Z,"AAPL",2013-03-01T21:00:00Z,Buy,453.73,430.51,1,-23.22,0.88306221082679,-23.22,248.37,49.42,0,"	1320,1325" 
2013-02-01T21:00:00Z,"DDS",2013-06-03T20:00:00Z,Buy,85.41,91.44,3,18.09,0.96559462474575,-198.21,24.84,33.96,1,"	1322,1379" 
2013-02-01T21:00:00Z,"USPH",2013-06-03T20:00:00Z,Buy,24.85,28.9,14,56.7,0.53535569105691,-29.82,56.7,54.32,1,"	1324,1386" 
2013-02-01T21:00:00Z,"MED",2013-08-01T20:00:00Z,Buy,24.59,27.27,9,24.12,0.52255503465145,-21.24,42.57,34.02,1,"	1323,1416" 
2013-02-01T21:00:00Z,"AEOS",2014-01-02T21:00:00Z,Buy,20.2,14.73,92,-503.24,7.7771046783985,-640.32,1300.88,856.52,0,"	1321,1492" 
2013-03-01T21:00:00Z,"UNH",2013-04-01T20:00:00Z,Buy,53.52,58.97,4,21.8,0.97906704527078,-46.68,26.96,2.84,1,"	1338,1347" 
2013-03-01T21:00:00Z,"CHS",2013-06-03T20:00:00Z,Buy,16.96,17.86,17,15.3,0.54244994110718,-13.43,47.09,31.79,1,"	1335,1377" 
2013-03-01T21:00:00Z,"KAI",2013-06-03T20:00:00Z,Buy,24.87,30.34,8,43.76,5.1454330455863,-4.4,43.76,23.28,1,"	1337,1384" 
2013-03-01T21:00:00Z,"CTR",2013-07-01T20:00:00Z,Buy,25.99,25.32,13,-8.71,1.3167234809218,-138.71,74.88,48.62,0,"	1333,1397" 
2013-03-01T21:00:00Z,"CF",2013-08-01T20:00:00Z,Buy,201.5,195.98,1,-5.52,0.50250809061489,-31.22,28.94,37.85,0,"	1334,1413" 
2013-03-01T21:00:00Z,"KAI",2013-10-01T20:00:00Z,Buy,24.87,33.51,7,60.48,0.79706638284065,-3.85,67.69,27.16,1,"	1337,1443" 
2013-03-01T21:00:00Z,"BKE",2013-12-02T21:00:00Z,Buy,44.55,52.07,4.7499393287084,35.72,1.1797391440705,-144.35,59.8,49.45,1,"	1332,1467" 
2013-03-01T21:00:00Z,"KAI",2013-12-02T21:00:00Z,Buy,24.87,40.75,6,95.28,0.51475736359247,-3.3,99.3,23.28,1,"	1337,1477" 
2013-03-01T21:00:00Z,"SIX",2014-03-03T21:00:00Z,Buy,33.755,40.6,56,383.32,6.6483452891459,-102.2,394.52,450.8,1,"	1336,1537" 
2013-03-01T21:00:00Z,"KAI",2014-06-02T20:00:00Z,Buy,24.87,37.87,6,78,0.51498812664908,-3.3,99.6,46.32,1,"	1337,1590" 
2013-03-01T21:00:00Z,"KAI",2015-01-02T21:00:00Z,Buy,24.87,42.38,5,87.55,0.70640865064866,-2.75,92.05,38.6,1,"	1337,1709" 
2013-03-01T21:00:00Z,"KAI",2015-04-01T20:00:00Z,Buy,24.87,53.73,10,288.6,1.6672166415524,-5.5,288.6,77.2,1,"	1337,1760" 
2013-04-01T20:00:00Z,"IPAR",2013-05-01T20:00:00Z,Buy,24.8,28.44,12,43.68,5.6076402700943,0,51.48,7.8,1,"	1353,1362" 
2013-04-01T20:00:00Z,"RGR",2013-05-01T20:00:00Z,Buy,49.57,49.62,4,0.2,0.50977133845851,-138.88,40.92,14.12,1,"	1358,1364" 
2013-04-01T20:00:00Z,"TER",2013-05-01T20:00:00Z,Buy,15.85,16.11,14,3.64,0.53420160295931,-74.34,45.64,23.24,1,"	1359,1365" 
2013-04-01T20:00:00Z,"CTB",2013-07-01T20:00:00Z,Buy,25.45,33.27,14,109.48,4.4019617815124,-30.8,128.94,51.66,1,"	1350,1398" 
2013-04-01T20:00:00Z,"RES",2013-07-01T20:00:00Z,Buy,15.1,13.6,18,-27,5.8071188233324,-46.44,1.98,48.42,0,"	1357,1402" 
2013-04-01T20:00:00Z,"RES",2013-08-01T20:00:00Z,Buy,15.1,14.64,109,-50.14,5.1419692484856,-281.22,25.07,293.21,0,"	1357,1417" 
2013-04-01T20:00:00Z,"MOV",2013-09-03T20:00:00Z,Buy,32.82,41.62,6,52.8,0.51468675417661,-65.58,65.82,25.86,1,"	1355,1426" 
2013-04-01T20:00:00Z,"KWR",2013-10-01T20:00:00Z,Buy,58.96,74.11,4,60.6,7.5997474690747,-17.44,60.6,21.32,1,"	1354,1440" 
2013-04-01T20:00:00Z,"IPAR",2013-11-01T20:00:00Z,Buy,24.8,35.26,14,146.44,1.0127180294825,0,146.44,117.18,1,"	1353,1457" 
2013-04-01T20:00:00Z,"CTB",2013-12-02T21:00:00Z,Buy,25.45,24.39,61,-64.66,16.389804847099,-134.2,561.81,689.3,0,"	1350,1468" 
2013-04-01T20:00:00Z,"CVI",2013-12-02T21:00:00Z,Buy,51.88,40.03,6,-71.1,0.51507555211158,-209.28,111,220.56,0,"	1351,1469" 
2013-04-01T20:00:00Z,"NC",2013-12-02T21:00:00Z,Buy,52.97,63.46,7,73.43,0.5173720952024,-31.01,93.66,66.36,1,"	1356,1476" 
2013-04-01T20:00:00Z,"AEOS",2014-01-02T21:00:00Z,Buy,18.46,14.73,11,-41.03,1.1764999227842,-57.42,174.68,79.64,0,"	1349,1492" 
2013-04-01T20:00:00Z,"HOC",2014-03-03T21:00:00Z,Buy,51.34,44.88,4,-25.84,1.0869362423764,-118.16,28.36,49.24,0,"	1352,1533" 
2013-04-01T20:00:00Z,"IPAR",2014-06-02T20:00:00Z,Buy,24.8,29.27,53,236.91,0.66903498493472,0,700.66,466.93,1,"	1353,1584" 
2013-04-01T20:00:00Z,"KWR",2014-11-03T21:00:00Z,Buy,58.96,83.27,28,680.68,0.57862359892788,-122.08,680.68,411.6,1,"	1354,1666" 
2013-05-01T20:00:00Z,"IDT",2013-06-03T20:00:00Z,Buy,13.86,17.52,13,47.58,1.3443352478109,0,56.42,10.53,1,"	1371,1380" 
2013-05-01T20:00:00Z,"CTR",2013-07-01T20:00:00Z,Buy,23.18,25.32,8.0000224999888,17.12,0.52172219908372,-62.88,68.56,10.56,1,"	1368,1397" 
2013-05-01T20:00:00Z,"IDT",2013-07-01T20:00:00Z,Buy,13.86,19.31,11,59.95,0.52841225254147,0,73.59,20.46,1,"	1371,1401" 
2013-05-01T20:00:00Z,"RES",2013-08-01T20:00:00Z,Buy,13.27,14.64,21,28.77,1.981837903575,-15.75,43.26,26.25,1,"	1374,1417" 
2013-05-01T20:00:00Z,"MOV",2013-09-03T20:00:00Z,Buy,29.42,41.62,8,97.6,0.86160859867372,-60.24,114.96,34.48,1,"	1373,1426" 
2013-05-01T20:00:00Z,"IDCC",2013-10-01T20:00:00Z,Buy,43.45,37.7,44,-253,7.426777109559,-350.68,186.56,537.24,0,"	1370,1439" 
2013-05-01T20:00:00Z,"UTHR",2013-10-01T20:00:00Z,Buy,66.68,82.28,3,46.8,3.5628284921028,-15.3,46.8,23.19,1,"	1376,1444" 
2013-05-01T20:00:00Z,"DK",2013-11-01T20:00:00Z,Buy,34.85,25.26,6,-57.54,1.1856127963287,-88.08,33.9,112.92,0,"	1369,1453" 
2013-05-01T20:00:00Z,"IDT",2013-11-01T20:00:00Z,Buy,13.86,22,21,170.94,3.0767911606054,0,178.08,93.45,1,"	1371,1456" 
2013-05-01T20:00:00Z,"LNDC",2013-11-01T20:00:00Z,Buy,12.93,11.7,146,-179.58,10.24578000762,-204.4,421.94,626.34,0,"	1372,1458" 
2013-05-01T20:00:00Z,"UNF",2014-01-02T21:00:00Z,Buy,88.85,106.12,21,362.67,9.8901526415423,0,381.15,196.56,1,"	1375,1496" 
2013-05-01T20:00:00Z,"UTHR",2014-01-02T21:00:00Z,Buy,66.68,110.9,5,221.1,0.51225902016272,-25.5,239.15,45.05,1,"	1376,1497" 
2013-05-01T20:00:00Z,"IDT",2014-06-02T20:00:00Z,Buy,13.86,16.64,88,244.64,0.87384800965018,0,774.4,642.4,1,"	1371,1583" 
2013-05-01T20:00:00Z,"UTHR",2014-09-02T20:00:00Z,Buy,66.68,115.22,7,339.78,3.1282620242461,-35.7,358.05,198.59,1,"	1376,1639" 
2013-05-01T20:00:00Z,"UTHR",2014-10-01T20:00:00Z,Buy,66.68,130.44,2,127.52,1.8979496892818,-10.2,138.96,56.74,1,"	1376,1653" 
2013-05-01T20:00:00Z,"UTHR",2015-02-02T21:00:00Z,Buy,66.68,141.96,2,150.56,0.50502940551265,-10.2,161.46,56.74,1,"	1376,1727" 
2013-05-01T20:00:00Z,"UTHR",2015-04-01T20:00:00Z,Buy,66.68,174.41,2,215.46,0.50505712131756,-10.2,225.66,56.74,1,"	1376,1761" 
2013-05-01T20:00:00Z,"UTHR",2015-12-01T21:00:00Z,Buy,66.68,159,2,184.64,0.5052086745725,-10.2,243.76,137.98,1,"	1376,1911" 
2013-06-03T20:00:00Z,"BGFV",2013-07-01T20:00:00Z,Buy,20.25,21.38,11,12.43,1.2899043177728,-12.1,18.7,29.26,1,"	1389,1396" 
2013-06-03T20:00:00Z,"GCI",2013-07-01T20:00:00Z,Buy,20.8,25.21,14,61.74,4.0265097935427,-13.3,81.2,42.28,1,"	1391,1399" 
2013-06-03T20:00:00Z,"WMK",2013-07-01T20:00:00Z,Buy,42.19,45.44,6,19.5,0.51546932290394,-113.4,28.38,11.1,1,"	1395,1403" 
2013-06-03T20:00:00Z,"RES",2013-08-01T20:00:00Z,Buy,12.67,14.64,18,35.46,0.54528594122319,-2.7,47.88,22.5,1,"	1394,1417" 
2013-06-03T20:00:00Z,"FSLR",2013-11-01T20:00:00Z,Buy,53.33,59.07,11,63.14,1.1254796902903,-185.46,63.14,219.23,1,"	1390,1455" 
2013-06-03T20:00:00Z,"FSLR",2013-12-02T21:00:00Z,Buy,53.33,59.81,5,32.4,0.51249791039786,-84.3,54.75,99.65,1,"	1390,1471" 
2013-06-03T20:00:00Z,"MXIM",2013-12-02T21:00:00Z,Buy,29.32,28.22,8,-8.8,0.51988470668023,-65.92,31.92,19.28,0,"	1393,1475" 
2013-06-03T20:00:00Z,"ANF",2014-01-02T21:00:00Z,Buy,49.71,32.01,41,-725.7,7.3782377770101,-737.59,85.69,823.28,0,"	1388,1493" 
2013-06-03T20:00:00Z,"FSLR",2014-03-03T21:00:00Z,Buy,53.33,55.96,4,10.52,0.50980550201507,-67.44,43.8,79.72,1,"	1390,1532" 
2013-06-03T20:00:00Z,"HOC",2014-03-03T21:00:00Z,Buy,48.18,44.88,5,-16.5,0.94226961370699,-131.9,51.25,42.25,0,"	1392,1533" 
2013-06-03T20:00:00Z,"BGFV",2014-04-01T20:00:00Z,Buy,20.25,16.17,93,-379.44,8.4995527503603,-544.98,423.15,968.13,0,"	1389,1552" 
2013-06-03T20:00:00Z,"FSLR",2014-04-01T20:00:00Z,Buy,53.33,70.89,6,105.36,0.51523642355638,-101.16,123.12,119.58,1,"	1390,1553" 
2013-06-03T20:00:00Z,"FSLR",2014-07-01T20:00:00Z,Buy,53.33,70.69,4,69.44,0.50994793132564,-67.44,82.08,79.72,1,"	1390,1604" 
2013-06-03T20:00:00Z,"GCI",2014-08-01T20:00:00Z,Buy,20.8,32.9,13,157.3,1.1755731095162,-12.35,167.18,53.17,1,"	1391,1615" 
2013-06-03T20:00:00Z,"FSLR",2014-12-01T21:00:00Z,Buy,53.33,45.76,8,-60.56,0.59611475409836,-134.88,164.16,224.72,0,"	1390,1692" 
2013-06-03T20:00:00Z,"GCI",2015-03-02T21:00:00Z,Buy,20.8,35.84,8,120.32,0.52024858757062,-7.6,120.32,65.76,1,"	1391,1739" 
2013-06-03T20:00:00Z,"GCI",2015-11-02T21:00:00Z,Buy,20.8,27.66,11,75.46,0.52813054733728,-10.45,189.31,177.87,1,"	1391,1884" 
2013-07-01T20:00:00Z,"CF",2013-08-01T20:00:00Z,Buy,170.28,195.98,2,51.4,0.50496443148688,0,120.32,15.58,1,"	1404,1413" 
2013-07-01T20:00:00Z,"DK",2013-11-01T20:00:00Z,Buy,28.04,25.26,17,-47.26,0.54142161974279,-133.79,211.82,179.52,0,"	1406,1453" 
2013-07-01T20:00:00Z,"CVI",2013-12-02T21:00:00Z,Buy,46.39,40.03,10,-63.6,0.52446729957806,-293.9,239.9,154.6,0,"	1405,1469" 
2013-07-01T20:00:00Z,"MPC",2013-12-02T21:00:00Z,Buy,70.38,87.42,4,68.16,1.0798957708068,-33.12,68.16,51.96,1,"	1411,1474" 
2013-07-01T20:00:00Z,"VLGEA",2013-12-02T21:00:00Z,Buy,33.87,38,8,33.04,0.98552382291398,-30.24,42.88,38.64,1,"	1412,1478" 
2013-07-01T20:00:00Z,"KLIC",2014-01-02T21:00:00Z,Buy,11.04,13.06,185,373.7,1.9158177881412,-11.1,484.7,349.65,1,"	1409,1495" 
2013-07-01T20:00:00Z,"MPC",2014-02-03T21:00:00Z,Buy,70.38,84.34,3,41.88,1.0005911939468,-24.84,64.08,38.97,1,"	1411,1514" 
2013-07-01T20:00:00Z,"HOC",2014-03-03T21:00:00Z,Buy,40.74,44.88,6,24.84,0.51428471248247,-113.64,106.14,39.48,1,"	1408,1533" 
2013-07-01T20:00:00Z,"MPC",2014-04-01T20:00:00Z,Buy,70.38,89.54,21,402.36,0.56429515165441,-173.88,506.1,272.79,1,"	1411,1556" 
2013-07-01T20:00:00Z,"LHCG",2014-06-02T20:00:00Z,Buy,19.68,20.38,14,9.8,1.7936743993183,-5.32,95.34,93.8,1,"	1410,1585" 
2013-07-01T20:00:00Z,"FSLR",2014-12-01T21:00:00Z,Buy,46.29,45.76,7,-3.71,0.5181103286385,-68.74,192.92,196.63,0,"	1407,1692" 
2013-08-01T20:00:00Z,"IDCC",2013-10-01T20:00:00Z,Buy,41.03,37.7,10,-33.3,0.7321938402694,-55.5,66.6,55.5,0,"	1421,1439" 
2013-08-01T20:00:00Z,"OSK",2013-10-01T20:00:00Z,Buy,46.56,50.24,5,18.4,3.8385906516018,-8.2,18.4,11.05,1,"	1423,1442" 
2013-08-01T20:00:00Z,"DV",2013-11-01T20:00:00Z,Buy,30.63,34.91,72,308.16,1.3583274351034,-166.32,552.24,311.04,1,"	1420,1454" 
2013-08-01T20:00:00Z,"OSK",2014-02-03T21:00:00Z,Buy,46.56,50.54,7,27.86,0.51633635020318,-11.48,62.58,45.01,1,"	1423,1516" 
2013-08-01T20:00:00Z,"PETS",2014-02-03T21:00:00Z,Buy,16.93,12.74,130,-544.7,1.6871962410171,-544.7,3.9,548.6,0,"	1424,1517" 
2013-08-01T20:00:00Z,"BGFV",2014-04-01T20:00:00Z,Buy,20.14,16.17,14,-55.58,1.2473565793969,-80.5,65.24,80.5,0,"	1419,1552" 
2013-08-01T20:00:00Z,"PLUS",2014-06-02T20:00:00Z,Buy,63.06,56.56,34,-221,1.2016135270429,-492.66,18.36,511.02,0,"	1422,1586" 
2013-08-01T20:00:00Z,"OSK",2014-09-02T20:00:00Z,Buy,46.56,49.6,36,109.44,3.8529446736667,-59.04,484.2,510.12,1,"	1423,1635" 
2013-09-03T20:00:00Z,"DK",2013-11-01T20:00:00Z,Buy,25.31,25.26,10,-0.5,0.52545253419147,-51.4,151.9,51.4,0,"	1430,1453" 
2013-09-03T20:00:00Z,"AEOS",2014-01-02T21:00:00Z,Buy,14.37,14.73,36.499942609959,13.14,3.0402345199661,-41.24,728.9,86.87,1,"	1427,1492" 
2013-09-03T20:00:00Z,"ANF",2014-01-02T21:00:00Z,Buy,34.93,32.01,16,-46.72,0.53956952704616,-51.36,269.92,110.4,0,"	1428,1493" 
2013-09-03T20:00:00Z,"USMO",2014-03-03T21:00:00Z,Buy,13.92,14.37,143,64.35,8.9464206452149,-165.88,225.94,391.82,1,"	1435,1538" 
2013-09-03T20:00:00Z,"BGFV",2014-04-01T20:00:00Z,Buy,16.55,16.17,14,-5.32,0.72084594114737,-30.24,115.5,79.94,0,"	1429,1552" 
2013-09-03T20:00:00Z,"IDT",2014-06-02T20:00:00Z,Buy,16.26,16.64,13,4.94,1.6813501931353,-31.2,83.2,94.9,1,"	1432,1583" 
2013-09-03T20:00:00Z,"IPAR",2014-06-02T20:00:00Z,Buy,27.67,29.27,9,14.4,1.5523594010166,-25.83,93.15,79.29,1,"	1433,1584" 
2013-09-03T20:00:00Z,"PLUS",2014-06-02T20:00:00Z,Buy,54.35,56.56,5,11.05,1.2534027674989,-28.9,46.25,55.55,1,"	1434,1586" 
2013-09-03T20:00:00Z,"FSLR",2014-12-01T21:00:00Z,Buy,36.87,45.76,10,88.9,0.52510212418301,-4,369.8,280.9,1,"	1431,1692" 
2013-10-01T20:00:00Z,"DK",2013-11-01T20:00:00Z,Buy,21.25,25.26,19,76.19,0.92449253893105,-20.52,365.75,29.45,1,"	1448,1453" 
2013-10-01T20:00:00Z,"LNDC",2013-11-01T20:00:00Z,Buy,12.27,11.7,27,-15.39,2.172654478676,-19.98,95.85,21.6,0,"	1450,1458" 
2013-10-01T20:00:00Z,"CTB",2013-12-02T21:00:00Z,Buy,31.13,24.39,7,-47.18,1.0974164819625,-55.16,24.71,56.07,0,"	1446,1468" 
2013-10-01T20:00:00Z,"CVI",2013-12-02T21:00:00Z,Buy,38.81,40.03,11,13.42,1.1702354514074,-239.91,347.27,86.24,1,"	1447,1469" 
2013-10-01T20:00:00Z,"ICFI",2014-03-03T21:00:00Z,Buy,35.94,40.23,8,34.32,4.2129487131488,-28.72,41.36,30.64,1,"	1449,1534" 
2013-10-01T20:00:00Z,"SIX",2014-03-03T21:00:00Z,Buy,33.92,40.6,6,40.08,0.51505770938147,-11.94,41.28,26.52,1,"	1452,1537" 
2013-10-01T20:00:00Z,"MPC",2014-04-01T20:00:00Z,Buy,64.29,89.54,4,101,0.5099953358209,-8.76,120.76,37.72,1,"	1451,1556" 
2013-10-01T20:00:00Z,"ICFI",2014-11-03T21:00:00Z,Buy,35.94,36.26,51,16.32,0.67212025316456,-281.01,273.36,554.37,1,"	1449,1665" 
2013-11-01T20:00:00Z,"CTB",2013-12-02T21:00:00Z,Buy,25.91,24.39,17,-25.84,0.54233660130719,-45.22,148.75,60.35,0,"	1459,1468" 
2013-11-01T20:00:00Z,"DECK",2013-12-02T21:00:00Z,Buy,68.56,83.95,3.9999724599774,61.56,4.2570717303441,-108.12,196.32,18.68,1,"	1460,1470" 
2013-11-01T20:00:00Z,"KIRK",2013-12-02T21:00:00Z,Buy,17.75,25.5,32,248,1.38962529274,-10.56,253.12,17.28,1,"	1462,1472" 
2013-11-01T20:00:00Z,"HHS",2014-02-03T21:00:00Z,Buy,7.98,6.86,277,-310.24,18.311982752593,-351.79,49.86,401.65,0,"	1461,1512" 
2013-11-01T20:00:00Z,"PETS",2014-02-03T21:00:00Z,Buy,14.85,12.74,19,-40.09,1.670891632245,-40.09,40.09,74.29,0,"	1464,1517" 
2013-11-01T20:00:00Z,"KIRK",2014-03-03T21:00:00Z,Buy,17.75,17.76,92,0.92,8.202531942907,-92.92,727.72,820.64,1,"	1462,1535" 
2013-11-01T20:00:00Z,"LHCG",2014-06-02T20:00:00Z,Buy,20.66,20.38,12,-3.36,0.53008737864078,-16.32,69.96,50.64,0,"	1463,1585" 
2013-11-01T20:00:00Z,"DECK",2014-07-01T20:00:00Z,Buy,68.56,86.77,3,54.63,0.50753822541411,-81.09,147.24,47.16,1,"	1460,1602" 
2013-11-01T20:00:00Z,"DECK",2014-10-01T20:00:00Z,Buy,68.56,91,4,89.76,1.1102721510924,-108.12,196.32,62.88,1,"	1460,1648" 
2013-11-01T20:00:00Z,"DECK",2015-03-02T21:00:00Z,Buy,68.56,74.52,3,17.88,1.3483683460507,-81.09,147.24,99.96,1,"	1460,1738" 
2013-11-01T20:00:00Z,"USNA",2015-06-01T20:00:00Z,Buy,69.78,129.52,2,119.48,4.674219143207,-77.72,141.46,42.06,1,"	1465,1801" 
2013-11-01T20:00:00Z,"DECK",2015-07-01T20:00:00Z,Buy,68.56,73.97,3,16.23,0.50770842017507,-81.09,147.24,99.96,1,"	1460,1813" 
2013-11-01T20:00:00Z,"USNA",2015-09-01T20:00:00Z,Buy,69.78,141.49,3,215.13,4.0378447143601,-116.58,319.02,104.79,1,"	1465,1855" 
2013-11-01T20:00:00Z,"DECK",2015-12-01T21:00:00Z,Buy,68.56,48.91,15.000027540023,-294.75,4.7932771012078,-405.45,736.2,796.35,0,"	1460,1903" 
2013-12-02T21:00:00Z,"ANF",2014-01-02T21:00:00Z,Buy,34.02,32.01,11,-22.11,2.0022230202637,-25.3,195.58,46.97,0,"	1480,1493" 
2013-12-02T21:00:00Z,"UNF",2014-01-02T21:00:00Z,Buy,100.29,106.12,2,11.66,0.50490463615023,-22.88,13.42,4.96,1,"	1490,1496" 
2013-12-02T21:00:00Z,"ABFS",2014-02-03T21:00:00Z,Buy,33.63,32.51,7,-7.84,1.8859427648744,-9.87,13.79,23.66,0,"	1479,1510" 
2013-12-02T21:00:00Z,"ANK",2014-02-03T21:00:00Z,Buy,55.5,57.59,4,8.36,9.7041384554369,-9.44,22.28,13.92,1,"	1481,1511" 
2013-12-02T21:00:00Z,"MTRX",2014-02-03T21:00:00Z,Buy,21.82,24.86,21,63.84,6.1748538304101,-8.82,123.27,59.43,1,"	1485,1515" 
2013-12-02T21:00:00Z,"SYNA",2014-02-03T21:00:00Z,Buy,50.27,55.5,8,41.84,8.6000002625116,-13.12,79.92,38.08,1,"	1489,1520" 
2013-12-02T21:00:00Z,"MTRX",2014-03-03T21:00:00Z,Buy,21.82,33.06,13,146.12,3.1948531518767,-5.46,146.12,40.17,1,"	1485,1536" 
2013-12-02T21:00:00Z,"USMO",2014-03-03T21:00:00Z,Buy,14.42,14.37,17,-0.85,1.0394750802316,-28.22,18.36,28.22,0,"	1491,1538" 
2013-12-02T21:00:00Z,"FSS",2014-04-01T20:00:00Z,Buy,15.3,15.32,21,0.42,1.4210623993611,-75.18,0.42,75.18,1,"	1482,1554" 
2013-12-02T21:00:00Z,"PPC",2014-04-01T20:00:00Z,Buy,16.43,21.14,28,131.88,4.7171057498087,-27.16,131.88,36.96,1,"	1487,1557" 
2013-12-02T21:00:00Z,"PPC",2014-05-01T20:00:00Z,Buy,16.43,22.05,115,646.3,0.78999885635865,-111.55,699.2,151.8,1,"	1487,1571" 
2013-12-02T21:00:00Z,"ABFS",2014-06-02T20:00:00Z,Buy,33.63,42.63,10,90,2.1640300568792,-32.3,101.5,52,1,"	1479,1582" 
2013-12-02T21:00:00Z,"PLUS",2014-06-02T20:00:00Z,Buy,53.67,56.56,4,11.56,0.50993520918178,-20.4,39.72,44.44,1,"	1484,1586" 
2013-12-02T21:00:00Z,"SYNA",2014-06-02T20:00:00Z,Buy,50.27,66.45,4,64.72,0.50976057579318,-6.56,72.72,41.4,1,"	1489,1589" 
2013-12-02T21:00:00Z,"SYNA",2014-07-01T20:00:00Z,Buy,50.27,91.88,7,291.27,3.2610289582615,-11.48,291.27,72.45,1,"	1489,1606" 
2013-12-02T21:00:00Z,"OSK",2014-09-02T20:00:00Z,Buy,48.87,49.6,5,3.65,0.51253076923077,-19.75,55.7,70.85,1,"	1486,1635" 
2013-12-02T21:00:00Z,"ABFS",2014-10-01T20:00:00Z,Buy,33.63,35.41,10,17.8,0.52373324396783,-32.3,115.2,134.2,1,"	1479,1645" 
2013-12-02T21:00:00Z,"ANK",2014-11-03T21:00:00Z,Buy,55.5,68.54,6,78.24,0.51530138413454,-14.16,78.24,79.98,1,"	1481,1662" 
2013-12-02T21:00:00Z,"ICFI",2014-11-03T21:00:00Z,Buy,34.46,36.26,6,10.8,1.0673706736339,-24.18,41.04,65.22,1,"	1483,1665" 
2013-12-02T21:00:00Z,"SYNA",2014-11-03T21:00:00Z,Buy,50.27,65.72,27,417.15,0.5744308052024,-44.28,1145.07,825.39,1,"	1489,1668" 
2013-12-02T21:00:00Z,"ABFS",2014-12-01T21:00:00Z,Buy,33.63,42.15,6,51.12,0.87573900346215,-19.38,69.12,87.66,1,"	1479,1685" 
2013-12-02T21:00:00Z,"MTRX",2015-01-02T21:00:00Z,Buy,21.82,22.24,72,30.24,4.903842504996,-189.36,1108.08,1297.44,1,"	1485,1707" 
2013-12-02T21:00:00Z,"ANK",2015-02-02T21:00:00Z,Buy,55.5,67.42,32,381.44,0.59134126147825,-75.52,565.12,426.56,1,"	1481,1717" 
2013-12-02T21:00:00Z,"SMP",2015-05-01T20:00:00Z,Buy,34.4,36.25,6,11.1,0.51486175115207,-133.56,66.3,74.4,1,"	1488,1782" 
2013-12-02T21:00:00Z,"ABFS",2015-12-01T21:00:00Z,Buy,33.63,24.33,39,-362.7,9.4410753319605,-372.45,534.3,906.75,0,"	1479,1901" 
2013-12-02T21:00:00Z,"FSS",2015-12-01T21:00:00Z,Buy,15.3,16.97,20,33.4,0.55032621589561,-71.6,36.6,74.8,1,"	1482,1905" 
2014-01-02T21:00:00Z,"HHS",2014-02-03T21:00:00Z,Buy,7.54,6.86,31,-21.08,0.92975728360451,-25.73,19.22,35.34,0,"	1503,1512" 
2014-01-02T21:00:00Z,"RGR",2014-02-03T21:00:00Z,Buy,73.75,72.21,3,-4.62,1.5410348379279,-4.62,33.57,38.19,0,"	1507,1518" 
2014-01-02T21:00:00Z,"SAFM",2014-02-03T21:00:00Z,Buy,72,71.97,2.5000112499944,-0.08,4.5047394034342,-129.58,11.2,11.28,0,"	1508,1519" 
2014-01-02T21:00:00Z,"KIRK",2014-03-03T21:00:00Z,Buy,23.46,17.76,9,-51.3,0.52230038022814,-60.48,19.8,60.75,0,"	1505,1535" 
2014-01-02T21:00:00Z,"GME",2014-04-01T20:00:00Z,Buy,49.65,42.58,6,-42.42,1.8076644865929,-94.92,0,94.92,0,"	1502,1555" 
2014-01-02T21:00:00Z,"RGR",2014-05-01T20:00:00Z,Buy,73.75,66.72,4,-28.12,0.5103682983683,-55.8,44.76,100.56,0,"	1507,1572" 
2014-01-02T21:00:00Z,"STMP",2014-05-01T20:00:00Z,Buy,41.78,29.12,57,-721.62,6.7817098027607,-721.62,38.76,760.38,0,"	1509,1573" 
2014-01-02T21:00:00Z,"IDT",2014-06-02T20:00:00Z,Buy,17.7,16.64,33,-34.98,0.58171516508114,-126.72,163.68,124.74,0,"	1504,1583" 
2014-01-02T21:00:00Z,"SAFM",2014-06-02T20:00:00Z,Buy,72,95.65,5,118.25,0.51292427845638,-259.17,118.25,29.65,1,"	1508,1587" 
2014-01-02T21:00:00Z,"RGR",2014-10-01T20:00:00Z,Buy,73.75,47.4,25,-658.75,0.61195317313617,-691.5,279.75,971.25,0,"	1507,1651" 
2014-01-02T21:00:00Z,"KWR",2014-11-03T21:00:00Z,Buy,76.87,83.27,3,19.2,0.507480537174,-66.81,19.2,35.82,1,"	1506,1666" 
2014-01-02T21:00:00Z,"FSLR",2014-12-01T21:00:00Z,Buy,57.44,45.76,5,-58.4,0.88457037574408,-104.85,82.05,140.45,0,"	1500,1692" 
2014-01-02T21:00:00Z,"GME",2015-04-01T20:00:00Z,Buy,49.65,37.78,7,-83.09,0.51741701791359,-124.11,0,124.11,0,"	1502,1755" 
2014-01-02T21:00:00Z,"GME",2015-06-01T20:00:00Z,Buy,49.65,43.47,7,-43.26,0.51752418797512,-124.11,0,124.11,0,"	1502,1797" 
2014-01-02T21:00:00Z,"GME",2015-08-03T20:00:00Z,Buy,49.65,44.95,5,-23.5,0.5122546346783,-88.65,0,88.65,0,"	1502,1833" 
2014-02-03T21:00:00Z,"DISCA",2014-03-03T21:00:00Z,Buy,78.04,82.08,3,12.12,0.50733642516922,-86.22,37.26,10.68,1,"	1522,1531" 
2014-02-03T21:00:00Z,"KIRK",2014-03-03T21:00:00Z,Buy,17.58,17.76,18,3.24,0.54201274561869,-15.12,145.44,21.96,1,"	1526,1535" 
2014-02-03T21:00:00Z,"IPAR",2014-06-02T20:00:00Z,Buy,31.74,29.27,7,-17.29,0.51706976029502,-48.58,43.96,55.86,0,"	1525,1584" 
2014-02-03T21:00:00Z,"NUS",2014-08-01T20:00:00Z,Buy,82.78,59.03,26,-617.5,1.1461687746069,-626.34,152.88,779.22,0,"	1527,1618" 
2014-02-03T21:00:00Z,"ALG",2014-09-02T20:00:00Z,Buy,47.68,49.03,4,5.4,0.95682083539049,-71.08,52.04,49.88,1,"	1521,1633" 
2014-02-03T21:00:00Z,"OSTK",2014-11-03T21:00:00Z,Buy,20.72,23.59,106,304.22,1.638243373686,-716.56,304.22,864.96,1,"	1528,1667" 
2014-03-03T21:00:00Z,"BGFV",2014-04-01T20:00:00Z,Buy,14.89,16.17,32,40.96,0.57847167325428,-16,317.12,39.68,1,"	1540,1552" 
2014-03-03T21:00:00Z,"TSN",2014-04-01T20:00:00Z,Buy,38.81,43.45,5,23.2,1.1591170119267,0,26,3.45,1,"	1548,1558" 
2014-03-03T21:00:00Z,"UACL",2014-04-01T20:00:00Z,Buy,25.44,28.98,89,315.06,23.676936006815,0,332.86,91.67,1,"	1550,1559" 
2014-03-03T21:00:00Z,"CORE",2014-05-01T20:00:00Z,Buy,76.5,78.78,4,9.12,7.732419939423,-26,16.16,36.24,1,"	1541,1568" 
2014-03-03T21:00:00Z,"DAL",2014-05-01T20:00:00Z,Buy,32.59,37.12,6,27.18,6.2975888398508,-5.16,27.18,24.12,1,"	1542,1569" 
2014-03-03T21:00:00Z,"STMP",2014-05-01T20:00:00Z,Buy,35.55,29.12,9,-57.87,1.0631031214645,-57.87,62.19,72,0,"	1547,1573" 
2014-03-03T21:00:00Z,"CORE",2014-07-01T20:00:00Z,Buy,38.25,46.92,5,43.35,0.51285338593031,-16.25,43.35,22.65,1,"	1541,1601" 
2014-03-03T21:00:00Z,"CORE",2014-08-01T20:00:00Z,Buy,38.25,46.94,5,43.45,0.84173733018036,-16.25,45,22.65,1,"	1541,1614" 
2014-03-03T21:00:00Z,"TTWO",2014-08-01T20:00:00Z,Buy,20,22.39,15,35.85,2.0848616974115,-17.85,52.65,51.75,1,"	1549,1620" 
2014-03-03T21:00:00Z,"CORE",2014-10-01T20:00:00Z,Buy,38.25,51.69,4,53.76,0.50974547511312,-13,65.28,18.12,1,"	1541,1647" 
2014-03-03T21:00:00Z,"LZB",2014-10-01T20:00:00Z,Buy,25.37,19.45,11,-65.12,1.2607150432599,-157.74,62.26,96.91,0,"	1544,1649" 
2014-03-03T21:00:00Z,"RGR",2014-10-01T20:00:00Z,Buy,63.6,47.4,7,-113.4,2.0090108018056,-122.57,149.38,155.05,0,"	1546,1651" 
2014-03-03T21:00:00Z,"TSN",2014-10-01T20:00:00Z,Buy,38.81,39.99,6,7.08,0.79935229122023,-21.96,31.2,53.16,1,"	1548,1652" 
2014-03-03T21:00:00Z,"OSTK",2014-11-03T21:00:00Z,Buy,19.54,23.59,12,48.6,0.52980172852059,-66.96,48.6,97.92,1,"	1545,1667" 
2014-03-03T21:00:00Z,"TTWO",2014-11-03T21:00:00Z,Buy,20,25.83,11,64.13,0.93565983427565,-13.09,70.95,38.17,1,"	1549,1669" 
2014-03-03T21:00:00Z,"CORE",2014-12-01T21:00:00Z,Buy,38.25,58.64,4,81.56,0.5097554483447,-13,93.6,18.4,1,"	1541,1686" 
2014-03-03T21:00:00Z,"DAL",2014-12-01T21:00:00Z,Buy,32.59,45.62,12,156.36,1.4939467439393,-20.28,169.08,135.96,1,"	1542,1687" 
2014-03-03T21:00:00Z,"CORE",2015-02-02T21:00:00Z,Buy,38.25,67.5,5,146.25,1.2239178400643,-16.25,155.25,23,1,"	1541,1718" 
2014-03-03T21:00:00Z,"TSN",2015-02-02T21:00:00Z,Buy,38.81,39.57,48,36.48,0.64950243340164,-175.68,249.6,425.28,1,"	1548,1724" 
2014-03-03T21:00:00Z,"TTWO",2015-02-02T21:00:00Z,Buy,20,29.99,12,119.88,1.3121820780676,-14.28,126,41.64,1,"	1549,1726" 
2014-03-03T21:00:00Z,"TTWO",2015-03-02T21:00:00Z,Buy,20,26.06,80,484.8,2.9679785557421,-95.2,840,355.2,1,"	1549,1743" 
2014-03-03T21:00:00Z,"DAL",2015-04-01T20:00:00Z,Buy,32.59,43.26,52,554.84,0.62508451957295,-87.88,943.28,589.16,1,"	1542,1752" 
2014-03-03T21:00:00Z,"CORE",2015-07-01T20:00:00Z,Buy,38.25,59.86,4,86.44,0.5101029535865,-13,132.44,75,1,"	1541,1812" 
2014-03-03T21:00:00Z,"CORE",2015-08-03T20:00:00Z,Buy,38.25,62.99,4,98.96,0.50990876199465,-13,132.44,75,1,"	1541,1831" 
2014-03-03T21:00:00Z,"CORE",2015-11-02T21:00:00Z,Buy,38.25,80.58,9,380.97,2.7897770402348,-29.25,387.36,168.75,1,"	1541,1883" 
2014-03-03T21:00:00Z,"DECK",2015-12-01T21:00:00Z,Buy,72.87,48.91,3,-71.88,1.6545433216845,-94.02,134.31,159.27,0,"	1543,1903" 
2014-04-01T20:00:00Z,"MYGN",2014-05-01T20:00:00Z,Buy,35.15,39.97,14,67.48,1.2130563376934,0,98.84,42.28,1,"	1564,1570" 
2014-04-01T20:00:00Z,"LHCG",2014-06-02T20:00:00Z,Buy,22.3,20.38,11,-21.12,1.6146773265589,-33,46.09,21.23,0,"	1563,1585" 
2014-04-01T20:00:00Z,"MYGN",2014-07-01T20:00:00Z,Buy,35.15,39.15,8,32,0.52011819116136,-16.4,56.48,72.88,1,"	1564,1605" 
2014-04-01T20:00:00Z,"NUS",2014-08-01T20:00:00Z,Buy,83.45,59.03,3,-73.26,1.8116343936019,-74.28,15.63,89.49,0,"	1565,1618" 
2014-04-01T20:00:00Z,"FF",2014-09-02T20:00:00Z,Buy,21.05,14,118,-831.9,1.6503674055829,-869.66,46.02,915.68,0,"	1562,1634" 
2014-04-01T20:00:00Z,"PRFT",2014-09-02T20:00:00Z,Buy,18.43,17.59,132,-110.88,13.751510735439,-242.88,253.44,488.4,0,"	1566,1636" 
2014-04-01T20:00:00Z,"RGR",2014-10-01T20:00:00Z,Buy,63.23,47.4,4,-63.32,0.51057357859532,-68.56,86.84,88.6,0,"	1567,1651" 
2014-04-01T20:00:00Z,"MYGN",2015-02-02T21:00:00Z,Buy,35.15,37.4,9,20.25,0.96556753184561,-28.26,63.54,91.8,1,"	1564,1722" 
2014-04-01T20:00:00Z,"MYGN",2015-05-01T20:00:00Z,Buy,35.15,34.18,39,-37.83,5.28801733732,-122.46,275.34,397.8,0,"	1564,1777" 
2014-05-01T20:00:00Z,"IDT",2014-06-02T20:00:00Z,Buy,15.83,16.64,15,12.15,1.0865964620586,-29.55,102.45,8.55,1,"	1575,1583" 
2014-05-01T20:00:00Z,"PLUS",2014-06-02T20:00:00Z,Buy,50.75,56.56,4,23.24,0.51014188649081,-8.72,51.4,10.88,1,"	1577,1586" 
2014-05-01T20:00:00Z,"OSTK",2014-11-03T21:00:00Z,Buy,15.33,23.59,30,247.8,0.57176966292135,-41.1,247.8,94.5,1,"	1578,1667" 
2014-05-01T20:00:00Z,"KFY",2015-01-02T21:00:00Z,Buy,28.8,28.26,9,-4.86,1.5129654600403,-41.31,33.84,75.15,0,"	1576,1706" 
2014-05-01T20:00:00Z,"VMW",2015-03-02T21:00:00Z,Buy,92.05,86.59,25,-136.5,1.1359846265718,-424.75,289.75,714.5,0,"	1581,1744" 
2014-05-01T20:00:00Z,"HVT",2015-04-01T20:00:00Z,Buy,25.66,24.05,11,-17.71,0.52762920908379,-103.29,62.48,75.46,0,"	1574,1757" 
2014-05-01T20:00:00Z,"KFY",2015-04-01T20:00:00Z,Buy,28.8,33.01,8,33.68,1.5145493996806,-36.72,33.68,66.8,1,"	1576,1758" 
2014-05-01T20:00:00Z,"KFY",2015-09-01T20:00:00Z,Buy,28.8,33.32,6,27.12,0.51466979747579,-27.54,43.08,50.1,1,"	1576,1849" 
2014-06-02T20:00:00Z,"DXPE",2014-07-01T20:00:00Z,Buy,70.44,77.08,33,219.12,21.220455671643,-119.79,219.12,119.79,1,"	1593,1603" 
2014-06-02T20:00:00Z,"MOD",2014-08-01T20:00:00Z,Buy,14.94,13.25,154,-260.26,6.5374033151213,-260.26,164.78,425.04,0,"	1598,1617" 
2014-06-02T20:00:00Z,"PPC",2014-08-01T20:00:00Z,Buy,25.92,28.82,10,29,1.2601085782924,-15.1,57.9,37.5,1,"	1600,1619" 
2014-06-02T20:00:00Z,"FF",2014-09-02T20:00:00Z,Buy,16.63,14,19,-49.97,0.54597933643772,-56.05,91.39,66.5,0,"	1594,1634" 
2014-06-02T20:00:00Z,"HURN",2014-11-03T21:00:00Z,Buy,67.97,69.04,3,3.21,9.38799403941,-22.59,9.96,32.55,1,"	1596,1664" 
2014-06-02T20:00:00Z,"ICFI",2014-11-03T21:00:00Z,Buy,37.15,36.26,6,-5.34,0.93094195608369,-40.32,24.9,48.3,0,"	1597,1665" 
2014-06-02T20:00:00Z,"FSLR",2014-12-01T21:00:00Z,Buy,62.7,45.76,4,-67.76,1.0892966387445,-104.92,44.6,108.08,0,"	1595,1692" 
2014-06-02T20:00:00Z,"PPC",2014-12-01T21:00:00Z,Buy,25.92,32.22,7,44.1,0.51745665634675,-10.57,47.32,47.39,1,"	1600,1694" 
2014-06-02T20:00:00Z,"ANK",2015-02-02T21:00:00Z,Buy,54.51,67.42,4,51.64,0.50976531709065,-5.48,74.6,44.32,1,"	1592,1717" 
2014-06-02T20:00:00Z,"HURN",2015-02-02T21:00:00Z,Buy,67.97,75.13,31,221.96,6.0463948279788,-233.43,307.52,336.35,1,"	1596,1720" 
2014-06-02T20:00:00Z,"MYGN",2015-05-01T20:00:00Z,Buy,33.62,34.18,15,8.4,2.5318638235155,-24.15,128.85,126,1,"	1599,1777" 
2014-06-02T20:00:00Z,"PPC",2015-05-01T20:00:00Z,Buy,25.92,25.44,75,-36,7.5726627476488,-249.75,875.25,1125,0,"	1600,1778" 
2014-07-01T20:00:00Z,"NUS",2014-08-01T20:00:00Z,Buy,73.48,59.03,4,-57.8,0.50993510005408,-59.16,60.72,59.16,0,"	1609,1618" 
2014-07-01T20:00:00Z,"PSX",2014-09-02T20:00:00Z,Buy,80.6,86.95,3,19.05,1.267773057617,-3.9,19.26,6.6,1,"	1610,1637" 
2014-07-01T20:00:00Z,"LZB",2014-10-01T20:00:00Z,Buy,23.5,19.45,15,-60.75,2.0290416359786,-187.05,112.95,62.7,0,"	1608,1649" 
2014-07-01T20:00:00Z,"RGR",2014-10-01T20:00:00Z,Buy,59.46,47.4,5,-60.3,0.8464781984526,-66.85,127.4,69.05,0,"	1611,1651" 
2014-07-01T20:00:00Z,"ICFI",2014-11-03T21:00:00Z,Buy,35.93,36.26,6,1.98,0.51524179864253,-33,32.22,34.44,1,"	1607,1665" 
2014-07-01T20:00:00Z,"TSN",2015-02-02T21:00:00Z,Buy,37.87,39.57,11,18.7,0.52774174214172,-29.92,67.54,50.38,1,"	1612,1724" 
2014-07-01T20:00:00Z,"PSX",2015-03-02T21:00:00Z,Buy,80.6,77.01,3,-10.77,0.92268722062046,-64.53,20.73,85.26,0,"	1610,1741" 
2014-07-01T20:00:00Z,"PSX",2015-05-01T20:00:00Z,Buy,80.6,81.61,24,24.24,4.9424536853639,-516.24,165.84,682.08,1,"	1610,1779" 
2014-08-01T20:00:00Z,"OSK",2014-09-02T20:00:00Z,Buy,46.31,49.6,8,26.32,1.9308053433234,-11.12,109.6,3.92,1,"	1628,1635" 
2014-08-01T20:00:00Z,"CALM",2014-10-01T20:00:00Z,Buy,69.97,87.8,6,106.98,6.5967130407123,0,128.28,35.28,1,"	1623,1646" 
2014-08-01T20:00:00Z,"MU",2014-10-01T20:00:00Z,Buy,31.09,33.5,7,16.87,6.986212840029,-9.87,23.87,22.96,1,"	1627,1650" 
2014-08-01T20:00:00Z,"RGR",2014-10-01T20:00:00Z,Buy,49.7,47.4,5,-11.5,0.51243494795837,-18.05,176.2,31.9,0,"	1629,1651" 
2014-08-01T20:00:00Z,"SYNA",2014-11-03T21:00:00Z,Buy,78.11,65.72,4,-49.56,0.51081406617749,-117.92,58.28,95.16,0,"	1631,1668" 
2014-08-01T20:00:00Z,"MTRX",2015-01-02T21:00:00Z,Buy,26.71,22.24,13,-58.11,0.53233054003724,-97.76,136.5,129.22,0,"	1626,1707" 
2014-08-01T20:00:00Z,"MU",2015-01-02T21:00:00Z,Buy,31.09,34.75,68,248.88,0.66873750357041,-276.08,367.2,507.96,1,"	1627,1708" 
2014-08-01T20:00:00Z,"HURN",2015-02-02T21:00:00Z,Buy,60.45,75.13,4,58.72,0.51000165453342,-0.04,69.76,25.44,1,"	1625,1720" 
2014-08-01T20:00:00Z,"HVT",2015-04-01T20:00:00Z,Buy,22.78,24.05,10,12.7,0.90680807368798,-65.1,85.6,51.8,1,"	1624,1757" 
2014-08-01T20:00:00Z,"CALM",2015-05-01T20:00:00Z,Buy,34.985,45.5,13,136.7,1.6063184751643,-0.58,168.94,169.52,1,"	1623,1775" 
2014-08-01T20:00:00Z,"SMP",2015-05-01T20:00:00Z,Buy,36.51,36.25,7,-1.82,0.51772330097087,-170.59,62.58,45.99,0,"	1630,1782" 
2014-08-01T20:00:00Z,"CALM",2015-06-01T20:00:00Z,Buy,34.985,57.29,10,223.05,0.52526459693068,-0.45,248.75,130.4,1,"	1623,1795" 
2014-08-01T20:00:00Z,"CALM",2015-10-01T20:00:00Z,Buy,34.985,56.47,29,623.06,10.741164996527,-1.3,721.38,378.16,1,"	1623,1865" 
2014-08-01T20:00:00Z,"ABFS",2015-12-01T21:00:00Z,Buy,33.8,24.33,17,-160.99,3.7851246803998,-165.24,230.01,395.25,0,"	1622,1901" 
2014-09-02T20:00:00Z,"DDS",2014-12-01T21:00:00Z,Buy,113.29,116.64,3,10.05,5.0806054470776,-38.49,23.25,47.85,1,"	1641,1688" 
2014-09-02T20:00:00Z,"LSCC",2015-02-02T21:00:00Z,Buy,7.48,7.07,30,-12.3,5.2930035023131,-42.9,6,48.9,0,"	1643,1721" 
2014-09-02T20:00:00Z,"DDS",2015-04-01T20:00:00Z,Buy,113.29,137.88,2,49.18,0.50505017947403,-25.66,49.18,31.9,1,"	1641,1753" 
2014-09-02T20:00:00Z,"GPRE",2015-04-01T20:00:00Z,Buy,44.68,29.69,54,-809.46,9.5081442539802,-1305.72,57.78,1363.5,0,"	1642,1756" 
2014-09-02T20:00:00Z,"LSCC",2015-05-01T20:00:00Z,Buy,7.48,6.12,293,-398.48,6.7303756662469,-454.15,58.6,512.75,0,"	1643,1776" 
2014-09-02T20:00:00Z,"RSC",2015-05-01T20:00:00Z,Buy,106.48,63.2,4,-173.12,13.697957397061,-216.48,3.44,219.92,0,"	1644,1780" 
2014-09-02T20:00:00Z,"RSC",2015-09-01T20:00:00Z,Buy,106.48,50.24,18,-1012.32,0.61009324878777,-1127.34,15.48,1142.82,0,"	1644,1852" 
2014-10-01T20:00:00Z,"ENS",2014-11-03T21:00:00Z,Buy,56.08,62.46,5,31.9,0.51195429740791,-121.55,88.95,27.1,1,"	1656,1663" 
2014-10-01T20:00:00Z,"DV",2014-12-01T21:00:00Z,Buy,43.54,48.64,5,25.5,4.5087238044761,-11.05,28.2,14.8,1,"	1654,1689" 
2014-10-01T20:00:00Z,"EGY",2014-12-01T21:00:00Z,Buy,8.6,5.94,274,-728.84,13.965152251529,-786.38,21.92,808.3,0,"	1655,1690" 
2014-10-01T20:00:00Z,"MTRX",2015-01-02T21:00:00Z,Buy,23.88,22.24,11,-18.04,1.9985250254825,-51.59,146.63,64.57,0,"	1660,1707" 
2014-10-01T20:00:00Z,"GPRE",2015-04-01T20:00:00Z,Buy,35.3,29.69,8,-44.88,0.98797626598718,-118.4,83.6,118.4,0,"	1658,1756" 
2014-10-01T20:00:00Z,"DV",2015-06-01T20:00:00Z,Buy,43.54,32.32,49,-549.78,6.679419262656,-661.5,276.36,937.86,0,"	1654,1796" 
2014-10-01T20:00:00Z,"RSC",2015-09-01T20:00:00Z,Buy,69.94,50.24,10,-197,0.52399149286498,-260.9,374,290,0,"	1661,1852" 
2014-11-03T21:00:00Z,"EGY",2014-12-01T21:00:00Z,Buy,7.05,5.94,54,-59.94,2.9685924217689,-71.28,88.02,80.46,0,"	1673,1690" 
2014-11-03T21:00:00Z,"EW",2014-12-01T21:00:00Z,Buy,119.93,129.39,2,18.92,3.8150138176058,-0.28,19.5,8.76,1,"	1674,1691" 
2014-11-03T21:00:00Z,"FSLR",2014-12-01T21:00:00Z,Buy,58.31,45.76,7,-87.85,1.8613017920058,-152.88,108.78,87.85,0,"	1675,1692" 
2014-11-03T21:00:00Z,"INTC",2014-12-01T21:00:00Z,Buy,34.31,37.17,6,17.16,7.6475104695556,-6.3,17.64,7.68,1,"	1677,1693" 
2014-11-03T21:00:00Z,"SKX",2014-12-01T21:00:00Z,Buy,55.51,58.88,5,16.85,1.4192771724838,-2.05,29.5,12.65,1,"	1683,1695" 
2014-11-03T21:00:00Z,"SKX",2015-02-02T21:00:00Z,Buy,55.51,60.73,5,26.1,1.5020800867958,-7.8,36.25,37.3,1,"	1683,1723" 
2014-11-03T21:00:00Z,"MED",2015-03-02T21:00:00Z,Buy,31.98,32.35,76,28.12,5.2207352614365,-196.84,137.56,259.92,1,"	1679,1740" 
2014-11-03T21:00:00Z,"SKX",2015-03-02T21:00:00Z,Buy,55.51,68.27,3,38.28,0.50751430877605,-4.68,41.37,22.38,1,"	1683,1742" 
2014-11-03T21:00:00Z,"VMW",2015-03-02T21:00:00Z,Buy,84.27,86.59,4,9.28,0.94124600576566,-36.84,77.48,52.92,1,"	1684,1744" 
2014-11-03T21:00:00Z,"GPRE",2015-04-01T20:00:00Z,Buy,34.58,29.69,9,-44.01,0.52275,-126.72,100.53,132.12,0,"	1676,1756" 
2014-11-03T21:00:00Z,"MEI",2015-04-01T20:00:00Z,Buy,40.18,46.99,8,54.48,1.1755767607957,-57.6,54.88,73.84,1,"	1680,1759" 
2014-11-03T21:00:00Z,"LSCC",2015-05-01T20:00:00Z,Buy,6.59,6.12,40,-18.8,0.59821162444113,-26.4,43.6,57.2,0,"	1678,1776" 
2014-11-03T21:00:00Z,"PSX",2015-05-01T20:00:00Z,Buy,76.68,81.61,4,19.72,0.50976815286624,-70.36,43.32,81.8,1,"	1681,1779" 
2014-11-03T21:00:00Z,"SKX",2015-05-01T20:00:00Z,Buy,55.51,91.67,9,325.44,0.52293788923488,-14.04,325.44,67.14,1,"	1683,1781" 
2014-11-03T21:00:00Z,"INTC",2015-06-01T20:00:00Z,Buy,34.31,33.91,7,-2.8,0.87476070842682,-30.94,23.52,54.46,0,"	1677,1798" 
2014-11-03T21:00:00Z,"SKX",2015-06-01T20:00:00Z,Buy,55.51,106.02,4,202.04,0.51001416831964,-6.24,206,29.84,1,"	1683,1799" 
2014-11-03T21:00:00Z,"EW",2015-08-03T20:00:00Z,Buy,119.93,151.09,2,62.32,1.2220952938206,-0.28,73.58,50.18,1,"	1674,1832" 
2014-11-03T21:00:00Z,"SKX",2015-08-03T20:00:00Z,Buy,55.51,148.65,7,651.98,0.51729062811565,-10.92,664.58,52.22,1,"	1683,1835" 
2014-11-03T21:00:00Z,"INTC",2015-10-01T20:00:00Z,Buy,34.31,30,58,-249.98,0.70155938951559,-489.52,194.88,684.4,0,"	1677,1866" 
2014-11-03T21:00:00Z,"MEI",2015-10-01T20:00:00Z,Buy,40.18,31.99,18,-147.42,0.54512695924765,-291.78,151.74,443.52,0,"	1680,1867" 
2014-11-03T21:00:00Z,"DECK",2015-12-01T21:00:00Z,Buy,88.23,48.91,3,-117.96,0.50756603018523,-140.1,88.23,156.81,0,"	1672,1903" 
2014-11-03T21:00:00Z,"EW",2015-12-01T21:00:00Z,Buy,119.93,164.84,2,89.82,1.0649977836933,-0.28,90.38,50.18,1,"	1674,1904" 
2014-11-03T21:00:00Z,"MEI",2015-12-01T21:00:00Z,Buy,40.18,37.04,6,-18.84,1.1608132661563,-97.26,50.58,147.84,0,"	1680,1906" 
2014-12-01T21:00:00Z,"MTRX",2015-01-02T21:00:00Z,Buy,20.07,22.24,19,41.23,0.54513849431818,-16.72,325.66,47.5,1,"	1701,1707" 
2014-12-01T21:00:00Z,"TSRA",2015-02-02T21:00:00Z,Buy,34.41,37.35,7,20.58,2.0106604217094,-9.87,27.58,26.88,1,"	1704,1725" 
2014-12-01T21:00:00Z,"GPRE",2015-04-01T20:00:00Z,Buy,27.88,29.69,10,18.1,0.96811346722003,-73.8,178.7,80.3,1,"	1699,1756" 
2014-12-01T21:00:00Z,"HVT",2015-04-01T20:00:00Z,Buy,20.92,24.05,12,37.56,0.96697519716206,-55.8,125.04,33.96,1,"	1700,1757" 
2014-12-01T21:00:00Z,"ARLP",2015-05-01T20:00:00Z,Buy,43.33,34.2,52,-474.76,9.3121586482868,-587.08,104.52,691.6,0,"	1696,1774" 
2014-12-01T21:00:00Z,"MYGN",2015-05-01T20:00:00Z,Buy,33.01,34.18,9,10.53,0.52215105875336,-9,82.8,61.74,1,"	1702,1777" 
2014-12-01T21:00:00Z,"RSC",2015-09-01T20:00:00Z,Buy,62.78,50.24,6,-75.24,0.51488383119962,-113.58,267.36,138.96,0,"	1703,1852" 
2014-12-01T21:00:00Z,"CALM",2015-10-01T20:00:00Z,Buy,41.91,56.47,6,87.36,0.51501074498567,-41.82,107.7,74.16,1,"	1697,1865" 
2015-01-02T21:00:00Z,"GPRE",2015-04-01T20:00:00Z,Buy,25.71,29.69,17,67.66,4.2976526685639,-88.57,340.68,88.57,1,"	1712,1756" 
2015-01-02T21:00:00Z,"PSX",2015-05-01T20:00:00Z,Buy,72.29,81.61,3,27.96,0.50756171548117,-39.6,45.66,39.6,1,"	1713,1779" 
2015-02-02T21:00:00Z,"ARLP",2015-05-01T20:00:00Z,Buy,37.35,34.2,7,-22.05,0.51642686604675,-37.17,55.93,58.59,0,"	1729,1774" 
2015-02-02T21:00:00Z,"PPC",2015-05-01T20:00:00Z,Buy,26.8,25.44,12,-16.32,2.4117992259254,-50.52,129.48,72.24,0,"	1735,1778" 
2015-02-02T21:00:00Z,"DV",2015-06-01T20:00:00Z,Buy,44.01,32.32,7,-81.83,1.3426169286772,-97.79,36.19,106.54,0,"	1732,1796" 
2015-02-02T21:00:00Z,"MU",2015-08-03T20:00:00Z,Buy,28.44,19,81,-764.64,12.464045514211,-914.49,315.09,1229.58,0,"	1734,1834" 
2015-02-02T21:00:00Z,"RSC",2015-09-01T20:00:00Z,Buy,59.57,50.24,4,-37.32,0.51073139974779,-62.88,191.08,92.64,0,"	1736,1852" 
2015-02-02T21:00:00Z,"CALM",2015-10-01T20:00:00Z,Buy,35.09,56.47,9,192.42,0.52252567760342,-1.35,222.93,111.24,1,"	1730,1865" 
2015-02-02T21:00:00Z,"INTC",2015-10-01T20:00:00Z,Buy,33.65,30,7,-25.55,0.72189856219381,-54.46,28.14,62.09,0,"	1733,1866" 
2015-02-02T21:00:00Z,"ABFS",2015-12-01T21:00:00Z,Buy,38.74,24.33,7,-100.87,1.4510208188647,-102.62,60.13,135.66,0,"	1728,1901" 
2015-02-02T21:00:00Z,"DECK",2015-12-01T21:00:00Z,Buy,68.96,48.91,9,-180.45,1.1826925790709,-246.87,438.12,277.02,0,"	1731,1903" 
2015-02-02T21:00:00Z,"ZUMZ",2015-12-01T21:00:00Z,Buy,38.33,14.94,63,-1473.57,10.39015549084,-1513.26,120.96,1634.22,0,"	1737,1913" 
2015-03-02T21:00:00Z,"HVT",2015-04-01T20:00:00Z,Buy,23.89,24.05,10,1.6,1.4795327242093,-76.2,74.5,10.3,1,"	1747,1757" 
2015-03-02T21:00:00Z,"LSCC",2015-05-01T20:00:00Z,Buy,6.76,6.12,36,-23.04,0.59053571428571,-29.88,33.12,33.84,0,"	1750,1776" 
2015-03-02T21:00:00Z,"MYGN",2015-05-01T20:00:00Z,Buy,33.49,34.18,9,6.21,2.103003795262,-13.32,78.48,42.75,1,"	1751,1777" 
2015-03-02T21:00:00Z,"DV",2015-06-01T20:00:00Z,Buy,36.94,32.32,11,-50.82,1.9275056790206,-75.9,134.64,82.83,0,"	1746,1796" 
2015-03-02T21:00:00Z,"CRMT",2015-07-01T20:00:00Z,Buy,53.9,50.02,45.500017249991,-176.54,12.264173103108,-2120.3,141.05,349.44,0,"	1745,1811" 
2015-03-02T21:00:00Z,"IDT",2015-09-01T20:00:00Z,Buy,21.85,15.05,117,-795.6,14.284788042736,-795.6,0,795.6,0,"	1748,1848" 
2015-03-02T21:00:00Z,"KLIC",2015-09-01T20:00:00Z,Buy,16.33,10.59,155,-889.7,5.6123018431152,-981.15,0,981.15,0,"	1749,1850" 
2015-04-01T20:00:00Z,"ARLP",2015-05-01T20:00:00Z,Buy,32.99,34.2,15,18.15,0.53700643134909,-14.25,185.25,20.85,1,"	1763,1774" 
2015-04-01T20:00:00Z,"PPC",2015-05-01T20:00:00Z,Buy,23.76,25.44,23,38.64,0.5604780876494,-26.91,318.09,36.8,1,"	1770,1778" 
2015-04-01T20:00:00Z,"VDSI",2015-05-01T20:00:00Z,Buy,21.73,25.43,20,74,12.734335392935,-5.6,96.4,39.4,1,"	1772,1784" 
2015-04-01T20:00:00Z,"DV",2015-06-01T20:00:00Z,Buy,34,32.32,8,-13.44,0.52038369304556,-31.68,121.44,60.24,0,"	1766,1796" 
2015-04-01T20:00:00Z,"UEPS",2015-07-01T20:00:00Z,Buy,13.5,18.68,47,243.46,11.367395433555,-55.46,277.77,63.45,1,"	1771,1817" 
2015-04-01T20:00:00Z,"VDSI",2015-07-01T20:00:00Z,Buy,21.73,29.9,14,114.38,0.53466379595893,-3.92,180.6,71.68,1,"	1772,1818" 
2015-04-01T20:00:00Z,"MU",2015-08-03T20:00:00Z,Buy,27.13,19,11,-89.43,0.5275,-109.78,57.2,136.07,0,"	1769,1834" 
2015-04-01T20:00:00Z,"WDC",2015-08-03T20:00:00Z,Buy,92.35,85.85,4,-26,0.51014723656741,-235.68,87.72,100.36,0,"	1773,1836" 
2015-04-01T20:00:00Z,"BBY",2015-09-01T20:00:00Z,Buy,37.21,35.45,7,-12.32,1.9134550950315,-55.58,10.5,66.08,0,"	1764,1847" 
2015-04-01T20:00:00Z,"IDT",2015-09-01T20:00:00Z,Buy,18.98,15.05,24,-94.32,2.7618465954443,-94.32,68.88,110.16,0,"	1767,1848" 
2015-04-01T20:00:00Z,"UEPS",2015-09-01T20:00:00Z,Buy,13.5,19.8,20,126,0.54808159300631,-23.6,145.6,27,1,"	1771,1854" 
2015-04-01T20:00:00Z,"INTC",2015-10-01T20:00:00Z,Buy,30.81,30,8,-6.48,0.51970578829549,-39.52,54.88,68.72,0,"	1768,1866" 
2015-04-01T20:00:00Z,"VDSI",2015-11-02T21:00:00Z,Buy,21.73,19.32,82,-197.62,19.159724059337,-528.9,1057.8,1586.7,0,"	1772,1888" 
2015-05-01T20:00:00Z,"SMCI",2015-06-01T20:00:00Z,Buy,29.28,35.21,10,59.3,2.3895080578993,-1.8,59.3,7.4,1,"	1792,1800" 
2015-05-01T20:00:00Z,"SCVL",2015-07-01T20:00:00Z,Buy,26.16,29.14,7.0000434999782,20.86,0.73545001914975,-105.98,25.27,14.91,1,"	1791,1815" 
2015-05-01T20:00:00Z,"STMP",2015-07-01T20:00:00Z,Buy,62.01,72.82,6,64.86,1.1125361294894,-8.04,75.6,34.56,1,"	1793,1816" 
2015-05-01T20:00:00Z,"AMWD",2015-08-03T20:00:00Z,Buy,52.24,64.66,11,136.62,6.413892548032,-40.04,148.72,44.77,1,"	1785,1830" 
2015-05-01T20:00:00Z,"STMP",2015-09-01T20:00:00Z,Buy,62.01,79.54,7,122.71,6.1414955323913,-9.38,183.68,79.52,1,"	1793,1853" 
2015-05-01T20:00:00Z,"PLUS",2015-10-01T20:00:00Z,Buy,85.54,80.55,3,-14.97,8.052307669101,-37.41,8.31,45.72,0,"	1788,1868" 
2015-05-01T20:00:00Z,"SMCI",2015-10-01T20:00:00Z,Buy,29.28,26.61,75,-200.25,10.107546318165,-378,444.75,822.75,0,"	1792,1869" 
2015-05-01T20:00:00Z,"AMWD",2015-11-02T21:00:00Z,Buy,52.24,73.07,4,83.32,1.0515421573643,-14.56,85,28.32,1,"	1785,1882" 
2015-05-01T20:00:00Z,"AMWD",2015-12-01T21:00:00Z,Buy,52.24,84.96,4,130.88,0.51035971223022,-14.56,130.88,33.52,1,"	1785,1902" 
2015-05-01T20:00:00Z,"SCVL",2015-12-01T21:00:00Z,Buy,26.16,21.78,86.999956500022,-381.06,5.9070701523599,-1317.18,314.07,1002.24,0,"	1791,1908" 
2015-05-01T20:00:00Z,"STMP",2015-12-01T21:00:00Z,Buy,62.01,101.32,6,235.86,4.7985585488412,-8.04,257.52,99.24,1,"	1793,1909" 
2015-05-01T20:00:00Z,"ZUMZ",2015-12-01T21:00:00Z,Buy,31.89,14.94,14,-237.3,0.53519867549669,-246.12,117.04,246.12,0,"	1794,1913" 
2015-06-01T20:00:00Z,"KLIC",2015-09-01T20:00:00Z,Buy,13.13,10.59,35,-88.9,0.99812753267819,-109.55,112,119.35,0,"	1806,1850" 
2015-06-01T20:00:00Z,"ABFS",2015-12-01T21:00:00Z,Buy,34.95,24.33,11,-116.82,0.52811128985083,-119.57,136.18,125.4,0,"	1802,1901" 
2015-06-01T20:00:00Z,"DECK",2015-12-01T21:00:00Z,Buy,68.35,48.91,4,-77.76,0.51002934702861,-107.28,197.16,119.36,0,"	1805,1903" 
2015-06-01T20:00:00Z,"ZUMZ",2015-12-01T21:00:00Z,Buy,29.45,14.94,7,-101.57,0.84438208168723,-105.98,75.6,109.13,0,"	1810,1913" 
2015-07-01T20:00:00Z,"MU",2015-08-03T20:00:00Z,Buy,18.78,19,40,8.8,1.0903875889977,-65.2,542,84.8,1,"	1826,1834" 
2015-07-01T20:00:00Z,"WDC",2015-08-03T20:00:00Z,Buy,79.44,85.85,4,25.64,0.51013006885998,-184.04,139.36,17.52,1,"	1828,1836" 
2015-07-01T20:00:00Z,"KLIC",2015-09-01T20:00:00Z,Buy,11.75,10.59,22,-25.52,0.5551878736123,-38.5,100.76,40.26,0,"	1822,1850" 
2015-07-01T20:00:00Z,"LHCG",2015-09-01T20:00:00Z,Buy,37.53,44.25,10,67.2,5.2443568736634,-5.8,135.9,81.3,1,"	1823,1851" 
2015-07-01T20:00:00Z,"INTC",2015-10-01T20:00:00Z,Buy,30.18,30,8,-1.44,0.51984220907298,-34.48,59.92,37.52,0,"	1821,1866" 
2015-07-01T20:00:00Z,"SMCI",2015-10-01T20:00:00Z,Buy,30.25,26.61,9,-32.76,0.52300963488844,-54.09,44.64,54.09,0,"	1827,1869" 
2015-07-01T20:00:00Z,"MPC",2015-12-01T21:00:00Z,Buy,53.77,59.34,7,38.99,20.891614824291,-70,38.99,105.07,1,"	1825,1907" 
2015-07-01T20:00:00Z,"ZUMZ",2015-12-01T21:00:00Z,Buy,26.93,14.94,9,-107.91,0.5227534735261,-113.58,119.88,122.85,0,"	1829,1913" 
2015-08-03T20:00:00Z,"KLIC",2015-09-01T20:00:00Z,Buy,10.09,10.59,25,12.5,1.2294715680055,-2.25,156,14.5,1,"	1840,1850" 
2015-08-03T20:00:00Z,"RSC",2015-09-01T20:00:00Z,Buy,50.43,50.24,9,-1.71,0.52197279240899,-59.22,512.19,82.62,0,"	1841,1852" 
2015-08-03T20:00:00Z,"AEIS",2015-10-01T20:00:00Z,Buy,25.71,26.14,94,40.42,6.6796380781877,-210.56,174.84,385.4,1,"	1838,1864" 
2015-08-03T20:00:00Z,"SMCI",2015-10-01T20:00:00Z,Buy,26.61,26.61,8,0,0.5199550056243,-18.96,68.8,29.36,0,"	1843,1869" 
2015-08-03T20:00:00Z,"VDSI",2015-11-02T21:00:00Z,Buy,18.51,19.32,39,31.59,7.5483144918658,-125.97,628.68,172.77,1,"	1846,1888" 
2015-09-01T20:00:00Z,"SUPN",2015-11-02T21:00:00Z,Buy,18.83,17.22,18,-28.98,3.7331307154548,-93.78,41.58,135.36,0,"	1861,1886" 
2015-09-01T20:00:00Z,"VDSI",2015-11-02T21:00:00Z,Buy,15.69,19.32,22,79.86,2.8413639861595,-9.02,416.68,47.96,1,"	1862,1888" 
2015-09-01T20:00:00Z,"ABFS",2015-12-01T21:00:00Z,Buy,27.61,24.33,9,-29.52,1.1718358623797,-31.77,177.48,48.51,0,"	1856,1901" 
2015-09-01T20:00:00Z,"ZUMZ",2015-12-01T21:00:00Z,Buy,23.26,14.94,10,-83.2,1.3774488747443,-89.5,169.9,90.3,0,"	1863,1913" 
2015-10-01T20:00:00Z,"OTL",2015-11-02T21:00:00Z,Buy,47.99,55.22,6,43.38,6.4517392958731,0,43.5,17.46,1,"	1874,1885" 
2015-10-01T20:00:00Z,"SYKE",2015-11-02T21:00:00Z,Buy,25.38,28.48,7,21.7,3.6742332190049,0,31.43,9.73,1,"	1877,1887" 
2015-10-01T20:00:00Z,"DECK",2015-12-01T21:00:00Z,Buy,58.08,48.91,5,-45.85,0.51250430589046,-82.75,297.8,79.3,0,"	1872,1903" 
2015-10-01T20:00:00Z,"SCVL",2015-12-01T21:00:00Z,Buy,23.72,21.78,10,-19.4,1.5114958891028,-127,60.5,61.1,0,"	1875,1908" 
2015-10-01T20:00:00Z,"SYKE",2015-12-01T21:00:00Z,Buy,25.38,31.83,8,51.6,1.1631826750248,0,51.6,12.32,1,"	1877,1910" 
2015-10-01T20:00:00Z,"VLO",2015-12-01T21:00:00Z,Buy,62.24,72.57,5,51.65,8.5682255699319,-14.7,53.95,32.05,1,"	1880,1912" 
2015-10-01T20:00:00Z,"ZUMZ",2015-12-01T21:00:00Z,Buy,15.23,14.94,44,-12.76,0.60718490083173,-40.48,1100.88,177.32,0,"	1881,1913" 
2015-11-02T21:00:00Z,"ABFS",2015-12-01T21:00:00Z,Buy,26.27,24.33,9,-17.46,0.52282142857143,-19.71,189.54,35.82,0,"	1889,1901" 
2015-11-02T21:00:00Z,"DECK",2015-12-01T21:00:00Z,Buy,56.25,48.91,3.9999724599774,-29.36,0.51010600071865,-58.88,245.56,44,0,"	1891,1903" 
2015-11-02T21:00:00Z,"SCVL",2015-12-01T21:00:00Z,Buy,22.63,21.78,10.000043499978,-8.5,1.3470832518977,-116.1,71.4,48.4,0,"	1895,1908" 
