Time,Symbol,Price,Quantity,Type,Status,Value,Tag
2003-02-03T15:00:00Z,AAON,16.18,18,Market On Close,Filled,291.24,"buy" 
2003-02-03T15:00:00Z,AVD,21.3,23,Market On Close,Filled,489.9,"buy" 
2003-02-03T15:00:00Z,ANSS,18.7,12,Market On Close,Filled,224.4,"buy" 
2003-02-03T15:00:00Z,BIO,35.48,9,Market On Close,Filled,319.32,"buy" 
2003-02-03T15:00:00Z,BMI,31.63,12,Market On Close,Filled,379.56,"buy" 
2003-02-03T15:00:00Z,CAI,36.89,7,Market On Close,Filled,258.23,"buy" 
2003-02-03T15:00:00Z,CNXS,6.57,50,Market On Close,Filled,328.5,"buy" 
2003-02-03T15:00:00Z,COLM,35.05,7,Market On Close,Filled,245.35,"buy" 
2003-02-03T15:00:00Z,CW,54.06,7,Market On Close,Filled,378.42,"buy" 
2003-02-03T15:00:00Z,DCO,13.06,17,Market On Close,Filled,222.02,"buy" 
2003-02-03T15:00:00Z,EASI,36.44,8,Market On Close,Filled,291.52,"buy" 
2003-02-03T15:00:00Z,EBF,11.31,31,Market On Close,Filled,350.61,"buy" 
2003-02-03T15:00:00Z,EDUC,9.2,34,Market On Close,Filled,312.8,"buy" 
2003-02-03T15:00:00Z,EGN,29.99,15,Market On Close,Filled,449.85,"buy" 
2003-02-03T15:00:00Z,ESE,34.5,11,Market On Close,Filled,379.5,"buy" 
2003-02-03T15:00:00Z,FAF,22.76,21,Market On Close,Filled,477.96,"buy" 
2003-02-03T15:00:00Z,EXPO,14.54,25,Market On Close,Filled,363.5,"buy" 
2003-02-03T15:00:00Z,FIZ,15.27,37,Market On Close,Filled,564.99,"buy" 
2003-02-03T15:00:00Z,FLXS,15.4,25,Market On Close,Filled,385,"buy" 
2003-02-03T15:00:00Z,GCI,72.01,6,Market On Close,Filled,432.06,"buy" 
2003-02-03T15:00:00Z,HCSG,12.73,24,Market On Close,Filled,305.52,"buy" 
2003-02-03T15:00:00Z,HOV,29.61,8,Market On Close,Filled,236.88,"buy" 
2003-02-03T15:00:00Z,IDXX,34.84,10,Market On Close,Filled,348.4,"buy" 
2003-02-03T15:00:00Z,INTL,22.12,10,Market On Close,Filled,221.2,"buy" 
2003-02-03T15:00:00Z,JJSF,27.53,9,Market On Close,Filled,247.77,"buy" 
2003-02-03T15:00:00Z,MIDD,11.3,27,Market On Close,Filled,305.1,"buy" 
2003-02-03T15:00:00Z,MMSI,17.65,14,Market On Close,Filled,247.1,"buy" 
2003-02-03T15:00:00Z,MTRX,8,30,Market On Close,Filled,240,"buy" 
2003-02-03T15:00:00Z,MTSC,10.81,20,Market On Close,Filled,216.2,"buy" 
2003-02-03T15:00:00Z,NEB,21.96,16,Market On Close,Filled,351.36,"buy" 
2003-02-03T15:00:00Z,NEOG,15.03,20,Market On Close,Filled,300.6,"buy" 
2003-02-03T15:00:00Z,NHC,17.4,18,Market On Close,Filled,313.2,"buy" 
2003-02-03T15:00:00Z,NSSC,9.68,40,Market On Close,Filled,387.2,"buy" 
2003-02-03T15:00:00Z,NUS,12.14,21,Market On Close,Filled,254.94,"buy" 
2003-02-03T15:00:00Z,OXM,24.02,21,Market On Close,Filled,504.42,"buy" 
2003-02-03T15:00:00Z,PDX,36.24,7,Market On Close,Filled,253.68,"buy" 
2003-02-03T15:00:00Z,POG,31.79,12,Market On Close,Filled,381.48,"buy" 
2003-02-03T15:00:00Z,QSII,25.3,11,Market On Close,Filled,278.3,"buy" 
2003-02-03T15:00:00Z,RAVN,15.68,30,Market On Close,Filled,470.4,"buy" 
2003-02-03T15:00:00Z,RBIN,9.31,41,Market On Close,Filled,381.71,"buy" 
2003-02-03T15:00:00Z,RCII,52.36,6,Market On Close,Filled,314.16,"buy" 
2003-02-03T15:00:00Z,RIMG,8.32,36,Market On Close,Filled,299.52,"buy" 
2003-02-03T15:00:00Z,RVFD,24.95,17,Market On Close,Filled,424.15,"buy" 
2003-02-03T15:00:00Z,SCHN,21.52,17,Market On Close,Filled,365.84,"buy" 
2003-02-03T15:00:00Z,SGC,12.1,49,Market On Close,Filled,592.9,"buy" 
2003-02-03T15:00:00Z,SHOO,16.99,21,Market On Close,Filled,356.79,"buy" 
2003-02-03T15:00:00Z,SRT,27.11,10,Market On Close,Filled,271.1,"buy" 
2003-02-03T15:00:00Z,TDY,13.21,20,Market On Close,Filled,264.2,"buy" 
2003-02-03T15:00:00Z,THO,27.44,8,Market On Close,Filled,219.52,"buy" 
2003-02-03T15:00:00Z,TTWO,20.82,10,Market On Close,Filled,208.2,"buy" 
2003-02-03T15:00:00Z,UTMD,17.66,28,Market On Close,Filled,494.48,"buy" 
2003-02-03T15:00:00Z,WMK,31.15,14,Market On Close,Filled,436.1,"buy" 
2003-02-03T15:00:00Z,WSO,15.9,24,Market On Close,Filled,381.6,"buy" 
2003-03-03T15:00:00Z,ANK,17.35,30,Market On Close,Filled,520.5,"buy" 
2003-03-03T15:00:00Z,EDEL,10.19,34,Market On Close,Filled,346.46,"buy" 
2003-03-03T15:00:00Z,GDT,35.34,8,Market On Close,Filled,282.72,"buy" 
2003-03-03T15:00:00Z,LANC,37.95,9,Market On Close,Filled,341.55,"buy" 
2003-03-03T15:00:00Z,OIS,11.43,24,Market On Close,Filled,274.32,"buy" 
2003-04-01T15:00:00Z,DCO,10.19,-17,Market On Close,Filled,-173.23,"band" 
2003-04-01T15:00:00Z,EDEL,10.36,-34,Market On Close,Filled,-352.24,"universe" 
2003-04-01T15:00:00Z,RBIN,9.7,-41,Market On Close,Filled,-397.7,"universe" 
2003-04-01T15:00:00Z,IOM,11.32,20,Market On Close,Filled,226.4,"buy" 
2003-04-01T15:00:00Z,KOSS,17.49,18,Market On Close,Filled,314.82,"buy" 
2003-05-01T14:00:00Z,AAON,13.73,-18,Market On Close,Filled,-247.14,"band" 
2003-05-01T14:00:00Z,AVD,19.95,-11,Market On Close,Filled,-219.45,"adjust" 
2003-05-01T14:00:00Z,BMI,28.5,-12,Market On Close,Filled,-342,"expired" 
2003-05-01T14:00:00Z,NEOG,16.77,-20,Market On Close,Filled,-335.4,"expired" 
2003-05-01T14:00:00Z,OXM,36.26,-12,Market On Close,Filled,-435.12,"adjust" 
2003-05-01T14:00:00Z,BWS,29.65,9,Market On Close,Filled,266.85,"buy" 
2003-05-01T14:00:00Z,FRGO,9.97,21,Market On Close,Filled,209.37,"buy" 
2003-05-01T14:00:00Z,RGCO,19.68,39,Market On Close,Filled,767.52,"buy" 
2003-05-01T14:00:00Z,TTC,37.06,11,Market On Close,Filled,407.66,"buy" 
2003-06-02T14:00:00Z,BIO,58.36,-5,Market On Close,Filled,-291.8,"adjust" 
2003-06-02T14:00:00Z,HOV,57.81,-4,Market On Close,Filled,-231.24,"adjust" 
2003-06-02T14:00:00Z,KOSS,15.7,-18,Market On Close,Filled,-282.6,"universe" 
2003-06-02T14:00:00Z,MTRX,15.55,-14,Market On Close,Filled,-217.7,"adjust" 
2003-06-02T14:00:00Z,OIS,13.1,-24,Market On Close,Filled,-314.4,"band" 
2003-06-02T14:00:00Z,RGCO,23,-14,Market On Close,Filled,-322,"adjust" 
2003-06-02T14:00:00Z,SCHN,36,-7,Market On Close,Filled,-252,"adjust" 
2003-06-02T14:00:00Z,AMSWA,4.75,48,Market On Close,Filled,228,"buy" 
2003-06-02T14:00:00Z,APU,26.75,25,Market On Close,Filled,668.75,"buy" 
2003-06-02T14:00:00Z,UGI,34.13,16,Market On Close,Filled,546.08,"buy" 
2003-07-01T14:00:00Z,AMSWA,4.35,-48,Market On Close,Filled,-208.8,"universe" 
2003-07-01T14:00:00Z,BWS,29.65,-9,Market On Close,Filled,-266.85,"expired" 
2003-07-01T14:00:00Z,CW,63.5,-7,Market On Close,Filled,-444.5,"band" 
2003-07-01T14:00:00Z,IOM,11.02,-20,Market On Close,Filled,-220.4,"band" 
2003-07-01T14:00:00Z,JJSF,31.37,-9,Market On Close,Filled,-282.33,"band" 
2003-07-01T14:00:00Z,NUS,10.26,-21,Market On Close,Filled,-215.46,"band" 
2003-07-01T14:00:00Z,TDY,13.42,-20,Market On Close,Filled,-268.4,"band" 
2003-07-01T14:00:00Z,AXE,21.96,15,Market On Close,Filled,329.4,"buy" 
2003-07-01T14:00:00Z,HOC,27.75,10,Market On Close,Filled,277.5,"buy" 
2003-07-01T14:00:00Z,HWKN,10.4,34,Market On Close,Filled,353.6,"buy" 
2003-07-01T14:00:00Z,MAIR,5.92,40,Market On Close,Filled,236.8,"buy" 
2003-07-01T14:00:00Z,MSN,6.67,32,Market On Close,Filled,213.44,"buy" 
2003-07-01T14:00:00Z,PETD,9.16,44,Market On Close,Filled,403.04,"buy" 
2003-07-01T14:00:00Z,WDC,11.85,20,Market On Close,Filled,237,"buy" 
2003-08-01T14:00:00Z,CNXS,10.98,-20,Market On Close,Filled,-219.6,"adjust" 
2003-08-01T14:00:00Z,SGC,13.95,-21,Market On Close,Filled,-292.95,"adjust" 
2003-08-01T14:00:00Z,MDU,31.21,20,Market On Close,Filled,624.2,"buy" 
2003-09-02T14:00:00Z,CAI,45.5,-7,Market On Close,Filled,-318.5,"band" 
2003-09-02T14:00:00Z,MSN,3.8,-32,Market On Close,Filled,-121.6,"universe" 
2003-09-02T14:00:00Z,OXM,58.91,-4,Market On Close,Filled,-235.64,"adjust" 
2003-09-02T14:00:00Z,QSII,43.52,-6,Market On Close,Filled,-261.12,"adjust" 
2003-09-02T14:00:00Z,RAVN,26.45,-13,Market On Close,Filled,-343.85,"adjust" 
2003-09-02T14:00:00Z,SCHN,26.65,-9,Market On Close,Filled,-239.85,"adjust" 
2003-09-02T14:00:00Z,GCI,79.32,4,Market On Close,Filled,317.28,"adjust" 
2003-09-02T14:00:00Z,HUBG,10.79,25,Market On Close,Filled,269.75,"buy" 
2003-09-02T14:00:00Z,SAFM,30.25,16,Market On Close,Filled,484,"buy" 
2003-09-02T14:00:00Z,UGI,30.61,7,Market On Close,Filled,214.27,"adjust" 
2003-10-01T14:00:00Z,INTL,24.48,-10,Market On Close,Filled,-244.8,"band" 
2003-10-01T14:00:00Z,NSSC,8.82,-40,Market On Close,Filled,-352.8,"band" 
2003-10-01T14:00:00Z,RGCO,22.93,-25,Market On Close,Filled,-573.25,"universe" 
2003-10-01T14:00:00Z,UTMD,24.54,-9,Market On Close,Filled,-220.86,"adjust" 
2003-10-01T14:00:00Z,BWS,32.8,11,Market On Close,Filled,360.8,"buy" 
2003-10-01T14:00:00Z,FIZ,15.09,14,Market On Close,Filled,211.26,"adjust" 
2003-10-01T14:00:00Z,ODP,14.6,25,Market On Close,Filled,365,"buy" 
2003-11-03T15:00:00Z,AVD,30.6,-9,Market On Close,Filled,-275.4,"adjust" 
2003-11-03T15:00:00Z,EASI,47.17,-3,Market On Close,Filled,-141.51,"adjust" 
2003-11-03T15:00:00Z,EXPO,21.15,-10,Market On Close,Filled,-211.5,"adjust" 
2003-11-03T15:00:00Z,FLXS,19.5,-25,Market On Close,Filled,-487.5,"expired" 
2003-11-03T15:00:00Z,LANC,40.46,-9,Market On Close,Filled,-364.14,"band" 
2003-11-03T15:00:00Z,MIDD,27.69,-17,Market On Close,Filled,-470.73,"adjust" 
2003-11-03T15:00:00Z,NHC,20.4,-18,Market On Close,Filled,-367.2,"band" 
2003-11-03T15:00:00Z,APU,27.15,8,Market On Close,Filled,217.2,"adjust" 
2003-11-03T15:00:00Z,ATRI,42.4,6,Market On Close,Filled,254.4,"buy" 
2003-11-03T15:00:00Z,BIO,52.91,4,Market On Close,Filled,211.64,"adjust" 
2003-11-03T15:00:00Z,CRMT,30.24,11,Market On Close,Filled,332.64,"buy" 
2003-11-03T15:00:00Z,EGN,37.8,7,Market On Close,Filled,264.6,"adjust" 
2003-11-03T15:00:00Z,HOC,25.67,9,Market On Close,Filled,231.03,"adjust" 
2003-11-03T15:00:00Z,PNM,28.5,27,Market On Close,Filled,769.5,"buy" 
2003-11-03T15:00:00Z,WMK,35.9,6,Market On Close,Filled,215.4,"adjust" 
2003-12-01T15:00:00Z,ANK,27,-30,Market On Close,Filled,-810,"universe" 
2003-12-01T15:00:00Z,HOC,27,-19,Market On Close,Filled,-513,"band" 
2003-12-01T15:00:00Z,HWKN,13.09,-34,Market On Close,Filled,-445.06,"universe" 
2003-12-01T15:00:00Z,MTRX,17.11,-15,Market On Close,Filled,-256.65,"adjust" 
2003-12-01T15:00:00Z,SCHN,50.23,-7,Market On Close,Filled,-351.61,"adjust" 
2003-12-01T15:00:00Z,UTMD,22.56,-19,Market On Close,Filled,-428.64,"universe" 
2003-12-01T15:00:00Z,AXE,23.95,11,Market On Close,Filled,263.45,"adjust" 
2003-12-01T15:00:00Z,CMTL,33.9,6,Market On Close,Filled,203.4,"buy" 
2003-12-01T15:00:00Z,FIZ,15.24,14,Market On Close,Filled,213.36,"adjust" 
2003-12-01T15:00:00Z,GFF,19.9,31,Market On Close,Filled,616.9,"buy" 
2003-12-01T15:00:00Z,RBIN,14.09,35,Market On Close,Filled,493.15,"buy" 
2003-12-01T15:00:00Z,TALK,10.9,18,Market On Close,Filled,196.2,"buy" 
2003-12-01T15:00:00Z,TSAI,20,13,Market On Close,Filled,260,"buy" 
2004-01-02T15:00:00Z,COLM,54.77,-7,Market On Close,Filled,-383.39,"band" 
2004-01-02T15:00:00Z,ESE,44,-11,Market On Close,Filled,-484,"band" 
2004-01-02T15:00:00Z,HUBG,21.42,-11,Market On Close,Filled,-235.62,"adjust" 
2004-01-02T15:00:00Z,MAIR,7.71,-40,Market On Close,Filled,-308.4,"universe" 
2004-01-02T15:00:00Z,PETD,23.1,-32,Market On Close,Filled,-739.2,"adjust" 
2004-01-02T15:00:00Z,RVFD,27.7,-17,Market On Close,Filled,-470.9,"band" 
2004-01-02T15:00:00Z,APU,28,10,Market On Close,Filled,280,"adjust" 
2004-01-02T15:00:00Z,BKH,29.87,19,Market On Close,Filled,567.53,"buy" 
2004-01-02T15:00:00Z,GCI,88.54,3,Market On Close,Filled,265.62,"adjust" 
2004-01-02T15:00:00Z,MDU,24.03,10,Market On Close,Filled,240.3,"adjust" 
2004-01-02T15:00:00Z,NUS,17.2,30,Market On Close,Filled,516,"buy" 
2004-01-02T15:00:00Z,RSC,14.35,28,Market On Close,Filled,401.8,"buy" 
2004-01-02T15:00:00Z,ZIGO,16.87,13,Market On Close,Filled,219.31,"buy" 
2004-02-02T15:00:00Z,NUS,19.11,-11,Market On Close,Filled,-210.21,"adjust" 
2004-02-02T15:00:00Z,SAFM,49.82,-8,Market On Close,Filled,-398.56,"adjust" 
2004-02-02T15:00:00Z,ZIGO,19.38,-13,Market On Close,Filled,-251.94,"universe" 
2004-03-01T15:00:00Z,EDUC,10.61,-34,Market On Close,Filled,-360.74,"band" 
2004-03-01T15:00:00Z,EGN,41.99,-22,Market On Close,Filled,-923.78,"universe" 
2004-03-01T15:00:00Z,NEB,32.04,-16,Market On Close,Filled,-512.64,"band" 
2004-03-01T15:00:00Z,UGI,32.96,-23,Market On Close,Filled,-758.08,"band" 
2004-03-01T15:00:00Z,WDC,11.58,-20,Market On Close,Filled,-231.6,"band" 
2004-03-01T15:00:00Z,AHS,18.37,26,Market On Close,Filled,477.62,"buy" 
2004-03-01T15:00:00Z,ASGN,5.79,53,Market On Close,Filled,306.87,"buy" 
2004-03-01T15:00:00Z,DGII,11.84,26,Market On Close,Filled,307.84,"buy" 
2004-03-01T15:00:00Z,EBF,16.79,14,Market On Close,Filled,235.06,"adjust" 
2004-03-01T15:00:00Z,FAF,31.37,7,Market On Close,Filled,219.59,"adjust" 
2004-03-01T15:00:00Z,MDU,23.52,13,Market On Close,Filled,305.76,"adjust" 
2004-03-01T15:00:00Z,PEGA,9.25,33,Market On Close,Filled,305.25,"buy" 
2004-03-01T15:00:00Z,PNM,30.63,8,Market On Close,Filled,245.04,"adjust" 
2004-03-01T15:00:00Z,SGC,15.2,16,Market On Close,Filled,243.2,"adjust" 
2004-03-01T15:00:00Z,TYL,9.59,45,Market On Close,Filled,431.55,"buy" 
2004-04-01T15:00:00Z,AVD,49.6,-5,Market On Close,Filled,-248,"adjust" 
2004-04-01T15:00:00Z,ASGN,5.5,-53,Market On Close,Filled,-291.5,"band" 
2004-04-01T15:00:00Z,ATRI,42.18,-6,Market On Close,Filled,-253.08,"universe" 
2004-04-01T15:00:00Z,BKH,32.08,-19,Market On Close,Filled,-609.52,"band" 
2004-04-01T15:00:00Z,FIZ,9.45,-74,Market On Close,Filled,-699.3,"adjust" 
2004-04-01T15:00:00Z,SGC,16.39,-44,Market On Close,Filled,-721.16,"band" 
2004-04-01T15:00:00Z,SHOO,19.88,-21,Market On Close,Filled,-417.48,"band" 
2004-04-01T15:00:00Z,BWS,36.87,6,Market On Close,Filled,221.22,"adjust" 
2004-04-01T15:00:00Z,CALM,32.96,6,Market On Close,Filled,197.76,"buy" 
2004-04-01T15:00:00Z,FARO,23.12,10,Market On Close,Filled,231.2,"buy" 
2004-04-01T15:00:00Z,MTLM,37,10,Market On Close,Filled,370,"buy" 
2004-04-01T15:00:00Z,OTL,29.88,18,Market On Close,Filled,537.84,"buy" 
2004-04-01T15:00:00Z,QDEL,6.41,45,Market On Close,Filled,288.45,"buy" 
2004-04-01T15:00:00Z,RCII,33.5,7,Market On Close,Filled,234.5,"adjust" 
2004-04-01T15:00:00Z,SHEN,22.56,17,Market On Close,Filled,383.52,"buy" 
2004-05-03T14:00:00Z,APU,28.79,-12,Market On Close,Filled,-345.48,"adjust" 
2004-05-03T14:00:00Z,HCSG,15.99,-35,Market On Close,Filled,-559.65,"expired" 
2004-05-03T14:00:00Z,MIDD,53.13,-4,Market On Close,Filled,-212.52,"adjust" 
2004-05-03T14:00:00Z,NSIT,16.97,22,Market On Close,Filled,373.34,"buy" 
2004-05-03T14:00:00Z,ODP,17.45,13,Market On Close,Filled,226.85,"adjust" 
2004-05-03T14:00:00Z,OXM,39.14,6,Market On Close,Filled,234.84,"adjust" 
2004-05-03T14:00:00Z,SRT,32.65,7,Market On Close,Filled,228.55,"adjust" 
2004-06-01T14:00:00Z,BIO,56.71,-8,Market On Close,Filled,-453.68,"band" 
2004-06-01T14:00:00Z,HOV,35.17,-8,Market On Close,Filled,-281.36,"band" 
2004-06-01T14:00:00Z,POG,26.77,-8,Market On Close,Filled,-214.16,"adjust" 
2004-06-01T14:00:00Z,EXPO,24.93,9,Market On Close,Filled,224.37,"adjust" 
2004-06-01T14:00:00Z,GCI,87.18,3,Market On Close,Filled,261.54,"adjust" 
2004-06-01T14:00:00Z,LPX,23.52,21,Market On Close,Filled,493.92,"buy" 
2004-06-01T14:00:00Z,SPRT,9.7,29,Market On Close,Filled,281.3,"buy" 
2004-07-01T14:00:00Z,CMTL,21.45,-6,Market On Close,Filled,-128.7,"band" 
2004-07-01T14:00:00Z,EBF,18.49,-17,Market On Close,Filled,-314.33,"adjust" 
2004-07-01T14:00:00Z,OXM,42.2,-6,Market On Close,Filled,-253.2,"adjust" 
2004-07-01T14:00:00Z,SHEN,26.3,-17,Market On Close,Filled,-447.1,"band" 
2004-07-01T14:00:00Z,AHS,15.19,18,Market On Close,Filled,273.42,"adjust" 
2004-07-01T14:00:00Z,CRUS,5.8,51,Market On Close,Filled,295.8,"buy" 
2004-07-01T14:00:00Z,PDX,69.71,3,Market On Close,Filled,209.13,"adjust" 
2004-07-01T14:00:00Z,TESS,17.25,21,Market On Close,Filled,362.25,"buy" 
2004-08-02T14:00:00Z,APU,27.49,-31,Market On Close,Filled,-852.19,"band" 
2004-08-02T14:00:00Z,MMSI,16.38,-24,Market On Close,Filled,-393.12,"band" 
2004-08-02T14:00:00Z,MTRX,7.63,-17,Market On Close,Filled,-129.71,"band" 
2004-08-02T14:00:00Z,QDEL,3.46,-45,Market On Close,Filled,-155.7,"universe" 
2004-08-02T14:00:00Z,AMED,27.35,11,Market On Close,Filled,300.85,"buy" 
2004-08-02T14:00:00Z,ESCA,10.99,27,Market On Close,Filled,296.73,"buy" 
2004-08-02T14:00:00Z,PEGA,6.44,33,Market On Close,Filled,212.52,"adjust" 
2004-08-02T14:00:00Z,WIRE,18.5,15,Market On Close,Filled,277.5,"buy" 
2004-08-02T14:00:00Z,ZEUS,24.7,12,Market On Close,Filled,296.4,"buy" 
2004-09-01T14:00:00Z,AHS,11.54,-44,Market On Close,Filled,-507.76,"band" 
2004-09-01T14:00:00Z,NSIT,16.03,-22,Market On Close,Filled,-352.66,"band" 
2004-09-01T14:00:00Z,RAVN,41.42,-6,Market On Close,Filled,-248.52,"adjust" 
2004-09-01T14:00:00Z,RBIN,19.96,-35,Market On Close,Filled,-698.6,"universe" 
2004-09-01T14:00:00Z,CNXS,10.13,20,Market On Close,Filled,202.6,"adjust" 
2004-09-01T14:00:00Z,CYBE,16.74,16,Market On Close,Filled,267.84,"buy" 
2004-09-01T14:00:00Z,GFF,19.97,13,Market On Close,Filled,259.61,"adjust" 
2004-09-01T14:00:00Z,HOC,20.91,45,Market On Close,Filled,940.95,"buy" 
2004-09-01T14:00:00Z,SEB,543,1,Market On Close,Filled,543,"buy" 
2004-09-01T14:00:00Z,TALK,5.92,40,Market On Close,Filled,236.8,"adjust" 
2004-09-01T14:00:00Z,WMK,33.73,6,Market On Close,Filled,202.38,"adjust" 
2004-10-01T14:00:00Z,BWS,25.14,-17,Market On Close,Filled,-427.38,"band" 
2004-10-01T14:00:00Z,CRMT,34,-11,Market On Close,Filled,-374,"band" 
2004-10-01T14:00:00Z,CRUS,5.42,-51,Market On Close,Filled,-276.42,"universe" 
2004-10-01T14:00:00Z,EASI,46.38,-9,Market On Close,Filled,-417.42,"band" 
2004-10-01T14:00:00Z,HOC,25.95,-12,Market On Close,Filled,-311.4,"adjust" 
2004-10-01T14:00:00Z,PETD,43.73,-5,Market On Close,Filled,-218.65,"adjust" 
2004-10-01T14:00:00Z,POG,30.14,-22,Market On Close,Filled,-663.08,"band" 
2004-10-01T14:00:00Z,SEB,608,-1,Market On Close,Filled,-608,"adjust" 
2004-10-01T14:00:00Z,THO,27.66,-16,Market On Close,Filled,-442.56,"band" 
2004-10-01T14:00:00Z,TTWO,34.81,-10,Market On Close,Filled,-348.1,"band" 
2004-10-01T14:00:00Z,APU,29.89,38,Market On Close,Filled,1135.82,"buy" 
2004-10-01T14:00:00Z,ECOL,10.09,33,Market On Close,Filled,332.97,"buy" 
2004-10-01T14:00:00Z,HCSG,18.23,34,Market On Close,Filled,619.82,"buy" 
2004-10-01T14:00:00Z,LAWS,42.03,15,Market On Close,Filled,630.45,"buy" 
2004-10-01T14:00:00Z,MTEX,14.49,27,Market On Close,Filled,391.23,"buy" 
2004-10-01T14:00:00Z,NHC,29.6,17,Market On Close,Filled,503.2,"buy" 
2004-10-01T14:00:00Z,PCU,52.95,7,Market On Close,Filled,370.65,"buy" 
2004-10-01T14:00:00Z,QSII,51.37,4,Market On Close,Filled,205.48,"adjust" 
2004-11-01T15:00:00Z,APU,29.36,-8,Market On Close,Filled,-234.88,"adjust" 
2004-11-01T15:00:00Z,ESCA,14.02,-27,Market On Close,Filled,-378.54,"band" 
2004-11-01T15:00:00Z,OXM,37.29,-10,Market On Close,Filled,-372.9,"band" 
2004-11-01T15:00:00Z,CNC,48.98,10,Market On Close,Filled,489.8,"buy" 
2004-11-01T15:00:00Z,NATR,15.2,34,Market On Close,Filled,516.8,"buy" 
2004-11-01T15:00:00Z,TSAI,16.38,15,Market On Close,Filled,245.7,"adjust" 
2004-12-01T15:00:00Z,GFF,25.8,-11,Market On Close,Filled,-283.8,"adjust" 
2004-12-01T15:00:00Z,MTEX,21.99,-14,Market On Close,Filled,-307.86,"adjust" 
2004-12-01T15:00:00Z,PNM,25.76,-10,Market On Close,Filled,-257.6,"adjust" 
2004-12-01T15:00:00Z,SCHN,35.7,-5,Market On Close,Filled,-178.5,"band" 
2004-12-01T15:00:00Z,IDXX,52.23,6,Market On Close,Filled,313.38,"adjust" 
2004-12-01T15:00:00Z,NUE,52.27,9,Market On Close,Filled,470.43,"buy" 
2004-12-01T15:00:00Z,SRT,28.67,8,Market On Close,Filled,229.36,"adjust" 
2005-01-03T15:00:00Z,CALM,11.96,-12,Market On Close,Filled,-143.52,"band" 
2005-01-03T15:00:00Z,HUBG,50.7,-7,Market On Close,Filled,-354.9,"adjust" 
2005-01-03T15:00:00Z,PEGA,8.54,-66,Market On Close,Filled,-563.64,"band" 
2005-01-03T15:00:00Z,SRT,27.8,-25,Market On Close,Filled,-695,"band" 
2005-01-03T15:00:00Z,TYL,8.2,-45,Market On Close,Filled,-369,"band" 
2005-01-03T15:00:00Z,AEOS,46.74,14,Market On Close,Filled,654.36,"buy" 
2005-01-03T15:00:00Z,AIT,25.95,20,Market On Close,Filled,519,"buy" 
2005-01-03T15:00:00Z,MIDD,50.8,4,Market On Close,Filled,203.2,"adjust" 
2005-01-03T15:00:00Z,NL,21.55,22,Market On Close,Filled,474.1,"buy" 
2005-01-03T15:00:00Z,RSC,15.1,15,Market On Close,Filled,226.5,"adjust" 
2005-01-03T15:00:00Z,STLD,36.17,11,Market On Close,Filled,397.87,"buy" 
2005-02-01T15:00:00Z,APU,30.2,-30,Market On Close,Filled,-906,"band" 
2005-02-01T15:00:00Z,CNXS,15.58,-20,Market On Close,Filled,-311.6,"adjust" 
2005-02-01T15:00:00Z,EBF,17.33,-28,Market On Close,Filled,-485.24,"band" 
2005-02-01T15:00:00Z,HOC,30.5,-13,Market On Close,Filled,-396.5,"adjust" 
2005-02-01T15:00:00Z,MTSC,36.5,-6,Market On Close,Filled,-219,"adjust" 
2005-02-01T15:00:00Z,OTL,20.38,-18,Market On Close,Filled,-366.84,"band" 
2005-02-01T15:00:00Z,QSII,68.94,-9,Market On Close,Filled,-620.46,"band" 
2005-02-01T15:00:00Z,WIRE,12.5,-22,Market On Close,Filled,-275,"band" 
2005-02-01T15:00:00Z,ABFS,40.86,15,Market On Close,Filled,612.9,"buy" 
2005-02-01T15:00:00Z,ALG,25.84,21,Market On Close,Filled,542.64,"buy" 
2005-02-01T15:00:00Z,CMC,28.86,14,Market On Close,Filled,404.04,"buy" 
2005-02-01T15:00:00Z,GCI,79.41,3,Market On Close,Filled,238.23,"adjust" 
2005-02-01T15:00:00Z,JCOM,32.91,16,Market On Close,Filled,526.56,"buy" 
2005-02-01T15:00:00Z,MLI,31.96,23,Market On Close,Filled,735.08,"buy" 
2005-02-01T15:00:00Z,ODP,17.63,13,Market On Close,Filled,229.19,"adjust" 
2005-02-01T15:00:00Z,RCII,24.55,11,Market On Close,Filled,270.05,"adjust" 
2005-03-01T15:00:00Z,ANSS,35.87,-7,Market On Close,Filled,-251.09,"adjust" 
2005-03-01T15:00:00Z,TSAI,23.64,-10,Market On Close,Filled,-236.4,"adjust" 
2005-03-01T15:00:00Z,FARO,26.4,8,Market On Close,Filled,211.2,"adjust" 
2005-03-01T15:00:00Z,GDT,73.96,4,Market On Close,Filled,295.84,"adjust" 
2005-04-01T15:00:00Z,AVD,42.26,-13,Market On Close,Filled,-549.38,"band" 
2005-04-01T15:00:00Z,MIDD,49.02,-10,Market On Close,Filled,-490.2,"band" 
2005-04-01T15:00:00Z,ODP,21.99,-17,Market On Close,Filled,-373.83,"adjust" 
2005-04-01T15:00:00Z,PETD,37.34,-7,Market On Close,Filled,-261.38,"band" 
2005-04-01T15:00:00Z,RCII,26.95,-33,Market On Close,Filled,-889.35,"band" 
2005-04-01T15:00:00Z,RSC,14,-43,Market On Close,Filled,-602,"band" 
2005-04-01T15:00:00Z,SPRT,5.17,-29,Market On Close,Filled,-149.93,"band" 
2005-04-01T15:00:00Z,WSO,42.12,-6,Market On Close,Filled,-252.72,"adjust" 
2005-04-01T15:00:00Z,FIZ,7.9,26,Market On Close,Filled,205.4,"adjust" 
2005-04-01T15:00:00Z,MSTR,55.27,6,Market On Close,Filled,331.62,"buy" 
2005-04-01T15:00:00Z,NVR,793,1,Market On Close,Filled,793,"buy" 
2005-04-01T15:00:00Z,COP,110.28,8,Market On Close,Filled,882.24,"buy" 
2005-04-01T15:00:00Z,RES,15.23,30,Market On Close,Filled,456.9,"buy" 
2005-04-01T15:00:00Z,VLO,77.75,7,Market On Close,Filled,544.25,"buy" 
2005-04-01T15:00:00Z,X,51.16,9,Market On Close,Filled,460.44,"buy" 
2005-05-02T14:00:00Z,AXE,37.42,-7,Market On Close,Filled,-261.94,"adjust" 
2005-05-02T14:00:00Z,GFF,18.99,-33,Market On Close,Filled,-626.67,"band" 
2005-05-02T14:00:00Z,HCSG,25.34,-13,Market On Close,Filled,-329.42,"adjust" 
2005-05-02T14:00:00Z,HOC,34.89,-6,Market On Close,Filled,-209.34,"adjust" 
2005-05-02T14:00:00Z,MDU,27.58,-8,Market On Close,Filled,-220.64,"adjust" 
2005-05-02T14:00:00Z,NUS,22.11,-19,Market On Close,Filled,-420.09,"band" 
2005-05-02T14:00:00Z,NVR,709.89,-1,Market On Close,Filled,-709.89,"expired" 
2005-05-02T14:00:00Z,WMK,38.08,-7,Market On Close,Filled,-266.56,"adjust" 
2005-05-02T14:00:00Z,WSO,44.73,-5,Market On Close,Filled,-223.65,"adjust" 
2005-05-02T14:00:00Z,FRGO,14.82,15,Market On Close,Filled,222.3,"adjust" 
2005-05-02T14:00:00Z,GDT,74.08,3,Market On Close,Filled,222.24,"adjust" 
2005-05-02T14:00:00Z,HSII,26.42,18,Market On Close,Filled,475.56,"buy" 
2005-05-02T14:00:00Z,TTWO,23.95,27,Market On Close,Filled,646.65,"buy" 
2005-05-02T14:00:00Z,WEYS,18.69,43,Market On Close,Filled,803.67,"buy" 
2005-06-01T14:00:00Z,AEOS,28.69,-8,Market On Close,Filled,-229.52,"adjust" 
2005-06-01T14:00:00Z,AIT,30.83,-7,Market On Close,Filled,-215.81,"adjust" 
2005-06-01T14:00:00Z,CNXS,21.53,-10,Market On Close,Filled,-215.3,"adjust" 
2005-06-01T14:00:00Z,FIZ,8.18,-81,Market On Close,Filled,-662.58,"band" 
2005-06-01T14:00:00Z,HSII,25.74,-18,Market On Close,Filled,-463.32,"band" 
2005-06-01T14:00:00Z,IDXX,57.87,-16,Market On Close,Filled,-925.92,"band" 
2005-06-01T14:00:00Z,TESS,12.75,-21,Market On Close,Filled,-267.75,"band" 
2005-06-01T14:00:00Z,TTC,43.18,-7,Market On Close,Filled,-302.26,"adjust" 
2005-06-01T14:00:00Z,GCI,74.24,3,Market On Close,Filled,222.72,"adjust" 
2005-06-01T14:00:00Z,GDT,74.2,4,Market On Close,Filled,296.8,"adjust" 
2005-06-01T14:00:00Z,GPX,7.2,89,Market On Close,Filled,640.8,"buy" 
2005-06-01T14:00:00Z,OXY,74.8,9,Market On Close,Filled,673.2,"buy" 
2005-06-01T14:00:00Z,SAFM,39.15,6,Market On Close,Filled,234.9,"adjust" 
2005-06-01T14:00:00Z,SPTN,12.92,42,Market On Close,Filled,542.64,"buy" 
2005-06-01T14:00:00Z,UGI,26.89,38,Market On Close,Filled,1021.82,"buy" 
2005-07-01T14:00:00Z,GDT,65.71,-4,Market On Close,Filled,-262.84,"adjust" 
2005-07-01T14:00:00Z,NL,15.24,-22,Market On Close,Filled,-335.28,"band" 
2005-07-01T14:00:00Z,SAFM,45.97,-17,Market On Close,Filled,-781.49,"band" 
2005-07-01T14:00:00Z,CYBE,13.03,16,Market On Close,Filled,208.48,"adjust" 
2005-07-01T14:00:00Z,ISSC,32.66,12,Market On Close,Filled,391.92,"buy" 
2005-07-01T14:00:00Z,PLPC,39.89,15,Market On Close,Filled,598.35,"buy" 
2005-08-01T14:00:00Z,ODP,27.96,-9,Market On Close,Filled,-251.64,"adjust" 
2005-08-01T14:00:00Z,RIMG,25.13,-16,Market On Close,Filled,-402.08,"adjust" 
2005-08-01T14:00:00Z,WEYS,23.6,-18,Market On Close,Filled,-424.8,"adjust" 
2005-08-01T14:00:00Z,ZEUS,15.89,-12,Market On Close,Filled,-190.68,"band" 
2005-08-01T14:00:00Z,ABFS,34.48,6,Market On Close,Filled,206.88,"adjust" 
2005-08-01T14:00:00Z,ALG,20.04,11,Market On Close,Filled,220.44,"adjust" 
2005-08-01T14:00:00Z,MLI,29.22,7,Market On Close,Filled,204.54,"adjust" 
2005-08-01T14:00:00Z,PCU,52.6,4,Market On Close,Filled,210.4,"adjust" 
2005-08-01T14:00:00Z,PDX,78.68,3,Market On Close,Filled,236.04,"adjust" 
2005-08-01T14:00:00Z,TTC,40.21,5,Market On Close,Filled,201.05,"adjust" 
2005-08-01T14:00:00Z,USPH,18.42,45,Market On Close,Filled,828.9,"buy" 
2005-08-01T14:00:00Z,WMK,40.73,5,Market On Close,Filled,203.65,"adjust" 
2005-09-01T14:00:00Z,CYBE,13.9,-32,Market On Close,Filled,-444.8,"band" 
2005-09-01T14:00:00Z,ISSC,16.92,-17,Market On Close,Filled,-287.64,"band" 
2005-09-01T14:00:00Z,MLI,27.14,-30,Market On Close,Filled,-814.2,"band" 
2005-09-01T14:00:00Z,PNM,29.61,-42,Market On Close,Filled,-1243.62,"band" 
2005-09-01T14:00:00Z,VLO,109.5,-2,Market On Close,Filled,-219,"adjust" 
2005-09-01T14:00:00Z,FARO,20.66,12,Market On Close,Filled,247.92,"adjust" 
2005-09-01T14:00:00Z,LPX,25.7,10,Market On Close,Filled,257,"adjust" 
2005-09-01T14:00:00Z,PETS,10.43,50,Market On Close,Filled,521.5,"buy" 
2005-09-01T14:00:00Z,KFRC,10.03,50,Market On Close,Filled,501.5,"buy" 
2005-09-01T14:00:00Z,SCVL,16.36,24,Market On Close,Filled,392.64,"buy" 
2005-09-01T14:00:00Z,SYKE,10.58,45,Market On Close,Filled,476.1,"buy" 
2005-10-03T14:00:00Z,ALG,19.99,-32,Market On Close,Filled,-639.68,"band" 
2005-10-03T14:00:00Z,GCI,68.57,-3,Market On Close,Filled,-205.71,"adjust" 
2005-10-03T14:00:00Z,HOC,64.53,-5,Market On Close,Filled,-322.65,"adjust" 
2005-10-03T14:00:00Z,MDU,36.67,-6,Market On Close,Filled,-220.02,"adjust" 
2005-10-03T14:00:00Z,MTEX,11.7,-13,Market On Close,Filled,-152.1,"band" 
2005-10-03T14:00:00Z,COP,68.99,-5,Market On Close,Filled,-344.95,"adjust" 
2005-10-03T14:00:00Z,RES,25.51,-10,Market On Close,Filled,-255.1,"adjust" 
2005-10-03T14:00:00Z,STLD,32.9,-11,Market On Close,Filled,-361.9,"band" 
2005-10-03T14:00:00Z,CECO,35.89,17,Market On Close,Filled,610.13,"buy" 
2005-10-03T14:00:00Z,DGII,10.7,22,Market On Close,Filled,235.4,"adjust" 
2005-10-03T14:00:00Z,GDT,68.71,3,Market On Close,Filled,206.13,"adjust" 
2005-10-03T14:00:00Z,KOMG,32.45,14,Market On Close,Filled,454.3,"buy" 
2005-10-03T14:00:00Z,NHC,34.78,7,Market On Close,Filled,243.46,"adjust" 
2005-10-03T14:00:00Z,PDX,76.98,3,Market On Close,Filled,230.94,"adjust" 
2005-10-03T14:00:00Z,RS,53.16,13,Market On Close,Filled,691.08,"buy" 
2005-11-01T15:00:00Z,FARO,20.67,-30,Market On Close,Filled,-620.1,"band" 
2005-11-01T15:00:00Z,GDT,63,-4,Market On Close,Filled,-252,"adjust" 
2005-11-01T15:00:00Z,LAWS,35.32,-15,Market On Close,Filled,-529.8,"band" 
2005-11-01T15:00:00Z,AMED,41.12,6,Market On Close,Filled,246.72,"adjust" 
2005-11-01T15:00:00Z,AXE,37.39,6,Market On Close,Filled,224.34,"adjust" 
2005-11-01T15:00:00Z,LYTS,17.79,36,Market On Close,Filled,640.44,"buy" 
2005-11-01T15:00:00Z,MMSI,11.9,46,Market On Close,Filled,547.4,"buy" 
2005-11-01T15:00:00Z,GPX,8.28,31,Market On Close,Filled,256.68,"adjust" 
2005-11-01T15:00:00Z,X,37.56,7,Market On Close,Filled,262.92,"adjust" 
2005-12-01T15:00:00Z,CNC,25.21,-20,Market On Close,Filled,-504.2,"band" 
2005-12-01T15:00:00Z,DGII,13.29,-48,Market On Close,Filled,-637.92,"band" 
2005-12-01T15:00:00Z,FAF,47.84,-7,Market On Close,Filled,-334.88,"adjust" 
2005-12-01T15:00:00Z,X,48.98,-16,Market On Close,Filled,-783.68,"band" 
2005-12-01T15:00:00Z,B,35.25,23,Market On Close,Filled,810.75,"buy" 
2005-12-01T15:00:00Z,LRW,23.07,27,Market On Close,Filled,622.89,"buy" 
2005-12-01T15:00:00Z,SNHY,18.75,16,Market On Close,Filled,300,"buy" 
2006-01-03T15:00:00Z,MMSI,12.43,-46,Market On Close,Filled,-571.78,"band" 
2006-01-03T15:00:00Z,PETS,14.31,-18,Market On Close,Filled,-257.58,"adjust" 
2006-01-03T15:00:00Z,RES,26.11,-11,Market On Close,Filled,-287.21,"adjust" 
2006-01-03T15:00:00Z,TTC,44.38,-20,Market On Close,Filled,-887.6,"band" 
2006-01-03T15:00:00Z,ASH,59.9,18,Market On Close,Filled,1078.2,"buy" 
2006-01-03T15:00:00Z,CPSI,40.83,14,Market On Close,Filled,571.62,"buy" 
2006-01-03T15:00:00Z,GCI,61.98,4,Market On Close,Filled,247.92,"adjust" 
2006-02-01T15:00:00Z,GDT,73.85,-3,Market On Close,Filled,-221.55,"adjust" 
2006-02-01T15:00:00Z,PCU,86.84,-4,Market On Close,Filled,-347.36,"adjust" 
2006-02-01T15:00:00Z,RS,78.45,-4,Market On Close,Filled,-313.8,"adjust" 
2006-02-01T15:00:00Z,SPTN,12.08,-42,Market On Close,Filled,-507.36,"expired" 
2006-02-01T15:00:00Z,TTWO,15.17,-27,Market On Close,Filled,-409.59,"band" 
2006-02-01T15:00:00Z,CRUS,8.5,77,Market On Close,Filled,654.5,"buy" 
2006-02-01T15:00:00Z,SHOO,31.82,22,Market On Close,Filled,700.04,"buy" 
2006-02-01T15:00:00Z,UGI,21.55,11,Market On Close,Filled,237.05,"adjust" 
2006-02-01T15:00:00Z,WEYS,22.89,9,Market On Close,Filled,206.01,"adjust" 
2006-02-01T15:00:00Z,WMK,42.94,5,Market On Close,Filled,214.7,"adjust" 
2006-03-01T15:00:00Z,PDX,95.76,-5,Market On Close,Filled,-478.8,"adjust" 
2006-03-01T15:00:00Z,UGI,22.31,-49,Market On Close,Filled,-1093.19,"band" 
2006-03-01T15:00:00Z,FAF,42.01,6,Market On Close,Filled,252.06,"adjust" 
2006-03-01T15:00:00Z,HCSG,19.2,11,Market On Close,Filled,211.2,"adjust" 
2006-03-01T15:00:00Z,IIIN,39.29,11,Market On Close,Filled,432.19,"buy" 
2006-04-03T14:00:00Z,AEOS,28.79,-20,Market On Close,Filled,-575.8,"band" 
2006-04-03T14:00:00Z,AXE,47.29,-25,Market On Close,Filled,-1182.25,"universe" 
2006-04-03T14:00:00Z,IIIN,59.24,-5,Market On Close,Filled,-296.2,"adjust" 
2006-04-03T14:00:00Z,MTSC,41.33,-14,Market On Close,Filled,-578.62,"universe" 
2006-04-03T14:00:00Z,NUE,107.97,-2,Market On Close,Filled,-215.94,"adjust" 
2006-04-03T14:00:00Z,ADTN,25.95,23,Market On Close,Filled,596.85,"buy" 
2006-04-03T14:00:00Z,CECO,37.12,6,Market On Close,Filled,222.72,"adjust" 
2006-04-03T14:00:00Z,EGY,6.83,77,Market On Close,Filled,525.91,"buy" 
2006-04-03T14:00:00Z,EXPO,31.46,7,Market On Close,Filled,220.22,"adjust" 
2006-04-03T14:00:00Z,GPX,6.9,32,Market On Close,Filled,220.8,"adjust" 
2006-04-03T14:00:00Z,PLPC,33.2,6,Market On Close,Filled,199.2,"adjust" 
2006-04-03T14:00:00Z,TSAI,30.42,9,Market On Close,Filled,273.78,"adjust" 
2006-04-03T14:00:00Z,WIRE,33.22,15,Market On Close,Filled,498.3,"buy" 
2006-04-03T14:00:00Z,ZEUS,30.9,19,Market On Close,Filled,587.1,"buy" 
2006-04-22T04:00:00Z,GDT,80.05,-11,Market,Filled,-880.55,"Liquidate from delisting" 
2006-05-01T14:00:00Z,ASH,65.64,-4,Market On Close,Filled,-262.56,"adjust" 
2006-05-01T14:00:00Z,ECOL,25.5,-11,Market On Close,Filled,-280.5,"adjust" 
2006-05-01T14:00:00Z,LRW,27.12,-27,Market On Close,Filled,-732.24,"expired" 
2006-05-01T14:00:00Z,NATR,10.04,-34,Market On Close,Filled,-341.36,"universe" 
2006-05-01T14:00:00Z,GPX,7.2,-152,Market On Close,Filled,-1094.4,"band" 
2006-05-01T14:00:00Z,SHOO,53.01,-14,Market On Close,Filled,-742.14,"adjust" 
2006-05-01T14:00:00Z,SNHY,21.46,-16,Market On Close,Filled,-343.36,"band" 
2006-05-01T14:00:00Z,TSAI,39.78,-9,Market On Close,Filled,-358.02,"adjust" 
2006-05-01T14:00:00Z,BLS,33.8,40,Market On Close,Filled,1352,"buy" 
2006-05-01T14:00:00Z,DECK,42.49,15,Market On Close,Filled,637.35,"buy" 
2006-05-01T14:00:00Z,LG,33.06,36,Market On Close,Filled,1190.16,"buy" 
2006-05-01T14:00:00Z,COP,67.75,3,Market On Close,Filled,203.25,"adjust" 
2006-05-01T14:00:00Z,SRT,23.32,35,Market On Close,Filled,816.2,"buy" 
2006-05-01T14:00:00Z,TALK,9.03,24,Market On Close,Filled,216.72,"adjust" 
2006-05-01T14:00:00Z,USPH,16.06,13,Market On Close,Filled,208.78,"adjust" 
2006-06-01T14:00:00Z,FRGO,24.9,-36,Market On Close,Filled,-896.4,"band" 
2006-06-01T14:00:00Z,JCOM,27.3,-32,Market On Close,Filled,-873.6,"expired" 
2006-06-01T14:00:00Z,PLPC,35.96,-21,Market On Close,Filled,-755.16,"band" 
2006-06-01T14:00:00Z,EXPO,30.73,7,Market On Close,Filled,215.11,"adjust" 
2006-06-01T14:00:00Z,GCI,54.6,4,Market On Close,Filled,218.4,"adjust" 
2006-06-01T14:00:00Z,LMS,24.38,17,Market On Close,Filled,414.46,"buy" 
2006-06-01T14:00:00Z,LPX,24.71,10,Market On Close,Filled,247.1,"adjust" 
2006-06-01T14:00:00Z,MLR,20.04,28,Market On Close,Filled,561.12,"buy" 
2006-06-01T14:00:00Z,STLD,59.35,10,Market On Close,Filled,593.5,"buy" 
2006-06-01T14:00:00Z,TTMI,15.08,38,Market On Close,Filled,573.04,"buy" 
2006-07-03T14:00:00Z,ABFS,50.55,-5,Market On Close,Filled,-252.75,"adjust" 
2006-07-03T14:00:00Z,EGY,10.1,-26,Market On Close,Filled,-262.6,"adjust" 
2006-07-03T14:00:00Z,HCSG,20.73,-42,Market On Close,Filled,-870.66,"band" 
2006-07-03T14:00:00Z,SRT,14.72,-35,Market On Close,Filled,-515.2,"band" 
2006-07-03T14:00:00Z,WMK,41.05,-5,Market On Close,Filled,-205.25,"adjust" 
2006-07-03T14:00:00Z,ADTN,22.79,12,Market On Close,Filled,273.48,"adjust" 
2006-07-03T14:00:00Z,AP,29.25,17,Market On Close,Filled,497.25,"buy" 
2006-07-03T14:00:00Z,AIT,24.46,10,Market On Close,Filled,244.6,"adjust" 
2006-07-03T14:00:00Z,PDX,45.64,5,Market On Close,Filled,228.2,"adjust" 
2006-07-03T14:00:00Z,RIMG,19.94,12,Market On Close,Filled,239.28,"adjust" 
2006-07-03T14:00:00Z,SCHN,36.53,19,Market On Close,Filled,694.07,"buy" 
2006-07-03T14:00:00Z,TALK,6.24,43,Market On Close,Filled,268.32,"adjust" 
2006-08-01T14:00:00Z,CRUS,6.56,-77,Market On Close,Filled,-505.12,"expired" 
2006-08-01T14:00:00Z,EXPO,15.34,-27,Market On Close,Filled,-414.18,"adjust" 
2006-08-01T14:00:00Z,HOC,52.25,-5,Market On Close,Filled,-261.25,"adjust" 
2006-08-01T14:00:00Z,LPX,19.86,-41,Market On Close,Filled,-814.26,"band" 
2006-08-01T14:00:00Z,NHC,45.17,-6,Market On Close,Filled,-271.02,"adjust" 
2006-08-01T14:00:00Z,RIMG,23.92,-32,Market On Close,Filled,-765.44,"band" 
2006-08-01T14:00:00Z,CECO,28.19,8,Market On Close,Filled,225.52,"adjust" 
2006-08-01T14:00:00Z,GCI,52.48,6,Market On Close,Filled,314.88,"adjust" 
2006-08-01T14:00:00Z,KBALB,17.33,47,Market On Close,Filled,814.51,"buy" 
2006-08-01T14:00:00Z,MCRI,19.05,34,Market On Close,Filled,647.7,"buy" 
2006-08-01T14:00:00Z,MRO,90.6,9,Market On Close,Filled,815.4,"buy" 
2006-08-01T14:00:00Z,MSTR,81.68,3,Market On Close,Filled,245.04,"adjust" 
2006-09-01T14:00:00Z,ANSS,46,-17,Market On Close,Filled,-782,"band" 
2006-09-01T14:00:00Z,ASH,63.06,-14,Market On Close,Filled,-882.84,"band" 
2006-09-01T14:00:00Z,CNXS,28.1,-20,Market On Close,Filled,-562,"band" 
2006-09-01T14:00:00Z,LYTS,18.31,-12,Market On Close,Filled,-219.72,"adjust" 
2006-09-01T14:00:00Z,SYKE,20.2,-17,Market On Close,Filled,-343.4,"adjust" 
2006-09-01T14:00:00Z,TALK,5.84,-125,Market On Close,Filled,-730,"band" 
2006-09-01T14:00:00Z,USPH,14.76,-58,Market On Close,Filled,-856.08,"band" 
2006-09-01T14:00:00Z,WSO,43.58,-13,Market On Close,Filled,-566.54,"band" 
2006-09-01T14:00:00Z,CTR,23.66,31,Market On Close,Filled,733.46,"buy" 
2006-09-01T14:00:00Z,ECOL,19.79,11,Market On Close,Filled,217.69,"adjust" 
2006-09-01T14:00:00Z,IVAC,17.38,24,Market On Close,Filled,417.12,"buy" 
2006-09-01T14:00:00Z,MTEX,14.96,32,Market On Close,Filled,478.72,"buy" 
2006-09-01T14:00:00Z,OGE,37.3,43,Market On Close,Filled,1603.9,"buy" 
2006-09-01T14:00:00Z,PTSI,25.93,27,Market On Close,Filled,700.11,"buy" 
2006-09-01T14:00:00Z,TESS,23.71,35,Market On Close,Filled,829.85,"buy" 
2006-09-01T14:00:00Z,VLO,57.81,5,Market On Close,Filled,289.05,"adjust" 
2006-10-02T14:00:00Z,ADTN,23.37,-35,Market On Close,Filled,-817.95,"band" 
2006-10-02T14:00:00Z,BLS,42.33,-7,Market On Close,Filled,-296.31,"adjust" 
2006-10-02T14:00:00Z,CECO,22.5,-31,Market On Close,Filled,-697.5,"band" 
2006-10-02T14:00:00Z,ECOL,19.63,-33,Market On Close,Filled,-647.79,"band" 
2006-10-02T14:00:00Z,GCI,56.67,-5,Market On Close,Filled,-283.35,"adjust" 
2006-10-02T14:00:00Z,KBALB,19.5,-14,Market On Close,Filled,-273,"adjust" 
2006-10-02T14:00:00Z,LYTS,16.02,-24,Market On Close,Filled,-384.48,"band" 
2006-10-02T14:00:00Z,MLR,18.03,-28,Market On Close,Filled,-504.84,"band" 
2006-10-02T14:00:00Z,MSTR,99.93,-2,Market On Close,Filled,-199.86,"adjust" 
2006-10-02T14:00:00Z,NHC,51.27,-4,Market On Close,Filled,-205.08,"adjust" 
2006-10-02T14:00:00Z,RAVN,28.97,-22,Market On Close,Filled,-637.34,"band" 
2006-10-02T14:00:00Z,TESS,31.52,-12,Market On Close,Filled,-378.24,"adjust" 
2006-10-02T14:00:00Z,AEOS,44.61,17,Market On Close,Filled,758.37,"buy" 
2006-10-02T14:00:00Z,DLTR,31.29,30,Market On Close,Filled,938.7,"buy" 
2006-10-02T14:00:00Z,ICUI,45.75,22,Market On Close,Filled,1006.5,"buy" 
2006-10-02T14:00:00Z,PCLN,36.76,15,Market On Close,Filled,551.4,"buy" 
2006-10-02T14:00:00Z,SPH,33.88,39,Market On Close,Filled,1321.32,"buy" 
2006-10-02T14:00:00Z,TNC,24.04,30,Market On Close,Filled,721.2,"buy" 
2006-11-01T15:00:00Z,B,19.86,-14,Market On Close,Filled,-278.04,"adjust" 
2006-11-01T15:00:00Z,NUE,57.34,-4,Market On Close,Filled,-229.36,"adjust" 
2006-11-01T15:00:00Z,SCHN,34.9,-19,Market On Close,Filled,-663.1,"band" 
2006-11-01T15:00:00Z,TESS,31.67,-7,Market On Close,Filled,-221.69,"adjust" 
2006-11-01T15:00:00Z,CPSI,33.35,6,Market On Close,Filled,200.1,"adjust" 
2006-11-01T15:00:00Z,FAF,40.38,5,Market On Close,Filled,201.9,"adjust" 
2006-11-01T15:00:00Z,OFIX,43.24,25,Market On Close,Filled,1081,"buy" 
2006-11-01T15:00:00Z,COP,59.68,4,Market On Close,Filled,238.72,"adjust" 
2006-11-01T15:00:00Z,WMK,39.8,7,Market On Close,Filled,278.6,"adjust" 
2006-12-01T15:00:00Z,CPSI,35.96,-20,Market On Close,Filled,-719.2,"band" 
2006-12-01T15:00:00Z,FAF,38.63,-32,Market On Close,Filled,-1236.16,"expired" 
2006-12-01T15:00:00Z,IVAC,27.26,-9,Market On Close,Filled,-245.34,"adjust" 
2006-12-01T15:00:00Z,OFIX,43.49,-25,Market On Close,Filled,-1087.25,"band" 
2006-12-01T15:00:00Z,PDX,48.55,-27,Market On Close,Filled,-1310.85,"expired" 
2006-12-01T15:00:00Z,RES,22.74,-18,Market On Close,Filled,-409.32,"band" 
2006-12-01T15:00:00Z,WMK,39.89,-31,Market On Close,Filled,-1236.59,"band" 
2006-12-01T15:00:00Z,AMWD,38.35,18,Market On Close,Filled,690.3,"buy" 
2006-12-01T15:00:00Z,CNXS,37.33,14,Market On Close,Filled,522.62,"buy" 
2006-12-01T15:00:00Z,CMI,118.63,8,Market On Close,Filled,949.04,"buy" 
2006-12-01T15:00:00Z,DLTR,29.59,8,Market On Close,Filled,236.72,"adjust" 
2006-12-01T15:00:00Z,GPI,50.22,13,Market On Close,Filled,652.86,"buy" 
2006-12-01T15:00:00Z,ICUI,40.34,8,Market On Close,Filled,322.72,"adjust" 
2006-12-01T15:00:00Z,LMS,21.5,11,Market On Close,Filled,236.5,"adjust" 
2006-12-01T15:00:00Z,MGLN,43.33,20,Market On Close,Filled,866.6,"buy" 
2006-12-01T15:00:00Z,MOH,33.45,21,Market On Close,Filled,702.45,"buy" 
2006-12-01T15:00:00Z,SPH,37.98,8,Market On Close,Filled,303.84,"adjust" 
2006-12-20T05:00:00Z,CNXS,37.49,-14,Market,Filled,-524.86,"Liquidate from delisting" 
2006-12-30T05:00:00Z,BLS,47.15,-33,Market,Filled,-1555.95,"Liquidate from delisting" 
2007-01-03T15:00:00Z,AMED,33.3,-22,Market On Close,Filled,-732.6,"band" 
2007-01-03T15:00:00Z,AEIS,18.72,36,Market On Close,Filled,673.92,"buy" 
2007-01-03T15:00:00Z,EGY,6.58,32,Market On Close,Filled,210.56,"adjust" 
2007-01-03T15:00:00Z,IIIN,17.47,12,Market On Close,Filled,209.64,"adjust" 
2007-01-03T15:00:00Z,XOM,74.07,18,Market On Close,Filled,1333.26,"buy" 
2007-02-01T15:00:00Z,KOMG,33.75,-14,Market On Close,Filled,-472.5,"band" 
2007-02-01T15:00:00Z,MCRI,24.59,-34,Market On Close,Filled,-836.06,"band" 
2007-02-01T15:00:00Z,RS,43.01,-18,Market On Close,Filled,-774.18,"band" 
2007-02-01T15:00:00Z,SPH,38.71,-47,Market On Close,Filled,-1819.37,"expired" 
2007-02-01T15:00:00Z,TSAI,36.99,-18,Market On Close,Filled,-665.82,"band" 
2007-02-01T15:00:00Z,ZEUS,27.81,-19,Market On Close,Filled,-528.39,"band" 
2007-02-01T15:00:00Z,ABM,26.19,44,Market On Close,Filled,1152.36,"buy" 
2007-02-01T15:00:00Z,BKE,33.8,25,Market On Close,Filled,845,"buy" 
2007-02-01T15:00:00Z,CVX,74.41,17,Market On Close,Filled,1264.97,"buy" 
2007-02-01T15:00:00Z,FIZ,13.74,41,Market On Close,Filled,563.34,"buy" 
2007-02-01T15:00:00Z,GISX,19.52,54,Market On Close,Filled,1054.08,"buy" 
2007-02-01T15:00:00Z,NVEC,23.03,13,Market On Close,Filled,299.39,"buy" 
2007-02-01T15:00:00Z,SHOO,30.51,8,Market On Close,Filled,244.08,"adjust" 
2007-03-01T15:00:00Z,LG,31.26,-36,Market On Close,Filled,-1125.36,"band" 
2007-03-01T15:00:00Z,LMS,29.64,-7,Market On Close,Filled,-207.48,"adjust" 
2007-03-01T15:00:00Z,PCLN,53.16,-15,Market On Close,Filled,-797.4,"band" 
2007-03-01T15:00:00Z,PCU,69.75,-5,Market On Close,Filled,-348.75,"adjust" 
2007-03-01T15:00:00Z,PETS,12.38,-32,Market On Close,Filled,-396.16,"band" 
2007-03-01T15:00:00Z,TESS,26.88,-9,Market On Close,Filled,-241.92,"adjust" 
2007-03-01T15:00:00Z,WIRE,25.15,-15,Market On Close,Filled,-377.25,"band" 
2007-03-01T15:00:00Z,AMED,31.72,29,Market On Close,Filled,919.88,"buy" 
2007-03-01T15:00:00Z,BIO,71.14,14,Market On Close,Filled,995.96,"buy" 
2007-03-01T15:00:00Z,CTR,21.33,11,Market On Close,Filled,234.63,"adjust" 
2007-03-01T15:00:00Z,LAWS,37.86,16,Market On Close,Filled,605.76,"buy" 
2007-03-01T15:00:00Z,MGPI,19.17,29,Market On Close,Filled,555.93,"buy" 
2007-03-01T15:00:00Z,ODP,33.31,8,Market On Close,Filled,266.48,"adjust" 
2007-03-01T15:00:00Z,TTMI,11.23,18,Market On Close,Filled,202.14,"adjust" 
2007-03-01T15:00:00Z,UAUA,39.98,15,Market On Close,Filled,599.7,"buy" 
2007-04-02T14:00:00Z,CMI,145.35,-2,Market On Close,Filled,-290.7,"adjust" 
2007-04-02T14:00:00Z,DECK,70,-4,Market On Close,Filled,-280,"adjust" 
2007-04-02T14:00:00Z,DLTR,37.97,-9,Market On Close,Filled,-341.73,"adjust" 
2007-04-02T14:00:00Z,GPI,39.82,-13,Market On Close,Filled,-517.66,"band" 
2007-04-02T14:00:00Z,IIIN,16.71,-24,Market On Close,Filled,-401.04,"band" 
2007-04-02T14:00:00Z,LAWS,36.84,-16,Market On Close,Filled,-589.44,"band" 
2007-04-02T14:00:00Z,MTEX,15.35,-32,Market On Close,Filled,-491.2,"band" 
2007-04-02T14:00:00Z,STLD,43.23,-5,Market On Close,Filled,-216.15,"adjust" 
2007-04-02T14:00:00Z,TTMI,9.44,-56,Market On Close,Filled,-528.64,"band" 
2007-04-02T14:00:00Z,ABFS,35.14,6,Market On Close,Filled,210.84,"adjust" 
2007-04-02T14:00:00Z,BWS,43.26,17,Market On Close,Filled,735.42,"buy" 
2007-04-02T14:00:00Z,MOH,31.02,7,Market On Close,Filled,217.14,"adjust" 
2007-04-02T14:00:00Z,PCCC,13.82,33,Market On Close,Filled,456.06,"buy" 
2007-04-02T14:00:00Z,USNA,47.44,14,Market On Close,Filled,664.16,"buy" 
2007-04-02T14:00:00Z,X,100.94,6,Market On Close,Filled,605.64,"buy" 
2007-05-01T14:00:00Z,AEIS,24.9,-15,Market On Close,Filled,-373.5,"adjust" 
2007-05-01T14:00:00Z,AMED,33.86,-29,Market On Close,Filled,-981.94,"expired" 
2007-05-01T14:00:00Z,AP,36.08,-17,Market On Close,Filled,-613.36,"band" 
2007-05-01T14:00:00Z,CMI,92,-12,Market On Close,Filled,-1104,"expired" 
2007-05-01T14:00:00Z,GCI,58.16,-28,Market On Close,Filled,-1628.48,"expired" 
2007-05-01T14:00:00Z,GISX,28.92,-42,Market On Close,Filled,-1214.64,"adjust" 
2007-05-01T14:00:00Z,HUBG,36.06,-11,Market On Close,Filled,-396.66,"adjust" 
2007-05-01T14:00:00Z,LMS,26.8,-21,Market On Close,Filled,-562.8,"expired" 
2007-05-01T14:00:00Z,MDU,30.6,-7,Market On Close,Filled,-214.2,"adjust" 
2007-05-01T14:00:00Z,MGPI,19.59,-29,Market On Close,Filled,-568.11,"band" 
2007-05-01T14:00:00Z,PTSI,18.91,-27,Market On Close,Filled,-510.57,"band" 
2007-05-01T14:00:00Z,STLD,44.21,-15,Market On Close,Filled,-663.15,"expired" 
2007-05-01T14:00:00Z,ALB,42.51,22,Market On Close,Filled,935.22,"buy" 
2007-05-01T14:00:00Z,AMWD,35.14,8,Market On Close,Filled,281.12,"adjust" 
2007-05-01T14:00:00Z,EBF,22.94,43,Market On Close,Filled,986.42,"buy" 
2007-05-01T14:00:00Z,KELYA,28.93,34,Market On Close,Filled,983.62,"buy" 
2007-05-01T14:00:00Z,LDL,13.9,40,Market On Close,Filled,556,"buy" 
2007-05-01T14:00:00Z,LNDC,12.54,58,Market On Close,Filled,727.32,"buy" 
2007-05-01T14:00:00Z,MOV,32.64,19,Market On Close,Filled,620.16,"buy" 
2007-05-01T14:00:00Z,NHC,51.17,4,Market On Close,Filled,204.68,"adjust" 
2007-05-01T14:00:00Z,SYK,65.18,22,Market On Close,Filled,1433.96,"buy" 
2007-05-01T14:00:00Z,USMO,21.28,42,Market On Close,Filled,893.76,"buy" 
2007-05-12T04:00:00Z,GISX,29.02,-12,Market,Filled,-348.24,"Liquidate from delisting" 
2007-06-01T14:00:00Z,AEOS,27.19,-25,Market On Close,Filled,-679.75,"expired" 
2007-06-01T14:00:00Z,B,30.1,-7,Market On Close,Filled,-210.7,"adjust" 
2007-06-01T14:00:00Z,BWS,29.9,-25,Market On Close,Filled,-747.5,"expired" 
2007-06-01T14:00:00Z,CTR,21.83,-42,Market On Close,Filled,-916.86,"expired" 
2007-06-01T14:00:00Z,EGY,4.86,-83,Market On Close,Filled,-403.38,"universe" 
2007-06-01T14:00:00Z,EXPO,23.32,-9,Market On Close,Filled,-209.88,"adjust" 
2007-06-01T14:00:00Z,MOH,32.4,-28,Market On Close,Filled,-907.2,"band" 
2007-06-01T14:00:00Z,COP,78.88,-3,Market On Close,Filled,-236.64,"adjust" 
2007-06-01T14:00:00Z,BRKS,17.7,48,Market On Close,Filled,849.6,"buy" 
2007-06-01T14:00:00Z,BW,54.4,8,Market On Close,Filled,435.2,"buy" 
2007-06-01T14:00:00Z,CMI,94.1,8,Market On Close,Filled,752.8,"buy" 
2007-06-01T14:00:00Z,KBALB,13.91,19,Market On Close,Filled,264.29,"adjust" 
2007-06-01T14:00:00Z,OGE,36.96,9,Market On Close,Filled,332.64,"adjust" 
2007-06-01T14:00:00Z,QDEL,14.57,49,Market On Close,Filled,713.93,"buy" 
2007-06-01T14:00:00Z,UCTT,13.97,35,Market On Close,Filled,488.95,"buy" 
2007-06-01T14:00:00Z,ZMH,88.04,18,Market On Close,Filled,1584.72,"buy" 
2007-07-02T14:00:00Z,DECK,100.96,-2,Market On Close,Filled,-201.92,"adjust" 
2007-07-02T14:00:00Z,EBF,23.98,-43,Market On Close,Filled,-1031.14,"expired" 
2007-07-02T14:00:00Z,ICUI,43.25,-30,Market On Close,Filled,-1297.5,"band" 
2007-07-02T14:00:00Z,KBALB,14.01,-52,Market On Close,Filled,-728.52,"band" 
2007-07-02T14:00:00Z,MGLN,46.32,-20,Market On Close,Filled,-926.4,"band" 
2007-07-02T14:00:00Z,MSTR,94.59,-7,Market On Close,Filled,-662.13,"band" 
2007-07-02T14:00:00Z,OGE,37,-52,Market On Close,Filled,-1924,"band" 
2007-07-02T14:00:00Z,TNC,37.34,-6,Market On Close,Filled,-224.04,"adjust" 
2007-07-02T14:00:00Z,AMED,36.86,30,Market On Close,Filled,1105.8,"buy" 
2007-07-02T14:00:00Z,BIO,76.87,3,Market On Close,Filled,230.61,"adjust" 
2007-07-02T14:00:00Z,GIII,16.68,34,Market On Close,Filled,567.12,"buy" 
2007-07-02T14:00:00Z,HHGP,21.56,30,Market On Close,Filled,646.8,"buy" 
2007-07-02T14:00:00Z,NUE,59.7,4,Market On Close,Filled,238.8,"adjust" 
2007-07-02T14:00:00Z,NVR,671.72,1,Market On Close,Filled,671.72,"buy" 
2007-07-02T14:00:00Z,RS,57.46,15,Market On Close,Filled,861.9,"buy" 
2007-07-02T14:00:00Z,SHOO,32.96,8,Market On Close,Filled,263.68,"adjust" 
2007-07-02T14:00:00Z,SYK,63.4,4,Market On Close,Filled,253.6,"adjust" 
2007-07-02T14:00:00Z,TESS,19.93,11,Market On Close,Filled,219.23,"adjust" 
2007-07-02T14:00:00Z,TSRA,41.98,20,Market On Close,Filled,839.6,"buy" 
2007-08-01T14:00:00Z,ABM,25.16,-12,Market On Close,Filled,-301.92,"adjust" 
2007-08-01T14:00:00Z,CMI,120.05,-2,Market On Close,Filled,-240.1,"adjust" 
2007-08-01T14:00:00Z,DECK,104.94,-3,Market On Close,Filled,-314.82,"adjust" 
2007-08-01T14:00:00Z,FIZ,9.79,-49,Market On Close,Filled,-479.71,"band" 
2007-08-01T14:00:00Z,PCU,108.25,-2,Market On Close,Filled,-216.5,"adjust" 
2007-08-01T14:00:00Z,XOM,86.01,-3,Market On Close,Filled,-258.03,"adjust" 
2007-08-01T14:00:00Z,ALB,40.33,5,Market On Close,Filled,201.65,"adjust" 
2007-08-01T14:00:00Z,IVAC,16.19,14,Market On Close,Filled,226.66,"adjust" 
2007-08-01T14:00:00Z,JAKK,24.16,27,Market On Close,Filled,652.32,"buy" 
2007-08-01T14:00:00Z,MOV,28.21,11,Market On Close,Filled,310.31,"adjust" 
2007-08-01T14:00:00Z,ODP,25.28,9,Market On Close,Filled,227.52,"adjust" 
2007-08-01T14:00:00Z,SCVL,22.29,12,Market On Close,Filled,267.48,"adjust" 
2007-08-01T14:00:00Z,SYKE,16.97,17,Market On Close,Filled,288.49,"adjust" 
2007-09-04T14:00:00Z,ABFS,36.4,-22,Market On Close,Filled,-800.8,"band" 
2007-09-04T14:00:00Z,AIT,32.81,-7,Market On Close,Filled,-229.67,"adjust" 
2007-09-04T14:00:00Z,BIO,85.57,-17,Market On Close,Filled,-1454.69,"band" 
2007-09-04T14:00:00Z,DLTR,43.24,-8,Market On Close,Filled,-345.92,"adjust" 
2007-09-04T14:00:00Z,EXPO,24.86,-10,Market On Close,Filled,-248.6,"adjust" 
2007-09-04T14:00:00Z,KELYA,22.75,-34,Market On Close,Filled,-773.5,"band" 
2007-09-04T14:00:00Z,NVEC,34.8,-13,Market On Close,Filled,-452.4,"band" 
2007-09-04T14:00:00Z,SYK,67.22,-3,Market On Close,Filled,-201.66,"adjust" 
2007-09-04T14:00:00Z,SYKE,16.17,-45,Market On Close,Filled,-727.65,"band" 
2007-09-04T14:00:00Z,USNA,39.98,-14,Market On Close,Filled,-559.72,"band" 
2007-09-04T14:00:00Z,WEYS,29.6,-10,Market On Close,Filled,-296,"adjust" 
2007-09-04T14:00:00Z,APU,35.45,45,Market On Close,Filled,1595.25,"buy" 
2007-09-04T14:00:00Z,BRKS,14.25,19,Market On Close,Filled,270.75,"adjust" 
2007-09-04T14:00:00Z,CALM,20.23,25,Market On Close,Filled,505.75,"buy" 
2007-09-04T14:00:00Z,HUBG,32.94,6,Market On Close,Filled,197.64,"adjust" 
2007-09-04T14:00:00Z,LRCX,54.41,17,Market On Close,Filled,924.97,"buy" 
2007-09-04T14:00:00Z,MLR,17.72,37,Market On Close,Filled,655.64,"buy" 
2007-09-04T14:00:00Z,NHC,52.66,6,Market On Close,Filled,315.96,"adjust" 
2007-09-04T14:00:00Z,KFRC,15.1,16,Market On Close,Filled,241.6,"adjust" 
2007-09-04T14:00:00Z,RSC,19.2,39,Market On Close,Filled,748.8,"buy" 
2007-09-04T14:00:00Z,SCHN,59.45,11,Market On Close,Filled,653.95,"buy" 
2007-09-04T14:00:00Z,SHOO,24.2,10,Market On Close,Filled,242,"adjust" 
2007-09-04T14:00:00Z,TFX,78.15,10,Market On Close,Filled,781.5,"buy" 
2007-10-01T14:00:00Z,ALB,44.09,-6,Market On Close,Filled,-264.54,"adjust" 
2007-10-01T14:00:00Z,AMWD,26.19,-26,Market On Close,Filled,-680.94,"band" 
2007-10-01T14:00:00Z,LNDC,16,-58,Market On Close,Filled,-928,"expired" 
2007-10-01T14:00:00Z,MTLM,53.94,-5,Market On Close,Filled,-269.7,"adjust" 
2007-10-01T14:00:00Z,SCVL,15.79,-36,Market On Close,Filled,-568.44,"band" 
2007-10-01T14:00:00Z,TNC,48.4,-6,Market On Close,Filled,-290.4,"adjust" 
2007-10-01T14:00:00Z,TESS,15.55,-26,Market On Close,Filled,-404.3,"band" 
2007-10-01T14:00:00Z,AEIS,17.03,15,Market On Close,Filled,255.45,"adjust" 
2007-10-01T14:00:00Z,DLX,38.25,18,Market On Close,Filled,688.5,"buy" 
2007-10-01T14:00:00Z,HHGP,13.73,17,Market On Close,Filled,233.41,"adjust" 
2007-10-01T14:00:00Z,PCCC,13.15,19,Market On Close,Filled,249.85,"adjust" 
2007-10-01T14:00:00Z,PETS,14.45,66,Market On Close,Filled,953.7,"buy" 
2007-10-01T14:00:00Z,VLGEA,52.12,19,Market On Close,Filled,990.28,"buy" 
2007-11-01T14:00:00Z,AMED,42.45,-10,Market On Close,Filled,-424.5,"adjust" 
2007-11-01T14:00:00Z,DECK,132.75,-3,Market On Close,Filled,-398.25,"adjust" 
2007-11-01T14:00:00Z,LRCX,48.84,-17,Market On Close,Filled,-830.28,"expired" 
2007-11-01T14:00:00Z,ZMH,68.9,-4,Market On Close,Filled,-275.6,"adjust" 
2007-11-01T14:00:00Z,APU,37.89,7,Market On Close,Filled,265.23,"adjust" 
2007-11-01T14:00:00Z,DLTR,36.61,6,Market On Close,Filled,219.66,"adjust" 
2007-11-01T14:00:00Z,HUBG,24.24,8,Market On Close,Filled,193.92,"adjust" 
2007-11-01T14:00:00Z,OIS,42.6,23,Market On Close,Filled,979.8,"buy" 
2007-11-01T14:00:00Z,RGR,8.62,43,Market On Close,Filled,370.66,"buy" 
2007-11-01T14:00:00Z,TFX,71.69,4,Market On Close,Filled,286.76,"adjust" 
2007-11-01T14:00:00Z,UCTT,12.52,17,Market On Close,Filled,212.84,"adjust" 
2007-12-03T15:00:00Z,HUBG,25.95,-31,Market On Close,Filled,-804.45,"band" 
2007-12-03T15:00:00Z,NHC,49.13,-24,Market On Close,Filled,-1179.12,"band" 
2007-12-03T15:00:00Z,OXY,70.59,-4,Market On Close,Filled,-282.36,"adjust" 
2007-12-03T15:00:00Z,PCU,109.6,-2,Market On Close,Filled,-219.2,"adjust" 
2007-12-03T15:00:00Z,RGR,8.77,-43,Market On Close,Filled,-377.11,"band" 
2007-12-03T15:00:00Z,TSRA,38.9,-20,Market On Close,Filled,-778,"band" 
2007-12-03T15:00:00Z,UCTT,13.8,-52,Market On Close,Filled,-717.6,"band" 
2007-12-03T15:00:00Z,HOC,48.48,5,Market On Close,Filled,242.4,"adjust" 
2007-12-03T15:00:00Z,HOFT,17.06,36,Market On Close,Filled,614.16,"buy" 
2007-12-03T15:00:00Z,IMMR,13.27,40,Market On Close,Filled,530.8,"buy" 
2007-12-03T15:00:00Z,LDL,9.68,21,Market On Close,Filled,203.28,"adjust" 
2007-12-03T15:00:00Z,LNDC,12.66,55,Market On Close,Filled,696.3,"buy" 
2007-12-03T15:00:00Z,LXU,22.49,27,Market On Close,Filled,607.23,"buy" 
2007-12-03T15:00:00Z,NVTL,15.32,35,Market On Close,Filled,536.2,"buy" 
2007-12-03T15:00:00Z,USMO,13.13,18,Market On Close,Filled,236.34,"adjust" 
2008-01-02T15:00:00Z,ABM,20.16,-32,Market On Close,Filled,-645.12,"band" 
2008-01-02T15:00:00Z,CVX,93.5,-3,Market On Close,Filled,-280.5,"adjust" 
2008-01-02T15:00:00Z,GIII,13.59,-34,Market On Close,Filled,-462.06,"band" 
2008-01-02T15:00:00Z,HOC,50.71,-18,Market On Close,Filled,-912.78,"band" 
2008-01-02T15:00:00Z,HOFT,19.62,-10,Market On Close,Filled,-196.2,"adjust" 
2008-01-02T15:00:00Z,LDL,10.26,-61,Market On Close,Filled,-625.86,"band" 
2008-01-02T15:00:00Z,OIS,34.34,-23,Market On Close,Filled,-789.82,"band" 
2008-01-02T15:00:00Z,PCCC,11.28,-52,Market On Close,Filled,-586.56,"band" 
2008-01-02T15:00:00Z,TFX,63.05,-14,Market On Close,Filled,-882.7,"band" 
2008-01-02T15:00:00Z,BW,37.56,6,Market On Close,Filled,225.36,"adjust" 
2008-01-02T15:00:00Z,FLO,22.9,49,Market On Close,Filled,1122.1,"buy" 
2008-01-02T15:00:00Z,VIVO,29.81,30,Market On Close,Filled,894.3,"buy" 
2008-01-02T15:00:00Z,NEOG,26.93,44,Market On Close,Filled,1184.92,"buy" 
2008-01-02T15:00:00Z,SNHY,24.26,19,Market On Close,Filled,460.94,"buy" 
2008-01-02T15:00:00Z,UEIC,34.2,20,Market On Close,Filled,684,"buy" 
2008-01-02T15:00:00Z,LNT,40.31,39,Market On Close,Filled,1572.09,"buy" 
2008-01-02T15:00:00Z,ZEUS,32.2,22,Market On Close,Filled,708.4,"buy" 
2008-02-01T15:00:00Z,BKE,42.14,-8,Market On Close,Filled,-337.12,"adjust" 
2008-02-01T15:00:00Z,DLTR,27.79,-27,Market On Close,Filled,-750.33,"band" 
2008-02-01T15:00:00Z,WEYS,28.98,-7,Market On Close,Filled,-202.86,"adjust" 
2008-02-01T15:00:00Z,ZMH,79.09,-14,Market On Close,Filled,-1107.26,"band" 
2008-02-01T15:00:00Z,HHGP,7.21,34,Market On Close,Filled,245.14,"adjust" 
2008-02-01T15:00:00Z,IVAC,11.44,24,Market On Close,Filled,274.56,"adjust" 
2008-02-01T15:00:00Z,MEI,12.91,40,Market On Close,Filled,516.4,"buy" 
2008-02-01T15:00:00Z,MLR,12.75,16,Market On Close,Filled,204,"adjust" 
2008-02-01T15:00:00Z,TNC,34.64,9,Market On Close,Filled,311.76,"adjust" 
2008-02-01T15:00:00Z,TWIN,16.67,31,Market On Close,Filled,516.77,"buy" 
2008-03-03T15:00:00Z,BW,26.82,-14,Market On Close,Filled,-375.48,"band" 
2008-03-03T15:00:00Z,CALM,32.68,-9,Market On Close,Filled,-294.12,"adjust" 
2008-03-03T15:00:00Z,DLX,19.97,-18,Market On Close,Filled,-359.46,"band" 
2008-03-03T15:00:00Z,LNDC,9.53,-55,Market On Close,Filled,-524.15,"band" 
2008-03-03T15:00:00Z,ODP,11.08,-42,Market On Close,Filled,-465.36,"band" 
2008-03-03T15:00:00Z,OXY,78.29,-3,Market On Close,Filled,-234.87,"adjust" 
2008-03-03T15:00:00Z,TWIN,20.11,-31,Market On Close,Filled,-623.41,"band" 
2008-03-03T15:00:00Z,X,108,-6,Market On Close,Filled,-648,"band" 
2008-03-03T15:00:00Z,ZEUS,42.85,-5,Market On Close,Filled,-214.25,"adjust" 
2008-03-03T15:00:00Z,CUB,27.19,21,Market On Close,Filled,570.99,"buy" 
2008-03-03T15:00:00Z,FCX,103.25,6,Market On Close,Filled,619.5,"buy" 
2008-03-03T15:00:00Z,KAMN,23.57,31,Market On Close,Filled,730.67,"buy" 
2008-03-03T15:00:00Z,LG,34.46,33,Market On Close,Filled,1137.18,"buy" 
2008-03-03T15:00:00Z,KFRC,8.31,26,Market On Close,Filled,216.06,"adjust" 
2008-03-03T15:00:00Z,SCHL,34.79,29,Market On Close,Filled,1008.91,"buy" 
2008-03-03T15:00:00Z,WDC,31.25,22,Market On Close,Filled,687.5,"buy" 
2008-03-15T04:00:00Z,MTLM,55.27,-15,Market,Filled,-829.05,"Liquidate from delisting" 
2008-04-01T14:00:00Z,AEIS,13.68,-36,Market On Close,Filled,-492.48,"band" 
2008-04-01T14:00:00Z,ALB,37,-21,Market On Close,Filled,-777,"band" 
2008-04-01T14:00:00Z,FLO,24.55,-9,Market On Close,Filled,-220.95,"adjust" 
2008-04-01T14:00:00Z,HHGP,8.96,-81,Market On Close,Filled,-725.76,"band" 
2008-04-01T14:00:00Z,IVAC,13.94,-53,Market On Close,Filled,-738.82,"band" 
2008-04-01T14:00:00Z,NUE,69.25,-4,Market On Close,Filled,-277,"adjust" 
2008-04-01T14:00:00Z,SCHN,73.18,-3,Market On Close,Filled,-219.54,"adjust" 
2008-04-01T14:00:00Z,TNC,40.09,-6,Market On Close,Filled,-240.54,"adjust" 
2008-04-01T14:00:00Z,USMO,7.45,-60,Market On Close,Filled,-447,"band" 
2008-04-01T14:00:00Z,VLO,51.87,-15,Market On Close,Filled,-778.05,"band" 
2008-04-01T14:00:00Z,ANF,76.69,12,Market On Close,Filled,920.28,"buy" 
2008-04-01T14:00:00Z,ANK,34.5,21,Market On Close,Filled,724.5,"buy" 
2008-04-01T14:00:00Z,AZZ,37.81,16,Market On Close,Filled,604.96,"buy" 
2008-04-01T14:00:00Z,NEU,79.01,11,Market On Close,Filled,869.11,"buy" 
2008-04-01T14:00:00Z,FOSL,32.2,21,Market On Close,Filled,676.2,"buy" 
2008-04-01T14:00:00Z,FSTR,44.97,11,Market On Close,Filled,494.67,"buy" 
2008-04-01T14:00:00Z,LECO,66.78,14,Market On Close,Filled,934.92,"buy" 
2008-04-01T14:00:00Z,LNT,35.42,6,Market On Close,Filled,212.52,"adjust" 
2008-05-01T14:00:00Z,AMED,52.34,-20,Market On Close,Filled,-1046.8,"expired" 
2008-05-01T14:00:00Z,CMI,65.75,-12,Market On Close,Filled,-789,"band" 
2008-05-01T14:00:00Z,EXPO,34.07,-9,Market On Close,Filled,-306.63,"adjust" 
2008-05-01T14:00:00Z,IMMR,11.06,-40,Market On Close,Filled,-442.4,"band" 
2008-05-01T14:00:00Z,KAMN,27.67,-31,Market On Close,Filled,-857.77,"expired" 
2008-05-01T14:00:00Z,MLR,11,-53,Market On Close,Filled,-583,"band" 
2008-05-01T14:00:00Z,OXY,81.02,-11,Market On Close,Filled,-891.22,"expired" 
2008-05-01T14:00:00Z,COP,86.59,-15,Market On Close,Filled,-1298.85,"expired" 
2008-05-01T14:00:00Z,PCU,110,-5,Market On Close,Filled,-550,"expired" 
2008-05-01T14:00:00Z,KFRC,8.44,-92,Market On Close,Filled,-776.48,"expired" 
2008-05-01T14:00:00Z,UAUA,16.1,-15,Market On Close,Filled,-241.5,"expired" 
2008-05-01T14:00:00Z,AAON,19.08,39,Market On Close,Filled,744.12,"buy" 
2008-05-01T14:00:00Z,DGII,8.11,65,Market On Close,Filled,527.15,"buy" 
2008-05-01T14:00:00Z,FLXS,11.15,74,Market On Close,Filled,825.1,"buy" 
2008-05-01T14:00:00Z,GHM,58.23,7,Market On Close,Filled,407.61,"buy" 
2008-05-01T14:00:00Z,GPS,19,50,Market On Close,Filled,950,"buy" 
2008-05-01T14:00:00Z,LYTS,10.98,48,Market On Close,Filled,527.04,"buy" 
2008-05-01T14:00:00Z,MMSI,14.86,64,Market On Close,Filled,951.04,"buy" 
2008-05-01T14:00:00Z,NFLX,31,16,Market On Close,Filled,496,"buy" 
2008-05-01T14:00:00Z,PTEN,27.94,31,Market On Close,Filled,866.14,"buy" 
2008-05-01T14:00:00Z,SAM,45.74,13,Market On Close,Filled,594.62,"buy" 
2008-06-02T14:00:00Z,BRKS,9.89,-67,Market On Close,Filled,-662.63,"band" 
2008-06-02T14:00:00Z,CMC,36.49,-6,Market On Close,Filled,-218.94,"adjust" 
2008-06-02T14:00:00Z,FLO,27.91,-40,Market On Close,Filled,-1116.4,"expired" 
2008-06-02T14:00:00Z,LXU,17.5,-27,Market On Close,Filled,-472.5,"band" 
2008-06-02T14:00:00Z,MDU,32.72,-7,Market On Close,Filled,-229.04,"adjust" 
2008-06-02T14:00:00Z,MRO,51.66,-18,Market On Close,Filled,-929.88,"band" 
2008-06-02T14:00:00Z,NVTL,10.19,-35,Market On Close,Filled,-356.65,"expired" 
2008-06-02T14:00:00Z,SCHN,100.92,-2,Market On Close,Filled,-201.84,"adjust" 
2008-06-02T14:00:00Z,SNHY,41.04,-6,Market On Close,Filled,-246.24,"adjust" 
2008-06-02T14:00:00Z,UEIC,24.91,-20,Market On Close,Filled,-498.2,"band" 
2008-06-02T14:00:00Z,ZEUS,62.23,-5,Market On Close,Filled,-311.15,"adjust" 
2008-06-02T14:00:00Z,AMED,50.3,16,Market On Close,Filled,804.8,"buy" 
2008-06-02T14:00:00Z,APA,135.81,6,Market On Close,Filled,814.86,"buy" 
2008-06-02T14:00:00Z,CF,139.39,3,Market On Close,Filled,418.17,"buy" 
2008-06-02T14:00:00Z,DCO,30.54,18,Market On Close,Filled,549.72,"buy" 
2008-06-02T14:00:00Z,OXY,92.58,9,Market On Close,Filled,833.22,"buy" 
2008-06-02T14:00:00Z,USPH,16.89,107,Market On Close,Filled,1807.23,"buy" 
2008-07-01T14:00:00Z,CUB,22.01,-21,Market On Close,Filled,-462.21,"band" 
2008-07-01T14:00:00Z,MDU,34.89,-7,Market On Close,Filled,-244.23,"adjust" 
2008-07-01T14:00:00Z,PTEN,36.02,-9,Market On Close,Filled,-324.18,"adjust" 
2008-07-01T14:00:00Z,RS,78.12,-4,Market On Close,Filled,-312.48,"adjust" 
2008-07-01T14:00:00Z,RSC,11.14,-39,Market On Close,Filled,-434.46,"band" 
2008-07-01T14:00:00Z,ZEUS,70.47,-3,Market On Close,Filled,-211.41,"adjust" 
2008-07-01T14:00:00Z,GIII,12.17,48,Market On Close,Filled,584.16,"buy" 
2008-07-01T14:00:00Z,TNC,29.82,9,Market On Close,Filled,268.38,"adjust" 
2008-07-01T14:00:00Z,UACL,22.31,27,Market On Close,Filled,602.37,"buy" 
2008-08-01T14:00:00Z,AMED,62.89,-4,Market On Close,Filled,-251.56,"adjust" 
2008-08-01T14:00:00Z,AZZ,46.14,-16,Market On Close,Filled,-738.24,"expired" 
2008-08-01T14:00:00Z,DGII,10.38,-65,Market On Close,Filled,-674.7,"band" 
2008-08-01T14:00:00Z,GHM,101.97,-7,Market On Close,Filled,-713.79,"expired" 
2008-08-01T14:00:00Z,GIII,15.53,-13,Market On Close,Filled,-201.89,"adjust" 
2008-08-01T14:00:00Z,LECO,79.9,-3,Market On Close,Filled,-239.7,"adjust" 
2008-08-01T14:00:00Z,MMSI,19.83,-18,Market On Close,Filled,-356.94,"adjust" 
2008-08-01T14:00:00Z,NEOG,27.14,-10,Market On Close,Filled,-271.4,"adjust" 
2008-08-01T14:00:00Z,QDEL,20.2,-14,Market On Close,Filled,-282.8,"adjust" 
2008-08-01T14:00:00Z,SHOO,22.79,-9,Market On Close,Filled,-205.11,"adjust" 
2008-08-01T14:00:00Z,ABFS,35.78,13,Market On Close,Filled,465.14,"buy" 
2008-08-01T14:00:00Z,HOFT,16.96,14,Market On Close,Filled,237.44,"adjust" 
2008-08-01T14:00:00Z,SKX,18.96,28,Market On Close,Filled,530.88,"buy" 
2008-08-01T14:00:00Z,UGI,26.27,61,Market On Close,Filled,1602.47,"buy" 
2008-08-01T14:00:00Z,LNT,31.81,12,Market On Close,Filled,381.72,"adjust" 
2008-09-02T14:00:00Z,SAM,44.83,-13,Market On Close,Filled,-582.79,"band" 
2008-09-02T14:00:00Z,SCHL,27.02,-29,Market On Close,Filled,-783.58,"band" 
2008-09-02T14:00:00Z,TNC,31.28,-30,Market On Close,Filled,-938.4,"band" 
2008-09-02T14:00:00Z,USPH,19.98,-40,Market On Close,Filled,-799.2,"adjust" 
2008-09-02T14:00:00Z,LNT,34.36,-7,Market On Close,Filled,-240.52,"adjust" 
2008-09-02T14:00:00Z,DAR,13.2,45,Market On Close,Filled,594,"buy" 
2008-09-02T14:00:00Z,DECK,117.07,2,Market On Close,Filled,234.14,"adjust" 
2008-09-02T14:00:00Z,LHCG,29.7,19,Market On Close,Filled,564.3,"buy" 
2008-09-02T14:00:00Z,WTI,33.31,19,Market On Close,Filled,632.89,"buy" 
2008-10-01T14:00:00Z,APU,30.12,-9,Market On Close,Filled,-271.08,"adjust" 
2008-10-01T14:00:00Z,BKE,51.95,-4,Market On Close,Filled,-207.8,"adjust" 
2008-10-01T14:00:00Z,CALM,27.42,-16,Market On Close,Filled,-438.72,"expired" 
2008-10-01T14:00:00Z,CMC,16.28,-22,Market On Close,Filled,-358.16,"band" 
2008-10-01T14:00:00Z,DCO,22.9,-18,Market On Close,Filled,-412.2,"band" 
2008-10-01T14:00:00Z,FCX,52.97,-6,Market On Close,Filled,-317.82,"band" 
2008-10-01T14:00:00Z,GIII,17.34,-35,Market On Close,Filled,-606.9,"band" 
2008-10-01T14:00:00Z,VIVO,29.55,-30,Market On Close,Filled,-886.5,"band" 
2008-10-01T14:00:00Z,LG,50.68,-12,Market On Close,Filled,-608.16,"adjust" 
2008-10-01T14:00:00Z,LYTS,7.87,-48,Market On Close,Filled,-377.76,"band" 
2008-10-01T14:00:00Z,VLGEA,47.77,-6,Market On Close,Filled,-286.62,"adjust" 
2008-10-01T14:00:00Z,ANF,38.72,6,Market On Close,Filled,232.32,"adjust" 
2008-10-01T14:00:00Z,CRMT,18.56,40,Market On Close,Filled,742.4,"buy" 
2008-10-01T14:00:00Z,DMLP,22.82,35,Market On Close,Filled,798.7,"buy" 
2008-10-01T14:00:00Z,FLXS,10.09,25,Market On Close,Filled,252.25,"adjust" 
2008-10-01T14:00:00Z,FSTR,30.71,9,Market On Close,Filled,276.39,"adjust" 
2008-10-01T14:00:00Z,GHM,49.05,7,Market On Close,Filled,343.35,"buy" 
2008-10-01T14:00:00Z,HVT,11.75,63,Market On Close,Filled,740.25,"buy" 
2008-10-01T14:00:00Z,HP,42,14,Market On Close,Filled,588,"buy" 
2008-10-01T14:00:00Z,IIIN,13,42,Market On Close,Filled,546,"buy" 
2008-10-01T14:00:00Z,MEI,8.73,30,Market On Close,Filled,261.9,"adjust" 
2008-10-01T14:00:00Z,NFLX,30.04,8,Market On Close,Filled,240.32,"adjust" 
2008-10-01T14:00:00Z,QDEL,15.87,16,Market On Close,Filled,253.92,"adjust" 
2008-10-01T14:00:00Z,SCHN,37.63,7,Market On Close,Filled,263.41,"adjust" 
2008-10-01T14:00:00Z,TTWO,15.93,33,Market On Close,Filled,525.69,"buy" 
2008-11-03T15:00:00Z,APU,31.48,-22,Market On Close,Filled,-692.56,"adjust" 
2008-11-03T15:00:00Z,AIT,19.93,-22,Market On Close,Filled,-438.46,"expired" 
2008-11-03T15:00:00Z,CVX,73.61,-6,Market On Close,Filled,-441.66,"adjust" 
2008-11-03T15:00:00Z,DECK,80.65,-5,Market On Close,Filled,-403.25,"band" 
2008-11-03T15:00:00Z,FSTR,28.28,-20,Market On Close,Filled,-565.6,"band" 
2008-11-03T15:00:00Z,LG,54.58,-7,Market On Close,Filled,-382.06,"adjust" 
2008-11-03T15:00:00Z,PETS,18.25,-18,Market On Close,Filled,-328.5,"adjust" 
2008-11-03T15:00:00Z,QDEL,15.83,-51,Market On Close,Filled,-807.33,"band" 
2008-11-03T15:00:00Z,SNHY,20.13,-13,Market On Close,Filled,-261.69,"band" 
2008-11-03T15:00:00Z,SYK,54.13,-4,Market On Close,Filled,-216.52,"adjust" 
2008-11-03T15:00:00Z,UGI,23.83,-21,Market On Close,Filled,-500.43,"adjust" 
2008-11-03T15:00:00Z,LNT,29.77,-20,Market On Close,Filled,-595.4,"adjust" 
2008-11-03T15:00:00Z,XOM,74.39,-7,Market On Close,Filled,-520.73,"adjust" 
2008-11-03T15:00:00Z,ABFS,29.03,7,Market On Close,Filled,203.21,"adjust" 
2008-11-03T15:00:00Z,B,13.95,15,Market On Close,Filled,209.25,"adjust" 
2008-11-03T15:00:00Z,BKE,26.09,8,Market On Close,Filled,208.72,"adjust" 
2008-11-03T15:00:00Z,CALM,29.09,17,Market On Close,Filled,494.53,"buy" 
2008-11-03T15:00:00Z,CPSI,28.62,24,Market On Close,Filled,686.88,"buy" 
2008-11-03T15:00:00Z,NEU,36.59,6,Market On Close,Filled,219.54,"adjust" 
2008-11-03T15:00:00Z,FOSL,18,16,Market On Close,Filled,288,"adjust" 
2008-11-03T15:00:00Z,HOFT,9.8,33,Market On Close,Filled,323.4,"adjust" 
2008-11-03T15:00:00Z,JAKK,21.48,10,Market On Close,Filled,214.8,"adjust" 
2008-11-03T15:00:00Z,K,52.29,28,Market On Close,Filled,1464.12,"buy" 
2008-11-03T15:00:00Z,LRW,8.18,89,Market On Close,Filled,728.02,"buy" 
2008-11-03T15:00:00Z,LECO,43.6,5,Market On Close,Filled,218,"adjust" 
2008-11-03T15:00:00Z,MOV,14.79,16,Market On Close,Filled,236.64,"adjust" 
2008-11-03T15:00:00Z,SKX,13.07,17,Market On Close,Filled,222.19,"adjust" 
2008-11-03T15:00:00Z,SYKE,16.49,51,Market On Close,Filled,840.99,"buy" 
2008-11-03T15:00:00Z,TTWO,12.26,19,Market On Close,Filled,232.94,"adjust" 
2008-11-03T15:00:00Z,WDC,17.05,15,Market On Close,Filled,255.75,"adjust" 
2008-11-03T15:00:00Z,ZEUS,22.17,11,Market On Close,Filled,243.87,"adjust" 
2008-12-01T15:00:00Z,NEU,29.22,-17,Market On Close,Filled,-496.74,"band" 
2008-12-01T15:00:00Z,FOSL,13.3,-37,Market On Close,Filled,-492.1,"band" 
2008-12-01T15:00:00Z,SYKE,16.47,-17,Market On Close,Filled,-279.99,"adjust" 
2008-12-01T15:00:00Z,CF,44.12,4,Market On Close,Filled,176.48,"adjust" 
2008-12-01T15:00:00Z,DAR,3.66,43,Market On Close,Filled,157.38,"adjust" 
2008-12-01T15:00:00Z,EGY,6.8,63,Market On Close,Filled,428.4,"buy" 
2008-12-01T15:00:00Z,FLXS,6.91,29,Market On Close,Filled,200.39,"adjust" 
2008-12-01T15:00:00Z,GCO,11.47,34,Market On Close,Filled,389.98,"buy" 
2008-12-01T15:00:00Z,HVT,8.03,31,Market On Close,Filled,248.93,"adjust" 
2008-12-01T15:00:00Z,SYK,36.89,6,Market On Close,Filled,221.34,"adjust" 
2009-01-02T15:00:00Z,AAON,20.88,-12,Market On Close,Filled,-250.56,"adjust" 
2009-01-02T15:00:00Z,ANF,24.42,-18,Market On Close,Filled,-439.56,"band" 
2009-01-02T15:00:00Z,HOFT,7.67,-73,Market On Close,Filled,-559.91,"band" 
2009-01-02T15:00:00Z,LRW,9.82,-24,Market On Close,Filled,-235.68,"adjust" 
2009-01-02T15:00:00Z,SCHN,40.18,-13,Market On Close,Filled,-522.34,"expired" 
2009-01-02T15:00:00Z,SYK,41.35,-25,Market On Close,Filled,-1033.75,"band" 
2009-01-02T15:00:00Z,CRK,48.27,8,Market On Close,Filled,386.16,"buy" 
2009-01-02T15:00:00Z,DLTR,42.05,21,Market On Close,Filled,883.05,"buy" 
2009-01-02T15:00:00Z,GHM,12.75,19,Market On Close,Filled,242.25,"adjust" 
2009-01-02T15:00:00Z,HWKN,15.66,60,Market On Close,Filled,939.6,"buy" 
2009-01-02T15:00:00Z,PTEN,12.58,18,Market On Close,Filled,226.44,"adjust" 
2009-01-02T15:00:00Z,KFRC,7.62,82,Market On Close,Filled,624.84,"buy" 
2009-02-02T15:00:00Z,DAR,4.48,-88,Market On Close,Filled,-394.24,"universe" 
2009-02-02T15:00:00Z,FLXS,6.95,-128,Market On Close,Filled,-889.6,"band" 
2009-02-02T15:00:00Z,MEI,4.9,-70,Market On Close,Filled,-343,"universe" 
2009-02-02T15:00:00Z,MOV,7.66,-46,Market On Close,Filled,-352.36,"band" 
2009-02-02T15:00:00Z,NFLX,36.95,-9,Market On Close,Filled,-332.55,"adjust" 
2009-02-02T15:00:00Z,WDC,15.52,-37,Market On Close,Filled,-574.24,"band" 
2009-02-02T15:00:00Z,CTRN,9.51,40,Market On Close,Filled,380.4,"buy" 
2009-02-02T15:00:00Z,FIZ,9.41,54,Market On Close,Filled,508.14,"buy" 
2009-02-02T15:00:00Z,JJSF,35.44,26,Market On Close,Filled,921.44,"buy" 
2009-02-02T15:00:00Z,PCTI,6.2,80,Market On Close,Filled,496,"buy" 
2009-02-02T15:00:00Z,STMP,8.45,79,Market On Close,Filled,667.55,"buy" 
2009-03-02T15:00:00Z,CF,58.99,-7,Market On Close,Filled,-412.93,"band" 
2009-03-02T15:00:00Z,HVT,8.16,-23,Market On Close,Filled,-187.68,"adjust" 
2009-03-02T15:00:00Z,HP,20.72,-14,Market On Close,Filled,-290.08,"band" 
2009-03-02T15:00:00Z,FSYS,19.25,15,Market On Close,Filled,288.75,"buy" 
2009-03-02T15:00:00Z,MTSC,21.55,28,Market On Close,Filled,603.4,"buy" 
2009-03-02T15:00:00Z,WTI,6.73,25,Market On Close,Filled,168.25,"adjust" 
2009-04-01T14:00:00Z,ABFS,19.17,-20,Market On Close,Filled,-383.4,"band" 
2009-04-01T14:00:00Z,APA,66.05,-6,Market On Close,Filled,-396.3,"band" 
2009-04-01T14:00:00Z,B,11,-40,Market On Close,Filled,-440,"band" 
2009-04-01T14:00:00Z,BKE,31.65,-11,Market On Close,Filled,-348.15,"adjust" 
2009-04-01T14:00:00Z,CTRN,22.96,-27,Market On Close,Filled,-619.92,"adjust" 
2009-04-01T14:00:00Z,GCO,19.2,-11,Market On Close,Filled,-211.2,"adjust" 
2009-04-01T14:00:00Z,JAKK,12.65,-37,Market On Close,Filled,-468.05,"band" 
2009-04-01T14:00:00Z,LRW,8.37,-65,Market On Close,Filled,-544.05,"band" 
2009-04-01T14:00:00Z,NVR,430.02,-1,Market On Close,Filled,-430.02,"band" 
2009-04-01T14:00:00Z,PCTI,4.47,-80,Market On Close,Filled,-357.6,"universe" 
2009-04-01T14:00:00Z,SKX,6.91,-45,Market On Close,Filled,-310.95,"band" 
2009-04-01T14:00:00Z,STMP,8.83,-26,Market On Close,Filled,-229.58,"adjust" 
2009-04-01T14:00:00Z,VLGEA,31.74,-7,Market On Close,Filled,-222.18,"adjust" 
2009-04-01T14:00:00Z,WTI,6.24,-44,Market On Close,Filled,-274.56,"band" 
2009-04-01T14:00:00Z,CAI,36.06,23,Market On Close,Filled,829.38,"buy" 
2009-04-01T14:00:00Z,CALM,22.08,9,Market On Close,Filled,198.72,"adjust" 
2009-04-01T14:00:00Z,CMTL,25.14,20,Market On Close,Filled,502.8,"buy" 
2009-04-01T14:00:00Z,CNC,17.65,35,Market On Close,Filled,617.75,"buy" 
2009-04-01T14:00:00Z,CODI,9.21,46,Market On Close,Filled,423.66,"buy" 
2009-04-01T14:00:00Z,CSGS,14.36,48,Market On Close,Filled,689.28,"buy" 
2009-04-01T14:00:00Z,DGIT,18.77,32,Market On Close,Filled,600.64,"buy" 
2009-04-01T14:00:00Z,LG,39.12,6,Market On Close,Filled,234.72,"adjust" 
2009-04-01T14:00:00Z,MLAB,16.6,40,Market On Close,Filled,664,"buy" 
2009-04-01T14:00:00Z,SPH,37.1,20,Market On Close,Filled,742,"buy" 
2009-04-01T14:00:00Z,WSO,34.55,19,Market On Close,Filled,656.45,"buy" 
2009-05-01T14:00:00Z,EGY,4.7,-63,Market On Close,Filled,-296.1,"universe" 
2009-05-01T14:00:00Z,GHM,12.63,-33,Market On Close,Filled,-416.79,"band" 
2009-05-01T14:00:00Z,LECO,43.75,-16,Market On Close,Filled,-700,"expired" 
2009-05-01T14:00:00Z,KFRC,10.63,-82,Market On Close,Filled,-871.66,"expired" 
2009-05-01T14:00:00Z,SHOO,28.47,-10,Market On Close,Filled,-284.7,"adjust" 
2009-05-01T14:00:00Z,USPH,11.16,-24,Market On Close,Filled,-267.84,"adjust" 
2009-05-01T14:00:00Z,LNT,22.37,-30,Market On Close,Filled,-671.1,"expired" 
2009-05-01T14:00:00Z,JCOM,23.72,26,Market On Close,Filled,616.72,"buy" 
2009-05-01T14:00:00Z,KIRK,6.71,76,Market On Close,Filled,509.96,"buy" 
2009-05-01T14:00:00Z,LG,35.59,7,Market On Close,Filled,249.13,"adjust" 
2009-05-01T14:00:00Z,PLCE,28.9,18,Market On Close,Filled,520.2,"buy" 
2009-05-01T14:00:00Z,TSCO,39.06,19,Market On Close,Filled,742.14,"buy" 
2009-05-01T14:00:00Z,UGI,23.62,11,Market On Close,Filled,259.82,"adjust" 
2009-05-01T14:00:00Z,ULBI,7.39,57,Market On Close,Filled,421.23,"buy" 
2009-05-01T14:00:00Z,XOM,67.93,4,Market On Close,Filled,271.72,"adjust" 
2009-06-01T14:00:00Z,CRMT,16.97,-13,Market On Close,Filled,-220.61,"adjust" 
2009-06-01T14:00:00Z,GPS,18.64,-15,Market On Close,Filled,-279.6,"adjust" 
2009-06-01T14:00:00Z,HWKN,21,-22,Market On Close,Filled,-462,"adjust" 
2009-06-01T14:00:00Z,IIIN,9.08,-42,Market On Close,Filled,-381.36,"band" 
2009-06-01T14:00:00Z,FSYS,22.74,-15,Market On Close,Filled,-341.1,"band" 
2009-06-01T14:00:00Z,MDU,19.61,-37,Market On Close,Filled,-725.57,"band" 
2009-06-01T14:00:00Z,ULBI,7.03,-57,Market On Close,Filled,-400.71,"band" 
2009-06-01T14:00:00Z,WSO,51.77,-6,Market On Close,Filled,-310.62,"adjust" 
2009-06-01T14:00:00Z,ZEUS,19.69,-20,Market On Close,Filled,-393.8,"band" 
2009-06-01T14:00:00Z,ATO,24.39,47,Market On Close,Filled,1146.33,"buy" 
2009-06-01T14:00:00Z,CHE,39.4,22,Market On Close,Filled,866.8,"buy" 
2009-06-01T14:00:00Z,CVX,69.22,3,Market On Close,Filled,207.66,"adjust" 
2009-06-01T14:00:00Z,NJR,34.85,32,Market On Close,Filled,1115.2,"buy" 
2009-06-01T14:00:00Z,RBIN,13.97,18,Market On Close,Filled,251.46,"buy" 
2009-06-01T14:00:00Z,USMO,11.34,57,Market On Close,Filled,646.38,"buy" 
2009-07-01T14:00:00Z,ANK,39.86,-21,Market On Close,Filled,-837.06,"band" 
2009-07-01T14:00:00Z,CMTL,32.55,-20,Market On Close,Filled,-651,"band" 
2009-07-01T14:00:00Z,CPSI,39.23,-6,Market On Close,Filled,-235.38,"adjust" 
2009-07-01T14:00:00Z,CRK,31.75,-8,Market On Close,Filled,-254,"band" 
2009-07-01T14:00:00Z,KIRK,11.21,-38,Market On Close,Filled,-425.98,"adjust" 
2009-07-01T14:00:00Z,LG,33.74,-27,Market On Close,Filled,-910.98,"band" 
2009-07-01T14:00:00Z,NEOG,29.99,-9,Market On Close,Filled,-269.91,"adjust" 
2009-07-01T14:00:00Z,TTWO,9.73,-52,Market On Close,Filled,-505.96,"band" 
2009-07-01T14:00:00Z,ALGN,10.79,51,Market On Close,Filled,550.29,"buy" 
2009-07-01T14:00:00Z,APU,33.9,6,Market On Close,Filled,203.4,"adjust" 
2009-07-01T14:00:00Z,CTR,17.99,34,Market On Close,Filled,611.66,"buy" 
2009-07-01T14:00:00Z,CORE,26.88,24,Market On Close,Filled,645.12,"buy" 
2009-07-01T14:00:00Z,EXPO,25.23,9,Market On Close,Filled,227.07,"adjust" 
2009-07-01T14:00:00Z,MTSC,21.29,10,Market On Close,Filled,212.9,"adjust" 
2009-07-01T14:00:00Z,NPK,76.45,7,Market On Close,Filled,535.15,"buy" 
2009-07-01T14:00:00Z,SIF,10.57,48,Market On Close,Filled,507.36,"buy" 
2009-08-03T14:00:00Z,GCO,22.07,-23,Market On Close,Filled,-507.61,"band" 
2009-08-03T14:00:00Z,STMP,8.68,-53,Market On Close,Filled,-460.04,"band" 
2009-08-03T14:00:00Z,RGR,11.87,43,Market On Close,Filled,510.41,"buy" 
2009-08-03T14:00:00Z,TTEC,16.01,33,Market On Close,Filled,528.33,"buy" 
2009-09-01T14:00:00Z,ALGN,12.91,-21,Market On Close,Filled,-271.11,"adjust" 
2009-09-01T14:00:00Z,HVT,11.17,-19,Market On Close,Filled,-212.23,"adjust" 
2009-09-01T14:00:00Z,JJSF,43.66,-5,Market On Close,Filled,-218.3,"adjust" 
2009-09-01T14:00:00Z,PTEN,13.17,-40,Market On Close,Filled,-526.8,"band" 
2009-09-01T14:00:00Z,SIF,13.8,-15,Market On Close,Filled,-207,"adjust" 
2009-09-01T14:00:00Z,WEYS,21.96,-17,Market On Close,Filled,-373.32,"band" 
2009-09-01T14:00:00Z,ALGT,37.8,14,Market On Close,Filled,529.2,"buy" 
2009-09-01T14:00:00Z,DISCA,25.54,27,Market On Close,Filled,689.58,"buy" 
2009-09-01T14:00:00Z,VLGEA,29.09,7,Market On Close,Filled,203.63,"adjust" 
2009-10-01T14:00:00Z,BKE,33.52,-16,Market On Close,Filled,-536.32,"band" 
2009-10-01T14:00:00Z,CODI,10.3,-46,Market On Close,Filled,-473.8,"band" 
2009-10-01T14:00:00Z,MTSC,28.4,-7,Market On Close,Filled,-198.8,"adjust" 
2009-10-01T14:00:00Z,EGN,41.79,17,Market On Close,Filled,710.43,"buy" 
2009-10-01T14:00:00Z,SCHN,51.67,8,Market On Close,Filled,413.36,"buy" 
2009-10-01T14:00:00Z,SPH,41.36,5,Market On Close,Filled,206.8,"adjust" 
2009-10-01T14:00:00Z,XOM,67.27,3,Market On Close,Filled,201.81,"adjust" 
2009-11-02T15:00:00Z,CSGS,15.98,-48,Market On Close,Filled,-767.04,"band" 
2009-11-02T15:00:00Z,EXPO,26.11,-30,Market On Close,Filled,-783.3,"band" 
2009-11-02T15:00:00Z,MMSI,16.89,-46,Market On Close,Filled,-776.94,"band" 
2009-11-02T15:00:00Z,NFLX,53.8,-4,Market On Close,Filled,-215.2,"adjust" 
2009-11-02T15:00:00Z,NUE,39.02,-10,Market On Close,Filled,-390.2,"band" 
2009-11-02T15:00:00Z,PLCE,32.53,-18,Market On Close,Filled,-585.54,"band" 
2009-11-02T15:00:00Z,TSCO,45.33,-19,Market On Close,Filled,-861.27,"band" 
2009-11-02T15:00:00Z,XOM,72.15,-15,Market On Close,Filled,-1082.25,"band" 
2009-11-02T15:00:00Z,AAON,18.66,12,Market On Close,Filled,223.92,"adjust" 
2009-11-02T15:00:00Z,AAWW,25.08,13,Market On Close,Filled,326.04,"buy" 
2009-11-02T15:00:00Z,APOG,12.9,40,Market On Close,Filled,516,"buy" 
2009-11-02T15:00:00Z,CVI,10.34,36,Market On Close,Filled,372.24,"buy" 
2009-11-02T15:00:00Z,JCOM,20.2,10,Market On Close,Filled,202,"adjust" 
2009-11-02T15:00:00Z,LANC,48.6,19,Market On Close,Filled,923.4,"buy" 
2009-11-02T15:00:00Z,LXU,12.34,44,Market On Close,Filled,542.96,"buy" 
2009-11-02T15:00:00Z,NJR,34.97,7,Market On Close,Filled,244.79,"adjust" 
2009-11-02T15:00:00Z,POWL,36.05,15,Market On Close,Filled,540.75,"buy" 
2009-11-02T15:00:00Z,UGI,23.81,9,Market On Close,Filled,214.29,"adjust" 
2009-11-02T15:00:00Z,WDC,34.08,18,Market On Close,Filled,613.44,"buy" 
2009-12-01T15:00:00Z,AAON,19.03,-39,Market On Close,Filled,-742.17,"band" 
2009-12-01T15:00:00Z,ALGT,42.5,-14,Market On Close,Filled,-595,"band" 
2009-12-01T15:00:00Z,CAI,46.01,-23,Market On Close,Filled,-1058.23,"band" 
2009-12-01T15:00:00Z,CVX,79.06,-11,Market On Close,Filled,-869.66,"band" 
2009-12-01T15:00:00Z,CNC,19.27,-35,Market On Close,Filled,-674.45,"band" 
2009-12-01T15:00:00Z,DGIT,27.28,-12,Market On Close,Filled,-327.36,"adjust" 
2009-12-01T15:00:00Z,DMLP,20.78,-35,Market On Close,Filled,-727.3,"band" 
2009-12-01T15:00:00Z,NJR,36.15,-39,Market On Close,Filled,-1409.85,"band" 
2009-12-01T15:00:00Z,OXY,82.18,-9,Market On Close,Filled,-739.62,"band" 
2009-12-01T15:00:00Z,UACL,16.13,-27,Market On Close,Filled,-435.51,"band" 
2009-12-01T15:00:00Z,APU,37.48,6,Market On Close,Filled,224.88,"adjust" 
2009-12-01T15:00:00Z,ASH,36.62,13,Market On Close,Filled,476.06,"buy" 
2009-12-01T15:00:00Z,CENT,9.15,62,Market On Close,Filled,567.3,"buy" 
2009-12-01T15:00:00Z,GTLS,16.91,25,Market On Close,Filled,422.75,"buy" 
2009-12-01T15:00:00Z,HHS,9.82,59,Market On Close,Filled,579.38,"buy" 
2009-12-01T15:00:00Z,JBSS,16.32,35,Market On Close,Filled,571.2,"buy" 
2009-12-01T15:00:00Z,JJSF,36.91,9,Market On Close,Filled,332.19,"adjust" 
2009-12-01T15:00:00Z,K,52.97,6,Market On Close,Filled,317.82,"adjust" 
2009-12-01T15:00:00Z,MVO,18.99,44,Market On Close,Filled,835.56,"buy" 
2009-12-01T15:00:00Z,OTL,9.38,43,Market On Close,Filled,403.34,"buy" 
2009-12-01T15:00:00Z,SPH,43.34,6,Market On Close,Filled,260.04,"adjust" 
2009-12-01T15:00:00Z,UNF,44.1,20,Market On Close,Filled,882,"buy" 
2009-12-01T15:00:00Z,USMO,10.34,24,Market On Close,Filled,248.16,"adjust" 
2009-12-01T15:00:00Z,VLGEA,30.85,7,Market On Close,Filled,215.95,"adjust" 
2009-12-01T15:00:00Z,WCC,26.34,23,Market On Close,Filled,605.82,"buy" 
2009-12-01T15:00:00Z,WSO,50.79,5,Market On Close,Filled,253.95,"adjust" 
2010-01-04T15:00:00Z,CALM,34.28,-26,Market On Close,Filled,-891.28,"band" 
2010-01-04T15:00:00Z,CENT,10.65,-62,Market On Close,Filled,-660.3,"universe" 
2010-01-04T15:00:00Z,JJSF,40.2,-30,Market On Close,Filled,-1206,"band" 
2010-01-04T15:00:00Z,KIRK,18,-12,Market On Close,Filled,-216,"adjust" 
2010-01-04T15:00:00Z,SCHN,50,-8,Market On Close,Filled,-400,"expired" 
2010-01-04T15:00:00Z,USPH,17.05,-13,Market On Close,Filled,-221.65,"adjust" 
2010-01-04T15:00:00Z,CLW,54.32,7,Market On Close,Filled,380.24,"buy" 
2010-01-04T15:00:00Z,CVI,7.43,30,Market On Close,Filled,222.9,"adjust" 
2010-01-04T15:00:00Z,LINC,21.95,30,Market On Close,Filled,658.5,"buy" 
2010-01-04T15:00:00Z,MFRI,6.77,89,Market On Close,Filled,602.53,"buy" 
2010-01-04T15:00:00Z,POWL,32.36,7,Market On Close,Filled,226.52,"adjust" 
2010-01-04T15:00:00Z,TSRA,23.81,23,Market On Close,Filled,547.63,"buy" 
2010-02-01T15:00:00Z,JCOM,20.87,-36,Market On Close,Filled,-751.32,"band" 
2010-02-01T15:00:00Z,MLAB,27.2,-40,Market On Close,Filled,-1088,"universe" 
2010-02-01T15:00:00Z,NFLX,61.03,-11,Market On Close,Filled,-671.33,"band" 
2010-02-01T15:00:00Z,VLGEA,26.13,-33,Market On Close,Filled,-862.29,"band" 
2010-02-01T15:00:00Z,ATO,27.6,9,Market On Close,Filled,248.4,"adjust" 
2010-02-01T15:00:00Z,CORE,30.23,7,Market On Close,Filled,211.61,"adjust" 
2010-02-01T15:00:00Z,GPS,19.17,11,Market On Close,Filled,210.87,"adjust" 
2010-02-01T15:00:00Z,IPG,6.6,95,Market On Close,Filled,627,"buy" 
2010-02-01T15:00:00Z,MTRX,10.52,63,Market On Close,Filled,662.76,"buy" 
2010-02-01T15:00:00Z,NGS,16.33,37,Market On Close,Filled,604.21,"buy" 
2010-02-01T15:00:00Z,RBIN,15.35,15,Market On Close,Filled,230.25,"adjust" 
2010-02-01T15:00:00Z,TESS,20.13,30,Market On Close,Filled,603.9,"buy" 
2010-03-01T15:00:00Z,CHE,54.56,-22,Market On Close,Filled,-1200.32,"band" 
2010-03-01T15:00:00Z,DLTR,55.28,-5,Market On Close,Filled,-276.4,"adjust" 
2010-03-01T15:00:00Z,EGN,46.68,-17,Market On Close,Filled,-793.56,"universe" 
2010-03-01T15:00:00Z,HVT,13.49,-52,Market On Close,Filled,-701.48,"band" 
2010-03-01T15:00:00Z,MTSC,27.92,-31,Market On Close,Filled,-865.52,"band" 
2010-03-01T15:00:00Z,WSO,59.16,-18,Market On Close,Filled,-1064.88,"band" 
2010-03-01T15:00:00Z,APOG,14.86,15,Market On Close,Filled,222.9,"adjust" 
2010-03-01T15:00:00Z,APU,40.24,6,Market On Close,Filled,241.44,"adjust" 
2010-03-01T15:00:00Z,ATO,27.93,9,Market On Close,Filled,251.37,"adjust" 
2010-03-01T15:00:00Z,CTRN,30.22,8,Market On Close,Filled,241.76,"adjust" 
2010-03-01T15:00:00Z,FIZ,11.55,30,Market On Close,Filled,346.5,"adjust" 
2010-03-01T15:00:00Z,GCI,15.93,28,Market On Close,Filled,446.04,"buy" 
2010-03-01T15:00:00Z,K,52.16,4,Market On Close,Filled,208.64,"adjust" 
2010-03-01T15:00:00Z,LANC,57.74,4,Market On Close,Filled,230.96,"adjust" 
2010-03-01T15:00:00Z,LHCG,30.15,7,Market On Close,Filled,211.05,"adjust" 
2010-03-01T15:00:00Z,LZB,13.52,28,Market On Close,Filled,378.56,"buy" 
2010-03-01T15:00:00Z,NSIT,13.31,43,Market On Close,Filled,572.33,"buy" 
2010-03-01T15:00:00Z,RGR,11.8,19,Market On Close,Filled,224.2,"adjust" 
2010-03-01T15:00:00Z,TTEC,18.06,12,Market On Close,Filled,216.72,"adjust" 
2010-03-01T15:00:00Z,UFS,56.19,9,Market On Close,Filled,505.71,"buy" 
2010-03-01T15:00:00Z,UGI,25.19,12,Market On Close,Filled,302.28,"adjust" 
2010-03-01T15:00:00Z,UIS,36.63,12,Market On Close,Filled,439.56,"buy" 
2010-04-01T14:00:00Z,CTR,22.12,-34,Market On Close,Filled,-752.08,"band" 
2010-04-01T14:00:00Z,CPSI,39.17,-18,Market On Close,Filled,-705.06,"band" 
2010-04-01T14:00:00Z,CTRN,33.1,-21,Market On Close,Filled,-695.1,"band" 
2010-04-01T14:00:00Z,MFRI,6.68,-89,Market On Close,Filled,-594.52,"universe" 
2010-04-01T14:00:00Z,ARP,9,68,Market On Close,Filled,612,"buy" 
2010-04-01T14:00:00Z,HA,7.36,86,Market On Close,Filled,632.96,"buy" 
2010-04-01T14:00:00Z,MSTR,85.47,7,Market On Close,Filled,598.29,"buy" 
2010-04-01T14:00:00Z,NPK,116.58,2,Market On Close,Filled,233.16,"adjust" 
2010-04-01T14:00:00Z,OIS,45.45,16,Market On Close,Filled,727.2,"buy" 
2010-04-01T14:00:00Z,SYKE,22.91,14,Market On Close,Filled,320.74,"adjust" 
2010-05-03T14:00:00Z,AAWW,55.95,-13,Market On Close,Filled,-727.35,"expired" 
2010-05-03T14:00:00Z,FIZ,11.65,-84,Market On Close,Filled,-978.6,"band" 
2010-05-03T14:00:00Z,LXU,18.65,-44,Market On Close,Filled,-820.6,"band" 
2010-05-03T14:00:00Z,OTL,13.92,-43,Market On Close,Filled,-598.56,"band" 
2010-05-03T14:00:00Z,RGR,17.23,-62,Market On Close,Filled,-1068.26,"band" 
2010-05-03T14:00:00Z,SHOO,40.08,-4,Market On Close,Filled,-160.32,"adjust" 
2010-05-03T14:00:00Z,SIF,13.95,-33,Market On Close,Filled,-460.35,"universe" 
2010-05-03T14:00:00Z,SYKE,22.51,-48,Market On Close,Filled,-1080.48,"band" 
2010-05-03T14:00:00Z,TTEC,16.87,-45,Market On Close,Filled,-759.15,"expired" 
2010-05-03T14:00:00Z,UIS,28.75,-12,Market On Close,Filled,-345,"expired" 
2010-05-03T14:00:00Z,USMO,14.23,-81,Market On Close,Filled,-1152.63,"expired" 
2010-05-03T14:00:00Z,ALG,24.59,36,Market On Close,Filled,885.24,"buy" 
2010-05-03T14:00:00Z,APU,42.89,6,Market On Close,Filled,257.34,"adjust" 
2010-05-03T14:00:00Z,CRMT,26.15,8,Market On Close,Filled,209.2,"adjust" 
2010-05-03T14:00:00Z,CQP,17.77,40,Market On Close,Filled,710.8,"buy" 
2010-05-03T14:00:00Z,CSL,38.9,32,Market On Close,Filled,1244.8,"buy" 
2010-05-03T14:00:00Z,DDS,29.72,20,Market On Close,Filled,594.4,"buy" 
2010-05-03T14:00:00Z,DECK,143.79,5,Market On Close,Filled,718.95,"buy" 
2010-05-03T14:00:00Z,FLXS,13.39,41,Market On Close,Filled,548.99,"buy" 
2010-05-03T14:00:00Z,GIII,30.75,20,Market On Close,Filled,615,"buy" 
2010-05-03T14:00:00Z,GLT,14.95,59,Market On Close,Filled,882.05,"buy" 
2010-05-03T14:00:00Z,JBSS,15.05,15,Market On Close,Filled,225.75,"adjust" 
2010-05-03T14:00:00Z,OSK,39.75,17,Market On Close,Filled,675.75,"buy" 
2010-05-03T14:00:00Z,SPH,47.91,5,Market On Close,Filled,239.55,"adjust" 
2010-05-03T14:00:00Z,SXI,25.94,22,Market On Close,Filled,570.68,"buy" 
2010-05-03T14:00:00Z,TSRA,20.46,10,Market On Close,Filled,204.6,"adjust" 
2010-05-03T14:00:00Z,UNF,48.61,8,Market On Close,Filled,388.88,"adjust" 
2010-05-03T14:00:00Z,USPH,17.96,12,Market On Close,Filled,215.52,"adjust" 
2010-06-01T14:00:00Z,ALG,22.58,-11,Market On Close,Filled,-248.38,"adjust" 
2010-06-01T14:00:00Z,APU,38.96,-11,Market On Close,Filled,-428.56,"adjust" 
2010-06-01T14:00:00Z,CVI,7.24,-66,Market On Close,Filled,-477.84,"band" 
2010-06-01T14:00:00Z,DGIT,41.71,-6,Market On Close,Filled,-250.26,"adjust" 
2010-06-01T14:00:00Z,GTLS,16.96,-25,Market On Close,Filled,-424,"band" 
2010-06-01T14:00:00Z,RS,43.67,-11,Market On Close,Filled,-480.37,"band" 
2010-06-01T14:00:00Z,TSRA,16.87,-33,Market On Close,Filled,-556.71,"band" 
2010-06-01T14:00:00Z,ALGN,14.38,14,Market On Close,Filled,201.32,"adjust" 
2010-06-01T14:00:00Z,CORE,26.76,11,Market On Close,Filled,294.36,"adjust" 
2010-06-01T14:00:00Z,EBF,16.13,36,Market On Close,Filled,580.68,"buy" 
2010-06-01T14:00:00Z,LANC,53.82,4,Market On Close,Filled,215.28,"adjust" 
2010-06-01T14:00:00Z,SCL,71.07,9,Market On Close,Filled,639.63,"buy" 
2010-06-01T14:00:00Z,SKX,36.14,18,Market On Close,Filled,650.52,"buy" 
2010-06-01T14:00:00Z,SWX,28.9,44,Market On Close,Filled,1271.6,"buy" 
2010-07-01T14:00:00Z,ATO,26.86,-10,Market On Close,Filled,-268.6,"adjust" 
2010-07-01T14:00:00Z,CRMT,22.87,-35,Market On Close,Filled,-800.45,"band" 
2010-07-01T14:00:00Z,CORE,27.76,-42,Market On Close,Filled,-1165.92,"band" 
2010-07-01T14:00:00Z,K,50.77,-4,Market On Close,Filled,-203.08,"adjust" 
2010-07-01T14:00:00Z,UGI,25.29,-12,Market On Close,Filled,-303.48,"adjust" 
2010-07-01T14:00:00Z,DSW,22.1,24,Market On Close,Filled,530.4,"buy" 
2010-07-01T14:00:00Z,HA,5.24,50,Market On Close,Filled,262,"adjust" 
2010-07-01T14:00:00Z,LINC,19.93,13,Market On Close,Filled,259.09,"adjust" 
2010-07-01T14:00:00Z,LZB,7.28,29,Market On Close,Filled,211.12,"adjust" 
2010-07-01T14:00:00Z,POWL,27.33,8,Market On Close,Filled,218.64,"adjust" 
2010-07-01T14:00:00Z,SCVL,19.55,32,Market On Close,Filled,625.6,"buy" 
2010-08-02T14:00:00Z,APOG,11.12,-55,Market On Close,Filled,-611.6,"band" 
2010-08-02T14:00:00Z,CSL,34.62,-6,Market On Close,Filled,-207.72,"adjust" 
2010-08-02T14:00:00Z,HA,5.89,-136,Market On Close,Filled,-801.04,"band" 
2010-08-02T14:00:00Z,HWKN,32.17,-14,Market On Close,Filled,-450.38,"adjust" 
2010-08-02T14:00:00Z,IPG,9.2,-23,Market On Close,Filled,-211.6,"adjust" 
2010-08-02T14:00:00Z,K,50,-6,Market On Close,Filled,-300,"adjust" 
2010-08-02T14:00:00Z,NEOG,29.7,-7,Market On Close,Filled,-207.9,"adjust" 
2010-08-02T14:00:00Z,NGS,16.57,-37,Market On Close,Filled,-613.09,"band" 
2010-08-02T14:00:00Z,SWX,33.08,-7,Market On Close,Filled,-231.56,"adjust" 
2010-08-02T14:00:00Z,DLTR,44.23,5,Market On Close,Filled,221.15,"adjust" 
2010-08-02T14:00:00Z,DTE,46.48,32,Market On Close,Filled,1487.36,"buy" 
2010-08-02T14:00:00Z,FLXS,11.45,20,Market On Close,Filled,229,"adjust" 
2010-08-02T14:00:00Z,GCI,13.69,17,Market On Close,Filled,232.73,"adjust" 
2010-08-02T14:00:00Z,NP,17.94,33,Market On Close,Filled,592.02,"buy" 
2010-08-02T14:00:00Z,SAFM,45.82,24,Market On Close,Filled,1099.68,"buy" 
2010-08-02T14:00:00Z,WDC,27.16,10,Market On Close,Filled,271.6,"adjust" 
2010-09-01T14:00:00Z,FLXS,14.15,-20,Market On Close,Filled,-283,"adjust" 
2010-09-01T14:00:00Z,HHS,10.42,-59,Market On Close,Filled,-614.78,"band" 
2010-09-01T14:00:00Z,RBIN,24.26,-10,Market On Close,Filled,-242.6,"adjust" 
2010-09-01T14:00:00Z,UGI,28,-10,Market On Close,Filled,-280,"adjust" 
2010-09-01T14:00:00Z,AMED,23.82,9,Market On Close,Filled,214.38,"adjust" 
2010-09-01T14:00:00Z,LHCG,20.64,10,Market On Close,Filled,206.4,"adjust" 
2010-09-01T14:00:00Z,OSK,25.6,10,Market On Close,Filled,256,"adjust" 
2010-09-01T14:00:00Z,USMO,14.95,53,Market On Close,Filled,792.35,"buy" 
2010-10-01T14:00:00Z,ARP,7.77,-68,Market On Close,Filled,-528.36,"band" 
2010-10-01T14:00:00Z,GLT,12.16,-59,Market On Close,Filled,-717.44,"band" 
2010-10-01T14:00:00Z,GPS,18.51,-46,Market On Close,Filled,-851.46,"band" 
2010-10-01T14:00:00Z,LANC,47.95,-27,Market On Close,Filled,-1294.65,"band" 
2010-10-01T14:00:00Z,LZB,8.72,-57,Market On Close,Filled,-497.04,"band" 
2010-10-01T14:00:00Z,MTRX,8.7,-63,Market On Close,Filled,-548.1,"band" 
2010-10-01T14:00:00Z,SHOO,41.2,-6,Market On Close,Filled,-247.2,"adjust" 
2010-10-01T14:00:00Z,UNF,44.21,-5,Market On Close,Filled,-221.05,"adjust" 
2010-10-01T14:00:00Z,AAWW,50.11,11,Market On Close,Filled,551.21,"buy" 
2010-10-01T14:00:00Z,AIT,30.99,31,Market On Close,Filled,960.69,"buy" 
2010-10-01T14:00:00Z,JBSS,13.51,20,Market On Close,Filled,270.2,"adjust" 
2010-10-01T14:00:00Z,MGLN,47.38,25,Market On Close,Filled,1184.5,"buy" 
2010-10-01T14:00:00Z,MSTR,87.8,3,Market On Close,Filled,263.4,"adjust" 
2010-10-01T14:00:00Z,OC,25.92,27,Market On Close,Filled,699.84,"buy" 
2010-10-01T14:00:00Z,ODC,21.79,46,Market On Close,Filled,1002.34,"buy" 
2010-10-01T14:00:00Z,PLCE,51.46,18,Market On Close,Filled,926.28,"buy" 
2010-11-01T14:00:00Z,CSL,34.73,-26,Market On Close,Filled,-902.98,"band" 
2010-11-01T14:00:00Z,JBSS,12.96,-70,Market On Close,Filled,-907.2,"band" 
2010-11-01T14:00:00Z,MSTR,90.53,-10,Market On Close,Filled,-905.3,"band" 
2010-11-01T14:00:00Z,OSK,29.09,-27,Market On Close,Filled,-785.43,"band" 
2010-11-01T14:00:00Z,RBIN,37.21,-6,Market On Close,Filled,-223.26,"adjust" 
2010-11-01T14:00:00Z,SCL,67.53,-9,Market On Close,Filled,-607.77,"band" 
2010-11-01T14:00:00Z,WDC,32.62,-28,Market On Close,Filled,-913.36,"expired" 
2010-11-01T14:00:00Z,ARP,7.06,89,Market On Close,Filled,628.34,"buy" 
2010-11-01T14:00:00Z,ATO,29.53,11,Market On Close,Filled,324.83,"adjust" 
2010-11-01T14:00:00Z,CRUS,12.51,37,Market On Close,Filled,462.87,"buy" 
2010-11-01T14:00:00Z,DPZ,14.88,56,Market On Close,Filled,833.28,"buy" 
2010-11-01T14:00:00Z,DTE,45.67,7,Market On Close,Filled,319.69,"adjust" 
2010-11-01T14:00:00Z,IDT,13.74,31,Market On Close,Filled,425.94,"buy" 
2010-11-01T14:00:00Z,K,50.75,6,Market On Close,Filled,304.5,"adjust" 
2010-11-01T14:00:00Z,KIRK,13.11,16,Market On Close,Filled,209.76,"adjust" 
2010-11-01T14:00:00Z,KLIC,6,77,Market On Close,Filled,462,"buy" 
2010-11-01T14:00:00Z,PETS,15.72,15,Market On Close,Filled,235.8,"adjust" 
2010-11-01T14:00:00Z,UGI,29.85,7,Market On Close,Filled,208.95,"adjust" 
2010-11-01T14:00:00Z,VECO,40.11,11,Market On Close,Filled,441.21,"buy" 
2010-12-01T15:00:00Z,DECK,79.94,-6,Market On Close,Filled,-479.64,"adjust" 
2010-12-01T15:00:00Z,DSW,39.45,-6,Market On Close,Filled,-236.7,"adjust" 
2010-12-01T15:00:00Z,HWKN,43.45,-6,Market On Close,Filled,-260.7,"adjust" 
2010-12-01T15:00:00Z,IDT,22.2,-10,Market On Close,Filled,-222,"adjust" 
2010-12-01T15:00:00Z,K,49.44,-34,Market On Close,Filled,-1680.96,"band" 
2010-12-01T15:00:00Z,SAFM,41.86,-24,Market On Close,Filled,-1004.64,"band" 
2010-12-01T15:00:00Z,SKX,23.07,-18,Market On Close,Filled,-415.26,"band" 
2010-12-01T15:00:00Z,APU,47.63,6,Market On Close,Filled,285.78,"adjust" 
2010-12-01T15:00:00Z,CCF,16,50,Market On Close,Filled,800,"buy" 
2010-12-01T15:00:00Z,CLW,81.34,4,Market On Close,Filled,325.36,"adjust" 
2010-12-01T15:00:00Z,CQP,19.77,12,Market On Close,Filled,237.24,"adjust" 
2010-12-01T15:00:00Z,SGU,5.38,238,Market On Close,Filled,1280.44,"buy" 
2010-12-01T15:00:00Z,SSP,9.57,69,Market On Close,Filled,660.33,"buy" 
2011-01-03T15:00:00Z,DGIT,29.59,-14,Market On Close,Filled,-414.26,"universe" 
2011-01-03T15:00:00Z,DTE,45.57,-39,Market On Close,Filled,-1777.23,"band" 
2011-01-03T15:00:00Z,GCI,15.42,-45,Market On Close,Filled,-693.9,"band" 
2011-01-03T15:00:00Z,KIRK,14.06,-42,Market On Close,Filled,-590.52,"band" 
2011-01-03T15:00:00Z,MVO,39.95,-13,Market On Close,Filled,-519.35,"adjust" 
2011-01-03T15:00:00Z,NEOG,42.26,-5,Market On Close,Filled,-211.3,"adjust" 
2011-01-03T15:00:00Z,WCC,53.25,-4,Market On Close,Filled,-213,"adjust" 
2011-01-03T15:00:00Z,CPK,41.55,31,Market On Close,Filled,1288.05,"buy" 
2011-01-03T15:00:00Z,OTL,20.68,41,Market On Close,Filled,847.88,"buy" 
2011-01-03T15:00:00Z,RGR,15.09,65,Market On Close,Filled,980.85,"buy" 
2011-01-03T15:00:00Z,STMP,13.74,69,Market On Close,Filled,948.06,"buy" 
2011-01-03T15:00:00Z,SWX,37.51,7,Market On Close,Filled,262.57,"adjust" 
2011-01-03T15:00:00Z,USPH,20.36,13,Market On Close,Filled,264.68,"adjust" 
2011-02-01T15:00:00Z,ASH,59.33,-13,Market On Close,Filled,-771.29,"band" 
2011-02-01T15:00:00Z,CRUS,21.33,-13,Market On Close,Filled,-277.29,"adjust" 
2011-02-01T15:00:00Z,KLIC,10.29,-24,Market On Close,Filled,-246.96,"adjust" 
2011-02-01T15:00:00Z,NSIT,14.65,-43,Market On Close,Filled,-629.95,"band" 
2011-02-01T15:00:00Z,POWL,38.82,-7,Market On Close,Filled,-271.74,"adjust" 
2011-02-01T15:00:00Z,SGU,5.48,-238,Market On Close,Filled,-1304.24,"expired" 
2011-02-01T15:00:00Z,TESS,12.44,-44,Market On Close,Filled,-547.36,"universe" 
2011-02-01T15:00:00Z,UNF,56.52,-23,Market On Close,Filled,-1299.96,"band" 
2011-02-01T15:00:00Z,AAWW,53.92,4,Market On Close,Filled,215.68,"adjust" 
2011-02-01T15:00:00Z,DISCA,39,8,Market On Close,Filled,312,"adjust" 
2011-02-01T15:00:00Z,EBF,16.81,14,Market On Close,Filled,235.34,"adjust" 
2011-02-01T15:00:00Z,IPG,10.85,20,Market On Close,Filled,217,"adjust" 
2011-02-01T15:00:00Z,NC,109.28,5,Market On Close,Filled,546.4,"buy" 
2011-02-01T15:00:00Z,NP,19.43,14,Market On Close,Filled,272.02,"adjust" 
2011-02-01T15:00:00Z,PLPC,64.38,12,Market On Close,Filled,772.56,"buy" 
2011-02-01T15:00:00Z,SPH,57.5,4,Market On Close,Filled,230,"adjust" 
2011-02-01T15:00:00Z,USNA,38.96,28,Market On Close,Filled,1090.88,"buy" 
2011-02-01T15:00:00Z,WTI,20.67,30,Market On Close,Filled,620.1,"buy" 
2011-03-01T15:00:00Z,AAWW,67.43,-15,Market On Close,Filled,-1011.45,"band" 
2011-03-01T15:00:00Z,AMED,35.37,-21,Market On Close,Filled,-742.77,"expired" 
2011-03-01T15:00:00Z,DLTR,50.12,-4,Market On Close,Filled,-200.48,"adjust" 
2011-03-01T15:00:00Z,DSW,39.6,-18,Market On Close,Filled,-712.8,"band" 
2011-03-01T15:00:00Z,FLXS,14.82,-41,Market On Close,Filled,-607.62,"universe" 
2011-03-01T15:00:00Z,IPG,12.61,-25,Market On Close,Filled,-315.25,"adjust" 
2011-03-01T15:00:00Z,NPK,125.75,-9,Market On Close,Filled,-1131.75,"band" 
2011-03-01T15:00:00Z,OTL,25.61,-13,Market On Close,Filled,-332.93,"adjust" 
2011-03-01T15:00:00Z,APU,47.7,7,Market On Close,Filled,333.9,"adjust" 
2011-03-01T15:00:00Z,BRKS,12.62,50,Market On Close,Filled,631,"buy" 
2011-03-01T15:00:00Z,CLW,79.48,3,Market On Close,Filled,238.44,"adjust" 
2011-03-01T15:00:00Z,CPK,39.82,5,Market On Close,Filled,199.1,"adjust" 
2011-03-01T15:00:00Z,ENTG,8.51,66,Market On Close,Filled,561.66,"buy" 
2011-03-01T15:00:00Z,FIZ,12.6,89,Market On Close,Filled,1121.4,"buy" 
2011-03-01T15:00:00Z,MGLN,48.62,6,Market On Close,Filled,291.72,"adjust" 
2011-03-01T15:00:00Z,MIC,23.72,47,Market On Close,Filled,1114.84,"buy" 
2011-03-01T15:00:00Z,MKSI,29.79,27,Market On Close,Filled,804.33,"buy" 
2011-03-01T15:00:00Z,TER,18.19,41,Market On Close,Filled,745.79,"buy" 
2011-04-01T14:00:00Z,APU,48.36,-7,Market On Close,Filled,-338.52,"adjust" 
2011-04-01T14:00:00Z,ARP,10.37,-89,Market On Close,Filled,-922.93,"band" 
2011-04-01T14:00:00Z,CQP,19.18,-52,Market On Close,Filled,-997.36,"band" 
2011-04-01T14:00:00Z,ODC,21.38,-46,Market On Close,Filled,-983.48,"band" 
2011-04-01T14:00:00Z,OIS,75.76,-3,Market On Close,Filled,-227.28,"adjust" 
2011-04-01T14:00:00Z,RGR,23.09,-19,Market On Close,Filled,-438.71,"adjust" 
2011-04-01T14:00:00Z,LSCC,5.94,119,Market On Close,Filled,706.86,"buy" 
2011-04-01T14:00:00Z,SSP,9.75,21,Market On Close,Filled,204.75,"adjust" 
2011-04-01T14:00:00Z,KAI,26.72,26,Market On Close,Filled,694.72,"buy" 
2011-05-02T14:00:00Z,ALGN,24.6,-11,Market On Close,Filled,-270.6,"adjust" 
2011-05-02T14:00:00Z,DISCA,44.65,-35,Market On Close,Filled,-1562.75,"band" 
2011-05-02T14:00:00Z,DPZ,18.56,-56,Market On Close,Filled,-1039.36,"expired" 
2011-05-02T14:00:00Z,EBF,18.5,-50,Market On Close,Filled,-925,"band" 
2011-05-02T14:00:00Z,MGLN,51.79,-31,Market On Close,Filled,-1605.49,"expired" 
2011-05-02T14:00:00Z,OC,37.65,-27,Market On Close,Filled,-1016.55,"band" 
2011-05-02T14:00:00Z,OTL,36.2,-6,Market On Close,Filled,-217.2,"adjust" 
2011-05-02T14:00:00Z,USMO,15.02,-53,Market On Close,Filled,-796.06,"expired" 
2011-05-02T14:00:00Z,VECO,51.57,-11,Market On Close,Filled,-567.27,"expired" 
2011-05-02T14:00:00Z,AIT,35,7,Market On Close,Filled,245,"adjust" 
2011-05-02T14:00:00Z,EBS,23.7,48,Market On Close,Filled,1137.6,"buy" 
2011-05-02T14:00:00Z,IPG,11.4,19,Market On Close,Filled,216.6,"adjust" 
2011-05-02T14:00:00Z,LRCX,48.09,19,Market On Close,Filled,913.71,"buy" 
2011-05-02T14:00:00Z,MERC,12.1,52,Market On Close,Filled,629.2,"buy" 
2011-05-02T14:00:00Z,MRCY,19.07,44,Market On Close,Filled,839.08,"buy" 
2011-05-02T14:00:00Z,OYOG,91.02,9,Market On Close,Filled,819.18,"buy" 
2011-05-02T14:00:00Z,PETS,14.74,24,Market On Close,Filled,353.76,"adjust" 
2011-05-02T14:00:00Z,POWL,39.17,6,Market On Close,Filled,235.02,"adjust" 
2011-05-02T14:00:00Z,UNH,49.88,27,Market On Close,Filled,1346.76,"buy" 
2011-05-02T14:00:00Z,VSH,18.7,51,Market On Close,Filled,953.7,"buy" 
2011-06-01T14:00:00Z,CLW,67.69,-14,Market On Close,Filled,-947.66,"band" 
2011-06-01T14:00:00Z,DDS,55.77,-7,Market On Close,Filled,-390.39,"adjust" 
2011-06-01T14:00:00Z,EBS,23.98,-15,Market On Close,Filled,-359.7,"adjust" 
2011-06-01T14:00:00Z,NP,22.03,-47,Market On Close,Filled,-1035.41,"band" 
2011-06-01T14:00:00Z,USPH,24.02,-14,Market On Close,Filled,-336.28,"adjust" 
2011-06-01T14:00:00Z,ALG,25.09,11,Market On Close,Filled,275.99,"adjust" 
2011-06-01T14:00:00Z,APU,44.76,10,Market On Close,Filled,447.6,"adjust" 
2011-06-01T14:00:00Z,ATO,32.9,7,Market On Close,Filled,230.3,"adjust" 
2011-06-01T14:00:00Z,CRUS,15.87,15,Market On Close,Filled,238.05,"adjust" 
2011-06-01T14:00:00Z,MKSI,25.44,8,Market On Close,Filled,203.52,"adjust" 
2011-06-01T14:00:00Z,RES,24.16,29,Market On Close,Filled,700.64,"buy" 
2011-06-01T14:00:00Z,SSP,8.15,34,Market On Close,Filled,277.1,"adjust" 
2011-06-01T14:00:00Z,WCC,53.11,4,Market On Close,Filled,212.44,"adjust" 
2011-06-01T14:00:00Z,WLK,54.71,14,Market On Close,Filled,765.94,"buy" 
2011-07-01T14:00:00Z,NC,100.17,-5,Market On Close,Filled,-500.85,"band" 
2011-07-01T14:00:00Z,OYOG,101.24,-2,Market On Close,Filled,-202.48,"adjust" 
2011-07-01T14:00:00Z,POWL,37.19,-29,Market On Close,Filled,-1078.51,"band" 
2011-07-01T14:00:00Z,STMP,13.46,-69,Market On Close,Filled,-928.74,"band" 
2011-07-01T14:00:00Z,LRCX,45.3,5,Market On Close,Filled,226.5,"adjust" 
2011-07-01T14:00:00Z,MGLN,54.63,28,Market On Close,Filled,1529.64,"buy" 
2011-07-01T14:00:00Z,MYGN,23.13,48,Market On Close,Filled,1110.24,"buy" 
2011-07-01T14:00:00Z,SWX,39.35,6,Market On Close,Filled,236.1,"adjust" 
2011-07-01T14:00:00Z,SXI,30.63,9,Market On Close,Filled,275.67,"adjust" 
2011-07-01T14:00:00Z,TER,15.16,16,Market On Close,Filled,242.56,"adjust" 
2011-07-01T14:00:00Z,USMO,15.44,65,Market On Close,Filled,1003.6,"buy" 
2011-07-01T14:00:00Z,VECO,48.58,15,Market On Close,Filled,728.7,"buy" 
2011-08-01T14:00:00Z,ALG,24.02,-36,Market On Close,Filled,-864.72,"band" 
2011-08-01T14:00:00Z,CRUS,15.22,-39,Market On Close,Filled,-593.58,"band" 
2011-08-01T14:00:00Z,EBS,20.52,-33,Market On Close,Filled,-677.16,"band" 
2011-08-01T14:00:00Z,HWKN,34.73,-18,Market On Close,Filled,-625.14,"expired" 
2011-08-01T14:00:00Z,RGR,27.75,-20,Market On Close,Filled,-555,"adjust" 
2011-08-01T14:00:00Z,SXI,32.27,-31,Market On Close,Filled,-1000.37,"band" 
2011-08-01T14:00:00Z,USMO,16.66,-14,Market On Close,Filled,-233.24,"adjust" 
2011-08-01T14:00:00Z,CNC,31.58,26,Market On Close,Filled,821.08,"buy" 
2011-08-01T14:00:00Z,GCO,52.76,15,Market On Close,Filled,791.4,"buy" 
2011-08-01T14:00:00Z,MRCY,16.55,15,Market On Close,Filled,248.25,"adjust" 
2011-08-01T14:00:00Z,MRO,30.65,33,Market On Close,Filled,1011.45,"buy" 
2011-08-01T14:00:00Z,UFS,78.49,3,Market On Close,Filled,235.47,"adjust" 
2011-08-01T14:00:00Z,FL,21.61,43,Market On Close,Filled,929.23,"buy" 
2011-09-01T14:00:00Z,APU,42.95,-14,Market On Close,Filled,-601.3,"adjust" 
2011-09-01T14:00:00Z,ATO,34.15,-27,Market On Close,Filled,-922.05,"adjust" 
2011-09-01T14:00:00Z,CCF,12.59,-50,Market On Close,Filled,-629.5,"band" 
2011-09-01T14:00:00Z,DLTR,71.78,-5,Market On Close,Filled,-358.9,"adjust" 
2011-09-01T14:00:00Z,FIZ,16.08,-89,Market On Close,Filled,-1431.12,"band" 
2011-09-01T14:00:00Z,PETS,9.94,-87,Market On Close,Filled,-864.78,"band" 
2011-09-01T14:00:00Z,SPH,47.14,-40,Market On Close,Filled,-1885.6,"band" 
2011-09-01T14:00:00Z,SSP,8.09,-32,Market On Close,Filled,-258.88,"adjust" 
2011-09-01T14:00:00Z,SWX,36.86,-15,Market On Close,Filled,-552.9,"adjust" 
2011-09-01T14:00:00Z,UGI,29.88,-7,Market On Close,Filled,-209.16,"adjust" 
2011-09-01T14:00:00Z,ALGN,18.85,14,Market On Close,Filled,263.9,"adjust" 
2011-09-01T14:00:00Z,B,21.89,41,Market On Close,Filled,897.49,"buy" 
2011-09-01T14:00:00Z,BRKS,8.93,35,Market On Close,Filled,312.55,"adjust" 
2011-09-01T14:00:00Z,CECO,16.04,47,Market On Close,Filled,753.88,"buy" 
2011-09-01T14:00:00Z,CVI,27.17,24,Market On Close,Filled,652.08,"buy" 
2011-09-01T14:00:00Z,DEPO,6.08,106,Market On Close,Filled,644.48,"buy" 
2011-09-01T14:00:00Z,DV,42.52,19,Market On Close,Filled,807.88,"buy" 
2011-09-01T14:00:00Z,ENTG,7.23,30,Market On Close,Filled,216.9,"adjust" 
2011-09-01T14:00:00Z,GIII,28.52,8,Market On Close,Filled,228.16,"adjust" 
2011-09-01T14:00:00Z,IDT,21.17,13,Market On Close,Filled,275.21,"adjust" 
2011-09-01T14:00:00Z,KLIC,8.32,26,Market On Close,Filled,216.32,"adjust" 
2011-09-01T14:00:00Z,LHCG,19.04,13,Market On Close,Filled,247.52,"adjust" 
2011-09-01T14:00:00Z,LINC,9.29,28,Market On Close,Filled,260.12,"adjust" 
2011-09-01T14:00:00Z,LRCX,36.58,6,Market On Close,Filled,219.48,"adjust" 
2011-09-01T14:00:00Z,MERC,8.61,22,Market On Close,Filled,189.42,"adjust" 
2011-09-01T14:00:00Z,MKSI,22.57,11,Market On Close,Filled,248.27,"adjust" 
2011-09-01T14:00:00Z,MRCY,13.84,15,Market On Close,Filled,207.6,"adjust" 
2011-09-01T14:00:00Z,MYGN,19.42,11,Market On Close,Filled,213.62,"adjust" 
2011-09-01T14:00:00Z,PLCE,41.59,6,Market On Close,Filled,249.54,"adjust" 
2011-09-01T14:00:00Z,SCVL,24.92,12,Market On Close,Filled,299.04,"adjust" 
2011-09-01T14:00:00Z,TER,11.86,20,Market On Close,Filled,237.2,"adjust" 
2011-09-01T14:00:00Z,USMO,15.08,14,Market On Close,Filled,211.12,"adjust" 
2011-09-01T14:00:00Z,VECO,34.66,8,Market On Close,Filled,277.28,"adjust" 
2011-09-01T14:00:00Z,VSH,11.15,22,Market On Close,Filled,245.3,"adjust" 
2011-10-03T14:00:00Z,ALGN,14.26,-47,Market On Close,Filled,-670.22,"band" 
2011-10-03T14:00:00Z,ATO,30.97,-7,Market On Close,Filled,-216.79,"adjust" 
2011-10-03T14:00:00Z,GIII,21.83,-28,Market On Close,Filled,-611.24,"band" 
2011-10-03T14:00:00Z,IPG,6.94,-86,Market On Close,Filled,-596.84,"band" 
2011-10-03T14:00:00Z,MGLN,45.88,-5,Market On Close,Filled,-229.4,"adjust" 
2011-10-03T14:00:00Z,MIC,21.97,-9,Market On Close,Filled,-197.73,"adjust" 
2011-10-03T14:00:00Z,NEOG,32.08,-25,Market On Close,Filled,-802,"expired" 
2011-10-03T14:00:00Z,PLCE,45.8,-24,Market On Close,Filled,-1099.2,"band" 
2011-10-03T14:00:00Z,BKE,38.6,21,Market On Close,Filled,810.6,"buy" 
2011-10-03T14:00:00Z,DAR,11.7,56,Market On Close,Filled,655.2,"buy" 
2011-10-03T14:00:00Z,LG,37.38,36,Market On Close,Filled,1345.68,"buy" 
2011-10-03T14:00:00Z,LXU,26.1,21,Market On Close,Filled,548.1,"buy" 
2011-10-03T14:00:00Z,OYOG,52.5,4,Market On Close,Filled,210,"adjust" 
2011-10-03T14:00:00Z,WLK,32.34,6,Market On Close,Filled,194.04,"adjust" 
2011-11-01T14:00:00Z,AIT,32.9,-6,Market On Close,Filled,-197.4,"adjust" 
2011-11-01T14:00:00Z,DECK,111.83,-2,Market On Close,Filled,-223.66,"adjust" 
2011-11-01T14:00:00Z,DEPO,4.38,-106,Market On Close,Filled,-464.28,"universe" 
2011-11-01T14:00:00Z,LRCX,42.22,-30,Market On Close,Filled,-1266.6,"expired" 
2011-11-01T14:00:00Z,MKSI,26.18,-9,Market On Close,Filled,-235.62,"adjust" 
2011-11-01T14:00:00Z,MRCY,13.94,-74,Market On Close,Filled,-1031.56,"band" 
2011-11-01T14:00:00Z,OYOG,79.51,-3,Market On Close,Filled,-238.53,"adjust" 
2011-11-01T14:00:00Z,SCVL,26.78,-8,Market On Close,Filled,-214.24,"adjust" 
2011-11-01T14:00:00Z,SWX,38.44,-35,Market On Close,Filled,-1345.4,"band" 
2011-11-01T14:00:00Z,VSH,9.98,-73,Market On Close,Filled,-728.54,"band" 
2011-11-01T14:00:00Z,WCC,46.72,-23,Market On Close,Filled,-1074.56,"band" 
2011-11-01T14:00:00Z,CVX,102.08,14,Market On Close,Filled,1429.12,"buy" 
2011-11-01T14:00:00Z,CROX,17.86,28,Market On Close,Filled,500.08,"buy" 
2011-11-01T14:00:00Z,CRUS,16.23,40,Market On Close,Filled,649.2,"buy" 
2011-11-01T14:00:00Z,GME,25.04,52,Market On Close,Filled,1302.08,"buy" 
2011-11-01T14:00:00Z,IDT,12,30,Market On Close,Filled,360,"adjust" 
2011-11-01T14:00:00Z,MERC,6.85,39,Market On Close,Filled,267.15,"adjust" 
2011-11-01T14:00:00Z,MLR,19.31,53,Market On Close,Filled,1023.43,"buy" 
2011-11-01T14:00:00Z,MXIM,25.57,59,Market On Close,Filled,1508.63,"buy" 
2011-11-01T14:00:00Z,SPPI,10.91,66,Market On Close,Filled,720.06,"buy" 
2011-12-01T15:00:00Z,APU,43.87,-36,Market On Close,Filled,-1579.32,"band" 
2011-12-01T15:00:00Z,LHCG,13.93,-49,Market On Close,Filled,-682.57,"band" 
2011-12-01T15:00:00Z,OIS,75.43,-3,Market On Close,Filled,-226.29,"adjust" 
2011-12-01T15:00:00Z,SSP,8.35,-92,Market On Close,Filled,-768.2,"band" 
2011-12-01T15:00:00Z,UGI,29.76,-50,Market On Close,Filled,-1488,"band" 
2011-12-01T15:00:00Z,VECO,25.14,-23,Market On Close,Filled,-578.22,"band" 
2011-12-01T15:00:00Z,ATO,34.14,6,Market On Close,Filled,204.84,"adjust" 
2011-12-01T15:00:00Z,CF,146.98,5,Market On Close,Filled,734.9,"buy" 
2011-12-01T15:00:00Z,CVI,18.06,14,Market On Close,Filled,252.84,"adjust" 
2011-12-01T15:00:00Z,DDS,46.24,5,Market On Close,Filled,231.2,"adjust" 
2011-12-01T15:00:00Z,DV,34.71,6,Market On Close,Filled,208.26,"adjust" 
2011-12-01T15:00:00Z,HOC,23.43,31,Market On Close,Filled,726.33,"buy" 
2011-12-01T15:00:00Z,LG,39.72,6,Market On Close,Filled,238.32,"adjust" 
2011-12-01T15:00:00Z,LINC,7.47,31,Market On Close,Filled,231.57,"adjust" 
2011-12-01T15:00:00Z,LZB,11.59,70,Market On Close,Filled,811.3,"buy" 
2011-12-01T15:00:00Z,MGLN,50.26,4,Market On Close,Filled,201.04,"adjust" 
2011-12-01T15:00:00Z,MVO,36.91,7,Market On Close,Filled,258.37,"adjust" 
2011-12-01T15:00:00Z,SXI,31.72,24,Market On Close,Filled,761.28,"buy" 
2011-12-01T15:00:00Z,UACL,13.7,48,Market On Close,Filled,657.6,"buy" 
2012-01-03T15:00:00Z,CVX,110.37,-2,Market On Close,Filled,-220.74,"adjust" 
2012-01-03T15:00:00Z,DV,38.75,-25,Market On Close,Filled,-968.75,"band" 
2012-01-03T15:00:00Z,IDT,9.55,-64,Market On Close,Filled,-611.2,"band" 
2012-01-03T15:00:00Z,LZB,12,-18,Market On Close,Filled,-216,"adjust" 
2012-01-03T15:00:00Z,MERC,6.49,-113,Market On Close,Filled,-733.37,"band" 
2012-01-03T15:00:00Z,MIC,28.21,-38,Market On Close,Filled,-1071.98,"band" 
2012-01-03T15:00:00Z,MVO,40.66,-38,Market On Close,Filled,-1545.08,"band" 
2012-01-03T15:00:00Z,SPPI,14.71,-14,Market On Close,Filled,-205.94,"adjust" 
2012-01-03T15:00:00Z,OYOG,78.81,-8,Market On Close,Filled,-630.48,"band" 
2012-01-03T15:00:00Z,TER,13.74,-15,Market On Close,Filled,-206.1,"adjust" 
2012-01-03T15:00:00Z,KAI,22.55,-26,Market On Close,Filled,-586.3,"band" 
2012-01-03T15:00:00Z,UACL,17.85,-14,Market On Close,Filled,-249.9,"adjust" 
2012-01-03T15:00:00Z,WTI,22.32,-30,Market On Close,Filled,-669.6,"band" 
2012-01-03T15:00:00Z,DECK,76.45,3,Market On Close,Filled,229.35,"adjust" 
2012-01-03T15:00:00Z,DSW,42.27,20,Market On Close,Filled,845.4,"buy" 
2012-01-03T15:00:00Z,ED,60.64,38,Market On Close,Filled,2304.32,"buy" 
2012-01-03T15:00:00Z,NEU,201.06,4,Market On Close,Filled,804.24,"buy" 
2012-01-03T15:00:00Z,INTC,24.54,57,Market On Close,Filled,1398.78,"buy" 
2012-01-03T15:00:00Z,KLAC,47.46,22,Market On Close,Filled,1044.12,"buy" 
2012-01-03T15:00:00Z,OXM,43.37,18,Market On Close,Filled,780.66,"buy" 
2012-01-03T15:00:00Z,SMP,21,33,Market On Close,Filled,693,"buy" 
2012-01-03T15:00:00Z,TDY,55.82,18,Market On Close,Filled,1004.76,"buy" 
2012-02-01T15:00:00Z,ATO,32.62,-45,Market On Close,Filled,-1467.9,"band" 
2012-02-01T15:00:00Z,CROX,19.79,-28,Market On Close,Filled,-554.12,"band" 
2012-02-01T15:00:00Z,CRUS,20.68,-40,Market On Close,Filled,-827.2,"band" 
2012-02-01T15:00:00Z,CVI,25.58,-10,Market On Close,Filled,-255.8,"adjust" 
2012-02-01T15:00:00Z,DECK,83.6,-10,Market On Close,Filled,-836,"band" 
2012-02-01T15:00:00Z,RGR,39.91,-7,Market On Close,Filled,-279.37,"adjust" 
2012-02-01T15:00:00Z,WLK,59.94,-7,Market On Close,Filled,-419.58,"adjust" 
2012-02-01T15:00:00Z,BBSI,20.31,47,Market On Close,Filled,954.57,"buy" 
2012-02-01T15:00:00Z,LLY,39.8,50,Market On Close,Filled,1990,"buy" 
2012-02-01T15:00:00Z,MSM,77.24,17,Market On Close,Filled,1313.08,"buy" 
2012-02-01T15:00:00Z,NR,8.17,83,Market On Close,Filled,678.11,"buy" 
2012-02-01T15:00:00Z,RES,15.34,14,Market On Close,Filled,214.76,"adjust" 
2012-03-01T15:00:00Z,BRKS,11.95,-19,Market On Close,Filled,-227.05,"adjust" 
2012-03-01T15:00:00Z,CECO,8.63,-47,Market On Close,Filled,-405.61,"band" 
2012-03-01T15:00:00Z,CNC,49.04,-5,Market On Close,Filled,-245.2,"adjust" 
2012-03-01T15:00:00Z,DDS,60.43,-5,Market On Close,Filled,-302.15,"adjust" 
2012-03-01T15:00:00Z,DSW,56.56,-4,Market On Close,Filled,-226.24,"adjust" 
2012-03-01T15:00:00Z,HOC,33.6,-8,Market On Close,Filled,-268.8,"adjust" 
2012-03-01T15:00:00Z,LXU,41.25,-6,Market On Close,Filled,-247.5,"adjust" 
2012-03-01T15:00:00Z,ED,58.29,6,Market On Close,Filled,349.74,"adjust" 
2012-03-01T15:00:00Z,ICFI,24.88,34,Market On Close,Filled,845.92,"buy" 
2012-03-01T15:00:00Z,OTL,31.16,7,Market On Close,Filled,218.12,"adjust" 
2012-03-01T15:00:00Z,USMO,13.71,16,Market On Close,Filled,219.36,"adjust" 
2012-04-02T14:00:00Z,B,26.96,-41,Market On Close,Filled,-1105.36,"universe" 
2012-04-02T14:00:00Z,LINC,7.91,-102,Market On Close,Filled,-806.82,"band" 
2012-04-02T14:00:00Z,MXIM,28.38,-7,Market On Close,Filled,-198.66,"adjust" 
2012-04-02T14:00:00Z,RES,10.41,-64,Market On Close,Filled,-666.24,"band" 
2012-04-02T14:00:00Z,RGR,51.1,-5,Market On Close,Filled,-255.5,"adjust" 
2012-04-02T14:00:00Z,SCVL,32.56,-14,Market On Close,Filled,-455.84,"adjust" 
2012-04-02T14:00:00Z,UNH,59.12,-4,Market On Close,Filled,-236.48,"adjust" 
2012-04-02T14:00:00Z,FL,31.13,-8,Market On Close,Filled,-249.04,"adjust" 
2012-04-02T14:00:00Z,CVX,108.3,2,Market On Close,Filled,216.6,"adjust" 
2012-04-02T14:00:00Z,CMTL,33.85,44,Market On Close,Filled,1489.4,"buy" 
2012-04-02T14:00:00Z,DISCA,50.99,27,Market On Close,Filled,1376.73,"buy" 
2012-04-02T14:00:00Z,DISH,33.58,31,Market On Close,Filled,1040.98,"buy" 
2012-04-02T14:00:00Z,UACL,15.78,14,Market On Close,Filled,220.92,"adjust" 
2012-05-01T14:00:00Z,DLTR,102.05,-2,Market On Close,Filled,-204.1,"adjust" 
2012-05-01T14:00:00Z,NEU,219.91,-1,Market On Close,Filled,-219.91,"adjust" 
2012-05-01T14:00:00Z,LLY,41.24,-50,Market On Close,Filled,-2062,"expired" 
2012-05-01T14:00:00Z,MXIM,29,-7,Market On Close,Filled,-203,"adjust" 
2012-05-01T14:00:00Z,MYGN,25.97,-14,Market On Close,Filled,-363.58,"adjust" 
2012-05-01T14:00:00Z,NR,6.31,-83,Market On Close,Filled,-523.73,"expired" 
2012-05-01T14:00:00Z,OIS,79.75,-10,Market On Close,Filled,-797.5,"band" 
2012-05-01T14:00:00Z,OTL,29.94,-29,Market On Close,Filled,-868.26,"band" 
2012-05-01T14:00:00Z,RBIN,48.6,-17,Market On Close,Filled,-826.2,"expired" 
2012-05-01T14:00:00Z,USMO,12.75,-81,Market On Close,Filled,-1032.75,"expired" 
2012-05-01T14:00:00Z,USNA,37.78,-6,Market On Close,Filled,-226.68,"adjust" 
2012-05-01T14:00:00Z,AAPL,582.13,1,Market On Close,Filled,582.13,"buy" 
2012-05-01T14:00:00Z,EGY,9.38,63,Market On Close,Filled,590.94,"buy" 
2012-05-01T14:00:00Z,LG,39.58,6,Market On Close,Filled,237.48,"adjust" 
2012-05-01T14:00:00Z,RSC,27.16,36,Market On Close,Filled,977.76,"buy" 
2012-05-01T14:00:00Z,SCHL,29.47,30,Market On Close,Filled,884.1,"buy" 
2012-05-01T14:00:00Z,STMP,28.88,21,Market On Close,Filled,606.48,"buy" 
2012-05-01T14:00:00Z,SYNA,30.99,33,Market On Close,Filled,1022.67,"buy" 
2012-06-01T14:00:00Z,DAR,14.07,-56,Market On Close,Filled,-787.92,"band" 
2012-06-01T14:00:00Z,DISCA,48.64,-4,Market On Close,Filled,-194.56,"adjust" 
2012-06-01T14:00:00Z,DLTR,99.94,-4,Market On Close,Filled,-399.76,"adjust" 
2012-06-01T14:00:00Z,DSW,57.26,-16,Market On Close,Filled,-916.16,"expired" 
2012-06-01T14:00:00Z,LSCC,4.29,-119,Market On Close,Filled,-510.51,"universe" 
2012-06-01T14:00:00Z,MRO,23.89,-33,Market On Close,Filled,-788.37,"band" 
2012-06-01T14:00:00Z,RSC,17.76,-36,Market On Close,Filled,-639.36,"expired" 
2012-06-01T14:00:00Z,AEE,32.04,58,Market On Close,Filled,1858.32,"buy" 
2012-06-01T14:00:00Z,ALG,29.65,30,Market On Close,Filled,889.5,"buy" 
2012-06-01T14:00:00Z,BRKS,9.1,25,Market On Close,Filled,227.5,"adjust" 
2012-06-01T14:00:00Z,ICUI,50.66,27,Market On Close,Filled,1367.82,"buy" 
2012-06-01T14:00:00Z,NUS,41.44,15,Market On Close,Filled,621.6,"buy" 
2012-06-01T14:00:00Z,PETS,11.17,62,Market On Close,Filled,692.54,"buy" 
2012-07-02T14:00:00Z,CF,193.44,-2,Market On Close,Filled,-386.88,"adjust" 
2012-07-02T14:00:00Z,LXU,30.85,-15,Market On Close,Filled,-462.75,"band" 
2012-07-02T14:00:00Z,MOV,25.34,25,Market On Close,Filled,633.5,"buy" 
2012-08-01T14:00:00Z,BBSI,25.71,-17,Market On Close,Filled,-437.07,"adjust" 
2012-08-01T14:00:00Z,CNC,37.48,-21,Market On Close,Filled,-787.08,"band" 
2012-08-01T14:00:00Z,KLIC,10.87,-19,Market On Close,Filled,-206.53,"adjust" 
2012-08-01T14:00:00Z,MGLN,47.51,-10,Market On Close,Filled,-475.1,"adjust" 
2012-08-01T14:00:00Z,OXM,42.21,-18,Market On Close,Filled,-759.78,"band" 
2012-08-01T14:00:00Z,PETS,9.6,-62,Market On Close,Filled,-595.2,"expired" 
2012-08-01T14:00:00Z,SHOO,39.41,-26,Market On Close,Filled,-1024.66,"band" 
2012-08-01T14:00:00Z,GCI,14.16,67,Market On Close,Filled,948.72,"buy" 
2012-08-01T14:00:00Z,HHS,6.17,114,Market On Close,Filled,703.38,"buy" 
2012-08-01T14:00:00Z,NC,100.02,7,Market On Close,Filled,700.14,"buy" 
2012-08-01T14:00:00Z,RCII,35.15,30,Market On Close,Filled,1054.5,"buy" 
2012-08-01T14:00:00Z,UFS,72.89,3,Market On Close,Filled,218.67,"adjust" 
2012-09-04T14:00:00Z,AIT,41.55,-6,Market On Close,Filled,-249.3,"adjust" 
2012-09-04T14:00:00Z,HHS,7.2,-114,Market On Close,Filled,-820.8,"band" 
2012-09-04T14:00:00Z,MLR,15.51,-53,Market On Close,Filled,-822.03,"band" 
2012-09-04T14:00:00Z,MOV,36.36,-11,Market On Close,Filled,-399.96,"adjust" 
2012-09-04T14:00:00Z,SYNA,30.13,-7,Market On Close,Filled,-210.91,"adjust" 
2012-09-04T14:00:00Z,AEE,32.72,11,Market On Close,Filled,359.92,"adjust" 
2012-09-04T14:00:00Z,CF,204.75,1,Market On Close,Filled,204.75,"adjust" 
2012-09-04T14:00:00Z,ED,60.88,5,Market On Close,Filled,304.4,"adjust" 
2012-09-04T14:00:00Z,LG,42.6,7,Market On Close,Filled,298.2,"adjust" 
2012-09-04T14:00:00Z,NHC,44.88,19,Market On Close,Filled,852.72,"buy" 
2012-09-04T14:00:00Z,VLGEA,33.76,28,Market On Close,Filled,945.28,"buy" 
2012-10-01T14:00:00Z,BRKS,7.81,-91,Market On Close,Filled,-710.71,"band" 
2012-10-01T14:00:00Z,CMTL,27.74,-44,Market On Close,Filled,-1220.56,"band" 
2012-10-01T14:00:00Z,ED,59.48,-49,Market On Close,Filled,-2914.52,"band" 
2012-10-01T14:00:00Z,GME,21.24,-10,Market On Close,Filled,-212.4,"adjust" 
2012-10-01T14:00:00Z,SCHL,32.07,-30,Market On Close,Filled,-962.1,"expired" 
2012-10-01T14:00:00Z,STMP,23.26,-21,Market On Close,Filled,-488.46,"band" 
2012-10-01T14:00:00Z,DK,25.98,27,Market On Close,Filled,701.46,"buy" 
2012-10-01T14:00:00Z,ENS,35.5,25,Market On Close,Filled,887.5,"buy" 
2012-10-01T14:00:00Z,ENTG,8.35,26,Market On Close,Filled,217.1,"adjust" 
2012-10-01T14:00:00Z,NEU,241.42,1,Market On Close,Filled,241.42,"adjust" 
2012-10-01T14:00:00Z,FTK,12.9,47,Market On Close,Filled,606.3,"buy" 
2012-10-01T14:00:00Z,ICFI,20.25,16,Market On Close,Filled,324,"adjust" 
2012-10-01T14:00:00Z,MKSI,25.13,8,Market On Close,Filled,201.04,"adjust" 
2012-10-01T14:00:00Z,PLPC,56.41,4,Market On Close,Filled,225.64,"adjust" 
2012-10-01T14:00:00Z,RCII,34.19,6,Market On Close,Filled,205.14,"adjust" 
2012-10-01T14:00:00Z,SYNA,22.87,9,Market On Close,Filled,205.83,"adjust" 
2012-10-01T14:00:00Z,TDY,64,5,Market On Close,Filled,320,"adjust" 
2012-10-01T14:00:00Z,WCC,57.72,16,Market On Close,Filled,923.52,"buy" 
2012-10-01T14:00:00Z,WDC,38.12,17,Market On Close,Filled,648.04,"buy" 
2012-11-01T14:00:00Z,AIT,40.94,-26,Market On Close,Filled,-1064.44,"expired" 
2012-11-01T14:00:00Z,NEU,277.43,-2,Market On Close,Filled,-554.86,"adjust" 
2012-11-01T14:00:00Z,MSM,73.6,-3,Market On Close,Filled,-220.8,"adjust" 
2012-11-01T14:00:00Z,MYGN,26.86,-45,Market On Close,Filled,-1208.7,"expired" 
2012-11-01T14:00:00Z,NUS,48.94,-15,Market On Close,Filled,-734.1,"band" 
2012-11-01T14:00:00Z,PLPC,54.1,-16,Market On Close,Filled,-865.6,"band" 
2012-11-01T14:00:00Z,SXI,50.79,-24,Market On Close,Filled,-1218.96,"expired" 
2012-11-01T14:00:00Z,SYNA,23.65,-35,Market On Close,Filled,-827.75,"band" 
2012-11-01T14:00:00Z,TDY,65.19,-4,Market On Close,Filled,-260.76,"adjust" 
2012-11-01T14:00:00Z,WCC,65.36,-5,Market On Close,Filled,-326.8,"adjust" 
2012-11-01T14:00:00Z,AEOS,21.29,43,Market On Close,Filled,915.47,"buy" 
2012-11-01T14:00:00Z,CALM,43.74,30,Market On Close,Filled,1312.2,"buy" 
2012-11-01T14:00:00Z,CHS,19.45,54,Market On Close,Filled,1050.3,"buy" 
2012-11-01T14:00:00Z,EGHT,6.52,100,Market On Close,Filled,652,"buy" 
2012-11-01T14:00:00Z,LG,41.46,6,Market On Close,Filled,248.76,"adjust" 
2012-11-01T14:00:00Z,MGEE,52.12,37,Market On Close,Filled,1928.44,"buy" 
2012-11-01T14:00:00Z,NC,52,7,Market On Close,Filled,364,"adjust" 
2012-11-01T14:00:00Z,AWR,44.24,37,Market On Close,Filled,1636.88,"buy" 
2012-12-03T15:00:00Z,AEE,29.58,-69,Market On Close,Filled,-2041.02,"band" 
2012-12-03T15:00:00Z,CVI,45.83,-7,Market On Close,Filled,-320.81,"adjust" 
2012-12-03T15:00:00Z,DLTR,41.34,-28,Market On Close,Filled,-1157.52,"band" 
2012-12-03T15:00:00Z,GME,25.83,-8,Market On Close,Filled,-206.64,"adjust" 
2012-12-03T15:00:00Z,MKSI,24.02,-45,Market On Close,Filled,-1080.9,"band" 
2012-12-03T15:00:00Z,SPPI,11.74,-52,Market On Close,Filled,-610.48,"band" 
2012-12-03T15:00:00Z,CVX,104.72,2,Market On Close,Filled,209.44,"adjust" 
2012-12-03T15:00:00Z,NEU,264.78,1,Market On Close,Filled,264.78,"adjust" 
2012-12-03T15:00:00Z,GIII,37.56,20,Market On Close,Filled,751.2,"buy" 
2012-12-03T15:00:00Z,INTC,19.55,13,Market On Close,Filled,254.15,"adjust" 
2012-12-03T15:00:00Z,LHCG,19.48,53,Market On Close,Filled,1032.44,"buy" 
2012-12-03T15:00:00Z,MGLN,52.34,4,Market On Close,Filled,209.36,"adjust" 
2012-12-03T15:00:00Z,MSM,71.37,3,Market On Close,Filled,214.11,"adjust" 
2012-12-03T15:00:00Z,NHC,44.74,7,Market On Close,Filled,313.18,"adjust" 
2012-12-03T15:00:00Z,PETS,11.55,74,Market On Close,Filled,854.7,"buy" 
2012-12-03T15:00:00Z,SAIA,21.04,39,Market On Close,Filled,820.56,"buy" 
2012-12-03T15:00:00Z,UNH,53.89,4,Market On Close,Filled,215.56,"adjust" 
2012-12-03T15:00:00Z,WDC,33.43,6,Market On Close,Filled,200.58,"adjust" 
2013-01-02T15:00:00Z,CPK,46.78,-5,Market On Close,Filled,-233.9,"adjust" 
2013-01-02T15:00:00Z,DISH,37.01,-31,Market On Close,Filled,-1147.31,"band" 
2013-01-02T15:00:00Z,GCO,56.03,-15,Market On Close,Filled,-840.45,"band" 
2013-01-02T15:00:00Z,GME,25.66,-34,Market On Close,Filled,-872.44,"band" 
2013-01-02T15:00:00Z,INTC,21.38,-70,Market On Close,Filled,-1496.6,"band" 
2013-01-02T15:00:00Z,MSM,77,-17,Market On Close,Filled,-1309,"expired" 
2013-01-02T15:00:00Z,TDY,66.66,-19,Market On Close,Filled,-1266.54,"band" 
2013-01-02T15:00:00Z,UACL,18.43,-48,Market On Close,Filled,-884.64,"band" 
2013-01-02T15:00:00Z,UNH,54.54,-27,Market On Close,Filled,-1472.58,"band" 
2013-01-02T15:00:00Z,WDC,43.44,-5,Market On Close,Filled,-217.2,"adjust" 
2013-01-02T15:00:00Z,CF,207.24,1,Market On Close,Filled,207.24,"adjust" 
2013-01-02T15:00:00Z,CTB,26.22,31,Market On Close,Filled,812.82,"buy" 
2013-01-02T15:00:00Z,GPS,31.37,32,Market On Close,Filled,1003.84,"buy" 
2013-01-02T15:00:00Z,HVT,16.68,54,Market On Close,Filled,900.72,"buy" 
2013-01-02T15:00:00Z,IPAR,19.89,55,Market On Close,Filled,1093.95,"buy" 
2013-01-02T15:00:00Z,MED,26.29,25,Market On Close,Filled,657.25,"buy" 
2013-01-02T15:00:00Z,MYGN,27.68,37,Market On Close,Filled,1024.16,"buy" 
2013-01-02T15:00:00Z,PNM,21.09,97,Market On Close,Filled,2045.73,"buy" 
2013-01-02T15:00:00Z,SCVL,20.43,10,Market On Close,Filled,204.3,"adjust" 
2013-01-02T15:00:00Z,UGI,33.3,63,Market On Close,Filled,2097.9,"buy" 
2013-02-01T15:00:00Z,CVI,53.58,-5,Market On Close,Filled,-267.9,"adjust" 
2013-02-01T15:00:00Z,HOC,52.77,-4,Market On Close,Filled,-211.08,"adjust" 
2013-02-01T15:00:00Z,KLIC,11.65,-60,Market On Close,Filled,-699,"expired" 
2013-02-01T15:00:00Z,LG,40.13,-61,Market On Close,Filled,-2447.93,"expired" 
2013-02-01T15:00:00Z,ALG,34.4,8,Market On Close,Filled,275.2,"adjust" 
2013-02-01T15:00:00Z,BKE,47.03,5,Market On Close,Filled,235.15,"adjust" 
2013-02-01T15:00:00Z,CRUS,28.48,18,Market On Close,Filled,512.64,"buy" 
2013-02-01T15:00:00Z,DDS,85.41,3,Market On Close,Filled,256.23,"adjust" 
2013-02-01T15:00:00Z,ENS,41.51,5,Market On Close,Filled,207.55,"adjust" 
2013-02-01T15:00:00Z,NEU,258.61,1,Market On Close,Filled,258.61,"adjust" 
2013-02-01T15:00:00Z,RCII,36.22,6,Market On Close,Filled,217.32,"adjust" 
2013-02-01T15:00:00Z,RES,15.2,68,Market On Close,Filled,1033.6,"buy" 
2013-02-01T15:00:00Z,WCC,72.9,3,Market On Close,Filled,218.7,"adjust" 
2013-03-01T15:00:00Z,AAPL,430.51,-1,Market On Close,Filled,-430.51,"band" 
2013-03-01T15:00:00Z,DK,38.76,-6,Market On Close,Filled,-232.56,"adjust" 
2013-03-01T15:00:00Z,IPAR,25.54,-13,Market On Close,Filled,-332.02,"adjust" 
2013-03-01T15:00:00Z,PNM,22.67,-9,Market On Close,Filled,-204.03,"adjust" 
2013-03-01T15:00:00Z,SAIA,31.53,-9,Market On Close,Filled,-283.77,"adjust" 
2013-03-01T15:00:00Z,UFS,74.65,-15,Market On Close,Filled,-1119.75,"band" 
2013-03-01T15:00:00Z,USNA,43.74,-5,Market On Close,Filled,-218.7,"adjust" 
2013-03-01T15:00:00Z,CF,201.5,1,Market On Close,Filled,201.5,"adjust" 
2013-03-01T15:00:00Z,CHS,16.96,19,Market On Close,Filled,322.24,"adjust" 
2013-03-01T15:00:00Z,CVX,116.9,2,Market On Close,Filled,233.8,"adjust" 
2013-03-01T15:00:00Z,EGY,8.06,28,Market On Close,Filled,225.68,"adjust" 
2013-03-01T15:00:00Z,LNDC,11.16,75,Market On Close,Filled,837,"buy" 
2013-03-01T15:00:00Z,MGLN,52.66,4,Market On Close,Filled,210.64,"adjust" 
2013-03-01T15:00:00Z,MOV,36.4,6,Market On Close,Filled,218.4,"adjust" 
2013-03-01T15:00:00Z,MYGN,25.46,8,Market On Close,Filled,203.68,"adjust" 
2013-03-01T15:00:00Z,SCVL,19.49,12,Market On Close,Filled,233.88,"adjust" 
2013-03-01T15:00:00Z,KAI,24.87,35,Market On Close,Filled,870.45,"buy" 
2013-03-01T15:00:00Z,FL,34.55,6,Market On Close,Filled,207.3,"adjust" 
2013-04-01T14:00:00Z,BBSI,51.53,-8,Market On Close,Filled,-412.24,"adjust" 
2013-04-01T14:00:00Z,DISCA,77.98,-3,Market On Close,Filled,-233.94,"adjust" 
2013-04-01T14:00:00Z,EGY,7.38,-91,Market On Close,Filled,-671.58,"band" 
2013-04-01T14:00:00Z,GCI,21.21,-10,Market On Close,Filled,-212.1,"adjust" 
2013-04-01T14:00:00Z,LNDC,13.82,-19,Market On Close,Filled,-262.58,"adjust" 
2013-04-01T14:00:00Z,AWR,55.94,-4,Market On Close,Filled,-223.76,"adjust" 
2013-04-01T14:00:00Z,CRUS,22.05,9,Market On Close,Filled,198.45,"adjust" 
2013-04-01T14:00:00Z,KWR,58.96,19,Market On Close,Filled,1120.24,"buy" 
2013-04-01T14:00:00Z,MED,22.23,9,Market On Close,Filled,200.07,"adjust" 
2013-04-01T14:00:00Z,NC,52.97,5,Market On Close,Filled,264.85,"adjust" 
2013-04-01T14:00:00Z,RCII,36.16,6,Market On Close,Filled,216.96,"adjust" 
2013-05-01T14:00:00Z,CRUS,18.89,-27,Market On Close,Filled,-510.03,"band" 
2013-05-01T14:00:00Z,GCI,19.94,-57,Market On Close,Filled,-1136.58,"expired" 
2013-05-01T14:00:00Z,HVT,23.21,-11,Market On Close,Filled,-255.31,"adjust" 
2013-05-01T14:00:00Z,MGLN,50.09,-25,Market On Close,Filled,-1252.25,"expired" 
2013-05-01T14:00:00Z,NHC,45.03,-26,Market On Close,Filled,-1170.78,"expired" 
2013-05-01T14:00:00Z,RGR,49.62,-14,Market On Close,Filled,-694.68,"band" 
2013-05-01T14:00:00Z,SAIA,40.18,-7,Market On Close,Filled,-281.26,"adjust" 
2013-05-01T14:00:00Z,UGI,40.48,-5,Market On Close,Filled,-202.4,"adjust" 
2013-05-01T14:00:00Z,WCC,68.02,-14,Market On Close,Filled,-952.28,"band" 
2013-05-01T14:00:00Z,CALM,41.55,7,Market On Close,Filled,290.85,"adjust" 
2013-05-01T14:00:00Z,CTB,24.06,9,Market On Close,Filled,216.54,"adjust" 
2013-05-01T14:00:00Z,GIII,39.56,5,Market On Close,Filled,197.8,"adjust" 
2013-05-01T14:00:00Z,ICUI,59.4,5,Market On Close,Filled,297,"adjust" 
2013-05-01T14:00:00Z,IDCC,43.45,21,Market On Close,Filled,912.45,"buy" 
2013-05-01T14:00:00Z,IDT,13.86,75,Market On Close,Filled,1039.5,"buy" 
2013-05-01T14:00:00Z,OTL,41.85,30,Market On Close,Filled,1255.5,"buy" 
2013-05-01T14:00:00Z,POWL,47.07,20,Market On Close,Filled,941.4,"buy" 
2013-05-01T14:00:00Z,RS,63.31,18,Market On Close,Filled,1139.58,"buy" 
2013-05-01T14:00:00Z,SIX,72.2,18,Market On Close,Filled,1299.6,"buy" 
2013-06-03T14:00:00Z,BBSI,58.43,-4,Market On Close,Filled,-233.72,"adjust" 
2013-06-03T14:00:00Z,CHS,17.86,-73,Market On Close,Filled,-1303.78,"expired" 
2013-06-03T14:00:00Z,DDS,91.44,-16,Market On Close,Filled,-1463.04,"expired" 
2013-06-03T14:00:00Z,ICUI,71.28,-14,Market On Close,Filled,-997.92,"adjust" 
2013-06-03T14:00:00Z,IDT,17.52,-17,Market On Close,Filled,-297.84,"adjust" 
2013-06-03T14:00:00Z,MOV,36,-20,Market On Close,Filled,-720,"band" 
2013-06-03T14:00:00Z,MYGN,31.82,-11,Market On Close,Filled,-350.02,"adjust" 
2013-06-03T14:00:00Z,SCVL,24.64,-54,Market On Close,Filled,-1330.56,"band" 
2013-06-03T14:00:00Z,USNA,67.3,-4,Market On Close,Filled,-269.2,"adjust" 
2013-06-03T14:00:00Z,USPH,28.9,-41,Market On Close,Filled,-1184.9,"band" 
2013-06-03T14:00:00Z,AEOS,19.66,18,Market On Close,Filled,353.88,"adjust" 
2013-06-03T14:00:00Z,APU,46.41,38,Market On Close,Filled,1763.58,"buy" 
2013-06-03T14:00:00Z,BGFV,20.25,37,Market On Close,Filled,749.25,"buy" 
2013-06-03T14:00:00Z,CVX,124.09,2,Market On Close,Filled,248.18,"adjust" 
2013-06-03T14:00:00Z,DISCA,79.01,3,Market On Close,Filled,237.03,"adjust" 
2013-06-03T14:00:00Z,NEU,276.39,1,Market On Close,Filled,276.39,"adjust" 
2013-06-03T14:00:00Z,GCI,20.8,58,Market On Close,Filled,1206.4,"buy" 
2013-06-03T14:00:00Z,PETS,13.61,15,Market On Close,Filled,204.15,"adjust" 
2013-06-03T14:00:00Z,SPH,46.38,38,Market On Close,Filled,1762.44,"buy" 
2013-06-03T14:00:00Z,VLGEA,38.1,6,Market On Close,Filled,228.6,"adjust" 
2013-06-03T14:00:00Z,VLO,40.25,24,Market On Close,Filled,966,"buy" 
2013-07-01T14:00:00Z,CTB,33.27,-26,Market On Close,Filled,-865.02,"adjust" 
2013-07-01T14:00:00Z,GCI,25.21,-35,Market On Close,Filled,-882.35,"adjust" 
2013-07-01T14:00:00Z,GIII,48.42,-8,Market On Close,Filled,-387.36,"adjust" 
2013-07-01T14:00:00Z,CF,170.28,2,Market On Close,Filled,340.56,"adjust" 
2013-07-01T14:00:00Z,DK,28.04,10,Market On Close,Filled,280.4,"adjust" 
2013-07-01T14:00:00Z,ENTG,9.44,23,Market On Close,Filled,217.12,"adjust" 
2013-07-01T14:00:00Z,HOC,40.74,8,Market On Close,Filled,325.92,"adjust" 
2013-07-01T14:00:00Z,IDCC,39.26,5,Market On Close,Filled,196.3,"adjust" 
2013-07-01T14:00:00Z,LNDC,13.84,22,Market On Close,Filled,304.48,"adjust" 
2013-07-01T14:00:00Z,MXIM,27.64,8,Market On Close,Filled,221.12,"adjust" 
2013-07-01T14:00:00Z,OTL,40.75,6,Market On Close,Filled,244.5,"adjust" 
2013-07-01T14:00:00Z,SIX,36.85,8,Market On Close,Filled,294.8,"adjust" 
2013-08-01T14:00:00Z,AEOS,19.92,-61,Market On Close,Filled,-1215.12,"band" 
2013-08-01T14:00:00Z,BBSI,72.22,-4,Market On Close,Filled,-288.88,"adjust" 
2013-08-01T14:00:00Z,CF,195.98,-2,Market On Close,Filled,-391.96,"adjust" 
2013-08-01T14:00:00Z,MED,27.27,-34,Market On Close,Filled,-927.18,"band" 
2013-08-01T14:00:00Z,PETS,16.93,-29,Market On Close,Filled,-490.97,"adjust" 
2013-08-01T14:00:00Z,PNM,23.76,-88,Market On Close,Filled,-2090.88,"band" 
2013-08-01T14:00:00Z,RCII,40.5,-48,Market On Close,Filled,-1944,"band" 
2013-08-01T14:00:00Z,AWR,64.81,-4,Market On Close,Filled,-259.24,"adjust" 
2013-08-01T14:00:00Z,VLGEA,37.25,-34,Market On Close,Filled,-1266.5,"band" 
2013-08-01T14:00:00Z,BKE,56.98,4,Market On Close,Filled,227.92,"adjust" 
2013-08-01T14:00:00Z,CVX,126.39,2,Market On Close,Filled,252.78,"adjust" 
2013-08-01T14:00:00Z,DV,30.63,31,Market On Close,Filled,949.53,"buy" 
2013-08-01T14:00:00Z,ENTG,9.55,21,Market On Close,Filled,200.55,"adjust" 
2013-08-01T14:00:00Z,NEU,281.01,1,Market On Close,Filled,281.01,"adjust" 
2013-08-01T14:00:00Z,FSLR,48.15,10,Market On Close,Filled,481.5,"buy" 
2013-08-01T14:00:00Z,FTK,20.29,14,Market On Close,Filled,284.06,"adjust" 
2013-08-01T14:00:00Z,HNRG,7.8,159,Market On Close,Filled,1240.2,"buy" 
2013-08-01T14:00:00Z,KLAC,60.12,4,Market On Close,Filled,240.48,"adjust" 
2013-08-01T14:00:00Z,KWR,67.05,4,Market On Close,Filled,268.2,"adjust" 
2013-08-01T14:00:00Z,MPC,75.09,16,Market On Close,Filled,1201.44,"buy" 
2013-08-01T14:00:00Z,OSK,46.56,22,Market On Close,Filled,1024.32,"buy" 
2013-08-01T14:00:00Z,POWL,51.03,7,Market On Close,Filled,357.21,"adjust" 
2013-08-01T14:00:00Z,RES,14.64,15,Market On Close,Filled,219.6,"adjust" 
2013-08-01T14:00:00Z,RS,70.74,5,Market On Close,Filled,353.7,"adjust" 
2013-08-01T14:00:00Z,TER,16.89,21,Market On Close,Filled,354.69,"adjust" 
2013-08-01T14:00:00Z,VLO,36.06,8,Market On Close,Filled,288.48,"adjust" 
2013-08-01T14:00:00Z,FL,37.26,8,Market On Close,Filled,298.08,"adjust" 
2013-09-03T14:00:00Z,ALG,45.72,-10,Market On Close,Filled,-457.2,"adjust" 
2013-09-03T14:00:00Z,CALM,45.83,-37,Market On Close,Filled,-1695.71,"band" 
2013-09-03T14:00:00Z,ENTG,9.42,-166,Market On Close,Filled,-1563.72,"band" 
2013-09-03T14:00:00Z,HNRG,7.4,-159,Market On Close,Filled,-1176.6,"universe" 
2013-09-03T14:00:00Z,KLAC,55.38,-26,Market On Close,Filled,-1439.88,"band" 
2013-09-03T14:00:00Z,LHCG,22.63,-12,Market On Close,Filled,-271.56,"adjust" 
2013-09-03T14:00:00Z,TER,15.44,-83,Market On Close,Filled,-1281.52,"band" 
2013-09-03T14:00:00Z,BKH,47.18,39,Market On Close,Filled,1840.02,"buy" 
2013-09-03T14:00:00Z,FF,16.72,82,Market On Close,Filled,1371.04,"buy" 
2013-09-03T14:00:00Z,GPS,40.72,8,Market On Close,Filled,325.76,"adjust" 
2013-09-03T14:00:00Z,PLUS,54.35,21,Market On Close,Filled,1141.35,"buy" 
2013-09-03T14:00:00Z,OTL,41.2,6,Market On Close,Filled,247.2,"adjust" 
2013-09-03T14:00:00Z,SMP,30.84,7,Market On Close,Filled,215.88,"adjust" 
2013-09-03T14:00:00Z,UACL,25.5,34,Market On Close,Filled,867,"buy" 
2013-09-03T14:00:00Z,USMO,13.92,93,Market On Close,Filled,1294.56,"buy" 
2013-10-01T14:00:00Z,ENS,61.49,-4,Market On Close,Filled,-245.96,"adjust" 
2013-10-01T14:00:00Z,IDCC,37.7,-26,Market On Close,Filled,-980.2,"band" 
2013-10-01T14:00:00Z,MGEE,54.74,-37,Market On Close,Filled,-2025.38,"band" 
2013-10-01T14:00:00Z,OTL,46.71,-5,Market On Close,Filled,-233.55,"adjust" 
2013-10-01T14:00:00Z,POWL,62.79,-5,Market On Close,Filled,-313.95,"adjust" 
2013-10-01T14:00:00Z,SIX,33.92,-44,Market On Close,Filled,-1492.48,"band" 
2013-10-01T14:00:00Z,BGFV,16.18,16,Market On Close,Filled,258.88,"adjust" 
2013-10-01T14:00:00Z,CVX,121.32,2,Market On Close,Filled,242.64,"adjust" 
2013-10-01T14:00:00Z,CTB,31.13,8,Market On Close,Filled,249.04,"adjust" 
2013-10-01T14:00:00Z,CVI,38.81,9,Market On Close,Filled,349.29,"adjust" 
2013-10-01T14:00:00Z,DK,21.25,17,Market On Close,Filled,361.25,"adjust" 
2013-10-01T14:00:00Z,GPS,40.4,5,Market On Close,Filled,202,"adjust" 
2013-10-01T14:00:00Z,ICUI,68.74,4,Market On Close,Filled,274.96,"adjust" 
2013-10-01T14:00:00Z,KIRK,18.7,53,Market On Close,Filled,991.1,"buy" 
2013-10-01T14:00:00Z,SPH,46.3,5,Market On Close,Filled,231.5,"adjust" 
2013-10-01T14:00:00Z,SWM,60.85,32,Market On Close,Filled,1947.2,"buy" 
2013-10-01T14:00:00Z,SYNA,45.92,25,Market On Close,Filled,1148,"buy" 
2013-10-01T14:00:00Z,KAI,33.51,6,Market On Close,Filled,201.06,"adjust" 
2013-11-01T14:00:00Z,BBSI,89.19,-6,Market On Close,Filled,-535.14,"adjust" 
2013-11-01T14:00:00Z,BGFV,19.19,-11,Market On Close,Filled,-211.09,"adjust" 
2013-11-01T14:00:00Z,DISCA,87.8,-3,Market On Close,Filled,-263.4,"adjust" 
2013-11-01T14:00:00Z,DK,25.26,-48,Market On Close,Filled,-1212.48,"band" 
2013-11-01T14:00:00Z,DV,34.91,-31,Market On Close,Filled,-1082.21,"expired" 
2013-11-01T14:00:00Z,EGHT,11.21,-100,Market On Close,Filled,-1121,"band" 
2013-11-01T14:00:00Z,ICUI,60.86,-22,Market On Close,Filled,-1338.92,"band" 
2013-11-01T14:00:00Z,IDT,22,-14,Market On Close,Filled,-308,"adjust" 
2013-11-01T14:00:00Z,IPAR,35.26,-11,Market On Close,Filled,-387.86,"adjust" 
2013-11-01T14:00:00Z,KWR,74.43,-3,Market On Close,Filled,-223.29,"adjust" 
2013-11-01T14:00:00Z,LNDC,11.7,-78,Market On Close,Filled,-912.6,"band" 
2013-11-01T14:00:00Z,SYNA,45.49,-25,Market On Close,Filled,-1137.25,"expired" 
2013-11-01T14:00:00Z,HES,80.93,21,Market On Close,Filled,1699.53,"buy" 
2013-11-01T14:00:00Z,APU,45.12,6,Market On Close,Filled,270.72,"adjust" 
2013-11-01T14:00:00Z,CVX,118.01,2,Market On Close,Filled,236.02,"adjust" 
2013-11-01T14:00:00Z,CPK,54.38,4,Market On Close,Filled,217.52,"adjust" 
2013-11-01T14:00:00Z,GCI,27.9,10,Market On Close,Filled,279,"adjust" 
2013-11-01T14:00:00Z,GTE,7.6,153,Market On Close,Filled,1162.8,"buy" 
2013-11-01T14:00:00Z,HHS,7.98,124,Market On Close,Filled,989.52,"buy" 
2013-11-01T14:00:00Z,LHCG,20.66,15,Market On Close,Filled,309.9,"adjust" 
2013-11-01T14:00:00Z,PPC,14.07,60,Market On Close,Filled,844.2,"buy" 
2013-11-01T14:00:00Z,UTHR,90.34,18,Market On Close,Filled,1626.12,"buy" 
2013-11-01T14:00:00Z,WNC,11.6,80,Market On Close,Filled,928,"buy" 
2013-12-02T15:00:00Z,ALG,57.13,-5,Market On Close,Filled,-285.65,"adjust" 
2013-12-02T15:00:00Z,CF,217.01,-6,Market On Close,Filled,-1302.06,"band" 
2013-12-02T15:00:00Z,CTB,24.39,-22,Market On Close,Filled,-536.58,"band" 
2013-12-02T15:00:00Z,FF,15.95,-12,Market On Close,Filled,-191.4,"adjust" 
2013-12-02T15:00:00Z,GPS,41.58,-45,Market On Close,Filled,-1871.1,"band" 
2013-12-02T15:00:00Z,KIRK,25.5,-18,Market On Close,Filled,-459,"adjust" 
2013-12-02T15:00:00Z,LZB,28.99,-11,Market On Close,Filled,-318.89,"adjust" 
2013-12-02T15:00:00Z,NC,63.46,-19,Market On Close,Filled,-1205.74,"band" 
2013-12-02T15:00:00Z,SWM,50.73,-8,Market On Close,Filled,-405.84,"adjust" 
2013-12-02T15:00:00Z,KAI,40.75,-6,Market On Close,Filled,-244.5,"adjust" 
2013-12-02T15:00:00Z,ABFS,33.63,19,Market On Close,Filled,638.97,"buy" 
2013-12-02T15:00:00Z,APU,42.37,7,Market On Close,Filled,296.59,"adjust" 
2013-12-02T15:00:00Z,BKH,50.07,4,Market On Close,Filled,200.28,"adjust" 
2013-12-02T15:00:00Z,DISCA,86.21,3,Market On Close,Filled,258.63,"adjust" 
2013-12-02T15:00:00Z,FSS,15.3,78,Market On Close,Filled,1193.4,"buy" 
2013-12-02T15:00:00Z,MTRX,21.82,54,Market On Close,Filled,1178.28,"buy" 
2013-12-02T15:00:00Z,MXIM,28.22,17,Market On Close,Filled,479.74,"adjust" 
2013-12-02T15:00:00Z,PETS,15.22,16,Market On Close,Filled,243.52,"adjust" 
2013-12-02T15:00:00Z,RS,73.34,4,Market On Close,Filled,293.36,"adjust" 
2013-12-02T15:00:00Z,AWR,27.71,7,Market On Close,Filled,193.97,"adjust" 
2013-12-02T15:00:00Z,SMP,34.4,6,Market On Close,Filled,206.4,"adjust" 
2013-12-02T15:00:00Z,SPH,45.07,10,Market On Close,Filled,450.7,"adjust" 
2013-12-02T15:00:00Z,SYNA,50.27,18,Market On Close,Filled,904.86,"buy" 
2013-12-02T15:00:00Z,UACL,28.4,7,Market On Close,Filled,198.8,"adjust" 
2013-12-02T15:00:00Z,USMO,14.42,14,Market On Close,Filled,201.88,"adjust" 
2014-01-02T15:00:00Z,ALG,57.02,-4,Market On Close,Filled,-228.08,"adjust" 
2014-01-02T15:00:00Z,CVI,43.68,-25,Market On Close,Filled,-1092,"band" 
2014-01-02T15:00:00Z,GIII,71.42,-5,Market On Close,Filled,-357.1,"adjust" 
2014-01-02T15:00:00Z,UTHR,110.9,-12,Market On Close,Filled,-1330.8,"adjust" 
2014-01-02T15:00:00Z,VLO,49.86,-5,Market On Close,Filled,-249.3,"adjust" 
2014-01-02T15:00:00Z,HES,81.12,3,Market On Close,Filled,243.36,"adjust" 
2014-01-02T15:00:00Z,BKE,52.16,6,Market On Close,Filled,312.96,"adjust" 
2014-01-02T15:00:00Z,FTK,20.06,15,Market On Close,Filled,300.9,"adjust" 
2014-01-02T15:00:00Z,GME,49.65,23,Market On Close,Filled,1141.95,"buy" 
2014-01-02T15:00:00Z,HHS,7.54,28,Market On Close,Filled,211.12,"adjust" 
2014-01-02T15:00:00Z,IDT,17.7,14,Market On Close,Filled,247.8,"adjust" 
2014-01-02T15:00:00Z,IPAR,34.57,6,Market On Close,Filled,207.42,"adjust" 
2014-01-02T15:00:00Z,KWR,76.87,3,Market On Close,Filled,230.61,"adjust" 
2014-01-02T15:00:00Z,OSK,49.48,5,Market On Close,Filled,247.4,"adjust" 
2014-02-03T15:00:00Z,APU,42.48,-51,Market On Close,Filled,-2166.48,"expired" 
2014-02-03T15:00:00Z,CVX,111.14,-2,Market On Close,Filled,-222.28,"adjust" 
2014-02-03T15:00:00Z,HHS,6.86,-152,Market On Close,Filled,-1042.72,"band" 
2014-02-03T15:00:00Z,MXIM,29.86,-70,Market On Close,Filled,-2090.2,"band" 
2014-02-03T15:00:00Z,OTL,41.8,-37,Market On Close,Filled,-1546.6,"band" 
2014-02-03T15:00:00Z,OSK,50.54,-4,Market On Close,Filled,-202.16,"adjust" 
2014-02-03T15:00:00Z,PETS,12.74,-76,Market On Close,Filled,-968.24,"universe" 
2014-02-03T15:00:00Z,UGI,42.04,-58,Market On Close,Filled,-2438.32,"expired" 
2014-02-03T15:00:00Z,WNC,13.38,-80,Market On Close,Filled,-1070.4,"band" 
2014-02-03T15:00:00Z,HES,73.92,4,Market On Close,Filled,295.68,"adjust" 
2014-02-03T15:00:00Z,ALG,47.68,4,Market On Close,Filled,190.72,"adjust" 
2014-02-03T15:00:00Z,BGFV,16.62,19,Market On Close,Filled,315.78,"adjust" 
2014-02-03T15:00:00Z,BKE,42.49,6,Market On Close,Filled,254.94,"adjust" 
2014-02-03T15:00:00Z,FF,15.46,14,Market On Close,Filled,216.44,"adjust" 
2014-02-03T15:00:00Z,FSLR,48.35,4,Market On Close,Filled,193.4,"adjust" 
2014-02-03T15:00:00Z,FSS,11.72,21,Market On Close,Filled,246.12,"adjust" 
2014-02-03T15:00:00Z,GCI,26.51,11,Market On Close,Filled,291.61,"adjust" 
2014-02-03T15:00:00Z,KIRK,17.58,18,Market On Close,Filled,316.44,"adjust" 
2014-02-03T15:00:00Z,NUS,82.78,7,Market On Close,Filled,579.46,"buy" 
2014-02-03T15:00:00Z,NWPX,33.12,40,Market On Close,Filled,1324.8,"buy" 
2014-02-03T15:00:00Z,OSTK,20.72,29,Market On Close,Filled,600.88,"buy" 
2014-02-03T15:00:00Z,PRFT,20.01,48,Market On Close,Filled,960.48,"buy" 
2014-02-03T15:00:00Z,SAFM,71.97,22,Market On Close,Filled,1583.34,"buy" 
2014-02-03T15:00:00Z,STMP,38.8,25,Market On Close,Filled,970,"buy" 
2014-02-03T15:00:00Z,SWM,45.13,7,Market On Close,Filled,315.91,"adjust" 
2014-02-03T15:00:00Z,TPL,100.6,19,Market On Close,Filled,1911.4,"buy" 
2014-03-03T15:00:00Z,DISCA,82.08,-23,Market On Close,Filled,-1887.84,"band" 
2014-03-03T15:00:00Z,ENS,69.81,-3,Market On Close,Filled,-209.43,"adjust" 
2014-03-03T15:00:00Z,NEU,368.05,-1,Market On Close,Filled,-368.05,"adjust" 
2014-03-03T15:00:00Z,FTK,25.62,-20,Market On Close,Filled,-512.4,"adjust" 
2014-03-03T15:00:00Z,HOC,44.88,-27,Market On Close,Filled,-1211.76,"band" 
2014-03-03T15:00:00Z,ICFI,40.23,-22,Market On Close,Filled,-885.06,"adjust" 
2014-03-03T15:00:00Z,KIRK,17.76,-53,Market On Close,Filled,-941.28,"universe" 
2014-03-03T15:00:00Z,PLUS,57.05,-21,Market On Close,Filled,-1198.05,"band" 
2014-03-03T15:00:00Z,MTRX,33.06,-31,Market On Close,Filled,-1024.86,"adjust" 
2014-03-03T15:00:00Z,MYGN,37.01,-12,Market On Close,Filled,-444.12,"adjust" 
2014-03-03T15:00:00Z,POWL,67.62,-22,Market On Close,Filled,-1487.64,"band" 
2014-03-03T15:00:00Z,AWR,30.02,-7,Market On Close,Filled,-210.14,"adjust" 
2014-03-03T15:00:00Z,SMP,34.64,-8,Market On Close,Filled,-277.12,"adjust" 
2014-03-03T15:00:00Z,TPL,137.91,-9,Market On Close,Filled,-1241.19,"adjust" 
2014-03-03T15:00:00Z,USMO,14.37,-107,Market On Close,Filled,-1537.59,"universe" 
2014-03-03T15:00:00Z,ARLP,86.38,29,Market On Close,Filled,2505.02,"buy" 
2014-03-03T15:00:00Z,BBSI,69.95,3,Market On Close,Filled,209.85,"adjust" 
2014-03-03T15:00:00Z,CPK,58.51,4,Market On Close,Filled,234.04,"adjust" 
2014-03-03T15:00:00Z,DAL,32.59,39,Market On Close,Filled,1271.01,"buy" 
2014-03-03T15:00:00Z,GIII,69.68,4,Market On Close,Filled,278.72,"adjust" 
2014-03-03T15:00:00Z,GTE,7.1,40,Market On Close,Filled,284,"adjust" 
2014-03-03T15:00:00Z,IDT,18.24,14,Market On Close,Filled,255.36,"adjust" 
2014-03-03T15:00:00Z,IPAR,32.8,10,Market On Close,Filled,328,"adjust" 
2014-03-03T15:00:00Z,LHCG,23.42,10,Market On Close,Filled,234.2,"adjust" 
2014-03-03T15:00:00Z,LZB,25.37,15,Market On Close,Filled,380.55,"adjust" 
2014-03-03T15:00:00Z,MDU,33.55,69,Market On Close,Filled,2314.95,"buy" 
2014-03-03T15:00:00Z,RGR,63.6,20,Market On Close,Filled,1272,"buy" 
2014-03-03T15:00:00Z,SPH,42.88,10,Market On Close,Filled,428.8,"adjust" 
2014-03-03T15:00:00Z,STMP,35.55,6,Market On Close,Filled,213.3,"adjust" 
2014-03-03T15:00:00Z,TTWO,20,62,Market On Close,Filled,1240,"buy" 
2014-03-03T15:00:00Z,UGI,44.3,60,Market On Close,Filled,2658,"buy" 
2014-03-03T15:00:00Z,UTHR,100.37,2,Market On Close,Filled,200.74,"adjust" 
2014-04-01T14:00:00Z,BBSI,61.41,-11,Market On Close,Filled,-675.51,"band" 
2014-04-01T14:00:00Z,BGFV,16.17,-61,Market On Close,Filled,-986.37,"band" 
2014-04-01T14:00:00Z,BKE,46.33,-42,Market On Close,Filled,-1945.86,"band" 
2014-04-01T14:00:00Z,FF,21.05,-31,Market On Close,Filled,-652.55,"adjust" 
2014-04-01T14:00:00Z,FSLR,70.89,-4,Market On Close,Filled,-283.56,"adjust" 
2014-04-01T14:00:00Z,FSS,15.32,-14,Market On Close,Filled,-214.48,"adjust" 
2014-04-01T14:00:00Z,MPC,89.54,-16,Market On Close,Filled,-1432.64,"band" 
2014-04-01T14:00:00Z,NWPX,37.19,-40,Market On Close,Filled,-1487.6,"band" 
2014-04-01T14:00:00Z,SPH,42.01,-63,Market On Close,Filled,-2646.63,"band" 
2014-04-01T14:00:00Z,UACL,28.98,-41,Market On Close,Filled,-1188.18,"band" 
2014-04-01T14:00:00Z,FL,47.3,-12,Market On Close,Filled,-567.6,"adjust" 
2014-04-01T14:00:00Z,SWKS,37.61,38,Market On Close,Filled,1429.18,"buy" 
2014-04-01T14:00:00Z,BABY,26.59,36,Market On Close,Filled,957.24,"buy" 
2014-04-01T14:00:00Z,BAH,22.32,83,Market On Close,Filled,1852.56,"buy" 
2014-04-01T14:00:00Z,CVX,119,2,Market On Close,Filled,238,"adjust" 
2014-04-01T14:00:00Z,CORE,74.06,29,Market On Close,Filled,2147.74,"buy" 
2014-04-01T14:00:00Z,EPAM,36.37,24,Market On Close,Filled,872.88,"buy" 
2014-04-01T14:00:00Z,GCI,28.02,8,Market On Close,Filled,224.16,"adjust" 
2014-04-01T14:00:00Z,HP,108.17,18,Market On Close,Filled,1947.06,"buy" 
2014-04-01T14:00:00Z,LHCG,22.3,10,Market On Close,Filled,223,"adjust" 
2014-04-01T14:00:00Z,NP,52.41,35,Market On Close,Filled,1834.35,"buy" 
2014-04-01T14:00:00Z,RS,71.28,3,Market On Close,Filled,213.84,"adjust" 
2014-04-01T14:00:00Z,KAI,38.28,9,Market On Close,Filled,344.52,"adjust" 
2014-04-01T14:00:00Z,TPL,128.5,2,Market On Close,Filled,257,"adjust" 
2014-04-01T14:00:00Z,WLK,67.1,5,Market On Close,Filled,335.5,"adjust" 
2014-05-01T14:00:00Z,SWKS,41.3,-7,Market On Close,Filled,-289.1,"adjust" 
2014-05-01T14:00:00Z,ARLP,94.28,-3,Market On Close,Filled,-282.84,"adjust" 
2014-05-01T14:00:00Z,CORE,78.78,-3,Market On Close,Filled,-236.34,"adjust" 
2014-05-01T14:00:00Z,NEU,370.44,-5,Market On Close,Filled,-1852.2,"expired" 
2014-05-01T14:00:00Z,FTK,27.69,-8,Market On Close,Filled,-221.52,"adjust" 
2014-05-01T14:00:00Z,PPC,22.05,-60,Market On Close,Filled,-1323,"expired" 
2014-05-01T14:00:00Z,RES,21.76,-12,Market On Close,Filled,-261.12,"adjust" 
2014-05-01T14:00:00Z,SAIA,41.85,-34,Market On Close,Filled,-1422.9,"band" 
2014-05-01T14:00:00Z,SWM,42.78,-31,Market On Close,Filled,-1326.18,"band" 
2014-05-01T14:00:00Z,WLK,70.86,-9,Market On Close,Filled,-637.74,"adjust" 
2014-05-01T14:00:00Z,ENS,67.13,3,Market On Close,Filled,201.39,"adjust" 
2014-05-01T14:00:00Z,ICFI,38.42,6,Market On Close,Filled,230.52,"adjust" 
2014-05-01T14:00:00Z,IDT,15.83,15,Market On Close,Filled,237.45,"adjust" 
2014-05-01T14:00:00Z,KFY,28.8,45,Market On Close,Filled,1296,"buy" 
2014-05-01T14:00:00Z,LHCG,20.82,13,Market On Close,Filled,270.66,"adjust" 
2014-05-01T14:00:00Z,MU,26.25,41,Market On Close,Filled,1076.25,"buy" 
2014-05-01T14:00:00Z,OSTK,15.33,19,Market On Close,Filled,291.27,"adjust" 
2014-05-01T14:00:00Z,OSK,54.94,5,Market On Close,Filled,274.7,"adjust" 
2014-05-01T14:00:00Z,PRFT,18.29,11,Market On Close,Filled,201.19,"adjust" 
2014-05-01T14:00:00Z,AWR,30.22,7,Market On Close,Filled,211.54,"adjust" 
2014-05-01T14:00:00Z,TSN,42.41,44,Market On Close,Filled,1866.04,"buy" 
2014-05-01T14:00:00Z,UGI,47.08,6,Market On Close,Filled,282.48,"adjust" 
2014-05-01T14:00:00Z,VMW,92.05,13,Market On Close,Filled,1196.65,"buy" 
2014-06-02T14:00:00Z,BAH,22.09,-17,Market On Close,Filled,-375.53,"adjust" 
2014-06-02T14:00:00Z,EPAM,42.15,-5,Market On Close,Filled,-210.75,"adjust" 
2014-06-02T14:00:00Z,IDT,16.64,-87,Market On Close,Filled,-1447.68,"band" 
2014-06-02T14:00:00Z,IPAR,29.27,-47,Market On Close,Filled,-1375.69,"band" 
2014-06-02T14:00:00Z,LHCG,20.38,-89,Market On Close,Filled,-1813.82,"band" 
2014-06-02T14:00:00Z,SAFM,95.65,-3,Market On Close,Filled,-286.95,"adjust" 
2014-06-02T14:00:00Z,SYNA,66.45,-4,Market On Close,Filled,-265.8,"adjust" 
2014-06-02T14:00:00Z,TPL,158.44,-2,Market On Close,Filled,-316.88,"adjust" 
2014-06-02T14:00:00Z,TSN,43.4,-10,Market On Close,Filled,-434,"adjust" 
2014-06-02T14:00:00Z,WLK,81.1,-3,Market On Close,Filled,-243.3,"adjust" 
2014-06-02T14:00:00Z,ABFS,42.63,7,Market On Close,Filled,298.41,"adjust" 
2014-06-02T14:00:00Z,ARLP,91.41,3,Market On Close,Filled,274.23,"adjust" 
2014-06-02T14:00:00Z,BKH,57.38,4,Market On Close,Filled,229.52,"adjust" 
2014-06-02T14:00:00Z,DECK,78.43,15,Market On Close,Filled,1176.45,"buy" 
2014-06-02T14:00:00Z,FSS,13.8,16,Market On Close,Filled,220.8,"adjust" 
2014-06-02T14:00:00Z,GCI,28.89,8,Market On Close,Filled,231.12,"adjust" 
2014-06-02T14:00:00Z,HVT,24.97,10,Market On Close,Filled,249.7,"adjust" 
2014-06-02T14:00:00Z,MDU,33.68,8,Market On Close,Filled,269.44,"adjust" 
2014-06-02T14:00:00Z,MOD,14.94,74,Market On Close,Filled,1105.56,"buy" 
2014-06-02T14:00:00Z,NP,48.59,6,Market On Close,Filled,291.54,"adjust" 
2014-06-02T14:00:00Z,NUS,73.62,3,Market On Close,Filled,220.86,"adjust" 
2014-06-02T14:00:00Z,PPC,25.92,53,Market On Close,Filled,1373.76,"buy" 
2014-07-01T14:00:00Z,CPK,72.49,-3,Market On Close,Filled,-217.47,"adjust" 
2014-07-01T14:00:00Z,NP,54.34,-4,Market On Close,Filled,-217.36,"adjust" 
2014-07-01T14:00:00Z,SYNA,91.88,-7,Market On Close,Filled,-643.16,"adjust" 
2014-07-01T14:00:00Z,BABY,26.22,8,Market On Close,Filled,209.76,"adjust" 
2014-07-01T14:00:00Z,FSLR,70.69,3,Market On Close,Filled,212.07,"adjust" 
2014-07-01T14:00:00Z,ICFI,35.93,7,Market On Close,Filled,251.51,"adjust" 
2014-07-01T14:00:00Z,OSK,56.84,4,Market On Close,Filled,227.36,"adjust" 
2014-07-01T14:00:00Z,RGR,59.46,6,Market On Close,Filled,356.76,"adjust" 
2014-07-01T14:00:00Z,RS,74.26,4,Market On Close,Filled,297.04,"adjust" 
2014-07-01T14:00:00Z,UTHR,91.48,4,Market On Close,Filled,365.92,"adjust" 
2014-07-01T14:00:00Z,FL,51.6,4,Market On Close,Filled,206.4,"adjust" 
2014-08-01T14:00:00Z,SWKS,52.07,-9,Market On Close,Filled,-468.63,"adjust" 
2014-08-01T14:00:00Z,ARLP,49.54,-12,Market On Close,Filled,-594.48,"adjust" 
2014-08-01T14:00:00Z,BABY,27.73,-7,Market On Close,Filled,-194.11,"adjust" 
2014-08-01T14:00:00Z,BAH,22.18,-66,Market On Close,Filled,-1463.88,"band" 
2014-08-01T14:00:00Z,BKH,52.67,-47,Market On Close,Filled,-2475.49,"band" 
2014-08-01T14:00:00Z,CORE,46.94,-9,Market On Close,Filled,-422.46,"adjust" 
2014-08-01T14:00:00Z,HP,105.48,-2,Market On Close,Filled,-210.96,"adjust" 
2014-08-01T14:00:00Z,MOD,13.25,-74,Market On Close,Filled,-980.5,"expired" 
2014-08-01T14:00:00Z,NUS,59.03,-10,Market On Close,Filled,-590.3,"band" 
2014-08-01T14:00:00Z,PPC,28.82,-8,Market On Close,Filled,-230.56,"adjust" 
2014-08-01T14:00:00Z,AWR,30.79,-65,Market On Close,Filled,-2001.35,"band" 
2014-08-01T14:00:00Z,ENS,63.54,4,Market On Close,Filled,254.16,"adjust" 
2014-08-01T14:00:00Z,FF,15.7,13,Market On Close,Filled,204.1,"adjust" 
2014-08-01T14:00:00Z,GTE,6.63,43,Market On Close,Filled,285.09,"adjust" 
2014-08-01T14:00:00Z,HURN,60.45,23,Market On Close,Filled,1390.35,"buy" 
2014-08-01T14:00:00Z,KWR,71.04,5,Market On Close,Filled,355.2,"adjust" 
2014-08-01T14:00:00Z,LSCC,6.86,155,Market On Close,Filled,1063.3,"buy" 
2014-08-01T14:00:00Z,MTRX,26.71,10,Market On Close,Filled,267.1,"adjust" 
2014-08-01T14:00:00Z,NJR,50.74,42,Market On Close,Filled,2131.08,"buy" 
2014-08-01T14:00:00Z,PEG,35.5,64,Market On Close,Filled,2272,"buy" 
2014-08-01T14:00:00Z,SYNA,78.11,3,Market On Close,Filled,234.33,"adjust" 
2014-08-01T14:00:00Z,ZBRA,80.31,17,Market On Close,Filled,1365.27,"buy" 
2014-09-02T14:00:00Z,HES,100.53,-2,Market On Close,Filled,-201.06,"adjust" 
2014-09-02T14:00:00Z,ALG,49.03,-23,Market On Close,Filled,-1127.69,"band" 
2014-09-02T14:00:00Z,ENS,64.23,-4,Market On Close,Filled,-256.92,"adjust" 
2014-09-02T14:00:00Z,FF,14,-66,Market On Close,Filled,-924,"band" 
2014-09-02T14:00:00Z,GTE,6.61,-236,Market On Close,Filled,-1559.96,"band" 
2014-09-02T14:00:00Z,LZB,21.81,-56,Market On Close,Filled,-1221.36,"band" 
2014-09-02T14:00:00Z,OSK,49.6,-32,Market On Close,Filled,-1587.2,"band" 
2014-09-02T14:00:00Z,PRFT,17.59,-59,Market On Close,Filled,-1037.81,"band" 
2014-09-02T14:00:00Z,RGR,51.09,-26,Market On Close,Filled,-1328.34,"band" 
2014-09-02T14:00:00Z,SAFM,92.9,-3,Market On Close,Filled,-278.7,"adjust" 
2014-09-02T14:00:00Z,TPL,212,-2,Market On Close,Filled,-424,"adjust" 
2014-09-02T14:00:00Z,UGI,53.03,-4,Market On Close,Filled,-212.12,"adjust" 
2014-09-02T14:00:00Z,UTHR,115.22,-7,Market On Close,Filled,-806.54,"adjust" 
2014-09-02T14:00:00Z,FL,57.25,-8,Market On Close,Filled,-458,"adjust" 
2014-09-02T14:00:00Z,APU,46.41,62,Market On Close,Filled,2877.42,"buy" 
2014-09-02T14:00:00Z,CALM,81.34,20,Market On Close,Filled,1626.8,"buy" 
2014-09-02T14:00:00Z,DDS,113.29,11,Market On Close,Filled,1246.19,"buy" 
2014-09-02T14:00:00Z,EPAM,37.54,7,Market On Close,Filled,262.78,"adjust" 
2014-09-02T14:00:00Z,GPRE,44.68,25,Market On Close,Filled,1117,"buy" 
2014-09-02T14:00:00Z,ICFI,33.87,7,Market On Close,Filled,237.09,"adjust" 
2014-09-02T14:00:00Z,RSC,106.48,7,Market On Close,Filled,745.36,"buy" 
2014-09-02T14:00:00Z,STMP,33.66,6,Market On Close,Filled,201.96,"adjust" 
2014-09-02T14:00:00Z,TSN,38.37,6,Market On Close,Filled,230.22,"adjust" 
2014-09-02T14:00:00Z,UHS,114.66,15,Market On Close,Filled,1719.9,"buy" 
2014-09-02T14:00:00Z,VMW,98.98,3,Market On Close,Filled,296.94,"adjust" 
2014-09-02T14:00:00Z,AVA,32.15,89,Market On Close,Filled,2861.35,"buy" 
2014-10-01T14:00:00Z,CALM,87.8,-4,Market On Close,Filled,-351.2,"adjust" 
2014-10-01T14:00:00Z,CORE,51.69,-10,Market On Close,Filled,-516.9,"adjust" 
2014-10-01T14:00:00Z,CPK,41.48,-6,Market On Close,Filled,-248.88,"adjust" 
2014-10-01T14:00:00Z,EPAM,43.11,-26,Market On Close,Filled,-1120.86,"band" 
2014-10-01T14:00:00Z,ICFI,30.43,-48,Market On Close,Filled,-1460.64,"band" 
2014-10-01T14:00:00Z,MDU,27.43,-77,Market On Close,Filled,-2112.11,"band" 
2014-10-01T14:00:00Z,MU,33.5,-10,Market On Close,Filled,-335,"adjust" 
2014-10-01T14:00:00Z,PEG,37.29,-6,Market On Close,Filled,-223.74,"adjust" 
2014-10-01T14:00:00Z,RES,21.28,-12,Market On Close,Filled,-255.36,"adjust" 
2014-10-01T14:00:00Z,RS,67.32,-34,Market On Close,Filled,-2288.88,"band" 
2014-10-01T14:00:00Z,TPL,191.12,-2,Market On Close,Filled,-382.24,"adjust" 
2014-10-01T14:00:00Z,EGY,8.6,87,Market On Close,Filled,748.2,"buy" 
2014-10-01T14:00:00Z,EW,103.39,15,Market On Close,Filled,1550.85,"buy" 
2014-10-01T14:00:00Z,HVT,21.14,13,Market On Close,Filled,274.82,"adjust" 
2014-10-01T14:00:00Z,KFY,24.21,13,Market On Close,Filled,314.73,"adjust" 
2014-10-01T14:00:00Z,OFIX,30.38,46,Market On Close,Filled,1397.48,"buy" 
2014-10-01T14:00:00Z,PSX,79.63,27,Market On Close,Filled,2150.01,"buy" 
2014-10-01T14:00:00Z,RSC,69.94,3,Market On Close,Filled,209.82,"adjust" 
2014-10-01T14:00:00Z,SMP,34.12,7,Market On Close,Filled,238.84,"adjust" 
2014-10-01T14:00:00Z,KAI,37.53,6,Market On Close,Filled,225.18,"adjust" 
2014-10-01T14:00:00Z,VLO,45.6,5,Market On Close,Filled,228,"adjust" 
2014-11-03T15:00:00Z,SWKS,60.23,-4,Market On Close,Filled,-240.92,"adjust" 
2014-11-03T15:00:00Z,ARLP,49.4,-12,Market On Close,Filled,-592.8,"adjust" 
2014-11-03T15:00:00Z,CVX,116.78,-3,Market On Close,Filled,-350.34,"adjust" 
2014-11-03T15:00:00Z,DAL,40.61,-7,Market On Close,Filled,-284.27,"adjust" 
2014-11-03T15:00:00Z,ENS,62.46,-26,Market On Close,Filled,-1623.96,"band" 
2014-11-03T15:00:00Z,EW,119.93,-3,Market On Close,Filled,-359.79,"adjust" 
2014-11-03T15:00:00Z,KWR,83.27,-5,Market On Close,Filled,-416.35,"adjust" 
2014-11-03T15:00:00Z,PPC,28.9,-11,Market On Close,Filled,-317.9,"adjust" 
2014-11-03T15:00:00Z,PSX,76.68,-4,Market On Close,Filled,-306.72,"adjust" 
2014-11-03T15:00:00Z,SMP,39.3,-6,Market On Close,Filled,-235.8,"adjust" 
2014-11-03T15:00:00Z,STMP,36.96,-37,Market On Close,Filled,-1367.52,"band" 
2014-11-03T15:00:00Z,SYNA,65.72,-10,Market On Close,Filled,-657.2,"expired" 
2014-11-03T15:00:00Z,KAI,42.01,-5,Market On Close,Filled,-210.05,"adjust" 
2014-11-03T15:00:00Z,TTWO,25.83,-15,Market On Close,Filled,-387.45,"adjust" 
2014-11-03T15:00:00Z,USNA,115.22,-6,Market On Close,Filled,-691.32,"adjust" 
2014-11-03T15:00:00Z,AVA,35.65,-16,Market On Close,Filled,-570.4,"adjust" 
2014-11-03T15:00:00Z,APU,46.45,7,Market On Close,Filled,325.15,"adjust" 
2014-11-03T15:00:00Z,CHE,104.64,24,Market On Close,Filled,2511.36,"buy" 
2014-11-03T15:00:00Z,DDS,108.15,3,Market On Close,Filled,324.45,"adjust" 
2014-11-03T15:00:00Z,FSLR,58.31,5,Market On Close,Filled,291.55,"adjust" 
2014-11-03T15:00:00Z,GME,42.71,8,Market On Close,Filled,341.68,"adjust" 
2014-11-03T15:00:00Z,INTC,34.31,53,Market On Close,Filled,1818.43,"buy" 
2014-11-03T15:00:00Z,LSCC,6.59,31,Market On Close,Filled,204.29,"adjust" 
2014-11-03T15:00:00Z,MED,31.98,46,Market On Close,Filled,1471.08,"buy" 
2014-11-03T15:00:00Z,MYGN,39.48,7,Market On Close,Filled,276.36,"adjust" 
2014-11-03T15:00:00Z,OFIX,29.07,12,Market On Close,Filled,348.84,"adjust" 
2014-11-03T15:00:00Z,RES,16.17,13,Market On Close,Filled,210.21,"adjust" 
2014-11-03T15:00:00Z,UHS,103.44,2,Market On Close,Filled,206.88,"adjust" 
2014-11-03T15:00:00Z,VMW,84.27,4,Market On Close,Filled,337.08,"adjust" 
2014-11-03T15:00:00Z,FL,56.17,7,Market On Close,Filled,393.19,"adjust" 
2014-12-01T15:00:00Z,HES,73.96,-4,Market On Close,Filled,-295.84,"adjust" 
2014-12-01T15:00:00Z,DDS,116.64,-3,Market On Close,Filled,-349.92,"adjust" 
2014-12-01T15:00:00Z,EGY,5.94,-87,Market On Close,Filled,-516.78,"universe" 
2014-12-01T15:00:00Z,FSLR,45.76,-18,Market On Close,Filled,-823.68,"band" 
2014-12-01T15:00:00Z,OFIX,28.15,-58,Market On Close,Filled,-1632.7,"expired" 
2014-12-01T15:00:00Z,OSTK,24.17,-9,Market On Close,Filled,-217.53,"adjust" 
2014-12-01T15:00:00Z,FL,56.35,-7,Market On Close,Filled,-394.45,"adjust" 
2014-12-01T15:00:00Z,BABY,33.5,6,Market On Close,Filled,201,"adjust" 
2014-12-01T15:00:00Z,GPRE,27.88,8,Market On Close,Filled,223.04,"adjust" 
2014-12-01T15:00:00Z,HVT,20.92,13,Market On Close,Filled,271.96,"adjust" 
2014-12-01T15:00:00Z,HURN,69.46,4,Market On Close,Filled,277.84,"adjust" 
2014-12-01T15:00:00Z,MEI,37.5,26,Market On Close,Filled,975,"buy" 
2014-12-01T15:00:00Z,SKX,58.88,18,Market On Close,Filled,1059.84,"buy" 
2014-12-01T15:00:00Z,TSRA,34.41,41,Market On Close,Filled,1410.81,"buy" 
2014-12-01T15:00:00Z,UTHR,131.68,2,Market On Close,Filled,263.36,"adjust" 
2014-12-01T15:00:00Z,ZBRA,72.9,4,Market On Close,Filled,291.6,"adjust" 
2015-01-02T15:00:00Z,APU,48.54,-13,Market On Close,Filled,-631.02,"adjust" 
2015-01-02T15:00:00Z,CVX,112.58,-5,Market On Close,Filled,-562.9,"adjust" 
2015-01-02T15:00:00Z,CPK,49.89,-47,Market On Close,Filled,-2344.83,"band" 
2015-01-02T15:00:00Z,DAL,49.18,-5,Market On Close,Filled,-245.9,"adjust" 
2015-01-02T15:00:00Z,GIII,100,-4,Market On Close,Filled,-400,"adjust" 
2015-01-02T15:00:00Z,GME,33.8,-31,Market On Close,Filled,-1047.8,"band" 
2015-01-02T15:00:00Z,KWR,90.03,-3,Market On Close,Filled,-270.09,"adjust" 
2015-01-02T15:00:00Z,MED,32.24,-7,Market On Close,Filled,-225.68,"adjust" 
2015-01-02T15:00:00Z,MTRX,22.24,-33,Market On Close,Filled,-733.92,"band" 
2015-01-02T15:00:00Z,MU,34.75,-31,Market On Close,Filled,-1077.25,"expired" 
2015-01-02T15:00:00Z,NJR,61.25,-6,Market On Close,Filled,-367.5,"adjust" 
2015-01-02T15:00:00Z,NP,60.48,-4,Market On Close,Filled,-241.92,"adjust" 
2015-01-02T15:00:00Z,RES,13.3,-72,Market On Close,Filled,-957.6,"band" 
2015-01-02T15:00:00Z,UGI,38.02,-18,Market On Close,Filled,-684.36,"adjust" 
2015-01-02T15:00:00Z,AVA,35.44,-6,Market On Close,Filled,-212.64,"adjust" 
2015-01-02T15:00:00Z,CTR,41.97,39,Market On Close,Filled,1636.83,"buy" 
2015-01-02T15:00:00Z,CHE,104.96,2,Market On Close,Filled,209.92,"adjust" 
2015-01-02T15:00:00Z,DV,44.28,40,Market On Close,Filled,1771.2,"buy" 
2015-01-02T15:00:00Z,MIC,70.01,29,Market On Close,Filled,2030.29,"buy" 
2015-01-02T15:00:00Z,MYGN,34.61,7,Market On Close,Filled,242.27,"adjust" 
2015-01-02T15:00:00Z,USNA,102.28,3,Market On Close,Filled,306.84,"adjust" 
2015-01-02T15:00:00Z,GHC,860.94,2,Market On Close,Filled,1721.88,"buy" 
2015-02-02T15:00:00Z,SWKS,82.02,-18,Market On Close,Filled,-1476.36,"expired" 
2015-02-02T15:00:00Z,CORE,67.5,-5,Market On Close,Filled,-337.5,"adjust" 
2015-02-02T15:00:00Z,HVT,24.79,-79,Market On Close,Filled,-1958.41,"band" 
2015-02-02T15:00:00Z,HURN,75.13,-27,Market On Close,Filled,-2028.51,"band" 
2015-02-02T15:00:00Z,PSX,72.8,-4,Market On Close,Filled,-291.2,"adjust" 
2015-02-02T15:00:00Z,TSN,39.57,-40,Market On Close,Filled,-1582.8,"band" 
2015-02-02T15:00:00Z,VMW,79.22,-20,Market On Close,Filled,-1584.4,"band" 
2015-02-02T15:00:00Z,BBY,34.97,34,Market On Close,Filled,1188.98,"buy" 
2015-02-02T15:00:00Z,DDS,114.78,2,Market On Close,Filled,229.56,"adjust" 
2015-02-02T15:00:00Z,EW,125.48,2,Market On Close,Filled,250.96,"adjust" 
2015-02-02T15:00:00Z,IDT,21.59,71,Market On Close,Filled,1532.89,"buy" 
2015-02-02T15:00:00Z,KWR,80.51,3,Market On Close,Filled,241.53,"adjust" 
2015-02-02T15:00:00Z,MIC,72.61,3,Market On Close,Filled,217.83,"adjust" 
2015-02-02T15:00:00Z,MU,28.44,45,Market On Close,Filled,1279.8,"buy" 
2015-02-02T15:00:00Z,OSTK,22.8,10,Market On Close,Filled,228,"adjust" 
2015-02-02T15:00:00Z,KFRC,23.67,71,Market On Close,Filled,1680.57,"buy" 
2015-02-02T15:00:00Z,RSC,59.57,6,Market On Close,Filled,357.42,"adjust" 
2015-02-02T15:00:00Z,SMP,37.5,9,Market On Close,Filled,337.5,"adjust" 
2015-02-02T15:00:00Z,TPL,118.91,2,Market On Close,Filled,237.82,"adjust" 
2015-02-02T15:00:00Z,USPH,39,43,Market On Close,Filled,1677,"buy" 
2015-03-02T15:00:00Z,HES,74.11,-3,Market On Close,Filled,-222.33,"adjust" 
2015-03-02T15:00:00Z,CHE,117.88,-5,Market On Close,Filled,-589.4,"adjust" 
2015-03-02T15:00:00Z,DAL,45.39,-27,Market On Close,Filled,-1225.53,"band" 
2015-03-02T15:00:00Z,DV,36.94,-6,Market On Close,Filled,-221.64,"adjust" 
2015-03-02T15:00:00Z,FTK,16.73,-48,Market On Close,Filled,-803.04,"band" 
2015-03-02T15:00:00Z,GCI,35.84,-8,Market On Close,Filled,-286.72,"adjust" 
2015-03-02T15:00:00Z,HP,65.71,-16,Market On Close,Filled,-1051.36,"band" 
2015-03-02T15:00:00Z,MED,32.35,-39,Market On Close,Filled,-1261.65,"universe" 
2015-03-02T15:00:00Z,MIC,79.03,-3,Market On Close,Filled,-237.09,"adjust" 
2015-03-02T15:00:00Z,PEG,40.94,-9,Market On Close,Filled,-368.46,"adjust" 
2015-03-02T15:00:00Z,SMP,42.33,-48,Market On Close,Filled,-2031.84,"band" 
2015-03-02T15:00:00Z,TSRA,41.93,-6,Market On Close,Filled,-251.58,"adjust" 
2015-03-02T15:00:00Z,TTWO,26.06,-47,Market On Close,Filled,-1224.82,"band" 
2015-03-02T15:00:00Z,VLO,58.68,-6,Market On Close,Filled,-352.08,"adjust" 
2015-03-02T15:00:00Z,CRMT,53.9,28,Market On Close,Filled,1509.2,"buy" 
2015-03-02T15:00:00Z,CNC,62.14,30,Market On Close,Filled,1864.2,"buy" 
2015-03-02T15:00:00Z,DEPO,23.06,44,Market On Close,Filled,1014.64,"buy" 
2015-03-02T15:00:00Z,INTC,34.06,8,Market On Close,Filled,272.48,"adjust" 
2015-03-02T15:00:00Z,KLIC,16.33,107,Market On Close,Filled,1747.31,"buy" 
2015-03-02T15:00:00Z,MEI,39.12,6,Market On Close,Filled,234.72,"adjust" 
2015-03-02T15:00:00Z,UNH,114.4,19,Market On Close,Filled,2173.6,"buy" 
2015-03-02T15:00:00Z,USNA,101,2,Market On Close,Filled,202,"adjust" 
2015-03-02T15:00:00Z,ZUMZ,38,37,Market On Close,Filled,1406,"buy" 
2015-04-01T14:00:00Z,DV,34,-34,Market On Close,Filled,-1156,"band" 
2015-04-01T14:00:00Z,EW,140.7,-3,Market On Close,Filled,-422.1,"adjust" 
2015-04-01T14:00:00Z,OSTK,24.06,-49,Market On Close,Filled,-1178.94,"band" 
2015-04-01T14:00:00Z,KAI,53.73,-8,Market On Close,Filled,-429.84,"adjust" 
2015-04-01T14:00:00Z,USPH,47.67,-6,Market On Close,Filled,-286.02,"adjust" 
2015-04-01T14:00:00Z,ZBRA,89.56,-21,Market On Close,Filled,-1880.76,"band" 
2015-04-01T14:00:00Z,ABFS,38.26,8,Market On Close,Filled,306.08,"adjust" 
2015-04-01T14:00:00Z,HES,69.18,4,Market On Close,Filled,276.72,"adjust" 
2015-04-01T14:00:00Z,ARLP,32.99,12,Market On Close,Filled,395.88,"adjust" 
2015-04-01T14:00:00Z,CTR,39.55,9,Market On Close,Filled,355.95,"adjust" 
2015-04-01T14:00:00Z,CENX,14.12,60,Market On Close,Filled,847.2,"buy" 
2015-04-01T14:00:00Z,CVX,104.79,2,Market On Close,Filled,209.58,"adjust" 
2015-04-01T14:00:00Z,GIII,113.19,2,Market On Close,Filled,226.38,"adjust" 
2015-04-01T14:00:00Z,KLIC,15.67,14,Market On Close,Filled,219.38,"adjust" 
2015-04-01T14:00:00Z,PPC,23.76,14,Market On Close,Filled,332.64,"adjust" 
2015-04-01T14:00:00Z,KFRC,22.48,13,Market On Close,Filled,292.24,"adjust" 
2015-04-01T14:00:00Z,UEPS,13.5,104,Market On Close,Filled,1404,"buy" 
2015-04-01T14:00:00Z,VDSI,21.73,36,Market On Close,Filled,782.28,"buy" 
2015-04-01T14:00:00Z,WDC,92.35,3,Market On Close,Filled,277.05,"adjust" 
2015-05-01T14:00:00Z,HES,75.78,-3,Market On Close,Filled,-227.34,"adjust" 
2015-05-01T14:00:00Z,GPRE,31.02,-33,Market On Close,Filled,-1023.66,"expired" 
2015-05-01T14:00:00Z,LSCC,6.12,-186,Market On Close,Filled,-1138.32,"band" 
2015-05-01T14:00:00Z,MIC,82.54,-29,Market On Close,Filled,-2393.66,"expired" 
2015-05-01T14:00:00Z,PEG,41.96,-49,Market On Close,Filled,-2056.04,"expired" 
2015-05-01T14:00:00Z,PPC,25.44,-48,Market On Close,Filled,-1221.12,"expired" 
2015-05-01T14:00:00Z,PSX,81.61,-19,Market On Close,Filled,-1550.59,"expired" 
2015-05-01T14:00:00Z,KFRC,22.73,-84,Market On Close,Filled,-1909.32,"expired" 
2015-05-01T14:00:00Z,SKX,91.67,-5,Market On Close,Filled,-458.35,"adjust" 
2015-05-01T14:00:00Z,UGI,35.1,-74,Market On Close,Filled,-2597.4,"band" 
2015-05-01T14:00:00Z,BBY,35.18,10,Market On Close,Filled,351.8,"adjust" 
2015-05-01T14:00:00Z,BCC,35.4,46,Market On Close,Filled,1628.4,"buy" 
2015-05-01T14:00:00Z,DECK,75.19,3,Market On Close,Filled,225.57,"adjust" 
2015-05-01T14:00:00Z,DK,37.8,38,Market On Close,Filled,1436.4,"buy" 
2015-05-01T14:00:00Z,EW,127.19,2,Market On Close,Filled,254.38,"adjust" 
2015-05-01T14:00:00Z,KLIC,15.61,15,Market On Close,Filled,234.15,"adjust" 
2015-05-01T14:00:00Z,MDP,52.13,44,Market On Close,Filled,2293.72,"buy" 
2015-05-01T14:00:00Z,PLUS,85.54,16,Market On Close,Filled,1368.64,"buy" 
2015-05-01T14:00:00Z,MPC,102.66,16,Market On Close,Filled,1642.56,"buy" 
2015-05-01T14:00:00Z,MYGN,34.18,8,Market On Close,Filled,273.44,"adjust" 
2015-05-01T14:00:00Z,NLNK,46.64,15,Market On Close,Filled,699.6,"buy" 
2015-05-01T14:00:00Z,NP,60.5,5,Market On Close,Filled,302.5,"adjust" 
2015-05-01T14:00:00Z,SAFM,75.26,4,Market On Close,Filled,301.04,"adjust" 
2015-05-01T14:00:00Z,SCHL,41.21,41,Market On Close,Filled,1689.61,"buy" 
2015-05-01T14:00:00Z,AWR,38.6,53,Market On Close,Filled,2045.8,"buy" 
2015-05-01T14:00:00Z,STMP,62.01,17,Market On Close,Filled,1054.17,"buy" 
2015-06-01T14:00:00Z,HES,66.76,-20,Market On Close,Filled,-1335.2,"band" 
2015-06-01T14:00:00Z,CALM,57.29,-14,Market On Close,Filled,-802.06,"adjust" 
2015-06-01T14:00:00Z,CNC,75.9,-7,Market On Close,Filled,-531.3,"adjust" 
2015-06-01T14:00:00Z,KLIC,13.13,-19,Market On Close,Filled,-249.47,"adjust" 
2015-06-01T14:00:00Z,MU,28.42,-45,Market On Close,Filled,-1278.9,"band" 
2015-06-01T14:00:00Z,STMP,68.56,-3,Market On Close,Filled,-205.68,"adjust" 
2015-06-01T14:00:00Z,UHS,131.03,-2,Market On Close,Filled,-262.06,"adjust" 
2015-06-01T14:00:00Z,USNA,129.52,-5,Market On Close,Filled,-647.6,"adjust" 
2015-06-01T14:00:00Z,GHC,1080,-1,Market On Close,Filled,-1080,"adjust" 
2015-06-01T14:00:00Z,ARLP,30.32,8,Market On Close,Filled,242.56,"adjust" 
2015-06-01T14:00:00Z,CVX,102.63,3,Market On Close,Filled,307.89,"adjust" 
2015-06-01T14:00:00Z,CRMT,53.91,6,Market On Close,Filled,323.46,"adjust" 
2015-06-01T14:00:00Z,DDS,115.92,3,Market On Close,Filled,347.76,"adjust" 
2015-06-01T14:00:00Z,FSS,15.01,19,Market On Close,Filled,285.19,"adjust" 
2015-06-01T14:00:00Z,GIII,58.17,4,Market On Close,Filled,232.68,"adjust" 
2015-06-01T14:00:00Z,KFY,32.27,8,Market On Close,Filled,258.16,"adjust" 
2015-06-01T14:00:00Z,LHCG,37.04,34,Market On Close,Filled,1259.36,"buy" 
2015-06-01T14:00:00Z,AVA,31.96,12,Market On Close,Filled,383.52,"adjust" 
2015-06-01T14:00:00Z,ZUMZ,29.45,13,Market On Close,Filled,382.85,"adjust" 
2015-07-01T14:00:00Z,CRMT,50.02,-34,Market On Close,Filled,-1700.68,"universe" 
2015-07-01T14:00:00Z,GCI,32.97,-9,Market On Close,Filled,-296.73,"adjust" 
2015-07-01T14:00:00Z,GIII,71.25,-11,Market On Close,Filled,-783.75,"adjust" 
2015-07-01T14:00:00Z,UEPS,18.68,-37,Market On Close,Filled,-691.16,"adjust" 
2015-07-01T14:00:00Z,UHS,143.09,-3,Market On Close,Filled,-429.27,"adjust" 
2015-07-01T14:00:00Z,USPH,54.8,-4,Market On Close,Filled,-219.2,"adjust" 
2015-07-01T14:00:00Z,VDSI,29.9,-8,Market On Close,Filled,-239.2,"adjust" 
2015-07-01T14:00:00Z,ZUMZ,26.93,-10,Market On Close,Filled,-269.3,"adjust" 
2015-07-01T14:00:00Z,ABFS,32.22,8,Market On Close,Filled,257.76,"adjust" 
2015-07-01T14:00:00Z,ABMD,66.16,13,Market On Close,Filled,860.08,"buy" 
2015-07-01T14:00:00Z,ARLP,25.02,11,Market On Close,Filled,275.22,"adjust" 
2015-07-01T14:00:00Z,CENX,10.12,20,Market On Close,Filled,202.4,"adjust" 
2015-07-01T14:00:00Z,CVX,96.09,3,Market On Close,Filled,288.27,"adjust" 
2015-07-01T14:00:00Z,DDS,106.39,2,Market On Close,Filled,212.78,"adjust" 
2015-07-01T14:00:00Z,KLIC,11.75,24,Market On Close,Filled,282,"adjust" 
2015-07-01T14:00:00Z,MIC,82.34,30,Market On Close,Filled,2470.2,"buy" 
2015-07-01T14:00:00Z,NJR,27.57,10,Market On Close,Filled,275.7,"adjust" 
2015-07-01T14:00:00Z,NP,59.2,4,Market On Close,Filled,236.8,"adjust" 
2015-07-01T14:00:00Z,TSRA,37.89,7,Market On Close,Filled,265.23,"adjust" 
2015-07-01T14:00:00Z,WLK,66.69,3,Market On Close,Filled,200.07,"adjust" 
2015-07-01T14:00:00Z,GHC,682.14,1,Market On Close,Filled,682.14,"adjust" 
2015-08-03T14:00:00Z,ABMD,77.4,-13,Market On Close,Filled,-1006.2,"expired" 
2015-08-03T14:00:00Z,ARLP,24.43,-65,Market On Close,Filled,-1587.95,"band" 
2015-08-03T14:00:00Z,BABY,44.53,-5,Market On Close,Filled,-222.65,"adjust" 
2015-08-03T14:00:00Z,CHE,149.08,-5,Market On Close,Filled,-745.4,"adjust" 
2015-08-03T14:00:00Z,DDS,100.71,-18,Market On Close,Filled,-1812.78,"band" 
2015-08-03T14:00:00Z,DECK,71.58,-18,Market On Close,Filled,-1288.44,"band" 
2015-08-03T14:00:00Z,DEPO,31.17,-24,Market On Close,Filled,-748.08,"adjust" 
2015-08-03T14:00:00Z,KWR,91.16,-9,Market On Close,Filled,-820.44,"adjust" 
2015-08-03T14:00:00Z,NP,60.4,-5,Market On Close,Filled,-302,"adjust" 
2015-08-03T14:00:00Z,SKX,148.65,-6,Market On Close,Filled,-891.9,"adjust" 
2015-08-03T14:00:00Z,WDC,85.85,-21,Market On Close,Filled,-1802.85,"band" 
2015-08-03T14:00:00Z,WLK,61.84,-22,Market On Close,Filled,-1360.48,"band" 
2015-08-03T14:00:00Z,AEIS,25.71,68,Market On Close,Filled,1748.28,"buy" 
2015-08-03T14:00:00Z,BBY,31.97,9,Market On Close,Filled,287.73,"adjust" 
2015-08-03T14:00:00Z,CTR,38.02,6,Market On Close,Filled,228.12,"adjust" 
2015-08-03T14:00:00Z,CRUS,31.43,31,Market On Close,Filled,974.33,"buy" 
2015-08-03T14:00:00Z,INTC,29.05,13,Market On Close,Filled,377.65,"adjust" 
2015-08-03T14:00:00Z,KLIC,10.09,21,Market On Close,Filled,211.89,"adjust" 
2015-08-03T14:00:00Z,MDP,47.12,5,Market On Close,Filled,235.6,"adjust" 
2015-08-03T14:00:00Z,PLUS,75.88,3,Market On Close,Filled,227.64,"adjust" 
2015-08-03T14:00:00Z,PEG,41.63,57,Market On Close,Filled,2372.91,"buy" 
2015-08-03T14:00:00Z,PSX,78.68,23,Market On Close,Filled,1809.64,"buy" 
2015-08-03T14:00:00Z,RSC,50.43,8,Market On Close,Filled,403.44,"adjust" 
2015-08-03T14:00:00Z,SAFM,72.17,3,Market On Close,Filled,216.51,"adjust" 
2015-08-03T14:00:00Z,SCVL,27.62,53,Market On Close,Filled,1463.86,"buy" 
2015-08-03T14:00:00Z,KAI,45.1,7,Market On Close,Filled,315.7,"adjust" 
2015-08-03T14:00:00Z,TSRA,34.64,9,Market On Close,Filled,311.76,"adjust" 
2015-08-03T14:00:00Z,FL,70.18,3,Market On Close,Filled,210.54,"adjust" 
2015-09-01T14:00:00Z,BBY,35.45,-16,Market On Close,Filled,-567.2,"adjust" 
2015-09-01T14:00:00Z,CENX,5.32,-80,Market On Close,Filled,-425.6,"band" 
2015-09-01T14:00:00Z,CVX,78.19,-5,Market On Close,Filled,-390.95,"adjust" 
2015-09-01T14:00:00Z,IDT,15.05,-71,Market On Close,Filled,-1068.55,"universe" 
2015-09-01T14:00:00Z,INTC,27.82,-74,Market On Close,Filled,-2058.68,"band" 
2015-09-01T14:00:00Z,KLIC,10.59,-162,Market On Close,Filled,-1715.58,"band" 
2015-09-01T14:00:00Z,LHCG,44.25,-7,Market On Close,Filled,-309.75,"adjust" 
2015-09-01T14:00:00Z,MDP,45.78,-9,Market On Close,Filled,-412.02,"adjust" 
2015-09-01T14:00:00Z,MYGN,36.65,-44,Market On Close,Filled,-1612.6,"band" 
2015-09-01T14:00:00Z,RSC,50.24,-24,Market On Close,Filled,-1205.76,"universe" 
2015-09-01T14:00:00Z,STMP,79.54,-5,Market On Close,Filled,-397.7,"adjust" 
2015-09-01T14:00:00Z,UNH,112.63,-2,Market On Close,Filled,-225.26,"adjust" 
2015-09-01T14:00:00Z,USNA,141.49,-3,Market On Close,Filled,-424.47,"adjust" 
2015-09-01T14:00:00Z,AVA,30.27,-79,Market On Close,Filled,-2391.33,"band" 
2015-09-01T14:00:00Z,FL,70.4,-3,Market On Close,Filled,-211.2,"adjust" 
2015-09-01T14:00:00Z,ABFS,27.61,8,Market On Close,Filled,220.88,"adjust" 
2015-09-01T14:00:00Z,ABMD,92.78,9,Market On Close,Filled,835.02,"buy" 
2015-09-01T14:00:00Z,SWKS,83.05,14,Market On Close,Filled,1162.7,"buy" 
2015-09-01T14:00:00Z,APU,43.34,6,Market On Close,Filled,260.04,"adjust" 
2015-09-01T14:00:00Z,CALM,51.72,4,Market On Close,Filled,206.88,"adjust" 
2015-09-01T14:00:00Z,CHE,133.06,3,Market On Close,Filled,399.18,"adjust" 
2015-09-01T14:00:00Z,DK,29.44,7,Market On Close,Filled,206.08,"adjust" 
2015-09-01T14:00:00Z,GCI,23.22,16,Market On Close,Filled,371.52,"adjust" 
2015-09-01T14:00:00Z,GMED,23.83,84,Market On Close,Filled,2001.72,"buy" 
2015-09-01T14:00:00Z,HOC,45.28,32,Market On Close,Filled,1448.96,"buy" 
2015-09-01T14:00:00Z,KWR,76.53,5,Market On Close,Filled,382.65,"adjust" 
2015-09-01T14:00:00Z,NJR,27.75,8,Market On Close,Filled,222,"adjust" 
2015-09-01T14:00:00Z,NPK,79.41,25,Market On Close,Filled,1985.25,"buy" 
2015-09-01T14:00:00Z,AWR,36.95,7,Market On Close,Filled,258.65,"adjust" 
2015-09-01T14:00:00Z,SUPN,18.83,50,Market On Close,Filled,941.5,"buy" 
2015-09-01T14:00:00Z,TPL,118.85,3,Market On Close,Filled,356.55,"adjust" 
2015-09-01T14:00:00Z,UFPI,58.8,27,Market On Close,Filled,1587.6,"buy" 
2015-09-01T14:00:00Z,UHS,131.78,2,Market On Close,Filled,263.56,"adjust" 
2015-09-01T14:00:00Z,USPH,45.26,7,Market On Close,Filled,316.82,"adjust" 
2015-09-01T14:00:00Z,UTHR,144.61,2,Market On Close,Filled,289.22,"adjust" 
2015-09-01T14:00:00Z,VDSI,15.69,18,Market On Close,Filled,282.42,"adjust" 
2015-09-01T14:00:00Z,VG,5.45,202,Market On Close,Filled,1100.9,"buy" 
2015-09-01T14:00:00Z,ZUMZ,23.26,10,Market On Close,Filled,232.6,"adjust" 
2015-10-01T14:00:00Z,AEIS,26.14,-68,Market On Close,Filled,-1777.52,"band" 
2015-10-01T14:00:00Z,APU,41.83,-7,Market On Close,Filled,-292.81,"adjust" 
2015-10-01T14:00:00Z,CALM,56.47,-22,Market On Close,Filled,-1242.34,"expired" 
2015-10-01T14:00:00Z,NJR,29.93,-9,Market On Close,Filled,-269.37,"adjust" 
2015-10-01T14:00:00Z,AWR,41.26,-6,Market On Close,Filled,-247.56,"adjust" 
2015-10-01T14:00:00Z,TPL,141.56,-2,Market On Close,Filled,-283.12,"adjust" 
2015-10-01T14:00:00Z,BCC,25.04,15,Market On Close,Filled,375.6,"adjust" 
2015-10-01T14:00:00Z,OTL,47.99,42,Market On Close,Filled,2015.58,"buy" 
2015-10-01T14:00:00Z,SCHL,38.55,8,Market On Close,Filled,308.4,"adjust" 
2015-10-01T14:00:00Z,SYKE,25.38,92,Market On Close,Filled,2334.96,"buy" 
2015-10-01T14:00:00Z,UEPS,16.54,13,Market On Close,Filled,215.02,"adjust" 
2015-10-01T14:00:00Z,GHC,578.82,1,Market On Close,Filled,578.82,"adjust" 
2015-11-02T15:00:00Z,BCC,30.55,-61,Market On Close,Filled,-1863.55,"band" 
2015-11-02T15:00:00Z,CHE,156.75,-10,Market On Close,Filled,-1567.5,"adjust" 
2015-11-02T15:00:00Z,CORE,80.58,-10,Market On Close,Filled,-805.8,"adjust" 
2015-11-02T15:00:00Z,KFY,36.53,-6,Market On Close,Filled,-219.18,"adjust" 
2015-11-02T15:00:00Z,MDP,47.28,-40,Market On Close,Filled,-1891.2,"expired" 
2015-11-02T15:00:00Z,NP,68.29,-4,Market On Close,Filled,-273.16,"adjust" 
2015-11-02T15:00:00Z,OTL,55.22,-5,Market On Close,Filled,-276.1,"adjust" 
2015-11-02T15:00:00Z,SYKE,28.48,-9,Market On Close,Filled,-256.32,"adjust" 
2015-11-02T15:00:00Z,UFPI,74.72,-8,Market On Close,Filled,-597.76,"adjust" 
2015-11-02T15:00:00Z,VDSI,19.32,-46,Market On Close,Filled,-888.72,"band" 
2015-11-02T15:00:00Z,FL,68.24,-3,Market On Close,Filled,-204.72,"adjust" 
2015-11-02T15:00:00Z,ZUMZ,17.87,-50,Market On Close,Filled,-893.5,"band" 
2015-11-02T15:00:00Z,SWKS,79.3,3,Market On Close,Filled,237.9,"adjust" 
2015-11-02T15:00:00Z,BBY,35.43,9,Market On Close,Filled,318.87,"adjust" 
2015-11-02T15:00:00Z,CALM,54.73,21,Market On Close,Filled,1149.33,"buy" 
2015-11-02T15:00:00Z,DK,28.43,8,Market On Close,Filled,227.44,"adjust" 
2015-11-02T15:00:00Z,DEPO,18.89,14,Market On Close,Filled,264.46,"adjust" 
2015-11-02T15:00:00Z,FIX,31.28,47,Market On Close,Filled,1470.16,"buy" 
2015-11-02T15:00:00Z,GIII,53.11,4,Market On Close,Filled,212.44,"adjust" 
2015-11-02T15:00:00Z,MMSI,19.02,53,Market On Close,Filled,1008.06,"buy" 
2015-11-02T15:00:00Z,PEG,40.62,6,Market On Close,Filled,243.72,"adjust" 
2015-11-02T15:00:00Z,SAFM,71.25,3,Market On Close,Filled,213.75,"adjust" 
2015-11-02T15:00:00Z,SCVL,22.63,15,Market On Close,Filled,339.45,"adjust" 
2015-11-02T15:00:00Z,AWR,40.58,7,Market On Close,Filled,284.06,"adjust" 
2015-11-02T15:00:00Z,STMP,75.25,5,Market On Close,Filled,376.25,"adjust" 
2015-11-02T15:00:00Z,KAI,41.84,5,Market On Close,Filled,209.2,"adjust" 
2015-11-02T15:00:00Z,TPL,147.04,2,Market On Close,Filled,294.08,"adjust" 
2015-11-02T15:00:00Z,USNA,130.34,2,Market On Close,Filled,260.68,"adjust" 
2015-11-02T15:00:00Z,WNC,12.38,132,Market On Close,Filled,1634.16,"buy" 
2015-12-01T15:00:00Z,ABFS,24.33,-50,Market On Close,Filled,-1216.5,"band" 
2015-12-01T15:00:00Z,GMED,27.73,-20,Market On Close,Filled,-554.6,"adjust" 
2015-12-01T15:00:00Z,MIC,76.47,-30,Market On Close,Filled,-2294.1,"band" 
2015-12-01T15:00:00Z,PLUS,87.54,-6,Market On Close,Filled,-525.24,"adjust" 
2015-12-01T15:00:00Z,SCVL,21.78,-68,Market On Close,Filled,-1481.04,"universe" 
2015-12-01T15:00:00Z,STMP,101.32,-7,Market On Close,Filled,-709.24,"adjust" 
2015-12-01T15:00:00Z,SYKE,31.83,-11,Market On Close,Filled,-350.13,"adjust" 
2015-12-01T15:00:00Z,USPH,52.53,-6,Market On Close,Filled,-315.18,"adjust" 
2015-12-01T15:00:00Z,APU,38.01,13,Market On Close,Filled,494.13,"adjust" 
2015-12-01T15:00:00Z,BBY,31.37,8,Market On Close,Filled,250.96,"adjust" 
2015-12-01T15:00:00Z,CHE,158.74,2,Market On Close,Filled,317.48,"adjust" 
2015-12-01T15:00:00Z,FF,14.41,83,Market On Close,Filled,1196.03,"buy" 
2015-12-01T15:00:00Z,GME,34.7,40,Market On Close,Filled,1388,"buy" 
2015-12-01T15:00:00Z,KFY,38.3,7,Market On Close,Filled,268.1,"adjust" 
2015-12-01T15:00:00Z,KWR,85.4,3,Market On Close,Filled,256.2,"adjust" 
2015-12-01T15:00:00Z,NJR,30.13,8,Market On Close,Filled,241.04,"adjust" 
2015-12-01T15:00:00Z,PARR,24.5,53,Market On Close,Filled,1298.5,"buy" 
2015-12-01T15:00:00Z,SKX,31.63,8,Market On Close,Filled,253.04,"adjust" 
2015-12-01T15:00:00Z,TSRA,33.69,8,Market On Close,Filled,269.52,"adjust" 
2015-12-01T15:00:00Z,UEPS,15.33,25,Market On Close,Filled,383.25,"adjust" 
2015-12-01T15:00:00Z,GHC,540.88,1,Market On Close,Filled,540.88,"adjust" 
