Time,Symbol,Price,Quantity,Type,Status,Value,Tag
2003-02-03T15:00:00Z,BIO,35.48,14,Market On Close,Filled,496.72,"buy" 
2003-02-03T15:00:00Z,CNXS,6.57,75,Market On Close,Filled,492.75,"buy" 
2003-02-03T15:00:00Z,CW,54.06,10,Market On Close,Filled,540.6,"buy" 
2003-02-03T15:00:00Z,DCO,13.06,26,Market On Close,Filled,339.56,"buy" 
2003-02-03T15:00:00Z,EASI,36.44,12,Market On Close,Filled,437.28,"buy" 
2003-02-03T15:00:00Z,EBF,11.31,47,Market On Close,Filled,531.57,"buy" 
2003-02-03T15:00:00Z,EDUC,9.2,51,Market On Close,Filled,469.2,"buy" 
2003-02-03T15:00:00Z,EGN,29.99,23,Market On Close,Filled,689.77,"buy" 
2003-02-03T15:00:00Z,FAF,22.76,31,Market On Close,Filled,705.56,"buy" 
2003-02-03T15:00:00Z,EXPO,14.54,38,Market On Close,Filled,552.52,"buy" 
2003-02-03T15:00:00Z,FIZ,15.27,56,Market On Close,Filled,855.12,"buy" 
2003-02-03T15:00:00Z,FLXS,15.4,38,Market On Close,Filled,585.2,"buy" 
2003-02-03T15:00:00Z,FRGO,8.5,33,Market On Close,Filled,280.5,"buy" 
2003-02-03T15:00:00Z,GCI,72.01,9,Market On Close,Filled,648.09,"buy" 
2003-02-03T15:00:00Z,HCSG,12.73,37,Market On Close,Filled,471.01,"buy" 
2003-02-03T15:00:00Z,IDXX,34.84,15,Market On Close,Filled,522.6,"buy" 
2003-02-03T15:00:00Z,INTL,22.12,15,Market On Close,Filled,331.8,"buy" 
2003-02-03T15:00:00Z,JJSF,27.53,13,Market On Close,Filled,357.89,"buy" 
2003-02-03T15:00:00Z,JOUT,11.97,23,Market On Close,Filled,275.31,"buy" 
2003-02-03T15:00:00Z,MMSI,17.65,21,Market On Close,Filled,370.65,"buy" 
2003-02-03T15:00:00Z,MSN,7.44,34,Market On Close,Filled,252.96,"buy" 
2003-02-03T15:00:00Z,MTRX,8,45,Market On Close,Filled,360,"buy" 
2003-02-03T15:00:00Z,MTSC,10.81,30,Market On Close,Filled,324.3,"buy" 
2003-02-03T15:00:00Z,NEB,21.96,25,Market On Close,Filled,549,"buy" 
2003-02-03T15:00:00Z,NUS,12.14,31,Market On Close,Filled,376.34,"buy" 
2003-02-03T15:00:00Z,PDX,36.24,10,Market On Close,Filled,362.4,"buy" 
2003-02-03T15:00:00Z,PEGA,5.5,47,Market On Close,Filled,258.5,"buy" 
2003-02-03T15:00:00Z,POG,31.79,19,Market On Close,Filled,604.01,"buy" 
2003-02-03T15:00:00Z,RAVN,15.68,46,Market On Close,Filled,721.28,"buy" 
2003-02-03T15:00:00Z,RCII,52.36,9,Market On Close,Filled,471.24,"buy" 
2003-02-03T15:00:00Z,RIMG,8.32,54,Market On Close,Filled,449.28,"buy" 
2003-02-03T15:00:00Z,RVFD,24.95,26,Market On Close,Filled,648.7,"buy" 
2003-02-03T15:00:00Z,SHOO,16.99,32,Market On Close,Filled,543.68,"buy" 
2003-02-03T15:00:00Z,SRT,27.11,16,Market On Close,Filled,433.76,"buy" 
2003-02-03T15:00:00Z,TDY,13.21,30,Market On Close,Filled,396.3,"buy" 
2003-02-03T15:00:00Z,THO,27.44,13,Market On Close,Filled,356.72,"buy" 
2003-02-03T15:00:00Z,TTWO,20.82,15,Market On Close,Filled,312.3,"buy" 
2003-02-03T15:00:00Z,UTMD,17.66,42,Market On Close,Filled,741.72,"buy" 
2003-02-03T15:00:00Z,WMK,31.15,22,Market On Close,Filled,685.3,"buy" 
2003-02-03T15:00:00Z,WSO,15.9,36,Market On Close,Filled,572.4,"buy" 
2003-03-03T15:00:00Z,PEGA,4.1,-47,Market On Close,Filled,-192.7,"universe" 
2003-03-03T15:00:00Z,OIS,11.43,38,Market On Close,Filled,434.34,"buy" 
2003-04-01T15:00:00Z,DCO,10.19,-26,Market On Close,Filled,-264.94,"band" 
2003-04-01T15:00:00Z,RAVN,16.82,-13,Market On Close,Filled,-218.66,"adjust" 
2003-04-01T15:00:00Z,GDT,36.83,12,Market On Close,Filled,441.96,"buy" 
2003-05-01T14:00:00Z,BIO,47.72,-6,Market On Close,Filled,-286.32,"adjust" 
2003-05-01T14:00:00Z,MTRX,12.69,-17,Market On Close,Filled,-215.73,"adjust" 
2003-06-02T14:00:00Z,JOUT,11.99,-23,Market On Close,Filled,-275.77,"band" 
2003-06-02T14:00:00Z,OIS,13.1,-38,Market On Close,Filled,-497.8,"band" 
2003-06-02T14:00:00Z,AMSWA,4.75,71,Market On Close,Filled,337.25,"buy" 
2003-06-02T14:00:00Z,FIZ,14.3,16,Market On Close,Filled,228.8,"adjust" 
2003-06-02T14:00:00Z,UGI,34.13,25,Market On Close,Filled,853.25,"buy" 
2003-07-01T14:00:00Z,AMSWA,4.35,-71,Market On Close,Filled,-308.85,"universe" 
2003-07-01T14:00:00Z,CW,63.5,-10,Market On Close,Filled,-635,"band" 
2003-07-01T14:00:00Z,JJSF,31.37,-13,Market On Close,Filled,-407.81,"band" 
2003-07-01T14:00:00Z,NUS,10.26,-31,Market On Close,Filled,-318.06,"band" 
2003-07-01T14:00:00Z,RIMG,12.6,-18,Market On Close,Filled,-226.8,"adjust" 
2003-07-01T14:00:00Z,TDY,13.42,-30,Market On Close,Filled,-402.6,"band" 
2003-07-01T14:00:00Z,EGN,33.39,5,Market On Close,Filled,166.95,"adjust" 
2003-07-01T14:00:00Z,HOC,27.75,14,Market On Close,Filled,388.5,"buy" 
2003-07-01T14:00:00Z,HWKN,10.4,49,Market On Close,Filled,509.6,"buy" 
2003-07-01T14:00:00Z,MAIR,5.92,57,Market On Close,Filled,337.44,"buy" 
2003-07-01T14:00:00Z,RGCO,23.69,33,Market On Close,Filled,781.77,"buy" 
2003-07-01T14:00:00Z,WDC,11.85,28,Market On Close,Filled,331.8,"buy" 
2003-08-01T14:00:00Z,CNXS,10.98,-31,Market On Close,Filled,-340.38,"adjust" 
2003-08-01T14:00:00Z,GCI,77.03,2,Market On Close,Filled,154.06,"adjust" 
2003-08-01T14:00:00Z,UGI,30.99,4,Market On Close,Filled,123.96,"adjust" 
2003-09-02T14:00:00Z,EASI,59.65,-5,Market On Close,Filled,-298.25,"adjust" 
2003-09-02T14:00:00Z,FLXS,20.17,-11,Market On Close,Filled,-221.87,"adjust" 
2003-09-02T14:00:00Z,MSN,3.8,-34,Market On Close,Filled,-129.2,"universe" 
2003-09-02T14:00:00Z,RAVN,26.45,-9,Market On Close,Filled,-238.05,"adjust" 
2003-09-02T14:00:00Z,THO,56.7,-4,Market On Close,Filled,-226.8,"adjust" 
2003-09-02T14:00:00Z,UTMD,22.81,-11,Market On Close,Filled,-250.91,"adjust" 
2003-09-02T14:00:00Z,GCI,79.32,3,Market On Close,Filled,237.96,"adjust" 
2003-09-02T14:00:00Z,RGCO,23.09,11,Market On Close,Filled,253.99,"adjust" 
2003-09-02T14:00:00Z,SCHN,26.65,16,Market On Close,Filled,426.4,"buy" 
2003-10-01T14:00:00Z,INTL,24.48,-15,Market On Close,Filled,-367.2,"band" 
2003-10-01T14:00:00Z,RGCO,22.93,-44,Market On Close,Filled,-1008.92,"universe" 
2003-10-01T14:00:00Z,CMTL,24.07,11,Market On Close,Filled,264.77,"buy" 
2003-10-01T14:00:00Z,HOC,25.1,10,Market On Close,Filled,251,"adjust" 
2003-10-01T14:00:00Z,SAFM,32,21,Market On Close,Filled,672,"buy" 
2003-10-01T14:00:00Z,UGI,29.25,10,Market On Close,Filled,292.5,"adjust" 
2003-11-03T15:00:00Z,EXPO,21.15,-16,Market On Close,Filled,-338.4,"adjust" 
2003-11-03T15:00:00Z,FLXS,19.5,-27,Market On Close,Filled,-526.5,"expired" 
2003-11-03T15:00:00Z,MMSI,26.62,-8,Market On Close,Filled,-212.96,"adjust" 
2003-11-03T15:00:00Z,MTRX,27.35,-12,Market On Close,Filled,-328.2,"adjust" 
2003-11-03T15:00:00Z,POG,42.12,-5,Market On Close,Filled,-210.6,"adjust" 
2003-11-03T15:00:00Z,SCHN,40.67,-7,Market On Close,Filled,-284.69,"adjust" 
2003-11-03T15:00:00Z,ATRI,42.4,9,Market On Close,Filled,381.6,"buy" 
2003-11-03T15:00:00Z,FIZ,15.14,15,Market On Close,Filled,227.1,"adjust" 
2003-11-03T15:00:00Z,WMK,35.9,6,Market On Close,Filled,215.4,"adjust" 
2003-12-01T15:00:00Z,HOC,27,-24,Market On Close,Filled,-648,"band" 
2003-12-01T15:00:00Z,HWKN,13.09,-49,Market On Close,Filled,-641.41,"universe" 
2003-12-01T15:00:00Z,UTMD,22.56,-31,Market On Close,Filled,-699.36,"universe" 
2003-12-01T15:00:00Z,BIO,51.75,5,Market On Close,Filled,258.75,"adjust" 
2003-12-01T15:00:00Z,CRMT,30.83,20,Market On Close,Filled,616.6,"buy" 
2003-12-01T15:00:00Z,EBF,15,14,Market On Close,Filled,210,"adjust" 
2003-12-01T15:00:00Z,TALK,10.9,27,Market On Close,Filled,294.3,"buy" 
2003-12-01T15:00:00Z,TSAI,20,19,Market On Close,Filled,380,"buy" 
2004-01-02T15:00:00Z,BIO,58.41,-5,Market On Close,Filled,-292.05,"adjust" 
2004-01-02T15:00:00Z,MAIR,7.71,-57,Market On Close,Filled,-439.47,"universe" 
2004-01-02T15:00:00Z,RVFD,27.7,-26,Market On Close,Filled,-720.2,"band" 
2004-01-02T15:00:00Z,SAFM,39.42,-5,Market On Close,Filled,-197.1,"adjust" 
2004-01-02T15:00:00Z,MDU,24.03,56,Market On Close,Filled,1345.68,"buy" 
2004-01-02T15:00:00Z,RSC,14.35,40,Market On Close,Filled,574,"buy" 
2004-02-02T15:00:00Z,CRMT,32.3,-7,Market On Close,Filled,-226.1,"adjust" 
2004-02-02T15:00:00Z,MTSC,23.78,-11,Market On Close,Filled,-261.58,"adjust" 
2004-03-01T15:00:00Z,EDUC,10.61,-51,Market On Close,Filled,-541.11,"band" 
2004-03-01T15:00:00Z,EGN,41.99,-28,Market On Close,Filled,-1175.72,"universe" 
2004-03-01T15:00:00Z,NEB,32.04,-25,Market On Close,Filled,-801,"band" 
2004-03-01T15:00:00Z,SAFM,35.85,-6,Market On Close,Filled,-215.1,"adjust" 
2004-03-01T15:00:00Z,UGI,32.96,-39,Market On Close,Filled,-1285.44,"band" 
2004-03-01T15:00:00Z,WDC,11.58,-28,Market On Close,Filled,-324.24,"band" 
2004-03-01T15:00:00Z,AHS,18.37,38,Market On Close,Filled,698.06,"buy" 
2004-03-01T15:00:00Z,ASGN,5.79,78,Market On Close,Filled,451.62,"buy" 
2004-03-01T15:00:00Z,BIO,52.95,4,Market On Close,Filled,211.8,"adjust" 
2004-03-01T15:00:00Z,CALM,37.99,7,Market On Close,Filled,265.93,"buy" 
2004-03-01T15:00:00Z,DGII,11.84,38,Market On Close,Filled,449.92,"buy" 
2004-03-01T15:00:00Z,FAF,31.37,10,Market On Close,Filled,313.7,"adjust" 
2004-03-01T15:00:00Z,GCI,86.6,3,Market On Close,Filled,259.8,"adjust" 
2004-03-01T15:00:00Z,PEGA,9.25,47,Market On Close,Filled,434.75,"buy" 
2004-03-01T15:00:00Z,RCII,32.63,7,Market On Close,Filled,228.41,"adjust" 
2004-03-01T15:00:00Z,RIMG,16,14,Market On Close,Filled,224,"adjust" 
2004-04-01T15:00:00Z,ASGN,5.5,-78,Market On Close,Filled,-429,"band" 
2004-04-01T15:00:00Z,ATRI,42.18,-9,Market On Close,Filled,-379.62,"universe" 
2004-04-01T15:00:00Z,FIZ,9.45,-94,Market On Close,Filled,-888.3,"adjust" 
2004-04-01T15:00:00Z,SHOO,19.88,-32,Market On Close,Filled,-636.16,"band" 
2004-04-01T15:00:00Z,EXPO,22.7,11,Market On Close,Filled,249.7,"adjust" 
2004-04-01T15:00:00Z,MTLM,37,15,Market On Close,Filled,555,"buy" 
2004-04-01T15:00:00Z,PDX,63.36,4,Market On Close,Filled,253.44,"adjust" 
2004-04-01T15:00:00Z,QDEL,6.41,65,Market On Close,Filled,416.65,"buy" 
2004-04-01T15:00:00Z,SHEN,22.56,25,Market On Close,Filled,564,"buy" 
2004-04-01T15:00:00Z,TALK,8.33,26,Market On Close,Filled,216.58,"adjust" 
2004-04-01T15:00:00Z,WMK,33.84,7,Market On Close,Filled,236.88,"adjust" 
2004-05-03T14:00:00Z,HCSG,15.99,-55,Market On Close,Filled,-879.45,"expired" 
2004-05-03T14:00:00Z,CMTL,16.64,13,Market On Close,Filled,216.32,"adjust" 
2004-05-03T14:00:00Z,OTL,24.63,27,Market On Close,Filled,665.01,"buy" 
2004-05-03T14:00:00Z,RCII,29.93,7,Market On Close,Filled,209.51,"adjust" 
2004-05-03T14:00:00Z,SRT,32.65,8,Market On Close,Filled,261.2,"adjust" 
2004-06-01T14:00:00Z,BIO,56.71,-12,Market On Close,Filled,-680.52,"band" 
2004-06-01T14:00:00Z,SAFM,46.95,-5,Market On Close,Filled,-234.75,"adjust" 
2004-06-01T14:00:00Z,AHS,14.95,17,Market On Close,Filled,254.15,"adjust" 
2004-06-01T14:00:00Z,FARO,26.49,13,Market On Close,Filled,344.37,"buy" 
2004-06-01T14:00:00Z,MMSI,14.3,17,Market On Close,Filled,243.1,"adjust" 
2004-06-01T14:00:00Z,MTSC,22.28,11,Market On Close,Filled,245.08,"adjust" 
2004-07-01T14:00:00Z,CMTL,21.45,-24,Market On Close,Filled,-514.8,"band" 
2004-07-01T14:00:00Z,EBF,18.49,-21,Market On Close,Filled,-388.29,"adjust" 
2004-07-01T14:00:00Z,POG,30.06,-7,Market On Close,Filled,-210.42,"adjust" 
2004-07-01T14:00:00Z,SHEN,26.3,-25,Market On Close,Filled,-657.5,"band" 
2004-07-01T14:00:00Z,CRMT,29.76,8,Market On Close,Filled,238.08,"adjust" 
2004-07-01T14:00:00Z,CNXS,10.63,22,Market On Close,Filled,233.86,"adjust" 
2004-07-01T14:00:00Z,LPX,23.3,30,Market On Close,Filled,699,"buy" 
2004-07-01T14:00:00Z,PEGA,8.3,27,Market On Close,Filled,224.1,"adjust" 
2004-07-01T14:00:00Z,RSC,12.4,17,Market On Close,Filled,210.8,"adjust" 
2004-07-01T14:00:00Z,TESS,17.25,29,Market On Close,Filled,500.25,"buy" 
2004-07-01T14:00:00Z,TTWO,30.22,7,Market On Close,Filled,211.54,"adjust" 
2004-08-02T14:00:00Z,MMSI,16.38,-42,Market On Close,Filled,-687.96,"band" 
2004-08-02T14:00:00Z,MTRX,7.63,-32,Market On Close,Filled,-244.16,"band" 
2004-08-02T14:00:00Z,QDEL,3.46,-65,Market On Close,Filled,-224.9,"universe" 
2004-08-02T14:00:00Z,RAVN,39.49,-6,Market On Close,Filled,-236.94,"adjust" 
2004-08-02T14:00:00Z,WSO,29.1,-8,Market On Close,Filled,-232.8,"adjust" 
2004-08-02T14:00:00Z,AMED,27.35,15,Market On Close,Filled,410.25,"buy" 
2004-08-02T14:00:00Z,AXE,34.4,33,Market On Close,Filled,1135.2,"buy" 
2004-08-02T14:00:00Z,ESCA,10.99,36,Market On Close,Filled,395.64,"buy" 
2004-09-01T14:00:00Z,AHS,11.54,-55,Market On Close,Filled,-634.7,"band" 
2004-09-01T14:00:00Z,TSAI,17.56,13,Market On Close,Filled,228.28,"adjust" 
2004-09-01T14:00:00Z,ZEUS,20.63,18,Market On Close,Filled,371.34,"buy" 
2004-10-01T14:00:00Z,CRMT,34,-21,Market On Close,Filled,-714,"band" 
2004-10-01T14:00:00Z,EASI,46.38,-10,Market On Close,Filled,-463.8,"band" 
2004-10-01T14:00:00Z,EBF,21.64,-11,Market On Close,Filled,-238.04,"adjust" 
2004-10-01T14:00:00Z,POG,30.14,-29,Market On Close,Filled,-874.06,"band" 
2004-10-01T14:00:00Z,THO,27.66,-18,Market On Close,Filled,-497.88,"band" 
2004-10-01T14:00:00Z,TTWO,34.81,-22,Market On Close,Filled,-765.82,"band" 
2004-10-01T14:00:00Z,CYBE,16.88,26,Market On Close,Filled,438.88,"buy" 
2004-10-01T14:00:00Z,ECOL,10.09,45,Market On Close,Filled,454.05,"buy" 
2004-10-01T14:00:00Z,FRGO,9.78,21,Market On Close,Filled,205.38,"adjust" 
2004-10-01T14:00:00Z,HOC,25.95,45,Market On Close,Filled,1167.75,"buy" 
2004-10-01T14:00:00Z,NHC,29.6,23,Market On Close,Filled,680.8,"buy" 
2004-10-01T14:00:00Z,SEB,608,1,Market On Close,Filled,608,"buy" 
2004-10-01T14:00:00Z,TALK,5.35,42,Market On Close,Filled,224.7,"adjust" 
2004-11-01T15:00:00Z,ESCA,14.02,-36,Market On Close,Filled,-504.72,"band" 
2004-11-01T15:00:00Z,FRGO,13.07,-16,Market On Close,Filled,-209.12,"adjust" 
2004-11-01T15:00:00Z,SEB,680,-1,Market On Close,Filled,-680,"adjust" 
2004-11-01T15:00:00Z,CALM,10.11,25,Market On Close,Filled,252.75,"adjust" 
2004-11-01T15:00:00Z,PCU,43.81,12,Market On Close,Filled,525.72,"buy" 
2004-11-01T15:00:00Z,SRT,28.13,9,Market On Close,Filled,253.17,"adjust" 
2004-12-01T15:00:00Z,HOC,27.97,-11,Market On Close,Filled,-307.67,"adjust" 
2004-12-01T15:00:00Z,MTLM,25.98,-10,Market On Close,Filled,-259.8,"adjust" 
2004-12-01T15:00:00Z,RAVN,21.3,-12,Market On Close,Filled,-255.6,"adjust" 
2004-12-01T15:00:00Z,SCHN,35.7,-13,Market On Close,Filled,-464.1,"band" 
2004-12-01T15:00:00Z,EBF,19.99,11,Market On Close,Filled,219.89,"adjust" 
2004-12-01T15:00:00Z,IDXX,52.23,6,Market On Close,Filled,313.38,"adjust" 
2004-12-01T15:00:00Z,NATR,16.98,43,Market On Close,Filled,730.14,"buy" 
2005-01-03T15:00:00Z,CALM,11.96,-39,Market On Close,Filled,-466.44,"band" 
2005-01-03T15:00:00Z,MTSC,33.48,-7,Market On Close,Filled,-234.36,"adjust" 
2005-01-03T15:00:00Z,PEGA,8.54,-74,Market On Close,Filled,-631.96,"band" 
2005-01-03T15:00:00Z,SRT,27.8,-33,Market On Close,Filled,-917.4,"band" 
2005-01-03T15:00:00Z,CNC,28.62,24,Market On Close,Filled,686.88,"buy" 
2005-01-03T15:00:00Z,NUE,50.49,12,Market On Close,Filled,605.88,"buy" 
2005-01-03T15:00:00Z,PNM,24.85,59,Market On Close,Filled,1466.15,"buy" 
2005-02-01T15:00:00Z,CNXS,15.58,-29,Market On Close,Filled,-451.82,"adjust" 
2005-02-01T15:00:00Z,EBF,17.33,-40,Market On Close,Filled,-693.2,"band" 
2005-02-01T15:00:00Z,HOC,30.5,-8,Market On Close,Filled,-244,"adjust" 
2005-02-01T15:00:00Z,MTSC,36.5,-6,Market On Close,Filled,-219,"adjust" 
2005-02-01T15:00:00Z,OTL,20.38,-27,Market On Close,Filled,-550.26,"band" 
2005-02-01T15:00:00Z,ABFS,40.86,20,Market On Close,Filled,817.2,"buy" 
2005-02-01T15:00:00Z,FARO,28.74,7,Market On Close,Filled,201.18,"adjust" 
2005-02-01T15:00:00Z,GCI,79.41,3,Market On Close,Filled,238.23,"adjust" 
2005-02-01T15:00:00Z,MLI,31.96,29,Market On Close,Filled,926.84,"buy" 
2005-03-01T15:00:00Z,HOC,37.11,-6,Market On Close,Filled,-222.66,"adjust" 
2005-03-01T15:00:00Z,PNM,26.63,-8,Market On Close,Filled,-213.04,"adjust" 
2005-03-01T15:00:00Z,TSAI,23.64,-9,Market On Close,Filled,-212.76,"adjust" 
2005-03-01T15:00:00Z,AIT,29.12,20,Market On Close,Filled,582.4,"buy" 
2005-03-01T15:00:00Z,GDT,73.96,3,Market On Close,Filled,221.88,"adjust" 
2005-04-01T15:00:00Z,FAF,32.59,-7,Market On Close,Filled,-228.13,"adjust" 
2005-04-01T15:00:00Z,RCII,26.95,-36,Market On Close,Filled,-970.2,"band" 
2005-04-01T15:00:00Z,RSC,14,-57,Market On Close,Filled,-798,"band" 
2005-04-01T15:00:00Z,WSO,42.12,-5,Market On Close,Filled,-210.6,"adjust" 
2005-04-01T15:00:00Z,STLD,34.41,15,Market On Close,Filled,516.15,"buy" 
2005-05-02T14:00:00Z,AXE,37.42,-8,Market On Close,Filled,-299.36,"adjust" 
2005-05-02T14:00:00Z,TALK,8.62,-32,Market On Close,Filled,-275.84,"adjust" 
2005-05-02T14:00:00Z,WMK,38.08,-10,Market On Close,Filled,-380.8,"adjust" 
2005-05-02T14:00:00Z,WSO,44.73,-6,Market On Close,Filled,-268.38,"adjust" 
2005-05-02T14:00:00Z,AMED,30.64,7,Market On Close,Filled,214.48,"adjust" 
2005-05-02T14:00:00Z,FIZ,7.28,44,Market On Close,Filled,320.32,"adjust" 
2005-05-02T14:00:00Z,GDT,74.08,5,Market On Close,Filled,370.4,"adjust" 
2005-05-02T14:00:00Z,SAFM,36.76,8,Market On Close,Filled,294.08,"adjust" 
2005-06-01T14:00:00Z,CNXS,21.53,-10,Market On Close,Filled,-215.3,"adjust" 
2005-06-01T14:00:00Z,FIZ,8.18,-123,Market On Close,Filled,-1006.14,"band" 
2005-06-01T14:00:00Z,IDXX,57.87,-21,Market On Close,Filled,-1215.27,"band" 
2005-06-01T14:00:00Z,RIMG,21.3,-11,Market On Close,Filled,-234.3,"adjust" 
2005-06-01T14:00:00Z,TESS,12.75,-29,Market On Close,Filled,-369.75,"band" 
2005-06-01T14:00:00Z,TSAI,23,9,Market On Close,Filled,207,"adjust" 
2005-06-01T14:00:00Z,UGI,26.89,50,Market On Close,Filled,1344.5,"buy" 
2005-06-01T14:00:00Z,VLO,71.3,9,Market On Close,Filled,641.7,"buy" 
2005-06-01T14:00:00Z,X,40.14,15,Market On Close,Filled,602.1,"buy" 
2005-07-01T14:00:00Z,ECOL,17.56,-16,Market On Close,Filled,-280.96,"adjust" 
2005-07-01T14:00:00Z,SAFM,45.97,-20,Market On Close,Filled,-919.4,"band" 
2005-07-01T14:00:00Z,ABFS,32.56,7,Market On Close,Filled,227.92,"adjust" 
2005-07-01T14:00:00Z,CMC,24.24,23,Market On Close,Filled,557.52,"buy" 
2005-07-01T14:00:00Z,CYBE,13.03,16,Market On Close,Filled,208.48,"adjust" 
2005-07-01T14:00:00Z,GCI,71.91,3,Market On Close,Filled,215.73,"adjust" 
2005-07-01T14:00:00Z,MLI,27.23,9,Market On Close,Filled,245.07,"adjust" 
2005-08-01T14:00:00Z,RIMG,25.13,-13,Market On Close,Filled,-326.69,"adjust" 
2005-08-01T14:00:00Z,ZEUS,15.89,-18,Market On Close,Filled,-286.02,"band" 
2005-08-01T14:00:00Z,FARO,23.89,12,Market On Close,Filled,286.68,"adjust" 
2005-08-01T14:00:00Z,NHC,33.99,6,Market On Close,Filled,203.94,"adjust" 
2005-08-01T14:00:00Z,PDX,78.68,3,Market On Close,Filled,236.04,"adjust" 
2005-08-01T14:00:00Z,SPTN,12.14,47,Market On Close,Filled,570.58,"buy" 
2005-08-01T14:00:00Z,WMK,40.73,6,Market On Close,Filled,244.38,"adjust" 
2005-09-01T14:00:00Z,CYBE,13.9,-42,Market On Close,Filled,-583.8,"band" 
2005-09-01T14:00:00Z,HOC,57.21,-6,Market On Close,Filled,-343.26,"adjust" 
2005-09-01T14:00:00Z,MLI,27.14,-38,Market On Close,Filled,-1031.32,"band" 
2005-09-01T14:00:00Z,PNM,29.61,-51,Market On Close,Filled,-1510.11,"band" 
2005-09-01T14:00:00Z,VLO,109.5,-3,Market On Close,Filled,-328.5,"adjust" 
2005-09-01T14:00:00Z,DGII,10.71,20,Market On Close,Filled,214.2,"adjust" 
2005-09-01T14:00:00Z,FAF,41.79,5,Market On Close,Filled,208.95,"adjust" 
2005-09-01T14:00:00Z,LPX,25.7,10,Market On Close,Filled,257,"adjust" 
2005-09-01T14:00:00Z,MTEX,12.45,37,Market On Close,Filled,460.65,"buy" 
2005-09-01T14:00:00Z,ODP,29.45,34,Market On Close,Filled,1001.3,"buy" 
2005-09-01T14:00:00Z,PLPC,44.43,17,Market On Close,Filled,755.31,"buy" 
2005-10-03T14:00:00Z,CNXS,25.99,-8,Market On Close,Filled,-207.92,"adjust" 
2005-10-03T14:00:00Z,FAF,45.82,-7,Market On Close,Filled,-320.74,"adjust" 
2005-10-03T14:00:00Z,MDU,36.67,-6,Market On Close,Filled,-220.02,"adjust" 
2005-10-03T14:00:00Z,MTEX,11.7,-37,Market On Close,Filled,-432.9,"band" 
2005-10-03T14:00:00Z,NATR,22.29,-9,Market On Close,Filled,-200.61,"adjust" 
2005-10-03T14:00:00Z,STLD,32.9,-15,Market On Close,Filled,-493.5,"band" 
2005-10-03T14:00:00Z,AEOS,23.61,27,Market On Close,Filled,637.47,"buy" 
2005-10-03T14:00:00Z,FARO,19.83,12,Market On Close,Filled,237.96,"adjust" 
2005-10-03T14:00:00Z,GDT,68.71,3,Market On Close,Filled,206.13,"adjust" 
2005-10-03T14:00:00Z,PDX,76.98,4,Market On Close,Filled,307.92,"adjust" 
2005-10-03T14:00:00Z,PETS,10.62,63,Market On Close,Filled,669.06,"buy" 
2005-11-01T15:00:00Z,FARO,20.67,-44,Market On Close,Filled,-909.48,"band" 
2005-11-01T15:00:00Z,GDT,63,-5,Market On Close,Filled,-315,"adjust" 
2005-11-01T15:00:00Z,AXE,37.39,8,Market On Close,Filled,299.12,"adjust" 
2005-11-01T15:00:00Z,GCI,63.36,4,Market On Close,Filled,253.44,"adjust" 
2005-11-01T15:00:00Z,MTLM,24.05,10,Market On Close,Filled,240.5,"adjust" 
2005-11-01T15:00:00Z,RS,57.76,15,Market On Close,Filled,866.4,"buy" 
2005-11-01T15:00:00Z,X,37.56,7,Market On Close,Filled,262.92,"adjust" 
2005-12-01T15:00:00Z,CNC,25.21,-24,Market On Close,Filled,-605.04,"band" 
2005-12-01T15:00:00Z,DGII,13.29,-58,Market On Close,Filled,-770.82,"band" 
2005-12-01T15:00:00Z,FAF,47.84,-5,Market On Close,Filled,-239.2,"adjust" 
2005-12-01T15:00:00Z,X,48.98,-22,Market On Close,Filled,-1077.56,"band" 
2005-12-01T15:00:00Z,LYTS,18.09,49,Market On Close,Filled,886.41,"buy" 
2005-12-01T15:00:00Z,NATR,20.03,12,Market On Close,Filled,240.36,"adjust" 
2005-12-01T15:00:00Z,COP,62.97,15,Market On Close,Filled,944.55,"buy" 
2005-12-01T15:00:00Z,SPTN,10.7,23,Market On Close,Filled,246.1,"adjust" 
2005-12-01T15:00:00Z,SYKE,13.63,46,Market On Close,Filled,626.98,"buy" 
2006-01-03T15:00:00Z,ABFS,44.55,-5,Market On Close,Filled,-222.75,"adjust" 
2006-01-03T15:00:00Z,PDX,89.99,-3,Market On Close,Filled,-269.97,"adjust" 
2006-01-03T15:00:00Z,PETS,14.31,-22,Market On Close,Filled,-314.82,"adjust" 
2006-01-03T15:00:00Z,ECOL,15.48,18,Market On Close,Filled,278.64,"adjust" 
2006-02-01T15:00:00Z,CMC,47.08,-5,Market On Close,Filled,-235.4,"adjust" 
2006-02-01T15:00:00Z,GDT,73.85,-4,Market On Close,Filled,-295.4,"adjust" 
2006-02-01T15:00:00Z,HOC,71.7,-3,Market On Close,Filled,-215.1,"adjust" 
2006-02-01T15:00:00Z,PCU,86.84,-3,Market On Close,Filled,-260.52,"adjust" 
2006-02-01T15:00:00Z,RS,78.45,-3,Market On Close,Filled,-235.35,"adjust" 
2006-02-01T15:00:00Z,SPTN,12.08,-70,Market On Close,Filled,-845.6,"expired" 
2006-02-01T15:00:00Z,WSO,70.91,-3,Market On Close,Filled,-212.73,"adjust" 
2006-02-01T15:00:00Z,FAF,46.75,5,Market On Close,Filled,233.75,"adjust" 
2006-02-01T15:00:00Z,NHC,40.25,5,Market On Close,Filled,201.25,"adjust" 
2006-02-01T15:00:00Z,PLPC,45.29,5,Market On Close,Filled,226.45,"adjust" 
2006-02-01T15:00:00Z,SCVL,23.85,27,Market On Close,Filled,643.95,"buy" 
2006-02-01T15:00:00Z,SYKE,13.02,17,Market On Close,Filled,221.34,"adjust" 
2006-02-01T15:00:00Z,TALK,9.55,24,Market On Close,Filled,229.2,"adjust" 
2006-02-01T15:00:00Z,UGI,21.55,13,Market On Close,Filled,280.15,"adjust" 
2006-02-01T15:00:00Z,WMK,42.94,7,Market On Close,Filled,300.58,"adjust" 
2006-03-01T15:00:00Z,PDX,95.76,-4,Market On Close,Filled,-383.04,"adjust" 
2006-03-01T15:00:00Z,UGI,22.31,-63,Market On Close,Filled,-1405.53,"band" 
2006-03-01T15:00:00Z,ABFS,42.69,5,Market On Close,Filled,213.45,"adjust" 
2006-03-01T15:00:00Z,CRUS,8.04,116,Market On Close,Filled,932.64,"buy" 
2006-03-01T15:00:00Z,IIIN,39.29,15,Market On Close,Filled,589.35,"buy" 
2006-03-01T15:00:00Z,LPX,27.98,9,Market On Close,Filled,251.82,"adjust" 
2006-03-01T15:00:00Z,NATR,17.17,12,Market On Close,Filled,206.04,"adjust" 
2006-04-03T14:00:00Z,AEOS,28.79,-27,Market On Close,Filled,-777.33,"band" 
2006-04-03T14:00:00Z,AXE,47.29,-33,Market On Close,Filled,-1560.57,"universe" 
2006-04-03T14:00:00Z,IIIN,59.24,-7,Market On Close,Filled,-414.68,"adjust" 
2006-04-03T14:00:00Z,MTSC,41.33,-17,Market On Close,Filled,-702.61,"universe" 
2006-04-03T14:00:00Z,NUE,107.97,-3,Market On Close,Filled,-323.91,"adjust" 
2006-04-03T14:00:00Z,CNXS,21.7,11,Market On Close,Filled,238.7,"adjust" 
2006-04-03T14:00:00Z,EGY,6.83,101,Market On Close,Filled,689.83,"buy" 
2006-04-03T14:00:00Z,FAF,38.8,7,Market On Close,Filled,271.6,"adjust" 
2006-04-03T14:00:00Z,EXPO,31.46,8,Market On Close,Filled,251.68,"adjust" 
2006-04-03T14:00:00Z,FRGO,16.61,16,Market On Close,Filled,265.76,"adjust" 
2006-04-03T14:00:00Z,GCI,60.35,4,Market On Close,Filled,241.4,"adjust" 
2006-04-03T14:00:00Z,GDT,77.25,3,Market On Close,Filled,231.75,"adjust" 
2006-04-03T14:00:00Z,SHOO,35.78,28,Market On Close,Filled,1001.84,"buy" 
2006-04-03T14:00:00Z,ZEUS,30.9,25,Market On Close,Filled,772.5,"buy" 
2006-04-22T04:00:00Z,GDT,80.05,-17,Market,Filled,-1360.85,"Liquidate from delisting" 
2006-05-01T14:00:00Z,CRUS,9.4,-24,Market On Close,Filled,-225.6,"adjust" 
2006-05-01T14:00:00Z,ECOL,25.5,-18,Market On Close,Filled,-459,"adjust" 
2006-05-01T14:00:00Z,NATR,10.04,-58,Market On Close,Filled,-582.32,"universe" 
2006-05-01T14:00:00Z,SHOO,53.01,-17,Market On Close,Filled,-901.17,"adjust" 
2006-05-01T14:00:00Z,SYKE,16.51,-13,Market On Close,Filled,-214.63,"adjust" 
2006-05-01T14:00:00Z,TSAI,39.78,-8,Market On Close,Filled,-318.24,"adjust" 
2006-05-01T14:00:00Z,GCI,54.41,5,Market On Close,Filled,272.05,"adjust" 
2006-05-01T14:00:00Z,MSTR,98.5,10,Market On Close,Filled,985,"buy" 
2006-05-01T14:00:00Z,COP,67.75,3,Market On Close,Filled,203.25,"adjust" 
2006-05-01T14:00:00Z,PDX,49.85,6,Market On Close,Filled,299.1,"adjust" 
2006-05-01T14:00:00Z,TALK,9.03,24,Market On Close,Filled,216.72,"adjust" 
2006-05-01T14:00:00Z,WSO,63.16,5,Market On Close,Filled,315.8,"adjust" 
2006-06-01T14:00:00Z,FRGO,24.9,-54,Market On Close,Filled,-1344.6,"band" 
2006-06-01T14:00:00Z,PLPC,35.96,-22,Market On Close,Filled,-791.12,"band" 
2006-06-01T14:00:00Z,DECK,36.65,26,Market On Close,Filled,952.9,"buy" 
2006-06-01T14:00:00Z,EXPO,30.73,10,Market On Close,Filled,307.3,"adjust" 
2006-06-01T14:00:00Z,MDU,36.25,6,Market On Close,Filled,217.5,"adjust" 
2006-06-01T14:00:00Z,RIMG,21.86,11,Market On Close,Filled,240.46,"adjust" 
2006-06-01T14:00:00Z,SCVL,25.13,11,Market On Close,Filled,276.43,"adjust" 
2006-06-01T14:00:00Z,STLD,59.35,13,Market On Close,Filled,771.55,"buy" 
2006-06-01T14:00:00Z,VLO,61.48,4,Market On Close,Filled,245.92,"adjust" 
2006-06-01T14:00:00Z,WIRE,37.84,17,Market On Close,Filled,643.28,"buy" 
2006-07-03T14:00:00Z,ABFS,50.55,-5,Market On Close,Filled,-252.75,"adjust" 
2006-07-03T14:00:00Z,EGY,10.1,-32,Market On Close,Filled,-323.2,"adjust" 
2006-07-03T14:00:00Z,EXPO,16.73,-13,Market On Close,Filled,-217.49,"adjust" 
2006-07-03T14:00:00Z,WMK,41.05,-6,Market On Close,Filled,-246.3,"adjust" 
2006-07-03T14:00:00Z,AIT,24.46,10,Market On Close,Filled,244.6,"adjust" 
2006-07-03T14:00:00Z,LPX,21.9,13,Market On Close,Filled,284.7,"adjust" 
2006-07-03T14:00:00Z,ODP,37.73,6,Market On Close,Filled,226.38,"adjust" 
2006-07-03T14:00:00Z,PETS,11.45,22,Market On Close,Filled,251.9,"adjust" 
2006-07-03T14:00:00Z,TALK,6.24,58,Market On Close,Filled,361.92,"adjust" 
2006-08-01T14:00:00Z,CRUS,6.56,-92,Market On Close,Filled,-603.52,"expired" 
2006-08-01T14:00:00Z,DECK,41.77,-8,Market On Close,Filled,-334.16,"adjust" 
2006-08-01T14:00:00Z,EXPO,15.34,-22,Market On Close,Filled,-337.48,"adjust" 
2006-08-01T14:00:00Z,HOC,52.25,-4,Market On Close,Filled,-209,"adjust" 
2006-08-01T14:00:00Z,LPX,19.86,-62,Market On Close,Filled,-1231.32,"band" 
2006-08-01T14:00:00Z,NHC,45.17,-9,Market On Close,Filled,-406.53,"adjust" 
2006-08-01T14:00:00Z,RIMG,23.92,-37,Market On Close,Filled,-885.04,"band" 
2006-08-01T14:00:00Z,ECOL,21.01,11,Market On Close,Filled,231.11,"adjust" 
2006-08-01T14:00:00Z,KBALB,17.33,65,Market On Close,Filled,1126.45,"buy" 
2006-08-01T14:00:00Z,LMS,27.28,22,Market On Close,Filled,600.16,"buy" 
2006-08-01T14:00:00Z,RAVN,28.71,7,Market On Close,Filled,200.97,"adjust" 
2006-08-01T14:00:00Z,TTMI,10.58,64,Market On Close,Filled,677.12,"buy" 
2006-09-01T14:00:00Z,CNXS,28.1,-30,Market On Close,Filled,-843,"band" 
2006-09-01T14:00:00Z,KBALB,17.46,-15,Market On Close,Filled,-261.9,"adjust" 
2006-09-01T14:00:00Z,LYTS,18.31,-18,Market On Close,Filled,-329.58,"adjust" 
2006-09-01T14:00:00Z,ODP,36.95,-10,Market On Close,Filled,-369.5,"adjust" 
2006-09-01T14:00:00Z,SYKE,20.2,-14,Market On Close,Filled,-282.8,"adjust" 
2006-09-01T14:00:00Z,TALK,5.84,-169,Market On Close,Filled,-986.96,"band" 
2006-09-01T14:00:00Z,WSO,43.58,-19,Market On Close,Filled,-828.02,"band" 
2006-09-01T14:00:00Z,BLS,41.34,47,Market On Close,Filled,1942.98,"buy" 
2006-09-01T14:00:00Z,MRO,84.78,13,Market On Close,Filled,1102.14,"buy" 
2006-09-01T14:00:00Z,OGE,37.3,54,Market On Close,Filled,2014.2,"buy" 
2006-09-01T14:00:00Z,COP,64.22,4,Market On Close,Filled,256.88,"adjust" 
2006-10-02T14:00:00Z,ECOL,19.63,-40,Market On Close,Filled,-785.2,"band" 
2006-10-02T14:00:00Z,LYTS,16.02,-31,Market On Close,Filled,-496.62,"band" 
2006-10-02T14:00:00Z,NHC,51.27,-7,Market On Close,Filled,-358.89,"adjust" 
2006-10-02T14:00:00Z,RAVN,28.97,-31,Market On Close,Filled,-898.07,"band" 
2006-10-02T14:00:00Z,DLTR,31.29,40,Market On Close,Filled,1251.6,"buy" 
2006-10-02T14:00:00Z,IVAC,16.43,32,Market On Close,Filled,525.76,"buy" 
2006-10-02T14:00:00Z,TESS,31.52,30,Market On Close,Filled,945.6,"buy" 
2006-11-01T15:00:00Z,AIT,27.83,-9,Market On Close,Filled,-250.47,"adjust" 
2006-11-01T15:00:00Z,KBALB,24.56,-12,Market On Close,Filled,-294.72,"adjust" 
2006-11-01T15:00:00Z,MDU,25.7,-12,Market On Close,Filled,-308.4,"adjust" 
2006-11-01T15:00:00Z,NUE,57.34,-4,Market On Close,Filled,-229.36,"adjust" 
2006-11-01T15:00:00Z,TESS,31.67,-9,Market On Close,Filled,-285.03,"adjust" 
2006-11-01T15:00:00Z,AMED,39.89,5,Market On Close,Filled,199.45,"adjust" 
2006-11-01T15:00:00Z,IIIN,17.02,12,Market On Close,Filled,204.24,"adjust" 
2006-11-01T15:00:00Z,LMS,20.91,11,Market On Close,Filled,230.01,"adjust" 
2006-11-01T15:00:00Z,VLO,51.1,4,Market On Close,Filled,204.4,"adjust" 
2006-11-01T15:00:00Z,WMK,39.8,10,Market On Close,Filled,398,"adjust" 
2006-12-01T15:00:00Z,FAF,38.63,-39,Market On Close,Filled,-1506.57,"expired" 
2006-12-01T15:00:00Z,IVAC,27.26,-12,Market On Close,Filled,-327.12,"adjust" 
2006-12-01T15:00:00Z,MTLM,35.36,-7,Market On Close,Filled,-247.52,"adjust" 
2006-12-01T15:00:00Z,PDX,48.55,-34,Market On Close,Filled,-1650.7,"expired" 
2006-12-01T15:00:00Z,WMK,39.89,-42,Market On Close,Filled,-1675.38,"band" 
2006-12-01T15:00:00Z,AMWD,38.35,25,Market On Close,Filled,958.75,"buy" 
2006-12-01T15:00:00Z,AP,33.95,19,Market On Close,Filled,645.05,"buy" 
2006-12-01T15:00:00Z,DLTR,29.59,12,Market On Close,Filled,355.08,"adjust" 
2006-12-01T15:00:00Z,ODP,37.25,6,Market On Close,Filled,223.5,"adjust" 
2006-12-01T15:00:00Z,SPH,37.98,59,Market On Close,Filled,2240.82,"buy" 
2006-12-01T15:00:00Z,SYKE,16.64,13,Market On Close,Filled,216.32,"adjust" 
2006-12-01T15:00:00Z,WIRE,25.15,11,Market On Close,Filled,276.65,"adjust" 
2006-12-30T05:00:00Z,BLS,47.15,-47,Market,Filled,-2216.05,"Liquidate from delisting" 
2007-01-03T15:00:00Z,AMED,33.3,-35,Market On Close,Filled,-1165.5,"band" 
2007-01-03T15:00:00Z,SCVL,31.42,-7,Market On Close,Filled,-219.94,"adjust" 
2007-01-03T15:00:00Z,ABFS,37.07,7,Market On Close,Filled,259.49,"adjust" 
2007-01-03T15:00:00Z,AEOS,32.53,36,Market On Close,Filled,1171.08,"buy" 
2007-01-03T15:00:00Z,EGY,6.58,45,Market On Close,Filled,296.1,"adjust" 
2007-01-03T15:00:00Z,SHOO,35.97,6,Market On Close,Filled,215.82,"adjust" 
2007-01-03T15:00:00Z,ZEUS,21.66,11,Market On Close,Filled,238.26,"adjust" 
2007-02-01T15:00:00Z,RS,43.01,-24,Market On Close,Filled,-1032.24,"band" 
2007-02-01T15:00:00Z,SPH,38.71,-59,Market On Close,Filled,-2283.89,"expired" 
2007-02-01T15:00:00Z,TSAI,36.99,-24,Market On Close,Filled,-887.76,"band" 
2007-02-01T15:00:00Z,ZEUS,27.81,-36,Market On Close,Filled,-1001.16,"band" 
2007-02-01T15:00:00Z,ABM,26.19,60,Market On Close,Filled,1571.4,"buy" 
2007-02-01T15:00:00Z,AIT,25.09,10,Market On Close,Filled,250.9,"adjust" 
2007-02-01T15:00:00Z,BKE,33.8,35,Market On Close,Filled,1183,"buy" 
2007-02-01T15:00:00Z,CVX,74.41,24,Market On Close,Filled,1785.84,"buy" 
2007-02-01T15:00:00Z,FIZ,13.74,56,Market On Close,Filled,769.44,"buy" 
2007-02-01T15:00:00Z,MDU,26.21,8,Market On Close,Filled,209.68,"adjust" 
2007-03-01T15:00:00Z,DLTR,34.37,-7,Market On Close,Filled,-240.59,"adjust" 
2007-03-01T15:00:00Z,PCU,69.75,-5,Market On Close,Filled,-348.75,"adjust" 
2007-03-01T15:00:00Z,PETS,12.38,-63,Market On Close,Filled,-779.94,"band" 
2007-03-01T15:00:00Z,TESS,26.88,-11,Market On Close,Filled,-295.68,"adjust" 
2007-03-01T15:00:00Z,WIRE,25.15,-28,Market On Close,Filled,-704.2,"band" 
2007-03-01T15:00:00Z,AMED,31.72,39,Market On Close,Filled,1237.08,"buy" 
2007-03-01T15:00:00Z,AP,24.49,11,Market On Close,Filled,269.39,"adjust" 
2007-03-01T15:00:00Z,LAWS,37.86,21,Market On Close,Filled,795.06,"buy" 
2007-03-01T15:00:00Z,MGPI,19.17,39,Market On Close,Filled,747.63,"buy" 
2007-03-01T15:00:00Z,ODP,33.31,9,Market On Close,Filled,299.79,"adjust" 
2007-03-01T15:00:00Z,SHOO,28.53,7,Market On Close,Filled,199.71,"adjust" 
2007-04-02T14:00:00Z,IIIN,16.71,-28,Market On Close,Filled,-467.88,"band" 
2007-04-02T14:00:00Z,LAWS,36.84,-21,Market On Close,Filled,-773.64,"band" 
2007-04-02T14:00:00Z,MDU,29.07,-7,Market On Close,Filled,-203.49,"adjust" 
2007-04-02T14:00:00Z,STLD,43.23,-6,Market On Close,Filled,-259.38,"adjust" 
2007-04-02T14:00:00Z,SYKE,18.11,-13,Market On Close,Filled,-235.43,"adjust" 
2007-04-02T14:00:00Z,TTMI,9.44,-64,Market On Close,Filled,-604.16,"band" 
2007-04-02T14:00:00Z,AEIS,21.3,39,Market On Close,Filled,830.7,"buy" 
2007-04-02T14:00:00Z,AMWD,36.79,7,Market On Close,Filled,257.53,"adjust" 
2007-04-02T14:00:00Z,EGY,5.08,44,Market On Close,Filled,223.52,"adjust" 
2007-04-02T14:00:00Z,GCI,56.29,4,Market On Close,Filled,225.16,"adjust" 
2007-04-02T14:00:00Z,NHC,50.41,5,Market On Close,Filled,252.05,"adjust" 
2007-04-02T14:00:00Z,OGE,39.28,6,Market On Close,Filled,235.68,"adjust" 
2007-04-02T14:00:00Z,USNA,47.44,19,Market On Close,Filled,901.36,"buy" 
2007-05-01T14:00:00Z,AEIS,24.9,-10,Market On Close,Filled,-249,"adjust" 
2007-05-01T14:00:00Z,AMED,33.86,-39,Market On Close,Filled,-1320.54,"expired" 
2007-05-01T14:00:00Z,AP,36.08,-30,Market On Close,Filled,-1082.4,"band" 
2007-05-01T14:00:00Z,DECK,76.47,-3,Market On Close,Filled,-229.41,"adjust" 
2007-05-01T14:00:00Z,GCI,58.16,-40,Market On Close,Filled,-2326.4,"expired" 
2007-05-01T14:00:00Z,LMS,26.8,-33,Market On Close,Filled,-884.4,"expired" 
2007-05-01T14:00:00Z,MGPI,19.59,-39,Market On Close,Filled,-764.01,"band" 
2007-05-01T14:00:00Z,STLD,44.21,-20,Market On Close,Filled,-884.2,"expired" 
2007-05-01T14:00:00Z,ALB,42.51,30,Market On Close,Filled,1275.3,"buy" 
2007-05-01T14:00:00Z,EBF,22.94,59,Market On Close,Filled,1353.46,"buy" 
2007-05-01T14:00:00Z,KBALB,17.86,15,Market On Close,Filled,267.9,"adjust" 
2007-05-01T14:00:00Z,LDL,13.9,54,Market On Close,Filled,750.6,"buy" 
2007-05-01T14:00:00Z,LNDC,12.54,79,Market On Close,Filled,990.66,"buy" 
2007-05-01T14:00:00Z,PCCC,13.31,53,Market On Close,Filled,705.43,"buy" 
2007-05-01T14:00:00Z,SHOO,31.5,7,Market On Close,Filled,220.5,"adjust" 
2007-05-01T14:00:00Z,USMO,21.28,57,Market On Close,Filled,1212.96,"buy" 
2007-06-01T14:00:00Z,AEOS,27.19,-36,Market On Close,Filled,-978.84,"expired" 
2007-06-01T14:00:00Z,DLTR,42.41,-6,Market On Close,Filled,-254.46,"adjust" 
2007-06-01T14:00:00Z,EGY,4.86,-158,Market On Close,Filled,-767.88,"universe" 
2007-06-01T14:00:00Z,EXPO,23.32,-13,Market On Close,Filled,-303.16,"adjust" 
2007-06-01T14:00:00Z,MRO,126.74,-2,Market On Close,Filled,-253.48,"adjust" 
2007-06-01T14:00:00Z,BRKS,17.7,65,Market On Close,Filled,1150.5,"buy" 
2007-06-01T14:00:00Z,CMI,94.1,11,Market On Close,Filled,1035.1,"buy" 
2007-06-01T14:00:00Z,IVAC,19.2,11,Market On Close,Filled,211.2,"adjust" 
2007-06-01T14:00:00Z,KBALB,13.91,17,Market On Close,Filled,236.47,"adjust" 
2007-06-01T14:00:00Z,OGE,36.96,7,Market On Close,Filled,258.72,"adjust" 
2007-06-01T14:00:00Z,TESS,24.9,8,Market On Close,Filled,199.2,"adjust" 
2007-07-02T14:00:00Z,DECK,100.96,-2,Market On Close,Filled,-201.92,"adjust" 
2007-07-02T14:00:00Z,EBF,23.98,-59,Market On Close,Filled,-1414.82,"expired" 
2007-07-02T14:00:00Z,KBALB,14.01,-70,Market On Close,Filled,-980.7,"band" 
2007-07-02T14:00:00Z,MSTR,94.59,-10,Market On Close,Filled,-945.9,"band" 
2007-07-02T14:00:00Z,OGE,37,-67,Market On Close,Filled,-2479,"band" 
2007-07-02T14:00:00Z,USMO,26.46,-9,Market On Close,Filled,-238.14,"adjust" 
2007-07-02T14:00:00Z,ALB,38.77,7,Market On Close,Filled,271.39,"adjust" 
2007-07-02T14:00:00Z,BW,42.86,13,Market On Close,Filled,557.18,"buy" 
2007-07-02T14:00:00Z,GIII,16.68,47,Market On Close,Filled,783.96,"buy" 
2007-07-02T14:00:00Z,HHGP,21.56,41,Market On Close,Filled,883.96,"buy" 
2007-07-02T14:00:00Z,MTLM,43.46,6,Market On Close,Filled,260.76,"adjust" 
2007-07-02T14:00:00Z,NHC,53.65,5,Market On Close,Filled,268.25,"adjust" 
2007-07-02T14:00:00Z,NUE,59.7,5,Market On Close,Filled,298.5,"adjust" 
2007-07-02T14:00:00Z,NVR,671.72,1,Market On Close,Filled,671.72,"buy" 
2007-07-02T14:00:00Z,SCVL,27.31,9,Market On Close,Filled,245.79,"adjust" 
2007-07-02T14:00:00Z,SYKE,19.06,13,Market On Close,Filled,247.78,"adjust" 
2007-08-01T14:00:00Z,ABM,25.16,-16,Market On Close,Filled,-402.56,"adjust" 
2007-08-01T14:00:00Z,CVX,85.11,-3,Market On Close,Filled,-255.33,"adjust" 
2007-08-01T14:00:00Z,CMI,120.05,-3,Market On Close,Filled,-360.15,"adjust" 
2007-08-01T14:00:00Z,DECK,104.94,-4,Market On Close,Filled,-419.76,"adjust" 
2007-08-01T14:00:00Z,FIZ,9.79,-67,Market On Close,Filled,-655.93,"band" 
2007-08-01T14:00:00Z,COP,80.76,-3,Market On Close,Filled,-242.28,"adjust" 
2007-08-01T14:00:00Z,PCU,108.25,-3,Market On Close,Filled,-324.75,"adjust" 
2007-08-01T14:00:00Z,AMWD,30.3,9,Market On Close,Filled,272.7,"adjust" 
2007-08-01T14:00:00Z,B,30.8,36,Market On Close,Filled,1108.8,"buy" 
2007-08-01T14:00:00Z,ODP,25.28,12,Market On Close,Filled,303.36,"adjust" 
2007-08-01T14:00:00Z,SHOO,28.14,12,Market On Close,Filled,337.68,"adjust" 
2007-08-01T14:00:00Z,TESS,16.3,10,Market On Close,Filled,163,"adjust" 
2007-08-01T14:00:00Z,VLO,63.57,3,Market On Close,Filled,190.71,"adjust" 
2007-09-04T14:00:00Z,ABFS,36.4,-29,Market On Close,Filled,-1055.6,"band" 
2007-09-04T14:00:00Z,AIT,32.81,-11,Market On Close,Filled,-360.91,"adjust" 
2007-09-04T14:00:00Z,DLTR,43.24,-11,Market On Close,Filled,-475.64,"adjust" 
2007-09-04T14:00:00Z,EXPO,24.86,-15,Market On Close,Filled,-372.9,"adjust" 
2007-09-04T14:00:00Z,LNDC,13.67,-16,Market On Close,Filled,-218.72,"adjust" 
2007-09-04T14:00:00Z,SYKE,16.17,-49,Market On Close,Filled,-792.33,"band" 
2007-09-04T14:00:00Z,USNA,39.98,-19,Market On Close,Filled,-759.62,"band" 
2007-09-04T14:00:00Z,AEIS,16.26,13,Market On Close,Filled,211.38,"adjust" 
2007-09-04T14:00:00Z,AMED,37.65,42,Market On Close,Filled,1581.3,"buy" 
2007-09-04T14:00:00Z,APU,35.45,59,Market On Close,Filled,2091.55,"buy" 
2007-09-04T14:00:00Z,BRKS,14.25,23,Market On Close,Filled,327.75,"adjust" 
2007-09-04T14:00:00Z,HHGP,13.91,16,Market On Close,Filled,222.56,"adjust" 
2007-09-04T14:00:00Z,IVAC,17.02,13,Market On Close,Filled,221.26,"adjust" 
2007-09-04T14:00:00Z,RS,53.51,21,Market On Close,Filled,1123.71,"buy" 
2007-09-04T14:00:00Z,SCVL,17.7,18,Market On Close,Filled,318.6,"adjust" 
2007-09-04T14:00:00Z,UAUA,47.85,20,Market On Close,Filled,957,"buy" 
2007-10-01T14:00:00Z,ALB,44.09,-11,Market On Close,Filled,-484.99,"adjust" 
2007-10-01T14:00:00Z,AMWD,26.19,-41,Market On Close,Filled,-1073.79,"band" 
2007-10-01T14:00:00Z,CMI,132.74,-2,Market On Close,Filled,-265.48,"adjust" 
2007-10-01T14:00:00Z,GIII,20.47,-11,Market On Close,Filled,-225.17,"adjust" 
2007-10-01T14:00:00Z,LNDC,16,-63,Market On Close,Filled,-1008,"expired" 
2007-10-01T14:00:00Z,MDU,27.98,-9,Market On Close,Filled,-251.82,"adjust" 
2007-10-01T14:00:00Z,MTLM,53.94,-10,Market On Close,Filled,-539.4,"adjust" 
2007-10-01T14:00:00Z,PCU,127.8,-2,Market On Close,Filled,-255.6,"adjust" 
2007-10-01T14:00:00Z,SCVL,15.79,-58,Market On Close,Filled,-915.82,"band" 
2007-10-01T14:00:00Z,TESS,15.55,-38,Market On Close,Filled,-590.9,"band" 
2007-10-01T14:00:00Z,DLX,38.25,23,Market On Close,Filled,879.75,"buy" 
2007-10-01T14:00:00Z,LDL,9.53,22,Market On Close,Filled,209.66,"adjust" 
2007-10-01T14:00:00Z,NHC,53.01,5,Market On Close,Filled,265.05,"adjust" 
2007-10-01T14:00:00Z,NVR,481.8,1,Market On Close,Filled,481.8,"adjust" 
2007-10-01T14:00:00Z,PETS,14.45,86,Market On Close,Filled,1242.7,"buy" 
2007-10-01T14:00:00Z,VLGEA,52.12,24,Market On Close,Filled,1250.88,"buy" 
2007-11-01T14:00:00Z,AMED,42.45,-16,Market On Close,Filled,-679.2,"adjust" 
2007-11-01T14:00:00Z,BKE,40.9,-7,Market On Close,Filled,-286.3,"adjust" 
2007-11-01T14:00:00Z,DECK,132.75,-5,Market On Close,Filled,-663.75,"adjust" 
2007-11-01T14:00:00Z,NVR,450,-1,Market On Close,Filled,-450,"adjust" 
2007-11-01T14:00:00Z,DLTR,36.61,7,Market On Close,Filled,256.27,"adjust" 
2007-11-01T14:00:00Z,GIII,15.14,14,Market On Close,Filled,211.96,"adjust" 
2007-11-01T14:00:00Z,MDU,27.73,9,Market On Close,Filled,249.57,"adjust" 
2007-11-01T14:00:00Z,MTLM,50.46,4,Market On Close,Filled,201.84,"adjust" 
2007-11-01T14:00:00Z,SCHN,64.07,13,Market On Close,Filled,832.91,"buy" 
2007-11-01T14:00:00Z,USMO,16.33,18,Market On Close,Filled,293.94,"adjust" 
2007-12-03T15:00:00Z,NHC,49.13,-33,Market On Close,Filled,-1621.29,"band" 
2007-12-03T15:00:00Z,DLX,29.85,8,Market On Close,Filled,238.8,"adjust" 
2007-12-03T15:00:00Z,HHGP,8.68,33,Market On Close,Filled,286.44,"adjust" 
2007-12-03T15:00:00Z,HOC,48.48,6,Market On Close,Filled,290.88,"adjust" 
2007-12-03T15:00:00Z,NVTL,15.32,45,Market On Close,Filled,689.4,"buy" 
2008-01-02T15:00:00Z,ABM,20.16,-44,Market On Close,Filled,-887.04,"band" 
2008-01-02T15:00:00Z,CVX,93.5,-3,Market On Close,Filled,-280.5,"adjust" 
2008-01-02T15:00:00Z,GIII,13.59,-50,Market On Close,Filled,-679.5,"band" 
2008-01-02T15:00:00Z,HOC,50.71,-24,Market On Close,Filled,-1217.04,"band" 
2008-01-02T15:00:00Z,LDL,10.26,-76,Market On Close,Filled,-779.76,"band" 
2008-01-02T15:00:00Z,PCCC,11.28,-53,Market On Close,Filled,-597.84,"band" 
2008-01-02T15:00:00Z,AEIS,12.76,16,Market On Close,Filled,204.16,"adjust" 
2008-01-02T15:00:00Z,BW,37.56,6,Market On Close,Filled,225.36,"adjust" 
2008-01-02T15:00:00Z,CALM,25.99,26,Market On Close,Filled,675.74,"buy" 
2008-01-02T15:00:00Z,EXPO,26.45,8,Market On Close,Filled,211.6,"adjust" 
2008-01-02T15:00:00Z,FLO,22.9,64,Market On Close,Filled,1465.6,"buy" 
2008-01-02T15:00:00Z,IMMR,13.04,54,Market On Close,Filled,704.16,"buy" 
2008-01-02T15:00:00Z,VIVO,29.81,39,Market On Close,Filled,1162.59,"buy" 
2008-01-02T15:00:00Z,PETS,11.77,18,Market On Close,Filled,211.86,"adjust" 
2008-01-02T15:00:00Z,UAUA,31.99,6,Market On Close,Filled,191.94,"adjust" 
2008-01-02T15:00:00Z,ZEUS,32.2,29,Market On Close,Filled,933.8,"buy" 
2008-02-01T15:00:00Z,BKE,42.14,-6,Market On Close,Filled,-252.84,"adjust" 
2008-02-01T15:00:00Z,DLTR,27.79,-35,Market On Close,Filled,-972.65,"band" 
2008-02-01T15:00:00Z,EXPO,31.02,-10,Market On Close,Filled,-310.2,"adjust" 
2008-02-01T15:00:00Z,PETS,12.35,-31,Market On Close,Filled,-382.85,"adjust" 
2008-02-01T15:00:00Z,UAUA,41.14,-10,Market On Close,Filled,-411.4,"adjust" 
2008-02-01T15:00:00Z,IVAC,11.44,25,Market On Close,Filled,286,"adjust" 
2008-02-01T15:00:00Z,MEI,12.91,52,Market On Close,Filled,671.32,"buy" 
2008-03-03T15:00:00Z,BW,26.82,-19,Market On Close,Filled,-509.58,"band" 
2008-03-03T15:00:00Z,DLX,19.97,-31,Market On Close,Filled,-619.07,"band" 
2008-03-03T15:00:00Z,VIVO,34.58,-6,Market On Close,Filled,-207.48,"adjust" 
2008-03-03T15:00:00Z,ODP,11.08,-57,Market On Close,Filled,-631.56,"band" 
2008-03-03T15:00:00Z,ZEUS,42.85,-7,Market On Close,Filled,-299.95,"adjust" 
2008-03-03T15:00:00Z,CMI,50.99,4,Market On Close,Filled,203.96,"adjust" 
2008-03-03T15:00:00Z,KAMN,23.57,41,Market On Close,Filled,966.37,"buy" 
2008-03-03T15:00:00Z,OXY,78.29,15,Market On Close,Filled,1174.35,"buy" 
2008-03-03T15:00:00Z,USMO,10.42,35,Market On Close,Filled,364.7,"adjust" 
2008-03-03T15:00:00Z,WDC,31.25,29,Market On Close,Filled,906.25,"buy" 
2008-03-15T04:00:00Z,MTLM,55.27,-23,Market,Filled,-1271.21,"Liquidate from delisting" 
2008-04-01T14:00:00Z,AEIS,13.68,-58,Market On Close,Filled,-793.44,"band" 
2008-04-01T14:00:00Z,ALB,37,-26,Market On Close,Filled,-962,"band" 
2008-04-01T14:00:00Z,CALM,31.09,-7,Market On Close,Filled,-217.63,"adjust" 
2008-04-01T14:00:00Z,FLO,24.55,-11,Market On Close,Filled,-270.05,"adjust" 
2008-04-01T14:00:00Z,HHGP,8.96,-90,Market On Close,Filled,-806.4,"band" 
2008-04-01T14:00:00Z,IVAC,13.94,-69,Market On Close,Filled,-961.86,"band" 
2008-04-01T14:00:00Z,NUE,69.25,-5,Market On Close,Filled,-346.25,"adjust" 
2008-04-01T14:00:00Z,RS,60.29,-4,Market On Close,Filled,-241.16,"adjust" 
2008-04-01T14:00:00Z,USMO,7.45,-101,Market On Close,Filled,-752.45,"band" 
2008-04-01T14:00:00Z,VLO,51.87,-23,Market On Close,Filled,-1193.01,"band" 
2008-04-01T14:00:00Z,APU,30.24,7,Market On Close,Filled,211.68,"adjust" 
2008-04-01T14:00:00Z,AZZ,37.81,20,Market On Close,Filled,756.2,"buy" 
2008-04-01T14:00:00Z,DECK,111.49,2,Market On Close,Filled,222.98,"adjust" 
2008-04-01T14:00:00Z,FCX,97.59,8,Market On Close,Filled,780.72,"buy" 
2008-04-01T14:00:00Z,FSTR,44.97,14,Market On Close,Filled,629.58,"buy" 
2008-04-01T14:00:00Z,IMMR,6.98,33,Market On Close,Filled,230.34,"adjust" 
2008-04-01T14:00:00Z,JAKK,28.75,36,Market On Close,Filled,1035,"buy" 
2008-04-01T14:00:00Z,LG,35.89,45,Market On Close,Filled,1615.05,"buy" 
2008-04-01T14:00:00Z,LXU,15.08,48,Market On Close,Filled,723.84,"buy" 
2008-04-01T14:00:00Z,NVTL,10.39,21,Market On Close,Filled,218.19,"adjust" 
2008-04-01T14:00:00Z,SCHL,30.49,35,Market On Close,Filled,1067.15,"buy" 
2008-04-01T14:00:00Z,UAUA,23.13,13,Market On Close,Filled,300.69,"adjust" 
2008-05-01T14:00:00Z,AMED,52.34,-26,Market On Close,Filled,-1360.84,"expired" 
2008-05-01T14:00:00Z,CMI,65.75,-16,Market On Close,Filled,-1052,"band" 
2008-05-01T14:00:00Z,DECK,143.38,-2,Market On Close,Filled,-286.76,"adjust" 
2008-05-01T14:00:00Z,EXPO,34.07,-9,Market On Close,Filled,-306.63,"adjust" 
2008-05-01T14:00:00Z,IMMR,11.06,-87,Market On Close,Filled,-962.22,"band" 
2008-05-01T14:00:00Z,KAMN,27.67,-41,Market On Close,Filled,-1134.47,"expired" 
2008-05-01T14:00:00Z,OXY,81.02,-15,Market On Close,Filled,-1215.3,"expired" 
2008-05-01T14:00:00Z,COP,86.59,-19,Market On Close,Filled,-1645.21,"expired" 
2008-05-01T14:00:00Z,PCU,110,-8,Market On Close,Filled,-880,"expired" 
2008-05-01T14:00:00Z,SCHN,86.4,-3,Market On Close,Filled,-259.2,"adjust" 
2008-05-01T14:00:00Z,UAUA,16.1,-29,Market On Close,Filled,-466.9,"expired" 
2008-05-01T14:00:00Z,AAON,19.08,53,Market On Close,Filled,1011.24,"buy" 
2008-05-01T14:00:00Z,ATNI,33.25,33,Market On Close,Filled,1097.25,"buy" 
2008-05-01T14:00:00Z,AZZ,27.56,8,Market On Close,Filled,220.48,"adjust" 
2008-05-01T14:00:00Z,CUB,27.74,30,Market On Close,Filled,832.2,"buy" 
2008-05-01T14:00:00Z,NEU,63.59,14,Market On Close,Filled,890.26,"buy" 
2008-05-01T14:00:00Z,GHM,58.23,9,Market On Close,Filled,524.07,"buy" 
2008-05-01T14:00:00Z,HOFT,21.3,41,Market On Close,Filled,873.3,"buy" 
2008-05-01T14:00:00Z,PETS,11.21,31,Market On Close,Filled,347.51,"adjust" 
2008-05-01T14:00:00Z,PTEN,27.94,42,Market On Close,Filled,1173.48,"buy" 
2008-05-01T14:00:00Z,SCHL,29.32,8,Market On Close,Filled,234.56,"adjust" 
2008-05-01T14:00:00Z,WEYS,28.57,28,Market On Close,Filled,799.96,"buy" 
2008-06-02T14:00:00Z,B,30.9,-7,Market On Close,Filled,-216.3,"adjust" 
2008-06-02T14:00:00Z,BRKS,9.89,-88,Market On Close,Filled,-870.32,"band" 
2008-06-02T14:00:00Z,FLO,27.91,-53,Market On Close,Filled,-1479.23,"expired" 
2008-06-02T14:00:00Z,LXU,17.5,-48,Market On Close,Filled,-840,"band" 
2008-06-02T14:00:00Z,MDU,32.72,-10,Market On Close,Filled,-327.2,"adjust" 
2008-06-02T14:00:00Z,MRO,51.66,-22,Market On Close,Filled,-1136.52,"band" 
2008-06-02T14:00:00Z,NVTL,10.19,-66,Market On Close,Filled,-672.54,"expired" 
2008-06-02T14:00:00Z,PETS,13.86,-21,Market On Close,Filled,-291.06,"adjust" 
2008-06-02T14:00:00Z,ZEUS,62.23,-6,Market On Close,Filled,-373.38,"adjust" 
2008-06-02T14:00:00Z,APA,135.81,9,Market On Close,Filled,1222.29,"buy" 
2008-06-02T14:00:00Z,CF,139.39,5,Market On Close,Filled,696.95,"buy" 
2008-06-02T14:00:00Z,FSTR,34.19,6,Market On Close,Filled,205.14,"adjust" 
2008-06-02T14:00:00Z,JAKK,22.79,12,Market On Close,Filled,273.48,"adjust" 
2008-06-02T14:00:00Z,NFLX,30.89,26,Market On Close,Filled,803.14,"buy" 
2008-06-02T14:00:00Z,OXY,92.58,13,Market On Close,Filled,1203.54,"buy" 
2008-06-02T14:00:00Z,USPH,16.89,132,Market On Close,Filled,2229.48,"buy" 
2008-06-02T14:00:00Z,VLGEA,46.27,6,Market On Close,Filled,277.62,"adjust" 
2008-07-01T14:00:00Z,AZZ,44.06,-11,Market On Close,Filled,-484.66,"adjust" 
2008-07-01T14:00:00Z,CMC,36.95,-7,Market On Close,Filled,-258.65,"adjust" 
2008-07-01T14:00:00Z,CUB,22.01,-30,Market On Close,Filled,-660.3,"band" 
2008-07-01T14:00:00Z,MDU,34.89,-9,Market On Close,Filled,-314.01,"adjust" 
2008-07-01T14:00:00Z,PTEN,36.02,-11,Market On Close,Filled,-396.22,"adjust" 
2008-07-01T14:00:00Z,SCHN,114.56,-2,Market On Close,Filled,-229.12,"adjust" 
2008-07-01T14:00:00Z,ZEUS,70.47,-3,Market On Close,Filled,-211.41,"adjust" 
2008-07-01T14:00:00Z,AIT,23.8,10,Market On Close,Filled,238,"adjust" 
2008-07-01T14:00:00Z,B,23.6,11,Market On Close,Filled,259.6,"adjust" 
2008-07-01T14:00:00Z,VIVO,28.03,8,Market On Close,Filled,224.24,"adjust" 
2008-07-01T14:00:00Z,MEI,10.44,21,Market On Close,Filled,219.24,"adjust" 
2008-07-01T14:00:00Z,NVR,508.01,1,Market On Close,Filled,508.01,"adjust" 
2008-07-01T14:00:00Z,UACL,22.31,38,Market On Close,Filled,847.78,"buy" 
2008-08-01T14:00:00Z,AZZ,46.14,-17,Market On Close,Filled,-784.38,"expired" 
2008-08-01T14:00:00Z,GHM,101.97,-9,Market On Close,Filled,-917.73,"expired" 
2008-08-01T14:00:00Z,NVR,539.04,-1,Market On Close,Filled,-539.04,"adjust" 
2008-08-01T14:00:00Z,SHOO,22.79,-9,Market On Close,Filled,-205.11,"adjust" 
2008-08-01T14:00:00Z,DECK,105.49,2,Market On Close,Filled,210.98,"adjust" 
2008-08-01T14:00:00Z,HOFT,16.96,13,Market On Close,Filled,220.48,"adjust" 
2008-08-01T14:00:00Z,SKX,18.96,37,Market On Close,Filled,701.52,"buy" 
2008-08-01T14:00:00Z,UGI,26.27,79,Market On Close,Filled,2075.33,"buy" 
2008-09-02T14:00:00Z,AIT,28.7,-7,Market On Close,Filled,-200.9,"adjust" 
2008-09-02T14:00:00Z,SCHL,27.02,-43,Market On Close,Filled,-1161.86,"band" 
2008-09-02T14:00:00Z,USPH,19.98,-41,Market On Close,Filled,-819.18,"adjust" 
2008-09-02T14:00:00Z,VLGEA,44.99,-6,Market On Close,Filled,-269.94,"adjust" 
2008-09-02T14:00:00Z,CMC,24.61,10,Market On Close,Filled,246.1,"adjust" 
2008-09-02T14:00:00Z,EXPO,30,8,Market On Close,Filled,240,"adjust" 
2008-09-02T14:00:00Z,SCHN,64.15,4,Market On Close,Filled,256.6,"adjust" 
2008-09-02T14:00:00Z,WDC,26.34,9,Market On Close,Filled,237.06,"adjust" 
2008-09-02T14:00:00Z,WTI,33.31,25,Market On Close,Filled,832.75,"buy" 
2008-10-01T14:00:00Z,BKE,51.95,-4,Market On Close,Filled,-207.8,"adjust" 
2008-10-01T14:00:00Z,CALM,27.42,-19,Market On Close,Filled,-520.98,"expired" 
2008-10-01T14:00:00Z,CMC,16.28,-39,Market On Close,Filled,-634.92,"band" 
2008-10-01T14:00:00Z,FCX,52.97,-8,Market On Close,Filled,-423.76,"band" 
2008-10-01T14:00:00Z,VIVO,29.55,-41,Market On Close,Filled,-1211.55,"band" 
2008-10-01T14:00:00Z,LG,50.68,-17,Market On Close,Filled,-861.56,"adjust" 
2008-10-01T14:00:00Z,MDU,28.9,-10,Market On Close,Filled,-289,"adjust" 
2008-10-01T14:00:00Z,VLGEA,47.77,-5,Market On Close,Filled,-238.85,"adjust" 
2008-10-01T14:00:00Z,DAR,11,75,Market On Close,Filled,825,"buy" 
2008-10-01T14:00:00Z,NEU,52.55,4,Market On Close,Filled,210.2,"adjust" 
2008-10-01T14:00:00Z,FSTR,30.71,7,Market On Close,Filled,214.97,"adjust" 
2008-10-01T14:00:00Z,IIIN,13,58,Market On Close,Filled,754,"buy" 
2008-10-01T14:00:00Z,LHCG,29,30,Market On Close,Filled,870,"buy" 
2008-10-01T14:00:00Z,MEI,8.73,24,Market On Close,Filled,209.52,"adjust" 
2008-10-01T14:00:00Z,NFLX,30.04,7,Market On Close,Filled,210.28,"adjust" 
2008-10-01T14:00:00Z,SCHN,37.63,6,Market On Close,Filled,225.78,"adjust" 
2008-10-01T14:00:00Z,SKX,16.23,16,Market On Close,Filled,259.68,"adjust" 
2008-10-01T14:00:00Z,TTWO,15.93,46,Market On Close,Filled,732.78,"buy" 
2008-10-01T14:00:00Z,ZEUS,28.14,8,Market On Close,Filled,225.12,"adjust" 
2008-11-03T15:00:00Z,APU,31.48,-37,Market On Close,Filled,-1164.76,"adjust" 
2008-11-03T15:00:00Z,AIT,19.93,-32,Market On Close,Filled,-637.76,"expired" 
2008-11-03T15:00:00Z,CVX,73.61,-7,Market On Close,Filled,-515.27,"adjust" 
2008-11-03T15:00:00Z,DECK,80.65,-6,Market On Close,Filled,-483.9,"band" 
2008-11-03T15:00:00Z,FSTR,28.28,-27,Market On Close,Filled,-763.56,"band" 
2008-11-03T15:00:00Z,LG,54.58,-9,Market On Close,Filled,-491.22,"adjust" 
2008-11-03T15:00:00Z,LHCG,33.95,-11,Market On Close,Filled,-373.45,"adjust" 
2008-11-03T15:00:00Z,PETS,18.25,-19,Market On Close,Filled,-346.75,"adjust" 
2008-11-03T15:00:00Z,UGI,23.83,-26,Market On Close,Filled,-619.58,"adjust" 
2008-11-03T15:00:00Z,ABFS,29.03,26,Market On Close,Filled,754.78,"buy" 
2008-11-03T15:00:00Z,BKE,26.09,10,Market On Close,Filled,260.9,"adjust" 
2008-11-03T15:00:00Z,CALM,29.09,23,Market On Close,Filled,669.07,"buy" 
2008-11-03T15:00:00Z,HOFT,9.8,44,Market On Close,Filled,431.2,"adjust" 
2008-11-03T15:00:00Z,K,52.29,33,Market On Close,Filled,1725.57,"buy" 
2008-11-03T15:00:00Z,NVR,499.85,1,Market On Close,Filled,499.85,"adjust" 
2008-11-03T15:00:00Z,PTEN,12.63,18,Market On Close,Filled,227.34,"adjust" 
2008-11-03T15:00:00Z,TTWO,12.26,23,Market On Close,Filled,281.98,"adjust" 
2008-12-01T15:00:00Z,AAON,17.3,-13,Market On Close,Filled,-224.9,"adjust" 
2008-12-01T15:00:00Z,NEU,29.22,-18,Market On Close,Filled,-525.96,"band" 
2008-12-01T15:00:00Z,WEYS,27.26,-8,Market On Close,Filled,-218.08,"adjust" 
2008-12-01T15:00:00Z,B,11.92,16,Market On Close,Filled,190.72,"adjust" 
2008-12-01T15:00:00Z,CF,44.12,4,Market On Close,Filled,176.48,"adjust" 
2008-12-01T15:00:00Z,DAR,3.66,44,Market On Close,Filled,161.04,"adjust" 
2008-12-01T15:00:00Z,GCO,11.47,46,Market On Close,Filled,527.62,"buy" 
2008-12-01T15:00:00Z,JAKK,17.03,13,Market On Close,Filled,221.39,"adjust" 
2008-12-01T15:00:00Z,SHOO,16.89,14,Market On Close,Filled,236.46,"adjust" 
2008-12-01T15:00:00Z,WDC,10.8,23,Market On Close,Filled,248.4,"adjust" 
2009-01-02T15:00:00Z,HOFT,7.67,-98,Market On Close,Filled,-751.66,"band" 
2009-01-02T15:00:00Z,SCHN,40.18,-18,Market On Close,Filled,-723.24,"expired" 
2009-01-02T15:00:00Z,SHOO,21.25,-12,Market On Close,Filled,-255,"adjust" 
2009-01-02T15:00:00Z,USPH,13.2,-18,Market On Close,Filled,-237.6,"adjust" 
2009-01-02T15:00:00Z,VLGEA,53.69,-4,Market On Close,Filled,-214.76,"adjust" 
2009-01-02T15:00:00Z,APU,29.54,8,Market On Close,Filled,236.32,"adjust" 
2009-01-02T15:00:00Z,DLTR,42.05,28,Market On Close,Filled,1177.4,"buy" 
2009-01-02T15:00:00Z,DMLP,17.73,54,Market On Close,Filled,957.42,"buy" 
2009-01-02T15:00:00Z,K,45,5,Market On Close,Filled,225,"adjust" 
2009-01-02T15:00:00Z,SKX,12.87,17,Market On Close,Filled,218.79,"adjust" 
2009-01-02T15:00:00Z,TTWO,7.95,31,Market On Close,Filled,246.45,"adjust" 
2009-01-02T15:00:00Z,WTI,15.22,16,Market On Close,Filled,243.52,"adjust" 
2009-02-02T15:00:00Z,DAR,4.48,-119,Market On Close,Filled,-533.12,"universe" 
2009-02-02T15:00:00Z,DMLP,19.75,-13,Market On Close,Filled,-256.75,"adjust" 
2009-02-02T15:00:00Z,MEI,4.9,-97,Market On Close,Filled,-475.3,"universe" 
2009-02-02T15:00:00Z,NFLX,36.95,-13,Market On Close,Filled,-480.35,"adjust" 
2009-02-02T15:00:00Z,WDC,15.52,-61,Market On Close,Filled,-946.72,"band" 
2009-02-02T15:00:00Z,CRK,38.42,13,Market On Close,Filled,499.46,"buy" 
2009-02-02T15:00:00Z,EGY,7.86,68,Market On Close,Filled,534.48,"buy" 
2009-02-02T15:00:00Z,LHCG,27.2,9,Market On Close,Filled,244.8,"adjust" 
2009-02-02T15:00:00Z,KFRC,6.32,115,Market On Close,Filled,726.8,"buy" 
2009-03-02T15:00:00Z,APU,27.34,-7,Market On Close,Filled,-191.38,"adjust" 
2009-03-02T15:00:00Z,BKE,23.28,-10,Market On Close,Filled,-232.8,"adjust" 
2009-03-02T15:00:00Z,CF,58.99,-9,Market On Close,Filled,-530.91,"band" 
2009-03-02T15:00:00Z,DLTR,39.23,-6,Market On Close,Filled,-235.38,"adjust" 
2009-03-02T15:00:00Z,CALM,20.47,10,Market On Close,Filled,204.7,"adjust" 
2009-03-02T15:00:00Z,FSYS,19.25,20,Market On Close,Filled,385,"buy" 
2009-04-01T14:00:00Z,ABFS,19.17,-26,Market On Close,Filled,-498.42,"band" 
2009-04-01T14:00:00Z,APA,66.05,-9,Market On Close,Filled,-594.45,"band" 
2009-04-01T14:00:00Z,B,11,-56,Market On Close,Filled,-616,"band" 
2009-04-01T14:00:00Z,GCO,19.2,-15,Market On Close,Filled,-288,"adjust" 
2009-04-01T14:00:00Z,JAKK,12.65,-61,Market On Close,Filled,-771.65,"band" 
2009-04-01T14:00:00Z,NVR,430.02,-2,Market On Close,Filled,-860.04,"band" 
2009-04-01T14:00:00Z,SKX,6.91,-70,Market On Close,Filled,-483.7,"band" 
2009-04-01T14:00:00Z,TTWO,8.47,-26,Market On Close,Filled,-220.22,"adjust" 
2009-04-01T14:00:00Z,WTI,6.24,-41,Market On Close,Filled,-255.84,"band" 
2009-04-01T14:00:00Z,CMTL,25.14,27,Market On Close,Filled,678.78,"buy" 
2009-04-01T14:00:00Z,CNC,17.65,46,Market On Close,Filled,811.9,"buy" 
2009-04-01T14:00:00Z,CODI,9.21,60,Market On Close,Filled,552.6,"buy" 
2009-04-01T14:00:00Z,HWKN,15.34,68,Market On Close,Filled,1043.12,"buy" 
2009-04-01T14:00:00Z,LG,39.12,8,Market On Close,Filled,312.96,"adjust" 
2009-04-01T14:00:00Z,MLAB,16.6,53,Market On Close,Filled,879.8,"buy" 
2009-04-01T14:00:00Z,MTSC,22.55,38,Market On Close,Filled,856.9,"buy" 
2009-04-01T14:00:00Z,SYKE,16.59,47,Market On Close,Filled,779.73,"buy" 
2009-05-01T14:00:00Z,BKE,36.61,-7,Market On Close,Filled,-256.27,"adjust" 
2009-05-01T14:00:00Z,EGY,4.7,-68,Market On Close,Filled,-319.6,"universe" 
2009-05-01T14:00:00Z,KFRC,10.63,-115,Market On Close,Filled,-1222.45,"expired" 
2009-05-01T14:00:00Z,SHOO,28.47,-16,Market On Close,Filled,-455.52,"adjust" 
2009-05-01T14:00:00Z,USPH,11.16,-18,Market On Close,Filled,-200.88,"adjust" 
2009-05-01T14:00:00Z,DLTR,41.53,5,Market On Close,Filled,207.65,"adjust" 
2009-05-01T14:00:00Z,KIRK,6.71,98,Market On Close,Filled,657.58,"buy" 
2009-05-01T14:00:00Z,LG,35.59,8,Market On Close,Filled,284.72,"adjust" 
2009-05-01T14:00:00Z,PLCE,28.9,24,Market On Close,Filled,693.6,"buy" 
2009-05-01T14:00:00Z,UGI,23.62,13,Market On Close,Filled,307.06,"adjust" 
2009-06-01T14:00:00Z,HWKN,21,-18,Market On Close,Filled,-378,"adjust" 
2009-06-01T14:00:00Z,IIIN,9.08,-58,Market On Close,Filled,-526.64,"band" 
2009-06-01T14:00:00Z,FSYS,22.74,-20,Market On Close,Filled,-454.8,"band" 
2009-06-01T14:00:00Z,MDU,19.61,-43,Market On Close,Filled,-843.23,"band" 
2009-06-01T14:00:00Z,MLAB,20,-11,Market On Close,Filled,-220,"adjust" 
2009-06-01T14:00:00Z,OXY,69.33,-3,Market On Close,Filled,-207.99,"adjust" 
2009-06-01T14:00:00Z,PLCE,36.79,-6,Market On Close,Filled,-220.74,"adjust" 
2009-06-01T14:00:00Z,ZEUS,19.69,-21,Market On Close,Filled,-413.49,"band" 
2009-06-01T14:00:00Z,CVX,69.22,2,Market On Close,Filled,138.44,"adjust" 
2009-06-01T14:00:00Z,DGIT,20.92,38,Market On Close,Filled,794.96,"buy" 
2009-06-01T14:00:00Z,NJR,34.85,41,Market On Close,Filled,1428.85,"buy" 
2009-06-01T14:00:00Z,SPH,42.33,26,Market On Close,Filled,1100.58,"buy" 
2009-06-01T14:00:00Z,USMO,11.34,71,Market On Close,Filled,805.14,"buy" 
2009-07-01T14:00:00Z,ATNI,39.86,-33,Market On Close,Filled,-1315.38,"band" 
2009-07-01T14:00:00Z,CMTL,32.55,-27,Market On Close,Filled,-878.85,"band" 
2009-07-01T14:00:00Z,CRK,31.75,-13,Market On Close,Filled,-412.75,"band" 
2009-07-01T14:00:00Z,KIRK,11.21,-48,Market On Close,Filled,-538.08,"adjust" 
2009-07-01T14:00:00Z,LG,33.74,-35,Market On Close,Filled,-1180.9,"band" 
2009-07-01T14:00:00Z,TTWO,9.73,-74,Market On Close,Filled,-720.02,"band" 
2009-07-01T14:00:00Z,ALGN,10.79,66,Market On Close,Filled,712.14,"buy" 
2009-07-01T14:00:00Z,CTR,17.99,44,Market On Close,Filled,791.56,"buy" 
2009-07-01T14:00:00Z,CSGS,13.91,78,Market On Close,Filled,1084.98,"buy" 
2009-07-01T14:00:00Z,MTSC,21.29,12,Market On Close,Filled,255.48,"adjust" 
2009-07-01T14:00:00Z,DORM,14.31,26,Market On Close,Filled,372.06,"buy" 
2009-07-01T14:00:00Z,SIF,10.57,62,Market On Close,Filled,655.34,"buy" 
2009-08-03T14:00:00Z,CSGS,16.5,-18,Market On Close,Filled,-297,"adjust" 
2009-08-03T14:00:00Z,GCO,22.07,-31,Market On Close,Filled,-684.17,"band" 
2009-08-03T14:00:00Z,USPH,15.83,-13,Market On Close,Filled,-205.79,"adjust" 
2009-08-03T14:00:00Z,APU,36.99,6,Market On Close,Filled,221.94,"adjust" 
2009-08-03T14:00:00Z,BKE,31.36,7,Market On Close,Filled,219.52,"adjust" 
2009-08-03T14:00:00Z,CVX,70.4,3,Market On Close,Filled,211.2,"adjust" 
2009-08-03T14:00:00Z,HWKN,18.98,11,Market On Close,Filled,208.78,"adjust" 
2009-08-03T14:00:00Z,RGR,11.87,56,Market On Close,Filled,664.72,"buy" 
2009-09-01T14:00:00Z,ALGN,12.91,-28,Market On Close,Filled,-361.48,"adjust" 
2009-09-01T14:00:00Z,MTSC,26.35,-8,Market On Close,Filled,-210.8,"adjust" 
2009-09-01T14:00:00Z,PTEN,13.17,-49,Market On Close,Filled,-645.33,"band" 
2009-09-01T14:00:00Z,SIF,13.8,-20,Market On Close,Filled,-276,"adjust" 
2009-09-01T14:00:00Z,WEYS,21.96,-20,Market On Close,Filled,-439.2,"band" 
2009-09-01T14:00:00Z,ALGT,37.8,18,Market On Close,Filled,680.4,"buy" 
2009-09-01T14:00:00Z,ATO,27.06,61,Market On Close,Filled,1650.66,"buy" 
2009-10-01T14:00:00Z,BKE,33.52,-26,Market On Close,Filled,-871.52,"band" 
2009-10-01T14:00:00Z,CTR,19.6,-10,Market On Close,Filled,-196,"adjust" 
2009-10-01T14:00:00Z,CODI,10.3,-60,Market On Close,Filled,-618,"band" 
2009-10-01T14:00:00Z,HWKN,22.76,-18,Market On Close,Filled,-409.68,"adjust" 
2009-10-01T14:00:00Z,DISCA,28.91,33,Market On Close,Filled,954.03,"buy" 
2009-10-01T14:00:00Z,SCHN,51.67,10,Market On Close,Filled,516.7,"buy" 
2009-10-01T14:00:00Z,SPH,41.36,6,Market On Close,Filled,248.16,"adjust" 
2009-11-02T15:00:00Z,CSGS,15.98,-60,Market On Close,Filled,-958.8,"band" 
2009-11-02T15:00:00Z,EXPO,26.11,-36,Market On Close,Filled,-939.96,"band" 
2009-11-02T15:00:00Z,NFLX,53.8,-6,Market On Close,Filled,-322.8,"adjust" 
2009-11-02T15:00:00Z,NUE,39.02,-14,Market On Close,Filled,-546.28,"band" 
2009-11-02T15:00:00Z,PLCE,32.53,-18,Market On Close,Filled,-585.54,"band" 
2009-11-02T15:00:00Z,SHOO,40.71,-6,Market On Close,Filled,-244.26,"adjust" 
2009-11-02T15:00:00Z,SYKE,24.44,-11,Market On Close,Filled,-268.84,"adjust" 
2009-11-02T15:00:00Z,APOG,12.9,50,Market On Close,Filled,645,"buy" 
2009-11-02T15:00:00Z,CVI,10.34,45,Market On Close,Filled,465.3,"buy" 
2009-11-02T15:00:00Z,LXU,12.34,55,Market On Close,Filled,678.7,"buy" 
2009-11-02T15:00:00Z,NJR,34.97,8,Market On Close,Filled,279.76,"adjust" 
2009-11-02T15:00:00Z,POWL,36.05,19,Market On Close,Filled,684.95,"buy" 
2009-11-02T15:00:00Z,UGI,23.81,10,Market On Close,Filled,238.1,"adjust" 
2009-11-02T15:00:00Z,VLGEA,30.32,7,Market On Close,Filled,212.24,"adjust" 
2009-12-01T15:00:00Z,AAON,19.03,-40,Market On Close,Filled,-761.2,"band" 
2009-12-01T15:00:00Z,ALGT,42.5,-18,Market On Close,Filled,-765,"band" 
2009-12-01T15:00:00Z,CVX,79.06,-16,Market On Close,Filled,-1264.96,"band" 
2009-12-01T15:00:00Z,CNC,19.27,-46,Market On Close,Filled,-886.42,"band" 
2009-12-01T15:00:00Z,DGIT,27.28,-12,Market On Close,Filled,-327.36,"adjust" 
2009-12-01T15:00:00Z,DMLP,20.78,-41,Market On Close,Filled,-851.98,"band" 
2009-12-01T15:00:00Z,NJR,36.15,-49,Market On Close,Filled,-1771.35,"band" 
2009-12-01T15:00:00Z,OXY,82.18,-10,Market On Close,Filled,-821.8,"band" 
2009-12-01T15:00:00Z,UACL,16.13,-38,Market On Close,Filled,-612.94,"band" 
2009-12-01T15:00:00Z,APU,37.48,7,Market On Close,Filled,262.36,"adjust" 
2009-12-01T15:00:00Z,CENT,9.15,79,Market On Close,Filled,722.85,"buy" 
2009-12-01T15:00:00Z,EGN,44.15,24,Market On Close,Filled,1059.6,"buy" 
2009-12-01T15:00:00Z,GTLS,16.91,32,Market On Close,Filled,541.12,"buy" 
2009-12-01T15:00:00Z,HHS,9.82,74,Market On Close,Filled,726.68,"buy" 
2009-12-01T15:00:00Z,LANC,48.46,28,Market On Close,Filled,1356.88,"buy" 
2009-12-01T15:00:00Z,MLAB,24.15,10,Market On Close,Filled,241.5,"adjust" 
2009-12-01T15:00:00Z,OTL,9.38,55,Market On Close,Filled,515.9,"buy" 
2009-12-01T15:00:00Z,SPH,43.34,8,Market On Close,Filled,346.72,"adjust" 
2009-12-01T15:00:00Z,TTEC,19.56,40,Market On Close,Filled,782.4,"buy" 
2009-12-01T15:00:00Z,USMO,10.34,31,Market On Close,Filled,320.54,"adjust" 
2009-12-01T15:00:00Z,WCC,26.34,30,Market On Close,Filled,790.2,"buy" 
2010-01-04T15:00:00Z,CALM,34.28,-33,Market On Close,Filled,-1131.24,"band" 
2010-01-04T15:00:00Z,CENT,10.65,-79,Market On Close,Filled,-841.35,"universe" 
2010-01-04T15:00:00Z,KIRK,18,-18,Market On Close,Filled,-324,"adjust" 
2010-01-04T15:00:00Z,SCHN,50,-10,Market On Close,Filled,-500,"expired" 
2010-01-04T15:00:00Z,CVI,7.43,37,Market On Close,Filled,274.91,"adjust" 
2010-01-04T15:00:00Z,LINC,21.95,37,Market On Close,Filled,812.15,"buy" 
2010-01-04T15:00:00Z,MFRI,6.77,110,Market On Close,Filled,744.7,"buy" 
2010-01-04T15:00:00Z,POWL,32.36,8,Market On Close,Filled,258.88,"adjust" 
2010-01-04T15:00:00Z,RGR,10.24,22,Market On Close,Filled,225.28,"adjust" 
2010-01-04T15:00:00Z,TSRA,23.81,29,Market On Close,Filled,690.49,"buy" 
2010-02-01T15:00:00Z,MLAB,27.2,-52,Market On Close,Filled,-1414.4,"universe" 
2010-02-01T15:00:00Z,NFLX,61.03,-14,Market On Close,Filled,-854.42,"band" 
2010-02-01T15:00:00Z,VLGEA,26.13,-37,Market On Close,Filled,-966.81,"band" 
2010-02-01T15:00:00Z,ATO,27.6,9,Market On Close,Filled,248.4,"adjust" 
2010-02-01T15:00:00Z,CLW,47.43,10,Market On Close,Filled,474.3,"buy" 
2010-02-01T15:00:00Z,CORE,30.23,38,Market On Close,Filled,1148.74,"buy" 
2010-02-01T15:00:00Z,DISCA,29.79,7,Market On Close,Filled,208.53,"adjust" 
2010-02-01T15:00:00Z,MTRX,10.52,78,Market On Close,Filled,820.56,"buy" 
2010-02-01T15:00:00Z,DORM,15.35,15,Market On Close,Filled,230.25,"adjust" 
2010-03-01T15:00:00Z,DLTR,55.28,-7,Market On Close,Filled,-386.96,"adjust" 
2010-03-01T15:00:00Z,EGN,46.68,-24,Market On Close,Filled,-1120.32,"universe" 
2010-03-01T15:00:00Z,MTSC,27.92,-42,Market On Close,Filled,-1172.64,"band" 
2010-03-01T15:00:00Z,SPH,46.96,-5,Market On Close,Filled,-234.8,"adjust" 
2010-03-01T15:00:00Z,APOG,14.86,15,Market On Close,Filled,222.9,"adjust" 
2010-03-01T15:00:00Z,CTR,20.18,12,Market On Close,Filled,242.16,"adjust" 
2010-03-01T15:00:00Z,HWKN,20.6,14,Market On Close,Filled,288.4,"adjust" 
2010-03-01T15:00:00Z,SYKE,24.68,14,Market On Close,Filled,345.52,"adjust" 
2010-03-01T15:00:00Z,TESS,19.53,37,Market On Close,Filled,722.61,"buy" 
2010-03-01T15:00:00Z,TTEC,18.06,14,Market On Close,Filled,252.84,"adjust" 
2010-03-01T15:00:00Z,UFS,56.19,11,Market On Close,Filled,618.09,"buy" 
2010-04-01T14:00:00Z,CTR,22.12,-46,Market On Close,Filled,-1017.52,"band" 
2010-04-01T14:00:00Z,MFRI,6.68,-110,Market On Close,Filled,-734.8,"universe" 
2010-04-01T14:00:00Z,PETS,22.66,-10,Market On Close,Filled,-226.6,"adjust" 
2010-04-01T14:00:00Z,AMED,56.99,14,Market On Close,Filled,797.86,"buy" 
2010-04-01T14:00:00Z,APU,40.51,10,Market On Close,Filled,405.1,"adjust" 
2010-04-01T14:00:00Z,HA,7.36,104,Market On Close,Filled,765.44,"buy" 
2010-05-03T14:00:00Z,HWKN,27.56,-10,Market On Close,Filled,-275.6,"adjust" 
2010-05-03T14:00:00Z,LXU,18.65,-55,Market On Close,Filled,-1025.75,"band" 
2010-05-03T14:00:00Z,OTL,13.92,-55,Market On Close,Filled,-765.6,"band" 
2010-05-03T14:00:00Z,RGR,17.23,-78,Market On Close,Filled,-1343.94,"band" 
2010-05-03T14:00:00Z,SIF,13.95,-42,Market On Close,Filled,-585.9,"universe" 
2010-05-03T14:00:00Z,SYKE,22.51,-50,Market On Close,Filled,-1125.5,"band" 
2010-05-03T14:00:00Z,TTEC,16.87,-54,Market On Close,Filled,-910.98,"expired" 
2010-05-03T14:00:00Z,USMO,14.23,-102,Market On Close,Filled,-1451.46,"expired" 
2010-05-03T14:00:00Z,ALG,24.59,46,Market On Close,Filled,1131.14,"buy" 
2010-05-03T14:00:00Z,ATO,29.84,7,Market On Close,Filled,208.88,"adjust" 
2010-05-03T14:00:00Z,CORE,30.59,9,Market On Close,Filled,275.31,"adjust" 
2010-05-03T14:00:00Z,FLXS,13.39,52,Market On Close,Filled,696.28,"buy" 
2010-05-03T14:00:00Z,GIII,30.75,25,Market On Close,Filled,768.75,"buy" 
2010-05-03T14:00:00Z,JBSS,15.05,63,Market On Close,Filled,948.15,"buy" 
2010-05-03T14:00:00Z,LANC,54.58,4,Market On Close,Filled,218.32,"adjust" 
2010-05-03T14:00:00Z,MSTR,76.09,10,Market On Close,Filled,760.9,"buy" 
2010-05-03T14:00:00Z,OSK,39.75,21,Market On Close,Filled,834.75,"buy" 
2010-05-03T14:00:00Z,POWL,34.68,6,Market On Close,Filled,208.08,"adjust" 
2010-05-03T14:00:00Z,SPH,47.91,10,Market On Close,Filled,479.1,"adjust" 
2010-05-03T14:00:00Z,SXI,25.94,28,Market On Close,Filled,726.32,"buy" 
2010-05-03T14:00:00Z,TSRA,20.46,12,Market On Close,Filled,245.52,"adjust" 
2010-06-01T14:00:00Z,ALG,22.58,-14,Market On Close,Filled,-316.12,"adjust" 
2010-06-01T14:00:00Z,APU,38.96,-10,Market On Close,Filled,-389.6,"adjust" 
2010-06-01T14:00:00Z,CVI,7.24,-82,Market On Close,Filled,-593.68,"band" 
2010-06-01T14:00:00Z,DGIT,41.71,-8,Market On Close,Filled,-333.68,"adjust" 
2010-06-01T14:00:00Z,GTLS,16.96,-32,Market On Close,Filled,-542.72,"band" 
2010-06-01T14:00:00Z,RS,43.67,-17,Market On Close,Filled,-742.39,"band" 
2010-06-01T14:00:00Z,TESS,18.28,-11,Market On Close,Filled,-201.08,"adjust" 
2010-06-01T14:00:00Z,TSRA,16.87,-41,Market On Close,Filled,-691.67,"band" 
2010-06-01T14:00:00Z,ALGN,14.38,18,Market On Close,Filled,258.84,"adjust" 
2010-06-01T14:00:00Z,EBF,16.13,46,Market On Close,Filled,741.98,"buy" 
2010-06-01T14:00:00Z,GCI,14.54,49,Market On Close,Filled,712.46,"buy" 
2010-06-01T14:00:00Z,HA,7.03,33,Market On Close,Filled,231.99,"adjust" 
2010-06-01T14:00:00Z,LHCG,30.12,8,Market On Close,Filled,240.96,"adjust" 
2010-06-01T14:00:00Z,LINC,22.79,11,Market On Close,Filled,250.69,"adjust" 
2010-06-01T14:00:00Z,LZB,11.42,50,Market On Close,Filled,571,"buy" 
2010-06-01T14:00:00Z,SKX,36.14,22,Market On Close,Filled,795.08,"buy" 
2010-06-01T14:00:00Z,USPH,16.5,15,Market On Close,Filled,247.5,"adjust" 
2010-07-01T14:00:00Z,ATO,26.86,-8,Market On Close,Filled,-214.88,"adjust" 
2010-07-01T14:00:00Z,CORE,27.76,-47,Market On Close,Filled,-1304.72,"band" 
2010-07-01T14:00:00Z,DISCA,36.09,-8,Market On Close,Filled,-288.72,"adjust" 
2010-07-01T14:00:00Z,AMED,39.34,6,Market On Close,Filled,236.04,"adjust" 
2010-07-01T14:00:00Z,DDS,21.81,28,Market On Close,Filled,610.68,"buy" 
2010-07-01T14:00:00Z,DLTR,42.35,6,Market On Close,Filled,254.1,"adjust" 
2010-08-02T14:00:00Z,ALGN,17.9,-12,Market On Close,Filled,-214.8,"adjust" 
2010-08-02T14:00:00Z,APOG,11.12,-65,Market On Close,Filled,-722.8,"band" 
2010-08-02T14:00:00Z,HA,5.89,-137,Market On Close,Filled,-806.93,"band" 
2010-08-02T14:00:00Z,HWKN,32.17,-17,Market On Close,Filled,-546.89,"adjust" 
2010-08-02T14:00:00Z,FLXS,11.45,27,Market On Close,Filled,309.15,"adjust" 
2010-08-02T14:00:00Z,JBSS,14.07,15,Market On Close,Filled,211.05,"adjust" 
2010-08-02T14:00:00Z,KIRK,18.2,16,Market On Close,Filled,291.2,"adjust" 
2010-08-02T14:00:00Z,LANC,52.05,7,Market On Close,Filled,364.35,"adjust" 
2010-08-02T14:00:00Z,LINC,21.47,10,Market On Close,Filled,214.7,"adjust" 
2010-08-02T14:00:00Z,OSK,33.83,6,Market On Close,Filled,202.98,"adjust" 
2010-08-02T14:00:00Z,PETS,16.02,20,Market On Close,Filled,320.4,"adjust" 
2010-08-02T14:00:00Z,SCL,67.47,13,Market On Close,Filled,877.11,"buy" 
2010-08-02T14:00:00Z,SCVL,21.88,39,Market On Close,Filled,853.32,"buy" 
2010-08-02T14:00:00Z,TESS,14.35,19,Market On Close,Filled,272.65,"adjust" 
2010-09-01T14:00:00Z,FLXS,14.15,-27,Market On Close,Filled,-382.05,"adjust" 
2010-09-01T14:00:00Z,HHS,10.42,-74,Market On Close,Filled,-771.08,"band" 
2010-09-01T14:00:00Z,DORM,24.26,-11,Market On Close,Filled,-266.86,"adjust" 
2010-09-01T14:00:00Z,SPH,49.85,-6,Market On Close,Filled,-299.1,"adjust" 
2010-09-01T14:00:00Z,UGI,28,-12,Market On Close,Filled,-336,"adjust" 
2010-09-01T14:00:00Z,LHCG,20.64,10,Market On Close,Filled,206.4,"adjust" 
2010-09-01T14:00:00Z,LZB,7.08,30,Market On Close,Filled,212.4,"adjust" 
2010-09-01T14:00:00Z,USMO,14.95,68,Market On Close,Filled,1016.6,"buy" 
2010-10-01T14:00:00Z,LANC,47.95,-39,Market On Close,Filled,-1870.05,"band" 
2010-10-01T14:00:00Z,LZB,8.72,-80,Market On Close,Filled,-697.6,"band" 
2010-10-01T14:00:00Z,MTRX,8.7,-78,Market On Close,Filled,-678.6,"band" 
2010-10-01T14:00:00Z,SHOO,41.2,-5,Market On Close,Filled,-206,"adjust" 
2010-10-01T14:00:00Z,TESS,16.06,-21,Market On Close,Filled,-337.26,"adjust" 
2010-10-01T14:00:00Z,AAWW,50.11,15,Market On Close,Filled,751.65,"buy" 
2010-10-01T14:00:00Z,AIT,30.99,40,Market On Close,Filled,1239.6,"buy" 
2010-10-01T14:00:00Z,GCI,12.58,19,Market On Close,Filled,239.02,"adjust" 
2010-10-01T14:00:00Z,MGLN,47.38,32,Market On Close,Filled,1516.16,"buy" 
2010-10-01T14:00:00Z,MSTR,87.8,3,Market On Close,Filled,263.4,"adjust" 
2010-11-01T14:00:00Z,JBSS,12.96,-78,Market On Close,Filled,-1010.88,"band" 
2010-11-01T14:00:00Z,MSTR,90.53,-13,Market On Close,Filled,-1176.89,"band" 
2010-11-01T14:00:00Z,OSK,29.09,-27,Market On Close,Filled,-785.43,"band" 
2010-11-01T14:00:00Z,DORM,37.21,-8,Market On Close,Filled,-297.68,"adjust" 
2010-11-01T14:00:00Z,SCL,67.53,-13,Market On Close,Filled,-877.89,"band" 
2010-11-01T14:00:00Z,CRUS,12.51,48,Market On Close,Filled,600.48,"buy" 
2010-11-01T14:00:00Z,IDT,13.74,40,Market On Close,Filled,549.6,"buy" 
2010-11-01T14:00:00Z,K,50.75,5,Market On Close,Filled,253.75,"adjust" 
2010-11-01T14:00:00Z,KLIC,6,100,Market On Close,Filled,600,"buy" 
2010-11-01T14:00:00Z,PLCE,43.48,21,Market On Close,Filled,913.08,"buy" 
2010-11-01T14:00:00Z,SKX,19.24,12,Market On Close,Filled,230.88,"adjust" 
2010-11-01T14:00:00Z,UGI,29.85,9,Market On Close,Filled,268.65,"adjust" 
2010-12-01T15:00:00Z,HWKN,43.45,-7,Market On Close,Filled,-304.15,"adjust" 
2010-12-01T15:00:00Z,IDT,22.2,-12,Market On Close,Filled,-266.4,"adjust" 
2010-12-01T15:00:00Z,K,49.44,-43,Market On Close,Filled,-2125.92,"band" 
2010-12-01T15:00:00Z,SKX,23.07,-34,Market On Close,Filled,-784.38,"band" 
2010-12-01T15:00:00Z,APU,47.63,6,Market On Close,Filled,285.78,"adjust" 
2010-12-01T15:00:00Z,ATO,30.58,8,Market On Close,Filled,244.64,"adjust" 
2010-12-01T15:00:00Z,CLW,81.34,4,Market On Close,Filled,325.36,"adjust" 
2010-12-01T15:00:00Z,DISCA,41.34,6,Market On Close,Filled,248.04,"adjust" 
2010-12-01T15:00:00Z,MGLN,49.31,6,Market On Close,Filled,295.86,"adjust" 
2010-12-01T15:00:00Z,SGU,5.38,309,Market On Close,Filled,1662.42,"buy" 
2010-12-01T15:00:00Z,SSP,9.57,90,Market On Close,Filled,861.3,"buy" 
2010-12-01T15:00:00Z,USPH,19.19,11,Market On Close,Filled,211.09,"adjust" 
2011-01-03T15:00:00Z,DDS,38.83,-6,Market On Close,Filled,-232.98,"adjust" 
2011-01-03T15:00:00Z,DGIT,29.59,-18,Market On Close,Filled,-532.62,"universe" 
2011-01-03T15:00:00Z,DLTR,56.55,-4,Market On Close,Filled,-226.2,"adjust" 
2011-01-03T15:00:00Z,GCI,15.42,-68,Market On Close,Filled,-1048.56,"band" 
2011-01-03T15:00:00Z,IDT,26.62,-8,Market On Close,Filled,-212.96,"adjust" 
2011-01-03T15:00:00Z,KIRK,14.06,-48,Market On Close,Filled,-674.88,"band" 
2011-01-03T15:00:00Z,LHCG,31.16,-9,Market On Close,Filled,-280.44,"adjust" 
2011-01-03T15:00:00Z,LINC,15.79,-14,Market On Close,Filled,-221.06,"adjust" 
2011-01-03T15:00:00Z,WCC,53.25,-6,Market On Close,Filled,-319.5,"adjust" 
2011-01-03T15:00:00Z,CPK,41.55,39,Market On Close,Filled,1620.45,"buy" 
2011-01-03T15:00:00Z,OTL,20.68,51,Market On Close,Filled,1054.68,"buy" 
2011-01-03T15:00:00Z,RGR,15.09,81,Market On Close,Filled,1222.29,"buy" 
2011-01-03T15:00:00Z,SPH,55.89,4,Market On Close,Filled,223.56,"adjust" 
2011-02-01T15:00:00Z,CRUS,21.33,-19,Market On Close,Filled,-405.27,"adjust" 
2011-02-01T15:00:00Z,KLIC,10.29,-34,Market On Close,Filled,-349.86,"adjust" 
2011-02-01T15:00:00Z,SGU,5.48,-309,Market On Close,Filled,-1693.32,"expired" 
2011-02-01T15:00:00Z,TESS,12.44,-42,Market On Close,Filled,-522.48,"universe" 
2011-02-01T15:00:00Z,AAWW,53.92,4,Market On Close,Filled,215.68,"adjust" 
2011-02-01T15:00:00Z,EBF,16.81,15,Market On Close,Filled,252.15,"adjust" 
2011-02-01T15:00:00Z,PLCE,42.14,6,Market On Close,Filled,252.84,"adjust" 
2011-02-01T15:00:00Z,PLPC,64.38,14,Market On Close,Filled,901.32,"buy" 
2011-02-01T15:00:00Z,USNA,38.96,34,Market On Close,Filled,1324.64,"buy" 
2011-03-01T15:00:00Z,AAWW,67.43,-19,Market On Close,Filled,-1281.17,"band" 
2011-03-01T15:00:00Z,AMED,35.37,-20,Market On Close,Filled,-707.4,"expired" 
2011-03-01T15:00:00Z,FLXS,14.82,-52,Market On Close,Filled,-770.64,"universe" 
2011-03-01T15:00:00Z,OTL,25.61,-16,Market On Close,Filled,-409.76,"adjust" 
2011-03-01T15:00:00Z,RGR,17.9,-13,Market On Close,Filled,-232.7,"adjust" 
2011-03-01T15:00:00Z,CLW,79.48,3,Market On Close,Filled,238.44,"adjust" 
2011-03-01T15:00:00Z,CPK,39.82,5,Market On Close,Filled,199.1,"adjust" 
2011-03-01T15:00:00Z,ENTG,8.51,81,Market On Close,Filled,689.31,"buy" 
2011-03-01T15:00:00Z,MKSI,29.79,33,Market On Close,Filled,983.07,"buy" 
2011-03-01T15:00:00Z,PETS,14.57,14,Market On Close,Filled,203.98,"adjust" 
2011-03-01T15:00:00Z,TER,18.19,50,Market On Close,Filled,909.5,"buy" 
2011-04-01T14:00:00Z,OTL,31.01,-7,Market On Close,Filled,-217.07,"adjust" 
2011-04-01T14:00:00Z,PLCE,49.48,-5,Market On Close,Filled,-247.4,"adjust" 
2011-04-01T14:00:00Z,RGR,23.09,-13,Market On Close,Filled,-300.17,"adjust" 
2011-04-01T14:00:00Z,ALGN,20.7,12,Market On Close,Filled,248.4,"adjust" 
2011-04-01T14:00:00Z,DISCA,40.41,6,Market On Close,Filled,242.46,"adjust" 
2011-05-02T14:00:00Z,ALGN,24.6,-16,Market On Close,Filled,-393.6,"adjust" 
2011-05-02T14:00:00Z,DISCA,44.65,-44,Market On Close,Filled,-1964.6,"band" 
2011-05-02T14:00:00Z,EBF,18.5,-61,Market On Close,Filled,-1128.5,"band" 
2011-05-02T14:00:00Z,MGLN,51.79,-38,Market On Close,Filled,-1968.02,"expired" 
2011-05-02T14:00:00Z,USMO,15.02,-68,Market On Close,Filled,-1021.36,"expired" 
2011-05-02T14:00:00Z,USPH,24.07,-12,Market On Close,Filled,-288.84,"adjust" 
2011-05-02T14:00:00Z,AIT,35,6,Market On Close,Filled,210,"adjust" 
2011-05-02T14:00:00Z,BRKS,11.81,67,Market On Close,Filled,791.27,"buy" 
2011-05-02T14:00:00Z,CCF,16.84,62,Market On Close,Filled,1044.08,"buy" 
2011-05-02T14:00:00Z,CLW,78.25,3,Market On Close,Filled,234.75,"adjust" 
2011-05-02T14:00:00Z,CRUS,15.93,14,Market On Close,Filled,223.02,"adjust" 
2011-05-02T14:00:00Z,EBS,23.7,58,Market On Close,Filled,1374.6,"buy" 
2011-05-02T14:00:00Z,KLIC,9.03,25,Market On Close,Filled,225.75,"adjust" 
2011-05-02T14:00:00Z,LINC,16.77,14,Market On Close,Filled,234.78,"adjust" 
2011-05-02T14:00:00Z,PETS,14.74,17,Market On Close,Filled,250.58,"adjust" 
2011-05-02T14:00:00Z,SPH,55.52,4,Market On Close,Filled,222.08,"adjust" 
2011-05-02T14:00:00Z,SSP,9.41,37,Market On Close,Filled,348.17,"adjust" 
2011-06-01T14:00:00Z,CLW,67.69,-20,Market On Close,Filled,-1353.8,"band" 
2011-06-01T14:00:00Z,DDS,55.77,-6,Market On Close,Filled,-334.62,"adjust" 
2011-06-01T14:00:00Z,DLTR,62.67,-4,Market On Close,Filled,-250.68,"adjust" 
2011-06-01T14:00:00Z,EBS,23.98,-18,Market On Close,Filled,-431.64,"adjust" 
2011-06-01T14:00:00Z,KLIC,11.65,-29,Market On Close,Filled,-337.85,"adjust" 
2011-06-01T14:00:00Z,ALG,25.09,11,Market On Close,Filled,275.99,"adjust" 
2011-06-01T14:00:00Z,APU,44.76,8,Market On Close,Filled,358.08,"adjust" 
2011-06-01T14:00:00Z,LHCG,26.46,10,Market On Close,Filled,264.6,"adjust" 
2011-06-01T14:00:00Z,MKSI,25.44,10,Market On Close,Filled,254.4,"adjust" 
2011-06-01T14:00:00Z,POWL,32.8,6,Market On Close,Filled,196.8,"adjust" 
2011-06-01T14:00:00Z,VSH,15.41,69,Market On Close,Filled,1063.29,"buy" 
2011-06-01T14:00:00Z,WCC,53.11,4,Market On Close,Filled,212.44,"adjust" 
2011-07-01T14:00:00Z,POWL,37.19,-39,Market On Close,Filled,-1450.41,"band" 
2011-07-01T14:00:00Z,IDT,27.7,8,Market On Close,Filled,221.6,"adjust" 
2011-07-01T14:00:00Z,MYGN,23.13,58,Market On Close,Filled,1341.54,"buy" 
2011-07-01T14:00:00Z,PLCE,45.24,5,Market On Close,Filled,226.2,"adjust" 
2011-07-01T14:00:00Z,SXI,30.63,10,Market On Close,Filled,306.3,"adjust" 
2011-07-01T14:00:00Z,TER,15.16,20,Market On Close,Filled,303.2,"adjust" 
2011-07-01T14:00:00Z,UFS,96.45,3,Market On Close,Filled,289.35,"adjust" 
2011-07-01T14:00:00Z,VECO,48.58,19,Market On Close,Filled,923.02,"buy" 
2011-08-01T14:00:00Z,ALG,24.02,-43,Market On Close,Filled,-1032.86,"band" 
2011-08-01T14:00:00Z,CRUS,15.22,-43,Market On Close,Filled,-654.46,"band" 
2011-08-01T14:00:00Z,EBS,20.52,-40,Market On Close,Filled,-820.8,"band" 
2011-08-01T14:00:00Z,HWKN,34.73,-23,Market On Close,Filled,-798.79,"expired" 
2011-08-01T14:00:00Z,RGR,27.75,-23,Market On Close,Filled,-638.25,"adjust" 
2011-08-01T14:00:00Z,SXI,32.27,-38,Market On Close,Filled,-1226.26,"band" 
2011-08-01T14:00:00Z,USPH,23.38,-12,Market On Close,Filled,-280.56,"adjust" 
2011-08-01T14:00:00Z,WCC,50.72,-4,Market On Close,Filled,-202.88,"adjust" 
2011-08-01T14:00:00Z,CNC,31.58,32,Market On Close,Filled,1010.56,"buy" 
2011-08-01T14:00:00Z,MERC,9.36,77,Market On Close,Filled,720.72,"buy" 
2011-08-01T14:00:00Z,MRO,30.65,41,Market On Close,Filled,1256.65,"buy" 
2011-08-01T14:00:00Z,WLK,52.67,19,Market On Close,Filled,1000.73,"buy" 
2011-08-01T14:00:00Z,FL,21.61,52,Market On Close,Filled,1123.72,"buy" 
2011-09-01T14:00:00Z,APU,42.95,-14,Market On Close,Filled,-601.3,"adjust" 
2011-09-01T14:00:00Z,ATO,34.15,-21,Market On Close,Filled,-717.15,"adjust" 
2011-09-01T14:00:00Z,CCF,12.59,-62,Market On Close,Filled,-780.58,"band" 
2011-09-01T14:00:00Z,DLTR,71.78,-4,Market On Close,Filled,-287.12,"adjust" 
2011-09-01T14:00:00Z,PETS,9.94,-105,Market On Close,Filled,-1043.7,"band" 
2011-09-01T14:00:00Z,SPH,47.14,-47,Market On Close,Filled,-2215.58,"band" 
2011-09-01T14:00:00Z,UGI,29.88,-13,Market On Close,Filled,-388.44,"adjust" 
2011-09-01T14:00:00Z,ALGN,18.85,16,Market On Close,Filled,301.6,"adjust" 
2011-09-01T14:00:00Z,B,21.89,49,Market On Close,Filled,1072.61,"buy" 
2011-09-01T14:00:00Z,BRKS,8.93,35,Market On Close,Filled,312.55,"adjust" 
2011-09-01T14:00:00Z,DEPO,6.08,127,Market On Close,Filled,772.16,"buy" 
2011-09-01T14:00:00Z,DV,42.52,23,Market On Close,Filled,977.96,"buy" 
2011-09-01T14:00:00Z,ENTG,7.23,34,Market On Close,Filled,245.82,"adjust" 
2011-09-01T14:00:00Z,GIII,28.52,9,Market On Close,Filled,256.68,"adjust" 
2011-09-01T14:00:00Z,IDT,21.17,13,Market On Close,Filled,275.21,"adjust" 
2011-09-01T14:00:00Z,KLIC,8.32,33,Market On Close,Filled,274.56,"adjust" 
2011-09-01T14:00:00Z,LHCG,19.04,12,Market On Close,Filled,228.48,"adjust" 
2011-09-01T14:00:00Z,LINC,9.29,28,Market On Close,Filled,260.12,"adjust" 
2011-09-01T14:00:00Z,MKSI,22.57,12,Market On Close,Filled,270.84,"adjust" 
2011-09-01T14:00:00Z,MYGN,19.42,12,Market On Close,Filled,233.04,"adjust" 
2011-09-01T14:00:00Z,SCVL,24.92,14,Market On Close,Filled,348.88,"adjust" 
2011-09-01T14:00:00Z,TER,11.86,22,Market On Close,Filled,260.92,"adjust" 
2011-09-01T14:00:00Z,VECO,34.66,9,Market On Close,Filled,311.94,"adjust" 
2011-09-01T14:00:00Z,VSH,11.15,18,Market On Close,Filled,200.7,"adjust" 
2011-10-03T14:00:00Z,ALGN,14.26,-56,Market On Close,Filled,-798.56,"band" 
2011-10-03T14:00:00Z,ATO,30.97,-9,Market On Close,Filled,-278.73,"adjust" 
2011-10-03T14:00:00Z,GIII,21.83,-34,Market On Close,Filled,-742.22,"band" 
2011-10-03T14:00:00Z,PLCE,45.8,-27,Market On Close,Filled,-1236.6,"band" 
2011-10-03T14:00:00Z,CVI,19.69,36,Market On Close,Filled,708.84,"buy" 
2011-10-03T14:00:00Z,LG,37.38,44,Market On Close,Filled,1644.72,"buy" 
2011-10-03T14:00:00Z,LXU,26.1,25,Market On Close,Filled,652.5,"buy" 
2011-10-03T14:00:00Z,MERC,6.73,38,Market On Close,Filled,255.74,"adjust" 
2011-11-01T14:00:00Z,AIT,32.9,-7,Market On Close,Filled,-230.3,"adjust" 
2011-11-01T14:00:00Z,DEPO,4.38,-127,Market On Close,Filled,-556.26,"universe" 
2011-11-01T14:00:00Z,MKSI,26.18,-11,Market On Close,Filled,-287.98,"adjust" 
2011-11-01T14:00:00Z,SCVL,26.78,-10,Market On Close,Filled,-267.8,"adjust" 
2011-11-01T14:00:00Z,TER,13.65,-14,Market On Close,Filled,-191.1,"adjust" 
2011-11-01T14:00:00Z,VSH,9.98,-87,Market On Close,Filled,-868.26,"band" 
2011-11-01T14:00:00Z,WCC,46.72,-24,Market On Close,Filled,-1121.28,"band" 
2011-11-01T14:00:00Z,ATO,33.03,6,Market On Close,Filled,198.18,"adjust" 
2011-11-01T14:00:00Z,BKE,43.42,26,Market On Close,Filled,1128.92,"buy" 
2011-11-01T14:00:00Z,DDS,51.2,4,Market On Close,Filled,204.8,"adjust" 
2011-11-01T14:00:00Z,GME,25.04,62,Market On Close,Filled,1552.48,"buy" 
2011-11-01T14:00:00Z,IDT,12,36,Market On Close,Filled,432,"adjust" 
2011-11-01T14:00:00Z,SPPI,10.91,79,Market On Close,Filled,861.89,"buy" 
2011-12-01T15:00:00Z,APU,43.87,-43,Market On Close,Filled,-1886.41,"band" 
2011-12-01T15:00:00Z,LHCG,13.93,-59,Market On Close,Filled,-821.87,"band" 
2011-12-01T15:00:00Z,SSP,8.35,-127,Market On Close,Filled,-1060.45,"band" 
2011-12-01T15:00:00Z,UGI,29.76,-60,Market On Close,Filled,-1785.6,"band" 
2011-12-01T15:00:00Z,VECO,25.14,-28,Market On Close,Filled,-703.92,"band" 
2011-12-01T15:00:00Z,CVX,101.83,16,Market On Close,Filled,1629.28,"buy" 
2011-12-01T15:00:00Z,DV,34.71,6,Market On Close,Filled,208.26,"adjust" 
2011-12-01T15:00:00Z,HOC,23.43,37,Market On Close,Filled,866.91,"buy" 
2011-12-01T15:00:00Z,LG,39.72,6,Market On Close,Filled,238.32,"adjust" 
2011-12-01T15:00:00Z,LINC,7.47,35,Market On Close,Filled,261.45,"adjust" 
2011-12-01T15:00:00Z,LZB,11.59,83,Market On Close,Filled,961.97,"buy" 
2011-12-01T15:00:00Z,MERC,5.74,43,Market On Close,Filled,246.82,"adjust" 
2011-12-01T15:00:00Z,MLR,15.35,73,Market On Close,Filled,1120.55,"buy" 
2011-12-01T15:00:00Z,SXI,31.72,29,Market On Close,Filled,919.88,"buy" 
2012-01-03T15:00:00Z,DV,38.75,-29,Market On Close,Filled,-1123.75,"band" 
2012-01-03T15:00:00Z,IDT,9.55,-77,Market On Close,Filled,-735.35,"band" 
2012-01-03T15:00:00Z,LZB,12,-21,Market On Close,Filled,-252,"adjust" 
2012-01-03T15:00:00Z,MERC,6.49,-158,Market On Close,Filled,-1025.42,"band" 
2012-01-03T15:00:00Z,MKSI,28.1,-8,Market On Close,Filled,-224.8,"adjust" 
2012-01-03T15:00:00Z,SPPI,14.71,-17,Market On Close,Filled,-250.07,"adjust" 
2012-01-03T15:00:00Z,DSW,42.27,24,Market On Close,Filled,1014.48,"buy" 
2012-01-03T15:00:00Z,INTC,24.54,69,Market On Close,Filled,1693.26,"buy" 
2012-01-03T15:00:00Z,UNH,51.49,31,Market On Close,Filled,1596.19,"buy" 
2012-02-01T15:00:00Z,ATO,32.62,-53,Market On Close,Filled,-1728.86,"band" 
2012-02-01T15:00:00Z,CNC,46.34,-5,Market On Close,Filled,-231.7,"adjust" 
2012-02-01T15:00:00Z,RGR,39.91,-8,Market On Close,Filled,-319.28,"adjust" 
2012-02-01T15:00:00Z,DDS,43.89,6,Market On Close,Filled,263.34,"adjust" 
2012-02-01T15:00:00Z,DLTR,85.68,3,Market On Close,Filled,257.04,"adjust" 
2012-02-01T15:00:00Z,UACL,17.85,48,Market On Close,Filled,856.8,"buy" 
2012-02-01T15:00:00Z,USPH,21.53,10,Market On Close,Filled,215.3,"adjust" 
2012-03-01T15:00:00Z,BRKS,11.95,-17,Market On Close,Filled,-203.15,"adjust" 
2012-03-01T15:00:00Z,DDS,60.43,-9,Market On Close,Filled,-543.87,"adjust" 
2012-03-01T15:00:00Z,DSW,56.56,-4,Market On Close,Filled,-226.24,"adjust" 
2012-03-01T15:00:00Z,HOC,33.6,-8,Market On Close,Filled,-268.8,"adjust" 
2012-03-01T15:00:00Z,LXU,41.25,-5,Market On Close,Filled,-206.25,"adjust" 
2012-03-01T15:00:00Z,SHOO,44.98,-6,Market On Close,Filled,-269.88,"adjust" 
2012-03-01T15:00:00Z,CPK,40.42,7,Market On Close,Filled,282.94,"adjust" 
2012-03-01T15:00:00Z,LG,40.8,7,Market On Close,Filled,285.6,"adjust" 
2012-03-01T15:00:00Z,OTL,31.16,9,Market On Close,Filled,280.44,"adjust" 
2012-04-02T14:00:00Z,B,26.96,-49,Market On Close,Filled,-1321.04,"universe" 
2012-04-02T14:00:00Z,LINC,7.91,-121,Market On Close,Filled,-957.11,"band" 
2012-04-02T14:00:00Z,RGR,51.1,-5,Market On Close,Filled,-255.5,"adjust" 
2012-04-02T14:00:00Z,SCVL,32.56,-14,Market On Close,Filled,-455.84,"adjust" 
2012-04-02T14:00:00Z,CVX,108.3,2,Market On Close,Filled,216.6,"adjust" 
2012-04-02T14:00:00Z,ICFI,26.12,47,Market On Close,Filled,1227.64,"buy" 
2012-04-02T14:00:00Z,MKSI,29.7,8,Market On Close,Filled,237.6,"adjust" 
2012-04-02T14:00:00Z,SPPI,12.6,23,Market On Close,Filled,289.8,"adjust" 
2012-04-02T14:00:00Z,SMP,17.39,47,Market On Close,Filled,817.33,"buy" 
2012-04-02T14:00:00Z,UACL,15.78,16,Market On Close,Filled,252.48,"adjust" 
2012-05-01T14:00:00Z,DLTR,102.05,-3,Market On Close,Filled,-306.15,"adjust" 
2012-05-01T14:00:00Z,MYGN,25.97,-12,Market On Close,Filled,-311.64,"adjust" 
2012-05-01T14:00:00Z,OTL,29.94,-37,Market On Close,Filled,-1107.78,"band" 
2012-05-01T14:00:00Z,DORM,48.6,-22,Market On Close,Filled,-1069.2,"expired" 
2012-05-01T14:00:00Z,USNA,37.78,-6,Market On Close,Filled,-226.68,"adjust" 
2012-05-01T14:00:00Z,EGY,9.38,82,Market On Close,Filled,769.16,"buy" 
2012-05-01T14:00:00Z,RSC,27.16,47,Market On Close,Filled,1276.52,"buy" 
2012-06-01T14:00:00Z,DLTR,99.94,-5,Market On Close,Filled,-499.7,"adjust" 
2012-06-01T14:00:00Z,DSW,57.26,-20,Market On Close,Filled,-1145.2,"expired" 
2012-06-01T14:00:00Z,MRO,23.89,-41,Market On Close,Filled,-979.49,"band" 
2012-06-01T14:00:00Z,RSC,17.76,-47,Market On Close,Filled,-834.72,"expired" 
2012-06-01T14:00:00Z,FL,30.38,-11,Market On Close,Filled,-334.18,"adjust" 
2012-06-01T14:00:00Z,BRKS,9.1,37,Market On Close,Filled,336.7,"adjust" 
2012-06-01T14:00:00Z,DISCA,48.64,31,Market On Close,Filled,1507.84,"buy" 
2012-06-01T14:00:00Z,ENTG,7.48,29,Market On Close,Filled,216.92,"adjust" 
2012-06-01T14:00:00Z,INTC,25.14,8,Market On Close,Filled,201.12,"adjust" 
2012-06-01T14:00:00Z,LG,37.55,7,Market On Close,Filled,262.85,"adjust" 
2012-06-01T14:00:00Z,LXU,27.03,9,Market On Close,Filled,243.27,"adjust" 
2012-06-01T14:00:00Z,MLR,14.38,14,Market On Close,Filled,201.32,"adjust" 
2012-06-01T14:00:00Z,PETS,11.17,83,Market On Close,Filled,927.11,"buy" 
2012-06-01T14:00:00Z,STMP,22.82,31,Market On Close,Filled,707.42,"buy" 
2012-06-01T14:00:00Z,UFS,77.97,3,Market On Close,Filled,233.91,"adjust" 
2012-07-02T14:00:00Z,DLTR,52.18,-5,Market On Close,Filled,-260.9,"adjust" 
2012-07-02T14:00:00Z,LXU,30.85,-29,Market On Close,Filled,-894.65,"band" 
2012-07-02T14:00:00Z,SPPI,16,-29,Market On Close,Filled,-464,"adjust" 
2012-07-02T14:00:00Z,BKE,39.83,6,Market On Close,Filled,238.98,"adjust" 
2012-07-02T14:00:00Z,MOV,25.34,33,Market On Close,Filled,836.22,"buy" 
2012-07-02T14:00:00Z,SHOO,31.69,12,Market On Close,Filled,380.28,"adjust" 
2012-08-01T14:00:00Z,CNC,37.48,-27,Market On Close,Filled,-1011.96,"band" 
2012-08-01T14:00:00Z,CPK,45.73,-5,Market On Close,Filled,-228.65,"adjust" 
2012-08-01T14:00:00Z,PETS,9.6,-83,Market On Close,Filled,-796.8,"expired" 
2012-08-01T14:00:00Z,SHOO,39.41,-40,Market On Close,Filled,-1576.4,"band" 
2012-08-01T14:00:00Z,ALG,27.56,47,Market On Close,Filled,1295.32,"buy" 
2012-08-01T14:00:00Z,GME,16.07,21,Market On Close,Filled,337.47,"adjust" 
2012-08-01T14:00:00Z,MKSI,25.81,8,Market On Close,Filled,206.48,"adjust" 
2012-08-01T14:00:00Z,NC,100.02,10,Market On Close,Filled,1000.2,"buy" 
2012-08-01T14:00:00Z,PLPC,52.7,5,Market On Close,Filled,263.5,"adjust" 
2012-08-01T14:00:00Z,SMP,13.75,16,Market On Close,Filled,220,"adjust" 
2012-08-01T14:00:00Z,SYNA,25.23,44,Market On Close,Filled,1110.12,"buy" 
2012-08-01T14:00:00Z,UFS,72.89,3,Market On Close,Filled,218.67,"adjust" 
2012-09-04T14:00:00Z,BKE,44.98,-5,Market On Close,Filled,-224.9,"adjust" 
2012-09-04T14:00:00Z,GME,20.41,-19,Market On Close,Filled,-387.79,"adjust" 
2012-09-04T14:00:00Z,MLR,15.51,-87,Market On Close,Filled,-1349.37,"band" 
2012-09-04T14:00:00Z,MOV,36.36,-13,Market On Close,Filled,-472.68,"adjust" 
2012-09-04T14:00:00Z,SMP,17.63,-20,Market On Close,Filled,-352.6,"adjust" 
2012-09-04T14:00:00Z,SYNA,30.13,-7,Market On Close,Filled,-210.91,"adjust" 
2012-09-04T14:00:00Z,WLK,69.35,-3,Market On Close,Filled,-208.05,"adjust" 
2012-09-04T14:00:00Z,CVX,111.22,2,Market On Close,Filled,222.44,"adjust" 
2012-09-04T14:00:00Z,DLTR,48.19,5,Market On Close,Filled,240.95,"adjust" 
2012-09-04T14:00:00Z,ICFI,22.49,11,Market On Close,Filled,247.39,"adjust" 
2012-09-04T14:00:00Z,NHC,44.88,26,Market On Close,Filled,1166.88,"buy" 
2012-10-01T14:00:00Z,ALG,33.64,-7,Market On Close,Filled,-235.48,"adjust" 
2012-10-01T14:00:00Z,BRKS,7.81,-122,Market On Close,Filled,-952.82,"band" 
2012-10-01T14:00:00Z,GME,21.24,-10,Market On Close,Filled,-212.4,"adjust" 
2012-10-01T14:00:00Z,NC,43.47,-2,Market On Close,Filled,-86.94,"adjust" 
2012-10-01T14:00:00Z,STMP,23.26,-31,Market On Close,Filled,-721.06,"band" 
2012-10-01T14:00:00Z,DDS,72.41,3,Market On Close,Filled,217.23,"adjust" 
2012-10-01T14:00:00Z,GCI,17.97,77,Market On Close,Filled,1383.69,"buy" 
2012-10-01T14:00:00Z,SYNA,22.87,9,Market On Close,Filled,205.83,"adjust" 
2012-10-01T14:00:00Z,WDC,38.12,23,Market On Close,Filled,876.76,"buy" 
2012-11-01T14:00:00Z,AIT,40.94,-39,Market On Close,Filled,-1596.66,"expired" 
2012-11-01T14:00:00Z,MYGN,26.86,-58,Market On Close,Filled,-1557.88,"expired" 
2012-11-01T14:00:00Z,PLPC,54.1,-19,Market On Close,Filled,-1027.9,"band" 
2012-11-01T14:00:00Z,SXI,50.79,-29,Market On Close,Filled,-1472.91,"expired" 
2012-11-01T14:00:00Z,SYNA,23.65,-46,Market On Close,Filled,-1087.9,"band" 
2012-11-01T14:00:00Z,CF,210.88,6,Market On Close,Filled,1265.28,"buy" 
2012-11-01T14:00:00Z,CPK,46.65,5,Market On Close,Filled,233.25,"adjust" 
2012-11-01T14:00:00Z,DK,25.54,34,Market On Close,Filled,868.36,"buy" 
2012-11-01T14:00:00Z,ENS,35.25,34,Market On Close,Filled,1198.5,"buy" 
2012-11-01T14:00:00Z,FTK,11.71,71,Market On Close,Filled,831.41,"buy" 
2012-11-01T14:00:00Z,ICFI,18.94,15,Market On Close,Filled,284.1,"adjust" 
2012-11-01T14:00:00Z,NC,52,11,Market On Close,Filled,572,"adjust" 
2012-11-01T14:00:00Z,SPPI,11.22,20,Market On Close,Filled,224.4,"adjust" 
2012-11-01T14:00:00Z,AWR,44.24,49,Market On Close,Filled,2167.76,"buy" 
2012-11-01T14:00:00Z,FL,34.36,8,Market On Close,Filled,274.88,"adjust" 
2012-12-03T15:00:00Z,CPK,46.26,-6,Market On Close,Filled,-277.56,"adjust" 
2012-12-03T15:00:00Z,CVI,45.83,-9,Market On Close,Filled,-412.47,"adjust" 
2012-12-03T15:00:00Z,DLTR,41.34,-38,Market On Close,Filled,-1570.92,"band" 
2012-12-03T15:00:00Z,GME,25.83,-10,Market On Close,Filled,-258.3,"adjust" 
2012-12-03T15:00:00Z,ICFI,21.62,-13,Market On Close,Filled,-281.06,"adjust" 
2012-12-03T15:00:00Z,MKSI,24.02,-52,Market On Close,Filled,-1249.04,"band" 
2012-12-03T15:00:00Z,SPPI,11.74,-76,Market On Close,Filled,-892.24,"band" 
2012-12-03T15:00:00Z,CHS,18.66,74,Market On Close,Filled,1380.84,"buy" 
2012-12-03T15:00:00Z,GIII,37.56,26,Market On Close,Filled,976.56,"buy" 
2012-12-03T15:00:00Z,INTC,19.55,14,Market On Close,Filled,273.7,"adjust" 
2012-12-03T15:00:00Z,LHCG,19.48,69,Market On Close,Filled,1344.12,"buy" 
2012-12-03T15:00:00Z,NHC,44.74,8,Market On Close,Filled,357.92,"adjust" 
2012-12-03T15:00:00Z,UNH,53.89,4,Market On Close,Filled,215.56,"adjust" 
2012-12-03T15:00:00Z,WDC,33.43,8,Market On Close,Filled,267.44,"adjust" 
2013-01-02T15:00:00Z,CPK,46.78,-5,Market On Close,Filled,-233.9,"adjust" 
2013-01-02T15:00:00Z,GME,25.66,-44,Market On Close,Filled,-1129.04,"band" 
2013-01-02T15:00:00Z,INTC,21.38,-91,Market On Close,Filled,-1945.58,"band" 
2013-01-02T15:00:00Z,UACL,18.43,-64,Market On Close,Filled,-1179.52,"band" 
2013-01-02T15:00:00Z,UNH,54.54,-35,Market On Close,Filled,-1908.9,"band" 
2013-01-02T15:00:00Z,WDC,43.44,-7,Market On Close,Filled,-304.08,"adjust" 
2013-01-02T15:00:00Z,DK,26.23,9,Market On Close,Filled,236.07,"adjust" 
2013-01-02T15:00:00Z,HVT,16.68,71,Market On Close,Filled,1184.28,"buy" 
2013-01-02T15:00:00Z,LG,39,9,Market On Close,Filled,351,"adjust" 
2013-01-02T15:00:00Z,MED,26.29,33,Market On Close,Filled,867.57,"buy" 
2013-01-02T15:00:00Z,SCVL,20.43,12,Market On Close,Filled,245.16,"adjust" 
2013-01-02T15:00:00Z,UGI,33.3,81,Market On Close,Filled,2697.3,"buy" 
2013-01-02T15:00:00Z,VLGEA,34.81,40,Market On Close,Filled,1392.4,"buy" 
2013-02-01T15:00:00Z,CVI,53.58,-6,Market On Close,Filled,-321.48,"adjust" 
2013-02-01T15:00:00Z,DISCA,70.31,-3,Market On Close,Filled,-210.93,"adjust" 
2013-02-01T15:00:00Z,DK,34.22,-14,Market On Close,Filled,-479.08,"adjust" 
2013-02-01T15:00:00Z,HOC,52.77,-4,Market On Close,Filled,-211.08,"adjust" 
2013-02-01T15:00:00Z,KLIC,11.65,-95,Market On Close,Filled,-1106.75,"expired" 
2013-02-01T15:00:00Z,LG,40.13,-73,Market On Close,Filled,-2929.49,"expired" 
2013-02-01T15:00:00Z,ALG,34.4,9,Market On Close,Filled,309.6,"adjust" 
2013-02-01T15:00:00Z,BKE,47.03,6,Market On Close,Filled,282.18,"adjust" 
2013-02-01T15:00:00Z,CVX,116.5,2,Market On Close,Filled,233,"adjust" 
2013-02-01T15:00:00Z,CTB,25.97,46,Market On Close,Filled,1194.62,"buy" 
2013-02-01T15:00:00Z,EGY,8.55,26,Market On Close,Filled,222.3,"adjust" 
2013-02-01T15:00:00Z,ENS,41.51,5,Market On Close,Filled,207.55,"adjust" 
2013-02-01T15:00:00Z,RES,15.2,89,Market On Close,Filled,1352.8,"buy" 
2013-03-01T15:00:00Z,UFS,74.65,-20,Market On Close,Filled,-1493,"band" 
2013-03-01T15:00:00Z,USNA,43.74,-6,Market On Close,Filled,-262.44,"adjust" 
2013-03-01T15:00:00Z,CF,201.5,2,Market On Close,Filled,403,"adjust" 
2013-03-01T15:00:00Z,CHS,16.96,21,Market On Close,Filled,356.16,"adjust" 
2013-03-01T15:00:00Z,ENTG,9.55,26,Market On Close,Filled,248.3,"adjust" 
2013-03-01T15:00:00Z,GIII,36.63,7,Market On Close,Filled,256.41,"adjust" 
2013-03-01T15:00:00Z,LHCG,21.01,10,Market On Close,Filled,210.1,"adjust" 
2013-03-01T15:00:00Z,MED,23.92,9,Market On Close,Filled,215.28,"adjust" 
2013-03-01T15:00:00Z,MOV,36.4,6,Market On Close,Filled,218.4,"adjust" 
2013-03-01T15:00:00Z,SCVL,19.49,16,Market On Close,Filled,311.84,"adjust" 
2013-03-01T15:00:00Z,KAI,24.87,46,Market On Close,Filled,1144.02,"buy" 
2013-03-01T15:00:00Z,USPH,24.65,9,Market On Close,Filled,221.85,"adjust" 
2013-04-01T14:00:00Z,EGY,7.38,-108,Market On Close,Filled,-797.04,"band" 
2013-04-01T14:00:00Z,HVT,20.47,-10,Market On Close,Filled,-204.7,"adjust" 
2013-04-01T14:00:00Z,LHCG,21.65,-11,Market On Close,Filled,-238.15,"adjust" 
2013-04-01T14:00:00Z,AWR,55.94,-7,Market On Close,Filled,-391.58,"adjust" 
2013-04-01T14:00:00Z,CVX,119.61,2,Market On Close,Filled,239.22,"adjust" 
2013-04-01T14:00:00Z,CPK,48.58,5,Market On Close,Filled,242.9,"adjust" 
2013-04-01T14:00:00Z,IPAR,24.8,58,Market On Close,Filled,1438.4,"buy" 
2013-04-01T14:00:00Z,NC,52.97,6,Market On Close,Filled,317.82,"adjust" 
2013-04-01T14:00:00Z,TER,15.85,17,Market On Close,Filled,269.45,"adjust" 
2013-05-01T14:00:00Z,CPK,52.34,-6,Market On Close,Filled,-314.04,"adjust" 
2013-05-01T14:00:00Z,GCI,19.94,-77,Market On Close,Filled,-1535.38,"expired" 
2013-05-01T14:00:00Z,NHC,45.03,-34,Market On Close,Filled,-1531.02,"expired" 
2013-05-01T14:00:00Z,RGR,49.62,-19,Market On Close,Filled,-942.78,"band" 
2013-05-01T14:00:00Z,UGI,40.48,-5,Market On Close,Filled,-202.4,"adjust" 
2013-05-01T14:00:00Z,IDCC,43.45,28,Market On Close,Filled,1216.6,"buy" 
2013-05-01T14:00:00Z,IDT,13.86,99,Market On Close,Filled,1372.14,"buy" 
2013-05-01T14:00:00Z,MOV,29.42,8,Market On Close,Filled,235.36,"adjust" 
2013-05-01T14:00:00Z,RS,63.31,24,Market On Close,Filled,1519.44,"buy" 
2013-06-03T14:00:00Z,CHS,17.86,-95,Market On Close,Filled,-1696.7,"expired" 
2013-06-03T14:00:00Z,DDS,91.44,-20,Market On Close,Filled,-1828.8,"expired" 
2013-06-03T14:00:00Z,IDT,17.52,-23,Market On Close,Filled,-402.96,"adjust" 
2013-06-03T14:00:00Z,MOV,36,-34,Market On Close,Filled,-1224,"band" 
2013-06-03T14:00:00Z,SCVL,24.64,-71,Market On Close,Filled,-1749.44,"band" 
2013-06-03T14:00:00Z,USNA,67.3,-5,Market On Close,Filled,-336.5,"adjust" 
2013-06-03T14:00:00Z,USPH,28.9,-63,Market On Close,Filled,-1820.7,"band" 
2013-06-03T14:00:00Z,BGFV,20.25,48,Market On Close,Filled,972,"buy" 
2013-06-03T14:00:00Z,CF,193.59,2,Market On Close,Filled,387.18,"adjust" 
2013-06-03T14:00:00Z,CVX,124.09,2,Market On Close,Filled,248.18,"adjust" 
2013-06-03T14:00:00Z,DISCA,79.01,3,Market On Close,Filled,237.03,"adjust" 
2013-06-03T14:00:00Z,GCI,20.8,76,Market On Close,Filled,1580.8,"buy" 
2013-06-03T14:00:00Z,LZB,18.5,13,Market On Close,Filled,240.5,"adjust" 
2013-06-03T14:00:00Z,OTL,40.75,45,Market On Close,Filled,1833.75,"buy" 
2013-06-03T14:00:00Z,RES,12.67,18,Market On Close,Filled,228.06,"adjust" 
2013-06-03T14:00:00Z,SPH,46.38,50,Market On Close,Filled,2319,"buy" 
2013-06-03T14:00:00Z,VLO,40.25,32,Market On Close,Filled,1288,"buy" 
2013-06-03T14:00:00Z,FL,34.27,7,Market On Close,Filled,239.89,"adjust" 
2013-07-01T14:00:00Z,CTB,33.27,-27,Market On Close,Filled,-898.29,"adjust" 
2013-07-01T14:00:00Z,GCI,25.21,-45,Market On Close,Filled,-1134.45,"adjust" 
2013-07-01T14:00:00Z,GIII,48.42,-11,Market On Close,Filled,-532.62,"adjust" 
2013-07-01T14:00:00Z,UGI,38.7,-6,Market On Close,Filled,-232.2,"adjust" 
2013-07-01T14:00:00Z,CPK,51.96,6,Market On Close,Filled,311.76,"adjust" 
2013-07-01T14:00:00Z,DK,28.04,12,Market On Close,Filled,336.48,"adjust" 
2013-07-01T14:00:00Z,HOC,40.74,11,Market On Close,Filled,448.14,"adjust" 
2013-07-01T14:00:00Z,IDCC,39.26,7,Market On Close,Filled,274.82,"adjust" 
2013-07-01T14:00:00Z,MED,26.41,9,Market On Close,Filled,237.69,"adjust" 
2013-07-01T14:00:00Z,VLGEA,33.87,10,Market On Close,Filled,338.7,"adjust" 
2013-07-01T14:00:00Z,VLO,34.25,7,Market On Close,Filled,239.75,"adjust" 
2013-08-01T14:00:00Z,ALG,42.09,-5,Market On Close,Filled,-210.45,"adjust" 
2013-08-01T14:00:00Z,CF,195.98,-2,Market On Close,Filled,-391.96,"adjust" 
2013-08-01T14:00:00Z,CPK,59.69,-5,Market On Close,Filled,-298.45,"adjust" 
2013-08-01T14:00:00Z,IDT,19.27,-10,Market On Close,Filled,-192.7,"adjust" 
2013-08-01T14:00:00Z,IPAR,32.86,-10,Market On Close,Filled,-328.6,"adjust" 
2013-08-01T14:00:00Z,LHCG,23.49,-9,Market On Close,Filled,-211.41,"adjust" 
2013-08-01T14:00:00Z,MED,27.27,-51,Market On Close,Filled,-1390.77,"band" 
2013-08-01T14:00:00Z,AWR,64.81,-6,Market On Close,Filled,-388.86,"adjust" 
2013-08-01T14:00:00Z,USNA,85.13,-3,Market On Close,Filled,-255.39,"adjust" 
2013-08-01T14:00:00Z,VLGEA,37.25,-50,Market On Close,Filled,-1862.5,"band" 
2013-08-01T14:00:00Z,APU,46.06,50,Market On Close,Filled,2303,"buy" 
2013-08-01T14:00:00Z,BKE,56.98,5,Market On Close,Filled,284.9,"adjust" 
2013-08-01T14:00:00Z,ENTG,9.55,39,Market On Close,Filled,372.45,"adjust" 
2013-08-01T14:00:00Z,HNRG,7.8,199,Market On Close,Filled,1552.2,"buy" 
2013-08-01T14:00:00Z,ICFI,33.94,6,Market On Close,Filled,203.64,"adjust" 
2013-08-01T14:00:00Z,OTL,43.47,5,Market On Close,Filled,217.35,"adjust" 
2013-08-01T14:00:00Z,RS,70.74,5,Market On Close,Filled,353.7,"adjust" 
2013-08-01T14:00:00Z,FL,37.26,6,Market On Close,Filled,223.56,"adjust" 
2013-09-03T14:00:00Z,ALG,45.72,-9,Market On Close,Filled,-411.48,"adjust" 
2013-09-03T14:00:00Z,ENTG,9.42,-209,Market On Close,Filled,-1968.78,"band" 
2013-09-03T14:00:00Z,HNRG,7.4,-199,Market On Close,Filled,-1472.6,"universe" 
2013-09-03T14:00:00Z,TER,15.44,-95,Market On Close,Filled,-1466.8,"band" 
2013-09-03T14:00:00Z,CVI,43.27,5,Market On Close,Filled,216.35,"adjust" 
2013-09-03T14:00:00Z,FF,16.72,104,Market On Close,Filled,1738.88,"buy" 
2013-09-03T14:00:00Z,GIII,47.01,5,Market On Close,Filled,235.05,"adjust" 
2013-09-03T14:00:00Z,PETS,15.46,83,Market On Close,Filled,1283.18,"buy" 
2013-09-03T14:00:00Z,SMP,30.84,7,Market On Close,Filled,215.88,"adjust" 
2013-09-03T14:00:00Z,USMO,13.92,118,Market On Close,Filled,1642.56,"buy" 
2013-10-01T14:00:00Z,DISCA,83.23,-3,Market On Close,Filled,-249.69,"adjust" 
2013-10-01T14:00:00Z,ENS,61.49,-6,Market On Close,Filled,-368.94,"adjust" 
2013-10-01T14:00:00Z,FF,18.23,-13,Market On Close,Filled,-236.99,"adjust" 
2013-10-01T14:00:00Z,GIII,55,-7,Market On Close,Filled,-385,"adjust" 
2013-10-01T14:00:00Z,ICFI,35.94,-6,Market On Close,Filled,-215.64,"adjust" 
2013-10-01T14:00:00Z,IDCC,37.7,-35,Market On Close,Filled,-1319.5,"band" 
2013-10-01T14:00:00Z,FL,34.01,-6,Market On Close,Filled,-204.06,"adjust" 
2013-10-01T14:00:00Z,BGFV,16.18,18,Market On Close,Filled,291.24,"adjust" 
2013-10-01T14:00:00Z,CVX,121.32,2,Market On Close,Filled,242.64,"adjust" 
2013-10-01T14:00:00Z,CTB,31.13,8,Market On Close,Filled,249.04,"adjust" 
2013-10-01T14:00:00Z,DK,21.25,19,Market On Close,Filled,403.75,"adjust" 
2013-10-01T14:00:00Z,KWR,74.11,27,Market On Close,Filled,2000.97,"buy" 
2013-10-01T14:00:00Z,VLO,33.84,7,Market On Close,Filled,236.88,"adjust" 
2013-11-01T14:00:00Z,BGFV,19.19,-14,Market On Close,Filled,-268.66,"adjust" 
2013-11-01T14:00:00Z,DISCA,87.8,-4,Market On Close,Filled,-351.2,"adjust" 
2013-11-01T14:00:00Z,DK,25.26,-60,Market On Close,Filled,-1515.6,"band" 
2013-11-01T14:00:00Z,HVT,28.29,-12,Market On Close,Filled,-339.48,"adjust" 
2013-11-01T14:00:00Z,IDT,22,-11,Market On Close,Filled,-242,"adjust" 
2013-11-01T14:00:00Z,IPAR,35.26,-9,Market On Close,Filled,-317.34,"adjust" 
2013-11-01T14:00:00Z,OTL,45.56,-8,Market On Close,Filled,-364.48,"adjust" 
2013-11-01T14:00:00Z,VLO,41,-6,Market On Close,Filled,-246,"adjust" 
2013-11-01T14:00:00Z,ALG,48.43,5,Market On Close,Filled,242.15,"adjust" 
2013-11-01T14:00:00Z,CVX,118.01,2,Market On Close,Filled,236.02,"adjust" 
2013-11-01T14:00:00Z,CVI,37.06,7,Market On Close,Filled,259.42,"adjust" 
2013-11-01T14:00:00Z,GCI,27.9,10,Market On Close,Filled,279,"adjust" 
2013-11-01T14:00:00Z,HHS,7.98,155,Market On Close,Filled,1236.9,"buy" 
2013-11-01T14:00:00Z,LHCG,20.66,11,Market On Close,Filled,227.26,"adjust" 
2013-11-01T14:00:00Z,SPH,46.45,7,Market On Close,Filled,325.15,"adjust" 
2013-12-02T15:00:00Z,ALG,57.13,-12,Market On Close,Filled,-685.56,"adjust" 
2013-12-02T15:00:00Z,CF,217.01,-8,Market On Close,Filled,-1736.08,"band" 
2013-12-02T15:00:00Z,CTB,24.39,-27,Market On Close,Filled,-658.53,"band" 
2013-12-02T15:00:00Z,HOC,49.17,-5,Market On Close,Filled,-245.85,"adjust" 
2013-12-02T15:00:00Z,LHCG,24.59,-10,Market On Close,Filled,-245.9,"adjust" 
2013-12-02T15:00:00Z,LZB,28.99,-25,Market On Close,Filled,-724.75,"adjust" 
2013-12-02T15:00:00Z,NC,63.46,-25,Market On Close,Filled,-1586.5,"band" 
2013-12-02T15:00:00Z,HES,80.91,28,Market On Close,Filled,2265.48,"buy" 
2013-12-02T15:00:00Z,APU,42.37,12,Market On Close,Filled,508.44,"adjust" 
2013-12-02T15:00:00Z,DISCA,86.21,4,Market On Close,Filled,344.84,"adjust" 
2013-12-02T15:00:00Z,FTK,20.57,11,Market On Close,Filled,226.27,"adjust" 
2013-12-02T15:00:00Z,RS,73.34,4,Market On Close,Filled,293.36,"adjust" 
2013-12-02T15:00:00Z,SMP,34.4,6,Market On Close,Filled,206.4,"adjust" 
2013-12-02T15:00:00Z,SPH,45.07,7,Market On Close,Filled,315.49,"adjust" 
2013-12-02T15:00:00Z,SWM,50.73,30,Market On Close,Filled,1521.9,"buy" 
2013-12-02T15:00:00Z,SYNA,50.27,22,Market On Close,Filled,1105.94,"buy" 
2014-01-02T15:00:00Z,ALG,57.02,-5,Market On Close,Filled,-285.1,"adjust" 
2014-01-02T15:00:00Z,APU,43.66,-5,Market On Close,Filled,-218.3,"adjust" 
2014-01-02T15:00:00Z,CVI,43.68,-33,Market On Close,Filled,-1441.44,"band" 
2014-01-02T15:00:00Z,GIII,71.42,-5,Market On Close,Filled,-357.1,"adjust" 
2014-01-02T15:00:00Z,VLO,49.86,-7,Market On Close,Filled,-349.02,"adjust" 
2014-01-02T15:00:00Z,WDC,82.68,-3,Market On Close,Filled,-248.04,"adjust" 
2014-01-02T15:00:00Z,BKE,52.16,5,Market On Close,Filled,260.8,"adjust" 
2014-01-02T15:00:00Z,GME,49.65,28,Market On Close,Filled,1390.2,"buy" 
2014-01-02T15:00:00Z,HHS,7.54,27,Market On Close,Filled,203.58,"adjust" 
2014-01-02T15:00:00Z,IDT,17.7,15,Market On Close,Filled,265.5,"adjust" 
2014-02-03T15:00:00Z,APU,42.48,-57,Market On Close,Filled,-2421.36,"expired" 
2014-02-03T15:00:00Z,HHS,6.86,-182,Market On Close,Filled,-1248.52,"band" 
2014-02-03T15:00:00Z,OTL,41.8,-42,Market On Close,Filled,-1755.6,"band" 
2014-02-03T15:00:00Z,PETS,12.74,-83,Market On Close,Filled,-1057.42,"universe" 
2014-02-03T15:00:00Z,UGI,42.04,-70,Market On Close,Filled,-2942.8,"expired" 
2014-02-03T15:00:00Z,HES,73.92,5,Market On Close,Filled,369.6,"adjust" 
2014-02-03T15:00:00Z,ALG,47.68,4,Market On Close,Filled,190.72,"adjust" 
2014-02-03T15:00:00Z,BGFV,16.62,21,Market On Close,Filled,349.02,"adjust" 
2014-02-03T15:00:00Z,BKE,42.49,7,Market On Close,Filled,297.43,"adjust" 
2014-02-03T15:00:00Z,CPK,57.71,6,Market On Close,Filled,346.26,"adjust" 
2014-02-03T15:00:00Z,FSS,11.72,118,Market On Close,Filled,1382.96,"buy" 
2014-02-03T15:00:00Z,GCI,26.51,11,Market On Close,Filled,291.61,"adjust" 
2014-02-03T15:00:00Z,GTE,7.48,192,Market On Close,Filled,1436.16,"buy" 
2014-02-03T15:00:00Z,HVT,26.38,9,Market On Close,Filled,237.42,"adjust" 
2014-02-03T15:00:00Z,IPAR,31.74,12,Market On Close,Filled,380.88,"adjust" 
2014-02-03T15:00:00Z,KIRK,17.58,64,Market On Close,Filled,1125.12,"buy" 
2014-02-03T15:00:00Z,KWR,66.71,3,Market On Close,Filled,200.13,"adjust" 
2014-02-03T15:00:00Z,LHCG,23.71,13,Market On Close,Filled,308.23,"adjust" 
2014-02-03T15:00:00Z,NUS,82.78,9,Market On Close,Filled,745.02,"buy" 
2014-02-03T15:00:00Z,SMP,31.21,7,Market On Close,Filled,218.47,"adjust" 
2014-02-03T15:00:00Z,SWM,45.13,7,Market On Close,Filled,315.91,"adjust" 
2014-02-03T15:00:00Z,USMO,14.01,16,Market On Close,Filled,224.16,"adjust" 
2014-02-03T15:00:00Z,USNA,57.62,6,Market On Close,Filled,345.72,"adjust" 
2014-02-03T15:00:00Z,UTHR,97.15,9,Market On Close,Filled,874.35,"buy" 
2014-03-03T15:00:00Z,DISCA,82.08,-28,Market On Close,Filled,-2298.24,"band" 
2014-03-03T15:00:00Z,ENS,69.81,-5,Market On Close,Filled,-349.05,"adjust" 
2014-03-03T15:00:00Z,FTK,25.62,-15,Market On Close,Filled,-384.3,"adjust" 
2014-03-03T15:00:00Z,HOC,44.88,-31,Market On Close,Filled,-1391.28,"band" 
2014-03-03T15:00:00Z,ICFI,40.23,-27,Market On Close,Filled,-1086.21,"adjust" 
2014-03-03T15:00:00Z,KIRK,17.76,-64,Market On Close,Filled,-1136.64,"universe" 
2014-03-03T15:00:00Z,SMP,34.64,-17,Market On Close,Filled,-588.88,"adjust" 
2014-03-03T15:00:00Z,USMO,14.37,-134,Market On Close,Filled,-1925.58,"universe" 
2014-03-03T15:00:00Z,USNA,71.94,-6,Market On Close,Filled,-431.64,"adjust" 
2014-03-03T15:00:00Z,BGFV,14.89,16,Market On Close,Filled,238.24,"adjust" 
2014-03-03T15:00:00Z,GIII,69.68,4,Market On Close,Filled,278.72,"adjust" 
2014-03-03T15:00:00Z,GTE,7.1,41,Market On Close,Filled,291.1,"adjust" 
2014-03-03T15:00:00Z,IDT,18.24,17,Market On Close,Filled,310.08,"adjust" 
2014-03-03T15:00:00Z,LZB,25.37,17,Market On Close,Filled,431.29,"adjust" 
2014-03-03T15:00:00Z,OSTK,19.54,42,Market On Close,Filled,820.68,"buy" 
2014-03-03T15:00:00Z,PPC,17.18,83,Market On Close,Filled,1425.94,"buy" 
2014-03-03T15:00:00Z,SAFM,75.11,27,Market On Close,Filled,2027.97,"buy" 
2014-03-03T15:00:00Z,SPH,42.88,12,Market On Close,Filled,514.56,"adjust" 
2014-03-03T15:00:00Z,UGI,44.3,72,Market On Close,Filled,3189.6,"buy" 
2014-03-03T15:00:00Z,WDC,87.9,3,Market On Close,Filled,263.7,"adjust" 
2014-04-01T14:00:00Z,BGFV,16.17,-89,Market On Close,Filled,-1439.13,"band" 
2014-04-01T14:00:00Z,BKE,46.33,-50,Market On Close,Filled,-2316.5,"band" 
2014-04-01T14:00:00Z,FF,21.05,-24,Market On Close,Filled,-505.2,"adjust" 
2014-04-01T14:00:00Z,KWR,80.92,-3,Market On Close,Filled,-242.76,"adjust" 
2014-04-01T14:00:00Z,PPC,21.14,-11,Market On Close,Filled,-232.54,"adjust" 
2014-04-01T14:00:00Z,RES,20.59,-12,Market On Close,Filled,-247.08,"adjust" 
2014-04-01T14:00:00Z,SPH,42.01,-76,Market On Close,Filled,-3192.76,"band" 
2014-04-01T14:00:00Z,FL,47.3,-10,Market On Close,Filled,-473,"adjust" 
2014-04-01T14:00:00Z,HES,83.96,5,Market On Close,Filled,419.8,"adjust" 
2014-04-01T14:00:00Z,CVX,119,2,Market On Close,Filled,238,"adjust" 
2014-04-01T14:00:00Z,CORE,74.06,36,Market On Close,Filled,2666.16,"buy" 
2014-04-01T14:00:00Z,ENS,69.99,3,Market On Close,Filled,209.97,"adjust" 
2014-04-01T14:00:00Z,GCI,28.02,13,Market On Close,Filled,364.26,"adjust" 
2014-04-01T14:00:00Z,LHCG,22.3,23,Market On Close,Filled,512.9,"adjust" 
2014-04-01T14:00:00Z,MYGN,35.15,30,Market On Close,Filled,1054.5,"buy" 
2014-04-01T14:00:00Z,PRFT,18.43,74,Market On Close,Filled,1363.82,"buy" 
2014-04-01T14:00:00Z,RS,71.28,5,Market On Close,Filled,356.4,"adjust" 
2014-04-01T14:00:00Z,SMP,37.25,6,Market On Close,Filled,223.5,"adjust" 
2014-04-01T14:00:00Z,SWM,42.51,7,Market On Close,Filled,297.57,"adjust" 
2014-04-01T14:00:00Z,KAI,38.28,10,Market On Close,Filled,382.8,"adjust" 
2014-04-01T14:00:00Z,UGI,45.35,6,Market On Close,Filled,272.1,"adjust" 
2014-04-01T14:00:00Z,UTHR,97.78,3,Market On Close,Filled,293.34,"adjust" 
2014-04-01T14:00:00Z,WLK,67.1,7,Market On Close,Filled,469.7,"adjust" 
2014-05-01T14:00:00Z,CVX,124.94,-2,Market On Close,Filled,-249.88,"adjust" 
2014-05-01T14:00:00Z,CORE,78.78,-3,Market On Close,Filled,-236.34,"adjust" 
2014-05-01T14:00:00Z,FTK,27.69,-8,Market On Close,Filled,-221.52,"adjust" 
2014-05-01T14:00:00Z,MYGN,39.97,-6,Market On Close,Filled,-239.82,"adjust" 
2014-05-01T14:00:00Z,PPC,22.05,-72,Market On Close,Filled,-1587.6,"expired" 
2014-05-01T14:00:00Z,SWM,42.78,-44,Market On Close,Filled,-1882.32,"band" 
2014-05-01T14:00:00Z,WLK,70.86,-12,Market On Close,Filled,-850.32,"adjust" 
2014-05-01T14:00:00Z,ICFI,38.42,9,Market On Close,Filled,345.78,"adjust" 
2014-05-01T14:00:00Z,IDT,15.83,21,Market On Close,Filled,332.43,"adjust" 
2014-05-01T14:00:00Z,KWR,77.11,3,Market On Close,Filled,231.33,"adjust" 
2014-05-01T14:00:00Z,LHCG,20.82,15,Market On Close,Filled,312.3,"adjust" 
2014-05-01T14:00:00Z,LZB,24.39,11,Market On Close,Filled,268.29,"adjust" 
2014-05-01T14:00:00Z,OSTK,15.33,18,Market On Close,Filled,275.94,"adjust" 
2014-05-01T14:00:00Z,AWR,30.22,8,Market On Close,Filled,241.76,"adjust" 
2014-05-01T14:00:00Z,TTWO,20.69,83,Market On Close,Filled,1717.27,"buy" 
2014-05-01T14:00:00Z,VMW,92.05,17,Market On Close,Filled,1564.85,"buy" 
2014-06-02T14:00:00Z,IDT,16.64,-108,Market On Close,Filled,-1797.12,"band" 
2014-06-02T14:00:00Z,IPAR,29.27,-51,Market On Close,Filled,-1492.77,"band" 
2014-06-02T14:00:00Z,LHCG,20.38,-111,Market On Close,Filled,-2262.18,"band" 
2014-06-02T14:00:00Z,SAFM,95.65,-3,Market On Close,Filled,-286.95,"adjust" 
2014-06-02T14:00:00Z,SMP,40.99,-7,Market On Close,Filled,-286.93,"adjust" 
2014-06-02T14:00:00Z,SYNA,66.45,-5,Market On Close,Filled,-332.25,"adjust" 
2014-06-02T14:00:00Z,WLK,81.1,-3,Market On Close,Filled,-243.3,"adjust" 
2014-06-02T14:00:00Z,ALG,52.3,4,Market On Close,Filled,209.2,"adjust" 
2014-06-02T14:00:00Z,DECK,78.43,18,Market On Close,Filled,1411.74,"buy" 
2014-06-02T14:00:00Z,GCI,28.89,10,Market On Close,Filled,288.9,"adjust" 
2014-06-02T14:00:00Z,GIII,75.92,3,Market On Close,Filled,227.76,"adjust" 
2014-06-02T14:00:00Z,GTE,7.2,28,Market On Close,Filled,201.6,"adjust" 
2014-06-02T14:00:00Z,HVT,24.97,8,Market On Close,Filled,199.76,"adjust" 
2014-06-02T14:00:00Z,MOD,14.94,92,Market On Close,Filled,1374.48,"buy" 
2014-06-02T14:00:00Z,MYGN,33.62,7,Market On Close,Filled,235.34,"adjust" 
2014-06-02T14:00:00Z,NUS,73.62,3,Market On Close,Filled,220.86,"adjust" 
2014-06-02T14:00:00Z,PPC,25.92,66,Market On Close,Filled,1710.72,"buy" 
2014-07-01T14:00:00Z,GIII,81.39,-3,Market On Close,Filled,-244.17,"adjust" 
2014-07-01T14:00:00Z,SYNA,91.88,-8,Market On Close,Filled,-735.04,"adjust" 
2014-07-01T14:00:00Z,ENS,69.67,3,Market On Close,Filled,209.01,"adjust" 
2014-07-01T14:00:00Z,GME,40.51,5,Market On Close,Filled,202.55,"adjust" 
2014-07-01T14:00:00Z,ICFI,35.93,10,Market On Close,Filled,359.3,"adjust" 
2014-07-01T14:00:00Z,RS,74.26,4,Market On Close,Filled,297.04,"adjust" 
2014-07-01T14:00:00Z,UTHR,91.48,3,Market On Close,Filled,274.44,"adjust" 
2014-07-01T14:00:00Z,FL,51.6,5,Market On Close,Filled,258,"adjust" 
2014-08-01T14:00:00Z,HES,98,-3,Market On Close,Filled,-294,"adjust" 
2014-08-01T14:00:00Z,CORE,46.94,-14,Market On Close,Filled,-657.16,"adjust" 
2014-08-01T14:00:00Z,GCI,32.9,-7,Market On Close,Filled,-230.3,"adjust" 
2014-08-01T14:00:00Z,MOD,13.25,-92,Market On Close,Filled,-1219,"expired" 
2014-08-01T14:00:00Z,NUS,59.03,-12,Market On Close,Filled,-708.36,"band" 
2014-08-01T14:00:00Z,PPC,28.82,-12,Market On Close,Filled,-345.84,"adjust" 
2014-08-01T14:00:00Z,RES,22.02,-16,Market On Close,Filled,-352.32,"adjust" 
2014-08-01T14:00:00Z,AWR,30.79,-80,Market On Close,Filled,-2463.2,"band" 
2014-08-01T14:00:00Z,TTWO,22.39,-9,Market On Close,Filled,-201.51,"adjust" 
2014-08-01T14:00:00Z,WDC,100.3,-3,Market On Close,Filled,-300.9,"adjust" 
2014-08-01T14:00:00Z,FF,15.7,13,Market On Close,Filled,204.1,"adjust" 
2014-08-01T14:00:00Z,HP,105.48,20,Market On Close,Filled,2109.6,"buy" 
2014-08-01T14:00:00Z,KWR,71.04,4,Market On Close,Filled,284.16,"adjust" 
2014-08-01T14:00:00Z,MU,31.09,46,Market On Close,Filled,1430.14,"buy" 
2014-08-01T14:00:00Z,NJR,50.74,51,Market On Close,Filled,2587.74,"buy" 
2014-08-01T14:00:00Z,SYNA,78.11,3,Market On Close,Filled,234.33,"adjust" 
2014-09-02T14:00:00Z,HES,100.53,-3,Market On Close,Filled,-301.59,"adjust" 
2014-09-02T14:00:00Z,ALG,49.03,-31,Market On Close,Filled,-1519.93,"band" 
2014-09-02T14:00:00Z,FF,14,-80,Market On Close,Filled,-1120,"band" 
2014-09-02T14:00:00Z,GTE,6.61,-261,Market On Close,Filled,-1725.21,"band" 
2014-09-02T14:00:00Z,LZB,21.81,-78,Market On Close,Filled,-1701.18,"band" 
2014-09-02T14:00:00Z,PRFT,17.59,-74,Market On Close,Filled,-1301.66,"band" 
2014-09-02T14:00:00Z,SAFM,92.9,-4,Market On Close,Filled,-371.6,"adjust" 
2014-09-02T14:00:00Z,UTHR,115.22,-8,Market On Close,Filled,-921.76,"adjust" 
2014-09-02T14:00:00Z,FL,57.25,-10,Market On Close,Filled,-572.5,"adjust" 
2014-09-02T14:00:00Z,BABY,29.06,51,Market On Close,Filled,1482.06,"buy" 
2014-09-02T14:00:00Z,DDS,113.29,14,Market On Close,Filled,1586.06,"buy" 
2014-09-02T14:00:00Z,ICFI,33.87,8,Market On Close,Filled,270.96,"adjust" 
2014-09-02T14:00:00Z,LSCC,7.48,188,Market On Close,Filled,1406.24,"buy" 
2014-09-02T14:00:00Z,RSC,106.48,9,Market On Close,Filled,958.32,"buy" 
2014-09-02T14:00:00Z,USNA,71.05,3,Market On Close,Filled,213.15,"adjust" 
2014-09-02T14:00:00Z,WDC,102,2,Market On Close,Filled,204,"adjust" 
2014-09-02T14:00:00Z,AVA,32.15,110,Market On Close,Filled,3536.5,"buy" 
2014-10-01T14:00:00Z,CORE,51.69,-11,Market On Close,Filled,-568.59,"adjust" 
2014-10-01T14:00:00Z,CPK,41.48,-9,Market On Close,Filled,-373.32,"adjust" 
2014-10-01T14:00:00Z,ICFI,30.43,-60,Market On Close,Filled,-1825.8,"band" 
2014-10-01T14:00:00Z,MU,33.5,-7,Market On Close,Filled,-234.5,"adjust" 
2014-10-01T14:00:00Z,RS,67.32,-42,Market On Close,Filled,-2827.44,"band" 
2014-10-01T14:00:00Z,CALM,87.8,20,Market On Close,Filled,1756,"buy" 
2014-10-01T14:00:00Z,CVX,117.65,2,Market On Close,Filled,235.3,"adjust" 
2014-10-01T14:00:00Z,EGY,8.6,109,Market On Close,Filled,937.4,"buy" 
2014-10-01T14:00:00Z,FSS,12.71,26,Market On Close,Filled,330.46,"adjust" 
2014-10-01T14:00:00Z,GCI,29.21,9,Market On Close,Filled,262.89,"adjust" 
2014-10-01T14:00:00Z,HVT,21.14,17,Market On Close,Filled,359.38,"adjust" 
2014-10-01T14:00:00Z,RSC,69.94,3,Market On Close,Filled,209.82,"adjust" 
2014-10-01T14:00:00Z,SMP,34.12,12,Market On Close,Filled,409.44,"adjust" 
2014-10-01T14:00:00Z,KAI,37.53,7,Market On Close,Filled,262.71,"adjust" 
2014-10-01T14:00:00Z,VLO,45.6,7,Market On Close,Filled,319.2,"adjust" 
2014-10-01T14:00:00Z,VMW,93.34,3,Market On Close,Filled,280.02,"adjust" 
2014-11-03T15:00:00Z,CVX,116.78,-2,Market On Close,Filled,-233.56,"adjust" 
2014-11-03T15:00:00Z,ENS,62.46,-34,Market On Close,Filled,-2123.64,"band" 
2014-11-03T15:00:00Z,GCI,31.32,-7,Market On Close,Filled,-219.24,"adjust" 
2014-11-03T15:00:00Z,KWR,83.27,-5,Market On Close,Filled,-416.35,"adjust" 
2014-11-03T15:00:00Z,OSTK,23.59,-9,Market On Close,Filled,-212.31,"adjust" 
2014-11-03T15:00:00Z,PPC,28.9,-10,Market On Close,Filled,-289,"adjust" 
2014-11-03T15:00:00Z,SMP,39.3,-7,Market On Close,Filled,-275.1,"adjust" 
2014-11-03T15:00:00Z,SYNA,65.72,-12,Market On Close,Filled,-788.64,"expired" 
2014-11-03T15:00:00Z,KAI,42.01,-6,Market On Close,Filled,-252.06,"adjust" 
2014-11-03T15:00:00Z,TTWO,25.83,-13,Market On Close,Filled,-335.79,"adjust" 
2014-11-03T15:00:00Z,UGI,37.94,-9,Market On Close,Filled,-341.46,"adjust" 
2014-11-03T15:00:00Z,USNA,115.22,-8,Market On Close,Filled,-921.76,"adjust" 
2014-11-03T15:00:00Z,AVA,35.65,-17,Market On Close,Filled,-606.05,"adjust" 
2014-11-03T15:00:00Z,CORE,57.05,4,Market On Close,Filled,228.2,"adjust" 
2014-11-03T15:00:00Z,DDS,108.15,4,Market On Close,Filled,432.6,"adjust" 
2014-11-03T15:00:00Z,GIII,79.06,4,Market On Close,Filled,316.24,"adjust" 
2014-11-03T15:00:00Z,GME,42.71,6,Market On Close,Filled,256.26,"adjust" 
2014-11-03T15:00:00Z,GPRE,34.58,38,Market On Close,Filled,1314.04,"buy" 
2014-11-03T15:00:00Z,HVT,21.77,10,Market On Close,Filled,217.7,"adjust" 
2014-11-03T15:00:00Z,LSCC,6.59,50,Market On Close,Filled,329.5,"adjust" 
2014-11-03T15:00:00Z,MED,31.98,59,Market On Close,Filled,1886.82,"buy" 
2014-11-03T15:00:00Z,MYGN,39.48,6,Market On Close,Filled,236.88,"adjust" 
2014-11-03T15:00:00Z,RES,16.17,13,Market On Close,Filled,210.21,"adjust" 
2014-11-03T15:00:00Z,VMW,84.27,6,Market On Close,Filled,505.62,"adjust" 
2014-11-03T15:00:00Z,WLK,71.04,4,Market On Close,Filled,284.16,"adjust" 
2014-11-03T15:00:00Z,FL,56.17,10,Market On Close,Filled,561.7,"adjust" 
2014-12-01T15:00:00Z,HES,73.96,-4,Market On Close,Filled,-295.84,"adjust" 
2014-12-01T15:00:00Z,CVX,111.73,-2,Market On Close,Filled,-223.46,"adjust" 
2014-12-01T15:00:00Z,CORE,58.64,-5,Market On Close,Filled,-293.2,"adjust" 
2014-12-01T15:00:00Z,DDS,116.64,-4,Market On Close,Filled,-466.56,"adjust" 
2014-12-01T15:00:00Z,EGY,5.94,-109,Market On Close,Filled,-647.46,"universe" 
2014-12-01T15:00:00Z,FSS,14.76,-16,Market On Close,Filled,-236.16,"adjust" 
2014-12-01T15:00:00Z,MED,29.62,-7,Market On Close,Filled,-207.34,"adjust" 
2014-12-01T15:00:00Z,FL,56.35,-9,Market On Close,Filled,-507.15,"adjust" 
2014-12-01T15:00:00Z,CALM,41.91,5,Market On Close,Filled,209.55,"adjust" 
2014-12-01T15:00:00Z,EW,129.39,15,Market On Close,Filled,1940.85,"buy" 
2014-12-01T15:00:00Z,MYGN,33.01,6,Market On Close,Filled,198.06,"adjust" 
2014-12-01T15:00:00Z,NJR,57.45,4,Market On Close,Filled,229.8,"adjust" 
2014-12-01T15:00:00Z,RSC,62.78,4,Market On Close,Filled,251.12,"adjust" 
2014-12-01T15:00:00Z,USNA,104.37,2,Market On Close,Filled,208.74,"adjust" 
2014-12-01T15:00:00Z,UTHR,131.68,2,Market On Close,Filled,263.36,"adjust" 
2015-01-02T15:00:00Z,CALM,38.65,-6,Market On Close,Filled,-231.9,"adjust" 
2015-01-02T15:00:00Z,CVX,112.58,-4,Market On Close,Filled,-450.32,"adjust" 
2015-01-02T15:00:00Z,CPK,49.89,-59,Market On Close,Filled,-2943.51,"band" 
2015-01-02T15:00:00Z,GIII,100,-7,Market On Close,Filled,-700,"adjust" 
2015-01-02T15:00:00Z,GME,33.8,-39,Market On Close,Filled,-1318.2,"band" 
2015-01-02T15:00:00Z,KWR,90.03,-3,Market On Close,Filled,-270.09,"adjust" 
2015-01-02T15:00:00Z,MU,34.75,-39,Market On Close,Filled,-1355.25,"expired" 
2015-01-02T15:00:00Z,NJR,61.25,-8,Market On Close,Filled,-490,"adjust" 
2015-01-02T15:00:00Z,RES,13.3,-92,Market On Close,Filled,-1223.6,"band" 
2015-01-02T15:00:00Z,UGI,38.02,-12,Market On Close,Filled,-456.24,"adjust" 
2015-01-02T15:00:00Z,AVA,35.44,-6,Market On Close,Filled,-212.64,"adjust" 
2015-01-02T15:00:00Z,ARLP,43.18,45,Market On Close,Filled,1943.1,"buy" 
2015-01-02T15:00:00Z,DECK,89.7,4,Market On Close,Filled,358.8,"adjust" 
2015-01-02T15:00:00Z,SKX,55.74,28,Market On Close,Filled,1560.72,"buy" 
2015-01-02T15:00:00Z,SMP,37.33,7,Market On Close,Filled,261.31,"adjust" 
2015-01-02T15:00:00Z,TSRA,35.47,56,Market On Close,Filled,1986.32,"buy" 
2015-01-02T15:00:00Z,USNA,102.28,2,Market On Close,Filled,204.56,"adjust" 
2015-01-02T15:00:00Z,UTHR,127.73,2,Market On Close,Filled,255.46,"adjust" 
2015-01-02T15:00:00Z,GHC,860.94,2,Market On Close,Filled,1721.88,"buy" 
2015-02-02T15:00:00Z,CORE,67.5,-4,Market On Close,Filled,-270,"adjust" 
2015-02-02T15:00:00Z,HVT,24.79,-93,Market On Close,Filled,-2305.47,"band" 
2015-02-02T15:00:00Z,TSRA,37.35,-7,Market On Close,Filled,-261.45,"adjust" 
2015-02-02T15:00:00Z,VMW,79.22,-26,Market On Close,Filled,-2059.72,"band" 
2015-02-02T15:00:00Z,BBY,34.97,44,Market On Close,Filled,1538.68,"buy" 
2015-02-02T15:00:00Z,CALM,35.09,6,Market On Close,Filled,210.54,"adjust" 
2015-02-02T15:00:00Z,DDS,114.78,3,Market On Close,Filled,344.34,"adjust" 
2015-02-02T15:00:00Z,EW,125.48,3,Market On Close,Filled,376.44,"adjust" 
2015-02-02T15:00:00Z,FTK,16.37,18,Market On Close,Filled,294.66,"adjust" 
2015-02-02T15:00:00Z,GPRE,25.19,9,Market On Close,Filled,226.71,"adjust" 
2015-02-02T15:00:00Z,KWR,80.51,4,Market On Close,Filled,322.04,"adjust" 
2015-02-02T15:00:00Z,OSTK,22.8,13,Market On Close,Filled,296.4,"adjust" 
2015-02-02T15:00:00Z,RSC,59.57,5,Market On Close,Filled,297.85,"adjust" 
2015-02-02T15:00:00Z,SAFM,78.22,4,Market On Close,Filled,312.88,"adjust" 
2015-02-02T15:00:00Z,KAI,40.57,8,Market On Close,Filled,324.56,"adjust" 
2015-03-02T15:00:00Z,HES,74.11,-3,Market On Close,Filled,-222.33,"adjust" 
2015-03-02T15:00:00Z,DECK,74.52,-4,Market On Close,Filled,-298.08,"adjust" 
2015-03-02T15:00:00Z,FTK,16.73,-77,Market On Close,Filled,-1288.21,"band" 
2015-03-02T15:00:00Z,HP,65.71,-20,Market On Close,Filled,-1314.2,"band" 
2015-03-02T15:00:00Z,KWR,82.66,-3,Market On Close,Filled,-247.98,"adjust" 
2015-03-02T15:00:00Z,MED,32.35,-52,Market On Close,Filled,-1682.2,"universe" 
2015-03-02T15:00:00Z,SAFM,85.68,-3,Market On Close,Filled,-257.04,"adjust" 
2015-03-02T15:00:00Z,SKX,68.27,-4,Market On Close,Filled,-273.08,"adjust" 
2015-03-02T15:00:00Z,SMP,42.33,-57,Market On Close,Filled,-2412.81,"band" 
2015-03-02T15:00:00Z,KAI,46.27,-7,Market On Close,Filled,-323.89,"adjust" 
2015-03-02T15:00:00Z,TTWO,26.06,-61,Market On Close,Filled,-1589.66,"band" 
2015-03-02T15:00:00Z,VLO,58.68,-6,Market On Close,Filled,-352.08,"adjust" 
2015-03-02T15:00:00Z,WLK,67.38,-3,Market On Close,Filled,-202.14,"adjust" 
2015-03-02T15:00:00Z,BABY,35.33,11,Market On Close,Filled,388.63,"adjust" 
2015-03-02T15:00:00Z,CTR,44.21,55,Market On Close,Filled,2431.55,"buy" 
2015-03-02T15:00:00Z,DEPO,23.06,56,Market On Close,Filled,1291.36,"buy" 
2015-03-02T15:00:00Z,IDT,21.85,94,Market On Close,Filled,2053.9,"buy" 
2015-03-02T15:00:00Z,INTC,34.06,79,Market On Close,Filled,2690.74,"buy" 
2015-03-02T15:00:00Z,KLIC,16.33,138,Market On Close,Filled,2253.54,"buy" 
2015-03-02T15:00:00Z,USNA,101,2,Market On Close,Filled,202,"adjust" 
2015-04-01T14:00:00Z,BABY,39.35,-6,Market On Close,Filled,-236.1,"adjust" 
2015-04-01T14:00:00Z,EW,140.7,-4,Market On Close,Filled,-562.8,"adjust" 
2015-04-01T14:00:00Z,GPRE,29.69,-10,Market On Close,Filled,-296.9,"adjust" 
2015-04-01T14:00:00Z,IDT,18.98,-19,Market On Close,Filled,-360.62,"adjust" 
2015-04-01T14:00:00Z,NJR,30.86,-8,Market On Close,Filled,-246.88,"adjust" 
2015-04-01T14:00:00Z,OSTK,24.06,-64,Market On Close,Filled,-1539.84,"band" 
2015-04-01T14:00:00Z,KAI,53.73,-12,Market On Close,Filled,-644.76,"adjust" 
2015-04-01T14:00:00Z,TSRA,40.7,-5,Market On Close,Filled,-203.5,"adjust" 
2015-04-01T14:00:00Z,UTHR,174.41,-2,Market On Close,Filled,-348.82,"adjust" 
2015-04-01T14:00:00Z,AVA,34.15,-6,Market On Close,Filled,-204.9,"adjust" 
2015-04-01T14:00:00Z,HES,69.18,4,Market On Close,Filled,276.72,"adjust" 
2015-04-01T14:00:00Z,APU,47.1,70,Market On Close,Filled,3297,"buy" 
2015-04-01T14:00:00Z,ARLP,32.99,11,Market On Close,Filled,362.89,"adjust" 
2015-04-01T14:00:00Z,DECK,73.76,3,Market On Close,Filled,221.28,"adjust" 
2015-04-01T14:00:00Z,MYGN,34.77,6,Market On Close,Filled,208.62,"adjust" 
2015-04-01T14:00:00Z,PPC,23.76,15,Market On Close,Filled,356.4,"adjust" 
2015-04-01T14:00:00Z,WDC,92.35,3,Market On Close,Filled,277.05,"adjust" 
2015-05-01T14:00:00Z,HES,75.78,-4,Market On Close,Filled,-303.12,"adjust" 
2015-05-01T14:00:00Z,CALM,45.5,-8,Market On Close,Filled,-364,"adjust" 
2015-05-01T14:00:00Z,GPRE,31.02,-37,Market On Close,Filled,-1147.74,"expired" 
2015-05-01T14:00:00Z,INTC,33.42,-8,Market On Close,Filled,-267.36,"adjust" 
2015-05-01T14:00:00Z,LSCC,6.12,-238,Market On Close,Filled,-1456.56,"band" 
2015-05-01T14:00:00Z,PPC,25.44,-59,Market On Close,Filled,-1500.96,"expired" 
2015-05-01T14:00:00Z,SKX,91.67,-8,Market On Close,Filled,-733.36,"adjust" 
2015-05-01T14:00:00Z,UGI,35.1,-95,Market On Close,Filled,-3334.5,"band" 
2015-05-01T14:00:00Z,WLK,77.71,-3,Market On Close,Filled,-233.13,"adjust" 
2015-05-01T14:00:00Z,BBY,35.18,11,Market On Close,Filled,386.98,"adjust" 
2015-05-01T14:00:00Z,BCC,35.4,56,Market On Close,Filled,1982.4,"buy" 
2015-05-01T14:00:00Z,EW,127.19,2,Market On Close,Filled,254.38,"adjust" 
2015-05-01T14:00:00Z,GIII,113.21,2,Market On Close,Filled,226.42,"adjust" 
2015-05-01T14:00:00Z,KLIC,15.61,30,Market On Close,Filled,468.3,"adjust" 
2015-05-01T14:00:00Z,MEI,43.59,40,Market On Close,Filled,1743.6,"buy" 
2015-05-01T14:00:00Z,MPC,102.66,20,Market On Close,Filled,2053.2,"buy" 
2015-05-01T14:00:00Z,NLNK,46.64,18,Market On Close,Filled,839.52,"buy" 
2015-05-01T14:00:00Z,SAFM,75.26,3,Market On Close,Filled,225.78,"adjust" 
2015-05-01T14:00:00Z,TSRA,37.08,6,Market On Close,Filled,222.48,"adjust" 
2015-05-01T14:00:00Z,AVA,32.57,7,Market On Close,Filled,227.99,"adjust" 
2015-05-01T14:00:00Z,ZUMZ,31.89,53,Market On Close,Filled,1690.17,"buy" 
2015-06-01T14:00:00Z,HES,66.76,-25,Market On Close,Filled,-1669,"band" 
2015-06-01T14:00:00Z,CALM,57.29,-15,Market On Close,Filled,-859.35,"adjust" 
2015-06-01T14:00:00Z,CORE,54.34,-5,Market On Close,Filled,-271.7,"adjust" 
2015-06-01T14:00:00Z,KLIC,13.13,-25,Market On Close,Filled,-328.25,"adjust" 
2015-06-01T14:00:00Z,SKX,106.02,-2,Market On Close,Filled,-212.04,"adjust" 
2015-06-01T14:00:00Z,USNA,129.52,-6,Market On Close,Filled,-777.12,"adjust" 
2015-06-01T14:00:00Z,ARLP,30.32,10,Market On Close,Filled,303.2,"adjust" 
2015-06-01T14:00:00Z,CTR,37.1,11,Market On Close,Filled,408.1,"adjust" 
2015-06-01T14:00:00Z,CVX,102.63,4,Market On Close,Filled,410.52,"adjust" 
2015-06-01T14:00:00Z,DDS,115.92,3,Market On Close,Filled,347.76,"adjust" 
2015-06-01T14:00:00Z,DECK,68.35,4,Market On Close,Filled,273.4,"adjust" 
2015-06-01T14:00:00Z,FSS,15.01,19,Market On Close,Filled,285.19,"adjust" 
2015-06-01T14:00:00Z,MYGN,32.96,7,Market On Close,Filled,230.72,"adjust" 
2015-06-01T14:00:00Z,WLK,70.71,4,Market On Close,Filled,282.84,"adjust" 
2015-06-01T14:00:00Z,AVA,31.96,9,Market On Close,Filled,287.64,"adjust" 
2015-06-01T14:00:00Z,ZUMZ,29.45,9,Market On Close,Filled,265.05,"adjust" 
2015-07-01T14:00:00Z,BABY,42.29,-8,Market On Close,Filled,-338.32,"adjust" 
2015-07-01T14:00:00Z,BCC,37.25,-6,Market On Close,Filled,-223.5,"adjust" 
2015-07-01T14:00:00Z,GCI,32.97,-18,Market On Close,Filled,-593.46,"adjust" 
2015-07-01T14:00:00Z,GIII,71.25,-10,Market On Close,Filled,-712.5,"adjust" 
2015-07-01T14:00:00Z,ZUMZ,26.93,-14,Market On Close,Filled,-377.02,"adjust" 
2015-07-01T14:00:00Z,ARLP,25.02,12,Market On Close,Filled,300.24,"adjust" 
2015-07-01T14:00:00Z,CVX,96.09,3,Market On Close,Filled,288.27,"adjust" 
2015-07-01T14:00:00Z,DDS,106.39,2,Market On Close,Filled,212.78,"adjust" 
2015-07-01T14:00:00Z,INTC,30.18,7,Market On Close,Filled,211.26,"adjust" 
2015-07-01T14:00:00Z,KLIC,11.75,26,Market On Close,Filled,305.5,"adjust" 
2015-07-01T14:00:00Z,NJR,27.57,13,Market On Close,Filled,358.41,"adjust" 
2015-07-01T14:00:00Z,SCHL,44.92,52,Market On Close,Filled,2335.84,"buy" 
2015-08-03T14:00:00Z,ARLP,24.43,-78,Market On Close,Filled,-1905.54,"band" 
2015-08-03T14:00:00Z,DDS,100.71,-22,Market On Close,Filled,-2215.62,"band" 
2015-08-03T14:00:00Z,DECK,71.58,-25,Market On Close,Filled,-1789.5,"band" 
2015-08-03T14:00:00Z,DEPO,31.17,-32,Market On Close,Filled,-997.44,"adjust" 
2015-08-03T14:00:00Z,KWR,91.16,-9,Market On Close,Filled,-820.44,"adjust" 
2015-08-03T14:00:00Z,MPC,53.2,-4,Market On Close,Filled,-212.8,"adjust" 
2015-08-03T14:00:00Z,SKX,148.65,-5,Market On Close,Filled,-743.25,"adjust" 
2015-08-03T14:00:00Z,WDC,85.85,-26,Market On Close,Filled,-2232.1,"band" 
2015-08-03T14:00:00Z,WLK,61.84,-26,Market On Close,Filled,-1607.84,"band" 
2015-08-03T14:00:00Z,BBY,31.97,10,Market On Close,Filled,319.7,"adjust" 
2015-08-03T14:00:00Z,BCC,32.4,7,Market On Close,Filled,226.8,"adjust" 
2015-08-03T14:00:00Z,CALM,55.11,4,Market On Close,Filled,220.44,"adjust" 
2015-08-03T14:00:00Z,CNC,70.97,28,Market On Close,Filled,1987.16,"buy" 
2015-08-03T14:00:00Z,INTC,29.05,13,Market On Close,Filled,377.65,"adjust" 
2015-08-03T14:00:00Z,KLIC,10.09,31,Market On Close,Filled,312.79,"adjust" 
2015-08-03T14:00:00Z,LHCG,40.41,39,Market On Close,Filled,1575.99,"buy" 
2015-08-03T14:00:00Z,PEG,41.63,70,Market On Close,Filled,2914.1,"buy" 
2015-08-03T14:00:00Z,RSC,50.43,9,Market On Close,Filled,453.87,"adjust" 
2015-08-03T14:00:00Z,SAFM,72.17,4,Market On Close,Filled,288.68,"adjust" 
2015-08-03T14:00:00Z,SCVL,27.62,65,Market On Close,Filled,1795.3,"buy" 
2015-08-03T14:00:00Z,KAI,45.1,8,Market On Close,Filled,360.8,"adjust" 
2015-08-03T14:00:00Z,TSRA,34.64,13,Market On Close,Filled,450.32,"adjust" 
2015-08-03T14:00:00Z,VDSI,18.51,43,Market On Close,Filled,795.93,"buy" 
2015-09-01T14:00:00Z,BBY,35.45,-20,Market On Close,Filled,-709,"adjust" 
2015-09-01T14:00:00Z,CVX,78.19,-5,Market On Close,Filled,-390.95,"adjust" 
2015-09-01T14:00:00Z,IDT,15.05,-75,Market On Close,Filled,-1128.75,"universe" 
2015-09-01T14:00:00Z,INTC,27.82,-91,Market On Close,Filled,-2531.62,"band" 
2015-09-01T14:00:00Z,KLIC,10.59,-200,Market On Close,Filled,-2118,"band" 
2015-09-01T14:00:00Z,LHCG,44.25,-6,Market On Close,Filled,-265.5,"adjust" 
2015-09-01T14:00:00Z,MYGN,36.65,-56,Market On Close,Filled,-2052.4,"band" 
2015-09-01T14:00:00Z,RSC,50.24,-30,Market On Close,Filled,-1507.2,"universe" 
2015-09-01T14:00:00Z,USNA,141.49,-4,Market On Close,Filled,-565.96,"adjust" 
2015-09-01T14:00:00Z,AVA,30.27,-97,Market On Close,Filled,-2936.19,"band" 
2015-09-01T14:00:00Z,APU,43.34,6,Market On Close,Filled,260.04,"adjust" 
2015-09-01T14:00:00Z,CORE,59.37,4,Market On Close,Filled,237.48,"adjust" 
2015-09-01T14:00:00Z,DEPO,26.08,8,Market On Close,Filled,208.64,"adjust" 
2015-09-01T14:00:00Z,GCI,23.22,20,Market On Close,Filled,464.4,"adjust" 
2015-09-01T14:00:00Z,KWR,76.53,5,Market On Close,Filled,382.65,"adjust" 
2015-09-01T14:00:00Z,MIC,77.15,36,Market On Close,Filled,2777.4,"buy" 
2015-09-01T14:00:00Z,NJR,27.75,11,Market On Close,Filled,305.25,"adjust" 
2015-09-01T14:00:00Z,NPK,79.41,31,Market On Close,Filled,2461.71,"buy" 
2015-09-01T14:00:00Z,PSX,77.59,26,Market On Close,Filled,2017.34,"buy" 
2015-09-01T14:00:00Z,SUPN,18.83,61,Market On Close,Filled,1148.63,"buy" 
2015-09-01T14:00:00Z,UFPI,58.8,33,Market On Close,Filled,1940.4,"buy" 
2015-09-01T14:00:00Z,UTHR,144.61,3,Market On Close,Filled,433.83,"adjust" 
2015-09-01T14:00:00Z,VDSI,15.69,14,Market On Close,Filled,219.66,"adjust" 
2015-09-01T14:00:00Z,VG,5.45,246,Market On Close,Filled,1340.7,"buy" 
2015-09-01T14:00:00Z,ZUMZ,23.26,13,Market On Close,Filled,302.38,"adjust" 
2015-10-01T14:00:00Z,APU,41.83,-9,Market On Close,Filled,-376.47,"adjust" 
2015-10-01T14:00:00Z,CALM,56.47,-26,Market On Close,Filled,-1468.22,"expired" 
2015-10-01T14:00:00Z,MEI,31.99,-7,Market On Close,Filled,-223.93,"adjust" 
2015-10-01T14:00:00Z,NJR,29.93,-12,Market On Close,Filled,-359.16,"adjust" 
2015-10-01T14:00:00Z,PEG,41.34,-5,Market On Close,Filled,-206.7,"adjust" 
2015-10-01T14:00:00Z,VLO,62.24,-4,Market On Close,Filled,-248.96,"adjust" 
2015-10-01T14:00:00Z,FL,71.15,-3,Market On Close,Filled,-213.45,"adjust" 
2015-10-01T14:00:00Z,BCC,25.04,17,Market On Close,Filled,425.68,"adjust" 
2015-10-01T14:00:00Z,OTL,47.99,50,Market On Close,Filled,2399.5,"buy" 
2015-10-01T14:00:00Z,SCHL,38.55,7,Market On Close,Filled,269.85,"adjust" 
2015-10-01T14:00:00Z,KAI,39.06,6,Market On Close,Filled,234.36,"adjust" 
2015-11-02T15:00:00Z,BABY,46.29,-7,Market On Close,Filled,-324.03,"adjust" 
2015-11-02T15:00:00Z,BCC,30.55,-74,Market On Close,Filled,-2260.7,"band" 
2015-11-02T15:00:00Z,CORE,80.58,-14,Market On Close,Filled,-1128.12,"adjust" 
2015-11-02T15:00:00Z,EW,157.51,-2,Market On Close,Filled,-315.02,"adjust" 
2015-11-02T15:00:00Z,OTL,55.22,-7,Market On Close,Filled,-386.54,"adjust" 
2015-11-02T15:00:00Z,UFPI,74.72,-11,Market On Close,Filled,-821.92,"adjust" 
2015-11-02T15:00:00Z,VDSI,19.32,-57,Market On Close,Filled,-1101.24,"band" 
2015-11-02T15:00:00Z,FL,68.24,-3,Market On Close,Filled,-204.72,"adjust" 
2015-11-02T15:00:00Z,ZUMZ,17.87,-61,Market On Close,Filled,-1090.07,"band" 
2015-11-02T15:00:00Z,BBY,35.43,10,Market On Close,Filled,354.3,"adjust" 
2015-11-02T15:00:00Z,CALM,54.73,25,Market On Close,Filled,1368.25,"buy" 
2015-11-02T15:00:00Z,CRUS,31.7,37,Market On Close,Filled,1172.9,"buy" 
2015-11-02T15:00:00Z,KWR,80.83,3,Market On Close,Filled,242.49,"adjust" 
2015-11-02T15:00:00Z,PEG,40.62,9,Market On Close,Filled,365.58,"adjust" 
2015-11-02T15:00:00Z,SAFM,71.25,3,Market On Close,Filled,213.75,"adjust" 
2015-11-02T15:00:00Z,SCVL,22.63,16,Market On Close,Filled,362.08,"adjust" 
2015-11-02T15:00:00Z,SYKE,28.48,99,Market On Close,Filled,2819.52,"buy" 
2015-11-02T15:00:00Z,USNA,130.34,3,Market On Close,Filled,391.02,"adjust" 
2015-11-02T15:00:00Z,GHC,577.35,1,Market On Close,Filled,577.35,"adjust" 
2015-12-01T15:00:00Z,MIC,76.47,-36,Market On Close,Filled,-2752.92,"band" 
2015-12-01T15:00:00Z,SCVL,21.78,-81,Market On Close,Filled,-1764.18,"universe" 
2015-12-01T15:00:00Z,SYKE,31.83,-14,Market On Close,Filled,-445.62,"adjust" 
2015-12-01T15:00:00Z,APU,38.01,13,Market On Close,Filled,494.13,"adjust" 
2015-12-01T15:00:00Z,BBY,31.37,8,Market On Close,Filled,250.96,"adjust" 
2015-12-01T15:00:00Z,FF,14.41,98,Market On Close,Filled,1412.18,"buy" 
2015-12-01T15:00:00Z,GIII,47.39,5,Market On Close,Filled,236.95,"adjust" 
2015-12-01T15:00:00Z,GME,34.7,47,Market On Close,Filled,1630.9,"buy" 
2015-12-01T15:00:00Z,PEG,39.62,6,Market On Close,Filled,237.72,"adjust" 
2015-12-01T15:00:00Z,SKX,31.63,7,Market On Close,Filled,221.41,"adjust" 
2015-12-01T15:00:00Z,TSRA,33.69,7,Market On Close,Filled,235.83,"adjust" 
