Time,Symbol,Price,Quantity,Type,Status,Value,Tag
2003-02-03T15:00:00Z,AAON,16.18,20,Market On Close,Filled,323.6,"buy" 
2003-02-03T15:00:00Z,AVD,21.3,15,Market On Close,Filled,319.5,"buy" 
2003-02-03T15:00:00Z,ANSS,18.7,17,Market On Close,Filled,317.9,"buy" 
2003-02-03T15:00:00Z,BIO,35.48,9,Market On Close,Filled,319.32,"buy" 
2003-02-03T15:00:00Z,BMI,31.63,10,Market On Close,Filled,316.3,"buy" 
2003-02-03T15:00:00Z,CAI,36.89,8,Market On Close,Filled,295.12,"buy" 
2003-02-03T15:00:00Z,CNXS,6.57,49,Market On Close,Filled,321.93,"buy" 
2003-02-03T15:00:00Z,COLM,35.05,9,Market On Close,Filled,315.45,"buy" 
2003-02-03T15:00:00Z,CW,54.06,6,Market On Close,Filled,324.36,"buy" 
2003-02-03T15:00:00Z,DCO,13.06,24,Market On Close,Filled,313.44,"buy" 
2003-02-03T15:00:00Z,EASI,36.44,8,Market On Close,Filled,291.52,"buy" 
2003-02-03T15:00:00Z,EBF,11.31,29,Market On Close,Filled,327.99,"buy" 
2003-02-03T15:00:00Z,EDUC,9.2,36,Market On Close,Filled,331.2,"buy" 
2003-02-03T15:00:00Z,EGN,29.99,10,Market On Close,Filled,299.9,"buy" 
2003-02-03T15:00:00Z,ESE,34.5,9,Market On Close,Filled,310.5,"buy" 
2003-02-03T15:00:00Z,FAF,22.76,14,Market On Close,Filled,318.64,"buy" 
2003-02-03T15:00:00Z,EXPO,14.54,22,Market On Close,Filled,319.88,"buy" 
2003-02-03T15:00:00Z,FIZ,15.27,21,Market On Close,Filled,320.67,"buy" 
2003-02-03T15:00:00Z,FLXS,15.4,21,Market On Close,Filled,323.4,"buy" 
2003-02-03T15:00:00Z,FRGO,8.5,40,Market On Close,Filled,340,"buy" 
2003-02-03T15:00:00Z,GCI,72.01,4,Market On Close,Filled,288.04,"buy" 
2003-02-03T15:00:00Z,HCSG,12.73,25,Market On Close,Filled,318.25,"buy" 
2003-02-03T15:00:00Z,HOV,29.61,11,Market On Close,Filled,325.71,"buy" 
2003-02-03T15:00:00Z,IDXX,34.84,9,Market On Close,Filled,313.56,"buy" 
2003-02-03T15:00:00Z,INTL,22.12,15,Market On Close,Filled,331.8,"buy" 
2003-02-03T15:00:00Z,JCOM,21.23,17,Market On Close,Filled,360.91,"buy" 
2003-02-03T15:00:00Z,JJSF,27.53,12,Market On Close,Filled,330.36,"buy" 
2003-02-03T15:00:00Z,JOUT,11.97,27,Market On Close,Filled,323.19,"buy" 
2003-02-03T15:00:00Z,METHA,8.91,36,Market On Close,Filled,320.76,"buy" 
2003-02-03T15:00:00Z,MIDD,11.3,30,Market On Close,Filled,339,"buy" 
2003-02-03T15:00:00Z,MMSI,17.65,18,Market On Close,Filled,317.7,"buy" 
2003-02-03T15:00:00Z,MSN,7.44,47,Market On Close,Filled,349.68,"buy" 
2003-02-03T15:00:00Z,MTRX,8,40,Market On Close,Filled,320,"buy" 
2003-02-03T15:00:00Z,MTSC,10.81,30,Market On Close,Filled,324.3,"buy" 
2003-02-03T15:00:00Z,NEB,21.96,14,Market On Close,Filled,307.44,"buy" 
2003-02-03T15:00:00Z,NEOG,15.03,21,Market On Close,Filled,315.63,"buy" 
2003-02-03T15:00:00Z,NHC,17.4,18,Market On Close,Filled,313.2,"buy" 
2003-02-03T15:00:00Z,NSSC,9.68,33,Market On Close,Filled,319.44,"buy" 
2003-02-03T15:00:00Z,NUS,12.14,26,Market On Close,Filled,315.64,"buy" 
2003-02-03T15:00:00Z,OXM,24.02,13,Market On Close,Filled,312.26,"buy" 
2003-02-03T15:00:00Z,PDX,36.24,8,Market On Close,Filled,289.92,"buy" 
2003-02-03T15:00:00Z,PEGA,5.5,61,Market On Close,Filled,335.5,"buy" 
2003-02-03T15:00:00Z,POG,31.79,10,Market On Close,Filled,317.9,"buy" 
2003-02-03T15:00:00Z,QSII,25.3,13,Market On Close,Filled,328.9,"buy" 
2003-02-03T15:00:00Z,RAVN,15.68,20,Market On Close,Filled,313.6,"buy" 
2003-02-03T15:00:00Z,RBIN,9.31,35,Market On Close,Filled,325.85,"buy" 
2003-02-03T15:00:00Z,RCII,52.36,6,Market On Close,Filled,314.16,"buy" 
2003-02-03T15:00:00Z,RIMG,8.32,40,Market On Close,Filled,332.8,"buy" 
2003-02-03T15:00:00Z,RVFD,24.95,12,Market On Close,Filled,299.4,"buy" 
2003-02-03T15:00:00Z,SCHN,21.52,15,Market On Close,Filled,322.8,"buy" 
2003-02-03T15:00:00Z,SGC,12.1,27,Market On Close,Filled,326.7,"buy" 
2003-02-03T15:00:00Z,SHOO,16.99,19,Market On Close,Filled,322.81,"buy" 
2003-02-03T15:00:00Z,SRT,27.11,12,Market On Close,Filled,325.32,"buy" 
2003-02-03T15:00:00Z,TDY,13.21,26,Market On Close,Filled,343.46,"buy" 
2003-02-03T15:00:00Z,TENT,8.14,41,Market On Close,Filled,333.74,"buy" 
2003-02-03T15:00:00Z,THO,27.44,12,Market On Close,Filled,329.28,"buy" 
2003-02-03T15:00:00Z,TTWO,20.82,15,Market On Close,Filled,312.3,"buy" 
2003-02-03T15:00:00Z,UTMD,17.66,18,Market On Close,Filled,317.88,"buy" 
2003-02-03T15:00:00Z,WMK,31.15,10,Market On Close,Filled,311.5,"buy" 
2003-02-03T15:00:00Z,WSO,15.9,21,Market On Close,Filled,333.9,"buy" 
2003-03-03T15:00:00Z,PEGA,4.1,-61,Market On Close,Filled,-250.1,"universe" 
2003-03-03T15:00:00Z,OIS,11.43,28,Market On Close,Filled,320.04,"buy" 
2003-04-01T15:00:00Z,DCO,10.19,-24,Market On Close,Filled,-244.56,"band" 
2003-04-01T15:00:00Z,RBIN,9.7,-35,Market On Close,Filled,-339.5,"universe" 
2003-04-01T15:00:00Z,GDT,36.83,9,Market On Close,Filled,331.47,"buy" 
2003-04-01T15:00:00Z,KOSS,17.49,18,Market On Close,Filled,314.82,"buy" 
2003-05-01T14:00:00Z,AAON,13.73,-20,Market On Close,Filled,-274.6,"band" 
2003-05-01T14:00:00Z,BMI,28.5,-10,Market On Close,Filled,-285,"expired" 
2003-05-01T14:00:00Z,NEOG,16.77,-21,Market On Close,Filled,-352.17,"expired" 
2003-05-01T14:00:00Z,TENT,7.49,-41,Market On Close,Filled,-307.09,"expired" 
2003-05-01T14:00:00Z,ANK,17.88,20,Market On Close,Filled,357.6,"buy" 
2003-05-01T14:00:00Z,BWS,29.65,12,Market On Close,Filled,355.8,"buy" 
2003-05-01T14:00:00Z,RGCO,19.68,18,Market On Close,Filled,354.24,"buy" 
2003-05-01T14:00:00Z,TALK,8.81,40,Market On Close,Filled,352.4,"buy" 
2003-06-02T14:00:00Z,HOV,57.81,-5,Market On Close,Filled,-289.05,"adjust" 
2003-06-02T14:00:00Z,JCOM,35.4,-7,Market On Close,Filled,-247.8,"adjust" 
2003-06-02T14:00:00Z,JOUT,11.99,-27,Market On Close,Filled,-323.73,"band" 
2003-06-02T14:00:00Z,KOSS,15.7,-18,Market On Close,Filled,-282.6,"universe" 
2003-06-02T14:00:00Z,MTRX,15.55,-15,Market On Close,Filled,-233.25,"adjust" 
2003-06-02T14:00:00Z,OIS,13.1,-28,Market On Close,Filled,-366.8,"band" 
2003-06-02T14:00:00Z,AMSWA,4.75,76,Market On Close,Filled,361,"buy" 
2003-06-02T14:00:00Z,LANC,38.69,9,Market On Close,Filled,348.21,"buy" 
2003-06-02T14:00:00Z,UGI,34.13,11,Market On Close,Filled,375.43,"buy" 
2003-07-01T14:00:00Z,AMSWA,4.35,-76,Market On Close,Filled,-330.6,"universe" 
2003-07-01T14:00:00Z,BWS,29.65,-12,Market On Close,Filled,-355.8,"expired" 
2003-07-01T14:00:00Z,CW,63.5,-6,Market On Close,Filled,-381,"band" 
2003-07-01T14:00:00Z,JJSF,31.37,-12,Market On Close,Filled,-376.44,"band" 
2003-07-01T14:00:00Z,NUS,10.26,-26,Market On Close,Filled,-266.76,"band" 
2003-07-01T14:00:00Z,SCHN,43.16,-6,Market On Close,Filled,-258.96,"adjust" 
2003-07-01T14:00:00Z,TALK,10.46,-40,Market On Close,Filled,-418.4,"band" 
2003-07-01T14:00:00Z,TDY,13.42,-26,Market On Close,Filled,-348.92,"band" 
2003-07-01T14:00:00Z,AXE,21.96,17,Market On Close,Filled,373.32,"buy" 
2003-07-01T14:00:00Z,HOC,27.75,14,Market On Close,Filled,388.5,"buy" 
2003-07-01T14:00:00Z,HWKN,10.4,39,Market On Close,Filled,405.6,"buy" 
2003-07-01T14:00:00Z,MAIR,5.92,65,Market On Close,Filled,384.8,"buy" 
2003-07-01T14:00:00Z,PCCC,6.71,58,Market On Close,Filled,389.18,"buy" 
2003-07-01T14:00:00Z,PETD,9.16,43,Market On Close,Filled,393.88,"buy" 
2003-07-01T14:00:00Z,WDC,11.85,38,Market On Close,Filled,450.3,"buy" 
2003-08-01T14:00:00Z,OXM,49.63,-5,Market On Close,Filled,-248.15,"adjust" 
2003-09-02T14:00:00Z,CAI,45.5,-8,Market On Close,Filled,-364,"band" 
2003-09-02T14:00:00Z,MSN,3.8,-47,Market On Close,Filled,-178.6,"universe" 
2003-09-02T14:00:00Z,THO,56.7,-4,Market On Close,Filled,-226.8,"adjust" 
2003-09-02T14:00:00Z,HUBG,10.79,42,Market On Close,Filled,453.18,"buy" 
2003-09-02T14:00:00Z,SAFM,30.25,15,Market On Close,Filled,453.75,"buy" 
2003-10-01T14:00:00Z,INTL,24.48,-15,Market On Close,Filled,-367.2,"band" 
2003-10-01T14:00:00Z,JCOM,38.47,-9,Market On Close,Filled,-346.23,"adjust" 
2003-10-01T14:00:00Z,NSSC,8.82,-33,Market On Close,Filled,-291.06,"band" 
2003-10-01T14:00:00Z,RGCO,22.93,-18,Market On Close,Filled,-412.74,"universe" 
2003-10-01T14:00:00Z,CMTL,24.07,18,Market On Close,Filled,433.26,"buy" 
2003-10-01T14:00:00Z,MDU,34.25,13,Market On Close,Filled,445.25,"buy" 
2003-10-01T14:00:00Z,ODP,14.6,32,Market On Close,Filled,467.2,"buy" 
2003-11-03T15:00:00Z,FLXS,19.5,-21,Market On Close,Filled,-409.5,"expired" 
2003-11-03T15:00:00Z,LANC,40.46,-9,Market On Close,Filled,-364.14,"band" 
2003-11-03T15:00:00Z,MIDD,27.69,-12,Market On Close,Filled,-332.28,"adjust" 
2003-11-03T15:00:00Z,NHC,20.4,-18,Market On Close,Filled,-367.2,"band" 
2003-11-03T15:00:00Z,ATRI,42.4,11,Market On Close,Filled,466.4,"buy" 
2003-11-03T15:00:00Z,BWS,35.22,14,Market On Close,Filled,493.08,"buy" 
2003-11-03T15:00:00Z,CRMT,30.24,15,Market On Close,Filled,453.6,"buy" 
2003-12-01T15:00:00Z,ANK,27,-20,Market On Close,Filled,-540,"universe" 
2003-12-01T15:00:00Z,HOC,27,-14,Market On Close,Filled,-378,"band" 
2003-12-01T15:00:00Z,HWKN,13.09,-39,Market On Close,Filled,-510.51,"universe" 
2003-12-01T15:00:00Z,MMSI,30.5,-7,Market On Close,Filled,-213.5,"adjust" 
2003-12-01T15:00:00Z,MTRX,17.11,-18,Market On Close,Filled,-307.98,"adjust" 
2003-12-01T15:00:00Z,SCHN,50.23,-9,Market On Close,Filled,-452.07,"adjust" 
2003-12-01T15:00:00Z,UTMD,22.56,-18,Market On Close,Filled,-406.08,"universe" 
2003-12-01T15:00:00Z,GFF,19.9,26,Market On Close,Filled,517.4,"buy" 
2003-12-01T15:00:00Z,RBIN,14.09,37,Market On Close,Filled,521.33,"buy" 
2003-12-01T15:00:00Z,TALK,10.9,46,Market On Close,Filled,501.4,"buy" 
2003-12-01T15:00:00Z,TSAI,20,26,Market On Close,Filled,520,"buy" 
2004-01-02T15:00:00Z,AVD,37.9,-8,Market On Close,Filled,-303.2,"adjust" 
2004-01-02T15:00:00Z,COLM,54.77,-9,Market On Close,Filled,-492.93,"band" 
2004-01-02T15:00:00Z,ESE,44,-9,Market On Close,Filled,-396,"band" 
2004-01-02T15:00:00Z,HUBG,21.42,-17,Market On Close,Filled,-364.14,"adjust" 
2004-01-02T15:00:00Z,MAIR,7.71,-65,Market On Close,Filled,-501.15,"universe" 
2004-01-02T15:00:00Z,MIDD,40.96,-5,Market On Close,Filled,-204.8,"adjust" 
2004-01-02T15:00:00Z,PETD,23.1,-21,Market On Close,Filled,-485.1,"adjust" 
2004-01-02T15:00:00Z,RVFD,27.7,-12,Market On Close,Filled,-332.4,"band" 
2004-01-02T15:00:00Z,BKH,29.87,18,Market On Close,Filled,537.66,"buy" 
2004-01-02T15:00:00Z,JCOM,24.86,10,Market On Close,Filled,248.6,"adjust" 
2004-01-02T15:00:00Z,NUS,17.2,31,Market On Close,Filled,533.2,"buy" 
2004-01-02T15:00:00Z,RSC,14.35,38,Market On Close,Filled,545.3,"buy" 
2004-01-02T15:00:00Z,ZIGO,16.87,32,Market On Close,Filled,539.84,"buy" 
2004-02-02T15:00:00Z,PCCC,10.01,-58,Market On Close,Filled,-580.58,"band" 
2004-02-02T15:00:00Z,QSII,52.81,-4,Market On Close,Filled,-211.24,"adjust" 
2004-02-02T15:00:00Z,ZIGO,19.38,-32,Market On Close,Filled,-620.16,"universe" 
2004-02-02T15:00:00Z,B,29.35,17,Market On Close,Filled,498.95,"buy" 
2004-02-02T15:00:00Z,CALM,37,15,Market On Close,Filled,555,"buy" 
2004-03-01T15:00:00Z,EDUC,10.61,-36,Market On Close,Filled,-381.96,"band" 
2004-03-01T15:00:00Z,EGN,41.99,-10,Market On Close,Filled,-419.9,"universe" 
2004-03-01T15:00:00Z,MTSC,27.76,-10,Market On Close,Filled,-277.6,"adjust" 
2004-03-01T15:00:00Z,NEB,32.04,-14,Market On Close,Filled,-448.56,"band" 
2004-03-01T15:00:00Z,SAFM,35.85,-7,Market On Close,Filled,-250.95,"adjust" 
2004-03-01T15:00:00Z,UGI,32.96,-11,Market On Close,Filled,-362.56,"band" 
2004-03-01T15:00:00Z,WDC,11.58,-38,Market On Close,Filled,-440.04,"band" 
2004-03-01T15:00:00Z,AHS,18.37,30,Market On Close,Filled,551.1,"buy" 
2004-03-01T15:00:00Z,ASGN,5.79,98,Market On Close,Filled,567.42,"buy" 
2004-03-01T15:00:00Z,DGII,11.84,48,Market On Close,Filled,568.32,"buy" 
2004-03-01T15:00:00Z,PEGA,9.25,62,Market On Close,Filled,573.5,"buy" 
2004-03-01T15:00:00Z,PNM,30.63,18,Market On Close,Filled,551.34,"buy" 
2004-03-01T15:00:00Z,WMK,32.54,7,Market On Close,Filled,227.78,"adjust" 
2004-04-01T15:00:00Z,ASGN,5.5,-98,Market On Close,Filled,-539,"band" 
2004-04-01T15:00:00Z,ATRI,42.18,-11,Market On Close,Filled,-463.98,"universe" 
2004-04-01T15:00:00Z,BKH,32.08,-18,Market On Close,Filled,-577.44,"band" 
2004-04-01T15:00:00Z,HUBG,29.03,-7,Market On Close,Filled,-203.21,"adjust" 
2004-04-01T15:00:00Z,SGC,16.39,-27,Market On Close,Filled,-442.53,"band" 
2004-04-01T15:00:00Z,SHOO,19.88,-19,Market On Close,Filled,-377.72,"band" 
2004-04-01T15:00:00Z,FARO,23.12,24,Market On Close,Filled,554.88,"buy" 
2004-04-01T15:00:00Z,MTLM,37,15,Market On Close,Filled,555,"buy" 
2004-04-01T15:00:00Z,OTL,29.88,18,Market On Close,Filled,537.84,"buy" 
2004-04-01T15:00:00Z,QDEL,6.41,86,Market On Close,Filled,551.26,"buy" 
2004-04-01T15:00:00Z,SHEN,22.56,25,Market On Close,Filled,564,"buy" 
2004-05-03T14:00:00Z,HCSG,15.99,-37,Market On Close,Filled,-591.63,"expired" 
2004-05-03T14:00:00Z,CALM,11.62,19,Market On Close,Filled,220.78,"adjust" 
2004-05-03T14:00:00Z,CMTL,16.64,15,Market On Close,Filled,249.6,"adjust" 
2004-05-03T14:00:00Z,MMSI,15.9,13,Market On Close,Filled,206.7,"adjust" 
2004-05-03T14:00:00Z,MTRX,10.73,20,Market On Close,Filled,214.6,"adjust" 
2004-05-03T14:00:00Z,NSIT,16.97,32,Market On Close,Filled,543.04,"buy" 
2004-06-01T14:00:00Z,AVD,38.78,-6,Market On Close,Filled,-232.68,"adjust" 
2004-06-01T14:00:00Z,ANSS,43.91,-5,Market On Close,Filled,-219.55,"adjust" 
2004-06-01T14:00:00Z,BIO,56.71,-9,Market On Close,Filled,-510.39,"band" 
2004-06-01T14:00:00Z,HOV,35.17,-12,Market On Close,Filled,-422.04,"band" 
2004-06-01T14:00:00Z,MIDD,63,-4,Market On Close,Filled,-252,"adjust" 
2004-06-01T14:00:00Z,LPX,23.52,23,Market On Close,Filled,540.96,"buy" 
2004-06-01T14:00:00Z,SPRT,9.7,56,Market On Close,Filled,543.2,"buy" 
2004-07-01T14:00:00Z,CMTL,21.45,-33,Market On Close,Filled,-707.85,"band" 
2004-07-01T14:00:00Z,METHA,12.47,-36,Market On Close,Filled,-448.92,"band" 
2004-07-01T14:00:00Z,NUS,25.5,-8,Market On Close,Filled,-204,"adjust" 
2004-07-01T14:00:00Z,SAFM,52.39,-5,Market On Close,Filled,-261.95,"adjust" 
2004-07-01T14:00:00Z,SHEN,26.3,-25,Market On Close,Filled,-657.5,"band" 
2004-07-01T14:00:00Z,CRUS,5.8,97,Market On Close,Filled,562.6,"buy" 
2004-07-01T14:00:00Z,FAF,25.47,8,Market On Close,Filled,203.76,"adjust" 
2004-07-01T14:00:00Z,HCSG,15.25,38,Market On Close,Filled,579.5,"buy" 
2004-07-01T14:00:00Z,TALK,7.7,29,Market On Close,Filled,223.3,"adjust" 
2004-07-01T14:00:00Z,TESS,17.25,33,Market On Close,Filled,569.25,"buy" 
2004-08-02T14:00:00Z,MMSI,16.38,-34,Market On Close,Filled,-556.92,"band" 
2004-08-02T14:00:00Z,MTRX,7.63,-52,Market On Close,Filled,-396.76,"band" 
2004-08-02T14:00:00Z,QDEL,3.46,-86,Market On Close,Filled,-297.56,"universe" 
2004-08-02T14:00:00Z,RAVN,39.49,-6,Market On Close,Filled,-236.94,"adjust" 
2004-08-02T14:00:00Z,RBIN,20.3,-10,Market On Close,Filled,-203,"adjust" 
2004-08-02T14:00:00Z,AMED,27.35,20,Market On Close,Filled,547,"buy" 
2004-08-02T14:00:00Z,ESCA,10.99,50,Market On Close,Filled,549.5,"buy" 
2004-08-02T14:00:00Z,FIZ,8.4,24,Market On Close,Filled,201.6,"adjust" 
2004-08-02T14:00:00Z,ZEUS,24.7,23,Market On Close,Filled,568.1,"buy" 
2004-09-01T14:00:00Z,AHS,11.54,-30,Market On Close,Filled,-346.2,"band" 
2004-09-01T14:00:00Z,JCOM,25.94,-21,Market On Close,Filled,-544.74,"band" 
2004-09-01T14:00:00Z,NSIT,16.03,-32,Market On Close,Filled,-512.96,"band" 
2004-09-01T14:00:00Z,RBIN,19.96,-27,Market On Close,Filled,-538.92,"universe" 
2004-09-01T14:00:00Z,CYBE,16.74,30,Market On Close,Filled,502.2,"buy" 
2004-09-01T14:00:00Z,ECOL,9.29,58,Market On Close,Filled,538.82,"buy" 
2004-09-01T14:00:00Z,HOC,20.91,26,Market On Close,Filled,543.66,"buy" 
2004-09-01T14:00:00Z,SEB,543,1,Market On Close,Filled,543,"buy" 
2004-10-01T14:00:00Z,BWS,25.14,-14,Market On Close,Filled,-351.96,"band" 
2004-10-01T14:00:00Z,CRMT,34,-15,Market On Close,Filled,-510,"band" 
2004-10-01T14:00:00Z,CRUS,5.42,-97,Market On Close,Filled,-525.74,"universe" 
2004-10-01T14:00:00Z,EASI,46.38,-12,Market On Close,Filled,-556.56,"band" 
2004-10-01T14:00:00Z,PETD,43.73,-10,Market On Close,Filled,-437.3,"adjust" 
2004-10-01T14:00:00Z,POG,30.14,-24,Market On Close,Filled,-723.36,"band" 
2004-10-01T14:00:00Z,SEB,608,-1,Market On Close,Filled,-608,"adjust" 
2004-10-01T14:00:00Z,THO,27.66,-16,Market On Close,Filled,-442.56,"band" 
2004-10-01T14:00:00Z,TTWO,34.81,-15,Market On Close,Filled,-522.15,"band" 
2004-10-01T14:00:00Z,APU,29.89,18,Market On Close,Filled,538.02,"buy" 
2004-10-01T14:00:00Z,CACS,8.11,80,Market On Close,Filled,648.8,"buy" 
2004-10-01T14:00:00Z,LAWS,42.03,13,Market On Close,Filled,546.39,"buy" 
2004-10-01T14:00:00Z,MTEX,14.49,39,Market On Close,Filled,565.11,"buy" 
2004-10-01T14:00:00Z,NATR,15.38,37,Market On Close,Filled,569.06,"buy" 
2004-10-01T14:00:00Z,NHC,29.6,19,Market On Close,Filled,562.4,"buy" 
2004-10-01T14:00:00Z,PCU,52.95,10,Market On Close,Filled,529.5,"buy" 
2004-10-01T14:00:00Z,SAFM,35.03,6,Market On Close,Filled,210.18,"adjust" 
2004-11-01T15:00:00Z,B,26.65,-17,Market On Close,Filled,-453.05,"band" 
2004-11-01T15:00:00Z,CACS,9.11,-80,Market On Close,Filled,-728.8,"band" 
2004-11-01T15:00:00Z,ESCA,14.02,-50,Market On Close,Filled,-701,"band" 
2004-11-01T15:00:00Z,HUBG,38.67,-5,Market On Close,Filled,-193.35,"adjust" 
2004-11-01T15:00:00Z,OXM,37.29,-16,Market On Close,Filled,-596.64,"band" 
2004-11-01T15:00:00Z,CIX,15.55,35,Market On Close,Filled,544.25,"buy" 
2004-11-01T15:00:00Z,CNC,48.98,11,Market On Close,Filled,538.78,"buy" 
2004-11-01T15:00:00Z,CYBE,10.53,21,Market On Close,Filled,221.13,"adjust" 
2004-11-01T15:00:00Z,LEG,28.27,19,Market On Close,Filled,537.13,"buy" 
2004-11-01T15:00:00Z,NL,19.99,28,Market On Close,Filled,559.72,"buy" 
2004-11-01T15:00:00Z,OTL,19.09,11,Market On Close,Filled,209.99,"adjust" 
2004-11-01T15:00:00Z,SPRT,5.09,54,Market On Close,Filled,274.86,"adjust" 
2004-11-01T15:00:00Z,SRT,28.13,8,Market On Close,Filled,225.04,"adjust" 
2004-12-01T15:00:00Z,MTEX,21.99,-12,Market On Close,Filled,-263.88,"adjust" 
2004-12-01T15:00:00Z,SCHN,35.7,-13,Market On Close,Filled,-464.1,"band" 
2004-12-01T15:00:00Z,GCI,83,3,Market On Close,Filled,249,"adjust" 
2004-12-01T15:00:00Z,NUE,52.27,11,Market On Close,Filled,574.97,"buy" 
2004-12-01T15:00:00Z,RCII,25.76,9,Market On Close,Filled,231.84,"adjust" 
2005-01-03T15:00:00Z,CALM,11.96,-49,Market On Close,Filled,-586.04,"band" 
2005-01-03T15:00:00Z,DGII,16.82,-12,Market On Close,Filled,-201.84,"adjust" 
2005-01-03T15:00:00Z,PEGA,8.54,-62,Market On Close,Filled,-529.48,"band" 
2005-01-03T15:00:00Z,SRT,27.8,-20,Market On Close,Filled,-556,"band" 
2005-01-03T15:00:00Z,AEOS,46.74,13,Market On Close,Filled,607.62,"buy" 
2005-01-03T15:00:00Z,AIT,25.95,23,Market On Close,Filled,596.85,"buy" 
2005-01-03T15:00:00Z,STLD,36.17,16,Market On Close,Filled,578.72,"buy" 
2005-02-01T15:00:00Z,APU,30.2,-18,Market On Close,Filled,-543.6,"band" 
2005-02-01T15:00:00Z,EBF,17.33,-29,Market On Close,Filled,-502.57,"band" 
2005-02-01T15:00:00Z,OTL,20.38,-29,Market On Close,Filled,-591.02,"band" 
2005-02-01T15:00:00Z,QSII,68.94,-9,Market On Close,Filled,-620.46,"band" 
2005-02-01T15:00:00Z,ABFS,40.86,15,Market On Close,Filled,612.9,"buy" 
2005-02-01T15:00:00Z,ALG,25.84,24,Market On Close,Filled,620.16,"buy" 
2005-02-01T15:00:00Z,CMC,28.86,21,Market On Close,Filled,606.06,"buy" 
2005-02-01T15:00:00Z,MLI,31.96,19,Market On Close,Filled,607.24,"buy" 
2005-03-01T15:00:00Z,ANSS,35.87,-6,Market On Close,Filled,-215.22,"adjust" 
2005-03-01T15:00:00Z,HCSG,23.32,-10,Market On Close,Filled,-233.2,"adjust" 
2005-03-01T15:00:00Z,HOC,37.11,-9,Market On Close,Filled,-333.99,"adjust" 
2005-03-01T15:00:00Z,MTLM,30.02,-8,Market On Close,Filled,-240.16,"adjust" 
2005-04-01T15:00:00Z,AVD,42.26,-14,Market On Close,Filled,-591.64,"band" 
2005-04-01T15:00:00Z,CIX,16.41,-35,Market On Close,Filled,-574.35,"band" 
2005-04-01T15:00:00Z,CNXS,17.57,-13,Market On Close,Filled,-228.41,"adjust" 
2005-04-01T15:00:00Z,MIDD,49.02,-9,Market On Close,Filled,-441.18,"band" 
2005-04-01T15:00:00Z,PETD,37.34,-12,Market On Close,Filled,-448.08,"band" 
2005-04-01T15:00:00Z,RCII,26.95,-24,Market On Close,Filled,-646.8,"band" 
2005-04-01T15:00:00Z,RSC,14,-38,Market On Close,Filled,-532,"band" 
2005-04-01T15:00:00Z,SPRT,5.17,-110,Market On Close,Filled,-568.7,"band" 
2005-04-01T15:00:00Z,WSO,42.12,-6,Market On Close,Filled,-252.72,"adjust" 
2005-04-01T15:00:00Z,MSTR,55.27,11,Market On Close,Filled,607.97,"buy" 
2005-04-01T15:00:00Z,COP,110.28,5,Market On Close,Filled,551.4,"buy" 
2005-04-01T15:00:00Z,RES,15.23,42,Market On Close,Filled,639.66,"buy" 
2005-04-01T15:00:00Z,RS,39.99,16,Market On Close,Filled,639.84,"buy" 
2005-04-01T15:00:00Z,VLO,77.75,8,Market On Close,Filled,622,"buy" 
2005-04-01T15:00:00Z,X,51.16,12,Market On Close,Filled,613.92,"buy" 
2005-04-01T15:00:00Z,ZEUS,17.95,13,Market On Close,Filled,233.35,"adjust" 
2005-05-02T14:00:00Z,FAF,36.43,-6,Market On Close,Filled,-218.58,"adjust" 
2005-05-02T14:00:00Z,GFF,18.99,-26,Market On Close,Filled,-493.74,"band" 
2005-05-02T14:00:00Z,NUS,22.11,-23,Market On Close,Filled,-508.53,"band" 
2005-05-02T14:00:00Z,DGII,10.9,20,Market On Close,Filled,218,"adjust" 
2005-05-02T14:00:00Z,HSII,26.42,23,Market On Close,Filled,607.66,"buy" 
2005-05-02T14:00:00Z,TTWO,23.95,25,Market On Close,Filled,598.75,"buy" 
2005-05-02T14:00:00Z,WEYS,18.69,32,Market On Close,Filled,598.08,"buy" 
2005-06-01T14:00:00Z,FIZ,8.18,-65,Market On Close,Filled,-531.7,"band" 
2005-06-01T14:00:00Z,HSII,25.74,-23,Market On Close,Filled,-592.02,"band" 
2005-06-01T14:00:00Z,IDXX,57.87,-9,Market On Close,Filled,-520.83,"band" 
2005-06-01T14:00:00Z,RIMG,21.3,-11,Market On Close,Filled,-234.3,"adjust" 
2005-06-01T14:00:00Z,TESS,12.75,-33,Market On Close,Filled,-420.75,"band" 
2005-06-01T14:00:00Z,MTLM,18.17,12,Market On Close,Filled,218.04,"adjust" 
2005-06-01T14:00:00Z,GPX,7.2,88,Market On Close,Filled,633.6,"buy" 
2005-06-01T14:00:00Z,OXY,74.8,8,Market On Close,Filled,598.4,"buy" 
2005-06-01T14:00:00Z,SPTN,12.92,49,Market On Close,Filled,633.08,"buy" 
2005-06-01T14:00:00Z,UGI,26.89,23,Market On Close,Filled,618.47,"buy" 
2005-07-01T14:00:00Z,ECOL,17.56,-22,Market On Close,Filled,-386.32,"adjust" 
2005-07-01T14:00:00Z,NL,15.24,-28,Market On Close,Filled,-426.72,"band" 
2005-07-01T14:00:00Z,SAFM,45.97,-16,Market On Close,Filled,-735.52,"band" 
2005-07-01T14:00:00Z,ALG,18.67,11,Market On Close,Filled,205.37,"adjust" 
2005-07-01T14:00:00Z,ISSC,32.66,19,Market On Close,Filled,620.54,"buy" 
2005-07-01T14:00:00Z,PCU,42.83,5,Market On Close,Filled,214.15,"adjust" 
2005-07-01T14:00:00Z,PLPC,39.89,16,Market On Close,Filled,638.24,"buy" 
2005-07-01T14:00:00Z,STLD,26.63,8,Market On Close,Filled,213.04,"adjust" 
2005-07-01T14:00:00Z,X,34.79,7,Market On Close,Filled,243.53,"adjust" 
2005-08-01T14:00:00Z,CNXS,26.5,-9,Market On Close,Filled,-238.5,"adjust" 
2005-08-01T14:00:00Z,ODP,27.96,-8,Market On Close,Filled,-223.68,"adjust" 
2005-08-01T14:00:00Z,ZEUS,15.89,-36,Market On Close,Filled,-572.04,"band" 
2005-08-01T14:00:00Z,LEG,25.41,8,Market On Close,Filled,203.28,"adjust" 
2005-08-01T14:00:00Z,USPH,18.42,38,Market On Close,Filled,699.96,"buy" 
2005-09-01T14:00:00Z,CYBE,13.9,-51,Market On Close,Filled,-708.9,"band" 
2005-09-01T14:00:00Z,HOC,57.21,-5,Market On Close,Filled,-286.05,"adjust" 
2005-09-01T14:00:00Z,ISSC,16.92,-28,Market On Close,Filled,-473.76,"band" 
2005-09-01T14:00:00Z,LEG,24.46,-27,Market On Close,Filled,-660.42,"band" 
2005-09-01T14:00:00Z,MLI,27.14,-19,Market On Close,Filled,-515.66,"band" 
2005-09-01T14:00:00Z,PNM,29.61,-26,Market On Close,Filled,-769.86,"band" 
2005-09-01T14:00:00Z,RES,23.99,-12,Market On Close,Filled,-287.88,"adjust" 
2005-09-01T14:00:00Z,VLO,109.5,-2,Market On Close,Filled,-219,"adjust" 
2005-09-01T14:00:00Z,KOMG,31.94,21,Market On Close,Filled,670.74,"buy" 
2005-09-01T14:00:00Z,MTEX,12.45,29,Market On Close,Filled,361.05,"adjust" 
2005-09-01T14:00:00Z,PETS,10.43,67,Market On Close,Filled,698.81,"buy" 
2005-09-01T14:00:00Z,KFRC,10.03,69,Market On Close,Filled,692.07,"buy" 
2005-09-01T14:00:00Z,SCVL,16.36,42,Market On Close,Filled,687.12,"buy" 
2005-09-01T14:00:00Z,SYKE,10.58,65,Market On Close,Filled,687.7,"buy" 
2005-10-03T14:00:00Z,ALG,19.99,-35,Market On Close,Filled,-699.65,"band" 
2005-10-03T14:00:00Z,HUBG,34.19,-7,Market On Close,Filled,-239.33,"adjust" 
2005-10-03T14:00:00Z,MTEX,11.7,-56,Market On Close,Filled,-655.2,"band" 
2005-10-03T14:00:00Z,STLD,32.9,-24,Market On Close,Filled,-789.6,"band" 
2005-10-03T14:00:00Z,CECO,35.89,20,Market On Close,Filled,717.8,"buy" 
2005-10-03T14:00:00Z,FARO,19.83,12,Market On Close,Filled,237.96,"adjust" 
2005-10-03T14:00:00Z,GCI,68.57,3,Market On Close,Filled,205.71,"adjust" 
2005-10-03T14:00:00Z,LAWS,36.28,6,Market On Close,Filled,217.68,"adjust" 
2005-10-03T14:00:00Z,LRCX,31,23,Market On Close,Filled,713,"buy" 
2005-10-03T14:00:00Z,MCRI,16.75,42,Market On Close,Filled,703.5,"buy" 
2005-10-03T14:00:00Z,SPTN,9.97,20,Market On Close,Filled,199.4,"adjust" 
2005-11-01T15:00:00Z,FARO,20.67,-36,Market On Close,Filled,-744.12,"band" 
2005-11-01T15:00:00Z,LAWS,35.32,-19,Market On Close,Filled,-671.08,"band" 
2005-11-01T15:00:00Z,RS,57.76,-4,Market On Close,Filled,-231.04,"adjust" 
2005-11-01T15:00:00Z,SYKE,14.76,-17,Market On Close,Filled,-250.92,"adjust" 
2005-11-01T15:00:00Z,CNC,20.65,12,Market On Close,Filled,247.8,"adjust" 
2005-11-01T15:00:00Z,LYTS,17.79,39,Market On Close,Filled,693.81,"buy" 
2005-11-01T15:00:00Z,MMSI,11.9,59,Market On Close,Filled,702.1,"buy" 
2005-12-01T15:00:00Z,CNC,25.21,-34,Market On Close,Filled,-857.14,"band" 
2005-12-01T15:00:00Z,DGII,13.29,-56,Market On Close,Filled,-744.24,"band" 
2005-12-01T15:00:00Z,PCU,67.19,-4,Market On Close,Filled,-268.76,"adjust" 
2005-12-01T15:00:00Z,RES,34.14,-8,Market On Close,Filled,-273.12,"adjust" 
2005-12-01T15:00:00Z,WSO,63.29,-4,Market On Close,Filled,-253.16,"adjust" 
2005-12-01T15:00:00Z,X,48.98,-19,Market On Close,Filled,-930.62,"band" 
2005-12-01T15:00:00Z,B,35.25,21,Market On Close,Filled,740.25,"buy" 
2005-12-01T15:00:00Z,LRW,23.07,33,Market On Close,Filled,761.31,"buy" 
2005-12-01T15:00:00Z,SNHY,18.75,38,Market On Close,Filled,712.5,"buy" 
2005-12-01T15:00:00Z,TTWO,18.67,15,Market On Close,Filled,280.05,"adjust" 
2005-12-01T15:00:00Z,UGI,22.39,10,Market On Close,Filled,223.9,"adjust" 
2006-01-03T15:00:00Z,MCRI,24.19,-10,Market On Close,Filled,-241.9,"adjust" 
2006-01-03T15:00:00Z,MMSI,12.43,-59,Market On Close,Filled,-733.37,"band" 
2006-01-03T15:00:00Z,MSTR,87.27,-3,Market On Close,Filled,-261.81,"adjust" 
2006-01-03T15:00:00Z,PETS,14.31,-15,Market On Close,Filled,-214.65,"adjust" 
2006-01-03T15:00:00Z,CPSI,40.83,17,Market On Close,Filled,694.11,"buy" 
2006-01-03T15:00:00Z,ECOL,15.48,15,Market On Close,Filled,232.2,"adjust" 
2006-02-01T15:00:00Z,LRCX,46.92,-6,Market On Close,Filled,-281.52,"adjust" 
2006-02-01T15:00:00Z,RES,31.78,-8,Market On Close,Filled,-254.24,"adjust" 
2006-02-01T15:00:00Z,SPTN,12.08,-69,Market On Close,Filled,-833.52,"expired" 
2006-02-01T15:00:00Z,TTWO,15.17,-40,Market On Close,Filled,-606.8,"band" 
2006-02-01T15:00:00Z,CNXS,22.71,10,Market On Close,Filled,227.1,"adjust" 
2006-02-01T15:00:00Z,CRUS,8.5,96,Market On Close,Filled,816,"buy" 
2006-02-01T15:00:00Z,LYTS,14.73,17,Market On Close,Filled,250.41,"adjust" 
2006-02-01T15:00:00Z,SHOO,31.82,26,Market On Close,Filled,827.32,"buy" 
2006-03-01T15:00:00Z,AIT,44.1,-5,Market On Close,Filled,-220.5,"adjust" 
2006-03-01T15:00:00Z,RAVN,36,-6,Market On Close,Filled,-216,"adjust" 
2006-03-01T15:00:00Z,RS,85.11,-3,Market On Close,Filled,-255.33,"adjust" 
2006-03-01T15:00:00Z,UGI,22.31,-33,Market On Close,Filled,-736.23,"band" 
2006-03-01T15:00:00Z,IIIN,39.29,21,Market On Close,Filled,825.09,"buy" 
2006-03-01T15:00:00Z,RES,22.37,13,Market On Close,Filled,290.81,"adjust" 
2006-04-03T14:00:00Z,AEOS,28.79,-26,Market On Close,Filled,-748.54,"band" 
2006-04-03T14:00:00Z,AXE,47.29,-17,Market On Close,Filled,-803.93,"universe" 
2006-04-03T14:00:00Z,CMC,54.28,-6,Market On Close,Filled,-325.68,"adjust" 
2006-04-03T14:00:00Z,ECOL,20.06,-10,Market On Close,Filled,-200.6,"adjust" 
2006-04-03T14:00:00Z,IIIN,59.24,-7,Market On Close,Filled,-414.68,"adjust" 
2006-04-03T14:00:00Z,MTLM,31.87,-8,Market On Close,Filled,-254.96,"adjust" 
2006-04-03T14:00:00Z,MTSC,41.33,-20,Market On Close,Filled,-826.6,"universe" 
2006-04-03T14:00:00Z,NUE,107.97,-3,Market On Close,Filled,-323.91,"adjust" 
2006-04-03T14:00:00Z,SCVL,24.97,-9,Market On Close,Filled,-224.73,"adjust" 
2006-04-03T14:00:00Z,ABFS,39.67,6,Market On Close,Filled,238.02,"adjust" 
2006-04-03T14:00:00Z,ADTN,25.95,32,Market On Close,Filled,830.4,"buy" 
2006-04-03T14:00:00Z,EGY,6.83,126,Market On Close,Filled,860.58,"buy" 
2006-04-03T14:00:00Z,GCI,60.35,4,Market On Close,Filled,241.4,"adjust" 
2006-04-03T14:00:00Z,MDU,34.57,6,Market On Close,Filled,207.42,"adjust" 
2006-04-03T14:00:00Z,NATR,12.06,29,Market On Close,Filled,349.74,"adjust" 
2006-04-03T14:00:00Z,GPX,6.9,31,Market On Close,Filled,213.9,"adjust" 
2006-04-03T14:00:00Z,PLPC,33.2,8,Market On Close,Filled,265.6,"adjust" 
2006-04-03T14:00:00Z,WIRE,33.22,24,Market On Close,Filled,797.28,"buy" 
2006-04-03T14:00:00Z,ZEUS,30.9,27,Market On Close,Filled,834.3,"buy" 
2006-04-22T04:00:00Z,GDT,80.05,-9,Market,Filled,-720.45,"Liquidate from delisting" 
2006-05-01T14:00:00Z,ECOL,25.5,-9,Market On Close,Filled,-229.5,"adjust" 
2006-05-01T14:00:00Z,LRW,27.12,-33,Market On Close,Filled,-894.96,"expired" 
2006-05-01T14:00:00Z,NATR,10.04,-66,Market On Close,Filled,-662.64,"universe" 
2006-05-01T14:00:00Z,GPX,7.2,-119,Market On Close,Filled,-856.8,"band" 
2006-05-01T14:00:00Z,PCU,100.09,-3,Market On Close,Filled,-300.27,"adjust" 
2006-05-01T14:00:00Z,SHOO,53.01,-10,Market On Close,Filled,-530.1,"adjust" 
2006-05-01T14:00:00Z,SNHY,21.46,-38,Market On Close,Filled,-815.48,"band" 
2006-05-01T14:00:00Z,BLS,33.8,25,Market On Close,Filled,845,"buy" 
2006-05-01T14:00:00Z,DECK,42.49,20,Market On Close,Filled,849.8,"buy" 
2006-05-01T14:00:00Z,IIIN,37.2,9,Market On Close,Filled,334.8,"adjust" 
2006-05-01T14:00:00Z,LG,33.06,25,Market On Close,Filled,826.5,"buy" 
2006-05-01T14:00:00Z,LPX,28.2,8,Market On Close,Filled,225.6,"adjust" 
2006-05-01T14:00:00Z,COP,67.75,3,Market On Close,Filled,203.25,"adjust" 
2006-05-01T14:00:00Z,RIMG,22.05,10,Market On Close,Filled,220.5,"adjust" 
2006-05-01T14:00:00Z,SRT,23.32,38,Market On Close,Filled,886.16,"buy" 
2006-05-01T14:00:00Z,USPH,16.06,17,Market On Close,Filled,273.02,"adjust" 
2006-06-01T14:00:00Z,FRGO,24.9,-40,Market On Close,Filled,-996,"band" 
2006-06-01T14:00:00Z,HOC,85,-3,Market On Close,Filled,-255,"adjust" 
2006-06-01T14:00:00Z,ODP,42.58,-5,Market On Close,Filled,-212.9,"adjust" 
2006-06-01T14:00:00Z,PLPC,35.96,-24,Market On Close,Filled,-863.04,"band" 
2006-06-01T14:00:00Z,KFRC,16.16,-15,Market On Close,Filled,-242.4,"adjust" 
2006-06-01T14:00:00Z,LMS,24.38,34,Market On Close,Filled,828.92,"buy" 
2006-06-01T14:00:00Z,SRT,15.14,17,Market On Close,Filled,257.38,"adjust" 
2006-06-01T14:00:00Z,STLD,59.35,14,Market On Close,Filled,830.9,"buy" 
2006-06-01T14:00:00Z,TALK,8.01,31,Market On Close,Filled,248.31,"adjust" 
2006-06-01T14:00:00Z,TTMI,15.08,56,Market On Close,Filled,844.48,"buy" 
2006-07-03T14:00:00Z,ABFS,50.55,-5,Market On Close,Filled,-252.75,"adjust" 
2006-07-03T14:00:00Z,EGY,10.1,-39,Market On Close,Filled,-393.9,"adjust" 
2006-07-03T14:00:00Z,HCSG,20.73,-41,Market On Close,Filled,-849.93,"band" 
2006-07-03T14:00:00Z,IIIN,24.6,-11,Market On Close,Filled,-270.6,"adjust" 
2006-07-03T14:00:00Z,SRT,14.72,-55,Market On Close,Filled,-809.6,"band" 
2006-07-03T14:00:00Z,TSAI,42.17,-6,Market On Close,Filled,-253.02,"adjust" 
2006-07-03T14:00:00Z,AP,29.25,29,Market On Close,Filled,848.25,"buy" 
2006-07-03T14:00:00Z,AIT,24.46,9,Market On Close,Filled,220.14,"adjust" 
2006-07-03T14:00:00Z,CECO,29.83,8,Market On Close,Filled,238.64,"adjust" 
2006-07-03T14:00:00Z,PETS,11.45,25,Market On Close,Filled,286.25,"adjust" 
2006-07-03T14:00:00Z,SCHN,36.53,23,Market On Close,Filled,840.19,"buy" 
2006-08-01T14:00:00Z,CRUS,6.56,-96,Market On Close,Filled,-629.76,"expired" 
2006-08-01T14:00:00Z,LPX,19.86,-31,Market On Close,Filled,-615.66,"band" 
2006-08-01T14:00:00Z,RIMG,23.92,-39,Market On Close,Filled,-932.88,"band" 
2006-08-01T14:00:00Z,KBALB,17.33,45,Market On Close,Filled,779.85,"buy" 
2006-08-01T14:00:00Z,MCRI,19.05,11,Market On Close,Filled,209.55,"adjust" 
2006-08-01T14:00:00Z,MRO,90.6,8,Market On Close,Filled,724.8,"buy" 
2006-08-01T14:00:00Z,SAM,29.1,27,Market On Close,Filled,785.7,"buy" 
2006-08-01T14:00:00Z,WSO,43.86,7,Market On Close,Filled,307.02,"adjust" 
2006-09-01T14:00:00Z,ANSS,46,-18,Market On Close,Filled,-828,"band" 
2006-09-01T14:00:00Z,BLS,41.34,-6,Market On Close,Filled,-248.04,"adjust" 
2006-09-01T14:00:00Z,CNXS,28.1,-37,Market On Close,Filled,-1039.7,"band" 
2006-09-01T14:00:00Z,LYTS,18.31,-13,Market On Close,Filled,-238.03,"adjust" 
2006-09-01T14:00:00Z,TALK,5.84,-106,Market On Close,Filled,-619.04,"band" 
2006-09-01T14:00:00Z,USPH,14.76,-55,Market On Close,Filled,-811.8,"band" 
2006-09-01T14:00:00Z,WSO,43.58,-18,Market On Close,Filled,-784.44,"band" 
2006-09-01T14:00:00Z,CECO,19.76,13,Market On Close,Filled,256.88,"adjust" 
2006-09-01T14:00:00Z,CPSI,34.65,6,Market On Close,Filled,207.9,"adjust" 
2006-09-01T14:00:00Z,IVAC,17.38,47,Market On Close,Filled,816.86,"buy" 
2006-09-01T14:00:00Z,MTEX,14.96,55,Market On Close,Filled,822.8,"buy" 
2006-09-01T14:00:00Z,OGE,37.3,21,Market On Close,Filled,783.3,"buy" 
2006-09-01T14:00:00Z,PTSI,25.93,32,Market On Close,Filled,829.76,"buy" 
2006-09-01T14:00:00Z,TESS,23.71,34,Market On Close,Filled,806.14,"buy" 
2006-10-02T14:00:00Z,ADTN,23.37,-32,Market On Close,Filled,-747.84,"band" 
2006-10-02T14:00:00Z,CECO,22.5,-41,Market On Close,Filled,-922.5,"band" 
2006-10-02T14:00:00Z,ECOL,19.63,-32,Market On Close,Filled,-628.16,"band" 
2006-10-02T14:00:00Z,LYTS,16.02,-43,Market On Close,Filled,-688.86,"band" 
2006-10-02T14:00:00Z,NHC,51.27,-5,Market On Close,Filled,-256.35,"adjust" 
2006-10-02T14:00:00Z,RAVN,28.97,-22,Market On Close,Filled,-637.34,"band" 
2006-10-02T14:00:00Z,TESS,31.52,-7,Market On Close,Filled,-220.64,"adjust" 
2006-10-02T14:00:00Z,AEOS,44.61,18,Market On Close,Filled,802.98,"buy" 
2006-10-02T14:00:00Z,DLTR,31.29,26,Market On Close,Filled,813.54,"buy" 
2006-10-02T14:00:00Z,ICUI,45.75,17,Market On Close,Filled,777.75,"buy" 
2006-10-02T14:00:00Z,PCLN,36.76,21,Market On Close,Filled,771.96,"buy" 
2006-10-02T14:00:00Z,RS,32.48,7,Market On Close,Filled,227.36,"adjust" 
2006-10-02T14:00:00Z,SPH,33.88,23,Market On Close,Filled,779.24,"buy" 
2006-11-01T15:00:00Z,DECK,52.26,-4,Market On Close,Filled,-209.04,"adjust" 
2006-11-01T15:00:00Z,KBALB,24.56,-11,Market On Close,Filled,-270.16,"adjust" 
2006-11-01T15:00:00Z,SCHN,34.9,-23,Market On Close,Filled,-802.7,"band" 
2006-11-01T15:00:00Z,ABFS,40.45,5,Market On Close,Filled,202.25,"adjust" 
2006-11-01T15:00:00Z,FAF,40.38,5,Market On Close,Filled,201.9,"adjust" 
2006-11-01T15:00:00Z,IIIN,17.02,13,Market On Close,Filled,221.26,"adjust" 
2006-11-01T15:00:00Z,OFIX,43.24,19,Market On Close,Filled,821.56,"buy" 
2006-11-01T15:00:00Z,VLO,51.1,4,Market On Close,Filled,204.4,"adjust" 
2006-12-01T15:00:00Z,CPSI,35.96,-23,Market On Close,Filled,-827.08,"band" 
2006-12-01T15:00:00Z,FAF,38.63,-21,Market On Close,Filled,-811.23,"expired" 
2006-12-01T15:00:00Z,HUBG,28.17,-8,Market On Close,Filled,-225.36,"adjust" 
2006-12-01T15:00:00Z,IVAC,27.26,-15,Market On Close,Filled,-408.9,"adjust" 
2006-12-01T15:00:00Z,OFIX,43.49,-19,Market On Close,Filled,-826.31,"band" 
2006-12-01T15:00:00Z,PDX,48.55,-16,Market On Close,Filled,-776.8,"expired" 
2006-12-01T15:00:00Z,RES,22.74,-37,Market On Close,Filled,-841.38,"band" 
2006-12-01T15:00:00Z,WMK,39.89,-17,Market On Close,Filled,-678.13,"band" 
2006-12-01T15:00:00Z,AMWD,38.35,22,Market On Close,Filled,843.7,"buy" 
2006-12-01T15:00:00Z,CNXS,37.33,23,Market On Close,Filled,858.59,"buy" 
2006-12-01T15:00:00Z,CMI,118.63,7,Market On Close,Filled,830.41,"buy" 
2006-12-01T15:00:00Z,GPI,50.22,17,Market On Close,Filled,853.74,"buy" 
2006-12-01T15:00:00Z,MGLN,43.33,19,Market On Close,Filled,823.27,"buy" 
2006-12-01T15:00:00Z,MOH,33.45,25,Market On Close,Filled,836.25,"buy" 
2006-12-01T15:00:00Z,WIRE,25.15,11,Market On Close,Filled,276.65,"adjust" 
2006-12-20T05:00:00Z,CNXS,37.49,-23,Market,Filled,-862.27,"Liquidate from delisting" 
2006-12-30T05:00:00Z,BLS,47.15,-19,Market,Filled,-895.85,"Liquidate from delisting" 
2007-01-03T15:00:00Z,AMED,33.3,-26,Market On Close,Filled,-865.8,"band" 
2007-01-03T15:00:00Z,AEIS,18.72,46,Market On Close,Filled,861.12,"buy" 
2007-01-03T15:00:00Z,EGY,6.58,42,Market On Close,Filled,276.36,"adjust" 
2007-01-03T15:00:00Z,KFRC,12.66,17,Market On Close,Filled,215.22,"adjust" 
2007-01-03T15:00:00Z,TTMI,11.3,20,Market On Close,Filled,226,"adjust" 
2007-01-03T15:00:00Z,XOM,74.07,11,Market On Close,Filled,814.77,"buy" 
2007-01-03T15:00:00Z,ZEUS,21.66,12,Market On Close,Filled,259.92,"adjust" 
2007-02-01T15:00:00Z,KOMG,33.75,-21,Market On Close,Filled,-708.75,"band" 
2007-02-01T15:00:00Z,MCRI,24.59,-43,Market On Close,Filled,-1057.37,"band" 
2007-02-01T15:00:00Z,MTLM,41.23,-5,Market On Close,Filled,-206.15,"adjust" 
2007-02-01T15:00:00Z,RS,43.01,-25,Market On Close,Filled,-1075.25,"band" 
2007-02-01T15:00:00Z,SPH,38.71,-23,Market On Close,Filled,-890.33,"expired" 
2007-02-01T15:00:00Z,STLD,39.68,-6,Market On Close,Filled,-238.08,"adjust" 
2007-02-01T15:00:00Z,TSAI,36.99,-20,Market On Close,Filled,-739.8,"band" 
2007-02-01T15:00:00Z,ZEUS,27.81,-39,Market On Close,Filled,-1084.59,"band" 
2007-02-01T15:00:00Z,ABM,26.19,34,Market On Close,Filled,890.46,"buy" 
2007-02-01T15:00:00Z,BKE,33.8,26,Market On Close,Filled,878.8,"buy" 
2007-02-01T15:00:00Z,CVX,74.41,12,Market On Close,Filled,892.92,"buy" 
2007-02-01T15:00:00Z,FIZ,13.74,62,Market On Close,Filled,851.88,"buy" 
2007-02-01T15:00:00Z,GISX,19.52,45,Market On Close,Filled,878.4,"buy" 
2007-02-01T15:00:00Z,NVEC,23.03,37,Market On Close,Filled,852.11,"buy" 
2007-03-01T15:00:00Z,LG,31.26,-25,Market On Close,Filled,-781.5,"band" 
2007-03-01T15:00:00Z,PCLN,53.16,-21,Market On Close,Filled,-1116.36,"band" 
2007-03-01T15:00:00Z,PCU,69.75,-4,Market On Close,Filled,-279,"adjust" 
2007-03-01T15:00:00Z,PETS,12.38,-77,Market On Close,Filled,-953.26,"band" 
2007-03-01T15:00:00Z,WIRE,25.15,-35,Market On Close,Filled,-880.25,"band" 
2007-03-01T15:00:00Z,AMED,31.72,27,Market On Close,Filled,856.44,"buy" 
2007-03-01T15:00:00Z,BIO,71.14,12,Market On Close,Filled,853.68,"buy" 
2007-03-01T15:00:00Z,LAWS,37.86,22,Market On Close,Filled,832.92,"buy" 
2007-03-01T15:00:00Z,MGPI,19.17,45,Market On Close,Filled,862.65,"buy" 
2007-03-01T15:00:00Z,ODP,33.31,7,Market On Close,Filled,233.17,"adjust" 
2007-03-01T15:00:00Z,UAUA,39.98,22,Market On Close,Filled,879.56,"buy" 
2007-04-02T14:00:00Z,DECK,70,-4,Market On Close,Filled,-280,"adjust" 
2007-04-02T14:00:00Z,GPI,39.82,-17,Market On Close,Filled,-676.94,"band" 
2007-04-02T14:00:00Z,IIIN,16.71,-48,Market On Close,Filled,-802.08,"band" 
2007-04-02T14:00:00Z,LAWS,36.84,-22,Market On Close,Filled,-810.48,"band" 
2007-04-02T14:00:00Z,MTEX,15.35,-55,Market On Close,Filled,-844.25,"band" 
2007-04-02T14:00:00Z,TTMI,9.44,-76,Market On Close,Filled,-717.44,"band" 
2007-04-02T14:00:00Z,BWS,43.26,21,Market On Close,Filled,908.46,"buy" 
2007-04-02T14:00:00Z,EGY,5.08,47,Market On Close,Filled,238.76,"adjust" 
2007-04-02T14:00:00Z,ICUI,39.57,6,Market On Close,Filled,237.42,"adjust" 
2007-04-02T14:00:00Z,KBALB,19.31,13,Market On Close,Filled,251.03,"adjust" 
2007-04-02T14:00:00Z,PCCC,13.82,63,Market On Close,Filled,870.66,"buy" 
2007-04-02T14:00:00Z,PTSI,20.77,12,Market On Close,Filled,249.24,"adjust" 
2007-04-02T14:00:00Z,SHOO,29.49,7,Market On Close,Filled,206.43,"adjust" 
2007-04-02T14:00:00Z,USNA,47.44,19,Market On Close,Filled,901.36,"buy" 
2007-04-02T14:00:00Z,X,100.94,9,Market On Close,Filled,908.46,"buy" 
2007-05-01T14:00:00Z,AMED,33.86,-27,Market On Close,Filled,-914.22,"expired" 
2007-05-01T14:00:00Z,AP,36.08,-29,Market On Close,Filled,-1046.32,"band" 
2007-05-01T14:00:00Z,CMI,92,-14,Market On Close,Filled,-1288,"expired" 
2007-05-01T14:00:00Z,GCI,58.16,-14,Market On Close,Filled,-814.24,"expired" 
2007-05-01T14:00:00Z,GISX,28.92,-13,Market On Close,Filled,-375.96,"adjust" 
2007-05-01T14:00:00Z,HOC,63.14,-4,Market On Close,Filled,-252.56,"adjust" 
2007-05-01T14:00:00Z,LMS,26.8,-34,Market On Close,Filled,-911.2,"expired" 
2007-05-01T14:00:00Z,MDU,30.6,-7,Market On Close,Filled,-214.2,"adjust" 
2007-05-01T14:00:00Z,MGPI,19.59,-45,Market On Close,Filled,-881.55,"band" 
2007-05-01T14:00:00Z,PTSI,18.91,-44,Market On Close,Filled,-832.04,"band" 
2007-05-01T14:00:00Z,STLD,44.21,-22,Market On Close,Filled,-972.62,"expired" 
2007-05-01T14:00:00Z,TESS,27.93,-8,Market On Close,Filled,-223.44,"adjust" 
2007-05-01T14:00:00Z,VLO,71.17,-3,Market On Close,Filled,-213.51,"adjust" 
2007-05-01T14:00:00Z,ALB,42.51,22,Market On Close,Filled,935.22,"buy" 
2007-05-01T14:00:00Z,EBF,22.94,38,Market On Close,Filled,871.72,"buy" 
2007-05-01T14:00:00Z,KELYA,28.93,32,Market On Close,Filled,925.76,"buy" 
2007-05-01T14:00:00Z,LDL,13.9,63,Market On Close,Filled,875.7,"buy" 
2007-05-01T14:00:00Z,LNDC,12.54,73,Market On Close,Filled,915.42,"buy" 
2007-05-01T14:00:00Z,MOV,32.64,28,Market On Close,Filled,913.92,"buy" 
2007-05-01T14:00:00Z,NHC,51.17,4,Market On Close,Filled,204.68,"adjust" 
2007-05-01T14:00:00Z,SYK,65.18,14,Market On Close,Filled,912.52,"buy" 
2007-05-01T14:00:00Z,UAUA,33.2,6,Market On Close,Filled,199.2,"adjust" 
2007-05-01T14:00:00Z,USMO,21.28,43,Market On Close,Filled,915.04,"buy" 
2007-05-12T04:00:00Z,GISX,29.02,-32,Market,Filled,-928.64,"Liquidate from delisting" 
2007-06-01T14:00:00Z,AEOS,27.19,-26,Market On Close,Filled,-706.94,"expired" 
2007-06-01T14:00:00Z,B,30.1,-9,Market On Close,Filled,-270.9,"adjust" 
2007-06-01T14:00:00Z,BWS,29.9,-31,Market On Close,Filled,-926.9,"expired" 
2007-06-01T14:00:00Z,EGY,4.86,-176,Market On Close,Filled,-855.36,"universe" 
2007-06-01T14:00:00Z,MOH,32.4,-25,Market On Close,Filled,-810,"band" 
2007-06-01T14:00:00Z,NVEC,34.14,-9,Market On Close,Filled,-307.26,"adjust" 
2007-06-01T14:00:00Z,BRKS,17.7,55,Market On Close,Filled,973.5,"buy" 
2007-06-01T14:00:00Z,BW,54.4,18,Market On Close,Filled,979.2,"buy" 
2007-06-01T14:00:00Z,CMI,94.1,10,Market On Close,Filled,941,"buy" 
2007-06-01T14:00:00Z,IVAC,19.2,18,Market On Close,Filled,345.6,"adjust" 
2007-06-01T14:00:00Z,KBALB,13.91,24,Market On Close,Filled,333.84,"adjust" 
2007-06-01T14:00:00Z,PCCC,11.89,21,Market On Close,Filled,249.69,"adjust" 
2007-06-01T14:00:00Z,QDEL,14.57,66,Market On Close,Filled,961.62,"buy" 
2007-06-01T14:00:00Z,USNA,37.18,6,Market On Close,Filled,223.08,"adjust" 
2007-06-01T14:00:00Z,ZMH,88.04,11,Market On Close,Filled,968.44,"buy" 
2007-07-02T14:00:00Z,DECK,100.96,-3,Market On Close,Filled,-302.88,"adjust" 
2007-07-02T14:00:00Z,EBF,23.98,-38,Market On Close,Filled,-911.24,"expired" 
2007-07-02T14:00:00Z,ICUI,43.25,-23,Market On Close,Filled,-994.75,"band" 
2007-07-02T14:00:00Z,KBALB,14.01,-71,Market On Close,Filled,-994.71,"band" 
2007-07-02T14:00:00Z,MGLN,46.32,-19,Market On Close,Filled,-880.08,"band" 
2007-07-02T14:00:00Z,MSTR,94.59,-8,Market On Close,Filled,-756.72,"band" 
2007-07-02T14:00:00Z,OGE,37,-21,Market On Close,Filled,-777,"band" 
2007-07-02T14:00:00Z,UAUA,41.13,-5,Market On Close,Filled,-205.65,"adjust" 
2007-07-02T14:00:00Z,AMED,36.86,26,Market On Close,Filled,958.36,"buy" 
2007-07-02T14:00:00Z,AMWD,34.55,6,Market On Close,Filled,207.3,"adjust" 
2007-07-02T14:00:00Z,BW,42.86,5,Market On Close,Filled,214.3,"adjust" 
2007-07-02T14:00:00Z,GIII,16.68,61,Market On Close,Filled,1017.48,"buy" 
2007-07-02T14:00:00Z,HHGP,21.56,45,Market On Close,Filled,970.2,"buy" 
2007-07-02T14:00:00Z,NVR,671.72,1,Market On Close,Filled,671.72,"buy" 
2007-07-02T14:00:00Z,RS,57.46,17,Market On Close,Filled,976.82,"buy" 
2007-07-02T14:00:00Z,TESS,19.93,18,Market On Close,Filled,358.74,"adjust" 
2007-07-02T14:00:00Z,TSRA,41.98,23,Market On Close,Filled,965.54,"buy" 
2007-08-01T14:00:00Z,CMI,120.05,-3,Market On Close,Filled,-360.15,"adjust" 
2007-08-01T14:00:00Z,FIZ,9.79,-74,Market On Close,Filled,-724.46,"band" 
2007-08-01T14:00:00Z,PCCC,13,-16,Market On Close,Filled,-208,"adjust" 
2007-08-01T14:00:00Z,PCU,108.25,-4,Market On Close,Filled,-433,"adjust" 
2007-08-01T14:00:00Z,SAM,41.03,-5,Market On Close,Filled,-205.15,"adjust" 
2007-08-01T14:00:00Z,JAKK,24.16,38,Market On Close,Filled,918.08,"buy" 
2007-08-01T14:00:00Z,ODP,25.28,10,Market On Close,Filled,252.8,"adjust" 
2007-09-04T14:00:00Z,ABFS,36.4,-21,Market On Close,Filled,-764.4,"band" 
2007-09-04T14:00:00Z,AIT,32.81,-7,Market On Close,Filled,-229.67,"adjust" 
2007-09-04T14:00:00Z,BIO,85.57,-12,Market On Close,Filled,-1026.84,"band" 
2007-09-04T14:00:00Z,DLTR,43.24,-5,Market On Close,Filled,-216.2,"adjust" 
2007-09-04T14:00:00Z,KELYA,22.75,-32,Market On Close,Filled,-728,"band" 
2007-09-04T14:00:00Z,NVEC,34.8,-28,Market On Close,Filled,-974.4,"band" 
2007-09-04T14:00:00Z,QDEL,16.95,-12,Market On Close,Filled,-203.4,"adjust" 
2007-09-04T14:00:00Z,SYKE,16.17,-48,Market On Close,Filled,-776.16,"band" 
2007-09-04T14:00:00Z,USNA,39.98,-25,Market On Close,Filled,-999.5,"band" 
2007-09-04T14:00:00Z,APU,35.45,26,Market On Close,Filled,921.7,"buy" 
2007-09-04T14:00:00Z,CALM,20.23,46,Market On Close,Filled,930.58,"buy" 
2007-09-04T14:00:00Z,HHGP,13.91,20,Market On Close,Filled,278.2,"adjust" 
2007-09-04T14:00:00Z,LRW,20.54,44,Market On Close,Filled,903.76,"buy" 
2007-09-04T14:00:00Z,LDL,10.09,24,Market On Close,Filled,242.16,"adjust" 
2007-09-04T14:00:00Z,MLR,17.72,50,Market On Close,Filled,886,"buy" 
2007-09-04T14:00:00Z,RSC,19.2,48,Market On Close,Filled,921.6,"buy" 
2007-09-04T14:00:00Z,SCHN,59.45,15,Market On Close,Filled,891.75,"buy" 
2007-09-04T14:00:00Z,SCVL,17.7,20,Market On Close,Filled,354,"adjust" 
2007-09-04T14:00:00Z,TFX,78.15,11,Market On Close,Filled,859.65,"buy" 
2007-10-01T14:00:00Z,AMWD,26.19,-28,Market On Close,Filled,-733.32,"band" 
2007-10-01T14:00:00Z,BW,52.75,-5,Market On Close,Filled,-263.75,"adjust" 
2007-10-01T14:00:00Z,CALM,24.74,-9,Market On Close,Filled,-222.66,"adjust" 
2007-10-01T14:00:00Z,CVX,94.5,-3,Market On Close,Filled,-283.5,"adjust" 
2007-10-01T14:00:00Z,GIII,20.47,-14,Market On Close,Filled,-286.58,"adjust" 
2007-10-01T14:00:00Z,LNDC,16,-73,Market On Close,Filled,-1168,"expired" 
2007-10-01T14:00:00Z,MTLM,53.94,-4,Market On Close,Filled,-215.76,"adjust" 
2007-10-01T14:00:00Z,COP,87.3,-3,Market On Close,Filled,-261.9,"adjust" 
2007-10-01T14:00:00Z,SCHN,75.84,-3,Market On Close,Filled,-227.52,"adjust" 
2007-10-01T14:00:00Z,SCVL,15.79,-53,Market On Close,Filled,-836.87,"band" 
2007-10-01T14:00:00Z,TESS,15.55,-50,Market On Close,Filled,-777.5,"band" 
2007-10-01T14:00:00Z,ABM,20.43,12,Market On Close,Filled,245.16,"adjust" 
2007-10-01T14:00:00Z,AEIS,17.03,15,Market On Close,Filled,255.45,"adjust" 
2007-10-01T14:00:00Z,DLX,38.25,25,Market On Close,Filled,956.25,"buy" 
2007-10-01T14:00:00Z,PETS,14.45,66,Market On Close,Filled,953.7,"buy" 
2007-10-01T14:00:00Z,SHOO,19.13,18,Market On Close,Filled,344.34,"adjust" 
2007-10-01T14:00:00Z,USMO,17.41,12,Market On Close,Filled,208.92,"adjust" 
2007-10-01T14:00:00Z,VLGEA,52.12,17,Market On Close,Filled,886.04,"buy" 
2007-11-01T14:00:00Z,B,35.27,-7,Market On Close,Filled,-246.89,"adjust" 
2007-11-01T14:00:00Z,DECK,132.75,-3,Market On Close,Filled,-398.25,"adjust" 
2007-11-01T14:00:00Z,EXPO,29.52,-13,Market On Close,Filled,-383.76,"adjust" 
2007-11-01T14:00:00Z,LRCX,48.84,-17,Market On Close,Filled,-830.28,"expired" 
2007-11-01T14:00:00Z,OXY,66.72,-3,Market On Close,Filled,-200.16,"adjust" 
2007-11-01T14:00:00Z,PCU,133.96,-2,Market On Close,Filled,-267.92,"adjust" 
2007-11-01T14:00:00Z,SAM,49.56,-4,Market On Close,Filled,-198.24,"adjust" 
2007-11-01T14:00:00Z,BRKS,12.69,18,Market On Close,Filled,228.42,"adjust" 
2007-11-01T14:00:00Z,HHGP,10.52,18,Market On Close,Filled,189.36,"adjust" 
2007-11-01T14:00:00Z,MLR,14.29,15,Market On Close,Filled,214.35,"adjust" 
2007-11-01T14:00:00Z,NVR,450,1,Market On Close,Filled,450,"adjust" 
2007-11-01T14:00:00Z,ODP,18.86,14,Market On Close,Filled,264.04,"adjust" 
2007-11-01T14:00:00Z,OIS,42.6,22,Market On Close,Filled,937.2,"buy" 
2007-11-01T14:00:00Z,RGR,8.62,101,Market On Close,Filled,870.62,"buy" 
2007-12-03T15:00:00Z,AMED,44.2,-6,Market On Close,Filled,-265.2,"adjust" 
2007-12-03T15:00:00Z,HUBG,25.95,-30,Market On Close,Filled,-778.5,"band" 
2007-12-03T15:00:00Z,NHC,49.13,-18,Market On Close,Filled,-884.34,"band" 
2007-12-03T15:00:00Z,NVR,486.09,-1,Market On Close,Filled,-486.09,"adjust" 
2007-12-03T15:00:00Z,RGR,8.77,-101,Market On Close,Filled,-885.77,"band" 
2007-12-03T15:00:00Z,SHOO,22.75,-11,Market On Close,Filled,-250.25,"adjust" 
2007-12-03T15:00:00Z,TSRA,38.9,-23,Market On Close,Filled,-894.7,"band" 
2007-12-03T15:00:00Z,DLTR,29.42,9,Market On Close,Filled,264.78,"adjust" 
2007-12-03T15:00:00Z,HOFT,17.06,51,Market On Close,Filled,870.06,"buy" 
2007-12-03T15:00:00Z,IMMR,13.27,66,Market On Close,Filled,875.82,"buy" 
2007-12-03T15:00:00Z,LRW,15.06,14,Market On Close,Filled,210.84,"adjust" 
2007-12-03T15:00:00Z,LNDC,12.66,66,Market On Close,Filled,835.56,"buy" 
2007-12-03T15:00:00Z,NVTL,15.32,56,Market On Close,Filled,857.92,"buy" 
2007-12-03T15:00:00Z,SAM,33.12,8,Market On Close,Filled,264.96,"adjust" 
2008-01-02T15:00:00Z,ABM,20.16,-46,Market On Close,Filled,-927.36,"band" 
2008-01-02T15:00:00Z,GIII,13.59,-47,Market On Close,Filled,-638.73,"band" 
2008-01-02T15:00:00Z,HOC,50.71,-14,Market On Close,Filled,-709.94,"band" 
2008-01-02T15:00:00Z,LDL,10.26,-87,Market On Close,Filled,-892.62,"band" 
2008-01-02T15:00:00Z,OIS,34.34,-22,Market On Close,Filled,-755.48,"band" 
2008-01-02T15:00:00Z,PCCC,11.28,-68,Market On Close,Filled,-767.04,"band" 
2008-01-02T15:00:00Z,SAM,36.04,-26,Market On Close,Filled,-937.04,"band" 
2008-01-02T15:00:00Z,SYK,73.73,-3,Market On Close,Filled,-221.19,"adjust" 
2008-01-02T15:00:00Z,TFX,63.05,-11,Market On Close,Filled,-693.55,"band" 
2008-01-02T15:00:00Z,X,113.64,-2,Market On Close,Filled,-227.28,"adjust" 
2008-01-02T15:00:00Z,FCX,103.37,8,Market On Close,Filled,826.96,"buy" 
2008-01-02T15:00:00Z,FLO,22.9,37,Market On Close,Filled,847.3,"buy" 
2008-01-02T15:00:00Z,VIVO,29.81,29,Market On Close,Filled,864.49,"buy" 
2008-01-02T15:00:00Z,NEOG,26.93,33,Market On Close,Filled,888.69,"buy" 
2008-01-02T15:00:00Z,PCU,106.5,2,Market On Close,Filled,213,"adjust" 
2008-01-02T15:00:00Z,SNHY,24.26,34,Market On Close,Filled,824.84,"buy" 
2008-01-02T15:00:00Z,UEIC,34.2,26,Market On Close,Filled,889.2,"buy" 
2008-01-02T15:00:00Z,LNT,40.31,21,Market On Close,Filled,846.51,"buy" 
2008-01-02T15:00:00Z,ZEUS,32.2,27,Market On Close,Filled,869.4,"buy" 
2008-02-01T15:00:00Z,BKE,42.14,-7,Market On Close,Filled,-294.98,"adjust" 
2008-02-01T15:00:00Z,CALM,31.31,-9,Market On Close,Filled,-281.79,"adjust" 
2008-02-01T15:00:00Z,DLTR,27.79,-30,Market On Close,Filled,-833.7,"band" 
2008-02-01T15:00:00Z,HOFT,21.9,-14,Market On Close,Filled,-306.6,"adjust" 
2008-02-01T15:00:00Z,ZMH,79.09,-11,Market On Close,Filled,-869.99,"band" 
2008-02-01T15:00:00Z,BW,30.31,10,Market On Close,Filled,303.1,"adjust" 
2008-02-01T15:00:00Z,HHGP,7.21,37,Market On Close,Filled,266.77,"adjust" 
2008-02-01T15:00:00Z,IVAC,11.44,25,Market On Close,Filled,286,"adjust" 
2008-02-01T15:00:00Z,LNDC,9.49,22,Market On Close,Filled,208.78,"adjust" 
2008-02-01T15:00:00Z,METHA,12.91,67,Market On Close,Filled,864.97,"buy" 
2008-02-01T15:00:00Z,TWIN,16.67,54,Market On Close,Filled,900.18,"buy" 
2008-03-03T15:00:00Z,BW,26.82,-28,Market On Close,Filled,-750.96,"band" 
2008-03-03T15:00:00Z,DLX,19.97,-25,Market On Close,Filled,-499.25,"band" 
2008-03-03T15:00:00Z,JAKK,28.4,-9,Market On Close,Filled,-255.6,"adjust" 
2008-03-03T15:00:00Z,LNDC,9.53,-88,Market On Close,Filled,-838.64,"band" 
2008-03-03T15:00:00Z,MTLM,58.85,-4,Market On Close,Filled,-235.4,"adjust" 
2008-03-03T15:00:00Z,NUE,66.14,-4,Market On Close,Filled,-264.56,"adjust" 
2008-03-03T15:00:00Z,ODP,11.08,-50,Market On Close,Filled,-554,"band" 
2008-03-03T15:00:00Z,OXY,78.29,-3,Market On Close,Filled,-234.87,"adjust" 
2008-03-03T15:00:00Z,TWIN,20.11,-54,Market On Close,Filled,-1085.94,"band" 
2008-03-03T15:00:00Z,X,108,-7,Market On Close,Filled,-756,"band" 
2008-03-03T15:00:00Z,ZEUS,42.85,-8,Market On Close,Filled,-342.8,"adjust" 
2008-03-03T15:00:00Z,B,22.25,10,Market On Close,Filled,222.5,"adjust" 
2008-03-03T15:00:00Z,CUB,27.19,32,Market On Close,Filled,870.08,"buy" 
2008-03-03T15:00:00Z,IMMR,8.61,31,Market On Close,Filled,266.91,"adjust" 
2008-03-03T15:00:00Z,KAMN,23.57,34,Market On Close,Filled,801.38,"buy" 
2008-03-03T15:00:00Z,LG,34.46,24,Market On Close,Filled,827.04,"buy" 
2008-03-03T15:00:00Z,MOV,19.72,14,Market On Close,Filled,276.08,"adjust" 
2008-03-03T15:00:00Z,NVTL,10.64,22,Market On Close,Filled,234.08,"adjust" 
2008-03-03T15:00:00Z,KFRC,8.31,25,Market On Close,Filled,207.75,"adjust" 
2008-03-03T15:00:00Z,SCHL,34.79,23,Market On Close,Filled,800.17,"buy" 
2008-03-03T15:00:00Z,SHEN,14.55,55,Market On Close,Filled,800.25,"buy" 
2008-03-03T15:00:00Z,UEIC,22.99,10,Market On Close,Filled,229.9,"adjust" 
2008-03-03T15:00:00Z,USMO,10.42,23,Market On Close,Filled,239.66,"adjust" 
2008-03-03T15:00:00Z,WDC,31.25,26,Market On Close,Filled,812.5,"buy" 
2008-03-15T04:00:00Z,MTLM,55.27,-13,Market,Filled,-718.51,"Liquidate from delisting" 
2008-04-01T14:00:00Z,AEIS,13.68,-61,Market On Close,Filled,-834.48,"band" 
2008-04-01T14:00:00Z,ALB,37,-22,Market On Close,Filled,-814,"band" 
2008-04-01T14:00:00Z,EXPO,33,-7,Market On Close,Filled,-231,"adjust" 
2008-04-01T14:00:00Z,HHGP,8.96,-120,Market On Close,Filled,-1075.2,"band" 
2008-04-01T14:00:00Z,IVAC,13.94,-75,Market On Close,Filled,-1045.5,"band" 
2008-04-01T14:00:00Z,RS,60.29,-4,Market On Close,Filled,-241.16,"adjust" 
2008-04-01T14:00:00Z,SNHY,30.25,-7,Market On Close,Filled,-211.75,"adjust" 
2008-04-01T14:00:00Z,USMO,7.45,-78,Market On Close,Filled,-581.1,"band" 
2008-04-01T14:00:00Z,VLO,51.87,-13,Market On Close,Filled,-674.31,"band" 
2008-04-01T14:00:00Z,ANF,76.69,11,Market On Close,Filled,843.59,"buy" 
2008-04-01T14:00:00Z,ANK,34.5,24,Market On Close,Filled,828,"buy" 
2008-04-01T14:00:00Z,AZZ,37.81,23,Market On Close,Filled,869.63,"buy" 
2008-04-01T14:00:00Z,FOSL,32.2,26,Market On Close,Filled,837.2,"buy" 
2008-04-01T14:00:00Z,FSTR,44.97,19,Market On Close,Filled,854.43,"buy" 
2008-04-01T14:00:00Z,LECO,66.78,12,Market On Close,Filled,801.36,"buy" 
2008-04-01T14:00:00Z,LXU,15.08,55,Market On Close,Filled,829.4,"buy" 
2008-04-01T14:00:00Z,UAUA,23.13,15,Market On Close,Filled,346.95,"adjust" 
2008-05-01T14:00:00Z,AMED,52.34,-20,Market On Close,Filled,-1046.8,"expired" 
2008-05-01T14:00:00Z,CMI,65.75,-14,Market On Close,Filled,-920.5,"band" 
2008-05-01T14:00:00Z,IMMR,11.06,-97,Market On Close,Filled,-1072.82,"band" 
2008-05-01T14:00:00Z,KAMN,27.67,-34,Market On Close,Filled,-940.78,"expired" 
2008-05-01T14:00:00Z,LRW,12.67,-58,Market On Close,Filled,-734.86,"expired" 
2008-05-01T14:00:00Z,MLR,11,-65,Market On Close,Filled,-715,"band" 
2008-05-01T14:00:00Z,OXY,81.02,-10,Market On Close,Filled,-810.2,"expired" 
2008-05-01T14:00:00Z,COP,86.59,-10,Market On Close,Filled,-865.9,"expired" 
2008-05-01T14:00:00Z,PCU,110,-8,Market On Close,Filled,-880,"expired" 
2008-05-01T14:00:00Z,KFRC,8.44,-96,Market On Close,Filled,-810.24,"expired" 
2008-05-01T14:00:00Z,SCHN,86.4,-3,Market On Close,Filled,-259.2,"adjust" 
2008-05-01T14:00:00Z,UAUA,16.1,-38,Market On Close,Filled,-611.8,"expired" 
2008-05-01T14:00:00Z,AAON,19.08,46,Market On Close,Filled,877.68,"buy" 
2008-05-01T14:00:00Z,AZZ,27.56,8,Market On Close,Filled,220.48,"adjust" 
2008-05-01T14:00:00Z,DGII,8.11,102,Market On Close,Filled,827.22,"buy" 
2008-05-01T14:00:00Z,NEU,63.59,13,Market On Close,Filled,826.67,"buy" 
2008-05-01T14:00:00Z,FLXS,11.15,75,Market On Close,Filled,836.25,"buy" 
2008-05-01T14:00:00Z,FSTR,33.39,7,Market On Close,Filled,233.73,"adjust" 
2008-05-01T14:00:00Z,GHM,58.23,14,Market On Close,Filled,815.22,"buy" 
2008-05-01T14:00:00Z,LYTS,10.98,76,Market On Close,Filled,834.48,"buy" 
2008-05-01T14:00:00Z,MMSI,14.86,57,Market On Close,Filled,847.02,"buy" 
2008-05-01T14:00:00Z,NFLX,31,26,Market On Close,Filled,806,"buy" 
2008-05-01T14:00:00Z,PTEN,27.94,30,Market On Close,Filled,838.2,"buy" 
2008-05-01T14:00:00Z,SAM,45.74,19,Market On Close,Filled,869.06,"buy" 
2008-05-01T14:00:00Z,TNC,35.3,24,Market On Close,Filled,847.2,"buy" 
2008-06-02T14:00:00Z,B,30.9,-8,Market On Close,Filled,-247.2,"adjust" 
2008-06-02T14:00:00Z,BRKS,9.89,-73,Market On Close,Filled,-721.97,"band" 
2008-06-02T14:00:00Z,CMC,36.49,-6,Market On Close,Filled,-218.94,"adjust" 
2008-06-02T14:00:00Z,FLO,27.91,-37,Market On Close,Filled,-1032.67,"expired" 
2008-06-02T14:00:00Z,LXU,17.5,-55,Market On Close,Filled,-962.5,"band" 
2008-06-02T14:00:00Z,MRO,51.66,-16,Market On Close,Filled,-826.56,"band" 
2008-06-02T14:00:00Z,NVTL,10.19,-78,Market On Close,Filled,-794.82,"expired" 
2008-06-02T14:00:00Z,SNHY,41.04,-5,Market On Close,Filled,-205.2,"adjust" 
2008-06-02T14:00:00Z,UEIC,24.91,-36,Market On Close,Filled,-896.76,"band" 
2008-06-02T14:00:00Z,ZEUS,62.23,-6,Market On Close,Filled,-373.38,"adjust" 
2008-06-02T14:00:00Z,AMED,50.3,17,Market On Close,Filled,855.1,"buy" 
2008-06-02T14:00:00Z,APA,135.81,6,Market On Close,Filled,814.86,"buy" 
2008-06-02T14:00:00Z,CF,139.39,6,Market On Close,Filled,836.34,"buy" 
2008-06-02T14:00:00Z,DCO,30.54,28,Market On Close,Filled,855.12,"buy" 
2008-06-02T14:00:00Z,JAKK,22.79,9,Market On Close,Filled,205.11,"adjust" 
2008-06-02T14:00:00Z,OXY,92.58,9,Market On Close,Filled,833.22,"buy" 
2008-06-02T14:00:00Z,USPH,16.89,52,Market On Close,Filled,878.28,"buy" 
2008-07-01T14:00:00Z,AZZ,44.06,-10,Market On Close,Filled,-440.6,"adjust" 
2008-07-01T14:00:00Z,CUB,22.01,-32,Market On Close,Filled,-704.32,"band" 
2008-07-01T14:00:00Z,GHM,76.63,-3,Market On Close,Filled,-229.89,"adjust" 
2008-07-01T14:00:00Z,MDU,34.89,-6,Market On Close,Filled,-209.34,"adjust" 
2008-07-01T14:00:00Z,PTEN,36.02,-7,Market On Close,Filled,-252.14,"adjust" 
2008-07-01T14:00:00Z,RSC,11.14,-48,Market On Close,Filled,-534.72,"band" 
2008-07-01T14:00:00Z,SCHN,114.56,-2,Market On Close,Filled,-229.12,"adjust" 
2008-07-01T14:00:00Z,DCO,23.21,9,Market On Close,Filled,208.89,"adjust" 
2008-07-01T14:00:00Z,GIII,12.17,69,Market On Close,Filled,839.73,"buy" 
2008-07-01T14:00:00Z,HOFT,17.36,12,Market On Close,Filled,208.32,"adjust" 
2008-07-01T14:00:00Z,LYTS,7.81,29,Market On Close,Filled,226.49,"adjust" 
2008-07-01T14:00:00Z,UACL,22.31,38,Market On Close,Filled,847.78,"buy" 
2008-08-01T14:00:00Z,AMED,62.89,-4,Market On Close,Filled,-251.56,"adjust" 
2008-08-01T14:00:00Z,AZZ,46.14,-21,Market On Close,Filled,-968.94,"expired" 
2008-08-01T14:00:00Z,CALM,38.98,-6,Market On Close,Filled,-233.88,"adjust" 
2008-08-01T14:00:00Z,DGII,10.38,-102,Market On Close,Filled,-1058.76,"band" 
2008-08-01T14:00:00Z,GHM,101.97,-11,Market On Close,Filled,-1121.67,"expired" 
2008-08-01T14:00:00Z,GIII,15.53,-15,Market On Close,Filled,-232.95,"adjust" 
2008-08-01T14:00:00Z,MMSI,19.83,-14,Market On Close,Filled,-277.62,"adjust" 
2008-08-01T14:00:00Z,QDEL,20.2,-11,Market On Close,Filled,-222.2,"adjust" 
2008-08-01T14:00:00Z,SHEN,14.99,-55,Market On Close,Filled,-824.45,"band" 
2008-08-01T14:00:00Z,ABFS,35.78,23,Market On Close,Filled,822.94,"buy" 
2008-08-01T14:00:00Z,ANF,55.21,4,Market On Close,Filled,220.84,"adjust" 
2008-08-01T14:00:00Z,B,22.09,10,Market On Close,Filled,220.9,"adjust" 
2008-08-01T14:00:00Z,NPK,73.05,12,Market On Close,Filled,876.6,"buy" 
2008-08-01T14:00:00Z,SCHL,26.04,10,Market On Close,Filled,260.4,"adjust" 
2008-08-01T14:00:00Z,SKX,18.96,46,Market On Close,Filled,872.16,"buy" 
2008-08-01T14:00:00Z,TNC,26.37,9,Market On Close,Filled,237.33,"adjust" 
2008-08-01T14:00:00Z,UGI,26.27,32,Market On Close,Filled,840.64,"buy" 
2008-08-01T14:00:00Z,ZEUS,51.62,4,Market On Close,Filled,206.48,"adjust" 
2008-09-02T14:00:00Z,LG,44.62,-5,Market On Close,Filled,-223.1,"adjust" 
2008-09-02T14:00:00Z,SAM,44.83,-19,Market On Close,Filled,-851.77,"band" 
2008-09-02T14:00:00Z,SCHL,27.02,-33,Market On Close,Filled,-891.66,"band" 
2008-09-02T14:00:00Z,TNC,31.28,-33,Market On Close,Filled,-1032.24,"band" 
2008-09-02T14:00:00Z,CMC,24.61,9,Market On Close,Filled,221.49,"adjust" 
2008-09-02T14:00:00Z,DAR,13.2,64,Market On Close,Filled,844.8,"buy" 
2008-09-02T14:00:00Z,LHCG,29.7,30,Market On Close,Filled,891,"buy" 
2008-09-02T14:00:00Z,NUE,49.07,4,Market On Close,Filled,196.28,"adjust" 
2008-09-02T14:00:00Z,PTEN,25.23,8,Market On Close,Filled,201.84,"adjust" 
2008-09-02T14:00:00Z,SCHN,64.15,5,Market On Close,Filled,320.75,"adjust" 
2008-09-02T14:00:00Z,WTI,33.31,25,Market On Close,Filled,832.75,"buy" 
2008-10-01T14:00:00Z,BKE,51.95,-5,Market On Close,Filled,-259.75,"adjust" 
2008-10-01T14:00:00Z,CALM,27.42,-22,Market On Close,Filled,-603.24,"expired" 
2008-10-01T14:00:00Z,CMC,16.28,-33,Market On Close,Filled,-537.24,"band" 
2008-10-01T14:00:00Z,DCO,22.9,-37,Market On Close,Filled,-847.3,"band" 
2008-10-01T14:00:00Z,FCX,52.97,-8,Market On Close,Filled,-423.76,"band" 
2008-10-01T14:00:00Z,GIII,17.34,-54,Market On Close,Filled,-936.36,"band" 
2008-10-01T14:00:00Z,VIVO,29.55,-29,Market On Close,Filled,-856.95,"band" 
2008-10-01T14:00:00Z,LYTS,7.87,-105,Market On Close,Filled,-826.35,"band" 
2008-10-01T14:00:00Z,PETS,15.22,-16,Market On Close,Filled,-243.52,"adjust" 
2008-10-01T14:00:00Z,WEYS,32.89,-9,Market On Close,Filled,-296.01,"adjust" 
2008-10-01T14:00:00Z,CRMT,18.56,42,Market On Close,Filled,779.52,"buy" 
2008-10-01T14:00:00Z,DMLP,22.82,34,Market On Close,Filled,775.88,"buy" 
2008-10-01T14:00:00Z,GHM,49.05,14,Market On Close,Filled,686.7,"buy" 
2008-10-01T14:00:00Z,HVT,11.75,68,Market On Close,Filled,799,"buy" 
2008-10-01T14:00:00Z,HP,42,18,Market On Close,Filled,756,"buy" 
2008-10-01T14:00:00Z,IIIN,13,58,Market On Close,Filled,754,"buy" 
2008-10-01T14:00:00Z,RS,36.86,7,Market On Close,Filled,258.02,"adjust" 
2008-10-01T14:00:00Z,SCHN,37.63,8,Market On Close,Filled,301.04,"adjust" 
2008-10-01T14:00:00Z,SNHY,24.77,8,Market On Close,Filled,198.16,"adjust" 
2008-10-01T14:00:00Z,TTWO,15.93,48,Market On Close,Filled,764.64,"buy" 
2008-10-01T14:00:00Z,WDC,20.63,11,Market On Close,Filled,226.93,"adjust" 
2008-10-01T14:00:00Z,ZEUS,28.14,10,Market On Close,Filled,281.4,"adjust" 
2008-11-03T15:00:00Z,AIT,19.93,-28,Market On Close,Filled,-558.04,"expired" 
2008-11-03T15:00:00Z,DECK,80.65,-6,Market On Close,Filled,-483.9,"band" 
2008-11-03T15:00:00Z,FSTR,28.28,-26,Market On Close,Filled,-735.28,"band" 
2008-11-03T15:00:00Z,LG,54.58,-7,Market On Close,Filled,-382.06,"adjust" 
2008-11-03T15:00:00Z,LHCG,33.95,-11,Market On Close,Filled,-373.45,"adjust" 
2008-11-03T15:00:00Z,NEOG,28.94,-11,Market On Close,Filled,-318.34,"adjust" 
2008-11-03T15:00:00Z,PETS,18.25,-12,Market On Close,Filled,-219,"adjust" 
2008-11-03T15:00:00Z,QDEL,15.83,-43,Market On Close,Filled,-680.69,"band" 
2008-11-03T15:00:00Z,SNHY,20.13,-30,Market On Close,Filled,-603.9,"band" 
2008-11-03T15:00:00Z,ANF,27,8,Market On Close,Filled,216,"adjust" 
2008-11-03T15:00:00Z,CALM,29.09,22,Market On Close,Filled,639.98,"buy" 
2008-11-03T15:00:00Z,CF,62.71,4,Market On Close,Filled,250.84,"adjust" 
2008-11-03T15:00:00Z,CPSI,28.62,24,Market On Close,Filled,686.88,"buy" 
2008-11-03T15:00:00Z,HOFT,9.8,24,Market On Close,Filled,235.2,"adjust" 
2008-11-03T15:00:00Z,K,52.29,13,Market On Close,Filled,679.77,"buy" 
2008-11-03T15:00:00Z,LRW,8.18,80,Market On Close,Filled,654.4,"buy" 
2008-11-03T15:00:00Z,MDU,18.45,12,Market On Close,Filled,221.4,"adjust" 
2008-11-03T15:00:00Z,PTEN,12.63,19,Market On Close,Filled,239.97,"adjust" 
2008-11-03T15:00:00Z,SYKE,16.49,42,Market On Close,Filled,692.58,"buy" 
2008-12-01T15:00:00Z,AAON,17.3,-14,Market On Close,Filled,-242.2,"adjust" 
2008-12-01T15:00:00Z,NEU,29.22,-13,Market On Close,Filled,-379.86,"band" 
2008-12-01T15:00:00Z,FOSL,13.3,-26,Market On Close,Filled,-345.8,"band" 
2008-12-01T15:00:00Z,VLGEA,46.47,-5,Market On Close,Filled,-232.35,"adjust" 
2008-12-01T15:00:00Z,XOM,74.65,-4,Market On Close,Filled,-298.6,"adjust" 
2008-12-01T15:00:00Z,BKE,16.39,12,Market On Close,Filled,196.68,"adjust" 
2008-12-01T15:00:00Z,CRMT,8.29,23,Market On Close,Filled,190.67,"adjust" 
2008-12-01T15:00:00Z,DAR,3.66,57,Market On Close,Filled,208.62,"adjust" 
2008-12-01T15:00:00Z,EGY,6.8,96,Market On Close,Filled,652.8,"buy" 
2008-12-01T15:00:00Z,GCO,11.47,45,Market On Close,Filled,516.15,"buy" 
2008-12-01T15:00:00Z,GHM,8.37,38,Market On Close,Filled,318.06,"adjust" 
2008-12-01T15:00:00Z,WTI,12.24,18,Market On Close,Filled,220.32,"adjust" 
2009-01-02T15:00:00Z,ANF,24.42,-23,Market On Close,Filled,-561.66,"band" 
2009-01-02T15:00:00Z,CRMT,13.73,-19,Market On Close,Filled,-260.87,"adjust" 
2009-01-02T15:00:00Z,HOFT,7.67,-73,Market On Close,Filled,-559.91,"band" 
2009-01-02T15:00:00Z,NPK,78.31,-4,Market On Close,Filled,-313.24,"adjust" 
2009-01-02T15:00:00Z,SCHN,40.18,-20,Market On Close,Filled,-803.6,"expired" 
2009-01-02T15:00:00Z,SYK,41.35,-11,Market On Close,Filled,-454.85,"band" 
2009-01-02T15:00:00Z,CRK,48.27,13,Market On Close,Filled,627.51,"buy" 
2009-01-02T15:00:00Z,DLTR,42.05,15,Market On Close,Filled,630.75,"buy" 
2009-01-02T15:00:00Z,HP,25,10,Market On Close,Filled,250,"adjust" 
2009-01-02T15:00:00Z,HWKN,15.66,42,Market On Close,Filled,657.72,"buy" 
2009-01-02T15:00:00Z,MOV,9.68,27,Market On Close,Filled,261.36,"adjust" 
2009-01-02T15:00:00Z,KFRC,7.62,84,Market On Close,Filled,640.08,"buy" 
2009-01-02T15:00:00Z,RS,21.64,12,Market On Close,Filled,259.68,"adjust" 
2009-01-02T15:00:00Z,TTWO,7.95,37,Market On Close,Filled,294.15,"adjust" 
2009-01-02T15:00:00Z,WDC,12.32,19,Market On Close,Filled,234.08,"adjust" 
2009-02-02T15:00:00Z,APU,31.98,-8,Market On Close,Filled,-255.84,"adjust" 
2009-02-02T15:00:00Z,DAR,4.48,-121,Market On Close,Filled,-542.08,"universe" 
2009-02-02T15:00:00Z,FLXS,6.95,-75,Market On Close,Filled,-521.25,"band" 
2009-02-02T15:00:00Z,METHA,4.9,-67,Market On Close,Filled,-328.3,"universe" 
2009-02-02T15:00:00Z,MOV,7.66,-69,Market On Close,Filled,-528.54,"band" 
2009-02-02T15:00:00Z,NFLX,36.95,-10,Market On Close,Filled,-369.5,"adjust" 
2009-02-02T15:00:00Z,UGI,25.95,-9,Market On Close,Filled,-233.55,"adjust" 
2009-02-02T15:00:00Z,WDC,15.52,-56,Market On Close,Filled,-869.12,"band" 
2009-02-02T15:00:00Z,CTRN,9.51,62,Market On Close,Filled,589.62,"buy" 
2009-02-02T15:00:00Z,FIZ,9.41,68,Market On Close,Filled,639.88,"buy" 
2009-02-02T15:00:00Z,JJSF,35.44,17,Market On Close,Filled,602.48,"buy" 
2009-02-02T15:00:00Z,PCTI,6.2,91,Market On Close,Filled,564.2,"buy" 
2009-02-02T15:00:00Z,STMP,8.45,72,Market On Close,Filled,608.4,"buy" 
2009-03-02T15:00:00Z,BKE,23.28,-10,Market On Close,Filled,-232.8,"adjust" 
2009-03-02T15:00:00Z,CF,58.99,-10,Market On Close,Filled,-589.9,"band" 
2009-03-02T15:00:00Z,CTRN,11.97,-19,Market On Close,Filled,-227.43,"adjust" 
2009-03-02T15:00:00Z,HP,20.72,-28,Market On Close,Filled,-580.16,"band" 
2009-03-02T15:00:00Z,RS,19.88,-10,Market On Close,Filled,-198.8,"adjust" 
2009-03-02T15:00:00Z,FSYS,19.25,26,Market On Close,Filled,500.5,"buy" 
2009-03-02T15:00:00Z,MTSC,21.55,22,Market On Close,Filled,474.1,"buy" 
2009-03-02T15:00:00Z,SKX,6.03,37,Market On Close,Filled,223.11,"adjust" 
2009-04-01T14:00:00Z,ABFS,19.17,-23,Market On Close,Filled,-440.91,"band" 
2009-04-01T14:00:00Z,APA,66.05,-6,Market On Close,Filled,-396.3,"band" 
2009-04-01T14:00:00Z,B,11,-38,Market On Close,Filled,-418,"band" 
2009-04-01T14:00:00Z,CPSI,32.97,-7,Market On Close,Filled,-230.79,"adjust" 
2009-04-01T14:00:00Z,CTRN,22.96,-18,Market On Close,Filled,-413.28,"adjust" 
2009-04-01T14:00:00Z,GCO,19.2,-15,Market On Close,Filled,-288,"adjust" 
2009-04-01T14:00:00Z,JAKK,12.65,-38,Market On Close,Filled,-480.7,"band" 
2009-04-01T14:00:00Z,LRW,8.37,-80,Market On Close,Filled,-669.6,"band" 
2009-04-01T14:00:00Z,NVR,430.02,-1,Market On Close,Filled,-430.02,"band" 
2009-04-01T14:00:00Z,PCTI,4.47,-91,Market On Close,Filled,-406.77,"universe" 
2009-04-01T14:00:00Z,SKX,6.91,-83,Market On Close,Filled,-573.53,"band" 
2009-04-01T14:00:00Z,WTI,6.24,-43,Market On Close,Filled,-268.32,"band" 
2009-04-01T14:00:00Z,AMED,27.4,8,Market On Close,Filled,219.2,"adjust" 
2009-04-01T14:00:00Z,CAI,36.06,15,Market On Close,Filled,540.9,"buy" 
2009-04-01T14:00:00Z,CMTL,25.14,23,Market On Close,Filled,578.22,"buy" 
2009-04-01T14:00:00Z,CNC,17.65,32,Market On Close,Filled,564.8,"buy" 
2009-04-01T14:00:00Z,CODI,9.21,65,Market On Close,Filled,598.65,"buy" 
2009-04-01T14:00:00Z,CSGS,14.36,40,Market On Close,Filled,574.4,"buy" 
2009-04-01T14:00:00Z,DGIT,18.77,30,Market On Close,Filled,563.1,"buy" 
2009-04-01T14:00:00Z,FSYS,14.44,17,Market On Close,Filled,245.48,"adjust" 
2009-04-01T14:00:00Z,MLAB,16.6,36,Market On Close,Filled,597.6,"buy" 
2009-04-01T14:00:00Z,SPH,37.1,16,Market On Close,Filled,593.6,"buy" 
2009-04-01T14:00:00Z,WSO,34.55,17,Market On Close,Filled,587.35,"buy" 
2009-05-01T14:00:00Z,EGY,4.7,-96,Market On Close,Filled,-451.2,"universe" 
2009-05-01T14:00:00Z,GHM,12.63,-66,Market On Close,Filled,-833.58,"band" 
2009-05-01T14:00:00Z,LECO,43.75,-12,Market On Close,Filled,-525,"expired" 
2009-05-01T14:00:00Z,KFRC,10.63,-84,Market On Close,Filled,-892.92,"expired" 
2009-05-01T14:00:00Z,SHOO,28.47,-16,Market On Close,Filled,-455.52,"adjust" 
2009-05-01T14:00:00Z,LNT,22.37,-21,Market On Close,Filled,-469.77,"expired" 
2009-05-01T14:00:00Z,IIIN,7.48,29,Market On Close,Filled,216.92,"adjust" 
2009-05-01T14:00:00Z,JCOM,23.72,27,Market On Close,Filled,640.44,"buy" 
2009-05-01T14:00:00Z,KIRK,6.71,94,Market On Close,Filled,630.74,"buy" 
2009-05-01T14:00:00Z,LG,35.59,6,Market On Close,Filled,213.54,"adjust" 
2009-05-01T14:00:00Z,LHCG,23.74,9,Market On Close,Filled,213.66,"adjust" 
2009-05-01T14:00:00Z,PLCE,28.9,22,Market On Close,Filled,635.8,"buy" 
2009-05-01T14:00:00Z,TSCO,39.06,16,Market On Close,Filled,624.96,"buy" 
2009-05-01T14:00:00Z,ULBI,7.39,90,Market On Close,Filled,665.1,"buy" 
2009-06-01T14:00:00Z,HWKN,21,-12,Market On Close,Filled,-252,"adjust" 
2009-06-01T14:00:00Z,IIIN,9.08,-87,Market On Close,Filled,-789.96,"band" 
2009-06-01T14:00:00Z,FSYS,22.74,-43,Market On Close,Filled,-977.82,"band" 
2009-06-01T14:00:00Z,MDU,19.61,-36,Market On Close,Filled,-705.96,"band" 
2009-06-01T14:00:00Z,ULBI,7.03,-90,Market On Close,Filled,-632.7,"band" 
2009-06-01T14:00:00Z,ZEUS,19.69,-27,Market On Close,Filled,-531.63,"band" 
2009-06-01T14:00:00Z,ATO,24.39,27,Market On Close,Filled,658.53,"buy" 
2009-06-01T14:00:00Z,CHE,39.4,17,Market On Close,Filled,669.8,"buy" 
2009-06-01T14:00:00Z,NJR,34.85,19,Market On Close,Filled,662.15,"buy" 
2009-06-01T14:00:00Z,RBIN,13.97,46,Market On Close,Filled,642.62,"buy" 
2009-06-01T14:00:00Z,USMO,11.34,59,Market On Close,Filled,669.06,"buy" 
2009-07-01T14:00:00Z,ANK,39.86,-24,Market On Close,Filled,-956.64,"band" 
2009-07-01T14:00:00Z,CMTL,32.55,-23,Market On Close,Filled,-748.65,"band" 
2009-07-01T14:00:00Z,CRMT,21.14,-13,Market On Close,Filled,-274.82,"adjust" 
2009-07-01T14:00:00Z,CRK,31.75,-13,Market On Close,Filled,-412.75,"band" 
2009-07-01T14:00:00Z,KIRK,11.21,-38,Market On Close,Filled,-425.98,"adjust" 
2009-07-01T14:00:00Z,LG,33.74,-18,Market On Close,Filled,-607.32,"band" 
2009-07-01T14:00:00Z,TTWO,9.73,-85,Market On Close,Filled,-827.05,"band" 
2009-07-01T14:00:00Z,ALGN,10.79,64,Market On Close,Filled,690.56,"buy" 
2009-07-01T14:00:00Z,CTR,17.99,39,Market On Close,Filled,701.61,"buy" 
2009-07-01T14:00:00Z,CORE,26.88,26,Market On Close,Filled,698.88,"buy" 
2009-07-01T14:00:00Z,MTSC,21.29,11,Market On Close,Filled,234.19,"adjust" 
2009-07-01T14:00:00Z,RIMG,17.16,41,Market On Close,Filled,703.56,"buy" 
2009-07-01T14:00:00Z,SIF,10.57,66,Market On Close,Filled,697.62,"buy" 
2009-08-03T14:00:00Z,AMED,44.8,-5,Market On Close,Filled,-224,"adjust" 
2009-08-03T14:00:00Z,GCO,22.07,-30,Market On Close,Filled,-662.1,"band" 
2009-08-03T14:00:00Z,STMP,8.68,-72,Market On Close,Filled,-624.96,"band" 
2009-08-03T14:00:00Z,WSO,52.64,-4,Market On Close,Filled,-210.56,"adjust" 
2009-08-03T14:00:00Z,RGR,11.87,58,Market On Close,Filled,688.46,"buy" 
2009-08-03T14:00:00Z,TTEC,16.01,43,Market On Close,Filled,688.43,"buy" 
2009-08-03T14:00:00Z,XOM,70.64,3,Market On Close,Filled,211.92,"adjust" 
2009-09-01T14:00:00Z,PTEN,13.17,-50,Market On Close,Filled,-658.5,"band" 
2009-09-01T14:00:00Z,SIF,13.8,-17,Market On Close,Filled,-234.6,"adjust" 
2009-09-01T14:00:00Z,WEYS,21.96,-23,Market On Close,Filled,-505.08,"band" 
2009-09-01T14:00:00Z,ALGT,37.8,18,Market On Close,Filled,680.4,"buy" 
2009-09-01T14:00:00Z,DGIT,16.7,12,Market On Close,Filled,200.4,"adjust" 
2009-09-01T14:00:00Z,DISCA,25.54,28,Market On Close,Filled,715.12,"buy" 
2009-10-01T14:00:00Z,BKE,33.52,-22,Market On Close,Filled,-737.44,"band" 
2009-10-01T14:00:00Z,CODI,10.3,-65,Market On Close,Filled,-669.5,"band" 
2009-10-01T14:00:00Z,MTSC,28.4,-7,Market On Close,Filled,-198.8,"adjust" 
2009-10-01T14:00:00Z,EGN,41.79,17,Market On Close,Filled,710.43,"buy" 
2009-10-01T14:00:00Z,SCHN,51.67,14,Market On Close,Filled,723.38,"buy" 
2009-11-02T15:00:00Z,ALGN,16.05,-17,Market On Close,Filled,-272.85,"adjust" 
2009-11-02T15:00:00Z,CSGS,15.98,-40,Market On Close,Filled,-639.2,"band" 
2009-11-02T15:00:00Z,EXPO,26.11,-24,Market On Close,Filled,-626.64,"band" 
2009-11-02T15:00:00Z,MMSI,16.89,-43,Market On Close,Filled,-726.27,"band" 
2009-11-02T15:00:00Z,NUE,39.02,-16,Market On Close,Filled,-624.32,"band" 
2009-11-02T15:00:00Z,PLCE,32.53,-22,Market On Close,Filled,-715.66,"band" 
2009-11-02T15:00:00Z,SYKE,24.44,-11,Market On Close,Filled,-268.84,"adjust" 
2009-11-02T15:00:00Z,TSCO,45.33,-16,Market On Close,Filled,-725.28,"band" 
2009-11-02T15:00:00Z,XOM,72.15,-10,Market On Close,Filled,-721.5,"band" 
2009-11-02T15:00:00Z,AAWW,25.08,28,Market On Close,Filled,702.24,"buy" 
2009-11-02T15:00:00Z,APOG,12.9,56,Market On Close,Filled,722.4,"buy" 
2009-11-02T15:00:00Z,CVI,10.34,70,Market On Close,Filled,723.8,"buy" 
2009-11-02T15:00:00Z,LANC,48.6,15,Market On Close,Filled,729,"buy" 
2009-11-02T15:00:00Z,LXU,12.34,60,Market On Close,Filled,740.4,"buy" 
2009-11-02T15:00:00Z,POWL,36.05,20,Market On Close,Filled,721,"buy" 
2009-11-02T15:00:00Z,WDC,34.08,22,Market On Close,Filled,749.76,"buy" 
2009-12-01T15:00:00Z,AAON,19.03,-32,Market On Close,Filled,-608.96,"band" 
2009-12-01T15:00:00Z,ALGT,42.5,-18,Market On Close,Filled,-765,"band" 
2009-12-01T15:00:00Z,CAI,46.01,-15,Market On Close,Filled,-690.15,"band" 
2009-12-01T15:00:00Z,CVX,79.06,-9,Market On Close,Filled,-711.54,"band" 
2009-12-01T15:00:00Z,CNC,19.27,-32,Market On Close,Filled,-616.64,"band" 
2009-12-01T15:00:00Z,DGIT,27.28,-14,Market On Close,Filled,-381.92,"adjust" 
2009-12-01T15:00:00Z,DMLP,20.78,-34,Market On Close,Filled,-706.52,"band" 
2009-12-01T15:00:00Z,NJR,36.15,-19,Market On Close,Filled,-686.85,"band" 
2009-12-01T15:00:00Z,OXY,82.18,-9,Market On Close,Filled,-739.62,"band" 
2009-12-01T15:00:00Z,UACL,16.13,-38,Market On Close,Filled,-612.94,"band" 
2009-12-01T15:00:00Z,ASH,36.62,21,Market On Close,Filled,769.02,"buy" 
2009-12-01T15:00:00Z,CENT,9.15,87,Market On Close,Filled,796.05,"buy" 
2009-12-01T15:00:00Z,CVI,7.39,34,Market On Close,Filled,251.26,"adjust" 
2009-12-01T15:00:00Z,GTLS,16.91,46,Market On Close,Filled,777.86,"buy" 
2009-12-01T15:00:00Z,HHS,9.82,79,Market On Close,Filled,775.78,"buy" 
2009-12-01T15:00:00Z,JBSS,16.32,48,Market On Close,Filled,783.36,"buy" 
2009-12-01T15:00:00Z,JCOM,20.07,11,Market On Close,Filled,220.77,"adjust" 
2009-12-01T15:00:00Z,MVO,18.99,40,Market On Close,Filled,759.6,"buy" 
2009-12-01T15:00:00Z,OTL,9.38,86,Market On Close,Filled,806.68,"buy" 
2009-12-01T15:00:00Z,UGI,23.64,9,Market On Close,Filled,212.76,"adjust" 
2009-12-01T15:00:00Z,UNF,44.1,17,Market On Close,Filled,749.7,"buy" 
2009-12-01T15:00:00Z,WCC,26.34,29,Market On Close,Filled,763.86,"buy" 
2010-01-04T15:00:00Z,AAWW,38.2,-7,Market On Close,Filled,-267.4,"adjust" 
2010-01-04T15:00:00Z,CALM,34.28,-22,Market On Close,Filled,-754.16,"band" 
2010-01-04T15:00:00Z,CENT,10.65,-87,Market On Close,Filled,-926.55,"universe" 
2010-01-04T15:00:00Z,JJSF,40.2,-17,Market On Close,Filled,-683.4,"band" 
2010-01-04T15:00:00Z,SCHN,50,-14,Market On Close,Filled,-700,"expired" 
2010-01-04T15:00:00Z,CLW,54.32,14,Market On Close,Filled,760.48,"buy" 
2010-01-04T15:00:00Z,LINC,21.95,37,Market On Close,Filled,812.15,"buy" 
2010-01-04T15:00:00Z,MFRI,6.77,120,Market On Close,Filled,812.4,"buy" 
2010-01-04T15:00:00Z,RGR,10.24,26,Market On Close,Filled,266.24,"adjust" 
2010-01-04T15:00:00Z,TSRA,23.81,35,Market On Close,Filled,833.35,"buy" 
2010-02-01T15:00:00Z,JCOM,20.87,-38,Market On Close,Filled,-793.06,"band" 
2010-02-01T15:00:00Z,MLAB,27.2,-36,Market On Close,Filled,-979.2,"universe" 
2010-02-01T15:00:00Z,NFLX,61.03,-16,Market On Close,Filled,-976.48,"band" 
2010-02-01T15:00:00Z,NPK,114.87,-2,Market On Close,Filled,-229.74,"adjust" 
2010-02-01T15:00:00Z,VLGEA,26.13,-24,Market On Close,Filled,-627.12,"band" 
2010-02-01T15:00:00Z,IPG,6.6,123,Market On Close,Filled,811.8,"buy" 
2010-02-01T15:00:00Z,MTRX,10.52,78,Market On Close,Filled,820.56,"buy" 
2010-02-01T15:00:00Z,NGS,16.33,50,Market On Close,Filled,816.5,"buy" 
2010-02-01T15:00:00Z,POWL,30.16,7,Market On Close,Filled,211.12,"adjust" 
2010-02-01T15:00:00Z,TESS,20.13,42,Market On Close,Filled,845.46,"buy" 
2010-03-01T15:00:00Z,CHE,54.56,-17,Market On Close,Filled,-927.52,"band" 
2010-03-01T15:00:00Z,EGN,46.68,-17,Market On Close,Filled,-793.56,"universe" 
2010-03-01T15:00:00Z,HVT,13.49,-68,Market On Close,Filled,-917.32,"band" 
2010-03-01T15:00:00Z,MTSC,27.92,-26,Market On Close,Filled,-725.92,"band" 
2010-03-01T15:00:00Z,RIMG,15.22,-41,Market On Close,Filled,-624.02,"band" 
2010-03-01T15:00:00Z,WSO,59.16,-13,Market On Close,Filled,-769.08,"band" 
2010-03-01T15:00:00Z,CPSI,36.15,6,Market On Close,Filled,216.9,"adjust" 
2010-03-01T15:00:00Z,GCI,15.93,55,Market On Close,Filled,876.15,"buy" 
2010-03-01T15:00:00Z,HA,8.09,107,Market On Close,Filled,865.63,"buy" 
2010-03-01T15:00:00Z,HWKN,20.6,11,Market On Close,Filled,226.6,"adjust" 
2010-03-01T15:00:00Z,LZB,13.52,66,Market On Close,Filled,892.32,"buy" 
2010-03-01T15:00:00Z,NSIT,13.31,65,Market On Close,Filled,865.15,"buy" 
2010-03-01T15:00:00Z,UFS,56.19,16,Market On Close,Filled,899.04,"buy" 
2010-03-01T15:00:00Z,UIS,36.63,24,Market On Close,Filled,879.12,"buy" 
2010-04-01T14:00:00Z,AAWW,53.28,-5,Market On Close,Filled,-266.4,"adjust" 
2010-04-01T14:00:00Z,ASH,55.06,-5,Market On Close,Filled,-275.3,"adjust" 
2010-04-01T14:00:00Z,CTR,22.12,-39,Market On Close,Filled,-862.68,"band" 
2010-04-01T14:00:00Z,CPSI,39.17,-23,Market On Close,Filled,-900.91,"band" 
2010-04-01T14:00:00Z,CTRN,33.1,-25,Market On Close,Filled,-827.5,"band" 
2010-04-01T14:00:00Z,KIRK,20.85,-14,Market On Close,Filled,-291.9,"adjust" 
2010-04-01T14:00:00Z,MFRI,6.68,-120,Market On Close,Filled,-801.6,"universe" 
2010-04-01T14:00:00Z,ARP,9,99,Market On Close,Filled,891,"buy" 
2010-04-01T14:00:00Z,GLT,14.47,61,Market On Close,Filled,882.67,"buy" 
2010-04-01T14:00:00Z,MSTR,85.47,10,Market On Close,Filled,854.7,"buy" 
2010-04-01T14:00:00Z,OIS,45.45,19,Market On Close,Filled,863.55,"buy" 
2010-05-03T14:00:00Z,AAWW,55.95,-16,Market On Close,Filled,-895.2,"expired" 
2010-05-03T14:00:00Z,FIZ,11.65,-68,Market On Close,Filled,-792.2,"band" 
2010-05-03T14:00:00Z,HHS,14.46,-15,Market On Close,Filled,-216.9,"adjust" 
2010-05-03T14:00:00Z,LXU,18.65,-60,Market On Close,Filled,-1119,"band" 
2010-05-03T14:00:00Z,OTL,13.92,-86,Market On Close,Filled,-1197.12,"band" 
2010-05-03T14:00:00Z,RBIN,25.58,-10,Market On Close,Filled,-255.8,"adjust" 
2010-05-03T14:00:00Z,RGR,17.23,-84,Market On Close,Filled,-1447.32,"band" 
2010-05-03T14:00:00Z,SHOO,40.08,-6,Market On Close,Filled,-240.48,"adjust" 
2010-05-03T14:00:00Z,SIF,13.95,-49,Market On Close,Filled,-683.55,"universe" 
2010-05-03T14:00:00Z,SYKE,22.51,-31,Market On Close,Filled,-697.81,"band" 
2010-05-03T14:00:00Z,TTEC,16.87,-43,Market On Close,Filled,-725.41,"expired" 
2010-05-03T14:00:00Z,UFS,75.41,-3,Market On Close,Filled,-226.23,"adjust" 
2010-05-03T14:00:00Z,UIS,28.75,-24,Market On Close,Filled,-690,"expired" 
2010-05-03T14:00:00Z,USMO,14.23,-59,Market On Close,Filled,-839.57,"expired" 
2010-05-03T14:00:00Z,WCC,41.53,-7,Market On Close,Filled,-290.71,"adjust" 
2010-05-03T14:00:00Z,ATSG,5.52,169,Market On Close,Filled,932.88,"buy" 
2010-05-03T14:00:00Z,ALG,24.59,39,Market On Close,Filled,959.01,"buy" 
2010-05-03T14:00:00Z,CQP,17.77,52,Market On Close,Filled,924.04,"buy" 
2010-05-03T14:00:00Z,CSL,38.9,24,Market On Close,Filled,933.6,"buy" 
2010-05-03T14:00:00Z,DDS,29.72,33,Market On Close,Filled,980.76,"buy" 
2010-05-03T14:00:00Z,DECK,143.79,6,Market On Close,Filled,862.74,"buy" 
2010-05-03T14:00:00Z,FLXS,13.39,66,Market On Close,Filled,883.74,"buy" 
2010-05-03T14:00:00Z,GIII,30.75,32,Market On Close,Filled,984,"buy" 
2010-05-03T14:00:00Z,JBSS,15.05,14,Market On Close,Filled,210.7,"adjust" 
2010-05-03T14:00:00Z,K,54.74,4,Market On Close,Filled,218.96,"adjust" 
2010-05-03T14:00:00Z,NPK,114.36,2,Market On Close,Filled,228.72,"adjust" 
2010-05-03T14:00:00Z,OSK,39.75,24,Market On Close,Filled,954,"buy" 
2010-05-03T14:00:00Z,SXI,25.94,39,Market On Close,Filled,1011.66,"buy" 
2010-05-03T14:00:00Z,TSRA,20.46,11,Market On Close,Filled,225.06,"adjust" 
2010-06-01T14:00:00Z,CVI,7.24,-104,Market On Close,Filled,-752.96,"band" 
2010-06-01T14:00:00Z,DGIT,41.71,-8,Market On Close,Filled,-333.68,"adjust" 
2010-06-01T14:00:00Z,GTLS,16.96,-46,Market On Close,Filled,-780.16,"band" 
2010-06-01T14:00:00Z,HWKN,25.43,-9,Market On Close,Filled,-228.87,"adjust" 
2010-06-01T14:00:00Z,RS,43.67,-22,Market On Close,Filled,-960.74,"band" 
2010-06-01T14:00:00Z,TESS,18.28,-15,Market On Close,Filled,-274.2,"adjust" 
2010-06-01T14:00:00Z,TSRA,16.87,-46,Market On Close,Filled,-776.02,"band" 
2010-06-01T14:00:00Z,EBF,16.13,50,Market On Close,Filled,806.5,"buy" 
2010-06-01T14:00:00Z,SCL,71.07,12,Market On Close,Filled,852.84,"buy" 
2010-06-01T14:00:00Z,SKX,36.14,23,Market On Close,Filled,831.22,"buy" 
2010-06-01T14:00:00Z,SWX,28.9,29,Market On Close,Filled,838.1,"buy" 
2010-07-01T14:00:00Z,ATSG,4.93,-169,Market On Close,Filled,-833.17,"universe" 
2010-07-01T14:00:00Z,CRMT,22.87,-33,Market On Close,Filled,-754.71,"band" 
2010-07-01T14:00:00Z,CORE,27.76,-26,Market On Close,Filled,-721.76,"band" 
2010-07-01T14:00:00Z,DISCA,36.09,-6,Market On Close,Filled,-216.54,"adjust" 
2010-07-01T14:00:00Z,MVO,25.47,-9,Market On Close,Filled,-229.23,"adjust" 
2010-07-01T14:00:00Z,SXI,26.71,-8,Market On Close,Filled,-213.68,"adjust" 
2010-07-01T14:00:00Z,DSW,22.1,36,Market On Close,Filled,795.6,"buy" 
2010-07-01T14:00:00Z,HA,5.24,49,Market On Close,Filled,256.76,"adjust" 
2010-07-01T14:00:00Z,LZB,7.28,42,Market On Close,Filled,305.76,"adjust" 
2010-07-01T14:00:00Z,SCVL,19.55,39,Market On Close,Filled,762.45,"buy" 
2010-07-01T14:00:00Z,USMO,12.78,62,Market On Close,Filled,792.36,"buy" 
2010-08-02T14:00:00Z,APOG,11.12,-56,Market On Close,Filled,-622.72,"band" 
2010-08-02T14:00:00Z,HA,5.89,-156,Market On Close,Filled,-918.84,"band" 
2010-08-02T14:00:00Z,IPG,9.2,-29,Market On Close,Filled,-266.8,"adjust" 
2010-08-02T14:00:00Z,NGS,16.57,-50,Market On Close,Filled,-828.5,"band" 
2010-08-02T14:00:00Z,AMED,26.75,16,Market On Close,Filled,428,"adjust" 
2010-08-02T14:00:00Z,DTE,46.48,18,Market On Close,Filled,836.64,"buy" 
2010-08-02T14:00:00Z,LHCG,22.79,9,Market On Close,Filled,205.11,"adjust" 
2010-08-02T14:00:00Z,NP,17.94,48,Market On Close,Filled,861.12,"buy" 
2010-08-02T14:00:00Z,PETS,16.02,16,Market On Close,Filled,256.32,"adjust" 
2010-08-02T14:00:00Z,SAFM,45.82,18,Market On Close,Filled,824.76,"buy" 
2010-08-02T14:00:00Z,WDC,27.16,10,Market On Close,Filled,271.6,"adjust" 
2010-09-01T14:00:00Z,CLW,70.5,-3,Market On Close,Filled,-211.5,"adjust" 
2010-09-01T14:00:00Z,DLTR,45.95,-5,Market On Close,Filled,-229.75,"adjust" 
2010-09-01T14:00:00Z,HHS,10.42,-64,Market On Close,Filled,-666.88,"band" 
2010-09-01T14:00:00Z,HWKN,32.36,-7,Market On Close,Filled,-226.52,"adjust" 
2010-09-01T14:00:00Z,NEOG,30.84,-7,Market On Close,Filled,-215.88,"adjust" 
2010-09-01T14:00:00Z,AAWW,45.37,17,Market On Close,Filled,771.29,"buy" 
2010-09-01T14:00:00Z,DGIT,15.83,29,Market On Close,Filled,459.07,"adjust" 
2010-09-01T14:00:00Z,KIRK,11.86,26,Market On Close,Filled,308.36,"adjust" 
2010-09-01T14:00:00Z,LINC,11.31,34,Market On Close,Filled,384.54,"adjust" 
2010-09-01T14:00:00Z,TESS,11.16,26,Market On Close,Filled,290.16,"adjust" 
2010-10-01T14:00:00Z,ARP,7.77,-99,Market On Close,Filled,-769.23,"band" 
2010-10-01T14:00:00Z,GLT,12.16,-61,Market On Close,Filled,-741.76,"band" 
2010-10-01T14:00:00Z,LANC,47.95,-15,Market On Close,Filled,-719.25,"band" 
2010-10-01T14:00:00Z,LZB,8.72,-108,Market On Close,Filled,-941.76,"band" 
2010-10-01T14:00:00Z,MTRX,8.7,-78,Market On Close,Filled,-678.6,"band" 
2010-10-01T14:00:00Z,RBIN,30.44,-8,Market On Close,Filled,-243.52,"adjust" 
2010-10-01T14:00:00Z,SHOO,41.2,-5,Market On Close,Filled,-206,"adjust" 
2010-10-01T14:00:00Z,TESS,16.06,-15,Market On Close,Filled,-240.9,"adjust" 
2010-10-01T14:00:00Z,AIT,30.99,28,Market On Close,Filled,867.72,"buy" 
2010-10-01T14:00:00Z,MGLN,47.38,18,Market On Close,Filled,852.84,"buy" 
2010-10-01T14:00:00Z,OC,25.92,34,Market On Close,Filled,881.28,"buy" 
2010-10-01T14:00:00Z,ODC,21.79,40,Market On Close,Filled,871.6,"buy" 
2010-10-01T14:00:00Z,PLCE,51.46,17,Market On Close,Filled,874.82,"buy" 
2010-10-01T14:00:00Z,SKX,22.54,14,Market On Close,Filled,315.56,"adjust" 
2010-11-01T14:00:00Z,CSL,34.73,-24,Market On Close,Filled,-833.52,"band" 
2010-11-01T14:00:00Z,DGIT,22.87,-11,Market On Close,Filled,-251.57,"adjust" 
2010-11-01T14:00:00Z,DSW,33.37,-9,Market On Close,Filled,-300.33,"adjust" 
2010-11-01T14:00:00Z,JBSS,12.96,-62,Market On Close,Filled,-803.52,"band" 
2010-11-01T14:00:00Z,MSTR,90.53,-10,Market On Close,Filled,-905.3,"band" 
2010-11-01T14:00:00Z,OSK,29.09,-24,Market On Close,Filled,-698.16,"band" 
2010-11-01T14:00:00Z,SCL,67.53,-12,Market On Close,Filled,-810.36,"band" 
2010-11-01T14:00:00Z,WDC,32.62,-32,Market On Close,Filled,-1043.84,"expired" 
2010-11-01T14:00:00Z,ARP,7.06,126,Market On Close,Filled,889.56,"buy" 
2010-11-01T14:00:00Z,CRUS,12.51,70,Market On Close,Filled,875.7,"buy" 
2010-11-01T14:00:00Z,DPZ,14.88,60,Market On Close,Filled,892.8,"buy" 
2010-11-01T14:00:00Z,GCI,11.76,21,Market On Close,Filled,246.96,"adjust" 
2010-11-01T14:00:00Z,IDT,13.74,61,Market On Close,Filled,838.14,"buy" 
2010-11-01T14:00:00Z,KLIC,6,145,Market On Close,Filled,870,"buy" 
2010-11-01T14:00:00Z,VECO,40.11,21,Market On Close,Filled,842.31,"buy" 
2010-12-01T15:00:00Z,DECK,79.94,-6,Market On Close,Filled,-479.64,"adjust" 
2010-12-01T15:00:00Z,IDT,22.2,-15,Market On Close,Filled,-333,"adjust" 
2010-12-01T15:00:00Z,K,49.44,-17,Market On Close,Filled,-840.48,"band" 
2010-12-01T15:00:00Z,SAFM,41.86,-18,Market On Close,Filled,-753.48,"band" 
2010-12-01T15:00:00Z,SKX,23.07,-37,Market On Close,Filled,-853.59,"band" 
2010-12-01T15:00:00Z,CCF,16,62,Market On Close,Filled,992,"buy" 
2010-12-01T15:00:00Z,SGU,5.38,181,Market On Close,Filled,973.78,"buy" 
2010-12-01T15:00:00Z,SSP,9.57,107,Market On Close,Filled,1023.99,"buy" 
2011-01-03T15:00:00Z,DDS,38.83,-7,Market On Close,Filled,-271.81,"adjust" 
2011-01-03T15:00:00Z,DGIT,29.59,-38,Market On Close,Filled,-1124.42,"universe" 
2011-01-03T15:00:00Z,DTE,45.57,-18,Market On Close,Filled,-820.26,"band" 
2011-01-03T15:00:00Z,GCI,15.42,-76,Market On Close,Filled,-1171.92,"band" 
2011-01-03T15:00:00Z,KIRK,14.06,-68,Market On Close,Filled,-956.08,"band" 
2011-01-03T15:00:00Z,MVO,39.95,-6,Market On Close,Filled,-239.7,"adjust" 
2011-01-03T15:00:00Z,OIS,65.08,-4,Market On Close,Filled,-260.32,"adjust" 
2011-01-03T15:00:00Z,ASH,52.8,4,Market On Close,Filled,211.2,"adjust" 
2011-01-03T15:00:00Z,CPK,41.55,24,Market On Close,Filled,997.2,"buy" 
2011-01-03T15:00:00Z,OTL,20.68,50,Market On Close,Filled,1034,"buy" 
2011-01-03T15:00:00Z,RGR,15.09,66,Market On Close,Filled,995.94,"buy" 
2011-01-03T15:00:00Z,STMP,13.74,77,Market On Close,Filled,1057.98,"buy" 
2011-02-01T15:00:00Z,ASH,59.33,-20,Market On Close,Filled,-1186.6,"band" 
2011-02-01T15:00:00Z,CRUS,21.33,-22,Market On Close,Filled,-469.26,"adjust" 
2011-02-01T15:00:00Z,KLIC,10.29,-42,Market On Close,Filled,-432.18,"adjust" 
2011-02-01T15:00:00Z,NSIT,14.65,-65,Market On Close,Filled,-952.25,"band" 
2011-02-01T15:00:00Z,SGU,5.48,-181,Market On Close,Filled,-991.88,"expired" 
2011-02-01T15:00:00Z,TESS,12.44,-58,Market On Close,Filled,-721.52,"universe" 
2011-02-01T15:00:00Z,UNF,56.52,-17,Market On Close,Filled,-960.84,"band" 
2011-02-01T15:00:00Z,WCC,57.8,-4,Market On Close,Filled,-231.2,"adjust" 
2011-02-01T15:00:00Z,NC,109.28,10,Market On Close,Filled,1092.8,"buy" 
2011-02-01T15:00:00Z,ODC,19.94,13,Market On Close,Filled,259.22,"adjust" 
2011-02-01T15:00:00Z,PLCE,42.14,7,Market On Close,Filled,294.98,"adjust" 
2011-02-01T15:00:00Z,PLPC,64.38,16,Market On Close,Filled,1030.08,"buy" 
2011-02-01T15:00:00Z,USNA,38.96,26,Market On Close,Filled,1012.96,"buy" 
2011-02-01T15:00:00Z,WTI,20.67,49,Market On Close,Filled,1012.83,"buy" 
2011-03-01T15:00:00Z,AAWW,67.43,-17,Market On Close,Filled,-1146.31,"band" 
2011-03-01T15:00:00Z,AMED,35.37,-32,Market On Close,Filled,-1131.84,"expired" 
2011-03-01T15:00:00Z,DSW,39.6,-27,Market On Close,Filled,-1069.2,"band" 
2011-03-01T15:00:00Z,FLXS,14.82,-66,Market On Close,Filled,-978.12,"universe" 
2011-03-01T15:00:00Z,NC,118.55,-2,Market On Close,Filled,-237.1,"adjust" 
2011-03-01T15:00:00Z,NPK,125.75,-8,Market On Close,Filled,-1006,"band" 
2011-03-01T15:00:00Z,OTL,25.61,-10,Market On Close,Filled,-256.1,"adjust" 
2011-03-01T15:00:00Z,BRKS,12.62,85,Market On Close,Filled,1072.7,"buy" 
2011-03-01T15:00:00Z,DLTR,50.12,4,Market On Close,Filled,200.48,"adjust" 
2011-03-01T15:00:00Z,EBF,15.54,16,Market On Close,Filled,248.64,"adjust" 
2011-03-01T15:00:00Z,ENTG,8.51,123,Market On Close,Filled,1046.73,"buy" 
2011-03-01T15:00:00Z,FIZ,12.6,84,Market On Close,Filled,1058.4,"buy" 
2011-03-01T15:00:00Z,MIC,23.72,44,Market On Close,Filled,1043.68,"buy" 
2011-03-01T15:00:00Z,MKSI,29.79,35,Market On Close,Filled,1042.65,"buy" 
2011-03-01T15:00:00Z,PETS,14.57,18,Market On Close,Filled,262.26,"adjust" 
2011-03-01T15:00:00Z,TER,18.19,57,Market On Close,Filled,1036.83,"buy" 
2011-04-01T14:00:00Z,ARP,10.37,-126,Market On Close,Filled,-1306.62,"band" 
2011-04-01T14:00:00Z,CQP,19.18,-52,Market On Close,Filled,-997.36,"band" 
2011-04-01T14:00:00Z,ODC,21.38,-53,Market On Close,Filled,-1133.14,"band" 
2011-04-01T14:00:00Z,RGR,23.09,-18,Market On Close,Filled,-415.62,"adjust" 
2011-04-01T14:00:00Z,APU,48.36,5,Market On Close,Filled,241.8,"adjust" 
2011-04-01T14:00:00Z,LSCC,5.94,187,Market On Close,Filled,1110.78,"buy" 
2011-04-01T14:00:00Z,NC,109.09,2,Market On Close,Filled,218.18,"adjust" 
2011-04-01T14:00:00Z,KAI,26.72,42,Market On Close,Filled,1122.24,"buy" 
2011-04-01T14:00:00Z,USMO,14.76,14,Market On Close,Filled,206.64,"adjust" 
2011-04-01T14:00:00Z,USNA,34.72,6,Market On Close,Filled,208.32,"adjust" 
2011-05-02T14:00:00Z,DISCA,44.65,-22,Market On Close,Filled,-982.3,"band" 
2011-05-02T14:00:00Z,DPZ,18.56,-60,Market On Close,Filled,-1113.6,"expired" 
2011-05-02T14:00:00Z,EBF,18.5,-66,Market On Close,Filled,-1221,"band" 
2011-05-02T14:00:00Z,GIII,42.75,-7,Market On Close,Filled,-299.25,"adjust" 
2011-05-02T14:00:00Z,IDT,28.07,-7,Market On Close,Filled,-196.49,"adjust" 
2011-05-02T14:00:00Z,MGLN,51.79,-18,Market On Close,Filled,-932.22,"expired" 
2011-05-02T14:00:00Z,OC,37.65,-34,Market On Close,Filled,-1280.1,"band" 
2011-05-02T14:00:00Z,OTL,36.2,-10,Market On Close,Filled,-362,"adjust" 
2011-05-02T14:00:00Z,USMO,15.02,-76,Market On Close,Filled,-1141.52,"expired" 
2011-05-02T14:00:00Z,VECO,51.57,-21,Market On Close,Filled,-1082.97,"expired" 
2011-05-02T14:00:00Z,CLW,78.25,3,Market On Close,Filled,234.75,"adjust" 
2011-05-02T14:00:00Z,CRUS,15.93,20,Market On Close,Filled,318.6,"adjust" 
2011-05-02T14:00:00Z,EBS,23.7,49,Market On Close,Filled,1161.3,"buy" 
2011-05-02T14:00:00Z,KLIC,9.03,23,Market On Close,Filled,207.69,"adjust" 
2011-05-02T14:00:00Z,LRCX,48.09,23,Market On Close,Filled,1106.07,"buy" 
2011-05-02T14:00:00Z,MERC,12.1,93,Market On Close,Filled,1125.3,"buy" 
2011-05-02T14:00:00Z,MRCY,19.07,59,Market On Close,Filled,1125.13,"buy" 
2011-05-02T14:00:00Z,OYOG,91.02,12,Market On Close,Filled,1092.24,"buy" 
2011-05-02T14:00:00Z,SPH,55.52,4,Market On Close,Filled,222.08,"adjust" 
2011-05-02T14:00:00Z,TER,15.83,13,Market On Close,Filled,205.79,"adjust" 
2011-05-02T14:00:00Z,UNH,49.88,23,Market On Close,Filled,1147.24,"buy" 
2011-05-02T14:00:00Z,VSH,18.7,59,Market On Close,Filled,1103.3,"buy" 
2011-06-01T14:00:00Z,CLW,67.69,-14,Market On Close,Filled,-947.66,"band" 
2011-06-01T14:00:00Z,DDS,55.77,-7,Market On Close,Filled,-390.39,"adjust" 
2011-06-01T14:00:00Z,DLTR,62.67,-4,Market On Close,Filled,-250.68,"adjust" 
2011-06-01T14:00:00Z,KLIC,11.65,-34,Market On Close,Filled,-396.1,"adjust" 
2011-06-01T14:00:00Z,NP,22.03,-48,Market On Close,Filled,-1057.44,"band" 
2011-06-01T14:00:00Z,UFS,99.59,-3,Market On Close,Filled,-298.77,"adjust" 
2011-06-01T14:00:00Z,USPH,24.02,-9,Market On Close,Filled,-216.18,"adjust" 
2011-06-01T14:00:00Z,ATO,32.9,6,Market On Close,Filled,197.4,"adjust" 
2011-06-01T14:00:00Z,RES,24.16,44,Market On Close,Filled,1063.04,"buy" 
2011-06-01T14:00:00Z,WLK,54.71,19,Market On Close,Filled,1039.49,"buy" 
2011-07-01T14:00:00Z,NC,100.17,-10,Market On Close,Filled,-1001.7,"band" 
2011-07-01T14:00:00Z,POWL,37.19,-27,Market On Close,Filled,-1004.13,"band" 
2011-07-01T14:00:00Z,STMP,13.46,-77,Market On Close,Filled,-1036.42,"band" 
2011-07-01T14:00:00Z,KAI,32.15,-8,Market On Close,Filled,-257.2,"adjust" 
2011-07-01T14:00:00Z,GIII,35.5,6,Market On Close,Filled,213,"adjust" 
2011-07-01T14:00:00Z,LHCG,23.61,10,Market On Close,Filled,236.1,"adjust" 
2011-07-01T14:00:00Z,MGLN,54.63,20,Market On Close,Filled,1092.6,"buy" 
2011-07-01T14:00:00Z,MYGN,23.13,48,Market On Close,Filled,1110.24,"buy" 
2011-07-01T14:00:00Z,PETS,11.7,20,Market On Close,Filled,234,"adjust" 
2011-07-01T14:00:00Z,USMO,15.44,72,Market On Close,Filled,1111.68,"buy" 
2011-07-01T14:00:00Z,VECO,48.58,22,Market On Close,Filled,1068.76,"buy" 
2011-07-01T14:00:00Z,VSH,15.7,14,Market On Close,Filled,219.8,"adjust" 
2011-08-01T14:00:00Z,ALG,24.02,-39,Market On Close,Filled,-936.78,"band" 
2011-08-01T14:00:00Z,CRUS,15.22,-68,Market On Close,Filled,-1034.96,"band" 
2011-08-01T14:00:00Z,EBS,20.52,-49,Market On Close,Filled,-1005.48,"band" 
2011-08-01T14:00:00Z,HWKN,34.73,-25,Market On Close,Filled,-868.25,"expired" 
2011-08-01T14:00:00Z,LINC,17.53,-13,Market On Close,Filled,-227.89,"adjust" 
2011-08-01T14:00:00Z,OYOG,101.14,-2,Market On Close,Filled,-202.28,"adjust" 
2011-08-01T14:00:00Z,RGR,27.75,-10,Market On Close,Filled,-277.5,"adjust" 
2011-08-01T14:00:00Z,SXI,32.27,-31,Market On Close,Filled,-1000.37,"band" 
2011-08-01T14:00:00Z,WTI,27.75,-11,Market On Close,Filled,-305.25,"adjust" 
2011-08-01T14:00:00Z,BRKS,9.45,25,Market On Close,Filled,236.25,"adjust" 
2011-08-01T14:00:00Z,CNC,31.58,32,Market On Close,Filled,1010.56,"buy" 
2011-08-01T14:00:00Z,GCO,52.76,20,Market On Close,Filled,1055.2,"buy" 
2011-08-01T14:00:00Z,KLIC,9.27,22,Market On Close,Filled,203.94,"adjust" 
2011-08-01T14:00:00Z,MRO,30.65,33,Market On Close,Filled,1011.45,"buy" 
2011-08-01T14:00:00Z,UFS,78.49,3,Market On Close,Filled,235.47,"adjust" 
2011-08-01T14:00:00Z,FL,21.61,48,Market On Close,Filled,1037.28,"buy" 
2011-09-01T14:00:00Z,CCF,12.59,-62,Market On Close,Filled,-780.58,"band" 
2011-09-01T14:00:00Z,DLTR,71.78,-4,Market On Close,Filled,-287.12,"adjust" 
2011-09-01T14:00:00Z,FIZ,16.08,-84,Market On Close,Filled,-1350.72,"band" 
2011-09-01T14:00:00Z,PETS,9.94,-92,Market On Close,Filled,-914.48,"band" 
2011-09-01T14:00:00Z,RGR,31.78,-9,Market On Close,Filled,-286.02,"adjust" 
2011-09-01T14:00:00Z,SPH,47.14,-20,Market On Close,Filled,-942.8,"band" 
2011-09-01T14:00:00Z,B,21.89,42,Market On Close,Filled,919.38,"buy" 
2011-09-01T14:00:00Z,CECO,16.04,57,Market On Close,Filled,914.28,"buy" 
2011-09-01T14:00:00Z,CVI,27.17,34,Market On Close,Filled,923.78,"buy" 
2011-09-01T14:00:00Z,DEPO,6.08,157,Market On Close,Filled,954.56,"buy" 
2011-09-01T14:00:00Z,DV,42.52,22,Market On Close,Filled,935.44,"buy" 
2011-09-01T14:00:00Z,LINC,9.29,41,Market On Close,Filled,380.89,"adjust" 
2011-09-01T14:00:00Z,OYOG,70.73,3,Market On Close,Filled,212.19,"adjust" 
2011-10-03T14:00:00Z,ALGN,14.26,-47,Market On Close,Filled,-670.22,"band" 
2011-10-03T14:00:00Z,ATO,30.97,-7,Market On Close,Filled,-216.79,"adjust" 
2011-10-03T14:00:00Z,DECK,88.1,-3,Market On Close,Filled,-264.3,"adjust" 
2011-10-03T14:00:00Z,GCO,50.01,-4,Market On Close,Filled,-200.04,"adjust" 
2011-10-03T14:00:00Z,GIII,21.83,-31,Market On Close,Filled,-676.73,"band" 
2011-10-03T14:00:00Z,IPG,6.94,-94,Market On Close,Filled,-652.36,"band" 
2011-10-03T14:00:00Z,NEOG,32.08,-26,Market On Close,Filled,-834.08,"expired" 
2011-10-03T14:00:00Z,PLCE,45.8,-24,Market On Close,Filled,-1099.2,"band" 
2011-10-03T14:00:00Z,SWX,35.01,-6,Market On Close,Filled,-210.06,"adjust" 
2011-10-03T14:00:00Z,UNH,42.91,-5,Market On Close,Filled,-214.55,"adjust" 
2011-10-03T14:00:00Z,BKE,38.6,22,Market On Close,Filled,849.2,"buy" 
2011-10-03T14:00:00Z,DAR,11.7,68,Market On Close,Filled,795.6,"buy" 
2011-10-03T14:00:00Z,LG,37.38,22,Market On Close,Filled,822.36,"buy" 
2011-10-03T14:00:00Z,LXU,26.1,30,Market On Close,Filled,783,"buy" 
2011-10-03T14:00:00Z,MERC,6.73,34,Market On Close,Filled,228.82,"adjust" 
2011-10-03T14:00:00Z,KAI,16.51,14,Market On Close,Filled,231.14,"adjust" 
2011-10-03T14:00:00Z,VECO,24.01,13,Market On Close,Filled,312.13,"adjust" 
2011-10-03T14:00:00Z,VSH,8.09,30,Market On Close,Filled,242.7,"adjust" 
2011-10-03T14:00:00Z,WCC,32.08,7,Market On Close,Filled,224.56,"adjust" 
2011-10-03T14:00:00Z,WLK,32.34,6,Market On Close,Filled,194.04,"adjust" 
2011-10-03T14:00:00Z,WTI,12.62,24,Market On Close,Filled,302.88,"adjust" 
2011-11-01T14:00:00Z,DEPO,4.38,-157,Market On Close,Filled,-687.66,"universe" 
2011-11-01T14:00:00Z,LRCX,42.22,-23,Market On Close,Filled,-971.06,"expired" 
2011-11-01T14:00:00Z,MRCY,13.94,-59,Market On Close,Filled,-822.46,"band" 
2011-11-01T14:00:00Z,SWX,38.44,-23,Market On Close,Filled,-884.12,"band" 
2011-11-01T14:00:00Z,VSH,9.98,-103,Market On Close,Filled,-1027.94,"band" 
2011-11-01T14:00:00Z,WCC,46.72,-25,Market On Close,Filled,-1168,"band" 
2011-11-01T14:00:00Z,WTI,18.21,-12,Market On Close,Filled,-218.52,"adjust" 
2011-11-01T14:00:00Z,CVX,102.08,9,Market On Close,Filled,918.72,"buy" 
2011-11-01T14:00:00Z,CROX,17.86,56,Market On Close,Filled,1000.16,"buy" 
2011-11-01T14:00:00Z,CRUS,16.23,60,Market On Close,Filled,973.8,"buy" 
2011-11-01T14:00:00Z,GME,25.04,39,Market On Close,Filled,976.56,"buy" 
2011-11-01T14:00:00Z,IDT,12,48,Market On Close,Filled,576,"adjust" 
2011-11-01T14:00:00Z,LHCG,15.38,16,Market On Close,Filled,246.08,"adjust" 
2011-11-01T14:00:00Z,MLR,19.31,49,Market On Close,Filled,946.19,"buy" 
2011-11-01T14:00:00Z,MXIM,25.57,38,Market On Close,Filled,971.66,"buy" 
2011-11-01T14:00:00Z,SPPI,10.91,90,Market On Close,Filled,981.9,"buy" 
2011-12-01T15:00:00Z,APU,43.87,-23,Market On Close,Filled,-1009.01,"band" 
2011-12-01T15:00:00Z,CNC,38.33,-7,Market On Close,Filled,-268.31,"adjust" 
2011-12-01T15:00:00Z,LHCG,13.93,-63,Market On Close,Filled,-877.59,"band" 
2011-12-01T15:00:00Z,LSCC,6.97,-46,Market On Close,Filled,-320.62,"adjust" 
2011-12-01T15:00:00Z,SPPI,14.21,-20,Market On Close,Filled,-284.2,"adjust" 
2011-12-01T15:00:00Z,OIS,75.43,-3,Market On Close,Filled,-226.29,"adjust" 
2011-12-01T15:00:00Z,OYOG,87.05,-3,Market On Close,Filled,-261.15,"adjust" 
2011-12-01T15:00:00Z,SSP,8.35,-107,Market On Close,Filled,-893.45,"band" 
2011-12-01T15:00:00Z,UGI,29.76,-32,Market On Close,Filled,-952.32,"band" 
2011-12-01T15:00:00Z,VECO,25.14,-35,Market On Close,Filled,-879.9,"band" 
2011-12-01T15:00:00Z,CECO,7.24,81,Market On Close,Filled,586.44,"adjust" 
2011-12-01T15:00:00Z,CF,146.98,6,Market On Close,Filled,881.88,"buy" 
2011-12-01T15:00:00Z,CVI,18.06,19,Market On Close,Filled,343.14,"adjust" 
2011-12-01T15:00:00Z,DV,34.71,6,Market On Close,Filled,208.26,"adjust" 
2011-12-01T15:00:00Z,HOC,23.43,41,Market On Close,Filled,960.63,"buy" 
2011-12-01T15:00:00Z,LINC,7.47,33,Market On Close,Filled,246.51,"adjust" 
2011-12-01T15:00:00Z,LZB,11.59,98,Market On Close,Filled,1135.82,"buy" 
2011-12-01T15:00:00Z,MERC,5.74,37,Market On Close,Filled,212.38,"adjust" 
2011-12-01T15:00:00Z,SXI,31.72,30,Market On Close,Filled,951.6,"buy" 
2011-12-01T15:00:00Z,UACL,13.7,70,Market On Close,Filled,959,"buy" 
2012-01-03T15:00:00Z,DV,38.75,-28,Market On Close,Filled,-1085,"band" 
2012-01-03T15:00:00Z,IDT,9.55,-87,Market On Close,Filled,-830.85,"band" 
2012-01-03T15:00:00Z,MERC,6.49,-164,Market On Close,Filled,-1064.36,"band" 
2012-01-03T15:00:00Z,MIC,28.21,-44,Market On Close,Filled,-1241.24,"band" 
2012-01-03T15:00:00Z,MVO,40.66,-25,Market On Close,Filled,-1016.5,"band" 
2012-01-03T15:00:00Z,OYOG,78.81,-10,Market On Close,Filled,-788.1,"band" 
2012-01-03T15:00:00Z,KAI,22.55,-48,Market On Close,Filled,-1082.4,"band" 
2012-01-03T15:00:00Z,UACL,17.85,-16,Market On Close,Filled,-285.6,"adjust" 
2012-01-03T15:00:00Z,WTI,22.32,-50,Market On Close,Filled,-1116,"band" 
2012-01-03T15:00:00Z,DECK,76.45,3,Market On Close,Filled,229.35,"adjust" 
2012-01-03T15:00:00Z,DSW,42.27,22,Market On Close,Filled,929.94,"buy" 
2012-01-03T15:00:00Z,ED,60.64,15,Market On Close,Filled,909.6,"buy" 
2012-01-03T15:00:00Z,NEU,201.06,4,Market On Close,Filled,804.24,"buy" 
2012-01-03T15:00:00Z,INTC,24.54,40,Market On Close,Filled,981.6,"buy" 
2012-01-03T15:00:00Z,KLAC,47.46,20,Market On Close,Filled,949.2,"buy" 
2012-01-03T15:00:00Z,MLR,15.83,13,Market On Close,Filled,205.79,"adjust" 
2012-01-03T15:00:00Z,OXM,43.37,21,Market On Close,Filled,910.77,"buy" 
2012-01-03T15:00:00Z,SMP,21,48,Market On Close,Filled,1008,"buy" 
2012-01-03T15:00:00Z,TDY,55.82,17,Market On Close,Filled,948.94,"buy" 
2012-02-01T15:00:00Z,ATO,32.62,-26,Market On Close,Filled,-848.12,"band" 
2012-02-01T15:00:00Z,CECO,11.12,-32,Market On Close,Filled,-355.84,"adjust" 
2012-02-01T15:00:00Z,CROX,19.79,-56,Market On Close,Filled,-1108.24,"band" 
2012-02-01T15:00:00Z,CRUS,20.68,-60,Market On Close,Filled,-1240.8,"band" 
2012-02-01T15:00:00Z,CVI,25.58,-10,Market On Close,Filled,-255.8,"adjust" 
2012-02-01T15:00:00Z,DECK,83.6,-12,Market On Close,Filled,-1003.2,"band" 
2012-02-01T15:00:00Z,LZB,13.75,-17,Market On Close,Filled,-233.75,"adjust" 
2012-02-01T15:00:00Z,SHOO,41.09,-5,Market On Close,Filled,-205.45,"adjust" 
2012-02-01T15:00:00Z,WLK,59.94,-7,Market On Close,Filled,-419.58,"adjust" 
2012-02-01T15:00:00Z,BBSI,20.31,55,Market On Close,Filled,1117.05,"buy" 
2012-02-01T15:00:00Z,DDS,43.89,5,Market On Close,Filled,219.45,"adjust" 
2012-02-01T15:00:00Z,LLY,39.8,27,Market On Close,Filled,1074.6,"buy" 
2012-02-01T15:00:00Z,MSM,77.24,14,Market On Close,Filled,1081.36,"buy" 
2012-02-01T15:00:00Z,NR,8.17,132,Market On Close,Filled,1078.44,"buy" 
2012-02-01T15:00:00Z,RES,15.34,26,Market On Close,Filled,398.84,"adjust" 
2012-03-01T15:00:00Z,BRKS,11.95,-18,Market On Close,Filled,-215.1,"adjust" 
2012-03-01T15:00:00Z,CECO,8.63,-106,Market On Close,Filled,-914.78,"band" 
2012-03-01T15:00:00Z,DDS,60.43,-6,Market On Close,Filled,-362.58,"adjust" 
2012-03-01T15:00:00Z,HOC,33.6,-8,Market On Close,Filled,-268.8,"adjust" 
2012-03-01T15:00:00Z,FL,29.51,-11,Market On Close,Filled,-324.61,"adjust" 
2012-03-01T15:00:00Z,ED,58.29,4,Market On Close,Filled,233.16,"adjust" 
2012-03-01T15:00:00Z,NEU,185.41,2,Market On Close,Filled,370.82,"adjust" 
2012-03-01T15:00:00Z,GME,23.84,9,Market On Close,Filled,214.56,"adjust" 
2012-03-01T15:00:00Z,ICFI,24.88,42,Market On Close,Filled,1044.96,"buy" 
2012-03-01T15:00:00Z,UACL,15.46,17,Market On Close,Filled,262.82,"adjust" 
2012-03-01T15:00:00Z,USPH,18.8,15,Market On Close,Filled,282,"adjust" 
2012-04-02T14:00:00Z,B,26.96,-42,Market On Close,Filled,-1132.32,"universe" 
2012-04-02T14:00:00Z,KLIC,12.65,-23,Market On Close,Filled,-290.95,"adjust" 
2012-04-02T14:00:00Z,LINC,7.91,-132,Market On Close,Filled,-1044.12,"band" 
2012-04-02T14:00:00Z,RBIN,51.1,-6,Market On Close,Filled,-306.6,"adjust" 
2012-04-02T14:00:00Z,RES,10.41,-104,Market On Close,Filled,-1082.64,"band" 
2012-04-02T14:00:00Z,RGR,51.1,-6,Market On Close,Filled,-306.6,"adjust" 
2012-04-02T14:00:00Z,USPH,23.55,-9,Market On Close,Filled,-211.95,"adjust" 
2012-04-02T14:00:00Z,CMTL,33.85,34,Market On Close,Filled,1150.9,"buy" 
2012-04-02T14:00:00Z,DISCA,50.99,22,Market On Close,Filled,1121.78,"buy" 
2012-04-02T14:00:00Z,DISH,33.58,34,Market On Close,Filled,1141.72,"buy" 
2012-04-02T14:00:00Z,LG,39.63,7,Market On Close,Filled,277.41,"adjust" 
2012-04-02T14:00:00Z,LSCC,6.6,35,Market On Close,Filled,231,"adjust" 
2012-04-02T14:00:00Z,SPPI,12.6,19,Market On Close,Filled,239.4,"adjust" 
2012-04-02T14:00:00Z,OTL,31.8,7,Market On Close,Filled,222.6,"adjust" 
2012-04-02T14:00:00Z,SMP,17.39,16,Market On Close,Filled,278.24,"adjust" 
2012-05-01T14:00:00Z,CVI,30.16,-7,Market On Close,Filled,-211.12,"adjust" 
2012-05-01T14:00:00Z,DLTR,102.05,-2,Market On Close,Filled,-204.1,"adjust" 
2012-05-01T14:00:00Z,NEU,219.91,-1,Market On Close,Filled,-219.91,"adjust" 
2012-05-01T14:00:00Z,LLY,41.24,-27,Market On Close,Filled,-1113.48,"expired" 
2012-05-01T14:00:00Z,NR,6.31,-132,Market On Close,Filled,-832.92,"expired" 
2012-05-01T14:00:00Z,OIS,79.75,-12,Market On Close,Filled,-957,"band" 
2012-05-01T14:00:00Z,OTL,29.94,-37,Market On Close,Filled,-1107.78,"band" 
2012-05-01T14:00:00Z,RBIN,48.6,-22,Market On Close,Filled,-1069.2,"expired" 
2012-05-01T14:00:00Z,RGR,55.14,-4,Market On Close,Filled,-220.56,"adjust" 
2012-05-01T14:00:00Z,SXI,43.64,-5,Market On Close,Filled,-218.2,"adjust" 
2012-05-01T14:00:00Z,USMO,12.75,-72,Market On Close,Filled,-918,"expired" 
2012-05-01T14:00:00Z,USNA,37.78,-6,Market On Close,Filled,-226.68,"adjust" 
2012-05-01T14:00:00Z,AAPL,582.13,1,Market On Close,Filled,582.13,"buy" 
2012-05-01T14:00:00Z,EGY,9.38,123,Market On Close,Filled,1153.74,"buy" 
2012-05-01T14:00:00Z,MGLN,43.85,5,Market On Close,Filled,219.25,"adjust" 
2012-05-01T14:00:00Z,RSC,27.16,40,Market On Close,Filled,1086.4,"buy" 
2012-05-01T14:00:00Z,SCHL,29.47,36,Market On Close,Filled,1060.92,"buy" 
2012-05-01T14:00:00Z,STMP,28.88,38,Market On Close,Filled,1097.44,"buy" 
2012-05-01T14:00:00Z,SYNA,30.99,36,Market On Close,Filled,1115.64,"buy" 
2012-06-01T14:00:00Z,DAR,14.07,-68,Market On Close,Filled,-956.76,"band" 
2012-06-01T14:00:00Z,DDS,66.21,-3,Market On Close,Filled,-198.63,"adjust" 
2012-06-01T14:00:00Z,DLTR,99.94,-2,Market On Close,Filled,-199.88,"adjust" 
2012-06-01T14:00:00Z,DSW,57.26,-22,Market On Close,Filled,-1259.72,"expired" 
2012-06-01T14:00:00Z,NEU,202.47,-1,Market On Close,Filled,-202.47,"adjust" 
2012-06-01T14:00:00Z,LSCC,4.29,-176,Market On Close,Filled,-755.04,"universe" 
2012-06-01T14:00:00Z,MRO,23.89,-33,Market On Close,Filled,-788.37,"band" 
2012-06-01T14:00:00Z,RSC,17.76,-40,Market On Close,Filled,-710.4,"expired" 
2012-06-01T14:00:00Z,SCVL,20.33,-10,Market On Close,Filled,-203.3,"adjust" 
2012-06-01T14:00:00Z,AEE,32.04,31,Market On Close,Filled,993.24,"buy" 
2012-06-01T14:00:00Z,ALG,29.65,33,Market On Close,Filled,978.45,"buy" 
2012-06-01T14:00:00Z,ICUI,50.66,19,Market On Close,Filled,962.54,"buy" 
2012-06-01T14:00:00Z,NUS,41.44,23,Market On Close,Filled,953.12,"buy" 
2012-06-01T14:00:00Z,PETS,11.17,90,Market On Close,Filled,1005.3,"buy" 
2012-06-01T14:00:00Z,RGR,37.63,7,Market On Close,Filled,263.41,"adjust" 
2012-07-02T14:00:00Z,LXU,30.85,-30,Market On Close,Filled,-925.5,"band" 
2012-07-02T14:00:00Z,SPPI,16,-22,Market On Close,Filled,-352,"adjust" 
2012-07-02T14:00:00Z,USPH,26.04,-8,Market On Close,Filled,-208.32,"adjust" 
2012-07-02T14:00:00Z,CNC,29.89,9,Market On Close,Filled,269.01,"adjust" 
2012-07-02T14:00:00Z,KLIC,8.9,27,Market On Close,Filled,240.3,"adjust" 
2012-07-02T14:00:00Z,MOV,25.34,42,Market On Close,Filled,1064.28,"buy" 
2012-07-02T14:00:00Z,SHOO,31.69,7,Market On Close,Filled,221.83,"adjust" 
2012-08-01T14:00:00Z,BBSI,25.71,-14,Market On Close,Filled,-359.94,"adjust" 
2012-08-01T14:00:00Z,CNC,37.48,-34,Market On Close,Filled,-1274.32,"band" 
2012-08-01T14:00:00Z,KLIC,10.87,-22,Market On Close,Filled,-239.14,"adjust" 
2012-08-01T14:00:00Z,OXM,42.21,-21,Market On Close,Filled,-886.41,"band" 
2012-08-01T14:00:00Z,PETS,9.6,-90,Market On Close,Filled,-864,"expired" 
2012-08-01T14:00:00Z,RGR,49.39,-5,Market On Close,Filled,-246.95,"adjust" 
2012-08-01T14:00:00Z,SHOO,39.41,-33,Market On Close,Filled,-1300.53,"band" 
2012-08-01T14:00:00Z,BRKS,9.02,23,Market On Close,Filled,207.46,"adjust" 
2012-08-01T14:00:00Z,GCI,14.16,76,Market On Close,Filled,1076.16,"buy" 
2012-08-01T14:00:00Z,GME,16.07,18,Market On Close,Filled,289.26,"adjust" 
2012-08-01T14:00:00Z,HHS,6.17,170,Market On Close,Filled,1048.9,"buy" 
2012-08-01T14:00:00Z,NC,100.02,10,Market On Close,Filled,1000.2,"buy" 
2012-08-01T14:00:00Z,RCII,35.15,30,Market On Close,Filled,1054.5,"buy" 
2012-08-01T14:00:00Z,STMP,20.11,12,Market On Close,Filled,241.32,"adjust" 
2012-09-04T14:00:00Z,CF,204.75,-1,Market On Close,Filled,-204.75,"adjust" 
2012-09-04T14:00:00Z,HHS,7.2,-170,Market On Close,Filled,-1224,"band" 
2012-09-04T14:00:00Z,HOC,40.1,-6,Market On Close,Filled,-240.6,"adjust" 
2012-09-04T14:00:00Z,MLR,15.51,-62,Market On Close,Filled,-961.62,"band" 
2012-09-04T14:00:00Z,MOV,36.36,-11,Market On Close,Filled,-399.96,"adjust" 
2012-09-04T14:00:00Z,DLTR,48.19,5,Market On Close,Filled,240.95,"adjust" 
2012-09-04T14:00:00Z,EGY,7.39,27,Market On Close,Filled,199.53,"adjust" 
2012-09-04T14:00:00Z,SPPI,12.18,25,Market On Close,Filled,304.5,"adjust" 
2012-09-04T14:00:00Z,NHC,44.88,24,Market On Close,Filled,1077.12,"buy" 
2012-09-04T14:00:00Z,VLGEA,33.76,33,Market On Close,Filled,1114.08,"buy" 
2012-10-01T14:00:00Z,BRKS,7.81,-115,Market On Close,Filled,-898.15,"band" 
2012-10-01T14:00:00Z,CMTL,27.74,-34,Market On Close,Filled,-943.16,"band" 
2012-10-01T14:00:00Z,CVI,40.18,-6,Market On Close,Filled,-241.08,"adjust" 
2012-10-01T14:00:00Z,ED,59.48,-19,Market On Close,Filled,-1130.12,"band" 
2012-10-01T14:00:00Z,GCI,17.97,-12,Market On Close,Filled,-215.64,"adjust" 
2012-10-01T14:00:00Z,GME,21.24,-12,Market On Close,Filled,-254.88,"adjust" 
2012-10-01T14:00:00Z,SCHL,32.07,-36,Market On Close,Filled,-1154.52,"expired" 
2012-10-01T14:00:00Z,STMP,23.26,-50,Market On Close,Filled,-1163,"band" 
2012-10-01T14:00:00Z,WLK,73.84,-3,Market On Close,Filled,-221.52,"adjust" 
2012-10-01T14:00:00Z,DK,25.98,44,Market On Close,Filled,1143.12,"buy" 
2012-10-01T14:00:00Z,ENS,35.5,32,Market On Close,Filled,1136,"buy" 
2012-10-01T14:00:00Z,FTK,12.9,89,Market On Close,Filled,1148.1,"buy" 
2012-10-01T14:00:00Z,ICFI,20.25,14,Market On Close,Filled,283.5,"adjust" 
2012-10-01T14:00:00Z,INTC,22.76,10,Market On Close,Filled,227.6,"adjust" 
2012-10-01T14:00:00Z,MKSI,25.13,9,Market On Close,Filled,226.17,"adjust" 
2012-10-01T14:00:00Z,NUS,40.5,6,Market On Close,Filled,243,"adjust" 
2012-10-01T14:00:00Z,PLPC,56.41,4,Market On Close,Filled,225.64,"adjust" 
2012-10-01T14:00:00Z,SYNA,22.87,11,Market On Close,Filled,251.57,"adjust" 
2012-10-01T14:00:00Z,WCC,57.72,19,Market On Close,Filled,1096.68,"buy" 
2012-10-01T14:00:00Z,WDC,38.12,29,Market On Close,Filled,1105.48,"buy" 
2012-11-01T14:00:00Z,AIT,40.94,-28,Market On Close,Filled,-1146.32,"expired" 
2012-11-01T14:00:00Z,MYGN,26.86,-48,Market On Close,Filled,-1289.28,"expired" 
2012-11-01T14:00:00Z,NUS,48.94,-29,Market On Close,Filled,-1419.26,"band" 
2012-11-01T14:00:00Z,PLPC,54.1,-20,Market On Close,Filled,-1082,"band" 
2012-11-01T14:00:00Z,SXI,50.79,-25,Market On Close,Filled,-1269.75,"expired" 
2012-11-01T14:00:00Z,SYNA,23.65,-47,Market On Close,Filled,-1111.55,"band" 
2012-11-01T14:00:00Z,AEOS,21.29,54,Market On Close,Filled,1149.66,"buy" 
2012-11-01T14:00:00Z,CALM,43.74,26,Market On Close,Filled,1137.24,"buy" 
2012-11-01T14:00:00Z,CHS,19.45,60,Market On Close,Filled,1167,"buy" 
2012-11-01T14:00:00Z,EGHT,6.52,172,Market On Close,Filled,1121.44,"buy" 
2012-11-01T14:00:00Z,MGEE,52.12,21,Market On Close,Filled,1094.52,"buy" 
2012-11-01T14:00:00Z,NC,52,12,Market On Close,Filled,624,"adjust" 
2012-11-01T14:00:00Z,AWR,44.24,25,Market On Close,Filled,1106,"buy" 
2012-12-03T15:00:00Z,AEE,29.58,-31,Market On Close,Filled,-916.98,"band" 
2012-12-03T15:00:00Z,CVI,45.83,-5,Market On Close,Filled,-229.15,"adjust" 
2012-12-03T15:00:00Z,DLTR,41.34,-23,Market On Close,Filled,-950.82,"band" 
2012-12-03T15:00:00Z,GME,25.83,-10,Market On Close,Filled,-258.3,"adjust" 
2012-12-03T15:00:00Z,MKSI,24.02,-44,Market On Close,Filled,-1056.88,"band" 
2012-12-03T15:00:00Z,SPPI,11.74,-92,Market On Close,Filled,-1080.08,"band" 
2012-12-03T15:00:00Z,CVX,104.72,2,Market On Close,Filled,209.44,"adjust" 
2012-12-03T15:00:00Z,GCO,54.25,5,Market On Close,Filled,271.25,"adjust" 
2012-12-03T15:00:00Z,GIII,37.56,30,Market On Close,Filled,1126.8,"buy" 
2012-12-03T15:00:00Z,KLAC,45.39,5,Market On Close,Filled,226.95,"adjust" 
2012-12-03T15:00:00Z,LHCG,19.48,60,Market On Close,Filled,1168.8,"buy" 
2012-12-03T15:00:00Z,PETS,11.55,101,Market On Close,Filled,1166.55,"buy" 
2012-12-03T15:00:00Z,SAIA,21.04,53,Market On Close,Filled,1115.12,"buy" 
2013-01-02T15:00:00Z,BBSI,38.95,-10,Market On Close,Filled,-389.5,"adjust" 
2013-01-02T15:00:00Z,DISCA,65.48,-4,Market On Close,Filled,-261.92,"adjust" 
2013-01-02T15:00:00Z,DISH,37.01,-34,Market On Close,Filled,-1258.34,"band" 
2013-01-02T15:00:00Z,GCO,56.03,-21,Market On Close,Filled,-1176.63,"band" 
2013-01-02T15:00:00Z,GME,25.66,-44,Market On Close,Filled,-1129.04,"band" 
2013-01-02T15:00:00Z,INTC,21.38,-50,Market On Close,Filled,-1069,"band" 
2013-01-02T15:00:00Z,MSM,77,-14,Market On Close,Filled,-1078,"expired" 
2013-01-02T15:00:00Z,SMP,22.61,-11,Market On Close,Filled,-248.71,"adjust" 
2013-01-02T15:00:00Z,TDY,66.66,-17,Market On Close,Filled,-1133.22,"band" 
2013-01-02T15:00:00Z,UACL,18.43,-71,Market On Close,Filled,-1308.53,"band" 
2013-01-02T15:00:00Z,UNH,54.54,-18,Market On Close,Filled,-981.72,"band" 
2013-01-02T15:00:00Z,AAPL,549.03,1,Market On Close,Filled,549.03,"adjust" 
2013-01-02T15:00:00Z,CTB,26.22,46,Market On Close,Filled,1206.12,"buy" 
2013-01-02T15:00:00Z,GPS,31.37,38,Market On Close,Filled,1192.06,"buy" 
2013-01-02T15:00:00Z,HVT,16.68,72,Market On Close,Filled,1200.96,"buy" 
2013-01-02T15:00:00Z,IPAR,19.89,61,Market On Close,Filled,1213.29,"buy" 
2013-01-02T15:00:00Z,MED,26.29,45,Market On Close,Filled,1183.05,"buy" 
2013-01-02T15:00:00Z,MOV,30.53,7,Market On Close,Filled,213.71,"adjust" 
2013-01-02T15:00:00Z,MYGN,27.68,43,Market On Close,Filled,1190.24,"buy" 
2013-01-02T15:00:00Z,PNM,21.09,57,Market On Close,Filled,1202.13,"buy" 
2013-01-02T15:00:00Z,RGR,45.88,5,Market On Close,Filled,229.4,"adjust" 
2013-01-02T15:00:00Z,SCVL,20.43,10,Market On Close,Filled,204.3,"adjust" 
2013-01-02T15:00:00Z,UGI,33.3,36,Market On Close,Filled,1198.8,"buy" 
2013-01-02T15:00:00Z,USNA,32.88,10,Market On Close,Filled,328.8,"adjust" 
2013-02-01T15:00:00Z,CVI,53.58,-4,Market On Close,Filled,-214.32,"adjust" 
2013-02-01T15:00:00Z,DK,34.22,-8,Market On Close,Filled,-273.76,"adjust" 
2013-02-01T15:00:00Z,HOC,52.77,-4,Market On Close,Filled,-211.08,"adjust" 
2013-02-01T15:00:00Z,KLIC,11.65,-96,Market On Close,Filled,-1118.4,"expired" 
2013-02-01T15:00:00Z,LG,40.13,-29,Market On Close,Filled,-1163.77,"expired" 
2013-02-01T15:00:00Z,CRUS,28.48,44,Market On Close,Filled,1253.12,"buy" 
2013-02-01T15:00:00Z,RES,15.2,83,Market On Close,Filled,1261.6,"buy" 
2013-02-01T15:00:00Z,USPH,24.85,9,Market On Close,Filled,223.65,"adjust" 
2013-03-01T15:00:00Z,AAPL,430.51,-2,Market On Close,Filled,-861.02,"band" 
2013-03-01T15:00:00Z,IPAR,25.54,-11,Market On Close,Filled,-280.94,"adjust" 
2013-03-01T15:00:00Z,LZB,18.34,-13,Market On Close,Filled,-238.42,"adjust" 
2013-03-01T15:00:00Z,SAIA,31.53,-14,Market On Close,Filled,-441.42,"adjust" 
2013-03-01T15:00:00Z,UFS,74.65,-13,Market On Close,Filled,-970.45,"band" 
2013-03-01T15:00:00Z,USNA,43.74,-8,Market On Close,Filled,-349.92,"adjust" 
2013-03-01T15:00:00Z,BKE,44.55,6,Market On Close,Filled,267.3,"adjust" 
2013-03-01T15:00:00Z,CALM,40.81,5,Market On Close,Filled,204.05,"adjust" 
2013-03-01T15:00:00Z,CF,201.5,1,Market On Close,Filled,201.5,"adjust" 
2013-03-01T15:00:00Z,CHS,16.96,14,Market On Close,Filled,237.44,"adjust" 
2013-03-01T15:00:00Z,EGHT,6.67,36,Market On Close,Filled,240.12,"adjust" 
2013-03-01T15:00:00Z,NEU,252.46,1,Market On Close,Filled,252.46,"adjust" 
2013-03-01T15:00:00Z,LNDC,11.16,114,Market On Close,Filled,1272.24,"buy" 
2013-03-01T15:00:00Z,MED,23.92,9,Market On Close,Filled,215.28,"adjust" 
2013-03-01T15:00:00Z,KAI,24.87,51,Market On Close,Filled,1268.37,"buy" 
2013-04-01T14:00:00Z,BBSI,51.53,-7,Market On Close,Filled,-360.71,"adjust" 
2013-04-01T14:00:00Z,EGY,7.38,-150,Market On Close,Filled,-1107,"band" 
2013-04-01T14:00:00Z,ICFI,26.6,-8,Market On Close,Filled,-212.8,"adjust" 
2013-04-01T14:00:00Z,LNDC,13.82,-24,Market On Close,Filled,-331.68,"adjust" 
2013-04-01T14:00:00Z,WDC,50.4,-4,Market On Close,Filled,-201.6,"adjust" 
2013-04-01T14:00:00Z,AEOS,18.46,15,Market On Close,Filled,276.9,"adjust" 
2013-04-01T14:00:00Z,CRUS,22.05,13,Market On Close,Filled,286.65,"adjust" 
2013-04-01T14:00:00Z,CVI,51.88,4,Market On Close,Filled,207.52,"adjust" 
2013-04-01T14:00:00Z,KWR,58.96,22,Market On Close,Filled,1297.12,"buy" 
2013-04-01T14:00:00Z,MYGN,25.12,8,Market On Close,Filled,200.96,"adjust" 
2013-05-01T14:00:00Z,CRUS,18.89,-57,Market On Close,Filled,-1076.73,"band" 
2013-05-01T14:00:00Z,NEU,261.75,-1,Market On Close,Filled,-261.75,"adjust" 
2013-05-01T14:00:00Z,GCI,19.94,-64,Market On Close,Filled,-1276.16,"expired" 
2013-05-01T14:00:00Z,HVT,23.21,-17,Market On Close,Filled,-394.57,"adjust" 
2013-05-01T14:00:00Z,MGLN,50.09,-25,Market On Close,Filled,-1252.25,"expired" 
2013-05-01T14:00:00Z,NHC,45.03,-24,Market On Close,Filled,-1080.72,"expired" 
2013-05-01T14:00:00Z,RGR,49.62,-26,Market On Close,Filled,-1290.12,"band" 
2013-05-01T14:00:00Z,SAIA,40.18,-7,Market On Close,Filled,-281.26,"adjust" 
2013-05-01T14:00:00Z,SMP,29.97,-10,Market On Close,Filled,-299.7,"adjust" 
2013-05-01T14:00:00Z,USNA,54.93,-5,Market On Close,Filled,-274.65,"adjust" 
2013-05-01T14:00:00Z,WCC,68.02,-19,Market On Close,Filled,-1292.38,"band" 
2013-05-01T14:00:00Z,IDCC,43.45,29,Market On Close,Filled,1260.05,"buy" 
2013-05-01T14:00:00Z,IDT,13.86,89,Market On Close,Filled,1233.54,"buy" 
2013-05-01T14:00:00Z,OTL,41.85,30,Market On Close,Filled,1255.5,"buy" 
2013-05-01T14:00:00Z,POWL,47.07,26,Market On Close,Filled,1223.82,"buy" 
2013-05-01T14:00:00Z,RCII,34.61,7,Market On Close,Filled,242.27,"adjust" 
2013-05-01T14:00:00Z,RES,13.27,17,Market On Close,Filled,225.59,"adjust" 
2013-05-01T14:00:00Z,RS,63.31,20,Market On Close,Filled,1266.2,"buy" 
2013-05-01T14:00:00Z,SIX,72.2,18,Market On Close,Filled,1299.6,"buy" 
2013-06-03T14:00:00Z,CHS,17.86,-74,Market On Close,Filled,-1321.64,"expired" 
2013-06-03T14:00:00Z,DDS,91.44,-15,Market On Close,Filled,-1371.6,"expired" 
2013-06-03T14:00:00Z,EGHT,8.28,-38,Market On Close,Filled,-314.64,"adjust" 
2013-06-03T14:00:00Z,MOV,36,-38,Market On Close,Filled,-1368,"band" 
2013-06-03T14:00:00Z,MYGN,31.82,-8,Market On Close,Filled,-254.56,"adjust" 
2013-06-03T14:00:00Z,SCVL,24.64,-58,Market On Close,Filled,-1429.12,"band" 
2013-06-03T14:00:00Z,USNA,67.3,-3,Market On Close,Filled,-201.9,"adjust" 
2013-06-03T14:00:00Z,USPH,28.9,-50,Market On Close,Filled,-1445,"band" 
2013-06-03T14:00:00Z,APU,46.41,29,Market On Close,Filled,1345.89,"buy" 
2013-06-03T14:00:00Z,BGFV,20.25,70,Market On Close,Filled,1417.5,"buy" 
2013-06-03T14:00:00Z,CTB,25.35,8,Market On Close,Filled,202.8,"adjust" 
2013-06-03T14:00:00Z,NEU,276.39,1,Market On Close,Filled,276.39,"adjust" 
2013-06-03T14:00:00Z,GCI,20.8,65,Market On Close,Filled,1352,"buy" 
2013-06-03T14:00:00Z,HOC,48.18,5,Market On Close,Filled,240.9,"adjust" 
2013-06-03T14:00:00Z,MGEE,55.01,5,Market On Close,Filled,275.05,"adjust" 
2013-06-03T14:00:00Z,MXIM,29.32,9,Market On Close,Filled,263.88,"adjust" 
2013-06-03T14:00:00Z,SPH,46.38,29,Market On Close,Filled,1345.02,"buy" 
2013-06-03T14:00:00Z,VLO,40.25,34,Market On Close,Filled,1368.5,"buy" 
2013-07-01T14:00:00Z,CTB,33.27,-13,Market On Close,Filled,-432.51,"adjust" 
2013-07-01T14:00:00Z,FTK,17.85,-12,Market On Close,Filled,-214.2,"adjust" 
2013-07-01T14:00:00Z,GCI,25.21,-9,Market On Close,Filled,-226.89,"adjust" 
2013-07-01T14:00:00Z,GPS,42.8,-5,Market On Close,Filled,-214,"adjust" 
2013-07-01T14:00:00Z,IDT,19.31,-15,Market On Close,Filled,-289.65,"adjust" 
2013-07-01T14:00:00Z,CF,170.28,2,Market On Close,Filled,340.56,"adjust" 
2013-07-01T14:00:00Z,DK,28.04,12,Market On Close,Filled,336.48,"adjust" 
2013-07-01T14:00:00Z,ENTG,9.44,24,Market On Close,Filled,226.56,"adjust" 
2013-07-01T14:00:00Z,MYGN,27.32,8,Market On Close,Filled,218.56,"adjust" 
2013-07-01T14:00:00Z,VLGEA,33.87,8,Market On Close,Filled,270.96,"adjust" 
2013-08-01T14:00:00Z,AEOS,19.92,-69,Market On Close,Filled,-1374.48,"band" 
2013-08-01T14:00:00Z,BBSI,72.22,-3,Market On Close,Filled,-216.66,"adjust" 
2013-08-01T14:00:00Z,ENS,53.78,-5,Market On Close,Filled,-268.9,"adjust" 
2013-08-01T14:00:00Z,MED,27.27,-54,Market On Close,Filled,-1472.58,"band" 
2013-08-01T14:00:00Z,PETS,16.93,-13,Market On Close,Filled,-220.09,"adjust" 
2013-08-01T14:00:00Z,PNM,23.76,-57,Market On Close,Filled,-1354.32,"band" 
2013-08-01T14:00:00Z,RCII,40.5,-37,Market On Close,Filled,-1498.5,"band" 
2013-08-01T14:00:00Z,USNA,85.13,-3,Market On Close,Filled,-255.39,"adjust" 
2013-08-01T14:00:00Z,VLGEA,37.25,-41,Market On Close,Filled,-1527.25,"band" 
2013-08-01T14:00:00Z,CVI,48.54,6,Market On Close,Filled,291.24,"adjust" 
2013-08-01T14:00:00Z,DV,30.63,49,Market On Close,Filled,1500.87,"buy" 
2013-08-01T14:00:00Z,FSLR,48.15,30,Market On Close,Filled,1444.5,"buy" 
2013-08-01T14:00:00Z,HNRG,7.8,187,Market On Close,Filled,1458.6,"buy" 
2013-08-01T14:00:00Z,IDCC,41.03,8,Market On Close,Filled,328.24,"adjust" 
2013-08-01T14:00:00Z,MPC,75.09,20,Market On Close,Filled,1501.8,"buy" 
2013-08-01T14:00:00Z,OSK,46.56,32,Market On Close,Filled,1489.92,"buy" 
2013-08-01T14:00:00Z,TER,16.89,19,Market On Close,Filled,320.91,"adjust" 
2013-08-01T14:00:00Z,VLO,36.06,7,Market On Close,Filled,252.42,"adjust" 
2013-09-03T14:00:00Z,CALM,45.83,-31,Market On Close,Filled,-1420.73,"band" 
2013-09-03T14:00:00Z,ENTG,9.42,-147,Market On Close,Filled,-1384.74,"band" 
2013-09-03T14:00:00Z,HNRG,7.4,-187,Market On Close,Filled,-1383.8,"universe" 
2013-09-03T14:00:00Z,KLAC,55.38,-25,Market On Close,Filled,-1384.5,"band" 
2013-09-03T14:00:00Z,TER,15.44,-89,Market On Close,Filled,-1374.16,"band" 
2013-09-03T14:00:00Z,KAI,32.1,-7,Market On Close,Filled,-224.7,"adjust" 
2013-09-03T14:00:00Z,WLK,102.31,-2,Market On Close,Filled,-204.62,"adjust" 
2013-09-03T14:00:00Z,BGFV,16.55,13,Market On Close,Filled,215.15,"adjust" 
2013-09-03T14:00:00Z,BKH,47.18,29,Market On Close,Filled,1368.22,"buy" 
2013-09-03T14:00:00Z,FF,16.72,86,Market On Close,Filled,1437.92,"buy" 
2013-09-03T14:00:00Z,FSLR,36.87,7,Market On Close,Filled,258.09,"adjust" 
2013-09-03T14:00:00Z,PLUS,54.35,26,Market On Close,Filled,1413.1,"buy" 
2013-09-03T14:00:00Z,UACL,25.5,55,Market On Close,Filled,1402.5,"buy" 
2013-09-03T14:00:00Z,USMO,13.92,98,Market On Close,Filled,1364.16,"buy" 
2013-10-01T14:00:00Z,CF,210.97,-2,Market On Close,Filled,-421.94,"adjust" 
2013-10-01T14:00:00Z,EGHT,10.53,-26,Market On Close,Filled,-273.78,"adjust" 
2013-10-01T14:00:00Z,ENS,61.49,-4,Market On Close,Filled,-245.96,"adjust" 
2013-10-01T14:00:00Z,FTK,23.46,-14,Market On Close,Filled,-328.44,"adjust" 
2013-10-01T14:00:00Z,GIII,55,-4,Market On Close,Filled,-220,"adjust" 
2013-10-01T14:00:00Z,ICFI,35.94,-7,Market On Close,Filled,-251.58,"adjust" 
2013-10-01T14:00:00Z,IDCC,37.7,-37,Market On Close,Filled,-1394.9,"band" 
2013-10-01T14:00:00Z,KWR,74.11,-3,Market On Close,Filled,-222.33,"adjust" 
2013-10-01T14:00:00Z,MGEE,54.74,-26,Market On Close,Filled,-1423.24,"band" 
2013-10-01T14:00:00Z,SIX,33.92,-36,Market On Close,Filled,-1221.12,"band" 
2013-10-01T14:00:00Z,CVI,38.81,6,Market On Close,Filled,232.86,"adjust" 
2013-10-01T14:00:00Z,DK,21.25,20,Market On Close,Filled,425,"adjust" 
2013-10-01T14:00:00Z,HOC,41.83,6,Market On Close,Filled,250.98,"adjust" 
2013-10-01T14:00:00Z,KIRK,18.7,78,Market On Close,Filled,1458.6,"buy" 
2013-10-01T14:00:00Z,LNDC,12.27,29,Market On Close,Filled,355.83,"adjust" 
2013-10-01T14:00:00Z,MYGN,25.31,10,Market On Close,Filled,253.1,"adjust" 
2013-10-01T14:00:00Z,NC,56.61,4,Market On Close,Filled,226.44,"adjust" 
2013-10-01T14:00:00Z,SWM,60.85,24,Market On Close,Filled,1460.4,"buy" 
2013-10-01T14:00:00Z,SYNA,45.92,32,Market On Close,Filled,1469.44,"buy" 
2013-11-01T14:00:00Z,BBSI,89.19,-3,Market On Close,Filled,-267.57,"adjust" 
2013-11-01T14:00:00Z,DK,25.26,-68,Market On Close,Filled,-1717.68,"band" 
2013-11-01T14:00:00Z,DV,34.91,-49,Market On Close,Filled,-1710.59,"expired" 
2013-11-01T14:00:00Z,EGHT,11.21,-144,Market On Close,Filled,-1614.24,"band" 
2013-11-01T14:00:00Z,NEU,308.75,-1,Market On Close,Filled,-308.75,"adjust" 
2013-11-01T14:00:00Z,FSLR,59.07,-7,Market On Close,Filled,-413.49,"adjust" 
2013-11-01T14:00:00Z,ICUI,60.86,-19,Market On Close,Filled,-1156.34,"band" 
2013-11-01T14:00:00Z,IPAR,35.26,-8,Market On Close,Filled,-282.08,"adjust" 
2013-11-01T14:00:00Z,LNDC,11.7,-119,Market On Close,Filled,-1392.3,"band" 
2013-11-01T14:00:00Z,RES,18.31,-18,Market On Close,Filled,-329.58,"adjust" 
2013-11-01T14:00:00Z,SYNA,45.49,-32,Market On Close,Filled,-1455.68,"expired" 
2013-11-01T14:00:00Z,VLO,41,-5,Market On Close,Filled,-205,"adjust" 
2013-11-01T14:00:00Z,WDC,69.8,-4,Market On Close,Filled,-279.2,"adjust" 
2013-11-01T14:00:00Z,HES,80.93,18,Market On Close,Filled,1456.74,"buy" 
2013-11-01T14:00:00Z,CF,214.94,1,Market On Close,Filled,214.94,"adjust" 
2013-11-01T14:00:00Z,CTB,25.91,17,Market On Close,Filled,440.47,"adjust" 
2013-11-01T14:00:00Z,GPS,36.78,7,Market On Close,Filled,257.46,"adjust" 
2013-11-01T14:00:00Z,GTE,7.6,199,Market On Close,Filled,1512.4,"buy" 
2013-11-01T14:00:00Z,HHS,7.98,189,Market On Close,Filled,1508.22,"buy" 
2013-11-01T14:00:00Z,LHCG,20.66,13,Market On Close,Filled,268.58,"adjust" 
2013-11-01T14:00:00Z,PPC,14.07,106,Market On Close,Filled,1491.42,"buy" 
2013-11-01T14:00:00Z,USNA,69.78,5,Market On Close,Filled,348.9,"adjust" 
2013-11-01T14:00:00Z,UTHR,90.34,17,Market On Close,Filled,1535.78,"buy" 
2013-11-01T14:00:00Z,WNC,11.6,129,Market On Close,Filled,1496.4,"buy" 
2013-11-01T14:00:00Z,FL,34.99,6,Market On Close,Filled,209.94,"adjust" 
2013-12-02T15:00:00Z,ALG,57.13,-6,Market On Close,Filled,-342.78,"adjust" 
2013-12-02T15:00:00Z,CF,217.01,-7,Market On Close,Filled,-1519.07,"band" 
2013-12-02T15:00:00Z,CTB,24.39,-58,Market On Close,Filled,-1414.62,"band" 
2013-12-02T15:00:00Z,FSLR,59.81,-4,Market On Close,Filled,-239.24,"adjust" 
2013-12-02T15:00:00Z,GPS,41.58,-40,Market On Close,Filled,-1663.2,"band" 
2013-12-02T15:00:00Z,KIRK,25.5,-16,Market On Close,Filled,-408,"adjust" 
2013-12-02T15:00:00Z,LZB,28.99,-14,Market On Close,Filled,-405.86,"adjust" 
2013-12-02T15:00:00Z,MYGN,26.98,-8,Market On Close,Filled,-215.84,"adjust" 
2013-12-02T15:00:00Z,NC,63.46,-26,Market On Close,Filled,-1649.96,"band" 
2013-12-02T15:00:00Z,POWL,65.5,-3,Market On Close,Filled,-196.5,"adjust" 
2013-12-02T15:00:00Z,KAI,40.75,-6,Market On Close,Filled,-244.5,"adjust" 
2013-12-02T15:00:00Z,ABFS,33.63,48,Market On Close,Filled,1614.24,"buy" 
2013-12-02T15:00:00Z,APU,42.37,7,Market On Close,Filled,296.59,"adjust" 
2013-12-02T15:00:00Z,FSS,15.3,101,Market On Close,Filled,1545.3,"buy" 
2013-12-02T15:00:00Z,FTK,20.57,12,Market On Close,Filled,246.84,"adjust" 
2013-12-02T15:00:00Z,MTRX,21.82,71,Market On Close,Filled,1549.22,"buy" 
2013-12-02T15:00:00Z,MXIM,28.22,8,Market On Close,Filled,225.76,"adjust" 
2013-12-02T15:00:00Z,SPH,45.07,5,Market On Close,Filled,225.35,"adjust" 
2013-12-02T15:00:00Z,SWM,50.73,6,Market On Close,Filled,304.38,"adjust" 
2013-12-02T15:00:00Z,SYNA,50.27,31,Market On Close,Filled,1558.37,"buy" 
2014-01-02T15:00:00Z,CVI,43.68,-37,Market On Close,Filled,-1616.16,"band" 
2014-01-02T15:00:00Z,GIII,71.42,-5,Market On Close,Filled,-357.1,"adjust" 
2014-01-02T15:00:00Z,MPC,89.48,-3,Market On Close,Filled,-268.44,"adjust" 
2014-01-02T15:00:00Z,UTHR,110.9,-3,Market On Close,Filled,-332.7,"adjust" 
2014-01-02T15:00:00Z,VLO,49.86,-4,Market On Close,Filled,-199.44,"adjust" 
2014-01-02T15:00:00Z,FF,15.99,16,Market On Close,Filled,255.84,"adjust" 
2014-01-02T15:00:00Z,GME,49.65,32,Market On Close,Filled,1588.8,"buy" 
2014-01-02T15:00:00Z,IDT,17.7,16,Market On Close,Filled,283.2,"adjust" 
2014-01-02T15:00:00Z,MYGN,21.72,24,Market On Close,Filled,521.28,"adjust" 
2014-01-02T15:00:00Z,OTL,45.74,5,Market On Close,Filled,228.7,"adjust" 
2014-01-02T15:00:00Z,USMO,14.13,15,Market On Close,Filled,211.95,"adjust" 
2014-02-03T15:00:00Z,APU,42.48,-36,Market On Close,Filled,-1529.28,"expired" 
2014-02-03T15:00:00Z,HHS,6.86,-189,Market On Close,Filled,-1296.54,"band" 
2014-02-03T15:00:00Z,MTRX,24.86,-13,Market On Close,Filled,-323.18,"adjust" 
2014-02-03T15:00:00Z,MXIM,29.86,-55,Market On Close,Filled,-1642.3,"band" 
2014-02-03T15:00:00Z,MYGN,27.42,-22,Market On Close,Filled,-603.24,"adjust" 
2014-02-03T15:00:00Z,OTL,41.8,-35,Market On Close,Filled,-1463,"band" 
2014-02-03T15:00:00Z,OSK,50.54,-4,Market On Close,Filled,-202.16,"adjust" 
2014-02-03T15:00:00Z,PETS,12.74,-88,Market On Close,Filled,-1121.12,"universe" 
2014-02-03T15:00:00Z,PPC,16.12,-14,Market On Close,Filled,-225.68,"adjust" 
2014-02-03T15:00:00Z,SYNA,55.5,-5,Market On Close,Filled,-277.5,"adjust" 
2014-02-03T15:00:00Z,UGI,42.04,-36,Market On Close,Filled,-1513.44,"expired" 
2014-02-03T15:00:00Z,WDC,83.5,-4,Market On Close,Filled,-334,"adjust" 
2014-02-03T15:00:00Z,WNC,13.38,-129,Market On Close,Filled,-1726.02,"band" 
2014-02-03T15:00:00Z,BKE,42.49,6,Market On Close,Filled,254.94,"adjust" 
2014-02-03T15:00:00Z,CVX,111.14,2,Market On Close,Filled,222.28,"adjust" 
2014-02-03T15:00:00Z,FSLR,48.35,4,Market On Close,Filled,193.4,"adjust" 
2014-02-03T15:00:00Z,FSS,11.72,24,Market On Close,Filled,281.28,"adjust" 
2014-02-03T15:00:00Z,GME,33.83,12,Market On Close,Filled,405.96,"adjust" 
2014-02-03T15:00:00Z,KIRK,17.58,20,Market On Close,Filled,351.6,"adjust" 
2014-02-03T15:00:00Z,KWR,66.71,3,Market On Close,Filled,200.13,"adjust" 
2014-02-03T15:00:00Z,NUS,82.78,18,Market On Close,Filled,1490.04,"buy" 
2014-02-03T15:00:00Z,NWPX,33.12,44,Market On Close,Filled,1457.28,"buy" 
2014-02-03T15:00:00Z,OSTK,20.72,73,Market On Close,Filled,1512.56,"buy" 
2014-02-03T15:00:00Z,PRFT,20.01,75,Market On Close,Filled,1500.75,"buy" 
2014-02-03T15:00:00Z,SAFM,71.97,20,Market On Close,Filled,1439.4,"buy" 
2014-02-03T15:00:00Z,STMP,38.8,39,Market On Close,Filled,1513.2,"buy" 
2014-02-03T15:00:00Z,TPL,100.6,15,Market On Close,Filled,1509,"buy" 
2014-03-03T15:00:00Z,DISCA,82.08,-18,Market On Close,Filled,-1477.44,"band" 
2014-03-03T15:00:00Z,FTK,25.62,-12,Market On Close,Filled,-307.44,"adjust" 
2014-03-03T15:00:00Z,HOC,44.88,-34,Market On Close,Filled,-1525.92,"band" 
2014-03-03T15:00:00Z,KIRK,17.76,-82,Market On Close,Filled,-1456.32,"universe" 
2014-03-03T15:00:00Z,PLUS,57.05,-26,Market On Close,Filled,-1483.3,"band" 
2014-03-03T15:00:00Z,MTRX,33.06,-9,Market On Close,Filled,-297.54,"adjust" 
2014-03-03T15:00:00Z,MYGN,37.01,-11,Market On Close,Filled,-407.11,"adjust" 
2014-03-03T15:00:00Z,POWL,67.62,-23,Market On Close,Filled,-1555.26,"band" 
2014-03-03T15:00:00Z,TPL,137.91,-4,Market On Close,Filled,-551.64,"adjust" 
2014-03-03T15:00:00Z,USMO,14.37,-113,Market On Close,Filled,-1623.81,"universe" 
2014-03-03T15:00:00Z,FL,41.79,-5,Market On Close,Filled,-208.95,"adjust" 
2014-03-03T15:00:00Z,ARLP,86.38,18,Market On Close,Filled,1554.84,"buy" 
2014-03-03T15:00:00Z,BBSI,69.95,5,Market On Close,Filled,349.75,"adjust" 
2014-03-03T15:00:00Z,BGFV,14.89,23,Market On Close,Filled,342.47,"adjust" 
2014-03-03T15:00:00Z,DAL,32.59,48,Market On Close,Filled,1564.32,"buy" 
2014-03-03T15:00:00Z,LZB,25.37,9,Market On Close,Filled,228.33,"adjust" 
2014-03-03T15:00:00Z,MDU,33.55,47,Market On Close,Filled,1576.85,"buy" 
2014-03-03T15:00:00Z,RGR,63.6,25,Market On Close,Filled,1590,"buy" 
2014-03-03T15:00:00Z,RS,68.53,3,Market On Close,Filled,205.59,"adjust" 
2014-03-03T15:00:00Z,STMP,35.55,6,Market On Close,Filled,213.3,"adjust" 
2014-03-03T15:00:00Z,TTWO,20,81,Market On Close,Filled,1620,"buy" 
2014-03-03T15:00:00Z,UGI,44.3,36,Market On Close,Filled,1594.8,"buy" 
2014-04-01T14:00:00Z,BBSI,61.41,-23,Market On Close,Filled,-1412.43,"band" 
2014-04-01T14:00:00Z,BGFV,16.17,-106,Market On Close,Filled,-1714.02,"band" 
2014-04-01T14:00:00Z,BKE,46.33,-34,Market On Close,Filled,-1575.22,"band" 
2014-04-01T14:00:00Z,FF,21.05,-21,Market On Close,Filled,-442.05,"adjust" 
2014-04-01T14:00:00Z,FSLR,70.89,-7,Market On Close,Filled,-496.23,"adjust" 
2014-04-01T14:00:00Z,FSS,15.32,-14,Market On Close,Filled,-214.48,"adjust" 
2014-04-01T14:00:00Z,MPC,89.54,-17,Market On Close,Filled,-1522.18,"band" 
2014-04-01T14:00:00Z,NWPX,37.19,-44,Market On Close,Filled,-1636.36,"band" 
2014-04-01T14:00:00Z,PPC,21.14,-13,Market On Close,Filled,-274.82,"adjust" 
2014-04-01T14:00:00Z,SPH,42.01,-34,Market On Close,Filled,-1428.34,"band" 
2014-04-01T14:00:00Z,UACL,28.98,-55,Market On Close,Filled,-1593.9,"band" 
2014-04-01T14:00:00Z,SWKS,37.61,44,Market On Close,Filled,1654.84,"buy" 
2014-04-01T14:00:00Z,BABY,26.59,64,Market On Close,Filled,1701.76,"buy" 
2014-04-01T14:00:00Z,BAH,22.32,75,Market On Close,Filled,1674,"buy" 
2014-04-01T14:00:00Z,CORE,74.06,22,Market On Close,Filled,1629.32,"buy" 
2014-04-01T14:00:00Z,EPAM,36.37,50,Market On Close,Filled,1818.5,"buy" 
2014-04-01T14:00:00Z,HP,108.17,15,Market On Close,Filled,1622.55,"buy" 
2014-04-01T14:00:00Z,NP,52.41,32,Market On Close,Filled,1677.12,"buy" 
2014-04-01T14:00:00Z,OSTK,20.35,11,Market On Close,Filled,223.85,"adjust" 
2014-04-01T14:00:00Z,PRFT,18.43,16,Market On Close,Filled,294.88,"adjust" 
2014-04-01T14:00:00Z,SWM,42.51,8,Market On Close,Filled,340.08,"adjust" 
2014-04-01T14:00:00Z,KAI,38.28,7,Market On Close,Filled,267.96,"adjust" 
2014-04-01T14:00:00Z,UTHR,97.78,3,Market On Close,Filled,293.34,"adjust" 
2014-05-01T14:00:00Z,ABFS,40.57,-6,Market On Close,Filled,-243.42,"adjust" 
2014-05-01T14:00:00Z,NEU,370.44,-4,Market On Close,Filled,-1481.76,"expired" 
2014-05-01T14:00:00Z,MYGN,39.97,-5,Market On Close,Filled,-199.85,"adjust" 
2014-05-01T14:00:00Z,PPC,22.05,-79,Market On Close,Filled,-1741.95,"expired" 
2014-05-01T14:00:00Z,SAIA,41.85,-47,Market On Close,Filled,-1966.95,"band" 
2014-05-01T14:00:00Z,SWM,42.78,-38,Market On Close,Filled,-1625.64,"band" 
2014-05-01T14:00:00Z,WLK,70.86,-3,Market On Close,Filled,-212.58,"adjust" 
2014-05-01T14:00:00Z,ALG,52.95,4,Market On Close,Filled,211.8,"adjust" 
2014-05-01T14:00:00Z,GTE,7.04,33,Market On Close,Filled,232.32,"adjust" 
2014-05-01T14:00:00Z,HVT,25.66,9,Market On Close,Filled,230.94,"adjust" 
2014-05-01T14:00:00Z,IDT,15.83,14,Market On Close,Filled,221.62,"adjust" 
2014-05-01T14:00:00Z,KFY,28.8,57,Market On Close,Filled,1641.6,"buy" 
2014-05-01T14:00:00Z,MU,26.25,63,Market On Close,Filled,1653.75,"buy" 
2014-05-01T14:00:00Z,OSTK,15.33,19,Market On Close,Filled,291.27,"adjust" 
2014-05-01T14:00:00Z,TSN,42.41,39,Market On Close,Filled,1653.99,"buy" 
2014-05-01T14:00:00Z,VMW,92.05,17,Market On Close,Filled,1564.85,"buy" 
2014-06-02T14:00:00Z,SWKS,43.07,-6,Market On Close,Filled,-258.42,"adjust" 
2014-06-02T14:00:00Z,DAL,40.77,-7,Market On Close,Filled,-285.39,"adjust" 
2014-06-02T14:00:00Z,EPAM,42.15,-11,Market On Close,Filled,-463.65,"adjust" 
2014-06-02T14:00:00Z,IDT,16.64,-104,Market On Close,Filled,-1730.56,"band" 
2014-06-02T14:00:00Z,IPAR,29.27,-42,Market On Close,Filled,-1229.34,"band" 
2014-06-02T14:00:00Z,LHCG,20.38,-73,Market On Close,Filled,-1487.74,"band" 
2014-06-02T14:00:00Z,WLK,81.1,-3,Market On Close,Filled,-243.3,"adjust" 
2014-06-02T14:00:00Z,DECK,78.43,21,Market On Close,Filled,1647.03,"buy" 
2014-06-02T14:00:00Z,FF,16.63,16,Market On Close,Filled,266.08,"adjust" 
2014-06-02T14:00:00Z,FSLR,62.7,4,Market On Close,Filled,250.8,"adjust" 
2014-06-02T14:00:00Z,MOD,14.94,109,Market On Close,Filled,1628.46,"buy" 
2014-06-02T14:00:00Z,MYGN,33.62,11,Market On Close,Filled,369.82,"adjust" 
2014-06-02T14:00:00Z,NUS,73.62,4,Market On Close,Filled,294.48,"adjust" 
2014-06-02T14:00:00Z,PPC,25.92,65,Market On Close,Filled,1684.8,"buy" 
2014-07-01T14:00:00Z,CORE,46.92,-6,Market On Close,Filled,-281.52,"adjust" 
2014-07-01T14:00:00Z,FSLR,70.69,-3,Market On Close,Filled,-212.07,"adjust" 
2014-07-01T14:00:00Z,FTK,32.11,-9,Market On Close,Filled,-288.99,"adjust" 
2014-07-01T14:00:00Z,MU,33.98,-10,Market On Close,Filled,-339.8,"adjust" 
2014-07-01T14:00:00Z,SYNA,91.88,-7,Market On Close,Filled,-643.16,"adjust" 
2014-07-01T14:00:00Z,FL,51.6,-4,Market On Close,Filled,-206.4,"adjust" 
2014-07-01T14:00:00Z,ICFI,35.93,8,Market On Close,Filled,287.44,"adjust" 
2014-07-01T14:00:00Z,LZB,23.5,12,Market On Close,Filled,282,"adjust" 
2014-07-01T14:00:00Z,RGR,59.46,4,Market On Close,Filled,237.84,"adjust" 
2014-07-01T14:00:00Z,STMP,34.81,7,Market On Close,Filled,243.67,"adjust" 
2014-07-01T14:00:00Z,TSN,37.87,7,Market On Close,Filled,265.09,"adjust" 
2014-08-01T14:00:00Z,SWKS,52.07,-6,Market On Close,Filled,-312.42,"adjust" 
2014-08-01T14:00:00Z,BABY,27.73,-7,Market On Close,Filled,-194.11,"adjust" 
2014-08-01T14:00:00Z,BAH,22.18,-75,Market On Close,Filled,-1663.5,"band" 
2014-08-01T14:00:00Z,BKH,52.67,-29,Market On Close,Filled,-1527.43,"band" 
2014-08-01T14:00:00Z,DECK,88.74,-3,Market On Close,Filled,-266.22,"adjust" 
2014-08-01T14:00:00Z,GME,41.22,-5,Market On Close,Filled,-206.1,"adjust" 
2014-08-01T14:00:00Z,MOD,13.25,-109,Market On Close,Filled,-1444.25,"expired" 
2014-08-01T14:00:00Z,NUS,59.03,-22,Market On Close,Filled,-1298.66,"band" 
2014-08-01T14:00:00Z,RES,22.02,-9,Market On Close,Filled,-198.18,"adjust" 
2014-08-01T14:00:00Z,AWR,30.79,-50,Market On Close,Filled,-1539.5,"band" 
2014-08-01T14:00:00Z,TPL,174.87,-2,Market On Close,Filled,-349.74,"adjust" 
2014-08-01T14:00:00Z,ABFS,33.8,10,Market On Close,Filled,338,"adjust" 
2014-08-01T14:00:00Z,HVT,22.78,10,Market On Close,Filled,227.8,"adjust" 
2014-08-01T14:00:00Z,HURN,60.45,27,Market On Close,Filled,1632.15,"buy" 
2014-08-01T14:00:00Z,LSCC,6.86,242,Market On Close,Filled,1660.12,"buy" 
2014-08-01T14:00:00Z,MTRX,26.71,12,Market On Close,Filled,320.52,"adjust" 
2014-08-01T14:00:00Z,NJR,50.74,32,Market On Close,Filled,1623.68,"buy" 
2014-08-01T14:00:00Z,OSK,46.31,7,Market On Close,Filled,324.17,"adjust" 
2014-08-01T14:00:00Z,PEG,35.5,47,Market On Close,Filled,1668.5,"buy" 
2014-08-01T14:00:00Z,SYNA,78.11,3,Market On Close,Filled,234.33,"adjust" 
2014-08-01T14:00:00Z,ZBRA,80.31,20,Market On Close,Filled,1606.2,"buy" 
2014-09-02T14:00:00Z,ALG,49.03,-31,Market On Close,Filled,-1519.93,"band" 
2014-09-02T14:00:00Z,FF,14,-97,Market On Close,Filled,-1358,"band" 
2014-09-02T14:00:00Z,GTE,6.61,-232,Market On Close,Filled,-1533.52,"band" 
2014-09-02T14:00:00Z,LZB,21.81,-75,Market On Close,Filled,-1635.75,"band" 
2014-09-02T14:00:00Z,OSK,49.6,-35,Market On Close,Filled,-1736,"band" 
2014-09-02T14:00:00Z,PPC,30.59,-7,Market On Close,Filled,-214.13,"adjust" 
2014-09-02T14:00:00Z,PRFT,17.59,-91,Market On Close,Filled,-1600.69,"band" 
2014-09-02T14:00:00Z,RGR,51.09,-29,Market On Close,Filled,-1481.61,"band" 
2014-09-02T14:00:00Z,TPL,212,-1,Market On Close,Filled,-212,"adjust" 
2014-09-02T14:00:00Z,UGI,53.03,-4,Market On Close,Filled,-212.12,"adjust" 
2014-09-02T14:00:00Z,UTHR,115.22,-3,Market On Close,Filled,-345.66,"adjust" 
2014-09-02T14:00:00Z,WLK,97.96,-3,Market On Close,Filled,-293.88,"adjust" 
2014-09-02T14:00:00Z,FL,57.25,-4,Market On Close,Filled,-229,"adjust" 
2014-09-02T14:00:00Z,APU,46.41,37,Market On Close,Filled,1717.17,"buy" 
2014-09-02T14:00:00Z,CALM,81.34,21,Market On Close,Filled,1708.14,"buy" 
2014-09-02T14:00:00Z,DDS,113.29,15,Market On Close,Filled,1699.35,"buy" 
2014-09-02T14:00:00Z,ENS,64.23,4,Market On Close,Filled,256.92,"adjust" 
2014-09-02T14:00:00Z,EPAM,37.54,7,Market On Close,Filled,262.78,"adjust" 
2014-09-02T14:00:00Z,FTK,27.35,8,Market On Close,Filled,218.8,"adjust" 
2014-09-02T14:00:00Z,GPRE,44.68,38,Market On Close,Filled,1697.84,"buy" 
2014-09-02T14:00:00Z,MDU,31.42,8,Market On Close,Filled,251.36,"adjust" 
2014-09-02T14:00:00Z,RSC,106.48,16,Market On Close,Filled,1703.68,"buy" 
2014-09-02T14:00:00Z,UHS,114.66,15,Market On Close,Filled,1719.9,"buy" 
2014-09-02T14:00:00Z,AVA,32.15,53,Market On Close,Filled,1703.95,"buy" 
2014-10-01T14:00:00Z,ABFS,35.41,-8,Market On Close,Filled,-283.28,"adjust" 
2014-10-01T14:00:00Z,SWKS,53.31,-4,Market On Close,Filled,-213.24,"adjust" 
2014-10-01T14:00:00Z,CALM,87.8,-3,Market On Close,Filled,-263.4,"adjust" 
2014-10-01T14:00:00Z,CORE,51.69,-7,Market On Close,Filled,-361.83,"adjust" 
2014-10-01T14:00:00Z,EPAM,43.11,-46,Market On Close,Filled,-1983.06,"band" 
2014-10-01T14:00:00Z,ICFI,30.43,-49,Market On Close,Filled,-1491.07,"band" 
2014-10-01T14:00:00Z,MDU,27.43,-55,Market On Close,Filled,-1508.65,"band" 
2014-10-01T14:00:00Z,MYGN,38.3,-7,Market On Close,Filled,-268.1,"adjust" 
2014-10-01T14:00:00Z,RS,67.32,-23,Market On Close,Filled,-1548.36,"band" 
2014-10-01T14:00:00Z,TTWO,22.4,-9,Market On Close,Filled,-201.6,"adjust" 
2014-10-01T14:00:00Z,UTHR,130.44,-2,Market On Close,Filled,-260.88,"adjust" 
2014-10-01T14:00:00Z,CPK,41.48,5,Market On Close,Filled,207.4,"adjust" 
2014-10-01T14:00:00Z,EGY,8.6,196,Market On Close,Filled,1685.6,"buy" 
2014-10-01T14:00:00Z,EW,103.39,16,Market On Close,Filled,1654.24,"buy" 
2014-10-01T14:00:00Z,GPRE,35.3,6,Market On Close,Filled,211.8,"adjust" 
2014-10-01T14:00:00Z,KFY,24.21,9,Market On Close,Filled,217.89,"adjust" 
2014-10-01T14:00:00Z,OFIX,30.38,53,Market On Close,Filled,1610.14,"buy" 
2014-10-01T14:00:00Z,PSX,79.63,20,Market On Close,Filled,1592.6,"buy" 
2014-10-01T14:00:00Z,RSC,69.94,6,Market On Close,Filled,419.64,"adjust" 
2014-10-01T14:00:00Z,ZBRA,68.21,3,Market On Close,Filled,204.63,"adjust" 
2014-11-03T15:00:00Z,BABY,33.86,-7,Market On Close,Filled,-237.02,"adjust" 
2014-11-03T15:00:00Z,CPK,48.17,-5,Market On Close,Filled,-240.85,"adjust" 
2014-11-03T15:00:00Z,ENS,62.46,-27,Market On Close,Filled,-1686.42,"band" 
2014-11-03T15:00:00Z,EW,119.93,-2,Market On Close,Filled,-239.86,"adjust" 
2014-11-03T15:00:00Z,HURN,69.04,-3,Market On Close,Filled,-207.12,"adjust" 
2014-11-03T15:00:00Z,NP,61.73,-4,Market On Close,Filled,-246.92,"adjust" 
2014-11-03T15:00:00Z,OSTK,23.59,-29,Market On Close,Filled,-684.11,"adjust" 
2014-11-03T15:00:00Z,PEG,41.61,-6,Market On Close,Filled,-249.66,"adjust" 
2014-11-03T15:00:00Z,STMP,36.96,-52,Market On Close,Filled,-1921.92,"band" 
2014-11-03T15:00:00Z,SYNA,65.72,-22,Market On Close,Filled,-1445.84,"expired" 
2014-11-03T15:00:00Z,TTWO,25.83,-8,Market On Close,Filled,-206.64,"adjust" 
2014-11-03T15:00:00Z,USNA,115.22,-7,Market On Close,Filled,-806.54,"adjust" 
2014-11-03T15:00:00Z,CHE,104.64,16,Market On Close,Filled,1674.24,"buy" 
2014-11-03T15:00:00Z,EGY,7.05,35,Market On Close,Filled,246.75,"adjust" 
2014-11-03T15:00:00Z,FSLR,58.31,5,Market On Close,Filled,291.55,"adjust" 
2014-11-03T15:00:00Z,FTK,22.3,15,Market On Close,Filled,334.5,"adjust" 
2014-11-03T15:00:00Z,GPRE,34.58,6,Market On Close,Filled,207.48,"adjust" 
2014-11-03T15:00:00Z,HP,84.29,4,Market On Close,Filled,337.16,"adjust" 
2014-11-03T15:00:00Z,INTC,34.31,50,Market On Close,Filled,1715.5,"buy" 
2014-11-03T15:00:00Z,MED,31.98,54,Market On Close,Filled,1726.92,"buy" 
2014-11-03T15:00:00Z,RES,16.17,31,Market On Close,Filled,501.27,"adjust" 
2014-11-03T15:00:00Z,TPL,156.45,2,Market On Close,Filled,312.9,"adjust" 
2014-11-03T15:00:00Z,VMW,84.27,3,Market On Close,Filled,252.81,"adjust" 
2014-11-03T15:00:00Z,WLK,71.04,7,Market On Close,Filled,497.28,"adjust" 
2014-12-01T15:00:00Z,ABFS,42.15,-6,Market On Close,Filled,-252.9,"adjust" 
2014-12-01T15:00:00Z,SWKS,65.77,-3,Market On Close,Filled,-197.31,"adjust" 
2014-12-01T15:00:00Z,DAL,45.62,-5,Market On Close,Filled,-228.1,"adjust" 
2014-12-01T15:00:00Z,EGY,5.94,-231,Market On Close,Filled,-1372.14,"universe" 
2014-12-01T15:00:00Z,FSLR,45.76,-29,Market On Close,Filled,-1327.04,"band" 
2014-12-01T15:00:00Z,MU,34.99,-6,Market On Close,Filled,-209.94,"adjust" 
2014-12-01T15:00:00Z,OFIX,28.15,-53,Market On Close,Filled,-1491.95,"expired" 
2014-12-01T15:00:00Z,TSN,41.31,-7,Market On Close,Filled,-289.17,"adjust" 
2014-12-01T15:00:00Z,HES,73.96,5,Market On Close,Filled,369.8,"adjust" 
2014-12-01T15:00:00Z,CVX,111.73,2,Market On Close,Filled,223.46,"adjust" 
2014-12-01T15:00:00Z,HP,69.07,5,Market On Close,Filled,345.35,"adjust" 
2014-12-01T15:00:00Z,METHA,37.5,43,Market On Close,Filled,1612.5,"buy" 
2014-12-01T15:00:00Z,MTRX,20.07,19,Market On Close,Filled,381.33,"adjust" 
2014-12-01T15:00:00Z,MYGN,33.01,7,Market On Close,Filled,231.07,"adjust" 
2014-12-01T15:00:00Z,PSX,71.83,3,Market On Close,Filled,215.49,"adjust" 
2014-12-01T15:00:00Z,RES,12.79,23,Market On Close,Filled,294.17,"adjust" 
2014-12-01T15:00:00Z,RSC,62.78,4,Market On Close,Filled,251.12,"adjust" 
2014-12-01T15:00:00Z,SKX,58.88,27,Market On Close,Filled,1589.76,"buy" 
2014-12-01T15:00:00Z,TSRA,34.41,49,Market On Close,Filled,1686.09,"buy" 
2015-01-02T15:00:00Z,CORE,60.97,-4,Market On Close,Filled,-243.88,"adjust" 
2015-01-02T15:00:00Z,CPK,49.89,-35,Market On Close,Filled,-1746.15,"band" 
2015-01-02T15:00:00Z,DDS,121.79,-2,Market On Close,Filled,-243.58,"adjust" 
2015-01-02T15:00:00Z,GIII,100,-5,Market On Close,Filled,-500,"adjust" 
2015-01-02T15:00:00Z,GME,33.8,-39,Market On Close,Filled,-1318.2,"band" 
2015-01-02T15:00:00Z,KFY,28.26,-7,Market On Close,Filled,-197.82,"adjust" 
2015-01-02T15:00:00Z,KWR,90.03,-4,Market On Close,Filled,-360.12,"adjust" 
2015-01-02T15:00:00Z,MTRX,22.24,-80,Market On Close,Filled,-1779.2,"band" 
2015-01-02T15:00:00Z,MU,34.75,-47,Market On Close,Filled,-1633.25,"expired" 
2015-01-02T15:00:00Z,NJR,61.25,-5,Market On Close,Filled,-306.25,"adjust" 
2015-01-02T15:00:00Z,RES,13.3,-127,Market On Close,Filled,-1689.1,"band" 
2015-01-02T15:00:00Z,KAI,42.38,-6,Market On Close,Filled,-254.28,"adjust" 
2015-01-02T15:00:00Z,WDC,110.43,-2,Market On Close,Filled,-220.86,"adjust" 
2015-01-02T15:00:00Z,CTR,41.97,40,Market On Close,Filled,1678.8,"buy" 
2015-01-02T15:00:00Z,CALM,38.65,7,Market On Close,Filled,270.55,"adjust" 
2015-01-02T15:00:00Z,DV,44.28,35,Market On Close,Filled,1549.8,"buy" 
2015-01-02T15:00:00Z,FTK,18.76,14,Market On Close,Filled,262.64,"adjust" 
2015-01-02T15:00:00Z,GPRE,25.71,18,Market On Close,Filled,462.78,"adjust" 
2015-01-02T15:00:00Z,MIC,70.01,23,Market On Close,Filled,1610.23,"buy" 
2015-01-02T15:00:00Z,TPL,118.21,4,Market On Close,Filled,472.84,"adjust" 
2015-01-02T15:00:00Z,GHC,860.94,1,Market On Close,Filled,860.94,"buy" 
2015-02-02T15:00:00Z,SWKS,82.02,-25,Market On Close,Filled,-2050.5,"expired" 
2015-02-02T15:00:00Z,APU,51.38,-5,Market On Close,Filled,-256.9,"adjust" 
2015-02-02T15:00:00Z,BABY,37.01,-6,Market On Close,Filled,-222.06,"adjust" 
2015-02-02T15:00:00Z,HVT,24.79,-74,Market On Close,Filled,-1834.46,"band" 
2015-02-02T15:00:00Z,HURN,75.13,-24,Market On Close,Filled,-1803.12,"band" 
2015-02-02T15:00:00Z,MYGN,37.4,-6,Market On Close,Filled,-224.4,"adjust" 
2015-02-02T15:00:00Z,TSN,39.57,-39,Market On Close,Filled,-1543.23,"band" 
2015-02-02T15:00:00Z,TTWO,29.99,-8,Market On Close,Filled,-239.92,"adjust" 
2015-02-02T15:00:00Z,VMW,79.22,-20,Market On Close,Filled,-1584.4,"band" 
2015-02-02T15:00:00Z,AVA,37.3,-9,Market On Close,Filled,-335.7,"adjust" 
2015-02-02T15:00:00Z,ZBRA,84.07,-4,Market On Close,Filled,-336.28,"adjust" 
2015-02-02T15:00:00Z,ABFS,38.74,6,Market On Close,Filled,232.44,"adjust" 
2015-02-02T15:00:00Z,BBY,34.97,47,Market On Close,Filled,1643.59,"buy" 
2015-02-02T15:00:00Z,DECK,68.96,7,Market On Close,Filled,482.72,"adjust" 
2015-02-02T15:00:00Z,HP,63.69,4,Market On Close,Filled,254.76,"adjust" 
2015-02-02T15:00:00Z,IDT,21.59,78,Market On Close,Filled,1684.02,"buy" 
2015-02-02T15:00:00Z,KWR,80.51,3,Market On Close,Filled,241.53,"adjust" 
2015-02-02T15:00:00Z,MU,28.44,56,Market On Close,Filled,1592.64,"buy" 
2015-02-02T15:00:00Z,KFRC,23.67,71,Market On Close,Filled,1680.57,"buy" 
2015-02-02T15:00:00Z,RSC,59.57,4,Market On Close,Filled,238.28,"adjust" 
2015-02-02T15:00:00Z,USPH,39,43,Market On Close,Filled,1677,"buy" 
2015-02-02T15:00:00Z,WLK,59.86,5,Market On Close,Filled,299.3,"adjust" 
2015-03-02T15:00:00Z,CORE,64.3,-3,Market On Close,Filled,-192.9,"adjust" 
2015-03-02T15:00:00Z,DAL,45.39,-36,Market On Close,Filled,-1634.04,"band" 
2015-03-02T15:00:00Z,FTK,16.73,-91,Market On Close,Filled,-1522.43,"band" 
2015-03-02T15:00:00Z,GCI,35.84,-7,Market On Close,Filled,-250.88,"adjust" 
2015-03-02T15:00:00Z,HP,65.71,-28,Market On Close,Filled,-1839.88,"band" 
2015-03-02T15:00:00Z,MED,32.35,-54,Market On Close,Filled,-1746.9,"universe" 
2015-03-02T15:00:00Z,SMP,42.33,-43,Market On Close,Filled,-1820.19,"band" 
2015-03-02T15:00:00Z,TPL,138.25,-2,Market On Close,Filled,-276.5,"adjust" 
2015-03-02T15:00:00Z,TSRA,41.93,-6,Market On Close,Filled,-251.58,"adjust" 
2015-03-02T15:00:00Z,TTWO,26.06,-56,Market On Close,Filled,-1459.36,"band" 
2015-03-02T15:00:00Z,VLO,58.68,-4,Market On Close,Filled,-234.72,"adjust" 
2015-03-02T15:00:00Z,WLK,67.38,-3,Market On Close,Filled,-202.14,"adjust" 
2015-03-02T15:00:00Z,ARLP,38.49,8,Market On Close,Filled,307.92,"adjust" 
2015-03-02T15:00:00Z,CRMT,53.9,32,Market On Close,Filled,1724.8,"buy" 
2015-03-02T15:00:00Z,CNC,62.14,28,Market On Close,Filled,1739.92,"buy" 
2015-03-02T15:00:00Z,DEPO,23.06,79,Market On Close,Filled,1821.74,"buy" 
2015-03-02T15:00:00Z,DV,36.94,12,Market On Close,Filled,443.28,"adjust" 
2015-03-02T15:00:00Z,KLIC,16.33,109,Market On Close,Filled,1779.97,"buy" 
2015-03-02T15:00:00Z,MYGN,33.49,7,Market On Close,Filled,234.43,"adjust" 
2015-03-02T15:00:00Z,UNH,114.4,15,Market On Close,Filled,1716,"buy" 
2015-03-02T15:00:00Z,USNA,101,2,Market On Close,Filled,202,"adjust" 
2015-03-02T15:00:00Z,AVA,33.17,7,Market On Close,Filled,232.19,"adjust" 
2015-03-02T15:00:00Z,ZUMZ,38,45,Market On Close,Filled,1710,"buy" 
2015-04-01T14:00:00Z,CHE,119.66,-2,Market On Close,Filled,-239.32,"adjust" 
2015-04-01T14:00:00Z,CNC,70.47,-3,Market On Close,Filled,-211.41,"adjust" 
2015-04-01T14:00:00Z,DV,34,-47,Market On Close,Filled,-1598,"band" 
2015-04-01T14:00:00Z,EW,140.7,-2,Market On Close,Filled,-281.4,"adjust" 
2015-04-01T14:00:00Z,METHA,46.99,-6,Market On Close,Filled,-281.94,"adjust" 
2015-04-01T14:00:00Z,OSTK,24.06,-74,Market On Close,Filled,-1780.44,"band" 
2015-04-01T14:00:00Z,SKX,72.92,-3,Market On Close,Filled,-218.76,"adjust" 
2015-04-01T14:00:00Z,KAI,53.73,-6,Market On Close,Filled,-322.38,"adjust" 
2015-04-01T14:00:00Z,USNA,113.19,-2,Market On Close,Filled,-226.38,"adjust" 
2015-04-01T14:00:00Z,USPH,47.67,-6,Market On Close,Filled,-286.02,"adjust" 
2015-04-01T14:00:00Z,UTHR,174.41,-2,Market On Close,Filled,-348.82,"adjust" 
2015-04-01T14:00:00Z,ZBRA,89.56,-19,Market On Close,Filled,-1701.64,"band" 
2015-04-01T14:00:00Z,HES,69.18,3,Market On Close,Filled,207.54,"adjust" 
2015-04-01T14:00:00Z,APU,47.1,5,Market On Close,Filled,235.5,"adjust" 
2015-04-01T14:00:00Z,ARLP,32.99,9,Market On Close,Filled,296.91,"adjust" 
2015-04-01T14:00:00Z,CENX,14.12,128,Market On Close,Filled,1807.36,"buy" 
2015-04-01T14:00:00Z,IDT,18.98,21,Market On Close,Filled,398.58,"adjust" 
2015-04-01T14:00:00Z,LSCC,6.28,37,Market On Close,Filled,232.36,"adjust" 
2015-04-01T14:00:00Z,MU,27.13,9,Market On Close,Filled,244.17,"adjust" 
2015-04-01T14:00:00Z,PPC,23.76,20,Market On Close,Filled,475.2,"adjust" 
2015-04-01T14:00:00Z,UEPS,13.5,129,Market On Close,Filled,1741.5,"buy" 
2015-04-01T14:00:00Z,UGI,32.51,7,Market On Close,Filled,227.57,"adjust" 
2015-04-01T14:00:00Z,VDSI,21.73,82,Market On Close,Filled,1781.86,"buy" 
2015-04-01T14:00:00Z,WDC,92.35,4,Market On Close,Filled,369.4,"adjust" 
2015-05-01T14:00:00Z,HES,75.78,-4,Market On Close,Filled,-303.12,"adjust" 
2015-05-01T14:00:00Z,GPRE,31.02,-68,Market On Close,Filled,-2109.36,"expired" 
2015-05-01T14:00:00Z,LSCC,6.12,-279,Market On Close,Filled,-1707.48,"band" 
2015-05-01T14:00:00Z,MIC,82.54,-23,Market On Close,Filled,-1898.42,"expired" 
2015-05-01T14:00:00Z,PEG,41.96,-41,Market On Close,Filled,-1720.36,"expired" 
2015-05-01T14:00:00Z,PPC,25.44,-78,Market On Close,Filled,-1984.32,"expired" 
2015-05-01T14:00:00Z,PSX,81.61,-23,Market On Close,Filled,-1877.03,"expired" 
2015-05-01T14:00:00Z,KFRC,22.73,-71,Market On Close,Filled,-1613.83,"expired" 
2015-05-01T14:00:00Z,SKX,91.67,-5,Market On Close,Filled,-458.35,"adjust" 
2015-05-01T14:00:00Z,UGI,35.1,-54,Market On Close,Filled,-1895.4,"band" 
2015-05-01T14:00:00Z,VDSI,25.43,-13,Market On Close,Filled,-330.59,"adjust" 
2015-05-01T14:00:00Z,WLK,77.71,-4,Market On Close,Filled,-310.84,"adjust" 
2015-05-01T14:00:00Z,BCC,35.4,50,Market On Close,Filled,1770,"buy" 
2015-05-01T14:00:00Z,CORE,53.5,9,Market On Close,Filled,481.5,"adjust" 
2015-05-01T14:00:00Z,DK,37.8,47,Market On Close,Filled,1776.6,"buy" 
2015-05-01T14:00:00Z,MDP,52.13,33,Market On Close,Filled,1720.29,"buy" 
2015-05-01T14:00:00Z,PLUS,85.54,21,Market On Close,Filled,1796.34,"buy" 
2015-05-01T14:00:00Z,MPC,102.66,17,Market On Close,Filled,1745.22,"buy" 
2015-05-01T14:00:00Z,NLNK,46.64,39,Market On Close,Filled,1818.96,"buy" 
2015-05-01T14:00:00Z,SAFM,75.26,3,Market On Close,Filled,225.78,"adjust" 
2015-05-01T14:00:00Z,SCHL,41.21,43,Market On Close,Filled,1772.03,"buy" 
2015-05-01T14:00:00Z,AWR,38.6,45,Market On Close,Filled,1737,"buy" 
2015-05-01T14:00:00Z,STMP,62.01,28,Market On Close,Filled,1736.28,"buy" 
2015-05-01T14:00:00Z,ZUMZ,31.89,10,Market On Close,Filled,318.9,"adjust" 
2015-06-01T14:00:00Z,HES,66.76,-22,Market On Close,Filled,-1468.72,"band" 
2015-06-01T14:00:00Z,CALM,57.29,-12,Market On Close,Filled,-687.48,"adjust" 
2015-06-01T14:00:00Z,MU,28.42,-65,Market On Close,Filled,-1847.3,"band" 
2015-06-01T14:00:00Z,SKX,106.02,-3,Market On Close,Filled,-318.06,"adjust" 
2015-06-01T14:00:00Z,UHS,131.03,-2,Market On Close,Filled,-262.06,"adjust" 
2015-06-01T14:00:00Z,USNA,129.52,-2,Market On Close,Filled,-259.04,"adjust" 
2015-06-01T14:00:00Z,ABFS,34.95,8,Market On Close,Filled,279.6,"adjust" 
2015-06-01T14:00:00Z,CTR,37.1,7,Market On Close,Filled,259.7,"adjust" 
2015-06-01T14:00:00Z,CENX,11.73,31,Market On Close,Filled,363.63,"adjust" 
2015-06-01T14:00:00Z,CVX,102.63,2,Market On Close,Filled,205.26,"adjust" 
2015-06-01T14:00:00Z,DDS,115.92,2,Market On Close,Filled,231.84,"adjust" 
2015-06-01T14:00:00Z,KLIC,13.13,25,Market On Close,Filled,328.25,"adjust" 
2015-06-01T14:00:00Z,LHCG,37.04,48,Market On Close,Filled,1777.92,"buy" 
2015-06-01T14:00:00Z,WLK,70.71,3,Market On Close,Filled,212.13,"adjust" 
2015-07-01T14:00:00Z,CRMT,50.02,-32,Market On Close,Filled,-1600.64,"universe" 
2015-07-01T14:00:00Z,CNC,80.9,-3,Market On Close,Filled,-242.7,"adjust" 
2015-07-01T14:00:00Z,GIII,71.25,-7,Market On Close,Filled,-498.75,"adjust" 
2015-07-01T14:00:00Z,KFY,35.1,-8,Market On Close,Filled,-280.8,"adjust" 
2015-07-01T14:00:00Z,STMP,72.82,-4,Market On Close,Filled,-291.28,"adjust" 
2015-07-01T14:00:00Z,UEPS,18.68,-32,Market On Close,Filled,-597.76,"adjust" 
2015-07-01T14:00:00Z,USPH,54.8,-5,Market On Close,Filled,-274,"adjust" 
2015-07-01T14:00:00Z,VDSI,29.9,-11,Market On Close,Filled,-328.9,"adjust" 
2015-07-01T14:00:00Z,FL,67.99,-4,Market On Close,Filled,-271.96,"adjust" 
2015-07-01T14:00:00Z,ABMD,66.16,27,Market On Close,Filled,1786.32,"buy" 
2015-07-01T14:00:00Z,ARLP,25.02,18,Market On Close,Filled,450.36,"adjust" 
2015-07-01T14:00:00Z,BBY,33.47,7,Market On Close,Filled,234.29,"adjust" 
2015-07-01T14:00:00Z,INTC,30.18,8,Market On Close,Filled,241.44,"adjust" 
2015-07-01T14:00:00Z,METHA,27.34,27,Market On Close,Filled,738.18,"adjust" 
2015-07-01T14:00:00Z,MIC,82.34,21,Market On Close,Filled,1729.14,"buy" 
2015-07-01T14:00:00Z,NJR,27.57,10,Market On Close,Filled,275.7,"adjust" 
2015-07-01T14:00:00Z,WDC,79.44,3,Market On Close,Filled,238.32,"adjust" 
2015-07-01T14:00:00Z,AVA,30.89,7,Market On Close,Filled,216.23,"adjust" 
2015-07-01T14:00:00Z,ZUMZ,26.93,11,Market On Close,Filled,296.23,"adjust" 
2015-08-03T14:00:00Z,ABMD,77.4,-27,Market On Close,Filled,-2089.8,"expired" 
2015-08-03T14:00:00Z,ARLP,24.43,-71,Market On Close,Filled,-1734.53,"band" 
2015-08-03T14:00:00Z,BABY,44.53,-5,Market On Close,Filled,-222.65,"adjust" 
2015-08-03T14:00:00Z,CHE,149.08,-2,Market On Close,Filled,-298.16,"adjust" 
2015-08-03T14:00:00Z,CORE,62.99,-5,Market On Close,Filled,-314.95,"adjust" 
2015-08-03T14:00:00Z,DDS,100.71,-15,Market On Close,Filled,-1510.65,"band" 
2015-08-03T14:00:00Z,DECK,71.58,-25,Market On Close,Filled,-1789.5,"band" 
2015-08-03T14:00:00Z,DEPO,31.17,-23,Market On Close,Filled,-716.91,"adjust" 
2015-08-03T14:00:00Z,NLNK,50.92,-5,Market On Close,Filled,-254.6,"adjust" 
2015-08-03T14:00:00Z,SKX,148.65,-5,Market On Close,Filled,-743.25,"adjust" 
2015-08-03T14:00:00Z,WDC,85.85,-22,Market On Close,Filled,-1888.7,"band" 
2015-08-03T14:00:00Z,WLK,61.84,-25,Market On Close,Filled,-1546,"band" 
2015-08-03T14:00:00Z,AEIS,25.71,68,Market On Close,Filled,1748.28,"buy" 
2015-08-03T14:00:00Z,CENX,8.88,32,Market On Close,Filled,284.16,"adjust" 
2015-08-03T14:00:00Z,CVX,85.6,3,Market On Close,Filled,256.8,"adjust" 
2015-08-03T14:00:00Z,CNC,70.97,3,Market On Close,Filled,212.91,"adjust" 
2015-08-03T14:00:00Z,CRUS,31.43,54,Market On Close,Filled,1697.22,"buy" 
2015-08-03T14:00:00Z,GCI,29.02,12,Market On Close,Filled,348.24,"adjust" 
2015-08-03T14:00:00Z,KLIC,10.09,37,Market On Close,Filled,373.33,"adjust" 
2015-08-03T14:00:00Z,PEG,41.63,42,Market On Close,Filled,1748.46,"buy" 
2015-08-03T14:00:00Z,PSX,78.68,22,Market On Close,Filled,1730.96,"buy" 
2015-08-03T14:00:00Z,RSC,50.43,4,Market On Close,Filled,201.72,"adjust" 
2015-08-03T14:00:00Z,SCVL,27.62,63,Market On Close,Filled,1740.06,"buy" 
2015-08-03T14:00:00Z,KAI,45.1,6,Market On Close,Filled,270.6,"adjust" 
2015-08-03T14:00:00Z,TSRA,34.64,8,Market On Close,Filled,277.12,"adjust" 
2015-08-03T14:00:00Z,VDSI,18.51,29,Market On Close,Filled,536.79,"adjust" 
2015-08-03T14:00:00Z,GHC,688.77,1,Market On Close,Filled,688.77,"adjust" 
2015-09-01T14:00:00Z,BBY,35.45,-8,Market On Close,Filled,-283.6,"adjust" 
2015-09-01T14:00:00Z,CENX,5.32,-191,Market On Close,Filled,-1016.12,"band" 
2015-09-01T14:00:00Z,IDT,15.05,-99,Market On Close,Filled,-1489.95,"universe" 
2015-09-01T14:00:00Z,INTC,27.82,-58,Market On Close,Filled,-1613.56,"band" 
2015-09-01T14:00:00Z,KLIC,10.59,-171,Market On Close,Filled,-1810.89,"band" 
2015-09-01T14:00:00Z,LHCG,44.25,-9,Market On Close,Filled,-398.25,"adjust" 
2015-09-01T14:00:00Z,MYGN,36.65,-51,Market On Close,Filled,-1869.15,"band" 
2015-09-01T14:00:00Z,RSC,50.24,-34,Market On Close,Filled,-1708.16,"universe" 
2015-09-01T14:00:00Z,STMP,79.54,-4,Market On Close,Filled,-318.16,"adjust" 
2015-09-01T14:00:00Z,UEPS,19.8,-15,Market On Close,Filled,-297,"adjust" 
2015-09-01T14:00:00Z,USNA,141.49,-2,Market On Close,Filled,-282.98,"adjust" 
2015-09-01T14:00:00Z,AVA,30.27,-58,Market On Close,Filled,-1755.66,"band" 
2015-09-01T14:00:00Z,ABMD,92.78,17,Market On Close,Filled,1577.26,"buy" 
2015-09-01T14:00:00Z,SWKS,83.05,19,Market On Close,Filled,1577.95,"buy" 
2015-09-01T14:00:00Z,DK,29.44,8,Market On Close,Filled,235.52,"adjust" 
2015-09-01T14:00:00Z,GCI,23.22,10,Market On Close,Filled,232.2,"adjust" 
2015-09-01T14:00:00Z,GMED,23.83,69,Market On Close,Filled,1644.27,"buy" 
2015-09-01T14:00:00Z,HOC,45.28,36,Market On Close,Filled,1630.08,"buy" 
2015-09-01T14:00:00Z,NPK,79.41,20,Market On Close,Filled,1588.2,"buy" 
2015-09-01T14:00:00Z,SUPN,18.83,93,Market On Close,Filled,1751.19,"buy" 
2015-09-01T14:00:00Z,TPL,118.85,2,Market On Close,Filled,237.7,"adjust" 
2015-09-01T14:00:00Z,UFPI,58.8,28,Market On Close,Filled,1646.4,"buy" 
2015-09-01T14:00:00Z,USPH,45.26,5,Market On Close,Filled,226.3,"adjust" 
2015-09-01T14:00:00Z,VDSI,15.69,14,Market On Close,Filled,219.66,"adjust" 
2015-09-01T14:00:00Z,VG,5.45,306,Market On Close,Filled,1667.7,"buy" 
2015-10-01T14:00:00Z,AEIS,26.14,-68,Market On Close,Filled,-1777.52,"band" 
2015-10-01T14:00:00Z,CALM,56.47,-31,Market On Close,Filled,-1750.57,"expired" 
2015-10-01T14:00:00Z,METHA,31.99,-13,Market On Close,Filled,-415.87,"adjust" 
2015-10-01T14:00:00Z,NJR,29.93,-10,Market On Close,Filled,-299.3,"adjust" 
2015-10-01T14:00:00Z,AWR,41.26,-6,Market On Close,Filled,-247.56,"adjust" 
2015-10-01T14:00:00Z,TPL,141.56,-3,Market On Close,Filled,-424.68,"adjust" 
2015-10-01T14:00:00Z,FL,71.15,-4,Market On Close,Filled,-284.6,"adjust" 
2015-10-01T14:00:00Z,ABFS,25.32,11,Market On Close,Filled,278.52,"adjust" 
2015-10-01T14:00:00Z,BCC,25.04,14,Market On Close,Filled,350.56,"adjust" 
2015-10-01T14:00:00Z,CNC,53.77,5,Market On Close,Filled,268.85,"adjust" 
2015-10-01T14:00:00Z,DEPO,19.24,30,Market On Close,Filled,577.2,"adjust" 
2015-10-01T14:00:00Z,GMED,20.89,10,Market On Close,Filled,208.9,"adjust" 
2015-10-01T14:00:00Z,MDP,41.98,5,Market On Close,Filled,209.9,"adjust" 
2015-10-01T14:00:00Z,NLNK,35.32,11,Market On Close,Filled,388.52,"adjust" 
2015-10-01T14:00:00Z,OTL,47.99,35,Market On Close,Filled,1679.65,"buy" 
2015-10-01T14:00:00Z,SUPN,14.15,23,Market On Close,Filled,325.45,"adjust" 
2015-10-01T14:00:00Z,SYKE,25.38,64,Market On Close,Filled,1624.32,"buy" 
2015-10-01T14:00:00Z,UEPS,16.54,15,Market On Close,Filled,248.1,"adjust" 
2015-10-01T14:00:00Z,UTHR,129.38,2,Market On Close,Filled,258.76,"adjust" 
2015-10-01T14:00:00Z,ZUMZ,15.23,38,Market On Close,Filled,578.74,"adjust" 
2015-11-02T15:00:00Z,BCC,30.55,-64,Market On Close,Filled,-1955.2,"band" 
2015-11-02T15:00:00Z,CHE,156.75,-2,Market On Close,Filled,-313.5,"adjust" 
2015-11-02T15:00:00Z,CORE,80.58,-7,Market On Close,Filled,-564.06,"adjust" 
2015-11-02T15:00:00Z,EW,157.51,-2,Market On Close,Filled,-315.02,"adjust" 
2015-11-02T15:00:00Z,GCI,27.66,-8,Market On Close,Filled,-221.28,"adjust" 
2015-11-02T15:00:00Z,MDP,47.28,-38,Market On Close,Filled,-1796.64,"expired" 
2015-11-02T15:00:00Z,NP,68.29,-3,Market On Close,Filled,-204.87,"adjust" 
2015-11-02T15:00:00Z,OTL,55.22,-4,Market On Close,Filled,-220.88,"adjust" 
2015-11-02T15:00:00Z,PSX,90.6,-3,Market On Close,Filled,-271.8,"adjust" 
2015-11-02T15:00:00Z,UFPI,74.72,-5,Market On Close,Filled,-373.6,"adjust" 
2015-11-02T15:00:00Z,VDSI,19.32,-101,Market On Close,Filled,-1951.32,"band" 
2015-11-02T15:00:00Z,ZUMZ,17.87,-104,Market On Close,Filled,-1858.48,"band" 
2015-11-02T15:00:00Z,ABMD,76.5,6,Market On Close,Filled,459,"adjust" 
2015-11-02T15:00:00Z,SWKS,79.3,3,Market On Close,Filled,237.9,"adjust" 
2015-11-02T15:00:00Z,CALM,54.73,32,Market On Close,Filled,1751.36,"buy" 
2015-11-02T15:00:00Z,DK,28.43,8,Market On Close,Filled,227.44,"adjust" 
2015-11-02T15:00:00Z,DEPO,18.89,12,Market On Close,Filled,226.68,"adjust" 
2015-11-02T15:00:00Z,FIX,31.28,54,Market On Close,Filled,1689.12,"buy" 
2015-11-02T15:00:00Z,GIII,53.11,6,Market On Close,Filled,318.66,"adjust" 
2015-11-02T15:00:00Z,MMSI,19.02,93,Market On Close,Filled,1768.86,"buy" 
2015-11-02T15:00:00Z,SCVL,22.63,13,Market On Close,Filled,294.19,"adjust" 
2015-11-02T15:00:00Z,SKX,31.45,22,Market On Close,Filled,691.9,"adjust" 
2015-11-02T15:00:00Z,USNA,130.34,2,Market On Close,Filled,260.68,"adjust" 
2015-11-02T15:00:00Z,WNC,12.38,144,Market On Close,Filled,1782.72,"buy" 
2015-11-02T15:00:00Z,GHC,577.35,1,Market On Close,Filled,577.35,"adjust" 
2015-11-02T15:00:00Z,FL,68.24,3,Market On Close,Filled,204.72,"adjust" 
2015-12-01T15:00:00Z,ABFS,24.33,-63,Market On Close,Filled,-1532.79,"band" 
2015-12-01T15:00:00Z,GMED,27.73,-14,Market On Close,Filled,-388.22,"adjust" 
2015-12-01T15:00:00Z,MIC,76.47,-21,Market On Close,Filled,-1605.87,"band" 
2015-12-01T15:00:00Z,MPC,59.34,-4,Market On Close,Filled,-237.36,"adjust" 
2015-12-01T15:00:00Z,SCVL,21.78,-76,Market On Close,Filled,-1655.28,"universe" 
2015-12-01T15:00:00Z,STMP,101.32,-3,Market On Close,Filled,-303.96,"adjust" 
2015-12-01T15:00:00Z,SYKE,31.83,-9,Market On Close,Filled,-286.47,"adjust" 
2015-12-01T15:00:00Z,USPH,52.53,-4,Market On Close,Filled,-210.12,"adjust" 
2015-12-01T15:00:00Z,VG,6.48,-33,Market On Close,Filled,-213.84,"adjust" 
2015-12-01T15:00:00Z,VLO,72.57,-4,Market On Close,Filled,-290.28,"adjust" 
2015-12-01T15:00:00Z,APU,38.01,8,Market On Close,Filled,304.08,"adjust" 
2015-12-01T15:00:00Z,BBY,31.37,9,Market On Close,Filled,282.33,"adjust" 
2015-12-01T15:00:00Z,FF,14.41,123,Market On Close,Filled,1772.43,"buy" 
2015-12-01T15:00:00Z,GIII,47.39,7,Market On Close,Filled,331.73,"adjust" 
2015-12-01T15:00:00Z,GME,34.7,50,Market On Close,Filled,1735,"buy" 
2015-12-01T15:00:00Z,PARR,24.5,70,Market On Close,Filled,1715,"buy" 
2015-12-01T15:00:00Z,UEPS,15.33,19,Market On Close,Filled,291.27,"adjust" 
