Entry Time,Symbols,Exit Time,Direction,Entry Price,Exit Price,Quantity,P&L,Fees,MAE,MFE,Drawdown,IsWin,Order Ids
2003-02-03T21:00:00Z,"PEGA",2003-03-03T21:00:00Z,Buy,5.5,4.1,61,-85.4,3.9825957713475,-98.82,15.25,114.07,0,"	42,61" 
2003-02-03T21:00:00Z,"DCO",2003-04-01T21:00:00Z,Buy,13.06,10.19,24,-68.88,1.1186818061557,-78.24,1.92,80.16,0,"	10,63" 
2003-02-03T21:00:00Z,"RBIN",2003-04-01T21:00:00Z,Buy,9.31,9.7,35,13.65,1.9396168693609,-11.2,29.4,17.85,1,"	46,64" 
2003-02-03T21:00:00Z,"AAON",2003-05-01T20:00:00Z,Buy,16.18,13.73,20,-49,3.3289249706975,-74,7.4,81.4,0,"	1,67" 
2003-02-03T21:00:00Z,"BMI",2003-05-01T20:00:00Z,Buy,31.63,28.5,10,-31.3,2.2762889285404,-40.7,21.1,61.8,0,"	5,68" 
2003-02-03T21:00:00Z,"NEOG",2003-05-01T20:00:00Z,Buy,15.03,16.77,21,36.54,2.8718868325107,-65.1,36.54,73.92,1,"	36,69" 
2003-02-03T21:00:00Z,"TENT",2003-05-01T20:00:00Z,Buy,8.14,7.49,41,-26.65,2.6347774133218,-44.69,32.8,77.49,0,"	55,70" 
2003-02-03T21:00:00Z,"HOV",2003-06-02T20:00:00Z,Buy,29.61,57.81,5,141,1.8402550965357,-3.75,141,16.45,1,"	23,75" 
2003-02-03T21:00:00Z,"JCOM",2003-06-02T20:00:00Z,Buy,21.23,35.4,7,99.19,5.1960788260923,-4.27,109.97,62.72,1,"	26,76" 
2003-02-03T21:00:00Z,"JOUT",2003-06-02T20:00:00Z,Buy,11.97,11.99,27,0.54,2.4027266304898,-82.89,11.07,82.89,1,"	28,77" 
2003-02-03T21:00:00Z,"MTRX",2003-06-02T20:00:00Z,Buy,8,15.55,15,113.25,3.9300294861702,0,113.25,13.95,1,"	33,79" 
2003-02-03T21:00:00Z,"CW",2003-07-01T20:00:00Z,Buy,54.06,63.5,6,56.64,2.5680780084547,-6.3,63.54,52.68,1,"	9,86" 
2003-02-03T21:00:00Z,"JJSF",2003-07-01T20:00:00Z,Buy,27.53,31.37,12,46.08,1.9601666897425,0,74.16,28.44,1,"	27,87" 
2003-02-03T21:00:00Z,"NUS",2003-07-01T20:00:00Z,Buy,12.14,10.26,26,-48.88,2.3136739324,-84.24,7.28,91.52,0,"	39,88" 
2003-02-03T21:00:00Z,"SCHN",2003-07-01T20:00:00Z,Buy,21.52,43.16,6,129.84,1.8709731129786,-1.92,154.38,30.9,1,"	50,89" 
2003-02-03T21:00:00Z,"TDY",2003-07-01T20:00:00Z,Buy,13.21,13.42,26,5.46,2.493617333811,-58.24,47.06,83.2,1,"	54,91" 
2003-02-03T21:00:00Z,"OXM",2003-08-01T20:00:00Z,Buy,24.02,49.63,5,128.05,1.8584407292177,-9.45,128.05,18.55,1,"	40,99" 
2003-02-03T21:00:00Z,"CAI",2003-09-02T20:00:00Z,Buy,36.89,45.5,8,68.88,1.509898892154,-55.12,68.88,61.6,1,"	6,100" 
2003-02-03T21:00:00Z,"MSN",2003-09-02T20:00:00Z,Buy,7.44,3.8,47,-171.08,2.0946838798202,-216.2,19.74,235.94,0,"	32,101" 
2003-02-03T21:00:00Z,"THO",2003-09-02T20:00:00Z,Buy,27.44,56.7,4,117.04,1.4547193411446,-22.16,117.04,23.6,1,"	56,102" 
2003-02-03T21:00:00Z,"INTL",2003-10-01T20:00:00Z,Buy,22.12,24.48,15,35.4,1.380417564913,-129.45,91.2,129.45,1,"	25,105" 
2003-02-03T21:00:00Z,"JCOM",2003-10-01T20:00:00Z,Buy,10.615,38.47,9,250.7,4.8791080151635,-2.74,299.84,59.31,1,"	26,106" 
2003-02-03T21:00:00Z,"NSSC",2003-10-01T20:00:00Z,Buy,9.68,8.82,33,-28.38,2.9458163900088,-56.43,2.31,57.75,0,"	38,107" 
2003-02-03T21:00:00Z,"FLXS",2003-11-03T21:00:00Z,Buy,15.4,19.5,21,86.1,3.9682081192708,-48.3,103.74,61.32,1,"	19,112" 
2003-02-03T21:00:00Z,"MIDD",2003-11-03T21:00:00Z,Buy,11.3,27.69,12,196.68,4.4956835231252,-12.12,196.68,51.36,1,"	30,114" 
2003-02-03T21:00:00Z,"NHC",2003-11-03T21:00:00Z,Buy,17.4,20.4,18,54,2.1450907743416,-57.6,66.96,124.56,1,"	37,115" 
2003-02-03T21:00:00Z,"MMSI",2003-12-01T21:00:00Z,Buy,13.237911253225,30.5,7,120.83,2.5797015113166,-2.26,126.92,16.45,1,"	31,122" 
2003-02-03T21:00:00Z,"MTRX",2003-12-01T21:00:00Z,Buy,4,17.11,18,235.98,1.491967694949,0,235.98,38.7,1,"	33,123" 
2003-02-03T21:00:00Z,"SCHN",2003-12-01T21:00:00Z,Buy,10.759984828408,50.23,9,355.23,0.52084424566581,-1.44,391.14,55.62,1,"	50,124" 
2003-02-03T21:00:00Z,"UTMD",2003-12-01T21:00:00Z,Buy,17.66,22.56,18,88.2,2.7606344309459,-2.88,132.66,59.94,1,"	58,125" 
2003-02-03T21:00:00Z,"AVD",2004-01-02T21:00:00Z,Buy,14.199970464121,37.9,8,189.6,1.6364923939066,-3.73,195.92,28.48,1,"	2,130" 
2003-02-03T21:00:00Z,"COLM",2004-01-02T21:00:00Z,Buy,35.05,54.77,9,177.48,2.4877570760579,-20.25,218.07,69.57,1,"	8,131" 
2003-02-03T21:00:00Z,"ESE",2004-01-02T21:00:00Z,Buy,34.5,44,9,85.5,1.238477874029,-32.58,129.87,80.46,1,"	15,132" 
2003-02-03T21:00:00Z,"MIDD",2004-01-02T21:00:00Z,Buy,11.3,40.96,5,148.3,0.51265134667655,-5.05,161.95,21.4,1,"	30,135" 
2003-02-03T21:00:00Z,"RVFD",2004-01-02T21:00:00Z,Buy,24.95,27.7,12,33,3.3082634234333,-33.72,62.64,51.24,1,"	49,137" 
2003-02-03T21:00:00Z,"QSII",2004-02-02T21:00:00Z,Buy,25.3,52.81,4,110.04,1.0422403703328,-14.6,138.8,40.12,1,"	44,144" 
2003-02-03T21:00:00Z,"EDUC",2004-03-01T21:00:00Z,Buy,9.2,10.61,36,50.76,4.3028231566367,-9,157.68,124.2,1,"	13,148" 
2003-02-03T21:00:00Z,"EGN",2004-03-01T21:00:00Z,Buy,29.99,41.99,10,120,1.7842340507698,-14.1,145.3,31.5,1,"	14,149" 
2003-02-03T21:00:00Z,"MTSC",2004-03-01T21:00:00Z,Buy,10.81,27.76,10,169.5,3.8079365531452,-4.7,169.5,19,1,"	34,150" 
2003-02-03T21:00:00Z,"NEB",2004-03-01T21:00:00Z,Buy,21.96,32.04,14,141.12,2.5707870648414,-13.16,141.12,74.2,1,"	35,151" 
2003-02-03T21:00:00Z,"SGC",2004-04-01T21:00:00Z,Buy,12.1,16.39,27,115.83,2.4372822226719,-51.3,129.6,67.5,1,"	51,165" 
2003-02-03T21:00:00Z,"SHOO",2004-04-01T21:00:00Z,Buy,16.99,19.88,19,54.91,2.162499039112,-37.24,113.62,92.53,1,"	52,166" 
2003-02-03T21:00:00Z,"HCSG",2004-05-03T20:00:00Z,Buy,8.4866809879295,15.99,37,277.62,1.1550827379763,-36.75,314.99,52.05,1,"	22,172" 
2003-02-03T21:00:00Z,"AVD",2004-06-01T20:00:00Z,Buy,9.4666603555724,38.78,6,175.88,0.5151484375,-1.87,178.1,67.08,1,"	2,178" 
2003-02-03T21:00:00Z,"ANSS",2004-06-01T20:00:00Z,Buy,18.7,43.91,5,126.05,1.9038914492128,0,129,40.6,1,"	3,179" 
2003-02-03T21:00:00Z,"BIO",2004-06-01T20:00:00Z,Buy,35.48,56.71,9,191.07,1.3392226596547,-17.82,241.83,120.96,1,"	4,180" 
2003-02-03T21:00:00Z,"HOV",2004-06-01T20:00:00Z,Buy,14.805,35.17,12,244.38,0.52990646258503,-4.5,401.58,195.84,1,"	23,181" 
2003-02-03T21:00:00Z,"MIDD",2004-06-01T20:00:00Z,Buy,11.3,63,4,206.8,1.5959943664774,-4.04,206.8,33.72,1,"	30,182" 
2003-02-03T21:00:00Z,"METHA",2004-07-01T20:00:00Z,Buy,8.91,12.47,36,128.16,2.5571063005584,-30.96,179.64,114.12,1,"	29,186" 
2003-02-03T21:00:00Z,"MMSI",2004-08-02T20:00:00Z,Buy,9.92823487125,16.38,22.666125866852,146.24,0.58248222748815,-5.48,341.39,264.74,1,"	31,195" 
2003-02-03T21:00:00Z,"MTRX",2004-08-02T20:00:00Z,Buy,4,7.63,32,116.16,1.4634381479784,0,502.4,408,1,"	33,196" 
2003-02-03T21:00:00Z,"RAVN",2004-08-02T20:00:00Z,Buy,15.68,39.49,6,142.86,1.9518806515631,0,142.86,41.76,1,"	45,198" 
2003-02-03T21:00:00Z,"JCOM",2004-09-01T20:00:00Z,Buy,10.615,25.94,11,168.58,0.55380679573291,-3.36,396.94,303.93,1,"	26,205" 
2003-02-03T21:00:00Z,"EASI",2004-10-01T20:00:00Z,Buy,24.293297986551,46.38,12,265.04,2.827361083093,-34.8,434.48,235.56,1,"	11,215" 
2003-02-03T21:00:00Z,"POG",2004-10-01T20:00:00Z,Buy,12.716,30.14,24,418.18,2.899282221711,0,442.66,145.92,1,"	43,217" 
2003-02-03T21:00:00Z,"THO",2004-10-01T20:00:00Z,Buy,13.72,27.66,16,223.04,0.54181405895692,-44.32,330.4,176.48,1,"	56,219" 
2003-02-03T21:00:00Z,"TTWO",2004-10-01T20:00:00Z,Buy,20.82,34.81,15,209.85,4.3389677706752,-30.45,304.05,199.35,1,"	57,220" 
2003-02-03T21:00:00Z,"OXM",2004-11-01T21:00:00Z,Buy,12.01,37.29,16,404.48,0.98821123987717,-15.12,557.44,180.32,1,"	40,233" 
2003-02-03T21:00:00Z,"SCHN",2004-12-01T21:00:00Z,Buy,7.1733268056,35.7,13,370.85,1.5762873211169,-1.39,454.39,249.3,1,"	50,243" 
2003-02-03T21:00:00Z,"SRT",2005-01-03T21:00:00Z,Buy,27.11,27.8,12,8.28,3.0625495969603,-63.12,191.76,188.4,1,"	53,250" 
2003-02-03T21:00:00Z,"EBF",2005-02-01T21:00:00Z,Buy,11.31,17.33,29,174.58,1.7857610294853,-7.25,309.43,148.77,1,"	12,255" 
2003-02-03T21:00:00Z,"QSII",2005-02-01T21:00:00Z,Buy,25.3,68.94,9,392.76,0.52281774051192,-32.85,392.76,182.34,1,"	44,257" 
2003-02-03T21:00:00Z,"ANSS",2005-03-01T21:00:00Z,Buy,9.35,35.87,6,159.12,0.51496245828699,0,167.58,26.64,1,"	3,262" 
2003-02-03T21:00:00Z,"HCSG",2005-03-01T21:00:00Z,Buy,8.4866809879295,23.32,0.49993671879991,7.42,1.3313521064971,-0.5,7.48,1.29,1,"	22,263" 
2003-02-03T21:00:00Z,"AVD",2005-04-01T21:00:00Z,Buy,9.4666603555724,42.26,14,459.11,2.7748704086774,-4.36,502.79,189.84,1,"	2,266" 
2003-02-03T21:00:00Z,"CNXS",2005-04-01T21:00:00Z,Buy,6.57,17.57,13,143,3.0232279959143,-9.1,149.63,67.73,1,"	7,268" 
2003-02-03T21:00:00Z,"MIDD",2005-04-01T21:00:00Z,Buy,11.3,49.02,9,339.48,1.4444021327253,-9.09,465.3,154.62,1,"	30,269" 
2003-02-03T21:00:00Z,"RCII",2005-04-01T21:00:00Z,Buy,20.944,26.95,15,90.09,2.0368950231452,-38.82,204.84,166.95,1,"	47,271" 
2003-02-03T21:00:00Z,"WSO",2005-04-01T21:00:00Z,Buy,15.9,42.12,6,157.32,2.5952234282915,-17.76,158.04,29.1,1,"	60,274" 
2003-02-03T21:00:00Z,"FAF",2005-05-02T20:00:00Z,Buy,22.76,36.43,6,82.02,1.050312819641,-6.18,90,44.28,1,"	16,282" 
2003-02-03T21:00:00Z,"FIZ",2005-06-01T20:00:00Z,Buy,7.6350091620037,8.18,41.99994960004,22.89,1.4827639161929,-30.87,149.73,172.62,1,"	18,289" 
2003-02-03T21:00:00Z,"IDXX",2005-06-01T20:00:00Z,Buy,34.84,57.87,9,207.27,2.0552446544143,-15.12,296.19,194.58,1,"	24,291" 
2003-02-03T21:00:00Z,"RIMG",2005-06-01T20:00:00Z,Buy,8.32,21.3,11,142.78,2.2054615939836,0,154.11,55.88,1,"	48,292" 
2003-02-03T21:00:00Z,"CNXS",2005-08-01T20:00:00Z,Buy,6.57,26.5,9,179.37,0.5234467164766,-6.3,179.37,46.89,1,"	7,308" 
2003-02-03T21:00:00Z,"WSO",2005-12-01T21:00:00Z,Buy,15.9,63.29,4,189.56,0.99945183275954,-11.84,189.56,21.44,1,"	60,349" 
2003-02-03T21:00:00Z,"RAVN",2006-03-01T21:00:00Z,Buy,7.84,36,6,168.96,0.76789201795949,0,170.34,56.64,1,"	45,371" 
2003-02-03T21:00:00Z,"MTSC",2006-04-03T20:00:00Z,Buy,10.81,41.33,20,610.4,3.8197406277534,-9.4,640,249.6,1,"	34,382" 
2003-02-03T21:00:00Z,"FRGO",2006-06-01T20:00:00Z,Buy,8.5,24.9,40,656,5.4432097035414,-25.6,656,327.6,1,"	20,412" 
2003-02-03T21:00:00Z,"RIMG",2006-08-01T20:00:00Z,Buy,8.32,23.92,29,452.4,0.59577823408624,0,725.87,452.11,1,"	48,435" 
2003-02-03T21:00:00Z,"ANSS",2006-09-01T20:00:00Z,Buy,9.35,46,18,659.7,0.54428754813864,0,864.9,300.96,1,"	3,441" 
2003-02-03T21:00:00Z,"CNXS",2006-09-01T20:00:00Z,Buy,6.57,28.1,27,581.31,5.8511968181744,-18.9,638.01,275.13,1,"	7,443" 
2003-02-03T21:00:00Z,"WSO",2006-09-01T20:00:00Z,Buy,15.9,43.58,11,304.48,2.4183948518754,-32.56,621.5,332.31,1,"	60,447" 
2003-02-03T21:00:00Z,"RAVN",2006-10-02T20:00:00Z,Buy,7.84,28.97,22,464.86,0.55309396867711,0,748,331.98,1,"	45,460" 
2003-02-03T21:00:00Z,"SCHN",2006-11-01T21:00:00Z,Buy,7.1733268056,34.9,0.50003132001898,13.86,0.55740131578947,-0.05,17.48,9.59,1,"	50,470" 
2003-02-03T21:00:00Z,"FAF",2006-12-01T21:00:00Z,Buy,22.76,38.63,8,126.96,0.55260894941634,-8.24,210.56,103.84,1,"	16,477" 
2003-02-03T21:00:00Z,"PDX",2006-12-01T21:00:00Z,Buy,18.12,48.55,16,486.88,2.2432542892004,-103.36,547.2,167.36,1,"	41,481" 
2003-02-03T21:00:00Z,"WMK",2006-12-01T21:00:00Z,Buy,31.15,39.89,10,87.4,2.0531402836229,-32.1,150.1,80,1,"	59,483" 
2003-02-03T21:00:00Z,"GCI",2007-05-01T20:00:00Z,Buy,72.01,58.16,4,-55.4,2.6816850394858,-81.4,75.64,157.04,0,"	21,543" 
2003-02-03T21:00:00Z,"EXPO",2007-11-01T20:00:00Z,Buy,7.27,29.52,13,289.25,2.5123720629788,-10.66,298.22,48.49,1,"	17,642" 
2003-02-03T21:00:00Z,"EXPO",2008-04-01T20:00:00Z,Buy,7.27,33,7,180.11,1.9784880235526,-5.74,194.25,26.32,1,"	17,725" 
2003-02-03T21:00:00Z,"EXPO",2009-11-02T21:00:00Z,Buy,7.27,26.11,24,452.16,2.3035522978279,-19.68,714,410.4,1,"	17,993" 
2003-03-03T21:00:00Z,"OIS",2003-06-02T20:00:00Z,Buy,11.43,13.1,28,46.76,3.3908521922155,-38.64,52.36,55.16,1,"	62,80" 
2003-04-01T21:00:00Z,"KOSS",2003-06-02T20:00:00Z,Buy,17.49,15.7,18,-32.22,3.7116581932232,-44.82,36.18,81,0,"	66,78" 
2003-04-01T21:00:00Z,"GDT",2006-04-22T04:00:00Z,Buy,36.83,80.05,9,388.98,1.7829702573166,-11.52,388.98,199.08,1,"	65,395" 
2003-05-01T20:00:00Z,"BWS",2003-07-01T20:00:00Z,Buy,29.65,29.65,12,0,1.0605638516098,-55.8,21.12,76.92,0,"	72,85" 
2003-05-01T20:00:00Z,"TALK",2003-07-01T20:00:00Z,Buy,8.81,10.46,40,66,1.1953184403765,-49.2,178,125.6,1,"	74,90" 
2003-05-01T20:00:00Z,"RGCO",2003-10-01T20:00:00Z,Buy,19.68,22.93,18,58.5,2.4593153307643,-3.24,97.92,46.26,1,"	73,108" 
2003-05-01T20:00:00Z,"ANK",2003-12-01T21:00:00Z,Buy,17.88,27,20,182.4,1.1031214491452,0,182.4,69,1,"	71,119" 
2003-06-02T20:00:00Z,"AMSWA",2003-07-01T20:00:00Z,Buy,4.75,4.35,76,-30.4,2.5500368481362,-36.48,11.4,47.88,0,"	81,84" 
2003-06-02T20:00:00Z,"LANC",2003-11-03T21:00:00Z,Buy,38.69,40.46,9,15.93,2.040483788047,-0.27,29.7,23.67,1,"	82,113" 
2003-06-02T20:00:00Z,"UGI",2004-03-01T21:00:00Z,Buy,34.13,32.96,11,-12.87,2.2459937206056,-57.2,7.92,65.12,0,"	83,153" 
2003-07-01T20:00:00Z,"HOC",2003-12-01T21:00:00Z,Buy,27.75,27,14,-10.5,1.8035699093104,-48.58,7.14,55.72,0,"	93,120" 
2003-07-01T20:00:00Z,"HWKN",2003-12-01T21:00:00Z,Buy,10.4,13.09,39,104.91,4.3599235559465,-4.68,135.72,49.14,1,"	94,121" 
2003-07-01T20:00:00Z,"MAIR",2004-01-02T21:00:00Z,Buy,5.92,7.71,65,116.35,6.0230544382675,0,124.8,91.65,1,"	95,134" 
2003-07-01T20:00:00Z,"PETD",2004-01-02T21:00:00Z,Buy,9.16,23.1,21,292.74,3.7497857398345,-11.13,333.69,40.95,1,"	97,136" 
2003-07-01T20:00:00Z,"PCCC",2004-02-02T21:00:00Z,Buy,6.71,10.01,58,191.4,6.6693554224245,0,367.72,345.1,1,"	96,143" 
2003-07-01T20:00:00Z,"WDC",2004-03-01T21:00:00Z,Buy,11.85,11.58,38,-10.26,1.2047259338163,-122.74,112.86,194.94,0,"	98,154" 
2003-07-01T20:00:00Z,"PETD",2004-10-01T20:00:00Z,Buy,9.16,43.73,10,345.7,0.52490886306676,-5.3,347.3,95.7,1,"	97,216" 
2003-07-01T20:00:00Z,"PETD",2005-04-01T21:00:00Z,Buy,9.16,37.34,12,338.16,1.3259145135984,-6.36,472.32,190.8,1,"	97,270" 
2003-07-01T20:00:00Z,"AXE",2006-04-03T20:00:00Z,Buy,21.96,47.29,17,430.61,2.2498111582121,-15.81,437.07,129.2,1,"	92,377" 
2003-09-02T20:00:00Z,"HUBG",2004-01-02T21:00:00Z,Buy,10.79,21.42,17,180.71,1.8535184663205,-2.38,190.57,21.93,1,"	103,133" 
2003-09-02T20:00:00Z,"SAFM",2004-03-01T21:00:00Z,Buy,20.16667675,35.85,7,109.78,1.0556231507959,0,130.85,24.57,1,"	104,152" 
2003-09-02T20:00:00Z,"HUBG",2004-04-01T21:00:00Z,Buy,10.79,29.03,7,127.68,1.6611838082366,-0.98,139.09,32.06,1,"	103,164" 
2003-09-02T20:00:00Z,"SAFM",2004-07-01T20:00:00Z,Buy,20.16667675,52.39,5,161.12,0.90843820524928,0,174.17,29.25,1,"	104,188" 
2003-09-02T20:00:00Z,"HUBG",2004-11-01T21:00:00Z,Buy,10.79,38.67,5,139.4,0.81899100700974,-0.7,158.35,62.25,1,"	103,232" 
2003-09-02T20:00:00Z,"SAFM",2005-07-01T20:00:00Z,Buy,20.16667675,45.97,10.499988750006,270.93,0.54046654929577,0,365.75,247.8,1,"	104,301" 
2003-09-02T20:00:00Z,"HUBG",2005-10-03T20:00:00Z,Buy,5.395,34.19,7,201.56,0.51633428883429,-0.49,220.74,60.94,1,"	103,328" 
2003-09-02T20:00:00Z,"HUBG",2006-12-01T21:00:00Z,Buy,2.6975,28.17,8,203.78,0.51974071478626,-0.28,215.54,39.88,1,"	103,478" 
2003-09-02T20:00:00Z,"HUBG",2007-12-03T21:00:00Z,Buy,2.6975,25.95,30,697.58,0.57462615030675,-1.05,1087.88,458.1,1,"	103,655" 
2003-10-01T20:00:00Z,"CMTL",2004-07-01T20:00:00Z,Buy,24.07,21.45,18,-47.16,1.12356848881,-162.72,277.56,440.28,0,"	109,185" 
2003-10-01T20:00:00Z,"ODP",2005-08-01T20:00:00Z,Buy,14.6,27.96,8,106.88,1.1025617471575,-6,111.44,42.56,1,"	111,309" 
2003-10-01T20:00:00Z,"ODP",2006-06-01T20:00:00Z,Buy,14.6,42.58,5,139.9,0.51279447115385,-3.75,149.65,32.9,1,"	111,414" 
2003-10-01T20:00:00Z,"MDU",2007-05-01T20:00:00Z,Buy,15.222208110697,30.6,7,107.64,1.9250100671255,-3.38,112.47,24.41,1,"	110,547" 
2003-10-01T20:00:00Z,"ODP",2008-03-03T21:00:00Z,Buy,14.6,11.08,19,-66.88,2.6600694073381,-66.88,568.67,635.55,0,"	111,704" 
2003-10-01T20:00:00Z,"MDU",2008-07-01T20:00:00Z,Buy,15.222208110697,34.89,6,118.01,0.86046453990164,-2.89,118.01,41.4,1,"	110,785" 
2003-10-01T20:00:00Z,"MDU",2009-06-01T20:00:00Z,Buy,15.222208110697,19.61,16.250027115784,71.3,0.59571041214751,-35.79,319.6,355.39,1,"	110,952" 
2003-11-03T21:00:00Z,"ATRI",2004-04-01T21:00:00Z,Buy,42.4,42.18,11,-2.42,3.1230566694639,-42.79,83.6,126.39,0,"	116,162" 
2003-11-03T21:00:00Z,"BWS",2004-10-01T20:00:00Z,Buy,35.22,25.14,14,-141.12,2.5621394631539,-151.2,93.94,245.14,0,"	117,212" 
2003-11-03T21:00:00Z,"CRMT",2004-10-01T20:00:00Z,Buy,30.24,34,15,56.4,3.03811796082,-89.85,107.1,184.95,1,"	118,213" 
2003-12-01T21:00:00Z,"RBIN",2004-08-02T20:00:00Z,Buy,14.09,20.3,10,62.1,4.1935741230906,-0.1,62.1,15,1,"	127,199" 
2003-12-01T21:00:00Z,"RBIN",2004-09-01T20:00:00Z,Buy,14.09,19.96,27,158.49,1.5001058761545,-0.27,170.37,40.5,1,"	127,207" 
2003-12-01T21:00:00Z,"GFF",2005-05-02T20:00:00Z,Buy,19.9,18.99,26,-23.66,1.8998794752249,-23.66,198.64,222.3,0,"	126,283" 
2003-12-01T21:00:00Z,"TSAI",2006-07-03T17:00:00Z,Buy,20,42.17,6,133.02,1.0812332541392,-31.26,136.26,59.7,1,"	129,427" 
2003-12-01T21:00:00Z,"TALK",2006-09-01T20:00:00Z,Buy,10.9,5.84,46,-232.76,2.1991223054465,-270.94,52.9,323.84,0,"	128,445" 
2003-12-01T21:00:00Z,"TSAI",2007-02-01T21:00:00Z,Buy,20,36.99,20,339.8,1.7221870782012,-104.2,454.2,231.6,1,"	129,506" 
2004-01-02T21:00:00Z,"ZIGO",2004-02-02T21:00:00Z,Buy,16.87,19.38,32,80.32,3.5958322611877,-2.56,107.84,68.16,1,"	142,145" 
2004-01-02T21:00:00Z,"BKH",2004-04-01T21:00:00Z,Buy,29.87,32.08,18,39.78,2.456611104007,-9.72,39.78,26.64,1,"	138,163" 
2004-01-02T21:00:00Z,"NUS",2004-07-01T20:00:00Z,Buy,17.2,25.5,8,66.4,2.1526541185739,-4,66.64,25.84,1,"	140,187" 
2004-01-02T21:00:00Z,"JCOM",2004-09-01T20:00:00Z,Buy,24.86,25.94,10,10.8,0.52509083568833,-145.5,218.4,91.3,1,"	139,205" 
2004-01-02T21:00:00Z,"RSC",2005-04-01T21:00:00Z,Buy,14.35,14,38,-13.3,1.4376659724727,-117.8,147.44,210.9,0,"	141,272" 
2004-01-02T21:00:00Z,"NUS",2005-05-02T20:00:00Z,Buy,17.2,22.11,23,112.93,1.9548462651822,-15.87,242.19,258.06,1,"	140,284" 
2004-02-02T21:00:00Z,"B",2004-11-01T21:00:00Z,Buy,29.35,26.65,17,-45.9,1.3461118134857,-80.58,8.33,88.91,0,"	146,229" 
2004-02-02T21:00:00Z,"CALM",2005-01-03T21:00:00Z,Buy,18.5,11.96,30,-196.2,1.1613701010741,-255,95.7,350.7,0,"	147,247" 
2004-03-01T21:00:00Z,"ASGN",2004-04-01T21:00:00Z,Buy,5.79,5.5,98,-28.42,5.3000942723721,-68.6,20.58,89.18,0,"	156,161" 
2004-03-01T21:00:00Z,"AHS",2004-09-01T20:00:00Z,Buy,18.37,11.54,30,-204.9,4.2761820889116,-210.6,3.3,213.9,0,"	155,204" 
2004-03-01T21:00:00Z,"DGII",2005-01-03T21:00:00Z,Buy,11.84,16.82,12,59.76,2.1351130073174,-37.92,66.36,38.28,1,"	157,248" 
2004-03-01T21:00:00Z,"PEGA",2005-01-03T21:00:00Z,Buy,9.25,8.54,62,-44.02,2.6656691283768,-207.7,40.3,248,0,"	158,249" 
2004-03-01T21:00:00Z,"PNM",2005-09-01T20:00:00Z,Buy,20.42001021,29.61,26,238.94,1.1104590902688,-38.13,256.36,49.92,1,"	159,318" 
2004-03-01T21:00:00Z,"DGII",2005-12-01T21:00:00Z,Buy,11.84,13.29,36,52.2,0.64468118195956,-113.76,199.08,271.08,1,"	157,346" 
2004-03-01T21:00:00Z,"WMK",2006-12-01T21:00:00Z,Buy,32.54,39.89,7,51.45,0.90117226174331,-32.2,95.34,56,1,"	160,483" 
2004-03-01T21:00:00Z,"PNM",2013-08-01T20:00:00Z,Buy,20.42001021,23.76,0.99998650000675,3.34,0.64419931856899,-1.47,9.86,10,1,"	159,1645" 
2004-04-01T21:00:00Z,"SHEN",2004-07-01T20:00:00Z,Buy,22.56,26.3,25,93.5,8.458084043794,-1.5,192,193.5,1,"	171,189" 
2004-04-01T21:00:00Z,"QDEL",2004-08-02T20:00:00Z,Buy,6.41,3.46,86,-253.7,1.4253774658574,-261.44,202.1,463.54,0,"	170,197" 
2004-04-01T21:00:00Z,"OTL",2005-02-01T21:00:00Z,Buy,29.88,20.38,18,-171,2.0635415613611,-201.42,33.66,235.08,0,"	169,256" 
2004-04-01T21:00:00Z,"MTLM",2005-03-01T21:00:00Z,Buy,18.5,30.02,8,92.16,1.7748692768925,-52,93.68,61.8,1,"	168,265" 
2004-04-01T21:00:00Z,"FARO",2005-11-01T21:00:00Z,Buy,23.12,20.67,24,-58.8,5.2174872405629,-131.76,208.32,324.48,0,"	167,338" 
2004-04-01T21:00:00Z,"MTLM",2006-04-03T20:00:00Z,Buy,18.5,31.87,8,106.96,0.52013902053712,-52,109.92,107.04,1,"	168,381" 
2004-04-01T21:00:00Z,"MTLM",2007-02-01T21:00:00Z,Buy,18.5,41.23,5,113.65,0.51257625671059,-32.5,113.65,66.9,1,"	168,502" 
2004-04-01T21:00:00Z,"MTLM",2007-10-01T20:00:00Z,Buy,18.5,53.94,4,141.76,0.50994652406417,-26,149.4,53.52,1,"	168,628" 
2004-04-01T21:00:00Z,"MTLM",2008-03-03T21:00:00Z,Buy,18.5,58.85,4,161.4,0.50966655716163,-26,180.4,56.24,1,"	168,702" 
2004-04-01T21:00:00Z,"MTLM",2008-03-15T04:00:00Z,Buy,18.5,55.27,1,36.77,0,-6.5,45.1,14.06,1,"	168,722" 
2004-05-03T20:00:00Z,"CMTL",2004-07-01T20:00:00Z,Buy,16.64,21.45,15,72.15,0.53856613102596,-24.15,342.75,38.7,1,"	174,185" 
2004-05-03T20:00:00Z,"MMSI",2004-08-02T20:00:00Z,Buy,15.9,16.38,11.333874133148,5.44,0.53289306174411,-70.42,103.02,29.35,1,"	175,195" 
2004-05-03T20:00:00Z,"MTRX",2004-08-02T20:00:00Z,Buy,10.73,7.63,20,-62,1.1137848629017,-134.6,179.4,104.2,0,"	176,196" 
2004-05-03T20:00:00Z,"NSIT",2004-09-01T20:00:00Z,Buy,16.97,16.03,32,-30.08,3.8167868041813,-94.4,49.6,144,0,"	177,206" 
2004-05-03T20:00:00Z,"CALM",2005-01-03T21:00:00Z,Buy,11.62,11.96,19,6.46,0.54999547101449,-30.78,191.33,107.35,1,"	173,247" 
2004-05-03T20:00:00Z,"MMSI",2006-01-03T21:00:00Z,Buy,15.9,12.43,1.6661258668523,-5.78,0.65102347611203,-10.35,15.15,8.3,0,"	175,357" 
2004-06-01T20:00:00Z,"SPRT",2005-04-01T21:00:00Z,Buy,9.7,5.17,56,-253.68,4.738829488797,-269.36,61.6,330.96,0,"	184,273" 
2004-06-01T20:00:00Z,"LPX",2006-08-01T20:00:00Z,Buy,23.52,19.86,23,-84.18,1.9025946509826,-92.23,136.39,228.62,0,"	183,434" 
2004-07-01T20:00:00Z,"CRUS",2004-10-01T20:00:00Z,Buy,5.8,5.42,97,-36.86,4.6901041331225,-116.4,25.22,141.62,0,"	190,214" 
2004-07-01T20:00:00Z,"HCSG",2005-03-01T21:00:00Z,Buy,15.25,23.32,9.5000632812001,76.67,3.6579446722444,-73.69,77.9,24.61,1,"	192,263" 
2004-07-01T20:00:00Z,"TESS",2005-06-01T20:00:00Z,Buy,17.25,12.75,33,-148.5,4.0882422885167,-231.99,0,231.99,0,"	194,293" 
2004-07-01T20:00:00Z,"HCSG",2006-07-03T17:00:00Z,Buy,10.166667238542,20.73,41,433.1,0.97445079169808,-212.02,506.9,239.03,1,"	192,424" 
2004-07-01T20:00:00Z,"TALK",2006-09-01T20:00:00Z,Buy,7.7,5.84,29,-53.94,1.2499402186559,-78.01,126.15,173.71,0,"	193,445" 
2004-07-01T20:00:00Z,"FAF",2006-12-01T21:00:00Z,Buy,25.47,38.63,8,105.28,0.80832625436097,-29.92,188.88,103.84,1,"	191,477" 
2004-08-02T20:00:00Z,"ESCA",2004-11-01T21:00:00Z,Buy,10.99,14.02,50,151.5,1.2518652021717,-21,262.5,162.5,1,"	201,231" 
2004-08-02T20:00:00Z,"FIZ",2005-06-01T20:00:00Z,Buy,8.4,8.18,23.00005039996,-5.06,1.1759381006999,-34.5,64.4,61.18,0,"	202,289" 
2004-08-02T20:00:00Z,"ZEUS",2005-08-01T20:00:00Z,Buy,24.7,15.89,23,-202.63,1.1498431486803,-264.27,119.6,383.87,0,"	203,310" 
2004-08-02T20:00:00Z,"AMED",2007-01-03T21:00:00Z,Buy,20.51301965,33.3,26,332.46,3.6762021400748,-36.08,377.92,313.18,1,"	200,493" 
2004-08-02T20:00:00Z,"AMED",2007-05-01T20:00:00Z,Buy,20.51301965,33.86,0.66599112822475,8.89,0.5729043062201,-0.92,9.68,8.02,1,"	200,540" 
2004-08-02T20:00:00Z,"FIZ",2007-08-01T20:00:00Z,Buy,6.9999972,9.79,1.1999400000244,3.35,3.0911510480177,-1.5,9.38,6.08,1,"	202,597" 
2004-09-01T20:00:00Z,"SEB",2004-10-01T20:00:00Z,Buy,543,608,1,65,2.0453429077003,-1.9,117.95,90.95,1,"	211,218" 
2004-09-01T20:00:00Z,"HOC",2005-03-01T21:00:00Z,Buy,20.91,37.11,9,145.8,1.08831876406,-2.34,151.11,38.52,1,"	210,264" 
2004-09-01T20:00:00Z,"ECOL",2005-07-01T20:00:00Z,Buy,9.29,17.56,22,181.94,1.1998677600111,0,190.96,54.56,1,"	209,299" 
2004-09-01T20:00:00Z,"CYBE",2005-09-01T20:00:00Z,Buy,16.74,13.9,30,-85.2,2.7583764404586,-193.8,12.9,206.7,0,"	208,313" 
2004-09-01T20:00:00Z,"HOC",2005-09-01T20:00:00Z,Buy,20.91,57.21,5,181.5,0.51270204262877,-1.3,181.5,31.45,1,"	210,314" 
2004-09-01T20:00:00Z,"ECOL",2006-04-03T20:00:00Z,Buy,9.29,20.06,10,107.7,0.52459538989701,0,111.3,55.2,1,"	209,379" 
2004-09-01T20:00:00Z,"ECOL",2006-05-01T20:00:00Z,Buy,9.29,25.5,9,145.89,0.52150487256372,0,156.51,49.68,1,"	209,396" 
2004-09-01T20:00:00Z,"HOC",2006-06-01T20:00:00Z,Buy,20.91,85,3,192.27,1.558213232685,-0.78,192.27,50.43,1,"	210,413" 
2004-09-01T20:00:00Z,"ECOL",2006-10-02T20:00:00Z,Buy,9.29,19.63,17,175.78,2.4544853464009,0,306,147.73,1,"	209,457" 
2004-09-01T20:00:00Z,"HOC",2007-05-01T20:00:00Z,Buy,10.455,63.14,4,210.74,0.87279131254527,-0.52,215.42,65.8,1,"	210,545" 
2004-09-01T20:00:00Z,"HOC",2008-01-02T21:00:00Z,Buy,10.455,50.71,14,563.57,2.3806621222756,-1.82,971.81,478.94,1,"	210,670" 
2004-10-01T20:00:00Z,"CACS",2004-11-01T21:00:00Z,Buy,8.11,9.11,80,80,11.044437777862,-41.6,80,47.2,1,"	222,230" 
2004-10-01T20:00:00Z,"MTEX",2004-12-01T21:00:00Z,Buy,14.49,21.99,12,90,2.7410774311127,0,106.56,41.52,1,"	224,242" 
2004-10-01T20:00:00Z,"APU",2005-02-01T21:00:00Z,Buy,29.89,30.2,18,5.58,1.0910000996662,-38.16,20.7,47.34,1,"	221,254" 
2004-10-01T20:00:00Z,"SAFM",2005-07-01T20:00:00Z,Buy,35.03,45.97,5.5000112499944,60.17,1.1006579946371,-81.75,109.84,57.86,1,"	228,301" 
2004-10-01T20:00:00Z,"MTEX",2005-10-03T20:00:00Z,Buy,14.49,11.7,27,-75.33,0.63822784810127,-115.83,309.69,425.52,0,"	224,329" 
2004-10-01T20:00:00Z,"LAWS",2005-11-01T21:00:00Z,Buy,42.03,35.32,13,-87.23,3.7014014931972,-140.14,154.05,294.19,0,"	223,339" 
2004-10-01T20:00:00Z,"PCU",2005-12-01T21:00:00Z,Buy,52.95,67.19,4,56.96,2.5327840462501,-45.24,56.96,90.08,1,"	227,347" 
2004-10-01T20:00:00Z,"NATR",2006-05-01T20:00:00Z,Buy,15.38,10.04,37,-197.58,19.717698968426,-197.58,289.71,487.29,0,"	225,398" 
2004-10-01T20:00:00Z,"PCU",2006-05-01T20:00:00Z,Buy,52.95,100.09,3,141.42,0.50758794096836,-33.93,141.42,67.56,1,"	227,400" 
2004-10-01T20:00:00Z,"NHC",2006-10-02T20:00:00Z,Buy,29.6,51.27,5,108.35,2.9491205881588,-1.85,130,34.2,1,"	226,459" 
2004-10-01T20:00:00Z,"PCU",2007-03-01T21:00:00Z,Buy,26.475,69.75,4,173.1,0.50989502057029,-22.62,193.54,69.78,1,"	227,516" 
2004-10-01T20:00:00Z,"PCU",2007-08-01T20:00:00Z,Buy,26.475,108.25,2,163.55,0.90085372312795,-11.31,177.05,34.89,1,"	227,599" 
2004-10-01T20:00:00Z,"NHC",2007-12-03T21:00:00Z,Buy,29.6,49.13,14,273.42,4.9283539011939,-5.18,405.86,158.62,1,"	226,656" 
2004-10-01T20:00:00Z,"SAFM",2010-12-01T21:00:00Z,Buy,35.03,41.86,0.49998875000562,3.41,0.77359947865097,-7.43,9.98,5.26,1,"	228,1178" 
2004-11-01T21:00:00Z,"SRT",2005-01-03T21:00:00Z,Buy,28.13,27.8,8,-2.64,0.52034719710669,-50.24,119.68,21.04,0,"	241,250" 
2004-11-01T21:00:00Z,"OTL",2005-02-01T21:00:00Z,Buy,19.09,20.38,11,14.19,0.98966320498627,-4.4,139.26,50.49,1,"	239,256" 
2004-11-01T21:00:00Z,"CIX",2005-04-01T21:00:00Z,Buy,15.55,16.41,35,30.1,2.6561316561396,-22.75,87.5,65.1,1,"	234,267" 
2004-11-01T21:00:00Z,"SPRT",2005-04-01T21:00:00Z,Buy,5.09,5.17,54,4.32,0.6352657480315,-10.8,308.34,84.78,1,"	240,273" 
2004-11-01T21:00:00Z,"NL",2005-07-01T20:00:00Z,Buy,19.99,15.24,28,-133,3.9038992758083,-153.72,92.68,246.4,0,"	238,300" 
2004-11-01T21:00:00Z,"CYBE",2005-09-01T20:00:00Z,Buy,10.53,13.9,21,70.77,1.537730604219,-5.25,139.44,75.6,1,"	236,313" 
2004-11-01T21:00:00Z,"LEG",2005-09-01T20:00:00Z,Buy,28.27,24.46,19,-72.39,1.5760558999481,-81.89,43.51,125.4,0,"	237,316" 
2004-11-01T21:00:00Z,"CNC",2005-12-01T21:00:00Z,Buy,24.49,25.21,22,15.84,5.5949987416529,-141.68,283.14,424.82,1,"	235,345" 
2004-12-01T21:00:00Z,"RCII",2005-04-01T21:00:00Z,Buy,25.76,26.95,9,10.71,0.66084921547387,-66.64,79.56,25.2,1,"	246,271" 
2004-12-01T21:00:00Z,"NUE",2006-04-03T20:00:00Z,Buy,52.27,107.97,3,167.1,3.4210204255336,-19.8,167.1,54.63,1,"	245,383" 
2004-12-01T21:00:00Z,"GCI",2007-05-01T20:00:00Z,Buy,83,58.16,3,-74.52,0.79560324359424,-94.02,23.76,94.02,0,"	244,543" 
2004-12-01T21:00:00Z,"NUE",2008-03-03T21:00:00Z,Buy,26.135,66.14,4,160.02,0.51022730787073,-13.2,172.26,92.28,1,"	245,703" 
2004-12-01T21:00:00Z,"NUE",2009-11-02T21:00:00Z,Buy,26.135,39.02,12,154.62,0.53919638372677,-39.6,669.06,677.64,1,"	245,995" 
2005-01-03T21:00:00Z,"STLD",2005-10-03T20:00:00Z,Buy,36.17,32.9,16,-52.32,4.141535116754,-170.56,151.68,322.24,0,"	253,330" 
2005-01-03T21:00:00Z,"AIT",2006-03-01T21:00:00Z,Buy,25.95,44.1,5,90.75,1.8550651137749,-13.8,90.9,34,1,"	252,370" 
2005-01-03T21:00:00Z,"AEOS",2006-04-03T20:00:00Z,Buy,23.369967048316,28.79,26,140.92,3.9805837742386,-88.66,262.86,351.52,1,"	251,376" 
2005-01-03T21:00:00Z,"AEOS",2007-06-01T20:00:00Z,Buy,15.5799858222,27.19,5.4990022545934E-5,0,0.56548165987403,0,0,0,0,"	251,564" 
2005-01-03T21:00:00Z,"AIT",2007-09-04T20:00:00Z,Buy,17.30000865,32.81,7,108.57,2.921602500516,-12.88,108.57,69.6,1,"	252,604" 
2005-01-03T21:00:00Z,"AIT",2008-11-03T21:00:00Z,Buy,17.30000865,19.93,19.999986500007,52.6,3.0590374264744,-36.8,360.2,348,1,"	252,845" 
2005-02-01T21:00:00Z,"MLI",2005-09-01T20:00:00Z,Buy,31.96,27.14,19,-91.58,3.2402884046518,-130.34,0.57,130.91,0,"	261,317" 
2005-02-01T21:00:00Z,"ALG",2005-10-03T20:00:00Z,Buy,25.84,19.99,24,-140.4,4.2141355081676,-185.28,0,185.28,0,"	259,327" 
2005-02-01T21:00:00Z,"CMC",2006-04-03T20:00:00Z,Buy,28.86,54.28,6,152.52,7.2462597995537,-34.38,152.88,81.78,1,"	260,378" 
2005-02-01T21:00:00Z,"ABFS",2006-07-03T17:00:00Z,Buy,40.86,50.55,5,48.45,1.4606513524597,-51.7,48.45,71.3,1,"	258,422" 
2005-02-01T21:00:00Z,"ABFS",2007-09-04T20:00:00Z,Buy,40.86,36.4,10,-44.6,0.55323119777159,-103.4,96.9,160.5,0,"	258,603" 
2005-02-01T21:00:00Z,"CMC",2008-06-02T20:00:00Z,Buy,14.43,36.49,6,132.36,1.4377447684037,-17.19,133.14,77.94,1,"	260,767" 
2005-02-01T21:00:00Z,"CMC",2008-10-01T20:00:00Z,Buy,14.43,16.28,24,44.4,0.57952042628774,-68.76,599.28,563.52,1,"	260,825" 
2005-04-01T21:00:00Z,"ZEUS",2005-08-01T20:00:00Z,Buy,17.95,15.89,13,-26.78,0.5329032712916,-61.62,155.35,61.75,0,"	281,310" 
2005-04-01T21:00:00Z,"RES",2005-09-01T20:00:00Z,Buy,15.23,23.99,12,105.12,1.1369992684179,-23.04,105.12,32.28,1,"	277,319" 
2005-04-01T21:00:00Z,"VLO",2005-09-01T20:00:00Z,Buy,77.75,109.5,2,63.5,1.0263590428199,-34.02,63.5,38.92,1,"	279,320" 
2005-04-01T21:00:00Z,"RS",2005-11-01T21:00:00Z,Buy,39.99,57.76,4,71.08,1.5299251206228,-19.88,71.08,34.68,1,"	278,340" 
2005-04-01T21:00:00Z,"RES",2005-12-01T21:00:00Z,Buy,15.23,34.14,8,151.28,0.52057866184448,-15.36,151.28,38.08,1,"	277,348" 
2005-04-01T21:00:00Z,"X",2005-12-01T21:00:00Z,Buy,51.16,48.98,12,-26.16,3.1311663907465,-203.88,0,203.88,0,"	280,350" 
2005-04-01T21:00:00Z,"MSTR",2006-01-03T21:00:00Z,Buy,55.27,87.27,3,96,1.0359801589313,-35.58,96,45.84,1,"	275,358" 
2005-04-01T21:00:00Z,"RES",2006-02-01T21:00:00Z,Buy,10.153350467099,31.78,8,173.01,2.1298527891925,-10.24,202.85,29.84,1,"	277,363" 
2005-04-01T21:00:00Z,"RS",2006-03-01T21:00:00Z,Buy,39.99,85.11,3,135.36,0.61857285676703,-14.91,142.68,26.01,1,"	278,372" 
2005-04-01T21:00:00Z,"RES",2006-12-01T21:00:00Z,Buy,10.153350467099,22.74,24.999944312544,314.67,1.804584624168,-32,633.91,457,1,"	277,482" 
2005-04-01T21:00:00Z,"RS",2007-02-01T21:00:00Z,Buy,19.995,43.01,18,414.27,2.8610912164293,-44.73,517.86,351.27,1,"	278,503" 
2005-04-01T21:00:00Z,"VLO",2007-05-01T20:00:00Z,Buy,38.875,71.17,3,96.88,0.50759389671361,-25.52,98.54,62.76,1,"	279,552" 
2005-04-01T21:00:00Z,"MSTR",2007-07-02T20:00:00Z,Buy,55.27,94.59,8,314.56,0.52002116626098,-94.88,617.04,309.28,1,"	275,584" 
2005-04-01T21:00:00Z,"COP",2007-10-01T20:00:00Z,Buy,55.14,87.3,3,96.48,1.2572620519424,-20.37,105.15,49.41,1,"	276,629" 
2005-04-01T21:00:00Z,"VLO",2008-04-01T20:00:00Z,Buy,38.875,51.87,9,116.96,3.0010341425064,-76.54,349.6,279.27,1,"	279,731" 
2005-04-01T21:00:00Z,"COP",2008-05-01T20:00:00Z,Buy,55.14,86.59,7,220.15,0.52517443888824,-47.53,245.35,133,1,"	276,747" 
2005-05-02T20:00:00Z,"HSII",2005-06-01T20:00:00Z,Buy,26.42,25.74,23,-15.64,2.9844114395058,-33.35,14.95,48.3,0,"	286,290" 
2005-05-02T20:00:00Z,"DGII",2005-12-01T21:00:00Z,Buy,10.9,13.29,20,47.8,1.5215651810806,-44.4,129.4,66.4,1,"	285,346" 
2005-05-02T20:00:00Z,"TTWO",2006-02-01T21:00:00Z,Buy,23.95,15.17,25,-219.5,1.1591777345831,-231.25,134.5,365.75,0,"	287,365" 
2005-05-02T20:00:00Z,"WEYS",2008-10-01T20:00:00Z,Buy,18.69,32.89,9,127.8,2.5180136635211,-12.51,186.75,80.64,1,"	288,832" 
2005-05-02T20:00:00Z,"WEYS",2009-09-01T20:00:00Z,Buy,18.69,21.96,23,75.21,2.6132621529279,-31.97,477.25,442.75,1,"	288,982" 
2005-06-01T20:00:00Z,"SPTN",2006-02-01T21:00:00Z,Buy,12.92,12.08,49,-41.16,2.7967214061006,-194.04,116.62,310.66,0,"	297,364" 
2005-06-01T20:00:00Z,"UGI",2006-03-01T21:00:00Z,Buy,26.89,22.31,23,-105.34,4.7808462367892,-147.43,65.55,212.98,0,"	298,373" 
2005-06-01T20:00:00Z,"GPX",2006-05-01T20:00:00Z,Buy,7.2,7.2,88,0,3.7804676196483,-44,159.28,203.28,0,"	295,399" 
2005-06-01T20:00:00Z,"OXY",2007-11-01T20:00:00Z,Buy,37.4,66.72,3,87.96,1.0277186975669,-7.28,100.32,32.64,1,"	296,644" 
2005-06-01T20:00:00Z,"OXY",2008-03-03T21:00:00Z,Buy,37.4,78.29,3,122.67,0.50759212567882,-7.28,129.27,47.88,1,"	296,705" 
2005-06-01T20:00:00Z,"MTLM",2008-03-15T04:00:00Z,Buy,18.17,55.27,12,445.2,0.52970572207084,-74.04,545.16,168.72,1,"	294,722" 
2005-06-01T20:00:00Z,"OXY",2008-05-01T20:00:00Z,Buy,37.4,81.02,10,436.2,1.9457657922021,-24.25,494.8,159.6,1,"	296,746" 
2005-07-01T20:00:00Z,"ISSC",2005-09-01T20:00:00Z,Buy,21.77334422,16.92,28,-135.89,1.8960610276509,-137.57,38.83,176.4,0,"	303,315" 
2005-07-01T20:00:00Z,"ALG",2005-10-03T20:00:00Z,Buy,18.67,19.99,11,14.52,1.0141943975067,-6.05,78.87,26.73,1,"	302,327" 
2005-07-01T20:00:00Z,"STLD",2005-10-03T20:00:00Z,Buy,26.63,32.9,8,50.16,0.52029725609756,-8.96,152.16,41.12,1,"	306,330" 
2005-07-01T20:00:00Z,"X",2005-12-01T21:00:00Z,Buy,34.79,48.98,7,99.33,0.51771900465658,-4.34,114.59,75.04,1,"	307,350" 
2005-07-01T20:00:00Z,"PLPC",2006-06-01T20:00:00Z,Buy,39.89,35.96,16,-62.88,4.1889975310631,-130.4,113.76,244.16,0,"	305,415" 
2005-07-01T20:00:00Z,"PCU",2007-08-01T20:00:00Z,Buy,21.415,108.25,2,173.67,0.5125,-1.19,187.17,34.89,1,"	304,599" 
2005-07-01T20:00:00Z,"PCU",2007-11-01T20:00:00Z,Buy,21.415,133.96,2,225.09,0.50479284436494,-1.19,240.21,61.26,1,"	304,645" 
2005-07-01T20:00:00Z,"PCU",2008-05-01T20:00:00Z,Buy,21.415,110,6,531.51,0.51921397379913,-3.57,720.63,367.2,1,"	304,748" 
2005-08-01T20:00:00Z,"LEG",2005-09-01T20:00:00Z,Buy,25.41,24.46,8,-7.6,0.52011876484561,-11.6,41.2,13.76,0,"	311,316" 
2005-08-01T20:00:00Z,"USPH",2006-09-01T20:00:00Z,Buy,18.42,14.76,38,-139.08,3.6936676942689,-186.96,80.18,267.14,0,"	312,446" 
2005-09-01T20:00:00Z,"MTEX",2005-10-03T20:00:00Z,Buy,12.45,11.7,29,-21.75,1.359653360855,-65.25,391.79,74.24,0,"	322,329" 
2005-09-01T20:00:00Z,"SYKE",2005-11-01T21:00:00Z,Buy,10.58,14.76,17,71.06,5.38455780605,0,71.06,16.49,1,"	326,341" 
2005-09-01T20:00:00Z,"PETS",2006-01-03T21:00:00Z,Buy,10.43,14.31,15,58.2,1.2052904080433,-8.85,76.35,32.1,1,"	323,359" 
2005-09-01T20:00:00Z,"SCVL",2006-04-03T20:00:00Z,Buy,16.36,24.97,9,77.49,2.2883618785747,-21.33,77.76,31.23,1,"	325,384" 
2005-09-01T20:00:00Z,"KFRC",2006-06-01T20:00:00Z,Buy,10.03,16.16,15,91.95,3.3604181958858,-4.05,93.9,27,1,"	324,416" 
2005-09-01T20:00:00Z,"KOMG",2007-02-01T21:00:00Z,Buy,31.94,33.75,21,38.01,4.0360497850956,-147,452.34,476.07,1,"	321,500" 
2005-09-01T20:00:00Z,"PETS",2007-03-01T21:00:00Z,Buy,10.43,12.38,52,101.4,3.2749474569159,-50.96,497.64,548.6,1,"	323,517" 
2005-09-01T20:00:00Z,"SYKE",2007-09-04T20:00:00Z,Buy,10.58,16.17,48,268.32,3.7223101358871,0,512.16,318.72,1,"	326,610" 
2005-09-01T20:00:00Z,"SCVL",2007-10-01T20:00:00Z,Buy,16.36,15.79,33,-18.81,0.63258396704689,-78.21,622.05,671.55,0,"	325,631" 
2005-09-01T20:00:00Z,"KFRC",2008-05-01T20:00:00Z,Buy,10.03,8.44,54,-85.86,4.7425389155194,-120.42,375.3,495.72,0,"	324,749" 
2005-10-03T20:00:00Z,"FARO",2005-11-01T21:00:00Z,Buy,19.83,20.67,12,10.08,1.2594406082671,-26.4,143.64,23.64,1,"	332,338" 
2005-10-03T20:00:00Z,"LAWS",2005-11-01T21:00:00Z,Buy,36.28,35.32,6,-5.76,1.1014010080987,-30.18,105.6,30.18,0,"	334,339" 
2005-10-03T20:00:00Z,"MCRI",2006-01-03T21:00:00Z,Buy,16.75,24.19,10,74.4,2.287240893419,-11.5,74.4,15.4,1,"	336,356" 
2005-10-03T20:00:00Z,"LRCX",2006-02-01T21:00:00Z,Buy,31,46.92,6,95.52,1.07368420483,-5.64,95.52,26.94,1,"	335,362" 
2005-10-03T20:00:00Z,"SPTN",2006-02-01T21:00:00Z,Buy,9.97,12.08,20,42.2,0.81287841238075,-20.2,106.6,26,1,"	337,364" 
2005-10-03T20:00:00Z,"CECO",2006-10-02T20:00:00Z,Buy,35.89,22.5,20,-267.8,6.967950624126,-361.8,116.2,478,0,"	331,456" 
2005-10-03T20:00:00Z,"MCRI",2007-02-01T21:00:00Z,Buy,16.75,24.59,32,250.88,4.1820519989991,-36.8,504.64,473.92,1,"	336,501" 
2005-10-03T20:00:00Z,"GCI",2007-05-01T20:00:00Z,Buy,68.57,58.16,3,-31.23,0.81917629612074,-50.73,67.05,50.73,0,"	333,543" 
2005-10-03T20:00:00Z,"LRCX",2007-11-01T20:00:00Z,Buy,31,48.84,17,303.28,2.8307691859258,-15.98,492.66,269.28,1,"	335,643" 
2005-11-01T21:00:00Z,"CNC",2005-12-01T21:00:00Z,Buy,20.65,25.21,12,54.72,0.53074441687345,-31.2,200.52,7.92,1,"	342,345" 
2005-11-01T21:00:00Z,"MMSI",2006-01-03T21:00:00Z,Buy,11.9,12.43,57.333874133148,30.39,0.64762405382675,-126.92,750.5,54.47,1,"	344,357" 
2005-11-01T21:00:00Z,"LYTS",2006-09-01T20:00:00Z,Buy,17.79,18.31,13,6.76,5.5156039367347,-74.36,13,87.36,1,"	343,444" 
2005-11-01T21:00:00Z,"LYTS",2006-10-02T20:00:00Z,Buy,17.79,16.02,26,-46.02,2.9998479466694,-148.72,26,174.72,0,"	343,458" 
2005-11-01T21:00:00Z,"MMSI",2008-08-01T20:00:00Z,Buy,11.9,19.83,1.6661258668523,13.21,0.53434190994557,-3.69,21.81,2.6,1,"	344,800" 
2005-12-01T21:00:00Z,"TTWO",2006-02-01T21:00:00Z,Buy,18.67,15.17,15,-52.5,1.8276053298206,-59.55,159.9,72.75,0,"	354,365" 
2005-12-01T21:00:00Z,"UGI",2006-03-01T21:00:00Z,Buy,22.39,22.31,10,-0.8,1.0123389226044,-19.1,73.5,19.5,0,"	355,373" 
2005-12-01T21:00:00Z,"LRW",2006-05-01T20:00:00Z,Buy,23.07,27.12,33,133.65,4.1135841130137,-74.91,152.79,97.68,1,"	352,397" 
2005-12-01T21:00:00Z,"SNHY",2006-05-01T20:00:00Z,Buy,18.75,21.46,38,102.98,8.5596473685368,-44.46,252.32,176.7,1,"	353,402" 
2005-12-01T21:00:00Z,"B",2007-06-01T20:00:00Z,Buy,17.625,30.1,9,112.28,1.9577682028891,-19.66,112.28,73.35,1,"	351,565" 
2005-12-01T21:00:00Z,"B",2007-11-01T20:00:00Z,Buy,17.625,35.27,7,123.52,1.095046102769,-15.3,133.18,57.05,1,"	351,640" 
2005-12-01T21:00:00Z,"B",2008-06-02T20:00:00Z,Buy,17.625,30.9,8,106.2,1.7405350525474,-17.48,152.2,128.8,1,"	351,765" 
2005-12-01T21:00:00Z,"B",2009-04-01T20:00:00Z,Buy,17.625,11,18,-119.25,3.0783699831801,-173.25,342.45,515.7,0,"	351,914" 
2006-01-03T21:00:00Z,"ECOL",2006-10-02T20:00:00Z,Buy,15.48,19.63,15,62.25,0.54025658807212,-92.85,177.15,130.35,1,"	361,457" 
2006-01-03T21:00:00Z,"CPSI",2006-12-01T21:00:00Z,Buy,40.83,35.96,17,-82.79,2.0004908199491,-169.83,169.49,339.32,0,"	360,476" 
2006-02-01T21:00:00Z,"SHOO",2006-05-01T20:00:00Z,Buy,31.82,53.01,10,211.9,4.5792715913267,-14.9,214.2,15,1,"	369,401" 
2006-02-01T21:00:00Z,"CRUS",2006-08-01T20:00:00Z,Buy,8.5,6.56,96,-186.24,3.9762804796367,-186.24,165.12,351.36,0,"	367,433" 
2006-02-01T21:00:00Z,"CNXS",2006-09-01T20:00:00Z,Buy,22.71,28.1,10,53.9,2.1910663173385,-168.4,74.9,46.6,1,"	366,443" 
2006-02-01T21:00:00Z,"LYTS",2006-10-02T20:00:00Z,Buy,14.73,16.02,17,21.93,1.8745817343367,-45.22,69.02,105.74,1,"	368,458" 
2006-02-01T21:00:00Z,"SHOO",2007-12-03T21:00:00Z,Buy,21.21328071105,22.75,11,16.9,1.7145966810135,-40.85,251.97,292.82,1,"	369,659" 
2006-02-01T21:00:00Z,"SHOO",2009-05-01T20:00:00Z,Buy,21.21328071105,28.47,13.000059535101,94.34,0.53870836165874,-99.36,297.79,397.15,1,"	369,939" 
2006-03-01T21:00:00Z,"IIIN",2006-04-03T20:00:00Z,Buy,39.29,59.24,7,139.65,2.7684603577411,0,140.14,31.22,1,"	374,380" 
2006-03-01T21:00:00Z,"IIIN",2006-07-03T17:00:00Z,Buy,19.645,24.6,11,54.5,0.52795454545455,-41.25,110.88,152.13,1,"	374,425" 
2006-03-01T21:00:00Z,"RES",2006-12-01T21:00:00Z,Buy,22.37,22.74,12.000055687456,4.44,2.177039628443,-161.96,157.68,189.24,1,"	375,482" 
2006-03-01T21:00:00Z,"IIIN",2007-04-02T20:00:00Z,Buy,19.645,16.71,17,-49.9,3.7482958348825,-63.84,171.36,235.2,0,"	374,527" 
2006-03-01T21:00:00Z,"RES",2012-04-02T20:00:00Z,Buy,9.9422277525841,10.41,2.2498734517315,1.05,8.8911893899057,-13.5,18.08,19.27,1,"	375,1414" 
2006-04-03T20:00:00Z,"NATR",2006-05-01T20:00:00Z,Buy,12.06,10.04,29,-58.58,0.56961385350318,-58.58,323.35,58.58,0,"	390,398" 
2006-04-03T20:00:00Z,"GPX",2006-05-01T20:00:00Z,Buy,6.9,7.2,31,9.3,0.83724618013477,-6.2,65.41,6.2,1,"	391,399" 
2006-04-03T20:00:00Z,"PLPC",2006-06-01T20:00:00Z,Buy,33.2,35.96,8,22.08,0.52929925471123,-11.68,110.4,19.12,1,"	392,415" 
2006-04-03T20:00:00Z,"EGY",2006-07-03T17:00:00Z,Buy,6.83,10.1,39,127.53,3.1746675891979,-30.42,127.53,67.86,1,"	387,423" 
2006-04-03T20:00:00Z,"ADTN",2006-10-02T20:00:00Z,Buy,25.95,23.37,32,-82.56,2.6455559057093,-182.08,33.28,215.36,0,"	386,455" 
2006-04-03T20:00:00Z,"ZEUS",2007-02-01T21:00:00Z,Buy,30.9,27.81,27,-83.43,4.2878646656259,-257.04,217.89,474.93,0,"	394,507" 
2006-04-03T20:00:00Z,"WIRE",2007-03-01T21:00:00Z,Buy,33.22,25.15,24,-193.68,1.1435143121295,-289.44,319.44,608.88,0,"	393,518" 
2006-04-03T20:00:00Z,"GCI",2007-05-01T20:00:00Z,Buy,60.35,58.16,4,-8.76,0.51006672226856,-34.76,122.28,37.16,0,"	388,543" 
2006-04-03T20:00:00Z,"EGY",2007-06-01T20:00:00Z,Buy,6.83,4.86,87,-171.39,3.9857380138489,-194.01,284.49,478.5,0,"	387,567" 
2006-04-03T20:00:00Z,"ABFS",2007-09-04T20:00:00Z,Buy,39.67,36.4,6,-19.62,1.2249112357994,-54.9,65.28,96.3,0,"	385,603" 
2006-04-03T20:00:00Z,"MDU",2009-06-01T20:00:00Z,Buy,23.046678485633,19.61,8.999995384554,-30.93,0.51554872563718,-90.24,106.59,196.83,0,"	389,952" 
2006-05-01T20:00:00Z,"SRT",2006-07-03T17:00:00Z,Buy,23.32,14.72,38,-326.8,4.3823731334833,-399.76,25.46,425.22,0,"	410,426" 
2006-05-01T20:00:00Z,"LPX",2006-08-01T20:00:00Z,Buy,28.2,19.86,8,-66.72,1.2309070857186,-69.52,10,72.8,0,"	407,434" 
2006-05-01T20:00:00Z,"RIMG",2006-08-01T20:00:00Z,Buy,22.05,23.92,10,18.7,0.5250113430127,-137.3,113,54.7,1,"	409,435" 
2006-05-01T20:00:00Z,"BLS",2006-09-01T20:00:00Z,Buy,33.8,41.34,6,45.24,1.3552253921429,-10.92,45.24,12.96,1,"	403,442" 
2006-05-01T20:00:00Z,"USPH",2006-09-01T20:00:00Z,Buy,16.06,14.76,17,-22.1,1.875847132223,-43.52,75.99,50.15,0,"	411,446" 
2006-05-01T20:00:00Z,"DECK",2006-11-01T21:00:00Z,Buy,42.49,52.26,4,39.08,1.9691430130004,-33.16,45.72,36.24,1,"	404,468" 
2006-05-01T20:00:00Z,"BLS",2006-12-30T05:00:00Z,Buy,33.8,47.15,19,253.65,0,-34.58,253.65,61.56,1,"	403,492" 
2006-05-01T20:00:00Z,"LG",2007-03-01T21:00:00Z,Buy,33.06,31.26,25,-45,2.5809228229354,-51.25,97,148.25,0,"	406,514" 
2006-05-01T20:00:00Z,"DECK",2007-04-02T20:00:00Z,Buy,42.49,70,4,110.04,1.2053623910842,-33.16,124.12,36.24,1,"	404,525" 
2006-05-01T20:00:00Z,"IIIN",2007-04-02T20:00:00Z,Buy,18.6,16.71,18,-34.02,2.3057872378792,-48.78,200.25,156.78,0,"	405,527" 
2006-05-01T20:00:00Z,"DECK",2007-07-02T20:00:00Z,Buy,42.49,100.96,3,175.41,0.50750445986125,-24.87,175.41,27.18,1,"	404,579" 
2006-05-01T20:00:00Z,"DECK",2007-11-01T20:00:00Z,Buy,42.49,132.75,3,270.78,4.1247795029468,-24.87,310.53,70.29,1,"	404,641" 
2006-05-01T20:00:00Z,"COP",2008-05-01T20:00:00Z,Buy,67.75,86.59,3,56.52,0.50759075291306,-58.2,67.32,57,1,"	408,747" 
2006-05-01T20:00:00Z,"DECK",2008-11-03T21:00:00Z,Buy,42.49,80.65,6,228.96,0.51426255600094,-49.74,734.46,556.74,1,"	404,846" 
2006-06-01T20:00:00Z,"SRT",2006-07-03T17:00:00Z,Buy,15.14,14.72,17,-7.14,0.54272576361222,-39.78,150.45,39.78,0,"	418,426" 
2006-06-01T20:00:00Z,"TALK",2006-09-01T20:00:00Z,Buy,8.01,5.84,31,-67.27,1.499268611028,-93,125.24,74.71,0,"	420,445" 
2006-06-01T20:00:00Z,"STLD",2007-02-01T21:00:00Z,Buy,29.675,39.68,6,60.03,1.050963608134,-36.36,60.03,53.13,1,"	419,505" 
2006-06-01T20:00:00Z,"TTMI",2007-04-02T20:00:00Z,Buy,15.08,9.44,56,-315.84,1.3314322987877,-316.4,0,316.4,0,"	421,530" 
2006-06-01T20:00:00Z,"LMS",2007-05-01T20:00:00Z,Buy,24.38,26.8,34,82.28,2.6406066600497,-141.1,232.56,293.08,1,"	417,546" 
2006-06-01T20:00:00Z,"STLD",2007-05-01T20:00:00Z,Buy,29.675,44.21,22,319.77,0.55487587452042,-133.32,373.01,194.81,1,"	419,550" 
2006-07-03T17:00:00Z,"CECO",2006-10-02T20:00:00Z,Buy,29.83,22.5,8,-58.64,0.51997990622907,-96.24,94.96,96.24,0,"	430,456" 
2006-07-03T17:00:00Z,"SCHN",2006-11-01T21:00:00Z,Buy,36.53,34.9,22.499968679981,-36.67,0.55920166290868,-662.92,125.93,155.92,0,"	432,470" 
2006-07-03T17:00:00Z,"PETS",2007-03-01T21:00:00Z,Buy,11.45,12.38,25,23.25,1.2243434672518,-50,213.75,85.75,1,"	431,517" 
2006-07-03T17:00:00Z,"AP",2007-05-01T20:00:00Z,Buy,29.25,36.08,29,198.07,1.1463761556054,-179.51,225.04,383.67,1,"	428,541" 
2006-07-03T17:00:00Z,"SCHN",2007-10-01T20:00:00Z,Buy,36.53,75.84,0.50003132001898,19.66,0.50776094965207,-14.73,19.66,3.47,1,"	432,630" 
2006-07-03T17:00:00Z,"AIT",2008-11-03T21:00:00Z,Buy,24.46,19.93,8.0000134999932,-36.24,2.888976181636,-72,86.8,139.2,0,"	429,845" 
2006-07-03T17:00:00Z,"AIT",2012-11-01T20:00:00Z,Buy,24.46,40.94,0.99998650000675,16.48,0.57060359694506,-9,19.57,17.4,1,"	429,1510" 
2006-08-01T20:00:00Z,"WSO",2006-09-01T20:00:00Z,Buy,43.86,43.58,7,-1.96,0.51732618510158,-216.44,199.78,27.37,0,"	440,447" 
2006-08-01T20:00:00Z,"KBALB",2006-11-01T21:00:00Z,Buy,17.33,24.56,11,79.53,1.1369661985355,-10.78,85.8,21.45,1,"	436,469" 
2006-08-01T20:00:00Z,"MCRI",2007-02-01T21:00:00Z,Buy,19.05,24.59,11,60.94,0.52786569148936,-37.95,148.17,29.04,1,"	437,501" 
2006-08-01T20:00:00Z,"KBALB",2007-07-02T20:00:00Z,Buy,17.33,14.01,34,-112.88,0.6775,-151.98,292.06,444.04,0,"	436,582" 
2006-08-01T20:00:00Z,"SAM",2007-08-01T20:00:00Z,Buy,29.1,41.03,5,59.65,3.0011066711583,-0.55,67.7,32.55,1,"	439,600" 
2006-08-01T20:00:00Z,"SAM",2007-11-01T20:00:00Z,Buy,29.1,49.56,4,81.84,1.1071562678026,-0.44,100.28,26.04,1,"	439,646" 
2006-08-01T20:00:00Z,"SAM",2008-01-02T21:00:00Z,Buy,29.1,36.04,18,124.92,2.6024580766632,-1.98,451.26,409.14,1,"	439,674" 
2006-08-01T20:00:00Z,"MRO",2008-06-02T20:00:00Z,Buy,45.3,51.66,16,101.76,2.8755084390046,-158.48,336.16,341.76,1,"	438,770" 
2006-09-01T20:00:00Z,"CECO",2006-10-02T20:00:00Z,Buy,19.76,22.5,13,35.62,0.53353524804178,-25.48,285.22,27.04,1,"	448,456" 
2006-09-01T20:00:00Z,"TESS",2006-10-02T20:00:00Z,Buy,23.71,31.52,7,54.67,1.9958486595967,-9.1,54.67,12.6,1,"	454,461" 
2006-09-01T20:00:00Z,"CPSI",2006-12-01T21:00:00Z,Buy,34.65,35.96,6,7.86,0.54087572078273,-22.86,96.9,25.8,1,"	449,476" 
2006-09-01T20:00:00Z,"IVAC",2006-12-01T21:00:00Z,Buy,17.38,27.26,15,148.2,3.7166713895384,-38.4,148.2,38.4,1,"	450,479" 
2006-09-01T20:00:00Z,"MTEX",2007-04-02T20:00:00Z,Buy,14.96,15.35,55,21.45,10.650025340034,-82.5,236.5,319,1,"	451,529" 
2006-09-01T20:00:00Z,"PTSI",2007-05-01T20:00:00Z,Buy,25.93,18.91,32,-224.64,2.8672900035451,-224.64,31.36,256,0,"	453,549" 
2006-09-01T20:00:00Z,"TESS",2007-05-01T20:00:00Z,Buy,15.806643667978,27.93,8,96.99,0.68524510975093,-6.93,124.43,46.72,1,"	454,551" 
2006-09-01T20:00:00Z,"OGE",2007-07-02T20:00:00Z,Buy,37.3,37,21,-6.3,1.7454114474867,-75.6,77.91,153.51,0,"	452,585" 
2006-09-01T20:00:00Z,"TESS",2007-10-01T20:00:00Z,Buy,15.806643667978,15.55,32.500058927556,-8.34,3.8724772571729,-218.62,505.48,724.1,0,"	454,632" 
2006-09-01T20:00:00Z,"IVAC",2008-04-01T20:00:00Z,Buy,17.38,13.94,32,-110.08,4.5451671939963,-231.68,422.08,653.76,0,"	450,727" 
2006-10-02T20:00:00Z,"RS",2007-02-01T21:00:00Z,Buy,32.48,43.01,7,73.71,0.67706770213518,-104.79,114,20.37,1,"	466,503" 
2006-10-02T20:00:00Z,"SPH",2007-02-01T21:00:00Z,Buy,33.88,38.71,23,111.09,1.1155330406802,-6.21,119.14,71.99,1,"	467,504" 
2006-10-02T20:00:00Z,"PCLN",2007-03-01T21:00:00Z,Buy,36.76,53.16,21,344.4,3.4293983240466,0,365.4,54.81,1,"	465,515" 
2006-10-02T20:00:00Z,"AEOS",2007-06-01T20:00:00Z,Buy,29.74001487,27.19,25.999945009977,-66.3,0.54583219178082,-427.27,119.6,191.36,0,"	462,564" 
2006-10-02T20:00:00Z,"ICUI",2007-07-02T20:00:00Z,Buy,45.75,43.25,17,-42.5,5.5770541735887,-131.58,38.25,169.83,0,"	464,581" 
2006-10-02T20:00:00Z,"DLTR",2007-09-04T20:00:00Z,Buy,31.29,43.24,5,59.75,2.9449163459357,-8.5,71.4,48.4,1,"	463,606" 
2006-10-02T20:00:00Z,"DLTR",2008-02-01T21:00:00Z,Buy,31.29,27.79,21,-73.5,2.7508463973749,-209.79,299.88,509.67,0,"	463,689" 
2006-10-02T20:00:00Z,"AEOS",2013-08-01T20:00:00Z,Buy,29.74001487,19.92,1.0000414900293,-9.82,0.6750483953133,-16.43,4.6,16.72,0,"	462,1640" 
2006-11-01T21:00:00Z,"FAF",2006-12-01T21:00:00Z,Buy,40.38,38.63,5,-8.75,0.73331481065674,-93.25,43.5,16.85,0,"	472,477" 
2006-11-01T21:00:00Z,"OFIX",2006-12-01T21:00:00Z,Buy,43.24,43.49,19,4.75,2.7428124112999,-13.68,43.7,40.85,1,"	474,480" 
2006-11-01T21:00:00Z,"IIIN",2007-04-02T20:00:00Z,Buy,17.02,16.71,13,-4.03,1.3981869486905,-14.69,165.16,51.61,0,"	473,527" 
2006-11-01T21:00:00Z,"ABFS",2007-09-04T20:00:00Z,Buy,40.45,36.4,5,-20.25,1.1397777611721,-49.65,50.5,39.6,0,"	471,603" 
2006-11-01T21:00:00Z,"VLO",2008-04-01T20:00:00Z,Buy,51.1,51.87,4,3.08,0.50977429227238,-82.92,106.48,124.12,1,"	475,731" 
2006-12-01T21:00:00Z,"CNXS",2006-12-20T05:00:00Z,Buy,37.33,37.49,23,3.68,0.66146524084027,0,3.68,2.3,1,"	485,491" 
2006-12-01T21:00:00Z,"WIRE",2007-03-01T21:00:00Z,Buy,25.15,25.15,11,0,0.93618428864705,-43.89,235.18,43.89,0,"	490,518" 
2006-12-01T21:00:00Z,"GPI",2007-04-02T20:00:00Z,Buy,50.22,39.82,17,-176.8,4.1414257806372,-177.99,75.65,253.64,0,"	487,526" 
2006-12-01T21:00:00Z,"CMI",2007-05-01T20:00:00Z,Buy,59.315,92,14,457.59,1.0522905460633,-30.66,515.69,84.49,1,"	486,542" 
2006-12-01T21:00:00Z,"MOH",2007-06-01T20:00:00Z,Buy,33.45,32.4,25,-26.25,5.9419252977666,-94,28.5,122.5,0,"	489,568" 
2006-12-01T21:00:00Z,"MGLN",2007-07-02T20:00:00Z,Buy,43.33,46.32,19,56.81,1.0940915083427,-60.61,84.74,80.56,1,"	488,583" 
2006-12-01T21:00:00Z,"AMWD",2007-10-01T20:00:00Z,Buy,38.35,26.19,22,-267.52,3.8145527738092,-310.64,149.82,460.46,0,"	484,622" 
2007-01-03T21:00:00Z,"ZEUS",2007-02-01T21:00:00Z,Buy,21.66,27.81,12,73.8,0.52929666366096,-3.36,207.72,9.24,1,"	499,507" 
2007-01-03T21:00:00Z,"TTMI",2007-04-02T20:00:00Z,Buy,11.3,9.44,20,-37.2,1.0733191385646,-37.4,75.6,47.6,0,"	497,530" 
2007-01-03T21:00:00Z,"EGY",2007-06-01T20:00:00Z,Buy,6.58,4.86,42,-72.24,0.93243442942869,-83.16,147.84,97.86,0,"	495,567" 
2007-01-03T21:00:00Z,"AEIS",2008-04-01T20:00:00Z,Buy,18.72,13.68,46,-231.84,5.4905801297912,-406.64,320.16,726.8,0,"	494,723" 
2007-01-03T21:00:00Z,"KFRC",2008-05-01T20:00:00Z,Buy,12.66,8.44,17,-71.74,0.82197939847022,-82.62,73.44,156.06,0,"	496,749" 
2007-01-03T21:00:00Z,"XOM",2008-12-01T21:00:00Z,Buy,74.07,74.65,4,2.32,2.9288206629798,-49.6,83.92,133.52,1,"	498,868" 
2007-01-03T21:00:00Z,"XOM",2009-11-02T21:00:00Z,Buy,74.07,72.15,7,-13.44,1.6127452665197,-86.8,146.86,233.66,0,"	498,999" 
2007-02-01T21:00:00Z,"GISX",2007-05-01T20:00:00Z,Buy,19.52,28.92,13,122.2,4.8662567730755,-3.25,122.2,12.61,1,"	512,544" 
2007-02-01T21:00:00Z,"GISX",2007-05-12T04:00:00Z,Buy,19.52,29.02,32,304,0,-8,304.96,31.04,1,"	512,563" 
2007-02-01T21:00:00Z,"NVEC",2007-06-01T20:00:00Z,Buy,23.03,34.14,9,99.99,7.4845690979336,-19.53,115.92,28.98,1,"	513,569" 
2007-02-01T21:00:00Z,"FIZ",2007-08-01T20:00:00Z,Buy,11.44999542,9.79,72.800059999976,-120.85,0.65082861189802,-414.96,245.09,368.85,0,"	511,597" 
2007-02-01T21:00:00Z,"NVEC",2007-09-04T20:00:00Z,Buy,23.03,34.8,28,329.56,0.56969957081545,-60.76,503.16,306.6,1,"	513,608" 
2007-02-01T21:00:00Z,"CVX",2007-10-01T20:00:00Z,Buy,74.41,94.5,3,60.27,3.3876266210322,-23.85,61.14,37.86,1,"	510,625" 
2007-02-01T21:00:00Z,"ABM",2008-01-02T21:00:00Z,Buy,26.19,20.16,34,-205.02,1.4415409671554,-231.54,143.82,375.36,0,"	508,668" 
2007-02-01T21:00:00Z,"BKE",2008-02-01T21:00:00Z,Buy,33.8,42.14,7,58.38,7.9678568110477,-19.67,65.94,85.61,1,"	509,687" 
2007-02-01T21:00:00Z,"BKE",2008-10-01T20:00:00Z,Buy,33.8,51.95,5,90.75,0.70981859067189,-14.05,142.75,61.15,1,"	509,823" 
2007-02-01T21:00:00Z,"BKE",2009-03-02T21:00:00Z,Buy,22.5333446,23.28,10,7.47,1.6088201172315,-79.53,190.33,269.87,1,"	509,904" 
2007-02-01T21:00:00Z,"BKE",2009-10-01T20:00:00Z,Buy,22.5333446,33.52,10.999989500005,120.85,1.6593798380315,-87.49,209.37,296.85,1,"	509,986" 
2007-02-01T21:00:00Z,"CVX",2009-12-01T21:00:00Z,Buy,74.41,79.06,9,41.85,1.9550628527428,-161.46,257.94,419.4,1,"	510,1010" 
2007-02-01T21:00:00Z,"FIZ",2010-05-03T20:00:00Z,Buy,11.44999542,11.65,1.5999697600363,0.32,1.9065449878977,-9.12,5.39,12.15,1,"	511,1075" 
2007-03-01T21:00:00Z,"LAWS",2007-04-02T20:00:00Z,Buy,37.86,36.84,22,-22.44,1.1066234207323,-73.04,97.24,119.68,0,"	521,528" 
2007-03-01T21:00:00Z,"AMED",2007-05-01T20:00:00Z,Buy,31.72,33.86,26.334008871775,56.35,3.4818978644679,-331.66,87.65,93.49,1,"	519,540" 
2007-03-01T21:00:00Z,"MGPI",2007-05-01T20:00:00Z,Buy,19.17,19.59,45,18.9,1.2195024082894,-47.25,70.2,61.2,1,"	522,548" 
2007-03-01T21:00:00Z,"UAUA",2007-07-02T20:00:00Z,Buy,39.98,41.13,5,5.75,1.0676525436792,-33.9,21.25,55.15,1,"	524,586" 
2007-03-01T21:00:00Z,"BIO",2007-09-04T20:00:00Z,Buy,71.14,85.57,12,173.16,2.4974977336194,-41.64,173.16,68.76,1,"	520,605" 
2007-03-01T21:00:00Z,"AMED",2007-12-03T21:00:00Z,Buy,31.72,44.2,0.66599112822475,8.31,0.73024490923907,-8.39,8.37,2.36,1,"	519,654" 
2007-03-01T21:00:00Z,"ODP",2008-03-03T21:00:00Z,Buy,33.31,11.08,7,-155.61,0.86923595667294,-155.61,78.54,178.29,0,"	523,704" 
2007-03-01T21:00:00Z,"UAUA",2008-05-01T20:00:00Z,Buy,39.98,16.1,17,-405.96,4.2730618983051,-449.31,195.67,644.98,0,"	524,751" 
2007-04-02T20:00:00Z,"PTSI",2007-05-01T20:00:00Z,Buy,20.77,18.91,12,-22.32,1.3380707536332,-22.32,73.68,30.84,0,"	536,549" 
2007-04-02T20:00:00Z,"BWS",2007-06-01T20:00:00Z,Buy,28.84001442,29.9,31,32.86,9.4038031512159,-79.05,102.61,136.09,1,"	531,566" 
2007-04-02T20:00:00Z,"EGY",2007-06-01T20:00:00Z,Buy,5.08,4.86,47,-10.34,1.2514227283769,-22.56,235.94,48.88,0,"	532,567" 
2007-04-02T20:00:00Z,"ICUI",2007-07-02T20:00:00Z,Buy,39.57,43.25,6,22.08,0.86120756049202,-9.36,50.58,27.6,1,"	533,581" 
2007-04-02T20:00:00Z,"KBALB",2007-07-02T20:00:00Z,Buy,19.31,14.01,13,-68.9,0.79449913538163,-83.85,85.93,91.78,0,"	534,582" 
2007-04-02T20:00:00Z,"PCCC",2007-08-01T20:00:00Z,Buy,13.82,13,16,-13.12,4.1583503708087,-46.88,20.32,67.2,0,"	535,598" 
2007-04-02T20:00:00Z,"USNA",2007-09-04T20:00:00Z,Buy,47.44,39.98,19,-141.74,1.1135721692719,-341.24,51.87,393.11,0,"	538,611" 
2007-04-02T20:00:00Z,"PCCC",2008-01-02T21:00:00Z,Buy,13.82,11.28,47,-119.38,4.3685215467103,-137.71,77.55,197.4,0,"	535,673" 
2007-04-02T20:00:00Z,"X",2008-01-02T21:00:00Z,Buy,100.94,113.64,2,25.4,3.1611700830795,-40.48,47.9,88.38,1,"	539,677" 
2007-04-02T20:00:00Z,"X",2008-03-03T21:00:00Z,Buy,100.94,108,7,49.42,0.51747734418347,-141.68,167.65,309.33,1,"	539,707" 
2007-04-02T20:00:00Z,"SHOO",2009-05-01T20:00:00Z,Buy,29.49,28.47,2.9999404648993,-3.06,1.1476313307156,-47.76,43.89,59.82,0,"	537,939" 
2007-04-02T20:00:00Z,"SHOO",2010-05-03T20:00:00Z,Buy,19.66003317628,40.08,6,122.52,0.51037267080745,-63.68,122.52,79.76,1,"	537,1081" 
2007-04-02T20:00:00Z,"SHOO",2010-10-01T20:00:00Z,Buy,19.66003317628,41.2,7.9177508376905E-5,0,0.51254262055528,0,0,0,0,"	537,1152" 
2007-05-01T20:00:00Z,"EBF",2007-07-02T20:00:00Z,Buy,22.94,23.98,38,39.52,3.7294853463118,-15.2,90.06,68.4,1,"	554,580" 
2007-05-01T20:00:00Z,"KELYA",2007-09-04T20:00:00Z,Buy,28.93,22.75,32,-197.76,4.9334971789252,-288.32,2.88,291.2,0,"	555,607" 
2007-05-01T20:00:00Z,"LNDC",2007-10-01T20:00:00Z,Buy,12.54,16,73,252.58,3.2818531392372,-193.45,252.58,300.03,1,"	557,627" 
2007-05-01T20:00:00Z,"NHC",2007-12-03T21:00:00Z,Buy,51.17,49.13,4,-8.16,0.86791130966163,-87.76,29.68,31.76,0,"	559,656" 
2007-05-01T20:00:00Z,"LDL",2008-01-02T21:00:00Z,Buy,13.9,10.26,63,-229.32,1.8479839542938,-321.3,90.72,412.02,0,"	556,671" 
2007-05-01T20:00:00Z,"SYK",2008-01-02T21:00:00Z,Buy,65.18,73.73,3,25.65,1.2047423284137,-8.16,34.38,20.37,1,"	560,675" 
2007-05-01T20:00:00Z,"ALB",2008-04-01T20:00:00Z,Buy,42.51,37,22,-121.22,5.2781182692458,-190.52,117.48,308,0,"	553,724" 
2007-05-01T20:00:00Z,"USMO",2008-04-01T20:00:00Z,Buy,21.28,7.45,43,-594.69,3.9999769862274,-623.93,294.98,918.91,0,"	562,730" 
2007-05-01T20:00:00Z,"UAUA",2008-05-01T20:00:00Z,Buy,33.2,16.1,6,-102.6,0.51491017964072,-117.9,109.74,227.64,0,"	561,751" 
2007-05-01T20:00:00Z,"SYK",2009-01-02T21:00:00Z,Buy,65.18,41.35,11,-262.13,1.73682267413,-315.04,126.06,441.1,0,"	560,881" 
2007-05-01T20:00:00Z,"MOV",2009-02-02T21:00:00Z,Buy,32.64,7.66,28,-699.44,5.7567694313586,-728.28,58.52,786.8,0,"	558,895" 
2007-06-01T20:00:00Z,"KBALB",2007-07-02T20:00:00Z,Buy,13.91,14.01,24,2.4,0.56114285714286,-25.2,288.24,43.2,1,"	574,582" 
2007-06-01T20:00:00Z,"CMI",2007-08-01T20:00:00Z,Buy,94.1,120.05,3,77.85,2.2915079546295,-2.01,77.85,27.69,1,"	572,596" 
2007-06-01T20:00:00Z,"QDEL",2007-09-04T20:00:00Z,Buy,14.57,16.95,12,28.56,4.5499494060393,-15.84,46.8,58.8,1,"	576,609" 
2007-06-01T20:00:00Z,"USNA",2007-09-04T20:00:00Z,Buy,37.18,39.98,6,16.8,0.51439597315436,-46.2,77.94,124.14,1,"	577,611" 
2007-06-01T20:00:00Z,"BW",2007-10-01T20:00:00Z,Buy,54.4,52.75,5,-8.25,4.4153161213719,-88,0,88,0,"	571,623" 
2007-06-01T20:00:00Z,"PCCC",2008-01-02T21:00:00Z,Buy,11.89,11.28,21,-12.81,0.55409228769497,-21,75.18,87.99,0,"	575,673" 
2007-06-01T20:00:00Z,"ZMH",2008-02-01T21:00:00Z,Buy,88.04,79.09,11,-98.45,2.5715141533326,-269.39,13.64,283.03,0,"	578,691" 
2007-06-01T20:00:00Z,"BW",2008-03-03T21:00:00Z,Buy,54.4,26.82,13,-358.54,5.9799266123244,-380.9,52,432.9,0,"	571,698" 
2007-06-01T20:00:00Z,"IVAC",2008-04-01T20:00:00Z,Buy,19.2,13.94,18,-94.68,1.9476625126742,-163.08,204.66,220.14,0,"	573,727" 
2007-06-01T20:00:00Z,"CMI",2008-05-01T20:00:00Z,Buy,47.05,65.75,14,261.8,0.53672598148739,-60.9,322.49,383.39,1,"	572,741" 
2007-06-01T20:00:00Z,"BRKS",2008-06-02T20:00:00Z,Buy,17.7,9.89,55,-429.55,6.4698074124314,-456.5,124.3,580.8,0,"	570,766" 
2007-06-01T20:00:00Z,"QDEL",2008-08-01T20:00:00Z,Buy,14.57,20.2,11,61.93,1.0524197656653,-14.52,68.97,74.91,1,"	576,801" 
2007-06-01T20:00:00Z,"QDEL",2008-11-03T21:00:00Z,Buy,14.57,15.83,43,54.18,2.9324883943243,-57.62,269.61,327.23,1,"	576,852" 
2007-07-02T20:00:00Z,"AMWD",2007-10-01T20:00:00Z,Buy,34.55,26.19,6,-50.16,1.3024426856557,-61.92,63.66,65.7,0,"	588,622" 
2007-07-02T20:00:00Z,"GIII",2007-10-01T20:00:00Z,Buy,16.68,20.47,14,53.06,6.4501906616025,-42.7,56.28,56.28,1,"	590,626" 
2007-07-02T20:00:00Z,"TESS",2007-10-01T20:00:00Z,Buy,19.93,15.55,17.499941072444,-76.65,2.7725036580354,-189.87,200.02,198.27,0,"	594,632" 
2007-07-02T20:00:00Z,"AMED",2007-12-03T21:00:00Z,Buy,36.86,44.2,5.3340088717752,39.15,1.0831517844299,-94.6,39.63,18.56,1,"	587,654" 
2007-07-02T20:00:00Z,"NVR",2007-12-03T21:00:00Z,Buy,671.72,486.09,1,-185.63,1.0049257091261,-258.54,47.25,305.79,0,"	592,657" 
2007-07-02T20:00:00Z,"TSRA",2007-12-03T21:00:00Z,Buy,41.98,38.9,23,-70.84,5.660647457433,-211.37,48.07,259.44,0,"	595,660" 
2007-07-02T20:00:00Z,"GIII",2008-01-02T21:00:00Z,Buy,16.68,13.59,47,-145.23,4.8176508438444,-211.97,188.94,400.91,0,"	590,669" 
2007-07-02T20:00:00Z,"BW",2008-03-03T21:00:00Z,Buy,42.86,26.82,5,-80.2,1.0570616178207,-88.8,77.7,166.5,0,"	589,698" 
2007-07-02T20:00:00Z,"HHGP",2008-04-01T20:00:00Z,Buy,21.56,8.96,45,-567,10.936555490172,-689.4,50.4,739.8,0,"	591,726" 
2007-07-02T20:00:00Z,"RS",2008-04-01T20:00:00Z,Buy,57.46,60.29,4,11.32,1.3569550899097,-57,22.28,79.28,1,"	593,728" 
2007-07-02T20:00:00Z,"AMED",2008-05-01T20:00:00Z,Buy,36.86,52.34,20,309.6,0.55052123552124,-354.69,309.6,244.6,1,"	587,740" 
2007-07-02T20:00:00Z,"AMED",2008-08-01T20:00:00Z,Buy,36.86,62.89,0.66599112822475,17.34,1.7836500742831,-11.81,19.09,8.15,1,"	587,794" 
2007-07-02T20:00:00Z,"RS",2009-03-02T21:00:00Z,Buy,57.46,19.88,10,-375.8,1.559084773626,-448,206.6,654.6,0,"	593,908" 
2007-07-02T20:00:00Z,"RS",2010-06-01T20:00:00Z,Buy,57.46,43.67,3,-41.37,5.050174459535,-134.4,61.98,196.38,0,"	593,1107" 
2007-07-02T20:00:00Z,"TESS",2010-06-01T20:00:00Z,Buy,13.28667331,18.28,0.75008801629041,3.75,2.2367536405046,-5.43,5.72,5.67,1,"	594,1108" 
2007-08-01T20:00:00Z,"JAKK",2008-03-03T21:00:00Z,Buy,24.16,28.4,9,38.16,2.104881950094,-37.53,42.21,64.98,1,"	601,700" 
2007-08-01T20:00:00Z,"ODP",2008-03-03T21:00:00Z,Buy,25.28,11.08,10,-142,0.86061733355755,-142,192.5,142,0,"	602,704" 
2007-08-01T20:00:00Z,"JAKK",2009-04-01T20:00:00Z,Buy,24.16,12.65,29,-333.79,3.0616468841008,-402.52,169.07,571.59,0,"	601,918" 
2007-09-04T20:00:00Z,"CALM",2007-10-01T20:00:00Z,Buy,20.23,24.74,9,40.59,1.502082512593,-0.45,45.09,10.17,1,"	613,624" 
2007-09-04T20:00:00Z,"SCHN",2007-10-01T20:00:00Z,Buy,59.45,75.84,2.499968679981,40.97,0.53815462947116,-130.96,40.97,11.5,1,"	619,630" 
2007-09-04T20:00:00Z,"SCVL",2007-10-01T20:00:00Z,Buy,17.7,15.79,20,-38.2,0.55130434782609,-74.2,350.2,56.8,0,"	620,631" 
2007-09-04T20:00:00Z,"LDL",2008-01-02T21:00:00Z,Buy,10.09,10.26,24,4.08,2.0897758856471,-30.96,126,55.2,1,"	616,671" 
2007-09-04T20:00:00Z,"TFX",2008-01-02T21:00:00Z,Buy,78.15,63.05,11,-166.1,1.0551624163282,-229.46,0,229.46,0,"	621,676" 
2007-09-04T20:00:00Z,"CALM",2008-02-01T21:00:00Z,Buy,20.23,31.31,9,99.72,0.52443548387097,-0.45,99.72,65.52,1,"	613,688" 
2007-09-04T20:00:00Z,"HHGP",2008-04-01T20:00:00Z,Buy,13.91,8.96,20,-99,0.54960770328103,-153.4,175.4,171.2,0,"	614,726" 
2007-09-04T20:00:00Z,"LRW",2008-05-01T20:00:00Z,Buy,20.54,12.67,44,-346.28,5.1341603312726,-396.88,22.88,419.76,0,"	615,744" 
2007-09-04T20:00:00Z,"MLR",2008-05-01T20:00:00Z,Buy,17.72,11,50,-336,12.946570930657,-437.5,15,452.5,0,"	617,745" 
2007-09-04T20:00:00Z,"SCHN",2008-05-01T20:00:00Z,Buy,59.45,86.4,3,80.85,1.476775277892,-157.15,90.42,89.73,1,"	619,750" 
2007-09-04T20:00:00Z,"RSC",2008-07-01T20:00:00Z,Buy,19.2,11.14,48,-386.88,1.7998254066786,-386.88,166.56,553.44,0,"	618,787" 
2007-09-04T20:00:00Z,"SCHN",2008-07-01T20:00:00Z,Buy,59.45,114.56,2,110.22,1.3422467282115,-104.77,110.3,59.82,1,"	619,788" 
2007-09-04T20:00:00Z,"CALM",2008-08-01T20:00:00Z,Buy,20.23,38.98,6,112.5,1.9496738342298,-0.3,118.02,74.28,1,"	613,796" 
2007-09-04T20:00:00Z,"CALM",2008-10-01T20:00:00Z,Buy,20.23,27.42,22,158.18,2.8115885151874,-1.1,603.24,468.38,1,"	613,824" 
2007-09-04T20:00:00Z,"SCHN",2009-01-02T21:00:00Z,Buy,59.45,40.18,7.500031320019,-144.53,2.0679266597416,-392.88,413.63,735.15,0,"	619,880" 
2007-09-04T20:00:00Z,"APU",2009-02-02T21:00:00Z,Buy,35.45,31.98,8,-27.76,1.0858941066324,-122.88,19.52,142.4,0,"	612,891" 
2007-09-04T20:00:00Z,"APU",2011-12-01T21:00:00Z,Buy,35.45,43.87,18,151.56,1.2310904300078,-276.48,287.28,320.4,1,"	612,1345" 
2007-10-01T20:00:00Z,"ABM",2008-01-02T21:00:00Z,Buy,20.43,20.16,12,-3.24,0.53076807228916,-12.6,119.88,56.64,0,"	633,668" 
2007-10-01T20:00:00Z,"DLX",2008-03-03T21:00:00Z,Buy,38.25,19.97,25,-457,2.4129329588551,-457,53.5,510.5,0,"	635,699" 
2007-10-01T20:00:00Z,"AEIS",2008-04-01T20:00:00Z,Buy,17.03,13.68,15,-50.25,1.1564136687878,-107.25,129.75,111.45,0,"	634,723" 
2007-10-01T20:00:00Z,"USMO",2008-04-01T20:00:00Z,Buy,17.41,7.45,12,-119.52,0.72626579803238,-127.68,128.76,127.68,0,"	638,730" 
2007-10-01T20:00:00Z,"PETS",2008-10-01T20:00:00Z,Buy,14.45,15.22,16,12.32,6.2274315023088,-56.96,23.2,61.76,1,"	636,831" 
2007-10-01T20:00:00Z,"PETS",2008-11-03T21:00:00Z,Buy,14.45,18.25,12,45.6,1.0381371303844,-42.72,45.6,46.32,1,"	636,851" 
2007-10-01T20:00:00Z,"VLGEA",2008-12-01T21:00:00Z,Buy,52.12,46.47,5,-28.25,5.2088977733307,-72.65,19.9,92.55,0,"	639,867" 
2007-10-01T20:00:00Z,"VLGEA",2010-02-01T21:00:00Z,Buy,26.06,26.13,24,1.68,1.8670656443523,-174.36,157.2,222.12,1,"	639,1043" 
2007-10-01T20:00:00Z,"SHOO",2010-10-01T20:00:00Z,Buy,12.753354854603,41.2,4.9999208224916,142.23,0.54542744063325,-18.53,146.23,49.33,1,"	637,1152" 
2007-10-01T20:00:00Z,"PETS",2011-09-01T20:00:00Z,Buy,14.45,9.94,38,-171.38,6.5756434389588,-189.62,381.9,571.52,0,"	636,1298" 
2007-10-01T20:00:00Z,"SHOO",2012-02-01T21:00:00Z,Buy,8.5022370479864,41.09,5,162.94,0.62467108540262,-12.36,163.19,63.3,1,"	637,1391" 
2007-10-01T20:00:00Z,"SHOO",2012-08-01T20:00:00Z,Buy,8.5022370479864,39.41,28.000048566312,865.42,0.58041862478358,-69.19,1024.18,374.92,1,"	637,1472" 
2007-11-01T20:00:00Z,"RGR",2007-12-03T21:00:00Z,Buy,8.62,8.77,101,15.15,4.2975309594557,-123.22,134.33,123.22,1,"	653,658" 
2007-11-01T20:00:00Z,"OIS",2008-01-02T21:00:00Z,Buy,42.6,34.34,22,-181.72,6.3829770724302,-260.92,0,260.92,0,"	652,672" 
2007-11-01T20:00:00Z,"ODP",2008-03-03T21:00:00Z,Buy,18.86,11.08,14,-108.92,1.9214711442014,-108.92,359.38,122.92,0,"	651,704" 
2007-11-01T20:00:00Z,"HHGP",2008-04-01T20:00:00Z,Buy,10.52,8.96,18,-28.08,1.2480205855125,-77.04,218.88,77.04,0,"	648,726" 
2007-11-01T20:00:00Z,"MLR",2008-05-01T20:00:00Z,Buy,14.29,11,15,-49.35,1.0513653921144,-79.8,55.95,85.8,0,"	649,745" 
2007-11-01T20:00:00Z,"BRKS",2008-06-02T20:00:00Z,Buy,12.69,9.89,18,-50.4,1.259797380528,-59.22,130.86,78.84,0,"	647,766" 
2007-11-01T20:00:00Z,"NVR",2009-04-01T20:00:00Z,Buy,450,430.02,1,-19.98,3.4212931679849,-129.96,268.97,354.95,0,"	650,920" 
2007-12-03T21:00:00Z,"SAM",2008-01-02T21:00:00Z,Buy,33.12,36.04,8,23.36,0.52001208459214,-33.04,168.4,22.96,1,"	667,674" 
2007-12-03T21:00:00Z,"DLTR",2008-02-01T21:00:00Z,Buy,29.42,27.79,9,-14.67,0.52309665038381,-73.08,145.35,73.08,0,"	661,689" 
2007-12-03T21:00:00Z,"HOFT",2008-02-01T21:00:00Z,Buy,17.06,21.9,14,67.76,3.1973245327706,-0.84,68.32,51.52,1,"	662,690" 
2007-12-03T21:00:00Z,"LNDC",2008-03-03T21:00:00Z,Buy,12.66,9.53,66,-206.58,3.120292445755,-245.52,78.54,324.06,0,"	665,701" 
2007-12-03T21:00:00Z,"IMMR",2008-05-01T20:00:00Z,Buy,13.27,11.06,66,-145.86,7.7272349702397,-439.56,56.1,495.66,0,"	663,742" 
2007-12-03T21:00:00Z,"LRW",2008-05-01T20:00:00Z,Buy,15.06,12.67,14,-33.46,1.4820000336984,-49.56,84,66.78,0,"	664,744" 
2007-12-03T21:00:00Z,"NVTL",2008-06-02T20:00:00Z,Buy,15.32,10.19,56,-287.28,8.5706925790858,-423.36,104.72,528.08,0,"	666,771" 
2007-12-03T21:00:00Z,"HOFT",2009-01-02T21:00:00Z,Buy,17.06,7.67,37,-347.43,6.642961333542,-408.48,247.9,656.38,0,"	662,878" 
2008-01-02T21:00:00Z,"ZEUS",2008-03-03T21:00:00Z,Buy,32.2,42.85,8,85.2,6.3441456573977,-22.96,85.2,29.52,1,"	686,708" 
2008-01-02T21:00:00Z,"SNHY",2008-04-01T20:00:00Z,Buy,24.26,30.25,7,41.93,5.2835497663842,-35.91,44.52,36.96,1,"	683,729" 
2008-01-02T21:00:00Z,"PCU",2008-05-01T20:00:00Z,Buy,106.5,110,2,7,0.5050598631699,-171.36,70.04,56.7,1,"	682,748" 
2008-01-02T21:00:00Z,"FLO",2008-06-02T20:00:00Z,Buy,22.9,27.91,37,185.37,2.3684601307867,-41.44,224.96,96.94,1,"	679,768" 
2008-01-02T21:00:00Z,"SNHY",2008-06-02T20:00:00Z,Buy,24.26,41.04,5,83.9,1.8156141555308,-25.65,83.9,26.4,1,"	683,772" 
2008-01-02T21:00:00Z,"UEIC",2008-06-02T20:00:00Z,Buy,34.2,24.91,26,-241.54,7.5229502619658,-400.92,0,400.92,0,"	684,773" 
2008-01-02T21:00:00Z,"ZEUS",2008-06-02T20:00:00Z,Buy,32.2,62.23,6,180.18,1.9227776252985,-17.22,196.68,26.1,1,"	686,774" 
2008-01-02T21:00:00Z,"FCX",2008-10-01T20:00:00Z,Buy,103.37,52.97,8,-403.2,1.5730323154326,-403.2,180.4,583.6,0,"	678,827" 
2008-01-02T21:00:00Z,"VIVO",2008-10-01T20:00:00Z,Buy,29.81,29.55,29,-7.54,6.2515109039615,-169.65,176.61,346.26,0,"	680,829" 
2008-01-02T21:00:00Z,"NEOG",2008-11-03T21:00:00Z,Buy,26.93,28.94,11,22.11,2.5284420422598,-45.54,46.86,63.14,1,"	681,850" 
2008-01-02T21:00:00Z,"SNHY",2008-11-03T21:00:00Z,Buy,24.26,20.13,22,-90.86,0.57209885386819,-163.68,391.6,555.28,0,"	683,853" 
2008-01-02T21:00:00Z,"LNT",2009-05-01T20:00:00Z,Buy,40.31,22.37,21,-376.74,1.1038401489081,-416.64,38.64,455.28,0,"	685,940" 
2008-01-02T21:00:00Z,"ZEUS",2009-06-01T20:00:00Z,Buy,32.2,19.69,13,-162.63,0.57199756229686,-278.85,568.36,847.21,0,"	686,954" 
2008-01-02T21:00:00Z,"NEOG",2010-09-01T20:00:00Z,Buy,17.953306410078,30.84,7,90.21,1.071956571453,-42,90.21,61.88,1,"	681,1140" 
2008-01-02T21:00:00Z,"NEOG",2011-10-03T20:00:00Z,Buy,17.953306410078,32.08,26,367.29,3.8640562957328,-156,775.49,408.2,1,"	681,1314" 
2008-02-01T21:00:00Z,"BW",2008-03-03T21:00:00Z,Buy,30.31,26.82,10,-34.9,0.52646699266504,-52.1,280.9,55.7,0,"	692,698" 
2008-02-01T21:00:00Z,"LNDC",2008-03-03T21:00:00Z,Buy,9.49,9.53,22,0.88,0.55600321888412,-12.1,95.92,11.22,1,"	695,701" 
2008-02-01T21:00:00Z,"TWIN",2008-03-03T21:00:00Z,Buy,16.67,20.11,54,185.76,3.7711553511445,-38.34,250.56,64.8,1,"	697,706" 
2008-02-01T21:00:00Z,"HHGP",2008-04-01T20:00:00Z,Buy,7.21,8.96,37,64.75,2.4787063598852,-35.89,572.39,43.29,1,"	693,726" 
2008-02-01T21:00:00Z,"IVAC",2008-04-01T20:00:00Z,Buy,11.44,13.94,25,62.5,1.7804077291635,-32.5,478.25,32.5,1,"	694,727" 
2008-02-01T21:00:00Z,"METHA",2009-02-02T21:00:00Z,Buy,12.91,4.9,67,-536.67,4.4124495812335,-554.76,34.17,588.93,0,"	696,894" 
2008-03-03T21:00:00Z,"USMO",2008-04-01T20:00:00Z,Buy,10.42,7.45,23,-68.31,1.6323209758436,-83.95,407.56,93.61,0,"	720,730" 
2008-03-03T21:00:00Z,"IMMR",2008-05-01T20:00:00Z,Buy,8.61,11.06,31,75.95,2.269484244519,-62,170.81,62,1,"	711,742" 
2008-03-03T21:00:00Z,"KAMN",2008-05-01T20:00:00Z,Buy,23.57,27.67,34,139.4,5.8343320425157,-1.7,210.12,90.44,1,"	712,743" 
2008-03-03T21:00:00Z,"KFRC",2008-05-01T20:00:00Z,Buy,8.31,8.44,25,3.25,1.0493225073666,-12.75,216.75,22.75,1,"	716,749" 
2008-03-03T21:00:00Z,"NVTL",2008-06-02T20:00:00Z,Buy,10.64,10.19,22,-9.9,0.55531190926276,-63.36,144.1,70.4,0,"	715,771" 
2008-03-03T21:00:00Z,"UEIC",2008-06-02T20:00:00Z,Buy,22.99,24.91,10,19.2,2.1639792443912,-42.1,112.1,56.1,1,"	719,773" 
2008-03-03T21:00:00Z,"CUB",2008-07-01T20:00:00Z,Buy,27.19,22.01,32,-165.76,6.4011384197335,-181.12,102.72,283.84,0,"	710,783" 
2008-03-03T21:00:00Z,"SHEN",2008-08-01T20:00:00Z,Buy,14.55,14.99,55,24.2,8.2926245203945,-100.65,176.55,277.2,1,"	718,802" 
2008-03-03T21:00:00Z,"LG",2008-09-02T20:00:00Z,Buy,34.46,44.62,5,50.8,1.504122777008,-2.55,65.65,15.25,1,"	713,812" 
2008-03-03T21:00:00Z,"SCHL",2008-09-02T20:00:00Z,Buy,34.79,27.02,23,-178.71,4.8559596635808,-224.48,20.24,244.72,0,"	717,814" 
2008-03-03T21:00:00Z,"LG",2008-11-03T21:00:00Z,Buy,34.46,54.58,7,140.84,0.5183788724264,-3.57,140.84,81.55,1,"	713,848" 
2008-03-03T21:00:00Z,"MOV",2009-02-02T21:00:00Z,Buy,19.72,7.66,14,-168.84,0.53570615623383,-183.26,210.14,264.74,0,"	714,895" 
2008-03-03T21:00:00Z,"WDC",2009-02-02T21:00:00Z,Buy,31.25,15.52,26,-408.98,8.8798853200966,-554.32,226.72,781.04,0,"	721,898" 
2008-03-03T21:00:00Z,"B",2009-04-01T20:00:00Z,Buy,22.25,11,10,-112.5,2.5906035695194,-142.5,144,240,0,"	709,914" 
2008-03-03T21:00:00Z,"LG",2009-07-01T20:00:00Z,Buy,34.46,33.74,12,-8.64,2.0538002665854,-59.16,241.44,300.6,0,"	713,965" 
2008-04-01T20:00:00Z,"UAUA",2008-05-01T20:00:00Z,Buy,23.13,16.1,15,-105.45,0.54028680910358,-143.7,425.4,150.9,0,"	739,751" 
2008-04-01T20:00:00Z,"LXU",2008-06-02T20:00:00Z,Buy,15.08,17.5,55,133.1,1.2729558638911,-61.05,251.35,124.85,1,"	738,769" 
2008-04-01T20:00:00Z,"AZZ",2008-07-01T20:00:00Z,Buy,37.81,44.06,10,62.5,12.031637013732,-110.9,62.5,117.4,1,"	734,782" 
2008-04-01T20:00:00Z,"AZZ",2008-08-01T20:00:00Z,Buy,37.81,46.14,13,108.29,5.7015115061586,-144.17,121.68,152.62,1,"	734,795" 
2008-04-01T20:00:00Z,"FSTR",2008-11-03T21:00:00Z,Buy,44.97,28.28,19,-317.11,16.21797584375,-465.69,56.81,522.5,0,"	736,847" 
2008-04-01T20:00:00Z,"FOSL",2008-12-01T21:00:00Z,Buy,32.2,13.3,26,-491.4,3.6032890571779,-528.06,137.02,665.08,0,"	735,866" 
2008-04-01T20:00:00Z,"ANF",2009-01-02T21:00:00Z,Buy,76.69,24.42,11,-574.97,3.1914236314526,-687.83,5.72,693.55,0,"	732,876" 
2008-04-01T20:00:00Z,"LECO",2009-05-01T20:00:00Z,Buy,66.78,43.75,12,-276.36,1.6385555164879,-483.24,234.12,717.36,0,"	737,937" 
2008-04-01T20:00:00Z,"ANK",2009-07-01T20:00:00Z,Buy,34.5,39.86,24,128.64,1.1220587449096,-493.2,140.88,503.52,1,"	733,960" 
2008-05-01T20:00:00Z,"GHM",2008-07-01T20:00:00Z,Buy,58.23,76.63,3,55.2,1.0432226841461,-9.42,55.2,36.42,1,"	758,784" 
2008-05-01T20:00:00Z,"PTEN",2008-07-01T20:00:00Z,Buy,27.94,36.02,7,56.56,2.9573361055065,0,57.82,20.44,1,"	762,786" 
2008-05-01T20:00:00Z,"AZZ",2008-08-01T20:00:00Z,Buy,27.56,46.14,8,148.64,0.52062874251497,-6.72,156.88,44.32,1,"	753,795" 
2008-05-01T20:00:00Z,"DGII",2008-08-01T20:00:00Z,Buy,8.11,10.38,102,231.54,1.5125283251468,-39.78,231.54,133.62,1,"	754,797" 
2008-05-01T20:00:00Z,"GHM",2008-08-01T20:00:00Z,Buy,58.23,101.97,11,481.14,0.5311575,-34.54,481.14,166.1,1,"	758,798" 
2008-05-01T20:00:00Z,"MMSI",2008-08-01T20:00:00Z,Buy,14.86,19.83,12.333874133148,61.3,0.64395309313392,-63.81,124.94,19.24,1,"	760,800" 
2008-05-01T20:00:00Z,"SAM",2008-09-02T20:00:00Z,Buy,45.74,44.83,19,-17.29,4.663101036387,-140.79,25.27,145.54,0,"	763,813" 
2008-05-01T20:00:00Z,"TNC",2008-09-02T20:00:00Z,Buy,35.3,31.28,24,-96.48,7.0013540666996,-249.84,12.24,262.08,0,"	764,815" 
2008-05-01T20:00:00Z,"LYTS",2008-10-01T20:00:00Z,Buy,10.98,7.87,76,-236.36,8.4264618383636,-268.28,3.04,271.32,0,"	759,830" 
2008-05-01T20:00:00Z,"FSTR",2008-11-03T21:00:00Z,Buy,33.39,28.28,7,-35.77,2.4009562103567,-90.51,101.99,132.44,0,"	757,847" 
2008-05-01T20:00:00Z,"AAON",2008-12-01T21:00:00Z,Buy,19.08,17.3,14,-24.92,1.1531620900573,-86.24,53.76,140,0,"	752,864" 
2008-05-01T20:00:00Z,"NEU",2008-12-01T21:00:00Z,Buy,63.59,29.22,13,-446.81,1.0603697059333,-504.27,223.21,727.48,0,"	755,865" 
2008-05-01T20:00:00Z,"FLXS",2009-02-02T21:00:00Z,Buy,11.15,6.95,75,-315,9.8012186159495,-335.25,99.75,435,0,"	756,893" 
2008-05-01T20:00:00Z,"NFLX",2009-02-02T21:00:00Z,Buy,31,36.95,10,59.5,1.5346501891496,-130.6,59.5,152.3,1,"	761,896" 
2008-05-01T20:00:00Z,"PTEN",2009-09-01T20:00:00Z,Buy,27.94,13.17,23,-339.71,0.62387133182844,-466.44,189.98,656.42,0,"	762,980" 
2008-05-01T20:00:00Z,"MMSI",2009-11-02T21:00:00Z,Buy,14.86,16.89,43,87.29,2.8118962910091,-222.47,435.59,494.93,1,"	760,994" 
2008-05-01T20:00:00Z,"AAON",2009-12-01T21:00:00Z,Buy,19.08,19.03,32,-1.6,1.2538453840078,-197.12,122.88,320,0,"	752,1007" 
2008-05-01T20:00:00Z,"NFLX",2010-02-01T21:00:00Z,Buy,31,61.03,16,480.48,0.53921606425703,-208.96,512.64,243.68,1,"	761,1041" 
2008-06-02T20:00:00Z,"AMED",2008-08-01T20:00:00Z,Buy,50.3,62.89,3.3340088717752,41.98,1.2005579878893,-103.94,50.78,12.97,1,"	775,794" 
2008-06-02T20:00:00Z,"DCO",2008-10-01T20:00:00Z,Buy,30.54,22.9,28,-213.92,4.5040557517391,-271.6,0,271.6,0,"	778,826" 
2008-06-02T20:00:00Z,"CF",2009-03-02T21:00:00Z,Buy,139.39,58.99,6,-482.4,5.5259308726241,-599.46,180.78,780.24,0,"	777,905" 
2008-06-02T20:00:00Z,"APA",2009-04-01T20:00:00Z,Buy,135.81,66.05,6,-418.56,4.6529803599544,-506.58,48.12,554.7,0,"	776,913" 
2008-06-02T20:00:00Z,"JAKK",2009-04-01T20:00:00Z,Buy,22.79,12.65,9,-91.26,0.52172775423729,-112.59,64.8,150.03,0,"	779,918" 
2008-06-02T20:00:00Z,"AMED",2009-08-03T20:00:00Z,Buy,50.3,44.8,5,-27.5,1.2027341536923,-155.87,78.85,200.8,0,"	775,973" 
2008-06-02T20:00:00Z,"OXY",2009-12-01T21:00:00Z,Buy,92.58,82.18,9,-93.6,1.0456055136949,-468.27,7.38,475.65,0,"	780,1015" 
2008-06-02T20:00:00Z,"AMED",2011-03-01T21:00:00Z,Buy,50.3,35.37,8.6659911282248,-129.38,4.6332416020032,-270.16,136.66,372.2,0,"	775,1210" 
2008-06-02T20:00:00Z,"USPH",2011-06-01T20:00:00Z,Buy,16.89,24.02,9,64.17,3.9568156847311,-86.76,79.65,118.8,1,"	781,1263" 
2008-06-02T20:00:00Z,"USPH",2012-04-02T20:00:00Z,Buy,16.89,23.55,9,59.94,0.72820831041922,-86.76,83.52,118.8,1,"	781,1416" 
2008-06-02T20:00:00Z,"USPH",2012-07-02T20:00:00Z,Buy,16.89,26.04,8,73.2,0.83426607450263,-77.12,74.24,105.6,1,"	781,1461" 
2008-06-02T20:00:00Z,"USPH",2013-06-03T20:00:00Z,Buy,16.89,28.9,26,312.26,0.62855871886121,-250.64,312.26,343.2,1,"	781,1619" 
2008-07-01T20:00:00Z,"GIII",2008-08-01T20:00:00Z,Buy,12.17,15.53,15,50.4,6.5975159335447,-5.55,81.6,32.1,1,"	790,799" 
2008-07-01T20:00:00Z,"DCO",2008-10-01T20:00:00Z,Buy,23.21,22.9,9,-2.79,1.2003219256399,-21.33,65.97,80.01,0,"	789,826" 
2008-07-01T20:00:00Z,"GIII",2008-10-01T20:00:00Z,Buy,12.17,17.34,54,279.18,5.243285409579,-19.98,428.22,149.04,1,"	790,828" 
2008-07-01T20:00:00Z,"LYTS",2008-10-01T20:00:00Z,Buy,7.81,7.87,29,1.74,1.3774092231655,-10.44,93.09,95.12,1,"	792,830" 
2008-07-01T20:00:00Z,"HOFT",2009-01-02T21:00:00Z,Buy,17.36,7.67,12,-116.28,0.53006928406467,-136.08,76.8,165.96,0,"	791,878" 
2008-07-01T20:00:00Z,"UACL",2009-12-01T21:00:00Z,Buy,22.31,16.13,38,-234.84,6.5549325117165,-448.4,210.52,658.92,0,"	793,1016" 
2008-08-01T20:00:00Z,"SCHL",2008-09-02T20:00:00Z,Buy,26.04,27.02,10,9.8,0.52524234199302,-10.1,96.3,24,1,"	807,814" 
2008-08-01T20:00:00Z,"TNC",2008-09-02T20:00:00Z,Buy,26.37,31.28,9,44.19,0.99877913226974,-13.32,84.96,10.08,1,"	809,815" 
2008-08-01T20:00:00Z,"ANF",2009-01-02T21:00:00Z,Buy,55.21,24.42,4,-123.16,0.51001451115545,-164.2,88,169.36,0,"	804,876" 
2008-08-01T20:00:00Z,"NPK",2009-01-02T21:00:00Z,Buy,73.05,78.31,4,21.04,2.6847746459447,-95,24.44,119.44,1,"	806,879" 
2008-08-01T20:00:00Z,"UGI",2009-02-02T21:00:00Z,Buy,26.27,25.95,9,-2.88,1.1676241368192,-53.46,13.5,66.96,0,"	810,897" 
2008-08-01T20:00:00Z,"ABFS",2009-04-01T20:00:00Z,Buy,35.78,19.17,23,-382.03,8.8247430335426,-452.64,97.52,550.16,0,"	803,912" 
2008-08-01T20:00:00Z,"B",2009-04-01T20:00:00Z,Buy,22.09,11,10,-110.9,0.95190840771818,-140.9,145.6,168,0,"	805,914" 
2008-08-01T20:00:00Z,"SKX",2009-04-01T20:00:00Z,Buy,18.96,6.91,46,-554.3,6.8902456170826,-628.82,87.4,716.22,0,"	808,922" 
2008-08-01T20:00:00Z,"ZEUS",2009-06-01T20:00:00Z,Buy,51.62,19.69,4,-127.72,1.2253559337343,-163.48,97.2,174.56,0,"	811,954" 
2008-08-01T20:00:00Z,"NPK",2010-02-01T21:00:00Z,Buy,73.05,114.87,2,83.64,1.1769620111888,-50.78,88.24,65.48,1,"	806,1042" 
2008-08-01T20:00:00Z,"NPK",2011-03-01T21:00:00Z,Buy,73.05,125.75,6,316.2,1.0801472207774,-152.34,380.28,233.52,1,"	806,1214" 
2008-08-01T20:00:00Z,"UGI",2011-12-01T21:00:00Z,Buy,26.27,29.76,23,80.27,0.57946595460614,-136.62,161.69,193.43,1,"	810,1353" 
2008-09-02T20:00:00Z,"CMC",2008-10-01T20:00:00Z,Buy,24.61,16.28,9,-74.97,0.89583245163981,-117.4,133.11,78.21,0,"	816,825" 
2008-09-02T20:00:00Z,"LHCG",2008-11-03T21:00:00Z,Buy,29.7,33.95,11,46.75,6.654948322609,-77,61.38,83.71,1,"	818,849" 
2008-09-02T20:00:00Z,"SCHN",2009-01-02T21:00:00Z,Buy,64.15,40.18,5,-119.85,0.5117216050285,-285.42,252.25,237.85,0,"	821,880" 
2008-09-02T20:00:00Z,"DAR",2009-02-02T21:00:00Z,Buy,13.2,4.48,64,-558.08,7.902904290304,-618.88,0,618.88,0,"	817,892" 
2008-09-02T20:00:00Z,"WTI",2009-04-01T20:00:00Z,Buy,33.31,6.24,25,-676.75,1.1682933934824,-701.75,1.75,703.5,0,"	822,923" 
2008-09-02T20:00:00Z,"PTEN",2009-09-01T20:00:00Z,Buy,25.23,13.17,8,-96.48,0.51775510204082,-140.56,87.76,140.56,0,"	820,980" 
2008-09-02T20:00:00Z,"NUE",2009-11-02T21:00:00Z,Buy,49.07,39.02,4,-40.2,0.50933955081842,-104.94,131.28,103.44,0,"	819,995" 
2008-09-02T20:00:00Z,"LHCG",2011-12-01T21:00:00Z,Buy,29.7,13.93,19,-299.63,4.6936539021691,-329.65,145.54,475.19,0,"	818,1347" 
2008-10-01T20:00:00Z,"SNHY",2008-11-03T21:00:00Z,Buy,24.77,20.13,8,-37.12,1.2929525931507,-63.6,138.32,63.6,0,"	841,853" 
2008-10-01T20:00:00Z,"CRMT",2009-01-02T21:00:00Z,Buy,18.56,13.73,19,-91.77,3.9558934183243,-213.94,0,213.94,0,"	833,877" 
2008-10-01T20:00:00Z,"SCHN",2009-01-02T21:00:00Z,Buy,37.63,40.18,7.499968679981,19.12,1.184461334623,-229.22,577.27,157.87,1,"	840,880" 
2008-10-01T20:00:00Z,"WDC",2009-02-02T21:00:00Z,Buy,20.63,15.52,11,-56.21,1.2866792766769,-117.7,212.74,117.7,0,"	843,898" 
2008-10-01T20:00:00Z,"HP",2009-03-02T21:00:00Z,Buy,42,20.72,18,-383.04,8.3075889482455,-430.02,0,430.02,0,"	837,907" 
2008-10-01T20:00:00Z,"GHM",2009-05-01T20:00:00Z,Buy,24.525,12.63,28,-333.06,1.1981640674116,-479.5,0,479.5,0,"	835,936" 
2008-10-01T20:00:00Z,"IIIN",2009-06-01T20:00:00Z,Buy,13,9.08,58,-227.36,10.823340432113,-472.7,0,472.7,0,"	838,950" 
2008-10-01T20:00:00Z,"ZEUS",2009-06-01T20:00:00Z,Buy,28.14,19.69,10,-84.5,3.2656340037611,-173.9,477.8,173.9,0,"	844,954" 
2008-10-01T20:00:00Z,"CRMT",2009-07-01T20:00:00Z,Buy,18.56,21.14,13,33.54,0.53351463414634,-146.38,33.54,146.38,1,"	833,962" 
2008-10-01T20:00:00Z,"TTWO",2009-07-01T20:00:00Z,Buy,15.93,9.73,48,-297.6,8.5258599297264,-494.88,0,494.88,0,"	842,966" 
2008-10-01T20:00:00Z,"DMLP",2009-12-01T21:00:00Z,Buy,22.82,20.78,34,-69.36,4.2422083761734,-281.86,100.3,281.86,0,"	834,1013" 
2008-10-01T20:00:00Z,"SCHN",2010-01-04T21:00:00Z,Buy,37.63,50,0.50003132001898,6.19,1.8977677672115,-15.28,38.49,10.53,1,"	840,1033" 
2008-10-01T20:00:00Z,"HVT",2010-03-01T21:00:00Z,Buy,11.75,13.49,68,118.32,6.967576528502,-271.32,148.92,271.32,1,"	836,1051" 
2008-10-01T20:00:00Z,"RS",2010-06-01T20:00:00Z,Buy,36.86,43.67,7,47.67,2.183575921726,-169.4,288.82,169.4,1,"	839,1107" 
2008-10-01T20:00:00Z,"CRMT",2010-07-01T20:00:00Z,Buy,18.56,22.87,10,43.1,1.7795013853166,-112.6,84.3,112.6,1,"	833,1115" 
2008-11-03T21:00:00Z,"ANF",2009-01-02T21:00:00Z,Buy,27,24.42,8,-20.64,0.51867219917012,-102.72,401.68,102.72,0,"	854,876" 
2008-11-03T21:00:00Z,"HOFT",2009-01-02T21:00:00Z,Buy,9.8,7.67,24,-51.12,1.3396284925779,-90.72,335.04,90.72,0,"	858,878" 
2008-11-03T21:00:00Z,"CF",2009-03-02T21:00:00Z,Buy,62.71,58.99,4,-14.88,0.50977857477,-92.92,427.24,101.88,0,"	856,905" 
2008-11-03T21:00:00Z,"CPSI",2009-04-01T20:00:00Z,Buy,28.62,32.97,7,30.45,7.4306201563159,-44.59,32.55,55.3,1,"	857,915" 
2008-11-03T21:00:00Z,"LRW",2009-04-01T20:00:00Z,Buy,8.18,8.37,80,15.2,6.7732865091548,-172.8,161.6,334.4,1,"	860,919" 
2008-11-03T21:00:00Z,"MDU",2009-06-01T20:00:00Z,Buy,18.45,19.61,10.749977499662,12.47,0.53039538714992,-58.37,176.73,101.8,1,"	861,952" 
2008-11-03T21:00:00Z,"PTEN",2009-09-01T20:00:00Z,Buy,12.63,13.17,19,10.26,0.54520911831198,-94.43,447.83,111.34,1,"	862,980" 
2008-11-03T21:00:00Z,"SYKE",2009-11-02T21:00:00Z,Buy,16.49,24.44,11,87.45,1.136797709839,-30.25,87.67,65.45,1,"	863,997" 
2008-11-03T21:00:00Z,"CALM",2010-01-04T21:00:00Z,Buy,29.09,34.28,22,114.18,6.9641968764804,-260.48,118.14,286.66,1,"	855,1030" 
2008-11-03T21:00:00Z,"CPSI",2010-04-01T20:00:00Z,Buy,28.62,39.17,17,179.35,0.55763242067554,-108.29,355.81,231.88,1,"	857,1066" 
2008-11-03T21:00:00Z,"SYKE",2010-05-03T20:00:00Z,Buy,16.49,22.51,31,186.62,1.1988963443137,-85.25,314.03,184.45,1,"	863,1083" 
2008-11-03T21:00:00Z,"K",2010-12-01T21:00:00Z,Buy,52.29,49.44,13,-37.05,2.204186690118,-213.33,42.77,215.54,0,"	859,1177" 
2008-11-03T21:00:00Z,"MDU",2014-10-01T20:00:00Z,Buy,18.45,27.43,1.2500225003382,11.23,0.63562117943186,-6.79,21.84,11.84,1,"	861,1911" 
2008-12-01T21:00:00Z,"DAR",2009-02-02T21:00:00Z,Buy,3.66,4.48,57,46.74,0.60431,-7.41,543.78,107.16,1,"	871,892" 
2008-12-01T21:00:00Z,"GCO",2009-04-01T20:00:00Z,Buy,11.47,19.2,15,115.95,2.235521840942,0,116.4,88.8,1,"	873,917" 
2008-12-01T21:00:00Z,"WTI",2009-04-01T20:00:00Z,Buy,12.24,6.24,18,-108,2.6798149623538,-126,380.52,204.48,0,"	875,923" 
2008-12-01T21:00:00Z,"EGY",2009-05-01T20:00:00Z,Buy,6.8,4.7,96,-201.6,9.4294176411991,-216.96,145.92,362.88,0,"	872,935" 
2008-12-01T21:00:00Z,"GHM",2009-05-01T20:00:00Z,Buy,8.37,12.63,38,161.88,4.6443707328637,-36.86,613.89,226.48,1,"	874,936" 
2008-12-01T21:00:00Z,"GCO",2009-08-03T20:00:00Z,Buy,11.47,22.07,30,318,1.7280456908277,0,430.5,247.5,1,"	873,974" 
2008-12-01T21:00:00Z,"BKE",2009-10-01T20:00:00Z,Buy,16.39,33.52,11.000010499995,188.43,0.52615425531915,-19.91,276.94,136.73,1,"	869,986" 
2008-12-01T21:00:00Z,"CRMT",2010-07-01T20:00:00Z,Buy,8.29,22.87,23,335.34,0.55103586723769,-22.77,430.1,116.15,1,"	870,1115" 
2008-12-01T21:00:00Z,"BKE",2014-04-01T20:00:00Z,Buy,16.39,46.33,0.99998950000525,29.94,4.9010651788576,-1.81,40.75,15.2,1,"	869,1798" 
2009-01-02T21:00:00Z,"MOV",2009-02-02T21:00:00Z,Buy,9.68,7.66,27,-54.54,3.5605867249138,-82.35,676.35,89.1,0,"	886,895" 
2009-01-02T21:00:00Z,"WDC",2009-02-02T21:00:00Z,Buy,12.32,15.52,19,60.8,2.4603475661663,-45.41,525.35,43.13,1,"	890,898" 
2009-01-02T21:00:00Z,"HP",2009-03-02T21:00:00Z,Buy,25,20.72,10,-42.8,0.52758164165931,-68.9,170,64.8,0,"	884,907" 
2009-01-02T21:00:00Z,"KFRC",2009-05-01T20:00:00Z,Buy,7.62,10.63,84,252.84,8.0455792521981,-175.56,285.6,202.44,1,"	887,938" 
2009-01-02T21:00:00Z,"HWKN",2009-06-01T20:00:00Z,Buy,15.66,21,12,64.08,6.6627765071276,-36.12,69.84,42.24,1,"	885,949" 
2009-01-02T21:00:00Z,"CRK",2009-07-01T20:00:00Z,Buy,48.27,31.75,13,-214.76,1.06445861558,-276.12,18.33,294.45,0,"	882,963" 
2009-01-02T21:00:00Z,"TTWO",2009-07-01T20:00:00Z,Buy,7.95,9.73,37,65.86,1.6368653450626,-86.21,295.26,93.24,1,"	889,966" 
2009-01-02T21:00:00Z,"HWKN",2010-06-01T20:00:00Z,Buy,15.66,25.43,9,87.93,1.4060276729979,-27.09,123.57,54.72,1,"	885,1106" 
2009-01-02T21:00:00Z,"RS",2010-06-01T20:00:00Z,Buy,21.64,43.67,12,264.36,0.53255767301906,-107.76,677.76,153.36,1,"	888,1107" 
2009-01-02T21:00:00Z,"DLTR",2010-09-01T20:00:00Z,Buy,28.0333053,45.95,5,89.58,4.9339145377792,-27.9,89.58,34.2,1,"	883,1137" 
2009-01-02T21:00:00Z,"HWKN",2010-09-01T20:00:00Z,Buy,15.66,32.36,7,116.9,1.0419499643976,-21.07,128.03,42.56,1,"	885,1139" 
2009-01-02T21:00:00Z,"DLTR",2011-06-01T20:00:00Z,Buy,28.0333053,62.67,4,138.55,0.50983213053028,-22.32,142.83,35.12,1,"	883,1259" 
2009-01-02T21:00:00Z,"HWKN",2011-08-01T20:00:00Z,Buy,15.66,34.73,14,266.98,0.56306289947705,-42.14,469.7,217.84,1,"	885,1282" 
2009-01-02T21:00:00Z,"DLTR",2011-09-01T20:00:00Z,Buy,28.0333053,71.78,4,174.99,0.51005040604873,-22.32,183.15,37.04,1,"	883,1296" 
2009-01-02T21:00:00Z,"DLTR",2012-05-01T20:00:00Z,Buy,28.0333053,102.05,2,148.03,0.87172703076151,-11.16,148.03,18.52,1,"	883,1426" 
2009-01-02T21:00:00Z,"DLTR",2012-06-01T20:00:00Z,Buy,28.0333053,99.94,2,143.81,0.50484299282807,-11.16,151.69,18.52,1,"	883,1446" 
2009-01-02T21:00:00Z,"DLTR",2012-12-03T21:00:00Z,Buy,14.01665265,41.34,11.000045000045,300.56,1.7513758868881,-30.69,470.01,209.5,1,"	883,1525" 
2009-02-02T21:00:00Z,"CTRN",2009-03-02T21:00:00Z,Buy,9.51,11.97,19,46.74,7.3344117938533,0,59.47,20.14,1,"	899,906" 
2009-02-02T21:00:00Z,"CTRN",2009-04-01T20:00:00Z,Buy,9.51,22.96,18,242.1,4.2372868571788,0,242.1,28.44,1,"	899,916" 
2009-02-02T21:00:00Z,"PCTI",2009-04-01T20:00:00Z,Buy,6.2,4.47,91,-157.43,6.8832748475981,-207.48,70.07,277.55,0,"	902,921" 
2009-02-02T21:00:00Z,"STMP",2009-08-03T20:00:00Z,Buy,8.45,8.68,72,16.56,6.7072061388402,-38.16,120.96,138.24,1,"	903,975" 
2009-02-02T21:00:00Z,"JJSF",2010-01-04T21:00:00Z,Buy,35.44,40.2,17,80.92,4.2656773566829,-88.74,149.26,138.04,1,"	901,1032" 
2009-02-02T21:00:00Z,"CTRN",2010-04-01T20:00:00Z,Buy,9.51,33.1,25,589.75,1.7784842486903,0,630.25,235.75,1,"	899,1067" 
2009-02-02T21:00:00Z,"FIZ",2010-05-03T20:00:00Z,Buy,9.41,11.65,66.400030239964,148.74,5.4818490580112,-243.02,359,231.07,1,"	900,1075" 
2009-02-02T21:00:00Z,"FIZ",2011-09-01T20:00:00Z,Buy,9.41,16.08,1.5999697600363,10.67,10.839449196691,-5.86,11.33,5.57,1,"	900,1297" 
2009-03-02T21:00:00Z,"SKX",2009-04-01T20:00:00Z,Buy,6.03,6.91,37,32.56,2.1273637814537,-27.38,548.71,27.38,1,"	911,922" 
2009-03-02T21:00:00Z,"FSYS",2009-06-01T20:00:00Z,Buy,19.25,22.74,26,90.74,3.2460976199811,-228.8,92.82,235.04,1,"	909,951" 
2009-03-02T21:00:00Z,"MTSC",2009-10-01T20:00:00Z,Buy,21.55,28.4,7,47.95,2.6155901558296,-11.9,60.97,19.25,1,"	910,988" 
2009-03-02T21:00:00Z,"MTSC",2010-03-01T21:00:00Z,Buy,21.55,27.92,15,95.55,2.6912759500343,-25.5,130.65,80.85,1,"	910,1052" 
2009-04-01T20:00:00Z,"FSYS",2009-06-01T20:00:00Z,Buy,14.44,22.74,17,141.1,2.9539169458164,-67.83,142.46,82.11,1,"	931,951" 
2009-04-01T20:00:00Z,"CMTL",2009-07-01T20:00:00Z,Buy,25.14,32.55,23,170.43,2.7765762283538,0,212.06,177.33,1,"	926,961" 
2009-04-01T20:00:00Z,"WSO",2009-08-03T20:00:00Z,Buy,34.55,52.64,4,72.36,3.4500523271394,0,77.8,37.76,1,"	934,976" 
2009-04-01T20:00:00Z,"CODI",2009-10-01T20:00:00Z,Buy,9.21,10.3,65,70.85,12.145517596436,-94.9,115.05,156.65,1,"	928,987" 
2009-04-01T20:00:00Z,"CSGS",2009-11-02T21:00:00Z,Buy,14.36,15.98,40,64.8,5.4999351455057,-57.6,102.8,99.6,1,"	929,992" 
2009-04-01T20:00:00Z,"CAI",2009-12-01T21:00:00Z,Buy,36.06,46.01,15,149.25,4.4003223025842,-19.5,201.6,52.35,1,"	925,1009" 
2009-04-01T20:00:00Z,"CNC",2009-12-01T21:00:00Z,Buy,17.65,19.27,32,51.84,4.1092691222217,-20.16,91.2,111.36,1,"	927,1011" 
2009-04-01T20:00:00Z,"DGIT",2009-12-01T21:00:00Z,Buy,18.77,27.28,14,119.14,3.6578815594624,-28.98,126,93.94,1,"	930,1012" 
2009-04-01T20:00:00Z,"MLAB",2010-02-01T21:00:00Z,Buy,16.6,27.2,36,381.6,6.8437832185732,0,446.4,81.72,1,"	932,1040" 
2009-04-01T20:00:00Z,"WSO",2010-03-01T21:00:00Z,Buy,34.55,59.16,13,319.93,0.53324170124481,0,319.93,122.72,1,"	934,1054" 
2009-04-01T20:00:00Z,"DGIT",2010-06-01T20:00:00Z,Buy,18.77,41.71,8,183.52,2.9604837763227,-16.56,195.2,53.68,1,"	930,1104" 
2009-04-01T20:00:00Z,"DGIT",2010-11-01T20:00:00Z,Buy,18.77,22.87,8,32.8,1.6361717737084,-29.28,200.24,229.52,1,"	930,1161" 
2009-04-01T20:00:00Z,"AMED",2011-03-01T21:00:00Z,Buy,27.4,35.37,8,63.76,0.51993452164423,-66.2,309.36,319.92,1,"	924,1210" 
2009-04-01T20:00:00Z,"SPH",2011-09-01T20:00:00Z,Buy,37.1,47.14,16,160.64,1.8156614306046,-4.96,346.4,283.36,1,"	933,1300" 
2009-05-01T20:00:00Z,"IIIN",2009-06-01T20:00:00Z,Buy,7.48,9.08,29,46.4,0.57279194630872,-76.27,160.08,31.03,1,"	941,950" 
2009-05-01T20:00:00Z,"ULBI",2009-06-01T20:00:00Z,Buy,7.39,7.03,90,-32.4,13.348472308263,-48.6,45.9,94.5,0,"	948,953" 
2009-05-01T20:00:00Z,"KIRK",2009-07-01T20:00:00Z,Buy,6.71,11.21,38,171,9.3776662437349,-36.86,201.4,45.22,1,"	943,964" 
2009-05-01T20:00:00Z,"LG",2009-07-01T20:00:00Z,Buy,35.59,33.74,6,-11.1,0.51538029386344,-36.36,113.94,36.36,0,"	944,965" 
2009-05-01T20:00:00Z,"PLCE",2009-11-02T21:00:00Z,Buy,28.9,32.53,22,79.86,3.6145765094722,-88.88,173.58,262.46,1,"	946,996" 
2009-05-01T20:00:00Z,"TSCO",2009-11-02T21:00:00Z,Buy,39.06,45.33,16,100.32,2.9942682024664,-71.84,234.4,144.16,1,"	947,998" 
2009-05-01T20:00:00Z,"JCOM",2010-02-01T21:00:00Z,Buy,23.72,20.87,27,-76.95,2.0301016315773,-128.52,21.87,150.39,0,"	942,1039" 
2009-05-01T20:00:00Z,"KIRK",2010-04-01T20:00:00Z,Buy,6.71,20.85,14,197.96,0.53475,-13.58,207.2,66.5,1,"	943,1068" 
2009-05-01T20:00:00Z,"KIRK",2011-01-03T21:00:00Z,Buy,6.71,14.06,42,308.7,0.6703635067712,-40.74,748.44,577.08,1,"	943,1187" 
2009-05-01T20:00:00Z,"LHCG",2011-12-01T21:00:00Z,Buy,23.74,13.93,9,-88.29,0.52340709903593,-102.51,122.58,225.09,0,"	945,1347" 
2009-06-01T20:00:00Z,"NJR",2009-12-01T21:00:00Z,Buy,34.85,36.15,19,24.7,1.0984962060899,0,93.67,91.39,1,"	957,1014" 
2009-06-01T20:00:00Z,"CHE",2010-03-01T21:00:00Z,Buy,39.4,54.56,17,257.72,2.0804885881259,-44.88,257.72,81.6,1,"	956,1049" 
2009-06-01T20:00:00Z,"RBIN",2010-05-03T20:00:00Z,Buy,13.97,25.58,10,116.1,9.4469695564959,-12.8,116.1,41.9,1,"	958,1079" 
2009-06-01T20:00:00Z,"USMO",2010-05-03T20:00:00Z,Buy,11.34,14.23,59,170.51,5.489051902501,-80.24,177,226.56,1,"	959,1087" 
2009-06-01T20:00:00Z,"RBIN",2010-10-01T20:00:00Z,Buy,13.97,30.44,8,131.76,0.51975340687865,-10.24,134.8,60.32,1,"	958,1151" 
2009-06-01T20:00:00Z,"ATO",2011-10-03T20:00:00Z,Buy,24.39,30.97,7,46.06,2.8486724352805,0,74.13,42.77,1,"	955,1309" 
2009-06-01T20:00:00Z,"ATO",2012-02-01T21:00:00Z,Buy,24.39,32.62,20,164.6,0.75199035002544,0,220.2,122.2,1,"	955,1384" 
2009-06-01T20:00:00Z,"RBIN",2012-04-02T20:00:00Z,Buy,13.97,51.1,6,222.78,0.51514822134387,-7.68,223.14,115.38,1,"	958,1413" 
2009-06-01T20:00:00Z,"RBIN",2012-05-01T20:00:00Z,Buy,13.97,48.6,22,761.86,2.7403915516386,-28.16,818.18,423.06,1,"	958,1432" 
2009-07-01T20:00:00Z,"SIF",2009-09-01T20:00:00Z,Buy,10.57,13.8,17,54.91,4.4128304655147,-20.91,70.55,20.91,1,"	972,981" 
2009-07-01T20:00:00Z,"ALGN",2009-11-02T21:00:00Z,Buy,10.79,16.05,17,89.42,1.9822230871268,-25.84,117.47,33.66,1,"	967,991" 
2009-07-01T20:00:00Z,"MTSC",2010-03-01T21:00:00Z,Buy,21.29,27.92,11,72.93,1.0115875863482,-15.84,98.67,59.29,1,"	970,1052" 
2009-07-01T20:00:00Z,"RIMG",2010-03-01T21:00:00Z,Buy,17.16,15.22,41,-79.54,6.3973784753125,-127.1,74.21,201.31,0,"	971,1053" 
2009-07-01T20:00:00Z,"CTR",2010-04-01T20:00:00Z,Buy,17.99,22.12,39,161.07,4.1975232667379,-79.17,189.93,196.56,1,"	968,1065" 
2009-07-01T20:00:00Z,"SIF",2010-05-03T20:00:00Z,Buy,10.57,13.95,49,165.62,0.62320656092286,-60.27,324.87,193.55,1,"	972,1082" 
2009-07-01T20:00:00Z,"CORE",2010-07-01T20:00:00Z,Buy,26.88,27.76,26,22.88,4.8155847007647,-34.58,193.44,196.56,1,"	969,1116" 
2009-07-01T20:00:00Z,"ALGN",2011-10-03T20:00:00Z,Buy,10.79,14.26,47,163.09,0.61045154911009,-71.44,667.4,504.31,1,"	967,1308" 
2009-08-03T20:00:00Z,"XOM",2009-11-02T21:00:00Z,Buy,70.64,72.15,3,4.53,0.50754271070615,-26.91,73.23,14.37,1,"	979,999" 
2009-08-03T20:00:00Z,"RGR",2010-05-03T20:00:00Z,Buy,11.87,17.23,58,310.88,1.3545773309151,-125.86,329.44,238.38,1,"	977,1080" 
2009-08-03T20:00:00Z,"TTEC",2010-05-03T20:00:00Z,Buy,16.01,16.87,43,36.98,2.0278084881664,0,205.97,182.75,1,"	978,1084" 
2009-09-01T20:00:00Z,"ALGT",2009-12-01T21:00:00Z,Buy,37.8,42.5,18,84.6,2.7328502355077,-40.86,114.84,155.7,1,"	983,1008" 
2009-09-01T20:00:00Z,"DISCA",2010-07-01T20:00:00Z,Buy,25.54,36.09,6,63.3,2.8676824742828,0,83.94,29.4,1,"	985,1117" 
2009-09-01T20:00:00Z,"DGIT",2010-11-01T20:00:00Z,Buy,16.7,22.87,3,18.51,0.52889273356401,-4.77,81.3,86.07,1,"	984,1161" 
2009-09-01T20:00:00Z,"DGIT",2011-01-03T21:00:00Z,Buy,16.7,29.59,9,116.01,2.2141284874441,-14.31,243.9,258.21,1,"	984,1184" 
2009-09-01T20:00:00Z,"DISCA",2011-05-02T20:00:00Z,Buy,25.54,44.65,22,420.42,0.5554846362404,0,427.46,141.02,1,"	985,1235" 
2009-10-01T20:00:00Z,"SCHN",2010-01-04T21:00:00Z,Buy,51.67,50,13.499968679981,-22.54,0.53396150234742,-602.14,849.55,186.43,0,"	990,1033" 
2009-10-01T20:00:00Z,"EGN",2010-03-01T21:00:00Z,Buy,41.79,46.68,17,83.13,1.0848487997914,-8.16,125.29,120.36,1,"	989,1050" 
2009-11-02T21:00:00Z,"AAWW",2010-01-04T21:00:00Z,Buy,25.08,38.2,7,91.84,1.0847245514027,0,91.84,10.85,1,"	1000,1029" 
2009-11-02T21:00:00Z,"AAWW",2010-04-01T20:00:00Z,Buy,25.08,53.28,5,141,0.51255419415646,0,141,19.2,1,"	1000,1063" 
2009-11-02T21:00:00Z,"AAWW",2010-05-03T20:00:00Z,Buy,25.08,55.95,16,493.92,0.54049212954587,0,540.64,62.08,1,"	1000,1074" 
2009-11-02T21:00:00Z,"LXU",2010-05-03T20:00:00Z,Buy,12.34,18.65,60,378.6,4.2016987511089,-91.8,378.6,163.8,1,"	1004,1077" 
2009-11-02T21:00:00Z,"CVI",2010-06-01T20:00:00Z,Buy,10.34,7.24,70,-217,2.8468055877231,-265.3,34.3,299.6,0,"	1002,1103" 
2009-11-02T21:00:00Z,"APOG",2010-08-02T20:00:00Z,Buy,12.9,11.12,56,-99.68,6.018419597485,-128.24,216.16,344.4,0,"	1001,1125" 
2009-11-02T21:00:00Z,"LANC",2010-10-01T20:00:00Z,Buy,48.6,47.95,15,-9.75,3.2057430754634,-46.95,188.55,235.5,0,"	1003,1148" 
2009-11-02T21:00:00Z,"WDC",2010-11-01T20:00:00Z,Buy,34.08,32.62,22,-32.12,5.9672336786727,-230.12,272.58,502.7,0,"	1006,1167" 
2009-11-02T21:00:00Z,"POWL",2011-07-01T20:00:00Z,Buy,36.05,37.19,20,22.8,2.1876374775261,-190.2,78.2,211.2,1,"	1005,1268" 
2009-12-01T21:00:00Z,"CENT",2010-01-04T21:00:00Z,Buy,9.15,10.65,87,130.5,1.4447089888965,0,174,43.5,1,"	1018,1031" 
2009-12-01T21:00:00Z,"JCOM",2010-02-01T21:00:00Z,Buy,20.07,20.87,11,8.8,1.0529532432933,-12.21,49.06,20.9,1,"	1023,1039" 
2009-12-01T21:00:00Z,"ASH",2010-04-01T20:00:00Z,Buy,36.62,55.06,5,92.2,4.2609845069058,0,92.2,14.8,1,"	1017,1064" 
2009-12-01T21:00:00Z,"HHS",2010-05-03T20:00:00Z,Buy,9.82,14.46,15,69.6,2.6212562844523,0,69.6,13.35,1,"	1021,1076" 
2009-12-01T21:00:00Z,"OTL",2010-05-03T20:00:00Z,Buy,9.38,13.92,86,390.44,7.3427125228733,-59.34,448.06,282.08,1,"	1025,1078" 
2009-12-01T21:00:00Z,"WCC",2010-05-03T20:00:00Z,Buy,26.34,41.53,7,106.33,3.2784373431003,-2.03,110.32,25.06,1,"	1028,1088" 
2009-12-01T21:00:00Z,"CVI",2010-06-01T20:00:00Z,Buy,7.39,7.24,34,-5.1,1.27919595628,-28.56,116.96,79.9,0,"	1019,1103" 
2009-12-01T21:00:00Z,"GTLS",2010-06-01T20:00:00Z,Buy,16.91,16.96,46,2.3,6.9277098567881,-57.04,425.96,423.66,1,"	1020,1105" 
2009-12-01T21:00:00Z,"MVO",2010-07-01T20:00:00Z,Buy,18.99,25.47,9,58.32,2.4256753930614,-2.52,78.75,48.15,1,"	1024,1118" 
2009-12-01T21:00:00Z,"HHS",2010-09-01T20:00:00Z,Buy,9.82,10.42,64,38.4,1.0010295280149,0,355.2,352,1,"	1021,1138" 
2009-12-01T21:00:00Z,"JBSS",2010-11-01T20:00:00Z,Buy,16.32,12.96,48,-161.28,3.1620505068867,-195.36,53.76,249.12,0,"	1022,1163" 
2009-12-01T21:00:00Z,"MVO",2011-01-03T21:00:00Z,Buy,18.99,39.95,6,125.76,0.51500751314801,-1.68,125.76,32.1,1,"	1024,1188" 
2009-12-01T21:00:00Z,"ASH",2011-02-01T21:00:00Z,Buy,36.62,59.33,16,363.36,2.0660947948252,0,426.56,321.6,1,"	1017,1195" 
2009-12-01T21:00:00Z,"UNF",2011-02-01T21:00:00Z,Buy,44.1,56.52,17,211.14,3.2682610654655,-94.18,219.13,292.06,1,"	1027,1201" 
2009-12-01T21:00:00Z,"WCC",2011-02-01T21:00:00Z,Buy,26.34,57.8,4,125.84,0.91991789469121,-1.16,125.84,40.92,1,"	1028,1202" 
2009-12-01T21:00:00Z,"WCC",2011-11-01T20:00:00Z,Buy,26.34,46.72,18,366.84,0.56025588113908,-5.22,672.12,568.8,1,"	1028,1334" 
2009-12-01T21:00:00Z,"UGI",2011-12-01T21:00:00Z,Buy,23.64,29.76,9,55.08,0.87494965811412,-29.79,86.94,75.69,1,"	1026,1353" 
2009-12-01T21:00:00Z,"MVO",2012-01-03T21:00:00Z,Buy,18.99,40.66,25,541.75,3.223380129087,-7,675,284.5,1,"	1024,1369" 
2010-01-04T21:00:00Z,"MFRI",2010-04-01T20:00:00Z,Buy,6.77,6.68,120,-10.8,4.3626535410959,-73.2,55.2,128.4,0,"	1036,1069" 
2010-01-04T21:00:00Z,"RGR",2010-05-03T20:00:00Z,Buy,10.24,17.23,26,181.74,1.3703565663906,-14.04,190.06,25.48,1,"	1037,1080" 
2010-01-04T21:00:00Z,"TSRA",2010-06-01T20:00:00Z,Buy,23.81,16.87,35,-242.9,4.5602086871516,-246.05,8.75,254.8,0,"	1038,1109" 
2010-01-04T21:00:00Z,"CLW",2010-09-01T20:00:00Z,Buy,54.32,70.5,3,48.54,2.6205698944283,-30.27,48.54,41.55,1,"	1034,1136" 
2010-01-04T21:00:00Z,"CLW",2011-06-01T20:00:00Z,Buy,54.32,67.69,11,147.07,2.8266314091423,-110.99,333.85,186.78,1,"	1034,1257" 
2010-01-04T21:00:00Z,"LINC",2011-08-01T20:00:00Z,Buy,21.95,17.53,13,-57.46,2.1056018745137,-151.32,79.95,231.27,0,"	1035,1283" 
2010-01-04T21:00:00Z,"LINC",2012-04-02T20:00:00Z,Buy,21.95,7.91,24,-336.96,2.6122649623949,-361.44,147.6,509.04,0,"	1035,1412" 
2010-02-01T21:00:00Z,"TESS",2010-06-01T20:00:00Z,Buy,13.42000671,18.28,14.24991198371,69.25,5.1964187879247,-104.97,106.68,31.92,1,"	1048,1108" 
2010-02-01T21:00:00Z,"IPG",2010-08-02T20:00:00Z,Buy,6.6,9.2,29,75.4,2.5247808094382,-7.25,94.83,85.26,1,"	1044,1127" 
2010-02-01T21:00:00Z,"NGS",2010-08-02T20:00:00Z,Buy,16.33,16.57,50,12,4.8320108692631,-103.5,111.5,207.5,1,"	1046,1128" 
2010-02-01T21:00:00Z,"MTRX",2010-10-01T20:00:00Z,Buy,10.52,8.7,78,-141.96,6.6002055398555,-161.46,145.08,306.54,0,"	1045,1150" 
2010-02-01T21:00:00Z,"TESS",2010-10-01T20:00:00Z,Buy,13.42000671,16.06,15,39.6,1.6702464645015,-110.5,112.3,131.5,1,"	1048,1153" 
2010-02-01T21:00:00Z,"TESS",2011-02-01T21:00:00Z,Buy,13.42000671,12.44,33.750056516306,-33.08,0.65657986111111,-248.63,252.68,295.88,0,"	1048,1200" 
2010-02-01T21:00:00Z,"POWL",2011-07-01T20:00:00Z,Buy,30.16,37.19,7,49.21,0.90932864112475,-25.34,68.6,64.4,1,"	1047,1268" 
2010-02-01T21:00:00Z,"IPG",2011-10-03T20:00:00Z,Buy,6.6,6.94,94,31.96,0.72651388888889,-23.5,621.34,589.38,1,"	1044,1313" 
2010-03-01T21:00:00Z,"CPSI",2010-04-01T20:00:00Z,Buy,36.15,39.17,6,18.12,0.51508764607679,-83.4,80.4,15.84,1,"	1055,1066" 
2010-03-01T21:00:00Z,"UFS",2010-05-03T20:00:00Z,Buy,56.19,75.41,3,57.66,5.6542589400303,0,66.6,22.65,1,"	1061,1085" 
2010-03-01T21:00:00Z,"UIS",2010-05-03T20:00:00Z,Buy,36.63,28.75,24,-189.12,3.3321356446443,-207.12,79.92,287.04,0,"	1062,1086" 
2010-03-01T21:00:00Z,"HA",2010-08-02T20:00:00Z,Buy,8.09,5.89,107,-235.4,8.3316544805051,-312.44,0,312.44,0,"	1057,1126" 
2010-03-01T21:00:00Z,"LZB",2010-10-01T20:00:00Z,Buy,13.52,8.72,66,-316.8,1.4558645624664,-464.64,108.9,573.54,0,"	1059,1149" 
2010-03-01T21:00:00Z,"GCI",2011-01-03T21:00:00Z,Buy,15.93,15.42,55,-28.05,1.3387342775033,-229.35,150.7,380.05,0,"	1056,1186" 
2010-03-01T21:00:00Z,"NSIT",2011-02-01T21:00:00Z,Buy,13.31,14.65,65,87.1,4.9413722077463,-61.1,218.4,263.9,1,"	1060,1198" 
2010-03-01T21:00:00Z,"UFS",2011-06-01T20:00:00Z,Buy,56.19,99.59,3,130.2,0.77711057068089,-27.72,146.43,94.32,1,"	1061,1262" 
2010-03-01T21:00:00Z,"HWKN",2011-08-01T20:00:00Z,Buy,20.6,34.73,11,155.43,1.4087043931424,-87.45,314.71,171.16,1,"	1058,1282" 
2010-03-01T21:00:00Z,"UFS",2013-03-01T21:00:00Z,Buy,56.19,74.65,10,184.6,1.7337584255522,-92.4,488.1,399.9,1,"	1061,1572" 
2010-04-01T20:00:00Z,"ARP",2010-10-01T20:00:00Z,Buy,9,7.77,99,-121.77,5.0798020591317,-237.6,185.13,422.73,0,"	1070,1146" 
2010-04-01T20:00:00Z,"GLT",2010-10-01T20:00:00Z,Buy,14.47,12.16,61,-140.91,4.1811450495758,-265.35,61.61,326.96,0,"	1071,1147" 
2010-04-01T20:00:00Z,"MSTR",2010-11-01T20:00:00Z,Buy,85.47,90.53,10,50.6,5.1318716596993,-166.4,51.6,211.8,1,"	1072,1164" 
2010-04-01T20:00:00Z,"OIS",2011-01-03T21:00:00Z,Buy,45.45,65.08,4,78.52,1.3997869777426,-35.84,79.44,57.6,1,"	1073,1189" 
2010-04-01T20:00:00Z,"OIS",2011-12-01T21:00:00Z,Buy,45.45,75.43,3,89.94,0.50751694127026,-26.88,120.15,115.65,1,"	1073,1350" 
2010-04-01T20:00:00Z,"OIS",2012-05-01T20:00:00Z,Buy,45.45,79.75,12,411.6,0.53006408645388,-107.52,489.48,462.6,1,"	1073,1430" 
2010-05-03T20:00:00Z,"TSRA",2010-06-01T20:00:00Z,Buy,20.46,16.87,11,-39.49,0.52774408284024,-40.48,39.6,40.48,0,"	1102,1109" 
2010-05-03T20:00:00Z,"ATSG",2010-07-01T20:00:00Z,Buy,5.52,4.93,169,-99.71,7.3331833400408,-167.31,47.32,214.63,0,"	1089,1114" 
2010-05-03T20:00:00Z,"SXI",2010-07-01T20:00:00Z,Buy,25.94,26.71,8,6.16,1.1270281521621,-28.96,28.24,34.96,1,"	1101,1119" 
2010-05-03T20:00:00Z,"CSL",2010-11-01T20:00:00Z,Buy,38.9,34.73,24,-100.08,1.1212788946359,-260.4,38.88,299.28,0,"	1092,1160" 
2010-05-03T20:00:00Z,"JBSS",2010-11-01T20:00:00Z,Buy,15.05,12.96,14,-29.26,1.4004070917443,-39.2,33.46,55.02,0,"	1097,1163" 
2010-05-03T20:00:00Z,"OSK",2010-11-01T20:00:00Z,Buy,39.75,29.09,24,-255.84,1.1209016192494,-356.16,0,356.16,0,"	1100,1165" 
2010-05-03T20:00:00Z,"DECK",2010-12-01T21:00:00Z,Buy,47.92995111141,79.94,6,192.06,1.0309379841889,-38.4,192.06,69.22,1,"	1094,1175" 
2010-05-03T20:00:00Z,"K",2010-12-01T21:00:00Z,Buy,54.74,49.44,4,-21.2,0.50996359665089,-75.44,3.36,30.4,0,"	1098,1177" 
2010-05-03T20:00:00Z,"DDS",2011-01-03T21:00:00Z,Buy,29.72,38.83,7,63.77,2.3033585690391,-72.66,63.77,72.66,1,"	1093,1183" 
2010-05-03T20:00:00Z,"FLXS",2011-03-01T21:00:00Z,Buy,13.39,14.82,66,94.38,3.939235847876,-209.22,349.8,266.64,1,"	1095,1212" 
2010-05-03T20:00:00Z,"NPK",2011-03-01T21:00:00Z,Buy,114.36,125.75,2,22.78,0.50510672501563,-133.4,44.14,49.08,1,"	1099,1214" 
2010-05-03T20:00:00Z,"CQP",2011-04-01T20:00:00Z,Buy,17.77,19.18,52,73.32,13.311033190416,-188.76,339.04,466.96,1,"	1091,1226" 
2010-05-03T20:00:00Z,"GIII",2011-05-02T20:00:00Z,Buy,30.75,42.75,7,84,4.3862118958864,-66.57,100.66,66.57,1,"	1096,1238" 
2010-05-03T20:00:00Z,"DDS",2011-06-01T20:00:00Z,Buy,29.72,55.77,7,182.35,0.51736919380673,-72.66,185.99,72.66,1,"	1093,1258" 
2010-05-03T20:00:00Z,"ALG",2011-08-01T20:00:00Z,Buy,24.59,24.02,39,-22.23,3.5938515861093,-212.94,177.45,308.49,0,"	1090,1279" 
2010-05-03T20:00:00Z,"SXI",2011-08-01T20:00:00Z,Buy,25.94,32.27,31,196.23,0.5776926063995,-112.22,399.9,309.38,1,"	1101,1286" 
2010-05-03T20:00:00Z,"DECK",2011-10-03T20:00:00Z,Buy,47.92995111141,88.1,3,120.51,0.50707971713275,-19.2,171.27,94.98,1,"	1094,1310" 
2010-05-03T20:00:00Z,"GIII",2011-10-03T20:00:00Z,Buy,30.75,21.83,25,-223,4.9600618242276,-246.5,359.5,606,0,"	1096,1312" 
2010-05-03T20:00:00Z,"DECK",2012-02-01T21:00:00Z,Buy,47.92995111141,83.6,9.0000183600151,321.03,1.3818943335998,-57.6,627.39,378.63,1,"	1094,1389" 
2010-05-03T20:00:00Z,"DDS",2012-03-01T21:00:00Z,Buy,29.72,60.43,6,184.26,0.51482580961727,-62.28,188.52,125.7,1,"	1093,1401" 
2010-05-03T20:00:00Z,"DDS",2012-06-01T20:00:00Z,Buy,29.72,66.21,3,109.47,0.50738511302796,-31.14,122.13,62.85,1,"	1093,1445" 
2010-05-03T20:00:00Z,"DDS",2013-06-03T20:00:00Z,Buy,29.72,91.44,10,617.2,0.53716267475886,-103.8,639.7,209.5,1,"	1093,1613" 
2010-06-01T20:00:00Z,"SCL",2010-11-01T20:00:00Z,Buy,71.07,67.53,12,-42.48,6.1170828319538,-200.16,34.8,234.96,0,"	1111,1166" 
2010-06-01T20:00:00Z,"SKX",2010-12-01T21:00:00Z,Buy,36.14,23.07,23,-300.61,4.6687183492047,-388.7,177.33,566.03,0,"	1112,1179" 
2010-06-01T20:00:00Z,"EBF",2011-05-02T20:00:00Z,Buy,16.13,18.5,50,118.5,4.1323103957599,-70.5,195,216.5,1,"	1110,1237" 
2010-06-01T20:00:00Z,"SWX",2011-10-03T20:00:00Z,Buy,28.9,35.01,6,36.66,3.5988819652565,-0.96,68.4,48.36,1,"	1113,1316" 
2010-06-01T20:00:00Z,"SWX",2011-11-01T20:00:00Z,Buy,28.9,38.44,23,219.42,2.3591639786326,-3.68,262.2,185.38,1,"	1113,1332" 
2010-07-01T20:00:00Z,"HA",2010-08-02T20:00:00Z,Buy,5.24,5.89,49,31.85,0.6241586073501,-3.43,139.65,12.74,1,"	1121,1126" 
2010-07-01T20:00:00Z,"LZB",2010-10-01T20:00:00Z,Buy,7.28,8.72,42,60.48,0.6028802153432,-33.6,331.38,104.16,1,"	1122,1149" 
2010-07-01T20:00:00Z,"DSW",2010-11-01T20:00:00Z,Buy,22.1,33.37,9,101.43,1.1620548128916,-1.62,101.43,40.77,1,"	1120,1162" 
2010-07-01T20:00:00Z,"DSW",2011-03-01T21:00:00Z,Buy,22.1,39.6,27,472.5,0.56582122629894,-4.86,528.12,193.05,1,"	1120,1211" 
2010-07-01T20:00:00Z,"USMO",2011-05-02T20:00:00Z,Buy,12.78,15.02,62,138.88,5.3030598107341,-19.22,393.08,388.12,1,"	1124,1243" 
2010-07-01T20:00:00Z,"SCVL",2012-06-01T20:00:00Z,Buy,13.03333985,20.33,10,72.97,1.9690536753206,-20.13,95,87.13,1,"	1123,1452" 
2010-07-01T20:00:00Z,"SCVL",2013-06-03T20:00:00Z,Buy,13.03333985,24.64,48.499970750015,562.92,0.64714991762768,-97.65,562.92,422.6,1,"	1123,1617" 
2010-08-02T20:00:00Z,"WDC",2010-11-01T20:00:00Z,Buy,27.16,32.62,10,54.6,0.5257196969697,-35.4,193.1,35.4,1,"	1135,1167" 
2010-08-02T20:00:00Z,"SAFM",2010-12-01T21:00:00Z,Buy,45.82,41.86,17.500011249994,-69.3,0.54410481283422,-448.93,160.65,119.7,0,"	1134,1178" 
2010-08-02T20:00:00Z,"DTE",2011-01-03T21:00:00Z,Buy,46.48,45.57,18,-16.38,2.5628344911481,-34.74,31.86,66.6,0,"	1130,1185" 
2010-08-02T20:00:00Z,"AMED",2011-03-01T21:00:00Z,Buy,26.75,35.37,15.334008871775,132.18,1.7685571063383,-116.91,602.93,95.07,1,"	1129,1210" 
2010-08-02T20:00:00Z,"NP",2011-06-01T20:00:00Z,Buy,17.94,22.03,48,196.32,9.8365393906096,-194.4,260.16,203.52,1,"	1132,1261" 
2010-08-02T20:00:00Z,"PETS",2011-09-01T20:00:00Z,Buy,16.02,9.94,16,-97.28,1.135922774933,-104.96,135.68,149.44,0,"	1133,1298" 
2010-08-02T20:00:00Z,"LHCG",2011-12-01T21:00:00Z,Buy,22.79,13.93,9,-79.74,0.52230426272292,-93.96,131.13,172.53,0,"	1131,1347" 
2010-09-01T20:00:00Z,"DGIT",2011-01-03T21:00:00Z,Buy,15.83,29.59,29,399.04,0.57245422979798,-20.88,811.13,87.58,1,"	1142,1184" 
2010-09-01T20:00:00Z,"KIRK",2011-01-03T21:00:00Z,Buy,11.86,14.06,26,57.2,0.56756354075372,-159.12,329.42,83.2,1,"	1143,1187" 
2010-09-01T20:00:00Z,"TESS",2011-02-01T21:00:00Z,Buy,11.16,12.44,24.249943483694,31.04,0.56888888888889,-123.84,236.36,129.74,1,"	1145,1200" 
2010-09-01T20:00:00Z,"AAWW",2011-03-01T21:00:00Z,Buy,45.37,67.43,17,375.02,1.0864615838134,0,457.13,189.04,1,"	1141,1209" 
2010-09-01T20:00:00Z,"LINC",2012-04-02T20:00:00Z,Buy,11.31,7.91,34,-115.6,0.58803571428571,-150.28,570.86,427.38,0,"	1144,1412" 
2010-10-01T20:00:00Z,"SKX",2010-12-01T21:00:00Z,Buy,22.54,23.07,14,7.42,1.3389950809164,-46.2,298.34,87.64,1,"	1159,1179" 
2010-10-01T20:00:00Z,"ODC",2011-04-01T20:00:00Z,Buy,21.79,21.38,40,-16.4,2.5502550558756,-115.2,48.4,163.6,0,"	1157,1227" 
2010-10-01T20:00:00Z,"MGLN",2011-05-02T20:00:00Z,Buy,47.38,51.79,18,79.38,1.0899343996203,-32.76,86.58,96.66,1,"	1155,1240" 
2010-10-01T20:00:00Z,"OC",2011-05-02T20:00:00Z,Buy,25.92,37.65,34,398.82,1.1705796905811,-11.22,412.08,142.12,1,"	1156,1241" 
2010-10-01T20:00:00Z,"PLCE",2011-10-03T20:00:00Z,Buy,51.46,45.8,17,-96.22,1.1039028383204,-242.08,86.53,328.61,0,"	1158,1315" 
2010-10-01T20:00:00Z,"AIT",2012-11-01T20:00:00Z,Buy,30.99,40.94,27.000013499993,268.65,1.0417741835597,-419.31,352.08,298.35,1,"	1154,1510" 
2010-11-01T20:00:00Z,"IDT",2010-12-01T21:00:00Z,Buy,13.74,22.2,15,126.9,1.1827783036673,0,132,26.25,1,"	1172,1176" 
2010-11-01T20:00:00Z,"GCI",2011-01-03T21:00:00Z,Buy,11.76,15.42,21,76.86,0.55210126582278,0,145.11,16.38,1,"	1171,1186" 
2010-11-01T20:00:00Z,"CRUS",2011-02-01T21:00:00Z,Buy,12.51,21.33,22,194.04,3.9892474363809,0,194.04,34.98,1,"	1169,1196" 
2010-11-01T20:00:00Z,"KLIC",2011-02-01T21:00:00Z,Buy,6,10.29,42,180.18,4.3214874588753,-15.12,180.18,41.16,1,"	1173,1197" 
2010-11-01T20:00:00Z,"ARP",2011-04-01T20:00:00Z,Buy,7.06,10.37,126,417.06,4.3150800826446,-32.76,417.06,163.8,1,"	1168,1225" 
2010-11-01T20:00:00Z,"DPZ",2011-05-02T20:00:00Z,Buy,14.88,18.56,60,220.8,2.0148322250107,-53.4,232.2,93.6,1,"	1170,1236" 
2010-11-01T20:00:00Z,"IDT",2011-05-02T20:00:00Z,Buy,13.74,28.07,7,100.31,0.83595778370868,0,111.09,42.14,1,"	1172,1239" 
2010-11-01T20:00:00Z,"VECO",2011-05-02T20:00:00Z,Buy,40.11,51.57,21,240.66,1.1032689938571,-0.84,264.39,207.9,1,"	1174,1244" 
2010-11-01T20:00:00Z,"KLIC",2011-06-01T20:00:00Z,Buy,6,11.65,34,192.1,0.58150205761317,-12.24,219.98,76.16,1,"	1173,1260" 
2010-11-01T20:00:00Z,"CRUS",2011-08-01T20:00:00Z,Buy,12.51,15.22,48,130.08,0.67044795783926,0,606.72,560.64,1,"	1169,1280" 
2010-11-01T20:00:00Z,"IDT",2012-01-03T21:00:00Z,Buy,13.74,9.55,39,-163.41,0.72144189765458,-190.32,618.93,809.25,0,"	1172,1366" 
2010-11-01T20:00:00Z,"KLIC",2012-04-02T20:00:00Z,Buy,6,12.65,23,152.95,0.55851769911504,-8.28,155.25,128.8,1,"	1173,1411" 
2010-11-01T20:00:00Z,"KLIC",2012-08-01T20:00:00Z,Buy,6,10.87,22,107.14,0.55400632339657,-7.92,159.28,123.2,1,"	1173,1468" 
2010-11-01T20:00:00Z,"KLIC",2013-02-01T21:00:00Z,Buy,6,11.65,24,135.6,1.6751609095294,-8.64,173.76,134.4,1,"	1173,1563" 
2010-12-01T21:00:00Z,"SGU",2011-02-01T21:00:00Z,Buy,5.38,5.48,181,18.1,5.0367277024407,-30.77,18.1,32.58,1,"	1181,1199" 
2010-12-01T21:00:00Z,"CCF",2011-09-01T20:00:00Z,Buy,16,12.59,62,-211.42,13.107178882173,-279,184.14,463.14,0,"	1180,1295" 
2010-12-01T21:00:00Z,"SSP",2011-12-01T21:00:00Z,Buy,9.57,8.35,107,-130.54,9.5781404004831,-333.84,94.16,428,0,"	1182,1352" 
2011-01-03T21:00:00Z,"ASH",2011-02-01T21:00:00Z,Buy,52.8,59.33,4,26.12,0.51038143924499,-64.72,41.92,8.8,1,"	1190,1195" 
2011-01-03T21:00:00Z,"OTL",2011-03-01T21:00:00Z,Buy,20.68,25.61,10,49.3,3.3622854354958,-15.2,65.2,15.9,1,"	1192,1215" 
2011-01-03T21:00:00Z,"RGR",2011-04-01T20:00:00Z,Buy,15.09,23.09,18,144,2.5573201435579,-4.32,144,16.02,1,"	1193,1228" 
2011-01-03T21:00:00Z,"OTL",2011-05-02T20:00:00Z,Buy,20.68,36.2,10,155.2,0.52403080191184,-15.2,169.8,16.2,1,"	1192,1242" 
2011-01-03T21:00:00Z,"STMP",2011-07-01T20:00:00Z,Buy,13.74,13.46,77,-21.56,6.851748477127,-213.29,6.93,213.29,0,"	1194,1269" 
2011-01-03T21:00:00Z,"RGR",2011-08-01T20:00:00Z,Buy,15.09,27.75,10,126.6,1.2294758859238,-2.4,128,50.1,1,"	1193,1285" 
2011-01-03T21:00:00Z,"RGR",2011-09-01T20:00:00Z,Buy,15.09,31.78,9,150.21,1.4538022498316,-2.16,183.96,45.09,1,"	1193,1299" 
2011-01-03T21:00:00Z,"RGR",2012-04-02T20:00:00Z,Buy,15.09,51.1,6,216.06,1.1543403965324,-1.44,216.06,65.28,1,"	1193,1415" 
2011-01-03T21:00:00Z,"OTL",2012-05-01T20:00:00Z,Buy,20.68,29.94,30,277.8,0.59161263645385,-45.6,509.4,477.6,1,"	1192,1431" 
2011-01-03T21:00:00Z,"RGR",2012-05-01T20:00:00Z,Buy,15.09,55.14,4,160.2,0.50966181881899,-0.96,167.92,43.52,1,"	1193,1433" 
2011-01-03T21:00:00Z,"RGR",2012-08-01T20:00:00Z,Buy,15.09,49.39,5,171.5,0.51249241197896,-1.2,212.3,113.05,1,"	1193,1471" 
2011-01-03T21:00:00Z,"RGR",2013-05-01T20:00:00Z,Buy,15.09,49.62,14,483.42,0.5630064465716,-3.36,625.94,316.54,1,"	1193,1599" 
2011-01-03T21:00:00Z,"CPK",2014-11-03T21:00:00Z,Buy,27.70001385,48.17,5,102.35,1.5834859122954,-12.47,104.65,41.83,1,"	1191,1926" 
2011-01-03T21:00:00Z,"CPK",2015-01-02T21:00:00Z,Buy,27.70001385,49.89,30.999982000009,687.89,3.8991746094084,-77.29,771.9,259.37,1,"	1191,1969" 
2011-02-01T21:00:00Z,"NC",2011-03-01T21:00:00Z,Buy,109.28,118.55,2,18.54,2.0159166504846,-5.04,32.58,15.28,1,"	1203,1213" 
2011-02-01T21:00:00Z,"ODC",2011-04-01T20:00:00Z,Buy,19.94,21.38,13,18.72,0.88992365926547,-13.39,39.78,18.85,1,"	1204,1227" 
2011-02-01T21:00:00Z,"NC",2011-07-01T20:00:00Z,Buy,109.28,100.17,8,-72.88,0.52586500722991,-171.84,130.32,302.16,0,"	1203,1267" 
2011-02-01T21:00:00Z,"WTI",2011-08-01T20:00:00Z,Buy,20.67,27.75,11,77.88,3.6137556267899,-17.49,88.11,71.06,1,"	1208,1287" 
2011-02-01T21:00:00Z,"PLCE",2011-10-03T20:00:00Z,Buy,42.14,45.8,7,25.62,0.51760444020053,-34.44,100.87,129.71,1,"	1205,1315" 
2011-02-01T21:00:00Z,"WTI",2011-11-01T20:00:00Z,Buy,20.67,18.21,12,-29.52,0.52774504824784,-96.6,96.12,192.72,0,"	1208,1335" 
2011-02-01T21:00:00Z,"WTI",2012-01-03T21:00:00Z,Buy,20.67,22.32,26,42.9,7.526003795864,-209.3,208.26,417.56,1,"	1208,1373" 
2011-02-01T21:00:00Z,"USNA",2012-05-01T20:00:00Z,Buy,38.96,37.78,6,-7.08,1.5080718861803,-92.16,16.44,99.66,0,"	1207,1436" 
2011-02-01T21:00:00Z,"PLPC",2012-11-01T20:00:00Z,Buy,64.38,54.1,16,-164.48,2.6560548904064,-358.24,204.32,562.56,0,"	1206,1513" 
2011-02-01T21:00:00Z,"USNA",2013-03-01T21:00:00Z,Buy,38.96,43.74,8,38.24,0.51975163693836,-122.88,82.32,146.64,1,"	1207,1573" 
2011-02-01T21:00:00Z,"USNA",2013-05-01T20:00:00Z,Buy,38.96,54.93,5,79.85,1.3079269685771,-76.8,88.85,91.65,1,"	1207,1602" 
2011-02-01T21:00:00Z,"USNA",2013-06-03T20:00:00Z,Buy,38.96,67.3,3,85.02,0.50719632164243,-46.08,93.54,54.99,1,"	1207,1618" 
2011-02-01T21:00:00Z,"USNA",2013-08-01T20:00:00Z,Buy,38.96,85.13,3,138.51,0.50772785039942,-46.08,139.14,54.99,1,"	1207,1647" 
2011-02-01T21:00:00Z,"USNA",2014-11-03T21:00:00Z,Buy,38.96,115.22,1,76.26,0.51769038427794,-15.36,76.26,33.79,1,"	1207,1936" 
2011-03-01T21:00:00Z,"EBF",2011-05-02T20:00:00Z,Buy,15.54,18.5,16,47.36,0.84902259689466,-13.12,71.84,24.48,1,"	1218,1237" 
2011-03-01T21:00:00Z,"FIZ",2011-09-01T20:00:00Z,Buy,12.6,16.08,82.400030239964,286.75,1.0797588330908,-564.44,320.54,132.66,1,"	1220,1297" 
2011-03-01T21:00:00Z,"PETS",2011-09-01T20:00:00Z,Buy,14.57,9.94,18,-83.34,1.2549286153065,-91.98,178.74,115.74,0,"	1223,1298" 
2011-03-01T21:00:00Z,"MIC",2012-01-03T21:00:00Z,Buy,23.72,28.21,44,197.56,3.5052332496878,-154.44,197.56,346.72,1,"	1221,1368" 
2011-03-01T21:00:00Z,"BRKS",2012-03-01T21:00:00Z,Buy,12.62,11.95,18,-12.06,7.3789287949318,-91.8,30.42,122.22,0,"	1216,1399" 
2011-03-01T21:00:00Z,"BRKS",2012-10-01T20:00:00Z,Buy,12.62,7.81,67,-322.27,1.9823524329951,-341.7,113.23,454.93,0,"	1216,1490" 
2011-03-01T21:00:00Z,"DLTR",2012-12-03T21:00:00Z,Buy,25.06,41.34,8,130.24,1.4613900978906,-110.67,253.48,152.36,1,"	1217,1525" 
2011-03-01T21:00:00Z,"MKSI",2012-12-03T21:00:00Z,Buy,29.79,24.02,35,-201.95,4.7733879698047,-334.6,136.5,471.1,0,"	1222,1527" 
2011-03-01T21:00:00Z,"ENTG",2013-09-03T20:00:00Z,Buy,8.51,9.42,123,111.93,1.6683765249854,-295.2,237.39,532.59,1,"	1219,1659" 
2011-03-01T21:00:00Z,"TER",2013-09-03T20:00:00Z,Buy,18.19,15.44,57,-156.75,1.3628643778572,-436.05,52.44,488.49,0,"	1224,1662" 
2011-04-01T20:00:00Z,"USMO",2011-05-02T20:00:00Z,Buy,14.76,15.02,14,3.64,1.0700113944481,-32.06,61.04,16.24,1,"	1233,1243" 
2011-04-01T20:00:00Z,"NC",2011-07-01T20:00:00Z,Buy,109.09,100.17,2,-17.84,1.1138090979864,-42.58,32.96,42.58,0,"	1231,1267" 
2011-04-01T20:00:00Z,"KAI",2011-07-01T20:00:00Z,Buy,26.72,32.15,8,43.44,3.691954426999,-7.76,43.44,43.76,1,"	1232,1270" 
2011-04-01T20:00:00Z,"APU",2011-12-01T21:00:00Z,Buy,48.36,43.87,5,-22.45,1.2188007377429,-141.35,15.25,51.5,0,"	1229,1345" 
2011-04-01T20:00:00Z,"LSCC",2011-12-01T21:00:00Z,Buy,5.94,6.97,46,47.38,3.0566945068519,-50.14,50.6,100.74,1,"	1230,1348" 
2011-04-01T20:00:00Z,"KAI",2012-01-03T21:00:00Z,Buy,26.72,22.55,34,-141.78,5.0728708303218,-347.14,276.08,623.22,0,"	1232,1371" 
2011-04-01T20:00:00Z,"LSCC",2012-06-01T20:00:00Z,Buy,5.94,4.29,141,-232.65,3.0000861656011,-232.65,155.1,387.75,0,"	1230,1449" 
2011-04-01T20:00:00Z,"USNA",2014-11-03T21:00:00Z,Buy,34.72,115.22,6,483,0.93881184398083,-66.72,483,202.74,1,"	1234,1936" 
2011-05-02T20:00:00Z,"CLW",2011-06-01T20:00:00Z,Buy,78.25,67.69,3,-31.68,0.72555590933743,-102.06,19.26,31.68,0,"	1245,1257" 
2011-05-02T20:00:00Z,"CRUS",2011-08-01T20:00:00Z,Buy,15.93,15.22,20,-14.2,1.9307947492303,-68.4,184.4,60.4,0,"	1246,1280" 
2011-05-02T20:00:00Z,"EBS",2011-08-01T20:00:00Z,Buy,23.7,20.52,49,-155.82,5.1257165028185,-155.82,62.72,218.54,0,"	1247,1281" 
2011-05-02T20:00:00Z,"OYOG",2011-08-01T20:00:00Z,Buy,91.02,101.14,2,20.24,3.6313596675901,-13.38,31.06,21.7,1,"	1252,1284" 
2011-05-02T20:00:00Z,"SPH",2011-09-01T20:00:00Z,Buy,55.52,47.14,4,-33.52,0.71770908963976,-74.92,12.92,57.92,0,"	1253,1300" 
2011-05-02T20:00:00Z,"UNH",2011-10-03T20:00:00Z,Buy,49.88,42.91,5,-34.85,3.6409147257608,-40.15,16.25,56.4,0,"	1255,1317" 
2011-05-02T20:00:00Z,"LRCX",2011-11-01T20:00:00Z,Buy,48.09,42.22,23,-135.01,5.7719006472908,-292.33,12.42,304.75,0,"	1249,1330" 
2011-05-02T20:00:00Z,"MRCY",2011-11-01T20:00:00Z,Buy,19.07,13.94,59,-302.67,11.578030618794,-455.48,11.8,467.28,0,"	1251,1331" 
2011-05-02T20:00:00Z,"VSH",2011-11-01T20:00:00Z,Buy,18.7,9.98,59,-514.48,3.6089670833166,-625.99,0,625.99,0,"	1256,1333" 
2011-05-02T20:00:00Z,"OYOG",2011-12-01T21:00:00Z,Buy,91.02,87.05,3,-11.91,1.9594780222198,-115.56,46.59,162.15,0,"	1252,1351" 
2011-05-02T20:00:00Z,"MERC",2012-01-03T21:00:00Z,Buy,12.1,6.49,93,-521.73,2.4858061492062,-628.68,151.59,780.27,0,"	1250,1367" 
2011-05-02T20:00:00Z,"OYOG",2012-01-03T21:00:00Z,Buy,91.02,78.81,7,-85.47,0.52547846889952,-269.64,108.71,378.35,0,"	1252,1370" 
2011-05-02T20:00:00Z,"UNH",2013-01-02T21:00:00Z,Buy,49.88,54.54,18,83.88,1.1653582543404,-144.54,186.84,203.04,1,"	1255,1546" 
2011-05-02T20:00:00Z,"KLIC",2013-02-01T21:00:00Z,Buy,9.03,11.65,23,60.26,0.55730960264901,-77.97,96.83,128.8,1,"	1248,1563" 
2011-05-02T20:00:00Z,"TER",2013-09-03T20:00:00Z,Buy,15.83,15.44,13,-5.07,1.1340801464652,-68.77,42.64,79.43,0,"	1254,1662" 
2011-06-01T20:00:00Z,"ATO",2012-02-01T21:00:00Z,Buy,32.9,32.62,6,-1.68,0.5147976011994,-51.06,15,32.4,0,"	1264,1384" 
2011-06-01T20:00:00Z,"WLK",2012-02-01T21:00:00Z,Buy,54.71,59.94,7,36.61,1.0642691915634,-156.59,36.61,161.77,1,"	1266,1392" 
2011-06-01T20:00:00Z,"RES",2012-04-02T20:00:00Z,Buy,16.10667472,10.41,65.999967000016,-375.98,0.60554408260524,-802.76,123.64,565.4,0,"	1265,1414" 
2011-06-01T20:00:00Z,"WLK",2012-10-01T20:00:00Z,Buy,54.71,73.84,3,57.39,0.50758007117438,-67.11,62.4,69.33,1,"	1266,1498" 
2011-06-01T20:00:00Z,"WLK",2013-09-03T20:00:00Z,Buy,54.71,102.31,2,95.2,0.50505584107531,-44.74,101.66,46.22,1,"	1266,1664" 
2011-06-01T20:00:00Z,"WLK",2014-05-01T20:00:00Z,Buy,27.355,70.86,3,130.52,0.86587216420018,-33.56,131.54,34.66,1,"	1266,1825" 
2011-06-01T20:00:00Z,"WLK",2014-06-02T20:00:00Z,Buy,27.355,81.1,3,161.24,0.50752319109462,-33.56,161.66,34.66,1,"	1266,1841" 
2011-06-01T20:00:00Z,"WLK",2014-09-02T20:00:00Z,Buy,27.355,97.96,3,211.82,1.062673023084,-33.56,211.82,34.66,1,"	1266,1892" 
2011-06-01T20:00:00Z,"WLK",2015-03-02T21:00:00Z,Buy,27.355,67.38,3,120.08,0.50756965248652,-33.56,211.82,132.87,1,"	1266,2022" 
2011-06-01T20:00:00Z,"WLK",2015-05-01T20:00:00Z,Buy,27.355,77.71,2,100.71,1.2341377275236,-22.37,141.21,88.58,1,"	1266,2069" 
2011-07-01T20:00:00Z,"PETS",2011-09-01T20:00:00Z,Buy,11.7,9.94,20,-35.2,1.2135854804938,-44.8,256,56.4,0,"	1275,1298" 
2011-07-01T20:00:00Z,"GIII",2011-10-03T20:00:00Z,Buy,35.5,21.83,6,-82.02,0.51544373549884,-87.66,57.78,102.66,0,"	1271,1312" 
2011-07-01T20:00:00Z,"VSH",2011-11-01T20:00:00Z,Buy,15.7,9.98,14,-80.08,1.2036173989597,-106.54,42,113.54,0,"	1278,1333" 
2011-07-01T20:00:00Z,"LHCG",2011-12-01T21:00:00Z,Buy,23.61,13.93,10,-96.8,1.056236877553,-112.6,137.5,115.5,0,"	1272,1347" 
2011-07-01T20:00:00Z,"VECO",2011-12-01T21:00:00Z,Buy,48.58,25.14,22,-515.68,1.1435720089277,-583.66,0,583.66,0,"	1277,1354" 
2011-07-01T20:00:00Z,"USMO",2012-05-01T20:00:00Z,Buy,15.44,12.75,72,-193.68,2.588149114998,-198,133.2,331.2,0,"	1276,1435" 
2011-07-01T20:00:00Z,"MYGN",2012-11-01T20:00:00Z,Buy,23.13,26.86,48,179.04,2.5136638897007,-252.96,249.12,288,1,"	1274,1511" 
2011-07-01T20:00:00Z,"MGLN",2013-05-01T20:00:00Z,Buy,54.63,50.09,20,-90.8,4.56563731326,-276.4,30,306.4,0,"	1273,1597" 
2011-08-01T20:00:00Z,"GCO",2011-10-03T20:00:00Z,Buy,52.76,50.01,4,-11,5.4642099023266,-43.96,6.68,43.96,0,"	1290,1311" 
2011-08-01T20:00:00Z,"CNC",2011-12-01T21:00:00Z,Buy,31.58,38.33,7,47.25,5.2819143465377,-36.82,49.91,38.01,1,"	1289,1346" 
2011-08-01T20:00:00Z,"FL",2012-03-01T21:00:00Z,Buy,21.61,29.51,11,86.9,4.2706868670526,-53.24,86.9,53.24,1,"	1294,1403" 
2011-08-01T20:00:00Z,"MRO",2012-06-01T20:00:00Z,Buy,30.65,23.89,33,-223.08,8.6366562680614,-342.21,145.86,368.94,0,"	1292,1450" 
2011-08-01T20:00:00Z,"CNC",2012-08-01T20:00:00Z,Buy,31.58,37.48,25,147.5,6.075109648172,-131.5,480.5,599,1,"	1289,1467" 
2011-08-01T20:00:00Z,"BRKS",2012-10-01T20:00:00Z,Buy,9.45,7.81,25,-41,0.91778035609358,-48.25,121.5,114.25,0,"	1288,1490" 
2011-08-01T20:00:00Z,"GCO",2013-01-02T21:00:00Z,Buy,52.76,56.03,16,52.32,0.55350263732266,-175.84,416.16,450.24,1,"	1290,1539" 
2011-08-01T20:00:00Z,"KLIC",2013-02-01T21:00:00Z,Buy,9.27,11.65,22,52.36,1.0640644722192,-79.86,87.34,108.9,1,"	1291,1563" 
2011-08-01T20:00:00Z,"UFS",2013-03-01T21:00:00Z,Buy,78.49,74.65,3,-11.52,0.50736303939962,-94.62,79.53,92.58,0,"	1293,1572" 
2011-08-01T20:00:00Z,"FL",2014-03-03T21:00:00Z,Buy,21.61,41.79,5,100.9,0.92622757326631,-24.2,101.8,28.35,1,"	1294,1784" 
2011-08-01T20:00:00Z,"FL",2014-07-01T20:00:00Z,Buy,21.61,51.6,4,119.96,0.85889093179732,-19.36,119.96,22.68,1,"	1294,1854" 
2011-08-01T20:00:00Z,"FL",2014-09-02T20:00:00Z,Buy,21.61,57.25,4,142.56,0.91084684101855,-19.36,142.56,22.68,1,"	1294,1893" 
2011-08-01T20:00:00Z,"FL",2015-07-01T20:00:00Z,Buy,21.61,67.99,4,185.52,0.76830649685362,-19.36,185.52,24.56,1,"	1294,2104" 
2011-08-01T20:00:00Z,"FL",2015-10-01T20:00:00Z,Buy,21.61,71.15,4,198.16,0.50988606363763,-19.36,216.64,25.52,1,"	1294,2173" 
2011-09-01T20:00:00Z,"DEPO",2011-11-01T20:00:00Z,Buy,6.08,4.38,157,-266.9,8.4287437842007,-276.32,53.38,329.7,0,"	1304,1329" 
2011-09-01T20:00:00Z,"DV",2012-01-03T21:00:00Z,Buy,42.52,38.75,22,-82.94,3.276426999787,-209.66,86.68,296.34,0,"	1305,1365" 
2011-09-01T20:00:00Z,"OYOG",2012-01-03T21:00:00Z,Buy,70.73,78.81,3,24.24,0.73732334761327,-54.69,107.46,60.72,1,"	1307,1370" 
2011-09-01T20:00:00Z,"CECO",2012-02-01T21:00:00Z,Buy,16.04,11.12,32,-157.44,1.222682717567,-311.04,55.04,366.08,0,"	1302,1385" 
2011-09-01T20:00:00Z,"CVI",2012-02-01T21:00:00Z,Buy,27.17,25.58,10,-15.9,1.3253379586985,-101.7,17.1,118.8,0,"	1303,1388" 
2011-09-01T20:00:00Z,"CECO",2012-03-01T21:00:00Z,Buy,16.04,8.63,25,-185.25,0.76530742459397,-243,43,286,0,"	1302,1400" 
2011-09-01T20:00:00Z,"B",2012-04-02T20:00:00Z,Buy,21.89,26.96,42,212.94,7.4764413984476,-159.6,255.36,192.36,1,"	1301,1410" 
2011-09-01T20:00:00Z,"LINC",2012-04-02T20:00:00Z,Buy,9.29,7.91,41,-56.58,0.59686927772126,-98.4,771.21,112.75,0,"	1306,1412" 
2011-09-01T20:00:00Z,"CVI",2012-05-01T20:00:00Z,Buy,27.17,30.16,7,20.93,0.51738471673254,-71.19,22.47,83.16,1,"	1303,1425" 
2011-09-01T20:00:00Z,"CVI",2012-10-01T20:00:00Z,Buy,27.17,40.18,6,78.06,0.5164,-61.02,78.06,71.28,1,"	1303,1492" 
2011-09-01T20:00:00Z,"CVI",2012-12-03T21:00:00Z,Buy,27.17,45.83,5,93.3,0.51252459554001,-50.85,93.3,59.4,1,"	1303,1524" 
2011-09-01T20:00:00Z,"CVI",2013-02-01T21:00:00Z,Buy,27.17,53.58,4,105.64,0.50912,-40.68,126.32,47.52,1,"	1303,1560" 
2011-09-01T20:00:00Z,"CVI",2014-01-02T21:00:00Z,Buy,27.17,43.68,2,33.02,4.6088235065004,-20.34,86.42,73.52,1,"	1303,1736" 
2011-10-03T20:00:00Z,"VSH",2011-11-01T20:00:00Z,Buy,8.09,9.98,30,56.7,0.57257775119617,0,318.3,42.6,1,"	1325,1333" 
2011-10-03T20:00:00Z,"WCC",2011-11-01T20:00:00Z,Buy,32.08,46.72,7,102.48,0.51673323397914,-42.21,221.2,22.82,1,"	1326,1334" 
2011-10-03T20:00:00Z,"VECO",2011-12-01T21:00:00Z,Buy,24.01,25.14,13,14.69,0.53198053278689,-25.48,319.41,92.95,1,"	1324,1354" 
2011-10-03T20:00:00Z,"MERC",2012-01-03T21:00:00Z,Buy,6.73,6.49,34,-8.16,0.584125,-47.26,238,72.08,0,"	1322,1367" 
2011-10-03T20:00:00Z,"KAI",2012-01-03T21:00:00Z,Buy,16.51,22.55,14,84.56,0.5325365990991,0,256.62,60.62,1,"	1323,1371" 
2011-10-03T20:00:00Z,"WTI",2012-01-03T21:00:00Z,Buy,12.62,22.32,24,232.8,0.55502906976744,0,385.44,102.24,1,"	1328,1373" 
2011-10-03T20:00:00Z,"DAR",2012-06-01T20:00:00Z,Buy,11.7,14.07,68,161.16,4.3113839295246,0,421.6,263.84,1,"	1319,1444" 
2011-10-03T20:00:00Z,"LXU",2012-07-02T20:00:00Z,Buy,26.1,30.85,30,142.5,2.6842697513902,-10.8,454.5,459.9,1,"	1321,1459" 
2011-10-03T20:00:00Z,"LG",2013-02-01T21:00:00Z,Buy,37.38,40.13,22,60.5,1.1259368716465,0,133.98,127.38,1,"	1320,1564" 
2011-10-03T20:00:00Z,"BKE",2014-04-01T20:00:00Z,Buy,38.6,46.33,22,170.06,0.55520020800832,-528.44,407.88,334.4,1,"	1318,1798" 
2011-10-03T20:00:00Z,"WLK",2015-05-01T20:00:00Z,Buy,16.17,77.71,2,123.08,0.51418421052632,0,163.58,88.58,1,"	1327,2069" 
2011-10-03T20:00:00Z,"WLK",2015-08-03T20:00:00Z,Buy,16.17,61.84,10,456.7,0.56186969745478,0,817.9,442.9,1,"	1327,2126" 
2011-11-01T20:00:00Z,"LHCG",2011-12-01T21:00:00Z,Buy,15.38,13.93,16,-23.2,1.0746815057756,-48.48,351.68,48.48,0,"	1341,1347" 
2011-11-01T20:00:00Z,"SPPI",2011-12-01T21:00:00Z,Buy,10.91,14.21,20,66,2.4125444743779,0,66,14.8,1,"	1344,1349" 
2011-11-01T20:00:00Z,"IDT",2012-01-03T21:00:00Z,Buy,12,9.55,48,-117.6,8.5005007138731,-150.72,845.28,253.92,0,"	1340,1366" 
2011-11-01T20:00:00Z,"CROX",2012-02-01T21:00:00Z,Buy,17.86,19.79,56,108.08,1.2871730945355,-194.32,108.08,196,1,"	1337,1386" 
2011-11-01T20:00:00Z,"CRUS",2012-02-01T21:00:00Z,Buy,16.23,20.68,60,267,1.298139622515,-114,350.4,195,1,"	1338,1387" 
2011-11-01T20:00:00Z,"SPPI",2012-07-02T20:00:00Z,Buy,10.91,16,22,111.98,0.55655526992288,-30.8,111.98,139.92,1,"	1344,1460" 
2011-11-01T20:00:00Z,"MLR",2012-09-04T20:00:00Z,Buy,19.31,15.51,49,-186.2,6.8810418727569,-241.57,30.38,271.95,0,"	1342,1483" 
2011-11-01T20:00:00Z,"GME",2012-10-01T20:00:00Z,Buy,25.04,21.24,12,-45.6,2.1028645736897,-111.72,9.48,121.2,0,"	1339,1495" 
2011-11-01T20:00:00Z,"GME",2012-12-03T21:00:00Z,Buy,25.04,25.83,10,7.9,0.5246,-93.1,20.4,101,1,"	1339,1526" 
2011-11-01T20:00:00Z,"SPPI",2012-12-03T21:00:00Z,Buy,10.91,11.74,48,39.84,0.72805743243243,-67.2,294.72,307.68,1,"	1344,1528" 
2011-11-01T20:00:00Z,"GME",2013-01-02T21:00:00Z,Buy,25.04,25.66,17,10.54,0.61254385964912,-158.27,47.43,171.7,1,"	1339,1540" 
2011-11-01T20:00:00Z,"MXIM",2014-02-03T21:00:00Z,Buy,25.57,29.86,38,163.02,4.088138056805,-62.7,294.12,243.2,1,"	1343,1750" 
2011-12-01T21:00:00Z,"DV",2012-01-03T21:00:00Z,Buy,34.71,38.75,6,24.24,0.94496316976043,-10.32,70.5,16.26,1,"	1358,1365" 
2011-12-01T21:00:00Z,"MERC",2012-01-03T21:00:00Z,Buy,5.74,6.49,37,27.75,1.3445492841313,-14.8,295.63,18.13,1,"	1362,1367" 
2011-12-01T21:00:00Z,"UACL",2012-01-03T21:00:00Z,Buy,13.7,17.85,16,66.4,10.275338606633,0,72.48,15.36,1,"	1364,1372" 
2011-12-01T21:00:00Z,"LZB",2012-02-01T21:00:00Z,Buy,11.59,13.75,17,36.72,6.7869300875984,-9.52,36.72,22.95,1,"	1361,1390" 
2011-12-01T21:00:00Z,"CECO",2012-03-01T21:00:00Z,Buy,7.24,8.63,81,112.59,2.8609267127805,-74.52,852.12,268.11,1,"	1355,1400" 
2011-12-01T21:00:00Z,"HOC",2012-03-01T21:00:00Z,Buy,23.43,33.6,8,81.36,1.7161250717867,-13.04,94.72,27.28,1,"	1359,1402" 
2011-12-01T21:00:00Z,"LINC",2012-04-02T20:00:00Z,Buy,7.47,7.91,33,14.52,1.8180082901606,-19.14,680.79,64.02,1,"	1360,1412" 
2011-12-01T21:00:00Z,"SXI",2012-05-01T20:00:00Z,Buy,31.72,43.64,5,59.6,4.5165480354789,0,67.5,33.05,1,"	1363,1434" 
2011-12-01T21:00:00Z,"CF",2012-09-04T20:00:00Z,Buy,146.98,204.75,1,57.77,3.3855311608787,-17.11,69.65,45.88,1,"	1356,1480" 
2011-12-01T21:00:00Z,"HOC",2012-09-04T20:00:00Z,Buy,23.43,40.1,6,100.02,0.51492926284438,-9.78,102.42,46.74,1,"	1359,1482" 
2011-12-01T21:00:00Z,"SXI",2012-11-01T20:00:00Z,Buy,31.72,50.79,25,476.75,2.0285004688609,0,476.75,169,1,"	1363,1514" 
2011-12-01T21:00:00Z,"UACL",2013-01-02T21:00:00Z,Buy,13.7,18.43,54,255.42,6.3196592177486,-62.1,273.78,335.88,1,"	1364,1545" 
2011-12-01T21:00:00Z,"HOC",2013-02-01T21:00:00Z,Buy,23.43,52.77,4,117.36,0.51010532363079,-6.52,117.36,31.16,1,"	1359,1562" 
2011-12-01T21:00:00Z,"LZB",2013-03-01T21:00:00Z,Buy,11.59,18.34,13,87.75,0.53253548034934,-7.28,87.75,65.78,1,"	1361,1570" 
2011-12-01T21:00:00Z,"CF",2013-10-01T20:00:00Z,Buy,146.98,210.97,2,127.98,1.0995534068557,-34.22,166.92,120.32,1,"	1356,1672" 
2011-12-01T21:00:00Z,"CF",2013-12-02T21:00:00Z,Buy,146.98,217.01,3,210.09,2.7982451831707,-51.33,250.38,180.48,1,"	1356,1717" 
2011-12-01T21:00:00Z,"LZB",2013-12-02T21:00:00Z,Buy,11.59,28.99,14,243.6,0.53467703349282,-7.84,251.58,70.84,1,"	1361,1722" 
2011-12-01T21:00:00Z,"CVI",2014-01-02T21:00:00Z,Buy,18.06,43.68,19,486.78,0.54713461538462,-20.14,994.08,698.44,1,"	1357,1736" 
2011-12-01T21:00:00Z,"HOC",2014-03-03T21:00:00Z,Buy,23.43,44.88,23,493.35,0.58371296905859,-37.49,805,430.1,1,"	1359,1776" 
2011-12-01T21:00:00Z,"LZB",2014-09-02T20:00:00Z,Buy,11.59,21.81,54,551.88,5.5804785322563,-30.24,1049.76,564.84,1,"	1361,1884" 
2012-01-03T21:00:00Z,"DECK",2012-02-01T21:00:00Z,Buy,76.45,83.6,2.9999816399849,21.45,0.50758733624454,-104.76,123.57,22.86,1,"	1374,1389" 
2012-01-03T21:00:00Z,"NEU",2012-05-01T20:00:00Z,Buy,201.06,219.91,1,18.85,4.2254738284099,-27.6,27.52,46.83,1,"	1377,1427" 
2012-01-03T21:00:00Z,"DSW",2012-06-01T20:00:00Z,Buy,42.27,57.26,22,329.78,2.9488584008591,-7.92,423.5,97.9,1,"	1375,1447" 
2012-01-03T21:00:00Z,"NEU",2012-06-01T20:00:00Z,Buy,201.06,202.47,1,1.41,0.72475138613836,-27.6,27.52,46.83,1,"	1377,1448" 
2012-01-03T21:00:00Z,"OXM",2012-08-01T20:00:00Z,Buy,43.37,42.21,21,-24.36,4.6779975352295,-74.13,184.8,258.93,0,"	1381,1469" 
2012-01-03T21:00:00Z,"MLR",2012-09-04T20:00:00Z,Buy,15.83,15.51,13,-4.16,1.4782160526045,-18.85,53.3,39.78,0,"	1380,1483" 
2012-01-03T21:00:00Z,"ED",2012-10-01T20:00:00Z,Buy,60.64,59.48,15,-17.4,4.1742616871858,-52.65,64.5,87.45,0,"	1376,1493" 
2012-01-03T21:00:00Z,"INTC",2013-01-02T21:00:00Z,Buy,24.54,21.38,40,-126.4,5.9105160723202,-207.2,185.6,392.8,0,"	1378,1541" 
2012-01-03T21:00:00Z,"SMP",2013-01-02T21:00:00Z,Buy,21,22.61,11,17.71,4.6650321930814,-97.46,49.39,146.85,1,"	1382,1543" 
2012-01-03T21:00:00Z,"TDY",2013-01-02T21:00:00Z,Buy,55.82,66.66,17,184.28,5.6509341774145,-10.2,184.28,145.86,1,"	1383,1544" 
2012-01-03T21:00:00Z,"NEU",2013-05-01T20:00:00Z,Buy,201.06,261.75,1,60.69,0.72698101866905,-27.6,87.1,46.83,1,"	1377,1594" 
2012-01-03T21:00:00Z,"SMP",2013-05-01T20:00:00Z,Buy,21,29.97,10,89.7,0.52444535073409,-88.6,97.4,133.5,1,"	1382,1601" 
2012-01-03T21:00:00Z,"KLAC",2013-09-03T20:00:00Z,Buy,47.46,55.38,20,158.4,6.4374140402135,-69.8,263.8,222.8,1,"	1379,1661" 
2012-01-03T21:00:00Z,"NEU",2013-11-01T20:00:00Z,Buy,201.06,308.75,1,107.69,0.50247904355087,-27.6,110.3,46.83,1,"	1377,1695" 
2012-01-03T21:00:00Z,"DECK",2014-08-01T20:00:00Z,Buy,76.45,88.74,1.8360015055212E-5,0,1.1598877233981,0,0,0,0,"	1374,1864" 
2012-01-03T21:00:00Z,"SMP",2015-03-02T21:00:00Z,Buy,21,42.33,27,575.91,0.60855140744275,-239.22,660.15,360.45,1,"	1382,2017" 
2012-02-01T21:00:00Z,"RES",2012-04-02T20:00:00Z,Buy,10.22667178,10.41,35.750159548252,6.55,0.56538360655738,-224.62,277.18,56.49,1,"	1398,1414" 
2012-02-01T21:00:00Z,"LLY",2012-05-01T20:00:00Z,Buy,39.8,41.24,27,38.88,1.9880410517768,-35.37,42.93,35.37,1,"	1395,1428" 
2012-02-01T21:00:00Z,"NR",2012-05-01T20:00:00Z,Buy,8.17,6.31,132,-245.52,5.4173415671696,-245.52,63.36,308.88,0,"	1397,1429" 
2012-02-01T21:00:00Z,"BBSI",2012-08-01T20:00:00Z,Buy,20.31,25.71,14,75.6,4.7017679227843,-58.1,81.34,58.1,1,"	1393,1466" 
2012-02-01T21:00:00Z,"BBSI",2013-01-02T21:00:00Z,Buy,20.31,38.95,10,186.4,0.52556445261223,-41.5,188.4,41.5,1,"	1393,1536" 
2012-02-01T21:00:00Z,"MSM",2013-01-02T21:00:00Z,Buy,77.24,77,14,-3.36,2.422326432409,-214.76,98.42,313.18,0,"	1396,1542" 
2012-02-01T21:00:00Z,"BBSI",2013-04-01T20:00:00Z,Buy,20.31,51.53,7,218.54,0.517124477782,-29.05,226.45,29.05,1,"	1393,1583" 
2012-02-01T21:00:00Z,"DDS",2013-06-03T20:00:00Z,Buy,43.89,91.44,5,237.75,0.89525375257597,-122.75,249,60.7,1,"	1394,1613" 
2012-02-01T21:00:00Z,"BBSI",2013-08-01T20:00:00Z,Buy,20.31,72.22,3,155.73,0.50770922288642,-12.45,155.73,35.67,1,"	1393,1641" 
2012-02-01T21:00:00Z,"BBSI",2013-11-01T20:00:00Z,Buy,20.31,89.19,3,206.64,3.0479699144525,-12.45,206.64,35.67,1,"	1393,1691" 
2012-02-01T21:00:00Z,"RES",2013-11-01T20:00:00Z,Buy,10.22667178,18.31,3.2498209517578,26.27,0.54492639040349,-20.42,26.37,15.34,1,"	1398,1700" 
2012-02-01T21:00:00Z,"BBSI",2014-04-01T20:00:00Z,Buy,20.31,61.41,18,739.8,4.7681195141213,-74.7,1450.62,772.38,1,"	1393,1796" 
2012-03-01T21:00:00Z,"ED",2012-10-01T20:00:00Z,Buy,58.29,59.48,4,4.76,0.57049754831847,-4.64,26.6,23.32,1,"	1404,1493" 
2012-03-01T21:00:00Z,"GME",2013-01-02T21:00:00Z,Buy,23.84,25.66,9,16.38,0.5235366388767,-72.99,35.91,80.46,1,"	1406,1540" 
2012-03-01T21:00:00Z,"UACL",2013-01-02T21:00:00Z,Buy,15.46,18.43,17,50.49,0.54214560615779,-49.47,56.27,70.38,1,"	1408,1545" 
2012-03-01T21:00:00Z,"ICFI",2013-04-01T20:00:00Z,Buy,24.88,26.6,8,13.76,3.1666344142965,-53.04,20.16,62.96,1,"	1407,1585" 
2012-03-01T21:00:00Z,"USPH",2013-06-03T20:00:00Z,Buy,18.8,28.9,15,151.5,1.036592494274,-173.25,151.5,79.35,1,"	1409,1619" 
2012-03-01T21:00:00Z,"ICFI",2013-10-01T20:00:00Z,Buy,24.88,35.94,7,77.42,0.85534886418763,-46.41,77.42,55.09,1,"	1407,1677" 
2012-03-01T21:00:00Z,"NEU",2014-05-01T20:00:00Z,Buy,185.41,370.44,2,370.06,2.5207317838165,-23.9,431.76,93.02,1,"	1405,1820" 
2012-03-01T21:00:00Z,"ICFI",2014-10-01T20:00:00Z,Buy,24.88,30.43,27,149.85,0.62106771679117,-179.01,443.34,293.49,1,"	1407,1910" 
2012-04-02T20:00:00Z,"OTL",2012-05-01T20:00:00Z,Buy,31.8,29.94,7,-13.02,0.51831797235023,-88.48,41.02,18.69,0,"	1423,1431" 
2012-04-02T20:00:00Z,"LSCC",2012-06-01T20:00:00Z,Buy,6.6,4.29,35,-80.85,0.78646928354688,-80.85,15.4,80.85,0,"	1421,1449" 
2012-04-02T20:00:00Z,"CMTL",2012-10-01T20:00:00Z,Buy,33.85,27.74,34,-207.74,2.9001150579192,-248.2,2.04,250.24,0,"	1417,1491" 
2012-04-02T20:00:00Z,"SPPI",2012-12-03T21:00:00Z,Buy,12.6,11.74,19,-16.34,1.3802394038843,-58.71,84.55,121.79,0,"	1422,1528" 
2012-04-02T20:00:00Z,"DISCA",2013-01-02T21:00:00Z,Buy,50.99,65.48,4,57.96,1.289139395584,-10.48,57.96,27.04,1,"	1418,1537" 
2012-04-02T20:00:00Z,"DISH",2013-01-02T21:00:00Z,Buy,33.58,37.01,34,116.62,4.559334018197,-247.18,138.38,247.18,1,"	1419,1538" 
2012-04-02T20:00:00Z,"LG",2013-02-01T21:00:00Z,Buy,39.63,40.13,7,3.5,0.51777357765249,-15.75,26.88,40.53,1,"	1420,1564" 
2012-04-02T20:00:00Z,"DISCA",2014-03-03T21:00:00Z,Buy,50.99,82.08,18,559.62,0.54433029284686,-47.16,710.46,236.88,1,"	1418,1774" 
2012-04-02T20:00:00Z,"SMP",2015-03-02T21:00:00Z,Buy,17.39,42.33,16,399.04,2.3432681105296,-84,448.96,198.4,1,"	1424,2017" 
2012-05-01T20:00:00Z,"RSC",2012-06-01T20:00:00Z,Buy,27.16,17.76,40,-376,3.6150632161983,-376,0,376,0,"	1440,1451" 
2012-05-01T20:00:00Z,"SCHL",2012-10-01T20:00:00Z,Buy,29.47,32.07,36,93.6,2.6140026201272,-113.76,164.52,133.2,1,"	1441,1496" 
2012-05-01T20:00:00Z,"STMP",2012-10-01T20:00:00Z,Buy,28.88,23.26,38,-213.56,6.1539735498195,-381.52,54.34,435.86,0,"	1442,1497" 
2012-05-01T20:00:00Z,"SYNA",2012-11-01T20:00:00Z,Buy,30.99,23.65,36,-264.24,10.64334405151,-297.72,9.36,307.08,0,"	1443,1515" 
2012-05-01T20:00:00Z,"AAPL",2013-03-01T21:00:00Z,Buy,582.13,430.51,1,-151.62,2.2770368822932,-151.62,119.97,271.59,0,"	1437,1568" 
2012-05-01T20:00:00Z,"EGY",2013-04-01T20:00:00Z,Buy,9.38,7.38,123,-246,7.7452024276317,-282.9,4.92,282.9,0,"	1438,1584" 
2012-05-01T20:00:00Z,"MGLN",2013-05-01T20:00:00Z,Buy,43.85,50.09,5,31.2,0.51237861336947,-15.2,61.4,43.3,1,"	1439,1597" 
2012-06-01T20:00:00Z,"PETS",2012-08-01T20:00:00Z,Buy,11.17,9.6,90,-141.3,7.2181192375762,-162.9,106.2,269.1,0,"	1457,1470" 
2012-06-01T20:00:00Z,"NUS",2012-11-01T20:00:00Z,Buy,41.44,48.94,23,172.5,8.9030700046094,-108.79,220.11,328.9,1,"	1456,1512" 
2012-06-01T20:00:00Z,"AEE",2012-12-03T21:00:00Z,Buy,32.04,29.58,31,-76.26,2.2842989128149,-107.88,82.77,190.65,0,"	1453,1523" 
2012-06-01T20:00:00Z,"RGR",2013-05-01T20:00:00Z,Buy,37.63,49.62,7,83.93,0.516898255068,-159.46,155.19,134.4,1,"	1458,1599" 
2012-06-01T20:00:00Z,"ICUI",2013-11-01T20:00:00Z,Buy,50.66,60.86,19,193.8,5.4033517288574,-13.11,479.56,285.76,1,"	1455,1697" 
2012-06-01T20:00:00Z,"ALG",2013-12-02T21:00:00Z,Buy,29.65,57.13,6,164.88,3.4486500542168,-13.62,174.36,33.24,1,"	1454,1716" 
2012-06-01T20:00:00Z,"ALG",2014-09-02T20:00:00Z,Buy,29.65,49.03,27,523.26,2.9584751644667,-61.29,838.08,360.72,1,"	1454,1881" 
2012-07-02T20:00:00Z,"CNC",2012-08-01T20:00:00Z,Buy,29.89,37.48,9,68.31,0.52229857427056,-32.13,188.19,26.46,1,"	1462,1467" 
2012-07-02T20:00:00Z,"SHOO",2012-08-01T20:00:00Z,Buy,31.69,39.41,4.999951433688,38.6,1.220100982911,-128.29,66.95,9.95,1,"	1465,1472" 
2012-07-02T20:00:00Z,"MOV",2012-09-04T20:00:00Z,Buy,25.34,36.36,11,121.22,1.1347814922124,-37.95,121.22,38.83,1,"	1464,1484" 
2012-07-02T20:00:00Z,"KLIC",2013-02-01T21:00:00Z,Buy,8.9,11.65,27,74.25,1.8967258430544,-88.02,117.18,68.31,1,"	1463,1563" 
2012-07-02T20:00:00Z,"MOV",2013-06-03T20:00:00Z,Buy,25.34,36,31,330.46,0.59473684210526,-106.95,409.82,283.34,1,"	1464,1615" 
2012-08-01T20:00:00Z,"HHS",2012-09-04T20:00:00Z,Buy,6.17,7.2,170,175.1,5.3957037129128,0,175.1,47.6,1,"	1476,1481" 
2012-08-01T20:00:00Z,"BRKS",2012-10-01T20:00:00Z,Buy,9.02,7.81,23,-27.83,0.92618856100592,-34.5,121.67,40.94,0,"	1473,1490" 
2012-08-01T20:00:00Z,"GCI",2012-10-01T20:00:00Z,Buy,14.16,17.97,12,45.72,2.6608926975002,-1.92,55.32,12.24,1,"	1474,1494" 
2012-08-01T20:00:00Z,"STMP",2012-10-01T20:00:00Z,Buy,20.11,23.26,12,37.8,1.0550769158697,-15.24,122.4,29.88,1,"	1479,1497" 
2012-08-01T20:00:00Z,"GME",2013-01-02T21:00:00Z,Buy,16.07,25.66,18,172.62,0.5451404494382,-6.12,211.68,59.4,1,"	1475,1540" 
2012-08-01T20:00:00Z,"GCI",2013-05-01T20:00:00Z,Buy,14.16,19.94,64,369.92,3.2716685213502,-10.24,506.24,136.96,1,"	1474,1595" 
2012-08-01T20:00:00Z,"RCII",2013-08-01T20:00:00Z,Buy,35.15,40.5,30,160.5,4.978950597576,-70.8,160.5,129.3,1,"	1478,1646" 
2012-08-01T20:00:00Z,"NC",2013-12-02T21:00:00Z,Buy,100.02,63.46,10,-365.6,1.088672567982,-565.5,253.9,819.4,0,"	1477,1724" 
2012-09-04T20:00:00Z,"DLTR",2012-12-03T21:00:00Z,Buy,48.19,41.34,3.999954999955,-27.4,0.51250518995225,-147.85,34.22,47.04,0,"	1485,1525" 
2012-09-04T20:00:00Z,"SPPI",2012-12-03T21:00:00Z,Buy,12.18,11.74,25,-11,2.2027213563321,-66.75,121.75,65,0,"	1487,1528" 
2012-09-04T20:00:00Z,"EGY",2013-04-01T20:00:00Z,Buy,7.39,7.38,27,-0.27,0.98913300298618,-8.37,54.81,55.08,0,"	1486,1584" 
2012-09-04T20:00:00Z,"NHC",2013-05-01T20:00:00Z,Buy,44.88,45.03,24,3.6,6.6662438080609,-3.6,126.96,127.92,1,"	1488,1598" 
2012-09-04T20:00:00Z,"VLGEA",2013-08-01T20:00:00Z,Buy,33.76,37.25,33,115.17,8.682435464478,-121.11,155.43,259.38,1,"	1489,1648" 
2012-10-01T20:00:00Z,"NUS",2012-11-01T20:00:00Z,Buy,40.5,48.94,6,50.64,0.51564511975277,-22.74,63.06,21.54,1,"	1505,1512" 
2012-10-01T20:00:00Z,"PLPC",2012-11-01T20:00:00Z,Buy,56.41,54.1,4,-9.24,0.99065916328337,-57.68,82.96,18.88,0,"	1506,1513" 
2012-10-01T20:00:00Z,"SYNA",2012-11-01T20:00:00Z,Buy,22.87,23.65,11,8.58,0.52618338884263,-1.65,92.18,20.68,1,"	1507,1515" 
2012-10-01T20:00:00Z,"MKSI",2012-12-03T21:00:00Z,Buy,25.13,24.02,9,-9.99,0.58944091115777,-44.1,77.04,21.96,0,"	1504,1527" 
2012-10-01T20:00:00Z,"INTC",2013-01-02T21:00:00Z,Buy,22.76,21.38,10,-13.8,1.1767969601376,-34,64.2,34.8,0,"	1503,1541" 
2012-10-01T20:00:00Z,"DK",2013-02-01T21:00:00Z,Buy,25.98,34.22,8,65.92,5.5374442715136,-23.76,67.44,29.44,1,"	1499,1561" 
2012-10-01T20:00:00Z,"WDC",2013-04-01T20:00:00Z,Buy,38.12,50.4,4,49.12,3.1812356112709,-18.76,50.48,19.64,1,"	1509,1587" 
2012-10-01T20:00:00Z,"WCC",2013-05-01T20:00:00Z,Buy,57.72,68.02,19,195.7,3.3630632755633,-30.59,374.68,212.23,1,"	1508,1603" 
2012-10-01T20:00:00Z,"FTK",2013-07-01T20:00:00Z,Buy,12.9,17.85,12,59.4,1.2563885669939,-34.68,61.2,37.68,1,"	1501,1631" 
2012-10-01T20:00:00Z,"ENS",2013-08-01T20:00:00Z,Buy,35.5,53.78,5,91.4,3.7049994881617,-18.65,91.4,21.55,1,"	1500,1642" 
2012-10-01T20:00:00Z,"ENS",2013-10-01T20:00:00Z,Buy,35.5,61.49,4,103.96,0.51014184397163,-14.92,103.96,17.24,1,"	1500,1674" 
2012-10-01T20:00:00Z,"FTK",2013-10-01T20:00:00Z,Buy,12.9,23.46,14,147.84,0.5357,-40.46,147.84,43.96,1,"	1501,1675" 
2012-10-01T20:00:00Z,"DK",2013-11-01T20:00:00Z,Buy,25.98,25.26,36,-25.92,0.66807045009785,-209.16,522.72,731.88,0,"	1499,1692" 
2012-10-01T20:00:00Z,"WDC",2013-11-01T20:00:00Z,Buy,38.12,69.8,4,126.72,0.51002441476375,-18.76,140.4,37.48,1,"	1509,1703" 
2012-10-01T20:00:00Z,"WDC",2014-02-03T21:00:00Z,Buy,38.12,83.5,4,181.52,0.78799775070014,-18.76,203.44,37.48,1,"	1509,1758" 
2012-10-01T20:00:00Z,"FTK",2014-03-03T21:00:00Z,Buy,12.9,25.62,12,152.64,1.2286578088892,-34.68,152.64,57.48,1,"	1501,1775" 
2012-10-01T20:00:00Z,"FTK",2014-07-01T20:00:00Z,Buy,12.9,32.11,9,172.89,0.703651150677,-26.01,177.84,43.11,1,"	1501,1851" 
2012-10-01T20:00:00Z,"ICFI",2014-10-01T20:00:00Z,Buy,20.25,30.43,14,142.52,0.53526119402985,-28,294.7,152.18,1,"	1502,1910" 
2012-10-01T20:00:00Z,"ENS",2014-11-03T21:00:00Z,Buy,35.5,62.46,23,620.08,0.56713455414013,-85.79,882.51,506.92,1,"	1500,1927" 
2012-10-01T20:00:00Z,"WDC",2015-01-02T21:00:00Z,Buy,38.12,110.43,2,144.62,0.50498780487805,-9.38,152.32,35.82,1,"	1509,1980" 
2012-10-01T20:00:00Z,"FTK",2015-03-02T21:00:00Z,Buy,12.9,16.73,42,160.86,0.7228381147541,-121.38,829.92,729.12,1,"	1501,2013" 
2012-10-01T20:00:00Z,"WDC",2015-08-03T20:00:00Z,Buy,38.12,85.85,15,715.95,0.55486579130839,-70.35,1142.4,566.85,1,"	1509,2125" 
2012-11-01T20:00:00Z,"CHS",2013-06-03T20:00:00Z,Buy,19.45,17.86,60,-95.4,5.2714370375428,-196.8,16.8,208.2,0,"	1518,1612" 
2012-11-01T20:00:00Z,"EGHT",2013-06-03T20:00:00Z,Buy,6.52,8.28,38,66.88,2.614573289115,-17.86,66.88,71.06,1,"	1519,1614" 
2012-11-01T20:00:00Z,"AEOS",2013-08-01T20:00:00Z,Buy,21.29,19.92,54,-73.98,0.63771681839962,-431.1,704.7,266.22,0,"	1516,1640" 
2012-11-01T20:00:00Z,"CALM",2013-09-03T20:00:00Z,Buy,43.74,45.83,26,54.34,2.2664040496463,-105.82,211.64,172.64,1,"	1517,1658" 
2012-11-01T20:00:00Z,"EGHT",2013-10-01T20:00:00Z,Buy,6.52,10.53,26,104.26,0.93024671907353,-12.22,112.58,48.62,1,"	1519,1673" 
2012-11-01T20:00:00Z,"MGEE",2013-10-01T20:00:00Z,Buy,52.12,54.74,21,55.02,1.1172077807789,-84,171.78,208.95,1,"	1520,1680" 
2012-11-01T20:00:00Z,"EGHT",2013-11-01T20:00:00Z,Buy,6.52,11.21,108,506.52,0.85214659685864,-50.76,585.36,201.96,1,"	1519,1694" 
2012-11-01T20:00:00Z,"NC",2013-12-02T21:00:00Z,Buy,52,63.46,12,137.52,12.597293331841,-102.36,880.92,213.72,1,"	1521,1724" 
2012-11-01T20:00:00Z,"AWR",2014-08-01T20:00:00Z,Buy,22.12,30.79,50,433.5,3.2770279452284,-65,572,382,1,"	1522,1869" 
2012-12-03T21:00:00Z,"GCO",2013-01-02T21:00:00Z,Buy,54.25,56.03,5,8.9,0.51225600939816,-62.4,122.6,21.2,1,"	1530,1539" 
2012-12-03T21:00:00Z,"SAIA",2013-03-01T21:00:00Z,Buy,21.04,31.53,14,146.86,4.3824301237762,-2.38,155.26,12.6,1,"	1535,1571" 
2012-12-03T21:00:00Z,"SAIA",2013-05-01T20:00:00Z,Buy,21.04,40.18,7,133.98,1.5843300672207,-1.19,139.16,17.08,1,"	1535,1600" 
2012-12-03T21:00:00Z,"PETS",2013-08-01T20:00:00Z,Buy,11.55,16.93,13,69.94,1.2855680578908,-9.23,73.06,26,1,"	1534,1644" 
2012-12-03T21:00:00Z,"KLAC",2013-09-03T20:00:00Z,Buy,45.39,55.38,5,49.95,0.51247800747746,-7.1,76.3,29.9,1,"	1532,1661" 
2012-12-03T21:00:00Z,"GIII",2013-10-01T20:00:00Z,Buy,37.56,55,4,69.76,1.0841092709023,-20.16,70.6,33,1,"	1531,1676" 
2012-12-03T21:00:00Z,"GIII",2014-01-02T21:00:00Z,Buy,37.56,71.42,5,169.3,0.51209852283507,-25.2,183.1,41.25,1,"	1531,1737" 
2012-12-03T21:00:00Z,"PETS",2014-02-03T21:00:00Z,Buy,11.55,12.74,88,104.72,0.71185185185185,-62.48,494.56,389.84,1,"	1534,1754" 
2012-12-03T21:00:00Z,"SAIA",2014-05-01T20:00:00Z,Buy,14.02667368,41.85,47,1307.7,0.61944073354384,-5.33,1307.7,297.98,1,"	1535,1823" 
2012-12-03T21:00:00Z,"LHCG",2014-06-02T20:00:00Z,Buy,19.48,20.38,60,54,6.1425843758942,-10.8,420.6,402,1,"	1533,1840" 
2012-12-03T21:00:00Z,"GIII",2015-01-02T21:00:00Z,Buy,37.56,100,5,312.2,2.0274621683367,-25.2,318.7,79.5,1,"	1531,1971" 
2012-12-03T21:00:00Z,"GIII",2015-07-01T20:00:00Z,Buy,18.78,71.25,7,367.29,0.51772388059701,-17.64,373.1,55.65,1,"	1531,2098" 
2013-01-02T21:00:00Z,"AAPL",2013-03-01T21:00:00Z,Buy,549.03,430.51,1,-118.52,0.50257504268052,-118.52,153.07,118.52,0,"	1547,1568" 
2013-01-02T21:00:00Z,"IPAR",2013-03-01T21:00:00Z,Buy,19.89,25.54,11,62.15,3.6671106474509,-0.66,62.15,13.53,1,"	1551,1569" 
2013-01-02T21:00:00Z,"HVT",2013-05-01T20:00:00Z,Buy,16.68,23.21,17,111.01,1.2255646712224,-6.97,125.46,27.03,1,"	1550,1596" 
2013-01-02T21:00:00Z,"RGR",2013-05-01T20:00:00Z,Buy,45.88,49.62,5,18.7,0.51263215859031,-155.15,69.6,51.8,1,"	1556,1599" 
2013-01-02T21:00:00Z,"MOV",2013-06-03T20:00:00Z,Buy,30.53,36,7,38.29,0.51741443937419,-60.48,56.21,63.98,1,"	1553,1615" 
2013-01-02T21:00:00Z,"MYGN",2013-06-03T20:00:00Z,Buy,27.68,31.82,8,33.12,3.4912214048085,-27.92,51.36,27.92,1,"	1554,1616" 
2013-01-02T21:00:00Z,"SCVL",2013-06-03T20:00:00Z,Buy,20.43,24.64,9.5000292499854,40,0.52492679355783,-89.4,40,20.43,1,"	1557,1617" 
2013-01-02T21:00:00Z,"CTB",2013-07-01T20:00:00Z,Buy,26.22,33.27,13,91.65,2.3980268429333,-38.61,109.72,62.92,1,"	1548,1630" 
2013-01-02T21:00:00Z,"GPS",2013-07-01T20:00:00Z,Buy,31.37,42.8,5,57.15,5.4087373185494,-0.85,57.15,11.6,1,"	1549,1633" 
2013-01-02T21:00:00Z,"MED",2013-08-01T20:00:00Z,Buy,26.29,27.27,45,44.1,1.2467280547568,-182.7,136.35,264.15,1,"	1552,1643" 
2013-01-02T21:00:00Z,"PNM",2013-08-01T20:00:00Z,Buy,21.09,23.76,56.000013499993,149.52,0.64652974158947,-119.65,514.64,148.96,1,"	1555,1645" 
2013-01-02T21:00:00Z,"IPAR",2013-11-01T20:00:00Z,Buy,19.89,35.26,8,122.96,0.79298173113287,-0.48,122.96,66.96,1,"	1551,1698" 
2013-01-02T21:00:00Z,"CTB",2013-12-02T21:00:00Z,Buy,26.22,24.39,33,-60.39,11.342455072138,-98.01,278.52,372.9,0,"	1548,1718" 
2013-01-02T21:00:00Z,"GPS",2013-12-02T21:00:00Z,Buy,31.37,41.58,33,336.93,6.5646584714451,-5.61,497.97,323.4,1,"	1549,1720" 
2013-01-02T21:00:00Z,"MYGN",2013-12-02T21:00:00Z,Buy,27.68,26.98,8,-5.6,1.4556380071297,-39.28,52.64,91.92,0,"	1554,1723" 
2013-01-02T21:00:00Z,"MYGN",2014-02-03T21:00:00Z,Buy,27.68,27.42,22,-5.72,0.55458197611292,-151.58,144.76,296.34,0,"	1554,1751" 
2013-01-02T21:00:00Z,"UGI",2014-02-03T21:00:00Z,Buy,33.3,42.04,36,314.64,3.7033402927837,-7.92,362.88,177.48,1,"	1558,1757" 
2013-01-02T21:00:00Z,"MYGN",2014-03-03T21:00:00Z,Buy,27.68,37.01,5,46.65,1.7212199846878,-34.45,52.3,67.35,1,"	1554,1780" 
2013-01-02T21:00:00Z,"IPAR",2014-06-02T20:00:00Z,Buy,19.89,29.27,42,393.96,0.60289086039505,-2.52,761.46,370.02,1,"	1551,1839" 
2013-01-02T21:00:00Z,"HVT",2015-02-02T21:00:00Z,Buy,16.68,24.79,55,446.05,9.5876803796055,-22.55,806.3,629.75,1,"	1550,1992" 
2013-01-02T21:00:00Z,"USNA",2015-04-01T20:00:00Z,Buy,32.88,113.19,2,160.62,1.030055183241,-18.56,170.6,67.58,1,"	1559,2042" 
2013-01-02T21:00:00Z,"USNA",2015-06-01T20:00:00Z,Buy,32.88,129.52,2,193.28,2.9596024538152,-18.56,215.26,67.58,1,"	1559,2087" 
2013-01-02T21:00:00Z,"USNA",2015-09-01T20:00:00Z,Buy,32.88,141.49,2,217.22,2.8585631429067,-18.56,286.48,69.86,1,"	1559,2152" 
2013-01-02T21:00:00Z,"SCVL",2015-12-01T21:00:00Z,Buy,20.43,21.78,0.49997075001462,0.67,4.3405358091528,-4.7,4,5.09,1,"	1557,2217" 
2013-02-01T21:00:00Z,"CRUS",2013-05-01T20:00:00Z,Buy,28.48,18.89,44,-421.96,11.759723014603,-475.2,0,475.2,0,"	1565,1593" 
2013-02-01T21:00:00Z,"USPH",2013-06-03T20:00:00Z,Buy,24.85,28.9,9,36.45,0.52272865853659,-158.4,36.45,34.92,1,"	1567,1619" 
2013-02-01T21:00:00Z,"RES",2013-11-01T20:00:00Z,Buy,15.2,18.31,14.750179048242,45.87,0.71068804275217,-166.03,46.32,69.62,1,"	1566,1700" 
2013-02-01T21:00:00Z,"RES",2014-08-01T20:00:00Z,Buy,15.2,22.02,9,61.38,0.94386069081246,-101.31,87.39,42.48,1,"	1566,1868" 
2013-02-01T21:00:00Z,"RES",2015-01-02T21:00:00Z,Buy,15.2,13.3,59.249820951758,-112.57,4.2809617968391,-666.93,575.32,773.21,0,"	1566,1978" 
2013-03-01T21:00:00Z,"LNDC",2013-04-01T20:00:00Z,Buy,11.16,13.82,24,63.84,1.346187602274,0,79.44,15.6,1,"	1580,1586" 
2013-03-01T21:00:00Z,"CHS",2013-06-03T20:00:00Z,Buy,16.96,17.86,14,12.6,0.53495877502945,-11.06,38.78,26.18,1,"	1577,1612" 
2013-03-01T21:00:00Z,"MED",2013-08-01T20:00:00Z,Buy,23.92,27.27,9,30.15,0.87890264892352,-15.21,48.6,34.02,1,"	1581,1643" 
2013-03-01T21:00:00Z,"CALM",2013-09-03T20:00:00Z,Buy,40.81,45.83,5,25.1,0.51259878982465,-5.7,55.35,32.05,1,"	1575,1658" 
2013-03-01T21:00:00Z,"KAI",2013-09-03T20:00:00Z,Buy,24.87,32.1,7,50.61,3.7503238707466,-3.85,67.69,27.16,1,"	1582,1663" 
2013-03-01T21:00:00Z,"EGHT",2013-11-01T20:00:00Z,Buy,6.67,11.21,36,163.44,0.59905940594059,-22.32,189.72,41.04,1,"	1578,1694" 
2013-03-01T21:00:00Z,"LNDC",2013-11-01T20:00:00Z,Buy,11.16,11.7,90,48.6,2.5256307677606,0,419.4,386.1,1,"	1580,1699" 
2013-03-01T21:00:00Z,"CF",2013-12-02T21:00:00Z,Buy,201.5,217.01,1,15.51,0.50250809061489,-71.63,28.94,37.85,1,"	1576,1717" 
2013-03-01T21:00:00Z,"KAI",2013-12-02T21:00:00Z,Buy,24.87,40.75,6,95.28,0.51475736359247,-3.3,99.3,23.28,1,"	1582,1726" 
2013-03-01T21:00:00Z,"BKE",2014-04-01T20:00:00Z,Buy,44.55,46.33,6,10.68,1.1797391440705,-179.82,75.54,91.2,1,"	1574,1798" 
2013-03-01T21:00:00Z,"NEU",2014-05-01T20:00:00Z,Buy,252.46,370.44,1,117.98,0.67059285928867,-79,148.83,39.81,1,"	1579,1820" 
2013-03-01T21:00:00Z,"KAI",2015-01-02T21:00:00Z,Buy,24.87,42.38,6,105.06,0.74769038077839,-3.3,110.46,46.32,1,"	1582,1979" 
2013-03-01T21:00:00Z,"KAI",2015-04-01T20:00:00Z,Buy,24.87,53.73,6,173.16,1.2003299849314,-3.3,173.16,46.32,1,"	1582,2041" 
2013-04-01T20:00:00Z,"CRUS",2013-05-01T20:00:00Z,Buy,22.05,18.89,13,-41.08,1.3690130173776,-56.81,83.59,57.98,0,"	1589,1593" 
2013-04-01T20:00:00Z,"AEOS",2013-08-01T20:00:00Z,Buy,18.46,19.92,13.999958509971,20.44,1.4224998947058,-72.15,222.32,40.04,1,"	1588,1640" 
2013-04-01T20:00:00Z,"KWR",2013-10-01T20:00:00Z,Buy,58.96,74.11,3,45.45,5.5488337803463,-13.08,45.45,15.99,1,"	1591,1679" 
2013-04-01T20:00:00Z,"CVI",2014-01-02T21:00:00Z,Buy,51.88,43.68,4,-32.8,0.51005036807439,-139.52,74,147.04,0,"	1590,1736" 
2013-04-01T20:00:00Z,"MYGN",2014-03-03T21:00:00Z,Buy,25.12,37.01,6,71.34,0.71366801565711,-25.98,78.12,80.82,1,"	1592,1780" 
2013-04-01T20:00:00Z,"MYGN",2014-05-01T20:00:00Z,Buy,25.12,39.97,2,29.7,0.51183665008292,-8.66,34.18,26.94,1,"	1592,1821" 
2013-04-01T20:00:00Z,"KWR",2015-01-02T21:00:00Z,Buy,58.96,90.03,4,124.28,0.95793738160624,-17.44,134.84,58.8,1,"	1591,1974" 
2013-05-01T20:00:00Z,"IDT",2013-07-01T20:00:00Z,Buy,13.86,19.31,15,81.75,1.2472531085274,0,100.35,27.9,1,"	1605,1634" 
2013-05-01T20:00:00Z,"RCII",2013-08-01T20:00:00Z,Buy,34.61,40.5,7,41.23,0.51733967935872,-12.74,41.23,17.5,1,"	1608,1646" 
2013-05-01T20:00:00Z,"IDCC",2013-10-01T20:00:00Z,Buy,43.45,37.7,29,-166.75,5.400724141674,-231.13,122.96,354.09,0,"	1604,1678" 
2013-05-01T20:00:00Z,"SIX",2013-10-01T20:00:00Z,Buy,36.1,33.92,36,-78.48,5.2629408719624,-111.24,139.68,250.92,0,"	1611,1681" 
2013-05-01T20:00:00Z,"POWL",2013-12-02T21:00:00Z,Buy,47.07,65.5,3,55.29,4.8766104477675,0,65.37,14.25,1,"	1607,1725" 
2013-05-01T20:00:00Z,"OTL",2014-02-03T21:00:00Z,Buy,41.85,41.8,30,-1.5,1.1566948353984,-57.6,205.8,207.3,0,"	1606,1752" 
2013-05-01T20:00:00Z,"POWL",2014-03-03T21:00:00Z,Buy,47.07,67.62,23,472.65,7.8158957589732,0,501.17,222.87,1,"	1607,1781" 
2013-05-01T20:00:00Z,"IDT",2014-06-02T20:00:00Z,Buy,13.86,16.64,74,205.72,0.76094089264174,0,651.2,540.2,1,"	1605,1838" 
2013-05-01T20:00:00Z,"RS",2014-10-01T20:00:00Z,Buy,63.31,67.32,20,80.2,1.105239715529,-21.2,256.2,188,1,"	1610,1913" 
2013-05-01T20:00:00Z,"RES",2015-01-02T21:00:00Z,Buy,13.27,13.3,17,0.51,1.6995830647988,-158.55,197.88,221.85,1,"	1609,1978" 
2013-06-03T20:00:00Z,"GCI",2013-07-01T20:00:00Z,Buy,20.8,25.21,9,39.69,2.9520054652841,-8.55,52.2,27.18,1,"	1624,1632" 
2013-06-03T20:00:00Z,"MGEE",2013-10-01T20:00:00Z,Buy,55.01,54.74,5,-1.35,1.1592108406739,-34.45,26.45,49.75,0,"	1626,1680" 
2013-06-03T20:00:00Z,"VLO",2013-11-01T20:00:00Z,Buy,40.25,41,5,3.75,1.0965912770236,-33.6,5.8,33.6,1,"	1629,1702" 
2013-06-03T20:00:00Z,"CTB",2013-12-02T21:00:00Z,Buy,25.35,24.39,8,-7.68,1.2230954269499,-16.8,74.48,90.4,0,"	1622,1718" 
2013-06-03T20:00:00Z,"VLO",2014-01-02T21:00:00Z,Buy,40.25,49.86,4,38.44,1.125071097812,-26.88,40.64,26.88,1,"	1629,1740" 
2013-06-03T20:00:00Z,"APU",2014-02-03T21:00:00Z,Buy,46.41,42.48,29,-113.97,7.6855575226092,-142.1,104.11,246.21,0,"	1620,1747" 
2013-06-03T20:00:00Z,"MXIM",2014-02-03T21:00:00Z,Buy,29.32,29.86,9,4.86,0.52237029501526,-48.6,35.91,23.67,1,"	1627,1750" 
2013-06-03T20:00:00Z,"HOC",2014-03-03T21:00:00Z,Buy,48.18,44.88,5,-16.5,0.94226961370699,-131.9,51.25,42.25,0,"	1625,1776" 
2013-06-03T20:00:00Z,"BGFV",2014-04-01T20:00:00Z,Buy,20.25,16.17,70,-285.6,6.719272751428,-410.2,318.5,728.7,0,"	1621,1797" 
2013-06-03T20:00:00Z,"SPH",2014-04-01T20:00:00Z,Buy,46.38,42.01,29,-126.73,7.1582611427386,-182.41,82.65,265.06,0,"	1628,1805" 
2013-06-03T20:00:00Z,"NEU",2014-05-01T20:00:00Z,Buy,276.39,370.44,1,94.05,1.0528525995133,-102.93,124.9,39.81,1,"	1623,1820" 
2013-06-03T20:00:00Z,"GCI",2015-03-02T21:00:00Z,Buy,20.8,35.84,7,105.28,0.51771751412429,-6.65,105.28,57.54,1,"	1624,2014" 
2013-06-03T20:00:00Z,"VLO",2015-03-02T21:00:00Z,Buy,40.25,58.68,4,73.72,0.50951207651159,-26.88,89,59,1,"	1629,2021" 
2013-06-03T20:00:00Z,"GCI",2015-11-02T21:00:00Z,Buy,20.8,27.66,8,54.88,0.52045857988166,-7.6,137.68,129.36,1,"	1624,2191" 
2013-06-03T20:00:00Z,"VLO",2015-12-01T21:00:00Z,Buy,40.25,72.57,4,129.28,0.5100988032285,-26.88,131.12,59,1,"	1629,2222" 
2013-07-01T20:00:00Z,"VLGEA",2013-08-01T20:00:00Z,Buy,33.87,37.25,8,27.04,0.98552382291398,-30.24,36.8,13.44,1,"	1639,1648" 
2013-07-01T20:00:00Z,"ENTG",2013-09-03T20:00:00Z,Buy,9.44,9.42,24,-0.48,0.94453310583215,-79.92,24,26.88,0,"	1637,1659" 
2013-07-01T20:00:00Z,"DK",2013-11-01T20:00:00Z,Buy,28.04,25.26,12,-33.36,0.52923879040667,-94.44,149.52,126.72,0,"	1636,1692" 
2013-07-01T20:00:00Z,"CF",2013-12-02T21:00:00Z,Buy,170.28,217.01,2,93.46,0.50496443148688,-80.82,120.32,31.6,1,"	1635,1717" 
2013-07-01T20:00:00Z,"MYGN",2014-05-01T20:00:00Z,Buy,27.32,39.97,3,37.95,0.52033494603647,-19.59,44.67,33.06,1,"	1638,1821" 
2013-07-01T20:00:00Z,"MYGN",2014-10-01T20:00:00Z,Buy,27.32,38.3,5,54.9,0.83621018879656,-32.65,74.45,55.1,1,"	1638,1912" 
2013-08-01T20:00:00Z,"HNRG",2013-09-03T20:00:00Z,Buy,7.8,7.4,187,-74.8,10.659859163144,-97.24,18.7,115.94,0,"	1652,1660" 
2013-08-01T20:00:00Z,"TER",2013-09-03T20:00:00Z,Buy,16.89,15.44,19,-27.55,0.54862272727273,-120.65,42.18,30.02,0,"	1656,1662" 
2013-08-01T20:00:00Z,"IDCC",2013-10-01T20:00:00Z,Buy,41.03,37.7,8,-26.64,0.68575507221552,-44.4,53.28,44.4,0,"	1653,1678" 
2013-08-01T20:00:00Z,"DV",2013-11-01T20:00:00Z,Buy,30.63,34.91,49,209.72,1.2438617266676,-113.19,375.83,211.68,1,"	1650,1693" 
2013-08-01T20:00:00Z,"FSLR",2013-11-01T20:00:00Z,Buy,48.15,59.07,7,76.44,1.0939032217496,-81.76,76.44,81.76,1,"	1651,1696" 
2013-08-01T20:00:00Z,"FSLR",2013-12-02T21:00:00Z,Buy,48.15,59.81,4,46.64,0.50999832831829,-46.72,64.52,46.72,1,"	1651,1719" 
2013-08-01T20:00:00Z,"CVI",2014-01-02T21:00:00Z,Buy,48.54,43.68,6,-29.16,0.89732335858553,-189.24,131.04,89.52,0,"	1649,1736" 
2013-08-01T20:00:00Z,"MPC",2014-01-02T21:00:00Z,Buy,75.09,89.48,3,43.17,6.3231636337397,-38.97,49.95,38.97,1,"	1654,1738" 
2013-08-01T20:00:00Z,"OSK",2014-02-03T21:00:00Z,Buy,46.56,50.54,4,15.92,2.8931811184466,-6.56,35.76,25.72,1,"	1655,1753" 
2013-08-01T20:00:00Z,"FSLR",2014-04-01T20:00:00Z,Buy,48.15,70.89,7,159.18,0.51777582748245,-81.76,179.9,115.85,1,"	1651,1800" 
2013-08-01T20:00:00Z,"MPC",2014-04-01T20:00:00Z,Buy,75.09,89.54,17,245.65,0.543720703125,-220.83,329.63,220.83,1,"	1654,1802" 
2013-08-01T20:00:00Z,"FSLR",2014-07-01T20:00:00Z,Buy,48.15,70.69,3,67.62,0.50746094849423,-35.04,77.1,49.65,1,"	1651,1850" 
2013-08-01T20:00:00Z,"OSK",2014-09-02T20:00:00Z,Buy,46.56,49.6,28,85.12,2.8949604811905,-45.92,376.6,396.76,1,"	1655,1885" 
2013-08-01T20:00:00Z,"FSLR",2014-12-01T21:00:00Z,Buy,48.15,45.76,9,-21.51,0.56798360655738,-105.12,231.3,252.81,0,"	1651,1953" 
2013-09-03T20:00:00Z,"PLUS",2014-03-03T21:00:00Z,Buy,54.35,57.05,26,70.2,8.0007255121887,-150.28,101.4,178.62,1,"	1669,1778" 
2013-09-03T20:00:00Z,"USMO",2014-03-03T21:00:00Z,Buy,13.92,14.37,98,44.1,6.5148238263225,-113.68,154.84,268.52,1,"	1671,1783" 
2013-09-03T20:00:00Z,"BGFV",2014-04-01T20:00:00Z,Buy,16.55,16.17,13,-4.94,0.70507123106542,-28.08,107.25,74.23,0,"	1665,1797" 
2013-09-03T20:00:00Z,"FF",2014-04-01T20:00:00Z,Buy,16.72,21.05,21,90.93,1.277165801393,-32.97,95.76,76.65,1,"	1667,1799" 
2013-09-03T20:00:00Z,"UACL",2014-04-01T20:00:00Z,Buy,25.5,28.98,55,191.4,8.9492705827591,-44.55,411.95,456.5,1,"	1670,1806" 
2013-09-03T20:00:00Z,"BKH",2014-08-01T20:00:00Z,Buy,47.18,52.67,29,159.21,1.1436767604025,-8.41,412.09,252.88,1,"	1666,1863" 
2013-09-03T20:00:00Z,"FF",2014-09-02T20:00:00Z,Buy,16.72,14,65,-176.8,0.74389367816092,-197.6,306.8,504.4,0,"	1667,1882" 
2013-09-03T20:00:00Z,"FSLR",2014-12-01T21:00:00Z,Buy,36.87,45.76,7,62.23,0.5175714869281,-2.8,258.86,196.63,1,"	1668,1953" 
2013-10-01T20:00:00Z,"DK",2013-11-01T20:00:00Z,Buy,21.25,25.26,20,80.2,0.94683425150637,-21.6,385,31,1,"	1683,1692" 
2013-10-01T20:00:00Z,"LNDC",2013-11-01T20:00:00Z,Buy,12.27,11.7,29,-16.53,2.2965548104298,-32.19,102.95,23.2,0,"	1686,1699" 
2013-10-01T20:00:00Z,"SYNA",2013-11-01T20:00:00Z,Buy,45.92,45.49,32,-13.76,7.1684856069601,-35.2,292.8,328,0,"	1690,1701" 
2013-10-01T20:00:00Z,"KIRK",2013-12-02T21:00:00Z,Buy,18.7,25.5,16,108.8,3.3736343855999,-27.2,111.36,27.2,1,"	1685,1721" 
2013-10-01T20:00:00Z,"NC",2013-12-02T21:00:00Z,Buy,56.61,63.46,4,27.4,0.54076557116404,-52.56,275.2,16.52,1,"	1688,1724" 
2013-10-01T20:00:00Z,"CVI",2014-01-02T21:00:00Z,Buy,38.81,43.68,6,29.22,0.86558297349496,-130.86,189.42,47.04,1,"	1682,1736" 
2013-10-01T20:00:00Z,"HOC",2014-03-03T21:00:00Z,Buy,41.83,44.88,6,18.3,0.84618651037181,-120.18,99.6,39.18,1,"	1684,1776" 
2013-10-01T20:00:00Z,"KIRK",2014-03-03T21:00:00Z,Buy,18.7,17.76,62,-58.28,5.8076270530956,-121.52,431.52,553.04,0,"	1685,1777" 
2013-10-01T20:00:00Z,"SWM",2014-05-01T20:00:00Z,Buy,60.85,42.78,24,-433.68,2.9003817695076,-521.52,44.88,566.4,0,"	1689,1824" 
2013-10-01T20:00:00Z,"MYGN",2014-10-01T20:00:00Z,Buy,25.31,38.3,2,25.98,1.3432369770107,-9.04,33.8,19.72,1,"	1687,1912" 
2013-10-01T20:00:00Z,"MYGN",2015-02-02T21:00:00Z,Buy,25.31,37.4,6,72.54,0.81037835456374,-27.12,101.4,61.2,1,"	1687,1994" 
2013-10-01T20:00:00Z,"MYGN",2015-09-01T20:00:00Z,Buy,25.31,36.65,2,22.68,10.049987350739,-9.04,33.8,22.54,1,"	1687,2148" 
2013-11-01T20:00:00Z,"CF",2013-12-02T21:00:00Z,Buy,214.94,217.01,1,2.07,0.50249234693878,-85.07,15.5,8.13,1,"	1705,1717" 
2013-11-01T20:00:00Z,"CTB",2013-12-02T21:00:00Z,Buy,25.91,24.39,17,-25.84,0.54233660130719,-45.22,148.75,60.35,0,"	1706,1718" 
2013-11-01T20:00:00Z,"GPS",2013-12-02T21:00:00Z,Buy,36.78,41.58,7,33.6,0.8747607860237,-39.06,67.76,9.66,1,"	1707,1720" 
2013-11-01T20:00:00Z,"UTHR",2014-01-02T21:00:00Z,Buy,90.34,110.9,3,61.68,1.050729225925,-13.35,72.51,27.03,1,"	1713,1739" 
2013-11-01T20:00:00Z,"HHS",2014-02-03T21:00:00Z,Buy,7.98,6.86,189,-211.68,11.947741680162,-240.03,34.02,274.05,0,"	1709,1748" 
2013-11-01T20:00:00Z,"PPC",2014-02-03T21:00:00Z,Buy,14.07,16.12,14,28.7,3.7784350192933,-2.1,37.94,17.22,1,"	1711,1755" 
2013-11-01T20:00:00Z,"WNC",2014-02-03T21:00:00Z,Buy,11.6,13.38,129,229.62,10.975780345674,-52.89,313.47,101.91,1,"	1714,1759" 
2013-11-01T20:00:00Z,"PPC",2014-04-01T20:00:00Z,Buy,14.07,21.14,13,91.91,1.2543989456475,-1.95,91.91,17.16,1,"	1711,1804" 
2013-11-01T20:00:00Z,"PPC",2014-05-01T20:00:00Z,Buy,14.07,22.05,79,630.42,0.69921660567246,-11.85,666.76,104.28,1,"	1711,1822" 
2013-11-01T20:00:00Z,"LHCG",2014-06-02T20:00:00Z,Buy,20.66,20.38,13,-3.64,0.53259466019417,-17.68,75.79,54.86,0,"	1710,1840" 
2013-11-01T20:00:00Z,"GTE",2014-09-02T20:00:00Z,Buy,7.6,6.61,199,-197.01,11.559702182869,-248.75,103.48,352.23,0,"	1708,1883" 
2013-11-01T20:00:00Z,"UTHR",2014-09-02T20:00:00Z,Buy,90.34,115.22,3,74.64,1.6263980103912,-13.35,82.47,85.11,1,"	1713,1891" 
2013-11-01T20:00:00Z,"UTHR",2014-10-01T20:00:00Z,Buy,90.34,130.44,2,80.2,1.8979496892818,-8.9,91.64,56.74,1,"	1713,1915" 
2013-11-01T20:00:00Z,"UTHR",2015-04-01T20:00:00Z,Buy,90.34,174.41,2,168.14,0.50505712131756,-8.9,178.34,56.74,1,"	1713,2044" 
2013-11-01T20:00:00Z,"HES",2015-05-01T20:00:00Z,Buy,80.93,75.78,4,-20.6,1.054704725765,-61.92,80.68,142.6,0,"	1704,2058" 
2013-11-01T20:00:00Z,"HES",2015-06-01T20:00:00Z,Buy,80.93,66.76,14,-198.38,2.6989793623865,-216.72,282.38,499.1,0,"	1704,2082" 
2013-12-02T21:00:00Z,"APU",2014-02-03T21:00:00Z,Buy,42.37,42.48,7,0.77,0.51715583063397,-6.02,53.41,20.09,1,"	1728,1747" 
2013-12-02T21:00:00Z,"MTRX",2014-02-03T21:00:00Z,Buy,21.82,24.86,13,39.52,4.4179664697598,-5.46,76.31,36.79,1,"	1731,1749" 
2013-12-02T21:00:00Z,"MXIM",2014-02-03T21:00:00Z,Buy,28.22,29.86,8,13.12,0.82962956002867,-34.4,40.72,8,1,"	1732,1750" 
2013-12-02T21:00:00Z,"SYNA",2014-02-03T21:00:00Z,Buy,50.27,55.5,5,26.15,6.0134672405123,-8.2,49.95,23.8,1,"	1735,1756" 
2013-12-02T21:00:00Z,"MTRX",2014-03-03T21:00:00Z,Buy,21.82,33.06,9,101.16,2.3656675666839,-3.78,101.16,27.81,1,"	1731,1779" 
2013-12-02T21:00:00Z,"FSS",2014-04-01T20:00:00Z,Buy,15.3,15.32,14,0.28,1.2831554831313,-50.12,0.28,50.12,1,"	1729,1801" 
2013-12-02T21:00:00Z,"SPH",2014-04-01T20:00:00Z,Buy,45.07,42.01,5,-15.3,0.82532056729055,-24.9,20.8,34.6,0,"	1733,1805" 
2013-12-02T21:00:00Z,"ABFS",2014-05-01T20:00:00Z,Buy,33.63,40.57,6,41.64,1.1394572632302,-19.38,41.64,31.2,1,"	1727,1819" 
2013-12-02T21:00:00Z,"SWM",2014-05-01T20:00:00Z,Buy,50.73,42.78,6,-47.7,1.5771984198751,-69.66,71.94,74.46,0,"	1734,1824" 
2013-12-02T21:00:00Z,"SYNA",2014-07-01T20:00:00Z,Buy,50.27,91.88,7,291.27,3.2610289582615,-11.48,291.27,72.45,1,"	1735,1853" 
2013-12-02T21:00:00Z,"ABFS",2014-10-01T20:00:00Z,Buy,33.63,35.41,8,14.24,0.51898659517426,-25.84,92.16,107.36,1,"	1727,1905" 
2013-12-02T21:00:00Z,"SYNA",2014-11-03T21:00:00Z,Buy,50.27,65.72,19,293.55,0.55282186175654,-31.16,805.79,580.83,1,"	1735,1934" 
2013-12-02T21:00:00Z,"ABFS",2014-12-01T21:00:00Z,Buy,33.63,42.15,6,51.12,0.87573900346215,-19.38,69.12,87.66,1,"	1727,1949" 
2013-12-02T21:00:00Z,"MTRX",2015-01-02T21:00:00Z,Buy,21.82,22.24,49,20.58,3.5635426121711,-128.87,754.11,882.98,1,"	1731,1975" 
2013-12-02T21:00:00Z,"FTK",2015-03-02T21:00:00Z,Buy,20.57,16.73,12,-46.08,0.7153279853318,-126.72,145.08,208.32,0,"	1730,2013" 
2013-12-02T21:00:00Z,"ABFS",2015-12-01T21:00:00Z,Buy,33.63,24.33,28,-260.4,6.6226928903643,-267.4,383.6,651,0,"	1727,2213" 
2014-01-02T21:00:00Z,"OTL",2014-02-03T21:00:00Z,Buy,45.74,41.8,5,-19.7,0.9961700286783,-29.05,14.85,19.7,0,"	1745,1752" 
2014-01-02T21:00:00Z,"USMO",2014-03-03T21:00:00Z,Buy,14.13,14.37,15,3.6,0.53710609243697,-20.55,20.55,18,1,"	1746,1783" 
2014-01-02T21:00:00Z,"IDT",2014-06-02T20:00:00Z,Buy,17.7,16.64,16,-16.96,0.53961947397874,-61.44,79.36,60.48,0,"	1743,1838" 
2014-01-02T21:00:00Z,"GME",2014-08-01T20:00:00Z,Buy,49.65,41.22,5,-42.15,1.0929100000958,-79.1,0,79.1,0,"	1742,1865" 
2014-01-02T21:00:00Z,"FF",2014-09-02T20:00:00Z,Buy,15.99,14,16,-31.84,1.0740806309258,-36.96,87.2,124.16,0,"	1741,1882" 
2014-01-02T21:00:00Z,"GME",2015-01-02T21:00:00Z,Buy,49.65,33.8,27,-427.95,7.4349073871886,-478.71,0,478.71,0,"	1742,1972" 
2014-01-02T21:00:00Z,"MYGN",2015-09-01T20:00:00Z,Buy,21.72,36.65,24,358.32,0.56211630123928,-22.32,491.76,270.48,1,"	1744,2148" 
2014-02-03T21:00:00Z,"KIRK",2014-03-03T21:00:00Z,Buy,17.58,17.76,20,3.6,0.54668082846522,-16.8,161.6,24.4,1,"	1765,1777" 
2014-02-03T21:00:00Z,"TPL",2014-03-03T21:00:00Z,Buy,100.6,137.91,4,149.24,1.047458606358,0,175.6,42.64,1,"	1773,1782" 
2014-02-03T21:00:00Z,"BKE",2014-04-01T20:00:00Z,Buy,42.49,46.33,5.0000104999948,19.2,1.1198434393019,-139.55,73.25,13.2,1,"	1760,1798" 
2014-02-03T21:00:00Z,"NWPX",2014-04-01T20:00:00Z,Buy,33.12,37.19,44,179.08,10.556284561592,0,202.84,181.72,1,"	1768,1803" 
2014-02-03T21:00:00Z,"NUS",2014-08-01T20:00:00Z,Buy,82.78,59.03,18,-427.5,1.0990661276788,-433.62,105.84,539.46,0,"	1767,1867" 
2014-02-03T21:00:00Z,"TPL",2014-08-01T20:00:00Z,Buy,100.6,174.87,2,148.54,0.50515172048079,0,150.82,38.04,1,"	1773,1870" 
2014-02-03T21:00:00Z,"PRFT",2014-09-02T20:00:00Z,Buy,20.01,17.59,75,-181.5,10.597518933885,-256.5,66,322.5,0,"	1770,1887" 
2014-02-03T21:00:00Z,"TPL",2014-09-02T20:00:00Z,Buy,100.6,212,1,111.4,0.50264260071799,0,111.4,19.02,1,"	1773,1889" 
2014-02-03T21:00:00Z,"OSTK",2014-11-03T21:00:00Z,Buy,20.72,23.59,29,83.23,1.2535274884003,-196.04,83.23,236.64,1,"	1769,1931" 
2014-02-03T21:00:00Z,"STMP",2014-11-03T21:00:00Z,Buy,38.8,36.96,39,-71.76,7.4840173278703,-390,31.98,421.98,0,"	1772,1933" 
2014-02-03T21:00:00Z,"FSLR",2014-12-01T21:00:00Z,Buy,48.35,45.76,4,-10.36,1.2539177403561,-47.52,102,112.36,0,"	1762,1953" 
2014-02-03T21:00:00Z,"GME",2015-01-02T21:00:00Z,Buy,33.83,33.8,12,-0.36,1.2946951722036,-22.92,189.84,170.16,0,"	1764,1972" 
2014-02-03T21:00:00Z,"TPL",2015-03-02T21:00:00Z,Buy,100.6,138.25,2,75.3,0.50504010207802,0,263.8,250.52,1,"	1773,2018" 
2014-02-03T21:00:00Z,"OSTK",2015-04-01T20:00:00Z,Buy,20.72,24.06,44,146.96,7.9135266385108,-297.44,278.96,359.04,1,"	1769,2039" 
2014-02-03T21:00:00Z,"TPL",2015-10-01T20:00:00Z,Buy,100.6,141.56,3,122.88,0.50757005347594,0,395.7,375.78,1,"	1773,2172" 
2014-03-03T21:00:00Z,"BBSI",2014-04-01T20:00:00Z,Buy,69.95,61.41,5,-42.7,1.0233340116786,-268.95,154.75,63.85,0,"	1786,1796" 
2014-03-03T21:00:00Z,"BGFV",2014-04-01T20:00:00Z,Buy,14.89,16.17,23,29.44,0.55640151515152,-11.5,227.93,28.52,1,"	1787,1797" 
2014-03-03T21:00:00Z,"DAL",2014-06-02T20:00:00Z,Buy,32.59,40.77,7,57.26,4.6401427416358,-6.02,57.26,28.14,1,"	1788,1836" 
2014-03-03T21:00:00Z,"LZB",2014-09-02T20:00:00Z,Buy,25.37,21.81,9,-32.04,1.1224032172127,-129.06,50.94,69.21,0,"	1789,1884" 
2014-03-03T21:00:00Z,"RGR",2014-09-02T20:00:00Z,Buy,63.6,51.09,25,-312.75,7.5995044484134,-359,116,475,0,"	1791,1888" 
2014-03-03T21:00:00Z,"UGI",2014-09-02T20:00:00Z,Buy,44.3,53.03,4,34.92,3.965282636859,-1.12,34.92,12.48,1,"	1795,1890" 
2014-03-03T21:00:00Z,"MDU",2014-10-01T20:00:00Z,Buy,33.55,27.43,47,-287.64,3.0493453004212,-964.91,111.39,399.03,0,"	1790,1911" 
2014-03-03T21:00:00Z,"RS",2014-10-01T20:00:00Z,Buy,68.53,67.32,3,-3.63,0.50741880773672,-18.84,22.77,23.34,0,"	1792,1913" 
2014-03-03T21:00:00Z,"TTWO",2014-10-01T20:00:00Z,Buy,20,22.4,9,21.6,1.3384568660022,-10.71,37.71,31.05,1,"	1794,1914" 
2014-03-03T21:00:00Z,"STMP",2014-11-03T21:00:00Z,Buy,35.55,36.96,6,8.46,0.87540208097637,-40.5,24.42,49.92,1,"	1793,1933" 
2014-03-03T21:00:00Z,"TTWO",2014-11-03T21:00:00Z,Buy,20,25.83,8,46.64,0.81684351583683,-9.52,51.6,27.76,1,"	1794,1935" 
2014-03-03T21:00:00Z,"DAL",2014-12-01T21:00:00Z,Buy,32.59,45.62,5,65.15,0.91414447664138,-8.45,70.45,56.65,1,"	1788,1951" 
2014-03-03T21:00:00Z,"TTWO",2015-02-02T21:00:00Z,Buy,20,29.99,8,79.92,1.0414547187118,-9.52,84,27.76,1,"	1794,1996" 
2014-03-03T21:00:00Z,"DAL",2015-03-02T21:00:00Z,Buy,32.59,45.39,36,460.8,0.59175876010782,-60.84,653.04,407.88,1,"	1788,2012" 
2014-03-03T21:00:00Z,"TTWO",2015-03-02T21:00:00Z,Buy,20,26.06,56,339.36,2.2275849890195,-66.64,588,248.64,1,"	1794,2020" 
2014-03-03T21:00:00Z,"UGI",2015-05-01T20:00:00Z,Buy,29.5333481,35.1,47.999976000012,267.2,0.63612467681701,-8.96,483.2,375.36,1,"	1795,2067" 
2014-03-03T21:00:00Z,"ARLP",2015-08-03T20:00:00Z,Buy,43.19,24.43,36,-675.36,6.5299953234405,-719.28,289.44,1008.72,0,"	1785,2116" 
2014-04-01T20:00:00Z,"SWM",2014-05-01T20:00:00Z,Buy,42.51,42.78,8,2.16,1.1311371161983,-27.12,161.68,27.44,1,"	1816,1824" 
2014-04-01T20:00:00Z,"SWKS",2014-06-02T20:00:00Z,Buy,37.61,43.07,6,32.76,5.6581603138468,-16.26,34.2,16.62,1,"	1807,1835" 
2014-04-01T20:00:00Z,"EPAM",2014-06-02T20:00:00Z,Buy,36.37,42.15,11,63.58,24.004682830287,-67.76,67.43,67.76,1,"	1811,1837" 
2014-04-01T20:00:00Z,"CORE",2014-07-01T20:00:00Z,Buy,37.03,46.92,6,59.34,1.0715301237224,0,59.34,8.25,1,"	1810,1849" 
2014-04-01T20:00:00Z,"SWKS",2014-08-01T20:00:00Z,Buy,37.61,52.07,6,86.76,1.6426963733338,-16.26,99.78,20.88,1,"	1807,1860" 
2014-04-01T20:00:00Z,"BABY",2014-08-01T20:00:00Z,Buy,26.59,27.73,7,7.98,2.9778827152709,-28.42,19.67,28.42,1,"	1808,1861" 
2014-04-01T20:00:00Z,"BAH",2014-08-01T20:00:00Z,Buy,22.32,22.18,75,-10.5,3.775472261934,-112.5,201,313.5,0,"	1809,1862" 
2014-04-01T20:00:00Z,"PRFT",2014-09-02T20:00:00Z,Buy,18.43,17.59,16,-13.44,1.4758967069554,-29.44,39.36,59.2,0,"	1815,1887" 
2014-04-01T20:00:00Z,"SWKS",2014-10-01T20:00:00Z,Buy,37.61,53.31,4,62.8,1.0125131380522,-10.84,84.92,22.12,1,"	1807,1906" 
2014-04-01T20:00:00Z,"CORE",2014-10-01T20:00:00Z,Buy,37.03,51.69,7,102.62,0.51705458144796,0,122.78,24.15,1,"	1810,1908" 
2014-04-01T20:00:00Z,"EPAM",2014-10-01T20:00:00Z,Buy,36.37,43.11,39,262.86,0.6132142041562,-240.24,356.46,325.65,1,"	1811,1909" 
2014-04-01T20:00:00Z,"BABY",2014-11-03T21:00:00Z,Buy,26.59,33.86,7,50.89,0.51742794117647,-28.42,51.87,28.42,1,"	1808,1925" 
2014-04-01T20:00:00Z,"NP",2014-11-03T21:00:00Z,Buy,52.41,61.73,4,37.28,5.0780455248604,-18.36,37.28,23.92,1,"	1813,1930" 
2014-04-01T20:00:00Z,"SWKS",2014-12-01T21:00:00Z,Buy,37.61,65.77,3,84.48,1.3047601910889,-8.13,90.87,40.56,1,"	1807,1950" 
2014-04-01T20:00:00Z,"CORE",2015-01-02T21:00:00Z,Buy,37.03,60.97,4,95.76,0.70915092840869,0,107.92,18.4,1,"	1810,1968" 
2014-04-01T20:00:00Z,"SWKS",2015-02-02T21:00:00Z,Buy,37.61,82.02,25,1110.25,3.0549642905616,-67.75,1164.5,338,1,"	1807,1989" 
2014-04-01T20:00:00Z,"BABY",2015-02-02T21:00:00Z,Buy,26.59,37.01,6,62.52,0.97239051083186,-24.36,70.68,24.36,1,"	1808,1991" 
2014-04-01T20:00:00Z,"CORE",2015-03-02T21:00:00Z,Buy,37.03,64.3,3,81.81,0.78695990671067,0,102.99,21.18,1,"	1810,2011" 
2014-04-01T20:00:00Z,"HP",2015-03-02T21:00:00Z,Buy,108.17,65.71,15,-636.9,2.1660978586071,-760.65,152.1,912.75,0,"	1812,2015" 
2014-04-01T20:00:00Z,"OSTK",2015-04-01T20:00:00Z,Buy,20.35,24.06,11,40.81,0.52840736040609,-70.29,73.81,70.29,1,"	1814,2039" 
2014-04-01T20:00:00Z,"BABY",2015-08-03T20:00:00Z,Buy,26.59,44.53,5,89.7,0.51232562001771,-20.3,98.7,30.15,1,"	1808,2117" 
2014-04-01T20:00:00Z,"CORE",2015-08-03T20:00:00Z,Buy,37.03,62.99,5,129.8,0.51238595249331,0,171.65,93.75,1,"	1810,2119" 
2014-04-01T20:00:00Z,"CORE",2015-11-02T21:00:00Z,Buy,37.03,80.58,7,304.85,2.2809376979604,0,309.82,131.25,1,"	1810,2189" 
2014-04-01T20:00:00Z,"NP",2015-11-02T21:00:00Z,Buy,52.41,68.29,3,47.64,0.50759790832221,-13.77,47.64,23.4,1,"	1813,2193" 
2014-05-01T20:00:00Z,"IDT",2014-06-02T20:00:00Z,Buy,15.83,16.64,14,11.34,1.0474900312547,-27.58,95.62,7.98,1,"	1829,1838" 
2014-05-01T20:00:00Z,"MU",2014-07-01T20:00:00Z,Buy,26.25,33.98,10,77.3,1.4597685838473,-3.9,77.3,17.7,1,"	1831,1852" 
2014-05-01T20:00:00Z,"ALG",2014-09-02T20:00:00Z,Buy,52.95,49.03,4,-15.68,0.50996799698795,-102.28,30.96,35.4,0,"	1826,1881" 
2014-05-01T20:00:00Z,"GTE",2014-09-02T20:00:00Z,Buy,7.04,6.61,33,-14.19,1.2681543014409,-22.77,35.64,58.41,0,"	1827,1883" 
2014-05-01T20:00:00Z,"MU",2014-12-01T21:00:00Z,Buy,26.25,34.99,6,52.44,0.51459944367177,-2.34,58.2,45.66,1,"	1831,1954" 
2014-05-01T20:00:00Z,"TSN",2014-12-01T21:00:00Z,Buy,42.41,41.31,7,-7.7,4.2386340031366,-50.82,6.93,57.75,0,"	1833,1956" 
2014-05-01T20:00:00Z,"KFY",2015-01-02T21:00:00Z,Buy,28.8,28.26,7,-3.78,1.3841022233666,-32.13,26.32,58.45,0,"	1830,1973" 
2014-05-01T20:00:00Z,"MU",2015-01-02T21:00:00Z,Buy,26.25,34.75,47,399.5,0.61662739217366,-18.33,481.28,357.67,1,"	1831,1976" 
2014-05-01T20:00:00Z,"HVT",2015-02-02T21:00:00Z,Buy,25.66,24.79,9,-7.83,0.5226057165231,-84.51,51.12,61.74,0,"	1828,1992" 
2014-05-01T20:00:00Z,"TSN",2015-02-02T21:00:00Z,Buy,42.41,39.57,32,-90.88,0.59882364241803,-232.32,31.68,264,0,"	1833,1995" 
2014-05-01T20:00:00Z,"VMW",2015-02-02T21:00:00Z,Buy,92.05,79.22,17,-218.11,1.0936635093679,-288.83,197.03,485.86,0,"	1834,1997" 
2014-05-01T20:00:00Z,"OSTK",2015-04-01T20:00:00Z,Buy,15.33,24.06,19,165.87,0.54545411985019,-26.03,222.87,108.87,1,"	1832,2039" 
2014-05-01T20:00:00Z,"KFY",2015-07-01T20:00:00Z,Buy,28.8,35.1,8,50.4,1.0052530214079,-36.72,57.44,66.8,1,"	1830,2099" 
2014-06-02T20:00:00Z,"DECK",2014-08-01T20:00:00Z,Buy,78.43,88.74,2.9999816399849,30.93,0.55327435632035,-110.7,117.63,16.05,1,"	1842,1864" 
2014-06-02T20:00:00Z,"MOD",2014-08-01T20:00:00Z,Buy,14.94,13.25,109,-184.21,4.9193309178456,-184.21,116.63,300.84,0,"	1845,1866" 
2014-06-02T20:00:00Z,"NUS",2014-08-01T20:00:00Z,Buy,73.62,59.03,4,-58.36,0.50997020585049,-59.72,60.16,72.48,0,"	1847,1867" 
2014-06-02T20:00:00Z,"FF",2014-09-02T20:00:00Z,Buy,16.63,14,16,-42.08,0.53871944121071,-47.2,76.96,56,0,"	1843,1882" 
2014-06-02T20:00:00Z,"PPC",2014-09-02T20:00:00Z,Buy,25.92,30.59,7,32.69,1.3539257563063,-10.57,40.53,26.25,1,"	1848,1886" 
2014-06-02T20:00:00Z,"FSLR",2014-12-01T21:00:00Z,Buy,62.7,45.76,4,-67.76,1.0892966387445,-104.92,44.6,108.08,0,"	1844,1953" 
2014-06-02T20:00:00Z,"PPC",2015-05-01T20:00:00Z,Buy,25.92,25.44,58,-27.84,5.5151608574237,-193.14,676.86,870,0,"	1848,2063" 
2014-06-02T20:00:00Z,"DECK",2015-08-03T20:00:00Z,Buy,78.43,71.58,18.000018360015,-123.3,0.56138515367728,-664.2,705.78,599.76,0,"	1842,2121" 
2014-06-02T20:00:00Z,"MYGN",2015-09-01T20:00:00Z,Buy,33.62,36.65,11,33.33,1.990033470578,-141.13,94.49,104.17,1,"	1846,2148" 
2014-07-01T20:00:00Z,"LZB",2014-09-02T20:00:00Z,Buy,23.5,21.81,12,-20.28,1.7232333087829,-149.64,90.36,36.72,0,"	1856,1884" 
2014-07-01T20:00:00Z,"RGR",2014-09-02T20:00:00Z,Buy,59.46,51.09,4,-33.48,0.77718255876208,-40.88,35.12,42.64,0,"	1857,1888" 
2014-07-01T20:00:00Z,"ICFI",2014-10-01T20:00:00Z,Buy,35.93,30.43,8,-44,0.52032239819005,-141.44,42.96,45.92,0,"	1855,1910" 
2014-07-01T20:00:00Z,"STMP",2014-11-03T21:00:00Z,Buy,34.81,36.96,7,15.05,0.51808177500742,-42.07,33.67,25.9,1,"	1858,1933" 
2014-07-01T20:00:00Z,"TSN",2015-02-02T21:00:00Z,Buy,37.87,39.57,7,11.9,0.51765383590836,-19.04,38.71,32.06,1,"	1859,1995" 
2014-08-01T20:00:00Z,"OSK",2014-09-02T20:00:00Z,Buy,46.31,49.6,7,23.03,1.7519546754079,-9.73,95.9,3.43,1,"	1877,1885" 
2014-08-01T20:00:00Z,"HURN",2014-11-03T21:00:00Z,Buy,60.45,69.04,3,25.77,1.0749497545106,0,27.48,13.62,1,"	1873,1929" 
2014-08-01T20:00:00Z,"PEG",2014-11-03T21:00:00Z,Buy,35.5,41.61,6,36.66,1.1337114345944,-8.1,36.66,8.88,1,"	1878,1932" 
2014-08-01T20:00:00Z,"SYNA",2014-11-03T21:00:00Z,Buy,78.11,65.72,3,-37.17,0.50811054963312,-88.44,43.71,71.37,0,"	1879,1934" 
2014-08-01T20:00:00Z,"MTRX",2015-01-02T21:00:00Z,Buy,26.71,22.24,12,-53.64,0.52984357541899,-90.24,126,119.28,0,"	1875,1975" 
2014-08-01T20:00:00Z,"NJR",2015-01-02T21:00:00Z,Buy,50.74,61.25,5,52.55,2.7366526485569,-9.25,66.1,17.85,1,"	1876,1977" 
2014-08-01T20:00:00Z,"HVT",2015-02-02T21:00:00Z,Buy,22.78,24.79,10,20.1,0.90680807368798,-65.1,85.6,51.8,1,"	1872,1992" 
2014-08-01T20:00:00Z,"HURN",2015-02-02T21:00:00Z,Buy,60.45,75.13,24,352.32,4.3032421677569,0,418.56,152.64,1,"	1873,1993" 
2014-08-01T20:00:00Z,"ZBRA",2015-02-02T21:00:00Z,Buy,80.31,84.07,4,15.04,3.6919439042651,-78.04,18.6,87,1,"	1880,1999" 
2014-08-01T20:00:00Z,"ZBRA",2015-04-01T20:00:00Z,Buy,80.31,89.56,16,148,0.5468926366843,-312.16,193.44,348,1,"	1880,2045" 
2014-08-01T20:00:00Z,"LSCC",2015-05-01T20:00:00Z,Buy,6.86,6.12,242,-179.08,6.3005896315469,-225.06,198.44,423.5,0,"	1874,2060" 
2014-08-01T20:00:00Z,"PEG",2015-05-01T20:00:00Z,Buy,35.5,41.96,41,264.86,4.6128885581288,-55.35,360.8,202.54,1,"	1878,2062" 
2014-08-01T20:00:00Z,"NJR",2015-10-01T20:00:00Z,Buy,25.37,29.93,10,45.6,0.52491674991675,-9.25,81.05,61.75,1,"	1876,2170" 
2014-08-01T20:00:00Z,"ABFS",2015-12-01T21:00:00Z,Buy,33.8,24.33,10,-94.7,2.4324262825881,-97.2,135.3,232.5,0,"	1871,2213" 
2014-09-02T20:00:00Z,"CALM",2014-10-01T20:00:00Z,Buy,81.34,87.8,3,19.38,1.0613514451174,-2.82,30.03,17.64,1,"	1895,1907" 
2014-09-02T20:00:00Z,"EPAM",2014-10-01T20:00:00Z,Buy,37.54,43.11,7,38.99,0.51744887118194,-51.31,55.79,7.07,1,"	1898,1909" 
2014-09-02T20:00:00Z,"MDU",2014-10-01T20:00:00Z,Buy,31.42,27.43,6.7499774996618,-26.93,0.75572335817314,-124.2,30.37,28.48,0,"	1901,1911" 
2014-09-02T20:00:00Z,"ENS",2014-11-03T21:00:00Z,Buy,64.23,62.46,4,-7.08,0.50999066728885,-129.84,38.56,49.92,0,"	1897,1927" 
2014-09-02T20:00:00Z,"DDS",2015-01-02T21:00:00Z,Buy,113.29,121.79,2,17,3.9964635601959,-25.66,25.04,31.9,1,"	1896,1970" 
2014-09-02T20:00:00Z,"APU",2015-02-02T21:00:00Z,Buy,46.41,51.38,5,24.85,4.3400768338638,-17.1,30.6,17.1,1,"	1894,1990" 
2014-09-02T20:00:00Z,"AVA",2015-02-02T21:00:00Z,Buy,32.15,37.3,9,46.35,3.9242734277008,-14.58,55.35,21.06,1,"	1904,1998" 
2014-09-02T20:00:00Z,"FTK",2015-03-02T21:00:00Z,Buy,27.35,16.73,8,-84.96,0.7931366839399,-138.72,42.48,96.4,0,"	1899,2013" 
2014-09-02T20:00:00Z,"GPRE",2015-05-01T20:00:00Z,Buy,44.68,31.02,38,-519.08,9.2051975061772,-918.84,40.66,959.5,0,"	1900,2059" 
2014-09-02T20:00:00Z,"CALM",2015-06-01T20:00:00Z,Buy,40.67,57.29,12,199.44,0.53031751631681,-68.76,230.28,156.48,1,"	1895,2083" 
2014-09-02T20:00:00Z,"UHS",2015-06-01T20:00:00Z,Buy,114.66,131.03,2,32.74,1.1468360561714,-33.7,34.12,34.08,1,"	1903,2086" 
2014-09-02T20:00:00Z,"DDS",2015-08-03T20:00:00Z,Buy,113.29,100.71,13,-163.54,3.3734396841287,-185.77,376.09,561.86,0,"	1896,2120" 
2014-09-02T20:00:00Z,"RSC",2015-09-01T20:00:00Z,Buy,106.48,50.24,16,-899.84,9.800966375276,-1002.08,13.76,1015.84,0,"	1902,2149" 
2014-09-02T20:00:00Z,"AVA",2015-09-01T20:00:00Z,Buy,32.15,30.27,44,-82.72,0.63982637782733,-82.72,270.6,353.32,0,"	1904,2153" 
2014-09-02T20:00:00Z,"CALM",2015-10-01T20:00:00Z,Buy,40.67,56.47,24,379.2,7.7153662475533,-137.52,460.56,312.96,1,"	1895,2168" 
2014-10-01T20:00:00Z,"EW",2014-11-03T21:00:00Z,Buy,103.39,119.93,2,33.08,3.3480722594576,-10.78,35.06,17.82,1,"	1918,1928" 
2014-10-01T20:00:00Z,"EGY",2014-12-01T21:00:00Z,Buy,8.6,5.94,196,-521.36,9.981199883216,-562.52,15.68,578.2,0,"	1917,1952" 
2014-10-01T20:00:00Z,"OFIX",2014-12-01T21:00:00Z,Buy,30.38,28.15,53,-118.19,3.5430866139119,-130.91,33.39,164.3,0,"	1921,1955" 
2014-10-01T20:00:00Z,"CPK",2015-01-02T21:00:00Z,Buy,41.48,49.89,4.000017999991,33.64,1.6127395540992,-65.09,44.48,16.44,1,"	1916,1969" 
2014-10-01T20:00:00Z,"EW",2015-04-01T20:00:00Z,Buy,103.39,140.7,2,74.62,0.90211485059052,-10.78,91.12,19.88,1,"	1918,2037" 
2014-10-01T20:00:00Z,"ZBRA",2015-04-01T20:00:00Z,Buy,68.21,89.56,3,64.05,0.9488011497555,-22.23,72.57,29.43,1,"	1924,2045" 
2014-10-01T20:00:00Z,"GPRE",2015-05-01T20:00:00Z,Buy,35.3,31.02,6,-25.68,0.86598219949039,-88.8,62.7,88.8,0,"	1919,2059" 
2014-10-01T20:00:00Z,"PSX",2015-05-01T20:00:00Z,Buy,79.63,81.61,20,39.6,4.3449809413633,-410.8,39.6,410.8,1,"	1922,2064" 
2014-10-01T20:00:00Z,"RSC",2015-09-01T20:00:00Z,Buy,69.94,50.24,6,-118.2,0.51439489571899,-156.54,224.4,174,0,"	1923,2149" 
2014-10-01T20:00:00Z,"EW",2015-11-02T21:00:00Z,Buy,103.39,157.51,2,108.24,1.2787899941611,-10.78,108.24,50.18,1,"	1918,2190" 
2014-11-03T21:00:00Z,"EGY",2014-12-01T21:00:00Z,Buy,7.05,5.94,35,-38.85,2.1000136067021,-46.2,57.05,52.15,0,"	1938,1952" 
2014-11-03T21:00:00Z,"FSLR",2014-12-01T21:00:00Z,Buy,58.31,45.76,5,-62.75,1.4723584228613,-109.2,77.7,62.75,0,"	1939,1953" 
2014-11-03T21:00:00Z,"RES",2015-01-02T21:00:00Z,Buy,16.17,13.3,31,-88.97,0.5764131097561,-379.01,270.94,142.6,0,"	1945,1978" 
2014-11-03T21:00:00Z,"VMW",2015-02-02T21:00:00Z,Buy,84.27,79.22,3,-15.15,0.83093450432425,-27.63,58.11,39.69,0,"	1947,1997" 
2014-11-03T21:00:00Z,"FTK",2015-03-02T21:00:00Z,Buy,22.3,16.73,15,-83.55,0.5377369133574,-184.35,155.4,110.55,0,"	1940,2013" 
2014-11-03T21:00:00Z,"HP",2015-03-02T21:00:00Z,Buy,84.29,65.71,4,-74.32,2.158255757051,-107.32,136.08,116.96,0,"	1942,2015" 
2014-11-03T21:00:00Z,"MED",2015-03-02T21:00:00Z,Buy,31.98,32.35,54,19.98,3.9989434752312,-139.86,97.74,184.68,1,"	1944,2016" 
2014-11-03T21:00:00Z,"CHE",2015-04-01T20:00:00Z,Buy,104.64,119.66,2,30.04,3.0564308233679,-7.02,37.56,19.4,1,"	1937,2034" 
2014-11-03T21:00:00Z,"GPRE",2015-05-01T20:00:00Z,Buy,34.58,31.02,6,-21.36,0.51516666666667,-84.48,67.02,88.08,0,"	1941,2059" 
2014-11-03T21:00:00Z,"CHE",2015-08-03T20:00:00Z,Buy,104.64,149.08,2,88.88,0.77664982365833,-7.02,88.88,19.4,1,"	1937,2118" 
2014-11-03T21:00:00Z,"WLK",2015-08-03T20:00:00Z,Buy,71.04,61.84,7,-64.4,0.51762154500354,-384.09,188.44,131.46,0,"	1948,2126" 
2014-11-03T21:00:00Z,"INTC",2015-09-01T20:00:00Z,Buy,34.31,27.82,50,-324.5,7.1934311485639,-422,168,590,0,"	1943,2145" 
2014-11-03T21:00:00Z,"CHE",2015-11-02T21:00:00Z,Buy,104.64,156.75,2,104.22,1.8197331726355,-7.02,106.16,47.64,1,"	1937,2188" 
2014-12-01T21:00:00Z,"MTRX",2015-01-02T21:00:00Z,Buy,20.07,22.24,19,41.23,0.54513849431818,-16.72,325.66,47.5,1,"	1961,1975" 
2014-12-01T21:00:00Z,"RES",2015-01-02T21:00:00Z,Buy,12.79,13.3,19.750179048242,10.07,0.55533671933785,-174.72,239.37,22.91,1,"	1964,1978" 
2014-12-01T21:00:00Z,"HP",2015-03-02T21:00:00Z,Buy,69.07,65.71,5,-16.8,0.51241373112868,-58.05,246.2,71.95,0,"	1959,2015" 
2014-12-01T21:00:00Z,"TSRA",2015-03-02T21:00:00Z,Buy,34.41,41.93,6,45.12,1.1390245121639,-8.46,45.12,23.04,1,"	1967,2019" 
2014-12-01T21:00:00Z,"METHA",2015-04-01T20:00:00Z,Buy,37.5,46.99,6,56.94,5.8987448401669,-27.12,57.24,55.38,1,"	1960,2038" 
2014-12-01T21:00:00Z,"SKX",2015-04-01T20:00:00Z,Buy,58.88,72.92,3,42.12,2.669456591969,-14.79,42.12,20.73,1,"	1966,2040" 
2014-12-01T21:00:00Z,"PSX",2015-05-01T20:00:00Z,Buy,71.83,81.61,3,29.34,0.50737474332649,-38.22,29.34,47.64,1,"	1963,2064" 
2014-12-01T21:00:00Z,"SKX",2015-05-01T20:00:00Z,Buy,58.88,91.67,5,163.95,0.51274327179715,-24.65,163.95,34.55,1,"	1966,2066" 
2014-12-01T21:00:00Z,"HES",2015-06-01T20:00:00Z,Buy,73.96,66.76,5,-36,0.51267653914713,-42.55,135.7,56.8,0,"	1957,2082" 
2014-12-01T21:00:00Z,"SKX",2015-06-01T20:00:00Z,Buy,58.88,106.02,3,141.42,0.50751062623973,-14.79,144.39,20.73,1,"	1966,2085" 
2014-12-01T21:00:00Z,"SKX",2015-08-03T20:00:00Z,Buy,58.88,148.65,5,448.85,0.51235044865404,-24.65,457.85,34.55,1,"	1966,2124" 
2014-12-01T21:00:00Z,"MYGN",2015-09-01T20:00:00Z,Buy,33.01,36.65,7,25.48,0.51722860125261,-85.54,64.4,59.85,1,"	1962,2148" 
2014-12-01T21:00:00Z,"RSC",2015-09-01T20:00:00Z,Buy,62.78,50.24,4,-50.16,0.50992255413308,-75.72,178.24,92.64,0,"	1965,2149" 
2014-12-01T21:00:00Z,"METHA",2015-10-01T20:00:00Z,Buy,37.5,31.99,13,-71.63,0.53259169278997,-175.89,144.43,320.32,0,"	1960,2169" 
2015-01-02T21:00:00Z,"FTK",2015-03-02T21:00:00Z,Buy,18.76,16.73,14,-28.42,0.53505605979712,-122.5,194.6,48.44,0,"	1984,2013" 
2015-01-02T21:00:00Z,"DV",2015-04-01T20:00:00Z,Buy,44.28,34,35,-359.8,1.2013741671504,-388.15,34.3,422.45,0,"	1983,2036" 
2015-01-02T21:00:00Z,"GPRE",2015-05-01T20:00:00Z,Buy,25.71,31.02,18,95.58,4.5210440020088,-93.78,360.72,93.78,1,"	1985,2059" 
2015-01-02T21:00:00Z,"MIC",2015-05-01T20:00:00Z,Buy,70.01,82.54,23,288.19,3.0315092173681,-38.64,338.79,72.68,1,"	1986,2061" 
2015-01-02T21:00:00Z,"CALM",2015-10-01T20:00:00Z,Buy,38.65,56.47,7,124.74,1.5949083403275,-25.97,148.47,86.52,1,"	1982,2168" 
2015-02-02T21:00:00Z,"HP",2015-03-02T21:00:00Z,Buy,63.69,65.71,4,8.08,0.51069521410579,-24.92,218.48,21.72,1,"	2003,2015" 
2015-02-02T21:00:00Z,"USPH",2015-04-01T20:00:00Z,Buy,39,47.67,6,52.02,4.8322836663104,0,59.94,14.52,1,"	2009,2043" 
2015-02-02T21:00:00Z,"KFRC",2015-05-01T20:00:00Z,Buy,23.67,22.73,71,-66.74,1.3569700206346,-132.06,73.13,205.19,0,"	2007,2065" 
2015-02-02T21:00:00Z,"MU",2015-06-01T20:00:00Z,Buy,28.44,28.42,56,-1.12,5.1606179179889,-119.28,217.84,337.12,0,"	2006,2084" 
2015-02-02T21:00:00Z,"USPH",2015-07-01T20:00:00Z,Buy,39,54.8,5,79,1.1439529672157,0,80.15,20.15,1,"	2009,2102" 
2015-02-02T21:00:00Z,"DECK",2015-08-03T20:00:00Z,Buy,68.96,71.58,6.9999816399849,18.34,1.0309831170551,-192.01,340.76,62.51,1,"	2002,2121" 
2015-02-02T21:00:00Z,"WLK",2015-08-03T20:00:00Z,Buy,59.86,61.84,5,9.9,1.2334192177289,-218.45,190.5,93.9,1,"	2010,2126" 
2015-02-02T21:00:00Z,"BBY",2015-09-01T20:00:00Z,Buy,34.97,35.45,8,3.84,11.43824289552,-45.6,54.4,100,1,"	2001,2142" 
2015-02-02T21:00:00Z,"IDT",2015-09-01T20:00:00Z,Buy,21.59,15.05,78,-510.12,9.5116632201119,-510.12,88.92,599.04,0,"	2004,2144" 
2015-02-02T21:00:00Z,"RSC",2015-09-01T20:00:00Z,Buy,59.57,50.24,4,-37.32,0.51073139974779,-62.88,191.08,92.64,0,"	2008,2149" 
2015-02-02T21:00:00Z,"ABFS",2015-12-01T21:00:00Z,Buy,38.74,24.33,6,-86.46,1.3151607018841,-87.96,51.54,116.28,0,"	2000,2213" 
2015-02-02T21:00:00Z,"USPH",2015-12-01T21:00:00Z,Buy,39,52.53,4,54.12,1.1630396943768,0,68.96,52.96,1,"	2009,2220" 
2015-03-02T21:00:00Z,"CNC",2015-04-01T20:00:00Z,Buy,62.14,70.47,3,24.99,9.5710317486394,0,27.27,7.2,1,"	2025,2035" 
2015-03-02T21:00:00Z,"DV",2015-04-01T20:00:00Z,Buy,36.94,34,12,-35.28,2.057278922568,-45,99.84,45,0,"	2027,2036" 
2015-03-02T21:00:00Z,"CRMT",2015-07-01T20:00:00Z,Buy,53.9,50.02,32,-124.16,11.954501417725,-146.56,99.2,245.76,0,"	2024,2096" 
2015-03-02T21:00:00Z,"CNC",2015-07-01T20:00:00Z,Buy,62.14,80.9,3,56.28,0.64334735709891,-0.45,58.02,35.04,1,"	2025,2097" 
2015-03-02T21:00:00Z,"ARLP",2015-08-03T20:00:00Z,Buy,38.49,24.43,8,-112.48,1.4966529537883,-122.24,101.92,124.4,0,"	2023,2116" 
2015-03-02T21:00:00Z,"DEPO",2015-08-03T20:00:00Z,Buy,23.06,31.17,23,186.53,4.4136952302716,-72.68,235.06,178.25,1,"	2026,2122" 
2015-03-02T21:00:00Z,"KLIC",2015-09-01T20:00:00Z,Buy,16.33,10.59,109,-625.66,4.1893107975924,-689.97,0,689.97,0,"	2028,2146" 
2015-03-02T21:00:00Z,"MYGN",2015-09-01T20:00:00Z,Buy,33.49,36.65,7,22.12,1.7467807296482,-88.9,61.04,47.88,1,"	2029,2148" 
2015-03-02T21:00:00Z,"AVA",2015-09-01T20:00:00Z,Buy,33.17,30.27,7,-20.3,1.1104386313386,-20.3,35.91,27.93,0,"	2032,2153" 
2015-03-02T21:00:00Z,"ZUMZ",2015-11-02T21:00:00Z,Buy,38,17.87,45,-905.85,5.390690190241,-1066.05,101.25,1167.3,0,"	2033,2198" 
2015-04-01T20:00:00Z,"LSCC",2015-05-01T20:00:00Z,Buy,6.28,6.12,37,-5.92,0.59162460567823,-12.95,51.8,21.46,0,"	2051,2060" 
2015-04-01T20:00:00Z,"PPC",2015-05-01T20:00:00Z,Buy,23.76,25.44,20,33.6,0.55258964143426,-23.4,276.6,32,1,"	2053,2063" 
2015-04-01T20:00:00Z,"UGI",2015-05-01T20:00:00Z,Buy,32.51,35.1,6.000023999988,15.54,1.0040757267,-18.98,42.54,5.34,1,"	2055,2067" 
2015-04-01T20:00:00Z,"VDSI",2015-05-01T20:00:00Z,Buy,21.73,25.43,13,48.1,9.1761263448603,-3.64,62.66,25.61,1,"	2056,2068" 
2015-04-01T20:00:00Z,"HES",2015-06-01T20:00:00Z,Buy,69.18,66.76,3,-7.26,0.90511736272322,-11.19,95.76,33.96,0,"	2046,2082" 
2015-04-01T20:00:00Z,"MU",2015-06-01T20:00:00Z,Buy,27.13,28.42,9,11.61,0.5225,-7.38,46.8,28.89,1,"	2052,2084" 
2015-04-01T20:00:00Z,"UEPS",2015-07-01T20:00:00Z,Buy,13.5,18.68,32,165.76,8.2649971405488,-37.76,189.12,43.2,1,"	2054,2101" 
2015-04-01T20:00:00Z,"VDSI",2015-07-01T20:00:00Z,Buy,21.73,29.9,11,89.87,0.52723583968201,-3.08,141.9,56.32,1,"	2056,2103" 
2015-04-01T20:00:00Z,"ARLP",2015-08-03T20:00:00Z,Buy,32.99,24.43,9,-77.04,0.52220385880945,-88.02,164.16,101.34,0,"	2048,2116" 
2015-04-01T20:00:00Z,"WDC",2015-08-03T20:00:00Z,Buy,92.35,85.85,4,-26,0.51014723656741,-235.68,87.72,100.36,0,"	2057,2125" 
2015-04-01T20:00:00Z,"CENX",2015-09-01T20:00:00Z,Buy,14.12,5.32,128,-1126.4,17.992644782913,-1248,61.44,1309.44,0,"	2049,2143" 
2015-04-01T20:00:00Z,"IDT",2015-09-01T20:00:00Z,Buy,18.98,15.05,21,-82.53,2.4791157710138,-82.53,78.75,96.39,0,"	2050,2144" 
2015-04-01T20:00:00Z,"UEPS",2015-09-01T20:00:00Z,Buy,13.5,19.8,15,94.5,0.53606119475474,-17.7,109.2,20.25,1,"	2054,2151" 
2015-04-01T20:00:00Z,"VDSI",2015-11-02T21:00:00Z,Buy,21.73,19.32,58,-139.78,13.679245664287,-374.1,748.2,1122.3,0,"	2056,2197" 
2015-05-01T20:00:00Z,"STMP",2015-07-01T20:00:00Z,Buy,62.01,72.82,4,43.24,1.0800337809457,-5.36,50.4,23.04,1,"	2080,2100" 
2015-05-01T20:00:00Z,"NLNK",2015-08-03T20:00:00Z,Buy,46.64,50.92,5,21.4,3.0545828286794,-50.45,41.85,77.95,1,"	2076,2123" 
2015-05-01T20:00:00Z,"STMP",2015-09-01T20:00:00Z,Buy,62.01,79.54,4,70.12,3.723711732795,-5.36,104.96,45.44,1,"	2080,2150" 
2015-05-01T20:00:00Z,"AWR",2015-10-01T20:00:00Z,Buy,38.6,41.26,6,15.96,3.4080464388249,-15.6,16.8,21.96,1,"	2079,2171" 
2015-05-01T20:00:00Z,"BCC",2015-11-02T21:00:00Z,Buy,35.4,30.55,50,-242.5,1.2908360141001,-518,189,707,0,"	2070,2187" 
2015-05-01T20:00:00Z,"MDP",2015-11-02T21:00:00Z,Buy,52.13,47.28,33,-160.05,5.8703839022554,-355.41,41.25,396.66,0,"	2073,2192" 
2015-05-01T20:00:00Z,"ZUMZ",2015-11-02T21:00:00Z,Buy,31.89,17.87,10,-140.2,0.52514191106906,-175.8,83.6,175.8,0,"	2081,2198" 
2015-05-01T20:00:00Z,"MPC",2015-12-01T21:00:00Z,Buy,51.33,59.34,4,32.04,5.3612239821956,-30.24,32.04,60.04,1,"	2075,2216" 
2015-05-01T20:00:00Z,"STMP",2015-12-01T21:00:00Z,Buy,62.01,101.32,3,117.93,2.6492792744206,-4.02,128.76,49.62,1,"	2080,2218" 
2015-06-01T20:00:00Z,"DDS",2015-08-03T20:00:00Z,Buy,115.92,100.71,2,-30.42,0.50499612102405,-33.84,52.6,36.38,0,"	2092,2120" 
2015-06-01T20:00:00Z,"WLK",2015-08-03T20:00:00Z,Buy,70.71,61.84,3,-26.61,0.50752127357822,-163.62,81.75,39.36,0,"	2095,2126" 
2015-06-01T20:00:00Z,"CENX",2015-09-01T20:00:00Z,Buy,11.73,5.32,31,-198.71,0.5813126118068,-228.16,88.97,248.93,0,"	2090,2143" 
2015-06-01T20:00:00Z,"KLIC",2015-09-01T20:00:00Z,Buy,13.13,10.59,25,-63.5,0.85580538048442,-78.25,80,85.25,0,"	2093,2146" 
2015-06-01T20:00:00Z,"LHCG",2015-09-01T20:00:00Z,Buy,37.04,44.25,9,64.89,1.530505244885,-7.74,126.72,73.17,1,"	2094,2147" 
2015-06-01T20:00:00Z,"ABFS",2015-12-01T21:00:00Z,Buy,34.95,24.33,8,-84.96,0.52044457443697,-86.96,99.04,91.2,0,"	2088,2213" 
2015-07-01T20:00:00Z,"ABMD",2015-08-03T20:00:00Z,Buy,66.16,77.4,27,303.48,7.0847950106384,-47.79,305.1,77.22,1,"	2105,2115" 
2015-07-01T20:00:00Z,"ARLP",2015-08-03T20:00:00Z,Buy,25.02,24.43,18,-10.62,0.54510817307692,-32.58,471.78,32.58,0,"	2106,2116" 
2015-07-01T20:00:00Z,"WDC",2015-08-03T20:00:00Z,Buy,79.44,85.85,3,19.23,0.50759755164499,-138.03,104.52,13.14,1,"	2112,2125" 
2015-07-01T20:00:00Z,"INTC",2015-09-01T20:00:00Z,Buy,30.18,27.82,8,-18.88,0.51984220907298,-34.48,59.92,37.52,0,"	2108,2145" 
2015-07-01T20:00:00Z,"AVA",2015-09-01T20:00:00Z,Buy,30.89,30.27,7,-4.34,0.51763703099511,-4.34,51.87,26.04,0,"	2113,2153" 
2015-07-01T20:00:00Z,"ZUMZ",2015-11-02T21:00:00Z,Buy,26.93,17.87,11,-99.66,0.52780980097634,-138.82,146.52,150.15,0,"	2114,2198" 
2015-07-01T20:00:00Z,"MIC",2015-12-01T21:00:00Z,Buy,82.34,76.47,21,-123.27,3.6651916595327,-199.08,54.39,253.47,0,"	2110,2215" 
2015-08-03T20:00:00Z,"CENX",2015-09-01T20:00:00Z,Buy,8.88,5.32,32,-113.92,2.4699109193267,-144.32,183.04,144.32,0,"	2128,2143" 
2015-08-03T20:00:00Z,"KLIC",2015-09-01T20:00:00Z,Buy,10.09,10.59,37,18.5,1.5796179206481,-3.33,230.88,21.46,1,"	2133,2146" 
2015-08-03T20:00:00Z,"RSC",2015-09-01T20:00:00Z,Buy,50.43,50.24,4,-0.76,0.5097656855151,-26.32,227.64,36.72,0,"	2136,2149" 
2015-08-03T20:00:00Z,"AEIS",2015-10-01T20:00:00Z,Buy,25.71,26.14,68,29.24,5.1086743544336,-152.32,126.48,278.8,1,"	2127,2167" 
2015-08-03T20:00:00Z,"PSX",2015-11-02T21:00:00Z,Buy,78.68,90.6,3,35.76,3.6454069063206,-24.39,35.76,41.31,1,"	2135,2195" 
2015-08-03T20:00:00Z,"VDSI",2015-11-02T21:00:00Z,Buy,18.51,19.32,29,23.49,5.7410543657464,-93.67,467.48,128.47,1,"	2140,2197" 
2015-08-03T20:00:00Z,"SCVL",2015-12-01T21:00:00Z,Buy,27.62,21.78,63,-367.92,5.5768969480348,-1045.8,51.03,641.34,0,"	2137,2217" 
2015-09-01T20:00:00Z,"UFPI",2015-11-02T21:00:00Z,Buy,58.8,74.72,5,79.6,3.8879456113875,-5.6,81.9,24.15,1,"	2163,2196" 
2015-09-01T20:00:00Z,"VDSI",2015-11-02T21:00:00Z,Buy,15.69,19.32,14,50.82,1.9899589002833,-5.74,265.16,30.52,1,"	2165,2197" 
2015-09-01T20:00:00Z,"GMED",2015-12-01T21:00:00Z,Buy,23.83,27.73,14,54.6,1.2041063604485,-44.38,54.6,56.42,1,"	2158,2214" 
2015-09-01T20:00:00Z,"VG",2015-12-01T21:00:00Z,Buy,5.45,6.48,33,33.99,2.0989716341729,0,49.5,16.17,1,"	2166,2221" 
2015-10-01T20:00:00Z,"BCC",2015-11-02T21:00:00Z,Buy,25.04,30.55,14,77.14,0.53475019825535,0,197.96,41.16,1,"	2175,2187" 
2015-10-01T20:00:00Z,"MDP",2015-11-02T21:00:00Z,Buy,41.98,47.28,5,26.5,0.51232386096759,-3.1,57,7.5,1,"	2179,2192" 
2015-10-01T20:00:00Z,"OTL",2015-11-02T21:00:00Z,Buy,47.99,55.22,4,28.92,4.8342893755041,0,29,11.64,1,"	2181,2194" 
2015-10-01T20:00:00Z,"ZUMZ",2015-11-02T21:00:00Z,Buy,15.23,17.87,38,100.32,0.59256877799104,-34.96,950.76,85.5,1,"	2186,2198" 
2015-10-01T20:00:00Z,"ABFS",2015-12-01T21:00:00Z,Buy,25.32,24.33,11,-10.89,0.52701979045402,-13.64,242.11,46.86,0,"	2174,2213" 
2015-10-01T20:00:00Z,"SYKE",2015-12-01T21:00:00Z,Buy,25.38,31.83,9,58.05,3.6355361624578,0,58.05,13.86,1,"	2183,2219" 
2015-11-02T21:00:00Z,"SCVL",2015-12-01T21:00:00Z,Buy,22.63,21.78,12.500029249985,-10.63,1.5010983886064,-145.13,72.5,60.5,0,"	2207,2217" 
