Time,Symbol,Price,Quantity,Type,Status,Value,Tag
2003-02-03T15:00:00Z,BIO,35.48,14,Market On Close,Filled,496.72,"buy" 
2003-02-03T15:00:00Z,CNXS,6.57,75,Market On Close,Filled,492.75,"buy" 
2003-02-03T15:00:00Z,CW,54.06,10,Market On Close,Filled,540.6,"buy" 
2003-02-03T15:00:00Z,DCO,13.06,26,Market On Close,Filled,339.56,"buy" 
2003-02-03T15:00:00Z,EASI,36.44,12,Market On Close,Filled,437.28,"buy" 
2003-02-03T15:00:00Z,EBF,11.31,47,Market On Close,Filled,531.57,"buy" 
2003-02-03T15:00:00Z,EDUC,9.2,51,Market On Close,Filled,469.2,"buy" 
2003-02-03T15:00:00Z,EGN,29.99,23,Market On Close,Filled,689.77,"buy" 
2003-02-03T15:00:00Z,FAF,22.76,31,Market On Close,Filled,705.56,"buy" 
2003-02-03T15:00:00Z,EXPO,14.54,38,Market On Close,Filled,552.52,"buy" 
2003-02-03T15:00:00Z,FIZ,15.27,56,Market On Close,Filled,855.12,"buy" 
2003-02-03T15:00:00Z,FLXS,15.4,38,Market On Close,Filled,585.2,"buy" 
2003-02-03T15:00:00Z,FRGO,8.5,33,Market On Close,Filled,280.5,"buy" 
2003-02-03T15:00:00Z,GCI,72.01,9,Market On Close,Filled,648.09,"buy" 
2003-02-03T15:00:00Z,HCSG,12.73,37,Market On Close,Filled,471.01,"buy" 
2003-02-03T15:00:00Z,IDXX,34.84,15,Market On Close,Filled,522.6,"buy" 
2003-02-03T15:00:00Z,INTL,22.12,15,Market On Close,Filled,331.8,"buy" 
2003-02-03T15:00:00Z,JJSF,27.53,13,Market On Close,Filled,357.89,"buy" 
2003-02-03T15:00:00Z,JOUT,11.97,23,Market On Close,Filled,275.31,"buy" 
2003-02-03T15:00:00Z,MMSI,17.65,21,Market On Close,Filled,370.65,"buy" 
2003-02-03T15:00:00Z,MSN,7.44,34,Market On Close,Filled,252.96,"buy" 
2003-02-03T15:00:00Z,MTRX,8,45,Market On Close,Filled,360,"buy" 
2003-02-03T15:00:00Z,MTSC,10.81,30,Market On Close,Filled,324.3,"buy" 
2003-02-03T15:00:00Z,NEB,21.96,25,Market On Close,Filled,549,"buy" 
2003-02-03T15:00:00Z,NUS,12.14,31,Market On Close,Filled,376.34,"buy" 
2003-02-03T15:00:00Z,PDX,36.24,10,Market On Close,Filled,362.4,"buy" 
2003-02-03T15:00:00Z,PEGA,5.5,47,Market On Close,Filled,258.5,"buy" 
2003-02-03T15:00:00Z,POG,31.79,19,Market On Close,Filled,604.01,"buy" 
2003-02-03T15:00:00Z,RAVN,15.68,46,Market On Close,Filled,721.28,"buy" 
2003-02-03T15:00:00Z,RCII,52.36,9,Market On Close,Filled,471.24,"buy" 
2003-02-03T15:00:00Z,RIMG,8.32,54,Market On Close,Filled,449.28,"buy" 
2003-02-03T15:00:00Z,RVFD,24.95,26,Market On Close,Filled,648.7,"buy" 
2003-02-03T15:00:00Z,SHOO,16.99,32,Market On Close,Filled,543.68,"buy" 
2003-02-03T15:00:00Z,SRT,27.11,16,Market On Close,Filled,433.76,"buy" 
2003-02-03T15:00:00Z,TDY,13.21,30,Market On Close,Filled,396.3,"buy" 
2003-02-03T15:00:00Z,THO,27.44,13,Market On Close,Filled,356.72,"buy" 
2003-02-03T15:00:00Z,TTWO,20.82,15,Market On Close,Filled,312.3,"buy" 
2003-02-03T15:00:00Z,UTMD,17.66,42,Market On Close,Filled,741.72,"buy" 
2003-02-03T15:00:00Z,WMK,31.15,22,Market On Close,Filled,685.3,"buy" 
2003-02-03T15:00:00Z,WSO,15.9,36,Market On Close,Filled,572.4,"buy" 
2003-03-03T15:00:00Z,PEGA,4.1,-47,Market On Close,Filled,-192.7,"universe" 
2003-03-03T15:00:00Z,OIS,11.43,38,Market On Close,Filled,434.34,"buy" 
2003-04-01T15:00:00Z,DCO,10.19,-26,Market On Close,Filled,-264.94,"band" 
2003-04-01T15:00:00Z,RAVN,16.82,-13,Market On Close,Filled,-218.66,"adjust" 
2003-04-01T15:00:00Z,GDT,36.83,12,Market On Close,Filled,441.96,"buy" 
2003-05-01T14:00:00Z,BIO,47.72,-6,Market On Close,Filled,-286.32,"adjust" 
2003-05-01T14:00:00Z,MTRX,12.69,-17,Market On Close,Filled,-215.73,"adjust" 
2003-06-02T14:00:00Z,JOUT,11.99,-23,Market On Close,Filled,-275.77,"band" 
2003-06-02T14:00:00Z,OIS,13.1,-38,Market On Close,Filled,-497.8,"band" 
2003-06-02T14:00:00Z,AMSWA,4.75,72,Market On Close,Filled,342,"buy" 
2003-06-02T14:00:00Z,FIZ,14.3,17,Market On Close,Filled,243.1,"adjust" 
2003-06-02T14:00:00Z,UGI,34.13,25,Market On Close,Filled,853.25,"buy" 
2003-07-01T14:00:00Z,AMSWA,4.35,-72,Market On Close,Filled,-313.2,"universe" 
2003-07-01T14:00:00Z,CW,63.5,-10,Market On Close,Filled,-635,"band" 
2003-07-01T14:00:00Z,JJSF,31.37,-13,Market On Close,Filled,-407.81,"band" 
2003-07-01T14:00:00Z,NUS,10.26,-31,Market On Close,Filled,-318.06,"band" 
2003-07-01T14:00:00Z,RIMG,12.6,-18,Market On Close,Filled,-226.8,"adjust" 
2003-07-01T14:00:00Z,TDY,13.42,-30,Market On Close,Filled,-402.6,"band" 
2003-07-01T14:00:00Z,EGN,33.39,6,Market On Close,Filled,200.34,"adjust" 
2003-07-01T14:00:00Z,HOC,27.75,15,Market On Close,Filled,416.25,"buy" 
2003-07-01T14:00:00Z,HWKN,10.4,50,Market On Close,Filled,520,"buy" 
2003-07-01T14:00:00Z,MAIR,5.92,59,Market On Close,Filled,349.28,"buy" 
2003-07-01T14:00:00Z,RGCO,23.69,34,Market On Close,Filled,805.46,"buy" 
2003-07-01T14:00:00Z,WDC,11.85,30,Market On Close,Filled,355.5,"buy" 
2003-08-01T14:00:00Z,CNXS,10.98,-31,Market On Close,Filled,-340.38,"adjust" 
2003-08-01T14:00:00Z,GCI,77.03,2,Market On Close,Filled,154.06,"adjust" 
2003-08-01T14:00:00Z,UGI,30.99,4,Market On Close,Filled,123.96,"adjust" 
2003-09-02T14:00:00Z,EASI,59.65,-5,Market On Close,Filled,-298.25,"adjust" 
2003-09-02T14:00:00Z,MSN,3.8,-34,Market On Close,Filled,-129.2,"universe" 
2003-09-02T14:00:00Z,RAVN,26.45,-9,Market On Close,Filled,-238.05,"adjust" 
2003-09-02T14:00:00Z,THO,56.7,-4,Market On Close,Filled,-226.8,"adjust" 
2003-09-02T14:00:00Z,UTMD,22.81,-11,Market On Close,Filled,-250.91,"adjust" 
2003-09-02T14:00:00Z,GCI,79.32,3,Market On Close,Filled,237.96,"adjust" 
2003-09-02T14:00:00Z,RGCO,23.09,10,Market On Close,Filled,230.9,"adjust" 
2003-09-02T14:00:00Z,SCHN,26.65,17,Market On Close,Filled,453.05,"buy" 
2003-10-01T14:00:00Z,INTL,24.48,-15,Market On Close,Filled,-367.2,"band" 
2003-10-01T14:00:00Z,RGCO,22.93,-44,Market On Close,Filled,-1008.92,"universe" 
2003-10-01T14:00:00Z,CMTL,24.07,11,Market On Close,Filled,264.77,"buy" 
2003-10-01T14:00:00Z,HOC,25.1,9,Market On Close,Filled,225.9,"adjust" 
2003-10-01T14:00:00Z,SAFM,32,21,Market On Close,Filled,672,"buy" 
2003-10-01T14:00:00Z,UGI,29.25,10,Market On Close,Filled,292.5,"adjust" 
2003-11-03T15:00:00Z,EXPO,21.15,-16,Market On Close,Filled,-338.4,"adjust" 
2003-11-03T15:00:00Z,FLXS,19.5,-38,Market On Close,Filled,-741,"expired" 
2003-11-03T15:00:00Z,MMSI,26.62,-8,Market On Close,Filled,-212.96,"adjust" 
2003-11-03T15:00:00Z,MTRX,27.35,-12,Market On Close,Filled,-328.2,"adjust" 
2003-11-03T15:00:00Z,SCHN,40.67,-8,Market On Close,Filled,-325.36,"adjust" 
2003-11-03T15:00:00Z,ATRI,42.4,9,Market On Close,Filled,381.6,"buy" 
2003-11-03T15:00:00Z,FIZ,15.14,15,Market On Close,Filled,227.1,"adjust" 
2003-11-03T15:00:00Z,WMK,35.9,7,Market On Close,Filled,251.3,"adjust" 
2003-12-01T15:00:00Z,HOC,27,-24,Market On Close,Filled,-648,"band" 
2003-12-01T15:00:00Z,HWKN,13.09,-50,Market On Close,Filled,-654.5,"universe" 
2003-12-01T15:00:00Z,UTMD,22.56,-31,Market On Close,Filled,-699.36,"universe" 
2003-12-01T15:00:00Z,BIO,51.75,5,Market On Close,Filled,258.75,"adjust" 
2003-12-01T15:00:00Z,CRMT,30.83,20,Market On Close,Filled,616.6,"buy" 
2003-12-01T15:00:00Z,EBF,15,14,Market On Close,Filled,210,"adjust" 
2003-12-01T15:00:00Z,TALK,10.9,27,Market On Close,Filled,294.3,"buy" 
2003-12-01T15:00:00Z,TSAI,20,19,Market On Close,Filled,380,"buy" 
2004-01-02T15:00:00Z,BIO,58.41,-5,Market On Close,Filled,-292.05,"adjust" 
2004-01-02T15:00:00Z,MAIR,7.71,-59,Market On Close,Filled,-454.89,"universe" 
2004-01-02T15:00:00Z,POG,49.29,-7,Market On Close,Filled,-345.03,"adjust" 
2004-01-02T15:00:00Z,RVFD,27.7,-26,Market On Close,Filled,-720.2,"band" 
2004-01-02T15:00:00Z,MDU,24.03,56,Market On Close,Filled,1345.68,"buy" 
2004-01-02T15:00:00Z,RSC,14.35,40,Market On Close,Filled,574,"buy" 
2004-02-02T15:00:00Z,CRMT,32.3,-7,Market On Close,Filled,-226.1,"adjust" 
2004-02-02T15:00:00Z,MTSC,23.78,-11,Market On Close,Filled,-261.58,"adjust" 
2004-02-02T15:00:00Z,SAFM,49.82,-9,Market On Close,Filled,-448.38,"adjust" 
2004-03-01T15:00:00Z,EDUC,10.61,-51,Market On Close,Filled,-541.11,"band" 
2004-03-01T15:00:00Z,EGN,41.99,-29,Market On Close,Filled,-1217.71,"universe" 
2004-03-01T15:00:00Z,NEB,32.04,-25,Market On Close,Filled,-801,"band" 
2004-03-01T15:00:00Z,UGI,32.96,-39,Market On Close,Filled,-1285.44,"band" 
2004-03-01T15:00:00Z,WDC,11.58,-30,Market On Close,Filled,-347.4,"band" 
2004-03-01T15:00:00Z,AHS,18.37,39,Market On Close,Filled,716.43,"buy" 
2004-03-01T15:00:00Z,ASGN,5.79,78,Market On Close,Filled,451.62,"buy" 
2004-03-01T15:00:00Z,BIO,52.95,4,Market On Close,Filled,211.8,"adjust" 
2004-03-01T15:00:00Z,CALM,37.99,7,Market On Close,Filled,265.93,"buy" 
2004-03-01T15:00:00Z,DGII,11.84,38,Market On Close,Filled,449.92,"buy" 
2004-03-01T15:00:00Z,FAF,31.37,10,Market On Close,Filled,313.7,"adjust" 
2004-03-01T15:00:00Z,GCI,86.6,3,Market On Close,Filled,259.8,"adjust" 
2004-03-01T15:00:00Z,PEGA,9.25,48,Market On Close,Filled,444,"buy" 
2004-03-01T15:00:00Z,RCII,32.63,7,Market On Close,Filled,228.41,"adjust" 
2004-03-01T15:00:00Z,RIMG,16,14,Market On Close,Filled,224,"adjust" 
2004-04-01T15:00:00Z,ASGN,5.5,-78,Market On Close,Filled,-429,"band" 
2004-04-01T15:00:00Z,ATRI,42.18,-9,Market On Close,Filled,-379.62,"universe" 
2004-04-01T15:00:00Z,FIZ,9.45,-95,Market On Close,Filled,-897.75,"adjust" 
2004-04-01T15:00:00Z,SHOO,19.88,-32,Market On Close,Filled,-636.16,"band" 
2004-04-01T15:00:00Z,CRMT,27.35,8,Market On Close,Filled,218.8,"adjust" 
2004-04-01T15:00:00Z,EXPO,22.7,11,Market On Close,Filled,249.7,"adjust" 
2004-04-01T15:00:00Z,MTLM,37,15,Market On Close,Filled,555,"buy" 
2004-04-01T15:00:00Z,PDX,63.36,4,Market On Close,Filled,253.44,"adjust" 
2004-04-01T15:00:00Z,QDEL,6.41,66,Market On Close,Filled,423.06,"buy" 
2004-04-01T15:00:00Z,SHEN,22.56,25,Market On Close,Filled,564,"buy" 
2004-04-01T15:00:00Z,TALK,8.33,27,Market On Close,Filled,224.91,"adjust" 
2004-04-01T15:00:00Z,WMK,33.84,6,Market On Close,Filled,203.04,"adjust" 
2004-05-03T14:00:00Z,HCSG,15.99,-55,Market On Close,Filled,-879.45,"expired" 
2004-05-03T14:00:00Z,CMTL,16.64,13,Market On Close,Filled,216.32,"adjust" 
2004-05-03T14:00:00Z,MDU,22.47,9,Market On Close,Filled,202.23,"adjust" 
2004-05-03T14:00:00Z,OTL,24.63,27,Market On Close,Filled,665.01,"buy" 
2004-05-03T14:00:00Z,RCII,29.93,7,Market On Close,Filled,209.51,"adjust" 
2004-05-03T14:00:00Z,SRT,32.65,9,Market On Close,Filled,293.85,"adjust" 
2004-06-01T14:00:00Z,BIO,56.71,-12,Market On Close,Filled,-680.52,"band" 
2004-06-01T14:00:00Z,SAFM,46.95,-5,Market On Close,Filled,-234.75,"adjust" 
2004-06-01T14:00:00Z,AHS,14.95,16,Market On Close,Filled,239.2,"adjust" 
2004-06-01T14:00:00Z,EASI,54.64,4,Market On Close,Filled,218.56,"adjust" 
2004-06-01T14:00:00Z,FARO,26.49,13,Market On Close,Filled,344.37,"buy" 
2004-06-01T14:00:00Z,MMSI,14.3,18,Market On Close,Filled,257.4,"adjust" 
2004-06-01T14:00:00Z,MTSC,22.28,12,Market On Close,Filled,267.36,"adjust" 
2004-07-01T14:00:00Z,CMTL,21.45,-24,Market On Close,Filled,-514.8,"band" 
2004-07-01T14:00:00Z,EBF,18.49,-21,Market On Close,Filled,-388.29,"adjust" 
2004-07-01T14:00:00Z,SHEN,26.3,-25,Market On Close,Filled,-657.5,"band" 
2004-07-01T14:00:00Z,CNXS,10.63,23,Market On Close,Filled,244.49,"adjust" 
2004-07-01T14:00:00Z,LPX,23.3,30,Market On Close,Filled,699,"buy" 
2004-07-01T14:00:00Z,PEGA,8.3,26,Market On Close,Filled,215.8,"adjust" 
2004-07-01T14:00:00Z,RSC,12.4,18,Market On Close,Filled,223.2,"adjust" 
2004-07-01T14:00:00Z,TESS,17.25,29,Market On Close,Filled,500.25,"buy" 
2004-07-01T14:00:00Z,TTWO,30.22,7,Market On Close,Filled,211.54,"adjust" 
2004-08-02T14:00:00Z,MMSI,16.38,-43,Market On Close,Filled,-704.34,"band" 
2004-08-02T14:00:00Z,MTRX,7.63,-32,Market On Close,Filled,-244.16,"band" 
2004-08-02T14:00:00Z,QDEL,3.46,-66,Market On Close,Filled,-228.36,"universe" 
2004-08-02T14:00:00Z,RAVN,39.49,-6,Market On Close,Filled,-236.94,"adjust" 
2004-08-02T14:00:00Z,WSO,29.1,-8,Market On Close,Filled,-232.8,"adjust" 
2004-08-02T14:00:00Z,AMED,27.35,15,Market On Close,Filled,410.25,"buy" 
2004-08-02T14:00:00Z,AXE,34.4,34,Market On Close,Filled,1169.6,"buy" 
2004-08-02T14:00:00Z,ESCA,10.99,36,Market On Close,Filled,395.64,"buy" 
2004-09-01T14:00:00Z,AHS,11.54,-55,Market On Close,Filled,-634.7,"band" 
2004-09-01T14:00:00Z,MDU,25.46,-9,Market On Close,Filled,-229.14,"adjust" 
2004-09-01T14:00:00Z,TSAI,17.56,13,Market On Close,Filled,228.28,"adjust" 
2004-09-01T14:00:00Z,ZEUS,20.63,18,Market On Close,Filled,371.34,"buy" 
2004-10-01T14:00:00Z,CRMT,34,-21,Market On Close,Filled,-714,"band" 
2004-10-01T14:00:00Z,EASI,46.38,-14,Market On Close,Filled,-649.32,"band" 
2004-10-01T14:00:00Z,EBF,21.64,-11,Market On Close,Filled,-238.04,"adjust" 
2004-10-01T14:00:00Z,POG,30.14,-32,Market On Close,Filled,-964.48,"band" 
2004-10-01T14:00:00Z,THO,27.66,-18,Market On Close,Filled,-497.88,"band" 
2004-10-01T14:00:00Z,TTWO,34.81,-22,Market On Close,Filled,-765.82,"band" 
2004-10-01T14:00:00Z,CALM,11,19,Market On Close,Filled,209,"adjust" 
2004-10-01T14:00:00Z,CYBE,16.88,26,Market On Close,Filled,438.88,"buy" 
2004-10-01T14:00:00Z,ECOL,10.09,46,Market On Close,Filled,464.14,"buy" 
2004-10-01T14:00:00Z,FRGO,9.78,21,Market On Close,Filled,205.38,"adjust" 
2004-10-01T14:00:00Z,HOC,25.95,45,Market On Close,Filled,1167.75,"buy" 
2004-10-01T14:00:00Z,NHC,29.6,24,Market On Close,Filled,710.4,"buy" 
2004-10-01T14:00:00Z,SEB,608,1,Market On Close,Filled,608,"buy" 
2004-10-01T14:00:00Z,TALK,5.35,42,Market On Close,Filled,224.7,"adjust" 
2004-11-01T15:00:00Z,ESCA,14.02,-36,Market On Close,Filled,-504.72,"band" 
2004-11-01T15:00:00Z,SEB,680,-1,Market On Close,Filled,-680,"adjust" 
2004-11-01T15:00:00Z,PCU,43.81,12,Market On Close,Filled,525.72,"buy" 
2004-11-01T15:00:00Z,SRT,28.13,8,Market On Close,Filled,225.04,"adjust" 
2004-12-01T15:00:00Z,FRGO,14.89,-18,Market On Close,Filled,-268.02,"adjust" 
2004-12-01T15:00:00Z,HOC,27.97,-10,Market On Close,Filled,-279.7,"adjust" 
2004-12-01T15:00:00Z,MTLM,25.98,-10,Market On Close,Filled,-259.8,"adjust" 
2004-12-01T15:00:00Z,RAVN,21.3,-12,Market On Close,Filled,-255.6,"adjust" 
2004-12-01T15:00:00Z,SCHN,35.7,-13,Market On Close,Filled,-464.1,"band" 
2004-12-01T15:00:00Z,EBF,19.99,11,Market On Close,Filled,219.89,"adjust" 
2004-12-01T15:00:00Z,IDXX,52.23,6,Market On Close,Filled,313.38,"adjust" 
2004-12-01T15:00:00Z,NATR,16.98,43,Market On Close,Filled,730.14,"buy" 
2005-01-03T15:00:00Z,CALM,11.96,-33,Market On Close,Filled,-394.68,"band" 
2005-01-03T15:00:00Z,MTSC,33.48,-8,Market On Close,Filled,-267.84,"adjust" 
2005-01-03T15:00:00Z,PEGA,8.54,-74,Market On Close,Filled,-631.96,"band" 
2005-01-03T15:00:00Z,SRT,27.8,-33,Market On Close,Filled,-917.4,"band" 
2005-01-03T15:00:00Z,CNC,28.62,25,Market On Close,Filled,715.5,"buy" 
2005-01-03T15:00:00Z,GCI,80.98,3,Market On Close,Filled,242.94,"adjust" 
2005-01-03T15:00:00Z,NUE,50.49,12,Market On Close,Filled,605.88,"buy" 
2005-01-03T15:00:00Z,PNM,24.85,59,Market On Close,Filled,1466.15,"buy" 
2005-02-01T15:00:00Z,CNXS,15.58,-29,Market On Close,Filled,-451.82,"adjust" 
2005-02-01T15:00:00Z,EBF,17.33,-40,Market On Close,Filled,-693.2,"band" 
2005-02-01T15:00:00Z,HOC,30.5,-9,Market On Close,Filled,-274.5,"adjust" 
2005-02-01T15:00:00Z,OTL,20.38,-27,Market On Close,Filled,-550.26,"band" 
2005-02-01T15:00:00Z,ABFS,40.86,20,Market On Close,Filled,817.2,"buy" 
2005-02-01T15:00:00Z,FARO,28.74,7,Market On Close,Filled,201.18,"adjust" 
2005-02-01T15:00:00Z,MLI,31.96,29,Market On Close,Filled,926.84,"buy" 
2005-03-01T15:00:00Z,AXE,37.46,-6,Market On Close,Filled,-224.76,"adjust" 
2005-03-01T15:00:00Z,HOC,37.11,-6,Market On Close,Filled,-222.66,"adjust" 
2005-03-01T15:00:00Z,TSAI,23.64,-9,Market On Close,Filled,-212.76,"adjust" 
2005-03-01T15:00:00Z,AIT,29.12,20,Market On Close,Filled,582.4,"buy" 
2005-03-01T15:00:00Z,GDT,73.96,3,Market On Close,Filled,221.88,"adjust" 
2005-04-01T15:00:00Z,PNM,26.72,-10,Market On Close,Filled,-267.2,"adjust" 
2005-04-01T15:00:00Z,RCII,26.95,-36,Market On Close,Filled,-970.2,"band" 
2005-04-01T15:00:00Z,RSC,14,-58,Market On Close,Filled,-812,"band" 
2005-04-01T15:00:00Z,WSO,42.12,-5,Market On Close,Filled,-210.6,"adjust" 
2005-04-01T15:00:00Z,STLD,34.41,15,Market On Close,Filled,516.15,"buy" 
2005-05-02T14:00:00Z,FAF,36.43,-8,Market On Close,Filled,-291.44,"adjust" 
2005-05-02T14:00:00Z,TALK,8.62,-32,Market On Close,Filled,-275.84,"adjust" 
2005-05-02T14:00:00Z,WMK,38.08,-10,Market On Close,Filled,-380.8,"adjust" 
2005-05-02T14:00:00Z,WSO,44.73,-6,Market On Close,Filled,-268.38,"adjust" 
2005-05-02T14:00:00Z,AMED,30.64,7,Market On Close,Filled,214.48,"adjust" 
2005-05-02T14:00:00Z,FIZ,7.28,44,Market On Close,Filled,320.32,"adjust" 
2005-05-02T14:00:00Z,GDT,74.08,5,Market On Close,Filled,370.4,"adjust" 
2005-05-02T14:00:00Z,MLI,26.28,8,Market On Close,Filled,210.24,"adjust" 
2005-05-02T14:00:00Z,SAFM,36.76,9,Market On Close,Filled,330.84,"adjust" 
2005-06-01T14:00:00Z,CNXS,21.53,-11,Market On Close,Filled,-236.83,"adjust" 
2005-06-01T14:00:00Z,FIZ,8.18,-124,Market On Close,Filled,-1014.32,"band" 
2005-06-01T14:00:00Z,IDXX,57.87,-21,Market On Close,Filled,-1215.27,"band" 
2005-06-01T14:00:00Z,RIMG,21.3,-10,Market On Close,Filled,-213,"adjust" 
2005-06-01T14:00:00Z,TESS,12.75,-29,Market On Close,Filled,-369.75,"band" 
2005-06-01T14:00:00Z,TSAI,23,9,Market On Close,Filled,207,"adjust" 
2005-06-01T14:00:00Z,UGI,26.89,51,Market On Close,Filled,1371.39,"buy" 
2005-06-01T14:00:00Z,VLO,71.3,9,Market On Close,Filled,641.7,"buy" 
2005-06-01T14:00:00Z,X,40.14,15,Market On Close,Filled,602.1,"buy" 
2005-07-01T14:00:00Z,ECOL,17.56,-17,Market On Close,Filled,-298.52,"adjust" 
2005-07-01T14:00:00Z,SAFM,45.97,-21,Market On Close,Filled,-965.37,"band" 
2005-07-01T14:00:00Z,ABFS,32.56,7,Market On Close,Filled,227.92,"adjust" 
2005-07-01T14:00:00Z,CMC,24.24,23,Market On Close,Filled,557.52,"buy" 
2005-07-01T14:00:00Z,CYBE,13.03,16,Market On Close,Filled,208.48,"adjust" 
2005-07-01T14:00:00Z,FARO,26.78,8,Market On Close,Filled,214.24,"adjust" 
2005-07-01T14:00:00Z,GCI,71.91,4,Market On Close,Filled,287.64,"adjust" 
2005-07-01T14:00:00Z,STLD,26.63,8,Market On Close,Filled,213.04,"adjust" 
2005-08-01T14:00:00Z,MTSC,39.79,-6,Market On Close,Filled,-238.74,"adjust" 
2005-08-01T14:00:00Z,RIMG,25.13,-14,Market On Close,Filled,-351.82,"adjust" 
2005-08-01T14:00:00Z,ZEUS,15.89,-18,Market On Close,Filled,-286.02,"band" 
2005-08-01T14:00:00Z,PDX,78.68,3,Market On Close,Filled,236.04,"adjust" 
2005-08-01T14:00:00Z,PNM,28.86,9,Market On Close,Filled,259.74,"adjust" 
2005-08-01T14:00:00Z,SPTN,12.14,48,Market On Close,Filled,582.72,"buy" 
2005-08-01T14:00:00Z,WMK,40.73,6,Market On Close,Filled,244.38,"adjust" 
2005-09-01T14:00:00Z,CYBE,13.9,-42,Market On Close,Filled,-583.8,"band" 
2005-09-01T14:00:00Z,HOC,57.21,-6,Market On Close,Filled,-343.26,"adjust" 
2005-09-01T14:00:00Z,MLI,27.14,-37,Market On Close,Filled,-1004.18,"band" 
2005-09-01T14:00:00Z,PNM,29.61,-58,Market On Close,Filled,-1717.38,"band" 
2005-09-01T14:00:00Z,VLO,109.5,-3,Market On Close,Filled,-328.5,"adjust" 
2005-09-01T14:00:00Z,DGII,10.71,21,Market On Close,Filled,224.91,"adjust" 
2005-09-01T14:00:00Z,FAF,41.79,6,Market On Close,Filled,250.74,"adjust" 
2005-09-01T14:00:00Z,FARO,20.66,12,Market On Close,Filled,247.92,"adjust" 
2005-09-01T14:00:00Z,LPX,25.7,11,Market On Close,Filled,282.7,"adjust" 
2005-09-01T14:00:00Z,MTEX,12.45,37,Market On Close,Filled,460.65,"buy" 
2005-09-01T14:00:00Z,NHC,36.02,6,Market On Close,Filled,216.12,"adjust" 
2005-09-01T14:00:00Z,ODP,29.45,34,Market On Close,Filled,1001.3,"buy" 
2005-09-01T14:00:00Z,PLPC,44.43,17,Market On Close,Filled,755.31,"buy" 
2005-10-03T14:00:00Z,FAF,45.82,-6,Market On Close,Filled,-274.92,"adjust" 
2005-10-03T14:00:00Z,MTEX,11.7,-37,Market On Close,Filled,-432.9,"band" 
2005-10-03T14:00:00Z,NATR,22.29,-9,Market On Close,Filled,-200.61,"adjust" 
2005-10-03T14:00:00Z,STLD,32.9,-23,Market On Close,Filled,-756.7,"band" 
2005-10-03T14:00:00Z,AEOS,23.61,27,Market On Close,Filled,637.47,"buy" 
2005-10-03T14:00:00Z,GDT,68.71,4,Market On Close,Filled,274.84,"adjust" 
2005-10-03T14:00:00Z,PDX,76.98,4,Market On Close,Filled,307.92,"adjust" 
2005-10-03T14:00:00Z,PETS,10.62,64,Market On Close,Filled,679.68,"buy" 
2005-11-01T15:00:00Z,FARO,20.67,-40,Market On Close,Filled,-826.8,"band" 
2005-11-01T15:00:00Z,GDT,63,-6,Market On Close,Filled,-378,"adjust" 
2005-11-01T15:00:00Z,MDU,32.33,-11,Market On Close,Filled,-355.63,"adjust" 
2005-11-01T15:00:00Z,MTLM,24.05,10,Market On Close,Filled,240.5,"adjust" 
2005-11-01T15:00:00Z,RS,57.76,16,Market On Close,Filled,924.16,"buy" 
2005-11-01T15:00:00Z,X,37.56,7,Market On Close,Filled,262.92,"adjust" 
2005-12-01T15:00:00Z,CNC,25.21,-25,Market On Close,Filled,-630.25,"band" 
2005-12-01T15:00:00Z,DGII,13.29,-59,Market On Close,Filled,-784.11,"band" 
2005-12-01T15:00:00Z,FAF,47.84,-6,Market On Close,Filled,-287.04,"adjust" 
2005-12-01T15:00:00Z,X,48.98,-22,Market On Close,Filled,-1077.56,"band" 
2005-12-01T15:00:00Z,AXE,38.24,8,Market On Close,Filled,305.92,"adjust" 
2005-12-01T15:00:00Z,GCI,61.45,5,Market On Close,Filled,307.25,"adjust" 
2005-12-01T15:00:00Z,LYTS,18.09,49,Market On Close,Filled,886.41,"buy" 
2005-12-01T15:00:00Z,NATR,20.03,12,Market On Close,Filled,240.36,"adjust" 
2005-12-01T15:00:00Z,COP,62.97,15,Market On Close,Filled,944.55,"buy" 
2005-12-01T15:00:00Z,SPTN,10.7,23,Market On Close,Filled,246.1,"adjust" 
2005-12-01T15:00:00Z,SYKE,13.63,47,Market On Close,Filled,640.61,"buy" 
2006-01-03T15:00:00Z,ABFS,44.55,-5,Market On Close,Filled,-222.75,"adjust" 
2006-01-03T15:00:00Z,PDX,89.99,-3,Market On Close,Filled,-269.97,"adjust" 
2006-01-03T15:00:00Z,PETS,14.31,-22,Market On Close,Filled,-314.82,"adjust" 
2006-01-03T15:00:00Z,ECOL,15.48,19,Market On Close,Filled,294.12,"adjust" 
2006-02-01T15:00:00Z,AXE,46.62,-6,Market On Close,Filled,-279.72,"adjust" 
2006-02-01T15:00:00Z,CMC,47.08,-5,Market On Close,Filled,-235.4,"adjust" 
2006-02-01T15:00:00Z,GDT,73.85,-4,Market On Close,Filled,-295.4,"adjust" 
2006-02-01T15:00:00Z,HOC,71.7,-3,Market On Close,Filled,-215.1,"adjust" 
2006-02-01T15:00:00Z,PCU,86.84,-3,Market On Close,Filled,-260.52,"adjust" 
2006-02-01T15:00:00Z,RS,78.45,-3,Market On Close,Filled,-235.35,"adjust" 
2006-02-01T15:00:00Z,SPTN,12.08,-71,Market On Close,Filled,-857.68,"expired" 
2006-02-01T15:00:00Z,FAF,46.75,5,Market On Close,Filled,233.75,"adjust" 
2006-02-01T15:00:00Z,PLPC,45.29,5,Market On Close,Filled,226.45,"adjust" 
2006-02-01T15:00:00Z,SCVL,23.85,28,Market On Close,Filled,667.8,"buy" 
2006-02-01T15:00:00Z,SYKE,13.02,16,Market On Close,Filled,208.32,"adjust" 
2006-02-01T15:00:00Z,TALK,9.55,25,Market On Close,Filled,238.75,"adjust" 
2006-02-01T15:00:00Z,UGI,21.55,13,Market On Close,Filled,280.15,"adjust" 
2006-02-01T15:00:00Z,WMK,42.94,7,Market On Close,Filled,300.58,"adjust" 
2006-03-01T15:00:00Z,PDX,95.76,-3,Market On Close,Filled,-287.28,"adjust" 
2006-03-01T15:00:00Z,UGI,22.31,-64,Market On Close,Filled,-1427.84,"band" 
2006-03-01T15:00:00Z,ABFS,42.69,5,Market On Close,Filled,213.45,"adjust" 
2006-03-01T15:00:00Z,CRUS,8.04,118,Market On Close,Filled,948.72,"buy" 
2006-03-01T15:00:00Z,FRGO,16.85,13,Market On Close,Filled,219.05,"adjust" 
2006-03-01T15:00:00Z,IIIN,39.29,15,Market On Close,Filled,589.35,"buy" 
2006-03-01T15:00:00Z,LPX,27.98,9,Market On Close,Filled,251.82,"adjust" 
2006-03-01T15:00:00Z,NATR,17.17,12,Market On Close,Filled,206.04,"adjust" 
2006-04-03T14:00:00Z,AEOS,28.79,-27,Market On Close,Filled,-777.33,"band" 
2006-04-03T14:00:00Z,AXE,47.29,-30,Market On Close,Filled,-1418.7,"universe" 
2006-04-03T14:00:00Z,IIIN,59.24,-7,Market On Close,Filled,-414.68,"adjust" 
2006-04-03T14:00:00Z,MTSC,41.33,-17,Market On Close,Filled,-702.61,"universe" 
2006-04-03T14:00:00Z,NUE,107.97,-3,Market On Close,Filled,-323.91,"adjust" 
2006-04-03T14:00:00Z,RS,95.82,-3,Market On Close,Filled,-287.46,"adjust" 
2006-04-03T14:00:00Z,EGY,6.83,102,Market On Close,Filled,696.66,"buy" 
2006-04-03T14:00:00Z,FAF,38.8,8,Market On Close,Filled,310.4,"adjust" 
2006-04-03T14:00:00Z,EXPO,31.46,8,Market On Close,Filled,251.68,"adjust" 
2006-04-03T14:00:00Z,GDT,77.25,3,Market On Close,Filled,231.75,"adjust" 
2006-04-03T14:00:00Z,MDU,34.57,10,Market On Close,Filled,345.7,"adjust" 
2006-04-03T14:00:00Z,PLPC,33.2,6,Market On Close,Filled,199.2,"adjust" 
2006-04-03T14:00:00Z,SHOO,35.78,28,Market On Close,Filled,1001.84,"buy" 
2006-04-03T14:00:00Z,ZEUS,30.9,25,Market On Close,Filled,772.5,"buy" 
2006-04-22T04:00:00Z,GDT,80.05,-17,Market,Filled,-1360.85,"Liquidate from delisting" 
2006-05-01T14:00:00Z,CRUS,9.4,-25,Market On Close,Filled,-235,"adjust" 
2006-05-01T14:00:00Z,ECOL,25.5,-18,Market On Close,Filled,-459,"adjust" 
2006-05-01T14:00:00Z,NATR,10.04,-58,Market On Close,Filled,-582.32,"universe" 
2006-05-01T14:00:00Z,SHOO,53.01,-17,Market On Close,Filled,-901.17,"adjust" 
2006-05-01T14:00:00Z,TSAI,39.78,-7,Market On Close,Filled,-278.46,"adjust" 
2006-05-01T14:00:00Z,GCI,54.41,7,Market On Close,Filled,380.87,"adjust" 
2006-05-01T14:00:00Z,MSTR,98.5,10,Market On Close,Filled,985,"buy" 
2006-05-01T14:00:00Z,NHC,42.86,5,Market On Close,Filled,214.3,"adjust" 
2006-05-01T14:00:00Z,COP,67.75,4,Market On Close,Filled,271,"adjust" 
2006-05-01T14:00:00Z,PDX,49.85,5,Market On Close,Filled,249.25,"adjust" 
2006-05-01T14:00:00Z,RS,90,3,Market On Close,Filled,270,"adjust" 
2006-05-01T14:00:00Z,TALK,9.03,23,Market On Close,Filled,207.69,"adjust" 
2006-06-01T14:00:00Z,FRGO,24.9,-49,Market On Close,Filled,-1220.1,"band" 
2006-06-01T14:00:00Z,PLPC,35.96,-28,Market On Close,Filled,-1006.88,"band" 
2006-06-01T14:00:00Z,SYKE,17.49,-14,Market On Close,Filled,-244.86,"adjust" 
2006-06-01T14:00:00Z,DECK,36.65,26,Market On Close,Filled,952.9,"buy" 
2006-06-01T14:00:00Z,EXPO,30.73,11,Market On Close,Filled,338.03,"adjust" 
2006-06-01T14:00:00Z,RIMG,21.86,12,Market On Close,Filled,262.32,"adjust" 
2006-06-01T14:00:00Z,SCVL,25.13,11,Market On Close,Filled,276.43,"adjust" 
2006-06-01T14:00:00Z,STLD,59.35,13,Market On Close,Filled,771.55,"buy" 
2006-06-01T14:00:00Z,VLO,61.48,4,Market On Close,Filled,245.92,"adjust" 
2006-06-01T14:00:00Z,WIRE,37.84,17,Market On Close,Filled,643.28,"buy" 
2006-06-01T14:00:00Z,WSO,58.34,5,Market On Close,Filled,291.7,"adjust" 
2006-07-03T14:00:00Z,ABFS,50.55,-4,Market On Close,Filled,-202.2,"adjust" 
2006-07-03T14:00:00Z,EGY,10.1,-32,Market On Close,Filled,-323.2,"adjust" 
2006-07-03T14:00:00Z,EXPO,16.73,-14,Market On Close,Filled,-234.22,"adjust" 
2006-07-03T14:00:00Z,NHC,44.3,-5,Market On Close,Filled,-221.5,"adjust" 
2006-07-03T14:00:00Z,WMK,41.05,-5,Market On Close,Filled,-205.25,"adjust" 
2006-07-03T14:00:00Z,AIT,24.46,10,Market On Close,Filled,244.6,"adjust" 
2006-07-03T14:00:00Z,LPX,21.9,13,Market On Close,Filled,284.7,"adjust" 
2006-07-03T14:00:00Z,ODP,37.73,7,Market On Close,Filled,264.11,"adjust" 
2006-07-03T14:00:00Z,PETS,11.45,22,Market On Close,Filled,251.9,"adjust" 
2006-07-03T14:00:00Z,TALK,6.24,60,Market On Close,Filled,374.4,"adjust" 
2006-08-01T14:00:00Z,CRUS,6.56,-93,Market On Close,Filled,-610.08,"expired" 
2006-08-01T14:00:00Z,DECK,41.77,-7,Market On Close,Filled,-292.39,"adjust" 
2006-08-01T14:00:00Z,EXPO,15.34,-22,Market On Close,Filled,-337.48,"adjust" 
2006-08-01T14:00:00Z,HOC,52.25,-4,Market On Close,Filled,-209,"adjust" 
2006-08-01T14:00:00Z,LPX,19.86,-63,Market On Close,Filled,-1251.18,"band" 
2006-08-01T14:00:00Z,NHC,45.17,-5,Market On Close,Filled,-225.85,"adjust" 
2006-08-01T14:00:00Z,RIMG,23.92,-38,Market On Close,Filled,-908.96,"band" 
2006-08-01T14:00:00Z,CNXS,22.06,10,Market On Close,Filled,220.6,"adjust" 
2006-08-01T14:00:00Z,ECOL,21.01,11,Market On Close,Filled,231.11,"adjust" 
2006-08-01T14:00:00Z,KBALB,17.33,66,Market On Close,Filled,1143.78,"buy" 
2006-08-01T14:00:00Z,LMS,27.28,23,Market On Close,Filled,627.44,"buy" 
2006-08-01T14:00:00Z,MSTR,81.68,3,Market On Close,Filled,245.04,"adjust" 
2006-08-01T14:00:00Z,RAVN,28.71,8,Market On Close,Filled,229.68,"adjust" 
2006-08-01T14:00:00Z,TTMI,10.58,65,Market On Close,Filled,687.7,"buy" 
2006-09-01T14:00:00Z,CNXS,28.1,-37,Market On Close,Filled,-1039.7,"band" 
2006-09-01T14:00:00Z,KBALB,17.46,-15,Market On Close,Filled,-261.9,"adjust" 
2006-09-01T14:00:00Z,LYTS,18.31,-17,Market On Close,Filled,-311.27,"adjust" 
2006-09-01T14:00:00Z,ODP,36.95,-10,Market On Close,Filled,-369.5,"adjust" 
2006-09-01T14:00:00Z,SYKE,20.2,-12,Market On Close,Filled,-242.4,"adjust" 
2006-09-01T14:00:00Z,TALK,5.84,-172,Market On Close,Filled,-1004.48,"band" 
2006-09-01T14:00:00Z,WSO,43.58,-22,Market On Close,Filled,-958.76,"band" 
2006-09-01T14:00:00Z,BLS,41.34,48,Market On Close,Filled,1984.32,"buy" 
2006-09-01T14:00:00Z,MRO,84.78,13,Market On Close,Filled,1102.14,"buy" 
2006-09-01T14:00:00Z,OGE,37.3,55,Market On Close,Filled,2051.5,"buy" 
2006-10-02T14:00:00Z,ECOL,19.63,-41,Market On Close,Filled,-804.83,"band" 
2006-10-02T14:00:00Z,LYTS,16.02,-32,Market On Close,Filled,-512.64,"band" 
2006-10-02T14:00:00Z,MSTR,99.93,-3,Market On Close,Filled,-299.79,"adjust" 
2006-10-02T14:00:00Z,NHC,51.27,-6,Market On Close,Filled,-307.62,"adjust" 
2006-10-02T14:00:00Z,RAVN,28.97,-32,Market On Close,Filled,-927.04,"band" 
2006-10-02T14:00:00Z,DLTR,31.29,41,Market On Close,Filled,1282.89,"buy" 
2006-10-02T14:00:00Z,IVAC,16.43,32,Market On Close,Filled,525.76,"buy" 
2006-10-02T14:00:00Z,COP,58.55,4,Market On Close,Filled,234.2,"adjust" 
2006-10-02T14:00:00Z,TESS,31.52,31,Market On Close,Filled,977.12,"buy" 
2006-10-02T14:00:00Z,VLO,50.9,4,Market On Close,Filled,203.6,"adjust" 
2006-11-01T15:00:00Z,AIT,27.83,-8,Market On Close,Filled,-222.64,"adjust" 
2006-11-01T15:00:00Z,KBALB,24.56,-13,Market On Close,Filled,-319.28,"adjust" 
2006-11-01T15:00:00Z,MDU,25.7,-10,Market On Close,Filled,-257,"adjust" 
2006-11-01T15:00:00Z,NUE,57.34,-4,Market On Close,Filled,-229.36,"adjust" 
2006-11-01T15:00:00Z,TESS,31.67,-10,Market On Close,Filled,-316.7,"adjust" 
2006-11-01T15:00:00Z,AMED,39.89,5,Market On Close,Filled,199.45,"adjust" 
2006-11-01T15:00:00Z,IIIN,17.02,13,Market On Close,Filled,221.26,"adjust" 
2006-11-01T15:00:00Z,LMS,20.91,11,Market On Close,Filled,230.01,"adjust" 
2006-11-01T15:00:00Z,WMK,39.8,10,Market On Close,Filled,398,"adjust" 
2006-12-01T15:00:00Z,FAF,38.63,-40,Market On Close,Filled,-1545.2,"expired" 
2006-12-01T15:00:00Z,IVAC,27.26,-11,Market On Close,Filled,-299.86,"adjust" 
2006-12-01T15:00:00Z,MTLM,35.36,-6,Market On Close,Filled,-212.16,"adjust" 
2006-12-01T15:00:00Z,PDX,48.55,-35,Market On Close,Filled,-1699.25,"expired" 
2006-12-01T15:00:00Z,WMK,39.89,-43,Market On Close,Filled,-1715.27,"band" 
2006-12-01T15:00:00Z,AMWD,38.35,25,Market On Close,Filled,958.75,"buy" 
2006-12-01T15:00:00Z,AP,33.95,20,Market On Close,Filled,679,"buy" 
2006-12-01T15:00:00Z,DLTR,29.59,12,Market On Close,Filled,355.08,"adjust" 
2006-12-01T15:00:00Z,ODP,37.25,6,Market On Close,Filled,223.5,"adjust" 
2006-12-01T15:00:00Z,SHOO,36.53,6,Market On Close,Filled,219.18,"adjust" 
2006-12-01T15:00:00Z,SPH,37.98,60,Market On Close,Filled,2278.8,"buy" 
2006-12-01T15:00:00Z,SYKE,16.64,13,Market On Close,Filled,216.32,"adjust" 
2006-12-01T15:00:00Z,WIRE,25.15,11,Market On Close,Filled,276.65,"adjust" 
2006-12-01T15:00:00Z,ZEUS,25.28,8,Market On Close,Filled,202.24,"adjust" 
2006-12-30T05:00:00Z,BLS,47.15,-48,Market,Filled,-2263.2,"Liquidate from delisting" 
2007-01-03T15:00:00Z,AMED,33.3,-35,Market On Close,Filled,-1165.5,"band" 
2007-01-03T15:00:00Z,SCVL,31.42,-7,Market On Close,Filled,-219.94,"adjust" 
2007-01-03T15:00:00Z,ABFS,37.07,6,Market On Close,Filled,222.42,"adjust" 
2007-01-03T15:00:00Z,AEOS,32.53,36,Market On Close,Filled,1171.08,"buy" 
2007-01-03T15:00:00Z,EGY,6.58,46,Market On Close,Filled,302.68,"adjust" 
2007-02-01T15:00:00Z,RS,43.01,-26,Market On Close,Filled,-1118.26,"band" 
2007-02-01T15:00:00Z,SPH,38.71,-60,Market On Close,Filled,-2322.6,"expired" 
2007-02-01T15:00:00Z,TSAI,36.99,-25,Market On Close,Filled,-924.75,"band" 
2007-02-01T15:00:00Z,ZEUS,27.81,-33,Market On Close,Filled,-917.73,"band" 
2007-02-01T15:00:00Z,ABM,26.19,61,Market On Close,Filled,1597.59,"buy" 
2007-02-01T15:00:00Z,AIT,25.09,9,Market On Close,Filled,225.81,"adjust" 
2007-02-01T15:00:00Z,BKE,33.8,35,Market On Close,Filled,1183,"buy" 
2007-02-01T15:00:00Z,CVX,74.41,24,Market On Close,Filled,1785.84,"buy" 
2007-02-01T15:00:00Z,FIZ,13.74,57,Market On Close,Filled,783.18,"buy" 
2007-02-01T15:00:00Z,MDU,26.21,8,Market On Close,Filled,209.68,"adjust" 
2007-03-01T15:00:00Z,DLTR,34.37,-8,Market On Close,Filled,-274.96,"adjust" 
2007-03-01T15:00:00Z,PCU,69.75,-5,Market On Close,Filled,-348.75,"adjust" 
2007-03-01T15:00:00Z,PETS,12.38,-64,Market On Close,Filled,-792.32,"band" 
2007-03-01T15:00:00Z,TESS,26.88,-11,Market On Close,Filled,-295.68,"adjust" 
2007-03-01T15:00:00Z,WIRE,25.15,-28,Market On Close,Filled,-704.2,"band" 
2007-03-01T15:00:00Z,AMED,31.72,40,Market On Close,Filled,1268.8,"buy" 
2007-03-01T15:00:00Z,AP,24.49,10,Market On Close,Filled,244.9,"adjust" 
2007-03-01T15:00:00Z,LAWS,37.86,22,Market On Close,Filled,832.92,"buy" 
2007-03-01T15:00:00Z,MGPI,19.17,40,Market On Close,Filled,766.8,"buy" 
2007-03-01T15:00:00Z,ODP,33.31,9,Market On Close,Filled,299.79,"adjust" 
2007-03-01T15:00:00Z,SHOO,28.53,8,Market On Close,Filled,228.24,"adjust" 
2007-04-02T14:00:00Z,DECK,70,-3,Market On Close,Filled,-210,"adjust" 
2007-04-02T14:00:00Z,IIIN,16.71,-29,Market On Close,Filled,-484.59,"band" 
2007-04-02T14:00:00Z,LAWS,36.84,-22,Market On Close,Filled,-810.48,"band" 
2007-04-02T14:00:00Z,MDU,29.07,-7,Market On Close,Filled,-203.49,"adjust" 
2007-04-02T14:00:00Z,STLD,43.23,-5,Market On Close,Filled,-216.15,"adjust" 
2007-04-02T14:00:00Z,SYKE,18.11,-13,Market On Close,Filled,-235.43,"adjust" 
2007-04-02T14:00:00Z,TTMI,9.44,-65,Market On Close,Filled,-613.6,"band" 
2007-04-02T14:00:00Z,AEIS,21.3,40,Market On Close,Filled,852,"buy" 
2007-04-02T14:00:00Z,AMWD,36.79,7,Market On Close,Filled,257.53,"adjust" 
2007-04-02T14:00:00Z,EGY,5.08,44,Market On Close,Filled,223.52,"adjust" 
2007-04-02T14:00:00Z,GCI,56.29,5,Market On Close,Filled,281.45,"adjust" 
2007-04-02T14:00:00Z,NHC,50.41,4,Market On Close,Filled,201.64,"adjust" 
2007-04-02T14:00:00Z,OGE,39.28,6,Market On Close,Filled,235.68,"adjust" 
2007-04-02T14:00:00Z,USNA,47.44,19,Market On Close,Filled,901.36,"buy" 
2007-05-01T14:00:00Z,AEIS,24.9,-10,Market On Close,Filled,-249,"adjust" 
2007-05-01T14:00:00Z,AMED,33.86,-40,Market On Close,Filled,-1354.4,"expired" 
2007-05-01T14:00:00Z,AP,36.08,-30,Market On Close,Filled,-1082.4,"band" 
2007-05-01T14:00:00Z,GCI,58.16,-41,Market On Close,Filled,-2384.56,"expired" 
2007-05-01T14:00:00Z,LMS,26.8,-34,Market On Close,Filled,-911.2,"expired" 
2007-05-01T14:00:00Z,MGPI,19.59,-40,Market On Close,Filled,-783.6,"band" 
2007-05-01T14:00:00Z,STLD,44.21,-21,Market On Close,Filled,-928.41,"expired" 
2007-05-01T14:00:00Z,AEOS,29.41,7,Market On Close,Filled,205.87,"adjust" 
2007-05-01T14:00:00Z,ALB,42.51,30,Market On Close,Filled,1275.3,"buy" 
2007-05-01T14:00:00Z,EBF,22.94,60,Market On Close,Filled,1376.4,"buy" 
2007-05-01T14:00:00Z,KBALB,17.86,16,Market On Close,Filled,285.76,"adjust" 
2007-05-01T14:00:00Z,LDL,13.9,55,Market On Close,Filled,764.5,"buy" 
2007-05-01T14:00:00Z,LNDC,12.54,80,Market On Close,Filled,1003.2,"buy" 
2007-05-01T14:00:00Z,PCCC,13.31,53,Market On Close,Filled,705.43,"buy" 
2007-05-01T14:00:00Z,USMO,21.28,58,Market On Close,Filled,1234.24,"buy" 
2007-06-01T14:00:00Z,AEOS,27.19,-43,Market On Close,Filled,-1169.17,"expired" 
2007-06-01T14:00:00Z,DLTR,42.41,-6,Market On Close,Filled,-254.46,"adjust" 
2007-06-01T14:00:00Z,EGY,4.86,-160,Market On Close,Filled,-777.6,"universe" 
2007-06-01T14:00:00Z,EXPO,23.32,-13,Market On Close,Filled,-303.16,"adjust" 
2007-06-01T14:00:00Z,BRKS,17.7,66,Market On Close,Filled,1168.2,"buy" 
2007-06-01T14:00:00Z,CMI,94.1,11,Market On Close,Filled,1035.1,"buy" 
2007-06-01T14:00:00Z,IVAC,19.2,11,Market On Close,Filled,211.2,"adjust" 
2007-06-01T14:00:00Z,KBALB,13.91,17,Market On Close,Filled,236.47,"adjust" 
2007-06-01T14:00:00Z,OGE,36.96,7,Market On Close,Filled,258.72,"adjust" 
2007-06-01T14:00:00Z,TESS,24.9,9,Market On Close,Filled,224.1,"adjust" 
2007-07-02T14:00:00Z,DECK,100.96,-3,Market On Close,Filled,-302.88,"adjust" 
2007-07-02T14:00:00Z,EBF,23.98,-60,Market On Close,Filled,-1438.8,"expired" 
2007-07-02T14:00:00Z,KBALB,14.01,-71,Market On Close,Filled,-994.71,"band" 
2007-07-02T14:00:00Z,MSTR,94.59,-10,Market On Close,Filled,-945.9,"band" 
2007-07-02T14:00:00Z,OGE,37,-68,Market On Close,Filled,-2516,"band" 
2007-07-02T14:00:00Z,USMO,26.46,-9,Market On Close,Filled,-238.14,"adjust" 
2007-07-02T14:00:00Z,ALB,38.77,8,Market On Close,Filled,310.16,"adjust" 
2007-07-02T14:00:00Z,BW,42.86,14,Market On Close,Filled,600.04,"buy" 
2007-07-02T14:00:00Z,GIII,16.68,47,Market On Close,Filled,783.96,"buy" 
2007-07-02T14:00:00Z,HHGP,21.56,42,Market On Close,Filled,905.52,"buy" 
2007-07-02T14:00:00Z,MTLM,43.46,6,Market On Close,Filled,260.76,"adjust" 
2007-07-02T14:00:00Z,NHC,53.65,5,Market On Close,Filled,268.25,"adjust" 
2007-07-02T14:00:00Z,NUE,59.7,6,Market On Close,Filled,358.2,"adjust" 
2007-07-02T14:00:00Z,NVR,671.72,1,Market On Close,Filled,671.72,"buy" 
2007-07-02T14:00:00Z,SCVL,27.31,8,Market On Close,Filled,218.48,"adjust" 
2007-07-02T14:00:00Z,SHOO,32.96,10,Market On Close,Filled,329.6,"adjust" 
2007-07-02T14:00:00Z,SYKE,19.06,13,Market On Close,Filled,247.78,"adjust" 
2007-08-01T14:00:00Z,ABM,25.16,-17,Market On Close,Filled,-427.72,"adjust" 
2007-08-01T14:00:00Z,CVX,85.11,-3,Market On Close,Filled,-255.33,"adjust" 
2007-08-01T14:00:00Z,CMI,120.05,-3,Market On Close,Filled,-360.15,"adjust" 
2007-08-01T14:00:00Z,DECK,104.94,-4,Market On Close,Filled,-419.76,"adjust" 
2007-08-01T14:00:00Z,FIZ,9.79,-68,Market On Close,Filled,-665.72,"band" 
2007-08-01T14:00:00Z,COP,80.76,-4,Market On Close,Filled,-323.04,"adjust" 
2007-08-01T14:00:00Z,PCU,108.25,-3,Market On Close,Filled,-324.75,"adjust" 
2007-08-01T14:00:00Z,AMWD,30.3,10,Market On Close,Filled,303,"adjust" 
2007-08-01T14:00:00Z,B,30.8,37,Market On Close,Filled,1139.6,"buy" 
2007-08-01T14:00:00Z,LDL,11.5,18,Market On Close,Filled,207,"adjust" 
2007-08-01T14:00:00Z,ODP,25.28,11,Market On Close,Filled,278.08,"adjust" 
2007-08-01T14:00:00Z,SCVL,22.29,10,Market On Close,Filled,222.9,"adjust" 
2007-08-01T14:00:00Z,SHOO,28.14,8,Market On Close,Filled,225.12,"adjust" 
2007-08-01T14:00:00Z,TESS,16.3,10,Market On Close,Filled,163,"adjust" 
2007-08-01T14:00:00Z,VLO,63.57,3,Market On Close,Filled,190.71,"adjust" 
2007-09-04T14:00:00Z,ABFS,36.4,-29,Market On Close,Filled,-1055.6,"band" 
2007-09-04T14:00:00Z,AIT,32.81,-10,Market On Close,Filled,-328.1,"adjust" 
2007-09-04T14:00:00Z,DLTR,43.24,-11,Market On Close,Filled,-475.64,"adjust" 
2007-09-04T14:00:00Z,EXPO,24.86,-15,Market On Close,Filled,-372.9,"adjust" 
2007-09-04T14:00:00Z,LNDC,13.67,-16,Market On Close,Filled,-218.72,"adjust" 
2007-09-04T14:00:00Z,MRO,55.49,-5,Market On Close,Filled,-277.45,"adjust" 
2007-09-04T14:00:00Z,SYKE,16.17,-50,Market On Close,Filled,-808.5,"band" 
2007-09-04T14:00:00Z,USNA,39.98,-19,Market On Close,Filled,-759.62,"band" 
2007-09-04T14:00:00Z,AEIS,16.26,13,Market On Close,Filled,211.38,"adjust" 
2007-09-04T14:00:00Z,AMED,37.65,43,Market On Close,Filled,1618.95,"buy" 
2007-09-04T14:00:00Z,APU,35.45,60,Market On Close,Filled,2127,"buy" 
2007-09-04T14:00:00Z,BRKS,14.25,24,Market On Close,Filled,342,"adjust" 
2007-09-04T14:00:00Z,HHGP,13.91,16,Market On Close,Filled,222.56,"adjust" 
2007-09-04T14:00:00Z,IVAC,17.02,13,Market On Close,Filled,221.26,"adjust" 
2007-09-04T14:00:00Z,NHC,52.66,4,Market On Close,Filled,210.64,"adjust" 
2007-09-04T14:00:00Z,RS,53.51,21,Market On Close,Filled,1123.71,"buy" 
2007-09-04T14:00:00Z,UAUA,47.85,21,Market On Close,Filled,1004.85,"buy" 
2007-10-01T14:00:00Z,ALB,44.09,-11,Market On Close,Filled,-484.99,"adjust" 
2007-10-01T14:00:00Z,AMWD,26.19,-42,Market On Close,Filled,-1099.98,"band" 
2007-10-01T14:00:00Z,LNDC,16,-64,Market On Close,Filled,-1024,"expired" 
2007-10-01T14:00:00Z,MDU,27.98,-9,Market On Close,Filled,-251.82,"adjust" 
2007-10-01T14:00:00Z,MTLM,53.94,-11,Market On Close,Filled,-593.34,"adjust" 
2007-10-01T14:00:00Z,PCU,127.8,-2,Market On Close,Filled,-255.6,"adjust" 
2007-10-01T14:00:00Z,SCVL,15.79,-50,Market On Close,Filled,-789.5,"band" 
2007-10-01T14:00:00Z,TESS,15.55,-39,Market On Close,Filled,-606.45,"band" 
2007-10-01T14:00:00Z,DLX,38.25,23,Market On Close,Filled,879.75,"buy" 
2007-10-01T14:00:00Z,NVR,481.8,1,Market On Close,Filled,481.8,"adjust" 
2007-10-01T14:00:00Z,PETS,14.45,87,Market On Close,Filled,1257.15,"buy" 
2007-10-01T14:00:00Z,SHOO,19.13,11,Market On Close,Filled,210.43,"adjust" 
2007-10-01T14:00:00Z,VLGEA,52.12,24,Market On Close,Filled,1250.88,"buy" 
2007-11-01T14:00:00Z,AMED,42.45,-16,Market On Close,Filled,-679.2,"adjust" 
2007-11-01T14:00:00Z,BKE,40.9,-6,Market On Close,Filled,-245.4,"adjust" 
2007-11-01T14:00:00Z,DECK,132.75,-4,Market On Close,Filled,-531,"adjust" 
2007-11-01T14:00:00Z,SHOO,23.69,-11,Market On Close,Filled,-260.59,"adjust" 
2007-11-01T14:00:00Z,DLTR,36.61,8,Market On Close,Filled,292.88,"adjust" 
2007-11-01T14:00:00Z,MDU,27.73,9,Market On Close,Filled,249.57,"adjust" 
2007-11-01T14:00:00Z,MTLM,50.46,4,Market On Close,Filled,201.84,"adjust" 
2007-11-01T14:00:00Z,SCHN,64.07,13,Market On Close,Filled,832.91,"buy" 
2007-11-01T14:00:00Z,USMO,16.33,19,Market On Close,Filled,310.27,"adjust" 
2007-12-03T15:00:00Z,NHC,49.13,-32,Market On Close,Filled,-1572.16,"band" 
2007-12-03T15:00:00Z,NVR,486.09,-1,Market On Close,Filled,-486.09,"adjust" 
2007-12-03T15:00:00Z,DLX,29.85,8,Market On Close,Filled,238.8,"adjust" 
2007-12-03T15:00:00Z,HHGP,8.68,33,Market On Close,Filled,286.44,"adjust" 
2007-12-03T15:00:00Z,HOC,48.48,6,Market On Close,Filled,290.88,"adjust" 
2007-12-03T15:00:00Z,NVTL,15.32,46,Market On Close,Filled,704.72,"buy" 
2008-01-02T15:00:00Z,ABM,20.16,-44,Market On Close,Filled,-887.04,"band" 
2008-01-02T15:00:00Z,AMED,48.35,-5,Market On Close,Filled,-241.75,"adjust" 
2008-01-02T15:00:00Z,CVX,93.5,-3,Market On Close,Filled,-280.5,"adjust" 
2008-01-02T15:00:00Z,CMI,123.73,-2,Market On Close,Filled,-247.46,"adjust" 
2008-01-02T15:00:00Z,GIII,13.59,-47,Market On Close,Filled,-638.73,"band" 
2008-01-02T15:00:00Z,HOC,50.71,-24,Market On Close,Filled,-1217.04,"band" 
2008-01-02T15:00:00Z,LDL,10.26,-73,Market On Close,Filled,-748.98,"band" 
2008-01-02T15:00:00Z,PCCC,11.28,-53,Market On Close,Filled,-597.84,"band" 
2008-01-02T15:00:00Z,AEIS,12.76,16,Market On Close,Filled,204.16,"adjust" 
2008-01-02T15:00:00Z,CALM,25.99,27,Market On Close,Filled,701.73,"buy" 
2008-01-02T15:00:00Z,FLO,22.9,65,Market On Close,Filled,1488.5,"buy" 
2008-01-02T15:00:00Z,IMMR,13.04,55,Market On Close,Filled,717.2,"buy" 
2008-01-02T15:00:00Z,VIVO,29.81,40,Market On Close,Filled,1192.4,"buy" 
2008-01-02T15:00:00Z,PETS,11.77,19,Market On Close,Filled,223.63,"adjust" 
2008-01-02T15:00:00Z,ZEUS,32.2,29,Market On Close,Filled,933.8,"buy" 
2008-02-01T15:00:00Z,BKE,42.14,-7,Market On Close,Filled,-294.98,"adjust" 
2008-02-01T15:00:00Z,DLTR,27.79,-36,Market On Close,Filled,-1000.44,"band" 
2008-02-01T15:00:00Z,PETS,12.35,-31,Market On Close,Filled,-382.85,"adjust" 
2008-02-01T15:00:00Z,BW,30.31,12,Market On Close,Filled,363.72,"adjust" 
2008-02-01T15:00:00Z,CVX,82.42,3,Market On Close,Filled,247.26,"adjust" 
2008-02-01T15:00:00Z,IVAC,11.44,26,Market On Close,Filled,297.44,"adjust" 
2008-02-01T15:00:00Z,MEI,12.91,53,Market On Close,Filled,684.23,"buy" 
2008-03-03T15:00:00Z,BW,26.82,-26,Market On Close,Filled,-697.32,"band" 
2008-03-03T15:00:00Z,CALM,32.68,-6,Market On Close,Filled,-196.08,"adjust" 
2008-03-03T15:00:00Z,DLX,19.97,-31,Market On Close,Filled,-619.07,"band" 
2008-03-03T15:00:00Z,VIVO,34.58,-7,Market On Close,Filled,-242.06,"adjust" 
2008-03-03T15:00:00Z,NUE,66.14,-4,Market On Close,Filled,-264.56,"adjust" 
2008-03-03T15:00:00Z,ODP,11.08,-57,Market On Close,Filled,-631.56,"band" 
2008-03-03T15:00:00Z,ZEUS,42.85,-6,Market On Close,Filled,-257.1,"adjust" 
2008-03-03T15:00:00Z,CMI,50.99,4,Market On Close,Filled,203.96,"adjust" 
2008-03-03T15:00:00Z,KAMN,23.57,42,Market On Close,Filled,989.94,"buy" 
2008-03-03T15:00:00Z,OXY,78.29,15,Market On Close,Filled,1174.35,"buy" 
2008-03-03T15:00:00Z,USMO,10.42,34,Market On Close,Filled,354.28,"adjust" 
2008-03-03T15:00:00Z,WDC,31.25,30,Market On Close,Filled,937.5,"buy" 
2008-03-15T04:00:00Z,MTLM,55.27,-23,Market,Filled,-1271.21,"Liquidate from delisting" 
2008-04-01T14:00:00Z,AEIS,13.68,-59,Market On Close,Filled,-807.12,"band" 
2008-04-01T14:00:00Z,ALB,37,-27,Market On Close,Filled,-999,"band" 
2008-04-01T14:00:00Z,FLO,24.55,-11,Market On Close,Filled,-270.05,"adjust" 
2008-04-01T14:00:00Z,HHGP,8.96,-91,Market On Close,Filled,-815.36,"band" 
2008-04-01T14:00:00Z,IVAC,13.94,-71,Market On Close,Filled,-989.74,"band" 
2008-04-01T14:00:00Z,USMO,7.45,-102,Market On Close,Filled,-759.9,"band" 
2008-04-01T14:00:00Z,VLO,51.87,-23,Market On Close,Filled,-1193.01,"band" 
2008-04-01T14:00:00Z,APU,30.24,7,Market On Close,Filled,211.68,"adjust" 
2008-04-01T14:00:00Z,AZZ,37.81,21,Market On Close,Filled,794.01,"buy" 
2008-04-01T14:00:00Z,FCX,97.59,8,Market On Close,Filled,780.72,"buy" 
2008-04-01T14:00:00Z,FSTR,44.97,14,Market On Close,Filled,629.58,"buy" 
2008-04-01T14:00:00Z,IMMR,6.98,34,Market On Close,Filled,237.32,"adjust" 
2008-04-01T14:00:00Z,JAKK,28.75,37,Market On Close,Filled,1063.75,"buy" 
2008-04-01T14:00:00Z,LG,35.89,46,Market On Close,Filled,1650.94,"buy" 
2008-04-01T14:00:00Z,LXU,15.08,49,Market On Close,Filled,738.92,"buy" 
2008-04-01T14:00:00Z,NVTL,10.39,21,Market On Close,Filled,218.19,"adjust" 
2008-04-01T14:00:00Z,SCHL,30.49,36,Market On Close,Filled,1097.64,"buy" 
2008-05-01T14:00:00Z,AMED,52.34,-22,Market On Close,Filled,-1151.48,"expired" 
2008-05-01T14:00:00Z,CMI,65.75,-16,Market On Close,Filled,-1052,"band" 
2008-05-01T14:00:00Z,EXPO,34.07,-11,Market On Close,Filled,-374.77,"adjust" 
2008-05-01T14:00:00Z,IMMR,11.06,-89,Market On Close,Filled,-984.34,"band" 
2008-05-01T14:00:00Z,KAMN,27.67,-42,Market On Close,Filled,-1162.14,"expired" 
2008-05-01T14:00:00Z,OXY,81.02,-15,Market On Close,Filled,-1215.3,"expired" 
2008-05-01T14:00:00Z,COP,86.59,-19,Market On Close,Filled,-1645.21,"expired" 
2008-05-01T14:00:00Z,PCU,110,-8,Market On Close,Filled,-880,"expired" 
2008-05-01T14:00:00Z,SCHN,86.4,-3,Market On Close,Filled,-259.2,"adjust" 
2008-05-01T14:00:00Z,UAUA,16.1,-21,Market On Close,Filled,-338.1,"expired" 
2008-05-01T14:00:00Z,AAON,19.08,54,Market On Close,Filled,1030.32,"buy" 
2008-05-01T14:00:00Z,ATNI,33.25,34,Market On Close,Filled,1130.5,"buy" 
2008-05-01T14:00:00Z,AZZ,27.56,8,Market On Close,Filled,220.48,"adjust" 
2008-05-01T14:00:00Z,CUB,27.74,30,Market On Close,Filled,832.2,"buy" 
2008-05-01T14:00:00Z,NEU,63.59,14,Market On Close,Filled,890.26,"buy" 
2008-05-01T14:00:00Z,GHM,58.23,9,Market On Close,Filled,524.07,"buy" 
2008-05-01T14:00:00Z,HOFT,21.3,42,Market On Close,Filled,894.6,"buy" 
2008-05-01T14:00:00Z,MRO,47.86,5,Market On Close,Filled,239.3,"adjust" 
2008-05-01T14:00:00Z,PETS,11.21,31,Market On Close,Filled,347.51,"adjust" 
2008-05-01T14:00:00Z,PTEN,27.94,43,Market On Close,Filled,1201.42,"buy" 
2008-05-01T14:00:00Z,SCHL,29.32,8,Market On Close,Filled,234.56,"adjust" 
2008-05-01T14:00:00Z,WEYS,28.57,28,Market On Close,Filled,799.96,"buy" 
2008-06-02T14:00:00Z,B,30.9,-7,Market On Close,Filled,-216.3,"adjust" 
2008-06-02T14:00:00Z,BRKS,9.89,-90,Market On Close,Filled,-890.1,"band" 
2008-06-02T14:00:00Z,FLO,27.91,-54,Market On Close,Filled,-1507.14,"expired" 
2008-06-02T14:00:00Z,LXU,17.5,-49,Market On Close,Filled,-857.5,"band" 
2008-06-02T14:00:00Z,MDU,32.72,-10,Market On Close,Filled,-327.2,"adjust" 
2008-06-02T14:00:00Z,MRO,51.66,-26,Market On Close,Filled,-1343.16,"band" 
2008-06-02T14:00:00Z,NVTL,10.19,-67,Market On Close,Filled,-682.73,"expired" 
2008-06-02T14:00:00Z,PETS,13.86,-22,Market On Close,Filled,-304.92,"adjust" 
2008-06-02T14:00:00Z,ZEUS,62.23,-6,Market On Close,Filled,-373.38,"adjust" 
2008-06-02T14:00:00Z,APA,135.81,9,Market On Close,Filled,1222.29,"buy" 
2008-06-02T14:00:00Z,CF,139.39,5,Market On Close,Filled,696.95,"buy" 
2008-06-02T14:00:00Z,FSTR,34.19,6,Market On Close,Filled,205.14,"adjust" 
2008-06-02T14:00:00Z,JAKK,22.79,12,Market On Close,Filled,273.48,"adjust" 
2008-06-02T14:00:00Z,NFLX,30.89,27,Market On Close,Filled,834.03,"buy" 
2008-06-02T14:00:00Z,OXY,92.58,14,Market On Close,Filled,1296.12,"buy" 
2008-06-02T14:00:00Z,USPH,16.89,135,Market On Close,Filled,2280.15,"buy" 
2008-06-02T14:00:00Z,VLGEA,46.27,6,Market On Close,Filled,277.62,"adjust" 
2008-07-01T14:00:00Z,AZZ,44.06,-11,Market On Close,Filled,-484.66,"adjust" 
2008-07-01T14:00:00Z,CMC,36.95,-6,Market On Close,Filled,-221.7,"adjust" 
2008-07-01T14:00:00Z,CUB,22.01,-30,Market On Close,Filled,-660.3,"band" 
2008-07-01T14:00:00Z,MDU,34.89,-9,Market On Close,Filled,-314.01,"adjust" 
2008-07-01T14:00:00Z,PTEN,36.02,-11,Market On Close,Filled,-396.22,"adjust" 
2008-07-01T14:00:00Z,RS,78.12,-4,Market On Close,Filled,-312.48,"adjust" 
2008-07-01T14:00:00Z,SCHN,114.56,-2,Market On Close,Filled,-229.12,"adjust" 
2008-07-01T14:00:00Z,ZEUS,70.47,-4,Market On Close,Filled,-281.88,"adjust" 
2008-07-01T14:00:00Z,AIT,23.8,10,Market On Close,Filled,238,"adjust" 
2008-07-01T14:00:00Z,B,23.6,11,Market On Close,Filled,259.6,"adjust" 
2008-07-01T14:00:00Z,VIVO,28.03,9,Market On Close,Filled,252.27,"adjust" 
2008-07-01T14:00:00Z,MEI,10.44,22,Market On Close,Filled,229.68,"adjust" 
2008-07-01T14:00:00Z,NVR,508.01,1,Market On Close,Filled,508.01,"adjust" 
2008-07-01T14:00:00Z,UACL,22.31,39,Market On Close,Filled,870.09,"buy" 
2008-08-01T14:00:00Z,AZZ,46.14,-18,Market On Close,Filled,-830.52,"expired" 
2008-08-01T14:00:00Z,GHM,101.97,-9,Market On Close,Filled,-917.73,"expired" 
2008-08-01T14:00:00Z,NVR,539.04,-1,Market On Close,Filled,-539.04,"adjust" 
2008-08-01T14:00:00Z,HOFT,16.96,14,Market On Close,Filled,237.44,"adjust" 
2008-08-01T14:00:00Z,SKX,18.96,38,Market On Close,Filled,720.48,"buy" 
2008-08-01T14:00:00Z,UGI,26.27,81,Market On Close,Filled,2127.87,"buy" 
2008-09-02T14:00:00Z,AIT,28.7,-7,Market On Close,Filled,-200.9,"adjust" 
2008-09-02T14:00:00Z,SCHL,27.02,-44,Market On Close,Filled,-1188.88,"band" 
2008-09-02T14:00:00Z,SHOO,26.29,-9,Market On Close,Filled,-236.61,"adjust" 
2008-09-02T14:00:00Z,USPH,19.98,-42,Market On Close,Filled,-839.16,"adjust" 
2008-09-02T14:00:00Z,VLGEA,44.99,-6,Market On Close,Filled,-269.94,"adjust" 
2008-09-02T14:00:00Z,CMC,24.61,10,Market On Close,Filled,246.1,"adjust" 
2008-09-02T14:00:00Z,DECK,117.07,2,Market On Close,Filled,234.14,"adjust" 
2008-09-02T14:00:00Z,EXPO,30,7,Market On Close,Filled,210,"adjust" 
2008-09-02T14:00:00Z,SCHN,64.15,4,Market On Close,Filled,256.6,"adjust" 
2008-09-02T14:00:00Z,WDC,26.34,9,Market On Close,Filled,237.06,"adjust" 
2008-09-02T14:00:00Z,WTI,33.31,26,Market On Close,Filled,866.06,"buy" 
2008-10-01T14:00:00Z,CALM,27.42,-21,Market On Close,Filled,-575.82,"expired" 
2008-10-01T14:00:00Z,CVX,82.25,-3,Market On Close,Filled,-246.75,"adjust" 
2008-10-01T14:00:00Z,CMC,16.28,-40,Market On Close,Filled,-651.2,"band" 
2008-10-01T14:00:00Z,FCX,52.97,-8,Market On Close,Filled,-423.76,"band" 
2008-10-01T14:00:00Z,VIVO,29.55,-42,Market On Close,Filled,-1241.1,"band" 
2008-10-01T14:00:00Z,LG,50.68,-17,Market On Close,Filled,-861.56,"adjust" 
2008-10-01T14:00:00Z,MDU,28.9,-10,Market On Close,Filled,-289,"adjust" 
2008-10-01T14:00:00Z,VLGEA,47.77,-5,Market On Close,Filled,-238.85,"adjust" 
2008-10-01T14:00:00Z,DAR,11,77,Market On Close,Filled,847,"buy" 
2008-10-01T14:00:00Z,NEU,52.55,4,Market On Close,Filled,210.2,"adjust" 
2008-10-01T14:00:00Z,FSTR,30.71,8,Market On Close,Filled,245.68,"adjust" 
2008-10-01T14:00:00Z,IIIN,13,59,Market On Close,Filled,767,"buy" 
2008-10-01T14:00:00Z,LHCG,29,31,Market On Close,Filled,899,"buy" 
2008-10-01T14:00:00Z,MEI,8.73,24,Market On Close,Filled,209.52,"adjust" 
2008-10-01T14:00:00Z,SCHN,37.63,6,Market On Close,Filled,225.78,"adjust" 
2008-10-01T14:00:00Z,SKX,16.23,16,Market On Close,Filled,259.68,"adjust" 
2008-10-01T14:00:00Z,TTWO,15.93,47,Market On Close,Filled,748.71,"buy" 
2008-10-01T14:00:00Z,ZEUS,28.14,8,Market On Close,Filled,225.12,"adjust" 
2008-11-03T15:00:00Z,APU,31.48,-38,Market On Close,Filled,-1196.24,"adjust" 
2008-11-03T15:00:00Z,AIT,19.93,-33,Market On Close,Filled,-657.69,"expired" 
2008-11-03T15:00:00Z,CVX,73.61,-7,Market On Close,Filled,-515.27,"adjust" 
2008-11-03T15:00:00Z,DECK,80.65,-7,Market On Close,Filled,-564.55,"band" 
2008-11-03T15:00:00Z,FSTR,28.28,-28,Market On Close,Filled,-791.84,"band" 
2008-11-03T15:00:00Z,LG,54.58,-9,Market On Close,Filled,-491.22,"adjust" 
2008-11-03T15:00:00Z,LHCG,33.95,-11,Market On Close,Filled,-373.45,"adjust" 
2008-11-03T15:00:00Z,PETS,18.25,-19,Market On Close,Filled,-346.75,"adjust" 
2008-11-03T15:00:00Z,UGI,23.83,-27,Market On Close,Filled,-643.41,"adjust" 
2008-11-03T15:00:00Z,ABFS,29.03,27,Market On Close,Filled,783.81,"buy" 
2008-11-03T15:00:00Z,CALM,29.09,24,Market On Close,Filled,698.16,"buy" 
2008-11-03T15:00:00Z,NEU,36.59,6,Market On Close,Filled,219.54,"adjust" 
2008-11-03T15:00:00Z,HOFT,9.8,44,Market On Close,Filled,431.2,"adjust" 
2008-11-03T15:00:00Z,K,52.29,34,Market On Close,Filled,1777.86,"buy" 
2008-11-03T15:00:00Z,NVR,499.85,1,Market On Close,Filled,499.85,"adjust" 
2008-11-03T15:00:00Z,PTEN,12.63,18,Market On Close,Filled,227.34,"adjust" 
2008-11-03T15:00:00Z,TTWO,12.26,24,Market On Close,Filled,294.24,"adjust" 
2008-12-01T15:00:00Z,AAON,17.3,-13,Market On Close,Filled,-224.9,"adjust" 
2008-12-01T15:00:00Z,NEU,29.22,-24,Market On Close,Filled,-701.28,"band" 
2008-12-01T15:00:00Z,WEYS,27.26,-7,Market On Close,Filled,-190.82,"adjust" 
2008-12-01T15:00:00Z,B,11.92,16,Market On Close,Filled,190.72,"adjust" 
2008-12-01T15:00:00Z,BKE,16.39,12,Market On Close,Filled,196.68,"adjust" 
2008-12-01T15:00:00Z,CF,44.12,5,Market On Close,Filled,220.6,"adjust" 
2008-12-01T15:00:00Z,DAR,3.66,45,Market On Close,Filled,164.7,"adjust" 
2008-12-01T15:00:00Z,GCO,11.47,47,Market On Close,Filled,539.09,"buy" 
2008-12-01T15:00:00Z,JAKK,17.03,14,Market On Close,Filled,238.42,"adjust" 
2008-12-01T15:00:00Z,SHOO,16.89,15,Market On Close,Filled,253.35,"adjust" 
2008-12-01T15:00:00Z,SKX,11.31,17,Market On Close,Filled,192.27,"adjust" 
2008-12-01T15:00:00Z,WDC,10.8,23,Market On Close,Filled,248.4,"adjust" 
2008-12-01T15:00:00Z,ZEUS,14.52,12,Market On Close,Filled,174.24,"adjust" 
2009-01-02T15:00:00Z,HOFT,7.67,-100,Market On Close,Filled,-767,"band" 
2009-01-02T15:00:00Z,SCHN,40.18,-18,Market On Close,Filled,-723.24,"expired" 
2009-01-02T15:00:00Z,SHOO,21.25,-12,Market On Close,Filled,-255,"adjust" 
2009-01-02T15:00:00Z,USPH,13.2,-18,Market On Close,Filled,-237.6,"adjust" 
2009-01-02T15:00:00Z,VLGEA,53.69,-4,Market On Close,Filled,-214.76,"adjust" 
2009-01-02T15:00:00Z,APU,29.54,9,Market On Close,Filled,265.86,"adjust" 
2009-01-02T15:00:00Z,DLTR,42.05,29,Market On Close,Filled,1219.45,"buy" 
2009-01-02T15:00:00Z,DMLP,17.73,55,Market On Close,Filled,975.15,"buy" 
2009-01-02T15:00:00Z,K,45,5,Market On Close,Filled,225,"adjust" 
2009-01-02T15:00:00Z,RS,21.64,11,Market On Close,Filled,238.04,"adjust" 
2009-01-02T15:00:00Z,TTWO,7.95,31,Market On Close,Filled,246.45,"adjust" 
2009-01-02T15:00:00Z,WTI,15.22,16,Market On Close,Filled,243.52,"adjust" 
2009-02-02T15:00:00Z,BKE,21.45,-11,Market On Close,Filled,-235.95,"adjust" 
2009-02-02T15:00:00Z,DAR,4.48,-122,Market On Close,Filled,-546.56,"universe" 
2009-02-02T15:00:00Z,DMLP,19.75,-13,Market On Close,Filled,-256.75,"adjust" 
2009-02-02T15:00:00Z,MEI,4.9,-99,Market On Close,Filled,-485.1,"universe" 
2009-02-02T15:00:00Z,NFLX,36.95,-7,Market On Close,Filled,-258.65,"adjust" 
2009-02-02T15:00:00Z,WDC,15.52,-62,Market On Close,Filled,-962.24,"band" 
2009-02-02T15:00:00Z,CRK,38.42,13,Market On Close,Filled,499.46,"buy" 
2009-02-02T15:00:00Z,EGY,7.86,70,Market On Close,Filled,550.2,"buy" 
2009-02-02T15:00:00Z,LHCG,27.2,9,Market On Close,Filled,244.8,"adjust" 
2009-02-02T15:00:00Z,KFRC,6.32,118,Market On Close,Filled,745.76,"buy" 
2009-03-02T15:00:00Z,APU,27.34,-7,Market On Close,Filled,-191.38,"adjust" 
2009-03-02T15:00:00Z,CF,58.99,-10,Market On Close,Filled,-589.9,"band" 
2009-03-02T15:00:00Z,DLTR,39.23,-6,Market On Close,Filled,-235.38,"adjust" 
2009-03-02T15:00:00Z,RS,19.88,-10,Market On Close,Filled,-198.8,"adjust" 
2009-03-02T15:00:00Z,CALM,20.47,9,Market On Close,Filled,184.23,"adjust" 
2009-03-02T15:00:00Z,FSYS,19.25,21,Market On Close,Filled,404.25,"buy" 
2009-04-01T14:00:00Z,ABFS,19.17,-27,Market On Close,Filled,-517.59,"band" 
2009-04-01T14:00:00Z,APA,66.05,-9,Market On Close,Filled,-594.45,"band" 
2009-04-01T14:00:00Z,B,11,-57,Market On Close,Filled,-627,"band" 
2009-04-01T14:00:00Z,BKE,31.65,-12,Market On Close,Filled,-379.8,"adjust" 
2009-04-01T14:00:00Z,GCO,19.2,-15,Market On Close,Filled,-288,"adjust" 
2009-04-01T14:00:00Z,JAKK,12.65,-63,Market On Close,Filled,-796.95,"band" 
2009-04-01T14:00:00Z,NVR,430.02,-2,Market On Close,Filled,-860.04,"band" 
2009-04-01T14:00:00Z,SKX,6.91,-71,Market On Close,Filled,-490.61,"band" 
2009-04-01T14:00:00Z,TTWO,8.47,-26,Market On Close,Filled,-220.22,"adjust" 
2009-04-01T14:00:00Z,WTI,6.24,-42,Market On Close,Filled,-262.08,"band" 
2009-04-01T14:00:00Z,CMTL,25.14,27,Market On Close,Filled,678.78,"buy" 
2009-04-01T14:00:00Z,CNC,17.65,47,Market On Close,Filled,829.55,"buy" 
2009-04-01T14:00:00Z,CODI,9.21,62,Market On Close,Filled,571.02,"buy" 
2009-04-01T14:00:00Z,HWKN,15.34,70,Market On Close,Filled,1073.8,"buy" 
2009-04-01T14:00:00Z,LG,39.12,8,Market On Close,Filled,312.96,"adjust" 
2009-04-01T14:00:00Z,MLAB,16.6,54,Market On Close,Filled,896.4,"buy" 
2009-04-01T14:00:00Z,MTSC,22.55,39,Market On Close,Filled,879.45,"buy" 
2009-04-01T14:00:00Z,SYKE,16.59,48,Market On Close,Filled,796.32,"buy" 
2009-05-01T14:00:00Z,EGY,4.7,-70,Market On Close,Filled,-329,"universe" 
2009-05-01T14:00:00Z,KFRC,10.63,-118,Market On Close,Filled,-1254.34,"expired" 
2009-05-01T14:00:00Z,SHOO,28.47,-16,Market On Close,Filled,-455.52,"adjust" 
2009-05-01T14:00:00Z,USPH,11.16,-18,Market On Close,Filled,-200.88,"adjust" 
2009-05-01T14:00:00Z,CVX,66.84,4,Market On Close,Filled,267.36,"adjust" 
2009-05-01T14:00:00Z,KIRK,6.71,100,Market On Close,Filled,671,"buy" 
2009-05-01T14:00:00Z,LG,35.59,8,Market On Close,Filled,284.72,"adjust" 
2009-05-01T14:00:00Z,PLCE,28.9,25,Market On Close,Filled,722.5,"buy" 
2009-05-01T14:00:00Z,UGI,23.62,14,Market On Close,Filled,330.68,"adjust" 
2009-06-01T14:00:00Z,HWKN,21,-19,Market On Close,Filled,-399,"adjust" 
2009-06-01T14:00:00Z,IIIN,9.08,-59,Market On Close,Filled,-535.72,"band" 
2009-06-01T14:00:00Z,FSYS,22.74,-21,Market On Close,Filled,-477.54,"band" 
2009-06-01T14:00:00Z,MDU,19.61,-44,Market On Close,Filled,-862.84,"band" 
2009-06-01T14:00:00Z,MLAB,20,-10,Market On Close,Filled,-200,"adjust" 
2009-06-01T14:00:00Z,OXY,69.33,-4,Market On Close,Filled,-277.32,"adjust" 
2009-06-01T14:00:00Z,PLCE,36.79,-7,Market On Close,Filled,-257.53,"adjust" 
2009-06-01T14:00:00Z,ZEUS,19.69,-33,Market On Close,Filled,-649.77,"band" 
2009-06-01T14:00:00Z,DGIT,20.92,40,Market On Close,Filled,836.8,"buy" 
2009-06-01T14:00:00Z,NJR,34.85,43,Market On Close,Filled,1498.55,"buy" 
2009-06-01T14:00:00Z,SPH,42.33,28,Market On Close,Filled,1185.24,"buy" 
2009-06-01T14:00:00Z,USMO,11.34,76,Market On Close,Filled,861.84,"buy" 
2009-07-01T14:00:00Z,ATNI,39.86,-34,Market On Close,Filled,-1355.24,"band" 
2009-07-01T14:00:00Z,CMTL,32.55,-27,Market On Close,Filled,-878.85,"band" 
2009-07-01T14:00:00Z,CRK,31.75,-13,Market On Close,Filled,-412.75,"band" 
2009-07-01T14:00:00Z,KIRK,11.21,-49,Market On Close,Filled,-549.29,"adjust" 
2009-07-01T14:00:00Z,LG,33.74,-36,Market On Close,Filled,-1214.64,"band" 
2009-07-01T14:00:00Z,TTWO,9.73,-76,Market On Close,Filled,-739.48,"band" 
2009-07-01T14:00:00Z,ALGN,10.79,68,Market On Close,Filled,733.72,"buy" 
2009-07-01T14:00:00Z,CTR,17.99,46,Market On Close,Filled,827.54,"buy" 
2009-07-01T14:00:00Z,CSGS,13.91,80,Market On Close,Filled,1112.8,"buy" 
2009-07-01T14:00:00Z,DLTR,42.43,7,Market On Close,Filled,297.01,"adjust" 
2009-07-01T14:00:00Z,MTSC,21.29,12,Market On Close,Filled,255.48,"adjust" 
2009-07-01T14:00:00Z,PLCE,27.08,8,Market On Close,Filled,216.64,"adjust" 
2009-07-01T14:00:00Z,DORM,14.31,27,Market On Close,Filled,386.37,"buy" 
2009-07-01T14:00:00Z,SIF,10.57,64,Market On Close,Filled,676.48,"buy" 
2009-08-03T14:00:00Z,CSGS,16.5,-18,Market On Close,Filled,-297,"adjust" 
2009-08-03T14:00:00Z,GCO,22.07,-32,Market On Close,Filled,-706.24,"band" 
2009-08-03T14:00:00Z,USPH,15.83,-13,Market On Close,Filled,-205.79,"adjust" 
2009-08-03T14:00:00Z,APU,36.99,6,Market On Close,Filled,221.94,"adjust" 
2009-08-03T14:00:00Z,HWKN,18.98,12,Market On Close,Filled,227.76,"adjust" 
2009-08-03T14:00:00Z,RGR,11.87,58,Market On Close,Filled,688.46,"buy" 
2009-09-01T14:00:00Z,ALGN,12.91,-29,Market On Close,Filled,-374.39,"adjust" 
2009-09-01T14:00:00Z,DLTR,49.53,-6,Market On Close,Filled,-297.18,"adjust" 
2009-09-01T14:00:00Z,MTSC,26.35,-8,Market On Close,Filled,-210.8,"adjust" 
2009-09-01T14:00:00Z,PTEN,13.17,-50,Market On Close,Filled,-658.5,"band" 
2009-09-01T14:00:00Z,SIF,13.8,-21,Market On Close,Filled,-289.8,"adjust" 
2009-09-01T14:00:00Z,WEYS,21.96,-21,Market On Close,Filled,-461.16,"band" 
2009-09-01T14:00:00Z,ALGT,37.8,18,Market On Close,Filled,680.4,"buy" 
2009-09-01T14:00:00Z,ATO,27.06,63,Market On Close,Filled,1704.78,"buy" 
2009-10-01T14:00:00Z,BKE,33.52,-21,Market On Close,Filled,-703.92,"band" 
2009-10-01T14:00:00Z,CTR,19.6,-10,Market On Close,Filled,-196,"adjust" 
2009-10-01T14:00:00Z,CODI,10.3,-62,Market On Close,Filled,-638.6,"band" 
2009-10-01T14:00:00Z,HWKN,22.76,-19,Market On Close,Filled,-432.44,"adjust" 
2009-10-01T14:00:00Z,DISCA,28.91,34,Market On Close,Filled,982.94,"buy" 
2009-10-01T14:00:00Z,SCHN,51.67,10,Market On Close,Filled,516.7,"buy" 
2009-10-01T14:00:00Z,SPH,41.36,5,Market On Close,Filled,206.8,"adjust" 
2009-10-01T14:00:00Z,VLGEA,29.15,7,Market On Close,Filled,204.05,"adjust" 
2009-11-02T15:00:00Z,CSGS,15.98,-62,Market On Close,Filled,-990.76,"band" 
2009-11-02T15:00:00Z,EXPO,26.11,-36,Market On Close,Filled,-939.96,"band" 
2009-11-02T15:00:00Z,NFLX,53.8,-5,Market On Close,Filled,-269,"adjust" 
2009-11-02T15:00:00Z,NUE,39.02,-16,Market On Close,Filled,-624.32,"band" 
2009-11-02T15:00:00Z,PLCE,32.53,-26,Market On Close,Filled,-845.78,"band" 
2009-11-02T15:00:00Z,SHOO,40.71,-6,Market On Close,Filled,-244.26,"adjust" 
2009-11-02T15:00:00Z,SYKE,24.44,-11,Market On Close,Filled,-268.84,"adjust" 
2009-11-02T15:00:00Z,APOG,12.9,52,Market On Close,Filled,670.8,"buy" 
2009-11-02T15:00:00Z,CVI,10.34,47,Market On Close,Filled,485.98,"buy" 
2009-11-02T15:00:00Z,LXU,12.34,57,Market On Close,Filled,703.38,"buy" 
2009-11-02T15:00:00Z,NJR,34.97,7,Market On Close,Filled,244.79,"adjust" 
2009-11-02T15:00:00Z,POWL,36.05,20,Market On Close,Filled,721,"buy" 
2009-11-02T15:00:00Z,UGI,23.81,11,Market On Close,Filled,261.91,"adjust" 
2009-12-01T15:00:00Z,AAON,19.03,-41,Market On Close,Filled,-780.23,"band" 
2009-12-01T15:00:00Z,ALGT,42.5,-18,Market On Close,Filled,-765,"band" 
2009-12-01T15:00:00Z,CVX,79.06,-15,Market On Close,Filled,-1185.9,"band" 
2009-12-01T15:00:00Z,CNC,19.27,-47,Market On Close,Filled,-905.69,"band" 
2009-12-01T15:00:00Z,DGIT,27.28,-13,Market On Close,Filled,-354.64,"adjust" 
2009-12-01T15:00:00Z,DMLP,20.78,-42,Market On Close,Filled,-872.76,"band" 
2009-12-01T15:00:00Z,NJR,36.15,-50,Market On Close,Filled,-1807.5,"band" 
2009-12-01T15:00:00Z,OXY,82.18,-10,Market On Close,Filled,-821.8,"band" 
2009-12-01T15:00:00Z,UACL,16.13,-39,Market On Close,Filled,-629.07,"band" 
2009-12-01T15:00:00Z,APU,37.48,7,Market On Close,Filled,262.36,"adjust" 
2009-12-01T15:00:00Z,CENT,9.15,82,Market On Close,Filled,750.3,"buy" 
2009-12-01T15:00:00Z,EGN,44.15,25,Market On Close,Filled,1103.75,"buy" 
2009-12-01T15:00:00Z,GTLS,16.91,33,Market On Close,Filled,558.03,"buy" 
2009-12-01T15:00:00Z,HHS,9.82,77,Market On Close,Filled,756.14,"buy" 
2009-12-01T15:00:00Z,LANC,48.46,29,Market On Close,Filled,1405.34,"buy" 
2009-12-01T15:00:00Z,MLAB,24.15,10,Market On Close,Filled,241.5,"adjust" 
2009-12-01T15:00:00Z,OTL,9.38,57,Market On Close,Filled,534.66,"buy" 
2009-12-01T15:00:00Z,SPH,43.34,8,Market On Close,Filled,346.72,"adjust" 
2009-12-01T15:00:00Z,TTEC,19.56,41,Market On Close,Filled,801.96,"buy" 
2009-12-01T15:00:00Z,USMO,10.34,30,Market On Close,Filled,310.2,"adjust" 
2009-12-01T15:00:00Z,VLGEA,30.85,7,Market On Close,Filled,215.95,"adjust" 
2009-12-01T15:00:00Z,WCC,26.34,31,Market On Close,Filled,816.54,"buy" 
2010-01-04T15:00:00Z,CALM,34.28,-33,Market On Close,Filled,-1131.24,"band" 
2010-01-04T15:00:00Z,CENT,10.65,-82,Market On Close,Filled,-873.3,"universe" 
2010-01-04T15:00:00Z,KIRK,18,-18,Market On Close,Filled,-324,"adjust" 
2010-01-04T15:00:00Z,SCHN,50,-10,Market On Close,Filled,-500,"expired" 
2010-01-04T15:00:00Z,CVI,7.43,38,Market On Close,Filled,282.34,"adjust" 
2010-01-04T15:00:00Z,LINC,21.95,38,Market On Close,Filled,834.1,"buy" 
2010-01-04T15:00:00Z,MFRI,6.77,114,Market On Close,Filled,771.78,"buy" 
2010-01-04T15:00:00Z,POWL,32.36,8,Market On Close,Filled,258.88,"adjust" 
2010-01-04T15:00:00Z,RGR,10.24,23,Market On Close,Filled,235.52,"adjust" 
2010-01-04T15:00:00Z,TSRA,23.81,30,Market On Close,Filled,714.3,"buy" 
2010-02-01T15:00:00Z,MLAB,27.2,-54,Market On Close,Filled,-1468.8,"universe" 
2010-02-01T15:00:00Z,NFLX,61.03,-15,Market On Close,Filled,-915.45,"band" 
2010-02-01T15:00:00Z,VLGEA,26.13,-44,Market On Close,Filled,-1149.72,"band" 
2010-02-01T15:00:00Z,ATO,27.6,9,Market On Close,Filled,248.4,"adjust" 
2010-02-01T15:00:00Z,CLW,47.43,11,Market On Close,Filled,521.73,"buy" 
2010-02-01T15:00:00Z,CORE,30.23,39,Market On Close,Filled,1178.97,"buy" 
2010-02-01T15:00:00Z,DISCA,29.79,7,Market On Close,Filled,208.53,"adjust" 
2010-02-01T15:00:00Z,MTRX,10.52,80,Market On Close,Filled,841.6,"buy" 
2010-02-01T15:00:00Z,DORM,15.35,16,Market On Close,Filled,245.6,"adjust" 
2010-03-01T15:00:00Z,DLTR,55.28,-4,Market On Close,Filled,-221.12,"adjust" 
2010-03-01T15:00:00Z,EGN,46.68,-25,Market On Close,Filled,-1167,"universe" 
2010-03-01T15:00:00Z,MTSC,27.92,-43,Market On Close,Filled,-1200.56,"band" 
2010-03-01T15:00:00Z,SPH,46.96,-5,Market On Close,Filled,-234.8,"adjust" 
2010-03-01T15:00:00Z,APOG,14.86,16,Market On Close,Filled,237.76,"adjust" 
2010-03-01T15:00:00Z,CTR,20.18,12,Market On Close,Filled,242.16,"adjust" 
2010-03-01T15:00:00Z,HWKN,20.6,15,Market On Close,Filled,309,"adjust" 
2010-03-01T15:00:00Z,POWL,29.32,7,Market On Close,Filled,205.24,"adjust" 
2010-03-01T15:00:00Z,SIF,14.39,15,Market On Close,Filled,215.85,"adjust" 
2010-03-01T15:00:00Z,SYKE,24.68,14,Market On Close,Filled,345.52,"adjust" 
2010-03-01T15:00:00Z,TESS,19.53,39,Market On Close,Filled,761.67,"buy" 
2010-03-01T15:00:00Z,TTEC,18.06,15,Market On Close,Filled,270.9,"adjust" 
2010-03-01T15:00:00Z,UFS,56.19,11,Market On Close,Filled,618.09,"buy" 
2010-04-01T14:00:00Z,CTR,22.12,-48,Market On Close,Filled,-1061.76,"band" 
2010-04-01T14:00:00Z,MFRI,6.68,-114,Market On Close,Filled,-761.52,"universe" 
2010-04-01T14:00:00Z,AMED,56.99,14,Market On Close,Filled,797.86,"buy" 
2010-04-01T14:00:00Z,APU,40.51,11,Market On Close,Filled,445.61,"adjust" 
2010-04-01T14:00:00Z,HA,7.36,108,Market On Close,Filled,794.88,"buy" 
2010-04-01T14:00:00Z,SYKE,22.91,9,Market On Close,Filled,206.19,"adjust" 
2010-05-03T14:00:00Z,HWKN,27.56,-11,Market On Close,Filled,-303.16,"adjust" 
2010-05-03T14:00:00Z,LXU,18.65,-57,Market On Close,Filled,-1063.05,"band" 
2010-05-03T14:00:00Z,OTL,13.92,-57,Market On Close,Filled,-793.44,"band" 
2010-05-03T14:00:00Z,PETS,21.44,-10,Market On Close,Filled,-214.4,"adjust" 
2010-05-03T14:00:00Z,RGR,17.23,-81,Market On Close,Filled,-1395.63,"band" 
2010-05-03T14:00:00Z,SIF,13.95,-58,Market On Close,Filled,-809.1,"universe" 
2010-05-03T14:00:00Z,SYKE,22.51,-60,Market On Close,Filled,-1350.6,"band" 
2010-05-03T14:00:00Z,TTEC,16.87,-56,Market On Close,Filled,-944.72,"expired" 
2010-05-03T14:00:00Z,USMO,14.23,-106,Market On Close,Filled,-1508.38,"expired" 
2010-05-03T14:00:00Z,ALG,24.59,48,Market On Close,Filled,1180.32,"buy" 
2010-05-03T14:00:00Z,ATO,29.84,8,Market On Close,Filled,238.72,"adjust" 
2010-05-03T14:00:00Z,CORE,30.59,10,Market On Close,Filled,305.9,"adjust" 
2010-05-03T14:00:00Z,FLXS,13.39,54,Market On Close,Filled,723.06,"buy" 
2010-05-03T14:00:00Z,GIII,30.75,26,Market On Close,Filled,799.5,"buy" 
2010-05-03T14:00:00Z,JBSS,15.05,65,Market On Close,Filled,978.25,"buy" 
2010-05-03T14:00:00Z,K,54.74,4,Market On Close,Filled,218.96,"adjust" 
2010-05-03T14:00:00Z,LANC,54.58,5,Market On Close,Filled,272.9,"adjust" 
2010-05-03T14:00:00Z,MSTR,76.09,10,Market On Close,Filled,760.9,"buy" 
2010-05-03T14:00:00Z,OSK,39.75,22,Market On Close,Filled,874.5,"buy" 
2010-05-03T14:00:00Z,SPH,47.91,11,Market On Close,Filled,527.01,"adjust" 
2010-05-03T14:00:00Z,SXI,25.94,29,Market On Close,Filled,752.26,"buy" 
2010-05-03T14:00:00Z,TSRA,20.46,13,Market On Close,Filled,265.98,"adjust" 
2010-06-01T14:00:00Z,ALG,22.58,-15,Market On Close,Filled,-338.7,"adjust" 
2010-06-01T14:00:00Z,APU,38.96,-11,Market On Close,Filled,-428.56,"adjust" 
2010-06-01T14:00:00Z,CVI,7.24,-85,Market On Close,Filled,-615.4,"band" 
2010-06-01T14:00:00Z,DGIT,41.71,-8,Market On Close,Filled,-333.68,"adjust" 
2010-06-01T14:00:00Z,GTLS,16.96,-33,Market On Close,Filled,-559.68,"band" 
2010-06-01T14:00:00Z,RS,43.67,-18,Market On Close,Filled,-786.06,"band" 
2010-06-01T14:00:00Z,SPH,45.3,-5,Market On Close,Filled,-226.5,"adjust" 
2010-06-01T14:00:00Z,TESS,18.28,-12,Market On Close,Filled,-219.36,"adjust" 
2010-06-01T14:00:00Z,TSRA,16.87,-43,Market On Close,Filled,-725.41,"band" 
2010-06-01T14:00:00Z,ALGN,14.38,19,Market On Close,Filled,273.22,"adjust" 
2010-06-01T14:00:00Z,AMED,48.42,5,Market On Close,Filled,242.1,"adjust" 
2010-06-01T14:00:00Z,DLTR,61.69,4,Market On Close,Filled,246.76,"adjust" 
2010-06-01T14:00:00Z,EBF,16.13,47,Market On Close,Filled,758.11,"buy" 
2010-06-01T14:00:00Z,GCI,14.54,51,Market On Close,Filled,741.54,"buy" 
2010-06-01T14:00:00Z,HA,7.03,34,Market On Close,Filled,239.02,"adjust" 
2010-06-01T14:00:00Z,LHCG,30.12,8,Market On Close,Filled,240.96,"adjust" 
2010-06-01T14:00:00Z,LINC,22.79,12,Market On Close,Filled,273.48,"adjust" 
2010-06-01T14:00:00Z,LZB,11.42,52,Market On Close,Filled,593.84,"buy" 
2010-06-01T14:00:00Z,SKX,36.14,23,Market On Close,Filled,831.22,"buy" 
2010-06-01T14:00:00Z,USPH,16.5,15,Market On Close,Filled,247.5,"adjust" 
2010-07-01T14:00:00Z,ATO,26.86,-9,Market On Close,Filled,-241.74,"adjust" 
2010-07-01T14:00:00Z,CORE,27.76,-49,Market On Close,Filled,-1360.24,"band" 
2010-07-01T14:00:00Z,DISCA,36.09,-8,Market On Close,Filled,-288.72,"adjust" 
2010-07-01T14:00:00Z,DDS,21.81,29,Market On Close,Filled,632.49,"buy" 
2010-08-02T14:00:00Z,ALGN,17.9,-12,Market On Close,Filled,-214.8,"adjust" 
2010-08-02T14:00:00Z,APOG,11.12,-68,Market On Close,Filled,-756.16,"band" 
2010-08-02T14:00:00Z,HA,5.89,-142,Market On Close,Filled,-836.38,"band" 
2010-08-02T14:00:00Z,HWKN,32.17,-16,Market On Close,Filled,-514.72,"adjust" 
2010-08-02T14:00:00Z,K,50,-5,Market On Close,Filled,-250,"adjust" 
2010-08-02T14:00:00Z,FLXS,11.45,27,Market On Close,Filled,309.15,"adjust" 
2010-08-02T14:00:00Z,JBSS,14.07,16,Market On Close,Filled,225.12,"adjust" 
2010-08-02T14:00:00Z,KIRK,18.2,16,Market On Close,Filled,291.2,"adjust" 
2010-08-02T14:00:00Z,LANC,52.05,6,Market On Close,Filled,312.3,"adjust" 
2010-08-02T14:00:00Z,LINC,21.47,10,Market On Close,Filled,214.7,"adjust" 
2010-08-02T14:00:00Z,OSK,33.83,6,Market On Close,Filled,202.98,"adjust" 
2010-08-02T14:00:00Z,PETS,16.02,21,Market On Close,Filled,336.42,"adjust" 
2010-08-02T14:00:00Z,SCL,67.47,14,Market On Close,Filled,944.58,"buy" 
2010-08-02T14:00:00Z,SCVL,21.88,40,Market On Close,Filled,875.2,"buy" 
2010-08-02T14:00:00Z,TESS,14.35,19,Market On Close,Filled,272.65,"adjust" 
2010-09-01T14:00:00Z,FLXS,14.15,-27,Market On Close,Filled,-382.05,"adjust" 
2010-09-01T14:00:00Z,HHS,10.42,-77,Market On Close,Filled,-802.34,"band" 
2010-09-01T14:00:00Z,DORM,24.26,-12,Market On Close,Filled,-291.12,"adjust" 
2010-09-01T14:00:00Z,UGI,28,-13,Market On Close,Filled,-364,"adjust" 
2010-09-01T14:00:00Z,AMED,23.82,9,Market On Close,Filled,214.38,"adjust" 
2010-09-01T14:00:00Z,LHCG,20.64,11,Market On Close,Filled,227.04,"adjust" 
2010-09-01T14:00:00Z,LZB,7.08,30,Market On Close,Filled,212.4,"adjust" 
2010-09-01T14:00:00Z,MSTR,79.99,3,Market On Close,Filled,239.97,"adjust" 
2010-09-01T14:00:00Z,USMO,14.95,71,Market On Close,Filled,1061.45,"buy" 
2010-10-01T14:00:00Z,LANC,47.95,-40,Market On Close,Filled,-1918,"band" 
2010-10-01T14:00:00Z,LZB,8.72,-82,Market On Close,Filled,-715.04,"band" 
2010-10-01T14:00:00Z,MTRX,8.7,-80,Market On Close,Filled,-696,"band" 
2010-10-01T14:00:00Z,SHOO,41.2,-5,Market On Close,Filled,-206,"adjust" 
2010-10-01T14:00:00Z,TESS,16.06,-22,Market On Close,Filled,-353.32,"adjust" 
2010-10-01T14:00:00Z,AAWW,50.11,15,Market On Close,Filled,751.65,"buy" 
2010-10-01T14:00:00Z,AIT,30.99,41,Market On Close,Filled,1270.59,"buy" 
2010-10-01T14:00:00Z,GCI,12.58,20,Market On Close,Filled,251.6,"adjust" 
2010-10-01T14:00:00Z,MGLN,47.38,34,Market On Close,Filled,1610.92,"buy" 
2010-10-01T14:00:00Z,SKX,22.54,9,Market On Close,Filled,202.86,"adjust" 
2010-10-01T14:00:00Z,USPH,17.17,12,Market On Close,Filled,206.04,"adjust" 
2010-11-01T14:00:00Z,JBSS,12.96,-81,Market On Close,Filled,-1049.76,"band" 
2010-11-01T14:00:00Z,MSTR,90.53,-13,Market On Close,Filled,-1176.89,"band" 
2010-11-01T14:00:00Z,OSK,29.09,-28,Market On Close,Filled,-814.52,"band" 
2010-11-01T14:00:00Z,DORM,37.21,-8,Market On Close,Filled,-297.68,"adjust" 
2010-11-01T14:00:00Z,SCL,67.53,-14,Market On Close,Filled,-945.42,"band" 
2010-11-01T14:00:00Z,APU,46.79,5,Market On Close,Filled,233.95,"adjust" 
2010-11-01T14:00:00Z,CRUS,12.51,50,Market On Close,Filled,625.5,"buy" 
2010-11-01T14:00:00Z,IDT,13.74,41,Market On Close,Filled,563.34,"buy" 
2010-11-01T14:00:00Z,K,50.75,7,Market On Close,Filled,355.25,"adjust" 
2010-11-01T14:00:00Z,KLIC,6,104,Market On Close,Filled,624,"buy" 
2010-11-01T14:00:00Z,PLCE,43.48,22,Market On Close,Filled,956.56,"buy" 
2010-11-01T14:00:00Z,UGI,29.85,10,Market On Close,Filled,298.5,"adjust" 
2010-12-01T15:00:00Z,HWKN,43.45,-8,Market On Close,Filled,-347.6,"adjust" 
2010-12-01T15:00:00Z,IDT,22.2,-12,Market On Close,Filled,-266.4,"adjust" 
2010-12-01T15:00:00Z,K,49.44,-45,Market On Close,Filled,-2224.8,"band" 
2010-12-01T15:00:00Z,SKX,23.07,-32,Market On Close,Filled,-738.24,"band" 
2010-12-01T15:00:00Z,ATO,30.58,9,Market On Close,Filled,275.22,"adjust" 
2010-12-01T15:00:00Z,CLW,81.34,4,Market On Close,Filled,325.36,"adjust" 
2010-12-01T15:00:00Z,DISCA,41.34,7,Market On Close,Filled,289.38,"adjust" 
2010-12-01T15:00:00Z,EBF,17.44,12,Market On Close,Filled,209.28,"adjust" 
2010-12-01T15:00:00Z,MGLN,49.31,5,Market On Close,Filled,246.55,"adjust" 
2010-12-01T15:00:00Z,SGU,5.38,321,Market On Close,Filled,1726.98,"buy" 
2010-12-01T15:00:00Z,SSP,9.57,93,Market On Close,Filled,890.01,"buy" 
2011-01-03T15:00:00Z,AMED,34.9,-6,Market On Close,Filled,-209.4,"adjust" 
2011-01-03T15:00:00Z,DDS,38.83,-6,Market On Close,Filled,-232.98,"adjust" 
2011-01-03T15:00:00Z,DGIT,29.59,-19,Market On Close,Filled,-562.21,"universe" 
2011-01-03T15:00:00Z,GCI,15.42,-71,Market On Close,Filled,-1094.82,"band" 
2011-01-03T15:00:00Z,IDT,26.62,-8,Market On Close,Filled,-212.96,"adjust" 
2011-01-03T15:00:00Z,KIRK,14.06,-49,Market On Close,Filled,-688.94,"band" 
2011-01-03T15:00:00Z,LHCG,31.16,-10,Market On Close,Filled,-311.6,"adjust" 
2011-01-03T15:00:00Z,LINC,15.79,-14,Market On Close,Filled,-221.06,"adjust" 
2011-01-03T15:00:00Z,WCC,53.25,-6,Market On Close,Filled,-319.5,"adjust" 
2011-01-03T15:00:00Z,CPK,41.55,40,Market On Close,Filled,1662,"buy" 
2011-01-03T15:00:00Z,OTL,20.68,53,Market On Close,Filled,1096.04,"buy" 
2011-01-03T15:00:00Z,RGR,15.09,85,Market On Close,Filled,1282.65,"buy" 
2011-02-01T15:00:00Z,CRUS,21.33,-20,Market On Close,Filled,-426.6,"adjust" 
2011-02-01T15:00:00Z,KLIC,10.29,-36,Market On Close,Filled,-370.44,"adjust" 
2011-02-01T15:00:00Z,SGU,5.48,-321,Market On Close,Filled,-1759.08,"expired" 
2011-02-01T15:00:00Z,TESS,12.44,-43,Market On Close,Filled,-534.92,"universe" 
2011-02-01T15:00:00Z,AAWW,53.92,4,Market On Close,Filled,215.68,"adjust" 
2011-02-01T15:00:00Z,PLCE,42.14,6,Market On Close,Filled,252.84,"adjust" 
2011-02-01T15:00:00Z,PLPC,64.38,15,Market On Close,Filled,965.7,"buy" 
2011-02-01T15:00:00Z,USNA,38.96,36,Market On Close,Filled,1402.56,"buy" 
2011-03-01T15:00:00Z,AAWW,67.43,-19,Market On Close,Filled,-1281.17,"band" 
2011-03-01T15:00:00Z,AMED,35.37,-22,Market On Close,Filled,-778.14,"expired" 
2011-03-01T15:00:00Z,DLTR,50.12,-4,Market On Close,Filled,-200.48,"adjust" 
2011-03-01T15:00:00Z,FLXS,14.82,-54,Market On Close,Filled,-800.28,"universe" 
2011-03-01T15:00:00Z,OTL,25.61,-17,Market On Close,Filled,-435.37,"adjust" 
2011-03-01T15:00:00Z,RGR,17.9,-14,Market On Close,Filled,-250.6,"adjust" 
2011-03-01T15:00:00Z,CLW,79.48,3,Market On Close,Filled,238.44,"adjust" 
2011-03-01T15:00:00Z,CPK,39.82,5,Market On Close,Filled,199.1,"adjust" 
2011-03-01T15:00:00Z,EBF,15.54,14,Market On Close,Filled,217.56,"adjust" 
2011-03-01T15:00:00Z,ENTG,8.51,84,Market On Close,Filled,714.84,"buy" 
2011-03-01T15:00:00Z,MKSI,29.79,34,Market On Close,Filled,1012.86,"buy" 
2011-03-01T15:00:00Z,PETS,14.57,15,Market On Close,Filled,218.55,"adjust" 
2011-03-01T15:00:00Z,TER,18.19,52,Market On Close,Filled,945.88,"buy" 
2011-04-01T14:00:00Z,OTL,31.01,-7,Market On Close,Filled,-217.07,"adjust" 
2011-04-01T14:00:00Z,PLCE,49.48,-5,Market On Close,Filled,-247.4,"adjust" 
2011-04-01T14:00:00Z,RGR,23.09,-14,Market On Close,Filled,-323.26,"adjust" 
2011-04-01T14:00:00Z,ALGN,20.7,12,Market On Close,Filled,248.4,"adjust" 
2011-04-01T14:00:00Z,DISCA,40.41,6,Market On Close,Filled,242.46,"adjust" 
2011-04-01T14:00:00Z,SPH,56.43,5,Market On Close,Filled,282.15,"adjust" 
2011-05-02T14:00:00Z,ALGN,24.6,-17,Market On Close,Filled,-418.2,"adjust" 
2011-05-02T14:00:00Z,DISCA,44.65,-46,Market On Close,Filled,-2053.9,"band" 
2011-05-02T14:00:00Z,EBF,18.5,-73,Market On Close,Filled,-1350.5,"band" 
2011-05-02T14:00:00Z,MGLN,51.79,-39,Market On Close,Filled,-2019.81,"expired" 
2011-05-02T14:00:00Z,USMO,15.02,-71,Market On Close,Filled,-1066.42,"expired" 
2011-05-02T14:00:00Z,USPH,24.07,-12,Market On Close,Filled,-288.84,"adjust" 
2011-05-02T14:00:00Z,APU,47.76,7,Market On Close,Filled,334.32,"adjust" 
2011-05-02T14:00:00Z,AIT,35,6,Market On Close,Filled,210,"adjust" 
2011-05-02T14:00:00Z,BRKS,11.81,69,Market On Close,Filled,814.89,"buy" 
2011-05-02T14:00:00Z,CCF,16.84,64,Market On Close,Filled,1077.76,"buy" 
2011-05-02T14:00:00Z,CRUS,15.93,15,Market On Close,Filled,238.95,"adjust" 
2011-05-02T14:00:00Z,EBS,23.7,61,Market On Close,Filled,1445.7,"buy" 
2011-05-02T14:00:00Z,KLIC,9.03,27,Market On Close,Filled,243.81,"adjust" 
2011-05-02T14:00:00Z,LHCG,30.39,7,Market On Close,Filled,212.73,"adjust" 
2011-05-02T14:00:00Z,LINC,16.77,14,Market On Close,Filled,234.78,"adjust" 
2011-05-02T14:00:00Z,PETS,14.74,19,Market On Close,Filled,280.06,"adjust" 
2011-05-02T14:00:00Z,SSP,9.41,39,Market On Close,Filled,366.99,"adjust" 
2011-06-01T14:00:00Z,CLW,67.69,-18,Market On Close,Filled,-1218.42,"band" 
2011-06-01T14:00:00Z,DDS,55.77,-6,Market On Close,Filled,-334.62,"adjust" 
2011-06-01T14:00:00Z,EBS,23.98,-20,Market On Close,Filled,-479.6,"adjust" 
2011-06-01T14:00:00Z,KLIC,11.65,-30,Market On Close,Filled,-349.5,"adjust" 
2011-06-01T14:00:00Z,ALG,25.09,12,Market On Close,Filled,301.08,"adjust" 
2011-06-01T14:00:00Z,MKSI,25.44,11,Market On Close,Filled,279.84,"adjust" 
2011-06-01T14:00:00Z,SSP,8.15,24,Market On Close,Filled,195.6,"adjust" 
2011-06-01T14:00:00Z,TER,15.52,13,Market On Close,Filled,201.76,"adjust" 
2011-06-01T14:00:00Z,UFS,99.59,2,Market On Close,Filled,199.18,"adjust" 
2011-06-01T14:00:00Z,VSH,15.41,71,Market On Close,Filled,1094.11,"buy" 
2011-06-01T14:00:00Z,WCC,53.11,4,Market On Close,Filled,212.44,"adjust" 
2011-07-01T14:00:00Z,DLTR,68.23,-4,Market On Close,Filled,-272.92,"adjust" 
2011-07-01T14:00:00Z,POWL,37.19,-35,Market On Close,Filled,-1301.65,"band" 
2011-07-01T14:00:00Z,SSP,9.72,-22,Market On Close,Filled,-213.84,"adjust" 
2011-07-01T14:00:00Z,USPH,24.32,-9,Market On Close,Filled,-218.88,"adjust" 
2011-07-01T14:00:00Z,IDT,27.7,8,Market On Close,Filled,221.6,"adjust" 
2011-07-01T14:00:00Z,LHCG,23.61,9,Market On Close,Filled,212.49,"adjust" 
2011-07-01T14:00:00Z,MYGN,23.13,61,Market On Close,Filled,1410.93,"buy" 
2011-07-01T14:00:00Z,PLCE,45.24,6,Market On Close,Filled,271.44,"adjust" 
2011-07-01T14:00:00Z,SXI,30.63,10,Market On Close,Filled,306.3,"adjust" 
2011-07-01T14:00:00Z,VECO,48.58,19,Market On Close,Filled,923.02,"buy" 
2011-08-01T14:00:00Z,ALG,24.02,-45,Market On Close,Filled,-1080.9,"band" 
2011-08-01T14:00:00Z,CRUS,15.22,-45,Market On Close,Filled,-684.9,"band" 
2011-08-01T14:00:00Z,EBS,20.52,-41,Market On Close,Filled,-841.32,"band" 
2011-08-01T14:00:00Z,HWKN,34.73,-24,Market On Close,Filled,-833.52,"expired" 
2011-08-01T14:00:00Z,RGR,27.75,-23,Market On Close,Filled,-638.25,"adjust" 
2011-08-01T14:00:00Z,SXI,32.27,-39,Market On Close,Filled,-1258.53,"band" 
2011-08-01T14:00:00Z,WCC,50.72,-4,Market On Close,Filled,-202.88,"adjust" 
2011-08-01T14:00:00Z,ALGN,22.15,10,Market On Close,Filled,221.5,"adjust" 
2011-08-01T14:00:00Z,BRKS,9.45,22,Market On Close,Filled,207.9,"adjust" 
2011-08-01T14:00:00Z,CNC,31.58,33,Market On Close,Filled,1042.14,"buy" 
2011-08-01T14:00:00Z,MERC,9.36,81,Market On Close,Filled,758.16,"buy" 
2011-08-01T14:00:00Z,MRO,30.65,42,Market On Close,Filled,1287.3,"buy" 
2011-08-01T14:00:00Z,UFS,78.49,3,Market On Close,Filled,235.47,"adjust" 
2011-08-01T14:00:00Z,WLK,52.67,19,Market On Close,Filled,1000.73,"buy" 
2011-08-01T14:00:00Z,FL,21.61,54,Market On Close,Filled,1166.94,"buy" 
2011-09-01T14:00:00Z,APU,42.95,-11,Market On Close,Filled,-472.45,"adjust" 
2011-09-01T14:00:00Z,ATO,34.15,-22,Market On Close,Filled,-751.3,"adjust" 
2011-09-01T14:00:00Z,CCF,12.59,-64,Market On Close,Filled,-805.76,"band" 
2011-09-01T14:00:00Z,DLTR,71.78,-3,Market On Close,Filled,-215.34,"adjust" 
2011-09-01T14:00:00Z,PETS,9.94,-110,Market On Close,Filled,-1093.4,"band" 
2011-09-01T14:00:00Z,SPH,47.14,-47,Market On Close,Filled,-2215.58,"band" 
2011-09-01T14:00:00Z,UGI,29.88,-14,Market On Close,Filled,-418.32,"adjust" 
2011-09-01T14:00:00Z,B,21.89,51,Market On Close,Filled,1116.39,"buy" 
2011-09-01T14:00:00Z,DEPO,6.08,133,Market On Close,Filled,808.64,"buy" 
2011-09-01T14:00:00Z,DV,42.52,24,Market On Close,Filled,1020.48,"buy" 
2011-09-01T14:00:00Z,ENTG,7.23,36,Market On Close,Filled,260.28,"adjust" 
2011-09-01T14:00:00Z,GIII,28.52,9,Market On Close,Filled,256.68,"adjust" 
2011-09-01T14:00:00Z,IDT,21.17,14,Market On Close,Filled,296.38,"adjust" 
2011-09-01T14:00:00Z,KLIC,8.32,34,Market On Close,Filled,282.88,"adjust" 
2011-09-01T14:00:00Z,LINC,9.29,29,Market On Close,Filled,269.41,"adjust" 
2011-09-01T14:00:00Z,MKSI,22.57,13,Market On Close,Filled,293.41,"adjust" 
2011-09-01T14:00:00Z,MYGN,19.42,12,Market On Close,Filled,233.04,"adjust" 
2011-09-01T14:00:00Z,SCVL,24.92,15,Market On Close,Filled,373.8,"adjust" 
2011-09-01T14:00:00Z,TER,11.86,31,Market On Close,Filled,367.66,"adjust" 
2011-09-01T14:00:00Z,VECO,34.66,10,Market On Close,Filled,346.6,"adjust" 
2011-09-01T14:00:00Z,VSH,11.15,20,Market On Close,Filled,223,"adjust" 
2011-10-03T14:00:00Z,ALGN,14.26,-51,Market On Close,Filled,-727.26,"band" 
2011-10-03T14:00:00Z,ATO,30.97,-8,Market On Close,Filled,-247.76,"adjust" 
2011-10-03T14:00:00Z,GIII,21.83,-35,Market On Close,Filled,-764.05,"band" 
2011-10-03T14:00:00Z,PLCE,45.8,-29,Market On Close,Filled,-1328.2,"band" 
2011-10-03T14:00:00Z,CVI,19.69,37,Market On Close,Filled,728.53,"buy" 
2011-10-03T14:00:00Z,LG,37.38,46,Market On Close,Filled,1719.48,"buy" 
2011-10-03T14:00:00Z,LXU,26.1,27,Market On Close,Filled,704.7,"buy" 
2011-10-03T14:00:00Z,MERC,6.73,40,Market On Close,Filled,269.2,"adjust" 
2011-10-03T14:00:00Z,WLK,32.34,6,Market On Close,Filled,194.04,"adjust" 
2011-11-01T14:00:00Z,AIT,32.9,-6,Market On Close,Filled,-197.4,"adjust" 
2011-11-01T14:00:00Z,DEPO,4.38,-133,Market On Close,Filled,-582.54,"universe" 
2011-11-01T14:00:00Z,MKSI,26.18,-12,Market On Close,Filled,-314.16,"adjust" 
2011-11-01T14:00:00Z,SCVL,26.78,-10,Market On Close,Filled,-267.8,"adjust" 
2011-11-01T14:00:00Z,TER,13.65,-14,Market On Close,Filled,-191.1,"adjust" 
2011-11-01T14:00:00Z,VSH,9.98,-91,Market On Close,Filled,-908.18,"band" 
2011-11-01T14:00:00Z,WCC,46.72,-25,Market On Close,Filled,-1168,"band" 
2011-11-01T14:00:00Z,ATO,33.03,6,Market On Close,Filled,198.18,"adjust" 
2011-11-01T14:00:00Z,BKE,43.42,27,Market On Close,Filled,1172.34,"buy" 
2011-11-01T14:00:00Z,GME,25.04,65,Market On Close,Filled,1627.6,"buy" 
2011-11-01T14:00:00Z,IDT,12,37,Market On Close,Filled,444,"adjust" 
2011-11-01T14:00:00Z,SPPI,10.91,83,Market On Close,Filled,905.53,"buy" 
2011-12-01T15:00:00Z,APU,43.87,-45,Market On Close,Filled,-1974.15,"band" 
2011-12-01T15:00:00Z,LHCG,13.93,-54,Market On Close,Filled,-752.22,"band" 
2011-12-01T15:00:00Z,SSP,8.35,-134,Market On Close,Filled,-1118.9,"band" 
2011-12-01T15:00:00Z,UGI,29.76,-62,Market On Close,Filled,-1845.12,"band" 
2011-12-01T15:00:00Z,VECO,25.14,-29,Market On Close,Filled,-729.06,"band" 
2011-12-01T15:00:00Z,CVX,101.83,17,Market On Close,Filled,1731.11,"buy" 
2011-12-01T15:00:00Z,DDS,46.24,5,Market On Close,Filled,231.2,"adjust" 
2011-12-01T15:00:00Z,DV,34.71,7,Market On Close,Filled,242.97,"adjust" 
2011-12-01T15:00:00Z,HOC,23.43,39,Market On Close,Filled,913.77,"buy" 
2011-12-01T15:00:00Z,LG,39.72,7,Market On Close,Filled,278.04,"adjust" 
2011-12-01T15:00:00Z,LINC,7.47,38,Market On Close,Filled,283.86,"adjust" 
2011-12-01T15:00:00Z,LZB,11.59,86,Market On Close,Filled,996.74,"buy" 
2011-12-01T15:00:00Z,MERC,5.74,45,Market On Close,Filled,258.3,"adjust" 
2011-12-01T15:00:00Z,MLR,15.35,77,Market On Close,Filled,1181.95,"buy" 
2011-12-01T15:00:00Z,SXI,31.72,30,Market On Close,Filled,951.6,"buy" 
2012-01-03T15:00:00Z,CVX,110.37,-2,Market On Close,Filled,-220.74,"adjust" 
2012-01-03T15:00:00Z,DV,38.75,-31,Market On Close,Filled,-1201.25,"band" 
2012-01-03T15:00:00Z,IDT,9.55,-80,Market On Close,Filled,-764,"band" 
2012-01-03T15:00:00Z,LZB,12,-21,Market On Close,Filled,-252,"adjust" 
2012-01-03T15:00:00Z,MERC,6.49,-166,Market On Close,Filled,-1077.34,"band" 
2012-01-03T15:00:00Z,MKSI,28.1,-8,Market On Close,Filled,-224.8,"adjust" 
2012-01-03T15:00:00Z,SPPI,14.71,-18,Market On Close,Filled,-264.78,"adjust" 
2012-01-03T15:00:00Z,DSW,42.27,26,Market On Close,Filled,1099.02,"buy" 
2012-01-03T15:00:00Z,INTC,24.54,72,Market On Close,Filled,1766.88,"buy" 
2012-01-03T15:00:00Z,UNH,51.49,32,Market On Close,Filled,1647.68,"buy" 
2012-02-01T15:00:00Z,ATO,32.62,-56,Market On Close,Filled,-1826.72,"band" 
2012-02-01T15:00:00Z,RGR,39.91,-8,Market On Close,Filled,-319.28,"adjust" 
2012-02-01T15:00:00Z,WLK,59.94,-7,Market On Close,Filled,-419.58,"adjust" 
2012-02-01T15:00:00Z,CVX,102.85,3,Market On Close,Filled,308.55,"adjust" 
2012-02-01T15:00:00Z,CPK,42.97,5,Market On Close,Filled,214.85,"adjust" 
2012-02-01T15:00:00Z,DDS,43.89,5,Market On Close,Filled,219.45,"adjust" 
2012-02-01T15:00:00Z,DLTR,85.68,3,Market On Close,Filled,257.04,"adjust" 
2012-02-01T15:00:00Z,UACL,17.85,51,Market On Close,Filled,910.35,"buy" 
2012-03-01T15:00:00Z,CNC,49.04,-5,Market On Close,Filled,-245.2,"adjust" 
2012-03-01T15:00:00Z,DDS,60.43,-9,Market On Close,Filled,-543.87,"adjust" 
2012-03-01T15:00:00Z,DSW,56.56,-5,Market On Close,Filled,-282.8,"adjust" 
2012-03-01T15:00:00Z,HOC,33.6,-8,Market On Close,Filled,-268.8,"adjust" 
2012-03-01T15:00:00Z,LXU,41.25,-6,Market On Close,Filled,-247.5,"adjust" 
2012-03-01T15:00:00Z,SHOO,44.98,-5,Market On Close,Filled,-224.9,"adjust" 
2012-03-01T15:00:00Z,BKE,48.01,5,Market On Close,Filled,240.05,"adjust" 
2012-03-01T15:00:00Z,LG,40.8,7,Market On Close,Filled,285.6,"adjust" 
2012-03-01T15:00:00Z,OTL,31.16,10,Market On Close,Filled,311.6,"adjust" 
2012-03-01T15:00:00Z,USPH,18.8,11,Market On Close,Filled,206.8,"adjust" 
2012-04-02T14:00:00Z,B,26.96,-51,Market On Close,Filled,-1374.96,"universe" 
2012-04-02T14:00:00Z,LINC,7.91,-127,Market On Close,Filled,-1004.57,"band" 
2012-04-02T14:00:00Z,RGR,51.1,-6,Market On Close,Filled,-306.6,"adjust" 
2012-04-02T14:00:00Z,SCVL,32.56,-14,Market On Close,Filled,-455.84,"adjust" 
2012-04-02T14:00:00Z,USPH,23.55,-9,Market On Close,Filled,-211.95,"adjust" 
2012-04-02T14:00:00Z,CPK,41.65,5,Market On Close,Filled,208.25,"adjust" 
2012-04-02T14:00:00Z,ICFI,26.12,50,Market On Close,Filled,1306,"buy" 
2012-04-02T14:00:00Z,MKSI,29.7,9,Market On Close,Filled,267.3,"adjust" 
2012-04-02T14:00:00Z,SPPI,12.6,24,Market On Close,Filled,302.4,"adjust" 
2012-04-02T14:00:00Z,SMP,17.39,50,Market On Close,Filled,869.5,"buy" 
2012-04-02T14:00:00Z,UACL,15.78,17,Market On Close,Filled,268.26,"adjust" 
2012-05-01T14:00:00Z,DLTR,102.05,-3,Market On Close,Filled,-306.15,"adjust" 
2012-05-01T14:00:00Z,MYGN,25.97,-12,Market On Close,Filled,-311.64,"adjust" 
2012-05-01T14:00:00Z,OTL,29.94,-39,Market On Close,Filled,-1167.66,"band" 
2012-05-01T14:00:00Z,DORM,48.6,-23,Market On Close,Filled,-1117.8,"expired" 
2012-05-01T14:00:00Z,USNA,37.78,-6,Market On Close,Filled,-226.68,"adjust" 
2012-05-01T14:00:00Z,CVX,108.27,2,Market On Close,Filled,216.54,"adjust" 
2012-05-01T14:00:00Z,EGY,9.38,86,Market On Close,Filled,806.68,"buy" 
2012-05-01T14:00:00Z,LG,39.58,6,Market On Close,Filled,237.48,"adjust" 
2012-05-01T14:00:00Z,MRO,30.19,7,Market On Close,Filled,211.33,"adjust" 
2012-05-01T14:00:00Z,RSC,27.16,49,Market On Close,Filled,1330.84,"buy" 
2012-06-01T14:00:00Z,DLTR,99.94,-5,Market On Close,Filled,-499.7,"adjust" 
2012-06-01T14:00:00Z,DSW,57.26,-21,Market On Close,Filled,-1202.46,"expired" 
2012-06-01T14:00:00Z,MRO,23.89,-49,Market On Close,Filled,-1170.61,"band" 
2012-06-01T14:00:00Z,RSC,17.76,-49,Market On Close,Filled,-870.24,"expired" 
2012-06-01T14:00:00Z,FL,30.38,-11,Market On Close,Filled,-334.18,"adjust" 
2012-06-01T14:00:00Z,BRKS,9.1,37,Market On Close,Filled,336.7,"adjust" 
2012-06-01T14:00:00Z,DISCA,48.64,33,Market On Close,Filled,1605.12,"buy" 
2012-06-01T14:00:00Z,ENTG,7.48,31,Market On Close,Filled,231.88,"adjust" 
2012-06-01T14:00:00Z,INTC,25.14,9,Market On Close,Filled,226.26,"adjust" 
2012-06-01T14:00:00Z,LXU,27.03,9,Market On Close,Filled,243.27,"adjust" 
2012-06-01T14:00:00Z,MLR,14.38,14,Market On Close,Filled,201.32,"adjust" 
2012-06-01T14:00:00Z,PETS,11.17,87,Market On Close,Filled,971.79,"buy" 
2012-06-01T14:00:00Z,STMP,22.82,33,Market On Close,Filled,753.06,"buy" 
2012-07-02T14:00:00Z,DLTR,52.18,-5,Market On Close,Filled,-260.9,"adjust" 
2012-07-02T14:00:00Z,LXU,30.85,-30,Market On Close,Filled,-925.5,"band" 
2012-07-02T14:00:00Z,SPPI,16,-30,Market On Close,Filled,-480,"adjust" 
2012-07-02T14:00:00Z,MOV,25.34,35,Market On Close,Filled,886.9,"buy" 
2012-07-02T14:00:00Z,SHOO,31.69,12,Market On Close,Filled,380.28,"adjust" 
2012-07-02T14:00:00Z,UFS,76.95,4,Market On Close,Filled,307.8,"adjust" 
2012-08-01T14:00:00Z,CNC,37.48,-28,Market On Close,Filled,-1049.44,"band" 
2012-08-01T14:00:00Z,CPK,45.73,-6,Market On Close,Filled,-274.38,"adjust" 
2012-08-01T14:00:00Z,PETS,9.6,-87,Market On Close,Filled,-835.2,"expired" 
2012-08-01T14:00:00Z,SHOO,39.41,-42,Market On Close,Filled,-1655.22,"band" 
2012-08-01T14:00:00Z,ALG,27.56,49,Market On Close,Filled,1350.44,"buy" 
2012-08-01T14:00:00Z,GME,16.07,22,Market On Close,Filled,353.54,"adjust" 
2012-08-01T14:00:00Z,MKSI,25.81,8,Market On Close,Filled,206.48,"adjust" 
2012-08-01T14:00:00Z,NC,100.02,11,Market On Close,Filled,1100.22,"buy" 
2012-08-01T14:00:00Z,PLPC,52.7,5,Market On Close,Filled,263.5,"adjust" 
2012-08-01T14:00:00Z,SMP,13.75,16,Market On Close,Filled,220,"adjust" 
2012-08-01T14:00:00Z,SYNA,25.23,47,Market On Close,Filled,1185.81,"buy" 
2012-09-04T14:00:00Z,GME,20.41,-20,Market On Close,Filled,-408.2,"adjust" 
2012-09-04T14:00:00Z,MLR,15.51,-91,Market On Close,Filled,-1411.41,"band" 
2012-09-04T14:00:00Z,MOV,36.36,-14,Market On Close,Filled,-509.04,"adjust" 
2012-09-04T14:00:00Z,SMP,17.63,-20,Market On Close,Filled,-352.6,"adjust" 
2012-09-04T14:00:00Z,SYNA,30.13,-8,Market On Close,Filled,-241.04,"adjust" 
2012-09-04T14:00:00Z,CVI,30.23,7,Market On Close,Filled,211.61,"adjust" 
2012-09-04T14:00:00Z,DLTR,48.19,5,Market On Close,Filled,240.95,"adjust" 
2012-09-04T14:00:00Z,ICFI,22.49,10,Market On Close,Filled,224.9,"adjust" 
2012-09-04T14:00:00Z,NHC,44.88,28,Market On Close,Filled,1256.64,"buy" 
2012-09-04T14:00:00Z,UNH,54.56,4,Market On Close,Filled,218.24,"adjust" 
2012-10-01T14:00:00Z,ALG,33.64,-7,Market On Close,Filled,-235.48,"adjust" 
2012-10-01T14:00:00Z,BRKS,7.81,-128,Market On Close,Filled,-999.68,"band" 
2012-10-01T14:00:00Z,CVI,40.18,-9,Market On Close,Filled,-361.62,"adjust" 
2012-10-01T14:00:00Z,GME,21.24,-10,Market On Close,Filled,-212.4,"adjust" 
2012-10-01T14:00:00Z,NC,43.47,-2,Market On Close,Filled,-86.94,"adjust" 
2012-10-01T14:00:00Z,STMP,23.26,-33,Market On Close,Filled,-767.58,"band" 
2012-10-01T14:00:00Z,DDS,72.41,3,Market On Close,Filled,217.23,"adjust" 
2012-10-01T14:00:00Z,GCI,17.97,81,Market On Close,Filled,1455.57,"buy" 
2012-10-01T14:00:00Z,SYNA,22.87,9,Market On Close,Filled,205.83,"adjust" 
2012-10-01T14:00:00Z,WDC,38.12,24,Market On Close,Filled,914.88,"buy" 
2012-11-01T14:00:00Z,AIT,40.94,-41,Market On Close,Filled,-1678.54,"expired" 
2012-11-01T14:00:00Z,MYGN,26.86,-61,Market On Close,Filled,-1638.46,"expired" 
2012-11-01T14:00:00Z,PLPC,54.1,-20,Market On Close,Filled,-1082,"band" 
2012-11-01T14:00:00Z,SXI,50.79,-30,Market On Close,Filled,-1523.7,"expired" 
2012-11-01T14:00:00Z,SYNA,23.65,-48,Market On Close,Filled,-1135.2,"band" 
2012-11-01T14:00:00Z,WLK,79.36,-3,Market On Close,Filled,-238.08,"adjust" 
2012-11-01T14:00:00Z,CF,210.88,6,Market On Close,Filled,1265.28,"buy" 
2012-11-01T14:00:00Z,CPK,46.65,5,Market On Close,Filled,233.25,"adjust" 
2012-11-01T14:00:00Z,DK,25.54,36,Market On Close,Filled,919.44,"buy" 
2012-11-01T14:00:00Z,ENS,35.25,36,Market On Close,Filled,1269,"buy" 
2012-11-01T14:00:00Z,FTK,11.71,75,Market On Close,Filled,878.25,"buy" 
2012-11-01T14:00:00Z,ICFI,18.94,17,Market On Close,Filled,321.98,"adjust" 
2012-11-01T14:00:00Z,NC,52,11,Market On Close,Filled,572,"adjust" 
2012-11-01T14:00:00Z,SPPI,11.22,21,Market On Close,Filled,235.62,"adjust" 
2012-11-01T14:00:00Z,AWR,44.24,51,Market On Close,Filled,2256.24,"buy" 
2012-11-01T14:00:00Z,FL,34.36,8,Market On Close,Filled,274.88,"adjust" 
2012-12-03T15:00:00Z,CPK,46.26,-6,Market On Close,Filled,-277.56,"adjust" 
2012-12-03T15:00:00Z,CVI,45.83,-6,Market On Close,Filled,-274.98,"adjust" 
2012-12-03T15:00:00Z,DDS,89.01,-3,Market On Close,Filled,-267.03,"adjust" 
2012-12-03T15:00:00Z,DLTR,41.34,-40,Market On Close,Filled,-1653.6,"band" 
2012-12-03T15:00:00Z,GME,25.83,-10,Market On Close,Filled,-258.3,"adjust" 
2012-12-03T15:00:00Z,ICFI,21.62,-13,Market On Close,Filled,-281.06,"adjust" 
2012-12-03T15:00:00Z,MKSI,24.02,-55,Market On Close,Filled,-1321.1,"band" 
2012-12-03T15:00:00Z,SPPI,11.74,-80,Market On Close,Filled,-939.2,"band" 
2012-12-03T15:00:00Z,CHS,18.66,78,Market On Close,Filled,1455.48,"buy" 
2012-12-03T15:00:00Z,CVX,104.72,2,Market On Close,Filled,209.44,"adjust" 
2012-12-03T15:00:00Z,GIII,37.56,28,Market On Close,Filled,1051.68,"buy" 
2012-12-03T15:00:00Z,INTC,19.55,15,Market On Close,Filled,293.25,"adjust" 
2012-12-03T15:00:00Z,LG,39.95,5,Market On Close,Filled,199.75,"adjust" 
2012-12-03T15:00:00Z,LHCG,19.48,73,Market On Close,Filled,1422.04,"buy" 
2012-12-03T15:00:00Z,NHC,44.74,8,Market On Close,Filled,357.92,"adjust" 
2012-12-03T15:00:00Z,WDC,33.43,8,Market On Close,Filled,267.44,"adjust" 
2013-01-02T15:00:00Z,CPK,46.78,-6,Market On Close,Filled,-280.68,"adjust" 
2013-01-02T15:00:00Z,GME,25.66,-47,Market On Close,Filled,-1206.02,"band" 
2013-01-02T15:00:00Z,INTC,21.38,-96,Market On Close,Filled,-2052.48,"band" 
2013-01-02T15:00:00Z,UACL,18.43,-68,Market On Close,Filled,-1253.24,"band" 
2013-01-02T15:00:00Z,UNH,54.54,-36,Market On Close,Filled,-1963.44,"band" 
2013-01-02T15:00:00Z,WDC,43.44,-7,Market On Close,Filled,-304.08,"adjust" 
2013-01-02T15:00:00Z,CF,207.24,1,Market On Close,Filled,207.24,"adjust" 
2013-01-02T15:00:00Z,DK,26.23,9,Market On Close,Filled,236.07,"adjust" 
2013-01-02T15:00:00Z,HVT,16.68,74,Market On Close,Filled,1234.32,"buy" 
2013-01-02T15:00:00Z,LG,39,6,Market On Close,Filled,234,"adjust" 
2013-01-02T15:00:00Z,MED,26.29,34,Market On Close,Filled,893.86,"buy" 
2013-01-02T15:00:00Z,SCVL,20.43,12,Market On Close,Filled,245.16,"adjust" 
2013-01-02T15:00:00Z,UGI,33.3,86,Market On Close,Filled,2863.8,"buy" 
2013-01-02T15:00:00Z,VLGEA,34.81,42,Market On Close,Filled,1462.02,"buy" 
2013-02-01T15:00:00Z,CVI,53.58,-7,Market On Close,Filled,-375.06,"adjust" 
2013-02-01T15:00:00Z,DISCA,70.31,-3,Market On Close,Filled,-210.93,"adjust" 
2013-02-01T15:00:00Z,DK,34.22,-14,Market On Close,Filled,-479.08,"adjust" 
2013-02-01T15:00:00Z,HOC,52.77,-4,Market On Close,Filled,-211.08,"adjust" 
2013-02-01T15:00:00Z,KLIC,11.65,-99,Market On Close,Filled,-1153.35,"expired" 
2013-02-01T15:00:00Z,LG,40.13,-77,Market On Close,Filled,-3090.01,"expired" 
2013-02-01T15:00:00Z,ALG,34.4,9,Market On Close,Filled,309.6,"adjust" 
2013-02-01T15:00:00Z,CVX,116.5,2,Market On Close,Filled,233,"adjust" 
2013-02-01T15:00:00Z,CTB,25.97,49,Market On Close,Filled,1272.53,"buy" 
2013-02-01T15:00:00Z,DDS,85.41,4,Market On Close,Filled,341.64,"adjust" 
2013-02-01T15:00:00Z,EGY,8.55,27,Market On Close,Filled,230.85,"adjust" 
2013-02-01T15:00:00Z,ENS,41.51,5,Market On Close,Filled,207.55,"adjust" 
2013-02-01T15:00:00Z,LZB,16.16,13,Market On Close,Filled,210.08,"adjust" 
2013-02-01T15:00:00Z,RES,15.2,93,Market On Close,Filled,1413.6,"buy" 
2013-02-01T15:00:00Z,UFS,78.3,3,Market On Close,Filled,234.9,"adjust" 
2013-02-01T15:00:00Z,USPH,24.85,9,Market On Close,Filled,223.65,"adjust" 
2013-03-01T15:00:00Z,LZB,18.34,-17,Market On Close,Filled,-311.78,"adjust" 
2013-03-01T15:00:00Z,UFS,74.65,-23,Market On Close,Filled,-1716.95,"band" 
2013-03-01T15:00:00Z,USNA,43.74,-7,Market On Close,Filled,-306.18,"adjust" 
2013-03-01T15:00:00Z,BKE,44.55,6,Market On Close,Filled,267.3,"adjust" 
2013-03-01T15:00:00Z,CF,201.5,1,Market On Close,Filled,201.5,"adjust" 
2013-03-01T15:00:00Z,CHS,16.96,22,Market On Close,Filled,373.12,"adjust" 
2013-03-01T15:00:00Z,ENTG,9.55,28,Market On Close,Filled,267.4,"adjust" 
2013-03-01T15:00:00Z,GIII,36.63,7,Market On Close,Filled,256.41,"adjust" 
2013-03-01T15:00:00Z,LHCG,21.01,11,Market On Close,Filled,231.11,"adjust" 
2013-03-01T15:00:00Z,MED,23.92,11,Market On Close,Filled,263.12,"adjust" 
2013-03-01T15:00:00Z,MOV,36.4,6,Market On Close,Filled,218.4,"adjust" 
2013-03-01T15:00:00Z,SCVL,19.49,17,Market On Close,Filled,331.33,"adjust" 
2013-03-01T15:00:00Z,KAI,24.87,48,Market On Close,Filled,1193.76,"buy" 
2013-04-01T14:00:00Z,DISCA,77.98,-3,Market On Close,Filled,-233.94,"adjust" 
2013-04-01T14:00:00Z,EGY,7.38,-113,Market On Close,Filled,-833.94,"band" 
2013-04-01T14:00:00Z,HVT,20.47,-10,Market On Close,Filled,-204.7,"adjust" 
2013-04-01T14:00:00Z,LHCG,21.65,-12,Market On Close,Filled,-259.8,"adjust" 
2013-04-01T14:00:00Z,AWR,55.94,-6,Market On Close,Filled,-335.64,"adjust" 
2013-04-01T14:00:00Z,CPK,48.58,6,Market On Close,Filled,291.48,"adjust" 
2013-04-01T14:00:00Z,IPAR,24.8,61,Market On Close,Filled,1512.8,"buy" 
2013-04-01T14:00:00Z,NC,52.97,6,Market On Close,Filled,317.82,"adjust" 
2013-04-01T14:00:00Z,RGR,49.57,4,Market On Close,Filled,198.28,"adjust" 
2013-04-01T14:00:00Z,TER,15.85,19,Market On Close,Filled,301.15,"adjust" 
2013-05-01T14:00:00Z,CPK,52.34,-6,Market On Close,Filled,-314.04,"adjust" 
2013-05-01T14:00:00Z,GCI,19.94,-81,Market On Close,Filled,-1615.14,"expired" 
2013-05-01T14:00:00Z,NHC,45.03,-36,Market On Close,Filled,-1621.08,"expired" 
2013-05-01T14:00:00Z,RGR,49.62,-24,Market On Close,Filled,-1190.88,"band" 
2013-05-01T14:00:00Z,UGI,40.48,-6,Market On Close,Filled,-242.88,"adjust" 
2013-05-01T14:00:00Z,CVX,120.27,2,Market On Close,Filled,240.54,"adjust" 
2013-05-01T14:00:00Z,IDCC,43.45,30,Market On Close,Filled,1303.5,"buy" 
2013-05-01T14:00:00Z,IDT,13.86,104,Market On Close,Filled,1441.44,"buy" 
2013-05-01T14:00:00Z,MOV,29.42,9,Market On Close,Filled,264.78,"adjust" 
2013-05-01T14:00:00Z,RS,63.31,25,Market On Close,Filled,1582.75,"buy" 
2013-06-03T14:00:00Z,BKE,54.13,-4,Market On Close,Filled,-216.52,"adjust" 
2013-06-03T14:00:00Z,CHS,17.86,-100,Market On Close,Filled,-1786,"expired" 
2013-06-03T14:00:00Z,DDS,91.44,-22,Market On Close,Filled,-2011.68,"expired" 
2013-06-03T14:00:00Z,IDT,17.52,-24,Market On Close,Filled,-420.48,"adjust" 
2013-06-03T14:00:00Z,MOV,36,-36,Market On Close,Filled,-1296,"band" 
2013-06-03T14:00:00Z,SCVL,24.64,-75,Market On Close,Filled,-1848,"band" 
2013-06-03T14:00:00Z,TER,18.03,-12,Market On Close,Filled,-216.36,"adjust" 
2013-06-03T14:00:00Z,USNA,67.3,-6,Market On Close,Filled,-403.8,"adjust" 
2013-06-03T14:00:00Z,USPH,28.9,-61,Market On Close,Filled,-1762.9,"band" 
2013-06-03T14:00:00Z,BGFV,20.25,51,Market On Close,Filled,1032.75,"buy" 
2013-06-03T14:00:00Z,CF,193.59,2,Market On Close,Filled,387.18,"adjust" 
2013-06-03T14:00:00Z,DISCA,79.01,5,Market On Close,Filled,395.05,"adjust" 
2013-06-03T14:00:00Z,GCI,20.8,80,Market On Close,Filled,1664,"buy" 
2013-06-03T14:00:00Z,LZB,18.5,18,Market On Close,Filled,333,"adjust" 
2013-06-03T14:00:00Z,OTL,40.75,47,Market On Close,Filled,1915.25,"buy" 
2013-06-03T14:00:00Z,RES,12.67,20,Market On Close,Filled,253.4,"adjust" 
2013-06-03T14:00:00Z,SPH,46.38,52,Market On Close,Filled,2411.76,"buy" 
2013-06-03T14:00:00Z,VLO,40.25,34,Market On Close,Filled,1368.5,"buy" 
2013-06-03T14:00:00Z,FL,34.27,8,Market On Close,Filled,274.16,"adjust" 
2013-07-01T14:00:00Z,CTB,33.27,-29,Market On Close,Filled,-964.83,"adjust" 
2013-07-01T14:00:00Z,GCI,25.21,-47,Market On Close,Filled,-1184.87,"adjust" 
2013-07-01T14:00:00Z,GIII,48.42,-12,Market On Close,Filled,-581.04,"adjust" 
2013-07-01T14:00:00Z,UGI,38.7,-6,Market On Close,Filled,-232.2,"adjust" 
2013-07-01T14:00:00Z,BKE,52.9,4,Market On Close,Filled,211.6,"adjust" 
2013-07-01T14:00:00Z,CF,170.28,2,Market On Close,Filled,340.56,"adjust" 
2013-07-01T14:00:00Z,CVX,119.08,2,Market On Close,Filled,238.16,"adjust" 
2013-07-01T14:00:00Z,CPK,51.96,5,Market On Close,Filled,259.8,"adjust" 
2013-07-01T14:00:00Z,DK,28.04,12,Market On Close,Filled,336.48,"adjust" 
2013-07-01T14:00:00Z,ENTG,9.44,23,Market On Close,Filled,217.12,"adjust" 
2013-07-01T14:00:00Z,HOC,40.74,11,Market On Close,Filled,448.14,"adjust" 
2013-07-01T14:00:00Z,IDCC,39.26,7,Market On Close,Filled,274.82,"adjust" 
2013-07-01T14:00:00Z,MED,26.41,9,Market On Close,Filled,237.69,"adjust" 
2013-07-01T14:00:00Z,RS,66.31,4,Market On Close,Filled,265.24,"adjust" 
2013-07-01T14:00:00Z,VLGEA,33.87,11,Market On Close,Filled,372.57,"adjust" 
2013-07-01T14:00:00Z,VLO,34.25,7,Market On Close,Filled,239.75,"adjust" 
2013-08-01T14:00:00Z,ALG,42.09,-5,Market On Close,Filled,-210.45,"adjust" 
2013-08-01T14:00:00Z,CF,195.98,-4,Market On Close,Filled,-783.92,"adjust" 
2013-08-01T14:00:00Z,CPK,59.69,-4,Market On Close,Filled,-238.76,"adjust" 
2013-08-01T14:00:00Z,IDT,19.27,-11,Market On Close,Filled,-211.97,"adjust" 
2013-08-01T14:00:00Z,IPAR,32.86,-10,Market On Close,Filled,-328.6,"adjust" 
2013-08-01T14:00:00Z,LHCG,23.49,-10,Market On Close,Filled,-234.9,"adjust" 
2013-08-01T14:00:00Z,MED,27.27,-54,Market On Close,Filled,-1472.58,"band" 
2013-08-01T14:00:00Z,AWR,64.81,-7,Market On Close,Filled,-453.67,"adjust" 
2013-08-01T14:00:00Z,VLGEA,37.25,-53,Market On Close,Filled,-1974.25,"band" 
2013-08-01T14:00:00Z,APU,46.06,52,Market On Close,Filled,2395.12,"buy" 
2013-08-01T14:00:00Z,HNRG,7.8,211,Market On Close,Filled,1645.8,"buy" 
2013-08-01T14:00:00Z,ICFI,33.94,6,Market On Close,Filled,203.64,"adjust" 
2013-08-01T14:00:00Z,OTL,43.47,6,Market On Close,Filled,260.82,"adjust" 
2013-08-01T14:00:00Z,TER,16.89,21,Market On Close,Filled,354.69,"adjust" 
2013-08-01T14:00:00Z,FL,37.26,6,Market On Close,Filled,223.56,"adjust" 
2013-09-03T14:00:00Z,ALG,45.72,-9,Market On Close,Filled,-411.48,"adjust" 
2013-09-03T14:00:00Z,ENTG,9.42,-202,Market On Close,Filled,-1902.84,"band" 
2013-09-03T14:00:00Z,HNRG,7.4,-211,Market On Close,Filled,-1561.4,"universe" 
2013-09-03T14:00:00Z,TER,15.44,-110,Market On Close,Filled,-1698.4,"band" 
2013-09-03T14:00:00Z,BKE,51.94,4,Market On Close,Filled,207.76,"adjust" 
2013-09-03T14:00:00Z,CVI,43.27,5,Market On Close,Filled,216.35,"adjust" 
2013-09-03T14:00:00Z,DK,25.31,9,Market On Close,Filled,227.79,"adjust" 
2013-09-03T14:00:00Z,FF,16.72,110,Market On Close,Filled,1839.2,"buy" 
2013-09-03T14:00:00Z,GIII,47.01,5,Market On Close,Filled,235.05,"adjust" 
2013-09-03T14:00:00Z,PETS,15.46,88,Market On Close,Filled,1360.48,"buy" 
2013-09-03T14:00:00Z,SMP,30.84,7,Market On Close,Filled,215.88,"adjust" 
2013-09-03T14:00:00Z,USMO,13.92,124,Market On Close,Filled,1726.08,"buy" 
2013-10-01T14:00:00Z,DISCA,83.23,-3,Market On Close,Filled,-249.69,"adjust" 
2013-10-01T14:00:00Z,ENS,61.49,-7,Market On Close,Filled,-430.43,"adjust" 
2013-10-01T14:00:00Z,FF,18.23,-14,Market On Close,Filled,-255.22,"adjust" 
2013-10-01T14:00:00Z,GIII,55,-7,Market On Close,Filled,-385,"adjust" 
2013-10-01T14:00:00Z,ICFI,35.94,-7,Market On Close,Filled,-251.58,"adjust" 
2013-10-01T14:00:00Z,IDCC,37.7,-37,Market On Close,Filled,-1394.9,"band" 
2013-10-01T14:00:00Z,BGFV,16.18,18,Market On Close,Filled,291.24,"adjust" 
2013-10-01T14:00:00Z,CVX,121.32,2,Market On Close,Filled,242.64,"adjust" 
2013-10-01T14:00:00Z,CTB,31.13,9,Market On Close,Filled,280.17,"adjust" 
2013-10-01T14:00:00Z,CVI,38.81,6,Market On Close,Filled,232.86,"adjust" 
2013-10-01T14:00:00Z,DK,21.25,12,Market On Close,Filled,255,"adjust" 
2013-10-01T14:00:00Z,KWR,74.11,28,Market On Close,Filled,2075.08,"buy" 
2013-10-01T14:00:00Z,KAI,33.51,6,Market On Close,Filled,201.06,"adjust" 
2013-10-01T14:00:00Z,VLO,33.84,7,Market On Close,Filled,236.88,"adjust" 
2013-10-01T14:00:00Z,WLK,107.6,2,Market On Close,Filled,215.2,"adjust" 
2013-11-01T14:00:00Z,BGFV,19.19,-14,Market On Close,Filled,-268.66,"adjust" 
2013-11-01T14:00:00Z,DISCA,87.8,-3,Market On Close,Filled,-263.4,"adjust" 
2013-11-01T14:00:00Z,DK,25.26,-64,Market On Close,Filled,-1616.64,"band" 
2013-11-01T14:00:00Z,HVT,28.29,-13,Market On Close,Filled,-367.77,"adjust" 
2013-11-01T14:00:00Z,IDT,22,-10,Market On Close,Filled,-220,"adjust" 
2013-11-01T14:00:00Z,IPAR,35.26,-9,Market On Close,Filled,-317.34,"adjust" 
2013-11-01T14:00:00Z,OTL,45.56,-8,Market On Close,Filled,-364.48,"adjust" 
2013-11-01T14:00:00Z,RES,18.31,-11,Market On Close,Filled,-201.41,"adjust" 
2013-11-01T14:00:00Z,VLO,41,-6,Market On Close,Filled,-246,"adjust" 
2013-11-01T14:00:00Z,ALG,48.43,5,Market On Close,Filled,242.15,"adjust" 
2013-11-01T14:00:00Z,APU,45.12,6,Market On Close,Filled,270.72,"adjust" 
2013-11-01T14:00:00Z,FTK,20.98,10,Market On Close,Filled,209.8,"adjust" 
2013-11-01T14:00:00Z,GCI,27.9,10,Market On Close,Filled,279,"adjust" 
2013-11-01T14:00:00Z,HHS,7.98,164,Market On Close,Filled,1308.72,"buy" 
2013-11-01T14:00:00Z,LHCG,20.66,12,Market On Close,Filled,247.92,"adjust" 
2013-11-01T14:00:00Z,RS,74.4,3,Market On Close,Filled,223.2,"adjust" 
2013-11-01T14:00:00Z,SPH,46.45,8,Market On Close,Filled,371.6,"adjust" 
2013-12-02T15:00:00Z,ALG,57.13,-12,Market On Close,Filled,-685.56,"adjust" 
2013-12-02T15:00:00Z,CF,217.01,-8,Market On Close,Filled,-1736.08,"band" 
2013-12-02T15:00:00Z,CTB,24.39,-29,Market On Close,Filled,-707.31,"band" 
2013-12-02T15:00:00Z,HOC,49.17,-5,Market On Close,Filled,-245.85,"adjust" 
2013-12-02T15:00:00Z,LHCG,24.59,-11,Market On Close,Filled,-270.49,"adjust" 
2013-12-02T15:00:00Z,LZB,28.99,-26,Market On Close,Filled,-753.74,"adjust" 
2013-12-02T15:00:00Z,NC,63.46,-26,Market On Close,Filled,-1649.96,"band" 
2013-12-02T15:00:00Z,KAI,40.75,-9,Market On Close,Filled,-366.75,"adjust" 
2013-12-02T15:00:00Z,HES,80.91,29,Market On Close,Filled,2346.39,"buy" 
2013-12-02T15:00:00Z,APU,42.37,7,Market On Close,Filled,296.59,"adjust" 
2013-12-02T15:00:00Z,CVX,122.34,2,Market On Close,Filled,244.68,"adjust" 
2013-12-02T15:00:00Z,DISCA,86.21,3,Market On Close,Filled,258.63,"adjust" 
2013-12-02T15:00:00Z,RS,73.34,3,Market On Close,Filled,220.02,"adjust" 
2013-12-02T15:00:00Z,AWR,27.71,7,Market On Close,Filled,193.97,"adjust" 
2013-12-02T15:00:00Z,SMP,34.4,6,Market On Close,Filled,206.4,"adjust" 
2013-12-02T15:00:00Z,SPH,45.07,7,Market On Close,Filled,315.49,"adjust" 
2013-12-02T15:00:00Z,SWM,50.73,31,Market On Close,Filled,1572.63,"buy" 
2013-12-02T15:00:00Z,SYNA,50.27,23,Market On Close,Filled,1156.21,"buy" 
2014-01-02T15:00:00Z,ALG,57.02,-6,Market On Close,Filled,-342.12,"adjust" 
2014-01-02T15:00:00Z,CVI,43.68,-33,Market On Close,Filled,-1441.44,"band" 
2014-01-02T15:00:00Z,GIII,71.42,-5,Market On Close,Filled,-357.1,"adjust" 
2014-01-02T15:00:00Z,VLO,49.86,-7,Market On Close,Filled,-349.02,"adjust" 
2014-01-02T15:00:00Z,WDC,82.68,-3,Market On Close,Filled,-248.04,"adjust" 
2014-01-02T15:00:00Z,FL,40.77,-7,Market On Close,Filled,-285.39,"adjust" 
2014-01-02T15:00:00Z,FTK,20.06,11,Market On Close,Filled,220.66,"adjust" 
2014-01-02T15:00:00Z,GME,49.65,30,Market On Close,Filled,1489.5,"buy" 
2014-01-02T15:00:00Z,HHS,7.54,28,Market On Close,Filled,211.12,"adjust" 
2014-01-02T15:00:00Z,IDT,17.7,15,Market On Close,Filled,265.5,"adjust" 
2014-01-02T15:00:00Z,RES,17.73,17,Market On Close,Filled,301.41,"adjust" 
2014-02-03T15:00:00Z,APU,42.48,-65,Market On Close,Filled,-2761.2,"expired" 
2014-02-03T15:00:00Z,FTK,20.9,-12,Market On Close,Filled,-250.8,"adjust" 
2014-02-03T15:00:00Z,HHS,6.86,-192,Market On Close,Filled,-1317.12,"band" 
2014-02-03T15:00:00Z,OTL,41.8,-45,Market On Close,Filled,-1881,"band" 
2014-02-03T15:00:00Z,PETS,12.74,-88,Market On Close,Filled,-1121.12,"universe" 
2014-02-03T15:00:00Z,AWR,27.71,-9,Market On Close,Filled,-249.39,"adjust" 
2014-02-03T15:00:00Z,UGI,42.04,-74,Market On Close,Filled,-3110.96,"expired" 
2014-02-03T15:00:00Z,HES,73.92,6,Market On Close,Filled,443.52,"adjust" 
2014-02-03T15:00:00Z,ALG,47.68,5,Market On Close,Filled,238.4,"adjust" 
2014-02-03T15:00:00Z,BGFV,16.62,22,Market On Close,Filled,365.64,"adjust" 
2014-02-03T15:00:00Z,BKE,42.49,11,Market On Close,Filled,467.39,"adjust" 
2014-02-03T15:00:00Z,CPK,57.71,6,Market On Close,Filled,346.26,"adjust" 
2014-02-03T15:00:00Z,DISCA,78.04,3,Market On Close,Filled,234.12,"adjust" 
2014-02-03T15:00:00Z,FSS,11.72,125,Market On Close,Filled,1465,"buy" 
2014-02-03T15:00:00Z,GCI,26.51,12,Market On Close,Filled,318.12,"adjust" 
2014-02-03T15:00:00Z,GTE,7.48,203,Market On Close,Filled,1518.44,"buy" 
2014-02-03T15:00:00Z,HVT,26.38,10,Market On Close,Filled,263.8,"adjust" 
2014-02-03T15:00:00Z,IPAR,31.74,12,Market On Close,Filled,380.88,"adjust" 
2014-02-03T15:00:00Z,KIRK,17.58,67,Market On Close,Filled,1177.86,"buy" 
2014-02-03T15:00:00Z,KWR,66.71,4,Market On Close,Filled,266.84,"adjust" 
2014-02-03T15:00:00Z,LHCG,23.71,14,Market On Close,Filled,331.94,"adjust" 
2014-02-03T15:00:00Z,LZB,26.01,8,Market On Close,Filled,208.08,"adjust" 
2014-02-03T15:00:00Z,NUS,82.78,9,Market On Close,Filled,745.02,"buy" 
2014-02-03T15:00:00Z,SMP,31.21,7,Market On Close,Filled,218.47,"adjust" 
2014-02-03T15:00:00Z,SWM,45.13,8,Market On Close,Filled,361.04,"adjust" 
2014-02-03T15:00:00Z,USMO,14.01,17,Market On Close,Filled,238.17,"adjust" 
2014-02-03T15:00:00Z,USNA,57.62,4,Market On Close,Filled,230.48,"adjust" 
2014-02-03T15:00:00Z,UTHR,97.15,9,Market On Close,Filled,874.35,"buy" 
2014-02-03T15:00:00Z,FL,36.73,6,Market On Close,Filled,220.38,"adjust" 
2014-03-03T15:00:00Z,DISCA,82.08,-32,Market On Close,Filled,-2626.56,"band" 
2014-03-03T15:00:00Z,ENS,69.81,-4,Market On Close,Filled,-279.24,"adjust" 
2014-03-03T15:00:00Z,FTK,25.62,-13,Market On Close,Filled,-333.06,"adjust" 
2014-03-03T15:00:00Z,HOC,44.88,-33,Market On Close,Filled,-1481.04,"band" 
2014-03-03T15:00:00Z,ICFI,40.23,-28,Market On Close,Filled,-1126.44,"adjust" 
2014-03-03T15:00:00Z,KIRK,17.76,-67,Market On Close,Filled,-1189.92,"universe" 
2014-03-03T15:00:00Z,KWR,76.46,-3,Market On Close,Filled,-229.38,"adjust" 
2014-03-03T15:00:00Z,RES,18.06,-15,Market On Close,Filled,-270.9,"adjust" 
2014-03-03T15:00:00Z,SMP,34.64,-17,Market On Close,Filled,-588.88,"adjust" 
2014-03-03T15:00:00Z,USMO,14.37,-141,Market On Close,Filled,-2026.17,"universe" 
2014-03-03T15:00:00Z,USNA,71.94,-6,Market On Close,Filled,-431.64,"adjust" 
2014-03-03T15:00:00Z,BGFV,14.89,17,Market On Close,Filled,253.13,"adjust" 
2014-03-03T15:00:00Z,FF,17.15,12,Market On Close,Filled,205.8,"adjust" 
2014-03-03T15:00:00Z,GIII,69.68,4,Market On Close,Filled,278.72,"adjust" 
2014-03-03T15:00:00Z,GTE,7.1,44,Market On Close,Filled,312.4,"adjust" 
2014-03-03T15:00:00Z,IDT,18.24,18,Market On Close,Filled,328.32,"adjust" 
2014-03-03T15:00:00Z,IPAR,32.8,6,Market On Close,Filled,196.8,"adjust" 
2014-03-03T15:00:00Z,LZB,25.37,10,Market On Close,Filled,253.7,"adjust" 
2014-03-03T15:00:00Z,OSTK,19.54,45,Market On Close,Filled,879.3,"buy" 
2014-03-03T15:00:00Z,PPC,17.18,88,Market On Close,Filled,1511.84,"buy" 
2014-03-03T15:00:00Z,SAFM,75.11,29,Market On Close,Filled,2178.19,"buy" 
2014-03-03T15:00:00Z,SPH,42.88,13,Market On Close,Filled,557.44,"adjust" 
2014-03-03T15:00:00Z,UGI,44.3,77,Market On Close,Filled,3411.1,"buy" 
2014-03-03T15:00:00Z,UTHR,100.37,2,Market On Close,Filled,200.74,"adjust" 
2014-03-03T15:00:00Z,WDC,87.9,3,Market On Close,Filled,263.7,"adjust" 
2014-04-01T14:00:00Z,BGFV,16.17,-94,Market On Close,Filled,-1519.98,"band" 
2014-04-01T14:00:00Z,BKE,46.33,-53,Market On Close,Filled,-2455.49,"band" 
2014-04-01T14:00:00Z,FF,21.05,-37,Market On Close,Filled,-778.85,"adjust" 
2014-04-01T14:00:00Z,PPC,21.14,-12,Market On Close,Filled,-253.68,"adjust" 
2014-04-01T14:00:00Z,SPH,42.01,-80,Market On Close,Filled,-3360.8,"band" 
2014-04-01T14:00:00Z,FL,47.3,-15,Market On Close,Filled,-709.5,"adjust" 
2014-04-01T14:00:00Z,HES,83.96,5,Market On Close,Filled,419.8,"adjust" 
2014-04-01T14:00:00Z,CVX,119,2,Market On Close,Filled,238,"adjust" 
2014-04-01T14:00:00Z,CORE,74.06,38,Market On Close,Filled,2814.28,"buy" 
2014-04-01T14:00:00Z,ENS,69.99,3,Market On Close,Filled,209.97,"adjust" 
2014-04-01T14:00:00Z,GCI,28.02,14,Market On Close,Filled,392.28,"adjust" 
2014-04-01T14:00:00Z,ICFI,40.63,6,Market On Close,Filled,243.78,"adjust" 
2014-04-01T14:00:00Z,IDT,16.99,13,Market On Close,Filled,220.87,"adjust" 
2014-04-01T14:00:00Z,LHCG,22.3,24,Market On Close,Filled,535.2,"adjust" 
2014-04-01T14:00:00Z,MYGN,35.15,32,Market On Close,Filled,1124.8,"buy" 
2014-04-01T14:00:00Z,PRFT,18.43,78,Market On Close,Filled,1437.54,"buy" 
2014-04-01T14:00:00Z,RS,71.28,5,Market On Close,Filled,356.4,"adjust" 
2014-04-01T14:00:00Z,SMP,37.25,6,Market On Close,Filled,223.5,"adjust" 
2014-04-01T14:00:00Z,SWM,42.51,8,Market On Close,Filled,340.08,"adjust" 
2014-04-01T14:00:00Z,KAI,38.28,14,Market On Close,Filled,535.92,"adjust" 
2014-04-01T14:00:00Z,UGI,45.35,6,Market On Close,Filled,272.1,"adjust" 
2014-04-01T14:00:00Z,WLK,67.1,7,Market On Close,Filled,469.7,"adjust" 
2014-05-01T14:00:00Z,CVX,124.94,-2,Market On Close,Filled,-249.88,"adjust" 
2014-05-01T14:00:00Z,CORE,78.78,-3,Market On Close,Filled,-236.34,"adjust" 
2014-05-01T14:00:00Z,FTK,27.69,-8,Market On Close,Filled,-221.52,"adjust" 
2014-05-01T14:00:00Z,MYGN,39.97,-6,Market On Close,Filled,-239.82,"adjust" 
2014-05-01T14:00:00Z,PPC,22.05,-76,Market On Close,Filled,-1675.8,"expired" 
2014-05-01T14:00:00Z,RES,21.76,-11,Market On Close,Filled,-239.36,"adjust" 
2014-05-01T14:00:00Z,SWM,42.78,-47,Market On Close,Filled,-2010.66,"band" 
2014-05-01T14:00:00Z,WLK,70.86,-12,Market On Close,Filled,-850.32,"adjust" 
2014-05-01T14:00:00Z,GIII,72.5,3,Market On Close,Filled,217.5,"adjust" 
2014-05-01T14:00:00Z,KWR,77.11,3,Market On Close,Filled,231.33,"adjust" 
2014-05-01T14:00:00Z,LHCG,20.82,16,Market On Close,Filled,333.12,"adjust" 
2014-05-01T14:00:00Z,LZB,24.39,12,Market On Close,Filled,292.68,"adjust" 
2014-05-01T14:00:00Z,OSTK,15.33,18,Market On Close,Filled,275.94,"adjust" 
2014-05-01T14:00:00Z,AWR,30.22,11,Market On Close,Filled,332.42,"adjust" 
2014-05-01T14:00:00Z,TTWO,20.69,88,Market On Close,Filled,1820.72,"buy" 
2014-05-01T14:00:00Z,VMW,92.05,18,Market On Close,Filled,1656.9,"buy" 
2014-06-02T14:00:00Z,IDT,16.64,-105,Market On Close,Filled,-1747.2,"band" 
2014-06-02T14:00:00Z,IPAR,29.27,-60,Market On Close,Filled,-1756.2,"band" 
2014-06-02T14:00:00Z,LHCG,20.38,-117,Market On Close,Filled,-2384.46,"band" 
2014-06-02T14:00:00Z,SAFM,95.65,-3,Market On Close,Filled,-286.95,"adjust" 
2014-06-02T14:00:00Z,SMP,40.99,-7,Market On Close,Filled,-286.93,"adjust" 
2014-06-02T14:00:00Z,SYNA,66.45,-5,Market On Close,Filled,-332.25,"adjust" 
2014-06-02T14:00:00Z,WLK,81.1,-3,Market On Close,Filled,-243.3,"adjust" 
2014-06-02T14:00:00Z,DECK,78.43,19,Market On Close,Filled,1490.17,"buy" 
2014-06-02T14:00:00Z,GCI,28.89,10,Market On Close,Filled,288.9,"adjust" 
2014-06-02T14:00:00Z,GTE,7.2,30,Market On Close,Filled,216,"adjust" 
2014-06-02T14:00:00Z,HVT,24.97,9,Market On Close,Filled,224.73,"adjust" 
2014-06-02T14:00:00Z,ICFI,37.15,7,Market On Close,Filled,260.05,"adjust" 
2014-06-02T14:00:00Z,MOD,14.94,97,Market On Close,Filled,1449.18,"buy" 
2014-06-02T14:00:00Z,MYGN,33.62,7,Market On Close,Filled,235.34,"adjust" 
2014-06-02T14:00:00Z,NUS,73.62,4,Market On Close,Filled,294.48,"adjust" 
2014-06-02T14:00:00Z,PPC,25.92,70,Market On Close,Filled,1814.4,"buy" 
2014-06-02T14:00:00Z,UTHR,95.58,3,Market On Close,Filled,286.74,"adjust" 
2014-07-01T14:00:00Z,GIII,81.39,-3,Market On Close,Filled,-244.17,"adjust" 
2014-07-01T14:00:00Z,SYNA,91.88,-8,Market On Close,Filled,-735.04,"adjust" 
2014-07-01T14:00:00Z,ALG,55.01,4,Market On Close,Filled,220.04,"adjust" 
2014-07-01T14:00:00Z,ENS,69.67,3,Market On Close,Filled,209.01,"adjust" 
2014-07-01T14:00:00Z,GME,40.51,5,Market On Close,Filled,202.55,"adjust" 
2014-07-01T14:00:00Z,ICFI,35.93,7,Market On Close,Filled,251.51,"adjust" 
2014-07-01T14:00:00Z,RS,74.26,5,Market On Close,Filled,371.3,"adjust" 
2014-07-01T14:00:00Z,FL,51.6,5,Market On Close,Filled,258,"adjust" 
2014-08-01T14:00:00Z,HES,98,-3,Market On Close,Filled,-294,"adjust" 
2014-08-01T14:00:00Z,CORE,46.94,-15,Market On Close,Filled,-704.1,"adjust" 
2014-08-01T14:00:00Z,MOD,13.25,-97,Market On Close,Filled,-1285.25,"expired" 
2014-08-01T14:00:00Z,NUS,59.03,-13,Market On Close,Filled,-767.39,"band" 
2014-08-01T14:00:00Z,PPC,28.82,-13,Market On Close,Filled,-374.66,"adjust" 
2014-08-01T14:00:00Z,RES,22.02,-9,Market On Close,Filled,-198.18,"adjust" 
2014-08-01T14:00:00Z,RS,67.64,-3,Market On Close,Filled,-202.92,"adjust" 
2014-08-01T14:00:00Z,SAFM,91.75,-3,Market On Close,Filled,-275.25,"adjust" 
2014-08-01T14:00:00Z,AWR,30.79,-85,Market On Close,Filled,-2617.15,"band" 
2014-08-01T14:00:00Z,TTWO,22.39,-10,Market On Close,Filled,-223.9,"adjust" 
2014-08-01T14:00:00Z,FF,15.7,14,Market On Close,Filled,219.8,"adjust" 
2014-08-01T14:00:00Z,HP,105.48,21,Market On Close,Filled,2215.08,"buy" 
2014-08-01T14:00:00Z,KWR,71.04,4,Market On Close,Filled,284.16,"adjust" 
2014-08-01T14:00:00Z,MU,31.09,48,Market On Close,Filled,1492.32,"buy" 
2014-08-01T14:00:00Z,NJR,50.74,54,Market On Close,Filled,2739.96,"buy" 
2014-08-01T14:00:00Z,SYNA,78.11,3,Market On Close,Filled,234.33,"adjust" 
2014-08-01T14:00:00Z,USNA,65.77,4,Market On Close,Filled,263.08,"adjust" 
2014-09-02T14:00:00Z,HES,100.53,-3,Market On Close,Filled,-301.59,"adjust" 
2014-09-02T14:00:00Z,ALG,49.03,-33,Market On Close,Filled,-1617.99,"band" 
2014-09-02T14:00:00Z,FF,14,-85,Market On Close,Filled,-1190,"band" 
2014-09-02T14:00:00Z,GCI,34.1,-6,Market On Close,Filled,-204.6,"adjust" 
2014-09-02T14:00:00Z,GTE,6.61,-277,Market On Close,Filled,-1830.97,"band" 
2014-09-02T14:00:00Z,LZB,21.81,-83,Market On Close,Filled,-1810.23,"band" 
2014-09-02T14:00:00Z,PRFT,17.59,-78,Market On Close,Filled,-1372.02,"band" 
2014-09-02T14:00:00Z,UTHR,115.22,-7,Market On Close,Filled,-806.54,"adjust" 
2014-09-02T14:00:00Z,FL,57.25,-11,Market On Close,Filled,-629.75,"adjust" 
2014-09-02T14:00:00Z,BABY,29.06,54,Market On Close,Filled,1569.24,"buy" 
2014-09-02T14:00:00Z,DDS,113.29,15,Market On Close,Filled,1699.35,"buy" 
2014-09-02T14:00:00Z,ICFI,33.87,9,Market On Close,Filled,304.83,"adjust" 
2014-09-02T14:00:00Z,LSCC,7.48,199,Market On Close,Filled,1488.52,"buy" 
2014-09-02T14:00:00Z,RSC,106.48,9,Market On Close,Filled,958.32,"buy" 
2014-09-02T14:00:00Z,VMW,98.98,3,Market On Close,Filled,296.94,"adjust" 
2014-09-02T14:00:00Z,AVA,32.15,117,Market On Close,Filled,3761.55,"buy" 
2014-10-01T14:00:00Z,CORE,51.69,-11,Market On Close,Filled,-568.59,"adjust" 
2014-10-01T14:00:00Z,CPK,41.48,-11,Market On Close,Filled,-456.28,"adjust" 
2014-10-01T14:00:00Z,ICFI,30.43,-64,Market On Close,Filled,-1947.52,"band" 
2014-10-01T14:00:00Z,MU,33.5,-7,Market On Close,Filled,-234.5,"adjust" 
2014-10-01T14:00:00Z,RS,67.32,-42,Market On Close,Filled,-2827.44,"band" 
2014-10-01T14:00:00Z,CALM,87.8,22,Market On Close,Filled,1931.6,"buy" 
2014-10-01T14:00:00Z,CVX,117.65,2,Market On Close,Filled,235.3,"adjust" 
2014-10-01T14:00:00Z,EGY,8.6,115,Market On Close,Filled,989,"buy" 
2014-10-01T14:00:00Z,FSS,12.71,28,Market On Close,Filled,355.88,"adjust" 
2014-10-01T14:00:00Z,GCI,29.21,8,Market On Close,Filled,233.68,"adjust" 
2014-10-01T14:00:00Z,HVT,21.14,18,Market On Close,Filled,380.52,"adjust" 
2014-10-01T14:00:00Z,RSC,69.94,4,Market On Close,Filled,279.76,"adjust" 
2014-10-01T14:00:00Z,SMP,34.12,12,Market On Close,Filled,409.44,"adjust" 
2014-10-01T14:00:00Z,KAI,37.53,7,Market On Close,Filled,262.71,"adjust" 
2014-10-01T14:00:00Z,VLO,45.6,8,Market On Close,Filled,364.8,"adjust" 
2014-11-03T15:00:00Z,CVX,116.78,-2,Market On Close,Filled,-233.56,"adjust" 
2014-11-03T15:00:00Z,ENS,62.46,-36,Market On Close,Filled,-2248.56,"band" 
2014-11-03T15:00:00Z,GCI,31.32,-7,Market On Close,Filled,-219.24,"adjust" 
2014-11-03T15:00:00Z,KWR,83.27,-5,Market On Close,Filled,-416.35,"adjust" 
2014-11-03T15:00:00Z,OSTK,23.59,-9,Market On Close,Filled,-212.31,"adjust" 
2014-11-03T15:00:00Z,PPC,28.9,-10,Market On Close,Filled,-289,"adjust" 
2014-11-03T15:00:00Z,SMP,39.3,-7,Market On Close,Filled,-275.1,"adjust" 
2014-11-03T15:00:00Z,SYNA,65.72,-13,Market On Close,Filled,-854.36,"expired" 
2014-11-03T15:00:00Z,KAI,42.01,-5,Market On Close,Filled,-210.05,"adjust" 
2014-11-03T15:00:00Z,TTWO,25.83,-14,Market On Close,Filled,-361.62,"adjust" 
2014-11-03T15:00:00Z,UGI,37.94,-11,Market On Close,Filled,-417.34,"adjust" 
2014-11-03T15:00:00Z,USNA,115.22,-9,Market On Close,Filled,-1036.98,"adjust" 
2014-11-03T15:00:00Z,AVA,35.65,-18,Market On Close,Filled,-641.7,"adjust" 
2014-11-03T15:00:00Z,DDS,108.15,4,Market On Close,Filled,432.6,"adjust" 
2014-11-03T15:00:00Z,GIII,79.06,4,Market On Close,Filled,316.24,"adjust" 
2014-11-03T15:00:00Z,GME,42.71,7,Market On Close,Filled,298.97,"adjust" 
2014-11-03T15:00:00Z,GPRE,34.58,40,Market On Close,Filled,1383.2,"buy" 
2014-11-03T15:00:00Z,HVT,21.77,11,Market On Close,Filled,239.47,"adjust" 
2014-11-03T15:00:00Z,LSCC,6.59,54,Market On Close,Filled,355.86,"adjust" 
2014-11-03T15:00:00Z,MED,31.98,62,Market On Close,Filled,1982.76,"buy" 
2014-11-03T15:00:00Z,MYGN,39.48,7,Market On Close,Filled,276.36,"adjust" 
2014-11-03T15:00:00Z,RES,16.17,14,Market On Close,Filled,226.38,"adjust" 
2014-11-03T15:00:00Z,UTHR,130.42,2,Market On Close,Filled,260.84,"adjust" 
2014-11-03T15:00:00Z,VMW,84.27,7,Market On Close,Filled,589.89,"adjust" 
2014-11-03T15:00:00Z,WLK,71.04,3,Market On Close,Filled,213.12,"adjust" 
2014-11-03T15:00:00Z,FL,56.17,11,Market On Close,Filled,617.87,"adjust" 
2014-12-01T15:00:00Z,HES,73.96,-5,Market On Close,Filled,-369.8,"adjust" 
2014-12-01T15:00:00Z,CVX,111.73,-2,Market On Close,Filled,-223.46,"adjust" 
2014-12-01T15:00:00Z,DDS,116.64,-4,Market On Close,Filled,-466.56,"adjust" 
2014-12-01T15:00:00Z,EGY,5.94,-115,Market On Close,Filled,-683.1,"universe" 
2014-12-01T15:00:00Z,FSS,14.76,-17,Market On Close,Filled,-250.92,"adjust" 
2014-12-01T15:00:00Z,MED,29.62,-7,Market On Close,Filled,-207.34,"adjust" 
2014-12-01T15:00:00Z,FL,56.35,-9,Market On Close,Filled,-507.15,"adjust" 
2014-12-01T15:00:00Z,EW,129.39,16,Market On Close,Filled,2070.24,"buy" 
2014-12-01T15:00:00Z,NJR,57.45,4,Market On Close,Filled,229.8,"adjust" 
2014-12-01T15:00:00Z,RSC,62.78,4,Market On Close,Filled,251.12,"adjust" 
2015-01-02T15:00:00Z,CVX,112.58,-5,Market On Close,Filled,-562.9,"adjust" 
2015-01-02T15:00:00Z,CPK,49.89,-62,Market On Close,Filled,-3093.18,"band" 
2015-01-02T15:00:00Z,GIII,100,-7,Market On Close,Filled,-700,"adjust" 
2015-01-02T15:00:00Z,GME,33.8,-42,Market On Close,Filled,-1419.6,"band" 
2015-01-02T15:00:00Z,KWR,90.03,-3,Market On Close,Filled,-270.09,"adjust" 
2015-01-02T15:00:00Z,MU,34.75,-41,Market On Close,Filled,-1424.75,"expired" 
2015-01-02T15:00:00Z,NJR,61.25,-9,Market On Close,Filled,-551.25,"adjust" 
2015-01-02T15:00:00Z,RES,13.3,-98,Market On Close,Filled,-1303.4,"band" 
2015-01-02T15:00:00Z,UGI,38.02,-12,Market On Close,Filled,-456.24,"adjust" 
2015-01-02T15:00:00Z,AVA,35.44,-6,Market On Close,Filled,-212.64,"adjust" 
2015-01-02T15:00:00Z,ARLP,43.18,47,Market On Close,Filled,2029.46,"buy" 
2015-01-02T15:00:00Z,DECK,89.7,4,Market On Close,Filled,358.8,"adjust" 
2015-01-02T15:00:00Z,FTK,18.76,11,Market On Close,Filled,206.36,"adjust" 
2015-01-02T15:00:00Z,MYGN,34.61,10,Market On Close,Filled,346.1,"adjust" 
2015-01-02T15:00:00Z,SKX,55.74,29,Market On Close,Filled,1616.46,"buy" 
2015-01-02T15:00:00Z,SMP,37.33,7,Market On Close,Filled,261.31,"adjust" 
2015-01-02T15:00:00Z,TSRA,35.47,60,Market On Close,Filled,2128.2,"buy" 
2015-01-02T15:00:00Z,USNA,102.28,4,Market On Close,Filled,409.12,"adjust" 
2015-01-02T15:00:00Z,UTHR,127.73,2,Market On Close,Filled,255.46,"adjust" 
2015-01-02T15:00:00Z,GHC,860.94,3,Market On Close,Filled,2582.82,"buy" 
2015-02-02T15:00:00Z,CORE,67.5,-5,Market On Close,Filled,-337.5,"adjust" 
2015-02-02T15:00:00Z,HVT,24.79,-99,Market On Close,Filled,-2454.21,"band" 
2015-02-02T15:00:00Z,TSRA,37.35,-8,Market On Close,Filled,-298.8,"adjust" 
2015-02-02T15:00:00Z,VMW,79.22,-28,Market On Close,Filled,-2218.16,"band" 
2015-02-02T15:00:00Z,GHC,945,-1,Market On Close,Filled,-945,"adjust" 
2015-02-02T15:00:00Z,ARLP,37.35,6,Market On Close,Filled,224.1,"adjust" 
2015-02-02T15:00:00Z,BBY,34.97,47,Market On Close,Filled,1643.59,"buy" 
2015-02-02T15:00:00Z,DDS,114.78,3,Market On Close,Filled,344.34,"adjust" 
2015-02-02T15:00:00Z,EW,125.48,3,Market On Close,Filled,376.44,"adjust" 
2015-02-02T15:00:00Z,GPRE,25.19,10,Market On Close,Filled,251.9,"adjust" 
2015-02-02T15:00:00Z,KWR,80.51,4,Market On Close,Filled,322.04,"adjust" 
2015-02-02T15:00:00Z,OSTK,22.8,14,Market On Close,Filled,319.2,"adjust" 
2015-02-02T15:00:00Z,RSC,59.57,5,Market On Close,Filled,297.85,"adjust" 
2015-02-02T15:00:00Z,SMP,37.5,6,Market On Close,Filled,225,"adjust" 
2015-02-02T15:00:00Z,KAI,40.57,8,Market On Close,Filled,324.56,"adjust" 
2015-03-02T15:00:00Z,HES,74.11,-3,Market On Close,Filled,-222.33,"adjust" 
2015-03-02T15:00:00Z,DECK,74.52,-4,Market On Close,Filled,-298.08,"adjust" 
2015-03-02T15:00:00Z,FTK,16.73,-74,Market On Close,Filled,-1238.02,"band" 
2015-03-02T15:00:00Z,HP,65.71,-21,Market On Close,Filled,-1379.91,"band" 
2015-03-02T15:00:00Z,KWR,82.66,-3,Market On Close,Filled,-247.98,"adjust" 
2015-03-02T15:00:00Z,MED,32.35,-55,Market On Close,Filled,-1779.25,"universe" 
2015-03-02T15:00:00Z,SKX,68.27,-4,Market On Close,Filled,-273.08,"adjust" 
2015-03-02T15:00:00Z,SMP,42.33,-66,Market On Close,Filled,-2793.78,"band" 
2015-03-02T15:00:00Z,KAI,46.27,-7,Market On Close,Filled,-323.89,"adjust" 
2015-03-02T15:00:00Z,TTWO,26.06,-64,Market On Close,Filled,-1667.84,"band" 
2015-03-02T15:00:00Z,VLO,58.68,-7,Market On Close,Filled,-410.76,"adjust" 
2015-03-02T15:00:00Z,WLK,67.38,-3,Market On Close,Filled,-202.14,"adjust" 
2015-03-02T15:00:00Z,BABY,35.33,12,Market On Close,Filled,423.96,"adjust" 
2015-03-02T15:00:00Z,CTR,44.21,59,Market On Close,Filled,2608.39,"buy" 
2015-03-02T15:00:00Z,DEPO,23.06,60,Market On Close,Filled,1383.6,"buy" 
2015-03-02T15:00:00Z,IDT,21.85,100,Market On Close,Filled,2185,"buy" 
2015-03-02T15:00:00Z,INTC,34.06,84,Market On Close,Filled,2861.04,"buy" 
2015-03-02T15:00:00Z,KLIC,16.33,146,Market On Close,Filled,2384.18,"buy" 
2015-03-02T15:00:00Z,USNA,101,2,Market On Close,Filled,202,"adjust" 
2015-04-01T14:00:00Z,BABY,39.35,-6,Market On Close,Filled,-236.1,"adjust" 
2015-04-01T14:00:00Z,EW,140.7,-4,Market On Close,Filled,-562.8,"adjust" 
2015-04-01T14:00:00Z,GPRE,29.69,-10,Market On Close,Filled,-296.9,"adjust" 
2015-04-01T14:00:00Z,IDT,18.98,-21,Market On Close,Filled,-398.58,"adjust" 
2015-04-01T14:00:00Z,INTC,30.81,-7,Market On Close,Filled,-215.67,"adjust" 
2015-04-01T14:00:00Z,NJR,30.86,-7,Market On Close,Filled,-216.02,"adjust" 
2015-04-01T14:00:00Z,OSTK,24.06,-68,Market On Close,Filled,-1636.08,"band" 
2015-04-01T14:00:00Z,KAI,53.73,-13,Market On Close,Filled,-698.49,"adjust" 
2015-04-01T14:00:00Z,TSRA,40.7,-6,Market On Close,Filled,-244.2,"adjust" 
2015-04-01T14:00:00Z,AVA,34.15,-7,Market On Close,Filled,-239.05,"adjust" 
2015-04-01T14:00:00Z,HES,69.18,5,Market On Close,Filled,345.9,"adjust" 
2015-04-01T14:00:00Z,APU,47.1,75,Market On Close,Filled,3532.5,"buy" 
2015-04-01T14:00:00Z,ARLP,32.99,7,Market On Close,Filled,230.93,"adjust" 
2015-04-01T14:00:00Z,DECK,73.76,3,Market On Close,Filled,221.28,"adjust" 
2015-04-01T14:00:00Z,PPC,23.76,15,Market On Close,Filled,356.4,"adjust" 
2015-04-01T14:00:00Z,WDC,92.35,3,Market On Close,Filled,277.05,"adjust" 
2015-05-01T14:00:00Z,HES,75.78,-5,Market On Close,Filled,-378.9,"adjust" 
2015-05-01T14:00:00Z,CALM,45.5,-5,Market On Close,Filled,-227.5,"adjust" 
2015-05-01T14:00:00Z,GPRE,31.02,-40,Market On Close,Filled,-1240.8,"expired" 
2015-05-01T14:00:00Z,LSCC,6.12,-253,Market On Close,Filled,-1548.36,"band" 
2015-05-01T14:00:00Z,PPC,25.44,-62,Market On Close,Filled,-1577.28,"expired" 
2015-05-01T14:00:00Z,SKX,91.67,-8,Market On Close,Filled,-733.36,"adjust" 
2015-05-01T14:00:00Z,UGI,35.1,-101,Market On Close,Filled,-3545.1,"band" 
2015-05-01T14:00:00Z,BBY,35.18,11,Market On Close,Filled,386.98,"adjust" 
2015-05-01T14:00:00Z,BCC,35.4,60,Market On Close,Filled,2124,"buy" 
2015-05-01T14:00:00Z,EW,127.19,2,Market On Close,Filled,254.38,"adjust" 
2015-05-01T14:00:00Z,GIII,113.21,2,Market On Close,Filled,226.42,"adjust" 
2015-05-01T14:00:00Z,KLIC,15.61,32,Market On Close,Filled,499.52,"adjust" 
2015-05-01T14:00:00Z,MEI,43.59,43,Market On Close,Filled,1874.37,"buy" 
2015-05-01T14:00:00Z,MPC,102.66,21,Market On Close,Filled,2155.86,"buy" 
2015-05-01T14:00:00Z,MYGN,34.18,7,Market On Close,Filled,239.26,"adjust" 
2015-05-01T14:00:00Z,NLNK,46.64,19,Market On Close,Filled,886.16,"buy" 
2015-05-01T14:00:00Z,SAFM,75.26,3,Market On Close,Filled,225.78,"adjust" 
2015-05-01T14:00:00Z,TSRA,37.08,7,Market On Close,Filled,259.56,"adjust" 
2015-05-01T14:00:00Z,AVA,32.57,7,Market On Close,Filled,227.99,"adjust" 
2015-05-01T14:00:00Z,ZUMZ,31.89,56,Market On Close,Filled,1785.84,"buy" 
2015-06-01T14:00:00Z,HES,66.76,-26,Market On Close,Filled,-1735.76,"band" 
2015-06-01T14:00:00Z,CALM,57.29,-16,Market On Close,Filled,-916.64,"adjust" 
2015-06-01T14:00:00Z,CORE,54.34,-6,Market On Close,Filled,-326.04,"adjust" 
2015-06-01T14:00:00Z,KLIC,13.13,-26,Market On Close,Filled,-341.38,"adjust" 
2015-06-01T14:00:00Z,SKX,106.02,-2,Market On Close,Filled,-212.04,"adjust" 
2015-06-01T14:00:00Z,USNA,129.52,-7,Market On Close,Filled,-906.64,"adjust" 
2015-06-01T14:00:00Z,UTHR,182.19,-2,Market On Close,Filled,-364.38,"adjust" 
2015-06-01T14:00:00Z,WDC,97.13,-3,Market On Close,Filled,-291.39,"adjust" 
2015-06-01T14:00:00Z,ARLP,30.32,10,Market On Close,Filled,303.2,"adjust" 
2015-06-01T14:00:00Z,CTR,37.1,11,Market On Close,Filled,408.1,"adjust" 
2015-06-01T14:00:00Z,CVX,102.63,5,Market On Close,Filled,513.15,"adjust" 
2015-06-01T14:00:00Z,DDS,115.92,3,Market On Close,Filled,347.76,"adjust" 
2015-06-01T14:00:00Z,DECK,68.35,4,Market On Close,Filled,273.4,"adjust" 
2015-06-01T14:00:00Z,FSS,15.01,20,Market On Close,Filled,300.2,"adjust" 
2015-06-01T14:00:00Z,GIII,58.17,4,Market On Close,Filled,232.68,"adjust" 
2015-06-01T14:00:00Z,AVA,31.96,10,Market On Close,Filled,319.6,"adjust" 
2015-06-01T14:00:00Z,ZUMZ,29.45,10,Market On Close,Filled,294.5,"adjust" 
2015-07-01T14:00:00Z,BABY,42.29,-9,Market On Close,Filled,-380.61,"adjust" 
2015-07-01T14:00:00Z,BCC,37.25,-7,Market On Close,Filled,-260.75,"adjust" 
2015-07-01T14:00:00Z,GCI,32.97,-19,Market On Close,Filled,-626.43,"adjust" 
2015-07-01T14:00:00Z,GIII,71.25,-15,Market On Close,Filled,-1068.75,"adjust" 
2015-07-01T14:00:00Z,ZUMZ,26.93,-15,Market On Close,Filled,-403.95,"adjust" 
2015-07-01T14:00:00Z,ARLP,25.02,13,Market On Close,Filled,325.26,"adjust" 
2015-07-01T14:00:00Z,CVX,96.09,3,Market On Close,Filled,288.27,"adjust" 
2015-07-01T14:00:00Z,DDS,106.39,2,Market On Close,Filled,212.78,"adjust" 
2015-07-01T14:00:00Z,KLIC,11.75,27,Market On Close,Filled,317.25,"adjust" 
2015-07-01T14:00:00Z,NJR,27.57,14,Market On Close,Filled,385.98,"adjust" 
2015-07-01T14:00:00Z,SCHL,44.92,55,Market On Close,Filled,2470.6,"buy" 
2015-07-01T14:00:00Z,WDC,79.44,4,Market On Close,Filled,317.76,"adjust" 
2015-08-03T14:00:00Z,ARLP,24.43,-83,Market On Close,Filled,-2027.69,"band" 
2015-08-03T14:00:00Z,DDS,100.71,-23,Market On Close,Filled,-2316.33,"band" 
2015-08-03T14:00:00Z,DECK,71.58,-26,Market On Close,Filled,-1861.08,"band" 
2015-08-03T14:00:00Z,DEPO,31.17,-34,Market On Close,Filled,-1059.78,"adjust" 
2015-08-03T14:00:00Z,KWR,91.16,-10,Market On Close,Filled,-911.6,"adjust" 
2015-08-03T14:00:00Z,MPC,53.2,-4,Market On Close,Filled,-212.8,"adjust" 
2015-08-03T14:00:00Z,SKX,148.65,-6,Market On Close,Filled,-891.9,"adjust" 
2015-08-03T14:00:00Z,WDC,85.85,-29,Market On Close,Filled,-2489.65,"band" 
2015-08-03T14:00:00Z,WLK,61.84,-26,Market On Close,Filled,-1607.84,"band" 
2015-08-03T14:00:00Z,BBY,31.97,11,Market On Close,Filled,351.67,"adjust" 
2015-08-03T14:00:00Z,BCC,32.4,8,Market On Close,Filled,259.2,"adjust" 
2015-08-03T14:00:00Z,CALM,55.11,5,Market On Close,Filled,275.55,"adjust" 
2015-08-03T14:00:00Z,CNC,70.97,29,Market On Close,Filled,2058.13,"buy" 
2015-08-03T14:00:00Z,GIII,69.72,3,Market On Close,Filled,209.16,"adjust" 
2015-08-03T14:00:00Z,IDT,16.94,13,Market On Close,Filled,220.22,"adjust" 
2015-08-03T14:00:00Z,INTC,29.05,19,Market On Close,Filled,551.95,"adjust" 
2015-08-03T14:00:00Z,KLIC,10.09,33,Market On Close,Filled,332.97,"adjust" 
2015-08-03T14:00:00Z,LHCG,40.41,42,Market On Close,Filled,1697.22,"buy" 
2015-08-03T14:00:00Z,PEG,41.63,75,Market On Close,Filled,3122.25,"buy" 
2015-08-03T14:00:00Z,RSC,50.43,10,Market On Close,Filled,504.3,"adjust" 
2015-08-03T14:00:00Z,SAFM,72.17,4,Market On Close,Filled,288.68,"adjust" 
2015-08-03T14:00:00Z,SCVL,27.62,70,Market On Close,Filled,1933.4,"buy" 
2015-08-03T14:00:00Z,KAI,45.1,9,Market On Close,Filled,405.9,"adjust" 
2015-08-03T14:00:00Z,TSRA,34.64,14,Market On Close,Filled,484.96,"adjust" 
2015-08-03T14:00:00Z,USNA,126.56,2,Market On Close,Filled,253.12,"adjust" 
2015-08-03T14:00:00Z,UTHR,163.25,2,Market On Close,Filled,326.5,"adjust" 
2015-08-03T14:00:00Z,VDSI,18.51,46,Market On Close,Filled,851.46,"buy" 
2015-08-03T14:00:00Z,ZUMZ,25.61,8,Market On Close,Filled,204.88,"adjust" 
2015-09-01T14:00:00Z,BBY,35.45,-21,Market On Close,Filled,-744.45,"adjust" 
2015-09-01T14:00:00Z,CVX,78.19,-5,Market On Close,Filled,-390.95,"adjust" 
2015-09-01T14:00:00Z,IDT,15.05,-92,Market On Close,Filled,-1384.6,"universe" 
2015-09-01T14:00:00Z,INTC,27.82,-96,Market On Close,Filled,-2670.72,"band" 
2015-09-01T14:00:00Z,KLIC,10.59,-212,Market On Close,Filled,-2245.08,"band" 
2015-09-01T14:00:00Z,LHCG,44.25,-7,Market On Close,Filled,-309.75,"adjust" 
2015-09-01T14:00:00Z,MYGN,36.65,-57,Market On Close,Filled,-2089.05,"band" 
2015-09-01T14:00:00Z,RSC,50.24,-32,Market On Close,Filled,-1607.68,"universe" 
2015-09-01T14:00:00Z,USNA,141.49,-5,Market On Close,Filled,-707.45,"adjust" 
2015-09-01T14:00:00Z,AVA,30.27,-103,Market On Close,Filled,-3117.81,"band" 
2015-09-01T14:00:00Z,APU,43.34,6,Market On Close,Filled,260.04,"adjust" 
2015-09-01T14:00:00Z,CORE,59.37,4,Market On Close,Filled,237.48,"adjust" 
2015-09-01T14:00:00Z,DEPO,26.08,8,Market On Close,Filled,208.64,"adjust" 
2015-09-01T14:00:00Z,GCI,23.22,22,Market On Close,Filled,510.84,"adjust" 
2015-09-01T14:00:00Z,KWR,76.53,5,Market On Close,Filled,382.65,"adjust" 
2015-09-01T14:00:00Z,MIC,77.15,39,Market On Close,Filled,3008.85,"buy" 
2015-09-01T14:00:00Z,NJR,27.75,13,Market On Close,Filled,360.75,"adjust" 
2015-09-01T14:00:00Z,NPK,79.41,33,Market On Close,Filled,2620.53,"buy" 
2015-09-01T14:00:00Z,PSX,77.59,28,Market On Close,Filled,2172.52,"buy" 
2015-09-01T14:00:00Z,SUPN,18.83,65,Market On Close,Filled,1223.95,"buy" 
2015-09-01T14:00:00Z,UFPI,58.8,35,Market On Close,Filled,2058,"buy" 
2015-09-01T14:00:00Z,VDSI,15.69,14,Market On Close,Filled,219.66,"adjust" 
2015-09-01T14:00:00Z,VG,5.45,262,Market On Close,Filled,1427.9,"buy" 
2015-10-01T14:00:00Z,APU,41.83,-10,Market On Close,Filled,-418.3,"adjust" 
2015-10-01T14:00:00Z,CALM,56.47,-28,Market On Close,Filled,-1581.16,"expired" 
2015-10-01T14:00:00Z,MEI,31.99,-8,Market On Close,Filled,-255.92,"adjust" 
2015-10-01T14:00:00Z,NJR,29.93,-13,Market On Close,Filled,-389.09,"adjust" 
2015-10-01T14:00:00Z,PEG,41.34,-6,Market On Close,Filled,-248.04,"adjust" 
2015-10-01T14:00:00Z,VLO,62.24,-4,Market On Close,Filled,-248.96,"adjust" 
2015-10-01T14:00:00Z,FL,71.15,-4,Market On Close,Filled,-284.6,"adjust" 
2015-10-01T14:00:00Z,BCC,25.04,18,Market On Close,Filled,450.72,"adjust" 
2015-10-01T14:00:00Z,FSS,13.47,15,Market On Close,Filled,202.05,"adjust" 
2015-10-01T14:00:00Z,OTL,47.99,54,Market On Close,Filled,2591.46,"buy" 
2015-10-01T14:00:00Z,SCHL,38.55,8,Market On Close,Filled,308.4,"adjust" 
2015-10-01T14:00:00Z,UTHR,129.38,2,Market On Close,Filled,258.76,"adjust" 
2015-10-01T14:00:00Z,GHC,578.82,1,Market On Close,Filled,578.82,"adjust" 
2015-11-02T15:00:00Z,BABY,46.29,-7,Market On Close,Filled,-324.03,"adjust" 
2015-11-02T15:00:00Z,BCC,30.55,-79,Market On Close,Filled,-2413.45,"band" 
2015-11-02T15:00:00Z,CORE,80.58,-14,Market On Close,Filled,-1128.12,"adjust" 
2015-11-02T15:00:00Z,EW,157.51,-2,Market On Close,Filled,-315.02,"adjust" 
2015-11-02T15:00:00Z,OTL,55.22,-8,Market On Close,Filled,-441.76,"adjust" 
2015-11-02T15:00:00Z,UFPI,74.72,-11,Market On Close,Filled,-821.92,"adjust" 
2015-11-02T15:00:00Z,VDSI,19.32,-60,Market On Close,Filled,-1159.2,"band" 
2015-11-02T15:00:00Z,FL,68.24,-3,Market On Close,Filled,-204.72,"adjust" 
2015-11-02T15:00:00Z,ZUMZ,17.87,-59,Market On Close,Filled,-1054.33,"band" 
2015-11-02T15:00:00Z,BBY,35.43,11,Market On Close,Filled,389.73,"adjust" 
2015-11-02T15:00:00Z,CALM,54.73,27,Market On Close,Filled,1477.71,"buy" 
2015-11-02T15:00:00Z,CRUS,31.7,39,Market On Close,Filled,1236.3,"buy" 
2015-11-02T15:00:00Z,KWR,80.83,3,Market On Close,Filled,242.49,"adjust" 
2015-11-02T15:00:00Z,PEG,40.62,10,Market On Close,Filled,406.2,"adjust" 
2015-11-02T15:00:00Z,SAFM,71.25,3,Market On Close,Filled,213.75,"adjust" 
2015-11-02T15:00:00Z,SCVL,22.63,16,Market On Close,Filled,362.08,"adjust" 
2015-11-02T15:00:00Z,SYKE,28.48,105,Market On Close,Filled,2990.4,"buy" 
2015-11-02T15:00:00Z,USNA,130.34,2,Market On Close,Filled,260.68,"adjust" 
2015-12-01T15:00:00Z,FSS,16.97,-21,Market On Close,Filled,-356.37,"adjust" 
2015-12-01T15:00:00Z,MIC,76.47,-39,Market On Close,Filled,-2982.33,"band" 
2015-12-01T15:00:00Z,SCVL,21.78,-86,Market On Close,Filled,-1873.08,"universe" 
2015-12-01T15:00:00Z,SYKE,31.83,-15,Market On Close,Filled,-477.45,"adjust" 
2015-12-01T15:00:00Z,APU,38.01,14,Market On Close,Filled,532.14,"adjust" 
2015-12-01T15:00:00Z,BBY,31.37,8,Market On Close,Filled,250.96,"adjust" 
2015-12-01T15:00:00Z,FF,14.41,104,Market On Close,Filled,1498.64,"buy" 
2015-12-01T15:00:00Z,GME,34.7,50,Market On Close,Filled,1735,"buy" 
2015-12-01T15:00:00Z,MEI,37.04,6,Market On Close,Filled,222.24,"adjust" 
2015-12-01T15:00:00Z,PEG,39.62,6,Market On Close,Filled,237.72,"adjust" 
2015-12-01T15:00:00Z,SKX,31.63,9,Market On Close,Filled,284.67,"adjust" 
2015-12-01T15:00:00Z,TSRA,33.69,7,Market On Close,Filled,235.83,"adjust" 
2015-12-01T15:00:00Z,GHC,540.88,1,Market On Close,Filled,540.88,"adjust" 
