Time,Symbol,Price,Quantity,Type,Status,Value,Tag
2003-02-03T15:00:00Z,AAON,16.18,13,Market On Close,Filled,210.34,"buy" 
2003-02-03T15:00:00Z,AVD,21.3,16,Market On Close,Filled,340.8,"buy" 
2003-02-03T15:00:00Z,BIO,35.48,6,Market On Close,Filled,212.88,"buy" 
2003-02-03T15:00:00Z,CTR,17.85,12,Market On Close,Filled,214.2,"buy" 
2003-02-03T15:00:00Z,CCF,10.28,32,Market On Close,Filled,328.96,"buy" 
2003-02-03T15:00:00Z,CNXS,6.57,36,Market On Close,Filled,236.52,"buy" 
2003-02-03T15:00:00Z,CW,54.06,5,Market On Close,Filled,270.3,"buy" 
2003-02-03T15:00:00Z,EASI,36.44,6,Market On Close,Filled,218.64,"buy" 
2003-02-03T15:00:00Z,EBF,11.31,22,Market On Close,Filled,248.82,"buy" 
2003-02-03T15:00:00Z,EDEL,11.79,23,Market On Close,Filled,271.17,"buy" 
2003-02-03T15:00:00Z,EDUC,9.2,24,Market On Close,Filled,220.8,"buy" 
2003-02-03T15:00:00Z,EGN,29.99,11,Market On Close,Filled,329.89,"buy" 
2003-02-03T15:00:00Z,FAF,22.76,15,Market On Close,Filled,341.4,"buy" 
2003-02-03T15:00:00Z,EXPO,14.54,18,Market On Close,Filled,261.72,"buy" 
2003-02-03T15:00:00Z,FIZ,15.27,27,Market On Close,Filled,412.29,"buy" 
2003-02-03T15:00:00Z,FLXS,15.4,18,Market On Close,Filled,277.2,"buy" 
2003-02-03T15:00:00Z,GCI,72.01,4,Market On Close,Filled,288.04,"buy" 
2003-02-03T15:00:00Z,HCSG,12.73,17,Market On Close,Filled,216.41,"buy" 
2003-02-03T15:00:00Z,HUBB,32.22,10,Market On Close,Filled,322.2,"buy" 
2003-02-03T15:00:00Z,JBSS,13.69,17,Market On Close,Filled,232.73,"buy" 
2003-02-03T15:00:00Z,K,32.38,9,Market On Close,Filled,291.42,"buy" 
2003-02-03T15:00:00Z,LANC,38.65,7,Market On Close,Filled,270.55,"buy" 
2003-02-03T15:00:00Z,LAWS,27.16,10,Market On Close,Filled,271.6,"buy" 
2003-02-03T15:00:00Z,MHO,27.59,8,Market On Close,Filled,220.72,"buy" 
2003-02-03T15:00:00Z,MIDD,11.3,19,Market On Close,Filled,214.7,"buy" 
2003-02-03T15:00:00Z,MNRO,18.93,13,Market On Close,Filled,246.09,"buy" 
2003-02-03T15:00:00Z,MOV,18.43,16,Market On Close,Filled,294.88,"buy" 
2003-02-03T15:00:00Z,MRTN,17.44,15,Market On Close,Filled,261.6,"buy" 
2003-02-03T15:00:00Z,NEB,21.96,12,Market On Close,Filled,263.52,"buy" 
2003-02-03T15:00:00Z,NHC,17.4,13,Market On Close,Filled,226.2,"buy" 
2003-02-03T15:00:00Z,NSSC,9.68,29,Market On Close,Filled,280.72,"buy" 
2003-02-03T15:00:00Z,OXM,24.02,15,Market On Close,Filled,360.3,"buy" 
2003-02-03T15:00:00Z,POG,31.79,9,Market On Close,Filled,286.11,"buy" 
2003-02-03T15:00:00Z,PTSI,26.79,9,Market On Close,Filled,241.11,"buy" 
2003-02-03T15:00:00Z,RAVN,15.68,22,Market On Close,Filled,344.96,"buy" 
2003-02-03T15:00:00Z,RBIN,9.31,30,Market On Close,Filled,279.3,"buy" 
2003-02-03T15:00:00Z,RCII,52.36,4,Market On Close,Filled,209.44,"buy" 
2003-02-03T15:00:00Z,ROST,39.49,6,Market On Close,Filled,236.94,"buy" 
2003-02-03T15:00:00Z,RVFD,24.95,12,Market On Close,Filled,299.4,"buy" 
2003-02-03T15:00:00Z,SCHN,21.52,12,Market On Close,Filled,258.24,"buy" 
2003-02-03T15:00:00Z,SGC,12.1,35,Market On Close,Filled,423.5,"buy" 
2003-02-03T15:00:00Z,SHOO,16.99,15,Market On Close,Filled,254.85,"buy" 
2003-02-03T15:00:00Z,SSD,35.25,8,Market On Close,Filled,282,"buy" 
2003-02-03T15:00:00Z,STRT,49,6,Market On Close,Filled,294,"buy" 
2003-02-03T15:00:00Z,SXI,21.67,12,Market On Close,Filled,260.04,"buy" 
2003-02-03T15:00:00Z,TMI,7.75,38,Market On Close,Filled,294.5,"buy" 
2003-02-03T15:00:00Z,TTC,61.65,4,Market On Close,Filled,246.6,"buy" 
2003-02-03T15:00:00Z,UTMD,17.66,20,Market On Close,Filled,353.2,"buy" 
2003-02-03T15:00:00Z,VMI,21.03,10,Market On Close,Filled,210.3,"buy" 
2003-02-03T15:00:00Z,WEYS,38.98,7,Market On Close,Filled,272.86,"buy" 
2003-02-03T15:00:00Z,WMK,31.15,10,Market On Close,Filled,311.5,"buy" 
2003-02-03T15:00:00Z,WSO,15.9,17,Market On Close,Filled,270.3,"buy" 
2003-03-03T15:00:00Z,TMI,7.1,-38,Market On Close,Filled,-269.8,"universe" 
2003-03-03T15:00:00Z,ANK,17.35,22,Market On Close,Filled,381.7,"buy" 
2003-03-03T15:00:00Z,CBRL,26.76,8,Market On Close,Filled,214.08,"buy" 
2003-03-03T15:00:00Z,GDT,35.34,6,Market On Close,Filled,212.04,"buy" 
2003-03-03T15:00:00Z,GISX,18.54,12,Market On Close,Filled,222.48,"buy" 
2003-03-03T15:00:00Z,HWKN,9.1,26,Market On Close,Filled,236.6,"buy" 
2003-03-03T15:00:00Z,KOSS,18.94,12,Market On Close,Filled,227.28,"buy" 
2003-03-03T15:00:00Z,QSII,24.5,8,Market On Close,Filled,196,"buy" 
2003-03-03T15:00:00Z,RGIS,23.14,11,Market On Close,Filled,254.54,"buy" 
2003-03-03T15:00:00Z,RIMG,9,24,Market On Close,Filled,216,"buy" 
2003-04-01T15:00:00Z,CCF,9.9,-32,Market On Close,Filled,-316.8,"universe" 
2003-04-01T15:00:00Z,EDEL,10.36,-23,Market On Close,Filled,-238.28,"universe" 
2003-04-01T15:00:00Z,MRTN,18.5,-15,Market On Close,Filled,-277.5,"universe" 
2003-04-01T15:00:00Z,RBIN,9.7,-30,Market On Close,Filled,-291,"universe" 
2003-04-01T15:00:00Z,CRMT,12.94,18,Market On Close,Filled,232.92,"buy" 
2003-05-01T14:00:00Z,AAON,13.73,-13,Market On Close,Filled,-178.49,"band" 
2003-05-01T14:00:00Z,OXM,36.26,-9,Market On Close,Filled,-326.34,"adjust" 
2003-05-01T14:00:00Z,ANDE,11.65,36,Market On Close,Filled,419.4,"buy" 
2003-05-01T14:00:00Z,BWS,29.65,7,Market On Close,Filled,207.55,"buy" 
2003-05-01T14:00:00Z,CAI,34.52,6,Market On Close,Filled,207.12,"buy" 
2003-05-01T14:00:00Z,FOSL,18.25,11,Market On Close,Filled,200.75,"buy" 
2003-05-01T14:00:00Z,HOV,39.23,5,Market On Close,Filled,196.15,"buy" 
2003-05-01T14:00:00Z,IDXX,37.49,7,Market On Close,Filled,262.43,"buy" 
2003-05-01T14:00:00Z,RARE,29.2,11,Market On Close,Filled,321.2,"buy" 
2003-05-01T14:00:00Z,RBIN,10.41,32,Market On Close,Filled,333.12,"buy" 
2003-06-02T14:00:00Z,KOSS,15.7,-12,Market On Close,Filled,-188.4,"universe" 
2003-06-02T14:00:00Z,FCN,35.2,6,Market On Close,Filled,211.2,"buy" 
2003-06-02T14:00:00Z,WINA,13.25,15,Market On Close,Filled,198.75,"buy" 
2003-06-02T14:00:00Z,KBALB,15.5,14,Market On Close,Filled,217,"buy" 
2003-06-02T14:00:00Z,WWW,18.25,15,Market On Close,Filled,273.75,"buy" 
2003-07-01T14:00:00Z,BWS,29.65,-7,Market On Close,Filled,-207.55,"expired" 
2003-07-01T14:00:00Z,CAI,34.09,-6,Market On Close,Filled,-204.54,"band" 
2003-07-01T14:00:00Z,CW,63.5,-5,Market On Close,Filled,-317.5,"band" 
2003-07-01T14:00:00Z,SCHN,43.16,-8,Market On Close,Filled,-345.28,"adjust" 
2003-07-01T14:00:00Z,SXI,21.18,-12,Market On Close,Filled,-254.16,"band" 
2003-07-01T14:00:00Z,COLM,52.02,4,Market On Close,Filled,208.08,"buy" 
2003-07-01T14:00:00Z,PLUS,10.64,22,Market On Close,Filled,234.08,"buy" 
2003-08-01T14:00:00Z,ANDE,13.21,-36,Market On Close,Filled,-475.56,"band" 
2003-08-01T14:00:00Z,FCN,22.15,-8,Market On Close,Filled,-177.2,"band" 
2003-08-01T14:00:00Z,VMI,19.7,-10,Market On Close,Filled,-197,"band" 
2003-08-01T14:00:00Z,AIT,22.15,13,Market On Close,Filled,287.95,"buy" 
2003-08-01T14:00:00Z,HIBB,23.09,10,Market On Close,Filled,230.9,"buy" 
2003-08-01T14:00:00Z,HOFT,30.04,7,Market On Close,Filled,210.28,"buy" 
2003-08-01T14:00:00Z,JAKK,11.26,18,Market On Close,Filled,202.68,"buy" 
2003-08-01T14:00:00Z,MTSC,14.26,14,Market On Close,Filled,199.64,"buy" 
2003-08-01T14:00:00Z,ODP,16.65,14,Market On Close,Filled,233.1,"buy" 
2003-08-01T14:00:00Z,RCKY,10.25,20,Market On Close,Filled,205,"buy" 
2003-08-01T14:00:00Z,SAFM,29.61,11,Market On Close,Filled,325.71,"buy" 
2003-08-01T14:00:00Z,TTWO,26.13,8,Market On Close,Filled,209.04,"buy" 
2003-09-02T14:00:00Z,AVD,27.95,-12,Market On Close,Filled,-335.4,"adjust" 
2003-09-02T14:00:00Z,HUBB,40.28,-10,Market On Close,Filled,-402.8,"band" 
2003-09-02T14:00:00Z,PTSI,22.99,-9,Market On Close,Filled,-206.91,"band" 
2003-09-02T14:00:00Z,QSII,43.52,-5,Market On Close,Filled,-217.6,"adjust" 
2003-09-02T14:00:00Z,RAVN,26.45,-10,Market On Close,Filled,-264.5,"adjust" 
2003-09-02T14:00:00Z,ANF,30.2,7,Market On Close,Filled,211.4,"buy" 
2003-09-02T14:00:00Z,ATRI,35.54,6,Market On Close,Filled,213.24,"buy" 
2003-09-02T14:00:00Z,GCI,79.32,3,Market On Close,Filled,237.96,"adjust" 
2003-09-02T14:00:00Z,GFF,19.15,19,Market On Close,Filled,363.85,"buy" 
2003-09-02T14:00:00Z,HUBG,10.79,19,Market On Close,Filled,205.01,"buy" 
2003-09-02T14:00:00Z,K,33.72,6,Market On Close,Filled,202.32,"adjust" 
2003-09-02T14:00:00Z,MAIR,7.5,28,Market On Close,Filled,210,"buy" 
2003-10-01T14:00:00Z,CRMT,31.34,-10,Market On Close,Filled,-313.4,"adjust" 
2003-10-01T14:00:00Z,K,33.8,-15,Market On Close,Filled,-507,"band" 
2003-10-01T14:00:00Z,LANC,40.1,-7,Market On Close,Filled,-280.7,"band" 
2003-10-01T14:00:00Z,LAWS,27.47,-10,Market On Close,Filled,-274.7,"band" 
2003-10-01T14:00:00Z,NSSC,8.82,-29,Market On Close,Filled,-255.78,"band" 
2003-10-01T14:00:00Z,STRT,49.37,-6,Market On Close,Filled,-296.22,"band" 
2003-10-01T14:00:00Z,AEOS,15.47,14,Market On Close,Filled,216.58,"buy" 
2003-10-01T14:00:00Z,BWS,32.8,8,Market On Close,Filled,262.4,"buy" 
2003-10-01T14:00:00Z,MSM,21.04,16,Market On Close,Filled,336.64,"buy" 
2003-10-01T14:00:00Z,AN,18.1,21,Market On Close,Filled,380.1,"buy" 
2003-11-03T15:00:00Z,FLXS,19.5,-18,Market On Close,Filled,-351,"expired" 
2003-11-03T15:00:00Z,JAKK,13.21,-18,Market On Close,Filled,-237.78,"band" 
2003-11-03T15:00:00Z,JBSS,36.94,-12,Market On Close,Filled,-443.28,"adjust" 
2003-11-03T15:00:00Z,MIDD,27.69,-11,Market On Close,Filled,-304.59,"adjust" 
2003-11-03T15:00:00Z,NHC,20.4,-13,Market On Close,Filled,-265.2,"band" 
2003-11-03T15:00:00Z,RGIS,38.69,-11,Market On Close,Filled,-425.59,"band" 
2003-11-03T15:00:00Z,ROST,52.25,-6,Market On Close,Filled,-313.5,"band" 
2003-11-03T15:00:00Z,SGC,16.05,-15,Market On Close,Filled,-240.75,"adjust" 
2003-11-03T15:00:00Z,CRAI,31.12,8,Market On Close,Filled,248.96,"buy" 
2003-11-03T15:00:00Z,EGN,37.8,6,Market On Close,Filled,226.8,"adjust" 
2003-11-03T15:00:00Z,FIZ,15.14,20,Market On Close,Filled,302.8,"adjust" 
2003-11-03T15:00:00Z,MMS,35.89,9,Market On Close,Filled,323.01,"buy" 
2003-11-03T15:00:00Z,SAH,22.99,9,Market On Close,Filled,206.91,"buy" 
2003-11-03T15:00:00Z,TENT,12,24,Market On Close,Filled,288,"buy" 
2003-11-03T15:00:00Z,FL,18.12,20,Market On Close,Filled,362.4,"buy" 
2003-12-01T15:00:00Z,AEOS,17.83,-14,Market On Close,Filled,-249.62,"band" 
2003-12-01T15:00:00Z,ANK,27,-22,Market On Close,Filled,-594,"universe" 
2003-12-01T15:00:00Z,EASI,54.58,-4,Market On Close,Filled,-218.32,"adjust" 
2003-12-01T15:00:00Z,HWKN,13.09,-26,Market On Close,Filled,-340.34,"universe" 
2003-12-01T15:00:00Z,SCHN,50.23,-5,Market On Close,Filled,-251.15,"adjust" 
2003-12-01T15:00:00Z,UTMD,22.56,-20,Market On Close,Filled,-451.2,"universe" 
2003-12-01T15:00:00Z,WWW,21.33,-15,Market On Close,Filled,-319.95,"expired" 
2003-12-01T15:00:00Z,DECK,17.93,13,Market On Close,Filled,233.09,"buy" 
2003-12-01T15:00:00Z,GDYS,10.86,21,Market On Close,Filled,228.06,"buy" 
2003-12-01T15:00:00Z,HVT,23.08,13,Market On Close,Filled,300.04,"buy" 
2003-12-01T15:00:00Z,JOUT,14.5,19,Market On Close,Filled,275.5,"buy" 
2003-12-01T15:00:00Z,PTMK,7.53,35,Market On Close,Filled,263.55,"buy" 
2003-12-01T15:00:00Z,WMK,35.62,6,Market On Close,Filled,213.72,"adjust" 
2004-01-02T15:00:00Z,MAIR,7.71,-28,Market On Close,Filled,-215.88,"universe" 
2004-01-02T15:00:00Z,RCKY,23.1,-12,Market On Close,Filled,-277.2,"adjust" 
2004-01-02T15:00:00Z,RVFD,27.7,-12,Market On Close,Filled,-332.4,"band" 
2004-01-02T15:00:00Z,CBRL,37.77,6,Market On Close,Filled,226.62,"adjust" 
2004-01-02T15:00:00Z,DHI,41.53,7,Market On Close,Filled,290.71,"buy" 
2004-01-02T15:00:00Z,FRGO,12.87,18,Market On Close,Filled,231.66,"buy" 
2004-01-02T15:00:00Z,GCI,88.54,3,Market On Close,Filled,265.62,"adjust" 
2004-01-02T15:00:00Z,AN,17.99,11,Market On Close,Filled,197.89,"adjust" 
2004-01-02T15:00:00Z,TESS,14.15,19,Market On Close,Filled,268.85,"buy" 
2004-02-02T15:00:00Z,ANF,26.53,-7,Market On Close,Filled,-185.71,"band" 
2004-02-02T15:00:00Z,EDUC,10.5,-24,Market On Close,Filled,-252,"band" 
2004-02-02T15:00:00Z,IDXX,49.87,-7,Market On Close,Filled,-349.09,"band" 
2004-02-02T15:00:00Z,JOUT,16.99,-19,Market On Close,Filled,-322.81,"band" 
2004-02-02T15:00:00Z,KBALB,16.25,-14,Market On Close,Filled,-227.5,"band" 
2004-02-02T15:00:00Z,SAFM,49.82,-5,Market On Close,Filled,-249.1,"adjust" 
2004-02-02T15:00:00Z,ANSS,39.47,8,Market On Close,Filled,315.76,"buy" 
2004-02-02T15:00:00Z,B,29.35,17,Market On Close,Filled,498.95,"buy" 
2004-02-02T15:00:00Z,CLSR,37.63,6,Market On Close,Filled,225.78,"buy" 
2004-02-02T15:00:00Z,COLM,52.62,4,Market On Close,Filled,210.48,"adjust" 
2004-02-02T15:00:00Z,ODP,16.04,14,Market On Close,Filled,224.56,"adjust" 
2004-02-02T15:00:00Z,PLCE,28.21,8,Market On Close,Filled,225.68,"buy" 
2004-02-02T15:00:00Z,URBN,40.3,7,Market On Close,Filled,282.1,"buy" 
2004-03-01T15:00:00Z,EGN,41.99,-17,Market On Close,Filled,-713.83,"universe" 
2004-03-01T15:00:00Z,HUBG,30.66,-9,Market On Close,Filled,-275.94,"adjust" 
2004-03-01T15:00:00Z,NEB,32.04,-12,Market On Close,Filled,-384.48,"band" 
2004-03-01T15:00:00Z,AN,16.88,-32,Market On Close,Filled,-540.16,"band" 
2004-03-01T15:00:00Z,AHS,18.37,20,Market On Close,Filled,367.4,"buy" 
2004-03-01T15:00:00Z,ASGN,5.79,41,Market On Close,Filled,237.39,"buy" 
2004-03-01T15:00:00Z,CTR,21.3,11,Market On Close,Filled,234.3,"adjust" 
2004-03-01T15:00:00Z,DGII,11.84,20,Market On Close,Filled,236.8,"buy" 
2004-03-01T15:00:00Z,EBF,16.79,13,Market On Close,Filled,218.27,"adjust" 
2004-03-01T15:00:00Z,PDX,64.05,6,Market On Close,Filled,384.3,"buy" 
2004-03-01T15:00:00Z,PEGA,9.25,25,Market On Close,Filled,231.25,"buy" 
2004-03-01T15:00:00Z,TALK,11.45,19,Market On Close,Filled,217.55,"buy" 
2004-03-01T15:00:00Z,TYL,9.59,34,Market On Close,Filled,326.06,"buy" 
2004-04-01T15:00:00Z,AVD,49.6,-6,Market On Close,Filled,-297.6,"adjust" 
2004-04-01T15:00:00Z,ASGN,5.5,-41,Market On Close,Filled,-225.5,"band" 
2004-04-01T15:00:00Z,ATRI,42.18,-6,Market On Close,Filled,-253.08,"universe" 
2004-04-01T15:00:00Z,FIZ,9.45,-52,Market On Close,Filled,-491.4,"adjust" 
2004-04-01T15:00:00Z,FRGO,10.61,-18,Market On Close,Filled,-190.98,"band" 
2004-04-01T15:00:00Z,HOFT,23.16,-14,Market On Close,Filled,-324.24,"expired" 
2004-04-01T15:00:00Z,PTMK,8.39,-35,Market On Close,Filled,-293.65,"band" 
2004-04-01T15:00:00Z,ESCA,35,8,Market On Close,Filled,280,"buy" 
2004-04-01T15:00:00Z,MTLM,37,7,Market On Close,Filled,259,"buy" 
2004-04-01T15:00:00Z,QDEL,6.41,34,Market On Close,Filled,217.94,"buy" 
2004-04-01T15:00:00Z,SGC,16.39,15,Market On Close,Filled,245.85,"adjust" 
2004-04-01T15:00:00Z,SHEN,22.56,13,Market On Close,Filled,293.28,"buy" 
2004-04-01T15:00:00Z,USNA,23.83,9,Market On Close,Filled,214.47,"buy" 
2004-05-03T14:00:00Z,BIO,58.5,-6,Market On Close,Filled,-351,"band" 
2004-05-03T14:00:00Z,COLM,53.45,-8,Market On Close,Filled,-427.6,"band" 
2004-05-03T14:00:00Z,HVT,17.89,-13,Market On Close,Filled,-232.57,"expired" 
2004-05-03T14:00:00Z,HCSG,15.99,-25,Market On Close,Filled,-399.75,"expired" 
2004-05-03T14:00:00Z,MIDD,53.13,-4,Market On Close,Filled,-212.52,"adjust" 
2004-05-03T14:00:00Z,PEGA,8.2,-25,Market On Close,Filled,-205,"band" 
2004-05-03T14:00:00Z,SGC,16.23,-35,Market On Close,Filled,-568.05,"expired" 
2004-05-03T14:00:00Z,SHEN,27.98,-13,Market On Close,Filled,-363.74,"band" 
2004-05-03T14:00:00Z,TENT,14.08,-24,Market On Close,Filled,-337.92,"expired" 
2004-05-03T14:00:00Z,CFI,9,32,Market On Close,Filled,288,"buy" 
2004-05-03T14:00:00Z,DCO,22.82,19,Market On Close,Filled,433.58,"buy" 
2004-05-03T14:00:00Z,LEN,47.19,9,Market On Close,Filled,424.71,"buy" 
2004-05-03T14:00:00Z,LPX,23.58,15,Market On Close,Filled,353.7,"buy" 
2004-05-03T14:00:00Z,NSIT,16.97,16,Market On Close,Filled,271.52,"buy" 
2004-05-03T14:00:00Z,OTL,24.63,14,Market On Close,Filled,344.82,"buy" 
2004-05-03T14:00:00Z,RCII,29.93,9,Market On Close,Filled,269.37,"adjust" 
2004-05-03T14:00:00Z,UWN,15.47,20,Market On Close,Filled,309.4,"buy" 
2004-06-01T14:00:00Z,MHO,42.17,-8,Market On Close,Filled,-337.36,"band" 
2004-06-01T14:00:00Z,PLUS,12,-22,Market On Close,Filled,-264,"expired" 
2004-06-01T14:00:00Z,WEYS,34.22,-10,Market On Close,Filled,-342.2,"universe" 
2004-06-01T14:00:00Z,FAF,25.79,8,Market On Close,Filled,206.32,"adjust" 
2004-06-01T14:00:00Z,LAWS,35.25,11,Market On Close,Filled,387.75,"buy" 
2004-06-01T14:00:00Z,MTEX,10.03,20,Market On Close,Filled,200.6,"buy" 
2004-06-01T14:00:00Z,SGC,16.4,35,Market On Close,Filled,574,"buy" 
2004-06-01T14:00:00Z,TENT,12.86,26,Market On Close,Filled,334.36,"buy" 
2004-07-01T14:00:00Z,CFI,7.86,-32,Market On Close,Filled,-251.52,"band" 
2004-07-01T14:00:00Z,EBF,18.49,-15,Market On Close,Filled,-277.35,"adjust" 
2004-07-01T14:00:00Z,HIBB,27.54,-15,Market On Close,Filled,-413.1,"expired" 
2004-07-01T14:00:00Z,OXM,42.2,-5,Market On Close,Filled,-211,"adjust" 
2004-07-01T14:00:00Z,POG,30.06,-8,Market On Close,Filled,-240.48,"adjust" 
2004-07-01T14:00:00Z,RCII,29.58,-19,Market On Close,Filled,-562.02,"band" 
2004-07-01T14:00:00Z,SAH,21.46,-9,Market On Close,Filled,-193.14,"band" 
2004-07-01T14:00:00Z,TTWO,30.22,-8,Market On Close,Filled,-241.76,"band" 
2004-07-01T14:00:00Z,AEOS,29.2,14,Market On Close,Filled,408.8,"buy" 
2004-07-01T14:00:00Z,BKE,28,21,Market On Close,Filled,588,"buy" 
2004-07-01T14:00:00Z,CRUS,5.8,36,Market On Close,Filled,208.8,"buy" 
2004-07-01T14:00:00Z,GCI,83.76,3,Market On Close,Filled,251.28,"adjust" 
2004-07-01T14:00:00Z,HCSG,15.25,29,Market On Close,Filled,442.25,"buy" 
2004-07-01T14:00:00Z,HOFT,21.1,16,Market On Close,Filled,337.6,"buy" 
2004-07-01T14:00:00Z,NATR,13.92,22,Market On Close,Filled,306.24,"buy" 
2004-08-02T14:00:00Z,CTR,21.05,-23,Market On Close,Filled,-484.15,"band" 
2004-08-02T14:00:00Z,CBRL,33.24,-14,Market On Close,Filled,-465.36,"band" 
2004-08-02T14:00:00Z,CLSR,18.23,-6,Market On Close,Filled,-109.38,"band" 
2004-08-02T14:00:00Z,CNXS,10.01,-36,Market On Close,Filled,-360.36,"band" 
2004-08-02T14:00:00Z,CRAI,32.04,-8,Market On Close,Filled,-256.32,"band" 
2004-08-02T14:00:00Z,QDEL,3.46,-34,Market On Close,Filled,-117.64,"universe" 
2004-08-02T14:00:00Z,RARE,28.06,-16,Market On Close,Filled,-448.96,"band" 
2004-08-02T14:00:00Z,ADSK,39.47,9,Market On Close,Filled,355.23,"buy" 
2004-08-02T14:00:00Z,AHS,12.6,16,Market On Close,Filled,201.6,"adjust" 
2004-08-02T14:00:00Z,AMED,27.35,8,Market On Close,Filled,218.8,"buy" 
2004-08-02T14:00:00Z,AXE,34.4,18,Market On Close,Filled,619.2,"buy" 
2004-08-02T14:00:00Z,LCUT,16.45,15,Market On Close,Filled,246.75,"buy" 
2004-08-02T14:00:00Z,WWW,23.08,18,Market On Close,Filled,415.44,"buy" 
2004-09-01T14:00:00Z,AHS,11.54,-36,Market On Close,Filled,-415.44,"band" 
2004-09-01T14:00:00Z,WINA,22.5,-15,Market On Close,Filled,-337.5,"universe" 
2004-09-01T14:00:00Z,HOV,34.97,-10,Market On Close,Filled,-349.7,"band" 
2004-09-01T14:00:00Z,MMS,29.43,-9,Market On Close,Filled,-264.87,"band" 
2004-09-01T14:00:00Z,NSIT,16.03,-16,Market On Close,Filled,-256.48,"band" 
2004-09-01T14:00:00Z,QSII,48.99,-3,Market On Close,Filled,-146.97,"band" 
2004-09-01T14:00:00Z,RBIN,19.96,-32,Market On Close,Filled,-638.72,"universe" 
2004-09-01T14:00:00Z,SGC,13.71,-35,Market On Close,Filled,-479.85,"universe" 
2004-09-01T14:00:00Z,TENT,9.99,-26,Market On Close,Filled,-259.74,"band" 
2004-09-01T14:00:00Z,ECOL,9.29,22,Market On Close,Filled,204.38,"buy" 
2004-09-01T14:00:00Z,FARO,20.75,10,Market On Close,Filled,207.5,"buy" 
2004-09-01T14:00:00Z,GFF,19.97,13,Market On Close,Filled,259.61,"adjust" 
2004-09-01T14:00:00Z,HOC,20.91,33,Market On Close,Filled,690.03,"buy" 
2004-09-01T14:00:00Z,MCRI,16.58,25,Market On Close,Filled,414.5,"buy" 
2004-09-01T14:00:00Z,PCU,44.01,6,Market On Close,Filled,264.06,"buy" 
2004-09-01T14:00:00Z,RS,37.95,9,Market On Close,Filled,341.55,"buy" 
2004-09-01T14:00:00Z,SAM,21.98,15,Market On Close,Filled,329.7,"buy" 
2004-09-01T14:00:00Z,VLO,67.41,6,Market On Close,Filled,404.46,"buy" 
2004-10-01T14:00:00Z,CRUS,5.42,-36,Market On Close,Filled,-195.12,"universe" 
2004-10-01T14:00:00Z,DECK,33.34,-6,Market On Close,Filled,-200.04,"adjust" 
2004-10-01T14:00:00Z,GDYS,8.63,-21,Market On Close,Filled,-181.23,"band" 
2004-10-01T14:00:00Z,HOC,25.95,-9,Market On Close,Filled,-233.55,"adjust" 
2004-10-01T14:00:00Z,CYBE,16.88,14,Market On Close,Filled,236.32,"buy" 
2004-10-01T14:00:00Z,NHC,29.6,12,Market On Close,Filled,355.2,"buy" 
2004-10-01T14:00:00Z,RBIN,22,31,Market On Close,Filled,682,"buy" 
2004-11-01T15:00:00Z,BWS,27.4,-8,Market On Close,Filled,-219.2,"band" 
2004-11-01T15:00:00Z,ESCA,14.02,-16,Market On Close,Filled,-224.32,"band" 
2004-11-01T15:00:00Z,FARO,24.73,-10,Market On Close,Filled,-247.3,"band" 
2004-11-01T15:00:00Z,LEN,44.81,-9,Market On Close,Filled,-403.29,"band" 
2004-11-01T15:00:00Z,MCRI,28.53,-16,Market On Close,Filled,-456.48,"adjust" 
2004-11-01T15:00:00Z,MNRO,24.08,-19,Market On Close,Filled,-457.52,"band" 
2004-11-01T15:00:00Z,PLCE,31.05,-8,Market On Close,Filled,-248.4,"band" 
2004-11-01T15:00:00Z,RAVN,22.25,-9,Market On Close,Filled,-200.25,"adjust" 
2004-11-01T15:00:00Z,RBIN,24.86,-12,Market On Close,Filled,-298.32,"adjust" 
2004-11-01T15:00:00Z,TESS,12.89,-19,Market On Close,Filled,-244.91,"band" 
2004-11-01T15:00:00Z,TYL,8.22,-34,Market On Close,Filled,-279.48,"band" 
2004-11-01T15:00:00Z,URBN,41.69,-5,Market On Close,Filled,-208.45,"adjust" 
2004-11-01T15:00:00Z,UWN,10.69,-20,Market On Close,Filled,-213.8,"band" 
2004-11-01T15:00:00Z,CALM,10.11,21,Market On Close,Filled,212.31,"buy" 
2004-11-01T15:00:00Z,CVX,52.95,16,Market On Close,Filled,847.2,"buy" 
2004-11-01T15:00:00Z,CIX,15.55,25,Market On Close,Filled,388.75,"buy" 
2004-11-01T15:00:00Z,CRMT,34.04,6,Market On Close,Filled,204.24,"adjust" 
2004-11-01T15:00:00Z,LEG,28.27,19,Market On Close,Filled,537.13,"buy" 
2004-11-01T15:00:00Z,MLI,27.54,15,Market On Close,Filled,413.1,"buy" 
2004-11-01T15:00:00Z,NL,19.99,14,Market On Close,Filled,279.86,"buy" 
2004-11-01T15:00:00Z,NUS,19.39,11,Market On Close,Filled,213.29,"buy" 
2004-11-01T15:00:00Z,REM,25.2,19,Market On Close,Filled,478.8,"buy" 
2004-11-01T15:00:00Z,SHOO,16.65,13,Market On Close,Filled,216.45,"adjust" 
2004-11-01T15:00:00Z,WEYS,38.97,10,Market On Close,Filled,389.7,"buy" 
2004-12-01T15:00:00Z,B,27.21,-17,Market On Close,Filled,-462.57,"band" 
2004-12-01T15:00:00Z,DHI,36.31,-10,Market On Close,Filled,-363.1,"band" 
2004-12-01T15:00:00Z,EASI,55.6,-5,Market On Close,Filled,-278,"band" 
2004-12-01T15:00:00Z,GFF,25.8,-9,Market On Close,Filled,-232.2,"adjust" 
2004-12-01T15:00:00Z,JBSS,23,-5,Market On Close,Filled,-115,"band" 
2004-12-01T15:00:00Z,MTEX,21.99,-11,Market On Close,Filled,-241.89,"adjust" 
2004-12-01T15:00:00Z,SCHN,35.7,-4,Market On Close,Filled,-142.8,"band" 
2004-12-01T15:00:00Z,SHOO,19.14,-28,Market On Close,Filled,-535.92,"band" 
2004-12-01T15:00:00Z,USNA,30.45,-9,Market On Close,Filled,-274.05,"band" 
2004-12-01T15:00:00Z,AHC,84.98,5,Market On Close,Filled,424.9,"buy" 
2004-12-01T15:00:00Z,CNC,54.22,7,Market On Close,Filled,379.54,"buy" 
2004-12-01T15:00:00Z,HANS,34.9,6,Market On Close,Filled,209.4,"buy" 
2004-12-01T15:00:00Z,LTD,24.59,25,Market On Close,Filled,614.75,"buy" 
2004-12-01T15:00:00Z,NUE,52.27,6,Market On Close,Filled,313.62,"buy" 
2004-12-01T15:00:00Z,COP,89.24,7,Market On Close,Filled,624.68,"buy" 
2004-12-01T15:00:00Z,STLD,40.13,7,Market On Close,Filled,280.91,"buy" 
2004-12-01T15:00:00Z,XOM,51.12,18,Market On Close,Filled,920.16,"buy" 
2005-01-03T15:00:00Z,ADSK,37.53,-7,Market On Close,Filled,-262.71,"adjust" 
2005-01-03T15:00:00Z,HUBG,50.7,-5,Market On Close,Filled,-253.5,"adjust" 
2005-01-03T15:00:00Z,LCUT,15.76,-15,Market On Close,Filled,-236.4,"band" 
2005-01-03T15:00:00Z,RCKY,29.26,-8,Market On Close,Filled,-234.08,"band" 
2005-01-03T15:00:00Z,ANF,46.3,8,Market On Close,Filled,370.4,"buy" 
2005-01-03T15:00:00Z,GCO,30.42,12,Market On Close,Filled,365.04,"buy" 
2005-02-01T15:00:00Z,AEOS,51.73,-5,Market On Close,Filled,-258.65,"adjust" 
2005-02-01T15:00:00Z,AIT,28.12,-9,Market On Close,Filled,-253.08,"adjust" 
2005-02-01T15:00:00Z,CALM,12,-21,Market On Close,Filled,-252,"band" 
2005-02-01T15:00:00Z,DCO,20.46,-19,Market On Close,Filled,-388.74,"band" 
2005-02-01T15:00:00Z,EBF,17.33,-20,Market On Close,Filled,-346.6,"band" 
2005-02-01T15:00:00Z,HOC,30.5,-10,Market On Close,Filled,-305,"adjust" 
2005-02-01T15:00:00Z,OTL,20.38,-14,Market On Close,Filled,-285.32,"band" 
2005-02-01T15:00:00Z,VLO,56.95,-4,Market On Close,Filled,-227.8,"adjust" 
2005-02-01T15:00:00Z,WWW,32.09,-18,Market On Close,Filled,-577.62,"expired" 
2005-02-01T15:00:00Z,ABFS,40.86,11,Market On Close,Filled,449.46,"buy" 
2005-02-01T15:00:00Z,ALG,25.84,14,Market On Close,Filled,361.76,"buy" 
2005-02-01T15:00:00Z,ELBO,35.37,9,Market On Close,Filled,318.33,"buy" 
2005-02-01T15:00:00Z,JAKK,22.25,10,Market On Close,Filled,222.5,"buy" 
2005-03-01T15:00:00Z,HOFT,25.05,-16,Market On Close,Filled,-400.8,"band" 
2005-03-01T15:00:00Z,OXM,36.87,-7,Market On Close,Filled,-258.09,"band" 
2005-03-01T15:00:00Z,VLO,68.11,-3,Market On Close,Filled,-204.33,"adjust" 
2005-03-01T15:00:00Z,XOM,62.05,-6,Market On Close,Filled,-372.3,"adjust" 
2005-03-01T15:00:00Z,CTR,30.19,17,Market On Close,Filled,513.23,"buy" 
2005-03-01T15:00:00Z,ISSC,29.45,8,Market On Close,Filled,235.6,"buy" 
2005-03-01T15:00:00Z,TALK,6.4,37,Market On Close,Filled,236.8,"adjust" 
2005-03-01T15:00:00Z,ZEUS,24.68,8,Market On Close,Filled,197.44,"buy" 
2005-04-01T15:00:00Z,BKE,33,-7,Market On Close,Filled,-231,"adjust" 
2005-04-01T15:00:00Z,HCSG,23.64,-10,Market On Close,Filled,-236.4,"adjust" 
2005-04-01T15:00:00Z,MIDD,49.02,-4,Market On Close,Filled,-196.08,"band" 
2005-04-01T15:00:00Z,GDT,73.76,3,Market On Close,Filled,221.28,"adjust" 
2005-04-01T15:00:00Z,X,51.16,6,Market On Close,Filled,306.96,"buy" 
2005-05-02T14:00:00Z,CVX,53.21,-4,Market On Close,Filled,-212.84,"adjust" 
2005-05-02T14:00:00Z,CIX,14.62,-25,Market On Close,Filled,-365.5,"expired" 
2005-05-02T14:00:00Z,ELBO,56.82,-6,Market On Close,Filled,-340.92,"adjust" 
2005-05-02T14:00:00Z,GFF,18.99,-23,Market On Close,Filled,-436.77,"band" 
2005-05-02T14:00:00Z,NUS,22.11,-11,Market On Close,Filled,-243.21,"band" 
2005-05-02T14:00:00Z,COP,106.68,-2,Market On Close,Filled,-213.36,"adjust" 
2005-05-02T14:00:00Z,POG,39.15,-14,Market On Close,Filled,-548.1,"expired" 
2005-05-02T14:00:00Z,REM,30.58,-19,Market On Close,Filled,-581.02,"expired" 
2005-05-02T14:00:00Z,WSO,44.73,-8,Market On Close,Filled,-357.84,"adjust" 
2005-05-02T14:00:00Z,BRC,29.73,13,Market On Close,Filled,386.49,"buy" 
2005-05-02T14:00:00Z,CMC,25.98,10,Market On Close,Filled,259.8,"buy" 
2005-05-02T14:00:00Z,GISX,35.05,6,Market On Close,Filled,210.3,"adjust" 
2005-05-02T14:00:00Z,HSII,26.42,13,Market On Close,Filled,343.46,"buy" 
2005-05-02T14:00:00Z,LEG,26.9,8,Market On Close,Filled,215.2,"adjust" 
2005-05-02T14:00:00Z,PLCE,39.72,8,Market On Close,Filled,317.76,"buy" 
2005-05-02T14:00:00Z,SCHN,24.2,12,Market On Close,Filled,290.4,"buy" 
2005-05-02T14:00:00Z,TTEC,10.9,34,Market On Close,Filled,370.6,"buy" 
2005-05-02T14:00:00Z,WEYS,18.69,11,Market On Close,Filled,205.59,"adjust" 
2005-06-01T14:00:00Z,AVD,18.47,-16,Market On Close,Filled,-295.52,"band" 
2005-06-01T14:00:00Z,FIZ,8.18,-41,Market On Close,Filled,-335.38,"band" 
2005-06-01T14:00:00Z,HANS,74.4,-4,Market On Close,Filled,-297.6,"adjust" 
2005-06-01T14:00:00Z,MSM,31,-16,Market On Close,Filled,-496,"band" 
2005-06-01T14:00:00Z,TTC,43.18,-5,Market On Close,Filled,-215.9,"adjust" 
2005-06-01T14:00:00Z,GCI,74.24,4,Market On Close,Filled,296.96,"adjust" 
2005-06-01T14:00:00Z,GDT,74.2,5,Market On Close,Filled,371,"adjust" 
2005-06-01T14:00:00Z,LTD,20.8,11,Market On Close,Filled,228.8,"adjust" 
2005-06-01T14:00:00Z,SCVL,19.15,22,Market On Close,Filled,421.3,"buy" 
2005-06-01T14:00:00Z,SPTN,12.92,31,Market On Close,Filled,400.52,"buy" 
2005-07-01T14:00:00Z,AMED,37.73,-8,Market On Close,Filled,-301.84,"band" 
2005-07-01T14:00:00Z,FOSL,23.27,-16,Market On Close,Filled,-372.32,"band" 
2005-07-01T14:00:00Z,GDT,65.71,-3,Market On Close,Filled,-197.13,"adjust" 
2005-07-01T14:00:00Z,GISX,31.97,-18,Market On Close,Filled,-575.46,"band" 
2005-07-01T14:00:00Z,HOC,47.29,-5,Market On Close,Filled,-236.45,"adjust" 
2005-07-01T14:00:00Z,NL,15.24,-14,Market On Close,Filled,-213.36,"band" 
2005-07-01T14:00:00Z,SAFM,45.97,-8,Market On Close,Filled,-367.76,"band" 
2005-07-01T14:00:00Z,TALK,10.22,-21,Market On Close,Filled,-214.62,"adjust" 
2005-07-01T14:00:00Z,CBRL,39.12,17,Market On Close,Filled,665.04,"buy" 
2005-07-01T14:00:00Z,CNXS,23,15,Market On Close,Filled,345,"buy" 
2005-07-01T14:00:00Z,LEG,26.75,9,Market On Close,Filled,240.75,"adjust" 
2005-07-01T14:00:00Z,MSTR,53.95,5,Market On Close,Filled,269.75,"buy" 
2005-07-01T14:00:00Z,GPX,8.11,62,Market On Close,Filled,502.82,"buy" 
2005-07-01T14:00:00Z,PDX,73.57,3,Market On Close,Filled,220.71,"adjust" 
2005-07-01T14:00:00Z,PLPC,39.89,11,Market On Close,Filled,438.79,"buy" 
2005-08-01T14:00:00Z,AXE,41.34,-5,Market On Close,Filled,-206.7,"adjust" 
2005-08-01T14:00:00Z,DECK,28.44,-7,Market On Close,Filled,-199.08,"band" 
2005-08-01T14:00:00Z,GCI,72.26,-17,Market On Close,Filled,-1228.42,"band" 
2005-08-01T14:00:00Z,MLI,29.22,-15,Market On Close,Filled,-438.3,"band" 
2005-08-01T14:00:00Z,ODP,27.96,-9,Market On Close,Filled,-251.64,"adjust" 
2005-08-01T14:00:00Z,RIMG,25.13,-9,Market On Close,Filled,-226.17,"adjust" 
2005-08-01T14:00:00Z,SSD,38.6,-16,Market On Close,Filled,-617.6,"band" 
2005-08-01T14:00:00Z,TTEC,8.32,-34,Market On Close,Filled,-282.88,"band" 
2005-08-01T14:00:00Z,WEYS,23.6,-12,Market On Close,Filled,-283.2,"adjust" 
2005-08-01T14:00:00Z,ZEUS,15.89,-8,Market On Close,Filled,-127.12,"band" 
2005-08-01T14:00:00Z,CLF,74.43,4,Market On Close,Filled,297.72,"buy" 
2005-08-01T14:00:00Z,FRGO,18,22,Market On Close,Filled,396,"buy" 
2005-08-01T14:00:00Z,JAKK,17.33,13,Market On Close,Filled,225.29,"adjust" 
2005-08-01T14:00:00Z,JJSF,58.07,10,Market On Close,Filled,580.7,"buy" 
2005-08-01T14:00:00Z,SAM,21.9,12,Market On Close,Filled,262.8,"adjust" 
2005-08-01T14:00:00Z,USPH,18.42,34,Market On Close,Filled,626.28,"buy" 
2005-08-01T14:00:00Z,WDC,15.04,28,Market On Close,Filled,421.12,"buy" 
2005-08-01T14:00:00Z,WWW,22.25,27,Market On Close,Filled,600.75,"buy" 
2005-08-01T14:00:00Z,FL,25.25,12,Market On Close,Filled,303,"adjust" 
2005-09-01T14:00:00Z,ALG,20.5,-14,Market On Close,Filled,-287,"band" 
2005-09-01T14:00:00Z,CYBE,13.9,-14,Market On Close,Filled,-194.6,"band" 
2005-09-01T14:00:00Z,MTSC,40.93,-5,Market On Close,Filled,-204.65,"adjust" 
2005-09-01T14:00:00Z,SAM,23.71,-27,Market On Close,Filled,-640.17,"band" 
2005-09-01T14:00:00Z,VLO,109.5,-2,Market On Close,Filled,-219,"adjust" 
2005-09-01T14:00:00Z,ABFS,34.92,6,Market On Close,Filled,209.52,"adjust" 
2005-09-01T14:00:00Z,KOMG,31.94,10,Market On Close,Filled,319.4,"buy" 
2005-09-01T14:00:00Z,KFRC,10.03,36,Market On Close,Filled,361.08,"buy" 
2005-09-01T14:00:00Z,SYKE,10.58,33,Market On Close,Filled,349.14,"buy" 
2005-10-03T14:00:00Z,CRMT,17.67,-20,Market On Close,Filled,-353.4,"band" 
2005-10-03T14:00:00Z,FAF,45.82,-5,Market On Close,Filled,-229.1,"adjust" 
2005-10-03T14:00:00Z,LPX,27.44,-15,Market On Close,Filled,-411.6,"band" 
2005-10-03T14:00:00Z,LTD,20.29,-36,Market On Close,Filled,-730.44,"band" 
2005-10-03T14:00:00Z,MTEX,11.7,-9,Market On Close,Filled,-105.3,"band" 
2005-10-03T14:00:00Z,STLD,32.9,-7,Market On Close,Filled,-230.3,"band" 
2005-10-03T14:00:00Z,FL,21.93,-32,Market On Close,Filled,-701.76,"band" 
2005-10-03T14:00:00Z,CECO,35.89,13,Market On Close,Filled,466.57,"buy" 
2005-10-03T14:00:00Z,LRCX,31,17,Market On Close,Filled,527,"buy" 
2005-10-03T14:00:00Z,NHC,34.78,6,Market On Close,Filled,208.68,"adjust" 
2005-10-03T14:00:00Z,OXY,85.43,7,Market On Close,Filled,598.01,"buy" 
2005-10-03T14:00:00Z,PDX,76.98,3,Market On Close,Filled,230.94,"adjust" 
2005-10-03T14:00:00Z,PETS,10.62,35,Market On Close,Filled,371.7,"buy" 
2005-10-03T14:00:00Z,PTC,23,12,Market On Close,Filled,276,"buy" 
2005-10-03T14:00:00Z,TOL,43.64,10,Market On Close,Filled,436.4,"buy" 
2005-10-03T14:00:00Z,TTC,36.5,6,Market On Close,Filled,219,"adjust" 
2005-10-08T04:00:00Z,ELBO,62.5,-3,Market,Filled,-187.5,"Liquidate from delisting" 
2005-11-01T15:00:00Z,DGII,10.47,-20,Market On Close,Filled,-209.4,"band" 
2005-11-01T15:00:00Z,LEG,20.23,-36,Market On Close,Filled,-728.28,"band" 
2005-11-01T15:00:00Z,RBIN,10.99,-38,Market On Close,Filled,-417.62,"band" 
2005-11-01T15:00:00Z,AXE,37.39,6,Market On Close,Filled,224.34,"adjust" 
2005-11-01T15:00:00Z,B,34.77,15,Market On Close,Filled,521.55,"buy" 
2005-11-01T15:00:00Z,ISSC,14.21,17,Market On Close,Filled,241.57,"adjust" 
2005-11-01T15:00:00Z,LRW,22.7,17,Market On Close,Filled,385.9,"buy" 
2005-11-01T15:00:00Z,LYTS,17.79,26,Market On Close,Filled,462.54,"buy" 
2005-11-01T15:00:00Z,GPX,8.28,27,Market On Close,Filled,223.56,"adjust" 
2005-11-01T15:00:00Z,SKX,13.3,27,Market On Close,Filled,359.1,"buy" 
2005-11-01T15:00:00Z,SNHY,23.18,12,Market On Close,Filled,278.16,"buy" 
2005-11-01T15:00:00Z,X,37.56,6,Market On Close,Filled,225.36,"adjust" 
2005-12-01T15:00:00Z,BRC,37.96,-13,Market On Close,Filled,-493.48,"band" 
2005-12-01T15:00:00Z,CNC,25.21,-14,Market On Close,Filled,-352.94,"band" 
2005-12-01T15:00:00Z,HSII,32.89,-13,Market On Close,Filled,-427.57,"band" 
2005-12-01T15:00:00Z,ISSC,14.47,-28,Market On Close,Filled,-405.16,"band" 
2005-12-01T15:00:00Z,LAWS,38.64,-11,Market On Close,Filled,-425.04,"band" 
2005-12-01T15:00:00Z,X,48.98,-12,Market On Close,Filled,-587.76,"band" 
2005-12-01T15:00:00Z,ANST,34.98,11,Market On Close,Filled,384.78,"buy" 
2005-12-01T15:00:00Z,MRO,61.2,8,Market On Close,Filled,489.6,"buy" 
2005-12-01T15:00:00Z,NVDA,36.58,13,Market On Close,Filled,475.54,"buy" 
2005-12-01T15:00:00Z,PZZA,54.86,16,Market On Close,Filled,877.76,"buy" 
2005-12-01T15:00:00Z,SHOO,28.13,17,Market On Close,Filled,478.21,"buy" 
2005-12-01T15:00:00Z,USNA,38.8,13,Market On Close,Filled,504.4,"buy" 
2006-01-03T15:00:00Z,ABFS,44.55,-5,Market On Close,Filled,-222.75,"adjust" 
2006-01-03T15:00:00Z,CBRL,35.1,7,Market On Close,Filled,245.7,"adjust" 
2006-02-01T15:00:00Z,AHC,148.5,-2,Market On Close,Filled,-297,"adjust" 
2006-02-01T15:00:00Z,CBRL,44,-24,Market On Close,Filled,-1056,"band" 
2006-02-01T15:00:00Z,GDT,73.85,-3,Market On Close,Filled,-221.55,"adjust" 
2006-02-01T15:00:00Z,HOC,71.7,-3,Market On Close,Filled,-215.1,"adjust" 
2006-02-01T15:00:00Z,LRCX,46.92,-8,Market On Close,Filled,-375.36,"adjust" 
2006-02-01T15:00:00Z,PETS,17.65,-15,Market On Close,Filled,-264.75,"adjust" 
2006-02-01T15:00:00Z,PZZA,34.45,-8,Market On Close,Filled,-275.6,"adjust" 
2006-02-01T15:00:00Z,SPTN,12.08,-31,Market On Close,Filled,-374.48,"expired" 
2006-02-01T15:00:00Z,TOL,33,-10,Market On Close,Filled,-330,"band" 
2006-02-01T15:00:00Z,WWW,24.06,-27,Market On Close,Filled,-649.62,"expired" 
2006-02-01T15:00:00Z,BWS,45.06,15,Market On Close,Filled,675.9,"buy" 
2006-02-01T15:00:00Z,CRUS,8.5,57,Market On Close,Filled,484.5,"buy" 
2006-02-01T15:00:00Z,HNI,57.05,14,Market On Close,Filled,798.7,"buy" 
2006-02-01T15:00:00Z,UFPI,56.68,11,Market On Close,Filled,623.48,"buy" 
2006-02-01T15:00:00Z,WMK,42.94,5,Market On Close,Filled,214.7,"adjust" 
2006-03-01T15:00:00Z,MOV,21.94,-32,Market On Close,Filled,-702.08,"band" 
2006-03-01T15:00:00Z,PDX,95.76,-4,Market On Close,Filled,-383.04,"adjust" 
2006-03-01T15:00:00Z,RS,85.11,-3,Market On Close,Filled,-255.33,"adjust" 
2006-03-01T15:00:00Z,SCHN,32,-12,Market On Close,Filled,-384,"band" 
2006-03-01T15:00:00Z,TTC,46.58,-17,Market On Close,Filled,-791.86,"band" 
2006-03-01T15:00:00Z,USNA,43.04,-13,Market On Close,Filled,-559.52,"band" 
2006-03-01T15:00:00Z,CVX,57.22,4,Market On Close,Filled,228.88,"adjust" 
2006-03-01T15:00:00Z,COHU,21.68,18,Market On Close,Filled,390.24,"buy" 
2006-03-01T15:00:00Z,IIIN,39.29,9,Market On Close,Filled,353.61,"buy" 
2006-03-01T15:00:00Z,LMS,23.51,11,Market On Close,Filled,258.61,"buy" 
2006-03-01T15:00:00Z,XOM,60.34,4,Market On Close,Filled,241.36,"adjust" 
2006-03-01T15:00:00Z,ZEUS,26.9,15,Market On Close,Filled,403.5,"buy" 
2006-04-03T14:00:00Z,AEOS,28.79,-18,Market On Close,Filled,-518.22,"band" 
2006-04-03T14:00:00Z,ANSS,53.43,-5,Market On Close,Filled,-267.15,"adjust" 
2006-04-03T14:00:00Z,AXE,47.29,-19,Market On Close,Filled,-898.51,"universe" 
2006-04-03T14:00:00Z,HANS,127.09,-2,Market On Close,Filled,-254.18,"adjust" 
2006-04-03T14:00:00Z,IIIN,59.24,-4,Market On Close,Filled,-236.96,"adjust" 
2006-04-03T14:00:00Z,MTSC,41.33,-9,Market On Close,Filled,-371.97,"universe" 
2006-04-03T14:00:00Z,PLCE,56.37,-8,Market On Close,Filled,-450.96,"band" 
2006-04-03T14:00:00Z,URBN,23.64,-18,Market On Close,Filled,-425.52,"band" 
2006-04-03T14:00:00Z,ADTN,25.95,18,Market On Close,Filled,467.1,"buy" 
2006-04-03T14:00:00Z,EGY,6.83,58,Market On Close,Filled,396.14,"buy" 
2006-04-03T14:00:00Z,LII,30.22,23,Market On Close,Filled,695.06,"buy" 
2006-04-03T14:00:00Z,MLR,26.75,21,Market On Close,Filled,561.75,"buy" 
2006-04-03T14:00:00Z,TALK,8.6,26,Market On Close,Filled,223.6,"adjust" 
2006-04-03T14:00:00Z,WIRE,33.22,11,Market On Close,Filled,365.42,"buy" 
2006-04-22T04:00:00Z,GDT,80.05,-8,Market,Filled,-640.4,"Liquidate from delisting" 
2006-05-01T14:00:00Z,ADSK,41.56,-11,Market On Close,Filled,-457.16,"band" 
2006-05-01T14:00:00Z,ANF,60.86,-8,Market On Close,Filled,-486.88,"band" 
2006-05-01T14:00:00Z,LRW,27.12,-17,Market On Close,Filled,-461.04,"expired" 
2006-05-01T14:00:00Z,LMS,24.85,-11,Market On Close,Filled,-273.35,"expired" 
2006-05-01T14:00:00Z,NATR,10.04,-22,Market On Close,Filled,-220.88,"universe" 
2006-05-01T14:00:00Z,GPX,7.2,-89,Market On Close,Filled,-640.8,"band" 
2006-05-01T14:00:00Z,SHOO,53.01,-11,Market On Close,Filled,-583.11,"adjust" 
2006-05-01T14:00:00Z,SKX,27.04,-9,Market On Close,Filled,-243.36,"adjust" 
2006-05-01T14:00:00Z,UFPI,76.01,-3,Market On Close,Filled,-228.03,"adjust" 
2006-05-01T14:00:00Z,DECK,42.49,11,Market On Close,Filled,467.39,"buy" 
2006-05-01T14:00:00Z,EXPO,32.5,7,Market On Close,Filled,227.5,"adjust" 
2006-05-01T14:00:00Z,MSM,51.98,14,Market On Close,Filled,727.72,"buy" 
2006-05-01T14:00:00Z,RL,61.16,14,Market On Close,Filled,856.24,"buy" 
2006-05-01T14:00:00Z,SCHN,39.5,13,Market On Close,Filled,513.5,"buy" 
2006-05-01T14:00:00Z,SSD,40.68,14,Market On Close,Filled,569.52,"buy" 
2006-05-01T14:00:00Z,STLD,64.29,7,Market On Close,Filled,450.03,"buy" 
2006-05-01T14:00:00Z,THO,49.09,15,Market On Close,Filled,736.35,"buy" 
2006-05-01T14:00:00Z,WEYS,21.28,10,Market On Close,Filled,212.8,"adjust" 
2006-06-01T14:00:00Z,CNXS,23.41,-15,Market On Close,Filled,-351.15,"band" 
2006-06-01T14:00:00Z,COHU,17.9,-18,Market On Close,Filled,-322.2,"band" 
2006-06-01T14:00:00Z,FRGO,24.9,-22,Market On Close,Filled,-547.8,"band" 
2006-06-01T14:00:00Z,HCSG,20.42,-28,Market On Close,Filled,-571.76,"band" 
2006-06-01T14:00:00Z,HNI,51.94,-14,Market On Close,Filled,-727.16,"band" 
2006-06-01T14:00:00Z,NUE,53.34,-2,Market On Close,Filled,-106.68,"adjust" 
2006-06-01T14:00:00Z,NVDA,24.18,-26,Market On Close,Filled,-628.68,"expired" 
2006-06-01T14:00:00Z,PTC,14.88,-17,Market On Close,Filled,-252.96,"band" 
2006-06-01T14:00:00Z,SNHY,19.97,-12,Market On Close,Filled,-239.64,"band" 
2006-06-01T14:00:00Z,USPH,15.04,-34,Market On Close,Filled,-511.36,"band" 
2006-06-01T14:00:00Z,FCX,55.65,8,Market On Close,Filled,445.2,"buy" 
2006-06-01T14:00:00Z,FIZ,14.12,29,Market On Close,Filled,409.48,"buy" 
2006-06-01T14:00:00Z,GCO,36.01,6,Market On Close,Filled,216.06,"adjust" 
2006-06-01T14:00:00Z,GPI,61.6,9,Market On Close,Filled,554.4,"buy" 
2006-06-01T14:00:00Z,GWW,73.41,13,Market On Close,Filled,954.33,"buy" 
2006-06-01T14:00:00Z,LCUT,27.8,20,Market On Close,Filled,556,"buy" 
2006-06-01T14:00:00Z,LMS,24.38,12,Market On Close,Filled,292.56,"buy" 
2006-06-01T14:00:00Z,PONR,28.5,17,Market On Close,Filled,484.5,"buy" 
2006-06-01T14:00:00Z,RES,24.25,14,Market On Close,Filled,339.5,"buy" 
2006-06-01T14:00:00Z,RSC,14.83,35,Market On Close,Filled,519.05,"buy" 
2006-06-01T14:00:00Z,TTMI,15.08,28,Market On Close,Filled,422.24,"buy" 
2006-07-03T14:00:00Z,EGY,10.1,-21,Market On Close,Filled,-212.1,"adjust" 
2006-07-03T14:00:00Z,PLPC,37,-11,Market On Close,Filled,-407,"band" 
2006-07-03T14:00:00Z,CECO,29.83,7,Market On Close,Filled,208.81,"adjust" 
2006-07-03T14:00:00Z,TNC,49.39,13,Market On Close,Filled,642.07,"buy" 
2006-08-01T14:00:00Z,ADTN,21.26,-18,Market On Close,Filled,-382.68,"band" 
2006-08-01T14:00:00Z,CRUS,6.56,-57,Market On Close,Filled,-373.92,"expired" 
2006-08-01T14:00:00Z,EXPO,15.34,-14,Market On Close,Filled,-214.76,"adjust" 
2006-08-01T14:00:00Z,NHC,45.17,-5,Market On Close,Filled,-225.85,"adjust" 
2006-08-01T14:00:00Z,RIMG,23.92,-15,Market On Close,Filled,-358.8,"band" 
2006-08-01T14:00:00Z,RL,55.71,-5,Market On Close,Filled,-278.55,"adjust" 
2006-08-01T14:00:00Z,KBALB,17.33,34,Market On Close,Filled,589.22,"buy" 
2006-08-01T14:00:00Z,SWFT,26.3,13,Market On Close,Filled,341.9,"buy" 
2006-08-01T14:00:00Z,SSD,28.19,8,Market On Close,Filled,225.52,"adjust" 
2006-08-01T14:00:00Z,TALK,5.98,43,Market On Close,Filled,257.14,"adjust" 
2006-08-01T14:00:00Z,TESS,20.97,32,Market On Close,Filled,671.04,"buy" 
2006-08-01T14:00:00Z,VLO,67.06,3,Market On Close,Filled,201.18,"adjust" 
2006-09-01T14:00:00Z,ANSS,46,-11,Market On Close,Filled,-506,"band" 
2006-09-01T14:00:00Z,ANST,23.95,-22,Market On Close,Filled,-526.9,"expired" 
2006-09-01T14:00:00Z,GCO,27.4,-18,Market On Close,Filled,-493.2,"band" 
2006-09-01T14:00:00Z,LCUT,20.11,-20,Market On Close,Filled,-402.2,"band" 
2006-09-01T14:00:00Z,PZZA,34.45,-6,Market On Close,Filled,-206.7,"adjust" 
2006-09-01T14:00:00Z,SYKE,20.2,-13,Market On Close,Filled,-262.6,"adjust" 
2006-09-01T14:00:00Z,TALK,5.84,-104,Market On Close,Filled,-607.36,"band" 
2006-09-01T14:00:00Z,AP,28.81,11,Market On Close,Filled,316.91,"buy" 
2006-09-01T14:00:00Z,BLS,41.34,26,Market On Close,Filled,1074.84,"buy" 
2006-09-01T14:00:00Z,IVAC,17.38,17,Market On Close,Filled,295.46,"buy" 
2006-09-01T14:00:00Z,PTSI,25.93,20,Market On Close,Filled,518.6,"buy" 
2006-09-01T14:00:00Z,WCC,59.43,8,Market On Close,Filled,475.44,"buy" 
2006-10-02T14:00:00Z,AHC,40.96,-9,Market On Close,Filled,-368.64,"band" 
2006-10-02T14:00:00Z,CECO,22.5,-20,Market On Close,Filled,-450,"band" 
2006-10-02T14:00:00Z,CLF,38.77,-8,Market On Close,Filled,-310.16,"band" 
2006-10-02T14:00:00Z,ECOL,19.63,-22,Market On Close,Filled,-431.86,"band" 
2006-10-02T14:00:00Z,LYTS,16.02,-26,Market On Close,Filled,-416.52,"band" 
2006-10-02T14:00:00Z,MLR,18.03,-21,Market On Close,Filled,-378.63,"band" 
2006-10-02T14:00:00Z,RAVN,28.97,-15,Market On Close,Filled,-434.55,"band" 
2006-10-02T14:00:00Z,SSD,26.74,-22,Market On Close,Filled,-588.28,"band" 
2006-10-02T14:00:00Z,TESS,31.52,-15,Market On Close,Filled,-472.8,"adjust" 
2006-10-02T14:00:00Z,WSO,45.25,-9,Market On Close,Filled,-407.25,"band" 
2006-10-02T14:00:00Z,AEOS,44.61,13,Market On Close,Filled,579.93,"buy" 
2006-10-02T14:00:00Z,CMI,119.49,6,Market On Close,Filled,716.94,"buy" 
2006-10-02T14:00:00Z,DDS,32.7,22,Market On Close,Filled,719.4,"buy" 
2006-10-02T14:00:00Z,DLTR,31.29,23,Market On Close,Filled,719.67,"buy" 
2006-10-02T14:00:00Z,MGLN,41.92,16,Market On Close,Filled,670.72,"buy" 
2006-10-02T14:00:00Z,MOH,34.86,14,Market On Close,Filled,488.04,"buy" 
2006-10-02T14:00:00Z,MTEX,17.62,20,Market On Close,Filled,352.4,"buy" 
2006-10-02T14:00:00Z,PCLN,36.76,11,Market On Close,Filled,404.36,"buy" 
2006-10-02T14:00:00Z,SPTN,15.8,27,Market On Close,Filled,426.6,"buy" 
2006-11-01T15:00:00Z,JAKK,22.03,-23,Market On Close,Filled,-506.69,"band" 
2006-11-01T15:00:00Z,KBALB,24.56,-13,Market On Close,Filled,-319.28,"adjust" 
2006-11-01T15:00:00Z,LII,26.95,-23,Market On Close,Filled,-619.85,"band" 
2006-11-01T15:00:00Z,PETS,12.14,-20,Market On Close,Filled,-242.8,"band" 
2006-11-01T15:00:00Z,RES,20.89,-14,Market On Close,Filled,-292.46,"band" 
2006-11-01T15:00:00Z,AEIS,15.08,30,Market On Close,Filled,452.4,"buy" 
2006-11-01T15:00:00Z,COLM,54.62,13,Market On Close,Filled,710.06,"buy" 
2006-11-01T15:00:00Z,FAF,40.38,6,Market On Close,Filled,242.28,"adjust" 
2006-11-01T15:00:00Z,HVT,15.01,31,Market On Close,Filled,465.31,"buy" 
2006-11-01T15:00:00Z,OFIX,43.24,19,Market On Close,Filled,821.56,"buy" 
2006-11-01T15:00:00Z,PDX,44.07,5,Market On Close,Filled,220.35,"adjust" 
2006-11-01T15:00:00Z,UFPI,44.34,5,Market On Close,Filled,221.7,"adjust" 
2006-12-01T15:00:00Z,BWS,45.31,-11,Market On Close,Filled,-498.41,"adjust" 
2006-12-01T15:00:00Z,DDS,35.65,-9,Market On Close,Filled,-320.85,"adjust" 
2006-12-01T15:00:00Z,FAF,38.63,-24,Market On Close,Filled,-927.12,"expired" 
2006-12-01T15:00:00Z,OFIX,43.49,-19,Market On Close,Filled,-826.31,"band" 
2006-12-01T15:00:00Z,PDX,48.55,-21,Market On Close,Filled,-1019.55,"expired" 
2006-12-01T15:00:00Z,UFPI,46.6,-13,Market On Close,Filled,-605.8,"band" 
2006-12-01T15:00:00Z,AMWD,38.35,14,Market On Close,Filled,536.9,"buy" 
2006-12-01T15:00:00Z,CRS,107.51,4,Market On Close,Filled,430.04,"buy" 
2006-12-01T15:00:00Z,DIOD,41.09,11,Market On Close,Filled,451.99,"buy" 
2006-12-01T15:00:00Z,DLTR,29.59,7,Market On Close,Filled,207.13,"adjust" 
2006-12-01T15:00:00Z,FD,40.55,20,Market On Close,Filled,811,"buy" 
2006-12-01T15:00:00Z,COP,67.38,3,Market On Close,Filled,202.14,"adjust" 
2006-12-01T15:00:00Z,WMK,39.89,5,Market On Close,Filled,199.45,"adjust" 
2006-12-30T05:00:00Z,BLS,47.15,-26,Market,Filled,-1225.9,"Liquidate from delisting" 
2007-01-03T15:00:00Z,JJSF,41.02,-5,Market On Close,Filled,-205.1,"adjust" 
2007-01-03T15:00:00Z,MSM,40.48,-14,Market On Close,Filled,-566.72,"band" 
2007-01-03T15:00:00Z,PONR,28.55,-17,Market On Close,Filled,-485.35,"band" 
2007-01-03T15:00:00Z,LAWS,44.97,11,Market On Close,Filled,494.67,"buy" 
2007-01-03T15:00:00Z,VLO,50.01,4,Market On Close,Filled,200.04,"adjust" 
2007-01-03T15:00:00Z,X,71.22,6,Market On Close,Filled,427.32,"buy" 
2007-02-01T15:00:00Z,CVX,74.41,-3,Market On Close,Filled,-223.23,"adjust" 
2007-02-01T15:00:00Z,DIOD,37.12,-11,Market On Close,Filled,-408.32,"band" 
2007-02-01T15:00:00Z,KOMG,33.75,-10,Market On Close,Filled,-337.5,"band" 
2007-02-01T15:00:00Z,MCRI,24.59,-18,Market On Close,Filled,-442.62,"band" 
2007-02-01T15:00:00Z,PZZA,28.26,-18,Market On Close,Filled,-508.68,"band" 
2007-02-01T15:00:00Z,SPTN,23.5,-27,Market On Close,Filled,-634.5,"expired" 
2007-02-01T15:00:00Z,TESS,24.71,-10,Market On Close,Filled,-247.1,"adjust" 
2007-02-01T15:00:00Z,WDC,19.41,-28,Market On Close,Filled,-543.48,"band" 
2007-02-01T15:00:00Z,XOM,75.08,-3,Market On Close,Filled,-225.24,"adjust" 
2007-02-01T15:00:00Z,ZEUS,27.81,-15,Market On Close,Filled,-417.15,"band" 
2007-02-01T15:00:00Z,EGY,6.47,35,Market On Close,Filled,226.45,"adjust" 
2007-02-01T15:00:00Z,NEU,56.94,8,Market On Close,Filled,455.52,"buy" 
2007-02-01T15:00:00Z,KMX,57.96,12,Market On Close,Filled,695.52,"buy" 
2007-02-01T15:00:00Z,KSS,72.84,13,Market On Close,Filled,946.92,"buy" 
2007-02-01T15:00:00Z,MOV,29.23,20,Market On Close,Filled,584.6,"buy" 
2007-02-01T15:00:00Z,NVEC,23.03,10,Market On Close,Filled,230.3,"buy" 
2007-02-01T15:00:00Z,VFC,76.54,14,Market On Close,Filled,1071.56,"buy" 
2007-02-01T15:00:00Z,VVI,42.36,23,Market On Close,Filled,974.28,"buy" 
2007-03-01T15:00:00Z,HANS,34.68,-8,Market On Close,Filled,-277.44,"expired" 
2007-03-01T15:00:00Z,PCU,69.75,-5,Market On Close,Filled,-348.75,"adjust" 
2007-03-01T15:00:00Z,TNC,30.26,-7,Market On Close,Filled,-211.82,"adjust" 
2007-03-01T15:00:00Z,WIRE,25.15,-11,Market On Close,Filled,-276.65,"band" 
2007-03-01T15:00:00Z,ABM,26.83,33,Market On Close,Filled,885.39,"buy" 
2007-03-01T15:00:00Z,AIT,24,9,Market On Close,Filled,216,"adjust" 
2007-03-01T15:00:00Z,GRC,28.3,15,Market On Close,Filled,424.5,"buy" 
2007-03-01T15:00:00Z,IIIN,17.96,11,Market On Close,Filled,197.56,"adjust" 
2007-03-01T15:00:00Z,MGPI,19.17,22,Market On Close,Filled,421.74,"buy" 
2007-03-01T15:00:00Z,SHOO,28.53,7,Market On Close,Filled,199.71,"adjust" 
2007-04-02T14:00:00Z,DECK,70,-3,Market On Close,Filled,-210,"adjust" 
2007-04-02T14:00:00Z,DLTR,37.97,-8,Market On Close,Filled,-303.76,"adjust" 
2007-04-02T14:00:00Z,NEU,40.16,-8,Market On Close,Filled,-321.28,"band" 
2007-04-02T14:00:00Z,FCX,66.68,-8,Market On Close,Filled,-533.44,"band" 
2007-04-02T14:00:00Z,GPI,39.82,-9,Market On Close,Filled,-358.38,"band" 
2007-04-02T14:00:00Z,IIIN,16.71,-21,Market On Close,Filled,-350.91,"band" 
2007-04-02T14:00:00Z,LAWS,36.84,-11,Market On Close,Filled,-405.24,"band" 
2007-04-02T14:00:00Z,MOH,31.02,-14,Market On Close,Filled,-434.28,"band" 
2007-04-02T14:00:00Z,MTEX,15.35,-20,Market On Close,Filled,-307,"band" 
2007-04-02T14:00:00Z,SCHN,40.2,-13,Market On Close,Filled,-522.6,"band" 
2007-04-02T14:00:00Z,SCVL,33.39,-7,Market On Close,Filled,-233.73,"adjust" 
2007-04-02T14:00:00Z,TTMI,9.44,-28,Market On Close,Filled,-264.32,"band" 
2007-04-02T14:00:00Z,WCC,62.31,-8,Market On Close,Filled,-498.48,"band" 
2007-04-02T14:00:00Z,ALB,42.01,19,Market On Close,Filled,798.19,"buy" 
2007-04-02T14:00:00Z,ANF,77.04,9,Market On Close,Filled,693.36,"buy" 
2007-04-02T14:00:00Z,EBF,26.6,34,Market On Close,Filled,904.4,"buy" 
2007-04-02T14:00:00Z,LDL,16.68,30,Market On Close,Filled,500.4,"buy" 
2007-04-02T14:00:00Z,MAT,28.26,35,Market On Close,Filled,989.1,"buy" 
2007-04-02T14:00:00Z,PCCC,13.82,25,Market On Close,Filled,345.5,"buy" 
2007-04-02T14:00:00Z,SRI,10.34,42,Market On Close,Filled,434.28,"buy" 
2007-04-02T14:00:00Z,TZOO,36.95,9,Market On Close,Filled,332.55,"buy" 
2007-04-02T14:00:00Z,USNA,47.44,10,Market On Close,Filled,474.4,"buy" 
2007-05-01T14:00:00Z,AEIS,24.9,-14,Market On Close,Filled,-348.6,"adjust" 
2007-05-01T14:00:00Z,AP,36.08,-11,Market On Close,Filled,-396.88,"band" 
2007-05-01T14:00:00Z,CMI,92,-12,Market On Close,Filled,-1104,"expired" 
2007-05-01T14:00:00Z,HUBG,36.06,-8,Market On Close,Filled,-288.48,"adjust" 
2007-05-01T14:00:00Z,SWFT,31.37,-13,Market On Close,Filled,-407.81,"band" 
2007-05-01T14:00:00Z,LMS,26.8,-12,Market On Close,Filled,-321.6,"expired" 
2007-05-01T14:00:00Z,MGPI,19.59,-22,Market On Close,Filled,-430.98,"band" 
2007-05-01T14:00:00Z,PTSI,18.91,-20,Market On Close,Filled,-378.2,"band" 
2007-05-01T14:00:00Z,RS,59.45,-4,Market On Close,Filled,-237.8,"adjust" 
2007-05-01T14:00:00Z,RSC,16.43,-35,Market On Close,Filled,-575.05,"band" 
2007-05-01T14:00:00Z,STLD,44.21,-14,Market On Close,Filled,-618.94,"expired" 
2007-05-01T14:00:00Z,TZOO,27.35,-9,Market On Close,Filled,-246.15,"band" 
2007-05-01T14:00:00Z,VLO,71.17,-3,Market On Close,Filled,-213.51,"adjust" 
2007-05-01T14:00:00Z,VVI,41.11,-5,Market On Close,Filled,-205.55,"adjust" 
2007-05-01T14:00:00Z,ABG,28.95,26,Market On Close,Filled,752.7,"buy" 
2007-05-01T14:00:00Z,BW,46.01,6,Market On Close,Filled,276.06,"buy" 
2007-05-01T14:00:00Z,CALM,12.74,37,Market On Close,Filled,471.38,"buy" 
2007-05-01T14:00:00Z,GIII,17.59,21,Market On Close,Filled,369.39,"buy" 
2007-05-01T14:00:00Z,HVT,12.94,16,Market On Close,Filled,207.04,"adjust" 
2007-05-01T14:00:00Z,KELYA,28.93,25,Market On Close,Filled,723.25,"buy" 
2007-05-01T14:00:00Z,LNDC,12.54,42,Market On Close,Filled,526.68,"buy" 
2007-05-01T14:00:00Z,ODP,33.91,6,Market On Close,Filled,203.46,"adjust" 
2007-05-01T14:00:00Z,OMM,29.15,23,Market On Close,Filled,670.45,"buy" 
2007-05-01T14:00:00Z,AGYS,21.11,20,Market On Close,Filled,422.2,"buy" 
2007-05-01T14:00:00Z,UCTT,14.49,22,Market On Close,Filled,318.78,"buy" 
2007-06-01T14:00:00Z,AEOS,27.19,-19,Market On Close,Filled,-516.61,"expired" 
2007-06-01T14:00:00Z,B,30.1,-11,Market On Close,Filled,-331.1,"adjust" 
2007-06-01T14:00:00Z,BWS,29.9,-16,Market On Close,Filled,-478.4,"expired" 
2007-06-01T14:00:00Z,CTR,21.83,-25,Market On Close,Filled,-545.75,"expired" 
2007-06-01T14:00:00Z,CRS,135.68,-4,Market On Close,Filled,-542.72,"band" 
2007-06-01T14:00:00Z,EGY,4.86,-72,Market On Close,Filled,-349.92,"universe" 
2007-06-01T14:00:00Z,HVT,12.28,-47,Market On Close,Filled,-577.16,"band" 
2007-06-01T14:00:00Z,HOC,71.35,-3,Market On Close,Filled,-214.05,"adjust" 
2007-06-01T14:00:00Z,KSS,76.11,-13,Market On Close,Filled,-989.43,"expired" 
2007-06-01T14:00:00Z,MGLN,45.37,-16,Market On Close,Filled,-725.92,"band" 
2007-06-01T14:00:00Z,MRO,126.74,-2,Market On Close,Filled,-253.48,"adjust" 
2007-06-01T14:00:00Z,THO,44.85,-15,Market On Close,Filled,-672.75,"expired" 
2007-06-01T14:00:00Z,BRKS,17.7,36,Market On Close,Filled,637.2,"buy" 
2007-06-01T14:00:00Z,CMI,94.1,6,Market On Close,Filled,564.6,"buy" 
2007-06-01T14:00:00Z,HAS,32.43,28,Market On Close,Filled,908.04,"buy" 
2007-06-01T14:00:00Z,HOFT,24.31,23,Market On Close,Filled,559.13,"buy" 
2007-06-01T14:00:00Z,JAKK,26.67,19,Market On Close,Filled,506.73,"buy" 
2007-06-01T14:00:00Z,KBALB,13.91,17,Market On Close,Filled,236.47,"adjust" 
2007-06-01T14:00:00Z,SCHN,55.45,10,Market On Close,Filled,554.5,"buy" 
2007-06-01T14:00:00Z,STLD,48.49,11,Market On Close,Filled,533.39,"buy" 
2007-06-01T14:00:00Z,USMO,23.47,31,Market On Close,Filled,727.57,"buy" 
2007-06-09T04:00:00Z,OMM,29.22,-23,Market,Filled,-672.06,"Liquidate from delisting" 
2007-07-02T14:00:00Z,ABFS,39.4,-12,Market On Close,Filled,-472.8,"band" 
2007-07-02T14:00:00Z,EBF,23.98,-34,Market On Close,Filled,-815.32,"expired" 
2007-07-02T14:00:00Z,FD,39.81,-20,Market On Close,Filled,-796.2,"band" 
2007-07-02T14:00:00Z,KBALB,14.01,-38,Market On Close,Filled,-532.38,"band" 
2007-07-02T14:00:00Z,MSTR,94.59,-5,Market On Close,Filled,-472.95,"band" 
2007-07-02T14:00:00Z,PCLN,68.31,-3,Market On Close,Filled,-204.93,"adjust" 
2007-07-02T14:00:00Z,AVT,41.37,16,Market On Close,Filled,661.92,"buy" 
2007-07-02T14:00:00Z,DLX,41.66,15,Market On Close,Filled,624.9,"buy" 
2007-07-02T14:00:00Z,HHGP,21.56,22,Market On Close,Filled,474.32,"buy" 
2007-07-02T14:00:00Z,IMMR,15.71,29,Market On Close,Filled,455.59,"buy" 
2007-07-02T14:00:00Z,TSRA,41.98,14,Market On Close,Filled,587.72,"buy" 
2007-07-02T14:00:00Z,UAUA,41.13,12,Market On Close,Filled,493.56,"buy" 
2007-08-01T14:00:00Z,ABG,22.14,-26,Market On Close,Filled,-575.64,"band" 
2007-08-01T14:00:00Z,ABM,25.16,-10,Market On Close,Filled,-251.6,"adjust" 
2007-08-01T14:00:00Z,CALM,18.15,-15,Market On Close,Filled,-272.25,"adjust" 
2007-08-01T14:00:00Z,CMI,120.05,-2,Market On Close,Filled,-240.1,"adjust" 
2007-08-01T14:00:00Z,DECK,104.94,-3,Market On Close,Filled,-314.82,"adjust" 
2007-08-01T14:00:00Z,FIZ,9.79,-34,Market On Close,Filled,-332.86,"band" 
2007-08-01T14:00:00Z,NHC,52.2,-13,Market On Close,Filled,-678.6,"band" 
2007-08-01T14:00:00Z,OXY,57.2,-14,Market On Close,Filled,-800.8,"band" 
2007-08-01T14:00:00Z,COP,80.76,-3,Market On Close,Filled,-242.28,"adjust" 
2007-08-01T14:00:00Z,PCU,108.25,-2,Market On Close,Filled,-216.5,"adjust" 
2007-08-01T14:00:00Z,SRI,12.14,-42,Market On Close,Filled,-509.88,"band" 
2007-08-01T14:00:00Z,USNA,39.39,-10,Market On Close,Filled,-393.9,"band" 
2007-08-01T14:00:00Z,AMWD,30.3,8,Market On Close,Filled,242.4,"adjust" 
2007-08-01T14:00:00Z,CHAP,84.09,6,Market On Close,Filled,504.54,"buy" 
2007-08-01T14:00:00Z,FUL,28.44,17,Market On Close,Filled,483.48,"buy" 
2007-08-01T14:00:00Z,GCO,50.75,13,Market On Close,Filled,659.75,"buy" 
2007-08-01T14:00:00Z,LRW,23.68,17,Market On Close,Filled,402.56,"buy" 
2007-08-01T14:00:00Z,NTGR,27.53,13,Market On Close,Filled,357.89,"buy" 
2007-08-01T14:00:00Z,QDEL,14.85,35,Market On Close,Filled,519.75,"buy" 
2007-08-01T14:00:00Z,SCVL,22.29,11,Market On Close,Filled,245.19,"adjust" 
2007-08-01T14:00:00Z,SHOO,28.14,9,Market On Close,Filled,253.26,"adjust" 
2007-08-01T14:00:00Z,SYKE,16.97,12,Market On Close,Filled,203.64,"adjust" 
2007-09-04T14:00:00Z,AIT,32.81,-7,Market On Close,Filled,-229.67,"adjust" 
2007-09-04T14:00:00Z,DDS,22.1,-13,Market On Close,Filled,-287.3,"band" 
2007-09-04T14:00:00Z,DLTR,43.24,-7,Market On Close,Filled,-302.68,"adjust" 
2007-09-04T14:00:00Z,EXPO,24.86,-14,Market On Close,Filled,-348.04,"adjust" 
2007-09-04T14:00:00Z,NVEC,34.8,-10,Market On Close,Filled,-348,"band" 
2007-09-04T14:00:00Z,PCLN,82.16,-3,Market On Close,Filled,-246.48,"adjust" 
2007-09-04T14:00:00Z,SYKE,16.17,-32,Market On Close,Filled,-517.44,"band" 
2007-09-04T14:00:00Z,VVI,35.48,-18,Market On Close,Filled,-638.64,"band" 
2007-09-04T14:00:00Z,WEYS,29.6,-11,Market On Close,Filled,-325.6,"adjust" 
2007-09-04T14:00:00Z,WMK,43.01,-7,Market On Close,Filled,-301.07,"adjust" 
2007-09-04T14:00:00Z,ASTE,53.05,10,Market On Close,Filled,530.5,"buy" 
2007-09-04T14:00:00Z,AZZ,28.63,13,Market On Close,Filled,372.19,"buy" 
2007-09-04T14:00:00Z,CHAP,85.68,3,Market On Close,Filled,257.04,"adjust" 
2007-09-04T14:00:00Z,HSII,43.6,15,Market On Close,Filled,654,"buy" 
2007-09-04T14:00:00Z,LII,35.79,18,Market On Close,Filled,644.22,"buy" 
2007-09-04T14:00:00Z,LRCX,54.41,4,Market On Close,Filled,217.64,"adjust" 
2007-09-04T14:00:00Z,MAT,21.95,11,Market On Close,Filled,241.45,"adjust" 
2007-09-04T14:00:00Z,MLR,17.72,27,Market On Close,Filled,478.44,"buy" 
2007-09-04T14:00:00Z,RSC,19.2,29,Market On Close,Filled,556.8,"buy" 
2007-09-15T04:00:00Z,CHAP,85.93,-9,Market,Filled,-773.37,"Liquidate from delisting" 
2007-10-01T14:00:00Z,LNDC,16,-42,Market On Close,Filled,-672,"expired" 
2007-10-01T14:00:00Z,SCHN,75.84,-4,Market On Close,Filled,-303.36,"adjust" 
2007-10-01T14:00:00Z,SCVL,15.79,-26,Market On Close,Filled,-410.54,"band" 
2007-10-01T14:00:00Z,SKX,22.8,-18,Market On Close,Filled,-410.4,"band" 
2007-10-01T14:00:00Z,TNC,48.4,-5,Market On Close,Filled,-242,"adjust" 
2007-10-01T14:00:00Z,TESS,15.55,-15,Market On Close,Filled,-233.25,"band" 
2007-10-01T14:00:00Z,ARW,42.86,19,Market On Close,Filled,814.34,"buy" 
2007-10-01T14:00:00Z,BRKS,14.8,15,Market On Close,Filled,222,"adjust" 
2007-10-01T14:00:00Z,COLM,56.77,4,Market On Close,Filled,227.08,"adjust" 
2007-10-01T14:00:00Z,HUBG,29.9,8,Market On Close,Filled,239.2,"adjust" 
2007-10-01T14:00:00Z,KELYA,21.35,11,Market On Close,Filled,234.85,"adjust" 
2007-10-01T14:00:00Z,MCRI,29.01,16,Market On Close,Filled,464.16,"buy" 
2007-10-01T14:00:00Z,PETS,14.45,49,Market On Close,Filled,708.05,"buy" 
2007-10-01T14:00:00Z,AGYS,18.1,13,Market On Close,Filled,235.3,"adjust" 
2007-10-01T14:00:00Z,VLGEA,52.12,14,Market On Close,Filled,729.68,"buy" 
2007-11-01T14:00:00Z,AMWD,23.94,-22,Market On Close,Filled,-526.68,"band" 
2007-11-01T14:00:00Z,BKE,40.9,-6,Market On Close,Filled,-245.4,"adjust" 
2007-11-01T14:00:00Z,DECK,132.75,-3,Market On Close,Filled,-398.25,"adjust" 
2007-11-01T14:00:00Z,GRC,37.35,-15,Market On Close,Filled,-560.25,"band" 
2007-11-01T14:00:00Z,KELYA,20.4,-36,Market On Close,Filled,-734.4,"band" 
2007-11-01T14:00:00Z,KMX,19.79,-24,Market On Close,Filled,-474.96,"band" 
2007-11-01T14:00:00Z,LRCX,48.84,-13,Market On Close,Filled,-634.92,"expired" 
2007-11-01T14:00:00Z,VFC,83.87,-3,Market On Close,Filled,-251.61,"adjust" 
2007-11-01T14:00:00Z,FARO,29.79,13,Market On Close,Filled,387.27,"buy" 
2007-11-01T14:00:00Z,GRP,49.26,14,Market On Close,Filled,689.64,"buy" 
2007-11-01T14:00:00Z,HHGP,10.52,18,Market On Close,Filled,189.36,"adjust" 
2007-11-01T14:00:00Z,RGR,8.62,31,Market On Close,Filled,267.22,"buy" 
2007-11-01T14:00:00Z,KFRC,11.79,19,Market On Close,Filled,224.01,"adjust" 
2007-11-01T14:00:00Z,SAFM,33.36,18,Market On Close,Filled,600.48,"buy" 
2007-11-01T14:00:00Z,UCTT,12.52,16,Market On Close,Filled,200.32,"adjust" 
2007-11-01T14:00:00Z,WDC,25.95,27,Market On Close,Filled,700.65,"buy" 
2007-12-03T15:00:00Z,ALB,44.89,-5,Market On Close,Filled,-224.45,"adjust" 
2007-12-03T15:00:00Z,HUBG,25.95,-20,Market On Close,Filled,-519,"band" 
2007-12-03T15:00:00Z,PCLN,114.59,-2,Market On Close,Filled,-229.18,"adjust" 
2007-12-03T15:00:00Z,RGR,8.77,-31,Market On Close,Filled,-271.87,"band" 
2007-12-03T15:00:00Z,RL,68.73,-9,Market On Close,Filled,-618.57,"band" 
2007-12-03T15:00:00Z,TSRA,38.9,-14,Market On Close,Filled,-544.6,"band" 
2007-12-03T15:00:00Z,UCTT,13.8,-38,Market On Close,Filled,-524.4,"band" 
2007-12-03T15:00:00Z,XOM,88.82,-3,Market On Close,Filled,-266.46,"adjust" 
2007-12-03T15:00:00Z,AMED,44.2,15,Market On Close,Filled,663,"buy" 
2007-12-03T15:00:00Z,FCX,96.67,5,Market On Close,Filled,483.35,"buy" 
2007-12-03T15:00:00Z,JJSF,31.79,7,Market On Close,Filled,222.53,"adjust" 
2007-12-03T15:00:00Z,LRW,15.06,14,Market On Close,Filled,210.84,"adjust" 
2007-12-03T15:00:00Z,LNDC,12.66,40,Market On Close,Filled,506.4,"buy" 
2007-12-03T15:00:00Z,LXU,22.49,20,Market On Close,Filled,449.8,"buy" 
2007-12-03T15:00:00Z,NVTL,15.32,25,Market On Close,Filled,383,"buy" 
2007-12-03T15:00:00Z,RS,51.33,4,Market On Close,Filled,205.32,"adjust" 
2007-12-03T15:00:00Z,SNHY,28.65,12,Market On Close,Filled,343.8,"buy" 
2008-01-02T15:00:00Z,ABM,20.16,-23,Market On Close,Filled,-463.68,"band" 
2008-01-02T15:00:00Z,CVX,93.5,-3,Market On Close,Filled,-280.5,"adjust" 
2008-01-02T15:00:00Z,GCO,36.38,-13,Market On Close,Filled,-472.94,"band" 
2008-01-02T15:00:00Z,GIII,13.59,-21,Market On Close,Filled,-285.39,"band" 
2008-01-02T15:00:00Z,GRP,56.55,-4,Market On Close,Filled,-226.2,"adjust" 
2008-01-02T15:00:00Z,JJSF,30.33,-22,Market On Close,Filled,-667.26,"band" 
2008-01-02T15:00:00Z,LDL,10.26,-30,Market On Close,Filled,-307.8,"band" 
2008-01-02T15:00:00Z,AGYS,14.65,-33,Market On Close,Filled,-483.45,"band" 
2008-01-02T15:00:00Z,WDC,28.59,-8,Market On Close,Filled,-228.72,"adjust" 
2008-01-02T15:00:00Z,X,113.64,-2,Market On Close,Filled,-227.28,"adjust" 
2008-01-02T15:00:00Z,AEIS,12.76,17,Market On Close,Filled,216.92,"adjust" 
2008-01-02T15:00:00Z,DLTR,25.31,9,Market On Close,Filled,227.79,"adjust" 
2008-01-02T15:00:00Z,FLO,22.9,36,Market On Close,Filled,824.4,"buy" 
2008-01-02T15:00:00Z,HOC,50.71,4,Market On Close,Filled,202.84,"adjust" 
2008-01-02T15:00:00Z,MTRX,21.83,18,Market On Close,Filled,392.94,"buy" 
2008-01-02T15:00:00Z,MYE,14.28,28,Market On Close,Filled,399.84,"buy" 
2008-01-02T15:00:00Z,PH,71.29,11,Market On Close,Filled,784.19,"buy" 
2008-01-02T15:00:00Z,UEIC,34.2,15,Market On Close,Filled,513,"buy" 
2008-01-02T15:00:00Z,ZEUS,32.2,16,Market On Close,Filled,515.2,"buy" 
2008-02-01T15:00:00Z,CALM,31.31,-8,Market On Close,Filled,-250.48,"adjust" 
2008-02-01T15:00:00Z,MAT,21.3,-46,Market On Close,Filled,-979.8,"band" 
2008-02-01T15:00:00Z,PCCC,11.44,-25,Market On Close,Filled,-286,"band" 
2008-02-01T15:00:00Z,VFC,79.62,-11,Market On Close,Filled,-875.82,"band" 
2008-02-01T15:00:00Z,BW,30.31,8,Market On Close,Filled,242.48,"adjust" 
2008-02-01T15:00:00Z,IVAC,11.44,22,Market On Close,Filled,251.68,"adjust" 
2008-02-01T15:00:00Z,MEI,12.91,29,Market On Close,Filled,374.39,"buy" 
2008-02-01T15:00:00Z,NTGR,27.61,8,Market On Close,Filled,220.88,"adjust" 
2008-02-01T15:00:00Z,OXY,69.19,10,Market On Close,Filled,691.9,"buy" 
2008-02-01T15:00:00Z,TWIN,16.67,23,Market On Close,Filled,383.41,"buy" 
2008-02-01T15:00:00Z,WMK,38.32,6,Market On Close,Filled,229.92,"adjust" 
2008-03-03T15:00:00Z,ASTE,37.43,-10,Market On Close,Filled,-374.3,"band" 
2008-03-03T15:00:00Z,BKE,44.23,-5,Market On Close,Filled,-221.15,"adjust" 
2008-03-03T15:00:00Z,BW,26.82,-14,Market On Close,Filled,-375.48,"band" 
2008-03-03T15:00:00Z,DLX,19.97,-15,Market On Close,Filled,-299.55,"band" 
2008-03-03T15:00:00Z,FARO,32.31,-13,Market On Close,Filled,-420.03,"band" 
2008-03-03T15:00:00Z,FUL,22.24,-17,Market On Close,Filled,-378.08,"band" 
2008-03-03T15:00:00Z,HSII,36.1,-15,Market On Close,Filled,-541.5,"band" 
2008-03-03T15:00:00Z,LNDC,9.53,-40,Market On Close,Filled,-381.2,"band" 
2008-03-03T15:00:00Z,MTRX,19.76,-18,Market On Close,Filled,-355.68,"band" 
2008-03-03T15:00:00Z,MYE,12.2,-28,Market On Close,Filled,-341.6,"band" 
2008-03-03T15:00:00Z,ODP,11.08,-25,Market On Close,Filled,-277,"band" 
2008-03-03T15:00:00Z,TWIN,20.11,-23,Market On Close,Filled,-462.53,"band" 
2008-03-03T15:00:00Z,CMTL,43.1,14,Market On Close,Filled,603.4,"buy" 
2008-03-03T15:00:00Z,CROX,23,13,Market On Close,Filled,299,"buy" 
2008-03-03T15:00:00Z,CUB,27.19,15,Market On Close,Filled,407.85,"buy" 
2008-03-03T15:00:00Z,DCO,27.28,13,Market On Close,Filled,354.64,"buy" 
2008-03-03T15:00:00Z,ELY,14.69,35,Market On Close,Filled,514.15,"buy" 
2008-03-03T15:00:00Z,KAMN,23.57,23,Market On Close,Filled,542.11,"buy" 
2008-03-03T15:00:00Z,MCRI,16.29,15,Market On Close,Filled,244.35,"adjust" 
2008-03-03T15:00:00Z,PLPC,46,10,Market On Close,Filled,460,"buy" 
2008-03-03T15:00:00Z,RUSHA,14.36,43,Market On Close,Filled,617.48,"buy" 
2008-03-03T15:00:00Z,TDY,45.04,16,Market On Close,Filled,720.64,"buy" 
2008-03-03T15:00:00Z,USMO,10.42,26,Market On Close,Filled,270.92,"adjust" 
2008-03-03T15:00:00Z,WERN,17.99,38,Market On Close,Filled,683.62,"buy" 
2008-03-03T15:00:00Z,WGOV,28.57,18,Market On Close,Filled,514.26,"buy" 
2008-03-15T04:00:00Z,MTLM,55.27,-14,Market,Filled,-773.78,"Liquidate from delisting" 
2008-04-01T14:00:00Z,AEIS,13.68,-33,Market On Close,Filled,-451.44,"band" 
2008-04-01T14:00:00Z,ALB,37,-14,Market On Close,Filled,-518,"band" 
2008-04-01T14:00:00Z,BRKS,10.28,-51,Market On Close,Filled,-524.28,"band" 
2008-04-01T14:00:00Z,HHGP,8.96,-40,Market On Close,Filled,-358.4,"band" 
2008-04-01T14:00:00Z,MCRI,18.62,-31,Market On Close,Filled,-577.22,"band" 
2008-04-01T14:00:00Z,STLD,34.36,-8,Market On Close,Filled,-274.88,"adjust" 
2008-04-01T14:00:00Z,USMO,7.45,-57,Market On Close,Filled,-424.65,"band" 
2008-04-01T14:00:00Z,ZEUS,45.94,-5,Market On Close,Filled,-229.7,"adjust" 
2008-04-01T14:00:00Z,FOSL,32.2,16,Market On Close,Filled,515.2,"buy" 
2008-04-01T14:00:00Z,FSTR,44.97,8,Market On Close,Filled,359.76,"buy" 
2008-04-01T14:00:00Z,GPS,20.37,33,Market On Close,Filled,672.21,"buy" 
2008-04-01T14:00:00Z,K,54.13,28,Market On Close,Filled,1515.64,"buy" 
2008-04-01T14:00:00Z,LECO,66.78,10,Market On Close,Filled,667.8,"buy" 
2008-04-01T14:00:00Z,MLR,10.27,25,Market On Close,Filled,256.75,"adjust" 
2008-04-01T14:00:00Z,PTEN,26.58,23,Market On Close,Filled,611.34,"buy" 
2008-04-01T14:00:00Z,SCHL,30.49,20,Market On Close,Filled,609.8,"buy" 
2008-04-22T04:00:00Z,GRP,57.12,-10,Market,Filled,-571.2,"Liquidate from delisting" 
2008-05-01T14:00:00Z,AMED,52.34,-15,Market On Close,Filled,-785.1,"expired" 
2008-05-01T14:00:00Z,DLTR,31.6,-7,Market On Close,Filled,-221.2,"adjust" 
2008-05-01T14:00:00Z,EXPO,34.07,-7,Market On Close,Filled,-238.49,"adjust" 
2008-05-01T14:00:00Z,HAS,36.15,-9,Market On Close,Filled,-325.35,"adjust" 
2008-05-01T14:00:00Z,HOC,41.73,-13,Market On Close,Filled,-542.49,"band" 
2008-05-01T14:00:00Z,IMMR,11.06,-29,Market On Close,Filled,-320.74,"band" 
2008-05-01T14:00:00Z,KAMN,27.67,-23,Market On Close,Filled,-636.41,"expired" 
2008-05-01T14:00:00Z,LRW,12.67,-31,Market On Close,Filled,-392.77,"expired" 
2008-05-01T14:00:00Z,LII,33.59,-18,Market On Close,Filled,-604.62,"expired" 
2008-05-01T14:00:00Z,MLR,11,-52,Market On Close,Filled,-572,"band" 
2008-05-01T14:00:00Z,NTGR,17.1,-21,Market On Close,Filled,-359.1,"band" 
2008-05-01T14:00:00Z,NUE,73.69,-3,Market On Close,Filled,-221.07,"adjust" 
2008-05-01T14:00:00Z,OXY,81.02,-10,Market On Close,Filled,-810.2,"expired" 
2008-05-01T14:00:00Z,COP,86.59,-10,Market On Close,Filled,-865.9,"expired" 
2008-05-01T14:00:00Z,PCU,110,-5,Market On Close,Filled,-550,"expired" 
2008-05-01T14:00:00Z,KFRC,8.44,-55,Market On Close,Filled,-464.2,"expired" 
2008-05-01T14:00:00Z,TDY,59.55,-7,Market On Close,Filled,-416.85,"adjust" 
2008-05-01T14:00:00Z,UAUA,16.1,-12,Market On Close,Filled,-193.2,"expired" 
2008-05-01T14:00:00Z,WERN,20.8,-38,Market On Close,Filled,-790.4,"expired" 
2008-05-01T14:00:00Z,AAON,19.08,29,Market On Close,Filled,553.32,"buy" 
2008-05-01T14:00:00Z,ANK,33.25,18,Market On Close,Filled,598.5,"buy" 
2008-05-01T14:00:00Z,DGII,8.11,48,Market On Close,Filled,389.28,"buy" 
2008-05-01T14:00:00Z,NEU,63.59,7,Market On Close,Filled,445.13,"buy" 
2008-05-01T14:00:00Z,FLXS,11.15,55,Market On Close,Filled,613.25,"buy" 
2008-05-01T14:00:00Z,GHM,58.23,5,Market On Close,Filled,291.15,"buy" 
2008-05-01T14:00:00Z,HRL,40.09,35,Market On Close,Filled,1403.15,"buy" 
2008-05-01T14:00:00Z,VIVO,27.23,19,Market On Close,Filled,517.37,"buy" 
2008-05-01T14:00:00Z,LG,38.25,26,Market On Close,Filled,994.5,"buy" 
2008-05-01T14:00:00Z,LYTS,10.98,36,Market On Close,Filled,395.28,"buy" 
2008-05-01T14:00:00Z,NFLX,31,12,Market On Close,Filled,372,"buy" 
2008-05-01T14:00:00Z,OMCL,12.21,29,Market On Close,Filled,354.09,"buy" 
2008-05-01T14:00:00Z,PLXS,25.07,18,Market On Close,Filled,451.26,"buy" 
2008-05-01T14:00:00Z,SAM,45.74,9,Market On Close,Filled,411.66,"buy" 
2008-05-01T14:00:00Z,TTMI,14.2,39,Market On Close,Filled,553.8,"buy" 
2008-06-02T14:00:00Z,ARW,30.08,-19,Market On Close,Filled,-571.52,"band" 
2008-06-02T14:00:00Z,AVT,29.37,-16,Market On Close,Filled,-469.92,"band" 
2008-06-02T14:00:00Z,CROX,10.03,-13,Market On Close,Filled,-130.39,"band" 
2008-06-02T14:00:00Z,DGII,8.79,-48,Market On Close,Filled,-421.92,"band" 
2008-06-02T14:00:00Z,FLO,27.91,-36,Market On Close,Filled,-1004.76,"expired" 
2008-06-02T14:00:00Z,HAS,36.14,-19,Market On Close,Filled,-686.66,"expired" 
2008-06-02T14:00:00Z,IVAC,12.16,-39,Market On Close,Filled,-474.24,"band" 
2008-06-02T14:00:00Z,MRO,51.66,-12,Market On Close,Filled,-619.92,"band" 
2008-06-02T14:00:00Z,NVTL,10.19,-25,Market On Close,Filled,-254.75,"expired" 
2008-06-02T14:00:00Z,SAFM,48.98,-6,Market On Close,Filled,-293.88,"adjust" 
2008-06-02T14:00:00Z,UEIC,24.91,-15,Market On Close,Filled,-373.65,"band" 
2008-06-02T14:00:00Z,VLO,52.84,-10,Market On Close,Filled,-528.4,"band" 
2008-06-02T14:00:00Z,WDC,37.07,-6,Market On Close,Filled,-222.42,"adjust" 
2008-06-02T14:00:00Z,WGOV,39.64,-7,Market On Close,Filled,-277.48,"adjust" 
2008-06-02T14:00:00Z,X,172.01,-2,Market On Close,Filled,-344.02,"adjust" 
2008-06-02T14:00:00Z,ABFS,35.11,11,Market On Close,Filled,386.21,"buy" 
2008-06-02T14:00:00Z,APA,135.81,4,Market On Close,Filled,543.24,"buy" 
2008-06-02T14:00:00Z,CF,139.39,2,Market On Close,Filled,278.78,"buy" 
2008-06-02T14:00:00Z,DAR,16.41,30,Market On Close,Filled,492.3,"buy" 
2008-06-02T14:00:00Z,DMLP,28.3,33,Market On Close,Filled,933.9,"buy" 
2008-06-02T14:00:00Z,EGY,7.48,72,Market On Close,Filled,538.56,"buy" 
2008-06-02T14:00:00Z,OXY,92.58,7,Market On Close,Filled,648.06,"buy" 
2008-06-02T14:00:00Z,COP,92.98,10,Market On Close,Filled,929.8,"buy" 
2008-06-02T14:00:00Z,PCU,109.75,4,Market On Close,Filled,439,"buy" 
2008-06-02T14:00:00Z,USPH,16.89,78,Market On Close,Filled,1317.42,"buy" 
2008-06-02T14:00:00Z,WERN,18.85,32,Market On Close,Filled,603.2,"buy" 
2008-07-01T14:00:00Z,DMLP,31.44,-13,Market On Close,Filled,-408.72,"adjust" 
2008-07-01T14:00:00Z,ELY,11.72,-35,Market On Close,Filled,-410.2,"band" 
2008-07-01T14:00:00Z,PTEN,36.02,-7,Market On Close,Filled,-252.14,"adjust" 
2008-07-01T14:00:00Z,RS,78.12,-4,Market On Close,Filled,-312.48,"adjust" 
2008-07-01T14:00:00Z,RSC,11.14,-29,Market On Close,Filled,-323.06,"band" 
2008-07-01T14:00:00Z,SCHN,114.56,-2,Market On Close,Filled,-229.12,"adjust" 
2008-07-01T14:00:00Z,X,175.36,-2,Market On Close,Filled,-350.72,"band" 
2008-07-01T14:00:00Z,ZEUS,70.47,-5,Market On Close,Filled,-352.35,"adjust" 
2008-07-01T14:00:00Z,HCKT,5.73,80,Market On Close,Filled,458.4,"buy" 
2008-07-01T14:00:00Z,NPK,63.93,13,Market On Close,Filled,831.09,"buy" 
2008-07-01T14:00:00Z,TNC,29.82,8,Market On Close,Filled,238.56,"adjust" 
2008-07-01T14:00:00Z,UACL,22.31,19,Market On Close,Filled,423.89,"buy" 
2008-08-01T14:00:00Z,AZZ,46.14,-13,Market On Close,Filled,-599.82,"expired" 
2008-08-01T14:00:00Z,CUB,26.9,-15,Market On Close,Filled,-403.5,"band" 
2008-08-01T14:00:00Z,GHM,101.97,-5,Market On Close,Filled,-509.85,"expired" 
2008-08-01T14:00:00Z,GWW,88.57,-3,Market On Close,Filled,-265.71,"adjust" 
2008-08-01T14:00:00Z,OMCL,16.04,-29,Market On Close,Filled,-465.16,"band" 
2008-08-01T14:00:00Z,RUSHA,11.42,-43,Market On Close,Filled,-491.06,"band" 
2008-08-01T14:00:00Z,WERN,23.64,-9,Market On Close,Filled,-212.76,"adjust" 
2008-08-01T14:00:00Z,ARLP,48.69,13,Market On Close,Filled,632.97,"buy" 
2008-08-01T14:00:00Z,CRMT,20.46,27,Market On Close,Filled,552.42,"buy" 
2008-08-01T14:00:00Z,GPN,44.65,18,Market On Close,Filled,803.7,"buy" 
2008-08-01T14:00:00Z,PCTI,10.46,65,Market On Close,Filled,679.9,"buy" 
2008-08-01T14:00:00Z,SKX,18.96,20,Market On Close,Filled,379.2,"buy" 
2008-09-02T14:00:00Z,K,55.4,-4,Market On Close,Filled,-221.6,"adjust" 
2008-09-02T14:00:00Z,SAFM,34.96,-12,Market On Close,Filled,-419.52,"band" 
2008-09-02T14:00:00Z,SAM,44.83,-9,Market On Close,Filled,-403.47,"band" 
2008-09-02T14:00:00Z,SCHL,27.02,-20,Market On Close,Filled,-540.4,"band" 
2008-09-02T14:00:00Z,TNC,31.28,-22,Market On Close,Filled,-688.16,"band" 
2008-09-02T14:00:00Z,USPH,19.98,-30,Market On Close,Filled,-599.4,"adjust" 
2008-09-02T14:00:00Z,LDL,11.46,37,Market On Close,Filled,424.02,"buy" 
2008-09-02T14:00:00Z,LHCG,29.7,14,Market On Close,Filled,415.8,"buy" 
2008-09-02T14:00:00Z,PCU,24.6,8,Market On Close,Filled,196.8,"adjust" 
2008-09-02T14:00:00Z,USAP,32.96,13,Market On Close,Filled,428.48,"buy" 
2008-09-02T14:00:00Z,WTI,33.31,13,Market On Close,Filled,433.03,"buy" 
2008-10-01T14:00:00Z,CALM,27.42,-14,Market On Close,Filled,-383.88,"expired" 
2008-10-01T14:00:00Z,CMC,16.28,-20,Market On Close,Filled,-325.6,"band" 
2008-10-01T14:00:00Z,CMTL,50.23,-14,Market On Close,Filled,-703.22,"band" 
2008-10-01T14:00:00Z,DCO,22.9,-13,Market On Close,Filled,-297.7,"band" 
2008-10-01T14:00:00Z,GPN,44.05,-18,Market On Close,Filled,-792.9,"expired" 
2008-10-01T14:00:00Z,LG,50.68,-12,Market On Close,Filled,-608.16,"adjust" 
2008-10-01T14:00:00Z,LYTS,7.87,-36,Market On Close,Filled,-283.32,"band" 
2008-10-01T14:00:00Z,PCU,18.35,-20,Market On Close,Filled,-367,"band" 
2008-10-01T14:00:00Z,VLGEA,47.77,-5,Market On Close,Filled,-238.85,"adjust" 
2008-10-01T14:00:00Z,DECK,102.77,2,Market On Close,Filled,205.54,"adjust" 
2008-10-01T14:00:00Z,GHM,49.05,5,Market On Close,Filled,245.25,"buy" 
2008-10-01T14:00:00Z,HAS,34.36,21,Market On Close,Filled,721.56,"buy" 
2008-10-01T14:00:00Z,HVT,11.75,45,Market On Close,Filled,528.75,"buy" 
2008-10-01T14:00:00Z,IIIN,13,30,Market On Close,Filled,390,"buy" 
2008-10-01T14:00:00Z,SSP,7.07,38,Market On Close,Filled,268.66,"buy" 
2008-10-01T14:00:00Z,TTWO,15.93,23,Market On Close,Filled,366.39,"buy" 
2008-11-03T15:00:00Z,HCKT,2.97,-80,Market On Close,Filled,-237.6,"universe" 
2008-11-03T15:00:00Z,AIT,19.93,-16,Market On Close,Filled,-318.88,"expired" 
2008-11-03T15:00:00Z,CVX,73.61,-5,Market On Close,Filled,-368.05,"adjust" 
2008-11-03T15:00:00Z,DECK,80.65,-4,Market On Close,Filled,-322.6,"band" 
2008-11-03T15:00:00Z,FCX,28.88,-5,Market On Close,Filled,-144.4,"band" 
2008-11-03T15:00:00Z,FSTR,28.28,-8,Market On Close,Filled,-226.24,"band" 
2008-11-03T15:00:00Z,K,52.29,-5,Market On Close,Filled,-261.45,"adjust" 
2008-11-03T15:00:00Z,LG,54.58,-5,Market On Close,Filled,-272.9,"adjust" 
2008-11-03T15:00:00Z,LXU,8.39,-20,Market On Close,Filled,-167.8,"band" 
2008-11-03T15:00:00Z,NPK,67.53,-6,Market On Close,Filled,-405.18,"adjust" 
2008-11-03T15:00:00Z,NUE,37.93,-7,Market On Close,Filled,-265.51,"band" 
2008-11-03T15:00:00Z,PCLN,52.29,-3,Market On Close,Filled,-156.87,"band" 
2008-11-03T15:00:00Z,PETS,18.25,-17,Market On Close,Filled,-310.25,"adjust" 
2008-11-03T15:00:00Z,PH,39.25,-11,Market On Close,Filled,-431.75,"band" 
2008-11-03T15:00:00Z,PLXS,18.9,-18,Market On Close,Filled,-340.2,"band" 
2008-11-03T15:00:00Z,QDEL,15.83,-35,Market On Close,Filled,-554.05,"band" 
2008-11-03T15:00:00Z,SNHY,20.13,-12,Market On Close,Filled,-241.56,"band" 
2008-11-03T15:00:00Z,SSP,4.59,-38,Market On Close,Filled,-174.42,"universe" 
2008-11-03T15:00:00Z,STLD,11.54,-14,Market On Close,Filled,-161.56,"band" 
2008-11-03T15:00:00Z,WMK,32.82,-8,Market On Close,Filled,-262.56,"adjust" 
2008-11-03T15:00:00Z,XOM,74.39,-5,Market On Close,Filled,-371.95,"adjust" 
2008-11-03T15:00:00Z,CALM,29.09,12,Market On Close,Filled,349.08,"buy" 
2008-11-03T15:00:00Z,CCRN,10.38,44,Market On Close,Filled,456.72,"buy" 
2008-11-03T15:00:00Z,CPSI,28.62,16,Market On Close,Filled,457.92,"buy" 
2008-11-03T15:00:00Z,DXPE,13.76,18,Market On Close,Filled,247.68,"buy" 
2008-11-03T15:00:00Z,HA,7.25,53,Market On Close,Filled,384.25,"buy" 
2008-11-03T15:00:00Z,HRC,23.52,28,Market On Close,Filled,658.56,"buy" 
2008-11-03T15:00:00Z,HOFT,9.8,26,Market On Close,Filled,254.8,"adjust" 
2008-11-03T15:00:00Z,HWCC,11.81,32,Market On Close,Filled,377.92,"buy" 
2008-11-03T15:00:00Z,LRW,8.18,60,Market On Close,Filled,490.8,"buy" 
2008-11-03T15:00:00Z,LZB,5.3,52,Market On Close,Filled,275.6,"buy" 
2008-11-03T15:00:00Z,NVR,499.85,1,Market On Close,Filled,499.85,"buy" 
2008-11-03T15:00:00Z,KFRC,7.95,63,Market On Close,Filled,500.85,"buy" 
2008-11-03T15:00:00Z,SCHN,27.22,8,Market On Close,Filled,217.76,"adjust" 
2008-11-03T15:00:00Z,SRI,5.67,58,Market On Close,Filled,328.86,"buy" 
2008-11-03T15:00:00Z,SYKE,16.49,34,Market On Close,Filled,560.66,"buy" 
2008-11-03T15:00:00Z,TTMI,6.97,28,Market On Close,Filled,195.16,"adjust" 
2008-11-03T15:00:00Z,UNF,31.44,17,Market On Close,Filled,534.48,"buy" 
2008-11-03T15:00:00Z,WSO,40.06,10,Market On Close,Filled,400.6,"buy" 
2008-12-01T15:00:00Z,CMI,22.53,-8,Market On Close,Filled,-180.24,"band" 
2008-12-01T15:00:00Z,DXPE,11.02,-18,Market On Close,Filled,-198.36,"band" 
2008-12-01T15:00:00Z,NEU,29.22,-7,Market On Close,Filled,-204.54,"band" 
2008-12-01T15:00:00Z,FOSL,13.3,-16,Market On Close,Filled,-212.8,"band" 
2008-12-01T15:00:00Z,HA,4.3,-53,Market On Close,Filled,-227.9,"universe" 
2008-12-01T15:00:00Z,LZB,2.53,-52,Market On Close,Filled,-131.56,"universe" 
2008-12-01T15:00:00Z,SRI,3.44,-58,Market On Close,Filled,-199.52,"universe" 
2008-12-01T15:00:00Z,SYKE,16.47,-11,Market On Close,Filled,-181.17,"adjust" 
2008-12-01T15:00:00Z,WEYS,27.26,-8,Market On Close,Filled,-218.08,"adjust" 
2008-12-01T15:00:00Z,CTR,12.13,29,Market On Close,Filled,351.77,"buy" 
2008-12-01T15:00:00Z,CRK,36.85,5,Market On Close,Filled,184.25,"buy" 
2008-12-01T15:00:00Z,CTRN,11.88,20,Market On Close,Filled,237.6,"buy" 
2008-12-01T15:00:00Z,FLXS,6.91,31,Market On Close,Filled,214.21,"adjust" 
2008-12-01T15:00:00Z,GCO,11.47,23,Market On Close,Filled,263.81,"buy" 
2008-12-01T15:00:00Z,HWKN,15.25,42,Market On Close,Filled,640.5,"buy" 
2008-12-01T15:00:00Z,SCVL,8.35,38,Market On Close,Filled,317.3,"buy" 
2008-12-01T15:00:00Z,WDC,10.8,17,Market On Close,Filled,183.6,"adjust" 
2008-12-01T15:00:00Z,FL,6.06,52,Market On Close,Filled,315.12,"buy" 
2009-01-02T15:00:00Z,AAON,20.88,-10,Market On Close,Filled,-208.8,"adjust" 
2009-01-02T15:00:00Z,EGY,7.5,-33,Market On Close,Filled,-247.5,"adjust" 
2009-01-02T15:00:00Z,HRL,31.47,-35,Market On Close,Filled,-1101.45,"band" 
2009-01-02T15:00:00Z,SCHN,40.18,-12,Market On Close,Filled,-482.16,"expired" 
2009-01-02T15:00:00Z,USAP,14.97,-13,Market On Close,Filled,-194.61,"band" 
2009-01-02T15:00:00Z,CASY,22.62,23,Market On Close,Filled,520.26,"buy" 
2009-01-02T15:00:00Z,RHI,21.31,24,Market On Close,Filled,511.44,"buy" 
2009-01-02T15:00:00Z,TSCO,36.73,14,Market On Close,Filled,514.22,"buy" 
2009-01-02T15:00:00Z,TTWO,7.95,28,Market On Close,Filled,222.6,"adjust" 
2009-02-02T15:00:00Z,DAR,4.48,-30,Market On Close,Filled,-134.4,"universe" 
2009-02-02T15:00:00Z,FLXS,6.95,-86,Market On Close,Filled,-597.7,"band" 
2009-02-02T15:00:00Z,HOFT,8.09,-49,Market On Close,Filled,-396.41,"band" 
2009-02-02T15:00:00Z,LDL,3.8,-37,Market On Close,Filled,-140.6,"universe" 
2009-02-02T15:00:00Z,MEI,4.9,-29,Market On Close,Filled,-142.1,"universe" 
2009-02-02T15:00:00Z,MOV,7.66,-20,Market On Close,Filled,-153.2,"band" 
2009-02-02T15:00:00Z,RS,22.21,-8,Market On Close,Filled,-177.68,"band" 
2009-02-02T15:00:00Z,TTMI,5.69,-67,Market On Close,Filled,-381.23,"band" 
2009-02-02T15:00:00Z,WGOV,20.24,-11,Market On Close,Filled,-222.64,"band" 
2009-02-02T15:00:00Z,ASTE,24.69,13,Market On Close,Filled,320.97,"buy" 
2009-02-02T15:00:00Z,CNMD,15.84,27,Market On Close,Filled,427.68,"buy" 
2009-02-02T15:00:00Z,CRY,8.51,38,Market On Close,Filled,323.38,"buy" 
2009-02-02T15:00:00Z,FIZ,9.41,36,Market On Close,Filled,338.76,"buy" 
2009-02-02T15:00:00Z,ICFI,24.45,23,Market On Close,Filled,562.35,"buy" 
2009-02-02T15:00:00Z,JJSF,35.44,17,Market On Close,Filled,602.48,"buy" 
2009-02-02T15:00:00Z,OFLX,17.39,15,Market On Close,Filled,260.85,"buy" 
2009-02-02T15:00:00Z,STMP,8.45,52,Market On Close,Filled,439.4,"buy" 
2009-03-02T15:00:00Z,ANF,20.75,-9,Market On Close,Filled,-186.75,"band" 
2009-03-02T15:00:00Z,CF,58.99,-2,Market On Close,Filled,-117.98,"band" 
2009-03-02T15:00:00Z,CNMD,12.3,-27,Market On Close,Filled,-332.1,"band" 
2009-03-02T15:00:00Z,DLTR,39.23,-6,Market On Close,Filled,-235.38,"adjust" 
2009-03-02T15:00:00Z,HRC,9.03,-28,Market On Close,Filled,-252.84,"band" 
2009-03-02T15:00:00Z,VIVO,18.96,-19,Market On Close,Filled,-360.24,"band" 
2009-03-02T15:00:00Z,COP,35.15,-10,Market On Close,Filled,-351.5,"band" 
2009-03-02T15:00:00Z,TDY,22.78,-9,Market On Close,Filled,-205.02,"band" 
2009-03-02T15:00:00Z,WTI,6.73,-13,Market On Close,Filled,-87.49,"band" 
2009-03-02T15:00:00Z,AMED,28.98,10,Market On Close,Filled,289.8,"buy" 
2009-03-02T15:00:00Z,CNC,16.05,23,Market On Close,Filled,369.15,"buy" 
2009-03-02T15:00:00Z,EBF,7.73,42,Market On Close,Filled,324.66,"buy" 
2009-03-02T15:00:00Z,MSM,28.69,15,Market On Close,Filled,430.35,"buy" 
2009-03-02T15:00:00Z,MTSC,21.55,19,Market On Close,Filled,409.45,"buy" 
2009-03-02T15:00:00Z,MYGN,75.62,5,Market On Close,Filled,378.1,"buy" 
2009-03-02T15:00:00Z,NVEC,27.17,11,Market On Close,Filled,298.87,"buy" 
2009-04-01T14:00:00Z,ABFS,19.17,-11,Market On Close,Filled,-210.87,"band" 
2009-04-01T14:00:00Z,APA,66.05,-4,Market On Close,Filled,-264.2,"band" 
2009-04-01T14:00:00Z,CASY,26.5,-8,Market On Close,Filled,-212,"adjust" 
2009-04-01T14:00:00Z,CCRN,6.71,-44,Market On Close,Filled,-295.24,"band" 
2009-04-01T14:00:00Z,CTRN,22.96,-11,Market On Close,Filled,-252.56,"adjust" 
2009-04-01T14:00:00Z,JAKK,12.65,-19,Market On Close,Filled,-240.35,"band" 
2009-04-01T14:00:00Z,LRW,8.37,-60,Market On Close,Filled,-502.2,"band" 
2009-04-01T14:00:00Z,NVR,430.02,-1,Market On Close,Filled,-430.02,"band" 
2009-04-01T14:00:00Z,PCTI,4.47,-65,Market On Close,Filled,-290.55,"universe" 
2009-04-01T14:00:00Z,SKX,6.91,-20,Market On Close,Filled,-138.2,"band" 
2009-04-01T14:00:00Z,TTWO,8.47,-51,Market On Close,Filled,-431.97,"band" 
2009-04-01T14:00:00Z,WDC,19.91,-14,Market On Close,Filled,-278.74,"adjust" 
2009-04-01T14:00:00Z,APU,28.4,17,Market On Close,Filled,482.8,"buy" 
2009-04-01T14:00:00Z,CAI,36.06,16,Market On Close,Filled,576.96,"buy" 
2009-04-01T14:00:00Z,CMTL,25.14,14,Market On Close,Filled,351.96,"buy" 
2009-04-01T14:00:00Z,CODI,9.21,32,Market On Close,Filled,294.72,"buy" 
2009-04-01T14:00:00Z,CSGS,14.36,34,Market On Close,Filled,488.24,"buy" 
2009-04-01T14:00:00Z,FSYS,14.44,16,Market On Close,Filled,231.04,"buy" 
2009-04-01T14:00:00Z,LEG,13.27,35,Market On Close,Filled,464.45,"buy" 
2009-04-01T14:00:00Z,MLAB,16.6,28,Market On Close,Filled,464.8,"buy" 
2009-04-01T14:00:00Z,NATH,12.5,45,Market On Close,Filled,562.5,"buy" 
2009-04-01T14:00:00Z,UG,7,39,Market On Close,Filled,273,"buy" 
2009-04-01T14:00:00Z,WIRE,21.98,19,Market On Close,Filled,417.62,"buy" 
2009-05-01T14:00:00Z,B,13.91,-19,Market On Close,Filled,-264.29,"expired" 
2009-05-01T14:00:00Z,CRY,5.48,-38,Market On Close,Filled,-208.24,"expired" 
2009-05-01T14:00:00Z,EGY,4.7,-39,Market On Close,Filled,-183.3,"universe" 
2009-05-01T14:00:00Z,GHM,12.63,-10,Market On Close,Filled,-126.3,"band" 
2009-05-01T14:00:00Z,GWW,82.78,-10,Market On Close,Filled,-827.8,"expired" 
2009-05-01T14:00:00Z,HAS,26.89,-21,Market On Close,Filled,-564.69,"expired" 
2009-05-01T14:00:00Z,LECO,43.75,-10,Market On Close,Filled,-437.5,"expired" 
2009-05-01T14:00:00Z,RHI,23.74,-24,Market On Close,Filled,-569.76,"expired" 
2009-05-01T14:00:00Z,KFRC,10.63,-63,Market On Close,Filled,-669.69,"expired" 
2009-05-01T14:00:00Z,SHOO,28.47,-11,Market On Close,Filled,-313.17,"adjust" 
2009-05-01T14:00:00Z,FL,12.17,-19,Market On Close,Filled,-231.23,"adjust" 
2009-05-01T14:00:00Z,CHE,42.32,15,Market On Close,Filled,634.8,"buy" 
2009-05-01T14:00:00Z,DGIT,21.99,20,Market On Close,Filled,439.8,"buy" 
2009-05-01T14:00:00Z,JCOM,23.72,19,Market On Close,Filled,450.68,"buy" 
2009-05-01T14:00:00Z,KIRK,6.71,54,Market On Close,Filled,362.34,"buy" 
2009-05-01T14:00:00Z,LG,35.59,10,Market On Close,Filled,355.9,"adjust" 
2009-05-01T14:00:00Z,LINC,15.74,28,Market On Close,Filled,440.72,"buy" 
2009-05-01T14:00:00Z,PLCE,28.9,13,Market On Close,Filled,375.7,"buy" 
2009-05-01T14:00:00Z,ULBI,7.39,41,Market On Close,Filled,302.99,"buy" 
2009-05-01T14:00:00Z,USNA,24.1,14,Market On Close,Filled,337.4,"buy" 
2009-05-01T14:00:00Z,XOM,67.93,3,Market On Close,Filled,203.79,"adjust" 
2009-06-01T14:00:00Z,ARLP,39.04,-13,Market On Close,Filled,-507.52,"band" 
2009-06-01T14:00:00Z,CRK,40.83,-5,Market On Close,Filled,-204.15,"band" 
2009-06-01T14:00:00Z,EBF,11.42,-42,Market On Close,Filled,-479.64,"band" 
2009-06-01T14:00:00Z,GCO,25.72,-10,Market On Close,Filled,-257.2,"adjust" 
2009-06-01T14:00:00Z,HWCC,13.16,-32,Market On Close,Filled,-421.12,"band" 
2009-06-01T14:00:00Z,HWKN,21,-14,Market On Close,Filled,-294,"adjust" 
2009-06-01T14:00:00Z,IIIN,9.08,-30,Market On Close,Filled,-272.4,"band" 
2009-06-01T14:00:00Z,FSYS,22.74,-16,Market On Close,Filled,-363.84,"band" 
2009-06-01T14:00:00Z,NPK,83.75,-3,Market On Close,Filled,-251.25,"adjust" 
2009-06-01T14:00:00Z,OXY,69.33,-7,Market On Close,Filled,-485.31,"band" 
2009-06-01T14:00:00Z,PTEN,15.23,-16,Market On Close,Filled,-243.68,"band" 
2009-06-01T14:00:00Z,STMP,9.19,-52,Market On Close,Filled,-477.88,"band" 
2009-06-01T14:00:00Z,UG,9.14,-39,Market On Close,Filled,-356.46,"universe" 
2009-06-01T14:00:00Z,ULBI,7.03,-41,Market On Close,Filled,-288.23,"band" 
2009-06-01T14:00:00Z,USPH,14.18,-23,Market On Close,Filled,-326.14,"adjust" 
2009-06-01T14:00:00Z,ZEUS,19.69,-6,Market On Close,Filled,-118.14,"band" 
2009-06-01T14:00:00Z,ALGN,12.55,33,Market On Close,Filled,414.15,"buy" 
2009-06-01T14:00:00Z,AIT,22.14,22,Market On Close,Filled,487.08,"buy" 
2009-06-01T14:00:00Z,AZZ,36.78,9,Market On Close,Filled,331.02,"buy" 
2009-06-01T14:00:00Z,CECO,20.35,21,Market On Close,Filled,427.35,"buy" 
2009-06-01T14:00:00Z,CVX,69.22,3,Market On Close,Filled,207.66,"adjust" 
2009-06-01T14:00:00Z,SNS,9.14,36,Market On Close,Filled,329.04,"buy" 
2009-06-01T14:00:00Z,GWW,82.88,8,Market On Close,Filled,663.04,"buy" 
2009-06-01T14:00:00Z,ICUI,36.99,16,Market On Close,Filled,591.84,"buy" 
2009-06-01T14:00:00Z,RHI,22.61,21,Market On Close,Filled,474.81,"buy" 
2009-06-01T14:00:00Z,SGC,7.55,42,Market On Close,Filled,317.1,"buy" 
2009-06-01T14:00:00Z,TESS,10.96,35,Market On Close,Filled,383.6,"buy" 
2009-06-01T14:00:00Z,USAK,14.32,43,Market On Close,Filled,615.76,"buy" 
2009-06-01T14:00:00Z,USMO,11.34,41,Market On Close,Filled,464.94,"buy" 
2009-07-01T14:00:00Z,ANK,39.86,-12,Market On Close,Filled,-478.32,"adjust" 
2009-07-01T14:00:00Z,CMTL,32.55,-14,Market On Close,Filled,-455.7,"band" 
2009-07-01T14:00:00Z,CRMT,21.14,-11,Market On Close,Filled,-232.54,"adjust" 
2009-07-01T14:00:00Z,KIRK,11.21,-26,Market On Close,Filled,-291.46,"adjust" 
2009-07-01T14:00:00Z,LG,33.74,-19,Market On Close,Filled,-641.06,"band" 
2009-07-01T14:00:00Z,CORE,26.88,18,Market On Close,Filled,483.84,"buy" 
2009-07-01T14:00:00Z,DLTR,42.43,5,Market On Close,Filled,212.15,"adjust" 
2009-07-01T14:00:00Z,SIF,10.57,35,Market On Close,Filled,369.95,"buy" 
2009-08-03T14:00:00Z,AMED,44.8,-10,Market On Close,Filled,-448,"band" 
2009-08-03T14:00:00Z,GCO,22.07,-13,Market On Close,Filled,-286.91,"band" 
2009-08-03T14:00:00Z,NVEC,55.45,-4,Market On Close,Filled,-221.8,"adjust" 
2009-08-03T14:00:00Z,RBIN,15.93,14,Market On Close,Filled,223.02,"buy" 
2009-08-03T14:00:00Z,RGR,11.87,31,Market On Close,Filled,367.97,"buy" 
2009-08-03T14:00:00Z,TTEC,16.01,24,Market On Close,Filled,384.24,"buy" 
2009-09-01T14:00:00Z,OFLX,17.16,-15,Market On Close,Filled,-257.4,"band" 
2009-09-01T14:00:00Z,SCVL,15.35,-19,Market On Close,Filled,-291.65,"adjust" 
2009-09-01T14:00:00Z,TESS,16,-14,Market On Close,Filled,-224,"adjust" 
2009-09-01T14:00:00Z,DISCA,25.54,19,Market On Close,Filled,485.26,"buy" 
2009-10-01T14:00:00Z,ASTE,24.28,-13,Market On Close,Filled,-315.64,"band" 
2009-10-01T14:00:00Z,CODI,10.3,-32,Market On Close,Filled,-329.6,"band" 
2009-10-01T14:00:00Z,EXPO,27.54,-15,Market On Close,Filled,-413.1,"band" 
2009-10-01T14:00:00Z,LINC,22.46,-10,Market On Close,Filled,-224.6,"adjust" 
2009-10-01T14:00:00Z,PLPC,38.89,-10,Market On Close,Filled,-388.9,"band" 
2009-10-01T14:00:00Z,USNA,34.06,-14,Market On Close,Filled,-476.84,"band" 
2009-10-01T14:00:00Z,WEYS,22.35,-10,Market On Close,Filled,-223.5,"band" 
2009-10-01T14:00:00Z,FL,11.53,-33,Market On Close,Filled,-380.49,"band" 
2009-10-01T14:00:00Z,ALGT,36.7,11,Market On Close,Filled,403.7,"buy" 
2009-10-01T14:00:00Z,CALM,25.93,8,Market On Close,Filled,207.44,"adjust" 
2009-10-01T14:00:00Z,EBS,16.94,21,Market On Close,Filled,355.74,"buy" 
2009-10-01T14:00:00Z,LANC,50.18,13,Market On Close,Filled,652.34,"buy" 
2009-10-01T14:00:00Z,PLUS,15.36,43,Market On Close,Filled,660.48,"buy" 
2009-10-01T14:00:00Z,PRFT,7.92,45,Market On Close,Filled,356.4,"buy" 
2009-10-01T14:00:00Z,SCHN,51.67,6,Market On Close,Filled,310.02,"buy" 
2009-10-01T14:00:00Z,TSRA,26.28,13,Market On Close,Filled,341.64,"buy" 
2009-10-01T14:00:00Z,XOM,67.27,3,Market On Close,Filled,201.81,"adjust" 
2009-11-02T15:00:00Z,ALGN,16.05,-14,Market On Close,Filled,-224.7,"adjust" 
2009-11-02T15:00:00Z,ALGT,38.9,-11,Market On Close,Filled,-427.9,"band" 
2009-11-02T15:00:00Z,CALM,27.93,-20,Market On Close,Filled,-558.6,"band" 
2009-11-02T15:00:00Z,CHE,44.44,-15,Market On Close,Filled,-666.6,"band" 
2009-11-02T15:00:00Z,CVX,76.64,-8,Market On Close,Filled,-613.12,"band" 
2009-11-02T15:00:00Z,CSGS,15.98,-34,Market On Close,Filled,-543.32,"band" 
2009-11-02T15:00:00Z,DMLP,22.15,-20,Market On Close,Filled,-443,"band" 
2009-11-02T15:00:00Z,EBS,14.59,-21,Market On Close,Filled,-306.39,"band" 
2009-11-02T15:00:00Z,MYGN,24.77,-10,Market On Close,Filled,-247.7,"band" 
2009-11-02T15:00:00Z,NATH,14.62,-45,Market On Close,Filled,-657.9,"band" 
2009-11-02T15:00:00Z,PLCE,32.53,-13,Market On Close,Filled,-422.89,"band" 
2009-11-02T15:00:00Z,SGC,8.9,-42,Market On Close,Filled,-373.8,"band" 
2009-11-02T15:00:00Z,USAK,11.19,-43,Market On Close,Filled,-481.17,"band" 
2009-11-02T15:00:00Z,XOM,72.15,-11,Market On Close,Filled,-793.65,"band" 
2009-11-02T15:00:00Z,AAWW,25.08,10,Market On Close,Filled,250.8,"buy" 
2009-11-02T15:00:00Z,APOG,12.9,30,Market On Close,Filled,387,"buy" 
2009-11-02T15:00:00Z,APU,37.04,6,Market On Close,Filled,222.24,"adjust" 
2009-11-02T15:00:00Z,ARKR,12.8,31,Market On Close,Filled,396.8,"buy" 
2009-11-02T15:00:00Z,CVI,10.34,27,Market On Close,Filled,279.18,"buy" 
2009-11-02T15:00:00Z,EGN,43.48,12,Market On Close,Filled,521.76,"buy" 
2009-11-02T15:00:00Z,FOSL,27.07,17,Market On Close,Filled,460.19,"buy" 
2009-11-02T15:00:00Z,HHS,11.42,34,Market On Close,Filled,388.28,"buy" 
2009-11-02T15:00:00Z,K,51.75,4,Market On Close,Filled,207,"adjust" 
2009-11-02T15:00:00Z,LXU,12.34,33,Market On Close,Filled,407.22,"buy" 
2009-11-02T15:00:00Z,POWL,36.05,11,Market On Close,Filled,396.55,"buy" 
2009-11-02T15:00:00Z,AN,17.56,25,Market On Close,Filled,439,"buy" 
2009-11-02T15:00:00Z,RS,36.42,10,Market On Close,Filled,364.2,"buy" 
2009-11-02T15:00:00Z,SCL,56.15,8,Market On Close,Filled,449.2,"buy" 
2009-11-02T15:00:00Z,SNX,25.35,17,Market On Close,Filled,430.95,"buy" 
2009-12-01T15:00:00Z,AAON,19.03,-19,Market On Close,Filled,-361.57,"band" 
2009-12-01T15:00:00Z,AIT,20.88,-22,Market On Close,Filled,-459.36,"band" 
2009-12-01T15:00:00Z,CECO,25.63,-21,Market On Close,Filled,-538.23,"band" 
2009-12-01T15:00:00Z,CNC,19.27,-23,Market On Close,Filled,-443.21,"band" 
2009-12-01T15:00:00Z,LHCG,31.9,-14,Market On Close,Filled,-446.6,"band" 
2009-12-01T15:00:00Z,PETS,16.48,-32,Market On Close,Filled,-527.36,"band" 
2009-12-01T15:00:00Z,RHI,22.75,-21,Market On Close,Filled,-477.75,"band" 
2009-12-01T15:00:00Z,UACL,16.13,-19,Market On Close,Filled,-306.47,"band" 
2009-12-01T15:00:00Z,WERN,19.02,-23,Market On Close,Filled,-437.46,"band" 
2009-12-01T15:00:00Z,BGFV,16.73,18,Market On Close,Filled,301.14,"buy" 
2009-12-01T15:00:00Z,CENT,9.15,46,Market On Close,Filled,420.9,"buy" 
2009-12-01T15:00:00Z,DPZ,7.75,58,Market On Close,Filled,449.5,"buy" 
2009-12-01T15:00:00Z,GES,41.82,12,Market On Close,Filled,501.84,"buy" 
2009-12-01T15:00:00Z,GTLS,16.91,18,Market On Close,Filled,304.38,"buy" 
2009-12-01T15:00:00Z,JBSS,16.32,26,Market On Close,Filled,424.32,"buy" 
2009-12-01T15:00:00Z,IPAR,11.32,25,Market On Close,Filled,283,"buy" 
2009-12-01T15:00:00Z,MVO,18.99,32,Market On Close,Filled,607.68,"buy" 
2009-12-01T15:00:00Z,OTL,9.38,32,Market On Close,Filled,300.16,"buy" 
2009-12-01T15:00:00Z,WIRE,20.07,12,Market On Close,Filled,240.84,"adjust" 
2009-12-01T15:00:00Z,WMK,35.71,6,Market On Close,Filled,214.26,"adjust" 
2010-01-04T15:00:00Z,CAI,49.58,-16,Market On Close,Filled,-793.28,"band" 
2010-01-04T15:00:00Z,CENT,10.65,-46,Market On Close,Filled,-489.9,"universe" 
2010-01-04T15:00:00Z,ICFI,27.21,-23,Market On Close,Filled,-625.83,"band" 
2010-01-04T15:00:00Z,ICUI,36.73,-16,Market On Close,Filled,-587.68,"band" 
2010-01-04T15:00:00Z,MSM,47.53,-15,Market On Close,Filled,-712.95,"expired" 
2010-01-04T15:00:00Z,SCHN,50,-6,Market On Close,Filled,-300,"expired" 
2010-01-04T15:00:00Z,WIRE,21.26,-31,Market On Close,Filled,-659.06,"band" 
2010-01-04T15:00:00Z,CASY,31.79,7,Market On Close,Filled,222.53,"adjust" 
2010-01-04T15:00:00Z,CF,91.84,6,Market On Close,Filled,551.04,"buy" 
2010-01-04T15:00:00Z,CLW,54.32,5,Market On Close,Filled,271.6,"buy" 
2010-01-04T15:00:00Z,DDS,18.69,18,Market On Close,Filled,336.42,"buy" 
2010-01-04T15:00:00Z,IPG,7.53,57,Market On Close,Filled,429.21,"buy" 
2010-01-04T15:00:00Z,JCOM,20.68,12,Market On Close,Filled,248.16,"adjust" 
2010-01-04T15:00:00Z,K,52.83,4,Market On Close,Filled,211.32,"adjust" 
2010-01-04T15:00:00Z,MFRI,6.77,66,Market On Close,Filled,446.82,"buy" 
2010-01-04T15:00:00Z,MLR,11.92,52,Market On Close,Filled,619.84,"buy" 
2010-01-04T15:00:00Z,PLCE,32.17,13,Market On Close,Filled,418.21,"buy" 
2010-01-04T15:00:00Z,VLGEA,27.5,8,Market On Close,Filled,220,"adjust" 
2010-01-04T15:00:00Z,WSO,49.64,6,Market On Close,Filled,297.84,"adjust" 
2010-02-01T15:00:00Z,DLTR,49.97,-16,Market On Close,Filled,-799.52,"band" 
2010-02-01T15:00:00Z,JCOM,20.87,-31,Market On Close,Filled,-646.97,"band" 
2010-02-01T15:00:00Z,JJSF,41.46,-17,Market On Close,Filled,-704.82,"band" 
2010-02-01T15:00:00Z,MLAB,27.2,-28,Market On Close,Filled,-761.6,"universe" 
2010-02-01T15:00:00Z,NFLX,61.03,-6,Market On Close,Filled,-366.18,"adjust" 
2010-02-01T15:00:00Z,NVEC,41.05,-7,Market On Close,Filled,-287.35,"band" 
2010-02-01T15:00:00Z,UNF,50.65,-4,Market On Close,Filled,-202.6,"adjust" 
2010-02-01T15:00:00Z,VLGEA,26.13,-26,Market On Close,Filled,-679.38,"band" 
2010-02-01T15:00:00Z,DECK,99.46,5,Market On Close,Filled,497.3,"buy" 
2010-02-01T15:00:00Z,NEU,88.66,4,Market On Close,Filled,354.64,"buy" 
2010-02-01T15:00:00Z,GHM,15.74,23,Market On Close,Filled,362.02,"buy" 
2010-02-01T15:00:00Z,KMX,21.1,23,Market On Close,Filled,485.3,"buy" 
2010-02-01T15:00:00Z,MED,17.97,15,Market On Close,Filled,269.55,"buy" 
2010-02-01T15:00:00Z,MTRX,10.52,47,Market On Close,Filled,494.44,"buy" 
2010-02-01T15:00:00Z,MTSC,26.07,8,Market On Close,Filled,208.56,"adjust" 
2010-02-01T15:00:00Z,POWL,30.16,7,Market On Close,Filled,211.12,"adjust" 
2010-02-01T15:00:00Z,USMO,10.61,20,Market On Close,Filled,212.2,"adjust" 
2010-03-01T15:00:00Z,CPSI,36.15,-16,Market On Close,Filled,-578.4,"band" 
2010-03-01T15:00:00Z,DGIT,32.75,-7,Market On Close,Filled,-229.25,"adjust" 
2010-03-01T15:00:00Z,EGN,46.68,-12,Market On Close,Filled,-560.16,"universe" 
2010-03-01T15:00:00Z,HVT,13.49,-45,Market On Close,Filled,-607.05,"band" 
2010-03-01T15:00:00Z,PLUS,16.5,-43,Market On Close,Filled,-709.5,"band" 
2010-03-01T15:00:00Z,MTSC,27.92,-27,Market On Close,Filled,-753.84,"band" 
2010-03-01T15:00:00Z,WSO,59.16,-16,Market On Close,Filled,-946.56,"band" 
2010-03-01T15:00:00Z,ASH,49.05,9,Market On Close,Filled,441.45,"buy" 
2010-03-01T15:00:00Z,AZZ,31.67,8,Market On Close,Filled,253.36,"adjust" 
2010-03-01T15:00:00Z,FIZ,11.55,25,Market On Close,Filled,288.75,"adjust" 
2010-03-01T15:00:00Z,GCI,15.93,20,Market On Close,Filled,318.6,"buy" 
2010-03-01T15:00:00Z,GWW,104.21,3,Market On Close,Filled,312.63,"adjust" 
2010-03-01T15:00:00Z,LANC,57.74,4,Market On Close,Filled,230.96,"adjust" 
2010-03-01T15:00:00Z,LZB,13.52,20,Market On Close,Filled,270.4,"buy" 
2010-03-01T15:00:00Z,AN,18.2,12,Market On Close,Filled,218.4,"adjust" 
2010-03-01T15:00:00Z,SAH,10.7,28,Market On Close,Filled,299.6,"buy" 
2010-03-01T15:00:00Z,UFS,56.19,6,Market On Close,Filled,337.14,"buy" 
2010-03-01T15:00:00Z,UIS,36.63,9,Market On Close,Filled,329.67,"buy" 
2010-04-01T14:00:00Z,ARKR,13.35,-31,Market On Close,Filled,-413.85,"universe" 
2010-04-01T14:00:00Z,BKE,37.16,-14,Market On Close,Filled,-520.24,"band" 
2010-04-01T14:00:00Z,CTRN,33.1,-9,Market On Close,Filled,-297.9,"band" 
2010-04-01T14:00:00Z,DECK,138.43,-2,Market On Close,Filled,-276.86,"adjust" 
2010-04-01T14:00:00Z,DPZ,13.78,-18,Market On Close,Filled,-248.04,"adjust" 
2010-04-01T14:00:00Z,LEG,21.67,-35,Market On Close,Filled,-758.45,"universe" 
2010-04-01T14:00:00Z,MFRI,6.68,-66,Market On Close,Filled,-440.88,"universe" 
2010-04-01T14:00:00Z,NFLX,75,-6,Market On Close,Filled,-450,"band" 
2010-04-01T14:00:00Z,AN,18.16,-37,Market On Close,Filled,-671.92,"band" 
2010-04-01T14:00:00Z,AMED,56.99,8,Market On Close,Filled,455.92,"buy" 
2010-04-01T14:00:00Z,ANK,45,5,Market On Close,Filled,225,"adjust" 
2010-04-01T14:00:00Z,APU,40.51,9,Market On Close,Filled,364.59,"adjust" 
2010-04-01T14:00:00Z,ARP,9,50,Market On Close,Filled,450,"buy" 
2010-04-01T14:00:00Z,CASY,31.65,9,Market On Close,Filled,284.85,"adjust" 
2010-04-01T14:00:00Z,CVI,8.93,26,Market On Close,Filled,232.18,"adjust" 
2010-04-01T14:00:00Z,DSW,25.76,17,Market On Close,Filled,437.92,"buy" 
2010-04-01T14:00:00Z,FLXS,13.31,28,Market On Close,Filled,372.68,"buy" 
2010-04-01T14:00:00Z,GLT,14.47,38,Market On Close,Filled,549.86,"buy" 
2010-04-01T14:00:00Z,HA,7.36,63,Market On Close,Filled,463.68,"buy" 
2010-04-01T14:00:00Z,NPK,116.58,2,Market On Close,Filled,233.16,"adjust" 
2010-04-01T14:00:00Z,RBIN,19.23,15,Market On Close,Filled,288.45,"adjust" 
2010-04-01T14:00:00Z,RGR,12.25,17,Market On Close,Filled,208.25,"adjust" 
2010-04-01T14:00:00Z,SKX,37.02,12,Market On Close,Filled,444.24,"buy" 
2010-04-01T14:00:00Z,SYKE,22.91,12,Market On Close,Filled,274.92,"adjust" 
2010-04-01T14:00:00Z,TTEC,16.91,13,Market On Close,Filled,219.83,"adjust" 
2010-04-01T14:00:00Z,UNF,51.59,4,Market On Close,Filled,206.36,"adjust" 
2010-04-01T14:00:00Z,WMK,36.41,8,Market On Close,Filled,291.28,"adjust" 
2010-05-03T14:00:00Z,AAWW,55.95,-10,Market On Close,Filled,-559.5,"expired" 
2010-05-03T14:00:00Z,ALGN,17.4,-19,Market On Close,Filled,-330.6,"band" 
2010-05-03T14:00:00Z,AZZ,41.52,-17,Market On Close,Filled,-705.84,"band" 
2010-05-03T14:00:00Z,CASY,38.42,-17,Market On Close,Filled,-653.14,"adjust" 
2010-05-03T14:00:00Z,CVI,8.47,-53,Market On Close,Filled,-448.91,"band" 
2010-05-03T14:00:00Z,DPZ,16.06,-40,Market On Close,Filled,-642.4,"expired" 
2010-05-03T14:00:00Z,LXU,18.65,-33,Market On Close,Filled,-615.45,"band" 
2010-05-03T14:00:00Z,OTL,13.92,-32,Market On Close,Filled,-445.44,"band" 
2010-05-03T14:00:00Z,RGR,17.23,-48,Market On Close,Filled,-827.04,"band" 
2010-05-03T14:00:00Z,SAH,11.3,-28,Market On Close,Filled,-316.4,"expired" 
2010-05-03T14:00:00Z,SIF,13.95,-35,Market On Close,Filled,-488.25,"universe" 
2010-05-03T14:00:00Z,SYKE,22.51,-35,Market On Close,Filled,-787.85,"band" 
2010-05-03T14:00:00Z,TSCO,67.93,-3,Market On Close,Filled,-203.79,"adjust" 
2010-05-03T14:00:00Z,TTEC,16.87,-37,Market On Close,Filled,-624.19,"expired" 
2010-05-03T14:00:00Z,UIS,28.75,-9,Market On Close,Filled,-258.75,"expired" 
2010-05-03T14:00:00Z,USMO,14.23,-61,Market On Close,Filled,-868.03,"expired" 
2010-05-03T14:00:00Z,ATSG,5.52,37,Market On Close,Filled,204.24,"buy" 
2010-05-03T14:00:00Z,ALG,24.59,27,Market On Close,Filled,663.93,"buy" 
2010-05-03T14:00:00Z,CRMT,26.15,10,Market On Close,Filled,261.5,"adjust" 
2010-05-03T14:00:00Z,CORE,30.59,10,Market On Close,Filled,305.9,"adjust" 
2010-05-03T14:00:00Z,CSL,38.9,24,Market On Close,Filled,933.6,"buy" 
2010-05-03T14:00:00Z,GIII,30.75,15,Market On Close,Filled,461.25,"buy" 
2010-05-03T14:00:00Z,KWR,32.96,13,Market On Close,Filled,428.48,"buy" 
2010-05-03T14:00:00Z,LHCG,34.8,19,Market On Close,Filled,661.2,"buy" 
2010-05-03T14:00:00Z,LULU,41.55,13,Market On Close,Filled,540.15,"buy" 
2010-05-03T14:00:00Z,MSTR,76.09,6,Market On Close,Filled,456.54,"buy" 
2010-05-03T14:00:00Z,NPK,114.36,2,Market On Close,Filled,228.72,"adjust" 
2010-05-03T14:00:00Z,NSIT,15.78,34,Market On Close,Filled,536.52,"buy" 
2010-05-03T14:00:00Z,NUS,30.4,21,Market On Close,Filled,638.4,"buy" 
2010-05-03T14:00:00Z,OFIX,33.84,21,Market On Close,Filled,710.64,"buy" 
2010-05-03T14:00:00Z,OSK,39.75,13,Market On Close,Filled,516.75,"buy" 
2010-05-03T14:00:00Z,SNX,27.9,9,Market On Close,Filled,251.1,"adjust" 
2010-05-03T14:00:00Z,SXI,25.94,16,Market On Close,Filled,415.04,"buy" 
2010-05-03T14:00:00Z,TSRA,20.46,11,Market On Close,Filled,225.06,"adjust" 
2010-05-03T14:00:00Z,UVV,54.38,15,Market On Close,Filled,815.7,"buy" 
2010-06-01T14:00:00Z,APU,38.96,-6,Market On Close,Filled,-233.76,"adjust" 
2010-06-01T14:00:00Z,CF,65.94,-6,Market On Close,Filled,-395.64,"band" 
2010-06-01T14:00:00Z,GHM,16.03,-23,Market On Close,Filled,-368.69,"band" 
2010-06-01T14:00:00Z,GTLS,16.96,-18,Market On Close,Filled,-305.28,"band" 
2010-06-01T14:00:00Z,GWW,100.22,-2,Market On Close,Filled,-200.44,"adjust" 
2010-06-01T14:00:00Z,OFIX,31.01,-21,Market On Close,Filled,-651.21,"band" 
2010-06-01T14:00:00Z,SNX,25.77,-26,Market On Close,Filled,-670.02,"band" 
2010-06-01T14:00:00Z,TSRA,16.87,-24,Market On Close,Filled,-404.88,"band" 
2010-06-01T14:00:00Z,AAWW,49.94,9,Market On Close,Filled,449.46,"buy" 
2010-06-01T14:00:00Z,ALK,46.18,10,Market On Close,Filled,461.8,"buy" 
2010-06-01T14:00:00Z,BGFV,14.19,21,Market On Close,Filled,297.99,"adjust" 
2010-06-01T14:00:00Z,EBF,16.13,28,Market On Close,Filled,451.64,"buy" 
2010-06-01T14:00:00Z,JBSS,14.72,16,Market On Close,Filled,235.52,"adjust" 
2010-06-01T14:00:00Z,LANC,53.82,4,Market On Close,Filled,215.28,"adjust" 
2010-06-01T14:00:00Z,LINC,22.79,11,Market On Close,Filled,250.69,"adjust" 
2010-06-01T14:00:00Z,POL,9.44,43,Market On Close,Filled,405.92,"buy" 
2010-06-01T14:00:00Z,SSP,8.12,41,Market On Close,Filled,332.92,"buy" 
2010-06-01T14:00:00Z,UIS,21.45,16,Market On Close,Filled,343.2,"buy" 
2010-06-01T14:00:00Z,WMK,33.09,6,Market On Close,Filled,198.54,"adjust" 
2010-07-01T14:00:00Z,ATSG,4.93,-37,Market On Close,Filled,-182.41,"universe" 
2010-07-01T14:00:00Z,ANK,40.16,-11,Market On Close,Filled,-441.76,"band" 
2010-07-01T14:00:00Z,GCO,26.36,21,Market On Close,Filled,553.56,"buy" 
2010-07-01T14:00:00Z,WSM,23.92,20,Market On Close,Filled,478.4,"buy" 
2010-08-02T14:00:00Z,ALG,23.8,-9,Market On Close,Filled,-214.2,"adjust" 
2010-08-02T14:00:00Z,APOG,11.12,-30,Market On Close,Filled,-333.6,"band" 
2010-08-02T14:00:00Z,HA,5.89,-63,Market On Close,Filled,-371.07,"band" 
2010-08-02T14:00:00Z,HWKN,32.17,-10,Market On Close,Filled,-321.7,"adjust" 
2010-08-02T14:00:00Z,K,50,-6,Market On Close,Filled,-300,"adjust" 
2010-08-02T14:00:00Z,RBIN,23.51,-10,Market On Close,Filled,-235.1,"adjust" 
2010-08-02T14:00:00Z,BWS,14.65,32,Market On Close,Filled,468.8,"buy" 
2010-08-02T14:00:00Z,FLXS,11.45,18,Market On Close,Filled,206.1,"adjust" 
2010-08-02T14:00:00Z,SAFM,45.82,18,Market On Close,Filled,824.76,"buy" 
2010-09-01T14:00:00Z,BGFV,12.53,-39,Market On Close,Filled,-488.67,"band" 
2010-09-01T14:00:00Z,CSL,29.35,-24,Market On Close,Filled,-704.4,"band" 
2010-09-01T14:00:00Z,FIZ,14.98,-16,Market On Close,Filled,-239.68,"adjust" 
2010-09-01T14:00:00Z,FLXS,14.15,-15,Market On Close,Filled,-212.25,"adjust" 
2010-09-01T14:00:00Z,FOSL,48.8,-6,Market On Close,Filled,-292.8,"adjust" 
2010-09-01T14:00:00Z,HHS,10.42,-34,Market On Close,Filled,-354.28,"band" 
2010-09-01T14:00:00Z,KMX,20.78,-23,Market On Close,Filled,-477.94,"band" 
2010-09-01T14:00:00Z,NPK,106.79,-2,Market On Close,Filled,-213.58,"adjust" 
2010-09-01T14:00:00Z,PRFT,9.1,-45,Market On Close,Filled,-409.5,"band" 
2010-09-01T14:00:00Z,CASY,38.65,6,Market On Close,Filled,231.9,"adjust" 
2010-09-01T14:00:00Z,DPZ,13.18,41,Market On Close,Filled,540.38,"buy" 
2010-09-01T14:00:00Z,GCI,12.76,17,Market On Close,Filled,216.92,"adjust" 
2010-09-01T14:00:00Z,KLIC,5.86,53,Market On Close,Filled,310.58,"buy" 
2010-09-01T14:00:00Z,NP,15.49,29,Market On Close,Filled,449.21,"buy" 
2010-09-01T14:00:00Z,USMO,14.95,41,Market On Close,Filled,612.95,"buy" 
2010-09-01T14:00:00Z,VECO,34.37,9,Market On Close,Filled,309.33,"buy" 
2010-10-01T14:00:00Z,ARP,7.77,-50,Market On Close,Filled,-388.5,"band" 
2010-10-01T14:00:00Z,COLM,58.31,-5,Market On Close,Filled,-291.55,"adjust" 
2010-10-01T14:00:00Z,GES,40.29,-12,Market On Close,Filled,-483.48,"band" 
2010-10-01T14:00:00Z,MLR,13.59,-16,Market On Close,Filled,-217.44,"adjust" 
2010-10-01T14:00:00Z,MTRX,8.7,-47,Market On Close,Filled,-408.9,"band" 
2010-10-01T14:00:00Z,OSK,28.07,-13,Market On Close,Filled,-364.91,"band" 
2010-10-01T14:00:00Z,RS,42.19,-10,Market On Close,Filled,-421.9,"band" 
2010-10-01T14:00:00Z,SHOO,41.2,-6,Market On Close,Filled,-247.2,"adjust" 
2010-10-01T14:00:00Z,UIS,28.36,-16,Market On Close,Filled,-453.76,"band" 
2010-10-01T14:00:00Z,UVV,40.39,-15,Market On Close,Filled,-605.85,"band" 
2010-10-01T14:00:00Z,WMK,39.02,-8,Market On Close,Filled,-312.16,"adjust" 
2010-10-01T14:00:00Z,AIT,30.99,23,Market On Close,Filled,712.77,"buy" 
2010-10-01T14:00:00Z,DLTR,48.48,20,Market On Close,Filled,969.6,"buy" 
2010-10-01T14:00:00Z,MGLN,47.38,19,Market On Close,Filled,900.22,"buy" 
2010-10-01T14:00:00Z,OC,25.92,21,Market On Close,Filled,544.32,"buy" 
2010-10-01T14:00:00Z,ODC,21.79,35,Market On Close,Filled,762.65,"buy" 
2010-10-01T14:00:00Z,SAM,66.74,12,Market On Close,Filled,800.88,"buy" 
2010-10-01T14:00:00Z,USNA,40.2,15,Market On Close,Filled,603,"buy" 
2010-10-01T14:00:00Z,USPH,17.17,15,Market On Close,Filled,257.55,"adjust" 
2010-11-01T14:00:00Z,JBSS,12.96,-42,Market On Close,Filled,-544.32,"band" 
2010-11-01T14:00:00Z,MSTR,90.53,-6,Market On Close,Filled,-543.18,"band" 
2010-11-01T14:00:00Z,RBIN,37.21,-7,Market On Close,Filled,-260.47,"adjust" 
2010-11-01T14:00:00Z,SCL,67.53,-8,Market On Close,Filled,-540.24,"band" 
2010-11-01T14:00:00Z,WDC,32.62,-16,Market On Close,Filled,-521.92,"expired" 
2010-11-01T14:00:00Z,ALV,70.96,9,Market On Close,Filled,638.64,"buy" 
2010-11-01T14:00:00Z,CRUS,12.51,27,Market On Close,Filled,337.77,"buy" 
2010-11-01T14:00:00Z,EAT,18.55,31,Market On Close,Filled,575.05,"buy" 
2010-11-01T14:00:00Z,IDT,13.74,23,Market On Close,Filled,316.02,"buy" 
2010-11-01T14:00:00Z,K,50.75,4,Market On Close,Filled,203,"adjust" 
2010-11-01T14:00:00Z,LZB,7.81,29,Market On Close,Filled,226.49,"adjust" 
2010-12-01T15:00:00Z,DECK,79.94,-3,Market On Close,Filled,-239.82,"adjust" 
2010-12-01T15:00:00Z,GPS,21.56,-33,Market On Close,Filled,-711.48,"band" 
2010-12-01T15:00:00Z,HWKN,43.45,-5,Market On Close,Filled,-217.25,"adjust" 
2010-12-01T15:00:00Z,LULU,54.2,-4,Market On Close,Filled,-216.8,"adjust" 
2010-12-01T15:00:00Z,LZB,7.98,-49,Market On Close,Filled,-391.02,"band" 
2010-12-01T15:00:00Z,MED,25.46,-15,Market On Close,Filled,-381.9,"band" 
2010-12-01T15:00:00Z,POWL,36.17,-18,Market On Close,Filled,-651.06,"band" 
2010-12-01T15:00:00Z,SAM,82.29,-3,Market On Close,Filled,-246.87,"adjust" 
2010-12-01T15:00:00Z,CLW,81.34,3,Market On Close,Filled,244.02,"adjust" 
2010-12-01T15:00:00Z,FIZ,13.33,16,Market On Close,Filled,213.28,"adjust" 
2010-12-01T15:00:00Z,MKSI,21.48,29,Market On Close,Filled,622.92,"buy" 
2010-12-01T15:00:00Z,OTL,21.8,27,Market On Close,Filled,588.6,"buy" 
2010-12-01T15:00:00Z,SGU,5.38,174,Market On Close,Filled,936.12,"buy" 
2010-12-01T15:00:00Z,VSH,14.97,35,Market On Close,Filled,523.95,"buy" 
2011-01-03T15:00:00Z,DGIT,29.59,-13,Market On Close,Filled,-384.67,"universe" 
2011-01-03T15:00:00Z,GCI,15.42,-37,Market On Close,Filled,-570.54,"band" 
2011-01-03T15:00:00Z,GCO,37.41,-6,Market On Close,Filled,-224.46,"adjust" 
2011-01-03T15:00:00Z,IDT,26.62,-12,Market On Close,Filled,-319.44,"adjust" 
2011-01-03T15:00:00Z,KIRK,14.06,-28,Market On Close,Filled,-393.68,"band" 
2011-01-03T15:00:00Z,LULU,71.58,-3,Market On Close,Filled,-214.74,"adjust" 
2011-01-03T15:00:00Z,MVO,39.95,-10,Market On Close,Filled,-399.5,"adjust" 
2011-01-03T15:00:00Z,JAKK,18.8,41,Market On Close,Filled,770.8,"buy" 
2011-01-03T15:00:00Z,K,50.88,4,Market On Close,Filled,203.52,"adjust" 
2011-01-03T15:00:00Z,RGR,15.09,47,Market On Close,Filled,709.23,"buy" 
2011-01-03T15:00:00Z,SKX,20.57,10,Market On Close,Filled,205.7,"adjust" 
2011-01-03T15:00:00Z,FL,19.75,33,Market On Close,Filled,651.75,"buy" 
2011-02-01T15:00:00Z,ASH,59.33,-9,Market On Close,Filled,-533.97,"band" 
2011-02-01T15:00:00Z,BWS,13.29,-32,Market On Close,Filled,-425.28,"band" 
2011-02-01T15:00:00Z,CRUS,21.33,-10,Market On Close,Filled,-213.3,"adjust" 
2011-02-01T15:00:00Z,DDS,39.96,-7,Market On Close,Filled,-279.72,"adjust" 
2011-02-01T15:00:00Z,GLT,12.25,-38,Market On Close,Filled,-465.5,"band" 
2011-02-01T15:00:00Z,GWW,132.32,-2,Market On Close,Filled,-264.64,"adjust" 
2011-02-01T15:00:00Z,LANC,56.29,-21,Market On Close,Filled,-1182.09,"band" 
2011-02-01T15:00:00Z,MKSI,29.51,-9,Market On Close,Filled,-265.59,"adjust" 
2011-02-01T15:00:00Z,NSIT,14.65,-34,Market On Close,Filled,-498.1,"band" 
2011-02-01T15:00:00Z,SGU,5.48,-174,Market On Close,Filled,-953.52,"expired" 
2011-02-01T15:00:00Z,TESS,12.44,-31,Market On Close,Filled,-385.64,"universe" 
2011-02-01T15:00:00Z,TSCO,51.68,-8,Market On Close,Filled,-413.44,"adjust" 
2011-02-01T15:00:00Z,UNF,56.52,-17,Market On Close,Filled,-960.84,"band" 
2011-02-01T15:00:00Z,ACTG,25.62,16,Market On Close,Filled,409.92,"buy" 
2011-02-01T15:00:00Z,APU,50.7,5,Market On Close,Filled,253.5,"adjust" 
2011-02-01T15:00:00Z,DISCA,39,6,Market On Close,Filled,234,"adjust" 
2011-02-01T15:00:00Z,HIBB,33.29,18,Market On Close,Filled,599.22,"buy" 
2011-02-01T15:00:00Z,IPAR,17.86,13,Market On Close,Filled,232.18,"adjust" 
2011-02-01T15:00:00Z,LRCX,52.23,13,Market On Close,Filled,678.99,"buy" 
2011-02-01T15:00:00Z,MED,24.44,22,Market On Close,Filled,537.68,"buy" 
2011-02-01T15:00:00Z,PLPC,64.38,8,Market On Close,Filled,515.04,"buy" 
2011-02-01T15:00:00Z,STMP,13.03,46,Market On Close,Filled,599.38,"buy" 
2011-02-01T15:00:00Z,TER,16.98,30,Market On Close,Filled,509.4,"buy" 
2011-03-01T15:00:00Z,AAWW,67.43,-9,Market On Close,Filled,-606.87,"band" 
2011-03-01T15:00:00Z,AMED,35.37,-8,Market On Close,Filled,-282.96,"expired" 
2011-03-01T15:00:00Z,CRMT,24.26,-26,Market On Close,Filled,-630.76,"band" 
2011-03-01T15:00:00Z,DSW,39.6,-5,Market On Close,Filled,-198,"adjust" 
2011-03-01T15:00:00Z,FLXS,14.82,-31,Market On Close,Filled,-459.42,"universe" 
2011-03-01T15:00:00Z,NPK,125.75,-6,Market On Close,Filled,-754.5,"band" 
2011-03-01T15:00:00Z,SAFM,41.36,-18,Market On Close,Filled,-744.48,"band" 
2011-03-01T15:00:00Z,CTR,23.93,9,Market On Close,Filled,215.37,"adjust" 
2011-03-01T15:00:00Z,CASY,40.34,8,Market On Close,Filled,322.72,"adjust" 
2011-03-01T15:00:00Z,CGNX,26.88,19,Market On Close,Filled,510.72,"buy" 
2011-03-01T15:00:00Z,CROX,17.21,29,Market On Close,Filled,499.09,"buy" 
2011-03-01T15:00:00Z,EBF,15.54,13,Market On Close,Filled,202.02,"adjust" 
2011-03-01T15:00:00Z,ENTG,8.51,47,Market On Close,Filled,399.97,"buy" 
2011-03-01T15:00:00Z,NEU,124,2,Market On Close,Filled,248,"adjust" 
2011-03-01T15:00:00Z,GME,19.72,41,Market On Close,Filled,808.52,"buy" 
2011-03-01T15:00:00Z,MRCY,19.42,29,Market On Close,Filled,563.18,"buy" 
2011-03-01T15:00:00Z,SSP,9.45,21,Market On Close,Filled,198.45,"adjust" 
2011-03-01T15:00:00Z,VLGEA,30.29,26,Market On Close,Filled,787.54,"buy" 
2011-03-01T15:00:00Z,WMK,39.72,8,Market On Close,Filled,317.76,"adjust" 
2011-04-01T14:00:00Z,SNS,408.81,-1,Market On Close,Filled,-408.81,"band" 
2011-04-01T14:00:00Z,NEU,160.06,-2,Market On Close,Filled,-320.12,"adjust" 
2011-04-01T14:00:00Z,FOSL,93.61,-4,Market On Close,Filled,-374.44,"adjust" 
2011-04-01T14:00:00Z,GME,22.92,-41,Market On Close,Filled,-939.72,"expired" 
2011-04-01T14:00:00Z,MED,17.98,-22,Market On Close,Filled,-395.56,"band" 
2011-04-01T14:00:00Z,ODC,21.38,-35,Market On Close,Filled,-748.3,"band" 
2011-04-01T14:00:00Z,OTL,31.01,-10,Market On Close,Filled,-310.1,"adjust" 
2011-04-01T14:00:00Z,RGR,23.09,-15,Market On Close,Filled,-346.35,"adjust" 
2011-04-01T14:00:00Z,SKX,20.22,-22,Market On Close,Filled,-444.84,"band" 
2011-04-01T14:00:00Z,WSM,41.04,-5,Market On Close,Filled,-205.2,"adjust" 
2011-04-01T14:00:00Z,BRKS,14.31,34,Market On Close,Filled,486.54,"buy" 
2011-04-01T14:00:00Z,DXPE,24,24,Market On Close,Filled,576,"buy" 
2011-04-01T14:00:00Z,LSCC,5.94,85,Market On Close,Filled,504.9,"buy" 
2011-04-01T14:00:00Z,NUS,28.7,8,Market On Close,Filled,229.6,"adjust" 
2011-04-01T14:00:00Z,KAI,26.72,18,Market On Close,Filled,480.96,"buy" 
2011-04-01T14:00:00Z,TXN,34.23,32,Market On Close,Filled,1095.36,"buy" 
2011-04-01T14:00:00Z,USNA,34.72,7,Market On Close,Filled,243.04,"adjust" 
2011-05-02T14:00:00Z,ACTG,39.99,-7,Market On Close,Filled,-279.93,"adjust" 
2011-05-02T14:00:00Z,CASY,38.45,-28,Market On Close,Filled,-1076.6,"band" 
2011-05-02T14:00:00Z,COLM,66.97,-12,Market On Close,Filled,-803.64,"band" 
2011-05-02T14:00:00Z,DISCA,44.65,-25,Market On Close,Filled,-1116.25,"band" 
2011-05-02T14:00:00Z,DPZ,18.56,-41,Market On Close,Filled,-760.96,"expired" 
2011-05-02T14:00:00Z,EBF,18.5,-41,Market On Close,Filled,-758.5,"band" 
2011-05-02T14:00:00Z,NEU,186.58,-4,Market On Close,Filled,-746.32,"expired" 
2011-05-02T14:00:00Z,IPAR,18.94,-38,Market On Close,Filled,-719.72,"band" 
2011-05-02T14:00:00Z,MGLN,51.79,-19,Market On Close,Filled,-984.01,"expired" 
2011-05-02T14:00:00Z,NUS,32.58,-29,Market On Close,Filled,-944.82,"band" 
2011-05-02T14:00:00Z,OC,37.65,-21,Market On Close,Filled,-790.65,"band" 
2011-05-02T14:00:00Z,USMO,15.02,-41,Market On Close,Filled,-615.82,"expired" 
2011-05-02T14:00:00Z,VECO,51.57,-9,Market On Close,Filled,-464.13,"expired" 
2011-05-02T14:00:00Z,ARLP,80.58,10,Market On Close,Filled,805.8,"buy" 
2011-05-02T14:00:00Z,CCF,16.84,36,Market On Close,Filled,606.24,"buy" 
2011-05-02T14:00:00Z,CLW,78.25,3,Market On Close,Filled,234.75,"adjust" 
2011-05-02T14:00:00Z,CORE,33.84,6,Market On Close,Filled,203.04,"adjust" 
2011-05-02T14:00:00Z,CUB,53.55,17,Market On Close,Filled,910.35,"buy" 
2011-05-02T14:00:00Z,EBS,23.7,34,Market On Close,Filled,805.8,"buy" 
2011-05-02T14:00:00Z,K,57.27,4,Market On Close,Filled,229.08,"adjust" 
2011-05-02T14:00:00Z,MERC,12.1,37,Market On Close,Filled,447.7,"buy" 
2011-05-02T14:00:00Z,MXIM,27.18,32,Market On Close,Filled,869.76,"buy" 
2011-05-02T14:00:00Z,OXM,33.38,10,Market On Close,Filled,333.8,"buy" 
2011-05-02T14:00:00Z,RAVN,52.89,13,Market On Close,Filled,687.57,"buy" 
2011-05-02T14:00:00Z,SATS,34.99,21,Market On Close,Filled,734.79,"buy" 
2011-05-02T14:00:00Z,SGU,5.95,183,Market On Close,Filled,1088.85,"buy" 
2011-05-02T14:00:00Z,TMI,23.63,26,Market On Close,Filled,614.38,"buy" 
2011-05-02T14:00:00Z,UNH,49.88,19,Market On Close,Filled,947.72,"buy" 
2011-05-02T14:00:00Z,VLGEA,27.15,8,Market On Close,Filled,217.2,"adjust" 
2011-06-01T14:00:00Z,CLW,67.69,-11,Market On Close,Filled,-744.59,"band" 
2011-06-01T14:00:00Z,CORE,34.83,-34,Market On Close,Filled,-1184.22,"band" 
2011-06-01T14:00:00Z,DLTR,62.67,-4,Market On Close,Filled,-250.68,"adjust" 
2011-06-01T14:00:00Z,EBS,23.98,-10,Market On Close,Filled,-239.8,"adjust" 
2011-06-01T14:00:00Z,MLR,17.04,-36,Market On Close,Filled,-613.44,"band" 
2011-06-01T14:00:00Z,NP,22.03,-29,Market On Close,Filled,-638.87,"band" 
2011-06-01T14:00:00Z,USPH,24.02,-11,Market On Close,Filled,-264.22,"adjust" 
2011-06-01T14:00:00Z,ALG,25.09,8,Market On Close,Filled,200.72,"adjust" 
2011-06-01T14:00:00Z,APU,44.76,5,Market On Close,Filled,223.8,"adjust" 
2011-06-01T14:00:00Z,GWW,144.8,2,Market On Close,Filled,289.6,"adjust" 
2011-06-01T14:00:00Z,LFUS,59.02,15,Market On Close,Filled,885.3,"buy" 
2011-06-01T14:00:00Z,LHCG,26.46,9,Market On Close,Filled,238.14,"adjust" 
2011-06-01T14:00:00Z,MRO,52.65,15,Market On Close,Filled,789.75,"buy" 
2011-06-01T14:00:00Z,SCVL,26.46,8,Market On Close,Filled,211.68,"adjust" 
2011-06-01T14:00:00Z,SMP,14.36,36,Market On Close,Filled,516.96,"buy" 
2011-06-01T14:00:00Z,SSP,8.15,27,Market On Close,Filled,220.05,"adjust" 
2011-06-01T14:00:00Z,WLK,54.71,10,Market On Close,Filled,547.1,"buy" 
2011-07-01T14:00:00Z,APU,45.73,-36,Market On Close,Filled,-1646.28,"band" 
2011-07-01T14:00:00Z,CTR,29.34,-9,Market On Close,Filled,-264.06,"adjust" 
2011-07-01T14:00:00Z,FIZ,14.63,-61,Market On Close,Filled,-892.43,"band" 
2011-07-01T14:00:00Z,GCO,52.83,-4,Market On Close,Filled,-211.32,"adjust" 
2011-07-01T14:00:00Z,SAM,90.21,-9,Market On Close,Filled,-811.89,"band" 
2011-07-01T14:00:00Z,VLGEA,27.7,-34,Market On Close,Filled,-941.8,"band" 
2011-07-01T14:00:00Z,AIT,36.29,6,Market On Close,Filled,217.74,"adjust" 
2011-07-01T14:00:00Z,DPZ,25.78,34,Market On Close,Filled,876.52,"buy" 
2011-07-01T14:00:00Z,GME,26.94,35,Market On Close,Filled,942.9,"buy" 
2011-07-01T14:00:00Z,LRCX,45.3,5,Market On Close,Filled,226.5,"adjust" 
2011-07-01T14:00:00Z,MGLN,54.63,21,Market On Close,Filled,1147.23,"buy" 
2011-07-01T14:00:00Z,MSB,33.62,15,Market On Close,Filled,504.3,"buy" 
2011-07-01T14:00:00Z,SGU,5.41,48,Market On Close,Filled,259.68,"adjust" 
2011-07-01T14:00:00Z,SXI,30.63,7,Market On Close,Filled,214.41,"adjust" 
2011-07-01T14:00:00Z,VECO,48.58,11,Market On Close,Filled,534.38,"buy" 
2011-08-01T14:00:00Z,ALG,24.02,-26,Market On Close,Filled,-624.52,"band" 
2011-08-01T14:00:00Z,CROX,31.52,-14,Market On Close,Filled,-441.28,"adjust" 
2011-08-01T14:00:00Z,CRUS,15.22,-17,Market On Close,Filled,-258.74,"band" 
2011-08-01T14:00:00Z,EBS,20.52,-24,Market On Close,Filled,-492.48,"band" 
2011-08-01T14:00:00Z,FOSL,126.74,-2,Market On Close,Filled,-253.48,"adjust" 
2011-08-01T14:00:00Z,HWKN,34.73,-13,Market On Close,Filled,-451.49,"expired" 
2011-08-01T14:00:00Z,RGR,27.75,-12,Market On Close,Filled,-333,"adjust" 
2011-08-01T14:00:00Z,STMP,17.41,-19,Market On Close,Filled,-330.79,"adjust" 
2011-08-01T14:00:00Z,SXI,32.27,-23,Market On Close,Filled,-742.21,"band" 
2011-08-01T14:00:00Z,BKE,44.21,14,Market On Close,Filled,618.94,"buy" 
2011-08-01T14:00:00Z,CHS,15.23,47,Market On Close,Filled,715.81,"buy" 
2011-08-01T14:00:00Z,CNC,31.58,20,Market On Close,Filled,631.6,"buy" 
2011-08-01T14:00:00Z,IDT,24.21,9,Market On Close,Filled,217.89,"adjust" 
2011-08-01T14:00:00Z,JAKK,17.36,12,Market On Close,Filled,208.32,"adjust" 
2011-08-01T14:00:00Z,K,55.31,5,Market On Close,Filled,276.55,"adjust" 
2011-08-01T14:00:00Z,MRCY,16.55,16,Market On Close,Filled,264.8,"adjust" 
2011-08-01T14:00:00Z,MRO,30.65,10,Market On Close,Filled,306.5,"adjust" 
2011-08-01T14:00:00Z,MYGN,20.86,37,Market On Close,Filled,771.82,"buy" 
2011-08-01T14:00:00Z,TER,13.49,16,Market On Close,Filled,215.84,"adjust" 
2011-08-01T14:00:00Z,UFS,78.49,3,Market On Close,Filled,235.47,"adjust" 
2011-09-01T14:00:00Z,CCF,12.59,-36,Market On Close,Filled,-453.24,"band" 
2011-09-01T14:00:00Z,GWW,150.96,-3,Market On Close,Filled,-452.88,"adjust" 
2011-09-01T14:00:00Z,IPG,8.21,-57,Market On Close,Filled,-467.97,"band" 
2011-09-01T14:00:00Z,SSP,8.09,-24,Market On Close,Filled,-194.16,"adjust" 
2011-09-01T14:00:00Z,B,21.89,29,Market On Close,Filled,634.81,"buy" 
2011-09-01T14:00:00Z,BRKS,8.93,26,Market On Close,Filled,232.18,"adjust" 
2011-09-01T14:00:00Z,DEPO,6.08,75,Market On Close,Filled,456,"buy" 
2011-09-01T14:00:00Z,DV,42.52,13,Market On Close,Filled,552.76,"buy" 
2011-09-01T14:00:00Z,LINC,9.29,22,Market On Close,Filled,204.38,"adjust" 
2011-09-01T14:00:00Z,MKSI,22.57,13,Market On Close,Filled,293.41,"adjust" 
2011-09-01T14:00:00Z,MXIM,22.79,10,Market On Close,Filled,227.9,"adjust" 
2011-09-01T14:00:00Z,SATS,23.94,10,Market On Close,Filled,239.4,"adjust" 
2011-09-01T14:00:00Z,TXN,25.57,8,Market On Close,Filled,204.56,"adjust" 
2011-10-03T14:00:00Z,ALV,46.14,-9,Market On Close,Filled,-415.26,"band" 
2011-10-03T14:00:00Z,DLTR,73.68,-3,Market On Close,Filled,-221.04,"adjust" 
2011-10-03T14:00:00Z,GIII,21.83,-15,Market On Close,Filled,-327.45,"band" 
2011-10-03T14:00:00Z,JAKK,17.83,-53,Market On Close,Filled,-944.99,"band" 
2011-10-03T14:00:00Z,K,52.88,-4,Market On Close,Filled,-211.52,"adjust" 
2011-10-03T14:00:00Z,MSB,19.66,-15,Market On Close,Filled,-294.9,"band" 
2011-10-03T14:00:00Z,PLCE,45.8,-13,Market On Close,Filled,-595.4,"band" 
2011-10-03T14:00:00Z,SGU,4.77,-231,Market On Close,Filled,-1101.87,"universe" 
2011-10-03T14:00:00Z,CF,120.78,4,Market On Close,Filled,483.12,"buy" 
2011-10-03T14:00:00Z,CVI,19.69,22,Market On Close,Filled,433.18,"buy" 
2011-10-03T14:00:00Z,DAR,11.7,41,Market On Close,Filled,479.7,"buy" 
2011-10-03T14:00:00Z,KELYA,10.9,44,Market On Close,Filled,479.6,"buy" 
2011-10-03T14:00:00Z,KWR,24.45,8,Market On Close,Filled,195.6,"adjust" 
2011-10-03T14:00:00Z,LXU,26.1,15,Market On Close,Filled,391.5,"buy" 
2011-10-03T14:00:00Z,MERC,6.73,34,Market On Close,Filled,228.82,"adjust" 
2011-10-03T14:00:00Z,MLR,16.57,43,Market On Close,Filled,712.51,"buy" 
2011-10-03T14:00:00Z,VECO,24.01,10,Market On Close,Filled,240.1,"adjust" 
2011-10-03T14:00:00Z,VSH,8.09,31,Market On Close,Filled,250.79,"adjust" 
2011-10-03T14:00:00Z,WSM,29.22,7,Market On Close,Filled,204.54,"adjust" 
2011-11-01T14:00:00Z,DEPO,4.38,-75,Market On Close,Filled,-328.5,"universe" 
2011-11-01T14:00:00Z,DPZ,31.56,-7,Market On Close,Filled,-220.92,"adjust" 
2011-11-01T14:00:00Z,KELYA,15.32,-44,Market On Close,Filled,-674.08,"band" 
2011-11-01T14:00:00Z,KWR,32.74,-21,Market On Close,Filled,-687.54,"band" 
2011-11-01T14:00:00Z,LRCX,42.22,-18,Market On Close,Filled,-759.96,"expired" 
2011-11-01T14:00:00Z,MRCY,13.94,-45,Market On Close,Filled,-627.3,"band" 
2011-11-01T14:00:00Z,POL,10.93,-43,Market On Close,Filled,-469.99,"band" 
2011-11-01T14:00:00Z,STMP,29.48,-14,Market On Close,Filled,-412.72,"adjust" 
2011-11-01T14:00:00Z,CVX,102.08,10,Market On Close,Filled,1020.8,"buy" 
2011-11-01T14:00:00Z,CRUS,16.23,30,Market On Close,Filled,486.9,"buy" 
2011-11-01T14:00:00Z,DLTR,79.24,3,Market On Close,Filled,237.72,"adjust" 
2011-11-01T14:00:00Z,ENSG,21.77,28,Market On Close,Filled,609.56,"buy" 
2011-11-01T14:00:00Z,IDT,12,28,Market On Close,Filled,336,"adjust" 
2011-11-01T14:00:00Z,K,53.56,7,Market On Close,Filled,374.92,"adjust" 
2011-11-01T14:00:00Z,LANC,64.6,16,Market On Close,Filled,1033.6,"buy" 
2011-11-01T14:00:00Z,SPPI,10.91,49,Market On Close,Filled,534.59,"buy" 
2011-11-01T14:00:00Z,PZZA,33.02,33,Market On Close,Filled,1089.66,"buy" 
2011-12-01T15:00:00Z,AIT,34.3,-6,Market On Close,Filled,-205.8,"adjust" 
2011-12-01T15:00:00Z,K,48.98,-5,Market On Close,Filled,-244.9,"adjust" 
2011-12-01T15:00:00Z,LHCG,13.93,-28,Market On Close,Filled,-390.04,"band" 
2011-12-01T15:00:00Z,MKSI,26.35,-8,Market On Close,Filled,-210.8,"adjust" 
2011-12-01T15:00:00Z,PZZA,37.92,-7,Market On Close,Filled,-265.44,"adjust" 
2011-12-01T15:00:00Z,RAVN,58.53,-4,Market On Close,Filled,-234.12,"adjust" 
2011-12-01T15:00:00Z,SMP,19.02,-12,Market On Close,Filled,-228.24,"adjust" 
2011-12-01T15:00:00Z,SSP,8.35,-65,Market On Close,Filled,-542.75,"band" 
2011-12-01T15:00:00Z,TXN,30.2,-40,Market On Close,Filled,-1208,"band" 
2011-12-01T15:00:00Z,VECO,25.14,-21,Market On Close,Filled,-527.94,"band" 
2011-12-01T15:00:00Z,VSH,9.7,-66,Market On Close,Filled,-640.2,"band" 
2011-12-01T15:00:00Z,ARLP,72.69,3,Market On Close,Filled,218.07,"adjust" 
2011-12-01T15:00:00Z,CHS,10.33,21,Market On Close,Filled,216.93,"adjust" 
2011-12-01T15:00:00Z,HOC,23.43,23,Market On Close,Filled,538.89,"buy" 
2011-12-01T15:00:00Z,KLAC,47.23,18,Market On Close,Filled,850.14,"buy" 
2011-12-01T15:00:00Z,LZB,11.59,51,Market On Close,Filled,591.09,"buy" 
2011-12-01T15:00:00Z,NSIT,15.03,37,Market On Close,Filled,556.11,"buy" 
2011-12-01T15:00:00Z,OXM,36.73,6,Market On Close,Filled,220.38,"adjust" 
2011-12-01T15:00:00Z,TDY,54.88,13,Market On Close,Filled,713.44,"buy" 
2012-01-03T15:00:00Z,IDT,9.55,-48,Market On Close,Filled,-458.4,"band" 
2012-01-03T15:00:00Z,MERC,6.49,-71,Market On Close,Filled,-460.79,"band" 
2012-01-03T15:00:00Z,SATS,21.81,-31,Market On Close,Filled,-676.11,"band" 
2012-01-03T15:00:00Z,KAI,22.55,-18,Market On Close,Filled,-405.9,"band" 
2012-01-03T15:00:00Z,TMI,29.9,-7,Market On Close,Filled,-209.3,"adjust" 
2012-01-03T15:00:00Z,CRMT,38.79,18,Market On Close,Filled,698.22,"buy" 
2012-01-03T15:00:00Z,NEU,201.06,3,Market On Close,Filled,603.18,"buy" 
2012-01-03T15:00:00Z,INTC,24.54,43,Market On Close,Filled,1055.22,"buy" 
2012-01-03T15:00:00Z,NUS,48.52,17,Market On Close,Filled,824.84,"buy" 
2012-02-01T15:00:00Z,CRUS,20.68,-30,Market On Close,Filled,-620.4,"band" 
2012-02-01T15:00:00Z,TSCO,81.77,-3,Market On Close,Filled,-245.31,"adjust" 
2012-02-01T15:00:00Z,WMK,42.86,-5,Market On Close,Filled,-214.3,"adjust" 
2012-02-01T15:00:00Z,UACL,17.85,29,Market On Close,Filled,517.65,"buy" 
2012-03-01T15:00:00Z,CHS,15.29,-68,Market On Close,Filled,-1039.72,"band" 
2012-03-01T15:00:00Z,CUB,47.5,-17,Market On Close,Filled,-807.5,"band" 
2012-03-01T15:00:00Z,DECK,78.59,-6,Market On Close,Filled,-471.54,"band" 
2012-03-01T15:00:00Z,DPZ,38.4,-8,Market On Close,Filled,-307.2,"adjust" 
2012-03-01T15:00:00Z,DXPE,39.3,-6,Market On Close,Filled,-235.8,"adjust" 
2012-03-01T15:00:00Z,ENSG,27.44,-28,Market On Close,Filled,-768.32,"band" 
2012-03-01T15:00:00Z,GWW,207.82,-1,Market On Close,Filled,-207.82,"adjust" 
2012-03-01T15:00:00Z,LULU,70.86,-3,Market On Close,Filled,-212.58,"adjust" 
2012-03-01T15:00:00Z,NSIT,20.97,-11,Market On Close,Filled,-230.67,"adjust" 
2012-03-01T15:00:00Z,RGR,41.93,-6,Market On Close,Filled,-251.58,"adjust" 
2012-03-01T15:00:00Z,BBSI,17.19,37,Market On Close,Filled,636.03,"buy" 
2012-03-01T15:00:00Z,BKE,48.01,5,Market On Close,Filled,240.05,"adjust" 
2012-03-01T15:00:00Z,CALM,39.48,33,Market On Close,Filled,1302.84,"buy" 
2012-03-01T15:00:00Z,DV,35.59,7,Market On Close,Filled,249.13,"adjust" 
2012-03-01T15:00:00Z,ENTG,9.17,27,Market On Close,Filled,247.59,"adjust" 
2012-03-01T15:00:00Z,ICFI,24.88,27,Market On Close,Filled,671.76,"buy" 
2012-03-01T15:00:00Z,SPTN,17.95,46,Market On Close,Filled,825.7,"buy" 
2012-04-02T14:00:00Z,ACTG,42.1,-9,Market On Close,Filled,-378.9,"band" 
2012-04-02T14:00:00Z,B,26.96,-29,Market On Close,Filled,-781.84,"universe" 
2012-04-02T14:00:00Z,CNC,49.44,-5,Market On Close,Filled,-247.2,"adjust" 
2012-04-02T14:00:00Z,LINC,7.91,-51,Market On Close,Filled,-403.41,"band" 
2012-04-02T14:00:00Z,SCVL,32.56,-9,Market On Close,Filled,-293.04,"adjust" 
2012-04-02T14:00:00Z,CMTL,33.85,35,Market On Close,Filled,1184.75,"buy" 
2012-04-02T14:00:00Z,EXPE,33.33,26,Market On Close,Filled,866.58,"buy" 
2012-04-02T14:00:00Z,MOV,25.84,23,Market On Close,Filled,594.32,"buy" 
2012-04-02T14:00:00Z,OTL,31.8,7,Market On Close,Filled,222.6,"adjust" 
2012-05-01T14:00:00Z,ARLP,63.75,-13,Market On Close,Filled,-828.75,"band" 
2012-05-01T14:00:00Z,CGNX,41.2,-19,Market On Close,Filled,-782.8,"expired" 
2012-05-01T14:00:00Z,CROX,20.13,-15,Market On Close,Filled,-301.95,"expired" 
2012-05-01T14:00:00Z,DLTR,102.05,-2,Market On Close,Filled,-204.1,"adjust" 
2012-05-01T14:00:00Z,DPZ,34.3,-19,Market On Close,Filled,-651.7,"expired" 
2012-05-01T14:00:00Z,DXPE,44.76,-18,Market On Close,Filled,-805.68,"expired" 
2012-05-01T14:00:00Z,EXPE,41.64,-13,Market On Close,Filled,-541.32,"adjust" 
2012-05-01T14:00:00Z,NEU,219.91,-1,Market On Close,Filled,-219.91,"adjust" 
2012-05-01T14:00:00Z,K,50,-4,Market On Close,Filled,-200,"adjust" 
2012-05-01T14:00:00Z,MXIM,29,-7,Market On Close,Filled,-203,"adjust" 
2012-05-01T14:00:00Z,OTL,29.94,-24,Market On Close,Filled,-718.56,"band" 
2012-05-01T14:00:00Z,PZZA,39.49,-26,Market On Close,Filled,-1026.74,"expired" 
2012-05-01T14:00:00Z,RBIN,48.6,-12,Market On Close,Filled,-583.2,"expired" 
2012-05-01T14:00:00Z,RGR,55.14,-4,Market On Close,Filled,-220.56,"adjust" 
2012-05-01T14:00:00Z,USNA,37.78,-5,Market On Close,Filled,-188.9,"adjust" 
2012-05-01T14:00:00Z,WLK,61.93,-10,Market On Close,Filled,-619.3,"band" 
2012-05-01T14:00:00Z,WSM,38.85,-22,Market On Close,Filled,-854.7,"band" 
2012-05-01T14:00:00Z,AAPL,582.13,1,Market On Close,Filled,582.13,"buy" 
2012-05-01T14:00:00Z,ALK,33.6,7,Market On Close,Filled,235.2,"adjust" 
2012-05-01T14:00:00Z,CRUS,26.86,17,Market On Close,Filled,456.62,"buy" 
2012-05-01T14:00:00Z,DISH,31.98,26,Market On Close,Filled,831.48,"buy" 
2012-05-01T14:00:00Z,EGY,9.38,50,Market On Close,Filled,469,"buy" 
2012-05-01T14:00:00Z,MSFT,32.01,41,Market On Close,Filled,1312.41,"buy" 
2012-05-01T14:00:00Z,MVO,41,5,Market On Close,Filled,205,"adjust" 
2012-05-01T14:00:00Z,RCII,34.51,25,Market On Close,Filled,862.75,"buy" 
2012-05-01T14:00:00Z,RSC,27.16,29,Market On Close,Filled,787.64,"buy" 
2012-05-01T14:00:00Z,SCHL,29.47,24,Market On Close,Filled,707.28,"buy" 
2012-05-01T14:00:00Z,SYNA,30.99,26,Market On Close,Filled,805.74,"buy" 
2012-05-01T14:00:00Z,VLGEA,27.14,26,Market On Close,Filled,705.64,"buy" 
2012-06-01T14:00:00Z,DLTR,99.94,-3,Market On Close,Filled,-299.82,"adjust" 
2012-06-01T14:00:00Z,DSW,57.26,-12,Market On Close,Filled,-687.12,"expired" 
2012-06-01T14:00:00Z,DV,27.01,-20,Market On Close,Filled,-540.2,"band" 
2012-06-01T14:00:00Z,EAT,30.86,-7,Market On Close,Filled,-216.02,"adjust" 
2012-06-01T14:00:00Z,LSCC,4.29,-85,Market On Close,Filled,-364.65,"universe" 
2012-06-01T14:00:00Z,LULU,69.3,-9,Market On Close,Filled,-623.7,"expired" 
2012-06-01T14:00:00Z,LXU,27.03,-15,Market On Close,Filled,-405.45,"band" 
2012-06-01T14:00:00Z,MOV,26.18,-23,Market On Close,Filled,-602.14,"expired" 
2012-06-01T14:00:00Z,MRO,23.89,-25,Market On Close,Filled,-597.25,"band" 
2012-06-01T14:00:00Z,NUS,41.44,-5,Market On Close,Filled,-207.2,"adjust" 
2012-06-01T14:00:00Z,PLPC,53.05,-8,Market On Close,Filled,-424.4,"band" 
2012-06-01T14:00:00Z,RAVN,65.27,-9,Market On Close,Filled,-587.43,"expired" 
2012-06-01T14:00:00Z,RSC,17.76,-29,Market On Close,Filled,-515.04,"expired" 
2012-06-01T14:00:00Z,TSCO,89.59,-3,Market On Close,Filled,-268.77,"adjust" 
2012-06-01T14:00:00Z,FL,30.38,-8,Market On Close,Filled,-243.04,"adjust" 
2012-06-01T14:00:00Z,AAP,71.14,9,Market On Close,Filled,640.26,"buy" 
2012-06-01T14:00:00Z,AEOS,18.56,30,Market On Close,Filled,556.8,"buy" 
2012-06-01T14:00:00Z,ALG,29.65,24,Market On Close,Filled,711.6,"buy" 
2012-06-01T14:00:00Z,ATRO,24.65,25,Market On Close,Filled,616.25,"buy" 
2012-06-01T14:00:00Z,DISCA,48.64,19,Market On Close,Filled,924.16,"buy" 
2012-06-01T14:00:00Z,DPZ,28.91,22,Market On Close,Filled,636.02,"buy" 
2012-06-01T14:00:00Z,GPS,25.26,31,Market On Close,Filled,783.06,"buy" 
2012-06-01T14:00:00Z,KIRK,10.55,47,Market On Close,Filled,495.85,"buy" 
2012-06-01T14:00:00Z,PETS,11.17,50,Market On Close,Filled,558.5,"buy" 
2012-06-01T14:00:00Z,RBIN,45.15,13,Market On Close,Filled,586.95,"buy" 
2012-07-02T14:00:00Z,FOSL,74.88,-5,Market On Close,Filled,-374.4,"band" 
2012-07-02T14:00:00Z,HOC,35.69,-7,Market On Close,Filled,-249.83,"adjust" 
2012-07-02T14:00:00Z,SPPI,16,-16,Market On Close,Filled,-256,"adjust" 
2012-07-02T14:00:00Z,NSIT,17.23,-26,Market On Close,Filled,-447.98,"band" 
2012-07-02T14:00:00Z,DSW,55.28,12,Market On Close,Filled,663.36,"buy" 
2012-07-02T14:00:00Z,NEU,224.33,1,Market On Close,Filled,224.33,"adjust" 
2012-07-02T14:00:00Z,MOV,25.34,20,Market On Close,Filled,506.8,"buy" 
2012-07-02T14:00:00Z,UFS,76.95,3,Market On Close,Filled,230.85,"adjust" 
2012-08-01T14:00:00Z,ATRO,29.8,-25,Market On Close,Filled,-745,"band" 
2012-08-01T14:00:00Z,BBSI,25.71,-12,Market On Close,Filled,-308.52,"adjust" 
2012-08-01T14:00:00Z,CNC,37.48,-15,Market On Close,Filled,-562.2,"band" 
2012-08-01T14:00:00Z,CRUS,35.91,-7,Market On Close,Filled,-251.37,"adjust" 
2012-08-01T14:00:00Z,EXPE,56.4,-5,Market On Close,Filled,-282,"adjust" 
2012-08-01T14:00:00Z,GWW,203.01,-2,Market On Close,Filled,-406.02,"adjust" 
2012-08-01T14:00:00Z,HIBB,59.7,-4,Market On Close,Filled,-238.8,"adjust" 
2012-08-01T14:00:00Z,MGLN,47.51,-7,Market On Close,Filled,-332.57,"adjust" 
2012-08-01T14:00:00Z,MVO,34.09,-27,Market On Close,Filled,-920.43,"band" 
2012-08-01T14:00:00Z,PETS,9.6,-50,Market On Close,Filled,-480,"expired" 
2012-08-01T14:00:00Z,SHOO,39.41,-20,Market On Close,Filled,-788.2,"band" 
2012-08-01T14:00:00Z,CORE,47.32,21,Market On Close,Filled,993.72,"buy" 
2012-08-01T14:00:00Z,GCI,14.16,55,Market On Close,Filled,778.8,"buy" 
2012-08-01T14:00:00Z,GME,16.07,16,Market On Close,Filled,257.12,"adjust" 
2012-08-01T14:00:00Z,HHS,6.17,94,Market On Close,Filled,579.98,"buy" 
2012-08-01T14:00:00Z,K,47.81,6,Market On Close,Filled,286.86,"adjust" 
2012-08-01T14:00:00Z,NC,100.02,6,Market On Close,Filled,600.12,"buy" 
2012-08-01T14:00:00Z,PZZA,51.65,15,Market On Close,Filled,774.75,"buy" 
2012-08-01T14:00:00Z,SMP,13.75,15,Market On Close,Filled,206.25,"adjust" 
2012-08-01T14:00:00Z,SPTN,16.42,12,Market On Close,Filled,197.04,"adjust" 
2012-09-04T14:00:00Z,CALM,40.36,-5,Market On Close,Filled,-201.8,"adjust" 
2012-09-04T14:00:00Z,CF,204.75,-1,Market On Close,Filled,-204.75,"adjust" 
2012-09-04T14:00:00Z,CRMT,46.02,-18,Market On Close,Filled,-828.36,"expired" 
2012-09-04T14:00:00Z,GME,20.41,-12,Market On Close,Filled,-244.92,"adjust" 
2012-09-04T14:00:00Z,GPS,35.81,-10,Market On Close,Filled,-358.1,"adjust" 
2012-09-04T14:00:00Z,HHS,7.2,-94,Market On Close,Filled,-676.8,"band" 
2012-09-04T14:00:00Z,MLR,15.51,-43,Market On Close,Filled,-666.93,"band" 
2012-09-04T14:00:00Z,MOV,36.36,-8,Market On Close,Filled,-290.88,"adjust" 
2012-09-04T14:00:00Z,OXM,54.63,-4,Market On Close,Filled,-218.52,"adjust" 
2012-09-04T14:00:00Z,SMP,17.63,-13,Market On Close,Filled,-229.19,"adjust" 
2012-09-04T14:00:00Z,CVX,111.22,2,Market On Close,Filled,222.44,"adjust" 
2012-09-04T14:00:00Z,DAR,17.01,19,Market On Close,Filled,323.19,"adjust" 
2012-09-04T14:00:00Z,ENS,39.32,19,Market On Close,Filled,747.08,"buy" 
2012-09-04T14:00:00Z,GWW,209.25,1,Market On Close,Filled,209.25,"adjust" 
2012-09-04T14:00:00Z,MKSI,27.2,8,Market On Close,Filled,217.6,"adjust" 
2012-09-04T14:00:00Z,NHC,44.88,16,Market On Close,Filled,718.08,"buy" 
2012-09-04T14:00:00Z,WDC,42.32,12,Market On Close,Filled,507.84,"buy" 
2012-10-01T14:00:00Z,BRKS,7.81,-60,Market On Close,Filled,-468.6,"band" 
2012-10-01T14:00:00Z,CALM,45.74,-28,Market On Close,Filled,-1280.72,"expired" 
2012-10-01T14:00:00Z,CMTL,27.74,-35,Market On Close,Filled,-970.9,"band" 
2012-10-01T14:00:00Z,K,51.93,-38,Market On Close,Filled,-1973.34,"band" 
2012-10-01T14:00:00Z,SCHL,32.07,-24,Market On Close,Filled,-769.68,"expired" 
2012-10-01T14:00:00Z,SPTN,15.51,-58,Market On Close,Filled,-899.58,"band" 
2012-10-01T14:00:00Z,STMP,23.26,-13,Market On Close,Filled,-302.38,"band" 
2012-10-01T14:00:00Z,UFS,77.25,-12,Market On Close,Filled,-927,"band" 
2012-10-01T14:00:00Z,AAP,68,4,Market On Close,Filled,272,"adjust" 
2012-10-01T14:00:00Z,CHS,18.02,46,Market On Close,Filled,828.92,"buy" 
2012-10-01T14:00:00Z,CTB,19.5,34,Market On Close,Filled,663,"buy" 
2012-10-01T14:00:00Z,DK,25.98,23,Market On Close,Filled,597.54,"buy" 
2012-10-01T14:00:00Z,ENTG,8.35,27,Market On Close,Filled,225.45,"adjust" 
2012-10-01T14:00:00Z,FTK,12.9,39,Market On Close,Filled,503.1,"buy" 
2012-10-01T14:00:00Z,ICFI,20.25,14,Market On Close,Filled,283.5,"adjust" 
2012-10-01T14:00:00Z,KWR,46.8,14,Market On Close,Filled,655.2,"buy" 
2012-10-01T14:00:00Z,LANC,72.67,4,Market On Close,Filled,290.68,"adjust" 
2012-10-01T14:00:00Z,SAIA,20.67,28,Market On Close,Filled,578.76,"buy" 
2012-10-01T14:00:00Z,TDY,64,6,Market On Close,Filled,384,"adjust" 
2012-10-01T14:00:00Z,VDSI,9.35,52,Market On Close,Filled,486.2,"buy" 
2012-10-01T14:00:00Z,WCC,57.72,13,Market On Close,Filled,750.36,"buy" 
2012-10-01T14:00:00Z,WMK,42.28,6,Market On Close,Filled,253.68,"adjust" 
2012-11-01T14:00:00Z,AAP,81,-13,Market On Close,Filled,-1053,"band" 
2012-11-01T14:00:00Z,ALK,39,-27,Market On Close,Filled,-1053,"band" 
2012-11-01T14:00:00Z,AIT,40.94,-23,Market On Close,Filled,-941.62,"expired" 
2012-11-01T14:00:00Z,NEU,277.43,-1,Market On Close,Filled,-277.43,"adjust" 
2012-11-01T14:00:00Z,MYGN,26.86,-37,Market On Close,Filled,-993.82,"expired" 
2012-11-01T14:00:00Z,NUS,48.94,-12,Market On Close,Filled,-587.28,"band" 
2012-11-01T14:00:00Z,SYNA,23.65,-26,Market On Close,Filled,-614.9,"band" 
2012-11-01T14:00:00Z,CALM,43.74,26,Market On Close,Filled,1137.24,"buy" 
2012-11-01T14:00:00Z,CF,210.88,1,Market On Close,Filled,210.88,"adjust" 
2012-11-01T14:00:00Z,CRMT,42.52,19,Market On Close,Filled,807.88,"buy" 
2012-11-01T14:00:00Z,EGHT,6.52,85,Market On Close,Filled,554.2,"buy" 
2012-11-01T14:00:00Z,GCO,56.96,4,Market On Close,Filled,227.84,"adjust" 
2012-11-01T14:00:00Z,HIBB,54.69,4,Market On Close,Filled,218.76,"adjust" 
2012-11-01T14:00:00Z,ICUI,59.54,22,Market On Close,Filled,1309.88,"buy" 
2012-11-01T14:00:00Z,LFUS,53.69,4,Market On Close,Filled,214.76,"adjust" 
2012-11-01T14:00:00Z,MED,26.18,24,Market On Close,Filled,628.32,"buy" 
2012-11-01T14:00:00Z,PLUS,36.84,22,Market On Close,Filled,810.48,"buy" 
2012-11-01T14:00:00Z,NC,52,6,Market On Close,Filled,312,"adjust" 
2012-11-01T14:00:00Z,RCII,34.73,7,Market On Close,Filled,243.11,"adjust" 
2012-11-01T14:00:00Z,FL,34.36,6,Market On Close,Filled,206.16,"adjust" 
2012-12-03T15:00:00Z,CTB,24.96,-9,Market On Close,Filled,-224.64,"adjust" 
2012-12-03T15:00:00Z,CVI,45.83,-5,Market On Close,Filled,-229.15,"adjust" 
2012-12-03T15:00:00Z,DLTR,41.34,-22,Market On Close,Filled,-909.48,"band" 
2012-12-03T15:00:00Z,GME,25.83,-11,Market On Close,Filled,-284.13,"adjust" 
2012-12-03T15:00:00Z,ICFI,21.62,-41,Market On Close,Filled,-886.42,"band" 
2012-12-03T15:00:00Z,LANC,76.87,-20,Market On Close,Filled,-1537.4,"band" 
2012-12-03T15:00:00Z,MKSI,24.02,-33,Market On Close,Filled,-792.66,"band" 
2012-12-03T15:00:00Z,SPPI,11.74,-33,Market On Close,Filled,-387.42,"band" 
2012-12-03T15:00:00Z,EAT,29.86,7,Market On Close,Filled,209.02,"adjust" 
2012-12-03T15:00:00Z,GIII,37.56,17,Market On Close,Filled,638.52,"buy" 
2012-12-03T15:00:00Z,GPS,34.51,7,Market On Close,Filled,241.57,"adjust" 
2012-12-03T15:00:00Z,INTC,19.55,15,Market On Close,Filled,293.25,"adjust" 
2012-12-03T15:00:00Z,KIRK,9.25,27,Market On Close,Filled,249.75,"adjust" 
2012-12-03T15:00:00Z,LHCG,19.48,44,Market On Close,Filled,857.12,"buy" 
2012-12-03T15:00:00Z,NHC,44.74,5,Market On Close,Filled,223.7,"adjust" 
2012-12-03T15:00:00Z,PETS,11.55,61,Market On Close,Filled,704.55,"buy" 
2012-12-03T15:00:00Z,SCHL,28.57,23,Market On Close,Filled,657.11,"buy" 
2012-12-03T15:00:00Z,THO,36.74,16,Market On Close,Filled,587.84,"buy" 
2012-12-03T15:00:00Z,UACL,15.43,13,Market On Close,Filled,200.59,"adjust" 
2012-12-03T15:00:00Z,WDC,33.43,7,Market On Close,Filled,234.01,"adjust" 
2012-12-03T15:00:00Z,WMK,38.52,9,Market On Close,Filled,346.68,"adjust" 
2013-01-02T15:00:00Z,CRMT,40.98,-19,Market On Close,Filled,-778.62,"band" 
2013-01-02T15:00:00Z,DISH,37.01,-26,Market On Close,Filled,-962.26,"band" 
2013-01-02T15:00:00Z,EAT,31.97,-31,Market On Close,Filled,-991.07,"band" 
2013-01-02T15:00:00Z,GWW,207.73,-4,Market On Close,Filled,-830.92,"band" 
2013-01-02T15:00:00Z,INTC,21.38,-58,Market On Close,Filled,-1240.04,"band" 
2013-01-02T15:00:00Z,KIRK,10.96,-74,Market On Close,Filled,-811.04,"band" 
2013-01-02T15:00:00Z,KLAC,49.57,-18,Market On Close,Filled,-892.26,"band" 
2013-01-02T15:00:00Z,TDY,66.66,-19,Market On Close,Filled,-1266.54,"band" 
2013-01-02T15:00:00Z,UACL,18.43,-42,Market On Close,Filled,-774.06,"band" 
2013-01-02T15:00:00Z,AEOS,20.08,11,Market On Close,Filled,220.88,"adjust" 
2013-01-02T15:00:00Z,BWS,18.42,36,Market On Close,Filled,663.12,"buy" 
2013-01-02T15:00:00Z,CHE,70.8,17,Market On Close,Filled,1203.6,"buy" 
2013-01-02T15:00:00Z,CVX,110.39,2,Market On Close,Filled,220.78,"adjust" 
2013-01-02T15:00:00Z,ENS,38.77,6,Market On Close,Filled,232.62,"adjust" 
2013-01-02T15:00:00Z,NEU,272.27,1,Market On Close,Filled,272.27,"adjust" 
2013-01-02T15:00:00Z,HVT,16.68,46,Market On Close,Filled,767.28,"buy" 
2013-01-02T15:00:00Z,HUN,16.25,48,Market On Close,Filled,780,"buy" 
2013-01-02T15:00:00Z,IPAR,19.89,46,Market On Close,Filled,914.94,"buy" 
2013-01-02T15:00:00Z,LNDC,9.82,87,Market On Close,Filled,854.34,"buy" 
2013-01-02T15:00:00Z,LOPE,23.53,28,Market On Close,Filled,658.84,"buy" 
2013-01-02T15:00:00Z,MSFT,27.66,9,Market On Close,Filled,248.94,"adjust" 
2013-01-02T15:00:00Z,MYGN,27.68,31,Market On Close,Filled,858.08,"buy" 
2013-01-02T15:00:00Z,SCVL,20.43,10,Market On Close,Filled,204.3,"adjust" 
2013-01-02T15:00:00Z,UNH,54.54,5,Market On Close,Filled,272.7,"adjust" 
2013-01-02T15:00:00Z,VECO,31.17,20,Market On Close,Filled,623.4,"buy" 
2013-02-01T15:00:00Z,CVI,53.58,-4,Market On Close,Filled,-214.32,"adjust" 
2013-02-01T15:00:00Z,FTK,14.03,-39,Market On Close,Filled,-547.17,"band" 
2013-02-01T15:00:00Z,KLIC,11.65,-53,Market On Close,Filled,-617.45,"expired" 
2013-02-01T15:00:00Z,LNDC,11.85,-31,Market On Close,Filled,-367.35,"adjust" 
2013-02-01T15:00:00Z,MSFT,27.93,-50,Market On Close,Filled,-1396.5,"band" 
2013-02-01T15:00:00Z,OXM,49.61,-12,Market On Close,Filled,-595.32,"band" 
2013-02-01T15:00:00Z,VECO,32.91,-20,Market On Close,Filled,-658.2,"expired" 
2013-02-01T15:00:00Z,ALG,34.4,7,Market On Close,Filled,240.8,"adjust" 
2013-02-01T15:00:00Z,BGFV,14.18,33,Market On Close,Filled,467.94,"buy" 
2013-02-01T15:00:00Z,DSW,67.55,3,Market On Close,Filled,202.65,"adjust" 
2013-02-01T15:00:00Z,HIBB,53.22,4,Market On Close,Filled,212.88,"adjust" 
2013-02-01T15:00:00Z,IDT,10.34,97,Market On Close,Filled,1002.98,"buy" 
2013-02-01T15:00:00Z,MGLN,51.79,5,Market On Close,Filled,258.95,"adjust" 
2013-02-01T15:00:00Z,PZZA,56.47,5,Market On Close,Filled,282.35,"adjust" 
2013-02-01T15:00:00Z,RES,15.2,56,Market On Close,Filled,851.2,"buy" 
2013-02-01T15:00:00Z,VDSI,8.15,25,Market On Close,Filled,203.75,"adjust" 
2013-02-01T15:00:00Z,WOR,27.89,32,Market On Close,Filled,892.48,"buy" 
2013-03-01T15:00:00Z,AAPL,430.51,-1,Market On Close,Filled,-430.51,"band" 
2013-03-01T15:00:00Z,DK,38.76,-6,Market On Close,Filled,-232.56,"adjust" 
2013-03-01T15:00:00Z,GME,24.05,-28,Market On Close,Filled,-673.4,"band" 
2013-03-01T15:00:00Z,IPAR,25.54,-12,Market On Close,Filled,-306.48,"adjust" 
2013-03-01T15:00:00Z,LZB,18.34,-15,Market On Close,Filled,-275.1,"adjust" 
2013-03-01T15:00:00Z,WMK,40.96,-9,Market On Close,Filled,-368.64,"adjust" 
2013-03-01T15:00:00Z,CF,201.5,1,Market On Close,Filled,201.5,"adjust" 
2013-03-01T15:00:00Z,CHS,16.96,13,Market On Close,Filled,220.48,"adjust" 
2013-03-01T15:00:00Z,CRUS,23.39,9,Market On Close,Filled,210.51,"adjust" 
2013-03-01T15:00:00Z,SIX,67.51,16,Market On Close,Filled,1080.16,"buy" 
2013-03-01T15:00:00Z,SXI,55.19,18,Market On Close,Filled,993.42,"buy" 
2013-03-01T15:00:00Z,KAI,24.87,28,Market On Close,Filled,696.36,"buy" 
2013-03-01T15:00:00Z,USPH,24.65,10,Market On Close,Filled,246.5,"adjust" 
2013-04-01T14:00:00Z,BBSI,51.53,-7,Market On Close,Filled,-360.71,"adjust" 
2013-04-01T14:00:00Z,DAR,17.65,-60,Market On Close,Filled,-1059,"band" 
2013-04-01T14:00:00Z,DISCA,77.98,-3,Market On Close,Filled,-233.94,"adjust" 
2013-04-01T14:00:00Z,EGY,7.38,-50,Market On Close,Filled,-369,"band" 
2013-04-01T14:00:00Z,ENTG,9.65,-101,Market On Close,Filled,-974.65,"band" 
2013-04-01T14:00:00Z,GCO,58.07,-15,Market On Close,Filled,-871.05,"band" 
2013-04-01T14:00:00Z,HIBB,56,-22,Market On Close,Filled,-1232,"band" 
2013-04-01T14:00:00Z,IDT,11.88,-17,Market On Close,Filled,-201.96,"adjust" 
2013-04-01T14:00:00Z,PZZA,61.57,-5,Market On Close,Filled,-307.85,"adjust" 
2013-04-01T14:00:00Z,SAIA,35.69,-6,Market On Close,Filled,-214.14,"adjust" 
2013-04-01T14:00:00Z,TMI,39.86,-5,Market On Close,Filled,-199.3,"adjust" 
2013-04-01T14:00:00Z,UNH,58.97,-24,Market On Close,Filled,-1415.28,"band" 
2013-04-01T14:00:00Z,VDSI,8.43,-77,Market On Close,Filled,-649.11,"band" 
2013-04-01T14:00:00Z,WDC,50.4,-4,Market On Close,Filled,-201.6,"adjust" 
2013-04-01T14:00:00Z,CTR,24.2,11,Market On Close,Filled,266.2,"adjust" 
2013-04-01T14:00:00Z,DDS,79.47,3,Market On Close,Filled,238.41,"adjust" 
2013-04-01T14:00:00Z,DLX,41.23,26,Market On Close,Filled,1071.98,"buy" 
2013-04-01T14:00:00Z,EXPE,60.5,4,Market On Close,Filled,242,"adjust" 
2013-04-01T14:00:00Z,HCA,40.72,23,Market On Close,Filled,936.56,"buy" 
2013-04-01T14:00:00Z,NC,52.97,4,Market On Close,Filled,211.88,"adjust" 
2013-04-01T14:00:00Z,POWL,52.25,15,Market On Close,Filled,783.75,"buy" 
2013-04-01T14:00:00Z,RCII,36.16,7,Market On Close,Filled,253.12,"adjust" 
2013-04-01T14:00:00Z,RGR,49.57,4,Market On Close,Filled,198.28,"adjust" 
2013-04-01T14:00:00Z,TASR,7.61,63,Market On Close,Filled,479.43,"buy" 
2013-04-01T14:00:00Z,TER,15.85,15,Market On Close,Filled,237.75,"adjust" 
2013-04-01T14:00:00Z,UNF,90.35,15,Market On Close,Filled,1355.25,"buy" 
2013-04-01T14:00:00Z,VLO,44.97,17,Market On Close,Filled,764.49,"buy" 
2013-05-01T14:00:00Z,CRUS,18.89,-19,Market On Close,Filled,-358.91,"band" 
2013-05-01T14:00:00Z,DLX,36.6,-26,Market On Close,Filled,-951.6,"expired" 
2013-05-01T14:00:00Z,DPZ,54.64,-22,Market On Close,Filled,-1202.08,"expired" 
2013-05-01T14:00:00Z,GCI,19.94,-55,Market On Close,Filled,-1096.7,"expired" 
2013-05-01T14:00:00Z,HVT,23.21,-11,Market On Close,Filled,-255.31,"adjust" 
2013-05-01T14:00:00Z,IDT,13.86,-19,Market On Close,Filled,-263.34,"adjust" 
2013-05-01T14:00:00Z,LFUS,68.3,-19,Market On Close,Filled,-1297.7,"band" 
2013-05-01T14:00:00Z,MGLN,50.09,-19,Market On Close,Filled,-951.71,"expired" 
2013-05-01T14:00:00Z,MYGN,27.24,-31,Market On Close,Filled,-844.44,"band" 
2013-05-01T14:00:00Z,NHC,45.03,-21,Market On Close,Filled,-945.63,"expired" 
2013-05-01T14:00:00Z,PZZA,63.01,-15,Market On Close,Filled,-945.15,"expired" 
2013-05-01T14:00:00Z,RGR,49.62,-14,Market On Close,Filled,-694.68,"band" 
2013-05-01T14:00:00Z,SCHL,26.82,-23,Market On Close,Filled,-616.86,"band" 
2013-05-01T14:00:00Z,TER,16.11,-61,Market On Close,Filled,-982.71,"band" 
2013-05-01T14:00:00Z,TSCO,105.33,-8,Market On Close,Filled,-842.64,"band" 
2013-05-01T14:00:00Z,USNA,54.93,-5,Market On Close,Filled,-274.65,"adjust" 
2013-05-01T14:00:00Z,WCC,68.02,-13,Market On Close,Filled,-884.26,"band" 
2013-05-01T14:00:00Z,CSGS,20.36,57,Market On Close,Filled,1160.52,"buy" 
2013-05-01T14:00:00Z,DAKT,9.63,78,Market On Close,Filled,751.14,"buy" 
2013-05-01T14:00:00Z,NEU,261.75,1,Market On Close,Filled,261.75,"adjust" 
2013-05-01T14:00:00Z,ICUI,59.4,4,Market On Close,Filled,237.6,"adjust" 
2013-05-01T14:00:00Z,IDCC,43.45,17,Market On Close,Filled,738.65,"buy" 
2013-05-01T14:00:00Z,JCOM,39.59,26,Market On Close,Filled,1029.34,"buy" 
2013-05-01T14:00:00Z,K,64.61,36,Market On Close,Filled,2325.96,"buy" 
2013-05-01T14:00:00Z,KELYA,16.33,60,Market On Close,Filled,979.8,"buy" 
2013-05-01T14:00:00Z,LNN,74.32,12,Market On Close,Filled,891.84,"buy" 
2013-05-01T14:00:00Z,MOV,29.42,9,Market On Close,Filled,264.78,"adjust" 
2013-05-01T14:00:00Z,NXST,24.98,23,Market On Close,Filled,574.54,"buy" 
2013-05-01T14:00:00Z,OTL,41.85,25,Market On Close,Filled,1046.25,"buy" 
2013-05-01T14:00:00Z,QUAD,19.69,35,Market On Close,Filled,689.15,"buy" 
2013-05-01T14:00:00Z,RS,63.31,14,Market On Close,Filled,886.34,"buy" 
2013-05-01T14:00:00Z,SCVL,19.79,10,Market On Close,Filled,197.9,"adjust" 
2013-05-01T14:00:00Z,THO,36.86,7,Market On Close,Filled,258.02,"adjust" 
2013-05-01T14:00:00Z,TTEC,20.8,64,Market On Close,Filled,1331.2,"buy" 
2013-05-01T14:00:00Z,UTHR,66.68,15,Market On Close,Filled,1000.2,"buy" 
2013-05-01T14:00:00Z,WGO,17.96,35,Market On Close,Filled,628.6,"buy" 
2013-06-03T14:00:00Z,BWS,21.48,-36,Market On Close,Filled,-773.28,"expired" 
2013-06-03T14:00:00Z,CHS,17.86,-59,Market On Close,Filled,-1053.74,"expired" 
2013-06-03T14:00:00Z,CHE,70.87,-4,Market On Close,Filled,-283.48,"adjust" 
2013-06-03T14:00:00Z,DDS,91.44,-14,Market On Close,Filled,-1280.16,"expired" 
2013-06-03T14:00:00Z,DSW,73.56,-15,Market On Close,Filled,-1103.4,"expired" 
2013-06-03T14:00:00Z,EXPE,57.51,-12,Market On Close,Filled,-690.12,"band" 
2013-06-03T14:00:00Z,HUN,19.12,-48,Market On Close,Filled,-917.76,"band" 
2013-06-03T14:00:00Z,ICUI,71.28,-26,Market On Close,Filled,-1853.28,"band" 
2013-06-03T14:00:00Z,IDT,17.52,-12,Market On Close,Filled,-210.24,"adjust" 
2013-06-03T14:00:00Z,RBIN,45.39,-5,Market On Close,Filled,-226.95,"adjust" 
2013-06-03T14:00:00Z,SCVL,24.64,-46,Market On Close,Filled,-1133.44,"band" 
2013-06-03T14:00:00Z,USPH,28.9,-39,Market On Close,Filled,-1127.1,"band" 
2013-06-03T14:00:00Z,ANF,49.71,13,Market On Close,Filled,646.23,"buy" 
2013-06-03T14:00:00Z,CALM,44.92,7,Market On Close,Filled,314.44,"adjust" 
2013-06-03T14:00:00Z,CVX,124.09,2,Market On Close,Filled,248.18,"adjust" 
2013-06-03T14:00:00Z,CYH,48.56,20,Market On Close,Filled,971.2,"buy" 
2013-06-03T14:00:00Z,DISCA,79.01,4,Market On Close,Filled,316.04,"adjust" 
2013-06-03T14:00:00Z,DLX,37.37,30,Market On Close,Filled,1121.1,"buy" 
2013-06-03T14:00:00Z,FSLR,53.33,6,Market On Close,Filled,319.98,"buy" 
2013-06-03T14:00:00Z,GCI,20.8,49,Market On Close,Filled,1019.2,"buy" 
2013-06-03T14:00:00Z,GIII,42.74,6,Market On Close,Filled,256.44,"adjust" 
2013-06-03T14:00:00Z,K,62.63,4,Market On Close,Filled,250.52,"adjust" 
2013-06-03T14:00:00Z,LZB,18.5,12,Market On Close,Filled,222,"adjust" 
2013-06-03T14:00:00Z,MXIM,29.32,7,Market On Close,Filled,205.24,"adjust" 
2013-06-03T14:00:00Z,NR,11.34,68,Market On Close,Filled,771.12,"buy" 
2013-06-03T14:00:00Z,PLPC,69.68,17,Market On Close,Filled,1184.56,"buy" 
2013-06-03T14:00:00Z,SANM,13.85,45,Market On Close,Filled,623.25,"buy" 
2013-06-03T14:00:00Z,UACL,25.76,26,Market On Close,Filled,669.76,"buy" 
2013-06-03T14:00:00Z,UEIC,27.65,26,Market On Close,Filled,718.9,"buy" 
2013-07-01T14:00:00Z,CTR,25.32,-40,Market On Close,Filled,-1012.8,"band" 
2013-07-01T14:00:00Z,CORE,63.97,-4,Market On Close,Filled,-255.88,"adjust" 
2013-07-01T14:00:00Z,CTB,33.27,-13,Market On Close,Filled,-432.51,"adjust" 
2013-07-01T14:00:00Z,GCI,25.21,-29,Market On Close,Filled,-731.09,"adjust" 
2013-07-01T14:00:00Z,GIII,48.42,-9,Market On Close,Filled,-435.78,"adjust" 
2013-07-01T14:00:00Z,K,64.89,-6,Market On Close,Filled,-389.34,"adjust" 
2013-07-01T14:00:00Z,PLUS,61.04,-7,Market On Close,Filled,-427.28,"adjust" 
2013-07-01T14:00:00Z,THO,50.25,-6,Market On Close,Filled,-301.5,"adjust" 
2013-07-01T14:00:00Z,TMI,38.42,-14,Market On Close,Filled,-537.88,"band" 
2013-07-01T14:00:00Z,WMK,45.44,-38,Market On Close,Filled,-1726.72,"band" 
2013-07-01T14:00:00Z,AEOS,18.41,17,Market On Close,Filled,312.97,"adjust" 
2013-07-01T14:00:00Z,BKE,52.9,4,Market On Close,Filled,211.6,"adjust" 
2013-07-01T14:00:00Z,CF,170.28,2,Market On Close,Filled,340.56,"adjust" 
2013-07-01T14:00:00Z,DDS,82.17,15,Market On Close,Filled,1232.55,"buy" 
2013-07-01T14:00:00Z,DK,28.04,9,Market On Close,Filled,252.36,"adjust" 
2013-07-01T14:00:00Z,HCA,36.94,7,Market On Close,Filled,258.58,"adjust" 
2013-07-01T14:00:00Z,HOC,40.74,7,Market On Close,Filled,285.18,"adjust" 
2013-07-01T14:00:00Z,IDCC,39.26,5,Market On Close,Filled,196.3,"adjust" 
2013-07-01T14:00:00Z,KLIC,11.04,89,Market On Close,Filled,982.56,"buy" 
2013-07-01T14:00:00Z,MED,26.41,8,Market On Close,Filled,211.28,"adjust" 
2013-07-01T14:00:00Z,MPC,70.38,12,Market On Close,Filled,844.56,"buy" 
2013-07-01T14:00:00Z,OTL,40.75,6,Market On Close,Filled,244.5,"adjust" 
2013-07-01T14:00:00Z,PETS,12.85,21,Market On Close,Filled,269.85,"adjust" 
2013-07-01T14:00:00Z,VLO,34.25,8,Market On Close,Filled,274,"adjust" 
2013-08-01T14:00:00Z,BBSI,72.22,-7,Market On Close,Filled,-505.54,"adjust" 
2013-08-01T14:00:00Z,CF,195.98,-7,Market On Close,Filled,-1371.86,"band" 
2013-08-01T14:00:00Z,CVX,126.39,-16,Market On Close,Filled,-2022.24,"band" 
2013-08-01T14:00:00Z,MED,27.27,-32,Market On Close,Filled,-872.64,"band" 
2013-08-01T14:00:00Z,PETS,16.93,-32,Market On Close,Filled,-541.76,"adjust" 
2013-08-01T14:00:00Z,RCII,40.5,-39,Market On Close,Filled,-1579.5,"band" 
2013-08-01T14:00:00Z,RES,14.64,-56,Market On Close,Filled,-819.84,"band" 
2013-08-01T14:00:00Z,USNA,85.13,-3,Market On Close,Filled,-255.39,"adjust" 
2013-08-01T14:00:00Z,DV,30.63,26,Market On Close,Filled,796.38,"buy" 
2013-08-01T14:00:00Z,NEU,281.01,1,Market On Close,Filled,281.01,"adjust" 
2013-08-01T14:00:00Z,K,65.42,5,Market On Close,Filled,327.1,"adjust" 
2013-08-01T14:00:00Z,KIRK,17.89,53,Market On Close,Filled,948.17,"buy" 
2013-08-01T14:00:00Z,KWR,67.05,5,Market On Close,Filled,335.25,"adjust" 
2013-08-01T14:00:00Z,LEA,69.4,21,Market On Close,Filled,1457.4,"buy" 
2013-08-01T14:00:00Z,LNN,75.59,5,Market On Close,Filled,377.95,"adjust" 
2013-08-01T14:00:00Z,OSK,46.56,18,Market On Close,Filled,838.08,"buy" 
2013-08-01T14:00:00Z,PDFS,20.95,44,Market On Close,Filled,921.8,"buy" 
2013-08-01T14:00:00Z,POWL,51.03,7,Market On Close,Filled,357.21,"adjust" 
2013-08-01T14:00:00Z,RS,70.74,5,Market On Close,Filled,353.7,"adjust" 
2013-08-01T14:00:00Z,TASR,8.91,26,Market On Close,Filled,231.66,"adjust" 
2013-08-01T14:00:00Z,FL,37.26,9,Market On Close,Filled,335.34,"adjust" 
2013-09-03T14:00:00Z,ALG,45.72,-8,Market On Close,Filled,-365.76,"adjust" 
2013-09-03T14:00:00Z,CHE,69.66,-13,Market On Close,Filled,-905.58,"band" 
2013-09-03T14:00:00Z,CSGS,23.65,-57,Market On Close,Filled,-1348.05,"band" 
2013-09-03T14:00:00Z,DAKT,10.93,-78,Market On Close,Filled,-852.54,"expired" 
2013-09-03T14:00:00Z,NEU,273.45,-5,Market On Close,Filled,-1367.25,"band" 
2013-09-03T14:00:00Z,KIRK,19.86,-16,Market On Close,Filled,-317.76,"adjust" 
2013-09-03T14:00:00Z,LHCG,22.63,-9,Market On Close,Filled,-203.67,"adjust" 
2013-09-03T14:00:00Z,MOV,41.62,-21,Market On Close,Filled,-874.02,"band" 
2013-09-03T14:00:00Z,QUAD,31.6,-8,Market On Close,Filled,-252.8,"adjust" 
2013-09-03T14:00:00Z,TASR,11.97,-28,Market On Close,Filled,-335.16,"adjust" 
2013-09-03T14:00:00Z,ABFS,24.76,17,Market On Close,Filled,420.92,"buy" 
2013-09-03T14:00:00Z,ANF,34.93,6,Market On Close,Filled,209.58,"adjust" 
2013-09-03T14:00:00Z,FSLR,36.87,6,Market On Close,Filled,221.22,"adjust" 
2013-09-03T14:00:00Z,GPS,40.72,6,Market On Close,Filled,244.32,"adjust" 
2013-09-03T14:00:00Z,ICFI,32.95,40,Market On Close,Filled,1318,"buy" 
2013-09-03T14:00:00Z,KELYA,18.4,14,Market On Close,Filled,257.6,"adjust" 
2013-09-03T14:00:00Z,LNDC,13,17,Market On Close,Filled,221,"adjust" 
2013-09-03T14:00:00Z,PLPC,69.78,3,Market On Close,Filled,209.34,"adjust" 
2013-09-03T14:00:00Z,PPC,15.59,38,Market On Close,Filled,592.42,"buy" 
2013-09-03T14:00:00Z,SAFM,64.75,20,Market On Close,Filled,1295,"buy" 
2013-09-03T14:00:00Z,SIX,33.25,9,Market On Close,Filled,299.25,"adjust" 
2013-09-03T14:00:00Z,SMP,30.84,7,Market On Close,Filled,215.88,"adjust" 
2013-09-03T14:00:00Z,SXI,52.92,4,Market On Close,Filled,211.68,"adjust" 
2013-09-03T14:00:00Z,USMO,13.92,78,Market On Close,Filled,1085.76,"buy" 
2013-10-01T14:00:00Z,CALM,48.46,-33,Market On Close,Filled,-1599.18,"band" 
2013-10-01T14:00:00Z,IDCC,37.7,-22,Market On Close,Filled,-829.4,"band" 
2013-10-01T14:00:00Z,LNN,81.63,-3,Market On Close,Filled,-244.89,"adjust" 
2013-10-01T14:00:00Z,NXST,45.07,-8,Market On Close,Filled,-360.56,"adjust" 
2013-10-01T14:00:00Z,POWL,62.79,-4,Market On Close,Filled,-251.16,"adjust" 
2013-10-01T14:00:00Z,BKE,54.49,4,Market On Close,Filled,217.96,"adjust" 
2013-10-01T14:00:00Z,CVI,38.81,8,Market On Close,Filled,310.48,"adjust" 
2013-10-01T14:00:00Z,DK,21.25,14,Market On Close,Filled,297.5,"adjust" 
2013-10-01T14:00:00Z,K,58.75,4,Market On Close,Filled,235,"adjust" 
2013-10-01T14:00:00Z,RBIN,50.89,5,Market On Close,Filled,254.45,"adjust" 
2013-10-01T14:00:00Z,SYNA,45.92,20,Market On Close,Filled,918.4,"buy" 
2013-10-01T14:00:00Z,KAI,33.51,6,Market On Close,Filled,201.06,"adjust" 
2013-10-01T14:00:00Z,TSN,28.5,49,Market On Close,Filled,1396.5,"buy" 
2013-10-01T14:00:00Z,VLO,33.84,6,Market On Close,Filled,203.04,"adjust" 
2013-11-01T14:00:00Z,BBSI,89.19,-4,Market On Close,Filled,-356.76,"adjust" 
2013-11-01T14:00:00Z,DISCA,87.8,-3,Market On Close,Filled,-263.4,"adjust" 
2013-11-01T14:00:00Z,DK,25.26,-40,Market On Close,Filled,-1010.4,"band" 
2013-11-01T14:00:00Z,DV,34.91,-26,Market On Close,Filled,-907.66,"expired" 
2013-11-01T14:00:00Z,IDT,22,-11,Market On Close,Filled,-242,"adjust" 
2013-11-01T14:00:00Z,IPAR,35.26,-7,Market On Close,Filled,-246.82,"adjust" 
2013-11-01T14:00:00Z,LNDC,11.7,-73,Market On Close,Filled,-854.1,"band" 
2013-11-01T14:00:00Z,LOPE,46.63,-8,Market On Close,Filled,-373.04,"adjust" 
2013-11-01T14:00:00Z,SYNA,45.49,-20,Market On Close,Filled,-909.8,"expired" 
2013-11-01T14:00:00Z,TASR,16.89,-25,Market On Close,Filled,-422.25,"adjust" 
2013-11-01T14:00:00Z,CORE,70.3,4,Market On Close,Filled,281.2,"adjust" 
2013-11-01T14:00:00Z,CTB,25.91,11,Market On Close,Filled,285.01,"adjust" 
2013-11-01T14:00:00Z,DDS,82.18,3,Market On Close,Filled,246.54,"adjust" 
2013-11-01T14:00:00Z,DECK,68.56,9,Market On Close,Filled,617.04,"buy" 
2013-11-01T14:00:00Z,GCI,27.9,8,Market On Close,Filled,223.2,"adjust" 
2013-11-01T14:00:00Z,GPS,36.78,6,Market On Close,Filled,220.68,"adjust" 
2013-11-01T14:00:00Z,HHS,7.98,106,Market On Close,Filled,845.88,"buy" 
2013-11-01T14:00:00Z,KIRK,17.75,14,Market On Close,Filled,248.5,"adjust" 
2013-11-01T14:00:00Z,LHCG,20.66,13,Market On Close,Filled,268.58,"adjust" 
2013-11-01T14:00:00Z,PLUS,53.78,4,Market On Close,Filled,215.12,"adjust" 
2013-11-01T14:00:00Z,MPC,70.86,3,Market On Close,Filled,212.58,"adjust" 
2013-11-01T14:00:00Z,MXIM,29.4,9,Market On Close,Filled,264.6,"adjust" 
2013-11-01T14:00:00Z,NR,12.68,16,Market On Close,Filled,202.88,"adjust" 
2013-11-01T14:00:00Z,LDOS,47.41,33,Market On Close,Filled,1564.53,"buy" 
2013-11-01T14:00:00Z,TTEC,25.71,8,Market On Close,Filled,205.68,"adjust" 
2013-11-01T14:00:00Z,WNC,11.6,68,Market On Close,Filled,788.8,"buy" 
2013-12-02T15:00:00Z,BKE,52.07,-27,Market On Close,Filled,-1405.89,"band" 
2013-12-02T15:00:00Z,CTB,24.39,-23,Market On Close,Filled,-560.97,"band" 
2013-12-02T15:00:00Z,CVI,40.03,-21,Market On Close,Filled,-840.63,"band" 
2013-12-02T15:00:00Z,DDS,90.83,-3,Market On Close,Filled,-272.49,"adjust" 
2013-12-02T15:00:00Z,GPS,41.58,-40,Market On Close,Filled,-1663.2,"band" 
2013-12-02T15:00:00Z,JCOM,45.61,-5,Market On Close,Filled,-228.05,"adjust" 
2013-12-02T15:00:00Z,KELYA,22.97,-10,Market On Close,Filled,-229.7,"adjust" 
2013-12-02T15:00:00Z,KIRK,25.5,-21,Market On Close,Filled,-535.5,"adjust" 
2013-12-02T15:00:00Z,LNN,77.86,-14,Market On Close,Filled,-1090.04,"band" 
2013-12-02T15:00:00Z,LZB,28.99,-13,Market On Close,Filled,-376.87,"adjust" 
2013-12-02T15:00:00Z,MXIM,28.22,-51,Market On Close,Filled,-1439.22,"band" 
2013-12-02T15:00:00Z,NC,63.46,-16,Market On Close,Filled,-1015.36,"band" 
2013-12-02T15:00:00Z,PLPC,68.74,-7,Market On Close,Filled,-481.18,"adjust" 
2013-12-02T15:00:00Z,VLGEA,38,-26,Market On Close,Filled,-988,"band" 
2013-12-02T15:00:00Z,VLO,46.83,-6,Market On Close,Filled,-280.98,"adjust" 
2013-12-02T15:00:00Z,ANF,34.02,6,Market On Close,Filled,204.12,"adjust" 
2013-12-02T15:00:00Z,ANK,55.5,24,Market On Close,Filled,1332,"buy" 
2013-12-02T15:00:00Z,CMCO,26.42,41,Market On Close,Filled,1083.22,"buy" 
2013-12-02T15:00:00Z,CYH,41.45,6,Market On Close,Filled,248.7,"adjust" 
2013-12-02T15:00:00Z,FSS,15.3,66,Market On Close,Filled,1009.8,"buy" 
2013-12-02T15:00:00Z,HLIT,7.33,175,Market On Close,Filled,1282.75,"buy" 
2013-12-02T15:00:00Z,MTRX,21.82,46,Market On Close,Filled,1003.72,"buy" 
2013-12-02T15:00:00Z,PETS,15.22,15,Market On Close,Filled,228.3,"adjust" 
2013-12-02T15:00:00Z,RS,73.34,4,Market On Close,Filled,293.36,"adjust" 
2013-12-02T15:00:00Z,SAFM,67.24,3,Market On Close,Filled,201.72,"adjust" 
2013-12-02T15:00:00Z,SANM,15.17,15,Market On Close,Filled,227.55,"adjust" 
2013-12-02T15:00:00Z,SMP,34.4,6,Market On Close,Filled,206.4,"adjust" 
2013-12-02T15:00:00Z,SPTN,23.56,57,Market On Close,Filled,1342.92,"buy" 
2013-12-02T15:00:00Z,STMP,46.02,17,Market On Close,Filled,782.34,"buy" 
2013-12-02T15:00:00Z,SYNA,50.27,15,Market On Close,Filled,754.05,"buy" 
2013-12-02T15:00:00Z,THO,54.25,6,Market On Close,Filled,325.5,"adjust" 
2013-12-02T15:00:00Z,UACL,28.4,9,Market On Close,Filled,255.6,"adjust" 
2013-12-02T15:00:00Z,UNF,100.29,2,Market On Close,Filled,200.58,"adjust" 
2013-12-02T15:00:00Z,USMO,14.42,14,Market On Close,Filled,201.88,"adjust" 
2014-01-02T15:00:00Z,AEOS,14.73,-58,Market On Close,Filled,-854.34,"band" 
2014-01-02T15:00:00Z,ALG,57.02,-6,Market On Close,Filled,-342.12,"adjust" 
2014-01-02T15:00:00Z,ANF,32.01,-25,Market On Close,Filled,-800.25,"band" 
2014-01-02T15:00:00Z,EGHT,9.97,-85,Market On Close,Filled,-847.45,"band" 
2014-01-02T15:00:00Z,GIII,71.42,-3,Market On Close,Filled,-214.26,"adjust" 
2014-01-02T15:00:00Z,K,60.8,-43,Market On Close,Filled,-2614.4,"band" 
2014-01-02T15:00:00Z,KLIC,13.06,-89,Market On Close,Filled,-1162.34,"band" 
2014-01-02T15:00:00Z,MPC,89.48,-3,Market On Close,Filled,-268.44,"adjust" 
2014-01-02T15:00:00Z,QUAD,25.74,-27,Market On Close,Filled,-694.98,"band" 
2014-01-02T15:00:00Z,SAFM,72,-3,Market On Close,Filled,-216,"adjust" 
2014-01-02T15:00:00Z,LDOS,46.25,-9,Market On Close,Filled,-416.25,"adjust" 
2014-01-02T15:00:00Z,SXI,63.15,-22,Market On Close,Filled,-1389.3,"band" 
2014-01-02T15:00:00Z,UNF,106.12,-17,Market On Close,Filled,-1804.04,"expired" 
2014-01-02T15:00:00Z,UTHR,110.9,-10,Market On Close,Filled,-1109,"adjust" 
2014-01-02T15:00:00Z,WGO,26.99,-35,Market On Close,Filled,-944.65,"expired" 
2014-01-02T15:00:00Z,BGFV,19.82,11,Market On Close,Filled,218.02,"adjust" 
2014-01-02T15:00:00Z,GES,30.56,42,Market On Close,Filled,1283.52,"buy" 
2014-01-02T15:00:00Z,GME,49.65,20,Market On Close,Filled,993,"buy" 
2014-01-02T15:00:00Z,HHS,7.54,26,Market On Close,Filled,196.04,"adjust" 
2014-01-02T15:00:00Z,HLS,33.28,58,Market On Close,Filled,1930.24,"buy" 
2014-01-02T15:00:00Z,HPQ,27.66,36,Market On Close,Filled,995.76,"buy" 
2014-01-02T15:00:00Z,IDT,17.7,13,Market On Close,Filled,230.1,"adjust" 
2014-01-02T15:00:00Z,LEA,79.53,4,Market On Close,Filled,318.12,"adjust" 
2014-01-02T15:00:00Z,LOPE,43.21,8,Market On Close,Filled,345.68,"adjust" 
2014-01-02T15:00:00Z,MRVL,14.17,82,Market On Close,Filled,1161.94,"buy" 
2014-01-02T15:00:00Z,NUS,138.07,6,Market On Close,Filled,828.42,"buy" 
2014-01-02T15:00:00Z,OSK,49.48,5,Market On Close,Filled,247.4,"adjust" 
2014-01-02T15:00:00Z,PPC,15.95,16,Market On Close,Filled,255.2,"adjust" 
2014-01-02T15:00:00Z,RGR,73.75,17,Market On Close,Filled,1253.75,"buy" 
2014-01-02T15:00:00Z,SNX,66.22,17,Market On Close,Filled,1125.74,"buy" 
2014-01-02T15:00:00Z,TTEC,23.8,18,Market On Close,Filled,428.4,"adjust" 
2014-01-02T15:00:00Z,USNA,76.94,3,Market On Close,Filled,230.82,"adjust" 
2014-01-02T15:00:00Z,XRX,11.91,110,Market On Close,Filled,1310.1,"buy" 
2014-02-03T15:00:00Z,CYH,40.21,-26,Market On Close,Filled,-1045.46,"band" 
2014-02-03T15:00:00Z,DLX,45.84,-5,Market On Close,Filled,-229.2,"adjust" 
2014-02-03T15:00:00Z,HCA,48.46,-30,Market On Close,Filled,-1453.8,"band" 
2014-02-03T15:00:00Z,HHS,6.86,-132,Market On Close,Filled,-905.52,"band" 
2014-02-03T15:00:00Z,LEA,71.99,-3,Market On Close,Filled,-215.97,"adjust" 
2014-02-03T15:00:00Z,OTL,41.8,-31,Market On Close,Filled,-1295.8,"band" 
2014-02-03T15:00:00Z,OSK,50.54,-4,Market On Close,Filled,-202.16,"adjust" 
2014-02-03T15:00:00Z,PETS,12.74,-65,Market On Close,Filled,-828.1,"universe" 
2014-02-03T15:00:00Z,PLPC,65.5,-13,Market On Close,Filled,-851.5,"band" 
2014-02-03T15:00:00Z,RGR,72.21,-3,Market On Close,Filled,-216.63,"adjust" 
2014-02-03T15:00:00Z,SANM,16.11,-60,Market On Close,Filled,-966.6,"expired" 
2014-02-03T15:00:00Z,TSN,36.02,-14,Market On Close,Filled,-504.28,"adjust" 
2014-02-03T15:00:00Z,VLO,48.85,-25,Market On Close,Filled,-1221.25,"band" 
2014-02-03T15:00:00Z,CIR,71.06,14,Market On Close,Filled,994.84,"buy" 
2014-02-03T15:00:00Z,CMCO,24.81,9,Market On Close,Filled,223.29,"adjust" 
2014-02-03T15:00:00Z,COLM,73.4,19,Market On Close,Filled,1394.6,"buy" 
2014-02-03T15:00:00Z,SNS,425.68,4,Market On Close,Filled,1702.72,"buy" 
2014-02-03T15:00:00Z,DISCA,78.04,4,Market On Close,Filled,312.16,"adjust" 
2014-02-03T15:00:00Z,DXPE,91.7,11,Market On Close,Filled,1008.7,"buy" 
2014-02-03T15:00:00Z,GCI,26.51,8,Market On Close,Filled,212.08,"adjust" 
2014-02-03T15:00:00Z,IPAR,31.74,8,Market On Close,Filled,253.92,"adjust" 
2014-02-03T15:00:00Z,KFY,22.58,56,Market On Close,Filled,1264.48,"buy" 
2014-02-03T15:00:00Z,KIRK,17.58,14,Market On Close,Filled,246.12,"adjust" 
2014-02-03T15:00:00Z,MU,22.81,37,Market On Close,Filled,843.97,"buy" 
2014-02-03T15:00:00Z,NR,11.06,20,Market On Close,Filled,221.2,"adjust" 
2014-02-03T15:00:00Z,OSTK,20.72,24,Market On Close,Filled,497.28,"buy" 
2014-02-03T15:00:00Z,PRFT,20.01,39,Market On Close,Filled,780.39,"buy" 
2014-03-03T15:00:00Z,COLM,83.24,-3,Market On Close,Filled,-249.72,"adjust" 
2014-03-03T15:00:00Z,DISCA,82.08,-21,Market On Close,Filled,-1723.68,"band" 
2014-03-03T15:00:00Z,ENS,69.81,-6,Market On Close,Filled,-418.86,"adjust" 
2014-03-03T15:00:00Z,HOC,44.88,-23,Market On Close,Filled,-1032.24,"band" 
2014-03-03T15:00:00Z,ICFI,40.23,-17,Market On Close,Filled,-683.91,"adjust" 
2014-03-03T15:00:00Z,KIRK,17.76,-44,Market On Close,Filled,-781.44,"universe" 
2014-03-03T15:00:00Z,MTRX,33.06,-27,Market On Close,Filled,-892.62,"adjust" 
2014-03-03T15:00:00Z,POWL,67.62,-18,Market On Close,Filled,-1217.16,"band" 
2014-03-03T15:00:00Z,SIX,40.6,-41,Market On Close,Filled,-1664.6,"band" 
2014-03-03T15:00:00Z,SMP,34.64,-7,Market On Close,Filled,-242.48,"adjust" 
2014-03-03T15:00:00Z,TTEC,24.04,-32,Market On Close,Filled,-769.28,"adjust" 
2014-03-03T15:00:00Z,USMO,14.37,-92,Market On Close,Filled,-1322.04,"universe" 
2014-03-03T15:00:00Z,BGFV,14.89,17,Market On Close,Filled,253.13,"adjust" 
2014-03-03T15:00:00Z,CSGS,27.56,55,Market On Close,Filled,1515.8,"buy" 
2014-03-03T15:00:00Z,DAL,32.59,32,Market On Close,Filled,1042.88,"buy" 
2014-03-03T15:00:00Z,FSS,12.69,17,Market On Close,Filled,215.73,"adjust" 
2014-03-03T15:00:00Z,GNTX,31.14,49,Market On Close,Filled,1525.86,"buy" 
2014-03-03T15:00:00Z,HLIT,6.4,31,Market On Close,Filled,198.4,"adjust" 
2014-03-03T15:00:00Z,LZB,25.37,11,Market On Close,Filled,279.07,"adjust" 
2014-03-03T15:00:00Z,NOC,121.02,16,Market On Close,Filled,1936.32,"buy" 
2014-03-03T15:00:00Z,NXST,41.9,5,Market On Close,Filled,209.5,"adjust" 
2014-03-03T15:00:00Z,PDFS,19.36,11,Market On Close,Filled,212.96,"adjust" 
2014-03-03T15:00:00Z,LDOS,44.67,6,Market On Close,Filled,268.02,"adjust" 
2014-03-03T15:00:00Z,STMP,35.55,9,Market On Close,Filled,319.95,"adjust" 
2014-03-03T15:00:00Z,TTWO,20,51,Market On Close,Filled,1020,"buy" 
2014-03-03T15:00:00Z,UHS,81.07,21,Market On Close,Filled,1702.47,"buy" 
2014-03-03T15:00:00Z,UTHR,100.37,2,Market On Close,Filled,200.74,"adjust" 
2014-04-01T14:00:00Z,BGFV,16.17,-61,Market On Close,Filled,-986.37,"band" 
2014-04-01T14:00:00Z,SNS,488.1,-1,Market On Close,Filled,-488.1,"adjust" 
2014-04-01T14:00:00Z,FSLR,70.89,-4,Market On Close,Filled,-283.56,"adjust" 
2014-04-01T14:00:00Z,HLS,35.65,-11,Market On Close,Filled,-392.15,"adjust" 
2014-04-01T14:00:00Z,KFY,30.45,-20,Market On Close,Filled,-609,"adjust" 
2014-04-01T14:00:00Z,MPC,89.54,-12,Market On Close,Filled,-1074.48,"band" 
2014-04-01T14:00:00Z,NXST,38.49,-20,Market On Close,Filled,-769.8,"band" 
2014-04-01T14:00:00Z,RS,71.28,-23,Market On Close,Filled,-1639.44,"band" 
2014-04-01T14:00:00Z,UACL,28.98,-35,Market On Close,Filled,-1014.3,"band" 
2014-04-01T14:00:00Z,FL,47.3,-9,Market On Close,Filled,-425.7,"adjust" 
2014-04-01T14:00:00Z,SWKS,37.61,32,Market On Close,Filled,1203.52,"buy" 
2014-04-01T14:00:00Z,BAH,22.32,69,Market On Close,Filled,1540.08,"buy" 
2014-04-01T14:00:00Z,BBSI,61.41,5,Market On Close,Filled,307.05,"adjust" 
2014-04-01T14:00:00Z,CORE,74.06,3,Market On Close,Filled,222.18,"adjust" 
2014-04-01T14:00:00Z,EPAM,36.37,20,Market On Close,Filled,727.4,"buy" 
2014-04-01T14:00:00Z,FF,21.05,45,Market On Close,Filled,947.25,"buy" 
2014-04-01T14:00:00Z,GCI,28.02,8,Market On Close,Filled,224.16,"adjust" 
2014-04-01T14:00:00Z,GIII,74.81,3,Market On Close,Filled,224.43,"adjust" 
2014-04-01T14:00:00Z,IDT,16.99,15,Market On Close,Filled,254.85,"adjust" 
2014-04-01T14:00:00Z,LHCG,22.3,16,Market On Close,Filled,356.8,"adjust" 
2014-04-01T14:00:00Z,MYGN,35.15,20,Market On Close,Filled,703,"buy" 
2014-04-01T14:00:00Z,RGR,63.23,6,Market On Close,Filled,379.38,"adjust" 
2014-05-01T14:00:00Z,SWKS,41.3,-6,Market On Close,Filled,-247.8,"adjust" 
2014-05-01T14:00:00Z,BBSI,50.67,-12,Market On Close,Filled,-608.04,"band" 
2014-05-01T14:00:00Z,DLX,54.98,-25,Market On Close,Filled,-1374.5,"expired" 
2014-05-01T14:00:00Z,LOPE,45.99,-28,Market On Close,Filled,-1287.72,"expired" 
2014-05-01T14:00:00Z,PDFS,18.93,-55,Market On Close,Filled,-1041.15,"band" 
2014-05-01T14:00:00Z,PPC,22.05,-54,Market On Close,Filled,-1190.7,"expired" 
2014-05-01T14:00:00Z,LDOS,37.29,-30,Market On Close,Filled,-1118.7,"band" 
2014-05-01T14:00:00Z,SAIA,41.85,-6,Market On Close,Filled,-251.1,"adjust" 
2014-05-01T14:00:00Z,SNX,66.48,-6,Market On Close,Filled,-398.88,"adjust" 
2014-05-01T14:00:00Z,SPTN,21.53,-57,Market On Close,Filled,-1227.21,"expired" 
2014-05-01T14:00:00Z,STMP,29.12,-26,Market On Close,Filled,-757.12,"band" 
2014-05-01T14:00:00Z,TTEC,24.22,-58,Market On Close,Filled,-1404.76,"expired" 
2014-05-01T14:00:00Z,UHS,83.32,-3,Market On Close,Filled,-249.96,"adjust" 
2014-05-01T14:00:00Z,XRX,12.08,-110,Market On Close,Filled,-1328.8,"expired" 
2014-05-01T14:00:00Z,ANK,57.15,4,Market On Close,Filled,228.6,"adjust" 
2014-05-01T14:00:00Z,AVT,43.04,33,Market On Close,Filled,1420.32,"buy" 
2014-05-01T14:00:00Z,CALM,59.02,23,Market On Close,Filled,1357.46,"buy" 
2014-05-01T14:00:00Z,SNS,431.3,1,Market On Close,Filled,431.3,"adjust" 
2014-05-01T14:00:00Z,DAKT,12.98,100,Market On Close,Filled,1298,"buy" 
2014-05-01T14:00:00Z,ENS,67.13,3,Market On Close,Filled,201.39,"adjust" 
2014-05-01T14:00:00Z,GES,27.04,10,Market On Close,Filled,270.4,"adjust" 
2014-05-01T14:00:00Z,LRW,26.67,42,Market On Close,Filled,1120.14,"buy" 
2014-05-01T14:00:00Z,LHCG,20.82,10,Market On Close,Filled,208.2,"adjust" 
2014-05-01T14:00:00Z,MEI,28.23,20,Market On Close,Filled,564.6,"buy" 
2014-05-01T14:00:00Z,MOV,39.03,28,Market On Close,Filled,1092.84,"buy" 
2014-05-01T14:00:00Z,NP,50.23,32,Market On Close,Filled,1607.36,"buy" 
2014-05-01T14:00:00Z,OSTK,15.33,16,Market On Close,Filled,245.28,"adjust" 
2014-05-01T14:00:00Z,OSK,54.94,4,Market On Close,Filled,219.76,"adjust" 
2014-05-01T14:00:00Z,POWI,49.37,17,Market On Close,Filled,839.29,"buy" 
2014-05-01T14:00:00Z,UNF,95.76,12,Market On Close,Filled,1149.12,"buy" 
2014-05-01T14:00:00Z,VMW,92.05,11,Market On Close,Filled,1012.55,"buy" 
2014-05-01T14:00:00Z,WOR,37.02,8,Market On Close,Filled,296.16,"adjust" 
2014-06-02T14:00:00Z,BAH,22.09,-12,Market On Close,Filled,-265.08,"adjust" 
2014-06-02T14:00:00Z,CALM,69.47,-3,Market On Close,Filled,-208.41,"adjust" 
2014-06-02T14:00:00Z,SNS,420.51,-1,Market On Close,Filled,-420.51,"adjust" 
2014-06-02T14:00:00Z,DAKT,11.97,-35,Market On Close,Filled,-418.95,"adjust" 
2014-06-02T14:00:00Z,DDS,112.36,-6,Market On Close,Filled,-674.16,"adjust" 
2014-06-02T14:00:00Z,DXPE,70.44,-4,Market On Close,Filled,-281.76,"adjust" 
2014-06-02T14:00:00Z,IDT,16.64,-66,Market On Close,Filled,-1098.24,"band" 
2014-06-02T14:00:00Z,IPAR,29.27,-35,Market On Close,Filled,-1024.45,"band" 
2014-06-02T14:00:00Z,LHCG,20.38,-74,Market On Close,Filled,-1508.12,"band" 
2014-06-02T14:00:00Z,PLUS,56.56,-19,Market On Close,Filled,-1074.64,"band" 
2014-06-02T14:00:00Z,POWI,49.1,-17,Market On Close,Filled,-834.7,"band" 
2014-06-02T14:00:00Z,SAFM,95.65,-3,Market On Close,Filled,-286.95,"adjust" 
2014-06-02T14:00:00Z,SYNA,66.45,-4,Market On Close,Filled,-265.8,"adjust" 
2014-06-02T14:00:00Z,TSN,43.4,-6,Market On Close,Filled,-260.4,"adjust" 
2014-06-02T14:00:00Z,UEIC,42.96,-7,Market On Close,Filled,-300.72,"adjust" 
2014-06-02T14:00:00Z,WOR,40.15,-40,Market On Close,Filled,-1606,"band" 
2014-06-02T14:00:00Z,ABFS,42.63,5,Market On Close,Filled,213.15,"adjust" 
2014-06-02T14:00:00Z,ALG,52.3,4,Market On Close,Filled,209.2,"adjust" 
2014-06-02T14:00:00Z,COLM,84.02,3,Market On Close,Filled,252.06,"adjust" 
2014-06-02T14:00:00Z,CRUS,22.02,44,Market On Close,Filled,968.88,"buy" 
2014-06-02T14:00:00Z,DECK,78.43,3,Market On Close,Filled,235.29,"adjust" 
2014-06-02T14:00:00Z,EGY,6.29,96,Market On Close,Filled,603.84,"buy" 
2014-06-02T14:00:00Z,GNTX,28.79,8,Market On Close,Filled,230.32,"adjust" 
2014-06-02T14:00:00Z,HVT,24.97,11,Market On Close,Filled,274.67,"adjust" 
2014-06-02T14:00:00Z,HLS,34.84,6,Market On Close,Filled,209.04,"adjust" 
2014-06-02T14:00:00Z,HURN,67.97,16,Market On Close,Filled,1087.52,"buy" 
2014-06-02T14:00:00Z,HPQ,33.43,6,Market On Close,Filled,200.58,"adjust" 
2014-06-02T14:00:00Z,ICFI,37.15,8,Market On Close,Filled,297.2,"adjust" 
2014-06-02T14:00:00Z,KELYA,17.67,14,Market On Close,Filled,247.38,"adjust" 
2014-06-02T14:00:00Z,MOD,14.94,63,Market On Close,Filled,941.22,"buy" 
2014-06-02T14:00:00Z,MRVL,15.92,13,Market On Close,Filled,206.96,"adjust" 
2014-06-02T14:00:00Z,PPC,25.92,45,Market On Close,Filled,1166.4,"buy" 
2014-06-02T14:00:00Z,PRFT,17.32,13,Market On Close,Filled,225.16,"adjust" 
2014-06-02T14:00:00Z,RBIN,52.7,4,Market On Close,Filled,210.8,"adjust" 
2014-06-02T14:00:00Z,SKX,44.68,21,Market On Close,Filled,938.28,"buy" 
2014-06-02T14:00:00Z,TASR,13.32,21,Market On Close,Filled,279.72,"adjust" 
2014-06-02T14:00:00Z,WNC,13.77,15,Market On Close,Filled,206.55,"adjust" 
2014-07-01T14:00:00Z,CORE,46.92,-7,Market On Close,Filled,-328.44,"adjust" 
2014-07-01T14:00:00Z,DXPE,77.08,-7,Market On Close,Filled,-539.56,"band" 
2014-07-01T14:00:00Z,KELYA,17.57,-78,Market On Close,Filled,-1370.46,"band" 
2014-07-01T14:00:00Z,MU,33.98,-7,Market On Close,Filled,-237.86,"adjust" 
2014-07-01T14:00:00Z,NR,12.56,-104,Market On Close,Filled,-1306.24,"band" 
2014-07-01T14:00:00Z,SYNA,91.88,-5,Market On Close,Filled,-459.4,"adjust" 
2014-07-01T14:00:00Z,GCI,31.74,7,Market On Close,Filled,222.18,"adjust" 
2014-07-01T14:00:00Z,NOC,120.43,2,Market On Close,Filled,240.86,"adjust" 
2014-07-01T14:00:00Z,NSIT,31.45,40,Market On Close,Filled,1258,"buy" 
2014-07-01T14:00:00Z,NUS,73.48,3,Market On Close,Filled,220.44,"adjust" 
2014-07-01T14:00:00Z,OSK,56.84,4,Market On Close,Filled,227.36,"adjust" 
2014-07-01T14:00:00Z,PSX,80.6,22,Market On Close,Filled,1773.2,"buy" 
2014-07-01T14:00:00Z,THO,56.93,5,Market On Close,Filled,284.65,"adjust" 
2014-07-01T14:00:00Z,UTHR,91.48,3,Market On Close,Filled,274.44,"adjust" 
2014-07-01T14:00:00Z,VLO,50.31,23,Market On Close,Filled,1157.13,"buy" 
2014-08-01T14:00:00Z,SWKS,52.07,-8,Market On Close,Filled,-416.56,"adjust" 
2014-08-01T14:00:00Z,ANK,58.88,-4,Market On Close,Filled,-235.52,"adjust" 
2014-08-01T14:00:00Z,CMCO,23.16,-50,Market On Close,Filled,-1158,"expired" 
2014-08-01T14:00:00Z,CORE,46.94,-6,Market On Close,Filled,-281.64,"adjust" 
2014-08-01T14:00:00Z,CSGS,26.96,-55,Market On Close,Filled,-1482.8,"band" 
2014-08-01T14:00:00Z,HLIT,5.94,-206,Market On Close,Filled,-1223.64,"band" 
2014-08-01T14:00:00Z,HLS,38.48,-53,Market On Close,Filled,-2039.44,"band" 
2014-08-01T14:00:00Z,LEA,93.34,-4,Market On Close,Filled,-373.36,"adjust" 
2014-08-01T14:00:00Z,MOD,13.25,-63,Market On Close,Filled,-834.75,"expired" 
2014-08-01T14:00:00Z,NUS,59.03,-9,Market On Close,Filled,-531.27,"band" 
2014-08-01T14:00:00Z,PPC,28.82,-8,Market On Close,Filled,-230.56,"adjust" 
2014-08-01T14:00:00Z,RBIN,42.31,-30,Market On Close,Filled,-1269.3,"band" 
2014-08-01T14:00:00Z,THO,52.63,-28,Market On Close,Filled,-1473.64,"band" 
2014-08-01T14:00:00Z,UHS,105.37,-6,Market On Close,Filled,-632.22,"adjust" 
2014-08-01T14:00:00Z,AAPL,96.13,17,Market On Close,Filled,1634.21,"buy" 
2014-08-01T14:00:00Z,AVT,42.58,6,Market On Close,Filled,255.48,"adjust" 
2014-08-01T14:00:00Z,CIR,65.06,3,Market On Close,Filled,195.18,"adjust" 
2014-08-01T14:00:00Z,DLX,55.05,28,Market On Close,Filled,1541.4,"buy" 
2014-08-01T14:00:00Z,FSLR,62.03,4,Market On Close,Filled,248.12,"adjust" 
2014-08-01T14:00:00Z,GLW,19.88,73,Market On Close,Filled,1451.24,"buy" 
2014-08-01T14:00:00Z,HP,105.48,13,Market On Close,Filled,1371.24,"buy" 
2014-08-01T14:00:00Z,ICFI,34.43,6,Market On Close,Filled,206.58,"adjust" 
2014-08-01T14:00:00Z,KWR,71.04,4,Market On Close,Filled,284.16,"adjust" 
2014-08-01T14:00:00Z,LSCC,6.86,129,Market On Close,Filled,884.94,"buy" 
2014-08-01T14:00:00Z,MTRX,26.71,8,Market On Close,Filled,213.68,"adjust" 
2014-08-01T14:00:00Z,NTCT,42.4,30,Market On Close,Filled,1272,"buy" 
2014-08-01T14:00:00Z,KAI,38.04,6,Market On Close,Filled,228.24,"adjust" 
2014-08-01T14:00:00Z,UBNT,39.07,15,Market On Close,Filled,586.05,"buy" 
2014-08-01T14:00:00Z,UNF,97.36,3,Market On Close,Filled,292.08,"adjust" 
2014-08-01T14:00:00Z,ZBRA,80.31,14,Market On Close,Filled,1124.34,"buy" 
2014-09-02T14:00:00Z,ALG,49.03,-21,Market On Close,Filled,-1029.63,"band" 
2014-09-02T14:00:00Z,CALM,81.34,-4,Market On Close,Filled,-325.36,"adjust" 
2014-09-02T14:00:00Z,SNS,348.79,-3,Market On Close,Filled,-1046.37,"band" 
2014-09-02T14:00:00Z,DAKT,13.36,-65,Market On Close,Filled,-868.4,"expired" 
2014-09-02T14:00:00Z,EGY,8.88,-27,Market On Close,Filled,-239.76,"adjust" 
2014-09-02T14:00:00Z,FF,14,-45,Market On Close,Filled,-630,"band" 
2014-09-02T14:00:00Z,GCI,34.1,-6,Market On Close,Filled,-204.6,"adjust" 
2014-09-02T14:00:00Z,JCOM,53.76,-21,Market On Close,Filled,-1128.96,"band" 
2014-09-02T14:00:00Z,LEA,102.25,-2,Market On Close,Filled,-204.5,"adjust" 
2014-09-02T14:00:00Z,MOV,37.58,-28,Market On Close,Filled,-1052.24,"band" 
2014-09-02T14:00:00Z,OSK,49.6,-27,Market On Close,Filled,-1339.2,"band" 
2014-09-02T14:00:00Z,PRFT,17.59,-52,Market On Close,Filled,-914.68,"band" 
2014-09-02T14:00:00Z,SAFM,92.9,-4,Market On Close,Filled,-371.6,"adjust" 
2014-09-02T14:00:00Z,SKX,61.23,-4,Market On Close,Filled,-244.92,"adjust" 
2014-09-02T14:00:00Z,TASR,17.54,-57,Market On Close,Filled,-999.78,"band" 
2014-09-02T14:00:00Z,UBNT,46.68,-15,Market On Close,Filled,-700.2,"band" 
2014-09-02T14:00:00Z,UTHR,115.22,-6,Market On Close,Filled,-691.32,"adjust" 
2014-09-02T14:00:00Z,FL,57.25,-4,Market On Close,Filled,-229,"adjust" 
2014-09-02T14:00:00Z,ARLP,50.09,38,Market On Close,Filled,1903.42,"buy" 
2014-09-02T14:00:00Z,BABY,29.06,34,Market On Close,Filled,988.04,"buy" 
2014-09-02T14:00:00Z,CTR,35.75,34,Market On Close,Filled,1215.5,"buy" 
2014-09-02T14:00:00Z,CTSH,45.88,26,Market On Close,Filled,1192.88,"buy" 
2014-09-02T14:00:00Z,DLB,46.21,42,Market On Close,Filled,1940.82,"buy" 
2014-09-02T14:00:00Z,DMLP,33.98,65,Market On Close,Filled,2208.7,"buy" 
2014-09-02T14:00:00Z,DV,42.73,28,Market On Close,Filled,1196.44,"buy" 
2014-09-02T14:00:00Z,GPRE,44.68,21,Market On Close,Filled,938.28,"buy" 
2014-09-02T14:00:00Z,HURN,60.58,4,Market On Close,Filled,242.32,"adjust" 
2014-09-02T14:00:00Z,INTC,34.57,44,Market On Close,Filled,1521.08,"buy" 
2014-09-02T14:00:00Z,RSC,106.48,6,Market On Close,Filled,638.88,"buy" 
2014-10-01T14:00:00Z,AAPL,99.18,-2,Market On Close,Filled,-198.36,"adjust" 
2014-10-01T14:00:00Z,CALM,87.8,-3,Market On Close,Filled,-263.4,"adjust" 
2014-10-01T14:00:00Z,CORE,51.69,-9,Market On Close,Filled,-465.21,"adjust" 
2014-10-01T14:00:00Z,DMLP,29.92,-11,Market On Close,Filled,-329.12,"adjust" 
2014-10-01T14:00:00Z,EPAM,43.11,-20,Market On Close,Filled,-862.2,"band" 
2014-10-01T14:00:00Z,LZB,19.45,-46,Market On Close,Filled,-894.7,"band" 
2014-10-01T14:00:00Z,NOC,128.02,-3,Market On Close,Filled,-384.06,"adjust" 
2014-10-01T14:00:00Z,RGR,47.4,-20,Market On Close,Filled,-948,"band" 
2014-10-01T14:00:00Z,SAIA,48.53,-5,Market On Close,Filled,-242.65,"adjust" 
2014-10-01T14:00:00Z,SNX,63.14,-11,Market On Close,Filled,-694.54,"band" 
2014-10-01T14:00:00Z,EW,103.39,12,Market On Close,Filled,1240.68,"buy" 
2014-10-01T14:00:00Z,FD,57.76,27,Market On Close,Filled,1559.52,"buy" 
2014-10-01T14:00:00Z,GNTX,26.49,10,Market On Close,Filled,264.9,"adjust" 
2014-10-01T14:00:00Z,KFY,24.21,10,Market On Close,Filled,242.1,"adjust" 
2014-10-01T14:00:00Z,MED,31.78,29,Market On Close,Filled,921.62,"buy" 
2014-10-01T14:00:00Z,MPC,82.44,15,Market On Close,Filled,1236.6,"buy" 
2014-11-03T15:00:00Z,SWKS,60.23,-4,Market On Close,Filled,-240.92,"adjust" 
2014-11-03T15:00:00Z,ANK,68.54,-3,Market On Close,Filled,-205.62,"adjust" 
2014-11-03T15:00:00Z,ARLP,49.4,-11,Market On Close,Filled,-543.4,"adjust" 
2014-11-03T15:00:00Z,AVT,43.02,-5,Market On Close,Filled,-215.1,"adjust" 
2014-11-03T15:00:00Z,CIR,74.75,-17,Market On Close,Filled,-1270.75,"band" 
2014-11-03T15:00:00Z,DAL,40.61,-6,Market On Close,Filled,-243.66,"adjust" 
2014-11-03T15:00:00Z,DMLP,26.65,-12,Market On Close,Filled,-319.8,"adjust" 
2014-11-03T15:00:00Z,ENS,62.46,-22,Market On Close,Filled,-1374.12,"band" 
2014-11-03T15:00:00Z,EW,119.93,-3,Market On Close,Filled,-359.79,"adjust" 
2014-11-03T15:00:00Z,GNTX,32.68,-67,Market On Close,Filled,-2189.56,"band" 
2014-11-03T15:00:00Z,ICFI,36.26,-37,Market On Close,Filled,-1341.62,"band" 
2014-11-03T15:00:00Z,KWR,83.27,-23,Market On Close,Filled,-1915.21,"band" 
2014-11-03T15:00:00Z,NP,61.73,-5,Market On Close,Filled,-308.65,"adjust" 
2014-11-03T15:00:00Z,NTCT,37.31,-6,Market On Close,Filled,-223.86,"adjust" 
2014-11-03T15:00:00Z,OSTK,23.59,-40,Market On Close,Filled,-943.6,"band" 
2014-11-03T15:00:00Z,PPC,28.9,-10,Market On Close,Filled,-289,"adjust" 
2014-11-03T15:00:00Z,PSX,76.68,-4,Market On Close,Filled,-306.72,"adjust" 
2014-11-03T15:00:00Z,SYNA,65.72,-6,Market On Close,Filled,-394.32,"expired" 
2014-11-03T15:00:00Z,TTWO,25.83,-13,Market On Close,Filled,-335.79,"adjust" 
2014-11-03T15:00:00Z,USNA,115.22,-6,Market On Close,Filled,-691.32,"adjust" 
2014-11-03T15:00:00Z,CHE,104.64,19,Market On Close,Filled,1988.16,"buy" 
2014-11-03T15:00:00Z,DDS,108.15,2,Market On Close,Filled,216.3,"adjust" 
2014-11-03T15:00:00Z,DLB,42.15,10,Market On Close,Filled,421.5,"adjust" 
2014-11-03T15:00:00Z,HVT,21.77,12,Market On Close,Filled,261.24,"adjust" 
2014-11-03T15:00:00Z,MED,31.98,7,Market On Close,Filled,223.86,"adjust" 
2014-11-03T15:00:00Z,MSM,81.03,23,Market On Close,Filled,1863.69,"buy" 
2014-11-03T15:00:00Z,NHC,60.35,27,Market On Close,Filled,1629.45,"buy" 
2014-11-03T15:00:00Z,TPL,156.45,4,Market On Close,Filled,625.8,"buy" 
2014-11-03T15:00:00Z,TSN,40.83,5,Market On Close,Filled,204.15,"adjust" 
2014-11-03T15:00:00Z,VMW,84.27,5,Market On Close,Filled,421.35,"adjust" 
2014-11-03T15:00:00Z,WLK,71.04,17,Market On Close,Filled,1207.68,"buy" 
2014-11-03T15:00:00Z,WSM,64.96,22,Market On Close,Filled,1429.12,"buy" 
2014-11-03T15:00:00Z,XRX,13.29,100,Market On Close,Filled,1329,"buy" 
2014-11-03T15:00:00Z,FL,56.17,5,Market On Close,Filled,280.85,"adjust" 
2014-12-01T15:00:00Z,COLM,43.66,-5,Market On Close,Filled,-218.3,"adjust" 
2014-12-01T15:00:00Z,DDS,116.64,-2,Market On Close,Filled,-233.28,"adjust" 
2014-12-01T15:00:00Z,EGY,5.94,-69,Market On Close,Filled,-409.86,"universe" 
2014-12-01T15:00:00Z,FSLR,45.76,-12,Market On Close,Filled,-549.12,"band" 
2014-12-01T15:00:00Z,WNC,10.54,-83,Market On Close,Filled,-874.82,"band" 
2014-12-01T15:00:00Z,WSM,73.1,-5,Market On Close,Filled,-365.5,"adjust" 
2014-12-01T15:00:00Z,FL,56.35,-5,Market On Close,Filled,-281.75,"adjust" 
2014-12-01T15:00:00Z,GLW,20.91,12,Market On Close,Filled,250.92,"adjust" 
2014-12-01T15:00:00Z,LRW,22.27,12,Market On Close,Filled,267.24,"adjust" 
2014-12-01T15:00:00Z,MYGN,33.01,7,Market On Close,Filled,231.07,"adjust" 
2014-12-01T15:00:00Z,RSC,62.78,4,Market On Close,Filled,251.12,"adjust" 
2014-12-01T15:00:00Z,SANM,24.13,28,Market On Close,Filled,675.64,"buy" 
2014-12-01T15:00:00Z,TSRA,34.41,33,Market On Close,Filled,1135.53,"buy" 
2014-12-01T15:00:00Z,UEPS,12.22,82,Market On Close,Filled,1002.04,"buy" 
2014-12-01T15:00:00Z,VLO,48.9,5,Market On Close,Filled,244.5,"adjust" 
2014-12-01T15:00:00Z,ZBRA,72.9,3,Market On Close,Filled,218.7,"adjust" 
2015-01-02T15:00:00Z,CRUS,23.71,-44,Market On Close,Filled,-1043.24,"band" 
2015-01-02T15:00:00Z,DAL,49.18,-5,Market On Close,Filled,-245.9,"adjust" 
2015-01-02T15:00:00Z,GIII,100,-5,Market On Close,Filled,-500,"adjust" 
2015-01-02T15:00:00Z,GLW,23.01,-13,Market On Close,Filled,-299.13,"adjust" 
2015-01-02T15:00:00Z,HP,67.34,-13,Market On Close,Filled,-875.42,"band" 
2015-01-02T15:00:00Z,MED,32.24,-6,Market On Close,Filled,-193.44,"adjust" 
2015-01-02T15:00:00Z,MTRX,22.24,-27,Market On Close,Filled,-600.48,"band" 
2015-01-02T15:00:00Z,MU,34.75,-30,Market On Close,Filled,-1042.5,"expired" 
2015-01-02T15:00:00Z,NOC,146.46,-4,Market On Close,Filled,-585.84,"adjust" 
2015-01-02T15:00:00Z,KAI,42.38,-5,Market On Close,Filled,-211.9,"adjust" 
2015-01-02T15:00:00Z,UNF,120.15,-2,Market On Close,Filled,-240.3,"adjust" 
2015-01-02T15:00:00Z,GME,33.8,6,Market On Close,Filled,202.8,"adjust" 
2015-01-02T15:00:00Z,LRCX,79.45,17,Market On Close,Filled,1350.65,"buy" 
2015-01-02T15:00:00Z,NVDA,20.13,72,Market On Close,Filled,1449.36,"buy" 
2015-01-02T15:00:00Z,USNA,102.28,2,Market On Close,Filled,204.56,"adjust" 
2015-01-02T15:00:00Z,UTHR,127.73,2,Market On Close,Filled,255.46,"adjust" 
2015-01-02T15:00:00Z,GHC,860.94,1,Market On Close,Filled,860.94,"buy" 
2015-01-02T15:00:00Z,ZUMZ,38.21,26,Market On Close,Filled,993.46,"buy" 
2015-02-02T15:00:00Z,AAPL,118.63,-3,Market On Close,Filled,-355.89,"adjust" 
2015-02-02T15:00:00Z,SWKS,82.02,-14,Market On Close,Filled,-1148.28,"expired" 
2015-02-02T15:00:00Z,ANK,67.42,-21,Market On Close,Filled,-1415.82,"band" 
2015-02-02T15:00:00Z,CORE,67.5,-4,Market On Close,Filled,-270,"adjust" 
2015-02-02T15:00:00Z,DLB,38.71,-52,Market On Close,Filled,-2012.92,"expired" 
2015-02-02T15:00:00Z,HVT,24.79,-10,Market On Close,Filled,-247.9,"adjust" 
2015-02-02T15:00:00Z,HURN,75.13,-20,Market On Close,Filled,-1502.6,"band" 
2015-02-02T15:00:00Z,LRW,22.38,-54,Market On Close,Filled,-1208.52,"band" 
2015-02-02T15:00:00Z,MPC,93.91,-3,Market On Close,Filled,-281.73,"adjust" 
2015-02-02T15:00:00Z,NTCT,35.81,-24,Market On Close,Filled,-859.44,"band" 
2015-02-02T15:00:00Z,PSX,72.8,-3,Market On Close,Filled,-218.4,"adjust" 
2015-02-02T15:00:00Z,SANM,20.87,-28,Market On Close,Filled,-584.36,"expired" 
2015-02-02T15:00:00Z,TSN,39.57,-34,Market On Close,Filled,-1345.38,"band" 
2015-02-02T15:00:00Z,VLO,54.42,-5,Market On Close,Filled,-272.1,"adjust" 
2015-02-02T15:00:00Z,ACCO,8.13,137,Market On Close,Filled,1113.81,"buy" 
2015-02-02T15:00:00Z,AVT,41.9,6,Market On Close,Filled,251.4,"adjust" 
2015-02-02T15:00:00Z,BBY,34.97,27,Market On Close,Filled,944.19,"buy" 
2015-02-02T15:00:00Z,CHE,103.1,2,Market On Close,Filled,206.2,"adjust" 
2015-02-02T15:00:00Z,CRMT,53.64,20,Market On Close,Filled,1072.8,"buy" 
2015-02-02T15:00:00Z,EW,125.48,2,Market On Close,Filled,250.96,"adjust" 
2015-02-02T15:00:00Z,GES,18.23,13,Market On Close,Filled,236.99,"adjust" 
2015-02-02T15:00:00Z,IDT,21.59,56,Market On Close,Filled,1209.04,"buy" 
2015-02-02T15:00:00Z,MU,28.44,36,Market On Close,Filled,1023.84,"buy" 
2015-02-02T15:00:00Z,KFRC,23.67,57,Market On Close,Filled,1349.19,"buy" 
2015-02-02T15:00:00Z,SAIA,41.87,5,Market On Close,Filled,209.35,"adjust" 
2015-02-02T15:00:00Z,SMP,37.5,6,Market On Close,Filled,225,"adjust" 
2015-02-02T15:00:00Z,TPL,118.91,2,Market On Close,Filled,237.82,"adjust" 
2015-02-02T15:00:00Z,UHS,103.14,2,Market On Close,Filled,206.28,"adjust" 
2015-02-02T15:00:00Z,VDSI,21.74,26,Market On Close,Filled,565.24,"buy" 
2015-02-02T15:00:00Z,XRX,13.38,16,Market On Close,Filled,214.08,"adjust" 
2015-03-02T15:00:00Z,CHE,117.88,-5,Market On Close,Filled,-589.4,"adjust" 
2015-03-02T15:00:00Z,COLM,56.35,-16,Market On Close,Filled,-901.6,"adjust" 
2015-03-02T15:00:00Z,MED,32.35,-30,Market On Close,Filled,-970.5,"universe" 
2015-03-02T15:00:00Z,SMP,42.33,-8,Market On Close,Filled,-338.64,"adjust" 
2015-03-02T15:00:00Z,TPL,138.25,-6,Market On Close,Filled,-829.5,"band" 
2015-03-02T15:00:00Z,TSRA,41.93,-5,Market On Close,Filled,-209.65,"adjust" 
2015-03-02T15:00:00Z,TTWO,26.06,-38,Market On Close,Filled,-990.28,"band" 
2015-03-02T15:00:00Z,VMW,86.59,-16,Market On Close,Filled,-1385.44,"band" 
2015-03-02T15:00:00Z,WLK,67.38,-17,Market On Close,Filled,-1145.46,"band" 
2015-03-02T15:00:00Z,BKE,51.48,31,Market On Close,Filled,1595.88,"buy" 
2015-03-02T15:00:00Z,CTB,38.52,39,Market On Close,Filled,1502.28,"buy" 
2015-03-02T15:00:00Z,GPRE,23.49,9,Market On Close,Filled,211.41,"adjust" 
2015-03-02T15:00:00Z,KLIC,16.33,86,Market On Close,Filled,1404.38,"buy" 
2015-03-02T15:00:00Z,MEI,39.12,6,Market On Close,Filled,234.72,"adjust" 
2015-03-02T15:00:00Z,MSM,73.18,5,Market On Close,Filled,365.9,"adjust" 
2015-03-02T15:00:00Z,NHC,64.1,5,Market On Close,Filled,320.5,"adjust" 
2015-03-02T15:00:00Z,OSTK,23.86,40,Market On Close,Filled,954.4,"buy" 
2015-03-02T15:00:00Z,RSC,54.95,4,Market On Close,Filled,219.8,"adjust" 
2015-03-02T15:00:00Z,STRA,61.23,17,Market On Close,Filled,1040.91,"buy" 
2015-03-02T15:00:00Z,UNF,120.41,3,Market On Close,Filled,361.23,"adjust" 
2015-04-01T14:00:00Z,DAL,43.26,-21,Market On Close,Filled,-908.46,"band" 
2015-04-01T14:00:00Z,DLX,68.72,-5,Market On Close,Filled,-343.6,"adjust" 
2015-04-01T14:00:00Z,EW,140.7,-2,Market On Close,Filled,-281.4,"adjust" 
2015-04-01T14:00:00Z,GES,18.23,-65,Market On Close,Filled,-1184.95,"band" 
2015-04-01T14:00:00Z,GPRE,29.69,-30,Market On Close,Filled,-890.7,"band" 
2015-04-01T14:00:00Z,HVT,24.05,-48,Market On Close,Filled,-1154.4,"band" 
2015-04-01T14:00:00Z,KAI,53.73,-6,Market On Close,Filled,-322.38,"adjust" 
2015-04-01T14:00:00Z,ZBRA,89.56,-17,Market On Close,Filled,-1522.52,"band" 
2015-04-01T14:00:00Z,ARLP,32.99,9,Market On Close,Filled,296.91,"adjust" 
2015-04-01T14:00:00Z,CENX,14.12,47,Market On Close,Filled,663.64,"buy" 
2015-04-01T14:00:00Z,GIII,113.19,2,Market On Close,Filled,226.38,"adjust" 
2015-04-01T14:00:00Z,GILD,97.72,12,Market On Close,Filled,1172.64,"buy" 
2015-04-01T14:00:00Z,LSCC,6.28,40,Market On Close,Filled,251.2,"adjust" 
2015-04-01T14:00:00Z,MERC,15.69,70,Market On Close,Filled,1098.3,"buy" 
2015-04-01T14:00:00Z,PLUS,88.42,12,Market On Close,Filled,1061.04,"buy" 
2015-04-01T14:00:00Z,PPC,23.76,10,Market On Close,Filled,237.6,"adjust" 
2015-04-01T14:00:00Z,KFRC,22.48,9,Market On Close,Filled,202.32,"adjust" 
2015-04-01T14:00:00Z,SMCI,33.72,26,Market On Close,Filled,876.72,"buy" 
2015-04-01T14:00:00Z,UEIC,56.35,4,Market On Close,Filled,225.4,"adjust" 
2015-04-01T14:00:00Z,WSM,78.74,3,Market On Close,Filled,236.22,"adjust" 
2015-05-01T14:00:00Z,ARLP,34.2,-36,Market On Close,Filled,-1231.2,"band" 
2015-05-01T14:00:00Z,DLX,65.49,-23,Market On Close,Filled,-1506.27,"expired" 
2015-05-01T14:00:00Z,DMLP,22.8,-42,Market On Close,Filled,-957.6,"band" 
2015-05-01T14:00:00Z,GLW,21.44,-72,Market On Close,Filled,-1543.68,"expired" 
2015-05-01T14:00:00Z,HPQ,33.8,-42,Market On Close,Filled,-1419.6,"band" 
2015-05-01T14:00:00Z,LSCC,6.12,-169,Market On Close,Filled,-1034.28,"band" 
2015-05-01T14:00:00Z,MERC,14.26,-70,Market On Close,Filled,-998.2,"expired" 
2015-05-01T14:00:00Z,MSM,71.58,-28,Market On Close,Filled,-2004.24,"band" 
2015-05-01T14:00:00Z,MYGN,34.18,-27,Market On Close,Filled,-922.86,"band" 
2015-05-01T14:00:00Z,NSIT,28.07,-40,Market On Close,Filled,-1122.8,"expired" 
2015-05-01T14:00:00Z,PPC,25.44,-37,Market On Close,Filled,-941.28,"expired" 
2015-05-01T14:00:00Z,PSX,81.61,-15,Market On Close,Filled,-1224.15,"expired" 
2015-05-01T14:00:00Z,KFRC,22.73,-66,Market On Close,Filled,-1500.18,"expired" 
2015-05-01T14:00:00Z,SAIA,41.08,-26,Market On Close,Filled,-1068.08,"expired" 
2015-05-01T14:00:00Z,SKX,91.67,-7,Market On Close,Filled,-641.69,"adjust" 
2015-05-01T14:00:00Z,SMP,36.25,-30,Market On Close,Filled,-1087.5,"expired" 
2015-05-01T14:00:00Z,XRX,11.52,-116,Market On Close,Filled,-1336.32,"expired" 
2015-05-01T14:00:00Z,ABFS,36.75,6,Market On Close,Filled,220.5,"adjust" 
2015-05-01T14:00:00Z,SWKS,98.3,12,Market On Close,Filled,1179.6,"buy" 
2015-05-01T14:00:00Z,AMWD,52.24,24,Market On Close,Filled,1253.76,"buy" 
2015-05-01T14:00:00Z,BBY,35.18,7,Market On Close,Filled,246.26,"adjust" 
2015-05-01T14:00:00Z,BWS,30.04,40,Market On Close,Filled,1201.6,"buy" 
2015-05-01T14:00:00Z,CBRL,133.83,11,Market On Close,Filled,1472.13,"buy" 
2015-05-01T14:00:00Z,CRMT,51.81,4,Market On Close,Filled,207.24,"adjust" 
2015-05-01T14:00:00Z,CNC,62.9,21,Market On Close,Filled,1320.9,"buy" 
2015-05-01T14:00:00Z,DDS,133.38,2,Market On Close,Filled,266.76,"adjust" 
2015-05-01T14:00:00Z,DLTR,77.73,25,Market On Close,Filled,1943.25,"buy" 
2015-05-01T14:00:00Z,DEPO,23.86,33,Market On Close,Filled,787.38,"buy" 
2015-05-01T14:00:00Z,FARO,40.51,17,Market On Close,Filled,688.67,"buy" 
2015-05-01T14:00:00Z,IMKTA,43.06,21,Market On Close,Filled,904.26,"buy" 
2015-05-01T14:00:00Z,KLIC,15.61,19,Market On Close,Filled,296.59,"adjust" 
2015-05-01T14:00:00Z,KSS,73.09,23,Market On Close,Filled,1681.07,"buy" 
2015-05-01T14:00:00Z,LHCG,31.64,31,Market On Close,Filled,980.84,"buy" 
2015-05-01T14:00:00Z,NLNK,46.64,11,Market On Close,Filled,513.04,"buy" 
2015-05-01T14:00:00Z,NOC,156.01,2,Market On Close,Filled,312.02,"adjust" 
2015-05-01T14:00:00Z,PLCE,62.14,24,Market On Close,Filled,1491.36,"buy" 
2015-05-01T14:00:00Z,SCVL,26.16,39,Market On Close,Filled,1020.24,"buy" 
2015-05-01T14:00:00Z,SPTN,30.82,51,Market On Close,Filled,1571.82,"buy" 
2015-05-01T14:00:00Z,STMP,62.01,13,Market On Close,Filled,806.13,"buy" 
2015-05-01T14:00:00Z,STRA,50.4,4,Market On Close,Filled,201.6,"adjust" 
2015-05-01T14:00:00Z,UNH,113.2,14,Market On Close,Filled,1584.8,"buy" 
2015-05-01T14:00:00Z,WSM,75.01,3,Market On Close,Filled,225.03,"adjust" 
2015-05-01T14:00:00Z,ZUMZ,31.89,7,Market On Close,Filled,223.23,"adjust" 
2015-06-01T14:00:00Z,SWKS,109.45,-3,Market On Close,Filled,-328.35,"adjust" 
2015-06-01T14:00:00Z,AVT,44.06,-40,Market On Close,Filled,-1762.4,"band" 
2015-06-01T14:00:00Z,CALM,57.29,-12,Market On Close,Filled,-687.48,"adjust" 
2015-06-01T14:00:00Z,CNC,75.9,-3,Market On Close,Filled,-227.7,"adjust" 
2015-06-01T14:00:00Z,DV,32.32,-28,Market On Close,Filled,-904.96,"band" 
2015-06-01T14:00:00Z,FARO,43.39,-17,Market On Close,Filled,-737.63,"band" 
2015-06-01T14:00:00Z,IMKTA,48.38,-6,Market On Close,Filled,-290.28,"adjust" 
2015-06-01T14:00:00Z,KSS,64.67,-4,Market On Close,Filled,-258.68,"adjust" 
2015-06-01T14:00:00Z,NVDA,22.38,-12,Market On Close,Filled,-268.56,"adjust" 
2015-06-01T14:00:00Z,STMP,68.56,-3,Market On Close,Filled,-205.68,"adjust" 
2015-06-01T14:00:00Z,UHS,131.03,-2,Market On Close,Filled,-262.06,"adjust" 
2015-06-01T14:00:00Z,USNA,129.52,-3,Market On Close,Filled,-388.56,"adjust" 
2015-06-01T14:00:00Z,BKE,42.66,5,Market On Close,Filled,213.3,"adjust" 
2015-06-01T14:00:00Z,CTR,37.1,8,Market On Close,Filled,296.8,"adjust" 
2015-06-01T14:00:00Z,COLM,56.37,4,Market On Close,Filled,225.48,"adjust" 
2015-06-01T14:00:00Z,DECK,68.35,4,Market On Close,Filled,273.4,"adjust" 
2015-06-01T14:00:00Z,DSW,34.88,47,Market On Close,Filled,1639.36,"buy" 
2015-06-01T14:00:00Z,NHC,62.8,4,Market On Close,Filled,251.2,"adjust" 
2015-06-01T14:00:00Z,NP,60.22,4,Market On Close,Filled,240.88,"adjust" 
2015-06-01T14:00:00Z,SYKE,24.31,65,Market On Close,Filled,1580.15,"buy" 
2015-07-01T14:00:00Z,CENX,10.12,-47,Market On Close,Filled,-475.64,"band" 
2015-07-01T14:00:00Z,CRMT,50.02,-24,Market On Close,Filled,-1200.48,"universe" 
2015-07-01T14:00:00Z,FD,67.71,-3,Market On Close,Filled,-203.13,"adjust" 
2015-07-01T14:00:00Z,GCI,32.97,-11,Market On Close,Filled,-362.67,"adjust" 
2015-07-01T14:00:00Z,GIII,71.25,-5,Market On Close,Filled,-356.25,"adjust" 
2015-07-01T14:00:00Z,LHCG,37.53,-6,Market On Close,Filled,-225.18,"adjust" 
2015-07-01T14:00:00Z,STRA,43.23,-21,Market On Close,Filled,-907.83,"band" 
2015-07-01T14:00:00Z,UEPS,18.68,-30,Market On Close,Filled,-560.4,"adjust" 
2015-07-01T14:00:00Z,UHS,143.09,-3,Market On Close,Filled,-429.27,"adjust" 
2015-07-01T14:00:00Z,AAPL,126.6,2,Market On Close,Filled,253.2,"adjust" 
2015-07-01T14:00:00Z,ABMD,66.16,10,Market On Close,Filled,661.6,"buy" 
2015-07-01T14:00:00Z,AEIS,27.61,46,Market On Close,Filled,1270.06,"buy" 
2015-07-01T14:00:00Z,AEOS,17.38,69,Market On Close,Filled,1199.22,"buy" 
2015-07-01T14:00:00Z,DDS,106.39,3,Market On Close,Filled,319.17,"adjust" 
2015-07-01T14:00:00Z,INTC,30.18,7,Market On Close,Filled,211.26,"adjust" 
2015-07-01T14:00:00Z,SAFM,74.54,4,Market On Close,Filled,298.16,"adjust" 
2015-07-01T14:00:00Z,SCHL,44.92,34,Market On Close,Filled,1527.28,"buy" 
2015-07-01T14:00:00Z,UNF,117.39,2,Market On Close,Filled,234.78,"adjust" 
2015-08-03T14:00:00Z,ABMD,77.4,-10,Market On Close,Filled,-774,"expired" 
2015-08-03T14:00:00Z,AMWD,64.66,-5,Market On Close,Filled,-323.3,"adjust" 
2015-08-03T14:00:00Z,BABY,44.53,-5,Market On Close,Filled,-222.65,"adjust" 
2015-08-03T14:00:00Z,BAH,27.21,-11,Market On Close,Filled,-299.31,"adjust" 
2015-08-03T14:00:00Z,CHE,149.08,-3,Market On Close,Filled,-447.24,"adjust" 
2015-08-03T14:00:00Z,COLM,64.69,-8,Market On Close,Filled,-517.52,"adjust" 
2015-08-03T14:00:00Z,DEPO,31.17,-18,Market On Close,Filled,-561.06,"adjust" 
2015-08-03T14:00:00Z,MU,19,-36,Market On Close,Filled,-684,"band" 
2015-08-03T14:00:00Z,NOC,172.16,-2,Market On Close,Filled,-344.32,"adjust" 
2015-08-03T14:00:00Z,SKX,148.65,-5,Market On Close,Filled,-743.25,"adjust" 
2015-08-03T14:00:00Z,UEIC,50.71,-23,Market On Close,Filled,-1166.33,"band" 
2015-08-03T14:00:00Z,WDC,85.85,-15,Market On Close,Filled,-1287.75,"band" 
2015-08-03T14:00:00Z,ASGN,37.88,31,Market On Close,Filled,1174.28,"buy" 
2015-08-03T14:00:00Z,BBY,31.97,7,Market On Close,Filled,223.79,"adjust" 
2015-08-03T14:00:00Z,CRUS,31.43,24,Market On Close,Filled,754.32,"buy" 
2015-08-03T14:00:00Z,KLIC,10.09,21,Market On Close,Filled,211.89,"adjust" 
2015-08-03T14:00:00Z,KSS,60.85,4,Market On Close,Filled,243.4,"adjust" 
2015-08-03T14:00:00Z,NPK,78.87,23,Market On Close,Filled,1814.01,"buy" 
2015-08-03T14:00:00Z,NVDA,20.29,11,Market On Close,Filled,223.19,"adjust" 
2015-08-03T14:00:00Z,OSTK,21.13,13,Market On Close,Filled,274.69,"adjust" 
2015-08-03T14:00:00Z,RSC,50.43,5,Market On Close,Filled,252.15,"adjust" 
2015-08-03T14:00:00Z,SMCI,26.61,9,Market On Close,Filled,239.49,"adjust" 
2015-08-03T14:00:00Z,KAI,45.1,5,Market On Close,Filled,225.5,"adjust" 
2015-08-03T14:00:00Z,TSRA,34.64,11,Market On Close,Filled,381.04,"adjust" 
2015-08-03T14:00:00Z,GHC,688.77,1,Market On Close,Filled,688.77,"adjust" 
2015-09-01T14:00:00Z,AAPL,107.72,-2,Market On Close,Filled,-215.44,"adjust" 
2015-09-01T14:00:00Z,AMWD,64.83,-4,Market On Close,Filled,-259.32,"adjust" 
2015-09-01T14:00:00Z,BBY,35.45,-12,Market On Close,Filled,-425.4,"adjust" 
2015-09-01T14:00:00Z,CTSH,61.23,-4,Market On Close,Filled,-244.92,"adjust" 
2015-09-01T14:00:00Z,DLTR,69.65,-3,Market On Close,Filled,-208.95,"adjust" 
2015-09-01T14:00:00Z,IDT,15.05,-56,Market On Close,Filled,-842.8,"universe" 
2015-09-01T14:00:00Z,KLIC,10.59,-126,Market On Close,Filled,-1334.34,"band" 
2015-09-01T14:00:00Z,LEA,99.33,-2,Market On Close,Filled,-198.66,"adjust" 
2015-09-01T14:00:00Z,NHC,59.44,-4,Market On Close,Filled,-237.76,"adjust" 
2015-09-01T14:00:00Z,NPK,79.41,-3,Market On Close,Filled,-238.23,"adjust" 
2015-09-01T14:00:00Z,NVDA,21.56,-23,Market On Close,Filled,-495.88,"adjust" 
2015-09-01T14:00:00Z,RSC,50.24,-19,Market On Close,Filled,-954.56,"universe" 
2015-09-01T14:00:00Z,STMP,79.54,-3,Market On Close,Filled,-238.62,"adjust" 
2015-09-01T14:00:00Z,USNA,141.49,-2,Market On Close,Filled,-282.98,"adjust" 
2015-09-01T14:00:00Z,ABFS,27.61,11,Market On Close,Filled,303.71,"adjust" 
2015-09-01T14:00:00Z,CHE,133.06,2,Market On Close,Filled,266.12,"adjust" 
2015-09-01T14:00:00Z,DDS,89.97,3,Market On Close,Filled,269.91,"adjust" 
2015-09-01T14:00:00Z,FIX,27.5,38,Market On Close,Filled,1045,"buy" 
2015-09-01T14:00:00Z,FSS,13.66,17,Market On Close,Filled,232.22,"adjust" 
2015-09-01T14:00:00Z,GCI,23.22,12,Market On Close,Filled,278.64,"adjust" 
2015-09-01T14:00:00Z,GMED,23.83,65,Market On Close,Filled,1548.95,"buy" 
2015-09-01T14:00:00Z,PLUS,73.65,3,Market On Close,Filled,220.95,"adjust" 
2015-09-01T14:00:00Z,SUPN,18.83,39,Market On Close,Filled,734.37,"buy" 
2015-09-01T14:00:00Z,UFPI,58.8,21,Market On Close,Filled,1234.8,"buy" 
2015-10-01T14:00:00Z,AEIS,26.14,-46,Market On Close,Filled,-1202.44,"band" 
2015-10-01T14:00:00Z,CALM,56.47,-14,Market On Close,Filled,-790.58,"expired" 
2015-10-01T14:00:00Z,CTB,39.5,-7,Market On Close,Filled,-276.5,"adjust" 
2015-10-01T14:00:00Z,DLTR,67.44,-22,Market On Close,Filled,-1483.68,"band" 
2015-10-01T14:00:00Z,INTC,30,-51,Market On Close,Filled,-1530,"band" 
2015-10-01T14:00:00Z,LEA,109.68,-2,Market On Close,Filled,-219.36,"adjust" 
2015-10-01T14:00:00Z,LHCG,42.97,-5,Market On Close,Filled,-214.85,"adjust" 
2015-10-01T14:00:00Z,LRCX,64.44,-17,Market On Close,Filled,-1095.48,"band" 
2015-10-01T14:00:00Z,NP,58.27,-4,Market On Close,Filled,-233.08,"adjust" 
2015-10-01T14:00:00Z,SMCI,26.61,-35,Market On Close,Filled,-931.35,"band" 
2015-10-01T14:00:00Z,UNH,116.61,-2,Market On Close,Filled,-233.22,"adjust" 
2015-10-01T14:00:00Z,VLO,62.24,-4,Market On Close,Filled,-248.96,"adjust" 
2015-10-01T14:00:00Z,BAH,26.31,8,Market On Close,Filled,210.48,"adjust" 
2015-10-01T14:00:00Z,CENTA,16.33,64,Market On Close,Filled,1045.12,"buy" 
2015-10-01T14:00:00Z,DECK,58.08,4,Market On Close,Filled,232.32,"adjust" 
2015-10-01T14:00:00Z,ETH,27.09,46,Market On Close,Filled,1246.14,"buy" 
2015-10-01T14:00:00Z,FD,51.05,4,Market On Close,Filled,204.2,"adjust" 
2015-10-01T14:00:00Z,GT,29.42,43,Market On Close,Filled,1265.06,"buy" 
2015-10-01T14:00:00Z,KSS,45.06,5,Market On Close,Filled,225.3,"adjust" 
2015-10-01T14:00:00Z,LZB,26.98,59,Market On Close,Filled,1591.82,"buy" 
2015-10-01T14:00:00Z,OSTK,17.01,14,Market On Close,Filled,238.14,"adjust" 
2015-10-01T14:00:00Z,OTL,47.99,32,Market On Close,Filled,1535.68,"buy" 
2015-10-01T14:00:00Z,UTHR,129.38,2,Market On Close,Filled,258.76,"adjust" 
2015-11-02T15:00:00Z,ACCO,8.17,-137,Market On Close,Filled,-1119.29,"band" 
2015-11-02T15:00:00Z,BAH,29.75,-54,Market On Close,Filled,-1606.5,"band" 
2015-11-02T15:00:00Z,CHE,156.75,-8,Market On Close,Filled,-1254,"adjust" 
2015-11-02T15:00:00Z,CORE,80.58,-8,Market On Close,Filled,-644.64,"adjust" 
2015-11-02T15:00:00Z,NOC,189.54,-2,Market On Close,Filled,-379.08,"adjust" 
2015-11-02T15:00:00Z,OSTK,16.23,-67,Market On Close,Filled,-1087.41,"universe" 
2015-11-02T15:00:00Z,OTL,55.22,-4,Market On Close,Filled,-220.88,"adjust" 
2015-11-02T15:00:00Z,UFPI,74.72,-7,Market On Close,Filled,-523.04,"adjust" 
2015-11-02T15:00:00Z,VDSI,19.32,-26,Market On Close,Filled,-502.32,"band" 
2015-11-02T15:00:00Z,FL,68.24,-4,Market On Close,Filled,-272.96,"adjust" 
2015-11-02T15:00:00Z,ABMD,76.5,7,Market On Close,Filled,535.5,"buy" 
2015-11-02T15:00:00Z,AEOS,15.25,15,Market On Close,Filled,228.75,"adjust" 
2015-11-02T15:00:00Z,SWKS,79.3,4,Market On Close,Filled,317.2,"adjust" 
2015-11-02T15:00:00Z,BBY,35.43,7,Market On Close,Filled,248.01,"adjust" 
2015-11-02T15:00:00Z,BKE,35.25,6,Market On Close,Filled,211.5,"adjust" 
2015-11-02T15:00:00Z,CALM,54.73,16,Market On Close,Filled,875.68,"buy" 
2015-11-02T15:00:00Z,COLM,55.1,5,Market On Close,Filled,275.5,"adjust" 
2015-11-02T15:00:00Z,COTY,29.66,38,Market On Close,Filled,1127.08,"buy" 
2015-11-02T15:00:00Z,FD,51.34,4,Market On Close,Filled,205.36,"adjust" 
2015-11-02T15:00:00Z,MAN,92.87,15,Market On Close,Filled,1393.05,"buy" 
2015-11-02T15:00:00Z,PLCE,52.9,4,Market On Close,Filled,211.6,"adjust" 
2015-11-02T15:00:00Z,SAFM,71.25,3,Market On Close,Filled,213.75,"adjust" 
2015-11-02T15:00:00Z,SCHL,41.35,7,Market On Close,Filled,289.45,"adjust" 
2015-11-02T15:00:00Z,SCVL,22.63,13,Market On Close,Filled,294.19,"adjust" 
2015-11-02T15:00:00Z,SHOO,35,37,Market On Close,Filled,1295,"buy" 
2015-11-02T15:00:00Z,STMP,75.25,3,Market On Close,Filled,225.75,"adjust" 
2015-11-02T15:00:00Z,UEPS,17.34,14,Market On Close,Filled,242.76,"adjust" 
2015-11-02T15:00:00Z,USNA,130.34,2,Market On Close,Filled,260.68,"adjust" 
2015-12-01T15:00:00Z,ABFS,24.33,-39,Market On Close,Filled,-948.87,"band" 
2015-12-01T15:00:00Z,AMWD,84.96,-5,Market On Close,Filled,-424.8,"adjust" 
2015-12-01T15:00:00Z,DECK,48.91,-20,Market On Close,Filled,-978.2,"band" 
2015-12-01T15:00:00Z,FD,39.33,-32,Market On Close,Filled,-1258.56,"band" 
2015-12-01T15:00:00Z,GMED,27.73,-17,Market On Close,Filled,-471.41,"adjust" 
2015-12-01T15:00:00Z,PLUS,87.54,-5,Market On Close,Filled,-437.7,"adjust" 
2015-12-01T15:00:00Z,MRVL,9.38,-95,Market On Close,Filled,-891.1,"band" 
2015-12-01T15:00:00Z,NVDA,32.75,-13,Market On Close,Filled,-425.75,"adjust" 
2015-12-01T15:00:00Z,SCVL,21.78,-52,Market On Close,Filled,-1132.56,"universe" 
2015-12-01T15:00:00Z,STMP,101.32,-5,Market On Close,Filled,-506.6,"adjust" 
2015-12-01T15:00:00Z,SYKE,31.83,-11,Market On Close,Filled,-350.13,"adjust" 
2015-12-01T15:00:00Z,ZUMZ,14.94,-33,Market On Close,Filled,-493.02,"universe" 
2015-12-01T15:00:00Z,CTB,42.3,5,Market On Close,Filled,211.5,"adjust" 
2015-12-01T15:00:00Z,DSW,22.86,9,Market On Close,Filled,205.74,"adjust" 
2015-12-01T15:00:00Z,FF,14.41,62,Market On Close,Filled,893.42,"buy" 
2015-12-01T15:00:00Z,LRW,29.96,30,Market On Close,Filled,898.8,"buy" 
2015-12-01T15:00:00Z,PARR,24.5,40,Market On Close,Filled,980,"buy" 
2015-12-01T15:00:00Z,PSX,92.67,17,Market On Close,Filled,1575.39,"buy" 
2015-12-01T15:00:00Z,RGR,51.92,20,Market On Close,Filled,1038.4,"buy" 
2015-12-01T15:00:00Z,UNH,116.26,2,Market On Close,Filled,232.52,"adjust" 
2015-12-01T15:00:00Z,UVV,56.71,29,Market On Close,Filled,1644.59,"buy" 
2015-12-01T15:00:00Z,GHC,540.88,1,Market On Close,Filled,540.88,"adjust" 
2015-12-01T15:00:00Z,WSM,63.96,4,Market On Close,Filled,255.84,"adjust" 
