Entry Time,Symbols,Exit Time,Direction,Entry Price,Exit Price,Quantity,P&L,Fees,MAE,MFE,Drawdown,IsWin,Order Ids
2003-02-03T21:00:00Z,"TMI",2003-03-03T21:00:00Z,Buy,7.75,7.1,38,-24.7,2.3620940270558,-28.5,5.7,34.2,0,"	46,53" 
2003-02-03T21:00:00Z,"CCF",2003-04-01T21:00:00Z,Buy,10.28,9.9,32,-12.16,1.7829150752927,-28.8,0,28.8,0,"	5,63" 
2003-02-03T21:00:00Z,"EDEL",2003-04-01T21:00:00Z,Buy,11.79,10.36,23,-32.89,3.9269708386285,-42.32,0,42.32,0,"	10,64" 
2003-02-03T21:00:00Z,"MRTN",2003-04-01T21:00:00Z,Buy,17.44,18.5,15,15.9,2.4350420969781,-13.5,15.9,24.6,1,"	28,65" 
2003-02-03T21:00:00Z,"RBIN",2003-04-01T21:00:00Z,Buy,9.31,9.7,30,11.7,1.8053858880236,-9.6,25.2,15.3,1,"	36,66" 
2003-02-03T21:00:00Z,"AAON",2003-05-01T20:00:00Z,Buy,16.18,13.73,13,-31.85,2.5138012309533,-48.1,4.81,52.91,0,"	1,68" 
2003-02-03T21:00:00Z,"OXM",2003-05-01T20:00:00Z,Buy,24.02,36.26,9,110.16,1.4268754468501,-17.01,110.16,17.01,1,"	32,69" 
2003-02-03T21:00:00Z,"CW",2003-07-01T20:00:00Z,Buy,54.06,63.5,5,47.2,2.3067316737123,-5.25,52.95,43.9,1,"	7,85" 
2003-02-03T21:00:00Z,"SCHN",2003-07-01T20:00:00Z,Buy,21.52,43.16,8,173.12,1.7046257631102,-2.56,205.84,41.2,1,"	40,86" 
2003-02-03T21:00:00Z,"SXI",2003-07-01T20:00:00Z,Buy,21.67,21.18,12,-5.88,1.5356316972645,-34.44,7.32,34.44,0,"	45,87" 
2003-02-03T21:00:00Z,"VMI",2003-08-01T20:00:00Z,Buy,21.03,19.7,10,-13.3,2.3044611537995,-24.3,14.9,39.2,0,"	49,92" 
2003-02-03T21:00:00Z,"AVD",2003-09-02T20:00:00Z,Buy,14.199970464121,27.95,12,165,1.688162750927,-5.6,165,34.2,1,"	2,102" 
2003-02-03T21:00:00Z,"HUBB",2003-09-02T20:00:00Z,Buy,32.22,40.28,10,80.6,1.0506889504003,-37.3,80.6,37.3,1,"	19,103" 
2003-02-03T21:00:00Z,"PTSI",2003-09-02T20:00:00Z,Buy,26.79,22.99,9,-34.2,1.6308197683741,-56.97,0,56.97,0,"	34,104" 
2003-02-03T21:00:00Z,"RAVN",2003-09-02T20:00:00Z,Buy,15.68,26.45,10,107.7,1.2763171328247,0,113.2,30.9,1,"	35,106" 
2003-02-03T21:00:00Z,"K",2003-10-01T20:00:00Z,Buy,32.38,33.8,9,12.78,2.9256649802096,-39.42,26.82,40.95,1,"	21,115" 
2003-02-03T21:00:00Z,"LANC",2003-10-01T20:00:00Z,Buy,38.65,40.1,7,10.15,1.3765034957133,-22.26,28.98,35.91,1,"	22,116" 
2003-02-03T21:00:00Z,"LAWS",2003-10-01T20:00:00Z,Buy,27.16,27.47,10,3.1,2.3184433972702,-41.2,27.1,52.6,1,"	23,117" 
2003-02-03T21:00:00Z,"NSSC",2003-10-01T20:00:00Z,Buy,9.68,8.82,29,-24.94,2.7099598578865,-49.59,2.03,50.75,0,"	31,118" 
2003-02-03T21:00:00Z,"STRT",2003-10-01T20:00:00Z,Buy,49,49.37,6,2.22,1.4553093128134,-30.6,43.14,54.54,1,"	44,119" 
2003-02-03T21:00:00Z,"FLXS",2003-11-03T21:00:00Z,Buy,15.4,19.5,18,73.8,3.5441783879464,-41.4,88.92,52.56,1,"	16,124" 
2003-02-03T21:00:00Z,"JBSS",2003-11-03T21:00:00Z,Buy,13.69,36.94,12,279,2.2029252659111,-25.44,279,82.8,1,"	20,126" 
2003-02-03T21:00:00Z,"MIDD",2003-11-03T21:00:00Z,Buy,11.3,27.69,11,180.29,3.8416450341732,-11.11,180.29,47.08,1,"	25,127" 
2003-02-03T21:00:00Z,"NHC",2003-11-03T21:00:00Z,Buy,17.4,20.4,13,39,1.8270100036912,-41.6,48.36,89.96,1,"	30,128" 
2003-02-03T21:00:00Z,"ROST",2003-11-03T21:00:00Z,Buy,39.49,52.25,6,76.56,1.030824389151,-39.12,82.92,39.12,1,"	38,130" 
2003-02-03T21:00:00Z,"SGC",2003-11-03T21:00:00Z,Buy,12.1,16.05,15,59.25,1.9972936879637,-28.5,70.5,28.5,1,"	41,131" 
2003-02-03T21:00:00Z,"EASI",2003-12-01T21:00:00Z,Buy,24.293297986551,54.58,4,121.15,1.3635475362555,-11.6,121.15,16,1,"	8,141" 
2003-02-03T21:00:00Z,"SCHN",2003-12-01T21:00:00Z,Buy,10.759984828408,50.23,5,197.35,0.511580136481,-0.8,217.3,30.9,1,"	40,143" 
2003-02-03T21:00:00Z,"UTMD",2003-12-01T21:00:00Z,Buy,17.66,22.56,20,98,2.9562604788288,-3.2,147.4,66.6,1,"	48,144" 
2003-02-03T21:00:00Z,"RVFD",2004-01-02T21:00:00Z,Buy,24.95,27.7,12,33,3.3082634234333,-33.72,62.64,51.24,1,"	39,154" 
2003-02-03T21:00:00Z,"EDUC",2004-02-02T21:00:00Z,Buy,9.2,10.5,24,31.2,2.33403814401,-6,105.12,82.8,1,"	11,162" 
2003-02-03T21:00:00Z,"EGN",2004-03-01T21:00:00Z,Buy,29.99,41.99,11,132,2.3184487059807,-15.51,159.83,34.65,1,"	12,174" 
2003-02-03T21:00:00Z,"NEB",2004-03-01T21:00:00Z,Buy,21.96,32.04,12,120.96,2.3463889127212,-11.28,120.96,63.6,1,"	29,176" 
2003-02-03T21:00:00Z,"AVD",2004-04-01T21:00:00Z,Buy,14.199970464121,49.6,6,212.4,0.51582978723404,-2.8,212.4,70.5,1,"	2,187" 
2003-02-03T21:00:00Z,"FIZ",2004-04-01T21:00:00Z,Buy,7.6350091620037,9.45,52,94.38,1.5413215917766,-38.22,185.38,91,1,"	15,190" 
2003-02-03T21:00:00Z,"BIO",2004-05-03T20:00:00Z,Buy,35.48,58.5,6,138.12,1.224020151225,-11.88,161.22,80.64,1,"	3,200" 
2003-02-03T21:00:00Z,"HCSG",2004-05-03T20:00:00Z,Buy,8.4866809879295,15.99,25,187.58,1.1050488732889,-24.83,212.83,35.17,1,"	18,203" 
2003-02-03T21:00:00Z,"MIDD",2004-05-03T20:00:00Z,Buy,11.3,53.13,4,167.32,1.7246012318899,-4.04,173,33.72,1,"	25,204" 
2003-02-03T21:00:00Z,"SGC",2004-05-03T20:00:00Z,Buy,12.1,16.23,20,82.6,1.5711080920467,-38,96,50,1,"	41,206" 
2003-02-03T21:00:00Z,"MHO",2004-06-01T20:00:00Z,Buy,27.59,42.17,8,116.64,2.2159846405811,-17.76,160.4,73.44,1,"	24,217" 
2003-02-03T21:00:00Z,"WEYS",2004-06-01T20:00:00Z,Buy,25.98664068,34.22,10,82.33,1.7059243554081,-4.53,123.53,106.2,1,"	50,219" 
2003-02-03T21:00:00Z,"EBF",2004-07-01T20:00:00Z,Buy,11.31,18.49,15,107.7,1.5759450776215,-3.75,122.85,30.3,1,"	9,226" 
2003-02-03T21:00:00Z,"OXM",2004-07-01T20:00:00Z,Buy,12.01,42.2,5,150.95,0.98268880804927,-4.72,174.2,56.35,1,"	32,228" 
2003-02-03T21:00:00Z,"POG",2004-07-01T20:00:00Z,Buy,12.716,30.06,8,138.75,1.5283862148844,0,141.71,35.36,1,"	33,229" 
2003-02-03T21:00:00Z,"RCII",2004-07-01T20:00:00Z,Buy,20.944,29.58,10,86.36,2.4838406276973,-25.88,136.56,67.1,1,"	37,230" 
2003-02-03T21:00:00Z,"CTR",2004-08-02T20:00:00Z,Buy,17.85,21.05,12,38.4,4.0411932536141,-16.92,86.76,74.76,1,"	4,240" 
2003-02-03T21:00:00Z,"CNXS",2004-08-02T20:00:00Z,Buy,6.57,10.01,36,123.84,2.939743757767,-25.2,286.2,187.56,1,"	6,243" 
2003-02-03T21:00:00Z,"MNRO",2004-11-01T21:00:00Z,Buy,12.620000709876,24.08,19,217.74,3.2105631452245,-7.22,260.68,111.91,1,"	26,283" 
2003-02-03T21:00:00Z,"RAVN",2004-11-01T21:00:00Z,Buy,7.84,22.25,9,129.69,0.52219082446809,0,138.78,31.32,1,"	35,285" 
2003-02-03T21:00:00Z,"EASI",2004-12-01T21:00:00Z,Buy,24.293297986551,55.6,5,156.53,1.1945078948406,-14.5,181.03,98.15,1,"	8,304" 
2003-02-03T21:00:00Z,"JBSS",2004-12-01T21:00:00Z,Buy,13.69,23,5,46.55,0.51300316598824,-10.6,206.05,196.75,1,"	20,306" 
2003-02-03T21:00:00Z,"SCHN",2004-12-01T21:00:00Z,Buy,7.1733268056,35.7,4,114.11,0.83116532957444,-0.43,139.81,76.71,1,"	40,308" 
2003-02-03T21:00:00Z,"SHOO",2004-12-01T21:00:00Z,Buy,16.99,19.14,15,32.25,2.1245866883027,-29.4,89.7,105,1,"	42,309" 
2003-02-03T21:00:00Z,"EBF",2005-02-01T21:00:00Z,Buy,11.31,17.33,7,42.14,0.55064289888954,-1.75,74.69,35.91,1,"	9,329" 
2003-02-03T21:00:00Z,"OXM",2005-03-01T21:00:00Z,Buy,12.01,36.87,7,174.02,0.85796628047971,-6.62,243.88,82.95,1,"	32,339" 
2003-02-03T21:00:00Z,"HCSG",2005-04-01T21:00:00Z,Buy,8.4866809879295,23.64,0.49995696878394,7.58,1.3825009778493,-0.5,8.08,1.29,1,"	18,347" 
2003-02-03T21:00:00Z,"MIDD",2005-04-01T21:00:00Z,Buy,11.3,49.02,4,150.88,0.91973428121125,-4.04,206.8,68.72,1,"	25,348" 
2003-02-03T21:00:00Z,"POG",2005-05-02T20:00:00Z,Buy,12.716,39.15,14,370.08,0.53550790360197,0,395.14,85.12,1,"	33,357" 
2003-02-03T21:00:00Z,"WSO",2005-05-02T20:00:00Z,Buy,15.9,44.73,8,230.64,4.1607516722106,-23.68,230.64,38.8,1,"	52,359" 
2003-02-03T21:00:00Z,"AVD",2005-06-01T20:00:00Z,Buy,4.7333301777862,18.47,16,219.79,0.54127374301676,-2.49,287.31,108.48,1,"	2,369" 
2003-02-03T21:00:00Z,"FIZ",2005-06-01T20:00:00Z,Buy,7.6350091620037,8.18,1.9999352000518,1.09,0.60225,-1.47,7.13,8.22,1,"	15,370" 
2003-02-03T21:00:00Z,"TTC",2005-06-01T20:00:00Z,Buy,15.4125,43.18,5,138.84,2.0788628610772,-1.25,165.39,27.3,1,"	47,373" 
2003-02-03T21:00:00Z,"GCI",2005-08-01T20:00:00Z,Buy,72.01,72.26,4,1,1.6919876590876,-17.4,75.64,80,1,"	17,396" 
2003-02-03T21:00:00Z,"SSD",2005-08-01T20:00:00Z,Buy,17.625,38.6,16,335.6,1.2455028597621,-36,339.12,175.36,1,"	43,400" 
2003-02-03T21:00:00Z,"WEYS",2005-08-01T20:00:00Z,Buy,12.99332034,23.6,1.000021000021,10.61,0.70352217915615,-0.23,10.86,5.31,1,"	50,402" 
2003-02-03T21:00:00Z,"FAF",2005-10-03T20:00:00Z,Buy,22.76,45.82,5,115.3,1.05004108413,-5.15,115.3,36.9,1,"	13,423" 
2003-02-03T21:00:00Z,"MOV",2006-03-01T21:00:00Z,Buy,9.215,21.94,32,407.2,1.9730079764755,-12.64,427.68,136.64,1,"	27,480" 
2003-02-03T21:00:00Z,"SCHN",2006-03-01T21:00:00Z,Buy,7.1733268056,32,0.50001467000806,12.41,0.77472562851935,-0.05,17.48,10.41,1,"	40,483" 
2003-02-03T21:00:00Z,"TTC",2006-03-01T21:00:00Z,Buy,15.4125,46.58,11,342.84,0.83809395144768,-2.75,363.85,144.76,1,"	47,484" 
2003-02-03T21:00:00Z,"EXPO",2006-08-01T20:00:00Z,Buy,7.27,15.34,14,112.98,3.0726552227027,-11.48,143.92,46.13,1,"	14,552" 
2003-02-03T21:00:00Z,"RAVN",2006-10-02T20:00:00Z,Buy,7.84,28.97,15,316.95,0.53620043318894,0,510,226.35,1,"	35,580" 
2003-02-03T21:00:00Z,"WSO",2006-10-02T20:00:00Z,Buy,15.9,45.25,9,264.15,1.4865982760654,-26.64,508.5,271.89,1,"	52,583" 
2003-02-03T21:00:00Z,"FAF",2006-12-01T21:00:00Z,Buy,22.76,38.63,10,158.7,0.56012451361868,-10.3,263.2,129.8,1,"	13,607" 
2003-02-03T21:00:00Z,"EXPO",2007-09-04T20:00:00Z,Buy,7.27,24.86,14,246.26,3.2412621100635,-11.48,252.56,52.22,1,"	14,759" 
2003-02-03T21:00:00Z,"WMK",2007-09-04T20:00:00Z,Buy,31.15,43.01,7,83.02,3.1795379073067,-22.47,105.07,56,1,"	51,765" 
2003-02-03T21:00:00Z,"EXPO",2008-05-01T20:00:00Z,Buy,7.27,34.07,7,187.6,0.51767116182573,-5.74,208.25,27.02,1,"	14,899" 
2003-02-03T21:00:00Z,"WMK",2008-11-03T21:00:00Z,Buy,31.15,32.82,3,5.01,0.52025300833076,-11.58,45.03,56.61,1,"	51,1027" 
2003-02-03T21:00:00Z,"EXPO",2009-10-01T20:00:00Z,Buy,7.27,27.54,1,20.27,1.1966089160601,-0.82,29.75,17.1,1,"	14,1200" 
2003-03-03T21:00:00Z,"KOSS",2003-06-02T20:00:00Z,Buy,18.94,15.7,12,-38.88,3.0386913324526,-47.28,6.72,54,0,"	59,78" 
2003-03-03T21:00:00Z,"QSII",2003-09-02T20:00:00Z,Buy,24.5,43.52,5,95.1,1.202448624255,-14.25,98.05,50.15,1,"	60,105" 
2003-03-03T21:00:00Z,"RGIS",2003-11-03T21:00:00Z,Buy,23.14,38.69,11,171.05,1.0552898243053,-9.35,171.05,36.96,1,"	61,129" 
2003-03-03T21:00:00Z,"ANK",2003-12-01T21:00:00Z,Buy,17.35,27,22,212.3,1.110722326454,-11.66,212.3,75.9,1,"	54,140" 
2003-03-03T21:00:00Z,"HWKN",2003-12-01T21:00:00Z,Buy,9.1,13.09,26,103.74,3.3032085504466,-5.2,124.28,32.76,1,"	58,142" 
2003-03-03T21:00:00Z,"CBRL",2004-08-02T20:00:00Z,Buy,26.76,33.24,8,51.84,1.916161117822,-7.84,119.04,87.12,1,"	55,241" 
2003-03-03T21:00:00Z,"QSII",2004-09-01T20:00:00Z,Buy,24.5,48.99,3,73.47,0.50771901260504,-8.55,106.5,60.78,1,"	60,258" 
2003-03-03T21:00:00Z,"GDT",2005-07-01T20:00:00Z,Buy,35.34,65.71,3,91.11,1.4754228558932,-5.52,118.95,66.36,1,"	56,381" 
2003-03-03T21:00:00Z,"GISX",2005-07-01T20:00:00Z,Buy,18.54,31.97,12,161.16,1.0752769956003,-8.16,261.6,137.52,1,"	57,382" 
2003-03-03T21:00:00Z,"RIMG",2005-08-01T20:00:00Z,Buy,9,25.13,9,145.17,1.2532118422132,-1.8,150.57,45.72,1,"	62,399" 
2003-03-03T21:00:00Z,"GDT",2006-02-01T21:00:00Z,Buy,35.34,73.85,3,115.53,0.50752649816551,-5.52,124.08,66.36,1,"	56,467" 
2003-03-03T21:00:00Z,"RIMG",2006-08-01T20:00:00Z,Buy,9,23.92,15,223.8,0.53683778234086,-3,365.25,233.85,1,"	62,554" 
2003-04-01T21:00:00Z,"CRMT",2003-10-01T20:00:00Z,Buy,12.94,31.34,10,184,1.560185370623,0,184,14.4,1,"	67,114" 
2003-04-01T21:00:00Z,"CRMT",2005-10-03T20:00:00Z,Buy,8.62667098,17.67,11.999994000003,108.52,1.1154587681182,0,202,100.32,1,"	67,422" 
2003-05-01T20:00:00Z,"BWS",2003-07-01T20:00:00Z,Buy,29.65,29.65,7,0,1.035328913439,-32.55,12.32,44.87,0,"	71,83" 
2003-05-01T20:00:00Z,"CAI",2003-07-01T20:00:00Z,Buy,34.52,34.09,6,-2.58,1.75155980938,-27.12,2.7,29.82,0,"	72,84" 
2003-05-01T20:00:00Z,"ANDE",2003-08-01T20:00:00Z,Buy,11.65,13.21,36,56.16,1.1812305403066,0,65.16,39.24,1,"	70,90" 
2003-05-01T20:00:00Z,"IDXX",2004-02-02T21:00:00Z,Buy,37.49,49.87,7,86.66,1.4273598938611,-26.32,87.57,35.49,1,"	75,163" 
2003-05-01T20:00:00Z,"RARE",2004-08-02T20:00:00Z,Buy,19.4666764,28.06,16,137.49,2.7147747782258,-23.79,152.21,83.36,1,"	76,246" 
2003-05-01T20:00:00Z,"HOV",2004-09-01T20:00:00Z,Buy,19.615,34.97,10,153.55,2.2020443802394,-0.1,286.55,189.2,1,"	74,255" 
2003-05-01T20:00:00Z,"RBIN",2004-09-01T20:00:00Z,Buy,10.41,19.96,32,305.6,2.8388919710307,-14.72,319.68,48,1,"	77,259" 
2003-05-01T20:00:00Z,"FOSL",2005-07-01T20:00:00Z,Buy,12.16667275,23.27,16,177.65,3.3283213103441,0,313.81,206.08,1,"	73,380" 
2003-05-01T20:00:00Z,"FOSL",2008-12-01T21:00:00Z,Buy,12.16667275,13.3,0.49999175000412,0.57,2.059849837413,-0.14,12.65,12.79,1,"	73,1050" 
2003-06-02T20:00:00Z,"FCN",2003-08-01T20:00:00Z,Buy,23.4666784,22.15,8,-10.53,1.0344294933838,-20.45,25.55,46,0,"	79,91" 
2003-06-02T20:00:00Z,"WWW",2003-12-01T21:00:00Z,Buy,18.25,21.33,15,46.2,1.6361081473884,0,46.2,27.45,1,"	82,145" 
2003-06-02T20:00:00Z,"KBALB",2004-02-02T21:00:00Z,Buy,15.5,16.25,14,10.5,2.5724181549673,-15.12,26.6,20.86,1,"	81,165" 
2003-06-02T20:00:00Z,"WINA",2004-09-01T20:00:00Z,Buy,13.25,22.5,15,138.75,3.5913324018091,0,213.75,120,1,"	80,254" 
2003-07-01T20:00:00Z,"COLM",2004-05-03T20:00:00Z,Buy,52.02,53.45,4,5.72,1.7795512642595,-20.36,29.04,35.04,1,"	88,201" 
2003-07-01T20:00:00Z,"PLUS",2004-06-01T20:00:00Z,Buy,10.64,12,22,29.92,1.9667275933193,0,117.92,117.92,1,"	89,218" 
2003-08-01T20:00:00Z,"JAKK",2003-11-03T21:00:00Z,Buy,11.26,13.21,18,35.1,1.8368718761028,-20.88,37.98,20.88,1,"	96,125" 
2003-08-01T20:00:00Z,"RCKY",2004-01-02T21:00:00Z,Buy,10.25,23.1,12,154.2,2.27293228198,0,167.16,38.28,1,"	99,153" 
2003-08-01T20:00:00Z,"SAFM",2004-02-02T21:00:00Z,Buy,29.61,49.82,5,101.05,1.2753353100119,-6.25,101.05,22.2,1,"	100,166" 
2003-08-01T20:00:00Z,"HOFT",2004-04-01T21:00:00Z,Buy,15.02,23.16,14,113.96,2.5100151024374,-18.62,141.47,80.15,1,"	95,192" 
2003-08-01T20:00:00Z,"HIBB",2004-07-01T20:00:00Z,Buy,15.393310936045,27.54,15,182.2,1.2831140096706,-14.6,186.7,70.25,1,"	94,227" 
2003-08-01T20:00:00Z,"TTWO",2004-07-01T20:00:00Z,Buy,26.13,30.22,8,32.72,1.8155789906722,-9.04,119.68,106.32,1,"	101,232" 
2003-08-01T20:00:00Z,"RCKY",2005-01-03T21:00:00Z,Buy,10.25,29.26,8,152.08,1.3258644628525,0,170.8,126.32,1,"	99,322" 
2003-08-01T20:00:00Z,"AIT",2005-02-01T21:00:00Z,Buy,14.766645181177,28.12,9,120.18,1.3130921823214,-13.74,144.12,68.31,1,"	93,326" 
2003-08-01T20:00:00Z,"SAFM",2005-07-01T20:00:00Z,Buy,19.74000987,45.97,8,209.84,0.52023327464789,-6.67,282.08,188.8,1,"	100,385" 
2003-08-01T20:00:00Z,"ODP",2005-08-01T20:00:00Z,Buy,16.65,27.96,9,101.79,1.057401956553,-25.2,106.92,47.88,1,"	98,398" 
2003-08-01T20:00:00Z,"MTSC",2005-09-01T20:00:00Z,Buy,14.26,40.93,5,133.35,2.5414684282674,-5.2,142.75,54.3,1,"	97,415" 
2003-08-01T20:00:00Z,"MTSC",2006-04-03T20:00:00Z,Buy,14.26,41.33,9,243.63,1.993883282489,-9.36,256.95,112.32,1,"	97,497" 
2003-08-01T20:00:00Z,"AIT",2007-09-04T20:00:00Z,Buy,9.844435043,32.81,7,160.76,2.921602500516,-7.12,160.76,69.6,1,"	93,756" 
2003-08-01T20:00:00Z,"ODP",2008-03-03T21:00:00Z,Buy,16.65,11.08,5,-27.85,1.580034703669,-27.85,139.4,167.25,0,"	98,864" 
2003-08-01T20:00:00Z,"SAFM",2008-06-02T20:00:00Z,Buy,19.74000987,48.98,0.99999550000225,29.24,1.3668630748392,-0.83,35.26,25.03,1,"	100,940" 
2003-08-01T20:00:00Z,"AIT",2008-11-03T21:00:00Z,Buy,9.844435043,19.93,8.7500346837733,88.25,1.9623071008425,-8.91,222.82,152.25,1,"	93,1009" 
2003-08-01T20:00:00Z,"HIBB",2012-08-01T20:00:00Z,Buy,15.393310936045,59.7,2.1825020842895E-5,0,0.50982392627941,0,0,0,0,"	94,1799" 
2003-09-02T20:00:00Z,"K",2003-10-01T20:00:00Z,Buy,33.72,33.8,6,0.48,0.76160279822875,-34.32,9.84,5.7,1,"	112,115" 
2003-09-02T20:00:00Z,"MAIR",2004-01-02T21:00:00Z,Buy,7.5,7.71,28,5.88,3.4240861226736,-36.4,9.52,36.4,1,"	113,152" 
2003-09-02T20:00:00Z,"ANF",2004-02-02T21:00:00Z,Buy,30.2,26.53,7,-25.69,1.0353566615265,-46.97,8.89,55.86,0,"	107,161" 
2003-09-02T20:00:00Z,"HUBG",2004-03-01T21:00:00Z,Buy,10.79,30.66,9,178.83,1.3912435082887,-1.26,178.83,15.57,1,"	111,175" 
2003-09-02T20:00:00Z,"ATRI",2004-04-01T21:00:00Z,Buy,35.54,42.18,6,39.84,2.3880910545801,-2.82,86.76,68.94,1,"	108,189" 
2003-09-02T20:00:00Z,"GFF",2004-12-01T21:00:00Z,Buy,19.15,25.8,9,59.85,1.8844382766721,-12.6,59.85,32.49,1,"	110,305" 
2003-09-02T20:00:00Z,"HUBG",2005-01-03T21:00:00Z,Buy,10.79,50.7,5,199.55,0.51215710723192,-0.7,217.3,62.25,1,"	111,320" 
2003-09-02T20:00:00Z,"GFF",2005-05-02T20:00:00Z,Buy,19.15,18.99,10,-1.6,1.237547739331,-14,83.9,85.5,0,"	110,354" 
2003-09-02T20:00:00Z,"GCI",2005-08-01T20:00:00Z,Buy,79.32,72.26,3,-21.18,0.78686720556096,-34.98,34.8,60,0,"	109,396" 
2003-09-02T20:00:00Z,"HUBG",2007-05-01T20:00:00Z,Buy,2.6975,36.06,8,266.9,0.52003333333333,-0.28,271.22,39.88,1,"	111,678" 
2003-09-02T20:00:00Z,"HUBG",2007-12-03T21:00:00Z,Buy,2.6975,25.95,12,279.03,0.54975076687117,-0.42,435.15,183.24,1,"	111,808" 
2003-10-01T20:00:00Z,"AEOS",2003-12-01T21:00:00Z,Buy,15.47,17.83,14,33.04,1.4884752246308,-7.7,42.28,42,1,"	120,139" 
2003-10-01T20:00:00Z,"AN",2004-03-01T21:00:00Z,Buy,18.1,16.88,21,-25.62,1.135330014911,-37.17,16.8,53.97,0,"	123,177" 
2003-10-01T20:00:00Z,"BWS",2004-11-01T21:00:00Z,Buy,32.8,27.4,8,-43.2,1.2578216850448,-67.04,73.04,140.08,0,"	121,278" 
2003-10-01T20:00:00Z,"MSM",2005-06-01T20:00:00Z,Buy,21.04,31,16,159.36,1.4375303369799,-1.92,247.68,153.44,1,"	122,372" 
2003-11-03T21:00:00Z,"EGN",2004-03-01T21:00:00Z,Buy,37.8,41.99,6,25.14,0.83977989652989,-55.32,40.32,18.9,1,"	133,174" 
2003-11-03T21:00:00Z,"TENT",2004-05-03T20:00:00Z,Buy,12,14.08,24,49.92,2.1025936784197,-32.64,96,61.2,1,"	137,208" 
2003-11-03T21:00:00Z,"SAH",2004-07-01T20:00:00Z,Buy,22.99,21.46,9,-13.77,3.1131144212441,-19.44,27.99,44.28,0,"	136,231" 
2003-11-03T21:00:00Z,"CRAI",2004-08-02T20:00:00Z,Buy,31.12,32.04,8,7.36,1.0402791608091,-18.72,53.12,71.84,1,"	132,244" 
2003-11-03T21:00:00Z,"MMS",2004-09-01T20:00:00Z,Buy,35.89,29.43,9,-58.14,2.4240461324004,-71.01,46.35,117.36,0,"	135,256" 
2003-11-03T21:00:00Z,"FIZ",2005-06-01T20:00:00Z,Buy,7.5700090840036,8.18,39.000064799948,23.79,0.98286717414676,-26.13,141.57,160.29,1,"	134,370" 
2003-11-03T21:00:00Z,"FL",2005-10-03T20:00:00Z,Buy,18.12,21.93,20,76.2,2.3243708692617,0,229.2,172.8,1,"	138,428" 
2003-11-03T21:00:00Z,"FIZ",2007-08-01T20:00:00Z,Buy,6.30833838,9.79,1.1998651200543,4.18,1.6905288599,-0.67,10.21,6.08,1,"	134,739" 
2003-12-01T21:00:00Z,"JOUT",2004-02-02T21:00:00Z,Buy,14.5,16.99,19,47.31,3.4602517114308,-16.53,47.88,18.81,1,"	149,164" 
2003-12-01T21:00:00Z,"PTMK",2004-04-01T21:00:00Z,Buy,7.53,8.39,35,30.1,2.0847623801594,-19.25,35,30.45,1,"	150,193" 
2003-12-01T21:00:00Z,"HVT",2004-05-03T20:00:00Z,Buy,23.08,17.89,13,-67.47,1.0671070376666,-67.99,16.51,84.5,0,"	148,202" 
2003-12-01T21:00:00Z,"DECK",2004-10-01T20:00:00Z,Buy,17.93,33.34,6,92.46,1.0493991628315,-3.48,101.34,44.04,1,"	146,272" 
2003-12-01T21:00:00Z,"GDYS",2004-10-01T20:00:00Z,Buy,10.86,8.63,21,-46.83,2.1917820843222,-70.56,80.85,151.41,0,"	147,273" 
2003-12-01T21:00:00Z,"DECK",2005-08-01T20:00:00Z,Buy,17.93,28.44,7,73.57,0.51773699215966,-4.06,210.49,188.23,1,"	146,395" 
2003-12-01T21:00:00Z,"WMK",2008-11-03T21:00:00Z,Buy,35.62,32.82,5,-14,0.80469525071806,-41.65,52.7,94.35,0,"	151,1027" 
2003-12-01T21:00:00Z,"WMK",2010-10-01T20:00:00Z,Buy,35.62,39.02,1,3.4,0.97555457534631,-12.33,10.54,22.87,1,"	151,1438" 
2004-01-02T21:00:00Z,"AN",2004-03-01T21:00:00Z,Buy,17.99,16.88,11,-12.21,0.65170974321783,-18.26,10.01,19.14,0,"	159,177" 
2004-01-02T21:00:00Z,"FRGO",2004-04-01T21:00:00Z,Buy,12.87,10.61,18,-40.68,2.8512087934955,-55.44,10.08,65.52,0,"	157,191" 
2004-01-02T21:00:00Z,"CBRL",2004-08-02T20:00:00Z,Buy,37.77,33.24,6,-27.18,0.51480402403972,-71.94,23.22,61.92,0,"	155,241" 
2004-01-02T21:00:00Z,"TESS",2004-11-01T21:00:00Z,Buy,14.15,12.89,19,-23.94,2.0207043965189,-74.67,82.46,157.13,0,"	160,287" 
2004-01-02T21:00:00Z,"DHI",2004-12-01T21:00:00Z,Buy,27.686647101474,36.31,10,86.23,1.729432316544,-20.77,86.23,101.2,1,"	156,303" 
2004-01-02T21:00:00Z,"GCI",2005-08-01T20:00:00Z,Buy,88.54,72.26,3,-48.84,0.71837643678068,-62.64,7.14,60,0,"	158,396" 
2004-02-02T21:00:00Z,"COLM",2004-05-03T20:00:00Z,Buy,52.62,53.45,4,3.32,1.1022544068323,-22.76,26.64,21.12,1,"	170,201" 
2004-02-02T21:00:00Z,"CLSR",2004-08-02T20:00:00Z,Buy,37.63,18.23,6,-116.4,2.2920823102888,-118.08,0,118.08,0,"	169,242" 
2004-02-02T21:00:00Z,"PLCE",2004-11-01T21:00:00Z,Buy,28.21,31.05,8,22.72,1.1981634345024,-87.68,30.32,118,1,"	172,284" 
2004-02-02T21:00:00Z,"URBN",2004-11-01T21:00:00Z,Buy,20.15,41.69,5,107.7,1.7212774132511,0,107.7,21.58,1,"	173,289" 
2004-02-02T21:00:00Z,"B",2004-12-01T21:00:00Z,Buy,29.35,27.21,17,-36.38,1.4405298483349,-80.58,8.33,88.91,0,"	168,302" 
2004-02-02T21:00:00Z,"ANSS",2006-04-03T20:00:00Z,Buy,19.735,53.43,5,168.48,1.9367940704678,-7.72,172.08,44.9,1,"	167,493" 
2004-02-02T21:00:00Z,"URBN",2006-04-03T20:00:00Z,Buy,10.075,23.64,18,244.17,1.7535898645756,0,420.03,182.7,1,"	173,499" 
2004-02-02T21:00:00Z,"ANSS",2006-09-01T20:00:00Z,Buy,19.735,46,11,288.92,0.52706461275139,-17,414.32,183.92,1,"	167,562" 
2004-02-02T21:00:00Z,"ODP",2008-03-03T21:00:00Z,Buy,16.04,11.08,14,-69.44,1.0116984124056,-69.44,398.86,468.3,0,"	171,864" 
2004-03-01T21:00:00Z,"ASGN",2004-04-01T21:00:00Z,Buy,5.79,5.5,41,-11.89,2.7990190323189,-28.7,8.61,37.31,0,"	179,188" 
2004-03-01T21:00:00Z,"PEGA",2004-05-03T20:00:00Z,Buy,9.25,8.2,25,-26.25,2.3441853336477,-34.75,16.25,42.5,0,"	184,205" 
2004-03-01T21:00:00Z,"CTR",2004-08-02T20:00:00Z,Buy,21.3,21.05,11,-2.75,0.81199062635032,-53.46,41.58,29.15,0,"	180,240" 
2004-03-01T21:00:00Z,"AHS",2004-09-01T20:00:00Z,Buy,18.37,11.54,20,-136.6,3.6844079026612,-140.4,2.2,142.6,0,"	178,253" 
2004-03-01T21:00:00Z,"TYL",2004-11-01T21:00:00Z,Buy,9.59,8.22,34,-46.58,1.1680603431212,-53.72,11.9,65.62,0,"	186,288" 
2004-03-01T21:00:00Z,"EBF",2005-02-01T21:00:00Z,Buy,16.79,17.33,13,7.02,0.9264174568703,-74.49,67.47,66.69,1,"	182,329" 
2004-03-01T21:00:00Z,"TALK",2005-07-01T20:00:00Z,Buy,11.45,10.22,19,-23.37,1.3448201016433,-122.36,0,122.36,0,"	185,386" 
2004-03-01T21:00:00Z,"DGII",2005-11-01T21:00:00Z,Buy,11.84,10.47,20,-27.4,1.7204424361292,-63.2,110.6,150.6,0,"	181,439" 
2004-03-01T21:00:00Z,"PDX",2006-03-01T21:00:00Z,Buy,64.05,95.76,4,126.84,1.0256119917237,-45.6,126.84,76,1,"	183,481" 
2004-03-01T21:00:00Z,"PDX",2006-12-01T21:00:00Z,Buy,32.025,48.55,4,66.1,0.89646653536335,-22.8,81.18,41.84,1,"	183,609" 
2004-04-01T21:00:00Z,"SGC",2004-05-03T20:00:00Z,Buy,16.39,16.23,15,-2.4,0.88730158897287,-92.85,7.65,10.35,0,"	197,206" 
2004-04-01T21:00:00Z,"SHEN",2004-05-03T20:00:00Z,Buy,22.56,27.98,13,70.46,5.9037990944681,0,99.84,41.21,1,"	198,207" 
2004-04-01T21:00:00Z,"QDEL",2004-08-02T20:00:00Z,Buy,6.41,3.46,34,-100.3,1.1681724865017,-103.36,79.9,183.26,0,"	196,245" 
2004-04-01T21:00:00Z,"ESCA",2004-11-01T21:00:00Z,Buy,17.5,14.02,16,-55.68,3.1326492009491,-110.88,89.76,200.64,0,"	194,279" 
2004-04-01T21:00:00Z,"USNA",2004-12-01T21:00:00Z,Buy,23.83,30.45,9,59.58,1.0460193670909,-3.42,106.56,69.75,1,"	199,310" 
2004-04-01T21:00:00Z,"MTLM",2008-03-15T04:00:00Z,Buy,18.5,55.27,14,514.78,0.51765267175573,-91,631.4,196.84,1,"	195,879" 
2004-05-03T20:00:00Z,"CFI",2004-07-01T20:00:00Z,Buy,9,7.86,32,-36.48,1.4579123822752,-73.6,0.96,74.56,0,"	209,225" 
2004-05-03T20:00:00Z,"RCII",2004-07-01T20:00:00Z,Buy,29.93,29.58,9,-3.15,0.5230704008222,-104.17,42.03,24.3,0,"	215,230" 
2004-05-03T20:00:00Z,"NSIT",2004-09-01T20:00:00Z,Buy,16.97,16.03,16,-15.04,2.4083934020906,-47.2,24.8,72,0,"	213,257" 
2004-05-03T20:00:00Z,"LEN",2004-11-01T21:00:00Z,Buy,47.19,44.81,9,-21.42,1.0451422485921,-55.89,11.07,58.95,0,"	211,281" 
2004-05-03T20:00:00Z,"UWN",2004-11-01T21:00:00Z,Buy,15.47,10.69,20,-95.6,1.0982920025704,-110.6,10.2,120.8,0,"	216,290" 
2004-05-03T20:00:00Z,"DCO",2005-02-01T21:00:00Z,Buy,22.82,20.46,19,-44.84,2.379636749006,-83.22,49.21,110.96,0,"	210,328" 
2004-05-03T20:00:00Z,"OTL",2005-02-01T21:00:00Z,Buy,24.63,20.38,14,-59.5,1.5286698679553,-83.16,44.38,127.54,0,"	214,331" 
2004-05-03T20:00:00Z,"LPX",2005-10-03T20:00:00Z,Buy,23.58,27.44,15,57.9,2.2741142773526,-33.3,74.55,85.65,1,"	212,424" 
2004-06-01T20:00:00Z,"SGC",2004-09-01T20:00:00Z,Buy,16.4,13.71,35,-94.15,2.7611137220124,-120.4,3.15,123.55,0,"	223,260" 
2004-06-01T20:00:00Z,"TENT",2004-09-01T20:00:00Z,Buy,12.86,9.99,26,-74.62,4.3823406016814,-88.14,39.26,127.4,0,"	224,261" 
2004-06-01T20:00:00Z,"MTEX",2004-12-01T21:00:00Z,Buy,10.03,21.99,11,131.56,3.5787113719389,-11.77,146.74,38.06,1,"	222,307" 
2004-06-01T20:00:00Z,"MTEX",2005-10-03T20:00:00Z,Buy,10.03,11.7,9,15.03,0.52221518987342,-9.63,143.37,141.84,1,"	222,426" 
2004-06-01T20:00:00Z,"LAWS",2005-12-01T21:00:00Z,Buy,35.25,38.64,11,37.29,2.8917771760973,-44,204.93,248.93,1,"	221,455" 
2004-06-01T20:00:00Z,"FAF",2006-12-01T21:00:00Z,Buy,25.79,38.63,8,102.72,0.75529002228036,-32.48,186.32,103.84,1,"	220,607" 
2004-07-01T20:00:00Z,"CRUS",2004-10-01T20:00:00Z,Buy,5.8,5.42,36,-13.68,2.3695231834269,-43.2,9.36,52.56,0,"	235,271" 
2004-07-01T20:00:00Z,"AEOS",2005-02-01T21:00:00Z,Buy,29.2,51.73,5,112.65,2.9686066176247,-7.6,112.65,16,1,"	233,325" 
2004-07-01T20:00:00Z,"HOFT",2005-03-01T21:00:00Z,Buy,21.1,25.05,16,63.2,2.4907448602604,-1.6,118.24,119.84,1,"	238,338" 
2004-07-01T20:00:00Z,"BKE",2005-04-01T21:00:00Z,Buy,28,33,7,35,1.5769618497991,-19.39,47.88,27.44,1,"	234,346" 
2004-07-01T20:00:00Z,"HCSG",2005-04-01T21:00:00Z,Buy,15.25,23.64,9.5000430312161,79.71,2.9100104077655,-73.69,89.21,24.61,1,"	237,347" 
2004-07-01T20:00:00Z,"GCI",2005-08-01T20:00:00Z,Buy,83.76,72.26,3,-34.5,0.69527735727222,-48.3,21.48,47.46,0,"	236,396" 
2004-07-01T20:00:00Z,"AEOS",2006-04-03T20:00:00Z,Buy,14.59997941401,28.79,18,255.42,1.3896635320805,-13.68,339.84,243.36,1,"	233,492" 
2004-07-01T20:00:00Z,"NATR",2006-05-01T20:00:00Z,Buy,13.92,10.04,22,-85.36,8.0034473311083,-85.36,204.38,289.74,0,"	239,511" 
2004-07-01T20:00:00Z,"HCSG",2006-06-01T20:00:00Z,Buy,10.166667238542,20.42,28,287.09,0.570483234714,-144.79,346.17,163.24,1,"	237,528" 
2004-07-01T20:00:00Z,"AEOS",2007-06-01T20:00:00Z,Buy,9.733324476,27.19,3.8070015608724E-5,0,0.54785198221564,0,0,0,0,"	233,700" 
2004-07-01T20:00:00Z,"BKE",2007-11-01T20:00:00Z,Buy,18.66663950668,40.9,6,133.4,1.1331451131021,-11.08,147.32,56.96,1,"	234,792" 
2004-07-01T20:00:00Z,"BKE",2008-03-03T21:00:00Z,Buy,18.66663950668,44.23,5,127.82,0.65935888070031,-9.23,144.77,61.15,1,"	234,855" 
2004-07-01T20:00:00Z,"BKE",2010-04-01T20:00:00Z,Buy,12.44443256,37.16,14,346.02,1.1126670015623,-17.24,407.71,377.81,1,"	234,1319" 
2004-07-01T20:00:00Z,"BKE",2013-12-02T21:00:00Z,Buy,12.44443256,52.07,1.0000383325246,39.63,2.1995985026325,-1.23,44.7,26.99,1,"	234,2149" 
2004-08-02T20:00:00Z,"AHS",2004-09-01T20:00:00Z,Buy,12.6,11.54,16,-16.96,0.90973239417888,-20,94.08,22.72,0,"	248,253" 
2004-08-02T20:00:00Z,"ADSK",2005-01-03T21:00:00Z,Buy,19.735,37.53,7,124.56,2.0800132807262,-11.24,131.92,13.09,1,"	247,319" 
2004-08-02T20:00:00Z,"LCUT",2005-01-03T21:00:00Z,Buy,16.45,15.76,15,-10.35,3.570120053793,-71.7,9.15,80.85,0,"	251,321" 
2004-08-02T20:00:00Z,"WWW",2005-02-01T21:00:00Z,Buy,23.08,32.09,18,162.18,4.133470652865,-27.54,164.16,54.18,1,"	252,333" 
2004-08-02T20:00:00Z,"AMED",2005-07-01T20:00:00Z,Buy,27.35,37.73,8,83.04,1.0413992468529,-14.8,83.04,68.08,1,"	249,379" 
2004-08-02T20:00:00Z,"AXE",2005-08-01T20:00:00Z,Buy,34.4,41.34,5,34.7,3.1147806098761,-15.25,38.1,38,1,"	250,394" 
2004-08-02T20:00:00Z,"AXE",2006-04-03T20:00:00Z,Buy,34.4,47.29,13,167.57,0.54712135514999,-39.65,172.51,98.8,1,"	250,494" 
2004-08-02T20:00:00Z,"ADSK",2006-05-01T20:00:00Z,Buy,19.735,41.56,11,240.08,0.52718601332065,-17.66,306.96,135.74,1,"	247,507" 
2004-09-01T20:00:00Z,"HOC",2004-10-01T20:00:00Z,Buy,20.91,25.95,9,45.36,1.570105408339,-2.34,45.36,2.34,1,"	265,274" 
2004-09-01T20:00:00Z,"FARO",2004-11-01T21:00:00Z,Buy,20.75,24.73,10,39.8,1.7845369438692,-7.6,40.3,21.4,1,"	263,280" 
2004-09-01T20:00:00Z,"MCRI",2004-11-01T21:00:00Z,Buy,16.58,28.53,16,191.2,2.1539242717393,-4.48,191.2,57.6,1,"	266,282" 
2004-09-01T20:00:00Z,"HOC",2005-02-01T21:00:00Z,Buy,20.91,30.5,10,95.9,0.52520661157025,-2.6,95.9,42.8,1,"	265,330" 
2004-09-01T20:00:00Z,"VLO",2005-02-01T21:00:00Z,Buy,33.705,56.95,4,92.98,1.8024728115978,-2.4,92.98,21.8,1,"	270,332" 
2004-09-01T20:00:00Z,"VLO",2005-03-01T21:00:00Z,Buy,33.705,68.11,3,103.22,0.50717652430458,-1.8,117.76,16.35,1,"	270,340" 
2004-09-01T20:00:00Z,"GFF",2005-05-02T20:00:00Z,Buy,19.97,18.99,13,-12.74,0.53237032418953,-28.86,98.41,111.15,0,"	264,354" 
2004-09-01T20:00:00Z,"HOC",2005-07-01T20:00:00Z,Buy,20.91,47.29,5,131.9,0.51268508583691,-1.3,131.9,31.45,1,"	265,383" 
2004-09-01T20:00:00Z,"SAM",2005-09-01T20:00:00Z,Buy,21.98,23.71,15,25.95,2.8560343427766,-30,53.85,83.85,1,"	269,416" 
2004-09-01T20:00:00Z,"VLO",2005-09-01T20:00:00Z,Buy,33.705,109.5,2,151.59,0.50516509433962,-1.2,151.59,38.92,1,"	270,417" 
2004-09-01T20:00:00Z,"HOC",2006-02-01T21:00:00Z,Buy,20.91,71.7,3,152.37,0.93415076569687,-0.78,157.92,42.12,1,"	265,468" 
2004-09-01T20:00:00Z,"RS",2006-03-01T21:00:00Z,Buy,37.95,85.11,3,141.48,2.2424486668965,-12.69,148.8,37.05,1,"	268,482" 
2004-09-01T20:00:00Z,"ECOL",2006-10-02T20:00:00Z,Buy,9.29,19.63,22,227.48,2.3990662054448,0,396,191.18,1,"	262,577" 
2004-09-01T20:00:00Z,"MCRI",2007-02-01T21:00:00Z,Buy,8.29,24.59,18,293.4,2.0413240926043,-2.52,436.14,266.58,1,"	266,628" 
2004-09-01T20:00:00Z,"PCU",2007-03-01T21:00:00Z,Buy,22.005,69.75,5,238.72,2.1060790256115,-5.92,264.28,87.22,1,"	267,644" 
2004-09-01T20:00:00Z,"RS",2007-05-01T20:00:00Z,Buy,18.975,59.45,4,161.9,0.51001010271089,-8.46,169.9,78.06,1,"	268,683" 
2004-09-01T20:00:00Z,"VLO",2007-05-01T20:00:00Z,Buy,16.8525,71.17,3,162.95,0.50759389671361,-0.9,164.6,62.76,1,"	270,687" 
2004-09-01T20:00:00Z,"HOC",2007-06-01T20:00:00Z,Buy,10.455,71.35,3,182.68,0.66086177220852,-0.39,182.68,49.35,1,"	265,707" 
2004-09-01T20:00:00Z,"PCU",2007-08-01T20:00:00Z,Buy,22.005,108.25,2,172.49,0.70042686156398,-2.37,185.99,34.89,1,"	267,743" 
2004-09-01T20:00:00Z,"HOC",2008-05-01T20:00:00Z,Buy,10.455,41.73,9,281.48,0.53278281363307,-1.17,624.74,367.65,1,"	265,901" 
2004-09-01T20:00:00Z,"PCU",2008-05-01T20:00:00Z,Buy,22.005,110,5,439.98,0.51200873362445,-5.92,597.58,306,1,"	267,911" 
2004-09-01T20:00:00Z,"VLO",2008-06-02T20:00:00Z,Buy,16.8525,52.84,3,107.96,1.8531368160743,-0.9,182.6,99.48,1,"	270,942" 
2004-09-01T20:00:00Z,"RS",2008-07-01T20:00:00Z,Buy,18.975,78.12,4,236.58,0.84487600767727,-8.46,236.58,82.08,1,"	268,960" 
2004-09-01T20:00:00Z,"RS",2009-02-02T21:00:00Z,Buy,18.975,22.21,4,12.94,1.6563738764343,-25.26,236.58,261.84,1,"	268,1080" 
2004-10-01T20:00:00Z,"RBIN",2004-11-01T21:00:00Z,Buy,22,24.86,12,34.32,3.7725220563002,0,63.84,29.52,1,"	277,286" 
2004-10-01T20:00:00Z,"CYBE",2005-09-01T20:00:00Z,Buy,16.88,13.9,14,-41.72,2.6134543469937,-92.4,4.06,96.46,0,"	275,414" 
2004-10-01T20:00:00Z,"RBIN",2005-11-01T21:00:00Z,Buy,11,10.99,38,-0.38,0.59474137931034,-59.66,126.16,185.82,0,"	277,441" 
2004-10-01T20:00:00Z,"NHC",2006-08-01T20:00:00Z,Buy,29.6,45.17,5,77.85,2.5126495227619,-1.85,85.4,34.2,1,"	276,553" 
2004-10-01T20:00:00Z,"NHC",2007-08-01T20:00:00Z,Buy,29.6,52.2,7,158.2,2.1366180920916,-2.59,202.93,58.31,1,"	276,740" 
2004-11-01T21:00:00Z,"SHOO",2004-12-01T21:00:00Z,Buy,16.65,19.14,13,32.37,1.2985700958052,-21.06,82.16,7.02,1,"	300,309" 
2004-11-01T21:00:00Z,"CALM",2005-02-01T21:00:00Z,Buy,10.11,12,21,39.69,1.1057400644486,-2.31,95.76,83.58,1,"	291,327" 
2004-11-01T21:00:00Z,"CVX",2005-05-02T20:00:00Z,Buy,52.95,53.21,4,1.04,1.0501612289074,-9.52,36,43.16,1,"	292,351" 
2004-11-01T21:00:00Z,"CIX",2005-05-02T20:00:00Z,Buy,15.55,14.62,25,-23.25,1.9137893624415,-24.75,62.5,87.25,0,"	293,352" 
2004-11-01T21:00:00Z,"NUS",2005-05-02T20:00:00Z,Buy,19.39,22.11,11,29.92,3.5598251470221,-1.98,67.43,52.36,1,"	298,355" 
2004-11-01T21:00:00Z,"REM",2005-05-02T20:00:00Z,Buy,25.2,30.58,19,102.22,1.0969519140292,-9.69,176.51,126.92,1,"	299,358" 
2004-11-01T21:00:00Z,"NL",2005-07-01T20:00:00Z,Buy,19.99,15.24,14,-66.5,2.4519496379041,-76.86,46.34,123.2,0,"	297,384" 
2004-11-01T21:00:00Z,"MLI",2005-08-01T20:00:00Z,Buy,27.54,29.22,15,25.2,4.4182120819308,-36.6,72.9,109.5,1,"	296,397" 
2004-11-01T21:00:00Z,"WEYS",2005-08-01T20:00:00Z,Buy,19.485,23.6,10.999978999979,45.26,1.7273282795585,-73.9,48.01,48.18,1,"	301,402" 
2004-11-01T21:00:00Z,"CRMT",2005-10-03T20:00:00Z,Buy,22.69334468,17.67,8.000005999997,-40.19,0.91494063917896,-112.53,22.13,66.88,0,"	294,422" 
2004-11-01T21:00:00Z,"LEG",2005-11-01T21:00:00Z,Buy,28.27,20.23,19,-152.76,1.1387259076647,-184.87,43.51,228.38,0,"	295,440" 
2004-11-01T21:00:00Z,"CVX",2007-02-01T21:00:00Z,Buy,52.95,74.41,3,64.38,1.0950142329575,-7.5,68.79,35.19,1,"	292,625" 
2004-11-01T21:00:00Z,"WEYS",2007-09-04T20:00:00Z,Buy,19.485,29.6,9.000021000021,91.04,2.0732109458933,-60.47,116.96,58.95,1,"	301,764" 
2004-11-01T21:00:00Z,"CVX",2008-01-02T21:00:00Z,Buy,52.95,93.5,3,121.65,1.2402649052999,-7.5,125.88,37.86,1,"	292,825" 
2004-11-01T21:00:00Z,"CVX",2008-11-03T21:00:00Z,Buy,52.95,73.61,5,103.3,3.5001060355737,-12.5,250.6,222.35,1,"	292,1010" 
2004-11-01T21:00:00Z,"CRMT",2009-07-01T20:00:00Z,Buy,22.69334468,21.14,0.99998950000525,-1.55,0.52835853658537,-15.39,2.77,18.16,0,"	294,1182" 
2004-11-01T21:00:00Z,"CVX",2009-11-02T21:00:00Z,Buy,52.95,76.64,1,23.69,1.5282067968033,-2.5,50.12,46.6,1,"	292,1219" 
2004-12-01T21:00:00Z,"XOM",2005-03-01T21:00:00Z,Buy,51.12,62.05,6,65.58,1.720145101719,-10.02,73.62,15,1,"	318,341" 
2004-12-01T21:00:00Z,"COP",2005-05-02T20:00:00Z,Buy,89.24,106.68,2,34.88,1.3702584014328,-11.68,46.44,24.8,1,"	316,356" 
2004-12-01T21:00:00Z,"HANS",2005-06-01T20:00:00Z,Buy,34.9,74.4,4,158,1.025438478384,-10.8,158.8,37.8,1,"	313,371" 
2004-12-01T21:00:00Z,"LTD",2005-10-03T20:00:00Z,Buy,24.59,20.29,25,-107.5,1.1520766850241,-132,13.25,145.25,0,"	314,425" 
2004-12-01T21:00:00Z,"STLD",2005-10-03T20:00:00Z,Buy,40.13,32.9,7,-50.61,1.4008634667319,-102.34,38.64,140.98,0,"	317,427" 
2004-12-01T21:00:00Z,"CNC",2005-12-01T21:00:00Z,Buy,27.11,25.21,14,-26.6,3.7011896141486,-126.84,143.5,270.34,0,"	312,452" 
2004-12-01T21:00:00Z,"AHC",2006-02-01T21:00:00Z,Buy,84.98,148.5,2,127.04,1.0167625192453,-11.96,139.66,52.4,1,"	311,465" 
2004-12-01T21:00:00Z,"HANS",2006-04-03T20:00:00Z,Buy,17.449949744016,127.09,2,219.28,1.8660086591577,-2.7,219.28,48.2,1,"	313,495" 
2004-12-01T21:00:00Z,"NUE",2006-06-01T20:00:00Z,Buy,26.135,53.34,2,54.41,2.4821232127858,-6.6,66.97,19.42,1,"	315,530" 
2004-12-01T21:00:00Z,"AHC",2006-10-02T20:00:00Z,Buy,28.32663834,40.96,9,113.7,1.1417441470161,-17.94,249.33,143.55,1,"	311,574" 
2004-12-01T21:00:00Z,"XOM",2007-02-01T21:00:00Z,Buy,51.12,75.08,3,71.88,1.2094912894292,-5.01,82.77,30.51,1,"	318,633" 
2004-12-01T21:00:00Z,"HANS",2007-03-01T21:00:00Z,Buy,4.3624801070398,34.68,8,242.54,1.9897390295582,-2.7,375.76,210.74,1,"	313,643" 
2004-12-01T21:00:00Z,"COP",2007-08-01T20:00:00Z,Buy,44.62,80.76,3,108.42,1.011476466787,-8.76,136.71,49.41,1,"	316,742" 
2004-12-01T21:00:00Z,"XOM",2007-12-03T21:00:00Z,Buy,51.12,88.82,3,113.1,1.1311073899183,-5.01,131.79,38.25,1,"	318,814" 
2004-12-01T21:00:00Z,"NUE",2008-05-01T20:00:00Z,Buy,26.135,73.69,3,142.66,1.2474161455033,-9.9,152.5,69.21,1,"	315,908" 
2004-12-01T21:00:00Z,"COP",2008-05-01T20:00:00Z,Buy,44.62,86.59,7,293.79,0.52517443888824,-20.44,318.99,133,1,"	316,910" 
2004-12-01T21:00:00Z,"NUE",2008-11-03T21:00:00Z,Buy,26.135,37.93,7,82.56,0.51638950617284,-23.1,390.28,377.79,1,"	315,1018" 
2004-12-01T21:00:00Z,"XOM",2008-11-03T21:00:00Z,Buy,51.12,74.39,5,116.35,2.316456232895,-8.35,219.65,166.9,1,"	318,1028" 
2004-12-01T21:00:00Z,"XOM",2009-11-02T21:00:00Z,Buy,51.12,72.15,1,21.03,1.7240197931716,-1.67,43.93,33.38,1,"	318,1228" 
2005-01-03T21:00:00Z,"ANF",2006-05-01T20:00:00Z,Buy,46.3,60.86,8,116.48,1.7378307431632,-15.92,214.16,230.08,1,"	323,508" 
2005-01-03T21:00:00Z,"GCO",2006-09-01T20:00:00Z,Buy,30.42,27.4,12,-36.24,1.0743240391277,-55.92,159.12,209.04,0,"	324,564" 
2005-02-01T21:00:00Z,"ELBO",2005-05-02T20:00:00Z,Buy,35.37,56.82,6,128.7,4.5017901072931,-0.54,128.7,36.54,1,"	336,353" 
2005-02-01T21:00:00Z,"ALG",2005-09-01T20:00:00Z,Buy,25.84,20.5,14,-74.76,1.6760655269171,-100.52,0,100.52,0,"	335,413" 
2005-02-01T21:00:00Z,"ELBO",2005-10-08T04:00:00Z,Buy,35.37,62.5,3,81.39,0,-0.27,94.71,18.27,1,"	336,438" 
2005-02-01T21:00:00Z,"ABFS",2006-01-03T21:00:00Z,Buy,40.86,44.55,5,18.45,1.5724110124393,-51.7,23.15,71.3,1,"	334,463" 
2005-02-01T21:00:00Z,"JAKK",2006-11-01T21:00:00Z,Buy,22.25,22.03,10,-2.2,4.9962878317041,-72.5,60.7,127.2,0,"	337,593" 
2005-02-01T21:00:00Z,"ABFS",2007-07-02T20:00:00Z,Buy,40.86,39.4,6,-8.76,2.2334399425019,-62.04,58.14,92.46,0,"	334,722" 
2005-03-01T21:00:00Z,"TALK",2005-07-01T20:00:00Z,Buy,6.4,10.22,2,7.64,1.101996489633,-2.78,10.1,2.76,1,"	344,386" 
2005-03-01T21:00:00Z,"ZEUS",2005-08-01T20:00:00Z,Buy,24.68,15.89,8,-70.32,1.1346380769756,-91.76,0.56,92.32,0,"	345,403" 
2005-03-01T21:00:00Z,"ISSC",2005-12-01T21:00:00Z,Buy,19.63334315,14.47,11.999994000003,-61.96,1.7206903416032,-69.52,63.2,132.72,0,"	343,454" 
2005-03-01T21:00:00Z,"TALK",2006-09-01T20:00:00Z,Buy,6.4,5.84,35,-19.6,1.2239895148346,-48.65,181.65,209.65,0,"	344,568" 
2005-03-01T21:00:00Z,"CTR",2007-06-01T20:00:00Z,Buy,20.12667673,21.83,25,42.58,3.1326259185809,-76.5,151.83,147.5,1,"	342,703" 
2005-03-01T21:00:00Z,"CTR",2011-07-01T20:00:00Z,Buy,20.12667673,29.34,0.49998725000638,4.61,1.0405615496748,-4,4.74,7.03,1,"	342,1590" 
2005-04-01T21:00:00Z,"X",2005-12-01T21:00:00Z,Buy,51.16,48.98,6,-13.08,2.3420244838366,-101.94,0,101.94,0,"	350,456" 
2005-04-01T21:00:00Z,"GDT",2006-04-22T04:00:00Z,Buy,73.76,80.05,3,18.87,0.60370665935707,-120.78,18.87,55.29,1,"	349,506" 
2005-05-02T20:00:00Z,"GISX",2005-07-01T20:00:00Z,Buy,35.05,31.97,6,-18.48,1.0536853480319,-103.14,31.74,33.48,0,"	362,382" 
2005-05-02T20:00:00Z,"TTEC",2005-08-01T20:00:00Z,Buy,10.9,8.32,34,-87.72,2.9604948095772,-120.7,0.68,121.38,0,"	367,401" 
2005-05-02T20:00:00Z,"LEG",2005-11-01T21:00:00Z,Buy,26.9,20.23,8,-53.36,0.52,-66.88,29.28,79.68,0,"	364,440" 
2005-05-02T20:00:00Z,"BRC",2005-12-01T21:00:00Z,Buy,29.73,37.96,13,106.99,2.9041612575206,-35.23,119.21,103.22,1,"	360,451" 
2005-05-02T20:00:00Z,"HSII",2005-12-01T21:00:00Z,Buy,26.42,32.89,13,84.11,1.5935659598016,-26.26,102.44,67.21,1,"	363,453" 
2005-05-02T20:00:00Z,"SCHN",2006-03-01T21:00:00Z,Buy,24.2,32,11.499985329992,89.7,0.52956026058632,-197.03,206.16,57.61,1,"	366,483" 
2005-05-02T20:00:00Z,"PLCE",2006-04-03T20:00:00Z,Buy,39.72,56.37,8,133.2,1.0408034037722,-44.4,150.96,141.6,1,"	365,498" 
2005-05-02T20:00:00Z,"SCHN",2007-04-02T20:00:00Z,Buy,24.2,40.2,0.50001467000806,8,1.7331413695419,-8.57,8.96,5.14,1,"	366,662" 
2005-05-02T20:00:00Z,"WEYS",2007-09-04T20:00:00Z,Buy,18.69,29.6,1.999978999979,21.82,0.52793342391304,-11.85,27.58,13.1,1,"	368,764" 
2005-05-02T20:00:00Z,"CMC",2008-10-01T20:00:00Z,Buy,12.99,16.28,20,65.8,1.0736448247094,-28.5,528.2,469.6,1,"	361,993" 
2005-05-02T20:00:00Z,"WEYS",2008-12-01T21:00:00Z,Buy,18.69,27.26,8,68.56,3.5053513826372,-47.39,166,119.12,1,"	368,1055" 
2005-05-02T20:00:00Z,"WEYS",2009-10-01T20:00:00Z,Buy,18.69,22.35,1.000021000021,3.66,1.2998619498748,-5.92,20.75,19.25,1,"	368,1204" 
2005-06-01T20:00:00Z,"GCI",2005-08-01T20:00:00Z,Buy,74.24,72.26,4,-7.92,0.78915086376115,-26.32,66.72,16.56,0,"	374,396" 
2005-06-01T20:00:00Z,"LTD",2005-10-03T20:00:00Z,Buy,20.8,20.29,11,-5.61,0.83226235229247,-16.39,47.52,62.7,0,"	376,425" 
2005-06-01T20:00:00Z,"SPTN",2006-02-01T21:00:00Z,Buy,12.92,12.08,31,-26.04,1.8297561920828,-122.76,73.78,196.54,0,"	378,472" 
2005-06-01T20:00:00Z,"GDT",2006-04-22T04:00:00Z,Buy,74.2,80.05,5,29.25,0.61788039197045,-203.5,29.25,88.2,1,"	375,506" 
2005-06-01T20:00:00Z,"SCVL",2007-04-02T20:00:00Z,Buy,19.15,33.39,7,99.68,2.2837225099824,-36.12,112.42,76.37,1,"	377,663" 
2005-06-01T20:00:00Z,"SCVL",2007-10-01T20:00:00Z,Buy,19.15,15.79,15,-50.4,0.5650411913815,-77.4,240.9,305.25,0,"	377,778" 
2005-07-01T20:00:00Z,"LEG",2005-11-01T21:00:00Z,Buy,26.75,20.23,9,-58.68,0.52264390519187,-73.89,34.29,89.64,0,"	389,440" 
2005-07-01T20:00:00Z,"CBRL",2006-02-01T21:00:00Z,Buy,39.12,44,17,82.96,2.8536766278225,-99.96,89.25,136.51,1,"	387,466" 
2005-07-01T20:00:00Z,"GPX",2006-05-01T20:00:00Z,Buy,8.11,7.2,62,-56.42,2.8804201177959,-87.42,55.8,143.22,0,"	391,512" 
2005-07-01T20:00:00Z,"CNXS",2006-06-01T20:00:00Z,Buy,23,23.41,15,6.15,3.7040479160713,-37.65,108,145.65,1,"	388,525" 
2005-07-01T20:00:00Z,"PLPC",2006-07-03T17:00:00Z,Buy,39.89,37,11,-31.79,1.054698242535,-100.54,78.21,178.75,0,"	393,547" 
2005-07-01T20:00:00Z,"PDX",2006-12-01T21:00:00Z,Buy,36.785,48.55,6,70.59,0.50750203942896,-62.76,93.21,62.76,1,"	392,609" 
2005-07-01T20:00:00Z,"MSTR",2007-07-02T20:00:00Z,Buy,53.95,94.59,5,203.2,1.0252541130998,0,392.25,193.3,1,"	390,726" 
2005-08-01T20:00:00Z,"SAM",2005-09-01T20:00:00Z,Buy,21.9,23.71,12,21.72,1.0112128856491,-23.04,44.04,7.2,1,"	408,416" 
2005-08-01T20:00:00Z,"FL",2005-10-03T20:00:00Z,Buy,25.25,21.93,12,-39.84,0.53031212484994,-85.56,51.96,51.72,0,"	412,428" 
2005-08-01T20:00:00Z,"WWW",2006-02-01T21:00:00Z,Buy,22.25,24.06,27,48.87,2.3793580562733,-63.18,48.87,75.06,1,"	411,474" 
2005-08-01T20:00:00Z,"FRGO",2006-06-01T20:00:00Z,Buy,18,24.9,22,151.8,4.7855473761733,-39.38,151.8,122.1,1,"	405,527" 
2005-08-01T20:00:00Z,"USPH",2006-06-01T20:00:00Z,Buy,18.42,15.04,34,-114.92,3.7125586063444,-137.02,71.74,208.76,0,"	409,534" 
2005-08-01T20:00:00Z,"CLF",2006-10-02T20:00:00Z,Buy,37.215,38.77,8,12.44,1.2124722222314,-43.88,135.36,179.24,1,"	404,576" 
2005-08-01T20:00:00Z,"JAKK",2006-11-01T21:00:00Z,Buy,17.33,22.03,13,61.1,1.6068411452419,-30.29,142.87,165.36,1,"	406,593" 
2005-08-01T20:00:00Z,"JJSF",2007-01-03T21:00:00Z,Buy,29.035,41.02,5,59.92,1.4350348548078,-11.55,65.52,29.7,1,"	407,619" 
2005-08-01T20:00:00Z,"WDC",2007-02-01T21:00:00Z,Buy,15.04,19.41,28,122.36,4.8854214861369,-103.32,255.92,227.92,1,"	410,632" 
2005-08-01T20:00:00Z,"JJSF",2008-01-02T21:00:00Z,Buy,29.035,30.33,15,19.42,2.8341568317878,-34.65,205.88,201.75,1,"	407,829" 
2005-09-01T20:00:00Z,"SYKE",2006-09-01T20:00:00Z,Buy,10.58,20.2,13,125.06,2.5485544412964,0,125.06,40.56,1,"	421,567" 
2005-09-01T20:00:00Z,"KOMG",2007-02-01T21:00:00Z,Buy,31.94,33.75,10,18.1,2.4457379929027,-70,215.4,226.7,1,"	419,627" 
2005-09-01T20:00:00Z,"ABFS",2007-07-02T20:00:00Z,Buy,34.92,39.4,6,26.88,1.083536464933,-26.4,93.78,92.46,1,"	418,722" 
2005-09-01T20:00:00Z,"SYKE",2007-09-04T20:00:00Z,Buy,10.58,16.17,20,111.8,2.6482067572581,0,213.4,132.8,1,"	421,762" 
2005-09-01T20:00:00Z,"KFRC",2008-05-01T20:00:00Z,Buy,10.03,8.44,36,-57.24,4.6413565511506,-80.28,250.2,330.48,0,"	420,912" 
2005-10-03T20:00:00Z,"LRCX",2006-02-01T21:00:00Z,Buy,31,46.92,8,127.36,1.0634732273636,-7.52,127.36,35.92,1,"	430,469" 
2005-10-03T20:00:00Z,"PETS",2006-02-01T21:00:00Z,Buy,10.62,17.65,15,105.45,1.1271946292132,-11.7,110.55,32.1,1,"	434,470" 
2005-10-03T20:00:00Z,"TOL",2006-02-01T21:00:00Z,Buy,43.64,33,10,-106.4,1.0487211057927,-106.4,0,106.4,0,"	436,473" 
2005-10-03T20:00:00Z,"TTC",2006-03-01T21:00:00Z,Buy,36.5,46.58,6,60.48,0.82237507213901,-128.02,71.94,18.48,1,"	437,484" 
2005-10-03T20:00:00Z,"PTC",2006-06-01T20:00:00Z,Buy,15.333341,14.88,17,-7.71,1.8049891062901,-32.3,134.64,152.55,0,"	435,532" 
2005-10-03T20:00:00Z,"CECO",2006-10-02T20:00:00Z,Buy,35.89,22.5,13,-174.07,3.9193781406661,-235.17,75.53,310.7,0,"	429,575" 
2005-10-03T20:00:00Z,"PETS",2006-11-01T21:00:00Z,Buy,10.62,12.14,20,30.4,0.54856,-23.4,187.6,211,1,"	434,596" 
2005-10-03T20:00:00Z,"PDX",2006-12-01T21:00:00Z,Buy,38.49,48.55,6,60.36,0.71279956776427,-72.99,82.98,62.76,1,"	433,609" 
2005-10-03T20:00:00Z,"NHC",2007-08-01T20:00:00Z,Buy,34.78,52.2,6,104.52,0.9225575547555,-33.3,142.86,49.98,1,"	431,740" 
2005-10-03T20:00:00Z,"OXY",2007-08-01T20:00:00Z,Buy,42.715,57.2,14,202.79,3.7259899920666,-108.36,292.53,152.32,1,"	432,741" 
2005-10-03T20:00:00Z,"LRCX",2007-11-01T20:00:00Z,Buy,31,48.84,9,160.56,2.2823529068845,-8.46,260.82,142.56,1,"	430,797" 
2005-11-01T21:00:00Z,"ISSC",2005-12-01T21:00:00Z,Buy,14.21,14.47,16.000005999997,4.16,1.8271294275181,-5.92,171.04,16,1,"	444,454" 
2005-11-01T21:00:00Z,"X",2005-12-01T21:00:00Z,Buy,37.56,48.98,6,68.52,0.51539764963105,-20.34,81.6,9.36,1,"	450,456" 
2005-11-01T21:00:00Z,"AXE",2006-04-03T20:00:00Z,Buy,37.39,47.29,6,59.4,0.58903593388356,-36.24,61.68,20.28,1,"	442,494" 
2005-11-01T21:00:00Z,"LRW",2006-05-01T20:00:00Z,Buy,22.7,27.12,17,75.14,1.6736296236746,-32.3,85,58.99,1,"	445,509" 
2005-11-01T21:00:00Z,"GPX",2006-05-01T20:00:00Z,Buy,8.28,7.2,27,-29.16,1.1600015201895,-42.66,19.71,42.66,0,"	447,512" 
2005-11-01T21:00:00Z,"SKX",2006-05-01T20:00:00Z,Buy,13.3,27.04,9,123.66,2.2205098533853,0,130.77,19.17,1,"	448,514" 
2005-11-01T21:00:00Z,"SNHY",2006-06-01T20:00:00Z,Buy,23.18,19.97,12,-38.52,2.1718873418983,-67.2,36.84,104.04,0,"	449,533" 
2005-11-01T21:00:00Z,"LYTS",2006-10-02T20:00:00Z,Buy,17.79,16.02,26,-46.02,4.9676603384354,-148.72,26,174.72,0,"	446,578" 
2005-11-01T21:00:00Z,"B",2007-06-01T20:00:00Z,Buy,17.385,30.1,11,139.86,2.995967725136,-21.4,139.86,89.65,1,"	443,701" 
2005-11-01T21:00:00Z,"SKX",2007-10-01T20:00:00Z,Buy,13.3,22.8,18,171,0.54657285519746,0,435.6,345.6,1,"	448,779" 
2005-11-01T21:00:00Z,"B",2009-05-01T20:00:00Z,Buy,17.385,13.91,19,-66.02,0.54676043878273,-178.32,366.04,544.35,0,"	443,1130" 
2005-12-01T21:00:00Z,"PZZA",2006-02-01T21:00:00Z,Buy,27.43,34.45,8,56.16,1.0601234715145,0,61.68,7.4,1,"	460,471" 
2005-12-01T21:00:00Z,"USNA",2006-03-01T21:00:00Z,Buy,38.8,43.04,13,55.12,2.8447303862203,-16.64,56.68,38.87,1,"	462,485" 
2005-12-01T21:00:00Z,"SHOO",2006-05-01T20:00:00Z,Buy,28.13,53.01,11,273.68,2.7168309683648,0,276.21,31.24,1,"	461,513" 
2005-12-01T21:00:00Z,"NVDA",2006-06-01T20:00:00Z,Buy,18.289978052018,24.18,26,153.14,2.7185698349443,-9.62,337.48,216.06,1,"	459,531" 
2005-12-01T21:00:00Z,"ANST",2006-09-01T20:00:00Z,Buy,17.49,23.95,22,142.12,2.9736215145213,-32.89,176,120.67,1,"	457,563" 
2005-12-01T21:00:00Z,"PZZA",2006-09-01T20:00:00Z,Buy,27.43,34.45,6,42.12,0.94643883206209,0,46.26,32.82,1,"	460,566" 
2005-12-01T21:00:00Z,"PZZA",2007-02-01T21:00:00Z,Buy,27.43,28.26,18,14.94,0.54604272266474,-7.2,185.94,193.14,1,"	460,629" 
2005-12-01T21:00:00Z,"MRO",2007-06-01T20:00:00Z,Buy,61.2,126.74,2,131.08,1.4534548550028,-2.48,131.08,42.78,1,"	458,710" 
2005-12-01T21:00:00Z,"MRO",2008-06-02T20:00:00Z,Buy,30.6,51.66,12,252.72,0.53021641645545,-7.44,428.52,256.32,1,"	458,938" 
2005-12-01T21:00:00Z,"SHOO",2009-05-01T20:00:00Z,Buy,18.753286813383,28.47,9.0000223256628,87.45,0.52661199864038,-46.65,228.3,274.95,1,"	461,1139" 
2005-12-01T21:00:00Z,"NVDA",2015-06-01T20:00:00Z,Buy,18.289978052018,22.38,3.1200012480005E-5,0,0.93948471840899,0,0,0,0,"	459,2640" 
2006-01-03T21:00:00Z,"CBRL",2006-02-01T21:00:00Z,Buy,35.1,44,7,62.3,0.90917048351286,-13.02,64.89,10.22,1,"	464,466" 
2006-02-01T21:00:00Z,"UFPI",2006-05-01T20:00:00Z,Buy,56.68,76.01,3,57.99,3.0562814527377,-5.04,57.99,8.85,1,"	478,515" 
2006-02-01T21:00:00Z,"HNI",2006-06-01T20:00:00Z,Buy,57.05,51.94,14,-71.54,2.8371672767841,-99.68,63,162.68,0,"	477,529" 
2006-02-01T21:00:00Z,"CRUS",2006-08-01T20:00:00Z,Buy,8.5,6.56,57,-110.58,2.7671665347843,-110.58,98.04,208.62,0,"	476,551" 
2006-02-01T21:00:00Z,"BWS",2006-12-01T21:00:00Z,Buy,30.039956291822,45.31,11,167.97,1.8929165847012,-5.79,191.51,107.8,1,"	475,605" 
2006-02-01T21:00:00Z,"UFPI",2006-12-01T21:00:00Z,Buy,56.68,46.6,8,-80.64,1.2411521373015,-102.96,186.8,289.76,0,"	478,610" 
2006-02-01T21:00:00Z,"BWS",2007-06-01T20:00:00Z,Buy,20.0266475412,29.9,16,157.97,3.5812214374181,-5.62,275.31,175.09,1,"	475,702" 
2006-02-01T21:00:00Z,"WMK",2010-10-01T20:00:00Z,Buy,42.94,39.02,5,-19.6,0.8553451429585,-98.25,16.1,114.35,0,"	479,1438" 
2006-02-01T21:00:00Z,"BWS",2011-02-01T21:00:00Z,Buy,20.0266475412,13.29,1.2500404812767,-8.42,1.5587653828495,-11.91,21.51,33.42,0,"	475,1485" 
2006-03-01T21:00:00Z,"IIIN",2006-04-03T20:00:00Z,Buy,39.29,59.24,4,79.8,2.0026486418038,0,80.08,17.84,1,"	488,496" 
2006-03-01T21:00:00Z,"LMS",2006-05-01T20:00:00Z,Buy,23.51,24.85,11,14.74,2.8758399440633,-18.7,66.99,52.69,1,"	489,510" 
2006-03-01T21:00:00Z,"COHU",2006-06-01T20:00:00Z,Buy,21.68,17.9,18,-68.04,2.5944509404845,-97.92,0,97.92,0,"	487,526" 
2006-03-01T21:00:00Z,"ZEUS",2007-02-01T21:00:00Z,Buy,26.9,27.81,15,13.65,2.9527102884252,-82.8,181.05,263.85,1,"	491,634" 
2006-03-01T21:00:00Z,"IIIN",2007-04-02T20:00:00Z,Buy,19.645,16.71,10,-29.35,1.9211294277611,-37.55,100.8,138.35,0,"	488,658" 
2006-03-01T21:00:00Z,"CVX",2009-11-02T21:00:00Z,Buy,57.22,76.64,4,77.68,1.0361590843378,-27.08,183.4,186.4,1,"	486,1219" 
2006-03-01T21:00:00Z,"XOM",2009-11-02T21:00:00Z,Buy,60.34,72.15,4,47.24,0.51015995958916,-43.56,138.84,133.52,1,"	490,1228" 
2006-04-03T20:00:00Z,"EGY",2006-07-03T17:00:00Z,Buy,6.83,10.1,21,68.67,2.0089300135868,-16.38,68.67,36.54,1,"	501,546" 
2006-04-03T20:00:00Z,"ADTN",2006-08-01T20:00:00Z,Buy,25.95,21.26,18,-84.42,1.9594194586885,-102.42,18.72,121.14,0,"	500,550" 
2006-04-03T20:00:00Z,"TALK",2006-09-01T20:00:00Z,Buy,8.6,5.84,26,-71.76,1.1462625889092,-93.34,77.74,92.3,0,"	504,568" 
2006-04-03T20:00:00Z,"MLR",2006-10-02T20:00:00Z,Buy,26.75,18.03,21,-183.12,1.1069122479222,-211.89,68.04,279.93,0,"	503,579" 
2006-04-03T20:00:00Z,"LII",2006-11-01T21:00:00Z,Buy,30.22,26.95,23,-75.21,3.4399312856368,-203.32,99.13,302.45,0,"	502,595" 
2006-04-03T20:00:00Z,"WIRE",2007-03-01T21:00:00Z,Buy,33.22,25.15,11,-88.77,1.0535664996978,-132.66,146.41,279.07,0,"	505,646" 
2006-04-03T20:00:00Z,"EGY",2007-06-01T20:00:00Z,Buy,6.83,4.86,37,-72.89,1.9259837329382,-82.51,120.99,203.5,0,"	501,705" 
2006-05-01T20:00:00Z,"RL",2006-08-01T20:00:00Z,Buy,61.16,55.71,5,-27.25,1.3155067464375,-73.55,3.85,77.4,0,"	519,555" 
2006-05-01T20:00:00Z,"SSD",2006-10-02T20:00:00Z,Buy,40.68,26.74,14,-195.16,3.379071787277,-217.7,12.32,230.02,0,"	521,581" 
2006-05-01T20:00:00Z,"MSM",2007-01-03T21:00:00Z,Buy,51.98,40.48,14,-161,3.7521369774376,-203.42,38.08,241.5,0,"	518,620" 
2006-05-01T20:00:00Z,"DECK",2007-04-02T20:00:00Z,Buy,42.49,70,3,82.53,2.0566405125752,-24.87,93.09,27.18,1,"	516,653" 
2006-05-01T20:00:00Z,"SCHN",2007-04-02T20:00:00Z,Buy,39.5,40.2,12.499985329992,8.75,1.5850787572271,-405.42,32.83,128.5,1,"	520,662" 
2006-05-01T20:00:00Z,"STLD",2007-05-01T20:00:00Z,Buy,32.145,44.21,14,168.91,1.0529395088163,-119.42,202.79,150.85,1,"	522,685" 
2006-05-01T20:00:00Z,"THO",2007-06-01T20:00:00Z,Buy,49.09,44.85,15,-63.6,1.075103627009,-153.15,56.4,209.55,0,"	523,711" 
2006-05-01T20:00:00Z,"DECK",2007-08-01T20:00:00Z,Buy,42.49,104.94,3,187.35,1.7362537531139,-24.87,196.38,35.82,1,"	516,738" 
2006-05-01T20:00:00Z,"SCHN",2007-10-01T20:00:00Z,Buy,39.5,75.84,0.50001467000806,18.17,0.51034793286942,-16.22,18.17,7.26,1,"	520,777" 
2006-05-01T20:00:00Z,"DECK",2007-11-01T20:00:00Z,Buy,42.49,132.75,3,270.78,4.1247795029468,-24.87,310.53,70.29,1,"	516,793" 
2006-05-01T20:00:00Z,"RL",2007-12-03T21:00:00Z,Buy,61.16,68.73,9,68.13,1.4964355270929,-132.39,369.9,346.14,1,"	519,811" 
2006-05-01T20:00:00Z,"DECK",2008-11-03T21:00:00Z,Buy,42.49,80.65,2,76.32,0.5095083706673,-16.58,244.82,185.58,1,"	516,1011" 
2006-05-01T20:00:00Z,"EXPO",2009-10-01T20:00:00Z,Buy,16.25,27.54,14,158.06,0.88847684300039,-137.2,290.78,239.4,1,"	517,1200" 
2006-05-01T20:00:00Z,"WEYS",2009-10-01T20:00:00Z,Buy,21.28,22.35,8.999978999979,9.63,1.1748070028731,-76.62,163.44,173.25,1,"	524,1204" 
2006-06-01T20:00:00Z,"GCO",2006-09-01T20:00:00Z,Buy,36.01,27.4,6,-51.66,0.51544168096055,-61.5,46.02,64.32,0,"	537,564" 
2006-06-01T20:00:00Z,"LCUT",2006-09-01T20:00:00Z,Buy,27.8,20.11,20,-153.8,3.1757222052955,-171.2,0,171.2,0,"	540,565" 
2006-06-01T20:00:00Z,"RES",2006-11-01T21:00:00Z,Buy,24.25,20.89,14,-47.04,1.0702301668639,-98.28,11.62,109.9,0,"	543,597" 
2006-06-01T20:00:00Z,"PONR",2007-01-03T21:00:00Z,Buy,28.5,28.55,17,0.85,3.2880001027226,-102.17,25.5,117.64,1,"	542,621" 
2006-06-01T20:00:00Z,"FCX",2007-04-02T20:00:00Z,Buy,55.65,66.68,8,88.24,1.0400362491559,-95.12,88.24,103.76,1,"	535,656" 
2006-06-01T20:00:00Z,"GPI",2007-04-02T20:00:00Z,Buy,61.6,39.82,9,-196.02,2.4265958899234,-196.65,3.6,200.25,0,"	538,657" 
2006-06-01T20:00:00Z,"TTMI",2007-04-02T20:00:00Z,Buy,15.08,9.44,28,-157.92,1.1409782039012,-158.2,0,158.2,0,"	545,664" 
2006-06-01T20:00:00Z,"LMS",2007-05-01T20:00:00Z,Buy,24.38,26.8,12,29.04,1.5790376447234,-49.8,82.08,103.44,1,"	541,680" 
2006-06-01T20:00:00Z,"RSC",2007-05-01T20:00:00Z,Buy,14.83,16.43,35,56,1.1743551493946,-46.55,119.35,113.05,1,"	544,684" 
2006-06-01T20:00:00Z,"FIZ",2007-08-01T20:00:00Z,Buy,11.76666196,9.79,32.800134879946,-64.83,0.5786856264412,-197.35,100.04,166.19,0,"	536,739" 
2006-06-01T20:00:00Z,"GWW",2008-08-01T20:00:00Z,Buy,73.41,88.57,3,45.48,1.4058946030497,-38.22,74.97,80.04,1,"	539,972" 
2006-06-01T20:00:00Z,"GWW",2009-05-01T20:00:00Z,Buy,73.41,82.78,10,93.7,0.52470749761223,-133.8,249.9,383.7,1,"	539,1134" 
2006-06-01T20:00:00Z,"FIZ",2010-09-01T20:00:00Z,Buy,11.76666196,14.98,1.9998790400599,6.43,0.54178521617852,-12.03,6.43,15.19,1,"	536,1414" 
2006-07-03T17:00:00Z,"CECO",2006-10-02T20:00:00Z,Buy,29.83,22.5,7,-51.31,0.51748241795044,-84.21,83.09,84.21,0,"	548,575" 
2006-07-03T17:00:00Z,"TNC",2007-03-01T21:00:00Z,Buy,24.695,30.26,7,38.96,3.0435445889487,-17.43,53.58,27.02,1,"	549,645" 
2006-07-03T17:00:00Z,"TNC",2007-10-01T20:00:00Z,Buy,24.695,48.4,5,118.52,0.51244855967078,-12.45,123.58,24.4,1,"	549,780" 
2006-07-03T17:00:00Z,"TNC",2008-09-02T20:00:00Z,Buy,24.695,31.28,14,92.19,2.526361734405,-34.86,346.01,343.28,1,"	549,985" 
2006-08-01T20:00:00Z,"TALK",2006-09-01T20:00:00Z,Buy,5.98,5.84,43,-6.02,1.4087399435509,-41.71,241.23,16.34,0,"	559,568" 
2006-08-01T20:00:00Z,"SSD",2006-10-02T20:00:00Z,Buy,28.19,26.74,8,-11.6,0.52013571428571,-24.48,106.96,38.24,0,"	558,581" 
2006-08-01T20:00:00Z,"TESS",2006-10-02T20:00:00Z,Buy,20.97,31.52,15,158.25,1.1222383114615,-2.7,158.25,27.15,1,"	560,582" 
2006-08-01T20:00:00Z,"KBALB",2006-11-01T21:00:00Z,Buy,17.33,24.56,13,93.99,1.115075659899,-12.74,101.4,25.35,1,"	556,594" 
2006-08-01T20:00:00Z,"TESS",2007-02-01T21:00:00Z,Buy,13.97997965911,24.71,10,107.3,0.52762745974955,-1.2,121.7,47.2,1,"	560,631" 
2006-08-01T20:00:00Z,"SWFT",2007-05-01T20:00:00Z,Buy,26.3,31.37,13,65.91,1.0816348965865,-51.74,65.91,67.86,1,"	557,679" 
2006-08-01T20:00:00Z,"KBALB",2007-07-02T20:00:00Z,Buy,17.33,14.01,21,-69.72,0.595,-93.87,180.39,274.26,0,"	556,725" 
2006-08-01T20:00:00Z,"TESS",2007-10-01T20:00:00Z,Buy,13.97997965911,15.55,15,23.55,1.5117431771519,-73.5,260.7,334.2,1,"	560,781" 
2006-08-01T20:00:00Z,"VLO",2008-06-02T20:00:00Z,Buy,67.06,52.84,3,-42.66,0.87484339025804,-151.52,31.98,99.48,0,"	561,942" 
2006-08-01T20:00:00Z,"TESS",2009-09-01T20:00:00Z,Buy,13.97997965911,16,0.50003710253543,1.01,1.9154333966308,-2.45,8.69,11.14,1,"	560,1196" 
2006-09-01T20:00:00Z,"BLS",2006-12-30T05:00:00Z,Buy,41.34,47.15,26,151.06,0.56602211302211,-8.84,151.06,84.24,1,"	570,618" 
2006-09-01T20:00:00Z,"WCC",2007-04-02T20:00:00Z,Buy,59.43,62.31,8,23.04,1.0402645020633,-20.32,91.52,109.92,1,"	573,665" 
2006-09-01T20:00:00Z,"AP",2007-05-01T20:00:00Z,Buy,28.81,36.08,11,79.97,1.0550248512703,-63.25,90.2,145.53,1,"	569,676" 
2006-09-01T20:00:00Z,"PTSI",2007-05-01T20:00:00Z,Buy,25.93,18.91,20,-140.4,1.8629686215457,-140.4,19.6,160,0,"	572,682" 
2006-09-01T20:00:00Z,"IVAC",2008-06-02T20:00:00Z,Buy,17.38,12.16,17,-88.74,3.9626642567394,-123.08,224.23,347.31,0,"	571,937" 
2006-10-02T20:00:00Z,"DDS",2006-12-01T21:00:00Z,Buy,32.7,35.65,9,26.55,2.8913922823723,-35.91,30.51,44.46,1,"	586,606" 
2006-10-02T20:00:00Z,"SPTN",2007-02-01T21:00:00Z,Buy,15.8,23.5,27,207.9,3.9479008642402,0,212.22,82.89,1,"	592,630" 
2006-10-02T20:00:00Z,"DLTR",2007-04-02T20:00:00Z,Buy,31.29,37.97,8,53.44,2.1143033759055,-13.6,55.6,19.28,1,"	587,654" 
2006-10-02T20:00:00Z,"MOH",2007-04-02T20:00:00Z,Buy,34.86,31.02,14,-53.76,1.9902851427274,-71.12,81.76,152.88,0,"	589,660" 
2006-10-02T20:00:00Z,"MTEX",2007-04-02T20:00:00Z,Buy,17.62,15.35,20,-45.4,2.2784361082556,-83.2,32.8,116,0,"	590,661" 
2006-10-02T20:00:00Z,"CMI",2007-05-01T20:00:00Z,Buy,59.745,92,12,387.06,1.0450160094883,-31.44,436.86,142.8,1,"	585,677" 
2006-10-02T20:00:00Z,"AEOS",2007-06-01T20:00:00Z,Buy,29.74001487,27.19,18.999961929984,-48.45,0.53310102739726,-389.75,87.4,139.84,0,"	584,700" 
2006-10-02T20:00:00Z,"MGLN",2007-06-01T20:00:00Z,Buy,41.92,45.37,16,55.2,2.76389851665,-30.08,61.6,79.04,1,"	588,709" 
2006-10-02T20:00:00Z,"PCLN",2007-07-02T20:00:00Z,Buy,36.76,68.31,3,94.65,2.7776463240163,0,95.94,28.32,1,"	591,727" 
2006-10-02T20:00:00Z,"DDS",2007-09-04T20:00:00Z,Buy,32.7,22.1,13,-137.8,1.6819469691113,-137.8,94.38,232.18,0,"	586,757" 
2006-10-02T20:00:00Z,"DLTR",2007-09-04T20:00:00Z,Buy,31.29,43.24,7,83.65,1.4908053603829,-11.9,99.96,67.76,1,"	587,758" 
2006-10-02T20:00:00Z,"PCLN",2007-09-04T20:00:00Z,Buy,36.76,82.16,3,136.2,0.5074258857556,0,138.66,28.32,1,"	591,761" 
2006-10-02T20:00:00Z,"PCLN",2007-12-03T21:00:00Z,Buy,36.76,114.59,2,155.66,2.1665017584664,0,155.66,20.7,1,"	591,809" 
2006-10-02T20:00:00Z,"DLTR",2008-05-01T20:00:00Z,Buy,31.29,31.6,7,2.17,0.5175,-69.93,99.96,169.89,1,"	587,898" 
2006-10-02T20:00:00Z,"PCLN",2008-11-03T21:00:00Z,Buy,36.76,52.29,3,46.59,0.50745154854646,0,308.7,271.2,1,"	591,1019" 
2006-10-02T20:00:00Z,"DLTR",2009-03-02T21:00:00Z,Buy,31.29,39.23,1,7.94,1.022482927287,-9.99,14.28,24.27,1,"	587,1094" 
2006-10-02T20:00:00Z,"AEOS",2014-01-02T21:00:00Z,Buy,29.74001487,14.73,0.50002832002048,-7.51,3.7318462636105,-10.26,2.3,10.55,0,"	584,2183" 
2006-11-01T21:00:00Z,"FAF",2006-12-01T21:00:00Z,Buy,40.38,38.63,6,-10.5,0.77997777278809,-111.9,52.2,20.22,0,"	600,607" 
2006-11-01T21:00:00Z,"OFIX",2006-12-01T21:00:00Z,Buy,43.24,43.49,19,4.75,2.7428124112999,-13.68,43.7,40.85,1,"	602,608" 
2006-11-01T21:00:00Z,"PDX",2006-12-01T21:00:00Z,Buy,44.07,48.55,5,22.4,0.72331065617929,-88.72,41.25,7.35,1,"	603,609" 
2006-11-01T21:00:00Z,"UFPI",2006-12-01T21:00:00Z,Buy,44.34,46.6,5,11.3,0.96929465928313,-2.65,178.45,10.55,1,"	604,610" 
2006-11-01T21:00:00Z,"AEIS",2007-05-01T20:00:00Z,Buy,15.08,24.9,14,137.48,5.1863962504453,-2.1,139.3,32.62,1,"	598,675" 
2006-11-01T21:00:00Z,"HVT",2007-06-01T20:00:00Z,Buy,15.01,12.28,31,-84.63,2.5728152174095,-91.76,28.83,120.59,0,"	601,706" 
2006-11-01T21:00:00Z,"AEIS",2008-04-01T20:00:00Z,Buy,15.08,13.68,16,-22.4,2.8675461753591,-83.2,169.6,252.8,0,"	598,880" 
2006-11-01T21:00:00Z,"COLM",2010-10-01T20:00:00Z,Buy,54.62,58.31,5,18.45,1.0442849177173,-147,78.8,225.8,1,"	599,1429" 
2006-11-01T21:00:00Z,"COLM",2011-05-02T20:00:00Z,Buy,54.62,66.97,8,98.8,0.5295499338138,-235.2,126.08,361.28,1,"	599,1545" 
2006-12-01T21:00:00Z,"DIOD",2007-02-01T21:00:00Z,Buy,41.09,37.12,11,-43.67,1.5910572502468,-90.86,13.75,104.61,0,"	613,626" 
2006-12-01T21:00:00Z,"CRS",2007-06-01T20:00:00Z,Buy,107.51,135.68,4,112.68,2.6514837678026,-40.88,116,63.8,1,"	612,704" 
2006-12-01T21:00:00Z,"FD",2007-07-02T20:00:00Z,Buy,40.55,39.81,20,-14.8,1.0981809305411,-74.4,120.8,167.6,0,"	615,724" 
2006-12-01T21:00:00Z,"AMWD",2007-11-01T20:00:00Z,Buy,38.35,23.94,14,-201.74,1.980541599839,-201.74,95.34,297.08,0,"	611,791" 
2006-12-01T21:00:00Z,"COP",2008-05-01T20:00:00Z,Buy,67.38,86.59,3,57.63,0.50751673360107,-77.04,68.43,57,1,"	616,910" 
2006-12-01T21:00:00Z,"DLTR",2009-03-02T21:00:00Z,Buy,29.59,39.23,5,48.2,0.6227977219418,-41.45,79.9,121.35,1,"	614,1094" 
2006-12-01T21:00:00Z,"DLTR",2010-02-01T21:00:00Z,Buy,29.59,49.97,2,40.76,1.7795238281932,-16.58,43.48,48.54,1,"	614,1283" 
2006-12-01T21:00:00Z,"WMK",2010-10-01T20:00:00Z,Buy,39.89,39.02,2,-1.74,0.51240052225814,-33.2,12.54,45.42,0,"	617,1438" 
2006-12-01T21:00:00Z,"WMK",2012-02-01T21:00:00Z,Buy,39.89,42.86,3,8.91,0.51267447362195,-49.8,18.81,68.13,1,"	617,1703" 
2007-01-03T21:00:00Z,"LAWS",2007-04-02T20:00:00Z,Buy,44.97,36.84,11,-89.43,1.0537466217151,-114.73,22.33,137.06,0,"	622,659" 
2007-01-03T21:00:00Z,"X",2008-01-02T21:00:00Z,Buy,71.22,113.64,2,84.84,2.1886535333908,-3,107.34,88.38,1,"	624,833" 
2007-01-03T21:00:00Z,"VLO",2008-06-02T20:00:00Z,Buy,50.01,52.84,4,11.32,0.96316722034191,-133.83,110.84,132.64,1,"	623,942" 
2007-01-03T21:00:00Z,"X",2008-06-02T20:00:00Z,Buy,71.22,172.01,2,201.58,1.4367770278396,-3,225.26,88.38,1,"	624,945" 
2007-01-03T21:00:00Z,"X",2008-07-01T20:00:00Z,Buy,71.22,175.36,2,208.28,1.8644056468693,-3,242.34,88.38,1,"	624,963" 
2007-02-01T21:00:00Z,"NEU",2007-04-02T20:00:00Z,Buy,56.94,40.16,8,-134.24,2.705955060916,-134.24,0,134.24,0,"	636,655" 
2007-02-01T21:00:00Z,"VVI",2007-05-01T20:00:00Z,Buy,42.36,41.11,5,-6.25,3.9390793322032,-32.15,0,32.15,0,"	642,688" 
2007-02-01T21:00:00Z,"EGY",2007-06-01T20:00:00Z,Buy,6.47,4.86,35,-56.35,1.5705974969869,-65.45,127.05,81.55,0,"	635,705" 
2007-02-01T21:00:00Z,"KSS",2007-06-01T20:00:00Z,Buy,72.84,76.11,13,42.51,1.7759378234549,-67.47,78.13,93.34,1,"	638,708" 
2007-02-01T21:00:00Z,"NVEC",2007-09-04T20:00:00Z,Buy,23.03,34.8,10,117.7,2.7713403271474,-21.7,179.7,109.5,1,"	640,760" 
2007-02-01T21:00:00Z,"VVI",2007-09-04T20:00:00Z,Buy,42.36,35.48,18,-123.84,6.7683906221054,-198.18,44.28,242.46,0,"	642,763" 
2007-02-01T21:00:00Z,"KMX",2007-11-01T20:00:00Z,Buy,28.98,19.79,24,-220.56,2.5585984810679,-220.56,0,220.56,0,"	637,796" 
2007-02-01T21:00:00Z,"VFC",2007-11-01T20:00:00Z,Buy,76.54,83.87,3,21.99,1.6466253869977,-1.29,57.6,52.5,1,"	641,798" 
2007-02-01T21:00:00Z,"VFC",2008-02-01T21:00:00Z,Buy,76.54,79.62,11,33.88,3.8317076284339,-140.14,211.2,351.34,1,"	641,846" 
2007-02-01T21:00:00Z,"MOV",2009-02-02T21:00:00Z,Buy,29.23,7.66,20,-431.4,3.5866835459247,-452,110,562,0,"	639,1079" 
2007-03-01T21:00:00Z,"IIIN",2007-04-02T20:00:00Z,Buy,17.96,16.71,11,-13.75,0.72777322909868,-22.77,129.42,18.81,0,"	650,658" 
2007-03-01T21:00:00Z,"MGPI",2007-05-01T20:00:00Z,Buy,19.17,19.59,22,9.24,1.107312288497,-23.1,34.32,29.92,1,"	651,681" 
2007-03-01T21:00:00Z,"ABM",2007-08-01T20:00:00Z,Buy,26.83,25.16,10,-16.7,3.7019919380205,-38,35.9,73.9,0,"	647,735" 
2007-03-01T21:00:00Z,"GRC",2007-11-01T20:00:00Z,Buy,28.3,37.35,15,135.75,2.4974353713971,-18,168,97.8,1,"	649,794" 
2007-03-01T21:00:00Z,"ABM",2008-01-02T21:00:00Z,Buy,26.83,20.16,23,-153.41,0.55687929342493,-171.35,82.57,253.92,0,"	647,824" 
2007-03-01T21:00:00Z,"AIT",2008-11-03T21:00:00Z,Buy,24,19.93,7.2499653162267,-29.51,0.52253756260434,-110.01,82,126.15,0,"	648,1009" 
2007-03-01T21:00:00Z,"SHOO",2009-05-01T20:00:00Z,Buy,28.53,28.47,1.9999776743372,-0.12,0.5168902232747,-29.92,31.18,39.88,0,"	652,1139" 
2007-03-01T21:00:00Z,"AIT",2009-12-01T21:00:00Z,Buy,24,20.88,1.7500346837733,-5.46,0.55534457831325,-26.55,19.79,30.45,0,"	648,1245" 
2007-03-01T21:00:00Z,"SHOO",2010-10-01T20:00:00Z,Buy,19.020032096279,41.2,6,133.08,0.51505114466634,-59.84,137.88,79.76,1,"	652,1435" 
2007-03-01T21:00:00Z,"SHOO",2012-08-01T20:00:00Z,Buy,12.680022110771,39.41,2.2500311217321,60.14,0.54873856047489,-14.96,72.9,30.13,1,"	652,1803" 
2007-04-02T20:00:00Z,"TZOO",2007-05-01T20:00:00Z,Buy,36.95,27.35,9,-86.4,2.3861351995914,-86.4,25.56,111.96,0,"	673,686" 
2007-04-02T20:00:00Z,"EBF",2007-07-02T20:00:00Z,Buy,26.6,23.98,34,-89.08,4.4195386564991,-138.04,40.46,178.5,0,"	668,723" 
2007-04-02T20:00:00Z,"SRI",2007-08-01T20:00:00Z,Buy,10.34,12.14,42,75.6,5.6321349477818,-2.1,143.64,69.3,1,"	672,744" 
2007-04-02T20:00:00Z,"USNA",2007-08-01T20:00:00Z,Buy,47.44,39.39,10,-80.5,4.9589973042936,-102.6,27.3,107.8,0,"	674,745" 
2007-04-02T20:00:00Z,"ALB",2007-12-03T21:00:00Z,Buy,42.01,44.89,5,14.4,10.855986326395,-34.55,29.2,48.2,1,"	666,807" 
2007-04-02T20:00:00Z,"LDL",2008-01-02T21:00:00Z,Buy,16.68,10.26,30,-192.6,1.3193036431849,-236.4,53.1,289.5,0,"	669,830" 
2007-04-02T20:00:00Z,"MAT",2008-02-01T21:00:00Z,Buy,28.26,21.3,35,-243.6,4.475093307045,-406,48.65,454.65,0,"	670,844" 
2007-04-02T20:00:00Z,"PCCC",2008-02-01T21:00:00Z,Buy,13.82,11.44,25,-59.5,2.2447390738812,-92,41.25,133.25,0,"	671,845" 
2007-04-02T20:00:00Z,"ALB",2008-04-01T20:00:00Z,Buy,42.01,37,14,-70.14,0.62259406257298,-114.24,81.76,196,0,"	666,881" 
2007-04-02T20:00:00Z,"ANF",2009-03-02T21:00:00Z,Buy,77.04,20.75,9,-506.61,1.973372979215,-565.92,67.95,633.87,0,"	667,1091" 
2007-05-01T20:00:00Z,"HVT",2007-06-01T20:00:00Z,Buy,12.94,12.28,16,-10.56,0.54059607843137,-14.24,48,15.04,0,"	693,706" 
2007-05-01T20:00:00Z,"OMM",2007-06-09T04:00:00Z,Buy,29.15,29.22,23,1.61,0.55761859745617,-0.69,2.53,2.76,1,"	697,721" 
2007-05-01T20:00:00Z,"ABG",2007-08-01T20:00:00Z,Buy,28.95,22.14,26,-177.06,3.6090904486219,-182.52,0,182.52,0,"	689,734" 
2007-05-01T20:00:00Z,"CALM",2007-08-01T20:00:00Z,Buy,12.74,18.15,15,81.15,2.6493693473303,-9.6,149.1,67.95,1,"	691,736" 
2007-05-01T20:00:00Z,"LNDC",2007-10-01T20:00:00Z,Buy,12.54,16,42,145.32,2.3128470116159,-111.3,145.32,172.62,1,"	695,776" 
2007-05-01T20:00:00Z,"KELYA",2007-11-01T20:00:00Z,Buy,28.93,20.4,25,-213.25,1.1503047227207,-228,2.25,230.25,0,"	694,795" 
2007-05-01T20:00:00Z,"UCTT",2007-12-03T21:00:00Z,Buy,14.49,13.8,22,-15.18,1.1456682081865,-44.66,45.98,90.64,0,"	699,813" 
2007-05-01T20:00:00Z,"GIII",2008-01-02T21:00:00Z,Buy,17.59,13.59,21,-84,2.9814254519926,-113.82,92.4,206.22,0,"	692,827" 
2007-05-01T20:00:00Z,"AGYS",2008-01-02T21:00:00Z,Buy,21.11,14.65,20,-129.2,5.205719688518,-168.6,47,215.6,0,"	698,831" 
2007-05-01T20:00:00Z,"CALM",2008-02-01T21:00:00Z,Buy,12.74,31.31,8,148.56,0.52172043010753,-5.12,148.56,64.8,1,"	691,843" 
2007-05-01T20:00:00Z,"BW",2008-03-03T21:00:00Z,Buy,46.01,26.82,6,-115.14,3.7543444272291,-125.46,74.34,199.8,0,"	690,856" 
2007-05-01T20:00:00Z,"ODP",2008-03-03T21:00:00Z,Buy,33.91,11.08,6,-136.98,0.51514740917213,-136.98,63.72,151.92,0,"	696,864" 
2007-05-01T20:00:00Z,"CALM",2008-10-01T20:00:00Z,Buy,12.74,27.42,14,205.52,1.9710108733011,-8.96,488.74,298.06,1,"	691,992" 
2007-06-01T20:00:00Z,"KBALB",2007-07-02T20:00:00Z,Buy,13.91,14.01,17,1.7,0.54330952380952,-17.85,204.17,30.6,1,"	717,725" 
2007-06-01T20:00:00Z,"CMI",2007-08-01T20:00:00Z,Buy,94.1,120.05,2,51.9,1.8593393445848,-1.34,51.9,18.46,1,"	713,737" 
2007-06-01T20:00:00Z,"SCHN",2007-10-01T20:00:00Z,Buy,55.45,75.84,3.4999853299919,71.36,0.52557656826568,-169.34,71.36,50.78,1,"	718,777" 
2007-06-01T20:00:00Z,"BRKS",2008-04-01T20:00:00Z,Buy,17.7,10.28,36,-267.12,3.8189818511615,-298.8,81.36,380.16,0,"	712,882" 
2007-06-01T20:00:00Z,"STLD",2008-04-01T20:00:00Z,Buy,24.245,34.36,8,80.92,5.7677512117016,-49.08,88.16,57.68,1,"	719,885" 
2007-06-01T20:00:00Z,"USMO",2008-04-01T20:00:00Z,Buy,23.47,7.45,31,-496.62,1.2277363011698,-517.7,144.77,662.47,0,"	720,886" 
2007-06-01T20:00:00Z,"HAS",2008-05-01T20:00:00Z,Buy,32.43,36.15,9,33.48,1.6909337115405,-96.03,33.48,99.18,1,"	714,900" 
2007-06-01T20:00:00Z,"HAS",2008-06-02T20:00:00Z,Buy,32.43,36.14,19,70.49,1.167528438718,-202.73,90.25,209.38,1,"	714,936" 
2007-06-01T20:00:00Z,"SCHN",2008-07-01T20:00:00Z,Buy,55.45,114.56,2,118.22,1.3422467282115,-96.77,118.3,59.82,1,"	718,962" 
2007-06-01T20:00:00Z,"STLD",2008-11-03T21:00:00Z,Buy,24.245,11.54,14,-177.87,0.53388422818792,-237.09,229.95,467.04,0,"	719,1026" 
2007-06-01T20:00:00Z,"CMI",2008-12-01T21:00:00Z,Buy,47.05,22.53,8,-196.16,1.707835242412,-233.68,215.12,448.8,0,"	713,1047" 
2007-06-01T20:00:00Z,"SCHN",2009-01-02T21:00:00Z,Buy,55.45,40.18,4.5000146700081,-68.72,1.4407559958449,-217.73,266.18,441.09,0,"	718,1068" 
2007-06-01T20:00:00Z,"HOFT",2009-02-02T21:00:00Z,Buy,24.31,8.09,23,-373.06,7.5688441771059,-420.67,4.83,425.5,0,"	715,1076" 
2007-06-01T20:00:00Z,"JAKK",2009-04-01T20:00:00Z,Buy,26.67,12.65,19,-266.38,3.2701827464877,-311.41,83.03,394.44,0,"	716,1112" 
2007-07-02T20:00:00Z,"TSRA",2007-12-03T21:00:00Z,Buy,41.98,38.9,14,-43.12,3.8369158436549,-128.66,29.26,157.92,0,"	732,812" 
2007-07-02T20:00:00Z,"DLX",2008-03-03T21:00:00Z,Buy,41.66,19.97,15,-325.35,1.9940694036663,-325.35,7.8,333.15,0,"	729,857" 
2007-07-02T20:00:00Z,"HHGP",2008-04-01T20:00:00Z,Buy,21.56,8.96,22,-277.2,4.3298242470747,-337.04,24.64,361.68,0,"	730,883" 
2007-07-02T20:00:00Z,"IMMR",2008-05-01T20:00:00Z,Buy,15.71,11.06,29,-134.85,3.2475731490951,-263.9,138.91,402.81,0,"	731,902" 
2007-07-02T20:00:00Z,"UAUA",2008-05-01T20:00:00Z,Buy,41.13,16.1,12,-300.36,2.2218923441258,-330.96,124.32,455.28,0,"	733,914" 
2007-07-02T20:00:00Z,"AVT",2008-06-02T20:00:00Z,Buy,41.37,29.37,16,-192,4.2434739936511,-243.2,47.68,290.88,0,"	728,932" 
2007-08-01T20:00:00Z,"SYKE",2007-09-04T20:00:00Z,Buy,16.97,16.17,12,-9.6,0.70585549116605,-76.68,51.36,14.52,0,"	755,762" 
2007-08-01T20:00:00Z,"CHAP",2007-09-15T04:00:00Z,Buy,84.09,85.93,6,11.04,0.51501071046055,-0.96,11.1,4.26,1,"	747,775" 
2007-08-01T20:00:00Z,"SCVL",2007-10-01T20:00:00Z,Buy,22.29,15.79,11,-71.5,0.52797695116385,-91.3,142.12,81.73,0,"	753,778" 
2007-08-01T20:00:00Z,"AMWD",2007-11-01T20:00:00Z,Buy,30.3,23.94,8,-50.88,0.70733246396956,-50.88,118.88,52.32,0,"	746,791" 
2007-08-01T20:00:00Z,"GCO",2008-01-02T21:00:00Z,Buy,50.75,36.38,13,-186.81,3.8428105953651,-327.08,4.81,331.89,0,"	749,826" 
2007-08-01T20:00:00Z,"FUL",2008-03-03T21:00:00Z,Buy,28.44,22.24,17,-105.4,2.6027131398564,-177.65,49.47,227.12,0,"	748,859" 
2007-08-01T20:00:00Z,"LRW",2008-05-01T20:00:00Z,Buy,23.68,12.67,17,-187.17,5.4211806972981,-206.72,0,206.72,0,"	750,904" 
2007-08-01T20:00:00Z,"NTGR",2008-05-01T20:00:00Z,Buy,27.53,17.1,13,-135.59,4.6145741667986,-147.16,120.51,267.67,0,"	751,907" 
2007-08-01T20:00:00Z,"QDEL",2008-11-03T21:00:00Z,Buy,14.85,15.83,35,34.3,4.4855747984005,-56.7,209.65,266.35,1,"	752,1023" 
2007-08-01T20:00:00Z,"SHOO",2012-08-01T20:00:00Z,Buy,12.506688475187,39.41,17.749968878268,477.53,0.52245212765957,-114.94,578.18,237.67,1,"	754,1803" 
2007-09-04T20:00:00Z,"CHAP",2007-09-15T04:00:00Z,Buy,85.68,85.93,3,0.75,0.50751578947368,-5.25,0.78,0.12,1,"	768,775" 
2007-09-04T20:00:00Z,"LRCX",2007-11-01T20:00:00Z,Buy,54.41,48.84,4,-22.28,0.51014544098452,-97.4,22.28,30.24,0,"	771,797" 
2007-09-04T20:00:00Z,"MAT",2008-02-01T21:00:00Z,Buy,21.95,21.3,11,-7.15,1.3919130361554,-58.19,84.7,81.73,0,"	772,844" 
2007-09-04T20:00:00Z,"ASTE",2008-03-03T21:00:00Z,Buy,53.05,37.43,10,-156.2,3.257957781959,-261,68.7,329.7,0,"	766,854" 
2007-09-04T20:00:00Z,"HSII",2008-03-03T21:00:00Z,Buy,43.6,36.1,15,-112.5,6.1933071618436,-285.6,0,285.6,0,"	769,860" 
2007-09-04T20:00:00Z,"LII",2008-05-01T20:00:00Z,Buy,35.79,33.59,18,-39.6,1.0903420538636,-94.14,102.96,164.88,0,"	770,905" 
2007-09-04T20:00:00Z,"MLR",2008-05-01T20:00:00Z,Buy,17.72,11,27,-181.44,8.8164332680764,-236.25,8.1,244.35,0,"	773,906" 
2007-09-04T20:00:00Z,"RSC",2008-07-01T20:00:00Z,Buy,19.2,11.14,29,-233.74,1.4832278498683,-233.74,100.63,334.37,0,"	774,961" 
2007-09-04T20:00:00Z,"AZZ",2008-08-01T20:00:00Z,Buy,28.63,46.14,13,227.63,5.8008656093969,-46.41,241.02,157.69,1,"	767,969" 
2007-10-01T20:00:00Z,"KELYA",2007-11-01T20:00:00Z,Buy,21.35,20.4,11,-10.45,0.52963780918728,-16.94,84.37,27.61,0,"	786,795" 
2007-10-01T20:00:00Z,"HUBG",2007-12-03T21:00:00Z,Buy,29.9,25.95,8,-31.6,0.65482683024769,-217.9,72.48,77.6,0,"	785,808" 
2007-10-01T20:00:00Z,"AGYS",2008-01-02T21:00:00Z,Buy,18.1,14.65,13,-44.85,1.238242012503,-70.46,69.68,76.05,0,"	789,831" 
2007-10-01T20:00:00Z,"BRKS",2008-04-01T20:00:00Z,Buy,14.8,10.28,15,-67.8,0.53897471910112,-81,77.4,84.15,0,"	783,882" 
2007-10-01T20:00:00Z,"MCRI",2008-04-01T20:00:00Z,Buy,29.01,18.62,16,-166.24,5.2746978994392,-207.84,35.68,243.52,0,"	787,884" 
2007-10-01T20:00:00Z,"ARW",2008-06-02T20:00:00Z,Buy,42.86,30.08,19,-242.82,3.3057034080811,-305.9,27.17,333.07,0,"	782,931" 
2007-10-01T20:00:00Z,"VLGEA",2008-10-01T20:00:00Z,Buy,52.12,47.77,5,-21.75,4.808629144514,-72.65,19.9,92.55,0,"	790,1000" 
2007-10-01T20:00:00Z,"PETS",2008-11-03T21:00:00Z,Buy,14.45,18.25,17,64.6,4.4695289499412,-60.52,64.6,65.62,1,"	788,1020" 
2007-10-01T20:00:00Z,"PETS",2009-12-01T21:00:00Z,Buy,14.45,16.48,32,64.96,0.7292264289845,-113.92,169.28,183.68,1,"	788,1249" 
2007-10-01T20:00:00Z,"VLGEA",2010-02-01T21:00:00Z,Buy,26.06,26.13,18,1.26,1.9809877813817,-130.77,117.9,166.59,1,"	790,1290" 
2007-10-01T20:00:00Z,"COLM",2011-05-02T20:00:00Z,Buy,56.77,66.97,4,40.8,0.76486186946263,-126.2,54.44,126.2,1,"	784,1545" 
2007-11-01T20:00:00Z,"RGR",2007-12-03T21:00:00Z,Buy,8.62,8.77,31,4.65,2.0121134628032,-37.82,41.23,37.82,1,"	802,810" 
2007-11-01T20:00:00Z,"UCTT",2007-12-03T21:00:00Z,Buy,12.52,13.8,16,20.48,0.5390031152648,-0.96,64.96,14.08,1,"	805,813" 
2007-11-01T20:00:00Z,"GRP",2008-01-02T21:00:00Z,Buy,49.26,56.55,4,29.16,3.7509977952272,-15.92,29.28,20.6,1,"	800,828" 
2007-11-01T20:00:00Z,"WDC",2008-01-02T21:00:00Z,Buy,25.95,28.59,8,21.12,3.4863628247718,-6.8,44.32,30.8,1,"	806,832" 
2007-11-01T20:00:00Z,"FARO",2008-03-03T21:00:00Z,Buy,29.79,32.31,13,32.76,1.065727301755,-123.24,57.46,134.03,1,"	799,858" 
2007-11-01T20:00:00Z,"HHGP",2008-04-01T20:00:00Z,Buy,10.52,8.96,18,-28.08,1.2480205855125,-77.04,218.88,77.04,0,"	801,883" 
2007-11-01T20:00:00Z,"GRP",2008-04-22T04:00:00Z,Buy,49.26,57.12,10,78.6,0,-39.8,78.6,110.2,1,"	800,896" 
2007-11-01T20:00:00Z,"KFRC",2008-05-01T20:00:00Z,Buy,11.79,8.44,19,-63.65,1.0700780047127,-75.81,98.61,80.94,0,"	803,912" 
2007-11-01T20:00:00Z,"SAFM",2008-06-02T20:00:00Z,Buy,33.36,48.98,5.0000044999978,78.1,0.54313793103448,-72.27,108.2,21.1,1,"	804,940" 
2007-11-01T20:00:00Z,"WDC",2008-06-02T20:00:00Z,Buy,25.95,37.07,6,66.72,0.51483591248666,-15.06,69.18,48.3,1,"	806,943" 
2007-11-01T20:00:00Z,"SAFM",2008-09-02T20:00:00Z,Buy,33.36,34.96,12,19.2,0.6142772478975,-173.44,259.68,203.64,1,"	804,982" 
2007-11-01T20:00:00Z,"WDC",2009-04-01T20:00:00Z,Buy,25.95,19.91,13,-78.52,1.3054657317348,-208.26,182.26,390.52,0,"	806,1118" 
2007-11-01T20:00:00Z,"SAFM",2011-03-01T21:00:00Z,Buy,33.36,41.36,0.99999550000225,8,2.1603092775664,-14.45,21.64,16.97,1,"	804,1513" 
2007-12-03T21:00:00Z,"JJSF",2008-01-02T21:00:00Z,Buy,31.79,30.33,7,-10.22,1.839346594241,-35.46,76.79,30.52,0,"	817,829" 
2007-12-03T21:00:00Z,"LNDC",2008-03-03T21:00:00Z,Buy,12.66,9.53,40,-125.2,1.9878560515159,-148.8,47.6,196.4,0,"	819,861" 
2007-12-03T21:00:00Z,"AMED",2008-05-01T20:00:00Z,Buy,44.2,52.34,15,122.1,1.6135031997386,-108.6,122.1,183.45,1,"	815,897" 
2007-12-03T21:00:00Z,"LRW",2008-05-01T20:00:00Z,Buy,15.06,12.67,14,-33.46,1.4820000336984,-49.56,120.68,66.78,0,"	818,904" 
2007-12-03T21:00:00Z,"NVTL",2008-06-02T20:00:00Z,Buy,15.32,10.19,25,-128.25,4.0598851135364,-189,46.75,235.75,0,"	821,939" 
2007-12-03T21:00:00Z,"FCX",2008-11-03T21:00:00Z,Buy,96.67,28.88,5,-338.95,2.1690714675923,-364.3,146.25,510.55,0,"	816,1012" 
2007-12-03T21:00:00Z,"LXU",2008-11-03T21:00:00Z,Buy,22.49,8.39,20,-282,1.1006523746135,-303.6,113.2,416.8,0,"	820,1016" 
2007-12-03T21:00:00Z,"SNHY",2008-11-03T21:00:00Z,Buy,28.65,20.13,12,-102.24,3.4850478059191,-141.96,160.92,302.88,0,"	823,1024" 
2007-12-03T21:00:00Z,"RS",2009-02-02T21:00:00Z,Buy,51.33,22.21,4,-116.48,1.0302694540071,-154.68,107.16,261.84,0,"	822,1080" 
2008-01-02T21:00:00Z,"MTRX",2008-03-03T21:00:00Z,Buy,21.83,19.76,18,-37.26,1.884140999997,-84.06,2.52,86.58,0,"	838,862" 
2008-01-02T21:00:00Z,"MYE",2008-03-03T21:00:00Z,Buy,14.28,12.2,28,-58.24,1.138343220339,-113.96,9.52,113.96,0,"	839,863" 
2008-01-02T21:00:00Z,"AEIS",2008-04-01T20:00:00Z,Buy,12.76,13.68,17,15.64,1.5112602720623,-48.96,219.64,48.96,1,"	834,880" 
2008-01-02T21:00:00Z,"ZEUS",2008-04-01T20:00:00Z,Buy,32.2,45.94,5,68.7,4.1673372912658,-14.35,68.7,21.75,1,"	842,887" 
2008-01-02T21:00:00Z,"HOC",2008-05-01T20:00:00Z,Buy,50.71,41.73,4,-35.92,1.0373320349359,-161.54,116.64,67.4,0,"	837,901" 
2008-01-02T21:00:00Z,"FLO",2008-06-02T20:00:00Z,Buy,22.9,27.91,36,180.36,2.3314747218465,-40.32,218.88,94.32,1,"	836,935" 
2008-01-02T21:00:00Z,"UEIC",2008-06-02T20:00:00Z,Buy,34.2,24.91,15,-139.35,4.5381564491669,-231.3,0,231.3,0,"	841,941" 
2008-01-02T21:00:00Z,"ZEUS",2008-07-01T20:00:00Z,Buy,32.2,70.47,5,191.35,0.51160267386723,-14.35,218.6,27.25,1,"	842,964" 
2008-01-02T21:00:00Z,"PH",2008-11-03T21:00:00Z,Buy,71.29,39.25,11,-352.44,2.5141070912256,-404.03,158.29,562.32,0,"	840,1021" 
2008-01-02T21:00:00Z,"ZEUS",2009-06-01T20:00:00Z,Buy,32.2,19.69,6,-75.06,0.51599945828819,-128.7,262.32,391.02,0,"	842,1166" 
2008-01-02T21:00:00Z,"DLTR",2010-02-01T21:00:00Z,Buy,25.31,49.97,9,221.94,1.1306168673266,-36.09,234.18,92.34,1,"	835,1283" 
2008-02-01T21:00:00Z,"BW",2008-03-03T21:00:00Z,Buy,30.31,26.82,8,-27.92,0.52117359413203,-41.68,224.72,44.56,0,"	847,856" 
2008-02-01T21:00:00Z,"TWIN",2008-03-03T21:00:00Z,Buy,16.67,20.11,23,79.12,2.1803069088208,-16.33,106.72,27.6,1,"	852,865" 
2008-02-01T21:00:00Z,"NTGR",2008-05-01T20:00:00Z,Buy,27.61,17.1,8,-84.08,0.52071267816954,-91.2,73.52,91.2,0,"	850,907" 
2008-02-01T21:00:00Z,"OXY",2008-05-01T20:00:00Z,Buy,69.19,81.02,10,118.3,2.4713235640697,-44.4,176.9,111.6,1,"	851,909" 
2008-02-01T21:00:00Z,"IVAC",2008-06-02T20:00:00Z,Buy,11.44,12.16,22,15.84,1.6267588016639,-28.6,420.86,131.12,1,"	848,937" 
2008-02-01T21:00:00Z,"MEI",2009-02-02T21:00:00Z,Buy,12.91,4.9,29,-232.29,2.4770304157578,-240.12,14.79,254.91,0,"	849,1078" 
2008-02-01T21:00:00Z,"WMK",2012-02-01T21:00:00Z,Buy,38.32,42.86,2,9.08,0.67039124950499,-30.06,15.68,32.62,1,"	853,1703" 
2008-02-01T21:00:00Z,"WMK",2013-03-01T21:00:00Z,Buy,38.32,40.96,4,10.56,1.7220839320485,-60.12,31.36,65.24,1,"	853,1940" 
2008-03-03T21:00:00Z,"MCRI",2008-04-01T20:00:00Z,Buy,16.29,18.62,15,34.95,2.0323600187247,-4.05,224.25,16.65,1,"	872,884" 
2008-03-03T21:00:00Z,"USMO",2008-04-01T20:00:00Z,Buy,10.42,7.45,26,-77.22,1.7800150161711,-94.9,460.72,105.82,0,"	876,886" 
2008-03-03T21:00:00Z,"KAMN",2008-05-01T20:00:00Z,Buy,23.57,27.67,23,94.3,4.2702834405253,-1.15,142.14,61.18,1,"	871,903" 
2008-03-03T21:00:00Z,"TDY",2008-05-01T20:00:00Z,Buy,45.04,59.55,7,101.57,3.376237979173,-6.02,101.57,12.18,1,"	875,913" 
2008-03-03T21:00:00Z,"WERN",2008-05-01T20:00:00Z,Buy,17.99,20.8,38,106.78,6.7469714626661,-36.86,106.78,68.4,1,"	877,915" 
2008-03-03T21:00:00Z,"CROX",2008-06-02T20:00:00Z,Buy,23,10.03,13,-168.61,1.6796518907613,-173.16,0,173.16,0,"	867,933" 
2008-03-03T21:00:00Z,"WGOV",2008-06-02T20:00:00Z,Buy,28.57,39.64,7,77.49,1.0622262229948,-16.03,84.77,21.07,1,"	878,944" 
2008-03-03T21:00:00Z,"ELY",2008-07-01T20:00:00Z,Buy,14.69,11.72,35,-103.95,6.0783940942772,-103.95,35.35,139.3,0,"	870,958" 
2008-03-03T21:00:00Z,"CUB",2008-08-01T20:00:00Z,Buy,27.19,26.9,15,-4.35,3.5325196802087,-86.7,48.15,134.85,0,"	868,970" 
2008-03-03T21:00:00Z,"RUSHA",2008-08-01T20:00:00Z,Buy,14.36,11.42,43,-126.42,4.8975867714143,-145.34,116.96,262.3,0,"	874,974" 
2008-03-03T21:00:00Z,"CMTL",2008-10-01T20:00:00Z,Buy,43.1,50.23,14,99.82,7.6412299972658,-69.44,112.84,152.46,1,"	866,994" 
2008-03-03T21:00:00Z,"DCO",2008-10-01T20:00:00Z,Buy,27.28,22.9,13,-56.94,5.0522293787254,-83.72,78.26,161.98,0,"	869,995" 
2008-03-03T21:00:00Z,"WGOV",2009-02-02T21:00:00Z,Buy,28.57,20.24,11,-91.63,2.1702624708527,-126.61,215.16,341.77,0,"	878,1082" 
2008-03-03T21:00:00Z,"TDY",2009-03-02T21:00:00Z,Buy,45.04,22.78,9,-200.34,0.52229447585907,-200.34,181.98,382.32,0,"	875,1098" 
2008-03-03T21:00:00Z,"PLPC",2009-10-01T20:00:00Z,Buy,46,38.89,10,-71.1,6.0215926672704,-177.4,195,372.4,0,"	873,1202" 
2008-04-01T20:00:00Z,"MLR",2008-05-01T20:00:00Z,Buy,10.27,11,25,18.25,0.56672297297297,-32.5,193.75,21,1,"	893,906" 
2008-04-01T20:00:00Z,"PTEN",2008-07-01T20:00:00Z,Buy,26.58,36.02,7,66.08,2.3328218067115,0,67.34,20.44,1,"	894,959" 
2008-04-01T20:00:00Z,"K",2008-09-02T20:00:00Z,Buy,54.13,55.4,4,5.08,1.6141072639234,-24.64,6.28,24.64,1,"	891,981" 
2008-04-01T20:00:00Z,"SCHL",2008-09-02T20:00:00Z,Buy,30.49,27.02,20,-69.4,3.7023588174304,-109.2,17.2,126.4,0,"	895,984" 
2008-04-01T20:00:00Z,"FSTR",2008-11-03T21:00:00Z,Buy,44.97,28.28,8,-133.52,6.6857063873103,-196.08,23.92,220,0,"	889,1013" 
2008-04-01T20:00:00Z,"K",2008-11-03T21:00:00Z,Buy,54.13,52.29,5,-9.2,0.51297389837237,-32.3,16.05,48.35,0,"	891,1014" 
2008-04-01T20:00:00Z,"FOSL",2008-12-01T21:00:00Z,Buy,32.2,13.3,15.500008249996,-292.95,0.54217419777341,-314.81,81.69,396.49,0,"	888,1050" 
2008-04-01T20:00:00Z,"LECO",2009-05-01T20:00:00Z,Buy,66.78,43.75,10,-230.3,1.5321295970733,-402.7,195.1,597.8,0,"	892,1136" 
2008-04-01T20:00:00Z,"PTEN",2009-06-01T20:00:00Z,Buy,26.58,15.23,16,-181.6,2.2015605118424,-302.72,153.92,456.64,0,"	894,1161" 
2008-04-01T20:00:00Z,"K",2010-08-02T20:00:00Z,Buy,54.13,50,6,-24.78,0.91611928326318,-109.5,19.26,128.76,0,"	891,1407" 
2008-04-01T20:00:00Z,"FOSL",2010-09-01T20:00:00Z,Buy,32.2,48.8,0.49999175000412,8.3,0.51541377132028,-10.15,8.3,12.79,1,"	888,1416" 
2008-04-01T20:00:00Z,"GPS",2010-12-01T21:00:00Z,Buy,20.37,21.56,33,39.27,1.9017772426319,-358.38,192.72,360.69,1,"	890,1459" 
2008-04-01T20:00:00Z,"K",2011-10-03T20:00:00Z,Buy,54.13,52.88,4,-5,0.50994171836811,-73,13.72,85.84,0,"	891,1641" 
2008-04-01T20:00:00Z,"K",2011-12-01T21:00:00Z,Buy,54.13,48.98,5,-25.75,0.95371739251816,-91.25,17.15,107.3,0,"	891,1674" 
2008-04-01T20:00:00Z,"K",2012-05-01T20:00:00Z,Buy,54.13,50,4,-16.52,0.50988728495155,-73,13.72,85.84,0,"	891,1739" 
2008-05-01T20:00:00Z,"DGII",2008-06-02T20:00:00Z,Buy,8.11,8.79,48,32.64,2.5908862822259,-13.92,43.68,21.12,1,"	918,934" 
2008-05-01T20:00:00Z,"GHM",2008-08-01T20:00:00Z,Buy,58.23,101.97,5,218.7,1.0268388322884,-15.7,218.7,75.5,1,"	921,971" 
2008-05-01T20:00:00Z,"OMCL",2008-08-01T20:00:00Z,Buy,12.21,16.04,29,111.07,2.5808391112346,-11.6,131.66,65.83,1,"	927,973" 
2008-05-01T20:00:00Z,"SAM",2008-09-02T20:00:00Z,Buy,45.74,44.83,9,-8.19,2.7351531224991,-66.69,11.97,68.94,0,"	929,983" 
2008-05-01T20:00:00Z,"LG",2008-10-01T20:00:00Z,Buy,38.25,50.68,12,149.16,6.3421196379357,-1.32,149.16,62.64,1,"	924,997" 
2008-05-01T20:00:00Z,"LYTS",2008-10-01T20:00:00Z,Buy,10.98,7.87,36,-111.96,3.5711179900458,-127.08,1.44,128.52,0,"	925,998" 
2008-05-01T20:00:00Z,"LG",2008-11-03T21:00:00Z,Buy,38.25,54.58,5,81.65,0.51312776601886,-0.55,81.65,58.25,1,"	924,1015" 
2008-05-01T20:00:00Z,"PLXS",2008-11-03T21:00:00Z,Buy,25.07,18.9,18,-111.06,3.9020084735348,-201.24,100.98,302.22,0,"	928,1022" 
2008-05-01T20:00:00Z,"NEU",2008-12-01T21:00:00Z,Buy,63.59,29.22,7,-240.59,1.0325067647333,-271.53,120.19,391.72,0,"	919,1049" 
2008-05-01T20:00:00Z,"AAON",2009-01-02T21:00:00Z,Buy,19.08,20.88,10,18,3.3156121279237,-61.6,38.4,100,1,"	916,1065" 
2008-05-01T20:00:00Z,"HRL",2009-01-02T21:00:00Z,Buy,40.09,31.47,35,-301.7,1.1777730951789,-527.8,58.45,586.25,0,"	922,1067" 
2008-05-01T20:00:00Z,"FLXS",2009-02-02T21:00:00Z,Buy,11.15,6.95,55,-231,11.014424749703,-245.85,73.15,319,0,"	920,1075" 
2008-05-01T20:00:00Z,"TTMI",2009-02-02T21:00:00Z,Buy,14.2,5.69,39,-331.89,4.3930330804698,-401.7,47.58,449.28,0,"	930,1081" 
2008-05-01T20:00:00Z,"VIVO",2009-03-02T21:00:00Z,Buy,27.23,18.96,19,-157.13,1.0929244637051,-157.13,75.62,232.75,0,"	923,1096" 
2008-05-01T20:00:00Z,"ANK",2009-07-01T20:00:00Z,Buy,33.25,39.86,12,79.32,1.078499793189,-231.6,85.44,251.76,1,"	917,1180" 
2008-05-01T20:00:00Z,"LG",2009-07-01T20:00:00Z,Buy,38.25,33.74,9,-40.59,2.1401225036179,-78.48,146.97,225.45,0,"	924,1184" 
2008-05-01T20:00:00Z,"AAON",2009-12-01T21:00:00Z,Buy,19.08,19.03,19,-0.95,0.94759569675461,-117.04,72.96,190,0,"	916,1244" 
2008-05-01T20:00:00Z,"NFLX",2010-02-01T21:00:00Z,Buy,31,61.03,6,180.18,1.0437866995185,-78.36,192.24,91.38,1,"	926,1287" 
2008-05-01T20:00:00Z,"NFLX",2010-04-01T20:00:00Z,Buy,31,75,6,264,0.51525630593979,-78.36,264.36,91.38,1,"	926,1325" 
2008-05-01T20:00:00Z,"ANK",2010-07-01T20:00:00Z,Buy,33.25,40.16,6,41.46,0.52674092009685,-115.8,149.82,125.88,1,"	917,1400" 
2008-06-02T20:00:00Z,"DMLP",2008-07-01T20:00:00Z,Buy,28.3,31.44,13,40.82,4.2599187758409,-9.75,88.27,47.45,1,"	950,957" 
2008-06-02T20:00:00Z,"WERN",2008-08-01T20:00:00Z,Buy,18.85,23.64,9,43.11,3.3281290027959,-9.9,47.25,21.15,1,"	956,975" 
2008-06-02T20:00:00Z,"USPH",2008-09-02T20:00:00Z,Buy,16.89,19.98,30,92.7,4.1845649676859,-26.1,106.8,62.4,1,"	955,986" 
2008-06-02T20:00:00Z,"PCU",2008-10-01T20:00:00Z,Buy,36.583296934036,18.35,12.000011939645,-218.8,2.7517544196569,-218.8,11.32,230.12,0,"	954,999" 
2008-06-02T20:00:00Z,"EGY",2009-01-02T21:00:00Z,Buy,7.48,7.5,33,0.66,2.6491507616645,-117.48,45.21,162.69,1,"	951,1066" 
2008-06-02T20:00:00Z,"DAR",2009-02-02T21:00:00Z,Buy,16.41,4.48,30,-357.9,4.4219741138287,-386.4,26.1,412.5,0,"	949,1074" 
2008-06-02T20:00:00Z,"CF",2009-03-02T21:00:00Z,Buy,139.39,58.99,2,-160.8,2.5055922068689,-199.82,60.26,260.08,0,"	948,1092" 
2008-06-02T20:00:00Z,"COP",2009-03-02T21:00:00Z,Buy,92.98,35.15,10,-578.3,1.8865685451701,-578.3,27.9,606.2,0,"	953,1097" 
2008-06-02T20:00:00Z,"ABFS",2009-04-01T20:00:00Z,Buy,35.11,19.17,11,-175.34,2.8708390678784,-209.11,108.02,317.13,0,"	946,1107" 
2008-06-02T20:00:00Z,"APA",2009-04-01T20:00:00Z,Buy,135.81,66.05,4,-279.04,3.4353202399696,-337.72,32.08,369.8,0,"	947,1108" 
2008-06-02T20:00:00Z,"EGY",2009-05-01T20:00:00Z,Buy,7.48,4.7,39,-108.42,1.5060527157871,-138.84,53.43,192.27,0,"	951,1132" 
2008-06-02T20:00:00Z,"OXY",2009-06-01T20:00:00Z,Buy,92.58,69.33,7,-162.75,3.0975526120648,-364.21,5.74,369.95,0,"	952,1160" 
2008-06-02T20:00:00Z,"USPH",2009-06-01T20:00:00Z,Buy,16.89,14.18,23,-62.33,1.9465790919952,-221.72,81.88,303.6,0,"	955,1165" 
2008-06-02T20:00:00Z,"DMLP",2009-11-02T21:00:00Z,Buy,28.3,22.15,20,-123,0.54953041144902,-275.4,135.8,411.2,0,"	950,1221" 
2008-06-02T20:00:00Z,"WERN",2009-12-01T21:00:00Z,Buy,18.85,19.02,23,3.91,1.3461938444027,-142.6,175.26,317.86,1,"	956,1252" 
2008-06-02T20:00:00Z,"USPH",2011-06-01T20:00:00Z,Buy,16.89,24.02,11,78.43,1.5806595624424,-106.04,97.35,145.2,1,"	955,1578" 
2008-06-02T20:00:00Z,"USPH",2013-06-03T20:00:00Z,Buy,16.89,28.9,14,168.14,0.60027580071174,-134.96,168.14,184.8,1,"	955,2022" 
2008-07-01T20:00:00Z,"TNC",2008-09-02T20:00:00Z,Buy,29.82,31.28,8,11.68,0.51980737296579,-60.92,156.72,39.44,1,"	967,985" 
2008-07-01T20:00:00Z,"HCKT",2008-11-03T21:00:00Z,Buy,5.73,2.97,80,-220.8,1.3989804270047,-237.6,70.4,308,0,"	965,1008" 
2008-07-01T20:00:00Z,"NPK",2008-11-03T21:00:00Z,Buy,63.93,67.53,6,21.6,2.6257734693223,-87.78,91.38,179.16,1,"	966,1017" 
2008-07-01T20:00:00Z,"NPK",2009-06-01T20:00:00Z,Buy,63.93,83.75,3,59.46,1.1645788214515,-48.81,59.46,98.22,1,"	966,1159" 
2008-07-01T20:00:00Z,"UACL",2009-12-01T21:00:00Z,Buy,22.31,16.13,19,-117.42,3.7774662558582,-224.2,105.26,329.46,0,"	968,1251" 
2008-07-01T20:00:00Z,"NPK",2010-09-01T20:00:00Z,Buy,63.93,106.79,2,85.72,0.50533843231354,-32.54,129.62,77.84,1,"	966,1419" 
2008-07-01T20:00:00Z,"NPK",2011-03-01T21:00:00Z,Buy,63.93,125.75,2,123.64,0.93511041558303,-32.54,145,77.84,1,"	966,1512" 
2008-08-01T20:00:00Z,"GPN",2008-10-01T20:00:00Z,Buy,44.65,44.05,18,-10.8,1.8329785887936,-18.9,78.84,97.74,0,"	978,996" 
2008-08-01T20:00:00Z,"PCTI",2009-04-01T20:00:00Z,Buy,10.46,4.47,65,-389.35,5.9487622797409,-437.45,0,437.45,0,"	979,1115" 
2008-08-01T20:00:00Z,"SKX",2009-04-01T20:00:00Z,Buy,18.96,6.91,20,-241,2.4417555192484,-273.4,38,311.4,0,"	980,1116" 
2008-08-01T20:00:00Z,"ARLP",2009-06-01T20:00:00Z,Buy,48.69,39.04,13,-125.45,1.0661876773461,-384.67,0,384.67,0,"	976,1151" 
2008-08-01T20:00:00Z,"CRMT",2009-07-01T20:00:00Z,Buy,20.46,21.14,10.000010499995,6.8,0.56932981927711,-131.6,50,153.7,1,"	977,1182" 
2008-08-01T20:00:00Z,"CRMT",2011-03-01T21:00:00Z,Buy,20.46,24.26,16.999989500005,64.6,0.56363599677159,-223.72,160.99,261.29,1,"	977,1509" 
2008-09-02T20:00:00Z,"PCU",2008-10-01T20:00:00Z,Buy,24.6,18.35,7.9999880603554,-50,0.51921124560718,-50,103.41,60,0,"	989,999" 
2008-09-02T20:00:00Z,"USAP",2009-01-02T21:00:00Z,Buy,32.96,14.97,13,-233.87,5.4408436296769,-313.43,30.03,343.46,0,"	990,1069" 
2008-09-02T20:00:00Z,"LDL",2009-02-02T21:00:00Z,Buy,11.46,3.8,37,-283.42,5.0286518921172,-301.55,5.92,307.47,0,"	987,1077" 
2008-09-02T20:00:00Z,"WTI",2009-03-02T21:00:00Z,Buy,33.31,6.73,13,-345.54,1.0580573980383,-345.54,0.91,346.45,0,"	991,1099" 
2008-09-02T20:00:00Z,"LHCG",2009-12-01T21:00:00Z,Buy,29.7,31.9,14,30.8,4.5718265170219,-177.8,88.76,266.56,1,"	988,1248" 
2008-10-01T20:00:00Z,"DECK",2008-11-03T21:00:00Z,Buy,102.77,80.65,2,-44.24,1.9376825575085,-137.14,124.26,61.32,0,"	1001,1011" 
2008-10-01T20:00:00Z,"SSP",2008-11-03T21:00:00Z,Buy,7.07,4.59,38,-94.24,1.1902695035461,-104.5,7.6,112.1,0,"	1006,1025" 
2008-10-01T20:00:00Z,"TTWO",2009-04-01T20:00:00Z,Buy,15.93,8.47,23,-171.58,9.000126742876,-237.13,0,237.13,0,"	1007,1117" 
2008-10-01T20:00:00Z,"GHM",2009-05-01T20:00:00Z,Buy,24.525,12.63,10,-118.95,1.036491452647,-171.25,0,171.25,0,"	1002,1133" 
2008-10-01T20:00:00Z,"HAS",2009-05-01T20:00:00Z,Buy,34.36,26.89,21,-156.87,3.9525268376392,-273.84,0,273.84,0,"	1003,1135" 
2008-10-01T20:00:00Z,"IIIN",2009-06-01T20:00:00Z,Buy,13,9.08,30,-117.6,5.2378185029498,-244.5,0,244.5,0,"	1005,1157" 
2008-10-01T20:00:00Z,"HVT",2010-03-01T21:00:00Z,Buy,11.75,13.49,45,78.3,4.9491315262145,-179.55,98.55,179.55,1,"	1004,1303" 
2008-11-03T21:00:00Z,"DXPE",2008-12-01T21:00:00Z,Buy,13.76,11.02,18,-49.32,1.0818950434788,-63.36,3.42,66.78,0,"	1032,1048" 
2008-11-03T21:00:00Z,"HA",2008-12-01T21:00:00Z,Buy,7.25,4.3,53,-156.35,1.2644084821429,-192.92,0.53,193.45,0,"	1033,1051" 
2008-11-03T21:00:00Z,"LZB",2008-12-01T21:00:00Z,Buy,5.3,2.53,52,-144.04,2.9610396534711,-144.04,9.88,153.92,0,"	1038,1052" 
2008-11-03T21:00:00Z,"SRI",2008-12-01T21:00:00Z,Buy,5.67,3.44,58,-129.34,1.252671624714,-188.5,0,188.5,0,"	1042,1053" 
2008-11-03T21:00:00Z,"SYKE",2008-12-01T21:00:00Z,Buy,16.49,16.47,11,-0.22,1.4520785637127,-17.6,29.37,46.97,0,"	1043,1054" 
2008-11-03T21:00:00Z,"SCHN",2009-01-02T21:00:00Z,Buy,27.22,40.18,7.4999853299919,97.2,0.52021537318975,-151.15,655.35,96.15,1,"	1041,1068" 
2008-11-03T21:00:00Z,"HOFT",2009-02-02T21:00:00Z,Buy,9.8,8.09,26,-44.46,1.4095975336261,-98.28,382.72,98.28,0,"	1035,1076" 
2008-11-03T21:00:00Z,"TTMI",2009-02-02T21:00:00Z,Buy,6.97,5.69,28,-35.84,1.4539092286662,-85.96,236.6,85.96,0,"	1044,1081" 
2008-11-03T21:00:00Z,"HRC",2009-03-02T21:00:00Z,Buy,23.52,9.03,28,-405.72,1.1368972697991,-405.72,19.32,425.04,0,"	1034,1095" 
2008-11-03T21:00:00Z,"CCRN",2009-04-01T20:00:00Z,Buy,10.38,6.71,44,-161.48,3.7078304987613,-225.72,0,225.72,0,"	1030,1110" 
2008-11-03T21:00:00Z,"LRW",2009-04-01T20:00:00Z,Buy,8.18,8.37,60,11.4,5.3299648818661,-129.6,121.2,250.8,1,"	1037,1113" 
2008-11-03T21:00:00Z,"NVR",2009-04-01T20:00:00Z,Buy,499.85,430.02,1,-69.83,4.64511121705,-179.81,0,179.81,0,"	1039,1114" 
2008-11-03T21:00:00Z,"KFRC",2009-05-01T20:00:00Z,Buy,7.95,10.63,63,168.84,6.1138733524374,-152.46,193.41,152.46,1,"	1040,1138" 
2008-11-03T21:00:00Z,"HWCC",2009-06-01T20:00:00Z,Buy,11.81,13.16,32,43.2,4.9304302471736,-224.64,43.2,256.32,1,"	1036,1155" 
2008-11-03T21:00:00Z,"CALM",2009-11-02T21:00:00Z,Buy,29.09,27.93,12,-13.92,3.9186453386424,-142.08,16.08,156.36,0,"	1029,1217" 
2008-11-03T21:00:00Z,"SCHN",2010-01-04T21:00:00Z,Buy,27.22,50,0.50001467000806,11.39,1.0990433288049,-10.08,43.69,6.91,1,"	1041,1269" 
2008-11-03T21:00:00Z,"UNF",2010-02-01T21:00:00Z,Buy,31.44,50.65,4,76.84,4.698562682424,-44.8,92.12,45.2,1,"	1045,1289" 
2008-11-03T21:00:00Z,"CPSI",2010-03-01T21:00:00Z,Buy,28.62,36.15,16,120.48,4.8700683276173,-101.92,334.88,217.76,1,"	1031,1300" 
2008-11-03T21:00:00Z,"WSO",2010-03-01T21:00:00Z,Buy,40.06,59.16,10,191,1.0653396923388,-93.1,191,94.4,1,"	1046,1306" 
2008-11-03T21:00:00Z,"SYKE",2010-05-03T20:00:00Z,Buy,16.49,22.51,23,138.46,1.2890765177736,-63.25,232.99,136.85,1,"	1043,1356" 
2008-11-03T21:00:00Z,"UNF",2011-02-01T21:00:00Z,Buy,31.44,56.52,13,326.04,2.725616014271,-145.6,332.15,223.34,1,"	1045,1496" 
2008-12-01T21:00:00Z,"FLXS",2009-02-02T21:00:00Z,Buy,6.91,6.95,31,1.24,1.8836568247696,-7.13,172.67,31.31,1,"	1059,1075" 
2008-12-01T21:00:00Z,"CTRN",2009-04-01T20:00:00Z,Buy,11.88,22.96,11,121.88,3.3321902067583,-26.07,121.88,57.31,1,"	1058,1111" 
2008-12-01T21:00:00Z,"WDC",2009-04-01T20:00:00Z,Buy,10.8,19.91,1,9.11,0.53753066230581,-0.87,29.17,5.18,1,"	1063,1118" 
2008-12-01T21:00:00Z,"FL",2009-05-01T20:00:00Z,Buy,6.06,12.17,19,116.09,2.7532710319317,0,116.09,24.32,1,"	1064,1140" 
2008-12-01T21:00:00Z,"CRK",2009-06-01T20:00:00Z,Buy,36.85,40.83,5,19.9,1.023659725011,-49.1,64.15,113.25,1,"	1057,1152" 
2008-12-01T21:00:00Z,"GCO",2009-06-01T20:00:00Z,Buy,11.47,25.72,10,142.5,1.0736125554486,0,143.5,59.2,1,"	1060,1154" 
2008-12-01T21:00:00Z,"HWKN",2009-06-01T20:00:00Z,Buy,15.25,21,14,80.5,7.512181949899,-36.4,87.22,52.36,1,"	1061,1156" 
2008-12-01T21:00:00Z,"GCO",2009-08-03T20:00:00Z,Buy,11.47,22.07,13,137.8,1.032153132692,0,186.55,107.25,1,"	1060,1189" 
2008-12-01T21:00:00Z,"SCVL",2009-09-01T20:00:00Z,Buy,8.35,15.35,19,133,1.1309502277327,-38.38,149.34,103.55,1,"	1062,1195" 
2008-12-01T21:00:00Z,"FL",2009-10-01T20:00:00Z,Buy,6.06,11.53,33,180.51,0.57960041841004,0,215.49,96.03,1,"	1064,1205" 
2008-12-01T21:00:00Z,"CTRN",2010-04-01T20:00:00Z,Buy,11.88,33.1,9,190.98,0.96025432952851,-21.33,205.56,84.87,1,"	1058,1320" 
2008-12-01T21:00:00Z,"HWKN",2010-08-02T20:00:00Z,Buy,15.25,32.17,10,169.2,2.1470185498929,-26,172.1,60.8,1,"	1061,1406" 
2008-12-01T21:00:00Z,"WDC",2010-11-01T20:00:00Z,Buy,10.8,32.62,16,349.12,1.9392863136802,-13.92,570.72,365.6,1,"	1063,1451" 
2008-12-01T21:00:00Z,"HWKN",2010-12-01T21:00:00Z,Buy,15.25,43.45,5,141,0.82815971703435,-13,141.4,30.4,1,"	1061,1460" 
2008-12-01T21:00:00Z,"CTR",2011-07-01T20:00:00Z,Buy,12.13,29.34,8.5000127499936,146.29,4.8637877427783,0,148.5,55.85,1,"	1056,1590" 
2008-12-01T21:00:00Z,"HWKN",2011-08-01T20:00:00Z,Buy,15.25,34.73,13,253.24,0.53279270772807,-33.8,441.48,202.28,1,"	1061,1609" 
2008-12-01T21:00:00Z,"SCVL",2012-04-02T20:00:00Z,Buy,8.35,32.56,9,217.89,0.88778302235062,-18.18,229.05,117.63,1,"	1062,1726" 
2008-12-01T21:00:00Z,"SCVL",2013-06-03T20:00:00Z,Buy,5.56666945,24.64,14.999992500004,286.1,0.61670510708402,-20.2,286.1,130.7,1,"	1062,2021" 
2008-12-01T21:00:00Z,"CTR",2013-07-01T20:00:00Z,Buy,12.13,25.32,20.499987250006,270.39,0.60144230769231,0,402.21,191.06,1,"	1056,2040" 
2009-01-02T21:00:00Z,"CASY",2009-04-01T20:00:00Z,Buy,22.62,26.5,8,31.04,5.1484404026528,-33.84,42.88,38.08,1,"	1070,1109" 
2009-01-02T21:00:00Z,"TTWO",2009-04-01T20:00:00Z,Buy,7.95,8.47,28,14.56,1.3603305313987,-65.24,223.44,70.56,1,"	1073,1117" 
2009-01-02T21:00:00Z,"RHI",2009-05-01T20:00:00Z,Buy,21.31,23.74,24,58.32,2.7852601578658,-165.12,69.36,165.12,1,"	1071,1137" 
2009-01-02T21:00:00Z,"CASY",2010-05-03T20:00:00Z,Buy,22.62,38.42,15,237,0.54226896194667,-63.45,253.2,71.4,1,"	1070,1348" 
2009-01-02T21:00:00Z,"TSCO",2010-05-03T20:00:00Z,Buy,36.73,67.93,3,93.6,1.0431562483548,-22.5,100.41,27.03,1,"	1072,1357" 
2009-01-02T21:00:00Z,"TSCO",2011-02-01T21:00:00Z,Buy,18.365,51.68,8,266.52,1.8342503204295,-30,277.16,36.92,1,"	1072,1495" 
2009-01-02T21:00:00Z,"TSCO",2012-02-01T21:00:00Z,Buy,18.365,81.77,3,190.22,0.77594603387904,-11.25,190.22,56.46,1,"	1072,1702" 
2009-01-02T21:00:00Z,"TSCO",2012-06-01T20:00:00Z,Buy,18.365,89.59,3,213.68,0.50735550082102,-11.25,244.22,56.46,1,"	1072,1773" 
2009-01-02T21:00:00Z,"TSCO",2013-05-01T20:00:00Z,Buy,18.365,105.33,8,695.72,0.51965662032285,-30,749.48,174.32,1,"	1072,1989" 
2009-02-02T21:00:00Z,"CNMD",2009-03-02T21:00:00Z,Buy,15.84,12.3,27,-95.58,5.2940599075082,-95.58,49.68,145.26,0,"	1084,1093" 
2009-02-02T21:00:00Z,"CRY",2009-05-01T20:00:00Z,Buy,8.51,5.48,38,-115.14,3.0314852443646,-171.38,8.74,180.12,0,"	1085,1131" 
2009-02-02T21:00:00Z,"STMP",2009-06-01T20:00:00Z,Buy,8.45,9.19,52,38.48,5.1894768408845,-27.56,87.36,99.32,1,"	1090,1162" 
2009-02-02T21:00:00Z,"OFLX",2009-09-01T20:00:00Z,Buy,17.39,17.16,15,-3.45,2.7929911237069,-95.85,39.45,135.3,0,"	1089,1194" 
2009-02-02T21:00:00Z,"ASTE",2009-10-01T20:00:00Z,Buy,24.69,24.28,13,-5.33,2.5577735201052,-58.63,111.8,125.19,0,"	1083,1198" 
2009-02-02T21:00:00Z,"ICFI",2010-01-04T21:00:00Z,Buy,24.45,27.21,23,63.48,2.7203148975477,-69,135.01,142.6,1,"	1087,1266" 
2009-02-02T21:00:00Z,"JJSF",2010-02-01T21:00:00Z,Buy,35.44,41.46,17,102.34,3.240615788985,-88.74,149.26,138.04,1,"	1088,1285" 
2009-02-02T21:00:00Z,"FIZ",2010-09-01T20:00:00Z,Buy,9.41,14.98,14.00012095994,77.98,3.1374495013,-51.24,77.98,48.72,1,"	1086,1414" 
2009-02-02T21:00:00Z,"FIZ",2011-07-01T20:00:00Z,Buy,9.41,14.63,21.99987904006,114.84,2.3219130728271,-80.52,127.38,76.56,1,"	1086,1591" 
2009-03-02T21:00:00Z,"EBF",2009-06-01T20:00:00Z,Buy,7.73,11.42,42,154.98,4.7000498026267,-30.24,154.98,68.46,1,"	1102,1153" 
2009-03-02T21:00:00Z,"AMED",2009-08-03T20:00:00Z,Buy,28.98,44.8,10,158.2,2.4276174972347,-30.7,158.2,89.2,1,"	1100,1188" 
2009-03-02T21:00:00Z,"NVEC",2009-08-03T20:00:00Z,Buy,27.17,55.45,4,113.12,2.3991488561201,0,117.2,29.6,1,"	1106,1190" 
2009-03-02T21:00:00Z,"MYGN",2009-11-02T21:00:00Z,Buy,37.81,24.77,10,-130.4,2.9755812412384,-138,81.9,219.9,0,"	1105,1223" 
2009-03-02T21:00:00Z,"CNC",2009-12-01T21:00:00Z,Buy,16.05,19.27,23,74.06,1.1131935840549,-22.08,102.35,80.04,1,"	1101,1247" 
2009-03-02T21:00:00Z,"MSM",2010-01-04T21:00:00Z,Buy,28.69,47.53,15,282.6,2.5145729372254,-18.9,295.5,114.3,1,"	1103,1268" 
2009-03-02T21:00:00Z,"NVEC",2010-02-01T21:00:00Z,Buy,27.17,41.05,7,97.16,0.51722721822542,0,249.62,182.63,1,"	1106,1288" 
2009-03-02T21:00:00Z,"MTSC",2010-03-01T21:00:00Z,Buy,21.55,27.92,19,121.03,4.6561436698131,-32.3,165.49,102.41,1,"	1104,1305" 
2009-04-01T20:00:00Z,"FSYS",2009-06-01T20:00:00Z,Buy,14.44,22.74,16,132.8,3.3525963263201,-19.36,134.08,77.28,1,"	1124,1158" 
2009-04-01T20:00:00Z,"UG",2009-06-01T20:00:00Z,Buy,7,9.14,39,83.46,9.2650512038183,-13.26,92.43,52.26,1,"	1128,1163" 
2009-04-01T20:00:00Z,"CMTL",2009-07-01T20:00:00Z,Buy,25.14,32.55,14,103.74,2.0813942259545,0,129.08,107.94,1,"	1121,1181" 
2009-04-01T20:00:00Z,"CODI",2009-10-01T20:00:00Z,Buy,9.21,10.3,32,34.88,6.4870240474762,-46.72,56.64,77.12,1,"	1122,1199" 
2009-04-01T20:00:00Z,"CSGS",2009-11-02T21:00:00Z,Buy,14.36,15.98,34,55.08,4.8249448736799,-48.96,87.38,84.66,1,"	1123,1220" 
2009-04-01T20:00:00Z,"NATH",2009-11-02T21:00:00Z,Buy,12.5,14.62,45,95.4,7.6799519768386,-20.25,108,128.25,1,"	1127,1224" 
2009-04-01T20:00:00Z,"CAI",2010-01-04T21:00:00Z,Buy,36.06,49.58,16,216.32,4.3119016522144,-20.8,217.92,63.52,1,"	1120,1264" 
2009-04-01T20:00:00Z,"WIRE",2010-01-04T21:00:00Z,Buy,21.98,21.26,19,-13.68,3.7582370930158,-47.69,43.7,83.6,0,"	1129,1270" 
2009-04-01T20:00:00Z,"MLAB",2010-02-01T21:00:00Z,Buy,16.6,27.2,28,296.8,5.5451647255569,0,347.2,63.56,1,"	1126,1286" 
2009-04-01T20:00:00Z,"LEG",2010-04-01T20:00:00Z,Buy,13.27,21.67,35,294,3.9428617706996,-4.9,297.85,102.55,1,"	1125,1323" 
2009-04-01T20:00:00Z,"APU",2010-06-01T20:00:00Z,Buy,28.4,38.96,6,63.36,2.3534811194989,0,86.94,33.48,1,"	1119,1380" 
2009-04-01T20:00:00Z,"APU",2011-07-01T20:00:00Z,Buy,28.4,45.73,11,190.63,0.59139906728847,0,253.11,95.26,1,"	1119,1589" 
2009-05-01T20:00:00Z,"ULBI",2009-06-01T20:00:00Z,Buy,7.39,7.03,41,-14.76,6.6254151626533,-22.14,20.91,43.05,0,"	1148,1164" 
2009-05-01T20:00:00Z,"KIRK",2009-07-01T20:00:00Z,Buy,6.71,11.21,26,117,5.8224329598666,-25.22,137.8,30.94,1,"	1144,1183" 
2009-05-01T20:00:00Z,"LG",2009-07-01T20:00:00Z,Buy,35.59,33.74,10,-18.5,0.52563382310573,-60.6,189.9,60.6,0,"	1145,1184" 
2009-05-01T20:00:00Z,"LINC",2009-10-01T20:00:00Z,Buy,15.74,22.46,10,67.2,2.178205367863,-12.5,77.6,35.8,1,"	1146,1201" 
2009-05-01T20:00:00Z,"USNA",2009-10-01T20:00:00Z,Buy,24.1,34.06,14,139.44,7.0272668378005,0,157.64,68.32,1,"	1149,1203" 
2009-05-01T20:00:00Z,"CHE",2009-11-02T21:00:00Z,Buy,42.32,44.44,15,31.8,3.0879931295841,-83.4,83.25,83.4,1,"	1141,1218" 
2009-05-01T20:00:00Z,"PLCE",2009-11-02T21:00:00Z,Buy,28.9,32.53,13,47.19,2.5449770283245,-52.52,102.57,155.09,1,"	1147,1225" 
2009-05-01T20:00:00Z,"XOM",2009-11-02T21:00:00Z,Buy,67.93,72.15,3,12.66,0.50761547085202,-55.44,81.36,26.79,1,"	1150,1228" 
2009-05-01T20:00:00Z,"JCOM",2010-02-01T21:00:00Z,Buy,23.72,20.87,19,-54.15,1.832865429003,-90.44,15.39,105.83,0,"	1143,1284" 
2009-05-01T20:00:00Z,"DGIT",2010-03-01T21:00:00Z,Buy,21.99,32.75,7,75.32,1.0648226656426,-37.03,87.15,46.97,1,"	1142,1301" 
2009-05-01T20:00:00Z,"DGIT",2011-01-03T21:00:00Z,Buy,21.99,29.59,13,98.8,1.0864123772835,-89.44,283.53,372.97,1,"	1142,1472" 
2009-05-01T20:00:00Z,"KIRK",2011-01-03T21:00:00Z,Buy,6.71,14.06,28,205.8,0.57014967925873,-27.16,498.96,384.72,1,"	1144,1476" 
2009-05-01T20:00:00Z,"LINC",2012-04-02T20:00:00Z,Buy,15.74,7.91,18,-140.94,1.3161023718344,-159.3,222.48,381.78,0,"	1146,1725" 
2009-06-01T20:00:00Z,"TESS",2009-09-01T20:00:00Z,Buy,10.96,16,13.499962897465,68.04,2.0804302540082,-25.38,275.4,25.11,1,"	1177,1196" 
2009-06-01T20:00:00Z,"ALGN",2009-11-02T21:00:00Z,Buy,12.55,16.05,14,49,2.1110597905558,-45.92,72.1,48.16,1,"	1167,1215" 
2009-06-01T20:00:00Z,"CVX",2009-11-02T21:00:00Z,Buy,69.22,76.64,3,22.26,1.0483639022718,-56.31,101.55,33.81,1,"	1171,1219" 
2009-06-01T20:00:00Z,"SGC",2009-11-02T21:00:00Z,Buy,7.55,8.9,42,56.7,10.289263897869,-56.28,85.26,90.72,1,"	1176,1226" 
2009-06-01T20:00:00Z,"USAK",2009-11-02T21:00:00Z,Buy,14.32,11.19,43,-134.59,5.297614970997,-134.59,43.86,178.45,0,"	1178,1227" 
2009-06-01T20:00:00Z,"AIT",2009-12-01T21:00:00Z,Buy,22.14,20.88,20.249965316227,-25.51,0.55862782859894,-269.59,266.69,90.31,0,"	1168,1245" 
2009-06-01T20:00:00Z,"CECO",2009-12-01T21:00:00Z,Buy,20.35,25.63,21,110.88,2.0190563687391,0,119.28,101.22,1,"	1170,1246" 
2009-06-01T20:00:00Z,"RHI",2009-12-01T21:00:00Z,Buy,22.61,22.75,21,2.94,1.7379103771792,-43.47,108.36,117.18,1,"	1175,1250" 
2009-06-01T20:00:00Z,"ICUI",2010-01-04T21:00:00Z,Buy,36.99,36.73,16,-4.16,2.2011748791504,-66.56,111.36,177.92,0,"	1174,1267" 
2009-06-01T20:00:00Z,"ALGN",2010-05-03T20:00:00Z,Buy,12.55,17.4,19,92.15,2.428793679938,-62.32,149.91,73.72,1,"	1167,1346" 
2009-06-01T20:00:00Z,"AZZ",2010-05-03T20:00:00Z,Buy,36.78,41.52,9,42.66,1.6932690305801,-71.73,56.07,123.03,1,"	1169,1347" 
2009-06-01T20:00:00Z,"USMO",2010-05-03T20:00:00Z,Buy,11.34,14.23,41,118.49,4.8106574970595,-55.76,123,157.44,1,"	1179,1360" 
2009-06-01T20:00:00Z,"GWW",2010-06-01T20:00:00Z,Buy,82.88,100.22,2,34.68,2.1136894903628,-9.7,65.42,30.9,1,"	1173,1384" 
2009-06-01T20:00:00Z,"GWW",2011-02-01T21:00:00Z,Buy,82.88,132.32,2,98.88,1.1318210830868,-9.7,113.32,36.6,1,"	1173,1489" 
2009-06-01T20:00:00Z,"TESS",2011-02-01T21:00:00Z,Buy,7.30667032,12.44,31,159.13,0.58368923611111,-38.85,421.6,271.77,1,"	1177,1494" 
2009-06-01T20:00:00Z,"SNS",2011-04-01T20:00:00Z,Buy,182.8,408.81,1,226.01,2.3858795403806,-29.2,276.97,149.92,1,"	1172,1526" 
2009-06-01T20:00:00Z,"GWW",2011-09-01T20:00:00Z,Buy,82.88,150.96,3,204.24,2.0893032578989,-14.55,233.7,104.01,1,"	1173,1625" 
2009-06-01T20:00:00Z,"AIT",2011-12-01T21:00:00Z,Buy,22.14,34.3,1.7500346837733,21.28,1.3798440170419,-23.3,25.01,19.34,1,"	1168,1673" 
2009-06-01T20:00:00Z,"GWW",2012-03-01T21:00:00Z,Buy,82.88,207.82,1,124.94,0.59494935624248,-4.85,127.3,34.67,1,"	1173,1711" 
2009-06-01T20:00:00Z,"SNS",2014-04-01T20:00:00Z,Buy,182.8,488.1,0.8,244.24,1.1112919430776,-23.36,260.46,119.94,1,"	1172,2271" 
2009-07-01T20:00:00Z,"DLTR",2010-02-01T21:00:00Z,Buy,42.43,49.97,5,37.7,0.77060809863587,-105.65,44.5,30,1,"	1186,1283" 
2009-07-01T20:00:00Z,"SIF",2010-05-03T20:00:00Z,Buy,10.57,13.95,35,118.3,2.8765943023381,-43.05,232.05,138.25,1,"	1187,1355" 
2009-07-01T20:00:00Z,"CORE",2011-06-01T20:00:00Z,Buy,26.88,34.83,18,143.1,2.9174807014276,-23.94,181.8,156.6,1,"	1185,1573" 
2009-08-03T20:00:00Z,"RGR",2010-05-03T20:00:00Z,Buy,11.87,17.23,31,166.16,1.1975203223361,-67.27,176.08,127.41,1,"	1192,1353" 
2009-08-03T20:00:00Z,"TTEC",2010-05-03T20:00:00Z,Buy,16.01,16.87,24,20.64,1.8532734340147,0,114.96,102,1,"	1193,1358" 
2009-08-03T20:00:00Z,"RBIN",2010-08-02T20:00:00Z,Buy,15.93,23.51,10,75.8,2.8680416191062,-32,96.5,75.4,1,"	1191,1408" 
2009-08-03T20:00:00Z,"RBIN",2010-11-01T20:00:00Z,Buy,15.93,37.21,4,85.12,0.51784530008221,-12.8,85.12,30.16,1,"	1191,1449" 
2009-09-01T20:00:00Z,"DISCA",2011-05-02T20:00:00Z,Buy,25.54,44.65,19,363.09,2.284326272946,0,369.17,121.79,1,"	1197,1546" 
2009-10-01T20:00:00Z,"ALGT",2009-11-02T21:00:00Z,Buy,36.7,38.9,11,24.2,1.0548642627104,-12.87,52.25,61.16,1,"	1206,1216" 
2009-10-01T20:00:00Z,"CALM",2009-11-02T21:00:00Z,Buy,25.93,27.93,8,16,0.51937243182667,-69.44,36,5.36,1,"	1207,1217" 
2009-10-01T20:00:00Z,"EBS",2009-11-02T21:00:00Z,Buy,16.94,14.59,21,-49.35,3.6260034292624,-59.64,18.06,77.7,0,"	1208,1222" 
2009-10-01T20:00:00Z,"XOM",2009-11-02T21:00:00Z,Buy,67.27,72.15,3,14.64,0.50735351989506,-53.46,83.34,9.72,1,"	1214,1228" 
2009-10-01T20:00:00Z,"SCHN",2010-01-04T21:00:00Z,Buy,51.67,50,5.4999853299919,-9.18,0.51455492957746,-245.32,346.11,75.95,0,"	1212,1269" 
2009-10-01T20:00:00Z,"PLUS",2010-03-01T21:00:00Z,Buy,15.36,16.5,43,49.02,3.9282360238977,-14.62,59.34,51.6,1,"	1210,1304" 
2009-10-01T20:00:00Z,"TSRA",2010-06-01T20:00:00Z,Buy,26.28,16.87,13,-122.33,2.8414124929686,-123.5,63.83,187.33,0,"	1213,1387" 
2009-10-01T20:00:00Z,"PRFT",2010-09-01T20:00:00Z,Buy,7.92,9.1,45,53.1,2.5186967870664,-2.7,228.15,215.1,1,"	1211,1420" 
2009-10-01T20:00:00Z,"LANC",2011-02-01T21:00:00Z,Buy,50.18,56.29,13,79.43,2.5829651423322,-61.23,142.87,204.1,1,"	1209,1490" 
2009-11-02T21:00:00Z,"EGN",2010-03-01T21:00:00Z,Buy,43.48,46.68,12,38.4,2.7874822553211,-16.8,68.16,84.96,1,"	1234,1302" 
2009-11-02T21:00:00Z,"ARKR",2010-04-01T20:00:00Z,Buy,12.8,13.35,31,17.05,4.5368576843529,-3.1,73.78,64.48,1,"	1232,1318" 
2009-11-02T21:00:00Z,"AN",2010-04-01T20:00:00Z,Buy,17.56,18.16,25,15,1.1565693848428,-3,78.25,77.5,1,"	1240,1326" 
2009-11-02T21:00:00Z,"AAWW",2010-05-03T20:00:00Z,Buy,25.08,55.95,10,308.7,1.0491569533511,0,337.9,38.8,1,"	1229,1345" 
2009-11-02T21:00:00Z,"CVI",2010-05-03T20:00:00Z,Buy,10.34,8.47,27,-50.49,1.1985329251143,-102.33,13.23,115.56,0,"	1233,1349" 
2009-11-02T21:00:00Z,"LXU",2010-05-03T20:00:00Z,Buy,12.34,18.65,33,208.23,2.7609343131099,-50.49,208.23,90.09,1,"	1238,1351" 
2009-11-02T21:00:00Z,"SNX",2010-06-01T20:00:00Z,Buy,25.35,25.77,17,7.14,2.0257997716327,-2.21,114.58,107.44,1,"	1243,1386" 
2009-11-02T21:00:00Z,"APOG",2010-08-02T20:00:00Z,Buy,12.9,11.12,30,-53.4,3.6884390700813,-68.7,115.8,184.5,0,"	1230,1404" 
2009-11-02T21:00:00Z,"FOSL",2010-09-01T20:00:00Z,Buy,27.07,48.8,5.5000082499959,119.52,0.54304059109615,-83.49,119.52,49.28,1,"	1235,1416" 
2009-11-02T21:00:00Z,"HHS",2010-09-01T20:00:00Z,Buy,11.42,10.42,34,-34,1.3488550713405,-61.54,134.3,187,0,"	1236,1417" 
2009-11-02T21:00:00Z,"RS",2010-10-01T20:00:00Z,Buy,36.42,42.19,10,57.7,1.9595611357538,-10.7,185.4,196.1,1,"	1241,1434" 
2009-11-02T21:00:00Z,"SCL",2010-11-01T20:00:00Z,Buy,56.15,67.53,8,91.04,3.9287067293466,-71.92,184.96,199.04,1,"	1242,1450" 
2009-11-02T21:00:00Z,"POWL",2010-12-01T21:00:00Z,Buy,36.05,36.17,11,1.32,2.6827211141709,-104.61,11.55,116.16,1,"	1239,1464" 
2009-11-02T21:00:00Z,"FOSL",2011-04-01T20:00:00Z,Buy,27.07,93.61,4,266.16,0.50999572877736,-60.72,266.32,35.84,1,"	1235,1528" 
2009-11-02T21:00:00Z,"APU",2011-07-01T20:00:00Z,Buy,37.04,45.73,6,52.14,0.83996998993871,-51.84,86.22,51.96,1,"	1231,1589" 
2009-11-02T21:00:00Z,"FOSL",2011-08-01T20:00:00Z,Buy,27.07,126.74,2,199.34,0.50504257181507,-30.36,214.44,18.58,1,"	1235,1608" 
2009-11-02T21:00:00Z,"FOSL",2012-07-02T20:00:00Z,Buy,27.07,74.88,5,239.05,1.8064037950801,-75.9,556.15,344.1,1,"	1235,1785" 
2009-11-02T21:00:00Z,"K",2012-10-01T20:00:00Z,Buy,51.75,51.93,4,0.72,2.1397931374275,-63.48,23.24,44.2,1,"	1237,1833" 
2009-12-01T21:00:00Z,"CENT",2010-01-04T21:00:00Z,Buy,9.15,10.65,46,69,1.2351334883821,0,92,23,1,"	1254,1265" 
2009-12-01T21:00:00Z,"WIRE",2010-01-04T21:00:00Z,Buy,20.07,21.26,12,14.28,1.0798122248281,-7.2,50.52,14.64,1,"	1262,1270" 
2009-12-01T21:00:00Z,"DPZ",2010-04-01T20:00:00Z,Buy,7.75,13.78,18,108.54,2.2255985117844,-3.24,115.92,15.12,1,"	1255,1322" 
2009-12-01T21:00:00Z,"DPZ",2010-05-03T20:00:00Z,Buy,7.75,16.06,40,332.4,0.80194087540913,-7.2,336.4,33.6,1,"	1255,1350" 
2009-12-01T21:00:00Z,"OTL",2010-05-03T20:00:00Z,Buy,9.38,13.92,32,145.28,3.3600790782784,-22.08,166.72,104.96,1,"	1261,1352" 
2009-12-01T21:00:00Z,"GTLS",2010-06-01T20:00:00Z,Buy,16.91,16.96,18,0.9,3.3195386396127,-22.32,166.68,165.78,1,"	1257,1383" 
2009-12-01T21:00:00Z,"BGFV",2010-09-01T20:00:00Z,Buy,16.73,12.53,18,-75.6,3.4281990962392,-93.96,26.28,120.24,0,"	1253,1412" 
2009-12-01T21:00:00Z,"GES",2010-10-01T20:00:00Z,Buy,41.82,40.29,12,-18.36,1.063611302153,-126.96,101.28,228.24,0,"	1256,1430" 
2009-12-01T21:00:00Z,"JBSS",2010-11-01T20:00:00Z,Buy,16.32,12.96,26,-87.36,2.1914311085179,-105.82,29.12,134.94,0,"	1258,1447" 
2009-12-01T21:00:00Z,"MVO",2011-01-03T21:00:00Z,Buy,18.99,39.95,10,209.6,2.1478653363625,-2.8,209.6,53.5,1,"	1260,1478" 
2009-12-01T21:00:00Z,"IPAR",2011-05-02T20:00:00Z,Buy,11.32,18.94,25,190.5,2.3256533593591,-3,207,96.5,1,"	1259,1550" 
2009-12-01T21:00:00Z,"MVO",2012-08-01T20:00:00Z,Buy,18.99,34.09,22,332.2,0.56555769230769,-6.16,594,318.34,1,"	1260,1801" 
2009-12-01T21:00:00Z,"WMK",2013-03-01T21:00:00Z,Buy,35.71,40.96,5,26.25,0.70721850929728,-62.1,52.25,39.2,1,"	1263,1940" 
2009-12-01T21:00:00Z,"WMK",2013-07-01T20:00:00Z,Buy,35.71,45.44,1,9.73,4.9907113871813,-12.42,11.21,7.84,1,"	1263,2049" 
2010-01-04T21:00:00Z,"JCOM",2010-02-01T21:00:00Z,Buy,20.68,20.87,12,2.28,0.53048648648649,-20.64,46.2,20.64,1,"	1276,1284" 
2010-01-04T21:00:00Z,"VLGEA",2010-02-01T21:00:00Z,Buy,27.5,26.13,8,-10.96,0.73839820612476,-69.64,40.88,16.88,0,"	1281,1290" 
2010-01-04T21:00:00Z,"WSO",2010-03-01T21:00:00Z,Buy,49.64,59.16,6,57.12,1.0154149872608,-113.34,57.12,22.8,1,"	1282,1306" 
2010-01-04T21:00:00Z,"MFRI",2010-04-01T20:00:00Z,Buy,6.77,6.68,66,-5.94,2.8494594476028,-40.26,30.36,70.62,0,"	1278,1324" 
2010-01-04T21:00:00Z,"CASY",2010-05-03T20:00:00Z,Buy,31.79,38.42,2,13.26,0.91226887091077,-26.8,15.42,5.5,1,"	1271,1348" 
2010-01-04T21:00:00Z,"CF",2010-06-01T20:00:00Z,Buy,91.84,65.94,6,-155.4,3.5530001091579,-155.4,98.34,253.74,0,"	1272,1381" 
2010-01-04T21:00:00Z,"MLR",2010-10-01T20:00:00Z,Buy,11.92,13.59,16,26.72,3.355757380898,-16,53.28,52.64,1,"	1279,1431" 
2010-01-04T21:00:00Z,"DDS",2011-02-01T21:00:00Z,Buy,18.69,39.96,7,148.89,2.5830948051563,-21.56,162.89,80.92,1,"	1274,1487" 
2010-01-04T21:00:00Z,"CASY",2011-05-02T20:00:00Z,Buy,31.79,38.45,5,33.3,2.6891891735954,-67,62.25,42.05,1,"	1271,1544" 
2010-01-04T21:00:00Z,"CLW",2011-06-01T20:00:00Z,Buy,54.32,67.69,5,66.85,3.4040638152119,-50.45,151.75,84.9,1,"	1273,1572" 
2010-01-04T21:00:00Z,"MLR",2011-06-01T20:00:00Z,Buy,11.92,17.04,36,184.32,1.5737324421636,-36,190.08,118.44,1,"	1279,1576" 
2010-01-04T21:00:00Z,"IPG",2011-09-01T20:00:00Z,Buy,7.53,8.21,57,38.76,3.7231888901242,-67.26,323.76,326.04,1,"	1275,1626" 
2010-01-04T21:00:00Z,"PLCE",2011-10-03T20:00:00Z,Buy,32.17,45.8,13,177.19,1.0636630917905,-4.81,316.94,251.29,1,"	1280,1643" 
2010-01-04T21:00:00Z,"K",2012-10-01T20:00:00Z,Buy,52.83,51.93,4,-3.6,0.50993045112782,-67.8,18.92,44.2,0,"	1277,1833" 
2010-01-04T21:00:00Z,"DDS",2013-06-03T20:00:00Z,Buy,18.69,91.44,11,800.25,0.53468516310827,-33.88,825,230.45,1,"	1274,2014" 
2010-02-01T21:00:00Z,"MTSC",2010-03-01T21:00:00Z,Buy,26.07,27.92,8,14.8,1.1062541578105,-49.76,33.52,12.64,1,"	1297,1305" 
2010-02-01T21:00:00Z,"DECK",2010-04-01T20:00:00Z,Buy,99.46,138.43,2,77.94,1.6376229740959,-9.74,82.72,14.34,1,"	1291,1321" 
2010-02-01T21:00:00Z,"USMO",2010-05-03T20:00:00Z,Buy,10.61,14.23,20,72.4,1.1854079406683,-12.6,74.6,9.2,1,"	1299,1360" 
2010-02-01T21:00:00Z,"GHM",2010-06-01T20:00:00Z,Buy,15.74,16.03,23,6.67,3.8952292252027,-15.18,91.08,100.97,1,"	1293,1382" 
2010-02-01T21:00:00Z,"KMX",2010-09-01T20:00:00Z,Buy,21.1,20.78,23,-7.36,2.8444539296107,-56.12,117.3,173.42,0,"	1294,1418" 
2010-02-01T21:00:00Z,"MTRX",2010-10-01T20:00:00Z,Buy,10.52,8.7,47,-85.54,4.3744828252976,-97.29,87.42,184.71,0,"	1296,1432" 
2010-02-01T21:00:00Z,"DECK",2010-12-01T21:00:00Z,Buy,33.15329951694,79.94,3,140.36,0.50779446177847,-4.87,140.36,34.61,1,"	1291,1458" 
2010-02-01T21:00:00Z,"MED",2010-12-01T21:00:00Z,Buy,17.97,25.46,15,112.35,1.521042876507,-17.55,282.15,202.95,1,"	1295,1463" 
2010-02-01T21:00:00Z,"POWL",2010-12-01T21:00:00Z,Buy,30.16,36.17,7,42.07,0.90932864112475,-25.34,48.58,64.4,1,"	1298,1464" 
2010-02-01T21:00:00Z,"NEU",2011-04-01T20:00:00Z,Buy,88.66,160.06,2,142.8,1.0148852362213,-13.44,142.8,55.36,1,"	1292,1527" 
2010-02-01T21:00:00Z,"NEU",2011-05-02T20:00:00Z,Buy,88.66,186.58,2,195.84,0.51012261284722,-13.44,195.84,55.36,1,"	1292,1549" 
2010-02-01T21:00:00Z,"DECK",2012-03-01T21:00:00Z,Buy,33.15329951694,78.59,6,272.62,0.99760524054015,-9.74,506.92,257.7,1,"	1291,1707" 
2010-02-01T21:00:00Z,"DECK",2015-12-01T21:00:00Z,Buy,33.15329951694,48.91,9.1800075276062E-6,0,2.4968730703292,0,0,0,0,"	1291,2772" 
2010-03-01T21:00:00Z,"AN",2010-04-01T20:00:00Z,Buy,18.2,18.16,12,-0.48,0.91151232112731,-9.12,29.88,19.56,0,"	1314,1326" 
2010-03-01T21:00:00Z,"AZZ",2010-05-03T20:00:00Z,Buy,31.67,41.52,8,78.8,1.0801367093949,-22.88,90.72,19.12,1,"	1308,1347" 
2010-03-01T21:00:00Z,"SAH",2010-05-03T20:00:00Z,Buy,10.7,11.3,28,16.8,3.6053117162984,-0.56,69.44,70,1,"	1315,1354" 
2010-03-01T21:00:00Z,"UIS",2010-05-03T20:00:00Z,Buy,36.63,28.75,9,-70.92,1.8745508667416,-77.67,29.97,107.64,0,"	1317,1359" 
2010-03-01T21:00:00Z,"LZB",2010-12-01T21:00:00Z,Buy,13.52,7.98,20,-110.8,3.218004424674,-140.8,33,173.8,0,"	1313,1462" 
2010-03-01T21:00:00Z,"GCI",2011-01-03T21:00:00Z,Buy,15.93,15.42,20,-10.2,1.1470971202488,-83.4,54.8,138.2,0,"	1310,1473" 
2010-03-01T21:00:00Z,"ASH",2011-02-01T21:00:00Z,Buy,49.05,59.33,9,92.52,3.2335384888815,-52.83,128.07,180.9,1,"	1307,1484" 
2010-03-01T21:00:00Z,"LANC",2011-02-01T21:00:00Z,Buy,57.74,56.29,4,-5.8,0.51003475842892,-49.08,13.72,62.8,0,"	1312,1490" 
2010-03-01T21:00:00Z,"FIZ",2011-07-01T20:00:00Z,Buy,11.55,14.63,25,77,1.1471130523732,-145,91.25,68.75,1,"	1309,1591" 
2010-03-01T21:00:00Z,"GWW",2012-08-01T20:00:00Z,Buy,104.21,203.01,2,197.6,2.4675086666786,-52.36,231.38,85.6,1,"	1311,1798" 
2010-03-01T21:00:00Z,"UFS",2012-10-01T20:00:00Z,Buy,56.19,77.25,6,126.36,2.6741233112637,-55.44,292.86,239.94,1,"	1316,1837" 
2010-03-01T21:00:00Z,"GWW",2013-01-02T21:00:00Z,Buy,104.21,207.73,1,103.52,0.84160797481725,-26.18,115.69,42.8,1,"	1311,1896" 
2010-04-01T20:00:00Z,"CVI",2010-05-03T20:00:00Z,Buy,8.93,8.47,26,-11.96,0.9697063318032,-61.88,49.4,33.54,0,"	1332,1349" 
2010-04-01T20:00:00Z,"RGR",2010-05-03T20:00:00Z,Buy,12.25,17.23,17,84.66,0.54342160133445,-43.35,90.1,14.45,1,"	1339,1353" 
2010-04-01T20:00:00Z,"SYKE",2010-05-03T20:00:00Z,Buy,22.91,22.51,12,-4.8,0.9866721090322,-110.04,44.52,10.8,0,"	1341,1356" 
2010-04-01T20:00:00Z,"TTEC",2010-05-03T20:00:00Z,Buy,16.91,16.87,13,-0.52,0.53217652224824,-11.7,50.57,20.54,0,"	1342,1358" 
2010-04-01T20:00:00Z,"ANK",2010-07-01T20:00:00Z,Buy,45,40.16,5,-24.2,0.51251947473848,-155.25,66.1,90.3,0,"	1328,1400" 
2010-04-01T20:00:00Z,"HA",2010-08-02T20:00:00Z,Buy,7.36,5.89,63,-92.61,4.311352904898,-137.97,2.52,140.49,0,"	1336,1405" 
2010-04-01T20:00:00Z,"FLXS",2010-09-01T20:00:00Z,Buy,13.31,14.15,15,12.6,2.0808558450292,-46.35,32.1,78.45,1,"	1334,1415" 
2010-04-01T20:00:00Z,"ARP",2010-10-01T20:00:00Z,Buy,9,7.77,50,-61.5,3.0605060904706,-120,93.5,213.5,0,"	1330,1428" 
2010-04-01T20:00:00Z,"RBIN",2010-11-01T20:00:00Z,Buy,19.23,37.21,3,53.94,0.95581612219482,-19.5,53.94,22.62,1,"	1338,1449" 
2010-04-01T20:00:00Z,"GLT",2011-02-01T21:00:00Z,Buy,14.47,12.25,38,-84.36,1.6625699372418,-165.3,38.38,203.68,0,"	1335,1488" 
2010-04-01T20:00:00Z,"UNF",2011-02-01T21:00:00Z,Buy,51.59,56.52,4,19.72,0.74181547034057,-125.4,21.6,55.04,1,"	1343,1496" 
2010-04-01T20:00:00Z,"AMED",2011-03-01T21:00:00Z,Buy,56.99,35.37,8,-172.96,2.0539514725761,-270.96,48.96,319.92,0,"	1327,1508" 
2010-04-01T20:00:00Z,"DSW",2011-03-01T21:00:00Z,Buy,25.76,39.6,5,69.2,2.7589015750898,-19.2,79.5,51.55,1,"	1333,1510" 
2010-04-01T20:00:00Z,"FLXS",2011-03-01T21:00:00Z,Buy,13.31,14.82,13,19.63,1.4627221620183,-40.17,69.94,67.99,1,"	1334,1511" 
2010-04-01T20:00:00Z,"NPK",2011-03-01T21:00:00Z,Buy,116.58,125.75,2,18.34,0.83703121015341,-137.84,39.7,53.66,1,"	1337,1512" 
2010-04-01T20:00:00Z,"SKX",2011-04-01T20:00:00Z,Buy,37.02,20.22,12,-201.6,1.5412172723721,-222.72,81.96,304.68,0,"	1340,1534" 
2010-04-01T20:00:00Z,"CASY",2011-05-02T20:00:00Z,Buy,31.65,38.45,9,61.2,0.52267914012739,-119.34,113.31,75.69,1,"	1331,1544" 
2010-04-01T20:00:00Z,"APU",2011-07-01T20:00:00Z,Buy,40.51,45.73,9,46.98,0.63358273179839,-108.99,98.1,77.94,1,"	1329,1589" 
2010-04-01T20:00:00Z,"RBIN",2012-05-01T20:00:00Z,Buy,19.23,48.6,12,352.44,1.7220317554392,-78,383.16,230.76,1,"	1338,1743" 
2010-04-01T20:00:00Z,"DSW",2012-06-01T20:00:00Z,Buy,25.76,57.26,12,378,0.52878351206434,-46.08,429.12,210,1,"	1333,1761" 
2010-04-01T20:00:00Z,"WMK",2013-07-01T20:00:00Z,Buy,36.41,45.44,8,72.24,0.52002750275027,-104.96,84.08,62.72,1,"	1344,2049" 
2010-05-03T20:00:00Z,"OFIX",2010-06-01T20:00:00Z,Buy,33.84,31.01,21,-59.43,3.3019125079514,-67.83,15.75,83.58,0,"	1374,1385" 
2010-05-03T20:00:00Z,"SNX",2010-06-01T20:00:00Z,Buy,27.9,25.77,9,-19.17,0.9062903943905,-24.12,37.71,25.47,0,"	1376,1386" 
2010-05-03T20:00:00Z,"TSRA",2010-06-01T20:00:00Z,Buy,20.46,16.87,11,-39.49,0.52774408284024,-40.48,118.03,40.48,0,"	1378,1387" 
2010-05-03T20:00:00Z,"ATSG",2010-07-01T20:00:00Z,Buy,5.52,4.93,37,-21.83,2.386554932435,-36.63,10.36,46.99,0,"	1361,1399" 
2010-05-03T20:00:00Z,"ALG",2010-08-02T20:00:00Z,Buy,24.59,23.8,9,-7.11,1.0933062899313,-35.73,15.93,51.66,0,"	1362,1403" 
2010-05-03T20:00:00Z,"CSL",2010-09-01T20:00:00Z,Buy,38.9,29.35,24,-229.2,1.1246413370543,-260.4,38.88,299.28,0,"	1365,1413" 
2010-05-03T20:00:00Z,"OSK",2010-10-01T20:00:00Z,Buy,39.75,28.07,13,-151.84,2.5013853691259,-192.92,0,192.92,0,"	1375,1433" 
2010-05-03T20:00:00Z,"UVV",2010-10-01T20:00:00Z,Buy,54.38,40.39,15,-209.85,3.0157083983436,-284.1,0,284.1,0,"	1379,1437" 
2010-05-03T20:00:00Z,"MSTR",2010-11-01T20:00:00Z,Buy,76.09,90.53,6,86.64,2.7689574627579,-43.56,87.24,64.74,1,"	1370,1448" 
2010-05-03T20:00:00Z,"LULU",2010-12-01T21:00:00Z,Buy,41.55,54.2,4,50.6,1.04600330416,-38.6,50.6,54.72,1,"	1369,1461" 
2010-05-03T20:00:00Z,"LULU",2011-01-03T21:00:00Z,Buy,41.55,71.58,3,90.09,0.50784638994446,-28.95,95.88,41.04,1,"	1369,1477" 
2010-05-03T20:00:00Z,"NSIT",2011-02-01T21:00:00Z,Buy,15.78,14.65,34,-38.42,3.9499671544803,-115.94,30.26,138.04,0,"	1372,1492" 
2010-05-03T20:00:00Z,"CRMT",2011-03-01T21:00:00Z,Buy,26.15,24.26,9.0000104999947,-17.01,1.1886959374666,-169.65,34.02,56.97,0,"	1363,1509" 
2010-05-03T20:00:00Z,"NPK",2011-03-01T21:00:00Z,Buy,114.36,125.75,2,22.78,0.50510672501563,-133.4,44.14,49.08,1,"	1371,1512" 
2010-05-03T20:00:00Z,"NUS",2011-05-02T20:00:00Z,Buy,30.4,32.58,21,45.78,1.2076782497492,-128.73,45.78,128.73,1,"	1373,1552" 
2010-05-03T20:00:00Z,"CORE",2011-06-01T20:00:00Z,Buy,30.59,34.83,10,42.4,0.87650698058798,-50.4,63.9,50.3,1,"	1364,1573" 
2010-05-03T20:00:00Z,"ALG",2011-08-01T20:00:00Z,Buy,24.59,24.02,18,-10.26,2.1613927099246,-98.28,81.9,142.38,0,"	1362,1604" 
2010-05-03T20:00:00Z,"SXI",2011-08-01T20:00:00Z,Buy,25.94,32.27,16,101.28,1.1011116907975,-57.92,206.4,159.68,1,"	1377,1612" 
2010-05-03T20:00:00Z,"GIII",2011-10-03T20:00:00Z,Buy,30.75,21.83,15,-133.8,4.7375639680693,-147.9,215.7,363.6,0,"	1366,1639" 
2010-05-03T20:00:00Z,"KWR",2011-11-01T20:00:00Z,Buy,32.96,32.74,13,-2.86,8.6783676706737,-133.64,158.86,269.49,0,"	1367,1659" 
2010-05-03T20:00:00Z,"LHCG",2011-12-01T21:00:00Z,Buy,34.8,13.93,19,-396.53,2.9123212520556,-426.55,24.89,451.44,0,"	1368,1675" 
2010-05-03T20:00:00Z,"LULU",2012-03-01T21:00:00Z,Buy,20.775,70.86,3,150.26,0.62878820077004,-14.48,150.26,60.45,1,"	1369,1712" 
2010-05-03T20:00:00Z,"LULU",2012-06-01T20:00:00Z,Buy,20.775,69.3,9,436.72,2.1296887405513,-43.42,535.72,181.35,1,"	1369,1765" 
2010-05-03T20:00:00Z,"CRMT",2012-09-04T20:00:00Z,Buy,26.15,46.02,0.99998950000525,19.87,5.3478503928418,-18.85,22.45,10.19,1,"	1363,1815" 
2010-06-01T20:00:00Z,"BGFV",2010-09-01T20:00:00Z,Buy,14.19,12.53,21,-34.86,2.3778228820744,-56.28,84,63.42,0,"	1390,1412" 
2010-06-01T20:00:00Z,"UIS",2010-10-01T20:00:00Z,Buy,21.45,28.36,16,110.56,3.0689118261864,-69.6,110.56,91.2,1,"	1397,1436" 
2010-06-01T20:00:00Z,"JBSS",2010-11-01T20:00:00Z,Buy,14.72,12.96,16,-28.16,0.54032876712329,-39.52,43.52,62.88,0,"	1392,1447" 
2010-06-01T20:00:00Z,"LANC",2011-02-01T21:00:00Z,Buy,53.82,56.29,4,9.88,0.90266211417717,-33.4,29.4,39.8,1,"	1393,1490" 
2010-06-01T20:00:00Z,"AAWW",2011-03-01T21:00:00Z,Buy,49.94,67.43,9,157.41,2.2866194961708,-59.4,200.88,149.94,1,"	1388,1507" 
2010-06-01T20:00:00Z,"EBF",2011-05-02T20:00:00Z,Buy,16.13,18.5,28,66.36,2.7640964982851,-39.48,109.2,121.24,1,"	1391,1548" 
2010-06-01T20:00:00Z,"SSP",2011-09-01T20:00:00Z,Buy,8.12,8.09,24,-0.72,4.7303274485094,-31.92,55.92,80.64,0,"	1396,1627" 
2010-06-01T20:00:00Z,"POL",2011-11-01T20:00:00Z,Buy,9.44,10.93,43,64.07,4.0782646185475,-86,296.7,273.91,1,"	1395,1662" 
2010-06-01T20:00:00Z,"SSP",2011-12-01T21:00:00Z,Buy,8.12,8.35,17,3.91,3.1312110226849,-28.39,39.61,68,1,"	1396,1680" 
2010-06-01T20:00:00Z,"LINC",2012-04-02T20:00:00Z,Buy,22.79,7.91,11,-163.68,0.52629983214436,-174.9,58.41,179.3,0,"	1394,1725" 
2010-06-01T20:00:00Z,"ALK",2012-11-01T20:00:00Z,Buy,23.09,39,20,318.2,3.8148816240532,-29.4,321.9,184.5,1,"	1389,1853" 
2010-06-01T20:00:00Z,"WMK",2013-07-01T20:00:00Z,Buy,33.09,45.44,6,74.1,0.55902935856172,-58.8,82.98,47.04,1,"	1398,2049" 
2010-07-01T20:00:00Z,"GCO",2011-01-03T21:00:00Z,Buy,26.36,37.41,6,66.3,1.8897431073426,-9.12,85.44,26.94,1,"	1401,1474" 
2010-07-01T20:00:00Z,"WSM",2011-04-01T20:00:00Z,Buy,23.92,41.04,5,85.6,2.4375845358719,-0.9,85.6,20.55,1,"	1402,1535" 
2010-07-01T20:00:00Z,"GCO",2011-07-01T20:00:00Z,Buy,26.36,52.83,4,105.88,1.092770045587,-6.08,109.44,20.96,1,"	1401,1592" 
2010-07-01T20:00:00Z,"WSM",2012-05-01T20:00:00Z,Buy,23.92,38.85,15,223.95,0.55522744895322,-2.7,319.8,246.45,1,"	1402,1747" 
2010-07-01T20:00:00Z,"GCO",2013-04-01T20:00:00Z,Buy,26.36,58.07,11,348.81,1.7376360879026,-16.72,576.51,309.54,1,"	1401,1953" 
2010-08-02T20:00:00Z,"BWS",2011-02-01T21:00:00Z,Buy,14.65,13.29,30.749959518723,-41.82,2.3548888831273,-127.61,694.44,134.38,0,"	1409,1485" 
2010-08-02T20:00:00Z,"FLXS",2011-03-01T21:00:00Z,Buy,11.45,14.82,18,60.66,0.54596342551293,-22.14,130.32,72.72,1,"	1410,1511" 
2010-08-02T20:00:00Z,"SAFM",2011-03-01T21:00:00Z,Buy,45.82,41.36,17.000004499998,-75.82,0.54410481283422,-457.53,156.06,122.91,0,"	1411,1513" 
2010-08-02T20:00:00Z,"BWS",2013-06-03T20:00:00Z,Buy,14.65,21.48,1.2500404812767,8.54,0.59294230769231,-5.19,28.23,5.46,1,"	1409,2011" 
2010-08-02T20:00:00Z,"SAFM",2014-01-02T21:00:00Z,Buy,45.82,72,0.99999550000225,26.18,0.86406721849402,-26.91,26.62,7.38,1,"	1411,2192" 
2010-09-01T20:00:00Z,"GCI",2011-01-03T21:00:00Z,Buy,12.76,15.42,17,45.22,1.227962637956,-17,100.47,39.61,1,"	1423,1473" 
2010-09-01T20:00:00Z,"CASY",2011-05-02T20:00:00Z,Buy,38.65,38.45,6,-1.2,0.80479184908084,-121.56,33.54,50.46,0,"	1421,1544" 
2010-09-01T20:00:00Z,"DPZ",2011-05-02T20:00:00Z,Buy,13.18,18.56,41,220.58,1.6960707218998,-3.69,228.37,65.6,1,"	1422,1547" 
2010-09-01T20:00:00Z,"USMO",2011-05-02T20:00:00Z,Buy,14.95,15.02,41,2.87,4.7134528681759,-85.69,170.97,256.66,1,"	1426,1554" 
2010-09-01T20:00:00Z,"VECO",2011-05-02T20:00:00Z,Buy,34.37,51.57,9,154.8,2.399895535655,-9,164.97,89.1,1,"	1427,1555" 
2010-09-01T20:00:00Z,"NP",2011-06-01T20:00:00Z,Buy,15.49,22.03,29,189.66,4.9739928171391,-18.85,228.23,75.11,1,"	1425,1577" 
2010-09-01T20:00:00Z,"KLIC",2013-02-01T21:00:00Z,Buy,5.86,11.65,53,306.87,1.7840567869793,-22.26,391.14,296.8,1,"	1424,1920" 
2010-10-01T20:00:00Z,"SAM",2010-12-01T21:00:00Z,Buy,66.74,82.29,3,46.65,2.9378972466518,-1.53,49.65,8.7,1,"	1444,1465" 
2010-10-01T20:00:00Z,"ODC",2011-04-01T20:00:00Z,Buy,21.79,21.38,35,-14.35,2.0454949815496,-100.8,42.35,143.15,0,"	1443,1531" 
2010-10-01T20:00:00Z,"MGLN",2011-05-02T20:00:00Z,Buy,47.38,51.79,19,83.79,1.0949307551547,-34.58,91.39,102.03,1,"	1441,1551" 
2010-10-01T20:00:00Z,"OC",2011-05-02T20:00:00Z,Buy,25.92,37.65,21,246.33,1.1053580441824,-6.93,254.52,87.78,1,"	1442,1553" 
2010-10-01T20:00:00Z,"DLTR",2011-06-01T20:00:00Z,Buy,48.48,62.67,4,56.76,2.3484084733765,-1,61.04,35.12,1,"	1440,1574" 
2010-10-01T20:00:00Z,"SAM",2011-07-01T20:00:00Z,Buy,66.74,90.21,9,211.23,1.8043804904939,-4.59,295.11,175.68,1,"	1444,1593" 
2010-10-01T20:00:00Z,"DLTR",2011-10-03T20:00:00Z,Buy,48.48,73.68,3,75.6,0.50735720942617,-0.75,87,27.78,1,"	1440,1638" 
2010-10-01T20:00:00Z,"AIT",2011-12-01T21:00:00Z,Buy,30.99,34.3,4.2499653162267,14.07,0.94502879363833,-94.19,23.12,46.96,1,"	1439,1673" 
2010-10-01T20:00:00Z,"DLTR",2012-05-01T20:00:00Z,Buy,48.48,102.05,2,107.14,0.87172703076151,-0.5,107.14,18.52,1,"	1440,1734" 
2010-10-01T20:00:00Z,"USNA",2012-05-01T20:00:00Z,Buy,40.2,37.78,5,-12.1,1.5872108346773,-83,24.35,107.35,0,"	1445,1745" 
2010-10-01T20:00:00Z,"DLTR",2012-06-01T20:00:00Z,Buy,48.48,99.94,3,154.38,0.5072644892421,-0.75,166.2,27.78,1,"	1440,1760" 
2010-10-01T20:00:00Z,"AIT",2012-11-01T20:00:00Z,Buy,30.99,40.94,18.750034683773,186.56,0.5579958117763,-415.56,244.5,207.19,1,"	1439,1854" 
2010-10-01T20:00:00Z,"DLTR",2012-12-03T21:00:00Z,Buy,24.24,41.34,16,273.6,1.6969682396321,-2,520.08,304.72,1,"	1440,1874" 
2010-10-01T20:00:00Z,"USNA",2013-05-01T20:00:00Z,Buy,40.2,54.93,5,73.65,1.3079269685771,-83,82.65,107.35,1,"	1445,1990" 
2010-10-01T20:00:00Z,"USPH",2013-06-03T20:00:00Z,Buy,17.17,28.9,15,175.95,1.0126611252605,-148.8,175.95,139.65,1,"	1446,2022" 
2010-10-01T20:00:00Z,"USNA",2013-08-01T20:00:00Z,Buy,40.2,85.13,3,134.79,0.50772785039942,-49.8,135.42,64.41,1,"	1445,2071" 
2010-10-01T20:00:00Z,"USNA",2014-11-03T21:00:00Z,Buy,40.2,115.22,2,150.04,0.51516318652395,-33.2,150.04,67.58,1,"	1445,2470" 
2010-11-01T20:00:00Z,"LZB",2010-12-01T21:00:00Z,Buy,7.81,7.98,29,4.93,0.96513122489215,-38.57,213.44,37.41,1,"	1457,1462" 
2010-11-01T20:00:00Z,"IDT",2011-01-03T21:00:00Z,Buy,13.74,26.62,12,154.56,1.085013432391,0,180.72,38.4,1,"	1455,1475" 
2010-11-01T20:00:00Z,"CRUS",2011-02-01T21:00:00Z,Buy,12.51,21.33,10,88.2,2.156835158516,0,88.2,15.9,1,"	1453,1486" 
2010-11-01T20:00:00Z,"CRUS",2011-08-01T20:00:00Z,Buy,12.51,15.22,17,46.07,0.54261198945982,0,214.88,198.56,1,"	1453,1606" 
2010-11-01T20:00:00Z,"ALV",2011-10-03T20:00:00Z,Buy,70.96,46.14,9,-223.38,1.1935750094948,-223.38,113.13,336.51,0,"	1452,1637" 
2010-11-01T20:00:00Z,"IDT",2012-01-03T21:00:00Z,Buy,13.74,9.55,11,-46.09,0.62217484008529,-53.68,174.57,228.25,0,"	1455,1692" 
2010-11-01T20:00:00Z,"EAT",2012-06-01T20:00:00Z,Buy,18.55,30.86,7,86.17,2.1321891671954,-2.17,98.98,45.92,1,"	1454,1763" 
2010-11-01T20:00:00Z,"K",2012-10-01T20:00:00Z,Buy,50.75,51.93,4,4.72,0.51009749303621,-59.48,27.24,44.2,1,"	1456,1833" 
2010-11-01T20:00:00Z,"EAT",2013-01-02T21:00:00Z,Buy,18.55,31.97,24,322.08,0.57995079057761,-7.44,418.32,174.48,1,"	1454,1895" 
2010-12-01T21:00:00Z,"MKSI",2011-02-01T21:00:00Z,Buy,21.48,29.51,9,72.27,2.7945723272798,-4.86,72.27,12.87,1,"	1468,1491" 
2010-12-01T21:00:00Z,"SGU",2011-02-01T21:00:00Z,Buy,5.38,5.48,174,17.4,4.8806111614623,-29.58,17.4,31.32,1,"	1470,1493" 
2010-12-01T21:00:00Z,"OTL",2011-04-01T20:00:00Z,Buy,21.8,31.01,10,92.1,1.0928734712376,-26.4,101.4,32.4,1,"	1469,1532" 
2010-12-01T21:00:00Z,"CLW",2011-06-01T20:00:00Z,Buy,81.34,67.69,3,-40.95,0.88533385155961,-111.33,9.99,44.49,0,"	1466,1572" 
2010-12-01T21:00:00Z,"FIZ",2011-07-01T20:00:00Z,Buy,13.33,14.63,14.00012095994,18.2,0.71307230515896,-106.12,26.18,38.5,1,"	1467,1591" 
2010-12-01T21:00:00Z,"MKSI",2011-12-01T21:00:00Z,Buy,21.48,26.35,8,38.96,1.4798188888801,-10,97.68,107.68,1,"	1468,1676" 
2010-12-01T21:00:00Z,"VSH",2011-12-01T21:00:00Z,Buy,14.97,9.7,35,-184.45,1.2536867233113,-240.8,142.8,383.6,0,"	1471,1683" 
2010-12-01T21:00:00Z,"OTL",2012-05-01T20:00:00Z,Buy,21.8,29.94,17,138.38,0.55942441283493,-44.88,269.62,270.64,1,"	1469,1741" 
2010-12-01T21:00:00Z,"MKSI",2012-12-03T21:00:00Z,Buy,21.48,24.02,12,30.48,1.3732539565317,-15,146.52,161.52,1,"	1468,1878" 
2011-01-03T21:00:00Z,"RGR",2011-04-01T20:00:00Z,Buy,15.09,23.09,15,120,2.1144837494121,-3.6,120,13.35,1,"	1481,1533" 
2011-01-03T21:00:00Z,"SKX",2011-04-01T20:00:00Z,Buy,20.57,20.22,10,-3.5,0.52569965017491,-21.1,232.8,49.7,0,"	1482,1534" 
2011-01-03T21:00:00Z,"RGR",2011-08-01T20:00:00Z,Buy,15.09,27.75,12,151.92,1.3753710631085,-2.88,153.6,60.12,1,"	1481,1610" 
2011-01-03T21:00:00Z,"JAKK",2011-10-03T20:00:00Z,Buy,18.8,17.83,41,-39.77,1.2304317633497,-181.63,91.84,273.47,0,"	1479,1640" 
2011-01-03T21:00:00Z,"RGR",2012-03-01T21:00:00Z,Buy,15.09,41.93,6,161.04,1.3272342117381,-1.44,184.02,65.28,1,"	1481,1714" 
2011-01-03T21:00:00Z,"RGR",2012-05-01T20:00:00Z,Buy,15.09,55.14,4,160.2,0.50966181881899,-0.96,167.92,43.52,1,"	1481,1744" 
2011-01-03T21:00:00Z,"FL",2012-06-01T20:00:00Z,Buy,19.75,30.38,8,85.04,2.9841065062316,-23.84,104.16,66.72,1,"	1483,1774" 
2011-01-03T21:00:00Z,"K",2012-10-01T20:00:00Z,Buy,50.88,51.93,4,4.2,0.52898894958426,-60,26.72,44.2,1,"	1480,1833" 
2011-01-03T21:00:00Z,"RGR",2013-05-01T20:00:00Z,Buy,15.09,49.62,10,345.3,0.53392654815394,-2.4,447.1,226.1,1,"	1481,1986" 
2011-01-03T21:00:00Z,"FL",2014-04-01T20:00:00Z,Buy,19.75,47.3,9,247.95,0.52264843583741,-26.82,247.95,75.06,1,"	1483,2279" 
2011-01-03T21:00:00Z,"FL",2014-09-02T20:00:00Z,Buy,19.75,57.25,4,150,0.91084684101855,-11.92,150,33.36,1,"	1483,2423" 
2011-01-03T21:00:00Z,"FL",2014-12-01T21:00:00Z,Buy,19.75,56.35,5,183,1.4313563742999,-14.9,191.15,41.7,1,"	1483,2491" 
2011-01-03T21:00:00Z,"FL",2015-11-02T21:00:00Z,Buy,19.75,68.24,4,193.96,0.56837883989812,-11.92,224.08,48.6,1,"	1483,2751" 
2011-02-01T21:00:00Z,"MED",2011-04-01T20:00:00Z,Buy,24.44,17.98,22,-142.12,4.8863668324706,-171.82,65.12,236.94,0,"	1503,1530" 
2011-02-01T21:00:00Z,"ACTG",2011-05-02T20:00:00Z,Buy,25.62,39.99,7,100.59,1.0590232303576,-21.63,108.64,28.7,1,"	1497,1543" 
2011-02-01T21:00:00Z,"DISCA",2011-05-02T20:00:00Z,Buy,39,44.65,6,33.9,0.515,-80.76,35.82,33.42,1,"	1499,1546" 
2011-02-01T21:00:00Z,"IPAR",2011-05-02T20:00:00Z,Buy,17.86,18.94,13,14.04,1.1475307396944,-86.58,22.62,16.12,1,"	1501,1550" 
2011-02-01T21:00:00Z,"APU",2011-07-01T20:00:00Z,Buy,50.7,45.73,5,-24.85,0.56543755885288,-111.5,3.55,43.3,0,"	1498,1589" 
2011-02-01T21:00:00Z,"STMP",2011-08-01T20:00:00Z,Buy,13.03,17.41,19,83.22,2.5981734918926,-22.23,83.22,37.43,1,"	1505,1611" 
2011-02-01T21:00:00Z,"LRCX",2011-11-01T20:00:00Z,Buy,52.23,42.22,13,-130.13,2.0628721019212,-219.05,80.08,299.13,0,"	1502,1660" 
2011-02-01T21:00:00Z,"STMP",2011-11-01T20:00:00Z,Buy,13.03,29.48,14,230.3,0.53168918918919,-16.38,275.8,61.88,1,"	1505,1663" 
2011-02-01T21:00:00Z,"ACTG",2012-04-02T20:00:00Z,Buy,25.62,42.1,9,148.32,0.52269405845712,-27.81,187.65,159.39,1,"	1497,1722" 
2011-02-01T21:00:00Z,"PLPC",2012-06-01T20:00:00Z,Buy,64.38,53.05,8,-90.64,1.8219760228507,-179.12,102.16,281.28,0,"	1504,1770" 
2011-02-01T21:00:00Z,"HIBB",2012-08-01T20:00:00Z,Buy,33.29,59.7,3.9999781749792,105.64,2.1530475592315,-75.48,115.8,41.96,1,"	1500,1799" 
2011-02-01T21:00:00Z,"STMP",2012-10-01T20:00:00Z,Buy,13.03,23.26,13,132.99,1.2660110762562,-15.21,257.92,182.39,1,"	1505,1836" 
2011-02-01T21:00:00Z,"HIBB",2013-04-01T20:00:00Z,Buy,33.29,56,14.000021825021,317.94,0.5547360938333,-264.18,414.68,170.8,1,"	1500,1954" 
2011-02-01T21:00:00Z,"TER",2013-05-01T20:00:00Z,Buy,16.98,16.11,30,-26.1,4.3886071323824,-193.2,63.9,257.1,0,"	1506,1988" 
2011-03-01T21:00:00Z,"GME",2011-04-01T20:00:00Z,Buy,19.72,22.92,41,131.2,1.9432291754843,-5.74,131.2,22.55,1,"	1521,1529" 
2011-03-01T21:00:00Z,"CASY",2011-05-02T20:00:00Z,Buy,40.34,38.45,8,-15.12,0.74031072619924,-175.6,31.2,42.16,0,"	1515,1544" 
2011-03-01T21:00:00Z,"EBF",2011-05-02T20:00:00Z,Buy,15.54,18.5,13,38.48,0.78358085997691,-10.66,58.37,19.89,1,"	1518,1548" 
2011-03-01T21:00:00Z,"NEU",2011-05-02T20:00:00Z,Buy,124,186.58,2,125.16,0.80997862994931,-84.12,125.16,24.6,1,"	1520,1549" 
2011-03-01T21:00:00Z,"VLGEA",2011-07-01T20:00:00Z,Buy,30.29,27.7,26,-67.34,4.3667175313292,-147.16,1.3,148.46,0,"	1524,1594" 
2011-03-01T21:00:00Z,"CROX",2011-08-01T20:00:00Z,Buy,17.21,31.52,14,200.34,4.0407729074486,-14.98,200.34,44.52,1,"	1517,1605" 
2011-03-01T21:00:00Z,"MRCY",2011-11-01T20:00:00Z,Buy,19.42,13.94,29,-158.92,5.5429720833629,-234.03,67.86,301.89,0,"	1522,1661" 
2011-03-01T21:00:00Z,"SSP",2011-12-01T21:00:00Z,Buy,9.45,8.35,21,-23.1,0.77294627136856,-63,21,77.28,0,"	1523,1680" 
2011-03-01T21:00:00Z,"CGNX",2012-05-01T20:00:00Z,Buy,26.88,41.2,19,272.08,2.2727965434179,-40.28,339.53,217.17,1,"	1516,1732" 
2011-03-01T21:00:00Z,"CROX",2012-05-01T20:00:00Z,Buy,17.21,20.13,15,43.8,2.0561232657031,-42.3,214.65,256.95,1,"	1517,1733" 
2011-03-01T21:00:00Z,"ENTG",2013-04-01T20:00:00Z,Buy,8.51,9.65,47,53.58,2.064915152365,-112.8,90.71,203.51,1,"	1519,1952" 
2011-03-01T21:00:00Z,"CTR",2013-07-01T20:00:00Z,Buy,23.93,25.32,9,12.51,0.94570544515758,-106.2,70.38,83.88,1,"	1514,2040" 
2011-03-01T21:00:00Z,"WMK",2013-07-01T20:00:00Z,Buy,39.72,45.44,8,45.76,0.98180319902122,-131.44,57.6,62.72,1,"	1525,2049" 
2011-04-01T20:00:00Z,"NUS",2011-05-02T20:00:00Z,Buy,28.7,32.58,8,31.04,0.5199652173913,-35.44,31.04,9.68,1,"	1539,1552" 
2011-04-01T20:00:00Z,"TXN",2011-12-01T21:00:00Z,Buy,34.23,30.2,32,-128.96,5.4686298595974,-300.48,53.44,353.92,0,"	1541,1681" 
2011-04-01T20:00:00Z,"KAI",2012-01-03T21:00:00Z,Buy,26.72,22.55,18,-75.06,3.8597757928356,-183.78,146.16,329.94,0,"	1540,1695" 
2011-04-01T20:00:00Z,"DXPE",2012-03-01T21:00:00Z,Buy,24,39.3,6,91.8,2.8834235808874,-36.9,91.8,58.26,1,"	1537,1709" 
2011-04-01T20:00:00Z,"DXPE",2012-05-01T20:00:00Z,Buy,24,44.76,18,373.68,0.54644224118054,-110.7,384.12,174.78,1,"	1537,1736" 
2011-04-01T20:00:00Z,"LSCC",2012-06-01T20:00:00Z,Buy,5.94,4.29,85,-140.25,2.4213686556712,-140.25,93.5,233.75,0,"	1538,1764" 
2011-04-01T20:00:00Z,"BRKS",2012-10-01T20:00:00Z,Buy,14.31,7.81,34,-221,1.8619919467376,-230.86,0,230.86,0,"	1536,1830" 
2011-04-01T20:00:00Z,"USNA",2014-11-03T21:00:00Z,Buy,34.72,115.22,4,322,1.011947151311,-44.48,322,135.16,1,"	1542,2470" 
2011-04-01T20:00:00Z,"USNA",2015-06-01T20:00:00Z,Buy,34.72,129.52,3,284.4,4.1894036807229,-33.36,317.37,101.37,1,"	1542,2643" 
2011-05-02T20:00:00Z,"CLW",2011-06-01T20:00:00Z,Buy,78.25,67.69,3,-31.68,0.72555590933743,-102.06,19.26,31.68,0,"	1558,1572" 
2011-05-02T20:00:00Z,"CORE",2011-06-01T20:00:00Z,Buy,33.84,34.83,6,5.94,0.51514771709937,-49.74,18.84,14.76,1,"	1559,1573" 
2011-05-02T20:00:00Z,"EBS",2011-06-01T20:00:00Z,Buy,23.7,23.98,10,2.8,2.1684990214088,-30.4,12.8,30.4,1,"	1561,1575" 
2011-05-02T20:00:00Z,"VLGEA",2011-07-01T20:00:00Z,Buy,27.15,27.7,8,4.4,0.52008136094675,-20.16,25.52,20.16,1,"	1571,1594" 
2011-05-02T20:00:00Z,"EBS",2011-08-01T20:00:00Z,Buy,23.7,20.52,24,-76.32,1.7128768760924,-76.32,30.72,107.04,0,"	1561,1607" 
2011-05-02T20:00:00Z,"CCF",2011-09-01T20:00:00Z,Buy,16.84,12.59,36,-153,8.7225695645062,-192.24,18.36,210.6,0,"	1557,1624" 
2011-05-02T20:00:00Z,"SGU",2011-10-03T20:00:00Z,Buy,5.95,4.77,183,-215.94,5.3394060383029,-236.07,0,236.07,0,"	1568,1644" 
2011-05-02T20:00:00Z,"RAVN",2011-12-01T21:00:00Z,Buy,52.89,58.53,4,22.56,3.3373665160997,-33.32,41.08,59.72,1,"	1566,1678" 
2011-05-02T20:00:00Z,"MERC",2012-01-03T21:00:00Z,Buy,12.1,6.49,37,-207.57,1.6351367664111,-250.12,60.31,310.43,0,"	1563,1693" 
2011-05-02T20:00:00Z,"SATS",2012-01-03T21:00:00Z,Buy,34.99,21.81,21,-276.78,4.9990921621448,-307.44,70.77,378.21,0,"	1567,1694" 
2011-05-02T20:00:00Z,"TMI",2012-01-03T21:00:00Z,Buy,23.63,29.9,7,43.89,2.8770324906605,-21.84,43.89,45.29,1,"	1569,1696" 
2011-05-02T20:00:00Z,"CUB",2012-03-01T21:00:00Z,Buy,53.55,47.5,17,-102.85,2.9362406988495,-276.59,18.87,295.46,0,"	1560,1706" 
2011-05-02T20:00:00Z,"ARLP",2012-05-01T20:00:00Z,Buy,80.58,63.75,10,-168.3,1.921070753618,-285.8,16.2,302,0,"	1556,1731" 
2011-05-02T20:00:00Z,"MXIM",2012-05-01T20:00:00Z,Buy,27.18,29,7,12.74,1.2690760264323,-42.7,18.76,50.82,1,"	1564,1740" 
2011-05-02T20:00:00Z,"RAVN",2012-06-01T20:00:00Z,Buy,52.89,65.27,9,111.42,1.6601512582224,-74.97,151.47,134.37,1,"	1566,1771" 
2011-05-02T20:00:00Z,"OXM",2012-09-04T20:00:00Z,Buy,33.38,54.63,4,85,1.0343160463326,-12.8,85,49.32,1,"	1565,1821" 
2011-05-02T20:00:00Z,"K",2012-10-01T20:00:00Z,Buy,57.27,51.93,4,-21.36,0.51,-85.56,1.16,44.2,0,"	1562,1833" 
2011-05-02T20:00:00Z,"OXM",2013-02-01T21:00:00Z,Buy,33.38,49.61,6,97.38,2.1675827832726,-19.2,152.7,90.18,1,"	1565,1923" 
2011-05-02T20:00:00Z,"TMI",2013-04-01T20:00:00Z,Buy,23.63,39.86,5,81.15,1.2431624957497,-15.6,114.25,45.15,1,"	1569,1958" 
2011-05-02T20:00:00Z,"UNH",2013-04-01T20:00:00Z,Buy,49.88,58.97,19,172.71,3.9019125834593,-152.57,197.22,214.32,1,"	1570,1959" 
2011-05-02T20:00:00Z,"TMI",2013-07-01T20:00:00Z,Buy,23.63,38.42,14,207.06,0.53552708058124,-43.68,319.9,160.72,1,"	1569,2048" 
2011-05-02T20:00:00Z,"MXIM",2013-12-02T21:00:00Z,Buy,27.18,28.22,25,26,2.6013884451828,-152.5,153.25,181.5,1,"	1564,2159" 
2011-06-01T20:00:00Z,"APU",2011-07-01T20:00:00Z,Buy,44.76,45.73,5,4.85,0.51232378854626,-81.8,33.25,10.05,1,"	1580,1589" 
2011-06-01T20:00:00Z,"ALG",2011-08-01T20:00:00Z,Buy,25.09,24.02,8,-8.56,0.97165987374215,-47.68,32.4,30.88,0,"	1579,1604" 
2011-06-01T20:00:00Z,"LHCG",2011-12-01T21:00:00Z,Buy,26.46,13.93,9,-112.77,0.66717548761571,-126.99,86.85,126.99,0,"	1583,1675" 
2011-06-01T20:00:00Z,"SMP",2011-12-01T21:00:00Z,Buy,14.36,19.02,12,55.92,3.8393045391257,-48.84,62.04,71.64,1,"	1586,1679" 
2011-06-01T20:00:00Z,"SSP",2011-12-01T21:00:00Z,Buy,8.15,8.35,27,5.4,0.7715263565748,-45.9,62.1,89.64,1,"	1587,1680" 
2011-06-01T20:00:00Z,"WLK",2012-05-01T20:00:00Z,Buy,54.71,61.93,10,72.2,2.0669969602219,-223.7,114.6,231.1,1,"	1588,1746" 
2011-06-01T20:00:00Z,"MRO",2012-06-01T20:00:00Z,Buy,52.65,23.89,15,-431.4,2.53012057419,-485.55,2.1,487.65,0,"	1584,1768" 
2011-06-01T20:00:00Z,"SMP",2012-09-04T20:00:00Z,Buy,14.36,17.63,13,42.51,0.53248157596372,-52.91,144.69,173.55,1,"	1586,1822" 
2011-06-01T20:00:00Z,"GWW",2013-01-02T21:00:00Z,Buy,144.8,207.73,2,125.86,0.82147000376132,-133.54,150.2,85.6,1,"	1581,1896" 
2011-06-01T20:00:00Z,"LFUS",2013-05-01T20:00:00Z,Buy,59.02,68.3,15,139.2,7.7050369905381,-306.9,162,348,1,"	1582,1981" 
2011-06-01T20:00:00Z,"SCVL",2013-06-03T20:00:00Z,Buy,17.64000882,24.64,11.999994000003,84,0.51944158706833,-161.04,84,104.56,1,"	1585,2021" 
2011-06-01T20:00:00Z,"SMP",2014-03-03T21:00:00Z,Buy,14.36,34.64,7,141.96,0.51724608819346,-28.49,162.96,93.45,1,"	1586,2252" 
2011-06-01T20:00:00Z,"SMP",2015-03-02T21:00:00Z,Buy,14.36,42.33,4,111.88,0.52019561068702,-16.28,124.36,53.4,1,"	1586,2552" 
2011-07-01T20:00:00Z,"SXI",2011-08-01T20:00:00Z,Buy,30.63,32.27,7,11.48,0.61240479699633,-58.17,57.47,16.38,1,"	1602,1612" 
2011-07-01T20:00:00Z,"MSB",2011-10-03T20:00:00Z,Buy,33.62,19.66,15,-209.4,1.0730165222661,-209.4,19.05,228.45,0,"	1600,1642" 
2011-07-01T20:00:00Z,"SGU",2011-10-03T20:00:00Z,Buy,5.41,4.77,48,-30.72,0.81206190356635,-36,25.92,36,0,"	1601,1644" 
2011-07-01T20:00:00Z,"DPZ",2011-11-01T20:00:00Z,Buy,25.78,31.56,7,40.46,3.6272221040475,-18.27,47.32,28.21,1,"	1596,1657" 
2011-07-01T20:00:00Z,"LRCX",2011-11-01T20:00:00Z,Buy,45.3,42.22,5,-15.4,0.92903564636658,-49.6,65.45,49.6,0,"	1598,1660" 
2011-07-01T20:00:00Z,"VECO",2011-12-01T21:00:00Z,Buy,48.58,25.14,11,-257.84,1.0806238911653,-291.83,0,291.83,0,"	1603,1682" 
2011-07-01T20:00:00Z,"DPZ",2012-03-01T21:00:00Z,Buy,25.78,38.4,8,100.96,0.51996879875195,-20.88,104.32,32.24,1,"	1596,1708" 
2011-07-01T20:00:00Z,"DPZ",2012-05-01T20:00:00Z,Buy,25.78,34.3,19,161.88,2.1589726860621,-49.59,294.88,133,1,"	1596,1735" 
2011-07-01T20:00:00Z,"MGLN",2012-08-01T20:00:00Z,Buy,54.63,47.51,7,-49.84,4.6969161925026,-96.74,10.5,107.24,0,"	1599,1800" 
2011-07-01T20:00:00Z,"GME",2012-09-04T20:00:00Z,Buy,26.94,20.41,12,-78.36,1.7049405085718,-134.52,5.52,140.04,0,"	1597,1816" 
2011-07-01T20:00:00Z,"AIT",2012-11-01T20:00:00Z,Buy,36.29,40.94,4.2499653162267,19.76,0.87195662811545,-116.72,32.89,46.96,1,"	1595,1854" 
2011-07-01T20:00:00Z,"GME",2012-12-03T21:00:00Z,Buy,26.94,25.83,11,-12.21,0.52706,-123.31,5.06,128.37,0,"	1597,1875" 
2011-07-01T20:00:00Z,"GME",2013-03-01T21:00:00Z,Buy,26.94,24.05,12,-34.68,2.4781141110123,-134.52,10.68,140.04,0,"	1597,1937" 
2011-07-01T20:00:00Z,"MGLN",2013-05-01T20:00:00Z,Buy,54.63,50.09,14,-63.56,0.54650654808444,-193.48,21,214.48,0,"	1599,1982" 
2011-08-01T20:00:00Z,"JAKK",2011-10-03T20:00:00Z,Buy,17.36,17.83,12,5.64,0.96333278609832,-35.88,44.16,35.88,1,"	1617,1640" 
2011-08-01T20:00:00Z,"MRCY",2011-11-01T20:00:00Z,Buy,16.55,13.94,16,-41.76,0.7382723279672,-83.2,83.36,91.36,0,"	1619,1661" 
2011-08-01T20:00:00Z,"IDT",2012-01-03T21:00:00Z,Buy,24.21,9.55,9,-131.94,1.2068404876646,-138.15,48.6,138.15,0,"	1616,1692" 
2011-08-01T20:00:00Z,"CHS",2012-03-01T21:00:00Z,Buy,15.23,15.29,47,2.82,4.3379396370946,-248.63,2.82,248.63,1,"	1614,1705" 
2011-08-01T20:00:00Z,"CNC",2012-04-02T20:00:00Z,Buy,31.58,49.44,5,89.3,3.9138827552429,-26.3,90.95,27.15,1,"	1615,1724" 
2011-08-01T20:00:00Z,"MRO",2012-06-01T20:00:00Z,Buy,30.65,23.89,10,-67.6,2.7901619483159,-103.7,221.4,111.8,0,"	1620,1768" 
2011-08-01T20:00:00Z,"CNC",2012-08-01T20:00:00Z,Buy,31.58,37.48,15,88.5,2.9596071977229,-78.9,288.3,359.4,1,"	1615,1795" 
2011-08-01T20:00:00Z,"K",2012-10-01T20:00:00Z,Buy,55.31,51.93,5,-16.9,0.69068979917419,-97.15,11.25,44,0,"	1618,1833" 
2011-08-01T20:00:00Z,"UFS",2012-10-01T20:00:00Z,Buy,78.49,77.25,3,-3.72,0.50736303939962,-94.62,79.53,92.58,0,"	1623,1837" 
2011-08-01T20:00:00Z,"MYGN",2012-11-01T20:00:00Z,Buy,20.86,26.86,37,222,1.185655833553,-111,276.02,157.25,1,"	1621,1856" 
2011-08-01T20:00:00Z,"TER",2013-05-01T20:00:00Z,Buy,13.49,16.11,16,41.92,0.73256047568957,-47.2,89.92,69.28,1,"	1622,1988" 
2011-08-01T20:00:00Z,"BKE",2013-12-02T21:00:00Z,Buy,44.21,52.07,14,110.04,2.1528873362006,-461.95,181.02,179.06,1,"	1613,2149" 
2011-09-01T20:00:00Z,"DEPO",2011-11-01T20:00:00Z,Buy,6.08,4.38,75,-127.5,4.548762954236,-132,25.5,157.5,0,"	1630,1656" 
2011-09-01T20:00:00Z,"TXN",2011-12-01T21:00:00Z,Buy,25.57,30.2,8,37.04,1.0613454375422,-5.84,82.64,32.24,1,"	1636,1681" 
2011-09-01T20:00:00Z,"SATS",2012-01-03T21:00:00Z,Buy,23.94,21.81,10,-21.3,0.52457905544148,-35.9,144.2,64.5,0,"	1635,1694" 
2011-09-01T20:00:00Z,"B",2012-04-02T20:00:00Z,Buy,21.89,26.96,29,147.03,5.4718285846424,-110.2,176.32,132.82,1,"	1628,1723" 
2011-09-01T20:00:00Z,"LINC",2012-04-02T20:00:00Z,Buy,9.29,7.91,22,-30.36,0.55197863682604,-52.8,413.82,60.5,0,"	1632,1725" 
2011-09-01T20:00:00Z,"DV",2012-06-01T20:00:00Z,Buy,42.52,27.01,13,-201.63,2.352900441059,-201.63,51.22,252.85,0,"	1631,1762" 
2011-09-01T20:00:00Z,"BRKS",2012-10-01T20:00:00Z,Buy,8.93,7.81,26,-29.12,1.2153026505032,-36.66,139.88,118.82,0,"	1629,1830" 
2011-09-01T20:00:00Z,"MKSI",2012-12-03T21:00:00Z,Buy,22.57,24.02,13,18.85,1.590834519179,-30.42,144.56,123.24,1,"	1633,1878" 
2011-09-01T20:00:00Z,"MXIM",2013-12-02T21:00:00Z,Buy,22.79,28.22,10,54.3,0.99124556419758,-17.1,105.2,64,1,"	1634,2159" 
2011-10-03T20:00:00Z,"KELYA",2011-11-01T20:00:00Z,Buy,10.9,15.32,44,194.48,5.280652460904,0,260.48,66,1,"	1648,1658" 
2011-10-03T20:00:00Z,"KWR",2011-11-01T20:00:00Z,Buy,24.45,32.74,8,66.32,0.51886574074074,-14.16,165.84,42,1,"	1649,1659" 
2011-10-03T20:00:00Z,"VECO",2011-12-01T21:00:00Z,Buy,24.01,25.14,10,11.3,0.52460040983607,-19.6,245.7,71.5,1,"	1653,1682" 
2011-10-03T20:00:00Z,"VSH",2011-12-01T21:00:00Z,Buy,8.09,9.7,31,49.91,0.57499700956938,0,339.76,89.9,1,"	1654,1683" 
2011-10-03T20:00:00Z,"MERC",2012-01-03T21:00:00Z,Buy,6.73,6.49,34,-8.16,0.584125,-47.26,238,72.08,0,"	1651,1693" 
2011-10-03T20:00:00Z,"WSM",2012-05-01T20:00:00Z,Buy,29.22,38.85,7,67.41,0.51660766482624,-38.36,112.14,44.17,1,"	1655,1747" 
2011-10-03T20:00:00Z,"LXU",2012-06-01T20:00:00Z,Buy,26.1,27.03,15,13.95,2.7982345743995,-5.4,227.25,221.4,1,"	1650,1766" 
2011-10-03T20:00:00Z,"CF",2012-09-04T20:00:00Z,Buy,120.78,204.75,1,83.97,1.3811425173739,0,95.85,46.55,1,"	1645,1814" 
2011-10-03T20:00:00Z,"MLR",2012-09-04T20:00:00Z,Buy,16.57,15.51,43,-45.58,1.2113584768306,-94.17,187.48,281.65,0,"	1652,1819" 
2011-10-03T20:00:00Z,"CVI",2012-12-03T21:00:00Z,Buy,19.69,45.83,5,130.7,1.0637521262874,-13.45,130.7,52.2,1,"	1646,1873" 
2011-10-03T20:00:00Z,"CVI",2013-02-01T21:00:00Z,Buy,19.69,53.58,4,135.56,0.50912,-10.76,156.24,41.76,1,"	1646,1918" 
2011-10-03T20:00:00Z,"DAR",2013-04-01T20:00:00Z,Buy,11.7,17.65,41,243.95,2.0063384749235,0,288.23,162.36,1,"	1647,1949" 
2011-10-03T20:00:00Z,"CF",2013-08-01T20:00:00Z,Buy,120.78,195.98,3,225.6,4.8734374627712,0,328.98,180.48,1,"	1645,2065" 
2011-10-03T20:00:00Z,"CVI",2013-12-02T21:00:00Z,Buy,19.69,40.03,13,264.42,0.55321790326665,-34.97,658.97,477.88,1,"	1646,2151" 
2011-11-01T20:00:00Z,"PZZA",2011-12-01T21:00:00Z,Buy,33.02,37.92,7,34.3,4.456583023007,0,34.3,7.56,1,"	1672,1677" 
2011-11-01T20:00:00Z,"IDT",2012-01-03T21:00:00Z,Buy,12,9.55,28,-68.6,5.1669587497593,-87.92,493.08,148.12,0,"	1668,1692" 
2011-11-01T20:00:00Z,"CRUS",2012-02-01T21:00:00Z,Buy,16.23,20.68,30,133.5,1.1490698112575,-57,175.2,97.5,1,"	1665,1701" 
2011-11-01T20:00:00Z,"ENSG",2012-03-01T21:00:00Z,Buy,21.77,27.44,28,158.76,3.4248652860148,0,210.28,67.76,1,"	1667,1710" 
2011-11-01T20:00:00Z,"PZZA",2012-05-01T20:00:00Z,Buy,33.02,39.49,26,168.22,0.93652309249348,0,192.66,100.36,1,"	1672,1742" 
2011-11-01T20:00:00Z,"SPPI",2012-07-02T20:00:00Z,Buy,10.91,16,16,81.44,1.1616428276708,-22.4,81.44,101.76,1,"	1671,1787" 
2011-11-01T20:00:00Z,"K",2012-10-01T20:00:00Z,Buy,53.56,51.93,7,-11.41,0.51729016786571,-123.76,28,52.71,0,"	1669,1833" 
2011-11-01T20:00:00Z,"DLTR",2012-12-03T21:00:00Z,Buy,39.62,41.34,6,10.32,0.72634485588611,-93.03,102.75,114.27,1,"	1666,1874" 
2011-11-01T20:00:00Z,"LANC",2012-12-03T21:00:00Z,Buy,64.6,76.87,16,196.32,6.2496934023249,-28.8,196.32,136.96,1,"	1670,1877" 
2011-11-01T20:00:00Z,"SPPI",2012-12-03T21:00:00Z,Buy,10.91,11.74,33,27.39,0.58180320945946,-46.2,202.62,211.53,1,"	1671,1879" 
2011-11-01T20:00:00Z,"CVX",2013-08-01T20:00:00Z,Buy,102.08,126.39,10,243.1,3.239146333225,-97.9,256.8,165.7,1,"	1664,2066" 
2011-12-01T21:00:00Z,"CHS",2012-03-01T21:00:00Z,Buy,10.33,15.29,21,104.16,1.9139674169065,-8.19,104.16,14.07,1,"	1685,1705" 
2011-12-01T21:00:00Z,"NSIT",2012-03-01T21:00:00Z,Buy,15.03,20.97,11,65.34,4.1851011512566,-9.68,77.88,20.35,1,"	1689,1713" 
2011-12-01T21:00:00Z,"ARLP",2012-05-01T20:00:00Z,Buy,72.69,63.75,3,-26.82,1.0220785152475,-62.07,28.53,90.6,0,"	1684,1731" 
2011-12-01T21:00:00Z,"HOC",2012-07-02T20:00:00Z,Buy,23.43,35.69,7,85.82,1.0755636380181,-11.41,87.92,54.53,1,"	1686,1786" 
2011-12-01T21:00:00Z,"NSIT",2012-07-02T20:00:00Z,Buy,15.03,17.23,26,57.2,0.56654486036839,-22.88,199.68,216.32,1,"	1689,1788" 
2011-12-01T21:00:00Z,"KLAC",2013-01-02T21:00:00Z,Buy,47.23,49.57,18,42.12,4.7578743120094,-58.68,141.84,200.52,1,"	1687,1899" 
2011-12-01T21:00:00Z,"TDY",2013-01-02T21:00:00Z,Buy,54.88,66.66,13,153.14,4.2045343973713,-29.77,153.14,111.54,1,"	1691,1900" 
2011-12-01T21:00:00Z,"OXM",2013-02-01T21:00:00Z,Buy,36.73,49.61,6,77.28,0.51452544160295,-39.3,132.6,90.18,1,"	1690,1923" 
2011-12-01T21:00:00Z,"LZB",2013-03-01T21:00:00Z,Buy,11.59,18.34,15,101.25,3.6544200798594,-8.4,101.25,75.9,1,"	1688,1939" 
2011-12-01T21:00:00Z,"LZB",2013-12-02T21:00:00Z,Buy,11.59,28.99,13,226.2,0.53220010252905,-7.28,233.61,65.78,1,"	1688,2158" 
2011-12-01T21:00:00Z,"HOC",2014-03-03T21:00:00Z,Buy,23.43,44.88,16,343.2,0.55662936142199,-26.08,560,299.2,1,"	1686,2246" 
2011-12-01T21:00:00Z,"LZB",2014-10-01T20:00:00Z,Buy,11.59,19.45,23,180.78,1.4473324479719,-12.88,447.12,266.34,1,"	1688,2440" 
2012-01-03T21:00:00Z,"NEU",2012-05-01T20:00:00Z,Buy,201.06,219.91,1,18.85,3.4197211035447,-27.6,27.52,46.83,1,"	1698,1738" 
2012-01-03T21:00:00Z,"NUS",2012-06-01T20:00:00Z,Buy,48.52,41.44,5,-35.4,5.3861905774148,-41.55,64.9,106.45,0,"	1700,1769" 
2012-01-03T21:00:00Z,"CRMT",2012-09-04T20:00:00Z,Buy,38.79,46.02,17.000010499995,122.91,1.1863716467661,-535.33,166.77,173.23,1,"	1697,1815" 
2012-01-03T21:00:00Z,"NEU",2012-11-01T20:00:00Z,Buy,201.06,277.43,1,76.37,1.3223242946995,-27.6,76.37,46.83,1,"	1698,1855" 
2012-01-03T21:00:00Z,"NUS",2012-11-01T20:00:00Z,Buy,48.52,48.94,12,5.04,0.53102049440101,-141.72,155.76,297.48,1,"	1700,1857" 
2012-01-03T21:00:00Z,"CRMT",2013-01-02T21:00:00Z,Buy,38.79,40.98,0.99998950000525,2.19,0.54803923988154,-31.49,9.81,12.68,1,"	1697,1893" 
2012-01-03T21:00:00Z,"INTC",2013-01-02T21:00:00Z,Buy,24.54,21.38,43,-135.88,6.3781861772169,-222.74,199.52,422.26,0,"	1699,1897" 
2012-01-03T21:00:00Z,"NEU",2013-09-03T20:00:00Z,Buy,201.06,273.45,1,72.39,2.0493147765232,-27.6,87.1,46.83,1,"	1698,2089" 
2012-02-01T21:00:00Z,"UACL",2013-01-02T21:00:00Z,Buy,17.85,18.43,29,16.82,5.9471240541205,-153.7,26.68,180.38,1,"	1704,1901" 
2012-03-01T21:00:00Z,"DV",2012-06-01T20:00:00Z,Buy,35.59,27.01,7,-60.06,0.81717482022659,-60.06,76.09,64.75,0,"	1718,1762" 
2012-03-01T21:00:00Z,"BBSI",2012-08-01T20:00:00Z,Buy,17.19,25.71,12,102.24,4.7285200288939,-3.48,107.16,21.96,1,"	1715,1794" 
2012-03-01T21:00:00Z,"CALM",2012-09-04T20:00:00Z,Buy,39.48,40.36,5,4.4,2.5341591271203,-24.55,13.05,37.6,1,"	1717,1813" 
2012-03-01T21:00:00Z,"CALM",2012-10-01T20:00:00Z,Buy,39.48,45.74,28,175.28,2.4145644697957,-137.48,175.28,210.56,1,"	1717,1831" 
2012-03-01T21:00:00Z,"SPTN",2012-10-01T20:00:00Z,Buy,17.95,15.51,46,-112.24,3.2919571828803,-140.76,29.9,170.66,0,"	1721,1835" 
2012-03-01T21:00:00Z,"ICFI",2012-12-03T21:00:00Z,Buy,24.88,21.62,27,-88.02,2.3965087277471,-179.01,33.48,212.49,0,"	1720,1876" 
2012-03-01T21:00:00Z,"BBSI",2013-04-01T20:00:00Z,Buy,17.19,51.53,7,240.38,0.517124477782,-2.03,248.29,14.91,1,"	1715,1948" 
2012-03-01T21:00:00Z,"ENTG",2013-04-01T20:00:00Z,Buy,9.17,9.65,27,12.96,0.88675103469428,-82.62,34.29,57.78,1,"	1719,1952" 
2012-03-01T21:00:00Z,"BBSI",2013-08-01T20:00:00Z,Buy,17.19,72.22,7,385.21,0.51798818673498,-2.03,385.21,83.23,1,"	1715,2064" 
2012-03-01T21:00:00Z,"BBSI",2013-11-01T20:00:00Z,Buy,17.19,89.19,4,288,3.89729321927,-1.16,288,47.56,1,"	1715,2123" 
2012-03-01T21:00:00Z,"BKE",2013-12-02T21:00:00Z,Buy,48.01,52.07,5,20.3,0.72705437654044,-183.98,45.65,63.95,1,"	1716,2149" 
2012-03-01T21:00:00Z,"BBSI",2014-05-01T20:00:00Z,Buy,17.19,50.67,7,234.36,0.53015473120413,-2.03,585.97,353.43,1,"	1715,2293" 
2012-04-02T20:00:00Z,"EXPE",2012-05-01T20:00:00Z,Buy,33.33,41.64,13,108.03,2.5199761621847,-27.95,120.9,27.95,1,"	1728,1737" 
2012-04-02T20:00:00Z,"OTL",2012-05-01T20:00:00Z,Buy,31.8,29.94,7,-13.02,0.51831797235023,-88.48,41.02,18.69,0,"	1730,1741" 
2012-04-02T20:00:00Z,"MOV",2012-06-01T20:00:00Z,Buy,25.84,26.18,23,7.82,2.5289981397525,-37.72,88.78,126.5,1,"	1729,1767" 
2012-04-02T20:00:00Z,"EXPE",2012-08-01T20:00:00Z,Buy,33.33,56.4,5,115.35,0.51237059133181,-10.75,118.3,29.95,1,"	1728,1797" 
2012-04-02T20:00:00Z,"CMTL",2012-10-01T20:00:00Z,Buy,33.85,27.74,35,-213.85,2.9560007949168,-255.5,2.1,257.6,0,"	1727,1832" 
2012-04-02T20:00:00Z,"EXPE",2013-06-03T20:00:00Z,Buy,33.33,57.51,8,193.44,0.5300261051166,-17.2,273.36,99.2,1,"	1728,2016" 
2012-05-01T20:00:00Z,"RSC",2012-06-01T20:00:00Z,Buy,27.16,17.76,29,-272.6,2.8959208317437,-272.6,0,272.6,0,"	1756,1772" 
2012-05-01T20:00:00Z,"CRUS",2012-08-01T20:00:00Z,Buy,26.86,35.91,7,63.35,1.0587835404295,-13.37,69.37,35.42,1,"	1750,1796" 
2012-05-01T20:00:00Z,"MVO",2012-08-01T20:00:00Z,Buy,41,34.09,5,-34.55,0.7814579867914,-111.45,24.95,47.8,0,"	1754,1801" 
2012-05-01T20:00:00Z,"SCHL",2012-10-01T20:00:00Z,Buy,29.47,32.07,24,62.4,2.0760017467515,-75.84,109.68,88.8,1,"	1757,1834" 
2012-05-01T20:00:00Z,"ALK",2012-11-01T20:00:00Z,Buy,33.6,39,7,37.8,0.65488294439852,-83.86,39.1,31.29,1,"	1749,1853" 
2012-05-01T20:00:00Z,"SYNA",2012-11-01T20:00:00Z,Buy,30.99,23.65,26,-190.84,6.9336647676307,-215.02,6.76,221.78,0,"	1758,1858" 
2012-05-01T20:00:00Z,"DISH",2013-01-02T21:00:00Z,Buy,31.98,37.01,26,130.78,5.4473990633416,-147.42,147.42,163.8,1,"	1751,1894" 
2012-05-01T20:00:00Z,"MSFT",2013-02-01T21:00:00Z,Buy,32.01,27.93,41,-167.28,4.5046135825962,-232.47,0,232.47,0,"	1753,1922" 
2012-05-01T20:00:00Z,"AAPL",2013-03-01T21:00:00Z,Buy,582.13,430.51,1,-151.62,1.6397639267347,-151.62,119.97,271.59,0,"	1748,1935" 
2012-05-01T20:00:00Z,"EGY",2013-04-01T20:00:00Z,Buy,9.38,7.38,50,-100,3.2716698279537,-115,2,115,0,"	1752,1951" 
2012-05-01T20:00:00Z,"CRUS",2013-05-01T20:00:00Z,Buy,26.86,18.89,10,-79.7,2.3995166486211,-91.8,180.1,271.9,0,"	1750,1975" 
2012-05-01T20:00:00Z,"RCII",2013-08-01T20:00:00Z,Buy,34.51,40.5,25,149.75,6.1568856191913,-47.5,149.75,107.75,1,"	1755,2069" 
2012-05-01T20:00:00Z,"VLGEA",2013-12-02T21:00:00Z,Buy,27.14,38,26,282.36,2.8487871760793,-74.1,314.34,204.36,1,"	1759,2162" 
2012-06-01T20:00:00Z,"ATRO",2012-08-01T20:00:00Z,Buy,24.65,29.8,25,128.75,2.3013656939132,0,152.25,46,1,"	1778,1793" 
2012-06-01T20:00:00Z,"PETS",2012-08-01T20:00:00Z,Buy,11.17,9.6,50,-78.5,4.4545106875423,-90.5,59,149.5,0,"	1783,1802" 
2012-06-01T20:00:00Z,"GPS",2012-09-04T20:00:00Z,Buy,25.26,35.81,10,105.5,2.9463407690559,0,108.5,12.4,1,"	1781,1817" 
2012-06-01T20:00:00Z,"AAP",2012-11-01T20:00:00Z,Buy,71.14,81,9,88.74,2.1904135793369,-49.95,88.74,78.66,1,"	1775,1852" 
2012-06-01T20:00:00Z,"KIRK",2013-01-02T21:00:00Z,Buy,10.55,10.96,47,19.27,4.3194602981304,-91.65,72.85,164.5,1,"	1782,1898" 
2012-06-01T20:00:00Z,"DISCA",2013-04-01T20:00:00Z,Buy,48.64,77.98,3,88.02,2.2615259178057,-0.42,92.67,20.16,1,"	1779,1950" 
2012-06-01T20:00:00Z,"DPZ",2013-05-01T20:00:00Z,Buy,28.91,54.64,22,566.06,2.6213143268322,-3.52,577.5,69.3,1,"	1780,1977" 
2012-06-01T20:00:00Z,"RBIN",2013-06-03T20:00:00Z,Buy,22.575,45.39,5,114.08,1.0432228186774,-2.35,115.72,24.15,1,"	1784,2020" 
2012-06-01T20:00:00Z,"ALG",2013-09-03T20:00:00Z,Buy,29.65,45.72,8,128.56,2.1642995095551,-18.16,139.28,44.32,1,"	1777,2085" 
2012-06-01T20:00:00Z,"DISCA",2013-11-01T20:00:00Z,Buy,48.64,87.8,3,117.48,0.93325288911436,-0.42,120.84,25.71,1,"	1779,2124" 
2012-06-01T20:00:00Z,"GPS",2013-12-02T21:00:00Z,Buy,25.26,41.58,21,342.72,6.5646584714451,0,445.2,205.8,1,"	1781,2153" 
2012-06-01T20:00:00Z,"AEOS",2014-01-02T21:00:00Z,Buy,18.56,14.73,30,-114.9,4.2378911563831,-280,473.4,316.8,0,"	1776,2183" 
2012-06-01T20:00:00Z,"ALG",2014-01-02T21:00:00Z,Buy,29.65,57.02,6,164.22,1.3714064068711,-13.62,186.24,33.24,1,"	1777,2184" 
2012-06-01T20:00:00Z,"DISCA",2014-03-03T21:00:00Z,Buy,48.64,82.08,13,434.72,0.551718674988,-1.82,543.66,171.08,1,"	1779,2244" 
2012-06-01T20:00:00Z,"RBIN",2014-08-01T20:00:00Z,Buy,22.575,42.31,21,414.44,0.57315006915629,-9.87,800.84,386.4,1,"	1784,2387" 
2012-06-01T20:00:00Z,"ALG",2014-09-02T20:00:00Z,Buy,29.65,49.03,10,193.8,2.1654186598,-22.7,310.4,133.6,1,"	1777,2406" 
2012-07-02T20:00:00Z,"MOV",2012-09-04T20:00:00Z,Buy,25.34,36.36,8,88.16,1.0713220822659,-27.6,88.16,28.24,1,"	1791,1820" 
2012-07-02T20:00:00Z,"UFS",2012-10-01T20:00:00Z,Buy,76.95,77.25,3,0.9,0.50752346499804,-90,84.15,27.03,1,"	1792,1837" 
2012-07-02T20:00:00Z,"DSW",2013-06-03T20:00:00Z,Buy,55.28,73.56,12,219.36,6.1822070668366,-0.96,225.96,122.64,1,"	1789,2015" 
2012-07-02T20:00:00Z,"NEU",2013-09-03T20:00:00Z,Buy,224.33,273.45,1,49.12,0.50258921975993,-50.87,63.83,46.51,1,"	1790,2089" 
2012-07-02T20:00:00Z,"MOV",2013-09-03T20:00:00Z,Buy,25.34,41.62,12,195.36,3.3592859797862,-41.4,221.4,109.68,1,"	1791,2092" 
2012-08-01T20:00:00Z,"HHS",2012-09-04T20:00:00Z,Buy,6.17,7.2,94,96.82,3.4305655824342,0,96.82,26.32,1,"	1807,1818" 
2012-08-01T20:00:00Z,"K",2012-10-01T20:00:00Z,Buy,47.81,51.93,6,24.72,0.77414066092274,-71.58,58.5,8.82,1,"	1808,1833" 
2012-08-01T20:00:00Z,"SPTN",2012-10-01T20:00:00Z,Buy,16.42,15.51,12,-10.92,0.52863953488372,-18.36,26.16,18.36,0,"	1812,1835" 
2012-08-01T20:00:00Z,"GME",2013-03-01T21:00:00Z,Buy,16.07,24.05,16,127.68,0.54012484394507,-5.44,188.16,83.52,1,"	1806,1937" 
2012-08-01T20:00:00Z,"PZZA",2013-04-01T20:00:00Z,Buy,51.65,61.57,5,49.6,1.0504199459974,-23,52.85,34.75,1,"	1810,1956" 
2012-08-01T20:00:00Z,"GCI",2013-05-01T20:00:00Z,Buy,14.16,19.94,55,317.9,4.5618848415654,-8.8,435.05,117.7,1,"	1805,1978" 
2012-08-01T20:00:00Z,"PZZA",2013-05-01T20:00:00Z,Buy,51.65,63.01,10,113.6,2.0560852486882,-46,113.6,69.5,1,"	1810,1985" 
2012-08-01T20:00:00Z,"CORE",2013-07-01T20:00:00Z,Buy,47.32,63.97,4,66.6,2.4489186569556,-22.84,66.6,33.04,1,"	1804,2041" 
2012-08-01T20:00:00Z,"NC",2013-12-02T21:00:00Z,Buy,100.02,63.46,6,-219.36,1.0541836180093,-339.3,152.34,491.64,0,"	1809,2160" 
2012-08-01T20:00:00Z,"CORE",2014-07-01T20:00:00Z,Buy,23.66,46.92,7,162.82,0.51799474030243,-19.98,162.82,31.71,1,"	1804,2361" 
2012-08-01T20:00:00Z,"CORE",2014-08-01T20:00:00Z,Buy,23.66,46.94,6,139.68,0.91008479621643,-17.13,141.54,27.18,1,"	1804,2379" 
2012-08-01T20:00:00Z,"CORE",2014-10-01T20:00:00Z,Buy,23.66,51.69,9,252.27,0.52192731900452,-25.7,278.19,40.77,1,"	1804,2437" 
2012-08-01T20:00:00Z,"CORE",2015-02-02T21:00:00Z,Buy,23.66,67.5,4,175.36,1.0791342720515,-11.42,182.56,18.4,1,"	1804,2522" 
2012-08-01T20:00:00Z,"SMP",2015-03-02T21:00:00Z,Buy,13.75,42.33,4,114.32,0.53667318634424,-13.84,126.8,49.6,1,"	1811,2552" 
2012-08-01T20:00:00Z,"SMP",2015-05-01T20:00:00Z,Buy,13.75,36.25,11,247.5,0.5719246031746,-38.06,348.7,136.4,1,"	1811,2604" 
2012-08-01T20:00:00Z,"CORE",2015-11-02T21:00:00Z,Buy,23.66,80.58,8,455.36,2.5353573690976,-22.84,461.04,150,1,"	1804,2745" 
2012-09-04T20:00:00Z,"MKSI",2012-12-03T21:00:00Z,Buy,27.2,24.02,8,-25.44,0.52006639616378,-55.76,51.92,42.72,0,"	1827,1878" 
2012-09-04T20:00:00Z,"GWW",2013-01-02T21:00:00Z,Buy,209.25,207.73,1,-1.52,0.59785604951996,-131.22,10.65,29.64,0,"	1826,1896" 
2012-09-04T20:00:00Z,"DAR",2013-04-01T20:00:00Z,Buy,17.01,17.65,19,12.16,0.63735812450911,-100.89,32.68,62.32,1,"	1824,1949" 
2012-09-04T20:00:00Z,"WDC",2013-04-01T20:00:00Z,Buy,42.32,50.4,4,32.32,1.0403825464058,-35.56,33.68,38.64,1,"	1829,1961" 
2012-09-04T20:00:00Z,"NHC",2013-05-01T20:00:00Z,Buy,44.88,45.03,16,2.4,5.1926933731645,-2.4,84.64,85.28,1,"	1828,1984" 
2012-09-04T20:00:00Z,"CVX",2013-08-01T20:00:00Z,Buy,111.22,126.39,2,30.34,0.72519998172519,-37.86,33.08,32.88,1,"	1823,2066" 
2012-09-04T20:00:00Z,"ENS",2014-03-03T21:00:00Z,Buy,39.32,69.81,6,182.94,1.0648778098418,-45.3,199.38,45.3,1,"	1825,2245" 
2012-09-04T20:00:00Z,"ENS",2014-11-03T21:00:00Z,Buy,39.32,62.46,13,300.82,0.55470222929936,-98.15,449.15,286.52,1,"	1825,2458" 
2012-09-04T20:00:00Z,"WDC",2015-08-03T20:00:00Z,Buy,42.32,85.85,8,348.24,0.5374084940739,-71.12,575.68,302.32,1,"	1829,2681" 
2012-10-01T20:00:00Z,"AAP",2012-11-01T20:00:00Z,Buy,68,81,4,52,0.50993571011105,-9.64,52,17.68,1,"	1838,1852" 
2012-10-01T20:00:00Z,"CTB",2012-12-03T21:00:00Z,Buy,19.5,24.96,9,49.14,1.7087216018051,-7.29,49.32,14.85,1,"	1840,1872" 
2012-10-01T20:00:00Z,"ICFI",2012-12-03T21:00:00Z,Buy,20.25,21.62,14,19.18,0.53526119402985,-28,82.18,28,1,"	1844,1876" 
2012-10-01T20:00:00Z,"LANC",2012-12-03T21:00:00Z,Buy,72.67,76.87,4,16.8,0.97205880585984,-39.48,16.8,16.32,1,"	1846,1877" 
2012-10-01T20:00:00Z,"TDY",2013-01-02T21:00:00Z,Buy,64,66.66,6,15.96,0.78062346742566,-68.46,15.96,32.16,1,"	1848,1900" 
2012-10-01T20:00:00Z,"FTK",2013-02-01T21:00:00Z,Buy,12.9,14.03,39,44.07,1.2008988294118,-112.71,44.07,122.46,1,"	1843,1919" 
2012-10-01T20:00:00Z,"DK",2013-03-01T21:00:00Z,Buy,25.98,38.76,6,76.68,3.3768764827012,-17.82,79.26,22.92,1,"	1841,1936" 
2012-10-01T20:00:00Z,"ENTG",2013-04-01T20:00:00Z,Buy,8.35,9.65,27,35.1,0.56932656826568,-60.48,56.43,18.63,1,"	1842,1952" 
2012-10-01T20:00:00Z,"SAIA",2013-04-01T20:00:00Z,Buy,20.67,35.69,6,90.12,2.7348483451669,-4.02,95.34,15.6,1,"	1847,1957" 
2012-10-01T20:00:00Z,"VDSI",2013-04-01T20:00:00Z,Buy,9.35,8.43,52,-47.84,2.8769504357508,-122.72,0,122.72,0,"	1849,1960" 
2012-10-01T20:00:00Z,"WCC",2013-05-01T20:00:00Z,Buy,57.72,68.02,13,133.9,2.6168327674907,-20.93,256.36,145.21,1,"	1850,1991" 
2012-10-01T20:00:00Z,"CHS",2013-06-03T20:00:00Z,Buy,18.02,17.86,46,-7.36,4.4130056377468,-85.1,78.66,159.62,0,"	1839,2012" 
2012-10-01T20:00:00Z,"CTB",2013-07-01T20:00:00Z,Buy,19.5,33.27,13,179.01,0.5325979801025,-10.53,197.08,62.92,1,"	1840,2042" 
2012-10-01T20:00:00Z,"WMK",2013-07-01T20:00:00Z,Buy,42.28,45.44,6,18.96,0.86870711879293,-113.94,27.84,25.56,1,"	1851,2049" 
2012-10-01T20:00:00Z,"DK",2013-11-01T20:00:00Z,Buy,25.98,25.26,17,-12.24,0.59886497064579,-98.77,246.84,345.61,0,"	1841,2125" 
2012-10-01T20:00:00Z,"CTB",2013-12-02T21:00:00Z,Buy,19.5,24.39,12,58.68,4.7995942527445,-9.72,181.92,135.6,1,"	1840,2150" 
2012-10-01T20:00:00Z,"SAIA",2014-05-01T20:00:00Z,Buy,13.78000689,41.85,6,168.42,0.51524775321836,-2.68,168.42,38.04,1,"	1847,2299" 
2012-10-01T20:00:00Z,"SAIA",2014-10-01T20:00:00Z,Buy,13.78000689,48.53,5,173.75,0.51224021388216,-2.23,198.9,31.7,1,"	1847,2443" 
2012-10-01T20:00:00Z,"KWR",2014-11-03T21:00:00Z,Buy,46.8,83.27,14,510.58,2.1523640341415,-12.46,510.58,205.8,1,"	1845,2462" 
2012-10-01T20:00:00Z,"SAIA",2015-05-01T20:00:00Z,Buy,13.78000689,41.08,21.999983500008,600.6,0.5655263803681,-9.83,940.5,370.7,1,"	1847,2602" 
2012-11-01T20:00:00Z,"CRMT",2013-01-02T21:00:00Z,Buy,42.52,40.98,18.000010499995,-27.72,0.7124165758598,-633.96,109.44,118.8,0,"	1861,1893" 
2012-11-01T20:00:00Z,"GCO",2013-04-01T20:00:00Z,Buy,56.96,58.07,4,4.44,0.50994066317627,-128.48,87.24,41.72,1,"	1863,1953" 
2012-11-01T20:00:00Z,"HIBB",2013-04-01T20:00:00Z,Buy,54.69,56,4,5.24,0.51012965363956,-161.08,32.88,17.08,1,"	1864,1954" 
2012-11-01T20:00:00Z,"LFUS",2013-05-01T20:00:00Z,Buy,53.69,68.3,4,58.44,0.51001679104478,-60.52,64.52,22.84,1,"	1866,1981" 
2012-11-01T20:00:00Z,"ICUI",2013-06-03T20:00:00Z,Buy,59.54,71.28,22,258.28,8.2344138586285,-76.34,269.5,172.48,1,"	1865,2018" 
2012-11-01T20:00:00Z,"PLUS",2013-07-01T20:00:00Z,Buy,36.84,61.04,7,169.4,1.0744812661625,-9.66,178.99,58.52,1,"	1868,2046" 
2012-11-01T20:00:00Z,"CF",2013-08-01T20:00:00Z,Buy,210.88,195.98,1,-14.9,0.57159518234765,-90.1,19.56,60.16,0,"	1860,2065" 
2012-11-01T20:00:00Z,"MED",2013-08-01T20:00:00Z,Buy,26.18,27.27,24,26.16,1.8492003709414,-94.8,146.4,241.2,1,"	1867,2067" 
2012-11-01T20:00:00Z,"RCII",2013-08-01T20:00:00Z,Buy,34.73,40.5,7,40.39,1.1098402915624,-14.84,40.39,30.17,1,"	1870,2069" 
2012-11-01T20:00:00Z,"CALM",2013-10-01T20:00:00Z,Buy,43.74,48.46,26,122.72,1.5219743946385,-105.82,211.64,172.64,1,"	1859,2109" 
2012-11-01T20:00:00Z,"NC",2013-12-02T21:00:00Z,Buy,52,63.46,6,68.76,6.5486466659204,-51.18,440.46,106.86,1,"	1869,2160" 
2012-11-01T20:00:00Z,"EGHT",2014-01-02T21:00:00Z,Buy,6.52,9.97,85,293.25,1.4200528002344,-39.95,460.7,255,1,"	1862,2186" 
2012-11-01T20:00:00Z,"PLUS",2014-06-02T20:00:00Z,Buy,36.84,56.56,15,295.8,0.54737436078293,-20.7,436.05,260.1,1,"	1868,2333" 
2012-11-01T20:00:00Z,"CRMT",2015-07-01T20:00:00Z,Buy,42.52,50.02,0.99998950000525,7.5,2.578046618194,-35.22,14.48,7.68,1,"	1861,2653" 
2012-12-03T21:00:00Z,"EAT",2013-01-02T21:00:00Z,Buy,29.86,31.97,7,14.77,0.51744741235392,-81.34,42.84,8.75,1,"	1880,1895" 
2012-12-03T21:00:00Z,"INTC",2013-01-02T21:00:00Z,Buy,19.55,21.38,15,27.45,1.3120378482937,-2.85,144.45,12.75,1,"	1883,1897" 
2012-12-03T21:00:00Z,"KIRK",2013-01-02T21:00:00Z,Buy,9.25,10.96,27,46.17,0.80469517644154,-17.55,76.95,16.74,1,"	1884,1898" 
2012-12-03T21:00:00Z,"UACL",2013-01-02T21:00:00Z,Buy,15.43,18.43,13,39,1.4334403416303,-37.44,43.42,9.49,1,"	1890,1901" 
2012-12-03T21:00:00Z,"NHC",2013-05-01T20:00:00Z,Buy,44.74,45.03,5,1.45,0.51250279454505,-0.05,27.15,26.65,1,"	1886,1984" 
2012-12-03T21:00:00Z,"SCHL",2013-05-01T20:00:00Z,Buy,28.57,26.82,23,-40.25,2.7508525801971,-63.25,73.37,136.62,0,"	1888,1987" 
2012-12-03T21:00:00Z,"GIII",2013-07-01T20:00:00Z,Buy,37.56,48.42,9,97.74,2.3040858441842,-45.36,128.25,56.52,1,"	1881,2044" 
2012-12-03T21:00:00Z,"THO",2013-07-01T20:00:00Z,Buy,36.74,50.25,6,81.06,3.786778336209,-9.72,81.06,52.56,1,"	1889,2047" 
2012-12-03T21:00:00Z,"WMK",2013-07-01T20:00:00Z,Buy,38.52,45.44,9,62.28,0.52216057274354,-137.07,75.6,21.69,1,"	1892,2049" 
2012-12-03T21:00:00Z,"PETS",2013-08-01T20:00:00Z,Buy,11.55,16.93,32,172.16,1.2334918505393,-22.72,179.84,64,1,"	1887,2068" 
2012-12-03T21:00:00Z,"LHCG",2013-09-03T20:00:00Z,Buy,19.48,22.63,9,28.35,1.54442925006,-1.62,63.09,37.8,1,"	1885,2091" 
2012-12-03T21:00:00Z,"GPS",2013-12-02T21:00:00Z,Buy,34.51,41.58,7,49.49,0.51752539175856,-64.75,83.65,68.6,1,"	1882,2153" 
2012-12-03T21:00:00Z,"GIII",2014-01-02T21:00:00Z,Buy,37.56,71.42,3,101.58,0.50725911370104,-15.12,109.86,24.75,1,"	1881,2187" 
2012-12-03T21:00:00Z,"PETS",2014-02-03T21:00:00Z,Buy,11.55,12.74,29,34.51,0.65648148148148,-20.59,162.98,128.47,1,"	1887,2223" 
2012-12-03T21:00:00Z,"LHCG",2014-06-02T20:00:00Z,Buy,19.48,20.38,35,31.5,4.9915594201884,-6.3,245.35,234.5,1,"	1885,2332" 
2012-12-03T21:00:00Z,"THO",2014-08-01T20:00:00Z,Buy,36.74,52.63,10,158.9,0.56955068906928,-16.2,274.2,115.3,1,"	1889,2388" 
2012-12-03T21:00:00Z,"GIII",2015-01-02T21:00:00Z,Buy,37.56,100,5,312.2,2.0274621683367,-25.2,318.7,79.5,1,"	1881,2503" 
2012-12-03T21:00:00Z,"WDC",2015-08-03T20:00:00Z,Buy,33.43,85.85,7,366.94,0.95946395277161,0,565.95,264.53,1,"	1891,2681" 
2013-01-02T21:00:00Z,"LNDC",2013-02-01T21:00:00Z,Buy,9.82,11.85,31,62.93,5.1616468687221,0,91.76,30.38,1,"	1911,1921" 
2013-01-02T21:00:00Z,"MSFT",2013-02-01T21:00:00Z,Buy,27.66,27.93,9,2.43,0.93817503294886,-11.88,39.15,10.8,1,"	1913,1922" 
2013-01-02T21:00:00Z,"VECO",2013-02-01T21:00:00Z,Buy,31.17,32.91,20,34.8,2.5270470736758,-41.4,48.8,45,1,"	1917,1924" 
2013-01-02T21:00:00Z,"IPAR",2013-03-01T21:00:00Z,Buy,19.89,25.54,12,67.8,3.0454221966428,-0.72,67.8,14.76,1,"	1910,1938" 
2013-01-02T21:00:00Z,"UNH",2013-04-01T20:00:00Z,Buy,54.54,58.97,5,22.15,0.68482173731678,-63.45,28.6,23.6,1,"	1916,1959" 
2013-01-02T21:00:00Z,"HVT",2013-05-01T20:00:00Z,Buy,16.68,23.21,11,71.83,1.1444496615718,-4.51,81.18,17.49,1,"	1908,1979" 
2013-01-02T21:00:00Z,"MYGN",2013-05-01T20:00:00Z,Buy,27.68,27.24,31,-13.64,2.5481213679823,-108.19,28.21,108.19,0,"	1914,1983" 
2013-01-02T21:00:00Z,"BWS",2013-06-03T20:00:00Z,Buy,18.42,21.48,34.749959518723,106.33,0.59024496461622,-275.22,653.76,103.9,1,"	1903,2011" 
2013-01-02T21:00:00Z,"CHE",2013-06-03T20:00:00Z,Buy,70.8,70.87,4,0.28,2.6439685930135,-27.64,43.96,71.6,1,"	1904,2013" 
2013-01-02T21:00:00Z,"HUN",2013-06-03T20:00:00Z,Buy,16.25,19.12,48,137.76,1.2406055197167,0,169.92,134.4,1,"	1909,2017" 
2013-01-02T21:00:00Z,"SCVL",2013-06-03T20:00:00Z,Buy,20.43,24.64,10,42.1,0.52492679355783,-162.1,42.1,21.5,1,"	1915,2021" 
2013-01-02T21:00:00Z,"CVX",2013-08-01T20:00:00Z,Buy,110.39,126.39,2,32,0.71128387550583,-36.2,34.74,19.22,1,"	1905,2066" 
2013-01-02T21:00:00Z,"CHE",2013-09-03T20:00:00Z,Buy,70.8,69.66,13,-14.82,0.53250933371625,-89.83,142.87,232.7,0,"	1904,2086" 
2013-01-02T21:00:00Z,"NEU",2013-09-03T20:00:00Z,Buy,272.27,273.45,1,1.18,0.50259601449275,-98.81,15.89,46.51,1,"	1907,2089" 
2013-01-02T21:00:00Z,"IPAR",2013-11-01T20:00:00Z,Buy,19.89,35.26,7,107.59,0.75635901474126,-0.42,107.59,58.59,1,"	1910,2128" 
2013-01-02T21:00:00Z,"LNDC",2013-11-01T20:00:00Z,Buy,9.82,11.7,56,105.28,1.7426138323238,0,336,240.24,1,"	1911,2129" 
2013-01-02T21:00:00Z,"LOPE",2013-11-01T20:00:00Z,Buy,23.53,46.63,8,184.8,2.2999487157127,-10.32,194.88,26.72,1,"	1912,2130" 
2013-01-02T21:00:00Z,"AEOS",2014-01-02T21:00:00Z,Buy,20.08,14.73,11,-58.85,0.52692345197465,-119.39,156.86,102.41,0,"	1902,2183" 
2013-01-02T21:00:00Z,"LOPE",2014-05-01T20:00:00Z,Buy,23.53,45.99,20,449.2,5.7449479396027,-25.8,544,176.4,1,"	1912,2295" 
2013-01-02T21:00:00Z,"IPAR",2014-06-02T20:00:00Z,Buy,19.89,29.27,27,253.26,0.58574238366254,-1.62,489.51,237.87,1,"	1910,2331" 
2013-01-02T21:00:00Z,"ENS",2014-11-03T21:00:00Z,Buy,38.77,62.46,6,142.14,0.51545442466117,-42,210.6,132.24,1,"	1906,2458" 
2013-01-02T21:00:00Z,"HVT",2015-02-02T21:00:00Z,Buy,16.68,24.79,10,81.1,1.7280649161629,-4.1,146.6,114.5,1,"	1908,2524" 
2013-01-02T21:00:00Z,"HVT",2015-04-01T20:00:00Z,Buy,16.68,24.05,25,184.25,1.9744359082306,-10.25,366.5,286.25,1,"	1908,2574" 
2013-02-01T21:00:00Z,"HIBB",2013-04-01T20:00:00Z,Buy,53.22,56,3.9999781749792,11.12,0.71331550663447,-155.2,38.76,14.4,1,"	1928,1954" 
2013-02-01T21:00:00Z,"IDT",2013-04-01T20:00:00Z,Buy,10.34,11.88,17,26.18,1.6726372286697,-3.91,29.24,14.45,1,"	1929,1955" 
2013-02-01T21:00:00Z,"VDSI",2013-04-01T20:00:00Z,Buy,8.15,8.43,25,7,0.56288580246914,-29,30,13.75,1,"	1933,1960" 
2013-02-01T21:00:00Z,"IDT",2013-05-01T20:00:00Z,Buy,10.34,13.86,19,66.88,0.54451318458418,-4.37,84.55,17.67,1,"	1929,1980" 
2013-02-01T21:00:00Z,"MGLN",2013-05-01T20:00:00Z,Buy,51.79,50.09,5,-8.5,0.94452870622313,-54.9,21.7,33.9,0,"	1930,1982" 
2013-02-01T21:00:00Z,"PZZA",2013-05-01T20:00:00Z,Buy,56.47,63.01,5,32.7,0.51258244206774,-47.1,32.7,25.9,1,"	1931,1985" 
2013-02-01T21:00:00Z,"DSW",2013-06-03T20:00:00Z,Buy,67.55,73.56,3,18.03,0.50756947557149,-37.05,19.68,19.35,1,"	1927,2015" 
2013-02-01T21:00:00Z,"IDT",2013-06-03T20:00:00Z,Buy,10.34,17.52,12,86.16,0.53022426682001,-2.76,94.32,11.16,1,"	1929,2019" 
2013-02-01T21:00:00Z,"RES",2013-08-01T20:00:00Z,Buy,15.2,14.64,56,-31.36,2.8985717653282,-150.08,114.24,264.32,0,"	1932,2070" 
2013-02-01T21:00:00Z,"IDT",2013-11-01T20:00:00Z,Buy,10.34,22,11,128.26,1.8497477507933,-2.53,132,48.95,1,"	1929,2127" 
2013-02-01T21:00:00Z,"BGFV",2014-04-01T20:00:00Z,Buy,14.18,16.17,33,65.67,6.0688119465335,-18.81,350.46,343.53,1,"	1926,2270" 
2013-02-01T21:00:00Z,"IDT",2014-06-02T20:00:00Z,Buy,10.34,16.64,38,239.4,0.66559710494572,-8.74,468.16,277.4,1,"	1929,2330" 
2013-02-01T21:00:00Z,"WOR",2014-06-02T20:00:00Z,Buy,27.89,40.15,32,392.32,1.1808509440933,-27.52,516.48,266.56,1,"	1934,2339" 
2013-02-01T21:00:00Z,"ALG",2014-09-02T20:00:00Z,Buy,34.4,49.03,7,102.41,0.51772673733804,-49.14,184.03,93.52,1,"	1925,2406" 
2013-03-01T21:00:00Z,"CRUS",2013-05-01T20:00:00Z,Buy,23.39,18.89,9,-40.5,0.52189163893511,-51.39,193.32,53.91,0,"	1943,1975" 
2013-03-01T21:00:00Z,"CHS",2013-06-03T20:00:00Z,Buy,16.96,17.86,13,11.7,0.5324617196702,-10.27,36.01,24.31,1,"	1942,2012" 
2013-03-01T21:00:00Z,"USPH",2013-06-03T20:00:00Z,Buy,24.65,28.9,10,42.5,1.002033890993,-174,42.5,38.8,1,"	1947,2022" 
2013-03-01T21:00:00Z,"CF",2013-08-01T20:00:00Z,Buy,201.5,195.98,1,-5.52,0.50250809061489,-80.72,28.94,37.85,0,"	1941,2065" 
2013-03-01T21:00:00Z,"SXI",2014-01-02T21:00:00Z,Buy,55.19,63.15,18,143.28,3.4706983808633,-95.4,158.22,136.08,1,"	1945,2194" 
2013-03-01T21:00:00Z,"SIX",2014-03-03T21:00:00Z,Buy,33.755,40.6,32,219.04,4.2414861736296,-58.4,225.44,257.6,1,"	1944,2251" 
2013-03-01T21:00:00Z,"KAI",2015-01-02T21:00:00Z,Buy,24.87,42.38,5,87.55,2.706464031348,-2.75,92.05,38.6,1,"	1946,2510" 
2013-03-01T21:00:00Z,"KAI",2015-04-01T20:00:00Z,Buy,24.87,53.73,6,173.16,1.2003299849314,-3.3,173.16,46.32,1,"	1946,2575" 
2013-04-01T20:00:00Z,"DLX",2013-05-01T20:00:00Z,Buy,41.23,36.6,26,-120.38,3.625015317427,-120.38,24.18,144.56,0,"	1964,1976" 
2013-04-01T20:00:00Z,"RGR",2013-05-01T20:00:00Z,Buy,49.57,49.62,4,0.2,0.50977133845851,-138.88,40.92,14.12,1,"	1970,1986" 
2013-04-01T20:00:00Z,"TER",2013-05-01T20:00:00Z,Buy,15.85,16.11,15,3.9,0.53664457459926,-79.65,48.9,24.9,1,"	1972,1988" 
2013-04-01T20:00:00Z,"DDS",2013-06-03T20:00:00Z,Buy,79.47,91.44,3,35.91,0.81853506783767,-191.58,42.66,14.31,1,"	1963,2014" 
2013-04-01T20:00:00Z,"EXPE",2013-06-03T20:00:00Z,Buy,60.5,57.51,4,-11.96,0.51008165305782,-117.28,28,39.68,0,"	1965,2016" 
2013-04-01T20:00:00Z,"CTR",2013-07-01T20:00:00Z,Buy,24.2,25.32,10.500012749994,11.76,1.122409673949,-126.74,79.28,25.2,1,"	1962,2040" 
2013-04-01T20:00:00Z,"RCII",2013-08-01T20:00:00Z,Buy,36.16,40.5,7,30.38,0.51713048186248,-24.85,30.38,22.47,1,"	1969,2069" 
2013-04-01T20:00:00Z,"TASR",2013-09-03T20:00:00Z,Buy,7.61,11.97,28,122.08,1.2227486870259,-6.72,122.08,29.96,1,"	1971,2094" 
2013-04-01T20:00:00Z,"POWL",2013-10-01T20:00:00Z,Buy,52.25,62.79,4,42.16,1.0475164710577,-20.72,42.16,21.92,1,"	1968,2113" 
2013-04-01T20:00:00Z,"TASR",2013-11-01T20:00:00Z,Buy,7.61,16.89,25,232,0.55940489589195,-6,259,65.5,1,"	1971,2132" 
2013-04-01T20:00:00Z,"NC",2013-12-02T21:00:00Z,Buy,52.97,63.46,4,41.96,0.50992691154423,-38,289.76,37.92,1,"	1967,2160" 
2013-04-01T20:00:00Z,"VLO",2013-12-02T21:00:00Z,Buy,44.97,46.83,6,11.16,1.648202364332,-68.64,11.16,68.64,1,"	1974,2163" 
2013-04-01T20:00:00Z,"UNF",2014-01-02T21:00:00Z,Buy,90.35,106.12,15,236.55,5.2310814570923,-22.5,249.75,140.4,1,"	1973,2195" 
2013-04-01T20:00:00Z,"HCA",2014-02-03T21:00:00Z,Buy,40.72,48.46,23,178.02,3.4117021843482,-120.29,245.87,135.93,1,"	1966,2218" 
2013-04-01T20:00:00Z,"VLO",2014-02-03T21:00:00Z,Buy,44.97,48.85,11,42.68,2.6824333174209,-125.84,90.97,125.84,1,"	1974,2228" 
2013-04-01T20:00:00Z,"POWL",2014-03-03T21:00:00Z,Buy,52.25,67.62,11,169.07,6.2254836374573,-56.98,182.71,106.59,1,"	1968,2250" 
2013-04-01T20:00:00Z,"TASR",2014-09-02T20:00:00Z,Buy,7.61,17.54,10,99.3,0.65950542437779,-2.4,128.9,100,1,"	1971,2420" 
2013-05-01T20:00:00Z,"ICUI",2013-06-03T20:00:00Z,Buy,59.4,71.28,4,47.52,1.2762793223454,-13.32,49.56,10.92,1,"	1995,2018" 
2013-05-01T20:00:00Z,"SCVL",2013-06-03T20:00:00Z,Buy,19.79,24.64,9.0000134999932,43.65,1.0739729245697,-140.13,43.65,8.46,1,"	2006,2021" 
2013-05-01T20:00:00Z,"K",2013-07-01T20:00:00Z,Buy,64.61,64.89,6,1.68,5.0724591718979,-16.86,7.74,24.6,1,"	1998,2045" 
2013-05-01T20:00:00Z,"CSGS",2013-09-03T20:00:00Z,Buy,20.36,23.65,57,187.53,3.0274646027356,-9.12,288.42,107.16,1,"	1992,2087" 
2013-05-01T20:00:00Z,"DAKT",2013-09-03T20:00:00Z,Buy,9.63,10.93,78,101.4,7.3464133487014,0,148.2,83.46,1,"	1993,2088" 
2013-05-01T20:00:00Z,"NEU",2013-09-03T20:00:00Z,Buy,261.75,273.45,1,11.7,0.72698101866905,-88.29,26.41,19.53,1,"	1994,2089" 
2013-05-01T20:00:00Z,"MOV",2013-09-03T20:00:00Z,Buy,29.42,41.62,9,109.8,0.90680967350793,-67.77,129.33,38.79,1,"	2001,2092" 
2013-05-01T20:00:00Z,"QUAD",2013-09-03T20:00:00Z,Buy,19.69,31.6,8,95.28,2.8105763941533,0,113.2,20.24,1,"	2004,2093" 
2013-05-01T20:00:00Z,"IDCC",2013-10-01T20:00:00Z,Buy,43.45,37.7,17,-97.75,3.6160518241559,-135.49,72.08,207.57,0,"	1996,2110" 
2013-05-01T20:00:00Z,"LNN",2013-10-01T20:00:00Z,Buy,74.32,81.63,3,21.93,2.9368960702983,-1.83,41.79,27.84,1,"	2000,2111" 
2013-05-01T20:00:00Z,"NXST",2013-10-01T20:00:00Z,Buy,24.98,45.07,8,160.72,1.0792393085189,0,160.72,78.64,1,"	2002,2112" 
2013-05-01T20:00:00Z,"JCOM",2013-12-02T21:00:00Z,Buy,39.59,45.61,5,30.1,3.306484500845,-4.95,80.75,59.1,1,"	1997,2154" 
2013-05-01T20:00:00Z,"KELYA",2013-12-02T21:00:00Z,Buy,16.33,22.97,10,66.4,3.3669149594049,0,69.1,17.3,1,"	1999,2155" 
2013-05-01T20:00:00Z,"LNN",2013-12-02T21:00:00Z,Buy,74.32,77.86,9,31.86,1.6040390552447,-20.88,125.37,146.25,1,"	2000,2157" 
2013-05-01T20:00:00Z,"K",2014-01-02T21:00:00Z,Buy,64.61,60.8,30,-114.3,0.60702472572458,-176.4,85.5,261.9,0,"	1998,2188" 
2013-05-01T20:00:00Z,"QUAD",2014-01-02T21:00:00Z,Buy,19.69,25.74,27,163.35,2.7025370110767,0,455.49,338.58,1,"	2004,2191" 
2013-05-01T20:00:00Z,"UTHR",2014-01-02T21:00:00Z,Buy,66.68,110.9,10,442.2,2.2698722027521,-51,478.3,90.1,1,"	2009,2196" 
2013-05-01T20:00:00Z,"WGO",2014-01-02T21:00:00Z,Buy,17.96,26.99,35,316.05,4.3339120606184,0,497.35,198.8,1,"	2010,2197" 
2013-05-01T20:00:00Z,"OTL",2014-02-03T21:00:00Z,Buy,41.85,41.8,25,-1.25,1.1350510961031,-48,171.5,172.75,0,"	2003,2221" 
2013-05-01T20:00:00Z,"TTEC",2014-03-03T21:00:00Z,Buy,20.8,24.04,32,103.68,3.7880295426275,0,195.52,179.84,1,"	2008,2253" 
2013-05-01T20:00:00Z,"NXST",2014-04-01T20:00:00Z,Buy,24.98,38.49,15,202.65,0.55129264392324,0,462.9,340.35,1,"	2002,2276" 
2013-05-01T20:00:00Z,"RS",2014-04-01T20:00:00Z,Buy,63.31,71.28,14,111.58,2.8807414808902,-14.84,179.34,131.6,1,"	2005,2277" 
2013-05-01T20:00:00Z,"TTEC",2014-05-01T20:00:00Z,Buy,20.8,24.22,32,109.44,0.64554082055533,0,195.52,179.84,1,"	2008,2303" 
2013-05-01T20:00:00Z,"KELYA",2014-07-01T20:00:00Z,Buy,16.33,17.57,50,62,1.1727760878302,0,478,436,1,"	1999,2363" 
2013-05-01T20:00:00Z,"THO",2014-08-01T20:00:00Z,Buy,36.86,52.63,7,110.39,1.0186410673721,-12.18,191.1,80.71,1,"	2007,2388" 
2013-05-01T20:00:00Z,"JCOM",2014-09-02T20:00:00Z,Buy,39.59,53.76,21,297.57,1.0714449888613,-20.79,339.15,266.7,1,"	1997,2413" 
2013-05-01T20:00:00Z,"UTHR",2014-09-02T20:00:00Z,Buy,66.68,115.22,5,242.7,2.7527960207824,-25.5,255.75,141.85,1,"	2009,2422" 
2013-05-01T20:00:00Z,"SCVL",2015-12-01T21:00:00Z,Buy,19.79,21.78,0.99998650000675,1.99,3.1277350273151,-15.57,9.98,11.52,1,"	2006,2778" 
2013-06-03T20:00:00Z,"GCI",2013-07-01T20:00:00Z,Buy,20.8,25.21,29,127.89,6.9017437085511,-27.55,168.2,87.58,1,"	2030,2043" 
2013-06-03T20:00:00Z,"CVX",2013-08-01T20:00:00Z,Buy,124.09,126.39,2,4.6,0.68331753477565,-63.6,7.34,14.54,1,"	2025,2066" 
2013-06-03T20:00:00Z,"CALM",2013-10-01T20:00:00Z,Buy,44.92,48.46,7,24.78,0.94888029194187,-36.75,48.72,44.87,1,"	2024,2109" 
2013-06-03T20:00:00Z,"MXIM",2013-12-02T21:00:00Z,Buy,29.32,28.22,7,-7.7,0.5173991183452,-57.68,27.93,16.87,0,"	2034,2159" 
2013-06-03T20:00:00Z,"PLPC",2013-12-02T21:00:00Z,Buy,69.68,68.74,7,-6.58,5.0904474843327,-29.12,159.46,179.27,0,"	2036,2161" 
2013-06-03T20:00:00Z,"ANF",2014-01-02T21:00:00Z,Buy,49.71,32.01,13,-230.1,3.0307305164404,-233.87,27.17,261.04,0,"	2023,2185" 
2013-06-03T20:00:00Z,"K",2014-01-02T21:00:00Z,Buy,62.63,60.8,4,-7.32,0.51009347300564,-15.6,19.32,34.92,0,"	2032,2188" 
2013-06-03T20:00:00Z,"CYH",2014-02-03T21:00:00Z,Buy,48.56,40.21,20,-167,1.1135212132812,-228.6,52.4,281,0,"	2026,2216" 
2013-06-03T20:00:00Z,"DLX",2014-02-03T21:00:00Z,Buy,37.37,45.84,5,42.35,1.9121075093799,-18.35,80.75,38.4,1,"	2028,2217" 
2013-06-03T20:00:00Z,"PLPC",2014-02-03T21:00:00Z,Buy,69.68,65.5,10,-41.8,1.9634958200722,-41.8,227.8,269.6,0,"	2036,2224" 
2013-06-03T20:00:00Z,"SANM",2014-02-03T21:00:00Z,Buy,13.85,16.11,45,101.7,7.7690146713364,-14.4,192.6,160.65,1,"	2037,2226" 
2013-06-03T20:00:00Z,"DISCA",2014-03-03T21:00:00Z,Buy,79.01,82.08,4,12.28,1.1737741598154,-122.04,45.8,52.64,1,"	2027,2244" 
2013-06-03T20:00:00Z,"FSLR",2014-04-01T20:00:00Z,Buy,53.33,70.89,4,70.24,1.0248679871644,-67.44,82.08,79.72,1,"	2029,2272" 
2013-06-03T20:00:00Z,"UACL",2014-04-01T20:00:00Z,Buy,25.76,28.98,26,83.72,7.914437302471,-76.18,187.98,215.8,1,"	2038,2278" 
2013-06-03T20:00:00Z,"DLX",2014-05-01T20:00:00Z,Buy,37.37,54.98,25,440.25,0.56253412192903,-91.75,440.25,200,1,"	2028,2294" 
2013-06-03T20:00:00Z,"UEIC",2014-06-02T20:00:00Z,Buy,27.65,42.96,7,107.17,4.2953194032715,-8.89,125.79,70.21,1,"	2039,2338" 
2013-06-03T20:00:00Z,"NR",2014-07-01T20:00:00Z,Buy,11.34,12.56,68,82.96,1.4349835383541,-57.12,146.88,202.64,1,"	2035,2365" 
2013-06-03T20:00:00Z,"GCI",2014-09-02T20:00:00Z,Buy,20.8,34.1,6,79.8,0.66017149632164,-5.7,82.56,24.54,1,"	2030,2412" 
2013-06-03T20:00:00Z,"LZB",2014-10-01T20:00:00Z,Buy,18.5,19.45,12,11.4,1.0764028198239,-89.64,150.36,138.96,1,"	2033,2440" 
2013-06-03T20:00:00Z,"FSLR",2014-12-01T21:00:00Z,Buy,53.33,45.76,2,-15.14,0.52813114754098,-33.72,41.04,56.18,0,"	2029,2488" 
2013-06-03T20:00:00Z,"GCI",2015-07-01T20:00:00Z,Buy,20.8,32.97,11,133.87,1.4013942211946,-10.45,189.31,90.42,1,"	2030,2655" 
2013-06-03T20:00:00Z,"GIII",2015-07-01T20:00:00Z,Buy,21.37,71.25,5,249.4,1.0278843269658,-25.55,253.55,39.75,1,"	2031,2656" 
2013-06-03T20:00:00Z,"UEIC",2015-08-03T20:00:00Z,Buy,27.65,50.71,19,438.14,0.5562466242284,-24.13,735.49,333.64,1,"	2039,2680" 
2013-07-01T20:00:00Z,"CF",2013-08-01T20:00:00Z,Buy,170.28,195.98,2,51.4,0.50496443148688,-99,120.32,15.58,1,"	2052,2065" 
2013-07-01T20:00:00Z,"MED",2013-08-01T20:00:00Z,Buy,26.41,27.27,8,6.88,0.52050465838509,-33.44,46.96,12.88,1,"	2059,2067" 
2013-07-01T20:00:00Z,"IDCC",2013-10-01T20:00:00Z,Buy,39.26,37.7,5,-7.8,0.51099104143337,-18.9,42.15,27.75,0,"	2057,2110" 
2013-07-01T20:00:00Z,"DK",2013-11-01T20:00:00Z,Buy,28.04,25.26,9,-25.02,0.52192909280501,-70.83,112.14,95.04,0,"	2054,2125" 
2013-07-01T20:00:00Z,"BKE",2013-12-02T21:00:00Z,Buy,52.9,52.07,4,-3.32,0.83969004218149,-166.75,16.96,41.32,0,"	2051,2149" 
2013-07-01T20:00:00Z,"DDS",2013-12-02T21:00:00Z,Buy,82.17,90.83,3,25.98,1.0450365788563,-19.2,31.41,31.32,1,"	2053,2152" 
2013-07-01T20:00:00Z,"AEOS",2014-01-02T21:00:00Z,Buy,18.41,14.73,16.49997167998,-60.72,0.5428491237678,-151.52,262.84,112.36,0,"	2050,2183" 
2013-07-01T20:00:00Z,"KLIC",2014-01-02T21:00:00Z,Buy,11.04,13.06,89,179.78,1.4405826115923,-5.34,233.18,168.21,1,"	2058,2189" 
2013-07-01T20:00:00Z,"MPC",2014-01-02T21:00:00Z,Buy,70.38,89.48,3,57.3,1.8571251018995,-24.84,64.08,38.97,1,"	2060,2190" 
2013-07-01T20:00:00Z,"HCA",2014-02-03T21:00:00Z,Buy,36.94,48.46,7,80.64,0.73136850093441,-10.15,101.29,33.32,1,"	2055,2218" 
2013-07-01T20:00:00Z,"OTL",2014-02-03T21:00:00Z,Buy,40.75,41.8,6,6.3,0.87158979506776,-4.92,47.76,41.46,1,"	2061,2221" 
2013-07-01T20:00:00Z,"PETS",2014-02-03T21:00:00Z,Buy,12.85,12.74,21,-2.31,0.55354166666667,-42.21,90.72,93.03,0,"	2062,2223" 
2013-07-01T20:00:00Z,"VLO",2014-02-03T21:00:00Z,Buy,34.25,48.85,8,116.8,0.5197008915732,-5.76,151.92,35.12,1,"	2063,2228" 
2013-07-01T20:00:00Z,"HOC",2014-03-03T21:00:00Z,Buy,40.74,44.88,7,28.98,0.51666549789621,-132.58,123.83,46.06,1,"	2056,2246" 
2013-07-01T20:00:00Z,"MPC",2014-04-01T20:00:00Z,Buy,70.38,89.54,9,172.44,0.53086167279412,-74.52,216.9,116.91,1,"	2060,2275" 
2013-07-01T20:00:00Z,"DDS",2014-06-02T20:00:00Z,Buy,82.17,112.36,6,181.14,2.723489392057,-38.4,183.48,81.54,1,"	2053,2328" 
2013-07-01T20:00:00Z,"DDS",2014-12-01T21:00:00Z,Buy,82.17,116.64,2,68.94,0.81071994928647,-12.8,82.9,46.32,1,"	2053,2486" 
2013-08-01T20:00:00Z,"NEU",2013-09-03T20:00:00Z,Buy,281.01,273.45,1,-7.56,0.7009933641652,-107.55,7.15,9.73,0,"	2073,2089" 
2013-08-01T20:00:00Z,"KIRK",2013-09-03T20:00:00Z,Buy,17.89,19.86,16,31.52,3.5770663148048,-25.44,49.44,30.24,1,"	2075,2090" 
2013-08-01T20:00:00Z,"DV",2013-11-01T20:00:00Z,Buy,30.63,34.91,26,111.28,1.1293960182318,-60.06,199.42,112.32,1,"	2072,2126" 
2013-08-01T20:00:00Z,"KIRK",2013-12-02T21:00:00Z,Buy,17.89,25.5,21,159.81,0.55225409836066,-33.39,163.17,83.58,1,"	2075,2156" 
2013-08-01T20:00:00Z,"LNN",2013-12-02T21:00:00Z,Buy,75.59,77.86,5,11.35,0.51258155792277,-17.95,63.3,81.25,1,"	2078,2157" 
2013-08-01T20:00:00Z,"K",2014-01-02T21:00:00Z,Buy,65.42,60.8,5,-23.1,0.51234525966184,-33.45,10.2,35.85,0,"	2074,2188" 
2013-08-01T20:00:00Z,"LEA",2014-02-03T21:00:00Z,Buy,69.4,71.99,3,7.77,1.4999291606816,-1.95,41.13,33.36,1,"	2077,2220" 
2013-08-01T20:00:00Z,"OSK",2014-02-03T21:00:00Z,Buy,46.56,50.54,4,15.92,2.068998466677,-6.56,35.76,25.72,1,"	2079,2222" 
2013-08-01T20:00:00Z,"KIRK",2014-03-03T21:00:00Z,Buy,17.89,17.76,16,-2.08,3.3479950041001,-25.44,124.32,142.72,0,"	2075,2248" 
2013-08-01T20:00:00Z,"POWL",2014-03-03T21:00:00Z,Buy,51.03,67.62,7,116.13,1.2894956241345,-27.72,124.81,67.83,1,"	2081,2250" 
2013-08-01T20:00:00Z,"RS",2014-04-01T20:00:00Z,Buy,70.74,71.28,5,2.7,1.2195097675388,-42.45,26.9,47,1,"	2082,2277" 
2013-08-01T20:00:00Z,"PDFS",2014-05-01T20:00:00Z,Buy,20.95,18.93,44,-88.88,1.2509771513375,-163.68,240.24,403.92,0,"	2080,2296" 
2013-08-01T20:00:00Z,"LEA",2014-08-01T20:00:00Z,Buy,69.4,93.34,4,95.76,0.99592004044867,-2.6,118.4,44.48,1,"	2077,2383" 
2013-08-01T20:00:00Z,"LEA",2014-09-02T20:00:00Z,Buy,69.4,102.25,2,65.7,0.68600680411549,-1.3,65.7,22.24,1,"	2077,2414" 
2013-08-01T20:00:00Z,"OSK",2014-09-02T20:00:00Z,Buy,46.56,49.6,14,42.56,2.3475409426327,-22.96,188.3,198.38,1,"	2079,2416" 
2013-08-01T20:00:00Z,"TASR",2014-09-02T20:00:00Z,Buy,8.91,17.54,26,224.38,0.56521959459459,-40.04,301.34,260,1,"	2083,2420" 
2013-08-01T20:00:00Z,"KWR",2014-11-03T21:00:00Z,Buy,67.05,83.27,5,81.1,0.73506750086787,-105.7,81.1,73.5,1,"	2076,2462" 
2013-08-01T20:00:00Z,"LEA",2015-09-01T20:00:00Z,Buy,69.4,99.33,2,59.86,0.50483169569024,-1.3,97.06,50.12,1,"	2077,2702" 
2013-08-01T20:00:00Z,"LEA",2015-10-01T20:00:00Z,Buy,69.4,109.68,2,80.56,0.50504136789851,-1.3,97.06,50.12,1,"	2077,2724" 
2013-09-03T20:00:00Z,"LNDC",2013-11-01T20:00:00Z,Buy,13,11.7,17,-22.1,0.93928931329569,-54.06,47.94,34.68,0,"	2101,2129" 
2013-09-03T20:00:00Z,"GPS",2013-12-02T21:00:00Z,Buy,40.72,41.58,6,5.16,0.51510012360939,-92.76,34.44,33.9,1,"	2098,2153" 
2013-09-03T20:00:00Z,"ANF",2014-01-02T21:00:00Z,Buy,34.93,32.01,6,-17.52,0.51483857264231,-19.26,101.22,41.4,0,"	2096,2185" 
2013-09-03T20:00:00Z,"SAFM",2014-01-02T21:00:00Z,Buy,64.75,72,2.0000044999977,14.5,0.54944257788638,-91.69,15.38,14.76,1,"	2104,2192" 
2013-09-03T20:00:00Z,"SXI",2014-01-02T21:00:00Z,Buy,52.92,63.15,4,40.92,0.50991196853343,-12.12,44.24,22.44,1,"	2107,2194" 
2013-09-03T20:00:00Z,"PLPC",2014-02-03T21:00:00Z,Buy,69.78,65.5,3,-12.84,0.50759248512984,-12.84,68.04,80.88,0,"	2102,2224" 
2013-09-03T20:00:00Z,"ICFI",2014-03-03T21:00:00Z,Buy,32.95,40.23,17,123.76,5.3198954305837,-10.2,138.72,65.11,1,"	2099,2247" 
2013-09-03T20:00:00Z,"SIX",2014-03-03T21:00:00Z,Buy,33.25,40.6,9,66.15,0.52266358679188,-11.88,67.95,39.78,1,"	2105,2251" 
2013-09-03T20:00:00Z,"USMO",2014-03-03T21:00:00Z,Buy,13.92,14.37,78,35.1,5.4318245015879,-90.48,123.24,213.72,1,"	2108,2254" 
2013-09-03T20:00:00Z,"PPC",2014-05-01T20:00:00Z,Buy,15.59,22.05,38,245.48,4.2704376054177,-63.46,262.96,131.1,1,"	2103,2297" 
2013-09-03T20:00:00Z,"SAFM",2014-06-02T20:00:00Z,Buy,64.75,95.65,3,92.7,0.50775456707383,-137.53,92.7,22.14,1,"	2104,2335" 
2013-09-03T20:00:00Z,"KELYA",2014-07-01T20:00:00Z,Buy,18.4,17.57,14,-11.62,0.53538461538462,-28.98,104.86,122.08,0,"	2100,2363" 
2013-09-03T20:00:00Z,"SAFM",2014-09-02T20:00:00Z,Buy,64.75,92.9,4,112.6,0.50995499357051,-183.37,151.36,52.96,1,"	2104,2418" 
2013-09-03T20:00:00Z,"ICFI",2014-11-03T21:00:00Z,Buy,32.95,36.26,23,76.13,0.59229636763897,-57.96,192.05,250.01,1,"	2099,2461" 
2013-09-03T20:00:00Z,"FSLR",2014-12-01T21:00:00Z,Buy,36.87,45.76,6,53.34,0.5150612745098,-2.4,221.88,168.54,1,"	2097,2488" 
2013-09-03T20:00:00Z,"SMP",2015-05-01T20:00:00Z,Buy,30.84,36.25,7,37.87,1.1979347870673,-143.85,102.27,86.8,1,"	2106,2604" 
2013-09-03T20:00:00Z,"ABFS",2015-12-01T21:00:00Z,Buy,24.76,24.33,17,-7.31,4.832533472017,-53.38,383.69,395.25,0,"	2095,2770" 
2013-10-01T20:00:00Z,"DK",2013-11-01T20:00:00Z,Buy,21.25,25.26,14,56.14,0.81278397605446,-15.12,269.5,21.7,1,"	2116,2125" 
2013-10-01T20:00:00Z,"SYNA",2013-11-01T20:00:00Z,Buy,45.92,45.49,20,-8.6,4.8553035043501,-22,183,205,0,"	2119,2131" 
2013-10-01T20:00:00Z,"BKE",2013-12-02T21:00:00Z,Buy,54.49,52.07,2.9999616674754,-7.26,0.65037336916732,-129.83,7.95,23.28,0,"	2114,2149" 
2013-10-01T20:00:00Z,"CVI",2013-12-02T21:00:00Z,Buy,38.81,40.03,8,9.76,0.98744396465995,-174.48,252.56,62.72,1,"	2115,2151" 
2013-10-01T20:00:00Z,"K",2014-01-02T21:00:00Z,Buy,58.75,60.8,4,8.2,0.61315983708128,-0.08,34.84,16.12,1,"	2117,2188" 
2013-10-01T20:00:00Z,"TSN",2014-02-03T21:00:00Z,Buy,28.5,36.02,14,105.28,2.1009620746708,-13.16,124.6,30.94,1,"	2121,2227" 
2013-10-01T20:00:00Z,"VLO",2014-02-03T21:00:00Z,Buy,33.84,48.85,6,90.06,0.90347133888239,-1.86,116.4,26.34,1,"	2122,2228" 
2013-10-01T20:00:00Z,"TSN",2014-06-02T20:00:00Z,Buy,28.5,43.4,6,89.4,1.1791174489849,-5.64,93.06,34.56,1,"	2121,2337" 
2013-10-01T20:00:00Z,"RBIN",2014-08-01T20:00:00Z,Buy,50.89,42.31,5,-42.9,0.96547700140937,-143.92,49.1,92,0,"	2118,2387" 
2013-10-01T20:00:00Z,"TSN",2015-02-02T21:00:00Z,Buy,28.5,39.57,29,321.03,0.58615394467213,-27.26,449.79,256.94,1,"	2121,2531" 
2013-11-01T20:00:00Z,"CTB",2013-12-02T21:00:00Z,Buy,25.91,24.39,11,-16.72,0.52739427143406,-79.42,96.25,39.05,0,"	2134,2150" 
2013-11-01T20:00:00Z,"GPS",2013-12-02T21:00:00Z,Buy,36.78,41.58,6,28.8,0.82122353087746,-69.12,58.08,8.28,1,"	2138,2153" 
2013-11-01T20:00:00Z,"MXIM",2013-12-02T21:00:00Z,Buy,29.4,28.22,9,-10.62,0.52227272727273,-74.88,35.19,10.62,0,"	2144,2159" 
2013-11-01T20:00:00Z,"LDOS",2014-01-02T21:00:00Z,Buy,47.41,46.25,9,-10.44,5.1655209133496,-61.29,14.49,75.78,0,"	2146,2193" 
2013-11-01T20:00:00Z,"HHS",2014-02-03T21:00:00Z,Buy,7.98,6.86,106,-118.72,7.8146444490058,-134.62,19.08,153.7,0,"	2139,2219" 
2013-11-01T20:00:00Z,"KIRK",2014-03-03T21:00:00Z,Buy,17.75,17.76,14,0.14,0.535,-20.3,110.74,124.88,1,"	2140,2248" 
2013-11-01T20:00:00Z,"MPC",2014-04-01T20:00:00Z,Buy,70.86,89.54,3,56.04,0.50741627128105,-26.28,70.86,28.29,1,"	2143,2275" 
2013-11-01T20:00:00Z,"LDOS",2014-05-01T20:00:00Z,Buy,47.41,37.29,24,-242.88,0.57510069817401,-306.48,38.64,345.12,0,"	2146,2298" 
2013-11-01T20:00:00Z,"TTEC",2014-05-01T20:00:00Z,Buy,25.71,24.22,8,-11.92,0.861345484049,-39.28,9.6,38.96,0,"	2147,2303" 
2013-11-01T20:00:00Z,"LHCG",2014-06-02T20:00:00Z,Buy,20.66,20.38,13,-3.64,0.53259466019417,-17.68,75.79,54.86,0,"	2141,2332" 
2013-11-01T20:00:00Z,"PLUS",2014-06-02T20:00:00Z,Buy,53.78,56.56,4,11.12,1.165123118247,-73.28,48.52,44.44,1,"	2142,2333" 
2013-11-01T20:00:00Z,"NR",2014-07-01T20:00:00Z,Buy,12.68,12.56,16,-1.92,0.59923980356771,-34.88,13.12,38.72,0,"	2145,2365" 
2013-11-01T20:00:00Z,"WNC",2014-12-01T21:00:00Z,Buy,11.6,10.54,68,-72.08,4.6697322778583,-143.48,214.88,358.36,0,"	2148,2489" 
2013-11-01T20:00:00Z,"DECK",2015-12-01T21:00:00Z,Buy,68.56,48.91,9,-176.85,1.5566764241593,-333.27,441.72,477.81,0,"	2136,2772" 
2013-12-02T21:00:00Z,"ANF",2014-01-02T21:00:00Z,Buy,34.02,32.01,6,-12.06,1.3193943746893,-13.8,106.68,25.62,0,"	2164,2185" 
2013-12-02T21:00:00Z,"UNF",2014-01-02T21:00:00Z,Buy,100.29,106.12,2,11.66,0.50490463615023,-22.88,13.42,4.96,1,"	2181,2195" 
2013-12-02T21:00:00Z,"CYH",2014-02-03T21:00:00Z,Buy,41.45,40.21,6,-7.44,1.3392587124729,-25.92,58.38,25.92,0,"	2167,2216" 
2013-12-02T21:00:00Z,"PETS",2014-02-03T21:00:00Z,Buy,15.22,12.74,15,-37.2,0.55542192728411,-65.7,29.25,58.65,0,"	2171,2223" 
2013-12-02T21:00:00Z,"SANM",2014-02-03T21:00:00Z,Buy,15.17,16.11,15,14.1,0.91350017697237,-24.6,44.4,28.5,1,"	2174,2226" 
2013-12-02T21:00:00Z,"MTRX",2014-03-03T21:00:00Z,Buy,21.82,33.06,27,303.48,8.4305692416681,-11.34,303.48,83.43,1,"	2170,2249" 
2013-12-02T21:00:00Z,"USMO",2014-03-03T21:00:00Z,Buy,14.42,14.37,14,-0.7,0.94427359548487,-23.24,15.12,23.24,0,"	2182,2254" 
2013-12-02T21:00:00Z,"RS",2014-04-01T20:00:00Z,Buy,73.34,71.28,4,-8.24,1.0901370698611,-44.36,11.12,37.6,0,"	2172,2277" 
2013-12-02T21:00:00Z,"UACL",2014-04-01T20:00:00Z,Buy,28.4,28.98,9,5.22,1.0873537235858,-50.13,41.31,74.7,1,"	2180,2278" 
2013-12-02T21:00:00Z,"SPTN",2014-05-01T20:00:00Z,Buy,23.56,21.53,57,-115.71,1.2871450509077,-115.71,87.21,202.92,0,"	2176,2301" 
2013-12-02T21:00:00Z,"STMP",2014-05-01T20:00:00Z,Buy,46.02,29.12,17,-287.3,5.1656656586963,-287.3,0,287.3,0,"	2177,2302" 
2013-12-02T21:00:00Z,"SYNA",2014-06-02T20:00:00Z,Buy,50.27,66.45,4,64.72,2.7662077520768,-6.56,72.72,41.4,1,"	2178,2336" 
2013-12-02T21:00:00Z,"SYNA",2014-07-01T20:00:00Z,Buy,50.27,91.88,5,208.05,2.4721635416153,-8.2,208.05,51.75,1,"	2178,2366" 
2013-12-02T21:00:00Z,"ANK",2014-08-01T20:00:00Z,Buy,55.5,58.88,4,13.52,6.593891749193,-9.44,45.6,51.72,1,"	2165,2377" 
2013-12-02T21:00:00Z,"CMCO",2014-08-01T20:00:00Z,Buy,26.42,23.16,41,-133.66,4.0845337631706,-133.66,159.08,292.74,0,"	2166,2378" 
2013-12-02T21:00:00Z,"HLIT",2014-08-01T20:00:00Z,Buy,7.33,5.94,175,-243.25,9.629202679931,-281.75,68.25,350,0,"	2169,2381" 
2013-12-02T21:00:00Z,"THO",2014-08-01T20:00:00Z,Buy,54.25,52.63,6,-9.72,1.0722972977072,-114.78,59.46,69.18,0,"	2179,2388" 
2013-12-02T21:00:00Z,"ANK",2014-11-03T21:00:00Z,Buy,55.5,68.54,3,39.12,0.50765069206727,-7.08,39.12,39.99,1,"	2165,2452" 
2013-12-02T21:00:00Z,"SYNA",2014-11-03T21:00:00Z,Buy,50.27,65.72,6,92.7,0.51440596229724,-9.84,254.46,183.42,1,"	2178,2468" 
2013-12-02T21:00:00Z,"MTRX",2015-01-02T21:00:00Z,Buy,21.82,22.24,19,7.98,1.5339456316078,-49.97,292.41,342.38,1,"	2170,2507" 
2013-12-02T21:00:00Z,"ANK",2015-02-02T21:00:00Z,Buy,55.5,67.42,17,202.64,0.55328240252898,-40.12,300.22,226.61,1,"	2165,2521" 
2013-12-02T21:00:00Z,"SMP",2015-05-01T20:00:00Z,Buy,34.4,36.25,6,11.1,0.51486175115207,-144.66,66.3,74.4,1,"	2175,2604" 
2014-01-02T21:00:00Z,"HHS",2014-02-03T21:00:00Z,Buy,7.54,6.86,26,-17.68,0.86044159270056,-21.58,16.12,29.64,0,"	2201,2219" 
2014-01-02T21:00:00Z,"RGR",2014-02-03T21:00:00Z,Buy,73.75,72.21,3,-4.62,1.5031962143132,-4.62,33.57,38.19,0,"	2211,2225" 
2014-01-02T21:00:00Z,"BGFV",2014-04-01T20:00:00Z,Buy,19.82,16.17,11,-40.15,0.93895060531734,-68.31,54.78,62.81,0,"	2198,2270" 
2014-01-02T21:00:00Z,"HLS",2014-04-01T20:00:00Z,Buy,33.28,35.65,11,26.07,2.3820870789065,-35.53,29.15,51.15,1,"	2202,2273" 
2014-01-02T21:00:00Z,"LOPE",2014-05-01T20:00:00Z,Buy,43.21,45.99,8,22.24,0.51982110091743,-167.76,60.16,70.56,1,"	2206,2295" 
2014-01-02T21:00:00Z,"PPC",2014-05-01T20:00:00Z,Buy,15.95,22.05,16,97.6,1.237940394062,-32.48,104.96,21.12,1,"	2210,2297" 
2014-01-02T21:00:00Z,"SNX",2014-05-01T20:00:00Z,Buy,66.22,66.48,6,1.56,1.9701677541358,-83.16,64.32,83.16,1,"	2212,2300" 
2014-01-02T21:00:00Z,"TTEC",2014-05-01T20:00:00Z,Buy,23.8,24.22,18,7.56,0.54473684210526,-54,55.98,46.8,1,"	2213,2303" 
2014-01-02T21:00:00Z,"XRX",2014-05-01T20:00:00Z,Buy,11.91,12.08,110,18.7,2.0490127461106,-177.1,58.3,235.4,1,"	2215,2305" 
2014-01-02T21:00:00Z,"IDT",2014-06-02T20:00:00Z,Buy,17.7,16.64,13,-13.78,0.53219082260772,-98.67,64.48,49.14,0,"	2204,2330" 
2014-01-02T21:00:00Z,"HLS",2014-08-01T20:00:00Z,Buy,33.28,38.48,47,244.4,0.63301852334986,-151.81,313.49,218.55,1,"	2202,2382" 
2014-01-02T21:00:00Z,"NUS",2014-08-01T20:00:00Z,Buy,138.07,59.03,6,-474.24,4.1049595154847,-476.28,0,476.28,0,"	2208,2385" 
2014-01-02T21:00:00Z,"OSK",2014-09-02T20:00:00Z,Buy,49.48,49.6,5,0.6,0.73437664887195,-22.8,52.65,70.85,1,"	2209,2416" 
2014-01-02T21:00:00Z,"RGR",2014-10-01T20:00:00Z,Buy,73.75,47.4,14,-368.9,0.5486752926679,-387.24,156.66,543.9,0,"	2211,2442" 
2014-01-02T21:00:00Z,"SNX",2014-10-01T20:00:00Z,Buy,66.22,63.14,11,-33.88,0.52686600649853,-152.46,117.92,188.98,0,"	2212,2444" 
2014-01-02T21:00:00Z,"GES",2015-04-01T20:00:00Z,Buy,30.56,18.23,42,-517.86,7.9986523690314,-580.86,37.38,618.24,0,"	2199,2572" 
2014-01-02T21:00:00Z,"HPQ",2015-05-01T20:00:00Z,Buy,27.66,33.8,36,221.04,3.3000369166332,-7.56,470.16,344.16,1,"	2203,2593" 
2014-01-02T21:00:00Z,"USNA",2015-09-01T20:00:00Z,Buy,76.94,141.49,2,129.1,3.6663296386918,-106.68,198.36,69.86,1,"	2214,2708" 
2014-01-02T21:00:00Z,"MRVL",2015-12-01T21:00:00Z,Buy,14.17,9.38,82,-392.78,1.4534453106114,-501.84,198.44,700.28,0,"	2207,2776" 
2014-02-03T21:00:00Z,"COLM",2014-03-03T21:00:00Z,Buy,73.4,83.24,3,29.52,5.4503646322743,-1.65,34.11,8.13,1,"	2231,2243" 
2014-02-03T21:00:00Z,"DISCA",2014-03-03T21:00:00Z,Buy,78.04,82.08,4,16.16,0.50978190022562,-118.16,49.68,14.24,1,"	2233,2244" 
2014-02-03T21:00:00Z,"KIRK",2014-03-03T21:00:00Z,Buy,17.58,17.76,14,2.52,0.53267657992565,-17.92,113.12,17.08,1,"	2238,2248" 
2014-02-03T21:00:00Z,"SNS",2014-04-01T20:00:00Z,Buy,425.68,488.1,0.2,12.48,0.50974185280117,-54.42,16.54,5.67,1,"	2232,2271" 
2014-02-03T21:00:00Z,"KFY",2014-04-01T20:00:00Z,Buy,22.58,30.45,20,157.4,3.7593681000717,-4.8,157.4,28,1,"	2237,2274" 
2014-02-03T21:00:00Z,"SNS",2014-06-02T20:00:00Z,Buy,425.68,420.51,1,-5.17,0.50249247237897,-272.08,82.7,101.24,0,"	2232,2326" 
2014-02-03T21:00:00Z,"DXPE",2014-06-02T20:00:00Z,Buy,91.7,70.44,4,-85.04,4.1405828985938,-108.48,86.04,194.52,0,"	2234,2329" 
2014-02-03T21:00:00Z,"IPAR",2014-06-02T20:00:00Z,Buy,31.74,29.27,8,-19.76,0.51950829748002,-95.28,50.24,63.84,0,"	2236,2331" 
2014-02-03T21:00:00Z,"DXPE",2014-07-01T20:00:00Z,Buy,91.7,77.08,7,-102.34,1.3403966434581,-189.84,150.57,340.41,0,"	2234,2362" 
2014-02-03T21:00:00Z,"MU",2014-07-01T20:00:00Z,Buy,22.81,33.98,7,78.19,1.302615897138,-11.76,78.19,30.52,1,"	2239,2364" 
2014-02-03T21:00:00Z,"NR",2014-07-01T20:00:00Z,Buy,11.06,12.56,20,30,0.54867957746479,-11.2,48.8,24.2,1,"	2240,2365" 
2014-02-03T21:00:00Z,"CMCO",2014-08-01T20:00:00Z,Buy,24.81,23.16,9,-14.85,0.9972496026573,-14.85,49.41,64.26,0,"	2230,2378" 
2014-02-03T21:00:00Z,"SNS",2014-09-02T20:00:00Z,Buy,425.68,348.79,2.8,-215.29,3.7885043422627,-761.82,231.56,446.85,0,"	2232,2408" 
2014-02-03T21:00:00Z,"PRFT",2014-09-02T20:00:00Z,Buy,20.01,17.59,39,-94.38,6.1573590758194,-133.38,34.32,167.7,0,"	2242,2417" 
2014-02-03T21:00:00Z,"CIR",2014-11-03T21:00:00Z,Buy,71.06,74.75,14,51.66,3.6697431331116,-131.32,154.42,285.74,1,"	2229,2455" 
2014-02-03T21:00:00Z,"OSTK",2014-11-03T21:00:00Z,Buy,20.72,23.59,24,68.88,1.1610642110037,-162.24,68.88,195.84,1,"	2241,2465" 
2014-02-03T21:00:00Z,"COLM",2014-12-01T21:00:00Z,Buy,36.7,43.66,5,34.8,0.73742930741586,-8.2,41.75,40.92,1,"	2231,2485" 
2014-02-03T21:00:00Z,"MU",2015-01-02T21:00:00Z,Buy,22.81,34.75,30,358.2,0.57444301628106,-50.4,410.4,228.3,1,"	2239,2508" 
2014-02-03T21:00:00Z,"COLM",2015-03-02T21:00:00Z,Buy,36.7,56.35,16,314.4,0.540329218107,-26.24,314.4,130.96,1,"	2231,2550" 
2014-02-03T21:00:00Z,"COLM",2015-08-03T20:00:00Z,Buy,36.7,64.69,8,223.92,0.51808498741963,-13.12,278.72,65.48,1,"	2231,2675" 
2014-03-03T21:00:00Z,"BGFV",2014-04-01T20:00:00Z,Buy,14.89,16.17,17,21.76,0.54168807641634,-21.76,168.47,21.08,1,"	2255,2270" 
2014-03-03T21:00:00Z,"NXST",2014-04-01T20:00:00Z,Buy,41.9,38.49,5,-17.05,0.90018702225599,-84.6,69.7,56.25,0,"	2263,2276" 
2014-03-03T21:00:00Z,"PDFS",2014-05-01T20:00:00Z,Buy,19.36,18.93,11,-4.73,1.6896274557548,-23.43,77.55,30.47,0,"	2264,2296" 
2014-03-03T21:00:00Z,"LDOS",2014-05-01T20:00:00Z,Buy,44.67,37.29,6,-44.28,0.9192978384547,-60.18,26.1,63.78,0,"	2265,2298" 
2014-03-03T21:00:00Z,"STMP",2014-05-01T20:00:00Z,Buy,35.55,29.12,9,-57.87,1.0631031214645,-57.87,94.23,72,0,"	2266,2302" 
2014-03-03T21:00:00Z,"UHS",2014-05-01T20:00:00Z,Buy,81.07,83.32,3,6.75,2.9619329317645,-20.16,6.75,25.29,1,"	2268,2304" 
2014-03-03T21:00:00Z,"CSGS",2014-08-01T20:00:00Z,Buy,27.56,26.96,55,-33,5.0763486817531,-144.65,50.6,195.25,0,"	2256,2380" 
2014-03-03T21:00:00Z,"HLIT",2014-08-01T20:00:00Z,Buy,6.4,5.94,31,-14.26,0.67607599759271,-21.08,40.92,62,0,"	2260,2381" 
2014-03-03T21:00:00Z,"UHS",2014-08-01T20:00:00Z,Buy,81.07,105.37,6,145.8,2.5619039409193,-40.32,167.82,50.58,1,"	2268,2389" 
2014-03-03T21:00:00Z,"UTHR",2014-09-02T20:00:00Z,Buy,100.37,115.22,1,14.85,0.72725314737492,-38.79,17.46,21.67,1,"	2269,2422" 
2014-03-03T21:00:00Z,"LZB",2014-10-01T20:00:00Z,Buy,25.37,19.45,11,-65.12,1.2607150432599,-157.74,62.26,96.91,0,"	2261,2440" 
2014-03-03T21:00:00Z,"NOC",2014-10-01T20:00:00Z,Buy,121.02,128.02,3,21,2.9284114069359,-13.05,37.92,25.05,1,"	2262,2441" 
2014-03-03T21:00:00Z,"DAL",2014-11-03T21:00:00Z,Buy,32.59,40.61,6,48.12,3.429985447419,-10.14,57.84,67.98,1,"	2257,2456" 
2014-03-03T21:00:00Z,"GNTX",2014-11-03T21:00:00Z,Buy,31.14,32.68,49,75.46,1.2887948849418,-227.85,78.4,266.07,1,"	2259,2460" 
2014-03-03T21:00:00Z,"TTWO",2014-11-03T21:00:00Z,Buy,20,25.83,13,75.79,1.6438540212773,-15.47,83.85,45.11,1,"	2267,2469" 
2014-03-03T21:00:00Z,"DAL",2015-01-02T21:00:00Z,Buy,32.59,49.18,5,82.95,0.5124974588331,-8.45,83.2,56.65,1,"	2257,2502" 
2014-03-03T21:00:00Z,"NOC",2015-01-02T21:00:00Z,Buy,121.02,146.46,4,101.76,1.7533485313951,-17.4,125,49.48,1,"	2262,2509" 
2014-03-03T21:00:00Z,"TTWO",2015-03-02T21:00:00Z,Buy,20,26.06,38,230.28,1.6722898139775,-45.22,399,168.72,1,"	2267,2555" 
2014-03-03T21:00:00Z,"DAL",2015-04-01T20:00:00Z,Buy,32.59,43.26,21,224.07,0.55051490213523,-35.49,380.94,237.93,1,"	2257,2569" 
2014-03-03T21:00:00Z,"UHS",2015-06-01T20:00:00Z,Buy,81.07,131.03,2,99.92,0.60926396599314,-13.44,101.3,34.08,1,"	2268,2642" 
2014-03-03T21:00:00Z,"UHS",2015-07-01T20:00:00Z,Buy,81.07,143.09,3,186.06,1.1345357850972,-20.16,186.06,51.12,1,"	2268,2660" 
2014-03-03T21:00:00Z,"NOC",2015-08-03T20:00:00Z,Buy,121.02,172.16,2,102.28,0.75314939023283,-8.7,108.78,37.84,1,"	2262,2678" 
2014-03-03T21:00:00Z,"NOC",2015-11-02T21:00:00Z,Buy,121.02,189.54,2,137.04,0.50504766977364,-8.7,138.96,37.84,1,"	2262,2746" 
2014-04-01T20:00:00Z,"SWKS",2014-05-01T20:00:00Z,Buy,37.61,41.3,6,22.14,4.3919956687571,-16.26,27.3,16.62,1,"	2280,2292" 
2014-04-01T20:00:00Z,"BBSI",2014-05-01T20:00:00Z,Buy,61.41,50.67,5,-53.7,1.4278520682872,-222.55,197.45,62.45,0,"	2282,2293" 
2014-04-01T20:00:00Z,"BAH",2014-06-02T20:00:00Z,Buy,22.32,22.09,12,-2.76,1.5585658149586,-11.16,32.16,34.92,0,"	2281,2324" 
2014-04-01T20:00:00Z,"IDT",2014-06-02T20:00:00Z,Buy,16.99,16.64,15,-5.25,0.53824279711885,-103.2,85.05,24.45,0,"	2288,2330" 
2014-04-01T20:00:00Z,"LHCG",2014-06-02T20:00:00Z,Buy,22.3,20.38,16,-30.72,2.1213488386311,-48,67.04,30.88,0,"	2289,2332" 
2014-04-01T20:00:00Z,"SWKS",2014-08-01T20:00:00Z,Buy,37.61,52.07,8,115.68,2.023595164445,-21.68,133.04,27.84,1,"	2280,2376" 
2014-04-01T20:00:00Z,"FF",2014-09-02T20:00:00Z,Buy,21.05,14,45,-317.25,1.229802955665,-331.65,17.55,349.2,0,"	2285,2411" 
2014-04-01T20:00:00Z,"EPAM",2014-10-01T20:00:00Z,Buy,36.37,43.11,20,134.8,10.240075781621,-123.2,182.8,167,1,"	2284,2439" 
2014-04-01T20:00:00Z,"RGR",2014-10-01T20:00:00Z,Buy,63.23,47.4,6,-94.98,0.51586036789298,-102.84,130.26,132.9,0,"	2291,2442" 
2014-04-01T20:00:00Z,"SWKS",2014-11-03T21:00:00Z,Buy,37.61,60.23,4,90.48,0.51034168956044,-10.84,90.48,54.08,1,"	2280,2451" 
2014-04-01T20:00:00Z,"SWKS",2015-02-02T21:00:00Z,Buy,37.61,82.02,14,621.74,1.9307800027145,-37.94,652.12,189.28,1,"	2280,2520" 
2014-04-01T20:00:00Z,"MYGN",2015-05-01T20:00:00Z,Buy,35.15,34.18,20,-19.4,2.8469104207696,-62.8,141.2,204,0,"	2290,2597" 
2014-04-01T20:00:00Z,"BAH",2015-08-03T20:00:00Z,Buy,22.32,27.21,11,53.79,0.52698431301839,-16.5,89.65,66.22,1,"	2281,2673" 
2014-04-01T20:00:00Z,"BAH",2015-11-02T21:00:00Z,Buy,22.32,29.75,46,341.78,2.9031278775714,-69,374.9,276.92,1,"	2281,2743" 
2014-05-01T20:00:00Z,"CALM",2014-06-02T20:00:00Z,Buy,59.02,69.47,3,31.35,1.0643806110421,-1.05,32.22,3,1,"	2308,2325" 
2014-05-01T20:00:00Z,"DAKT",2014-06-02T20:00:00Z,Buy,12.98,11.97,35,-35.35,4.3532351483378,-41.3,52.15,93.45,0,"	2310,2327" 
2014-05-01T20:00:00Z,"LHCG",2014-06-02T20:00:00Z,Buy,20.82,20.38,10,-4.4,1.0906672653826,-15.2,56.7,6.8,0,"	2314,2332" 
2014-05-01T20:00:00Z,"POWI",2014-06-02T20:00:00Z,Buy,49.37,49.1,17,-4.59,1.0859200156981,-22.61,29.24,36.21,0,"	2320,2334" 
2014-05-01T20:00:00Z,"WOR",2014-06-02T20:00:00Z,Buy,37.02,40.15,8,25.04,0.52011956521739,-79.92,56.08,11.76,1,"	2323,2339" 
2014-05-01T20:00:00Z,"CALM",2014-09-02T20:00:00Z,Buy,59.02,81.34,4,89.28,0.51028188598154,-1.4,89.28,37.28,1,"	2308,2407" 
2014-05-01T20:00:00Z,"SNS",2014-09-02T20:00:00Z,Buy,431.3,348.79,0.2,-16.5,0.50251328609389,-55.54,15.42,19.84,0,"	2309,2408" 
2014-05-01T20:00:00Z,"DAKT",2014-09-02T20:00:00Z,Buy,12.98,13.36,65,24.7,0.66496960486322,-127.4,96.85,224.25,1,"	2310,2409" 
2014-05-01T20:00:00Z,"MOV",2014-09-02T20:00:00Z,Buy,39.03,37.58,28,-40.6,1.1404028512416,-59.08,140.28,195.16,0,"	2316,2415" 
2014-05-01T20:00:00Z,"OSK",2014-09-02T20:00:00Z,Buy,54.94,49.6,4,-21.36,0.50989731579896,-40.08,20.28,46.88,0,"	2319,2416" 
2014-05-01T20:00:00Z,"CALM",2014-10-01T20:00:00Z,Buy,59.02,87.8,3,86.34,0.50737154371432,-1.05,96.99,27.96,1,"	2308,2436" 
2014-05-01T20:00:00Z,"AVT",2014-11-03T21:00:00Z,Buy,43.04,43.02,5,-0.1,1.381800263664,-32.5,10.55,43.05,0,"	2307,2454" 
2014-05-01T20:00:00Z,"ENS",2014-11-03T21:00:00Z,Buy,67.13,62.46,3,-14.01,0.50745005918911,-106.08,20.22,59.94,0,"	2311,2458" 
2014-05-01T20:00:00Z,"NP",2014-11-03T21:00:00Z,Buy,50.23,61.73,5,57.5,1.6604525502122,-12.05,57.5,29.9,1,"	2317,2463" 
2014-05-01T20:00:00Z,"OSTK",2014-11-03T21:00:00Z,Buy,15.33,23.59,16,132.16,0.53827715355805,-21.92,132.16,50.4,1,"	2318,2465" 
2014-05-01T20:00:00Z,"UNF",2015-01-02T21:00:00Z,Buy,95.76,120.15,2,48.78,4.17966462642,-3.08,55.28,27.92,1,"	2321,2511" 
2014-05-01T20:00:00Z,"ANK",2015-02-02T21:00:00Z,Buy,57.15,67.42,4,41.08,0.50965861078249,-16.04,64.04,44.32,1,"	2306,2521" 
2014-05-01T20:00:00Z,"LRW",2015-02-02T21:00:00Z,Buy,26.67,22.38,42,-180.18,1.241644276866,-277.62,190.68,468.3,0,"	2313,2526" 
2014-05-01T20:00:00Z,"VMW",2015-03-02T21:00:00Z,Buy,92.05,86.59,11,-60.06,1.0680779635628,-186.89,127.49,314.38,0,"	2322,2556" 
2014-05-01T20:00:00Z,"GES",2015-04-01T20:00:00Z,Buy,27.04,18.23,10,-88.1,0.52513011152416,-103.1,44.1,117.2,0,"	2312,2572" 
2014-05-01T20:00:00Z,"AVT",2015-06-01T20:00:00Z,Buy,43.04,44.06,28,28.56,4.0082584698803,-182,114.24,241.08,1,"	2307,2633" 
2014-05-01T20:00:00Z,"CALM",2015-06-01T20:00:00Z,Buy,29.51,57.29,12,333.36,0.53031751631681,-2.1,364.2,156.48,1,"	2308,2634" 
2014-05-01T20:00:00Z,"CALM",2015-10-01T20:00:00Z,Buy,29.51,56.47,14,377.44,3.758552498895,-2.45,424.9,182.56,1,"	2308,2720" 
2014-05-01T20:00:00Z,"NP",2015-10-01T20:00:00Z,Buy,50.23,58.27,4,32.16,0.5099982841455,-9.64,52.08,31.2,1,"	2317,2727" 
2014-06-02T20:00:00Z,"KELYA",2014-07-01T20:00:00Z,Buy,17.67,17.57,14,-1.4,0.53482263513514,-18.76,115.08,23.24,0,"	2352,2363" 
2014-06-02T20:00:00Z,"HLS",2014-08-01T20:00:00Z,Buy,34.84,38.48,6,21.84,0.51488041002278,-28.74,30.66,10.74,1,"	2348,2382" 
2014-06-02T20:00:00Z,"MOD",2014-08-01T20:00:00Z,Buy,14.94,13.25,63,-106.47,3.265301356186,-106.47,67.41,173.88,0,"	2353,2384" 
2014-06-02T20:00:00Z,"PPC",2014-08-01T20:00:00Z,Buy,25.92,28.82,8,23.2,1.1352378060302,-12.08,46.32,30,1,"	2355,2386" 
2014-06-02T20:00:00Z,"RBIN",2014-08-01T20:00:00Z,Buy,52.7,42.31,4,-41.56,0.50991906644081,-122.38,32.04,46.8,0,"	2357,2387" 
2014-06-02T20:00:00Z,"ALG",2014-09-02T20:00:00Z,Buy,52.3,49.03,4,-13.08,0.5100887345679,-99.68,33.56,35.4,0,"	2341,2406" 
2014-06-02T20:00:00Z,"EGY",2014-09-02T20:00:00Z,Buy,6.29,8.88,27,69.93,2.2376895079604,0,84.51,21.6,1,"	2345,2410" 
2014-06-02T20:00:00Z,"PRFT",2014-09-02T20:00:00Z,Buy,17.32,17.59,13,3.51,0.92517503272763,-9.49,46.41,48.1,1,"	2356,2417" 
2014-06-02T20:00:00Z,"SKX",2014-09-02T20:00:00Z,Buy,44.68,61.23,4,66.2,3.4521363587733,-1.28,66.2,12,1,"	2358,2419" 
2014-06-02T20:00:00Z,"TASR",2014-09-02T20:00:00Z,Buy,13.32,17.54,21,88.62,0.55269781461944,-124.95,150.78,79.38,1,"	2359,2420" 
2014-06-02T20:00:00Z,"GNTX",2014-11-03T21:00:00Z,Buy,28.79,32.68,8,31.12,0.51991009681881,-18.4,31.6,30.24,1,"	2346,2460" 
2014-06-02T20:00:00Z,"ICFI",2014-11-03T21:00:00Z,Buy,37.15,36.26,8,-7.12,1.0745892747782,-53.76,33.2,64.4,0,"	2351,2461" 
2014-06-02T20:00:00Z,"PPC",2014-11-03T21:00:00Z,Buy,25.92,28.9,10,29.8,3.4268661555111,-15.1,67.6,67.7,1,"	2355,2466" 
2014-06-02T20:00:00Z,"EGY",2014-12-01T21:00:00Z,Buy,6.29,5.94,69,-24.15,0.6788219895288,-38.64,215.97,254.61,0,"	2345,2487" 
2014-06-02T20:00:00Z,"WNC",2014-12-01T21:00:00Z,Buy,13.77,10.54,15,-48.45,0.53771913805698,-64.2,14.85,79.05,0,"	2360,2489" 
2014-06-02T20:00:00Z,"CRUS",2015-01-02T21:00:00Z,Buy,22.02,23.71,44,74.36,3.0137543938439,-226.16,123.64,349.8,1,"	2343,2501" 
2014-06-02T20:00:00Z,"HURN",2015-02-02T21:00:00Z,Buy,67.97,75.13,16,114.56,8.1131592745425,-120.48,158.72,173.6,1,"	2349,2525" 
2014-06-02T20:00:00Z,"HVT",2015-04-01T20:00:00Z,Buy,24.97,24.05,11,-10.12,0.63861293672975,-95.7,70.07,73.59,0,"	2347,2574" 
2014-06-02T20:00:00Z,"HPQ",2015-05-01T20:00:00Z,Buy,33.43,33.8,6,2.22,1.0925858841205,-35.88,43.74,57.36,1,"	2350,2593" 
2014-06-02T20:00:00Z,"PPC",2015-05-01T20:00:00Z,Buy,25.92,25.44,27,-12.96,2.8789865605728,-89.91,315.09,405,0,"	2355,2599" 
2014-06-02T20:00:00Z,"SKX",2015-05-01T20:00:00Z,Buy,44.68,91.67,7,328.93,0.51784058051601,-2.24,328.93,101.85,1,"	2358,2603" 
2014-06-02T20:00:00Z,"SKX",2015-08-03T20:00:00Z,Buy,44.68,148.65,5,519.85,0.51235044865404,-1.6,528.85,72.75,1,"	2358,2679" 
2014-06-02T20:00:00Z,"ABFS",2015-12-01T21:00:00Z,Buy,42.63,24.33,5,-91.5,1.3320150284396,-105.05,23.5,116.25,0,"	2340,2770" 
2014-06-02T20:00:00Z,"DECK",2015-12-01T21:00:00Z,Buy,78.43,48.91,3,-88.56,0.50761062233148,-140.7,117.63,159.27,0,"	2344,2772" 
2014-06-02T20:00:00Z,"MRVL",2015-12-01T21:00:00Z,Buy,15.92,9.38,13,-85.02,0.93934885352912,-102.31,8.71,111.02,0,"	2354,2776" 
2014-07-01T20:00:00Z,"NUS",2014-08-01T20:00:00Z,Buy,73.48,59.03,3,-43.35,0.50745132504056,-44.37,193.77,44.37,0,"	2370,2385" 
2014-07-01T20:00:00Z,"THO",2014-08-01T20:00:00Z,Buy,56.93,52.63,5,-21.5,0.9980233823733,-109.05,36.15,21.5,0,"	2373,2388" 
2014-07-01T20:00:00Z,"OSK",2014-09-02T20:00:00Z,Buy,56.84,49.6,4,-28.96,0.70257853116665,-47.68,12.68,46.88,0,"	2371,2416" 
2014-07-01T20:00:00Z,"PSX",2014-11-03T21:00:00Z,Buy,80.6,76.68,4,-15.68,1.0648844030217,-50.84,27.64,78.48,0,"	2372,2467" 
2014-07-01T20:00:00Z,"PSX",2015-02-02T21:00:00Z,Buy,80.6,72.8,3,-23.4,0.50777002988473,-64.53,20.73,85.26,0,"	2372,2529" 
2014-07-01T20:00:00Z,"VLO",2015-02-02T21:00:00Z,Buy,50.31,54.42,5,20.55,1.0706050497341,-32.75,20.55,52.45,1,"	2375,2532" 
2014-07-01T20:00:00Z,"NSIT",2015-05-01T20:00:00Z,Buy,31.45,28.07,40,-135.2,3.2162116761849,-378.4,1.6,380,0,"	2369,2598" 
2014-07-01T20:00:00Z,"PSX",2015-05-01T20:00:00Z,Buy,80.6,81.61,15,15.15,2.6495743638858,-322.65,103.65,426.3,1,"	2372,2600" 
2014-07-01T20:00:00Z,"VLO",2015-10-01T20:00:00Z,Buy,50.31,62.24,4,47.72,1.2953265332522,-26.2,80.48,52.12,1,"	2375,2730" 
2014-08-01T20:00:00Z,"UBNT",2014-09-02T20:00:00Z,Buy,39.07,46.68,15,114.15,1.0769152300819,-7.65,114.15,18.6,1,"	2403,2421" 
2014-08-01T20:00:00Z,"AAPL",2014-10-01T20:00:00Z,Buy,96.13,99.18,2,6.1,2.0133113667157,-3.3,14.34,10.86,1,"	2390,2435" 
2014-08-01T20:00:00Z,"CIR",2014-11-03T21:00:00Z,Buy,65.06,74.75,3,29.07,0.77202361538571,-10.14,51.09,31.38,1,"	2392,2455" 
2014-08-01T20:00:00Z,"ICFI",2014-11-03T21:00:00Z,Buy,34.43,36.26,6,10.98,0.74921305999279,-24,41.22,31.56,1,"	2397,2461" 
2014-08-01T20:00:00Z,"KWR",2014-11-03T21:00:00Z,Buy,71.04,83.27,4,48.92,0.51006089788982,-100.52,48.92,38.56,1,"	2398,2462" 
2014-08-01T20:00:00Z,"NTCT",2014-11-03T21:00:00Z,Buy,42.4,37.31,6,-30.54,1.0899538753979,-63,29.58,92.58,0,"	2401,2464" 
2014-08-01T20:00:00Z,"FSLR",2014-12-01T21:00:00Z,Buy,62.03,45.76,4,-65.08,0.50982887022659,-102.24,47.28,108.08,0,"	2394,2488" 
2014-08-01T20:00:00Z,"GLW",2015-01-02T21:00:00Z,Buy,19.88,23.01,13,40.69,3.4339007184808,-30.94,44.72,49.27,1,"	2395,2504" 
2014-08-01T20:00:00Z,"HP",2015-01-02T21:00:00Z,Buy,105.48,67.34,13,-495.82,7.0389441164372,-586.82,23.14,609.96,0,"	2396,2505" 
2014-08-01T20:00:00Z,"MTRX",2015-01-02T21:00:00Z,Buy,26.71,22.24,8,-35.76,0.519895716946,-60.16,84,79.52,0,"	2400,2507" 
2014-08-01T20:00:00Z,"AAPL",2015-02-02T21:00:00Z,Buy,96.13,118.63,3,67.5,1.7497051531732,-4.95,68.61,39.03,1,"	2390,2519" 
2014-08-01T20:00:00Z,"NTCT",2015-02-02T21:00:00Z,Buy,42.4,35.81,24,-158.16,2.2300243531059,-252,118.32,370.32,0,"	2401,2528" 
2014-08-01T20:00:00Z,"DLX",2015-04-01T20:00:00Z,Buy,55.05,68.72,5,68.35,3.6202057177351,-9.05,70.95,34.9,1,"	2393,2570" 
2014-08-01T20:00:00Z,"ZBRA",2015-04-01T20:00:00Z,Buy,80.31,89.56,14,129.5,2.9192661404171,-273.14,169.26,304.5,1,"	2405,2576" 
2014-08-01T20:00:00Z,"DLX",2015-05-01T20:00:00Z,Buy,55.05,65.49,23,240.12,3.2246514683272,-41.63,333.96,160.54,1,"	2393,2590" 
2014-08-01T20:00:00Z,"GLW",2015-05-01T20:00:00Z,Buy,19.88,21.44,60,93.6,0.68438604873387,-142.8,307.2,244.2,1,"	2395,2592" 
2014-08-01T20:00:00Z,"LSCC",2015-05-01T20:00:00Z,Buy,6.86,6.12,129,-95.46,3.9834185585963,-119.97,105.78,225.75,0,"	2399,2594" 
2014-08-01T20:00:00Z,"AVT",2015-06-01T20:00:00Z,Buy,42.58,44.06,6,8.88,1.0258479441052,-36.24,27.24,50.52,1,"	2391,2633" 
2014-08-01T20:00:00Z,"AAPL",2015-09-01T20:00:00Z,Buy,96.13,107.72,2,23.18,0.50477651649521,-3.3,73.74,59.76,1,"	2390,2695" 
2014-09-02T20:00:00Z,"DMLP",2014-10-01T20:00:00Z,Buy,33.98,29.92,11,-44.66,1.1898486795675,-58.41,0,58.41,0,"	2429,2438" 
2014-09-02T20:00:00Z,"ARLP",2014-11-03T21:00:00Z,Buy,50.09,49.4,11,-7.59,6.4826981259446,-126.39,0,126.39,0,"	2424,2453" 
2014-09-02T20:00:00Z,"DMLP",2014-11-03T21:00:00Z,Buy,33.98,26.65,12,-87.96,0.52910447761194,-102.24,0,102.24,0,"	2429,2457" 
2014-09-02T20:00:00Z,"DLB",2015-02-02T21:00:00Z,Buy,46.21,38.71,42,-315,5.6681463139563,-324.24,0,324.24,0,"	2428,2523" 
2014-09-02T20:00:00Z,"HURN",2015-02-02T21:00:00Z,Buy,60.58,75.13,4,58.2,0.51001653439153,-0.56,69.24,25.44,1,"	2432,2525" 
2014-09-02T20:00:00Z,"GPRE",2015-04-01T20:00:00Z,Buy,44.68,29.69,21,-314.79,4.0521202891755,-507.78,22.47,530.25,0,"	2431,2573" 
2014-09-02T20:00:00Z,"ARLP",2015-05-01T20:00:00Z,Buy,50.09,34.2,27,-429.03,2.7230454490952,-487.35,0,487.35,0,"	2424,2589" 
2014-09-02T20:00:00Z,"DMLP",2015-05-01T20:00:00Z,Buy,33.98,22.8,42,-469.56,4.2447218913412,-486.78,0,486.78,0,"	2429,2591" 
2014-09-02T20:00:00Z,"DV",2015-06-01T20:00:00Z,Buy,42.73,32.32,28,-291.48,3.3766570791158,-355.32,180.6,535.92,0,"	2430,2636" 
2014-09-02T20:00:00Z,"BABY",2015-08-03T20:00:00Z,Buy,29.06,44.53,5,77.35,1.1001982632052,-4,86.35,30.15,1,"	2425,2672" 
2014-09-02T20:00:00Z,"CTSH",2015-09-01T20:00:00Z,Buy,45.88,61.23,4,61.4,1.0749415206385,-10.28,90.24,37.84,1,"	2427,2698" 
2014-09-02T20:00:00Z,"RSC",2015-09-01T20:00:00Z,Buy,106.48,50.24,6,-337.44,4.3150024504077,-375.78,5.16,380.94,0,"	2434,2706" 
2014-09-02T20:00:00Z,"INTC",2015-10-01T20:00:00Z,Buy,34.57,30,44,-201.08,3.2482071036688,-382.8,136.4,519.2,0,"	2433,2723" 
2014-10-01T20:00:00Z,"EW",2014-11-03T21:00:00Z,Buy,103.39,119.93,3,49.62,2.943068272258,-16.17,52.59,26.73,1,"	2445,2459" 
2014-10-01T20:00:00Z,"GNTX",2014-11-03T21:00:00Z,Buy,26.49,32.68,10,61.9,0.52473851326111,0,62.5,11.8,1,"	2447,2460" 
2014-10-01T20:00:00Z,"MED",2015-01-02T21:00:00Z,Buy,31.78,32.24,6,2.76,3.4943931412557,-14.34,12.06,20.52,1,"	2449,2506" 
2014-10-01T20:00:00Z,"MPC",2015-02-02T21:00:00Z,Buy,82.44,93.91,3,34.41,1.0441192650276,-18.51,43.44,60.21,1,"	2450,2527" 
2014-10-01T20:00:00Z,"MED",2015-03-02T21:00:00Z,Buy,31.78,32.35,23,13.11,2.0905126007113,-54.97,46.23,78.66,1,"	2449,2551" 
2014-10-01T20:00:00Z,"EW",2015-04-01T20:00:00Z,Buy,103.39,140.7,2,74.62,0.90211485059052,-10.78,91.12,19.88,1,"	2445,2571" 
2014-10-01T20:00:00Z,"FD",2015-07-01T20:00:00Z,Buy,57.76,67.71,3,29.85,3.2176255241432,-8.31,38.64,19.74,1,"	2446,2654" 
2014-10-01T20:00:00Z,"FD",2015-12-01T21:00:00Z,Buy,57.76,39.33,24,-442.32,4.4203537512608,-473.52,360.96,834.48,0,"	2446,2773" 
2014-11-03T21:00:00Z,"WSM",2014-12-01T21:00:00Z,Buy,64.96,73.1,5,40.7,1.3124995804908,-3.15,51.3,10.6,1,"	2482,2490" 
2014-11-03T21:00:00Z,"DLB",2015-02-02T21:00:00Z,Buy,42.15,38.71,10,-34.4,0.52513716603053,-36.6,40.6,73.4,0,"	2473,2523" 
2014-11-03T21:00:00Z,"TSN",2015-02-02T21:00:00Z,Buy,40.83,39.57,5,-6.3,0.91548643341369,-66.35,15.9,21.6,0,"	2479,2531" 
2014-11-03T21:00:00Z,"CHE",2015-03-02T21:00:00Z,Buy,104.64,117.88,5,66.2,3.4487114139046,-17.55,66.2,48.5,1,"	2471,2549" 
2014-11-03T21:00:00Z,"MED",2015-03-02T21:00:00Z,Buy,31.98,32.35,7,2.59,0.51763232514178,-18.13,12.67,23.94,1,"	2475,2551" 
2014-11-03T21:00:00Z,"TPL",2015-03-02T21:00:00Z,Buy,156.45,138.25,4,-72.8,1.0247037671835,-196.84,12.64,209.48,0,"	2478,2553" 
2014-11-03T21:00:00Z,"VMW",2015-03-02T21:00:00Z,Buy,84.27,86.59,5,11.6,1.0515575072071,-46.05,96.85,66.15,1,"	2480,2556" 
2014-11-03T21:00:00Z,"WLK",2015-03-02T21:00:00Z,Buy,71.04,67.38,17,-62.22,1.0856898781465,-295.29,6.12,301.41,0,"	2481,2557" 
2014-11-03T21:00:00Z,"HVT",2015-04-01T20:00:00Z,Buy,21.77,24.05,12,27.36,0.52967287596547,-66,114.84,33.96,1,"	2474,2574" 
2014-11-03T21:00:00Z,"MSM",2015-05-01T20:00:00Z,Buy,81.03,71.58,23,-217.35,9.8293942767862,-250.24,80.04,330.28,0,"	2476,2596" 
2014-11-03T21:00:00Z,"XRX",2015-05-01T20:00:00Z,Buy,13.29,11.52,100,-177,6.5971882606042,-179,103,282,0,"	2483,2605" 
2014-11-03T21:00:00Z,"CHE",2015-08-03T20:00:00Z,Buy,104.64,149.08,3,133.32,0.9149747354875,-10.53,133.32,29.1,1,"	2471,2674" 
2014-11-03T21:00:00Z,"NHC",2015-09-01T20:00:00Z,Buy,60.35,59.44,4,-3.64,2.011570782019,-4.4,23.84,28.24,0,"	2477,2703" 
2014-11-03T21:00:00Z,"CHE",2015-11-02T21:00:00Z,Buy,104.64,156.75,8,416.88,5.7789326905421,-28.08,424.64,190.56,1,"	2471,2744" 
2014-12-01T21:00:00Z,"LRW",2015-02-02T21:00:00Z,Buy,22.27,22.38,12,1.32,0.52911111111111,-26.52,107.28,34.56,1,"	2493,2526" 
2014-12-01T21:00:00Z,"SANM",2015-02-02T21:00:00Z,Buy,24.13,20.87,28,-91.28,5.1750925060339,-91.28,26.04,117.32,0,"	2496,2530" 
2014-12-01T21:00:00Z,"TSRA",2015-03-02T21:00:00Z,Buy,34.41,41.93,5,37.6,1.0961386489604,-7.05,37.6,19.2,1,"	2497,2554" 
2014-12-01T21:00:00Z,"ZBRA",2015-04-01T20:00:00Z,Buy,72.9,89.56,3,49.98,0.56718560713993,-36.3,58.5,19.74,1,"	2500,2576" 
2014-12-01T21:00:00Z,"GLW",2015-05-01T20:00:00Z,Buy,20.91,21.44,12,6.36,0.52984300666032,-40.92,49.08,48.84,1,"	2492,2592" 
2014-12-01T21:00:00Z,"MYGN",2015-05-01T20:00:00Z,Buy,33.01,34.18,7,8.19,0.51722860125261,-7,64.4,48.02,1,"	2494,2597" 
2014-12-01T21:00:00Z,"UEPS",2015-07-01T20:00:00Z,Buy,12.22,18.68,30,193.8,2.3491911884154,-51.9,215.7,71.7,1,"	2498,2659" 
2014-12-01T21:00:00Z,"RSC",2015-09-01T20:00:00Z,Buy,62.78,50.24,4,-50.16,0.50992255413308,-75.72,178.24,92.64,0,"	2495,2706" 
2015-01-02T21:00:00Z,"NVDA",2015-06-01T20:00:00Z,Buy,20.13,22.38,11.999968799988,27,1.5474234727812,-26.52,133.68,34.08,1,"	2514,2640" 
2015-01-02T21:00:00Z,"NVDA",2015-09-01T20:00:00Z,Buy,20.13,21.56,23,32.89,1.009081637384,-50.83,256.22,95.68,1,"	2514,2705" 
2015-01-02T21:00:00Z,"LRCX",2015-10-01T20:00:00Z,Buy,79.45,64.44,17,-255.17,1.0844799399983,-300.56,85.51,386.07,0,"	2513,2726" 
2015-01-02T21:00:00Z,"NVDA",2015-12-01T21:00:00Z,Buy,20.13,32.75,13,164.06,2.3427842332299,-28.73,164.06,54.08,1,"	2514,2777" 
2015-01-02T21:00:00Z,"ZUMZ",2015-12-01T21:00:00Z,Buy,38.21,14.94,26,-605.02,4.1655084242849,-621.4,82.94,704.34,0,"	2518,2781" 
2015-02-02T21:00:00Z,"TPL",2015-03-02T21:00:00Z,Buy,118.91,138.25,2,38.68,0.50514539160537,-23.34,81.4,27.06,1,"	2545,2553" 
2015-02-02T21:00:00Z,"GES",2015-04-01T20:00:00Z,Buy,18.23,18.23,13,0,1.0726106215647,-19.5,171.86,29.64,0,"	2539,2572" 
2015-02-02T21:00:00Z,"KFRC",2015-05-01T20:00:00Z,Buy,23.67,22.73,57,-53.58,1.3090716714025,-106.02,58.71,164.73,0,"	2542,2601" 
2015-02-02T21:00:00Z,"SAIA",2015-05-01T20:00:00Z,Buy,41.87,41.08,4.0000164999917,-3.16,0.51242875801472,-114.15,58.64,28.52,0,"	2543,2602" 
2015-02-02T21:00:00Z,"SMP",2015-05-01T20:00:00Z,Buy,37.5,36.25,6,-7.5,0.51542786615469,-163.26,47.7,39.42,0,"	2544,2604" 
2015-02-02T21:00:00Z,"XRX",2015-05-01T20:00:00Z,Buy,13.38,11.52,16,-29.76,0.95683083112468,-30.08,15.04,40,0,"	2548,2605" 
2015-02-02T21:00:00Z,"AVT",2015-06-01T20:00:00Z,Buy,41.9,44.06,6,12.96,0.73104585820592,-32.16,31.32,26.94,1,"	2534,2633" 
2015-02-02T21:00:00Z,"CRMT",2015-07-01T20:00:00Z,Buy,53.64,50.02,20,-72.4,1.9845412279137,-926.8,67.2,153.6,0,"	2537,2653" 
2015-02-02T21:00:00Z,"MU",2015-08-03T20:00:00Z,Buy,28.44,19,36,-339.84,4.160344555713,-406.44,140.04,546.48,0,"	2541,2677" 
2015-02-02T21:00:00Z,"BBY",2015-09-01T20:00:00Z,Buy,34.97,35.45,12,5.76,7.7907495314135,-68.4,81.6,150,1,"	2535,2697" 
2015-02-02T21:00:00Z,"IDT",2015-09-01T20:00:00Z,Buy,21.59,15.05,56,-366.24,6.5315107583691,-366.24,63.84,430.08,0,"	2540,2700" 
2015-02-02T21:00:00Z,"ACCO",2015-11-02T21:00:00Z,Buy,8.13,8.17,137,5.48,4.7308746219783,-175.36,76.72,252.08,1,"	2533,2742" 
2015-02-02T21:00:00Z,"VDSI",2015-11-02T21:00:00Z,Buy,21.74,19.32,26,-62.92,8.1970226869876,-167.96,335.14,503.1,0,"	2547,2750" 
2015-03-02T21:00:00Z,"GPRE",2015-04-01T20:00:00Z,Buy,23.49,29.69,9,55.8,0.52273225806452,-26.91,200.34,25.11,1,"	2560,2573" 
2015-03-02T21:00:00Z,"MSM",2015-05-01T20:00:00Z,Buy,73.18,71.58,5,-8,0.51253253870393,-15.15,56.65,18.25,0,"	2563,2596" 
2015-03-02T21:00:00Z,"STRA",2015-07-01T20:00:00Z,Buy,61.23,43.23,17,-306,2.4713634478481,-308.21,38.59,346.8,0,"	2567,2658" 
2015-03-02T21:00:00Z,"KLIC",2015-09-01T20:00:00Z,Buy,16.33,10.59,86,-493.64,3.4939800475583,-544.38,0,544.38,0,"	2561,2701" 
2015-03-02T21:00:00Z,"RSC",2015-09-01T20:00:00Z,Buy,54.95,50.24,4,-18.84,0.51010853568801,-44.4,209.56,92.64,0,"	2566,2706" 
2015-03-02T21:00:00Z,"CTB",2015-10-01T20:00:00Z,Buy,38.52,39.5,7,6.86,6.1059132548668,-49.42,36.19,85.61,1,"	2559,2721" 
2015-03-02T21:00:00Z,"OSTK",2015-11-02T21:00:00Z,Buy,23.86,16.23,40,-305.2,12.781852760813,-328,77.2,405.2,0,"	2565,2747" 
2015-04-01T20:00:00Z,"ARLP",2015-05-01T20:00:00Z,Buy,32.99,34.2,9,10.89,0.52220385880945,-8.55,153.9,12.51,1,"	2577,2589" 
2015-04-01T20:00:00Z,"LSCC",2015-05-01T20:00:00Z,Buy,6.28,6.12,40,-6.4,0.59905362776025,-14,56,23.2,0,"	2581,2594" 
2015-04-01T20:00:00Z,"MERC",2015-05-01T20:00:00Z,Buy,15.69,14.26,70,-100.1,4.4828987696673,-111.3,0,111.3,0,"	2582,2595" 
2015-04-01T20:00:00Z,"PPC",2015-05-01T20:00:00Z,Buy,23.76,25.44,10,16.8,0.52629482071713,-11.7,138.3,16,1,"	2584,2599" 
2015-04-01T20:00:00Z,"KFRC",2015-05-01T20:00:00Z,Buy,22.48,22.73,9,2.25,0.6651047304965,-6.03,19.98,4.41,1,"	2585,2601" 
2015-04-01T20:00:00Z,"CENX",2015-07-01T20:00:00Z,Buy,14.12,10.12,47,-188,2.3214360058865,-188,22.56,210.56,0,"	2578,2652" 
2015-04-01T20:00:00Z,"UEIC",2015-08-03T20:00:00Z,Buy,56.35,50.71,4,-22.56,0.86246617018161,-119.88,40.04,39.36,0,"	2587,2680" 
2015-04-01T20:00:00Z,"SMCI",2015-10-01T20:00:00Z,Buy,33.72,26.61,26,-184.86,4.7210429882693,-246.48,105.3,351.78,0,"	2586,2728" 
2015-04-01T20:00:00Z,"PLUS",2015-12-01T21:00:00Z,Buy,88.42,87.54,5,-4.4,1.042922076206,-76.75,68.05,76.75,0,"	2583,2775" 
2015-05-01T20:00:00Z,"SWKS",2015-06-01T20:00:00Z,Buy,98.3,109.45,3,33.45,1.2890288884749,-11.19,33.45,13.62,1,"	2607,2632" 
2015-05-01T20:00:00Z,"CNC",2015-06-01T20:00:00Z,Buy,62.9,75.9,3,39,1.0608264360998,0,39,4.59,1,"	2613,2635" 
2015-05-01T20:00:00Z,"FARO",2015-06-01T20:00:00Z,Buy,40.51,43.39,17,48.96,1.0854917996373,-9.52,53.04,9.52,1,"	2617,2637" 
2015-05-01T20:00:00Z,"IMKTA",2015-06-01T20:00:00Z,Buy,43.06,48.38,6,31.92,3.0282663670221,-13.14,49.5,17.58,1,"	2618,2638" 
2015-05-01T20:00:00Z,"KSS",2015-06-01T20:00:00Z,Buy,73.09,64.67,4,-33.68,5.1194225408196,-33.92,5.76,39.68,0,"	2620,2639" 
2015-05-01T20:00:00Z,"STMP",2015-06-01T20:00:00Z,Buy,62.01,68.56,3,19.65,1.3727620004347,-4.02,33.12,17.28,1,"	2627,2641" 
2015-05-01T20:00:00Z,"CRMT",2015-07-01T20:00:00Z,Buy,51.81,50.02,3.0000104999948,-5.37,0.76502957488495,-133.53,15.57,14.79,0,"	2612,2653" 
2015-05-01T20:00:00Z,"LHCG",2015-07-01T20:00:00Z,Buy,31.64,37.53,6,35.34,4.130497607284,-8.94,53.82,20.82,1,"	2621,2657" 
2015-05-01T20:00:00Z,"STRA",2015-07-01T20:00:00Z,Buy,50.4,43.23,4,-28.68,0.88708128020239,-29.2,52.4,29.24,0,"	2628,2658" 
2015-05-01T20:00:00Z,"AMWD",2015-08-03T20:00:00Z,Buy,52.24,64.66,5,62.1,3.7057171833834,-18.2,67.6,20.35,1,"	2608,2671" 
2015-05-01T20:00:00Z,"DEPO",2015-08-03T20:00:00Z,Buy,23.86,31.17,18,131.58,4.5928289028469,-71.28,169.56,81.18,1,"	2616,2676" 
2015-05-01T20:00:00Z,"AMWD",2015-09-01T20:00:00Z,Buy,52.24,64.83,4,50.36,2.9626878405685,-14.56,62.24,27.08,1,"	2608,2696" 
2015-05-01T20:00:00Z,"DLTR",2015-09-01T20:00:00Z,Buy,77.73,69.65,3,-24.24,1.7675564952229,-24.24,14.01,38.25,0,"	2615,2699" 
2015-05-01T20:00:00Z,"KLIC",2015-09-01T20:00:00Z,Buy,15.61,10.59,19,-95.38,0.80726660943829,-106.59,13.68,106.59,0,"	2619,2701" 
2015-05-01T20:00:00Z,"STMP",2015-09-01T20:00:00Z,Buy,62.01,79.54,3,52.59,2.9177837995963,-4.02,78.72,34.08,1,"	2627,2707" 
2015-05-01T20:00:00Z,"DLTR",2015-10-01T20:00:00Z,Buy,77.73,67.44,22,-226.38,0.55564356435644,-272.58,102.74,375.32,0,"	2615,2722" 
2015-05-01T20:00:00Z,"LHCG",2015-10-01T20:00:00Z,Buy,31.64,42.97,5,56.65,0.51199743131561,-7.45,97.4,40.75,1,"	2621,2725" 
2015-05-01T20:00:00Z,"UNH",2015-10-01T20:00:00Z,Buy,113.2,116.61,2,6.82,5.6860502663676,-6.44,25.32,31.76,1,"	2629,2729" 
2015-05-01T20:00:00Z,"ABFS",2015-12-01T21:00:00Z,Buy,36.75,24.33,6,-74.52,0.75242165328874,-90.78,63.48,77.88,0,"	2606,2770" 
2015-05-01T20:00:00Z,"AMWD",2015-12-01T21:00:00Z,Buy,52.24,84.96,5,163.6,0.51294964028777,-18.2,163.6,41.9,1,"	2608,2771" 
2015-05-01T20:00:00Z,"SCVL",2015-12-01T21:00:00Z,Buy,26.16,21.78,39,-170.82,0.59768671007277,-855.66,140.79,449.28,0,"	2625,2778" 
2015-05-01T20:00:00Z,"STMP",2015-12-01T21:00:00Z,Buy,62.01,101.32,5,196.55,4.0821321240343,-6.7,214.6,82.7,1,"	2627,2779" 
2015-05-01T20:00:00Z,"ZUMZ",2015-12-01T21:00:00Z,Buy,31.89,14.94,7,-118.65,0.51759933774834,-123.06,66.57,123.06,0,"	2631,2781" 
2015-06-01T20:00:00Z,"DECK",2015-12-01T21:00:00Z,Buy,68.35,48.91,4,-77.76,0.51002934702861,-147.28,197.16,119.36,0,"	2647,2772" 
2015-06-01T20:00:00Z,"SYKE",2015-12-01T21:00:00Z,Buy,24.31,31.83,11,82.72,2.0749127031282,-7.04,82.72,22,1,"	2651,2780" 
2015-07-01T20:00:00Z,"ABMD",2015-08-03T20:00:00Z,Buy,66.16,77.4,10,112.4,3.2536277817179,-17.7,113,28.6,1,"	2662,2670" 
2015-07-01T20:00:00Z,"AEIS",2015-10-01T20:00:00Z,Buy,27.61,26.14,46,-67.62,6.3962547697025,-190.44,5.52,195.96,0,"	2663,2719" 
2015-07-01T20:00:00Z,"INTC",2015-10-01T20:00:00Z,Buy,30.18,30,7,-1.26,0.51736193293886,-30.17,52.43,32.83,0,"	2666,2723" 
2015-08-03T20:00:00Z,"KLIC",2015-09-01T20:00:00Z,Buy,10.09,10.59,21,10.5,1.1127561171246,-1.89,131.04,12.18,1,"	2685,2701" 
2015-08-03T20:00:00Z,"NPK",2015-09-01T20:00:00Z,Buy,78.87,79.41,3,1.62,5.7337751024232,-11.37,15.12,26.49,1,"	2687,2704" 
2015-08-03T20:00:00Z,"RSC",2015-09-01T20:00:00Z,Buy,50.43,50.24,5,-0.95,0.51220710689388,-32.9,284.55,45.9,0,"	2690,2706" 
2015-08-03T20:00:00Z,"SMCI",2015-10-01T20:00:00Z,Buy,26.61,26.61,9,0,0.52244938132733,-21.33,100.44,33.03,0,"	2691,2728" 
2015-08-03T20:00:00Z,"OSTK",2015-11-02T21:00:00Z,Buy,21.13,16.23,13,-63.7,0.53245392249527,-71.11,60.58,98.54,0,"	2689,2747" 
2015-09-01T20:00:00Z,"UFPI",2015-11-02T21:00:00Z,Buy,58.8,74.72,7,111.44,4.2736044827316,-7.84,114.66,33.81,1,"	2718,2749" 
2015-09-01T20:00:00Z,"ABFS",2015-12-01T21:00:00Z,Buy,27.61,24.33,11,-36.08,1.3211327206863,-65.89,216.92,59.29,0,"	2709,2770" 
2015-09-01T20:00:00Z,"GMED",2015-12-01T21:00:00Z,Buy,23.83,27.73,17,66.3,1.2020138337329,-53.89,66.3,68.51,1,"	2715,2774" 
2015-10-01T20:00:00Z,"BAH",2015-11-02T21:00:00Z,Buy,26.31,29.75,8,27.52,0.52007630675315,-43.92,33.28,6.72,1,"	2731,2743" 
2015-10-01T20:00:00Z,"OSTK",2015-11-02T21:00:00Z,Buy,17.01,16.23,14,-10.92,0.53469405594406,-18.9,122.92,24.64,0,"	2739,2747" 
2015-10-01T20:00:00Z,"OTL",2015-11-02T21:00:00Z,Buy,47.99,55.22,4,28.92,4.5774081463186,0,29,11.64,1,"	2740,2748" 
2015-10-01T20:00:00Z,"DECK",2015-12-01T21:00:00Z,Buy,58.08,48.91,3.9999908199925,-36.68,0.51000344471237,-106.2,238.24,63.44,0,"	2733,2772" 
2015-10-01T20:00:00Z,"FD",2015-12-01T21:00:00Z,Buy,51.05,39.33,4,-46.88,0.50994738893219,-52.08,87,55.24,0,"	2735,2773" 
2015-11-02T21:00:00Z,"FD",2015-12-01T21:00:00Z,Buy,51.34,39.33,4,-48.04,0.51007061592781,-53.24,85.84,53.24,0,"	2760,2773" 
2015-11-02T21:00:00Z,"SCVL",2015-12-01T21:00:00Z,Buy,22.63,21.78,12.000013499993,-10.2,1.5010983886064,-220.92,85.68,58.08,0,"	2765,2778" 
