Entry Time,Symbols,Exit Time,Direction,Entry Price,Exit Price,Quantity,P&L,Fees,MAE,MFE,Drawdown,IsWin,Order Ids
2003-02-03T21:00:00Z,"DCO",2003-04-01T21:00:00Z,Buy,13.06,10.19,24,-68.88,1.1186818061557,-78.24,1.92,80.16,0,"	7,41" 
2003-02-03T21:00:00Z,"EDEL",2003-04-01T21:00:00Z,Buy,11.79,10.36,45,-64.35,6.7266820755774,-82.8,0,82.8,0,"	10,42" 
2003-02-03T21:00:00Z,"RBIN",2003-04-01T21:00:00Z,Buy,9.31,9.7,57,22.23,2.5302331872449,-18.24,47.88,29.07,1,"	29,43" 
2003-02-03T21:00:00Z,"AAON",2003-05-01T20:00:00Z,Buy,16.18,13.73,26,-63.7,4.0276024619067,-96.2,9.62,105.82,0,"	1,47" 
2003-02-03T21:00:00Z,"BIO",2003-05-01T20:00:00Z,Buy,35.48,47.72,6,73.44,1.0481467236467,-11.88,73.44,24.06,1,"	2,48" 
2003-02-03T21:00:00Z,"NVR",2003-05-01T20:00:00Z,Buy,328.08,352.25,1,24.17,1.7905336269694,-25.33,39.54,33.25,1,"	24,49" 
2003-02-03T21:00:00Z,"OXM",2003-05-01T20:00:00Z,Buy,24.02,36.26,16,195.84,1.8215098182072,-30.24,195.84,30.24,1,"	25,50" 
2003-02-03T21:00:00Z,"TENT",2003-05-01T20:00:00Z,Buy,8.14,7.49,30,-19.5,2.1961785951135,-32.7,24,56.7,0,"	34,51" 
2003-02-03T21:00:00Z,"HOV",2003-06-02T20:00:00Z,Buy,29.61,57.81,5,141,1.8402550965357,-3.75,141,16.45,1,"	19,54" 
2003-02-03T21:00:00Z,"JOUT",2003-06-02T20:00:00Z,Buy,11.97,11.99,21,0.42,2.091009601492,-64.47,8.61,64.47,1,"	21,55" 
2003-02-03T21:00:00Z,"RAVN",2003-06-02T20:00:00Z,Buy,15.68,19.98,11,47.3,1.1322271131884,0,47.3,33.99,1,"	28,56" 
2003-02-03T21:00:00Z,"CW",2003-07-01T20:00:00Z,Buy,54.06,63.5,10,94.4,3.6134633474245,-10.5,105.9,87.8,1,"	6,63" 
2003-02-03T21:00:00Z,"ECP",2003-07-01T20:00:00Z,Buy,14.05,11.5,25,-63.75,2.0885840183133,-86.25,84.75,171,0,"	36,64" 
2003-02-03T21:00:00Z,"CNXS",2003-08-01T20:00:00Z,Buy,6.57,10.98,24,105.84,3.0111305646854,-16.8,105.84,22.32,1,"	4,69" 
2003-02-03T21:00:00Z,"JJSF",2003-08-01T20:00:00Z,Buy,27.53,33.91,12,76.56,1.0611573596708,0,76.56,39.72,1,"	20,70" 
2003-02-03T21:00:00Z,"SGC",2003-08-01T20:00:00Z,Buy,12.1,13.95,46,85.1,2.9837748400468,-87.4,109.94,87.4,1,"	32,71" 
2003-02-03T21:00:00Z,"EASI",2003-09-02T20:00:00Z,Buy,36.44,59.65,4,92.84,1.6577927114328,-17.4,92.84,24,1,"	8,75" 
2003-02-03T21:00:00Z,"OXM",2003-09-02T20:00:00Z,Buy,24.02,58.91,5,174.45,0.51236565910999,-9.45,179.25,18.55,1,"	25,77" 
2003-02-03T21:00:00Z,"NUS",2003-10-01T20:00:00Z,Buy,12.14,13.23,29,31.61,1.8175649141583,-93.96,31.61,102.08,1,"	23,81" 
2003-02-03T21:00:00Z,"UTMD",2003-10-01T20:00:00Z,Buy,17.66,24.54,10,68.8,2.5235146109334,-1.6,72.8,21.3,1,"	38,82" 
2003-02-03T21:00:00Z,"EXPO",2003-11-03T21:00:00Z,Buy,14.54,21.15,12,79.32,3.9888029803015,-19.68,79.92,25.08,1,"	13,84" 
2003-02-03T21:00:00Z,"FLXS",2003-11-03T21:00:00Z,Buy,15.4,19.5,35,143.5,5.947013532118,-80.5,172.9,102.2,1,"	15,85" 
2003-02-03T21:00:00Z,"THO",2003-11-03T21:00:00Z,Buy,27.44,65.95,4,154.04,1.4545434889026,-22.16,154.04,23.6,1,"	35,86" 
2003-02-03T21:00:00Z,"UTMD",2003-12-01T21:00:00Z,Buy,17.66,22.56,29,142.1,3.2642823809195,-4.64,213.73,96.57,1,"	38,95" 
2003-02-03T21:00:00Z,"BIO",2004-01-02T21:00:00Z,Buy,35.48,58.41,4,91.72,1.6703968802382,-7.92,107.48,53.76,1,"	2,98" 
2003-02-03T21:00:00Z,"RVFD",2004-01-02T21:00:00Z,Buy,24.95,27.7,24,66,5.6165268468666,-67.44,125.28,102.48,1,"	31,101" 
2003-02-03T21:00:00Z,"EGN",2004-03-01T21:00:00Z,Buy,29.99,41.99,21,252,3.2546131734619,-29.61,305.13,66.15,1,"	11,112" 
2003-02-03T21:00:00Z,"NEB",2004-03-01T21:00:00Z,Buy,21.96,32.04,23,231.84,4.0772672914221,-21.62,231.84,121.9,1,"	22,113" 
2003-02-03T21:00:00Z,"FIZ",2004-04-01T21:00:00Z,Buy,7.6350091620037,9.45,97,176.05,2.0347327878661,-71.3,345.81,169.75,1,"	14,126" 
2003-02-03T21:00:00Z,"WSO",2004-04-01T21:00:00Z,Buy,15.9,29.15,11,145.75,3.8827406890118,-32.56,147.95,33,1,"	40,129" 
2003-02-03T21:00:00Z,"BIO",2004-05-03T20:00:00Z,Buy,35.48,58.5,3,69.06,0.95252514246903,-5.94,80.61,40.32,1,"	2,137" 
2003-02-03T21:00:00Z,"COLM",2004-05-03T20:00:00Z,Buy,35.05,53.45,10,184,2.6731170627528,-22.5,242.3,87.6,1,"	5,138" 
2003-02-03T21:00:00Z,"HCSG",2004-05-03T20:00:00Z,Buy,8.4866809879295,15.99,50,375.17,1.2100977465777,-49.67,425.67,70.33,1,"	18,139" 
2003-02-03T21:00:00Z,"SGC",2004-05-03T20:00:00Z,Buy,12.1,16.23,22,90.86,2.4585976540282,-41.8,105.6,55,1,"	32,140" 
2003-02-03T21:00:00Z,"POG",2004-06-01T20:00:00Z,Buy,12.716,26.77,9,126.49,1.9829276879939,0,154.84,39.78,1,"	27,154" 
2003-02-03T21:00:00Z,"RAVN",2004-06-01T20:00:00Z,Buy,15.68,32,9,146.88,0.52265575833858,0,161.64,62.64,1,"	28,155" 
2003-02-03T21:00:00Z,"EBF",2004-07-01T20:00:00Z,Buy,11.31,18.49,34,244.12,2.1368091435562,-8.5,278.46,68.68,1,"	9,160" 
2003-02-03T21:00:00Z,"OXM",2004-07-01T20:00:00Z,Buy,12.01,42.2,9,271.71,1.3688398544887,-8.5,313.56,101.43,1,"	25,161" 
2003-02-03T21:00:00Z,"RCII",2004-07-01T20:00:00Z,Buy,20.944,29.58,20,172.72,4.0452557059917,-51.76,273.12,134.2,1,"	30,162" 
2003-02-03T21:00:00Z,"TTWO",2004-07-01T20:00:00Z,Buy,20.82,30.22,14,131.6,4.8105394416349,-28.42,283.78,186.06,1,"	37,164" 
2003-02-03T21:00:00Z,"CTR",2004-08-02T20:00:00Z,Buy,17.85,21.05,23,73.6,6.9143808968892,-32.43,166.29,143.29,1,"	3,171" 
2003-02-03T21:00:00Z,"CNXS",2004-08-02T20:00:00Z,Buy,6.57,10.01,46,158.24,2.3988476209145,-32.2,365.7,239.66,1,"	4,172" 
2003-02-03T21:00:00Z,"HOV",2004-09-01T20:00:00Z,Buy,14.805,34.97,12,241.98,2.1595399511696,-4.5,401.58,227.04,1,"	19,179" 
2003-02-03T21:00:00Z,"RAVN",2004-09-01T20:00:00Z,Buy,15.68,41.42,5,128.7,1.4728530590041,0,128.7,34.8,1,"	28,180" 
2003-02-03T21:00:00Z,"EBF",2004-10-01T20:00:00Z,Buy,11.31,21.64,9,92.97,1.7134861760797,-2.25,96.03,25.47,1,"	9,189" 
2003-02-03T21:00:00Z,"FOSL",2004-10-01T20:00:00Z,Buy,11.96000598,30.88,7,132.44,3.6666039888405,-7.23,133.07,39.2,1,"	16,190" 
2003-02-03T21:00:00Z,"THO",2004-10-01T20:00:00Z,Buy,13.72,27.66,16,223.04,0.56272108843537,-44.32,330.4,176.48,1,"	35,193" 
2003-02-03T21:00:00Z,"EASI",2004-12-01T21:00:00Z,Buy,24.293297986551,55.6,10.500015277515,328.72,2.5835236845217,-30.45,380.17,206.12,1,"	8,208" 
2003-02-03T21:00:00Z,"POG",2004-12-01T21:00:00Z,Buy,12.716,31.8,7,133.59,0.81515841809151,0,144.23,42.56,1,"	27,211" 
2003-02-03T21:00:00Z,"SHOO",2004-12-01T21:00:00Z,Buy,16.99,19.14,29,62.35,3.2078656837268,-56.84,173.42,203,1,"	33,214" 
2003-02-03T21:00:00Z,"POG",2005-01-03T21:00:00Z,Buy,12.716,36.14,7,163.97,0.51686533333333,0,173.49,42.56,1,"	27,225" 
2003-02-03T21:00:00Z,"WSO",2005-01-03T21:00:00Z,Buy,15.9,34.52,6,111.72,0.51470604941778,-17.76,115.86,29.1,1,"	40,227" 
2003-02-03T21:00:00Z,"OXM",2005-03-01T21:00:00Z,Buy,12.01,36.87,7,174.02,1.5227608013706,-6.62,243.88,82.95,1,"	25,245" 
2003-02-03T21:00:00Z,"FAF",2005-04-01T21:00:00Z,Buy,22.76,32.59,8,78.64,1.0922917608327,-8.24,120,59.04,1,"	12,250" 
2003-02-03T21:00:00Z,"POG",2005-05-02T20:00:00Z,Buy,12.716,39.15,19,502.25,0.54818929774553,0,536.26,115.52,1,"	27,259" 
2003-02-03T21:00:00Z,"WMK",2005-05-02T20:00:00Z,Buy,31.15,38.08,8,55.44,4.5689283624959,-25.68,65.2,48.48,1,"	39,261" 
2003-02-03T21:00:00Z,"WSO",2005-05-02T20:00:00Z,Buy,15.9,44.73,9,259.47,2.9973208089524,-26.64,259.47,43.65,1,"	40,262" 
2003-02-03T21:00:00Z,"FIZ",2005-06-01T20:00:00Z,Buy,7.6350091620037,8.18,6.9998752000998,3.81,0.77682317073171,-5.14,24.95,28.77,1,"	14,269" 
2003-02-03T21:00:00Z,"EXPO",2005-07-01T20:00:00Z,Buy,14.54,28.69,8,113.2,1.5879730443828,-13.12,119.44,52.72,1,"	13,278" 
2003-02-03T21:00:00Z,"FOSL",2005-07-01T20:00:00Z,Buy,11.96000598,23.27,22.999985000007,260.13,3.1608684330746,-23.77,455.86,296.24,1,"	16,279" 
2003-02-03T21:00:00Z,"GCI",2005-08-01T20:00:00Z,Buy,72.01,72.26,9,2.25,2.5241785283301,-39.15,170.19,180,1,"	17,294" 
2003-02-03T21:00:00Z,"FAF",2005-10-03T20:00:00Z,Buy,22.76,45.82,6,138.36,0.5150690638018,-6.18,138.36,44.28,1,"	12,314" 
2003-02-03T21:00:00Z,"RAVN",2005-10-03T20:00:00Z,Buy,7.84,29.92,8,176.64,1.3536219342685,0,183.6,75.52,1,"	28,318" 
2003-02-03T21:00:00Z,"FAF",2005-12-01T21:00:00Z,Buy,22.76,47.84,5,125.4,1.1609254455062,-5.15,128.8,36.9,1,"	12,337" 
2003-02-03T21:00:00Z,"PDX",2006-01-03T21:00:00Z,Buy,36.24,89.99,3,161.25,2.5524635536472,-38.76,163.08,57,1,"	26,347" 
2003-02-03T21:00:00Z,"PDX",2006-03-01T21:00:00Z,Buy,36.24,95.76,4,238.08,0.51018073570062,-51.68,238.08,76,1,"	26,366" 
2003-02-03T21:00:00Z,"FAF",2006-06-01T20:00:00Z,Buy,22.76,42.19,6,116.58,0.51508222116301,-6.18,157.92,66.36,1,"	12,404" 
2003-02-03T21:00:00Z,"WMK",2006-06-01T20:00:00Z,Buy,31.15,42.67,7,80.64,0.51862157107232,-22.47,105.07,42.42,1,"	39,408" 
2003-02-03T21:00:00Z,"EXPO",2006-08-01T20:00:00Z,Buy,7.27,15.34,30,242.1,3.8926416155611,-24.6,308.4,98.85,1,"	13,426" 
2003-02-03T21:00:00Z,"RAVN",2006-10-02T20:00:00Z,Buy,7.84,28.97,26,549.38,0.57964095301566,0,884,392.34,1,"	28,448" 
2003-02-03T21:00:00Z,"WSO",2006-10-02T20:00:00Z,Buy,15.9,45.25,8,234.8,3.1309287361744,-23.68,452,241.68,1,"	40,449" 
2003-02-03T21:00:00Z,"FAF",2006-12-01T21:00:00Z,Buy,22.76,38.63,4,63.48,0.63026977950713,-4.12,105.28,51.92,1,"	12,476" 
2003-02-03T21:00:00Z,"PDX",2006-12-01T21:00:00Z,Buy,18.12,48.55,6,182.58,1.368450506034,-38.76,205.2,62.76,1,"	26,479" 
2003-02-03T21:00:00Z,"WMK",2007-08-01T20:00:00Z,Buy,31.15,40.1,5,44.75,1.9707625366796,-16.05,75.05,40,1,"	39,580" 
2003-04-01T21:00:00Z,"ANK",2003-07-01T20:00:00Z,Buy,17.2,21.9,11,51.7,1.9235483509389,-1.98,55.99,15.4,1,"	44,61" 
2003-04-01T21:00:00Z,"ANK",2003-12-01T21:00:00Z,Buy,17.2,27,37,362.6,0.5937148217636,-6.66,362.6,127.65,1,"	44,93" 
2003-04-01T21:00:00Z,"MTSC",2004-02-02T21:00:00Z,Buy,11.45,23.78,9,110.97,4.8040199697499,-9.99,117.45,17.1,1,"	46,108" 
2003-04-01T21:00:00Z,"MTSC",2005-01-03T21:00:00Z,Buy,11.45,33.48,7,154.21,0.92552705417605,-7.77,162.12,66.78,1,"	46,224" 
2003-04-01T21:00:00Z,"MTSC",2005-02-01T21:00:00Z,Buy,11.45,36.5,6,150.3,0.95882597520952,-6.66,150.3,57.24,1,"	46,236" 
2003-04-01T21:00:00Z,"GDT",2005-11-01T21:00:00Z,Buy,36.83,63,6,157.02,4.4128227597011,-7.68,228.96,132.72,1,"	45,331" 
2003-04-01T21:00:00Z,"GDT",2006-01-03T21:00:00Z,Buy,36.83,65.5,4,114.68,0.91157550637548,-5.12,152.64,88.48,1,"	45,345" 
2003-04-01T21:00:00Z,"MTSC",2006-04-03T20:00:00Z,Buy,11.45,41.33,7,209.16,3.6537535963658,-7.77,219.52,87.36,1,"	46,376" 
2003-04-01T21:00:00Z,"GDT",2006-04-22T04:00:00Z,Buy,36.83,80.05,1,43.22,0,-1.28,43.22,22.12,1,"	45,389" 
2003-05-01T20:00:00Z,"BWS",2003-07-01T20:00:00Z,Buy,29.65,29.65,14,0,1.0706578268781,-65.1,24.64,89.74,0,"	52,62" 
2003-05-01T20:00:00Z,"RBIN",2004-03-01T21:00:00Z,Buy,10.41,18.44,22,176.66,3.8772337550125,-10.12,183.26,29.26,1,"	53,114" 
2003-05-01T20:00:00Z,"RBIN",2004-09-01T20:00:00Z,Buy,10.41,19.96,42,401.1,2.5372527106852,-19.32,419.58,63,1,"	53,181" 
2003-06-02T20:00:00Z,"RCKY",2003-12-01T21:00:00Z,Buy,8.9,18.5,13,124.8,1.6669196366629,0,127.14,26.39,1,"	58,94" 
2003-06-02T20:00:00Z,"RCKY",2004-01-02T21:00:00Z,Buy,8.9,23.1,9,127.8,0.93304170613611,0,137.52,28.71,1,"	58,100" 
2003-06-02T20:00:00Z,"SGC",2004-05-03T20:00:00Z,Buy,11.25,16.23,21,104.58,0.55320945945946,-22.05,118.65,52.5,1,"	60,140" 
2003-06-02T20:00:00Z,"RCKY",2005-01-03T21:00:00Z,Buy,8.9,29.26,16,325.76,3.1840595042707,0,363.2,252.64,1,"	58,226" 
2003-06-02T20:00:00Z,"RIMG",2005-04-01T21:00:00Z,Buy,10.79,19.94,13,118.95,1.3538628941296,-4.55,128.18,66.04,1,"	59,252" 
2003-06-02T20:00:00Z,"FIZ",2005-06-01T20:00:00Z,Buy,7.1500085800034,8.18,35.999956800035,37.08,0.76886664458683,-9,145.8,147.96,1,"	57,269" 
2003-06-02T20:00:00Z,"RIMG",2005-08-01T20:00:00Z,Buy,10.79,25.13,17,243.78,0.542721,-5.95,253.98,86.36,1,"	59,298" 
2003-06-02T20:00:00Z,"RIMG",2006-08-01T20:00:00Z,Buy,10.79,23.92,16,210.08,0.60068993839836,-5.6,360.96,249.44,1,"	59,429" 
2003-07-01T20:00:00Z,"HOFT",2004-01-02T21:00:00Z,Buy,25.35,40.21,5,74.3,2.3117059118395,0,124.5,57.25,1,"	67,99" 
2003-07-01T20:00:00Z,"EGN",2004-03-01T21:00:00Z,Buy,33.39,41.99,8,68.8,0.51998802753667,-38.48,89.04,25.2,1,"	65,112" 
2003-07-01T20:00:00Z,"WDC",2004-03-01T21:00:00Z,Buy,11.85,11.58,30,-8.1,1.1616257372234,-96.9,89.1,153.9,0,"	68,115" 
2003-07-01T20:00:00Z,"FRGO",2004-04-01T21:00:00Z,Buy,9.49,10.61,38,42.56,2.3274413887242,-3.42,264.1,252.7,1,"	66,127" 
2003-07-01T20:00:00Z,"HOFT",2004-04-01T21:00:00Z,Buy,12.675,23.16,22,230.67,2.8453442085921,0,273.9,125.95,1,"	67,128" 
2003-08-01T20:00:00Z,"MSN",2003-09-02T20:00:00Z,Buy,6.5,3.8,58,-156.6,1.3158048729098,-212.28,29.58,241.86,0,"	73,76" 
2003-08-01T20:00:00Z,"GCI",2005-08-01T20:00:00Z,Buy,77.03,72.26,4,-19.08,0.93280197753847,-37.48,55.56,80,0,"	72,294" 
2003-08-01T20:00:00Z,"WMK",2007-08-01T20:00:00Z,Buy,32.45,40.1,5,38.25,1.0940416001077,-22.55,68.55,40,1,"	74,580" 
2003-08-01T20:00:00Z,"WMK",2007-09-04T20:00:00Z,Buy,32.45,43.01,3,31.68,1.8354964564132,-13.53,41.13,24,1,"	74,599" 
2003-09-02T20:00:00Z,"NUS",2003-10-01T20:00:00Z,Buy,11.5,13.23,23,39.79,1.1462506762792,-59.8,39.79,7.82,1,"	78,81" 
2003-09-02T20:00:00Z,"SAFM",2004-01-02T21:00:00Z,Buy,30.25,39.42,7,64.19,1.0777188676744,0,95.27,31.08,1,"	79,102" 
2003-09-02T20:00:00Z,"SAFM",2004-02-02T21:00:00Z,Buy,30.25,49.82,5,97.85,0.51267297517298,0,97.85,22.2,1,"	79,109" 
2003-09-02T20:00:00Z,"SAFM",2004-07-01T20:00:00Z,Buy,20.16667675,52.39,5,161.12,0.90843820524928,0,174.17,29.25,1,"	79,163" 
2003-09-02T20:00:00Z,"SAFM",2005-07-01T20:00:00Z,Buy,20.16667675,45.97,12.999991000004,335.44,0.56322898327465,0,452.83,306.8,1,"	79,282" 
2003-09-02T20:00:00Z,"WSO",2006-10-02T20:00:00Z,Buy,19.16,45.25,11,286.99,0.84234344323916,-68.42,585.64,332.31,1,"	80,449" 
2003-10-01T20:00:00Z,"ODP",2005-04-01T21:00:00Z,Buy,14.6,21.99,20,147.8,1.147985220319,-15,164.6,106.4,1,"	83,251" 
2003-10-01T20:00:00Z,"ODP",2005-07-01T20:00:00Z,Buy,14.6,22.65,10,80.5,0.52481375985977,-7.5,84.1,53.2,1,"	83,281" 
2003-10-01T20:00:00Z,"ODP",2005-08-01T20:00:00Z,Buy,14.6,27.96,8,106.88,0.52712169312169,-6,111.44,42.56,1,"	83,297" 
2003-11-03T21:00:00Z,"BIO",2004-05-03T20:00:00Z,Buy,52.91,58.5,5,27.95,0.51265789473684,-97.05,47.2,52.3,1,"	87,137" 
2003-11-03T21:00:00Z,"EBF",2004-10-01T20:00:00Z,Buy,14.58,21.64,3,21.18,0.55500573791298,-10.56,22.2,8.49,1,"	89,189" 
2003-11-03T21:00:00Z,"EBF",2005-02-01T21:00:00Z,Buy,14.58,17.33,13,35.75,0.60888223261251,-45.76,96.2,66.69,1,"	89,234" 
2003-11-03T21:00:00Z,"FIZ",2005-06-01T20:00:00Z,Buy,7.5700090840036,8.18,39.999952000038,24.4,0.98286717414676,-26.8,145.2,164.4,1,"	90,269" 
2003-11-03T21:00:00Z,"GCI",2005-08-01T20:00:00Z,Buy,84.48,72.26,3,-36.66,0.50753657666231,-50.46,19.32,60,0,"	91,294" 
2003-11-03T21:00:00Z,"CRMT",2005-10-03T20:00:00Z,Buy,20.16001008,17.67,25.499987250006,-63.5,4.0614459717533,-101.83,135.15,213.18,0,"	88,313" 
2003-11-03T21:00:00Z,"GDT",2006-04-22T04:00:00Z,Buy,51.95,80.05,4,112.4,0.83380201766601,-65.6,112.4,88.48,1,"	92,389" 
2003-12-01T21:00:00Z,"ATRI",2004-04-01T21:00:00Z,Buy,49.05,42.18,10,-68.7,3.0524800846057,-105.4,9.5,114.9,0,"	96,125" 
2003-12-01T21:00:00Z,"TALK",2005-05-02T20:00:00Z,Buy,10.9,8.62,28,-63.84,1.3708409998156,-164.92,32.2,197.12,0,"	97,260" 
2004-01-02T21:00:00Z,"COLM",2004-05-03T20:00:00Z,Buy,54.77,53.45,4,-5.28,0.5100495412844,-87.88,18.04,27.32,0,"	104,138" 
2004-01-02T21:00:00Z,"RCII",2004-07-01T20:00:00Z,Buy,29.48,29.58,9,0.9,1.0980723869919,-100.12,46.08,50.49,1,"	107,162" 
2004-01-02T21:00:00Z,"CTR",2004-08-02T20:00:00Z,Buy,20.29,21.05,12,9.12,0.96624993217589,-46.2,57.48,32.16,1,"	103,171" 
2004-01-02T21:00:00Z,"GDYS",2004-10-01T20:00:00Z,Buy,9.59,8.63,46,-44.16,8.4281818444472,-96.14,235.52,331.66,0,"	106,191" 
2004-01-02T21:00:00Z,"FAF",2006-12-01T21:00:00Z,Buy,30.3,38.63,7,58.31,0.51781155525697,-59.99,131.46,90.86,1,"	105,476" 
2004-02-02T21:00:00Z,"NEB",2004-03-01T21:00:00Z,Buy,30,32.04,8,16.32,0.95469489371331,-71.84,16.32,7.36,1,"	110,113" 
2004-02-02T21:00:00Z,"ODP",2005-08-01T20:00:00Z,Buy,16.04,27.96,3,35.76,1.0116984124056,-6.57,37.47,15.96,1,"	111,297" 
2004-02-02T21:00:00Z,"ODP",2006-05-01T20:00:00Z,Buy,16.04,40.65,6,147.66,0.51502587481518,-13.14,153.18,39.48,1,"	111,392" 
2004-02-02T21:00:00Z,"ODP",2006-08-01T20:00:00Z,Buy,16.04,36.07,5,100.15,0.84451547254324,-10.95,142.45,50.9,1,"	111,428" 
2004-03-01T21:00:00Z,"ASGN",2004-04-01T21:00:00Z,Buy,5.79,5.5,79,-22.91,4.4664025256877,-55.3,16.59,71.89,0,"	117,124" 
2004-03-01T21:00:00Z,"BIO",2004-05-03T20:00:00Z,Buy,52.95,58.5,5,27.75,0.51268445764661,-97.25,47,16.7,1,"	118,137" 
2004-03-01T21:00:00Z,"COLM",2004-05-03T20:00:00Z,Buy,52.31,53.45,4,4.56,0.51004416282642,-78.04,27.88,21.12,1,"	121,138" 
2004-03-01T21:00:00Z,"SGC",2004-05-03T20:00:00Z,Buy,15.2,16.23,21,21.63,0.55246548323471,-105,35.7,14.7,1,"	122,140" 
2004-03-01T21:00:00Z,"CTR",2004-08-02T20:00:00Z,Buy,21.3,21.05,10,-2.5,0.78362784213666,-48.6,37.8,26.5,0,"	119,171" 
2004-03-01T21:00:00Z,"AHS",2004-09-01T20:00:00Z,Buy,18.37,11.54,39,-266.37,6.3534134563271,-273.78,4.29,278.07,0,"	116,178" 
2004-03-01T21:00:00Z,"CALM",2005-02-01T21:00:00Z,Buy,18.995,12,14,-97.93,1.0919702089123,-125.93,17.57,143.5,0,"	120,233" 
2004-03-01T21:00:00Z,"WMK",2007-09-04T20:00:00Z,Buy,32.54,43.01,5,52.35,0.90117226174331,-23,68.1,40,1,"	123,599" 
2004-03-01T21:00:00Z,"WMK",2008-08-01T20:00:00Z,Buy,32.54,38.31,2,11.54,1.1161163751787,-9.2,27.24,31.58,1,"	123,760" 
2004-04-01T21:00:00Z,"QDEL",2004-08-02T20:00:00Z,Buy,6.41,3.46,67,-197.65,1.3313987234005,-203.68,157.45,361.13,0,"	133,173" 
2004-04-01T21:00:00Z,"MTLM",2004-12-01T21:00:00Z,Buy,18.5,25.98,8,59.84,1.0576214394766,-52,63.76,61.8,1,"	131,210" 
2004-04-01T21:00:00Z,"SCHN",2004-12-01T21:00:00Z,Buy,32.12,35.7,14,50.12,2.1942099035106,-128.38,81.9,199.64,1,"	134,212" 
2004-04-01T21:00:00Z,"USNA",2004-12-01T21:00:00Z,Buy,23.83,30.45,18,119.16,1.0920387341817,-6.84,213.12,139.5,1,"	136,215" 
2004-04-01T21:00:00Z,"TALK",2005-05-02T20:00:00Z,Buy,8.33,8.62,8,2.32,0.56638429752066,-26.56,29.76,40.08,1,"	135,260" 
2004-04-01T21:00:00Z,"EXPO",2006-08-01T20:00:00Z,Buy,11.35,15.34,2,7.98,1.2355591147224,-9.8,12.4,6.59,1,"	130,426" 
2004-04-01T21:00:00Z,"TALK",2006-09-01T20:00:00Z,Buy,8.33,5.84,19,-47.31,1.8505189026722,-63.08,70.68,113.81,0,"	135,439" 
2004-04-01T21:00:00Z,"MTLM",2006-12-01T21:00:00Z,Buy,18.5,35.36,10,168.6,1.1396132244596,-65,180.7,133.8,1,"	131,478" 
2004-04-01T21:00:00Z,"PDX",2006-12-01T21:00:00Z,Buy,31.68,48.55,8,134.96,0.78923882354217,-160.16,165.12,83.68,1,"	132,479" 
2004-04-01T21:00:00Z,"EXPO",2007-05-01T20:00:00Z,Buy,11.35,21.34,20,199.8,1.3137683800122,-98,238,65.9,1,"	130,532" 
2004-04-01T21:00:00Z,"MTLM",2007-10-01T20:00:00Z,Buy,18.5,53.94,6,212.64,0.51491978609626,-39,224.1,80.28,1,"	131,609" 
2004-04-01T21:00:00Z,"MTLM",2008-03-15T04:00:00Z,Buy,18.5,55.27,6,220.62,0,-39,270.6,84.36,1,"	131,684" 
2004-05-03T20:00:00Z,"RCII",2004-07-01T20:00:00Z,Buy,29.93,29.58,10,-3.5,0.52563377869133,-115.74,46.7,27,0,"	150,162" 
2004-05-03T20:00:00Z,"TTWO",2004-07-01T20:00:00Z,Buy,30.14,30.22,7,0.56,0.5182508650519,-79.45,76.65,21.14,1,"	152,164" 
2004-05-03T20:00:00Z,"HOV",2004-09-01T20:00:00Z,Buy,36.22,34.97,8,-10,0.5201446051168,-174.32,96.4,60.08,0,"	145,179" 
2004-05-03T20:00:00Z,"RBIN",2004-09-01T20:00:00Z,Buy,18.87,19.96,13,14.17,0.97752356229939,-115.96,19.89,19.5,1,"	149,181" 
2004-05-03T20:00:00Z,"ESCA",2004-11-01T21:00:00Z,Buy,17.5,14.02,32,-111.36,3.1104656288308,-221.76,179.52,401.28,0,"	143,200" 
2004-05-03T20:00:00Z,"UWN",2004-11-01T21:00:00Z,Buy,15.47,10.69,42,-200.76,1.2707511683608,-232.26,21.42,253.68,0,"	153,203" 
2004-05-03T20:00:00Z,"EASI",2004-12-01T21:00:00Z,Buy,48.54,55.6,4.4999847224854,31.77,0.5124717368962,-122.16,53.82,84.91,1,"	141,208" 
2004-05-03T20:00:00Z,"MTEX",2004-12-01T21:00:00Z,Buy,10.59,21.99,17,193.8,5.0691510448374,-27.71,217.26,58.82,1,"	146,209" 
2004-05-03T20:00:00Z,"SHOO",2004-12-01T21:00:00Z,Buy,19.32,19.14,12,-2.16,1.2787087458104,-51.48,43.8,47.76,0,"	151,214" 
2004-05-03T20:00:00Z,"EBF",2005-02-01T21:00:00Z,Buy,16.11,17.33,19,23.18,0.55104903268846,-95.95,111.53,97.47,1,"	142,234" 
2004-05-03T20:00:00Z,"OTL",2005-02-01T21:00:00Z,Buy,24.63,20.38,29,-123.25,2.095101869336,-172.26,91.93,264.19,0,"	147,237" 
2004-05-03T20:00:00Z,"OXM",2005-03-01T21:00:00Z,Buy,39.14,36.87,8,-18.16,0.52017525773196,-224.6,61.68,73.04,0,"	148,245" 
2004-05-03T20:00:00Z,"MTEX",2005-10-03T20:00:00Z,Buy,10.59,11.7,19,21.09,0.59873417721519,-30.97,292.03,299.44,1,"	146,316" 
2004-05-03T20:00:00Z,"FAF",2006-12-01T21:00:00Z,Buy,27.2,38.63,9,102.87,0.85005781799089,-49.23,196.92,116.82,1,"	144,476" 
2004-06-01T20:00:00Z,"AHS",2004-09-01T20:00:00Z,Buy,14.95,11.54,19,-64.79,1.0373812878599,-68.4,67.07,75.62,0,"	156,178" 
2004-06-01T20:00:00Z,"THO",2004-10-01T20:00:00Z,Buy,28.09,27.66,8,-3.44,0.52014342058085,-137.12,50.24,69.76,0,"	159,193" 
2004-06-01T20:00:00Z,"MTSC",2006-04-03T20:00:00Z,Buy,22.28,41.33,12,228.6,0.5300404494382,-143.28,246.36,149.76,1,"	157,376" 
2004-06-01T20:00:00Z,"ODP",2006-08-01T20:00:00Z,Buy,16.61,36.07,1,19.46,0.60049624446917,-2.76,27.92,10.18,1,"	158,428" 
2004-06-01T20:00:00Z,"ODP",2008-03-03T21:00:00Z,Buy,16.61,11.08,14,-77.42,3.221687453246,-77.42,390.88,468.3,0,"	158,677" 
2004-07-01T20:00:00Z,"CNXS",2004-08-02T20:00:00Z,Buy,10.63,10.01,27,-16.74,1.519909557888,-128.52,105.03,18.09,0,"	166,172" 
2004-07-01T20:00:00Z,"CRUS",2004-10-01T20:00:00Z,Buy,5.8,5.42,79,-30.02,4.005342541409,-94.8,20.54,115.34,0,"	167,188" 
2004-07-01T20:00:00Z,"CALM",2005-02-01T21:00:00Z,Buy,13.72,12,15,-25.8,0.53675,-55.8,97.95,84.75,0,"	165,233" 
2004-07-01T20:00:00Z,"GCI",2005-08-01T20:00:00Z,Buy,83.76,72.26,3,-34.5,0.69527735727222,-48.3,21.48,47.46,0,"	168,294" 
2004-07-01T20:00:00Z,"LPX",2005-10-03T20:00:00Z,Buy,23.3,27.44,33,136.62,4.2355565868283,-64.02,173.25,188.43,1,"	169,315" 
2004-07-01T20:00:00Z,"RIMG",2006-08-01T20:00:00Z,Buy,15.06,23.92,15,132.9,0.81415579474983,-69.3,274.35,233.85,1,"	170,429" 
2004-08-02T20:00:00Z,"AHS",2004-09-01T20:00:00Z,Buy,12.6,11.54,16,-16.96,0.90973239417888,-20,94.08,22.72,0,"	174,178" 
2004-08-02T20:00:00Z,"AXE",2004-11-01T21:00:00Z,Buy,34.4,37.82,7,23.94,3.5872729451811,-10.85,31.29,15.54,1,"	175,199" 
2004-08-02T20:00:00Z,"TESS",2004-11-01T21:00:00Z,Buy,15.64,12.89,34,-93.5,5.826372627535,-184.28,13.26,197.54,0,"	177,202" 
2004-08-02T20:00:00Z,"LCUT",2005-01-03T21:00:00Z,Buy,16.45,15.76,31,-21.39,7.5608541645106,-148.18,18.91,167.09,0,"	176,223" 
2004-08-02T20:00:00Z,"AXE",2005-03-01T21:00:00Z,Buy,34.4,37.46,6,18.36,0.51501603420631,-18.3,27.3,45.6,1,"	175,243" 
2004-08-02T20:00:00Z,"AXE",2006-04-03T20:00:00Z,Buy,34.4,47.29,24,309.36,0.59424271029998,-73.2,318.48,182.4,1,"	175,373" 
2004-09-01T20:00:00Z,"GDYS",2004-10-01T20:00:00Z,Buy,7.5,8.63,28,31.64,1.8464767508821,0,201.88,18.48,1,"	184,191" 
2004-09-01T20:00:00Z,"HOC",2004-10-01T20:00:00Z,Buy,20.91,25.95,17,85.68,2.0887425970129,-4.42,85.68,4.42,1,"	185,192" 
2004-09-01T20:00:00Z,"HOC",2004-11-01T21:00:00Z,Buy,20.91,23.88,10,29.7,0.5244071954211,-2.6,64.9,42.8,1,"	185,201" 
2004-09-01T20:00:00Z,"UWN",2004-11-01T21:00:00Z,Buy,11.03,10.69,26,-8.84,1.0518620836091,-28.34,128.7,46.54,0,"	186,203" 
2004-09-01T20:00:00Z,"HOC",2005-02-01T21:00:00Z,Buy,20.91,30.5,12,115.08,0.5302479338843,-3.12,115.08,51.36,1,"	185,235" 
2004-09-01T20:00:00Z,"HOC",2005-03-01T21:00:00Z,Buy,20.91,37.11,7,113.4,0.51722612732095,-1.82,117.53,29.96,1,"	185,244" 
2004-09-01T20:00:00Z,"ECOL",2005-07-01T20:00:00Z,Buy,9.29,17.56,33,272.91,1.1991515858454,0,286.44,81.84,1,"	183,277" 
2004-09-01T20:00:00Z,"ZEUS",2005-08-01T20:00:00Z,Buy,20.63,15.89,20,-94.8,2.303452229145,-148.4,185.4,333.8,0,"	187,299" 
2004-09-01T20:00:00Z,"HOC",2005-09-01T20:00:00Z,Buy,20.91,57.21,5,181.5,0.51270204262877,-1.3,181.5,31.45,1,"	185,307" 
2004-09-01T20:00:00Z,"CRMT",2005-10-03T20:00:00Z,Buy,21.58001079,17.67,10.499994750003,-41.06,0.62061138726103,-56.84,40.74,87.78,0,"	182,313" 
2004-09-01T20:00:00Z,"ECOL",2006-05-01T20:00:00Z,Buy,9.29,25.5,11,178.31,0.52628373313343,0,191.29,60.72,1,"	183,390" 
2004-09-01T20:00:00Z,"HOC",2006-06-01T20:00:00Z,Buy,20.91,85,4,256.36,1.9109509769133,-1.04,256.36,67.24,1,"	185,405" 
2004-09-01T20:00:00Z,"HOC",2006-08-01T20:00:00Z,Buy,10.455,52.25,4,167.18,0.59638625741232,-0.52,167.18,33.62,1,"	185,427" 
2004-09-01T20:00:00Z,"ECOL",2006-10-02T20:00:00Z,Buy,9.29,19.63,3,31.02,3.1874173513013,0,54,26.07,1,"	183,445" 
2004-09-01T20:00:00Z,"HOC",2008-03-03T21:00:00Z,Buy,10.455,53.69,6,259.41,0.51511542792793,-0.78,416.49,228,1,"	185,674" 
2004-09-01T20:00:00Z,"HOC",2008-05-01T20:00:00Z,Buy,10.455,41.73,14,437.85,0.55547860768673,-1.82,971.81,571.9,1,"	185,701" 
2004-10-01T20:00:00Z,"SEB",2004-12-01T21:00:00Z,Buy,608,785,1,177,3.9561127266681,-52,177,97,1,"	196,213" 
2004-10-01T20:00:00Z,"SHOO",2004-12-01T21:00:00Z,Buy,17.89,19.14,14,17.5,1.1259127646385,-40.04,71.12,26.88,1,"	197,214" 
2004-10-01T20:00:00Z,"CYBE",2005-09-01T20:00:00Z,Buy,16.88,13.9,29,-86.42,4.9043802849987,-191.4,8.41,199.81,0,"	194,306" 
2004-10-01T20:00:00Z,"NATR",2006-05-01T20:00:00Z,Buy,15.38,10.04,47,-250.98,20.048239230163,-250.98,368.01,618.99,0,"	195,391" 
2004-10-01T20:00:00Z,"TALK",2006-09-01T20:00:00Z,Buy,5.35,5.84,50,24.5,0.98534029932645,-17,335,299.5,1,"	198,439" 
2004-11-01T21:00:00Z,"LCUT",2005-01-03T21:00:00Z,Buy,13.87,15.76,15,28.35,1.2285113755655,-33,47.85,33,1,"	206,223" 
2004-11-01T21:00:00Z,"CIX",2005-05-02T20:00:00Z,Buy,15.55,14.62,50,-46.5,2.8627229556521,-49.5,125,174.5,0,"	204,257" 
2004-11-01T21:00:00Z,"LAWS",2005-12-01T21:00:00Z,Buy,44.2,38.64,21,-116.76,6.3268395553188,-271.95,203.28,475.23,0,"	205,338" 
2004-11-01T21:00:00Z,"PCU",2006-01-03T21:00:00Z,Buy,43.81,69.25,3,76.32,1.482458325077,-6.51,80.22,67.56,1,"	207,346" 
2004-11-01T21:00:00Z,"PCU",2006-02-01T21:00:00Z,Buy,43.81,86.84,3,129.09,0.50747417948129,-6.51,129.99,67.56,1,"	207,352" 
2004-11-01T21:00:00Z,"PCU",2007-03-01T21:00:00Z,Buy,21.905,69.75,7,334.92,0.51731628599801,-7.6,370.68,122.12,1,"	207,511" 
2004-11-01T21:00:00Z,"PCU",2007-08-01T20:00:00Z,Buy,21.905,108.25,3,259.04,0.80064029234596,-3.26,279.28,52.34,1,"	207,579" 
2004-11-01T21:00:00Z,"PCU",2007-10-01T20:00:00Z,Buy,21.905,127.8,3,317.68,1.4092908686166,-3.26,317.68,91.89,1,"	207,610" 
2004-11-01T21:00:00Z,"PCU",2008-05-01T20:00:00Z,Buy,21.905,110,1,88.1,0.52161572052402,-1.08,119.62,61.2,1,"	207,705" 
2004-12-01T21:00:00Z,"RCKY",2005-01-03T21:00:00Z,Buy,21,29.26,10,82.6,1.0610467091759,-121,106,7.9,1,"	221,226" 
2004-12-01T21:00:00Z,"EBF",2005-02-01T21:00:00Z,Buy,19.99,17.33,11,-29.26,1.4545322132156,-98.23,21.89,34.54,0,"	217,234" 
2004-12-01T21:00:00Z,"WWW",2005-02-01T21:00:00Z,Buy,31,32.09,28,30.52,5.8434946480723,-37.52,33.6,55.16,1,"	222,238" 
2004-12-01T21:00:00Z,"RBIN",2005-06-01T20:00:00Z,Buy,12.63,13.52,16,14.24,8.752129500803,-16.16,20.96,33.28,1,"	220,270" 
2004-12-01T21:00:00Z,"NL",2005-07-01T20:00:00Z,Buy,23.11,15.24,29,-228.23,2.4410142432089,-249.69,5.51,255.2,0,"	218,280" 
2004-12-01T21:00:00Z,"RBIN",2005-11-01T21:00:00Z,Buy,12.63,10.99,56,-91.84,0.69197595281307,-179.2,94.64,273.84,0,"	220,332" 
2004-12-01T21:00:00Z,"NUE",2006-03-01T21:00:00Z,Buy,52.27,87.48,4,140.84,4.4691116589482,-26.4,141.56,72.84,1,"	219,365" 
2004-12-01T21:00:00Z,"AXE",2006-04-03T20:00:00Z,Buy,38.08,47.29,6,55.26,0.97676646658381,-40.38,57.54,41.22,1,"	216,373" 
2004-12-01T21:00:00Z,"NUE",2006-06-01T20:00:00Z,Buy,26.135,53.34,2,54.41,1.0323800897746,-6.6,66.97,19.42,1,"	219,406" 
2004-12-01T21:00:00Z,"NUE",2006-11-01T21:00:00Z,Buy,26.135,57.34,5,156.02,1.2932902295007,-16.5,176.88,66.95,1,"	219,465" 
2004-12-01T21:00:00Z,"NUE",2008-04-01T20:00:00Z,Buy,26.135,69.25,4,172.46,1.2166176929336,-13.2,192.98,92.28,1,"	219,687" 
2004-12-01T21:00:00Z,"NUE",2008-11-03T21:00:00Z,Buy,26.135,37.93,7,82.56,0.54916851851852,-23.1,390.28,377.79,1,"	219,806" 
2005-01-03T21:00:00Z,"AIT",2005-02-01T21:00:00Z,Buy,25.95,28.12,9,19.53,1.090643770543,-24.84,27,24.84,1,"	229,232" 
2005-01-03T21:00:00Z,"OXM",2005-03-01T21:00:00Z,Buy,40.19,36.87,5,-16.6,0.51217878787879,-145.62,33.3,25.95,0,"	231,245" 
2005-01-03T21:00:00Z,"AEOS",2005-04-01T21:00:00Z,Buy,23.369967048316,28.78,11,59.51,5.1918528847374,0,67.98,25.85,1,"	228,249" 
2005-01-03T21:00:00Z,"AIT",2006-02-01T21:00:00Z,Buy,25.95,42.43,5,82.4,0.51250589483612,-13.8,83.95,34,1,"	229,351" 
2005-01-03T21:00:00Z,"AEOS",2006-04-03T20:00:00Z,Buy,23.369967048316,28.79,31.000059220054,168.02,2.47703007129,-105.71,313.41,419.12,1,"	228,372" 
2005-01-03T21:00:00Z,"AIT",2006-11-01T21:00:00Z,Buy,17.30000865,27.83,7,73.71,0.51696360153257,-12.88,94.87,69.6,1,"	229,460" 
2005-01-03T21:00:00Z,"EXPO",2007-05-01T20:00:00Z,Buy,13.635,21.34,1,7.7,1.2315047244371,-7.18,9.62,3.3,1,"	230,532" 
2005-01-03T21:00:00Z,"AIT",2007-09-04T20:00:00Z,Buy,17.30000865,32.81,11,170.61,4.3053753579538,-20.24,170.61,109.38,1,"	229,592" 
2005-01-03T21:00:00Z,"EXPO",2007-09-04T20:00:00Z,Buy,13.635,24.86,17,190.82,4.4160887286622,-122.14,198.48,63.41,1,"	230,595" 
2005-01-03T21:00:00Z,"AIT",2008-09-02T20:00:00Z,Buy,17.30000865,28.7,4.4999887500056,51.3,1.636139103553,-8.28,81.04,57.64,1,"	229,768" 
2005-02-01T21:00:00Z,"NVR",2005-05-02T20:00:00Z,Buy,794.9,709.89,1,-85.01,2.2113293093243,-85.01,13.85,98.86,0,"	242,258" 
2005-02-01T21:00:00Z,"AMED",2005-07-01T20:00:00Z,Buy,31.05,37.73,19,126.92,1.0977158612478,-40.85,126.92,99.75,1,"	240,275" 
2005-02-01T21:00:00Z,"MLI",2005-08-01T20:00:00Z,Buy,31.96,29.22,31,-84.94,3.9615514988793,-212.66,0.93,213.59,0,"	241,295" 
2005-02-01T21:00:00Z,"ABFS",2005-11-01T21:00:00Z,Buy,40.86,38.8,10,-20.6,1.6523004734483,-103.4,39.2,142.6,0,"	239,330" 
2005-02-01T21:00:00Z,"ABFS",2006-07-03T17:00:00Z,Buy,40.86,50.55,10,96.9,0.52521448523543,-103.4,96.9,142.6,1,"	239,414" 
2005-02-01T21:00:00Z,"ABFS",2007-07-02T20:00:00Z,Buy,40.86,39.4,1,-1.46,5.2669598418802,-10.34,9.69,15.41,0,"	239,558" 
2005-03-01T21:00:00Z,"CIX",2005-05-02T20:00:00Z,Buy,16.66,14.62,14,-28.56,0.78272503731935,-29.4,19.46,40.46,0,"	247,257" 
2005-03-01T21:00:00Z,"CTR",2005-07-01T20:00:00Z,Buy,20.12667673,20.34,10,2.13,3.2262128330002,-30.6,20.47,51.07,1,"	246,276" 
2005-03-01T21:00:00Z,"GCI",2005-08-01T20:00:00Z,Buy,80.16,72.26,3,-23.7,0.79115385328291,-37.5,32.28,27.72,0,"	248,294" 
2005-03-01T21:00:00Z,"CTR",2007-06-01T20:00:00Z,Buy,20.12667673,21.83,39.499975250012,67.28,4.256325554596,-120.87,239.9,233.05,1,"	246,547" 
2005-04-01T21:00:00Z,"FIZ",2005-06-01T20:00:00Z,Buy,7.9,8.18,28.000215999827,7.84,0.91461094703902,-28,92.4,22.68,1,"	253,269" 
2005-04-01T21:00:00Z,"SAFM",2005-07-01T20:00:00Z,Buy,42.44,45.97,5,17.65,0.67313363975084,-111.37,62.8,31.4,1,"	255,282" 
2005-04-01T21:00:00Z,"STLD",2005-10-03T20:00:00Z,Buy,34.41,32.9,16,-24.16,2.4095572108318,-142.4,8.16,142.4,0,"	256,319" 
2005-04-01T21:00:00Z,"GDT",2006-04-22T04:00:00Z,Buy,73.76,80.05,3,18.87,0.60370665935707,-114.63,18.87,55.29,1,"	254,389" 
2005-04-01T21:00:00Z,"FIZ",2010-01-04T21:00:00Z,Buy,7.9,12.71,0.9997840001728,4.81,0.53438852813853,-1,6.39,1.85,1,"	253,976" 
2005-05-02T20:00:00Z,"FOSL",2005-07-01T20:00:00Z,Buy,23.23,23.27,10.000014999992,0.4,1.4013213298557,-123.03,85.5,57.7,1,"	264,279" 
2005-05-02T20:00:00Z,"WEYS",2005-07-01T20:00:00Z,Buy,18.69,19.99,14,18.2,2.0846451740035,-7.7,35.84,35.98,1,"	267,283" 
2005-05-02T20:00:00Z,"MLI",2005-08-01T20:00:00Z,Buy,26.28,29.22,9,26.46,0.92593979088519,-10.62,51.39,17.55,1,"	266,295" 
2005-05-02T20:00:00Z,"X",2005-12-01T21:00:00Z,Buy,42.73,48.98,15,93.75,3.2489864788146,-128.4,93.75,160.8,1,"	268,339" 
2005-05-02T20:00:00Z,"GDT",2006-04-22T04:00:00Z,Buy,74.08,80.05,4,23.88,0.64959060921586,-154.12,23.88,70.84,1,"	265,389" 
2005-05-02T20:00:00Z,"ECOL",2006-10-02T20:00:00Z,Buy,11.71,19.63,18,142.56,0.81632056807783,-43.56,280.44,156.42,1,"	263,445" 
2005-05-02T20:00:00Z,"WEYS",2007-01-03T21:00:00Z,Buy,18.69,24.66,9,53.73,0.82537223439241,-12.51,61.29,58.95,1,"	267,492" 
2005-05-02T20:00:00Z,"WEYS",2007-09-04T20:00:00Z,Buy,18.69,29.6,12,130.92,2.2162301227927,-16.68,165.48,78.6,1,"	267,598" 
2005-05-02T20:00:00Z,"WEYS",2008-02-01T21:00:00Z,Buy,18.69,28.98,11,113.19,2.3267980962923,-15.29,165.22,98.56,1,"	267,655" 
2005-05-02T20:00:00Z,"WEYS",2008-10-01T20:00:00Z,Buy,18.69,32.89,6,85.2,1.4578351959706,-8.34,124.5,53.76,1,"	267,786" 
2005-05-02T20:00:00Z,"WEYS",2008-12-01T21:00:00Z,Buy,18.69,27.26,6,51.42,2.7540135369779,-8.34,124.5,89.34,1,"	267,827" 
2005-05-02T20:00:00Z,"WEYS",2009-10-01T20:00:00Z,Buy,18.69,22.35,3,10.98,3.0595582395995,-4.17,62.25,57.75,1,"	267,933" 
2005-05-02T20:00:00Z,"FOSL",2010-06-01T20:00:00Z,Buy,23.23,36.23,0.9999850000075,13,2.1982966755811,-12.3,18.65,6.51,1,"	264,1045" 
2005-06-01T20:00:00Z,"SAFM",2005-07-01T20:00:00Z,Buy,39.15,45.97,7.0000089999955,47.74,1.3354614788156,-132.88,110.95,8.12,1,"	273,282" 
2005-06-01T20:00:00Z,"LPX",2005-10-03T20:00:00Z,Buy,25.57,27.44,8,14.96,0.52033399602386,-33.68,23.84,24.48,1,"	271,315" 
2005-06-01T20:00:00Z,"SPTN",2006-02-01T21:00:00Z,Buy,12.92,12.08,61,-51.24,3.1421759162247,-241.56,145.18,386.74,0,"	274,354" 
2005-06-01T20:00:00Z,"ODP",2008-03-03T21:00:00Z,Buy,20.3,11.08,12,-110.64,0.7099426966203,-110.64,290.76,401.4,0,"	272,677" 
2005-06-01T20:00:00Z,"SAFM",2014-02-03T21:00:00Z,Buy,39.15,71.97,0.9999910000045,32.82,0.86337540709978,-18.98,37.33,4.51,1,"	273,1684" 
2005-07-01T20:00:00Z,"GCI",2005-08-01T20:00:00Z,Buy,71.91,72.26,3,1.05,0.60836248301122,-12.75,57.03,6.96,1,"	287,294" 
2005-07-01T20:00:00Z,"MSTR",2005-08-01T20:00:00Z,Buy,53.95,78.31,3,73.08,1.0305414283236,0,73.08,14.55,1,"	288,296" 
2005-07-01T20:00:00Z,"CYBE",2005-09-01T20:00:00Z,Buy,13.03,13.9,17,14.79,1.1341933761843,-46.75,70.38,27.2,1,"	286,306" 
2005-07-01T20:00:00Z,"COP",2005-10-03T20:00:00Z,Buy,59.15,68.99,3,29.52,1.1154131931871,0,35.46,15.15,1,"	290,317" 
2005-07-01T20:00:00Z,"STLD",2005-10-03T20:00:00Z,Buy,26.63,32.9,9,56.43,0.52283441310976,-10.08,74.61,46.26,1,"	292,319" 
2005-07-01T20:00:00Z,"CMC",2006-04-03T20:00:00Z,Buy,24.24,54.28,6,180.24,1.0790973819932,-0.24,180.6,43.86,1,"	285,374" 
2005-07-01T20:00:00Z,"NVR",2006-04-03T20:00:00Z,Buy,802.55,753.2,1,-49.35,1.8277371511554,-141.56,135.5,277.06,0,"	289,377" 
2005-07-01T20:00:00Z,"CMC",2006-11-01T21:00:00Z,Buy,12.12,26.01,9,125.01,0.52197615471273,-0.18,171.4,108.5,1,"	285,462" 
2005-07-01T20:00:00Z,"PDX",2006-12-01T21:00:00Z,Buy,36.785,48.55,6,70.59,0.50750203942896,-150.75,93.21,62.76,1,"	291,479" 
2005-07-01T20:00:00Z,"COP",2007-01-03T21:00:00Z,Buy,59.15,68.08,3,26.79,0.50711142061281,-9.36,41.85,49.41,1,"	290,490" 
2005-07-01T20:00:00Z,"ABFS",2007-07-02T20:00:00Z,Buy,32.56,39.4,8,54.72,0.52045868677348,-16.32,143.92,123.28,1,"	284,558" 
2005-07-01T20:00:00Z,"MSTR",2007-07-02T20:00:00Z,Buy,53.95,94.59,6,243.84,0.53003174939147,0,470.7,231.96,1,"	288,564" 
2005-07-01T20:00:00Z,"COP",2007-07-02T20:00:00Z,Buy,59.15,80.05,3,62.7,0.8423414340156,-9.36,64.71,49.41,1,"	290,565" 
2005-07-01T20:00:00Z,"COP",2007-08-01T20:00:00Z,Buy,59.15,80.76,3,64.83,1.011476466787,-9.36,93.12,49.41,1,"	290,578" 
2005-07-01T20:00:00Z,"COP",2008-03-03T21:00:00Z,Buy,59.15,83.36,3,72.63,0.50754981282454,-9.36,93.12,57,1,"	290,678" 
2005-07-01T20:00:00Z,"COP",2008-05-01T20:00:00Z,Buy,59.15,86.59,5,137.2,0.55286632166531,-15.6,155.2,95,1,"	290,704" 
2005-07-01T20:00:00Z,"CMC",2008-07-01T20:00:00Z,Buy,12.12,36.95,7,173.81,1.8599172961694,-0.14,190.96,90.93,1,"	285,739" 
2005-07-01T20:00:00Z,"WMK",2008-08-01T20:00:00Z,Buy,37.45,38.31,6,5.16,0.51448555956679,-57.06,52.26,94.74,1,"	293,760" 
2005-07-01T20:00:00Z,"CMC",2008-10-01T20:00:00Z,Buy,12.12,16.28,22,91.52,0.60843694493783,-0.44,600.16,516.56,1,"	285,780" 
2005-08-01T20:00:00Z,"CRMT",2005-10-03T20:00:00Z,Buy,21.44,17.67,13.000017999991,-49.01,1.6310672144657,-68.55,52.26,59.8,0,"	301,313" 
2005-08-01T20:00:00Z,"WWW",2006-02-01T21:00:00Z,Buy,22.25,24.06,56,101.36,3.8608907833817,-131.04,101.36,155.68,1,"	305,355" 
2005-08-01T20:00:00Z,"PLPC",2006-07-03T17:00:00Z,Buy,41.03,37,23,-92.69,1.1354404551182,-236.44,137.31,373.75,0,"	304,416" 
2005-08-01T20:00:00Z,"PDX",2006-12-01T21:00:00Z,Buy,39.34,48.55,6,55.26,0.5075296669644,-166.08,77.88,62.76,1,"	303,479" 
2005-08-01T20:00:00Z,"BKE",2007-01-03T21:00:00Z,Buy,42.56,52.93,7,72.59,4.0812851594599,-74.9,72.59,76.58,1,"	300,489" 
2005-08-01T20:00:00Z,"BKE",2007-06-01T20:00:00Z,Buy,28.373292050154,40.8,7,86.99,0.94398539774287,-49.93,87.62,51.05,1,"	300,546" 
2005-08-01T20:00:00Z,"BKE",2007-09-04T20:00:00Z,Buy,28.373292050154,36.62,9,74.22,2.3387709055977,-64.2,113.01,73.71,1,"	300,593" 
2005-08-01T20:00:00Z,"BKE",2008-02-01T21:00:00Z,Buy,28.373292050154,42.14,8,110.13,0.52025961538462,-57.07,118.77,97.84,1,"	300,650" 
2005-08-01T20:00:00Z,"BKE",2008-03-03T21:00:00Z,Buy,28.373292050154,44.23,3.4920033348632E-5,0,0.65935888070031,0,0,0,0,"	300,670" 
2005-08-01T20:00:00Z,"PCU",2008-05-01T20:00:00Z,Buy,26.3,110,8,669.6,0.5102834799609,-43.84,921.76,489.6,1,"	302,705" 
2005-08-01T20:00:00Z,"CRMT",2009-04-01T20:00:00Z,Buy,21.44,13.94,0.999982000009,-7.5,3.1968897221949,-14.14,4.02,14.4,0,"	301,862" 
2005-09-01T20:00:00Z,"MTEX",2005-10-03T20:00:00Z,Buy,12.45,11.7,21,-15.75,1.1225076061364,-73.29,283.71,53.76,0,"	310,316" 
2005-09-01T20:00:00Z,"FAF",2006-12-01T21:00:00Z,Buy,41.79,38.63,6,-18.96,0.82335371251184,-120.36,43.74,77.88,0,"	309,476" 
2005-09-01T20:00:00Z,"SCVL",2007-01-03T21:00:00Z,Buy,16.36,31.42,7,105.42,1.107126093421,-16.59,106.68,61.6,1,"	311,491" 
2005-09-01T20:00:00Z,"ABFS",2007-07-02T20:00:00Z,Buy,34.92,39.4,6,26.88,1.083536464933,-26.4,93.78,92.46,1,"	308,558" 
2005-09-01T20:00:00Z,"SCVL",2007-10-01T20:00:00Z,Buy,16.36,15.79,29,-16.53,0.67260931558935,-68.73,546.65,590.15,0,"	311,611" 
2005-09-01T20:00:00Z,"WMK",2008-08-01T20:00:00Z,Buy,38.75,38.31,7,-3.08,0.51788304324895,-75.67,51.87,110.53,0,"	312,760" 
2005-10-03T20:00:00Z,"RBIN",2005-11-01T21:00:00Z,Buy,10.31,10.99,21,14.28,0.55291055718475,-18.48,84.21,18.9,1,"	328,332" 
2005-10-03T20:00:00Z,"LAWS",2005-12-01T21:00:00Z,Buy,36.28,38.64,8,18.88,1.3018680107982,-40.24,140.8,40.24,1,"	323,338" 
2005-10-03T20:00:00Z,"X",2005-12-01T21:00:00Z,Buy,41.49,48.98,5,37.45,0.51224905526689,-36.6,37.45,34.2,1,"	329,339" 
2005-10-03T20:00:00Z,"PETS",2006-01-03T21:00:00Z,Buy,10.62,14.31,23,84.87,1.2425307419673,-17.94,112.7,49.22,1,"	327,348" 
2005-10-03T20:00:00Z,"GDT",2006-04-22T04:00:00Z,Buy,68.71,80.05,5,56.7,0.51246552975327,-165.8,56.7,79.45,1,"	321,389" 
2005-10-03T20:00:00Z,"CNXS",2006-06-01T20:00:00Z,Buy,25.99,23.41,22,-56.76,5.0073666664068,-121,59.18,180.18,0,"	320,403" 
2005-10-03T20:00:00Z,"PETS",2006-11-01T21:00:00Z,Buy,10.62,12.14,49,74.48,0.677244,-57.33,459.62,516.95,1,"	327,466" 
2005-10-03T20:00:00Z,"PDX",2006-12-01T21:00:00Z,Buy,38.49,48.55,8,80.48,0.78373275701903,-214.64,110.64,83.68,1,"	326,479" 
2005-10-03T20:00:00Z,"KOMG",2007-02-01T21:00:00Z,Buy,32.45,33.75,21,27.3,1.1200896208631,-157.71,441.63,476.07,1,"	322,498" 
2005-10-03T20:00:00Z,"MCRI",2007-02-01T21:00:00Z,Buy,16.75,24.59,33,258.72,5.7053068864061,-37.95,520.41,488.73,1,"	324,499" 
2005-10-03T20:00:00Z,"MTLM",2008-03-15T04:00:00Z,Buy,25.6,55.27,9,267.03,0.52272189349112,-122.4,342,126.54,1,"	325,684" 
2005-11-01T21:00:00Z,"RS",2006-02-01T21:00:00Z,Buy,57.76,78.45,3,62.07,3.21211084854,0,68.64,16.53,1,"	336,353" 
2005-11-01T21:00:00Z,"AXE",2006-04-03T20:00:00Z,Buy,37.39,47.29,8,79.2,0.61871457851142,-48.32,82.24,27.04,1,"	333,373" 
2005-11-01T21:00:00Z,"RS",2006-04-03T20:00:00Z,Buy,57.76,95.82,3,114.18,0.77735298606185,0,114.18,21.48,1,"	336,378" 
2005-11-01T21:00:00Z,"ECOL",2006-10-02T20:00:00Z,Buy,15.7,19.63,13,51.09,0.89397795763346,-83.33,150.67,112.97,1,"	334,445" 
2005-11-01T21:00:00Z,"RS",2007-03-01T21:00:00Z,Buy,28.88,44.78,5,79.5,0.89877867680554,0,99.42,97.58,1,"	336,512" 
2005-11-01T21:00:00Z,"RS",2007-05-01T20:00:00Z,Buy,28.88,59.45,7,213.99,0.51751767974406,0,227.99,136.6,1,"	336,534" 
2005-11-01T21:00:00Z,"MSTR",2007-07-02T20:00:00Z,Buy,70.9,94.59,3,71.07,1.04648053739,-50.85,184.5,115.98,1,"	335,564" 
2005-11-01T21:00:00Z,"RS",2008-04-01T20:00:00Z,Buy,28.88,60.29,5,157.05,0.89189712635016,0,174.25,102.6,1,"	336,688" 
2005-11-01T21:00:00Z,"RS",2009-02-02T21:00:00Z,Buy,28.88,22.21,7,-46.69,3.5354814256399,-113.54,344.68,458.22,0,"	336,844" 
2005-12-01T21:00:00Z,"SPTN",2006-02-01T21:00:00Z,Buy,10.7,12.08,21,28.98,0.55623123123123,-36.54,96.6,19.32,1,"	343,354" 
2005-12-01T21:00:00Z,"SNHY",2006-06-01T20:00:00Z,Buy,18.75,19.97,25,30.5,7.9176018724625,-29.25,166,147.25,1,"	342,407" 
2005-12-01T21:00:00Z,"VLO",2007-04-02T20:00:00Z,Buy,50.55,64.95,5,72,1.0335956996407,-12,92.6,104.6,1,"	344,524" 
2005-12-01T21:00:00Z,"VLO",2008-06-02T20:00:00Z,Buy,50.55,52.84,11,25.19,4.0181557217931,-65.89,298.87,364.76,1,"	344,724" 
2005-12-01T21:00:00Z,"AIT",2008-09-02T20:00:00Z,Buy,21.4000107,28.7,2.5000112499944,18.25,0.52011278195489,-14.85,34.78,32.03,1,"	340,768" 
2005-12-01T21:00:00Z,"AIT",2008-11-03T21:00:00Z,Buy,21.4000107,19.93,9.4999827500086,-13.97,3.9729793645009,-56.43,132.14,165.3,0,"	340,800" 
2005-12-01T21:00:00Z,"NUE",2008-11-03T21:00:00Z,Buy,34.445,37.93,6,20.91,1.0855214481135,-69.66,284.67,323.82,1,"	341,806" 
2006-01-03T21:00:00Z,"TALK",2006-09-01T20:00:00Z,Buy,8.88,5.84,30,-91.2,0.90840599057043,-116.1,95.1,135.3,0,"	350,439" 
2006-01-03T21:00:00Z,"BKE",2008-03-03T21:00:00Z,Buy,21.793301624049,44.23,4.9999650799667,112.18,1.0242501811496,-2.77,129.13,61.15,1,"	349,670" 
2006-01-03T21:00:00Z,"BKE",2008-08-01T20:00:00Z,Buy,21.793301624049,50.42,4,114.51,0.50982080249318,-2.21,119.43,48.92,1,"	349,753" 
2006-01-03T21:00:00Z,"BKE",2008-10-01T20:00:00Z,Buy,21.793301624049,51.95,3.00005238005,90.47,0.66785487253751,-1.66,121.67,36.69,1,"	349,777" 
2006-02-01T21:00:00Z,"NATR",2006-05-01T20:00:00Z,Buy,17.84,10.04,18,-140.4,1.4636056667788,-140.4,96.66,152.28,0,"	362,391" 
2006-02-01T21:00:00Z,"SYKE",2006-05-01T20:00:00Z,Buy,13.02,16.51,16,55.84,4.3062694125599,-16.8,55.84,32.64,1,"	363,394" 
2006-02-01T21:00:00Z,"LYTS",2006-09-01T20:00:00Z,Buy,14.73,18.31,19,68.02,6.7431824279055,-50.54,72.39,118.18,1,"	360,437" 
2006-02-01T21:00:00Z,"SYKE",2006-09-01T20:00:00Z,Buy,13.02,20.2,16,114.88,0.54015904572565,-16.8,114.88,49.92,1,"	363,438" 
2006-02-01T21:00:00Z,"LYTS",2006-10-02T20:00:00Z,Buy,14.73,16.02,37,47.73,2.6510319541109,-98.42,140.97,230.14,1,"	360,446" 
2006-02-01T21:00:00Z,"FAF",2006-12-01T21:00:00Z,Buy,46.75,38.63,6,-48.72,0.51497757368646,-150.12,13.98,63.9,0,"	358,476" 
2006-02-01T21:00:00Z,"SYKE",2007-04-02T20:00:00Z,Buy,13.02,18.11,19,96.71,2.2761083851643,-19.95,156.37,126.16,1,"	363,522" 
2006-02-01T21:00:00Z,"CTR",2007-06-01T20:00:00Z,Buy,20.71,21.83,15,16.8,1.0353220788674,-54.65,82.35,88.5,1,"	357,547" 
2006-02-01T21:00:00Z,"ABFS",2007-07-02T20:00:00Z,Buy,42.99,39.4,5,-17.95,1.0121005967982,-62.35,37.8,77.05,0,"	356,558" 
2006-02-01T21:00:00Z,"EXPO",2007-09-04T20:00:00Z,Buy,15.355,24.86,3,28.52,1.3142600690991,-26.72,29.86,11.19,1,"	359,595" 
2006-02-01T21:00:00Z,"SYKE",2007-09-04T20:00:00Z,Buy,13.02,16.17,24,75.6,4.9978078980091,-25.2,197.52,159.36,1,"	363,597" 
2006-02-01T21:00:00Z,"EXPO",2008-02-01T21:00:00Z,Buy,15.355,31.02,11,172.32,2.155072281578,-97.96,172.32,41.36,1,"	359,651" 
2006-02-01T21:00:00Z,"MTLM",2008-03-15T04:00:00Z,Buy,28.12,55.27,8,217.2,0.52014326647564,-128.96,283.84,112.48,1,"	361,684" 
2006-02-01T21:00:00Z,"EXPO",2008-05-01T20:00:00Z,Buy,15.355,34.07,4,74.86,0.53029342027267,-35.62,86.66,15.44,1,"	359,700" 
2006-02-01T21:00:00Z,"WMK",2008-08-01T20:00:00Z,Buy,42.94,38.31,1,-4.63,0.8553451429585,-15,3.22,15.79,0,"	364,760" 
2006-02-01T21:00:00Z,"WMK",2008-10-01T20:00:00Z,Buy,42.94,36.18,4,-27.04,1.9314090272047,-60,12.88,63.16,0,"	364,787" 
2006-03-01T21:00:00Z,"AEOS",2006-04-03T20:00:00Z,Buy,28.91,28.79,8.9999407799461,-1.08,1.2459113722414,-80.55,41.13,17.01,0,"	367,372" 
2006-03-01T21:00:00Z,"IIIN",2006-04-03T20:00:00Z,Buy,39.29,59.24,8,159.6,3.0052972836075,0,160.16,35.68,1,"	369,375" 
2006-03-01T21:00:00Z,"CNXS",2006-06-01T20:00:00Z,Buy,20.79,23.41,11,28.82,0.9869284763685,-3.3,86.79,33.22,1,"	368,403" 
2006-03-01T21:00:00Z,"IIIN",2007-04-02T20:00:00Z,Buy,19.645,16.71,20,-58.7,3.5452773452023,-75.1,201.6,276.7,0,"	369,520" 
2006-03-01T21:00:00Z,"AEOS",2007-06-01T20:00:00Z,Buy,28.91,27.19,5.9220053890249E-5,0,0.62340774360874,0,0,0,0,"	367,543" 
2006-03-01T21:00:00Z,"COP",2008-05-01T20:00:00Z,Buy,61.75,86.59,4,99.36,0.51013624425476,-22.88,113.76,76,1,"	370,704" 
2006-03-01T21:00:00Z,"WEYS",2009-10-01T20:00:00Z,Buy,19.44,22.35,12,34.92,1.3505327474433,-25.68,240,231,1,"	371,933" 
2006-04-03T20:00:00Z,"GDT",2006-04-22T04:00:00Z,Buy,77.25,80.05,4,11.2,0.50990257659274,-166.8,11.2,3.64,1,"	383,389" 
2006-04-03T20:00:00Z,"SHOO",2006-05-01T20:00:00Z,Buy,35.78,53.01,20,344.6,1.1329347012201,-11,349.2,30,1,"	386,393" 
2006-04-03T20:00:00Z,"EGY",2006-07-03T17:00:00Z,Buy,6.83,10.1,41,134.07,3.0811010007013,-31.98,134.07,71.34,1,"	381,415" 
2006-04-03T20:00:00Z,"PLPC",2006-07-03T17:00:00Z,Buy,33.2,37,9,34.2,0.53296166155014,-22.05,124.2,62.91,1,"	385,416" 
2006-04-03T20:00:00Z,"TALK",2006-09-01T20:00:00Z,Buy,8.6,5.84,27,-74.52,1.1711188423288,-96.93,93.15,95.85,0,"	387,439" 
2006-04-03T20:00:00Z,"B",2006-11-01T21:00:00Z,Buy,20.17,19.86,17,-5.27,6.8768333020815,-80.41,58.14,138.55,0,"	380,461" 
2006-04-03T20:00:00Z,"FAF",2006-12-01T21:00:00Z,Buy,38.8,38.63,9,-1.53,0.52232165686525,-153.63,92.52,59.31,0,"	382,476" 
2006-04-03T20:00:00Z,"ZEUS",2007-02-01T21:00:00Z,Buy,30.9,27.81,29,-89.61,4.5264731663379,-276.08,234.03,510.11,0,"	388,501" 
2006-04-03T20:00:00Z,"B",2007-06-01T20:00:00Z,Buy,20.17,30.1,13,129.09,0.53311611374408,-61.49,129.09,105.95,1,"	380,544" 
2006-04-03T20:00:00Z,"EGY",2007-06-01T20:00:00Z,Buy,6.83,4.86,79,-155.63,3.4906047732454,-176.17,258.33,434.5,0,"	381,548" 
2006-04-03T20:00:00Z,"ABFS",2007-07-02T20:00:00Z,Buy,39.67,39.4,6,-1.62,1.2249112357994,-54.9,65.28,92.46,0,"	379,558" 
2006-04-03T20:00:00Z,"SHOO",2007-11-01T20:00:00Z,Buy,23.853274162205,23.69,13,-2.12,0.53454127411395,-82.59,263.47,346.06,0,"	386,621" 
2006-04-03T20:00:00Z,"ODP",2008-03-03T21:00:00Z,Buy,36.78,11.08,7,-179.9,0.51728383458647,-179.9,54.25,234.15,0,"	384,677" 
2006-04-03T20:00:00Z,"B",2008-06-02T20:00:00Z,Buy,20.17,30.9,14,150.22,2.6709363419579,-66.22,230.72,225.4,1,"	380,719" 
2006-04-03T20:00:00Z,"SHOO",2008-08-01T20:00:00Z,Buy,23.853274162205,22.79,6.5000483722693,-6.91,0.55826700755892,-57.68,131.73,189.41,0,"	386,759" 
2006-04-03T20:00:00Z,"B",2009-05-01T20:00:00Z,Buy,20.17,13.91,26,-162.76,0.61567055909413,-316.42,428.48,744.9,0,"	380,879" 
2006-05-01T20:00:00Z,"SNHY",2006-06-01T20:00:00Z,Buy,21.46,19.97,12,-17.88,1.2546737637065,-46.56,47.16,34.08,0,"	402,407" 
2006-05-01T20:00:00Z,"RIMG",2006-08-01T20:00:00Z,Buy,22.05,23.92,10,18.7,0.5250113430127,-116.1,113,54.7,1,"	400,429" 
2006-05-01T20:00:00Z,"DECK",2006-11-01T21:00:00Z,Buy,42.49,52.26,4,39.08,2.1610043654593,-33.16,45.72,36.24,1,"	396,463" 
2006-05-01T20:00:00Z,"PDX",2006-12-01T21:00:00Z,Buy,49.85,48.55,6,-7.8,0.51476891171242,-229.14,14.82,51.78,0,"	399,479" 
2006-05-01T20:00:00Z,"DECK",2007-05-01T20:00:00Z,Buy,42.49,76.47,3,101.94,0.50757728894174,-24.87,102.93,27.18,1,"	396,531" 
2006-05-01T20:00:00Z,"DECK",2007-07-02T20:00:00Z,Buy,42.49,100.96,3,175.41,0.50750445986125,-24.87,175.41,27.18,1,"	396,561" 
2006-05-01T20:00:00Z,"MSTR",2007-07-02T20:00:00Z,Buy,98.5,94.59,3,-11.73,0.5078858881298,-133.65,101.7,115.98,0,"	398,564" 
2006-05-01T20:00:00Z,"DECK",2007-08-01T20:00:00Z,Buy,42.49,104.94,4,249.8,2.1483383374852,-33.16,261.84,47.76,1,"	396,577" 
2006-05-01T20:00:00Z,"DECK",2007-11-01T20:00:00Z,Buy,42.49,132.75,5,451.3,6.541299171578,-41.45,517.55,117.15,1,"	396,620" 
2006-05-01T20:00:00Z,"DECK",2008-05-01T20:00:00Z,Buy,42.49,143.38,2,201.78,0.50519304599783,-16.58,244.82,146.74,1,"	396,699" 
2006-05-01T20:00:00Z,"EXPO",2008-05-01T20:00:00Z,Buy,16.25,34.07,8,142.56,0.99947022671479,-78.4,166.16,30.88,1,"	397,700" 
2006-05-01T20:00:00Z,"BKE",2008-10-01T20:00:00Z,Buy,28.493291875554,51.95,0.99994761994998,23.46,0.76682415649542,-7.25,33.85,12.23,1,"	395,777" 
2006-05-01T20:00:00Z,"DECK",2008-11-03T21:00:00Z,Buy,42.49,80.65,3,114.48,0.51901674133459,-24.87,367.23,278.37,1,"	396,802" 
2006-05-01T20:00:00Z,"EXPO",2008-11-03T21:00:00Z,Buy,16.25,28.52,7,85.89,2.6373773697766,-68.6,145.39,94.01,1,"	397,803" 
2006-05-01T20:00:00Z,"RS",2009-02-02T21:00:00Z,Buy,45,22.21,6,-136.74,0.50757916011678,-194.04,198.72,392.76,0,"	401,844" 
2006-05-01T20:00:00Z,"BKE",2009-03-02T21:00:00Z,Buy,18.9955374148,23.28,9.7500900637956,41.77,1.8305841406778,-47.15,220.07,263.12,1,"	395,851" 
2006-05-01T20:00:00Z,"EXPO",2009-10-01T20:00:00Z,Buy,16.25,27.54,3,33.87,2.4040643705642,-29.4,62.31,51.3,1,"	397,931" 
2006-06-01T20:00:00Z,"CRUS",2006-08-01T20:00:00Z,Buy,8.47,6.56,116,-221.56,8.0227306167664,-221.56,0,221.56,0,"	409,425" 
2006-06-01T20:00:00Z,"TALK",2006-09-01T20:00:00Z,Buy,8.01,5.84,26,-56.42,1.3380962544106,-78,105.04,62.66,0,"	412,439" 
2006-06-01T20:00:00Z,"MLR",2006-10-02T20:00:00Z,Buy,20.04,18.03,43,-86.43,1.2482059548231,-145.34,49.88,195.22,0,"	410,447" 
2006-06-01T20:00:00Z,"WSO",2006-10-02T20:00:00Z,Buy,58.34,45.25,5,-65.45,0.51302697391926,-227,70.3,93,0,"	413,449" 
2006-06-01T20:00:00Z,"RSC",2006-12-01T21:00:00Z,Buy,14.83,17.12,17,38.93,2.2405162198488,-22.61,56.27,28.22,1,"	411,480" 
2006-06-01T20:00:00Z,"RSC",2007-05-01T20:00:00Z,Buy,14.83,16.43,55,88,0.68041365824308,-73.15,187.55,177.65,1,"	411,535" 
2006-07-03T17:00:00Z,"TALK",2006-09-01T20:00:00Z,Buy,6.24,5.84,42,-16.8,0.60584814216478,-51.66,244.02,26.88,0,"	423,439" 
2006-07-03T17:00:00Z,"RAVN",2006-10-02T20:00:00Z,Buy,31.83,28.97,7,-20.02,1.2189915379832,-167.93,70.07,35.56,0,"	421,448" 
2006-07-03T17:00:00Z,"PETS",2006-11-01T21:00:00Z,Buy,11.45,12.14,24,16.56,1.1953697285617,-48,205.2,82.32,1,"	420,466" 
2006-07-03T17:00:00Z,"MCRI",2007-02-01T21:00:00Z,Buy,27.98,24.59,9,-30.51,0.9028488740797,-111.42,40.86,92.43,0,"	418,499" 
2006-07-03T17:00:00Z,"WIRE",2007-03-01T21:00:00Z,Buy,36.5,25.15,21,-238.35,1.1501830139875,-322.14,68.46,390.6,0,"	424,514" 
2006-07-03T17:00:00Z,"SCVL",2007-10-01T20:00:00Z,Buy,24.75,15.79,9,-80.64,1.580336723473,-96.84,94.14,183.15,0,"	422,611" 
2006-07-03T17:00:00Z,"ODP",2008-03-03T21:00:00Z,Buy,37.73,11.08,7,-186.55,0.51737565789474,-186.55,47.6,223.72,0,"	419,677" 
2006-07-03T17:00:00Z,"AIT",2008-11-03T21:00:00Z,Buy,24.46,19.93,10,-45.3,3.1544179795955,-90,108.5,174,0,"	417,800" 
2006-08-01T20:00:00Z,"KBALB",2006-09-01T20:00:00Z,Buy,17.33,17.46,13,1.69,2.1345846628072,-12.74,21.58,25.35,1,"	432,436" 
2006-08-01T20:00:00Z,"ECOL",2006-10-02T20:00:00Z,Buy,21.01,19.63,10,-13.8,0.52420506912442,-117.2,62.8,38.6,0,"	430,445" 
2006-08-01T20:00:00Z,"KBALB",2006-11-01T21:00:00Z,Buy,17.33,24.56,13,93.99,0.53213365539452,-12.74,101.4,25.35,1,"	432,464" 
2006-08-01T20:00:00Z,"FAF",2006-12-01T21:00:00Z,Buy,36.7,38.63,6,11.58,0.51487435828155,-89.82,74.28,35.46,1,"	431,476" 
2006-08-01T20:00:00Z,"RSC",2007-05-01T20:00:00Z,Buy,13.9,16.43,18,45.54,0.92596169591046,-7.2,78.12,58.14,1,"	434,535" 
2006-08-01T20:00:00Z,"KBALB",2007-07-02T20:00:00Z,Buy,17.33,14.01,46,-152.72,0.705,-205.62,395.14,600.76,0,"	432,563" 
2006-08-01T20:00:00Z,"KFRC",2008-05-01T20:00:00Z,Buy,12.25,8.44,76,-289.56,11.099392007649,-338.2,359.48,697.68,0,"	433,706" 
2006-08-01T20:00:00Z,"VLO",2008-06-02T20:00:00Z,Buy,67.06,52.84,3,-42.66,0.87484339025804,-67.5,31.98,99.48,0,"	435,724" 
2006-09-01T20:00:00Z,"MLR",2006-10-02T20:00:00Z,Buy,18.47,18.03,13,-5.72,0.88131401105689,-23.53,35.49,24.44,0,"	442,447" 
2006-09-01T20:00:00Z,"KOMG",2007-02-01T21:00:00Z,Buy,37.76,33.75,6,-24.06,1.0978745991817,-76.92,94.32,43.08,0,"	440,498" 
2006-09-01T20:00:00Z,"LMS",2007-03-01T21:00:00Z,Buy,26.03,29.64,7,25.27,3.4441852547614,-40.6,36.33,49.49,1,"	441,509" 
2006-09-01T20:00:00Z,"LMS",2007-05-01T20:00:00Z,Buy,26.03,26.8,22,16.94,2.0556415103982,-127.6,114.18,155.54,1,"	441,533" 
2006-09-01T20:00:00Z,"COP",2008-05-01T20:00:00Z,Buy,64.22,86.59,5,111.85,0.57473652683791,-40.95,129.85,95,1,"	443,704" 
2006-09-01T20:00:00Z,"VLO",2008-06-02T20:00:00Z,Buy,57.81,52.84,4,-19.88,0.51007669513683,-53,79.64,132.64,0,"	444,724" 
2006-10-02T20:00:00Z,"TESS",2006-11-01T21:00:00Z,Buy,31.52,31.67,10,1.5,1.1212319834184,-30.5,36.2,66.7,1,"	457,467" 
2006-10-02T20:00:00Z,"IVAC",2006-12-01T21:00:00Z,Buy,16.43,27.26,13,140.79,1.1254077380952,-2.08,140.79,24.57,1,"	453,477" 
2006-10-02T20:00:00Z,"MCRI",2007-02-01T21:00:00Z,Buy,20.91,24.59,12,44.16,0.79642404868483,-63.72,139.32,21.12,1,"	454,499" 
2006-10-02T20:00:00Z,"STLD",2007-02-01T21:00:00Z,Buy,25.165,39.68,10,145.15,1.0702817935761,-9.3,145.15,38.9,1,"	456,500" 
2006-10-02T20:00:00Z,"IVAC",2007-03-01T21:00:00Z,Buy,16.43,25.74,12,111.72,0.52831683168317,-1.92,169.68,71.88,1,"	453,508" 
2006-10-02T20:00:00Z,"PCLN",2007-03-01T21:00:00Z,Buy,36.76,53.16,9,147.6,3.8515684521148,0,156.6,23.49,1,"	455,510" 
2006-10-02T20:00:00Z,"TESS",2007-03-01T21:00:00Z,Buy,21.013302758949,26.88,15,88,2.6262836281961,-34.6,155.2,70.8,1,"	457,513" 
2006-10-02T20:00:00Z,"IIIN",2007-04-02T20:00:00Z,Buy,19.46,16.71,11,-30.25,1.412156386635,-39.27,112.92,66.77,0,"	452,520" 
2006-10-02T20:00:00Z,"TTMI",2007-04-02T20:00:00Z,Buy,11.87,9.44,59,-143.37,3.4321831008685,-143.96,81.42,225.38,0,"	458,523" 
2006-10-02T20:00:00Z,"STLD",2007-05-01T20:00:00Z,Buy,25.165,44.21,26,495.17,0.56485330625141,-24.18,558.09,145.6,1,"	456,536" 
2006-10-02T20:00:00Z,"EGY",2007-06-01T20:00:00Z,Buy,7.2,4.86,34,-79.56,0.58511821974965,-88.4,98.6,143.48,0,"	451,548" 
2006-10-02T20:00:00Z,"PCLN",2007-06-01T20:00:00Z,Buy,36.76,61.57,4,99.24,0.5099563389392,0,109.16,37.76,1,"	455,550" 
2006-10-02T20:00:00Z,"PCLN",2007-09-04T20:00:00Z,Buy,36.76,82.16,7,317.8,0.51732706676308,0,323.54,66.08,1,"	455,596" 
2006-10-02T20:00:00Z,"TESS",2007-10-01T20:00:00Z,Buy,21.013302758949,15.55,24.000056745054,-131.12,3.4003304411687,-286.4,248.32,534.72,0,"	457,612" 
2006-10-02T20:00:00Z,"PCLN",2007-12-03T21:00:00Z,Buy,36.76,114.59,5,389.15,4.6662543961659,0,389.15,51.75,1,"	455,632" 
2006-10-02T20:00:00Z,"IVAC",2008-03-03T21:00:00Z,Buy,16.43,11.84,13,-59.67,1.3214448589514,-81.77,183.82,265.59,0,"	453,675" 
2006-10-02T20:00:00Z,"CMC",2008-10-01T20:00:00Z,Buy,20.25,16.28,12,-47.64,0.52991137370753,-97.8,229.8,281.76,0,"	450,780" 
2006-10-02T20:00:00Z,"WMK",2008-10-01T20:00:00Z,Buy,39.53,36.18,2,-6.7,0.82634496901335,-23.18,13.26,31.26,0,"	459,787" 
2006-10-02T20:00:00Z,"WMK",2008-11-03T21:00:00Z,Buy,39.53,32.82,5,-33.55,0.5278478864548,-61.2,33.15,93.55,0,"	459,810" 
2006-11-01T21:00:00Z,"FAF",2006-12-01T21:00:00Z,Buy,40.38,38.63,5,-8.75,0.73331481065674,-93.25,43.5,16.85,0,"	468,476" 
2006-11-01T21:00:00Z,"PDX",2006-12-01T21:00:00Z,Buy,44.07,48.55,6,26.88,0.76797278741515,-194.46,49.5,8.82,1,"	472,479" 
2006-11-01T21:00:00Z,"ZEUS",2007-02-01T21:00:00Z,Buy,26.18,27.81,11,17.93,0.52914777327935,-52.8,140.69,78.87,1,"	475,501" 
2006-11-01T21:00:00Z,"WIRE",2007-03-01T21:00:00Z,Buy,25.93,25.15,8,-6.24,0.51927164622817,-38.16,110.64,38.16,0,"	473,514" 
2006-11-01T21:00:00Z,"MTEX",2007-04-02T20:00:00Z,Buy,15.05,15.35,46,13.8,10.269878836189,-73.14,59.34,116.38,1,"	470,521" 
2006-11-01T21:00:00Z,"LMS",2007-05-01T20:00:00Z,Buy,20.91,26.8,12,70.68,1.0514707944246,-8.16,123.72,70.8,1,"	469,533" 
2006-11-01T21:00:00Z,"COP",2008-05-01T20:00:00Z,Buy,59.68,86.59,4,107.64,0.50990868338038,-14.6,122.04,76,1,"	471,704" 
2006-11-01T21:00:00Z,"WMK",2008-11-03T21:00:00Z,Buy,39.8,32.82,6,-41.88,0.9393348255632,-75.06,38.16,112.26,0,"	474,810" 
2006-11-01T21:00:00Z,"WMK",2010-09-01T20:00:00Z,Buy,39.8,36.12,1,-3.68,0.51799829157175,-16.51,6.36,22.71,0,"	474,1079" 
2006-12-01T21:00:00Z,"MRO",2007-06-01T20:00:00Z,Buy,95.53,126.74,3,93.63,5.2953633916911,-36.3,93.63,42.51,1,"	484,549" 
2006-12-01T21:00:00Z,"ABFS",2007-07-02T20:00:00Z,Buy,37.2,39.4,7,15.4,1.1266301937944,-46.76,93.45,50.96,1,"	481,558" 
2006-12-01T21:00:00Z,"SYKE",2007-09-04T20:00:00Z,Buy,16.64,16.17,18,-8.46,2.2417696466098,-84.06,82.98,75.6,0,"	487,597" 
2006-12-01T21:00:00Z,"AMWD",2007-11-01T20:00:00Z,Buy,38.35,23.94,31,-446.71,3.4415357712308,-446.71,211.11,657.82,0,"	482,619" 
2006-12-01T21:00:00Z,"MRO",2008-06-02T20:00:00Z,Buy,47.765,51.66,26,101.27,0.56546890232014,-157.3,482.17,555.36,1,"	484,722" 
2006-12-01T21:00:00Z,"SHOO",2008-08-01T20:00:00Z,Buy,36.53,22.79,8,-109.92,1.4888038591696,-172.4,60.72,195.52,0,"	486,759" 
2006-12-01T21:00:00Z,"PCLN",2008-11-03T21:00:00Z,Buy,39.11,52.29,7,92.26,1.7953504922093,-16.45,703.85,632.8,1,"	485,808" 
2006-12-01T21:00:00Z,"EXPO",2009-10-01T20:00:00Z,Buy,17.6,27.54,13,129.22,0.86616382489907,-144.95,252.46,222.3,1,"	483,931" 
2006-12-01T21:00:00Z,"WMK",2010-09-01T20:00:00Z,Buy,39.89,36.12,5,-18.85,0.51240052225814,-83,31.35,113.55,0,"	488,1079" 
2007-01-03T21:00:00Z,"WIRE",2007-03-01T21:00:00Z,Buy,22,25.15,11,34.65,0.79918105982686,-9.24,195.36,25.3,1,"	497,514" 
2007-01-03T21:00:00Z,"TTMI",2007-04-02T20:00:00Z,Buy,11.3,9.44,22,-40.92,1.130651052421,-41.14,42.9,52.36,0,"	495,523" 
2007-01-03T21:00:00Z,"ODP",2008-03-03T21:00:00Z,Buy,38.07,11.08,6,-161.94,0.51498032528856,-161.94,38.76,170.52,0,"	494,677" 
2007-01-03T21:00:00Z,"VLO",2008-06-02T20:00:00Z,Buy,50.01,52.84,5,14.15,1.0789590254274,-27.25,138.55,165.8,1,"	496,724" 
2007-01-03T21:00:00Z,"AIT",2008-11-03T21:00:00Z,Buy,26.41,19.93,9,-58.32,0.52257693768997,-98.55,80.1,156.6,0,"	493,800" 
2007-02-01T21:00:00Z,"IIIN",2007-04-02T20:00:00Z,Buy,17.16,16.71,14,-6.3,1.5681500593074,-17.78,175.91,39.34,0,"	506,520" 
2007-02-01T21:00:00Z,"AP",2007-05-01T20:00:00Z,Buy,30.08,36.08,29,174,3.8225236118027,-203.58,200.97,203.58,1,"	503,530" 
2007-02-01T21:00:00Z,"AEOS",2007-06-01T20:00:00Z,Buy,32.84,27.19,42,-237.3,3.1868101463431,-540.96,26.88,246.12,0,"	502,543" 
2007-02-01T21:00:00Z,"EGY",2007-06-01T20:00:00Z,Buy,6.47,4.86,38,-61.18,1.6623629967287,-71.06,137.94,88.54,0,"	505,548" 
2007-02-01T21:00:00Z,"CVX",2007-07-02T20:00:00Z,Buy,74.41,85.14,3,32.19,7.256610438973,-23.85,32.19,23.85,1,"	504,559" 
2007-02-01T21:00:00Z,"CVX",2007-08-01T20:00:00Z,Buy,74.41,85.11,3,32.1,0.983280826463,-23.85,56.79,24.69,1,"	504,575" 
2007-02-01T21:00:00Z,"IVAC",2008-03-03T21:00:00Z,Buy,22.55,11.84,3,-32.13,0.79961962441825,-37.23,24.06,61.29,0,"	507,675" 
2007-02-01T21:00:00Z,"IVAC",2008-06-02T20:00:00Z,Buy,22.55,12.16,7,-72.73,4.0271424684546,-86.87,56.14,143.01,0,"	507,721" 
2007-02-01T21:00:00Z,"CVX",2008-10-01T20:00:00Z,Buy,74.41,82.25,3,23.52,1.2223741912023,-23.85,85.98,72.81,1,"	504,779" 
2007-02-01T21:00:00Z,"CVX",2008-11-03T21:00:00Z,Buy,74.41,73.61,8,-6.4,5.3001696569179,-126.48,229.28,355.76,0,"	504,801" 
2007-02-01T21:00:00Z,"CVX",2009-11-02T21:00:00Z,Buy,74.41,76.64,12,26.76,2.9419911424078,-215.28,343.92,559.2,1,"	504,938" 
2007-03-01T21:00:00Z,"MTEX",2007-04-02T20:00:00Z,Buy,14.52,15.35,16,13.28,0.53913746630728,-16.96,29.12,14.88,1,"	517,521" 
2007-03-01T21:00:00Z,"CTR",2007-06-01T20:00:00Z,Buy,21.33,21.83,11.500024749988,5.75,0.60626438642213,-49.03,56.01,34.73,1,"	516,547" 
2007-03-01T21:00:00Z,"ABM",2007-08-01T20:00:00Z,Buy,26.83,25.16,20,-33.4,6.5649106490579,-76,71.8,147.8,0,"	515,574" 
2007-03-01T21:00:00Z,"ABM",2008-01-02T21:00:00Z,Buy,26.83,20.16,49,-326.83,0.64590775269872,-365.05,175.91,540.96,0,"	515,639" 
2007-03-01T21:00:00Z,"ODP",2008-03-03T21:00:00Z,Buy,33.31,11.08,7,-155.61,0.86923595667294,-155.61,78.54,178.29,0,"	518,677" 
2007-03-01T21:00:00Z,"SHOO",2008-08-01T20:00:00Z,Buy,28.53,22.79,7,-40.18,0.5168902232747,-94.85,109.13,129.71,0,"	519,759" 
2007-03-01T21:00:00Z,"CTR",2011-07-01T20:00:00Z,Buy,21.33,29.34,0.49997525001237,4,1.6411854937579,-3,4.13,4.43,1,"	516,1219" 
2007-04-02T20:00:00Z,"AEIS",2007-05-01T20:00:00Z,Buy,21.3,24.9,13,46.8,4.837381424282,0,48.49,28.08,1,"	525,529" 
2007-04-02T20:00:00Z,"BWS",2007-06-01T20:00:00Z,Buy,28.84001442,29.9,41,43.46,12.140878755008,-104.55,135.71,179.99,1,"	527,545" 
2007-04-02T20:00:00Z,"AMWD",2007-11-01T20:00:00Z,Buy,36.79,23.94,6,-77.1,0.66863984780512,-77.1,50.22,84.36,0,"	526,619" 
2007-04-02T20:00:00Z,"PCCC",2008-02-01T21:00:00Z,Buy,13.82,11.44,54,-128.52,4.2416292486574,-198.72,89.1,287.82,0,"	528,653" 
2007-04-02T20:00:00Z,"AEIS",2008-03-03T21:00:00Z,Buy,21.3,12.58,16,-139.52,1.7204994042978,-182.72,70.08,252.8,0,"	525,669" 
2007-04-02T20:00:00Z,"AEIS",2008-04-01T20:00:00Z,Buy,21.3,13.68,17,-129.54,5.4503238212053,-194.14,74.46,268.6,0,"	525,685" 
2007-05-01T20:00:00Z,"AEOS",2007-06-01T20:00:00Z,Buy,29.41,27.19,6.9999407799461,-15.54,1.2061549996945,-66.15,28.49,18.41,0,"	537,543" 
2007-05-01T20:00:00Z,"DLTR",2007-07-02T20:00:00Z,Buy,38.97,43.82,7,33.95,4.9894991315501,0,46.2,25.13,1,"	538,562" 
2007-05-01T20:00:00Z,"KBALB",2007-07-02T20:00:00Z,Buy,17.86,14.01,15,-57.75,1.4668466273418,-75,120.9,84.75,0,"	540,563" 
2007-05-01T20:00:00Z,"DLTR",2007-09-04T20:00:00Z,Buy,38.97,43.24,6,25.62,1.3492617374711,-18.48,39.6,58.08,1,"	538,594" 
2007-05-01T20:00:00Z,"GIII",2008-01-02T21:00:00Z,Buy,17.59,13.59,45,-180,6.5320204448374,-243.9,198,441.9,0,"	539,641" 
2007-05-01T20:00:00Z,"DLTR",2008-03-03T21:00:00Z,Buy,38.97,27.88,11,-121.99,1.1330645374338,-194.37,72.6,266.97,0,"	538,673" 
2007-05-01T20:00:00Z,"DLTR",2008-06-02T20:00:00Z,Buy,38.97,36.42,8,-20.4,0.51973983739837,-141.36,52.8,194.16,0,"	538,720" 
2007-05-01T20:00:00Z,"SHOO",2008-08-01T20:00:00Z,Buy,31.5,22.79,1.4999516277307,-13.06,0.51852941176471,-24.78,18.93,27.79,0,"	542,759" 
2007-05-01T20:00:00Z,"MOV",2009-02-02T21:00:00Z,Buy,32.64,7.66,30,-749.4,6.3520512306109,-780.3,62.7,843,0,"	541,843" 
2007-05-01T20:00:00Z,"DLTR",2009-03-02T21:00:00Z,Buy,38.97,39.23,8,2.08,1.1966439030493,-141.36,52.8,194.16,1,"	538,854" 
2007-05-01T20:00:00Z,"SHOO",2009-05-01T20:00:00Z,Buy,31.5,28.47,5.5000483722693,-16.67,0.54596617946975,-98.62,69.41,109.67,0,"	542,883" 
2007-05-01T20:00:00Z,"DLTR",2010-02-01T21:00:00Z,Buy,38.97,49.97,6,66,2.8991071778622,-106.02,74.16,145.62,1,"	538,986" 
2007-05-01T20:00:00Z,"AEOS",2014-01-02T21:00:00Z,Buy,29.41,14.73,5.9220053890249E-5,0,7.855236324079,0,0,0,0,"	537,1657" 
2007-06-01T20:00:00Z,"CMI",2007-07-02T20:00:00Z,Buy,94.1,105.03,2,21.86,1.0376846663291,-1.34,21.86,15.18,1,"	551,560" 
2007-06-01T20:00:00Z,"KBALB",2007-07-02T20:00:00Z,Buy,13.91,14.01,21,2.1,0.5535,-22.05,252.21,37.8,1,"	553,563" 
2007-06-01T20:00:00Z,"CMI",2007-08-01T20:00:00Z,Buy,94.1,120.05,2,51.9,1.3443457180711,-1.34,51.9,18.46,1,"	551,576" 
2007-06-01T20:00:00Z,"MAT",2007-10-01T20:00:00Z,Buy,28.35,23.9,15,-66.75,2.4845272320485,-108,0,108,0,"	554,608" 
2007-06-01T20:00:00Z,"TESS",2007-10-01T20:00:00Z,Buy,24.9,15.55,9,-84.15,0.52239208633094,-142.38,58.14,143.19,0,"	556,612" 
2007-06-01T20:00:00Z,"UCTT",2007-12-03T21:00:00Z,Buy,13.97,13.8,55,-9.35,2.6998963427743,-83.05,143.55,226.6,0,"	557,633" 
2007-06-01T20:00:00Z,"CMI",2008-01-02T21:00:00Z,Buy,94.1,123.73,2,59.26,1.7114300105861,-1.34,92.14,69.56,1,"	551,640" 
2007-06-01T20:00:00Z,"NVR",2008-01-02T21:00:00Z,Buy,779,515.57,1,-263.43,1.0049222847138,-365.82,0,365.82,0,"	555,643" 
2007-06-01T20:00:00Z,"MAT",2008-02-01T21:00:00Z,Buy,28.35,21.3,65,-458.25,7.5651897601538,-759.85,0,759.85,0,"	554,652" 
2007-06-01T20:00:00Z,"CMI",2008-05-01T20:00:00Z,Buy,47.05,65.75,5,93.5,0.51311642195978,-21.75,115.18,136.92,1,"	551,698" 
2007-06-01T20:00:00Z,"IVAC",2008-06-02T20:00:00Z,Buy,19.2,12.16,13,-91.52,1.5455340369313,-117.78,147.81,158.99,0,"	552,721" 
2007-06-01T20:00:00Z,"CMI",2008-12-01T21:00:00Z,Buy,47.05,22.53,9,-220.68,3.6705675113314,-262.89,242.01,504.9,0,"	551,824" 
2007-07-02T20:00:00Z,"SYKE",2007-09-04T20:00:00Z,Buy,19.06,16.17,12,-34.68,1.2316230354756,-85.08,26.28,39.24,0,"	572,597" 
2007-07-02T20:00:00Z,"MAT",2008-02-01T21:00:00Z,Buy,25.74,21.3,8,-35.52,0.52039619651347,-72.64,20.88,84.64,0,"	568,652" 
2007-07-02T20:00:00Z,"BW",2008-03-03T21:00:00Z,Buy,42.86,26.82,15,-240.6,8.7382464599643,-266.4,233.1,499.5,0,"	566,671" 
2007-07-02T20:00:00Z,"HHGP",2008-04-01T20:00:00Z,Buy,21.56,8.96,46,-579.6,11.593952784655,-704.72,51.52,756.24,0,"	567,686" 
2007-07-02T20:00:00Z,"USMO",2008-04-01T20:00:00Z,Buy,26.46,7.45,53,-1007.53,1.3944774591451,-1043.57,89.04,1132.61,0,"	573,689" 
2007-07-02T20:00:00Z,"NUE",2008-11-03T21:00:00Z,Buy,59.7,37.93,4,-87.08,1.0031951138006,-147.46,88.76,215.88,0,"	570,806" 
2007-07-02T20:00:00Z,"MOV",2009-02-02T21:00:00Z,Buy,34.34,7.66,6,-160.08,1.0790413779014,-166.26,2.34,168.6,0,"	569,843" 
2007-07-02T20:00:00Z,"RS",2009-02-02T21:00:00Z,Buy,57.46,22.21,4,-141,0.51022056207755,-179.2,82.64,261.84,0,"	571,844" 
2007-08-01T20:00:00Z,"SYKE",2007-09-04T20:00:00Z,Buy,16.97,16.17,13,-10.4,0.72301011542988,-65,55.64,15.73,0,"	590,597" 
2007-08-01T20:00:00Z,"SCVL",2007-10-01T20:00:00Z,Buy,22.29,15.79,16,-104,0.54069374714742,-132.8,206.72,118.88,0,"	588,611" 
2007-08-01T20:00:00Z,"TESS",2007-10-01T20:00:00Z,Buy,16.3,15.55,9.9999432549458,-7.5,1.0576162432381,-72.2,150.6,72.2,0,"	591,612" 
2007-08-01T20:00:00Z,"AMWD",2007-11-01T20:00:00Z,Buy,30.3,23.94,9,-57.24,0.73324902196575,-57.24,133.74,58.86,0,"	582,619" 
2007-08-01T20:00:00Z,"JAKK",2008-03-03T21:00:00Z,Buy,24.16,28.4,12,50.88,2.448550599563,-50.04,56.28,86.64,1,"	584,676" 
2007-08-01T20:00:00Z,"ODP",2008-03-03T21:00:00Z,Buy,25.28,11.08,10,-142,0.86061733355755,-142,192.5,142,0,"	586,677" 
2007-08-01T20:00:00Z,"AEIS",2008-04-01T20:00:00Z,Buy,17.88,13.68,12,-50.4,1.2868212042737,-96,93.6,96,0,"	581,685" 
2007-08-01T20:00:00Z,"KFRC",2008-05-01T20:00:00Z,Buy,14.53,8.44,14,-85.26,1.0418190784034,-94.22,34.3,103.88,0,"	587,706" 
2007-08-01T20:00:00Z,"MOV",2009-02-02T21:00:00Z,Buy,28.21,7.66,9,-184.95,5.5577845099521,-194.22,58.68,250.2,0,"	585,843" 
2007-08-01T20:00:00Z,"BKE",2009-03-02T21:00:00Z,Buy,23.72001186,23.28,2.2499099362044,-0.99,0.99604755417473,-21.51,40.15,60.72,0,"	583,851" 
2007-08-01T20:00:00Z,"JAKK",2009-04-01T20:00:00Z,Buy,24.16,12.65,29,-333.79,4.8817644070145,-402.52,169.07,571.59,0,"	584,866" 
2007-08-01T20:00:00Z,"BKE",2009-05-01T20:00:00Z,Buy,23.72001186,36.61,6,77.34,0.51471857410882,-57.36,107.08,161.92,1,"	583,880" 
2007-08-01T20:00:00Z,"SHOO",2009-05-01T20:00:00Z,Buy,28.14,28.47,12,3.96,0.52993617021277,-174.84,191.76,177.6,1,"	589,883" 
2007-08-01T20:00:00Z,"BKE",2010-04-01T20:00:00Z,Buy,23.72001186,37.16,3.7500840637986,50.4,2.1191913612717,-35.85,66.93,101.2,1,"	583,1009" 
2007-08-01T20:00:00Z,"TESS",2010-10-01T20:00:00Z,Buy,10.8666721,16.06,8.5117538728521E-5,0,3.2305750838369,0,0,0,0,"	591,1093" 
2007-09-04T20:00:00Z,"SCVL",2007-10-01T20:00:00Z,Buy,17.7,15.79,15,-28.65,0.53847826086957,-55.65,262.65,42.6,0,"	606,611" 
2007-09-04T20:00:00Z,"MAT",2008-02-01T21:00:00Z,Buy,21.95,21.3,10,-6.5,1.3108300328686,-52.9,64,74.3,0,"	602,652" 
2007-09-04T20:00:00Z,"PCCC",2008-02-01T21:00:00Z,Buy,12.57,11.44,22,-24.86,0.55375972006221,-53.46,63.8,117.26,0,"	605,653" 
2007-09-04T20:00:00Z,"UAUA",2008-02-01T21:00:00Z,Buy,47.85,41.14,12,-80.52,4.9224257981055,-281.52,43.68,325.2,0,"	607,654" 
2007-09-04T20:00:00Z,"HHGP",2008-04-01T20:00:00Z,Buy,13.91,8.96,21,-103.95,0.55208808844508,-161.07,184.17,179.76,0,"	600,686" 
2007-09-04T20:00:00Z,"COP",2008-05-01T20:00:00Z,Buy,83.42,86.59,3,9.51,0.50765695753274,-82.17,20.31,54.18,1,"	604,704" 
2007-09-04T20:00:00Z,"UAUA",2008-05-01T20:00:00Z,Buy,47.85,16.1,12,-381,3.9751885905442,-411.6,43.68,455.28,0,"	607,708" 
2007-09-04T20:00:00Z,"IVAC",2008-06-02T20:00:00Z,Buy,17.02,12.16,16,-77.76,2.529996736982,-110.08,216.8,127.68,0,"	601,721" 
2007-09-04T20:00:00Z,"NVR",2008-08-01T20:00:00Z,Buy,567,539.04,1,-27.96,4.1429306994329,-153.82,212,205.44,0,"	603,758" 
2007-10-01T20:00:00Z,"AMWD",2007-11-01T20:00:00Z,Buy,26.19,23.94,9,-20.25,1.3873204521477,-20.25,170.73,25.38,0,"	613,619" 
2007-10-01T20:00:00Z,"UCTT",2007-12-03T21:00:00Z,Buy,15.02,13.8,14,-17.08,0.5357619047619,-35.84,21.84,57.68,0,"	615,633" 
2007-10-01T20:00:00Z,"USMO",2008-04-01T20:00:00Z,Buy,17.41,7.45,12,-119.52,0.72626579803238,-127.68,128.76,127.68,0,"	616,689" 
2007-10-01T20:00:00Z,"VLO",2008-06-02T20:00:00Z,Buy,67.46,52.84,3,-43.86,0.8099736931693,-68.7,30.78,88.8,0,"	618,724" 
2007-10-01T20:00:00Z,"VLGEA",2008-09-02T20:00:00Z,Buy,52.12,44.99,7,-49.91,6.4467172331823,-101.71,27.86,129.57,0,"	617,771" 
2007-10-01T20:00:00Z,"VLGEA",2008-10-01T20:00:00Z,Buy,52.12,47.77,7,-30.45,3.2075043971769,-101.71,27.86,129.57,0,"	617,785" 
2007-10-01T20:00:00Z,"VLGEA",2008-11-03T21:00:00Z,Buy,52.12,50.26,5,-9.3,3.4630559698832,-72.65,19.9,92.55,0,"	617,809" 
2007-10-01T20:00:00Z,"SHOO",2009-05-01T20:00:00Z,Buy,19.13,28.47,1.4999516277307,14.01,0.54037994722955,-8.34,37.48,22.2,1,"	614,883" 
2007-10-01T20:00:00Z,"VLGEA",2010-02-01T21:00:00Z,Buy,26.06,26.13,20,1.4,3.6328587683074,-145.3,131,185.1,1,"	617,988" 
2007-10-01T20:00:00Z,"SHOO",2010-05-03T20:00:00Z,Buy,12.753354854603,40.08,4,109.31,0.50691511387164,-14.83,109.31,39.47,1,"	614,1023" 
2007-10-01T20:00:00Z,"SHOO",2010-08-02T20:00:00Z,Buy,12.753354854603,39.02,6,157.6,0.89809938192057,-22.24,163.96,59.2,1,"	614,1068" 
2007-10-01T20:00:00Z,"SHOO",2011-09-01T20:00:00Z,Buy,8.5022370479864,34.96,7,185.2,0.51693798449612,-17.3,227.62,70.77,1,"	614,1251" 
2007-10-01T20:00:00Z,"SHOO",2012-08-01T20:00:00Z,Buy,8.5022370479864,39.41,10.625052791368,328.4,0.61940947316349,-26.26,388.64,142.27,1,"	614,1381" 
2007-11-01T20:00:00Z,"GIII",2008-01-02T21:00:00Z,Buy,15.14,13.59,14,-21.7,0.96768414274105,-41.58,95.9,42,0,"	624,641" 
2007-11-01T20:00:00Z,"MAT",2008-02-01T21:00:00Z,Buy,20.53,21.3,13,10.01,0.53193992340833,-50.31,101.66,60.32,1,"	626,652" 
2007-11-01T20:00:00Z,"CALM",2008-03-03T21:00:00Z,Buy,22.86,32.68,8,78.56,6.7187973520194,-13.12,102.64,46.16,1,"	622,672" 
2007-11-01T20:00:00Z,"MTLM",2008-03-15T04:00:00Z,Buy,50.46,55.27,4,19.24,1.2689947746262,-153.84,52.56,33.32,1,"	627,684" 
2007-11-01T20:00:00Z,"HHGP",2008-04-01T20:00:00Z,Buy,10.52,8.96,19,-29.64,1.2895772847076,-81.32,231.04,81.32,0,"	625,686" 
2007-11-01T20:00:00Z,"USMO",2008-04-01T20:00:00Z,Buy,16.33,7.45,13,-115.44,1.4999942256805,-124.28,153.53,127.14,0,"	630,689" 
2007-11-01T20:00:00Z,"KFRC",2008-05-01T20:00:00Z,Buy,11.79,8.44,26,-87.1,1.280106743291,-103.74,134.94,110.76,0,"	628,706" 
2007-11-01T20:00:00Z,"SCHN",2008-05-01T20:00:00Z,Buy,64.07,86.4,4,89.32,9.1770182289269,-64.84,102.08,86.36,1,"	629,707" 
2007-11-01T20:00:00Z,"SCHN",2008-07-01T20:00:00Z,Buy,64.07,114.56,2,100.98,1.3422467282115,-32.42,101.06,43.18,1,"	629,742" 
2007-11-01T20:00:00Z,"CALM",2008-10-01T20:00:00Z,Buy,22.86,27.42,25,114,3.1268051308948,-41,619.75,532.25,1,"	622,778" 
2007-11-01T20:00:00Z,"SCHN",2009-01-02T21:00:00Z,Buy,64.07,40.18,9,-215.01,2.0679266597416,-427.41,454.77,882.18,0,"	629,833" 
2007-11-01T20:00:00Z,"DLTR",2010-02-01T21:00:00Z,Buy,36.61,49.97,9,120.24,0.52150718015666,-137.79,132.48,137.79,1,"	623,986" 
2007-11-01T20:00:00Z,"WMK",2010-09-01T20:00:00Z,Buy,41.75,36.12,1,-5.63,0.94401790062395,-18.46,4.41,19.31,0,"	631,1079" 
2007-11-01T20:00:00Z,"WMK",2011-10-03T20:00:00Z,Buy,41.75,36.93,4,-19.28,0.51494738262277,-73.84,17.64,77.24,0,"	631,1265" 
2007-12-03T21:00:00Z,"ABM",2008-01-02T21:00:00Z,Buy,20.25,20.16,10,-0.9,1.128696787917,-8.7,101.7,19,0,"	634,639" 
2007-12-03T21:00:00Z,"HOFT",2008-01-02T21:00:00Z,Buy,17.06,19.62,15,38.4,4.7354718985546,-0.9,69.6,31.2,1,"	637,642" 
2007-12-03T21:00:00Z,"AEIS",2008-04-01T20:00:00Z,Buy,13.91,13.68,14,-3.22,1.6054502700987,-56.42,164.78,60.48,0,"	635,685" 
2007-12-03T21:00:00Z,"HOC",2008-05-01T20:00:00Z,Buy,48.48,41.73,8,-54,0.52002064835846,-305.24,251.12,134.8,0,"	636,701" 
2007-12-03T21:00:00Z,"HOFT",2009-02-02T21:00:00Z,Buy,17.06,8.09,41,-367.77,9.3762812332231,-452.64,274.7,727.34,0,"	637,841" 
2007-12-03T21:00:00Z,"RS",2009-02-02T21:00:00Z,Buy,51.33,22.21,4,-116.48,1.0302694540071,-154.68,107.16,261.84,0,"	638,844" 
2008-01-02T21:00:00Z,"BW",2008-03-03T21:00:00Z,Buy,37.56,26.82,7,-75.18,0.51766935483871,-87.22,145.88,87.22,0,"	644,671" 
2008-01-02T21:00:00Z,"IMMR",2008-05-01T20:00:00Z,Buy,13.04,11.06,65,-128.7,3.408529650287,-417.95,0,417.95,0,"	647,702" 
2008-01-02T21:00:00Z,"UAUA",2008-05-01T20:00:00Z,Buy,31.99,16.1,7,-111.23,0.51569896242288,-129.08,136.5,193.13,0,"	649,708" 
2008-01-02T21:00:00Z,"NVTL",2008-06-02T20:00:00Z,Buy,15.28,10.19,55,-279.95,6.287014018806,-413.6,53.35,466.95,0,"	648,723" 
2008-01-02T21:00:00Z,"EXPO",2009-10-01T20:00:00Z,Buy,26.45,27.54,10,10.9,1.1521760144125,-200,105.7,171,1,"	646,931" 
2008-01-02T21:00:00Z,"DLTR",2010-02-01T21:00:00Z,Buy,25.31,49.97,8,197.28,1.0605483265125,-32.08,208.16,82.08,1,"	645,986" 
2008-02-01T21:00:00Z,"BW",2008-03-03T21:00:00Z,Buy,30.31,26.82,9,-31.41,0.52382029339853,-46.89,252.81,50.13,0,"	658,671" 
2008-02-01T21:00:00Z,"TWIN",2008-03-03T21:00:00Z,Buy,16.67,20.11,49,168.56,3.5145668927052,-34.79,227.36,58.8,1,"	666,679" 
2008-02-01T21:00:00Z,"AEIS",2008-04-01T20:00:00Z,Buy,12.25,13.68,26,37.18,2.114135793688,-61.62,349.18,30.68,1,"	656,685" 
2008-02-01T21:00:00Z,"HHGP",2008-04-01T20:00:00Z,Buy,7.21,8.96,42,73.5,2.7460991112211,-40.74,649.74,49.14,1,"	660,686" 
2008-02-01T21:00:00Z,"USMO",2008-04-01T20:00:00Z,Buy,12,7.45,23,-104.65,1.2628050151393,-120.29,371.22,120.29,0,"	667,689" 
2008-02-01T21:00:00Z,"KFRC",2008-05-01T20:00:00Z,Buy,8.95,8.44,23,-11.73,0.55782303370787,-26.45,184.69,27.83,0,"	664,706" 
2008-02-01T21:00:00Z,"IVAC",2008-06-02T20:00:00Z,Buy,11.44,12.16,33,23.76,2.1901382024959,-42.9,631.29,196.68,1,"	661,721" 
2008-02-01T21:00:00Z,"CMI",2008-12-01T21:00:00Z,Buy,47.02,22.53,6,-146.94,0.5145602807597,-175.08,161.52,336.6,0,"	659,824" 
2008-02-01T21:00:00Z,"MEI",2008-12-01T21:00:00Z,Buy,12.91,6.86,25,-151.25,2.1614293426394,-169.5,12.75,182.25,0,"	663,825" 
2008-02-01T21:00:00Z,"MEI",2009-02-02T21:00:00Z,Buy,12.91,4.9,39,-312.39,4.8438255137083,-322.92,19.89,342.81,0,"	663,842" 
2008-02-01T21:00:00Z,"JAKK",2009-04-01T20:00:00Z,Buy,24,12.65,11,-124.85,0.76242402939726,-150.92,65.89,216.81,0,"	662,866" 
2008-02-01T21:00:00Z,"B",2009-05-01T20:00:00Z,Buy,27.2,13.91,9,-119.61,0.74703532214151,-172.8,85.05,216,0,"	657,879" 
2008-02-01T21:00:00Z,"WMK",2011-10-03T20:00:00Z,Buy,38.32,36.93,2,-2.78,0.75558687425749,-30.06,15.68,32.62,0,"	668,1265" 
2008-02-01T21:00:00Z,"SHOO",2012-08-01T20:00:00Z,Buy,7.8800137407631,39.41,31.499945071918,993.19,0.5363532513181,-58.24,1171.8,421.78,1,"	665,1381" 
2008-02-01T21:00:00Z,"WMK",2013-03-01T21:00:00Z,Buy,38.32,40.96,7,18.48,1.9936581391704,-105.21,54.88,114.17,1,"	668,1475" 
2008-03-03T21:00:00Z,"AMED",2008-05-01T20:00:00Z,Buy,43.05,52.34,29,269.41,1.1462133651383,-176.61,269.41,176.61,1,"	680,697" 
2008-03-03T21:00:00Z,"KAMN",2008-05-01T20:00:00Z,Buy,23.57,27.67,49,200.9,7.9671255906843,-2.45,302.82,130.34,1,"	682,703" 
2008-03-03T21:00:00Z,"XOM",2008-10-01T20:00:00Z,Buy,87.84,78.59,5,-46.25,2.6950296724447,-71.25,33.7,104.95,0,"	683,788" 
2008-03-03T21:00:00Z,"DECK",2008-11-03T21:00:00Z,Buy,105.62,80.65,2,-49.94,0.50477227543828,-142.84,118.56,142.54,0,"	681,802" 
2008-03-03T21:00:00Z,"XOM",2008-11-03T21:00:00Z,Buy,87.84,74.39,10,-134.5,4.13291246579,-261.7,67.4,329.1,0,"	683,811" 
2008-03-03T21:00:00Z,"XOM",2009-11-02T21:00:00Z,Buy,87.84,72.15,9,-141.21,2.8367650596913,-235.53,60.66,296.19,0,"	683,942" 
2008-04-01T20:00:00Z,"IMMR",2008-05-01T20:00:00Z,Buy,6.98,11.06,42,171.36,2.7970640683831,-15.54,254.52,30.66,1,"	691,702" 
2008-04-01T20:00:00Z,"UAUA",2008-05-01T20:00:00Z,Buy,23.13,16.1,16,-112.48,0.54297259637715,-153.28,453.76,160.96,0,"	694,708" 
2008-04-01T20:00:00Z,"NVTL",2008-06-02T20:00:00Z,Buy,10.39,10.19,25,-5,0.56708419421488,-65.75,146.5,80,0,"	693,723" 
2008-04-01T20:00:00Z,"WDC",2008-06-02T20:00:00Z,Buy,27.92,37.07,9,82.35,1.1204181914539,-8.28,86.04,25.92,1,"	695,725" 
2008-04-01T20:00:00Z,"ZEUS",2008-06-02T20:00:00Z,Buy,45.94,62.23,6,97.74,2.4864417051211,-6.3,114.24,18,1,"	696,726" 
2008-04-01T20:00:00Z,"ZEUS",2008-07-01T20:00:00Z,Buy,45.94,70.47,4,98.12,0.50928213909378,-4.2,119.92,21.8,1,"	696,743" 
2008-04-01T20:00:00Z,"LXU",2008-08-01T20:00:00Z,Buy,15.08,21.65,12,78.84,1.1802781546811,-13.32,84.36,42.12,1,"	692,757" 
2008-04-01T20:00:00Z,"FSTR",2008-11-03T21:00:00Z,Buy,44.97,28.28,17,-283.73,14.796549246923,-416.67,50.83,467.5,0,"	690,804" 
2008-04-01T20:00:00Z,"LXU",2008-11-03T21:00:00Z,Buy,15.08,8.39,47,-314.43,0.66626524390244,-365.19,419.71,784.9,0,"	692,805" 
2008-04-01T20:00:00Z,"WDC",2009-02-02T21:00:00Z,Buy,27.92,15.52,27,-334.8,4.2674538914116,-485.73,325.35,811.08,0,"	695,845" 
2008-04-01T20:00:00Z,"WDC",2009-05-01T20:00:00Z,Buy,27.92,23.35,2,-9.14,1.5920568437042,-35.98,24.1,60.08,0,"	695,884" 
2008-04-01T20:00:00Z,"ZEUS",2009-06-01T20:00:00Z,Buy,45.94,19.69,15,-393.75,0.5613312567714,-527.85,449.7,977.55,0,"	696,898" 
2008-05-01T20:00:00Z,"AZZ",2008-07-01T20:00:00Z,Buy,27.56,44.06,13,214.5,7.0491244430125,-0.65,214.5,43.81,1,"	711,738" 
2008-05-01T20:00:00Z,"GHM",2008-07-01T20:00:00Z,Buy,58.23,76.63,3,55.2,1.0356168847731,-9.42,55.2,36.42,1,"	713,740" 
2008-05-01T20:00:00Z,"PTEN",2008-07-01T20:00:00Z,Buy,27.94,36.02,12,96.96,4.3001515230376,0,99.12,35.04,1,"	716,741" 
2008-05-01T20:00:00Z,"AZZ",2008-08-01T20:00:00Z,Buy,27.56,46.14,20,371.6,5.4538204820558,-1,392.2,110.8,1,"	711,752" 
2008-05-01T20:00:00Z,"CUB",2008-08-01T20:00:00Z,Buy,27.74,26.9,35,-29.4,5.1704369308232,-221.55,30.45,252,0,"	712,754" 
2008-05-01T20:00:00Z,"GHM",2008-08-01T20:00:00Z,Buy,58.23,101.97,8,349.92,0.52266,-25.12,349.92,120.8,1,"	713,756" 
2008-05-01T20:00:00Z,"TNC",2008-09-02T20:00:00Z,Buy,35.3,31.28,39,-156.78,10.418311208968,-405.99,19.89,425.88,0,"	717,770" 
2008-05-01T20:00:00Z,"K",2008-10-01T20:00:00Z,Buy,52.43,56.55,8,32.96,3.4201884595046,-35.68,39.28,35.68,1,"	715,782" 
2008-05-01T20:00:00Z,"AAON",2008-11-03T21:00:00Z,Buy,19.08,17.7,13,-17.94,3.7577503303865,-80.08,49.92,130,0,"	709,799" 
2008-05-01T20:00:00Z,"JAKK",2009-04-01T20:00:00Z,Buy,23.79,12.65,11,-122.54,0.52785121328225,-148.61,68.2,183.37,0,"	714,866" 
2008-05-01T20:00:00Z,"PTEN",2009-06-01T20:00:00Z,Buy,27.94,15.23,37,-470.27,6.6681568554289,-750.36,305.62,1055.98,0,"	716,897" 
2008-05-01T20:00:00Z,"ANK",2009-07-01T20:00:00Z,Buy,33.25,39.86,26,171.86,1.1700828852429,-501.8,185.12,545.48,1,"	710,906" 
2008-05-01T20:00:00Z,"K",2009-11-02T21:00:00Z,Buy,52.43,51.75,4,-2.72,0.51004074505239,-66.2,19.64,85.84,0,"	715,940" 
2008-05-01T20:00:00Z,"AAON",2009-12-01T21:00:00Z,Buy,19.08,19.03,48,-2.4,1.960575431515,-295.68,184.32,480,0,"	709,953" 
2008-05-01T20:00:00Z,"ANK",2010-07-01T20:00:00Z,Buy,33.25,40.16,13,89.83,0.56320581113801,-250.9,324.61,272.74,1,"	710,1056" 
2008-05-01T20:00:00Z,"K",2011-09-01T20:00:00Z,Buy,52.43,53.97,4,6.16,0.94990159215158,-66.2,20.52,85.84,1,"	715,1250" 
2008-05-01T20:00:00Z,"K",2012-10-01T20:00:00Z,Buy,52.43,51.93,30,-15,2.491931849714,-496.5,153.9,643.8,0,"	715,1403" 
2008-05-01T20:00:00Z,"WMK",2013-03-01T21:00:00Z,Buy,30.37,40.96,4,42.36,0.52722213168188,-28.32,63.16,65.24,1,"	718,1475" 
2008-05-01T20:00:00Z,"WMK",2013-07-01T20:00:00Z,Buy,30.37,45.44,7,105.49,9.4814227743627,-49.56,115.85,114.17,1,"	718,1542" 
2008-06-02T20:00:00Z,"DCO",2008-08-01T20:00:00Z,Buy,30.54,27.21,8,-26.64,5.3572237781947,-72.4,0,72.4,0,"	729,755" 
2008-06-02T20:00:00Z,"DCO",2008-10-01T20:00:00Z,Buy,30.54,22.9,22,-168.08,0.57898202341137,-213.4,0,213.4,0,"	729,781" 
2008-06-02T20:00:00Z,"PCU",2008-10-01T20:00:00Z,Buy,36.583296934036,18.35,30.000029849111,-547,5.362652073113,-547,28.3,575.3,0,"	734,784" 
2008-06-02T20:00:00Z,"FSTR",2008-11-03T21:00:00Z,Buy,34.19,28.28,7,-41.37,1.1829065886767,-96.11,96.39,132.44,0,"	730,804" 
2008-06-02T20:00:00Z,"OXY",2008-11-03T21:00:00Z,Buy,92.58,53.19,4,-157.56,2.5119416574594,-202,3.28,205.28,0,"	733,807" 
2008-06-02T20:00:00Z,"HOFT",2009-02-02T21:00:00Z,Buy,20.03,8.09,13,-155.22,1.9351107767371,-182.13,48.49,193.57,0,"	731,841" 
2008-06-02T20:00:00Z,"CF",2009-03-02T21:00:00Z,Buy,139.39,58.99,6,-482.4,5.5259308726241,-599.46,180.78,780.24,0,"	728,852" 
2008-06-02T20:00:00Z,"NVR",2009-04-01T20:00:00Z,Buy,558.44,430.02,1,-128.42,5.8403169307042,-238.4,220.56,314.44,0,"	732,868" 
2008-06-02T20:00:00Z,"OXY",2009-06-01T20:00:00Z,Buy,92.58,69.33,12,-279,4.0655132792214,-624.36,9.84,634.2,0,"	733,895" 
2008-06-02T20:00:00Z,"WEYS",2009-10-01T20:00:00Z,Buy,26.93,22.35,7,-32.06,1.277374233475,-67.41,87.57,134.75,0,"	736,933" 
2008-06-02T20:00:00Z,"XOM",2009-11-02T21:00:00Z,Buy,87.71,72.15,3,-46.68,0.5074380936228,-78.12,20.61,82.62,0,"	737,942" 
2008-06-02T20:00:00Z,"VLGEA",2010-02-01T21:00:00Z,Buy,23.135,26.13,12,35.94,1.3699445142544,-52.08,113.7,79.32,1,"	735,988" 
2008-06-02T20:00:00Z,"BKE",2010-04-01T20:00:00Z,Buy,30.30001515,37.16,8.9999955000022,61.74,1.3563092710936,-145.26,101.4,242.88,1,"	727,1009" 
2008-07-01T20:00:00Z,"CUB",2008-08-01T20:00:00Z,Buy,22.01,26.9,9,44.01,0.52216763652641,-5.4,59.4,7.2,1,"	746,754" 
2008-07-01T20:00:00Z,"TNC",2008-09-02T20:00:00Z,Buy,29.82,31.28,11,16.06,0.52723513782796,-54.23,65.89,54.23,1,"	751,770" 
2008-07-01T20:00:00Z,"DCO",2008-10-01T20:00:00Z,Buy,23.21,22.9,11,-3.41,1.3559490202266,-26.07,80.63,97.79,0,"	747,781" 
2008-07-01T20:00:00Z,"AIT",2008-11-03T21:00:00Z,Buy,23.8,19.93,9.5000172499914,-36.77,1.1113378287962,-79.23,109.35,121.98,0,"	744,800" 
2008-07-01T20:00:00Z,"MEI",2009-02-02T21:00:00Z,Buy,10.44,4.9,21,-116.34,1.7656714274815,-122.01,62.58,184.59,0,"	749,842" 
2008-07-01T20:00:00Z,"MOV",2009-02-02T21:00:00Z,Buy,19.57,7.66,12,-142.92,1.3907288484663,-155.28,181.92,226.92,0,"	750,843" 
2008-07-01T20:00:00Z,"B",2009-05-01T20:00:00Z,Buy,23.6,13.91,12,-116.28,1.1555942758999,-187.2,156.6,205.08,0,"	745,879" 
2008-07-01T20:00:00Z,"EXPO",2009-10-01T20:00:00Z,Buy,30.39,27.54,7,-19.95,0.98207061816507,-167.58,46.41,98.56,0,"	748,931" 
2008-07-01T20:00:00Z,"AIT",2011-09-01T20:00:00Z,Buy,23.8,29.49,0.49998275000863,2.84,1.2384433198935,-4.17,6.31,6.42,1,"	744,1248" 
2008-08-01T20:00:00Z,"EGY",2008-09-02T20:00:00Z,Buy,6.55,7.4,34,28.9,4.2538077031384,-30.26,54.06,30.26,1,"	762,769" 
2008-08-01T20:00:00Z,"COP",2008-10-01T20:00:00Z,Buy,81.14,70.7,4,-41.76,9.3801209468972,-51.04,15.44,66.48,0,"	764,783" 
2008-08-01T20:00:00Z,"PCU",2008-10-01T20:00:00Z,Buy,25.97,18.35,12.999970150889,-99.06,0.53031698994253,-99.06,150.24,103.87,0,"	765,784" 
2008-08-01T20:00:00Z,"DECK",2008-11-03T21:00:00Z,Buy,105.49,80.65,3,-74.52,0.5069996903477,-213.87,178.23,159.75,0,"	761,802" 
2008-08-01T20:00:00Z,"EGY",2009-01-02T21:00:00Z,Buy,6.55,7.5,38,36.1,0.59602425876011,-99.94,60.42,160.36,1,"	762,831" 
2008-08-01T20:00:00Z,"HOFT",2009-02-02T21:00:00Z,Buy,16.96,8.09,12,-106.44,1.7712400364381,-131.28,81.6,165.96,0,"	763,841" 
2008-08-01T20:00:00Z,"COP",2009-03-02T21:00:00Z,Buy,81.14,35.15,18,-827.82,0.54240616621984,-827.82,69.48,897.3,0,"	764,855" 
2008-08-01T20:00:00Z,"SKX",2009-04-01T20:00:00Z,Buy,18.96,6.91,45,-542.25,6.3311455313992,-615.15,85.5,700.65,0,"	766,869" 
2008-08-01T20:00:00Z,"EGY",2009-05-01T20:00:00Z,Buy,6.55,4.7,83,-153.55,2.6410865489829,-218.29,146.91,350.26,0,"	762,881" 
2008-08-01T20:00:00Z,"WDC",2009-05-01T20:00:00Z,Buy,28.61,23.35,10,-52.6,0.52486961057024,-186.8,113.6,195.3,0,"	767,884" 
2008-09-02T20:00:00Z,"CMC",2008-10-01T20:00:00Z,Buy,24.61,16.28,11,-91.63,0.98379521867088,-137.61,162.69,95.59,0,"	772,780" 
2008-09-02T20:00:00Z,"NUE",2008-11-03T21:00:00Z,Buy,49.07,37.93,4,-44.56,0.50933955081842,-104.94,131.28,93.44,0,"	774,806" 
2008-09-02T20:00:00Z,"SCHN",2009-01-02T21:00:00Z,Buy,64.15,40.18,5,-119.85,0.5117216050285,-237.85,252.25,237.85,0,"	775,833" 
2008-09-02T20:00:00Z,"DMLP",2009-11-02T21:00:00Z,Buy,26.3,22.15,49,-203.35,1.2374486071492,-576.73,85.75,662.48,0,"	773,939" 
2008-09-02T20:00:00Z,"WMK",2013-07-01T20:00:00Z,Buy,37.77,45.44,6,46.02,0.87760285109656,-86.88,54.9,95.4,1,"	776,1542" 
2008-10-01T20:00:00Z,"LXU",2008-11-03T21:00:00Z,Buy,14.35,8.39,18,-107.28,1.7218814507182,-126.72,173.88,126.72,0,"	792,805" 
2008-10-01T20:00:00Z,"PCLN",2008-11-03T21:00:00Z,Buy,64.72,52.29,5,-62.15,0.51182230016075,-139.8,374.7,83.35,0,"	793,808" 
2008-10-01T20:00:00Z,"CMI",2008-12-01T21:00:00Z,Buy,42.8,22.53,6,-121.62,0.51467764060357,-149.76,186.84,149.76,0,"	790,824" 
2008-10-01T20:00:00Z,"SCHN",2009-01-02T21:00:00Z,Buy,37.63,40.18,6,15.3,1.0133460009672,-126.3,461.82,126.3,1,"	794,833" 
2008-10-01T20:00:00Z,"WTI",2009-03-02T21:00:00Z,Buy,26.08,6.73,32,-619.2,8.2881231179828,-619.2,0,619.2,0,"	797,856" 
2008-10-01T20:00:00Z,"CRMT",2009-04-01T20:00:00Z,Buy,18.56,13.94,16.000017999991,-73.92,4.7937488580353,-180.16,110.4,180.16,0,"	789,862" 
2008-10-01T20:00:00Z,"SKX",2009-04-01T20:00:00Z,Buy,16.23,6.91,14,-130.48,1.0613829330285,-153.16,64.82,153.16,0,"	795,869" 
2008-10-01T20:00:00Z,"TTWO",2009-04-01T20:00:00Z,Buy,15.93,8.47,51,-380.46,18.202493689424,-525.81,0,525.81,0,"	796,870" 
2008-10-01T20:00:00Z,"IIIN",2009-06-01T20:00:00Z,Buy,13,9.08,64,-250.88,10.04067947296,-521.6,0,521.6,0,"	791,893" 
2008-10-01T20:00:00Z,"ZEUS",2009-06-01T20:00:00Z,Buy,28.14,19.69,8,-67.6,2.7125072030089,-139.12,382.24,139.12,0,"	798,898" 
2008-10-01T20:00:00Z,"CRMT",2009-07-01T20:00:00Z,Buy,18.56,21.14,12,30.96,0.53093658536585,-135.12,82.8,135.12,1,"	789,908" 
2008-10-01T20:00:00Z,"CRMT",2010-09-01T20:00:00Z,Buy,18.56,25.31,9,60.75,0.522779,-101.34,75.87,101.34,1,"	789,1074" 
2008-10-01T20:00:00Z,"CRMT",2011-03-01T21:00:00Z,Buy,18.56,24.26,24.999982000009,142.5,0.63706214689266,-281.5,284.25,281.5,1,"	789,1156" 
2008-11-03T21:00:00Z,"UACL",2008-12-01T21:00:00Z,Buy,16.46,16,13,-5.98,1.1688641007186,-44.98,20.54,44.98,0,"	822,826" 
2008-11-03T21:00:00Z,"TBI",2009-01-02T21:00:00Z,Buy,8.18,9.82,34,55.76,3.3047259798686,-71.74,55.76,79.9,1,"	818,832" 
2008-11-03T21:00:00Z,"DAR",2009-02-02T21:00:00Z,Buy,7.13,4.48,99,-262.35,1.4757077069843,-356.4,75.24,431.64,0,"	815,840" 
2008-11-03T21:00:00Z,"HOFT",2009-02-02T21:00:00Z,Buy,9.8,8.09,38,-64.98,1.8294117799151,-143.64,530.48,143.64,0,"	817,841" 
2008-11-03T21:00:00Z,"MEI",2009-02-02T21:00:00Z,Buy,7.71,4.9,30,-84.3,2.1277999093346,-92.4,171.3,148.8,0,"	819,842" 
2008-11-03T21:00:00Z,"ABFS",2009-04-01T20:00:00Z,Buy,29.03,19.17,28,-276.08,3.4431548522276,-362.04,44.52,406.56,0,"	812,861" 
2008-11-03T21:00:00Z,"HVT",2009-04-01T20:00:00Z,Buy,9.6,10.47,22,19.14,3.3500295286606,-40.48,24.64,40.48,1,"	816,865" 
2008-11-03T21:00:00Z,"TBI",2009-04-01T20:00:00Z,Buy,8.18,8.37,93,17.67,6.9831322415623,-200.88,187.86,388.74,1,"	818,867" 
2008-11-03T21:00:00Z,"NVR",2009-04-01T20:00:00Z,Buy,499.85,430.02,1,-69.83,1.7261882165569,-179.81,279.15,179.81,0,"	820,868" 
2008-11-03T21:00:00Z,"TTWO",2009-04-01T20:00:00Z,Buy,12.26,8.47,23,-87.17,0.55943929173693,-152.72,84.41,157.78,0,"	821,870" 
2008-11-03T21:00:00Z,"WDC",2009-09-01T20:00:00Z,Buy,17.05,33.21,6,96.96,1.0507863534668,-42.72,137.52,45.9,1,"	823,923" 
2008-11-03T21:00:00Z,"CALM",2009-11-02T21:00:00Z,Buy,29.09,27.93,25,-29,7.0813683965731,-296,33.5,325.75,0,"	814,937" 
2008-11-03T21:00:00Z,"UACL",2009-12-01T21:00:00Z,Buy,16.46,16.13,39,-12.87,3.9698443516366,-232.05,125.97,358.02,0,"	822,959" 
2008-11-03T21:00:00Z,"HVT",2010-03-01T21:00:00Z,Buy,9.6,13.49,88,342.32,5.5904500518261,-161.92,381.92,203.28,1,"	816,995" 
2008-11-03T21:00:00Z,"BKE",2010-04-01T20:00:00Z,Buy,26.09,37.16,10,110.7,0.52475332068311,-119.3,154.77,124.3,1,"	813,1009" 
2008-11-03T21:00:00Z,"WDC",2010-11-01T20:00:00Z,Buy,17.05,32.62,8,124.56,4.3680819680155,-56.96,235.36,182.8,1,"	823,1106" 
2008-12-01T21:00:00Z,"CF",2009-03-02T21:00:00Z,Buy,44.12,58.99,4,59.48,1.2276546251151,-18.56,501.6,49.64,1,"	828,852" 
2008-12-01T21:00:00Z,"GCO",2009-04-01T20:00:00Z,Buy,11.47,19.2,14,108.22,2.1658605128949,0,108.64,82.88,1,"	829,864" 
2008-12-01T21:00:00Z,"JAKK",2009-04-01T20:00:00Z,Buy,17.03,12.65,14,-61.32,1.8713899243607,-94.5,181.44,149.52,0,"	830,866" 
2008-12-01T21:00:00Z,"GCO",2009-08-03T20:00:00Z,Buy,11.47,22.07,34,360.4,1.8917851162714,0,487.9,280.5,1,"	829,914" 
2009-01-02T21:00:00Z,"MOV",2009-02-02T21:00:00Z,Buy,9.68,7.66,22,-44.44,2.9938114054853,-67.1,551.1,72.6,0,"	834,843" 
2009-01-02T21:00:00Z,"SKX",2009-04-01T20:00:00Z,Buy,12.87,6.91,16,-95.36,0.54012470771629,-121.28,127.84,121.28,0,"	836,869" 
2009-01-02T21:00:00Z,"TTWO",2009-04-01T20:00:00Z,Buy,7.95,8.47,33,17.16,1.5139609834342,-76.89,263.34,83.16,1,"	838,870" 
2009-01-02T21:00:00Z,"PTEN",2009-06-01T20:00:00Z,Buy,12.58,15.23,21,55.65,0.55738053866203,-103.32,496.02,110.25,1,"	835,897" 
2009-01-02T21:00:00Z,"TSCO",2009-08-03T20:00:00Z,Buy,36.73,48.4,5,58.35,2.2924442680942,-37.5,58.35,40.65,1,"	837,915" 
2009-01-02T21:00:00Z,"TSCO",2010-05-03T20:00:00Z,Buy,36.73,67.93,5,156,0.51264143218699,-37.5,167.35,45.05,1,"	837,1026" 
2009-01-02T21:00:00Z,"WDC",2010-11-01T20:00:00Z,Buy,12.32,32.62,18,365.4,2.3571713784733,-43.02,614.7,411.3,1,"	839,1106" 
2009-01-02T21:00:00Z,"TSCO",2011-01-03T21:00:00Z,Buy,18.365,49.2,7,215.84,0.51775623839967,-26.25,215.84,32.3,1,"	837,1137" 
2009-01-02T21:00:00Z,"TSCO",2011-02-01T21:00:00Z,Buy,18.365,51.68,10,333.15,2.1678129005369,-37.5,346.45,46.15,1,"	837,1146" 
2009-01-02T21:00:00Z,"TSCO",2011-08-01T20:00:00Z,Buy,18.365,65.89,5,237.62,1.4826997167754,-18.75,269.48,33.1,1,"	837,1240" 
2009-01-02T21:00:00Z,"TSCO",2012-02-01T21:00:00Z,Buy,18.365,81.77,4,253.62,0.86792804517205,-15,253.62,75.28,1,"	837,1313" 
2009-01-02T21:00:00Z,"TSCO",2012-06-01T20:00:00Z,Buy,18.365,89.59,4,284.9,0.50980733442802,-15,325.62,75.28,1,"	837,1359" 
2009-01-02T21:00:00Z,"TSCO",2012-08-01T20:00:00Z,Buy,18.365,88.1,5,348.68,1.8456253791174,-18.75,407.02,108.95,1,"	837,1382" 
2009-01-02T21:00:00Z,"TSCO",2013-02-01T21:00:00Z,Buy,18.365,103.96,3,256.78,0.5075209800328,-11.25,256.78,65.37,1,"	837,1458" 
2009-02-02T21:00:00Z,"CTRN",2009-03-02T21:00:00Z,Buy,9.51,11.97,17,41.82,6.7007977921975,0,53.21,18.02,1,"	847,853" 
2009-02-02T21:00:00Z,"CTRN",2009-04-01T20:00:00Z,Buy,9.51,22.96,20,269,4.6525409524209,0,269,31.6,1,"	847,863" 
2009-02-02T21:00:00Z,"KFRC",2009-05-01T20:00:00Z,Buy,6.32,10.63,120,517.2,7.4528612250747,-94.8,564,289.2,1,"	849,882" 
2009-02-02T21:00:00Z,"CRK",2009-06-01T20:00:00Z,Buy,38.42,40.83,13,31.33,3.4874937766869,-148.07,61.1,180.31,1,"	846,891" 
2009-02-02T21:00:00Z,"PETS",2009-12-01T21:00:00Z,Buy,14.45,16.48,73,148.19,6.2713109238486,-86.87,386.17,307.33,1,"	848,957" 
2009-02-02T21:00:00Z,"CTRN",2010-04-01T20:00:00Z,Buy,9.51,33.1,19,448.21,1.8807629885855,0,478.99,179.17,1,"	847,1010" 
2009-02-02T21:00:00Z,"SYKE",2010-05-03T20:00:00Z,Buy,16.72,22.51,52,301.08,4.7317896166158,-154.96,514.8,235.04,1,"	850,1025" 
2009-03-02T21:00:00Z,"FSYS",2009-06-01T20:00:00Z,Buy,19.25,22.74,21,73.29,2.7772307827203,-184.8,74.97,189.84,1,"	858,894" 
2009-03-02T21:00:00Z,"CALM",2009-11-02T21:00:00Z,Buy,20.47,27.93,9,67.14,0.52067212746858,-28.98,89.64,64.71,1,"	857,937" 
2009-03-02T21:00:00Z,"LHCG",2009-12-01T21:00:00Z,Buy,17.99,31.9,33,459.03,3.3024412225727,-32.67,467.28,243.87,1,"	859,956" 
2009-03-02T21:00:00Z,"MTSC",2010-03-01T21:00:00Z,Buy,21.55,27.92,39,248.43,8.1321103266956,-66.3,339.69,210.21,1,"	860,996" 
2009-04-01T20:00:00Z,"HWKN",2009-06-01T20:00:00Z,Buy,15.34,21,19,107.54,10.413095594638,-4.18,116.66,11.97,1,"	874,892" 
2009-04-01T20:00:00Z,"CMTL",2009-07-01T20:00:00Z,Buy,25.14,32.55,30,222.3,3.3172733413311,0,276.6,231.3,1,"	872,907" 
2009-04-01T20:00:00Z,"AMED",2009-08-03T20:00:00Z,Buy,27.4,44.8,27,469.8,4.8620434404875,0,469.8,240.84,1,"	871,913" 
2009-04-01T20:00:00Z,"HWKN",2009-10-01T20:00:00Z,Buy,15.34,22.76,18,133.56,0.54384417808219,-3.96,189.9,76.5,1,"	874,932" 
2009-04-01T20:00:00Z,"XOM",2009-11-02T21:00:00Z,Buy,69.11,72.15,3,9.12,1.6789541534231,-22.32,76.41,26.79,1,"	878,942" 
2009-04-01T20:00:00Z,"CNC",2009-12-01T21:00:00Z,Buy,17.65,19.27,51,82.62,5.9861149855388,-32.13,145.35,177.48,1,"	873,954" 
2009-04-01T20:00:00Z,"WIRE",2010-01-04T21:00:00Z,Buy,21.98,21.26,39,-28.08,6.7324412548445,-97.89,89.7,171.6,0,"	877,979" 
2009-04-01T20:00:00Z,"HWKN",2010-04-01T20:00:00Z,Buy,15.34,24.15,10,88.1,0.78865389590644,-2.2,105.5,60.8,1,"	874,1011" 
2009-04-01T20:00:00Z,"HWKN",2010-07-01T20:00:00Z,Buy,15.34,24.77,11,103.73,1.5391050739661,-2.42,154.55,66.88,1,"	874,1059" 
2009-04-01T20:00:00Z,"HWKN",2010-08-02T20:00:00Z,Buy,15.34,32.17,13,218.79,2.6411241148608,-2.86,222.56,79.04,1,"	874,1066" 
2009-04-01T20:00:00Z,"NPK",2010-08-02T20:00:00Z,Buy,63.81,102.97,2,78.32,5.3013009596426,0,129.86,77.84,1,"	876,1067" 
2009-04-01T20:00:00Z,"HWKN",2010-12-01T21:00:00Z,Buy,15.34,43.45,5,140.55,1.025055547255,-1.1,140.95,30.4,1,"	874,1116" 
2009-04-01T20:00:00Z,"NPK",2011-01-03T21:00:00Z,Buy,63.81,134.58,2,141.54,0.78081126100491,0,141.54,77.84,1,"	876,1136" 
2009-04-01T20:00:00Z,"NPK",2011-03-01T21:00:00Z,Buy,63.81,125.75,8,495.52,1.4427392337632,0,580.96,311.36,1,"	876,1158" 
2009-04-01T20:00:00Z,"K",2012-10-01T20:00:00Z,Buy,37.53,51.93,6,86.4,1.1015541874775,-9.9,120.18,66.3,1,"	875,1403" 
2009-05-01T20:00:00Z,"PLCE",2009-06-01T20:00:00Z,Buy,28.9,36.79,7,55.23,4.1569093283218,0,55.23,31.08,1,"	890,896" 
2009-05-01T20:00:00Z,"KIRK",2009-07-01T20:00:00Z,Buy,6.71,11.21,54,243,10.825894444876,-52.38,286.2,64.26,1,"	888,909" 
2009-05-01T20:00:00Z,"DGIT",2009-10-01T20:00:00Z,Buy,21.99,20.51,10,-14.8,1.118742950794,-52.9,14.2,67.1,0,"	886,930" 
2009-05-01T20:00:00Z,"CVX",2009-11-02T21:00:00Z,Buy,66.84,76.64,4,39.2,0.84368859285318,-41.48,144.92,45.08,1,"	885,938" 
2009-05-01T20:00:00Z,"PLCE",2009-11-02T21:00:00Z,Buy,28.9,32.53,20,72.6,0.57240381558029,-80.8,157.8,238.6,1,"	890,941" 
2009-05-01T20:00:00Z,"DGIT",2009-12-01T21:00:00Z,Buy,21.99,27.28,13,68.77,0.53289795918367,-68.77,75.14,87.23,1,"	886,955" 
2009-05-01T20:00:00Z,"KIRK",2010-01-04T21:00:00Z,Buy,6.71,18,15,169.35,1.1585325776553,-14.55,183.6,63.3,1,"	888,977" 
2009-05-01T20:00:00Z,"DLTR",2010-02-01T21:00:00Z,Buy,41.53,49.97,7,59.08,0.51716521020312,-141.61,68.6,42,1,"	887,986" 
2009-05-01T20:00:00Z,"MTSC",2010-03-01T21:00:00Z,Buy,21.7,27.92,12,74.64,0.53080927591103,-22.2,102.72,64.68,1,"	889,996" 
2009-05-01T20:00:00Z,"DGIT",2010-06-01T20:00:00Z,Buy,21.99,41.71,10,197.2,3.5756047204033,-52.9,211.8,67.1,1,"	886,1044" 
2009-05-01T20:00:00Z,"DGIT",2011-01-03T21:00:00Z,Buy,21.99,29.59,7,53.2,1.5374988213478,-48.16,152.67,200.83,1,"	886,1130" 
2009-05-01T20:00:00Z,"KIRK",2011-01-03T21:00:00Z,Buy,6.71,14.06,41,301.35,0.64531004989309,-39.77,730.62,563.34,1,"	888,1135" 
2009-06-01T20:00:00Z,"EXPO",2009-10-01T20:00:00Z,Buy,28.08,27.54,8,-4.32,0.52137799771603,-173.04,71.52,35.2,0,"	901,931" 
2009-06-01T20:00:00Z,"RHI",2009-12-01T21:00:00Z,Buy,22.61,22.75,43,6.02,2.510959343748,-89.01,221.88,239.94,1,"	904,958" 
2009-06-01T20:00:00Z,"FIZ",2010-01-04T21:00:00Z,Buy,11,12.71,14.000215999827,23.94,4.7705860948391,-57.4,46.06,25.9,1,"	902,976" 
2009-06-01T20:00:00Z,"CASY",2010-05-03T20:00:00Z,Buy,26.47,38.42,27,322.65,1.1694249715971,-43.47,351.81,102.33,1,"	900,1018" 
2009-06-01T20:00:00Z,"RBIN",2010-05-03T20:00:00Z,Buy,13.97,25.58,11,127.71,6.6134611202671,-14.08,127.71,46.09,1,"	903,1021" 
2009-06-01T20:00:00Z,"USMO",2010-05-03T20:00:00Z,Buy,11.34,14.23,84,242.76,8.9117156156409,-114.24,252,322.56,1,"	905,1028" 
2009-06-01T20:00:00Z,"FIZ",2010-07-01T20:00:00Z,Buy,11,12.28,33,42.24,2.1291808450085,-135.3,108.57,114.84,1,"	902,1058" 
2009-06-01T20:00:00Z,"FIZ",2010-09-01T20:00:00Z,Buy,11,14.98,29.999784000173,119.4,0.59401673640167,-123,119.4,104.4,1,"	902,1075" 
2009-06-01T20:00:00Z,"RBIN",2010-09-01T20:00:00Z,Buy,13.97,24.26,10,102.9,1.1888801694483,-12.8,116.1,75.4,1,"	903,1078" 
2009-06-01T20:00:00Z,"RBIN",2010-11-01T20:00:00Z,Buy,13.97,37.21,6,139.44,0.52549328583173,-7.68,139.44,45.24,1,"	903,1105" 
2009-06-01T20:00:00Z,"CASY",2011-05-02T20:00:00Z,Buy,26.47,38.45,12,143.76,5.1129343300761,-19.32,213.24,100.92,1,"	900,1181" 
2009-06-01T20:00:00Z,"CTR",2011-07-01T20:00:00Z,Buy,20.25,29.34,18.500024749988,168.17,4.2453050587609,-91.21,172.98,121.55,1,"	899,1219" 
2009-06-01T20:00:00Z,"CTR",2011-08-01T20:00:00Z,Buy,20.25,28,11,85.25,1.9425297002302,-54.23,115.39,72.27,1,"	899,1232" 
2009-06-01T20:00:00Z,"CTR",2013-07-01T20:00:00Z,Buy,20.25,25.32,18.499975250012,93.79,0.73585336538462,-91.2,212.75,172.42,1,"	899,1538" 
2009-07-01T20:00:00Z,"PLCE",2009-11-02T21:00:00Z,Buy,27.08,32.53,8,43.6,0.52049186530458,-17.76,77.68,63.68,1,"	911,941" 
2009-07-01T20:00:00Z,"XOM",2009-11-02T21:00:00Z,Buy,70.56,72.15,3,4.77,0.82982815756976,-26.67,72.06,18.78,1,"	912,942" 
2009-07-01T20:00:00Z,"CORE",2010-10-01T20:00:00Z,Buy,26.88,31,7,28.84,4.6868124961661,-9.31,52.08,60.9,1,"	910,1088" 
2009-07-01T20:00:00Z,"CORE",2011-06-01T20:00:00Z,Buy,26.88,34.83,29,230.55,0.67054420817012,-38.57,292.9,252.3,1,"	910,1199" 
2009-08-03T20:00:00Z,"SIF",2009-09-01T20:00:00Z,Buy,10.3,13.8,26,91,4.2736176646014,-0.52,114.92,23.92,1,"	919,922" 
2009-08-03T20:00:00Z,"WEYS",2009-10-01T20:00:00Z,Buy,23.61,22.35,10,-12.6,1.2062905455031,-63.1,158.3,21.6,0,"	920,933" 
2009-08-03T20:00:00Z,"WIRE",2010-01-04T21:00:00Z,Buy,22.17,21.26,12,-10.92,1.0521906684038,-32.4,25.32,52.8,0,"	921,979" 
2009-08-03T20:00:00Z,"BKE",2010-04-01T20:00:00Z,Buy,31.36,37.16,9,52.2,1.0943380948547,-154.8,91.86,93.69,1,"	916,1009" 
2009-08-03T20:00:00Z,"RGR",2010-05-03T20:00:00Z,Buy,11.87,17.23,65,348.4,1.3712219623253,-141.05,369.2,267.15,1,"	918,1022" 
2009-08-03T20:00:00Z,"SIF",2010-05-03T20:00:00Z,Buy,10.3,13.95,50,182.5,0.67600937274694,-1,345,197.5,1,"	919,1024" 
2009-08-03T20:00:00Z,"HWKN",2010-12-01T21:00:00Z,Buy,18.98,43.45,3,73.41,0.53288113006397,-11.58,73.65,18.24,1,"	917,1116" 
2009-08-03T20:00:00Z,"HWKN",2011-08-01T20:00:00Z,Buy,18.98,34.73,10,157.5,0.59585560720511,-38.6,302.3,155.6,1,"	917,1237" 
2009-09-01T20:00:00Z,"CVX",2009-11-02T21:00:00Z,Buy,68.48,76.64,3,24.48,0.65759063507049,-36.03,103.77,13.5,1,"	924,938" 
2009-09-01T20:00:00Z,"XOM",2009-11-02T21:00:00Z,Buy,68.41,72.15,3,11.22,0.50741973969631,-20.22,78.51,12.21,1,"	929,942" 
2009-09-01T20:00:00Z,"CNC",2009-12-01T21:00:00Z,Buy,17.02,19.27,12,27,0.86901118765489,0,41.76,27.36,1,"	925,954" 
2009-09-01T20:00:00Z,"VLGEA",2010-02-01T21:00:00Z,Buy,29.09,26.13,8,-23.68,0.5859168575417,-82.36,28.16,40.8,0,"	927,988" 
2009-09-01T20:00:00Z,"DGIT",2011-01-03T21:00:00Z,Buy,16.7,29.59,16,206.24,0.53852364475202,-25.44,433.6,459.04,1,"	926,1130" 
2009-09-01T20:00:00Z,"WMK",2013-07-01T20:00:00Z,Buy,31.72,45.44,7,96.04,0.76921421621484,-59.01,106.4,54.88,1,"	928,1542" 
2009-10-01T20:00:00Z,"CALM",2009-11-02T21:00:00Z,Buy,25.93,27.93,8,16,0.51937243182667,-69.44,36,5.36,1,"	934,937" 
2009-10-01T20:00:00Z,"SCHN",2010-01-04T21:00:00Z,Buy,51.67,50,12,-20.04,2.7263992907688,-110.76,54.96,165.72,0,"	935,978" 
2009-10-01T20:00:00Z,"TESS",2010-10-01T20:00:00Z,Buy,11.27333897,16.06,34.999914882461,167.53,4.6150009184373,-182.7,337.17,306.83,1,"	936,1093" 
2009-10-01T20:00:00Z,"TESS",2011-02-01T21:00:00Z,Buy,11.27333897,12.44,31.000052117555,36.17,0.64308159722222,-161.82,298.63,271.77,1,"	936,1145" 
2009-11-02T21:00:00Z,"AAON",2009-12-01T21:00:00Z,Buy,18.66,19.03,14,5.18,1.3182275226712,-80.36,59.64,22.12,1,"	943,953" 
2009-11-02T21:00:00Z,"VLGEA",2010-02-01T21:00:00Z,Buy,30.32,26.13,7,-29.33,0.77956740533315,-80.68,16.03,35.7,0,"	952,988" 
2009-11-02T21:00:00Z,"ARKR",2010-04-01T20:00:00Z,Buy,12.8,13.35,66,36.3,8.5300841021707,-6.6,157.08,137.28,1,"	945,1008" 
2009-11-02T21:00:00Z,"USMO",2010-05-03T20:00:00Z,Buy,10.76,14.23,21,72.87,0.55182568807339,-16.38,75.18,19.53,1,"	951,1028" 
2009-11-02T21:00:00Z,"APOG",2010-08-02T20:00:00Z,Buy,12.9,11.12,64,-113.92,8.3318333308393,-146.56,247.04,393.6,0,"	944,1065" 
2009-11-02T21:00:00Z,"FIZ",2010-09-01T20:00:00Z,Buy,11.08,14.98,6.0002159998272,23.4,1.5960564458301,-25.08,23.4,20.88,1,"	948,1075" 
2009-11-02T21:00:00Z,"DISCA",2010-10-01T20:00:00Z,Buy,27.28,43.27,5,79.95,1.1215396326062,0,82.3,24.5,1,"	947,1089" 
2009-11-02T21:00:00Z,"RS",2010-10-01T20:00:00Z,Buy,36.42,42.19,21,121.17,3.6692999630054,-22.47,389.34,411.81,1,"	950,1092" 
2009-11-02T21:00:00Z,"POWL",2010-12-01T21:00:00Z,Buy,36.05,36.17,25,3,4.9115316678039,-237.75,26.25,264,1,"	949,1119" 
2009-11-02T21:00:00Z,"FIZ",2011-02-01T21:00:00Z,Buy,11.08,13.65,15,38.55,0.92454182938373,-62.7,61.8,52.2,1,"	948,1143" 
2009-11-02T21:00:00Z,"DISCA",2011-05-02T20:00:00Z,Buy,27.28,44.65,39,677.43,0.63366753276096,0,689.91,249.99,1,"	947,1182" 
2009-11-02T21:00:00Z,"CORE",2011-06-01T20:00:00Z,Buy,27.43,34.83,8,59.2,0.98456637990401,-15.04,76.4,69.6,1,"	946,1199" 
2009-11-02T21:00:00Z,"FIZ",2011-07-01T20:00:00Z,Buy,11.08,14.63,1.9997840001728,7.1,4.5321027021584,-8.36,8.24,6.96,1,"	948,1220" 
2009-12-01T21:00:00Z,"CENT",2010-01-04T21:00:00Z,Buy,9.15,10.65,99,148.5,1.5060481597788,0,198,49.5,1,"	961,975" 
2009-12-01T21:00:00Z,"SCHN",2010-01-04T21:00:00Z,Buy,46.04,50,5,19.8,1.6609453288058,-18,51.05,9.05,1,"	970,978" 
2009-12-01T21:00:00Z,"WIRE",2010-01-04T21:00:00Z,Buy,20.07,21.26,15,17.85,1.2247652810351,-9,63.15,18.3,1,"	973,979" 
2009-12-01T21:00:00Z,"DPZ",2010-02-01T21:00:00Z,Buy,7.75,11.36,37,133.57,1.7162137991478,-6.66,135.79,15.54,1,"	964,987" 
2009-12-01T21:00:00Z,"CTRN",2010-04-01T20:00:00Z,Buy,26.56,33.1,8,52.32,1.3202278203227,-136.4,65.28,39.36,1,"	962,1010" 
2009-12-01T21:00:00Z,"CVI",2010-05-03T20:00:00Z,Buy,7.39,8.47,90,97.2,3.2870474959937,-75.6,183.6,136.8,1,"	963,1019" 
2009-12-01T21:00:00Z,"DPZ",2010-05-03T20:00:00Z,Buy,7.75,16.06,88,731.28,1.1642699259001,-15.84,740.08,73.92,1,"	964,1020" 
2009-12-01T21:00:00Z,"RGR",2010-05-03T20:00:00Z,Buy,10.97,17.23,19,118.94,1.1663877505269,-24.13,125.02,27.36,1,"	969,1022" 
2009-12-01T21:00:00Z,"USMO",2010-05-03T20:00:00Z,Buy,10.34,14.23,23,89.47,0.55957414829659,-8.28,92,21.39,1,"	972,1028" 
2009-12-01T21:00:00Z,"GTLS",2010-06-01T20:00:00Z,Buy,16.91,16.96,40,2,6.1545303102506,-49.6,370.4,368.4,1,"	965,1046" 
2009-12-01T21:00:00Z,"HHS",2010-09-01T20:00:00Z,Buy,9.82,10.42,93,55.8,3.5923273111563,0,516.15,511.5,1,"	966,1077" 
2009-12-01T21:00:00Z,"JBSS",2010-11-01T20:00:00Z,Buy,16.32,12.96,56,-188.16,3.5940166991672,-227.92,62.72,290.64,0,"	967,1103" 
2009-12-01T21:00:00Z,"RBIN",2010-11-01T20:00:00Z,Buy,15.86,37.21,4,85.4,1.5777765958065,-12.68,85.4,30.16,1,"	968,1105" 
2009-12-01T21:00:00Z,"RBIN",2011-04-01T20:00:00Z,Buy,15.86,41.5,5,128.2,0.51232478023283,-15.85,154.6,76.3,1,"	968,1173" 
2009-12-01T21:00:00Z,"CASY",2011-05-02T20:00:00Z,Buy,30.62,38.45,7,54.81,0.5175171624714,-40.32,95.34,58.87,1,"	960,1181" 
2009-12-01T21:00:00Z,"RBIN",2012-05-01T20:00:00Z,Buy,15.86,48.6,9,294.66,3.656915368218,-28.53,317.7,173.07,1,"	968,1343" 
2009-12-01T21:00:00Z,"TSCO",2013-05-01T20:00:00Z,Buy,23.715,105.33,10,816.15,1.3034981251048,-91,883.35,217.9,1,"	971,1507" 
2009-12-01T21:00:00Z,"WMK",2013-07-01T20:00:00Z,Buy,35.71,45.44,6,58.38,0.70721850929728,-74.52,67.26,47.04,1,"	974,1542" 
2010-01-04T21:00:00Z,"VLGEA",2010-02-01T21:00:00Z,Buy,27.5,26.13,8,-10.96,0.73839820612476,-69.64,40.88,16.88,0,"	985,988" 
2010-01-04T21:00:00Z,"EGN",2010-03-01T21:00:00Z,Buy,47.49,46.68,30,-24.3,2.1679476213597,-162.3,50.1,212.4,0,"	982,994" 
2010-01-04T21:00:00Z,"BKE",2010-04-01T20:00:00Z,Buy,29.65,37.16,5.2499204361991,39.43,0.51772114071038,-81.32,62.56,26.62,1,"	980,1009" 
2010-01-04T21:00:00Z,"TSRA",2010-06-01T20:00:00Z,Buy,23.81,16.87,36,-249.84,5.1663629062433,-253.08,9,262.08,0,"	984,1047" 
2010-01-04T21:00:00Z,"POWL",2010-12-01T21:00:00Z,Buy,32.36,36.17,9,34.29,0.52309229305423,-52.38,42.66,82.8,1,"	983,1119" 
2010-01-04T21:00:00Z,"CLW",2011-06-01T20:00:00Z,Buy,54.32,67.69,11,147.07,6.4218907597028,-110.99,333.85,186.78,1,"	981,1198" 
2010-01-04T21:00:00Z,"BKE",2013-12-02T21:00:00Z,Buy,29.65,52.07,1.7500795638009,39.24,3.7103527271948,-27.11,48.11,22.38,1,"	980,1629" 
2010-02-01T21:00:00Z,"SIF",2010-05-03T20:00:00Z,Buy,12.65,13.95,20,26,0.55031821797932,-47.4,91,66.6,1,"	993,1024" 
2010-02-01T21:00:00Z,"MTRX",2010-07-01T20:00:00Z,Buy,10.52,9.25,22,-27.94,4.070762761713,-42.68,40.92,83.6,0,"	991,1060" 
2010-02-01T21:00:00Z,"MTRX",2010-10-01T20:00:00Z,Buy,10.52,8.7,74,-134.68,5.0154366390533,-153.18,137.64,290.82,0,"	991,1090" 
2010-02-01T21:00:00Z,"CRMT",2011-03-01T21:00:00Z,Buy,23.4,24.26,10,8.6,0.52486187845304,-161,65.3,63.3,1,"	989,1156" 
2010-02-01T21:00:00Z,"FIZ",2011-07-01T20:00:00Z,Buy,11.55,14.63,23,70.84,0.55759973980919,-106.95,83.95,63.25,1,"	990,1220" 
2010-02-01T21:00:00Z,"SCVL",2011-11-01T20:00:00Z,Buy,18.06,26.78,8,69.76,1.3977507370016,-12.24,124.96,95.6,1,"	992,1280" 
2010-02-01T21:00:00Z,"SCVL",2012-04-02T20:00:00Z,Buy,18.06,32.56,18,261,1.2755660447012,-27.54,283.32,235.26,1,"	992,1333" 
2010-02-01T21:00:00Z,"SCVL",2013-06-03T20:00:00Z,Buy,12.04000602,24.64,32.999983500008,415.8,0.72072487644152,-33.66,415.8,287.54,1,"	992,1521" 
2010-03-01T21:00:00Z,"SYKE",2010-05-03T20:00:00Z,Buy,24.68,22.51,10,-21.7,0.52591348173037,-109.4,19.4,25.8,0,"	1004,1025" 
2010-03-01T21:00:00Z,"TTEC",2010-05-03T20:00:00Z,Buy,18.06,16.87,67,-79.73,2.6140406125547,-101.17,27.47,128.64,0,"	1005,1027" 
2010-03-01T21:00:00Z,"ANK",2010-07-01T20:00:00Z,Buy,45.37,40.16,8,-41.68,0.52067912488605,-251.36,102.8,144.48,0,"	997,1056" 
2010-03-01T21:00:00Z,"APOG",2010-08-02T20:00:00Z,Buy,14.86,11.12,17,-63.58,0.54419524142757,-72.25,32.3,104.55,0,"	998,1065" 
2010-03-01T21:00:00Z,"LZB",2010-12-01T21:00:00Z,Buy,13.52,7.98,42,-232.68,5.5297123752025,-295.68,69.3,364.98,0,"	1002,1118" 
2010-03-01T21:00:00Z,"POWL",2010-12-01T21:00:00Z,Buy,29.32,36.17,8,54.8,1.1366153275005,-22.24,62.24,73.6,1,"	1003,1119" 
2010-03-01T21:00:00Z,"CASY",2011-05-02T20:00:00Z,Buy,30.76,38.45,11,84.59,1.1998567023549,-64.9,148.28,92.51,1,"	999,1181" 
2010-03-01T21:00:00Z,"HWKN",2011-08-01T20:00:00Z,Buy,20.6,34.73,19,268.47,2.0695803154278,-104.12,543.59,295.64,1,"	1000,1237" 
2010-03-01T21:00:00Z,"K",2012-10-01T20:00:00Z,Buy,52.16,51.93,4,-0.92,0.74949016868324,-65.12,21.6,44.2,0,"	1001,1403" 
2010-03-01T21:00:00Z,"UFS",2012-10-01T20:00:00Z,Buy,56.19,77.25,14,294.84,4.9038209361428,-129.36,683.34,559.86,1,"	1006,1405" 
2010-03-01T21:00:00Z,"WMK",2013-07-01T20:00:00Z,Buy,34.79,45.44,8,85.2,0.89694094385165,-92,97.04,62.72,1,"	1007,1542" 
2010-04-01T20:00:00Z,"SYKE",2010-05-03T20:00:00Z,Buy,22.91,22.51,9,-3.6,0.86500408177415,-82.53,33.39,8.1,0,"	1017,1025" 
2010-04-01T20:00:00Z,"DSW",2010-12-01T21:00:00Z,Buy,25.76,39.45,7,95.83,4.7165771512579,-26.88,98.63,72.17,1,"	1013,1114" 
2010-04-01T20:00:00Z,"AMED",2011-01-03T21:00:00Z,Buy,56.99,34.9,8,-176.72,1.0646980990556,-270.96,48.96,319.92,0,"	1012,1129" 
2010-04-01T20:00:00Z,"AMED",2011-03-01T21:00:00Z,Buy,56.99,35.37,9,-194.58,3.8582588016276,-304.83,55.08,359.91,0,"	1012,1155" 
2010-04-01T20:00:00Z,"FLXS",2011-03-01T21:00:00Z,Buy,13.31,14.82,57,86.07,3.592952753126,-176.13,306.66,298.11,1,"	1015,1157" 
2010-04-01T20:00:00Z,"DSW",2011-06-01T20:00:00Z,Buy,25.76,48.54,7,159.46,1.1418255843539,-26.88,178.99,72.17,1,"	1013,1200" 
2010-04-01T20:00:00Z,"FIZ",2011-07-01T20:00:00Z,Buy,11.13,14.63,33,115.5,1.0897589310547,-139.59,134.31,90.75,1,"	1014,1220" 
2010-04-01T20:00:00Z,"RBIN",2012-05-01T20:00:00Z,Buy,19.23,48.6,14,411.18,0.92542838071517,-91.56,447.02,269.22,1,"	1016,1343" 
2010-04-01T20:00:00Z,"DSW",2012-06-01T20:00:00Z,Buy,25.76,57.26,22,693,0.56476290214477,-84.48,786.72,385,1,"	1013,1352" 
2010-05-03T20:00:00Z,"FOSL",2010-06-01T20:00:00Z,Buy,40.46,36.23,9.0000149999925,-38.07,0.60661053984576,-265.8,12.78,58.59,0,"	1034,1045" 
2010-05-03T20:00:00Z,"TSRA",2010-06-01T20:00:00Z,Buy,20.46,16.87,18,-64.62,0.54539940828402,-66.24,64.8,66.24,0,"	1042,1047" 
2010-05-03T20:00:00Z,"DECK",2010-07-01T20:00:00Z,Buy,143.79,141.89,2,-3.8,1.025430769719,-38.4,42.46,46.26,0,"	1032,1057" 
2010-05-03T20:00:00Z,"SXI",2010-08-02T20:00:00Z,Buy,25.94,29.95,9,36.09,2.2816363820621,-32.58,36.72,39.33,1,"	1041,1069" 
2010-05-03T20:00:00Z,"FOSL",2010-09-01T20:00:00Z,Buy,40.46,48.8,8,66.72,0.5205516950937,-236.27,66.72,57.44,1,"	1034,1076" 
2010-05-03T20:00:00Z,"MTRX",2010-10-01T20:00:00Z,Buy,11.21,8.7,19,-47.69,1.2306209524429,-52.44,22.23,74.67,0,"	1038,1090" 
2010-05-03T20:00:00Z,"OSK",2010-10-01T20:00:00Z,Buy,39.75,28.07,28,-327.04,6.0404416405376,-415.52,0,415.52,0,"	1040,1091" 
2010-05-03T20:00:00Z,"DECK",2010-11-01T20:00:00Z,Buy,47.92995111141,56.59,5,43.3,1.4500256608107,-32,51.1,57.68,1,"	1032,1102" 
2010-05-03T20:00:00Z,"JBSS",2010-11-01T20:00:00Z,Buy,15.05,12.96,26,-54.34,2.1721845989537,-72.8,62.14,102.18,0,"	1037,1103" 
2010-05-03T20:00:00Z,"DDS",2010-12-01T21:00:00Z,Buy,29.72,32.06,8,18.72,2.9392141455734,-83.04,24,83.04,1,"	1031,1112" 
2010-05-03T20:00:00Z,"DECK",2010-12-01T21:00:00Z,Buy,47.92995111141,79.94,4,128.04,0.51039261570463,-25.6,128.04,46.15,1,"	1032,1113" 
2010-05-03T20:00:00Z,"FOSL",2011-01-03T21:00:00Z,Buy,40.46,72.69,3,96.69,1.1253442107029,-88.6,98.88,21.54,1,"	1034,1131" 
2010-05-03T20:00:00Z,"GCI",2011-01-03T21:00:00Z,Buy,17.29,15.42,55,-102.85,1.3747110784179,-304.15,0,304.15,0,"	1035,1132" 
2010-05-03T20:00:00Z,"GIII",2011-01-03T21:00:00Z,Buy,30.75,35.39,6,27.84,4.4899353995889,-57.06,30.06,57.06,1,"	1036,1133" 
2010-05-03T20:00:00Z,"DDS",2011-02-01T21:00:00Z,Buy,29.72,39.96,8,81.92,2.2571536449173,-83.04,97.92,83.04,1,"	1031,1142" 
2010-05-03T20:00:00Z,"CRMT",2011-03-01T21:00:00Z,Buy,26.15,24.26,14,-26.46,1.4641743124532,-263.9,52.92,88.62,0,"	1029,1156" 
2010-05-03T20:00:00Z,"NPK",2011-03-01T21:00:00Z,Buy,114.36,125.75,5,56.95,0.51276681253907,-252.75,110.35,122.7,1,"	1039,1158" 
2010-05-03T20:00:00Z,"FOSL",2011-04-01T20:00:00Z,Buy,40.46,93.61,4,212.6,0.50999572877736,-118.13,212.76,35.2,1,"	1034,1170" 
2010-05-03T20:00:00Z,"CORE",2011-06-01T20:00:00Z,Buy,30.59,34.83,17,72.08,1.1400618669996,-85.68,108.63,85.51,1,"	1030,1199" 
2010-05-03T20:00:00Z,"FOSL",2011-06-01T20:00:00Z,Buy,40.46,102.07,2,123.22,0.78822582191737,-59.07,132.76,17.6,1,"	1034,1202" 
2010-05-03T20:00:00Z,"FIZ",2011-07-01T20:00:00Z,Buy,11.65,14.63,24,71.52,0.99642764278742,-114,85.2,66,1,"	1033,1220" 
2010-05-03T20:00:00Z,"DDS",2011-08-01T20:00:00Z,Buy,29.72,56.62,4,107.6,1.1608622391959,-41.52,122.24,41.52,1,"	1031,1234" 
2010-05-03T20:00:00Z,"FOSL",2011-08-01T20:00:00Z,Buy,40.46,126.74,2,172.56,0.50504257181507,-59.07,187.66,18.58,1,"	1034,1236" 
2010-05-03T20:00:00Z,"SXI",2011-08-01T20:00:00Z,Buy,25.94,32.27,27,170.91,0.61277958993476,-97.74,348.3,269.46,1,"	1041,1239" 
2010-05-03T20:00:00Z,"DECK",2011-09-01T20:00:00Z,Buy,47.92995111141,89.19,3,123.78,0.84224914300791,-19.2,171.27,94.98,1,"	1032,1249" 
2010-05-03T20:00:00Z,"GIII",2011-10-03T20:00:00Z,Buy,30.75,21.83,27,-240.84,6.542664407018,-266.22,388.26,654.48,0,"	1036,1262" 
2010-05-03T20:00:00Z,"FOSL",2011-11-01T20:00:00Z,Buy,40.46,99.3,2,117.68,0.50478969708663,-59.07,187.66,122.72,1,"	1034,1277" 
2010-05-03T20:00:00Z,"DDS",2012-03-01T21:00:00Z,Buy,29.72,60.43,9,276.39,0.52223871442591,-93.42,282.78,188.55,1,"	1031,1317" 
2010-05-03T20:00:00Z,"DECK",2012-03-01T21:00:00Z,Buy,47.92995111141,78.59,6.0000183600151,183.96,1.7440131013504,-38.4,418.26,257.7,1,"	1032,1318" 
2010-05-03T20:00:00Z,"FOSL",2012-03-01T21:00:00Z,Buy,40.46,126.29,5,429.15,2.8885115350735,-147.67,469.15,306.8,1,"	1034,1319" 
2010-05-03T20:00:00Z,"FOSL",2012-07-02T20:00:00Z,Buy,40.46,74.88,5.9999850000075,206.52,2.8515268311442,-177.2,587.04,412.92,1,"	1034,1373" 
2010-05-03T20:00:00Z,"DDS",2012-12-03T21:00:00Z,Buy,29.72,89.01,3,177.87,1.2130564380866,-31.14,177.99,62.85,1,"	1031,1428" 
2010-05-03T20:00:00Z,"WMK",2013-07-01T20:00:00Z,Buy,37.93,45.44,12,90.12,0.99354602095888,-175.68,107.88,94.08,1,"	1043,1542" 
2010-06-01T20:00:00Z,"ANK",2010-07-01T20:00:00Z,Buy,41.31,40.16,5,-5.75,1.8110736209396,-136.8,84.55,22.15,0,"	1050,1056" 
2010-06-01T20:00:00Z,"WDC",2010-11-01T20:00:00Z,Buy,33.56,32.62,8,-7.52,1.401530942273,-189.04,103.28,103.52,0,"	1055,1106" 
2010-06-01T20:00:00Z,"LZB",2010-12-01T21:00:00Z,Buy,11.42,7.98,21,-72.24,2.4503167233583,-103.74,78.75,124.32,0,"	1053,1118" 
2010-06-01T20:00:00Z,"AMED",2011-03-01T21:00:00Z,Buy,48.42,35.37,6,-78.3,1.5360748404364,-151.8,88.14,165,0,"	1049,1155" 
2010-06-01T20:00:00Z,"FLXS",2011-03-01T21:00:00Z,Buy,11.14,14.82,22,80.96,0.55201188455008,-20.24,166.1,88.88,1,"	1052,1157" 
2010-06-01T20:00:00Z,"SKX",2011-04-01T20:00:00Z,Buy,36.14,20.22,28,-445.76,4.1954232398472,-495.04,215.88,710.92,0,"	1054,1175" 
2010-06-01T20:00:00Z,"CLW",2011-06-01T20:00:00Z,Buy,59.11,67.69,4,34.32,0.50965376449453,-59.52,102.24,67.92,1,"	1051,1198" 
2010-06-01T20:00:00Z,"ALG",2011-08-01T20:00:00Z,Buy,22.58,24.02,41,59.04,12.670870313963,-141.45,268.96,324.31,1,"	1048,1231" 
2010-07-01T20:00:00Z,"APOG",2010-08-02T20:00:00Z,Buy,10.7,11.12,19,7.98,0.5469298245614,-1.71,115.14,17.1,1,"	1061,1065" 
2010-07-01T20:00:00Z,"RS",2010-10-01T20:00:00Z,Buy,35.95,42.19,7,43.68,0.51740318118949,-4.2,133.07,37.87,1,"	1064,1092" 
2010-07-01T20:00:00Z,"GCO",2010-12-01T21:00:00Z,Buy,26.36,39.88,9,121.68,1.1335397792194,-13.68,121.68,40.41,1,"	1063,1115" 
2010-07-01T20:00:00Z,"CASY",2011-05-02T20:00:00Z,Buy,35.4,38.45,7,21.35,0.98544184042133,-73.78,61.88,58.87,1,"	1062,1181" 
2010-07-01T20:00:00Z,"GCO",2011-07-01T20:00:00Z,Buy,26.36,52.83,10,264.7,1.9819251139676,-15.2,273.6,52.4,1,"	1063,1221" 
2010-07-01T20:00:00Z,"GCO",2011-10-03T20:00:00Z,Buy,26.36,50.01,4,94.6,0.50970502619833,-6.08,120.16,58.52,1,"	1063,1261" 
2010-07-01T20:00:00Z,"GCO",2013-02-01T21:00:00Z,Buy,26.36,62.83,4,145.88,0.51008021819349,-6.08,209.64,112.56,1,"	1063,1455" 
2010-07-01T20:00:00Z,"GCO",2013-04-01T20:00:00Z,Buy,26.36,58.07,17,539.07,2.562726813171,-25.84,890.97,478.38,1,"	1063,1488" 
2010-08-02T20:00:00Z,"PLCE",2010-11-01T20:00:00Z,Buy,41.72,43.48,5,8.8,7.5622833511826,-7.25,74.15,65.35,1,"	1072,1104" 
2010-08-02T20:00:00Z,"WDC",2010-11-01T20:00:00Z,Buy,27.16,32.62,9,49.14,0.52314772727273,-155.07,173.79,31.86,1,"	1073,1106" 
2010-08-02T20:00:00Z,"GCI",2011-01-03T21:00:00Z,Buy,13.69,15.42,16,27.68,1.351612529829,-30.88,57.6,37.28,1,"	1070,1132" 
2010-08-02T20:00:00Z,"KIRK",2011-01-03T21:00:00Z,Buy,18.2,14.06,17,-70.38,1.0210123180856,-211.82,107.61,125.97,0,"	1071,1135" 
2010-08-02T20:00:00Z,"PLCE",2011-04-01T20:00:00Z,Buy,41.72,49.48,6,46.56,0.51489464178206,-8.7,88.98,93.96,1,"	1072,1172" 
2010-08-02T20:00:00Z,"PLCE",2011-10-03T20:00:00Z,Buy,41.72,45.8,20,81.6,0.59350956372233,-90,296.6,386.6,1,"	1072,1263" 
2010-09-01T20:00:00Z,"OSK",2010-10-01T20:00:00Z,Buy,25.6,28.07,16,39.52,0.54110798875953,-11.04,226.4,41.12,1,"	1086,1091" 
2010-09-01T20:00:00Z,"JBSS",2010-11-01T20:00:00Z,Buy,13.21,12.96,20,-5,0.5516015625,-19.2,84.6,38.8,0,"	1084,1103" 
2010-09-01T20:00:00Z,"LZB",2010-12-01T21:00:00Z,Buy,7.08,7.98,37,33.3,1.267199606624,-22.2,299.33,51.8,1,"	1085,1118" 
2010-09-01T20:00:00Z,"TESS",2011-02-01T21:00:00Z,Buy,11.16,12.44,21.999947882445,28.16,0.56094017094017,-112.35,214.43,117.7,1,"	1087,1145" 
2010-09-01T20:00:00Z,"AAWW",2011-03-01T21:00:00Z,Buy,45.37,67.43,21,463.26,1.1068054858871,0,564.69,233.52,1,"	1080,1154" 
2010-09-01T20:00:00Z,"AMED",2011-03-01T21:00:00Z,Buy,23.82,35.37,11,127.05,0.52833261245675,-7.7,432.19,68.2,1,"	1081,1155" 
2010-09-01T20:00:00Z,"DECK",2012-03-01T21:00:00Z,Buy,45.76,78.59,6,196.98,0.51579020013803,-25.38,431.28,257.7,1,"	1083,1318" 
2010-09-01T20:00:00Z,"CTR",2013-07-01T20:00:00Z,Buy,24.08,25.32,9,11.16,0.95796465602416,-78.84,69.03,83.88,1,"	1082,1538" 
2010-10-01T20:00:00Z,"CRMT",2011-03-01T21:00:00Z,Buy,25.52,24.26,7.000017999991,-8.82,0.52027005559968,-127.54,30.87,44.31,0,"	1094,1156" 
2010-10-01T20:00:00Z,"SKX",2011-04-01T20:00:00Z,Buy,22.54,20.22,10,-23.2,1.0992822006546,-40.8,213.1,70.4,0,"	1100,1175" 
2010-10-01T20:00:00Z,"DPZ",2011-05-02T20:00:00Z,Buy,13.15,18.56,97,524.77,2.6387077522856,-5.82,543.2,155.2,1,"	1096,1183" 
2010-10-01T20:00:00Z,"MGLN",2011-05-02T20:00:00Z,Buy,47.38,51.79,41,180.81,1.219784256267,-74.62,197.21,220.17,1,"	1099,1184" 
2010-10-01T20:00:00Z,"USMO",2011-05-02T20:00:00Z,Buy,16.31,15.02,83,-107.07,11.007796906125,-286.35,233.23,519.58,0,"	1101,1185" 
2010-10-01T20:00:00Z,"FIZ",2011-07-01T20:00:00Z,Buy,14.12,14.63,17,8.67,0.54286428571429,-122.74,18.36,46.75,1,"	1097,1220" 
2010-10-01T20:00:00Z,"K",2012-10-01T20:00:00Z,Buy,50.91,51.93,5,5.1,0.75089932270069,-75.15,33.25,55.25,1,"	1098,1403" 
2010-10-01T20:00:00Z,"DDS",2012-12-03T21:00:00Z,Buy,23.99,89.01,1,65.02,0.52283312182741,-4.65,65.06,20.95,1,"	1095,1428" 
2010-10-01T20:00:00Z,"DDS",2013-06-03T20:00:00Z,Buy,23.99,91.44,8,539.6,0.56441530291536,-37.2,557.6,167.6,1,"	1095,1519" 
2010-10-01T20:00:00Z,"CRMT",2015-07-01T20:00:00Z,Buy,25.52,50.02,0.999982000009,24.5,5.1756048909366,-18.22,31.48,7.68,1,"	1094,2026" 
2010-11-01T20:00:00Z,"IDT",2010-12-01T21:00:00Z,Buy,13.74,22.2,15,126.9,1.1570392028498,0,132,26.25,1,"	1110,1117" 
2010-11-01T20:00:00Z,"GCI",2011-01-03T21:00:00Z,Buy,11.76,15.42,21,76.86,0.55210126582278,0,116.13,16.38,1,"	1109,1132" 
2010-11-01T20:00:00Z,"IDT",2011-01-03T21:00:00Z,Buy,13.74,26.62,10,128.8,0.52599609375,0,150.6,32,1,"	1110,1134" 
2010-11-01T20:00:00Z,"CRUS",2011-02-01T21:00:00Z,Buy,12.51,21.33,23,202.86,3.5727169792986,0,202.86,36.57,1,"	1108,1141" 
2010-11-01T20:00:00Z,"CASY",2011-05-02T20:00:00Z,Buy,41.38,38.45,7,-20.51,0.51746623251327,-115.64,20.02,52.78,0,"	1107,1181" 
2010-11-01T20:00:00Z,"CRUS",2011-08-01T20:00:00Z,Buy,12.51,15.22,37,100.27,0.63786231884058,0,467.68,432.16,1,"	1108,1233" 
2010-11-01T20:00:00Z,"SXI",2011-08-01T20:00:00Z,Buy,27.67,32.27,9,41.4,0.52311826958782,-48.15,100.53,89.82,1,"	1111,1239" 
2010-11-01T20:00:00Z,"IDT",2011-12-01T21:00:00Z,Buy,13.74,12.89,17,-14.45,0.54214038461538,-38.93,269.79,308.72,0,"	1110,1290" 
2010-11-01T20:00:00Z,"IDT",2012-01-03T21:00:00Z,Buy,13.74,9.55,8,-33.52,0.71126066098081,-39.04,126.96,166,0,"	1110,1302" 
2010-12-01T21:00:00Z,"SGU",2011-02-01T21:00:00Z,Buy,5.38,5.48,381,38.1,10.402200301823,-64.77,38.1,68.58,1,"	1126,1144" 
2010-12-01T21:00:00Z,"CASY",2011-05-02T20:00:00Z,Buy,39.91,38.45,6,-8.76,0.51506037735849,-90.3,25.98,45.24,0,"	1120,1181" 
2010-12-01T21:00:00Z,"DISCA",2011-05-02T20:00:00Z,Buy,41.34,44.65,8,26.48,0.52027464443355,-112.48,29.04,44.56,1,"	1122,1182" 
2010-12-01T21:00:00Z,"MGLN",2011-05-02T20:00:00Z,Buy,49.31,51.79,6,14.88,1.3537081861524,-22.5,17.28,32.22,1,"	1125,1184" 
2010-12-01T21:00:00Z,"CLW",2011-06-01T20:00:00Z,Buy,81.34,67.69,3,-40.95,0.88533385155961,-111.33,9.99,44.49,0,"	1121,1198" 
2010-12-01T21:00:00Z,"FIZ",2011-07-01T20:00:00Z,Buy,13.33,14.63,21,27.3,0.77965740052113,-135.03,39.27,57.75,1,"	1123,1220" 
2010-12-01T21:00:00Z,"SSP",2011-07-01T20:00:00Z,Buy,9.57,9.72,26,3.9,5.9405979449368,-38.48,22.88,61.36,1,"	1127,1222" 
2010-12-01T21:00:00Z,"SSP",2011-09-01T20:00:00Z,Buy,9.57,8.09,40,-59.2,4.4557677880968,-99.2,35.2,134.4,0,"	1127,1252" 
2010-12-01T21:00:00Z,"SSP",2011-12-01T21:00:00Z,Buy,9.57,8.35,45,-54.9,5.9648228932687,-140.4,39.6,180,0,"	1127,1292" 
2010-12-01T21:00:00Z,"K",2012-10-01T20:00:00Z,Buy,49.44,51.93,7,17.43,0.98195187532051,-94.92,56.84,77.35,1,"	1124,1403" 
2010-12-01T21:00:00Z,"WMK",2013-07-01T20:00:00Z,Buy,39.16,45.44,8,50.24,0.97737607989366,-126.96,62.08,62.72,1,"	1128,1542" 
2011-01-03T21:00:00Z,"OTL",2011-03-01T21:00:00Z,Buy,20.68,25.61,21,103.53,4.043307789363,-31.92,136.92,33.39,1,"	1138,1159" 
2011-01-03T21:00:00Z,"RGR",2011-03-01T21:00:00Z,Buy,15.09,17.9,18,50.58,3.3814600492026,-4.32,53.46,16.02,1,"	1139,1160" 
2011-01-03T21:00:00Z,"OTL",2011-04-01T20:00:00Z,Buy,20.68,31.01,8,82.64,0.51941765810895,-12.16,90.08,12.96,1,"	1138,1171" 
2011-01-03T21:00:00Z,"RGR",2011-04-01T20:00:00Z,Buy,15.09,23.09,15,120,0.5376959077057,-3.6,120,13.35,1,"	1139,1174" 
2011-01-03T21:00:00Z,"RGR",2011-08-01T20:00:00Z,Buy,15.09,27.75,26,329.16,2.3966373034018,-6.24,332.8,130.26,1,"	1139,1238" 
2011-01-03T21:00:00Z,"VSH",2011-12-01T21:00:00Z,Buy,14.78,9.7,81,-411.48,4.3582991077961,-541.89,345.87,887.76,0,"	1140,1295" 
2011-01-03T21:00:00Z,"RGR",2012-01-03T21:00:00Z,Buy,15.09,34.14,8,152.4,1.7437592579903,-1.92,163.52,87.04,1,"	1139,1306" 
2011-01-03T21:00:00Z,"RGR",2012-04-02T20:00:00Z,Buy,15.09,51.1,10,360.1,1.5905673275541,-2.4,360.1,108.8,1,"	1139,1332" 
2011-01-03T21:00:00Z,"OTL",2012-05-01T20:00:00Z,Buy,20.68,29.94,35,324.1,0.63122891167714,-53.2,594.3,557.2,1,"	1138,1342" 
2011-01-03T21:00:00Z,"RGR",2012-12-03T21:00:00Z,Buy,15.09,58.58,4,173.96,0.87884204350616,-0.96,178.84,90.44,1,"	1139,1433" 
2011-01-03T21:00:00Z,"RGR",2013-05-01T20:00:00Z,Buy,15.09,49.62,21,725.13,0.56785309630787,-5.04,938.91,474.81,1,"	1139,1504" 
2011-02-01T21:00:00Z,"SKX",2011-04-01T20:00:00Z,Buy,21,20.22,10,-7.8,1.0213307244237,-25.4,228.5,49.7,0,"	1152,1175" 
2011-02-01T21:00:00Z,"DISCA",2011-05-02T20:00:00Z,Buy,39,44.65,6,33.9,0.515,-70.32,35.82,33.42,1,"	1149,1182" 
2011-02-01T21:00:00Z,"CORE",2011-06-01T20:00:00Z,Buy,34.22,34.83,10,6.1,1.0598019588052,-86.7,27.6,29.9,1,"	1148,1199" 
2011-02-01T21:00:00Z,"KLIC",2011-06-01T20:00:00Z,Buy,10.29,11.65,33,44.88,1.2954587844255,-73.59,71.94,73.92,1,"	1150,1203" 
2011-02-01T21:00:00Z,"FL",2011-06-01T20:00:00Z,Buy,18.02,24.32,18,113.4,7.1067555099147,-9.72,127.62,27.18,1,"	1153,1204" 
2011-02-01T21:00:00Z,"PLCE",2011-10-03T20:00:00Z,Buy,42.14,45.8,8,29.28,0.52011936022917,-39.36,115.28,148.24,1,"	1151,1263" 
2011-02-01T21:00:00Z,"FL",2012-06-01T20:00:00Z,Buy,18.02,30.38,10,123.6,1.3368494037949,-12.5,147.5,83.4,1,"	1153,1360" 
2011-02-01T21:00:00Z,"KLIC",2013-02-01T21:00:00Z,Buy,10.29,11.65,49,66.64,1.932227358489,-167.58,144.55,274.4,1,"	1150,1457" 
2011-02-01T21:00:00Z,"CTR",2013-07-01T20:00:00Z,Buy,24.89,25.32,16,6.88,0.54073649754501,-153.12,109.76,149.12,1,"	1147,1538" 
2011-02-01T21:00:00Z,"FL",2013-10-01T20:00:00Z,Buy,18.02,34.01,9,143.91,1.1669791159966,-11.25,176.31,75.06,1,"	1153,1600" 
2011-02-01T21:00:00Z,"FL",2014-04-01T20:00:00Z,Buy,18.02,47.3,19,556.32,0.54781336454565,-23.75,556.32,158.46,1,"	1153,1736" 
2011-02-01T21:00:00Z,"FL",2014-09-02T20:00:00Z,Buy,18.02,57.25,10,392.3,1.5271171025464,-12.5,392.3,83.4,1,"	1153,1822" 
2011-02-01T21:00:00Z,"FL",2014-12-01T21:00:00Z,Buy,18.02,56.35,12,459.96,2.7352552983198,-15,479.52,100.08,1,"	1153,1896" 
2011-02-01T21:00:00Z,"FL",2015-07-01T20:00:00Z,Buy,18.02,67.99,2,99.94,0.70122987264022,-2.5,99.94,16.68,1,"	1153,2031" 
2011-03-01T21:00:00Z,"CASY",2011-05-02T20:00:00Z,Buy,40.34,38.45,9,-17.01,0.77034956697415,-139.32,35.1,47.43,0,"	1163,1181" 
2011-03-01T21:00:00Z,"CLW",2011-06-01T20:00:00Z,Buy,79.48,67.69,3,-35.37,1.0045128977306,-105.75,15.57,42.48,0,"	1164,1198" 
2011-03-01T21:00:00Z,"CORE",2011-06-01T20:00:00Z,Buy,33.69,34.83,6,6.84,0.82359406911838,-48.84,19.74,14.76,1,"	1165,1199" 
2011-03-01T21:00:00Z,"FIZ",2011-07-01T20:00:00Z,Buy,12.6,14.63,15.000215999827,30.45,0.61043025392205,-85.5,39,14.25,1,"	1167,1220" 
2011-03-01T21:00:00Z,"AIT",2011-09-01T20:00:00Z,Buy,31.5,29.49,11.500017249991,-23.12,3.6287974598955,-184.46,56.7,127.08,0,"	1162,1248" 
2011-03-01T21:00:00Z,"ALV",2011-10-03T20:00:00Z,Buy,73.1,46.14,21,-566.16,1.1083255719385,-566.16,146.58,712.74,0,"	1161,1260" 
2011-03-01T21:00:00Z,"ENTG",2011-11-01T20:00:00Z,Buy,8.51,8.6,27,2.43,2.5978774956584,-64.8,52.11,116.91,1,"	1166,1276" 
2011-03-01T21:00:00Z,"AIT",2011-12-01T21:00:00Z,Buy,31.5,34.3,7,19.6,1.5264846865489,-112.28,34.51,77.35,1,"	1162,1289" 
2011-03-01T21:00:00Z,"MKSI",2011-12-01T21:00:00Z,Buy,29.79,26.35,10,-34.4,5.2810885769552,-95.6,39,134.6,0,"	1168,1291" 
2011-03-01T21:00:00Z,"TER",2011-12-01T21:00:00Z,Buy,18.19,13.36,16,-77.28,1.1934300351405,-122.4,14.72,137.12,0,"	1169,1293" 
2011-03-01T21:00:00Z,"AIT",2012-11-01T20:00:00Z,Buy,31.5,40.94,35.499982750009,335.12,0.6159916235526,-569.42,444.81,392.27,1,"	1162,1416" 
2011-03-01T21:00:00Z,"MKSI",2012-12-03T21:00:00Z,Buy,29.79,24.02,31,-178.87,2.5111303241335,-296.36,120.9,417.26,0,"	1168,1431" 
2011-03-01T21:00:00Z,"ENTG",2013-04-01T20:00:00Z,Buy,8.51,9.65,73,83.22,2.4769398977582,-175.2,140.89,316.09,1,"	1166,1487" 
2011-03-01T21:00:00Z,"TER",2013-05-01T20:00:00Z,Buy,18.19,16.11,47,-97.76,4.2173429015529,-359.55,43.24,402.79,0,"	1169,1506" 
2011-04-01T20:00:00Z,"USMO",2011-05-02T20:00:00Z,Buy,14.76,15.02,14,3.64,1.0700113944481,-26.6,61.04,16.24,1,"	1179,1185" 
2011-04-01T20:00:00Z,"SSP",2011-12-01T21:00:00Z,Buy,9.75,8.35,23,-32.2,1.5521978779728,-75.9,16.1,81.19,0,"	1178,1292" 
2011-04-01T20:00:00Z,"LSCC",2012-06-01T20:00:00Z,Buy,5.94,4.29,178,-293.7,5.1743908122041,-293.7,195.8,489.5,0,"	1177,1353" 
2011-04-01T20:00:00Z,"CTR",2013-07-01T20:00:00Z,Buy,24.51,25.32,11,8.91,0.54190399155141,-101.09,79.64,102.52,1,"	1176,1538" 
2011-04-01T20:00:00Z,"WMK",2013-07-01T20:00:00Z,Buy,39.96,45.44,5,27.4,0.92080215698634,-83.35,34.8,39.2,1,"	1180,1542" 
2011-05-02T20:00:00Z,"CLW",2011-06-01T20:00:00Z,Buy,78.25,67.69,4,-42.24,0.80074121244991,-136.08,25.68,42.24,0,"	1188,1198" 
2011-05-02T20:00:00Z,"EBS",2011-06-01T20:00:00Z,Buy,23.7,23.98,21,5.88,3.5750302790578,-63.84,26.88,63.84,1,"	1190,1201" 
2011-05-02T20:00:00Z,"ALG",2011-08-01T20:00:00Z,Buy,28.2,24.02,7,-29.26,0.77008911218932,-63.49,6.58,48.79,0,"	1186,1231" 
2011-05-02T20:00:00Z,"CRUS",2011-08-01T20:00:00Z,Buy,15.93,15.22,18,-12.78,1.7877152743073,-61.56,165.96,54.36,0,"	1189,1233" 
2011-05-02T20:00:00Z,"EBS",2011-08-01T20:00:00Z,Buy,23.7,20.52,54,-171.72,3.2289729712079,-171.72,69.12,240.84,0,"	1190,1235" 
2011-05-02T20:00:00Z,"BRKS",2011-11-01T20:00:00Z,Buy,11.81,9.92,25,-47.25,3.0036248550717,-107.25,15.25,122.5,0,"	1187,1274" 
2011-05-02T20:00:00Z,"LRCX",2011-11-01T20:00:00Z,Buy,48.09,42.22,30,-176.1,7.2585913456223,-381.3,16.2,397.5,0,"	1192,1279" 
2011-05-02T20:00:00Z,"SSP",2011-12-01T21:00:00Z,Buy,9.41,8.35,29,-30.74,1.384521388872,-85.84,30.16,96.28,0,"	1196,1292" 
2011-05-02T20:00:00Z,"PLPC",2012-06-01T20:00:00Z,Buy,70.04,53.05,18,-305.82,1.0962685075619,-504.9,125.82,630.72,0,"	1194,1357" 
2011-05-02T20:00:00Z,"BRKS",2012-10-01T20:00:00Z,Buy,11.81,7.81,61,-244,2.4850632580978,-261.69,37.21,298.9,0,"	1187,1399" 
2011-05-02T20:00:00Z,"UFS",2012-10-01T20:00:00Z,Buy,95.25,77.25,3,-54,0.507679800043,-144.9,29.25,119.97,0,"	1197,1405" 
2011-05-02T20:00:00Z,"MKSI",2012-12-03T21:00:00Z,Buy,26.27,24.02,10,-22.5,0.52314129668781,-60.4,74.2,94.8,0,"	1193,1431" 
2011-05-02T20:00:00Z,"KLIC",2013-02-01T21:00:00Z,Buy,9.03,11.65,35,91.7,0.58721026490066,-75.6,147.35,196,1,"	1191,1457" 
2011-05-02T20:00:00Z,"SCVL",2013-06-03T20:00:00Z,Buy,18.56000928,24.64,10.499994750003,63.84,0.82369769409632,-79.17,63.84,91.49,1,"	1195,1521" 
2011-06-01T20:00:00Z,"ALG",2011-08-01T20:00:00Z,Buy,25.09,24.02,11,-11.77,1.1485323263955,-65.56,44.55,42.46,0,"	1205,1231" 
2011-06-01T20:00:00Z,"SXI",2011-08-01T20:00:00Z,Buy,32.66,32.27,9,-3.51,0.52212071041541,-93.06,55.62,35.82,0,"	1217,1239" 
2011-06-01T20:00:00Z,"ALV",2011-10-03T20:00:00Z,Buy,72.99,46.14,3,-80.55,0.50711126266563,-80.55,21.27,100.89,0,"	1206,1260" 
2011-06-01T20:00:00Z,"GIII",2011-10-03T20:00:00Z,Buy,41.18,21.83,6,-116.1,0.51439189189189,-121.74,23.7,121.74,0,"	1209,1262" 
2011-06-01T20:00:00Z,"PLCE",2011-10-03T20:00:00Z,Buy,48.71,45.8,5,-14.55,1.2770437768566,-57.45,39.2,61.65,0,"	1214,1263" 
2011-06-01T20:00:00Z,"LRCX",2011-11-01T20:00:00Z,Buy,46.39,42.22,5,-20.85,1.0995775738586,-55.05,11.2,56.7,0,"	1211,1279" 
2011-06-01T20:00:00Z,"SSP",2011-12-01T21:00:00Z,Buy,8.15,8.35,38,7.6,0.88214820554972,-64.6,87.4,126.16,1,"	1216,1292" 
2011-06-01T20:00:00Z,"IDT",2012-01-03T21:00:00Z,Buy,28.99,9.55,7,-136.08,0.51719745762712,-140.91,4.34,140.91,0,"	1210,1302" 
2011-06-01T20:00:00Z,"MERC",2012-01-03T21:00:00Z,Buy,12.89,6.49,76,-486.4,5.6704232914115,-573.8,0,573.8,0,"	1212,1304" 
2011-06-01T20:00:00Z,"MXIM",2012-05-01T20:00:00Z,Buy,26.42,29,13,33.54,1.5386473635377,-69.42,44.72,71.11,1,"	1213,1340" 
2011-06-01T20:00:00Z,"RBIN",2012-05-01T20:00:00Z,Buy,37.03,48.6,8,92.56,0.51956154252509,-194.72,113.04,119.04,1,"	1215,1343" 
2011-06-01T20:00:00Z,"AIT",2012-11-01T20:00:00Z,Buy,34.31,40.94,10.500017249991,69.62,1.1190459184677,-197.93,102.06,116.03,1,"	1207,1416" 
2011-06-01T20:00:00Z,"ENTG",2013-04-01T20:00:00Z,Buy,8.93,9.65,25,18,0.56079793028322,-70.5,37.75,108.25,1,"	1208,1487" 
2011-06-01T20:00:00Z,"MXIM",2013-05-01T20:00:00Z,Buy,26.42,30.5,7,28.56,0.83189160676806,-37.38,48.23,40.46,1,"	1213,1503" 
2011-06-01T20:00:00Z,"TER",2013-05-01T20:00:00Z,Buy,15.52,16.11,21,12.39,0.5509887359199,-104.58,75.39,104.58,1,"	1218,1506" 
2011-06-01T20:00:00Z,"MXIM",2013-12-02T21:00:00Z,Buy,26.42,28.22,57,102.6,4.661573195362,-304.38,392.73,364.8,1,"	1213,1637" 
2011-07-01T20:00:00Z,"HWKN",2011-08-01T20:00:00Z,Buy,36.97,34.73,9,-20.16,0.52296590281612,-196.65,110.16,38.43,0,"	1225,1237" 
2011-07-01T20:00:00Z,"PLCE",2011-10-03T20:00:00Z,Buy,45.24,45.8,5,2.8,0.94289524568934,-40.1,56.55,61.65,1,"	1228,1263" 
2011-07-01T20:00:00Z,"VECO",2011-12-01T21:00:00Z,Buy,48.58,25.14,26,-609.44,1.1763331200144,-689.78,0,689.78,0,"	1229,1294" 
2011-07-01T20:00:00Z,"VSH",2011-12-01T21:00:00Z,Buy,15.7,9.7,19,-114,1.4549093271595,-144.59,63.65,154.09,0,"	1230,1295" 
2011-07-01T20:00:00Z,"MERC",2012-01-03T21:00:00Z,Buy,10.66,6.49,21,-87.57,1.566689785838,-111.72,46.83,124.11,0,"	1226,1304" 
2011-07-01T20:00:00Z,"GME",2012-09-04T20:00:00Z,Buy,26.94,20.41,24,-156.72,2.5636751459673,-269.04,11.04,280.08,0,"	1224,1387" 
2011-07-01T20:00:00Z,"BRKS",2012-10-01T20:00:00Z,Buy,11.2,7.81,23,-77.97,1.5585189408665,-84.64,28.06,105.11,0,"	1223,1399" 
2011-07-01T20:00:00Z,"GME",2012-10-01T20:00:00Z,Buy,26.94,21.24,10,-57,0.52528571428571,-112.1,4.6,116.7,0,"	1224,1402" 
2011-07-01T20:00:00Z,"GME",2012-12-03T21:00:00Z,Buy,26.94,25.83,13,-14.43,0.53198,-145.73,5.98,151.71,0,"	1224,1429" 
2011-07-01T20:00:00Z,"MKSI",2012-12-03T21:00:00Z,Buy,26.9,24.02,9,-25.92,1.1132588496211,-60.03,61.11,85.32,0,"	1227,1431" 
2011-07-01T20:00:00Z,"GME",2013-03-01T21:00:00Z,Buy,26.94,24.05,31,-89.59,5.2333444799224,-347.51,27.59,361.77,0,"	1224,1471" 
2011-08-01T20:00:00Z,"UNH",2011-10-03T20:00:00Z,Buy,48.02,42.91,5,-25.55,4.757947603465,-30.85,13.65,39.2,0,"	1247,1264" 
2011-08-01T20:00:00Z,"LFUS",2011-11-01T20:00:00Z,Buy,51.89,45.44,6,-38.7,1.1053308463726,-79.98,0.9,79.98,0,"	1243,1278" 
2011-08-01T20:00:00Z,"IDT",2012-01-03T21:00:00Z,Buy,24.21,9.55,11,-161.26,1.36391615159,-168.85,59.4,168.85,0,"	1242,1302" 
2011-08-01T20:00:00Z,"MRO",2012-01-03T21:00:00Z,Buy,30.65,30.95,7,2.1,14.247550807084,-72.59,2.1,72.59,1,"	1244,1305" 
2011-08-01T20:00:00Z,"LFUS",2012-04-02T20:00:00Z,Buy,51.89,64.86,4,51.88,0.51034449760766,-53.32,51.88,53.32,1,"	1243,1331" 
2011-08-01T20:00:00Z,"MYGN",2012-05-01T20:00:00Z,Buy,20.86,25.97,13,66.43,1.7385668394755,-39,76.05,39,1,"	1245,1341" 
2011-08-01T20:00:00Z,"MRO",2012-06-01T20:00:00Z,Buy,30.65,23.89,47,-317.72,0.63186973103171,-487.39,207.74,525.46,0,"	1244,1355" 
2011-08-01T20:00:00Z,"UFS",2012-10-01T20:00:00Z,Buy,78.49,77.25,3,-3.72,0.50736303939962,-94.62,79.53,92.58,0,"	1246,1405" 
2011-08-01T20:00:00Z,"MYGN",2012-11-01T20:00:00Z,Buy,20.86,26.86,66,396,0.69500955292319,-198,492.36,280.5,1,"	1245,1417" 
2011-08-01T20:00:00Z,"UNH",2013-04-01T20:00:00Z,Buy,48.02,58.97,37,405.15,1.9597895115589,-228.29,452.88,342.62,1,"	1247,1489" 
2011-08-01T20:00:00Z,"LFUS",2013-05-01T20:00:00Z,Buy,51.89,68.3,26,426.66,9.7068155282142,-346.58,466.18,373.36,1,"	1243,1502" 
2011-08-01T20:00:00Z,"BKE",2013-12-02T21:00:00Z,Buy,44.21,52.07,30,235.8,4.0419014347156,-901.5,387.9,383.7,1,"	1241,1629" 
2011-09-01T20:00:00Z,"GIII",2011-10-03T20:00:00Z,Buy,28.52,21.83,9,-60.21,1.2177136520914,-68.67,149.49,69.93,0,"	1253,1262" 
2011-09-01T20:00:00Z,"LRCX",2011-11-01T20:00:00Z,Buy,36.58,42.22,9,50.76,1.6763740513692,-10.8,108.45,34.56,1,"	1255,1279" 
2011-09-01T20:00:00Z,"VECO",2011-12-01T21:00:00Z,Buy,34.66,25.14,9,-85.68,2.0542081762677,-113.49,125.28,113.49,0,"	1259,1294" 
2011-09-01T20:00:00Z,"KLIC",2013-02-01T21:00:00Z,Buy,8.32,11.65,33,109.89,2.2086952365715,-47.85,162.36,163.35,1,"	1254,1457" 
2011-09-01T20:00:00Z,"TER",2013-05-01T20:00:00Z,Buy,11.86,16.11,29,123.25,2.3275538802171,-38.28,210.25,125.57,1,"	1258,1506" 
2011-09-01T20:00:00Z,"SCVL",2013-06-03T20:00:00Z,Buy,16.61334164,24.64,14.999992500004,120.4,0.52461477676808,-83.9,120.4,80.1,1,"	1257,1521" 
2011-09-01T20:00:00Z,"MXIM",2013-12-02T21:00:00Z,Buy,22.79,28.22,11,59.73,1.0403701206173,-18.81,115.72,70.4,1,"	1256,1637" 
2011-10-03T20:00:00Z,"DEPO",2011-11-01T20:00:00Z,Buy,5,4.38,165,-102.3,8.78600750968,-112.2,211.2,323.4,0,"	1268,1275" 
2011-10-03T20:00:00Z,"VECO",2011-12-01T21:00:00Z,Buy,24.01,25.14,9,10.17,0.52214036885246,-17.64,221.13,64.35,1,"	1272,1294" 
2011-10-03T20:00:00Z,"VSH",2011-12-01T21:00:00Z,Buy,8.09,9.7,36,57.96,0.58709330143541,0,394.56,104.4,1,"	1273,1295" 
2011-10-03T20:00:00Z,"MERC",2012-01-03T21:00:00Z,Buy,6.73,6.49,48,-11.52,0.61876470588235,-66.72,295.68,101.76,0,"	1270,1304" 
2011-10-03T20:00:00Z,"CVI",2012-02-01T21:00:00Z,Buy,19.69,25.58,11,64.79,1.3734247465807,-29.59,85.25,114.84,1,"	1267,1312" 
2011-10-03T20:00:00Z,"MLR",2012-09-04T20:00:00Z,Buy,16.57,15.51,88,-93.28,1.4780462767097,-192.72,383.68,576.4,0,"	1271,1388" 
2011-10-03T20:00:00Z,"BRKS",2012-10-01T20:00:00Z,Buy,7.52,7.81,26,7.54,0.5599754601227,0,127.4,118.82,1,"	1266,1399" 
2011-10-03T20:00:00Z,"CVI",2012-10-01T20:00:00Z,Buy,19.69,40.18,9,184.41,0.5246,-24.21,184.41,93.96,1,"	1267,1401" 
2011-10-03T20:00:00Z,"CVI",2012-12-03T21:00:00Z,Buy,19.69,45.83,8,209.12,0.52003935286401,-21.52,209.12,83.52,1,"	1267,1427" 
2011-10-03T20:00:00Z,"CVI",2013-02-01T21:00:00Z,Buy,19.69,53.58,9,305.01,0.52052,-24.21,351.54,93.96,1,"	1267,1453" 
2011-10-03T20:00:00Z,"ENTG",2013-04-01T20:00:00Z,Buy,6.11,9.65,34,120.36,0.58140282131661,0,147.22,82.28,1,"	1269,1487" 
2011-10-03T20:00:00Z,"CVI",2013-12-02T21:00:00Z,Buy,19.69,40.03,8,162.72,0.60390162066346,-21.52,405.52,294.08,1,"	1267,1631" 
2011-11-01T20:00:00Z,"IDT",2012-01-03T21:00:00Z,Buy,12,9.55,57,-139.65,10.000594597724,-178.98,1003.77,301.53,0,"	1285,1302" 
2011-11-01T20:00:00Z,"MERC",2012-01-03T21:00:00Z,Buy,6.85,6.49,32,-11.52,0.5796511627907,-48.32,193.28,48.32,0,"	1286,1304" 
2011-11-01T20:00:00Z,"CHS",2012-03-01T21:00:00Z,Buy,12.29,15.29,127,381,3.6016169527223,-298.45,381,317.5,1,"	1281,1316" 
2011-11-01T20:00:00Z,"CROX",2012-05-01T20:00:00Z,Buy,17.86,20.13,44,99.88,5.6758110417614,-152.68,196.68,154,1,"	1282,1339" 
2011-11-01T20:00:00Z,"DSW",2012-06-01T20:00:00Z,Buy,51.98,57.26,5,26.4,0.51241402369125,-150.3,47.7,55.6,1,"	1284,1352" 
2011-11-01T20:00:00Z,"MYGN",2012-11-01T20:00:00Z,Buy,20.33,26.86,10,65.3,0.52388392857143,-24.7,79.9,42.5,1,"	1287,1417" 
2011-11-01T20:00:00Z,"UNH",2013-04-01T20:00:00Z,Buy,46.22,58.97,5,63.75,0.51203896645134,-21.85,70.2,46.3,1,"	1288,1489" 
2011-11-01T20:00:00Z,"DDS",2013-06-03T20:00:00Z,Buy,51.2,91.44,5,201.2,0.86811109573719,-159.3,212.45,61.85,1,"	1283,1519" 
2011-12-01T21:00:00Z,"LZB",2012-01-03T21:00:00Z,Buy,11.59,12,24,9.84,7.6918390341901,-13.44,18.96,32.4,1,"	1301,1303" 
2011-12-01T21:00:00Z,"HOC",2012-03-01T21:00:00Z,Buy,23.43,33.6,8,81.36,1.7287218459802,-13.04,94.72,27.28,1,"	1299,1320" 
2011-12-01T21:00:00Z,"CVX",2012-07-02T20:00:00Z,Buy,101.83,105.86,2,8.06,1.0545356377639,-10.84,18.72,29.56,1,"	1297,1371" 
2011-12-01T21:00:00Z,"K",2012-10-01T20:00:00Z,Buy,48.98,51.93,6,17.7,1.0444608710218,-78.6,51.48,44.88,1,"	1300,1403" 
2011-12-01T21:00:00Z,"HOC",2013-02-01T21:00:00Z,Buy,23.43,52.77,6,176.04,0.51515798544619,-9.78,176.04,46.74,1,"	1299,1456" 
2011-12-01T21:00:00Z,"LZB",2013-03-01T21:00:00Z,Buy,11.59,18.34,23,155.25,0.55756277292576,-12.88,155.25,116.38,1,"	1301,1473" 
2011-12-01T21:00:00Z,"CVX",2013-08-01T20:00:00Z,Buy,101.83,126.39,18,442.08,4.9297062790155,-97.56,466.74,295.92,1,"	1297,1564" 
2011-12-01T21:00:00Z,"BKE",2013-12-02T21:00:00Z,Buy,41.23,52.07,6,65.04,0.90829110001452,-162.42,95.46,76.74,1,"	1296,1629" 
2011-12-01T21:00:00Z,"CVI",2013-12-02T21:00:00Z,Buy,18.06,40.03,11,241.67,0.52728846153846,-11.66,575.52,404.36,1,"	1298,1631" 
2011-12-01T21:00:00Z,"LZB",2013-12-02T21:00:00Z,Buy,11.59,28.99,22,382.8,0.55449248120301,-12.32,395.34,111.32,1,"	1301,1635" 
2011-12-01T21:00:00Z,"HOC",2014-03-03T21:00:00Z,Buy,23.43,44.88,32,686.4,0.61325872284398,-52.16,1120,598.4,1,"	1299,1698" 
2011-12-01T21:00:00Z,"LZB",2014-10-01T20:00:00Z,Buy,11.59,19.45,34,267.24,2.4976358142016,-19.04,660.96,393.72,1,"	1301,1841" 
2012-01-03T21:00:00Z,"DECK",2012-03-01T21:00:00Z,Buy,76.45,78.59,2.9999816399849,6.42,0.50758733624454,-104.76,123.57,46.89,1,"	1308,1318" 
2012-01-03T21:00:00Z,"LXU",2012-03-01T21:00:00Z,Buy,29.51,41.25,7,82.18,5.5727801860253,0,82.18,17.43,1,"	1310,1321" 
2012-01-03T21:00:00Z,"B",2012-04-02T20:00:00Z,Buy,24.44,26.96,54,136.08,6.8985520266638,-6.48,190.62,112.32,1,"	1307,1330" 
2012-01-03T21:00:00Z,"OTL",2012-05-01T20:00:00Z,Buy,28.27,29.94,8,13.36,1.3995888767548,-72.88,75.12,29.44,1,"	1311,1342" 
2012-01-03T21:00:00Z,"LXU",2012-06-01T20:00:00Z,Buy,29.51,27.03,26,-64.48,4.3809064932982,-77.74,305.24,382.98,0,"	1310,1354" 
2012-01-03T21:00:00Z,"FOSL",2012-07-02T20:00:00Z,Buy,79.27,74.88,3.0000149999925,-13.17,1.4126198133548,-205.03,177.09,206.46,0,"	1309,1373" 
2012-01-03T21:00:00Z,"DECK",2015-03-02T21:00:00Z,Buy,76.45,74.52,1.8360015055212E-5,0,1.9139472434178,0,0,0,0,"	1308,1941" 
2012-02-01T21:00:00Z,"K",2012-10-01T20:00:00Z,Buy,49.31,51.93,5,13.1,0.71868118856911,-67.15,41.25,37.4,1,"	1315,1403" 
2012-02-01T21:00:00Z,"DDS",2013-06-03T20:00:00Z,Buy,43.89,91.44,6,285.3,0.97430450309116,-147.3,298.8,72.84,1,"	1314,1519" 
2012-03-01T21:00:00Z,"LSCC",2012-06-01T20:00:00Z,Buy,6.55,4.29,37,-83.62,1.017451690773,-83.62,18.13,85.47,0,"	1327,1353" 
2012-03-01T21:00:00Z,"UACL",2012-07-02T20:00:00Z,Buy,15.46,14.99,15,-7.05,2.6151355352558,-38.55,18.45,57,0,"	1329,1375" 
2012-03-01T21:00:00Z,"MLR",2012-09-04T20:00:00Z,Buy,15.97,15.51,18,-8.28,1.02897847182,-28.62,89.28,54.9,0,"	1328,1388" 
2012-03-01T21:00:00Z,"ICFI",2012-12-03T21:00:00Z,Buy,24.88,21.62,57,-185.82,3.9442962030216,-377.91,70.68,448.59,0,"	1326,1430" 
2012-03-01T21:00:00Z,"UACL",2013-01-02T21:00:00Z,Buy,15.46,18.43,60,178.2,6.7294943739281,-174.6,178.2,248.4,1,"	1329,1445" 
2012-03-01T21:00:00Z,"GME",2013-03-01T21:00:00Z,Buy,23.84,24.05,11,2.31,0.52876700307152,-89.21,43.89,98.34,1,"	1325,1471" 
2012-03-01T21:00:00Z,"ENTG",2013-04-01T20:00:00Z,Buy,9.17,9.65,24,11.52,0.84377869750603,-73.44,30.48,51.36,1,"	1323,1487" 
2012-03-01T21:00:00Z,"GCO",2013-04-01T20:00:00Z,Buy,70.64,58.07,3,-37.71,0.50777516877018,-137.4,24.39,84.42,0,"	1324,1488" 
2012-03-01T21:00:00Z,"CVX",2013-08-01T20:00:00Z,Buy,109.76,126.39,2,33.26,0.69640613504334,-26.7,36,32.88,1,"	1322,1564" 
2012-04-02T20:00:00Z,"OTL",2012-05-01T20:00:00Z,Buy,31.8,29.94,10,-18.6,0.5261685319289,-126.4,58.6,26.7,0,"	1337,1342" 
2012-04-02T20:00:00Z,"MRO",2012-06-01T20:00:00Z,Buy,32.23,23.89,8,-66.72,0.52033438485804,-95.6,22.72,66.72,0,"	1336,1355" 
2012-04-02T20:00:00Z,"SMP",2012-09-04T20:00:00Z,Buy,17.39,17.63,24,5.76,8.2026299146969,-126,20.16,126,1,"	1338,1390" 
2012-04-02T20:00:00Z,"MKSI",2012-12-03T21:00:00Z,Buy,29.7,24.02,8,-45.44,0.52011513714866,-75.76,31.92,56.08,0,"	1335,1431" 
2012-04-02T20:00:00Z,"CVX",2013-08-01T20:00:00Z,Buy,108.3,126.39,2,36.18,0.50504942185752,-23.78,38.92,32.88,1,"	1334,1564" 
2012-04-02T20:00:00Z,"SMP",2014-03-03T21:00:00Z,Buy,17.39,34.64,22,379.5,0.55420199146515,-115.5,445.5,170.72,1,"	1338,1703" 
2012-04-02T20:00:00Z,"SMP",2014-05-01T20:00:00Z,Buy,17.39,38.38,6,125.94,0.64470069661308,-31.5,126.12,46.56,1,"	1338,1753" 
2012-04-02T20:00:00Z,"SMP",2014-07-01T20:00:00Z,Buy,17.39,45.45,6,168.36,0.85125921934347,-31.5,168.36,46.56,1,"	1338,1792" 
2012-04-02T20:00:00Z,"SMP",2014-11-03T21:00:00Z,Buy,17.39,39.3,4,87.64,1.3337994269903,-21,112.24,49.6,1,"	1338,1864" 
2012-05-01T20:00:00Z,"LSCC",2012-06-01T20:00:00Z,Buy,5.43,4.29,38,-43.32,0.59447802197802,-43.32,61.18,43.32,0,"	1347,1353" 
2012-05-01T20:00:00Z,"LXU",2012-06-01T20:00:00Z,Buy,34.53,27.03,7,-52.5,0.51781471108491,-56.07,47.04,56.56,0,"	1348,1354" 
2012-05-01T20:00:00Z,"SPPI",2012-06-01T20:00:00Z,Buy,10.49,11.01,18,9.36,5.9313134992746,0,29.7,21.06,1,"	1349,1356" 
2012-05-01T20:00:00Z,"PLPC",2012-06-01T20:00:00Z,Buy,57.22,53.05,4,-16.68,0.50991165771696,-60.92,79.24,21.16,0,"	1350,1357" 
2012-05-01T20:00:00Z,"RSC",2012-06-01T20:00:00Z,Buy,27.16,17.76,61,-573.4,4.9879714047024,-573.4,0,573.4,0,"	1351,1358" 
2012-05-01T20:00:00Z,"SPPI",2012-07-02T20:00:00Z,Buy,10.49,16,29,159.79,0.5745501285347,0,159.79,33.93,1,"	1349,1374" 
2012-05-01T20:00:00Z,"BRKS",2012-10-01T20:00:00Z,Buy,11.61,7.81,19,-72.2,0.84602387527486,-77.71,15.39,72.2,0,"	1344,1399" 
2012-05-01T20:00:00Z,"K",2012-10-01T20:00:00Z,Buy,50,51.93,4,7.72,0.50988728495155,-56.48,30.24,17.92,1,"	1346,1403" 
2012-05-01T20:00:00Z,"SPPI",2012-12-03T21:00:00Z,Buy,10.49,11.74,69,86.25,0.71814189189189,0,452.64,442.29,1,"	1349,1432" 
2012-05-01T20:00:00Z,"EGY",2013-04-01T20:00:00Z,Buy,9.38,7.38,107,-214,7.0182680826865,-246.1,4.28,246.1,0,"	1345,1486" 
2012-06-01T20:00:00Z,"CMTL",2012-07-02T20:00:00Z,Buy,28.95,29.11,12,1.92,5.9539991759787,-16.08,22.56,38.64,1,"	1363,1372" 
2012-06-01T20:00:00Z,"NUS",2012-08-01T20:00:00Z,Buy,41.44,49.48,4,32.16,9.8588608872894,-4.16,38.28,19.12,1,"	1367,1380" 
2012-06-01T20:00:00Z,"BRKS",2012-10-01T20:00:00Z,Buy,9.1,7.81,25,-32.25,0.88578619676538,-39.5,83,52.25,0,"	1362,1399" 
2012-06-01T20:00:00Z,"CMTL",2012-10-01T20:00:00Z,Buy,28.95,27.74,67,-81.07,4.6031979121074,-160.8,125.96,286.76,0,"	1363,1400" 
2012-06-01T20:00:00Z,"STMP",2012-10-01T20:00:00Z,Buy,22.82,23.26,40,17.6,5.8851622016143,-159.2,106,265.2,1,"	1368,1404" 
2012-06-01T20:00:00Z,"NUS",2012-11-01T20:00:00Z,Buy,41.44,48.94,22,165,0.56979611240228,-104.06,210.54,314.6,1,"	1367,1418" 
2012-06-01T20:00:00Z,"ICFI",2012-12-03T21:00:00Z,Buy,22.58,21.62,10,-9.6,0.52508888888889,-43.3,35.4,76.4,0,"	1365,1430" 
2012-06-01T20:00:00Z,"KIRK",2013-01-02T21:00:00Z,Buy,10.55,10.96,98,40.18,7.6486530685855,-191.1,151.9,343,1,"	1366,1444" 
2012-06-01T20:00:00Z,"UACL",2013-01-02T21:00:00Z,Buy,13.22,18.43,16,83.36,0.54024353120244,-10.72,83.36,41.28,1,"	1369,1445" 
2012-06-01T20:00:00Z,"AAPL",2013-03-01T21:00:00Z,Buy,560.99,430.51,3,-391.44,6.4619759665885,-391.44,423.33,814.77,0,"	1361,1469" 
2012-06-01T20:00:00Z,"USNA",2013-03-01T21:00:00Z,Buy,40.06,43.74,15,55.2,1.1213189727248,-137.1,137.85,274.95,1,"	1370,1474" 
2012-06-01T20:00:00Z,"ENTG",2013-04-01T20:00:00Z,Buy,7.48,9.65,27,58.59,0.96827111146544,-36.99,79.92,41.04,1,"	1364,1487" 
2012-06-01T20:00:00Z,"USNA",2013-05-01T20:00:00Z,Buy,40.06,54.93,4,59.48,1.1463415748616,-36.56,66.68,73.32,1,"	1370,1508" 
2012-06-01T20:00:00Z,"USNA",2013-08-01T20:00:00Z,Buy,40.06,85.13,3,135.21,0.50772785039942,-27.42,135.84,54.99,1,"	1370,1569" 
2012-06-01T20:00:00Z,"USNA",2014-03-03T21:00:00Z,Buy,40.06,71.94,7,223.16,0.51720582205822,-63.98,359.45,236.53,1,"	1370,1705" 
2012-06-01T20:00:00Z,"USNA",2014-11-03T21:00:00Z,Buy,40.06,115.22,5,375.8,0.52274477978593,-45.7,375.8,168.95,1,"	1370,1868" 
2012-07-02T20:00:00Z,"SHOO",2012-08-01T20:00:00Z,Buy,31.69,39.41,6.8750021367136,53.08,1.5287156898729,-176.4,92.06,13.68,1,"	1378,1381" 
2012-07-02T20:00:00Z,"MOV",2012-09-04T20:00:00Z,Buy,25.34,36.36,17,187.34,1.1502934376049,-58.65,187.34,60.01,1,"	1377,1389" 
2012-07-02T20:00:00Z,"UFS",2012-10-01T20:00:00Z,Buy,76.95,77.25,4,1.2,0.51003128666406,-120,112.2,36.04,1,"	1379,1405" 
2012-07-02T20:00:00Z,"LFUS",2013-05-01T20:00:00Z,Buy,56.73,68.3,4,46.28,0.66734179119472,-72.68,52.36,31.04,1,"	1376,1502" 
2012-07-02T20:00:00Z,"MOV",2013-09-03T20:00:00Z,Buy,25.34,41.62,25,407,7.3078237613957,-86.25,461.25,228.5,1,"	1377,1588" 
2012-08-01T20:00:00Z,"MKSI",2012-12-03T21:00:00Z,Buy,25.81,24.02,8,-14.32,0.96629162269463,-44.64,63.04,42.72,0,"	1385,1431" 
2012-08-01T20:00:00Z,"DISCA",2013-01-02T21:00:00Z,Buy,49.3,65.48,5,80.9,1.3919517796027,0,80.9,33.6,1,"	1383,1443" 
2012-08-01T20:00:00Z,"DISCA",2013-03-01T21:00:00Z,Buy,49.3,74.88,3,76.74,0.66902670330871,0,76.74,20.16,1,"	1383,1470" 
2012-08-01T20:00:00Z,"GME",2013-03-01T21:00:00Z,Buy,16.07,24.05,15,119.7,0.5376170411985,-5.1,176.4,78.3,1,"	1384,1471" 
2012-08-01T20:00:00Z,"DISCA",2013-11-01T20:00:00Z,Buy,49.3,87.8,5,192.5,1.2220881485239,0,198.1,42.85,1,"	1383,1608" 
2012-08-01T20:00:00Z,"DISCA",2014-03-03T21:00:00Z,Buy,49.3,82.08,28,917.84,0.5985117618819,0,1152.48,368.48,1,"	1383,1696" 
2012-08-01T20:00:00Z,"SMP",2014-11-03T21:00:00Z,Buy,13.75,39.3,5,127.75,0.53911806543385,-8.05,158.5,62,1,"	1386,1864" 
2012-08-01T20:00:00Z,"SMP",2015-03-02T21:00:00Z,Buy,13.75,42.33,11,314.38,0.5454401240458,-17.71,348.7,136.4,1,"	1386,1946" 
2012-09-04T20:00:00Z,"CMTL",2012-10-01T20:00:00Z,Buy,28.29,27.74,10,-5.5,0.92469548694537,-17.4,25.4,16.3,0,"	1392,1400" 
2012-09-04T20:00:00Z,"UFS",2012-10-01T20:00:00Z,Buy,73.78,77.25,3,10.41,0.99524954170984,-80.49,93.66,9.54,1,"	1397,1405" 
2012-09-04T20:00:00Z,"NUS",2012-11-01T20:00:00Z,Buy,41.68,48.94,5,36.3,0.51255724270909,-24.85,46.65,41.25,1,"	1396,1418" 
2012-09-04T20:00:00Z,"SPPI",2012-12-03T21:00:00Z,Buy,12.18,11.74,19,-8.36,1.7940682308124,-32.11,92.53,49.4,0,"	1395,1432" 
2012-09-04T20:00:00Z,"WDC",2013-02-01T21:00:00Z,Buy,42.32,46.77,6,26.7,1.3188029421251,-53.34,37.92,57.96,1,"	1398,1459" 
2012-09-04T20:00:00Z,"LFUS",2013-05-01T20:00:00Z,Buy,51.2,68.3,8,136.8,0.51996490543966,-101.12,148.96,45.68,1,"	1394,1502" 
2012-09-04T20:00:00Z,"CVX",2013-08-01T20:00:00Z,Buy,111.22,126.39,3,45.51,0.83779997258779,-44.43,49.62,49.32,1,"	1391,1564" 
2012-09-04T20:00:00Z,"WDC",2013-11-01T20:00:00Z,Buy,42.32,69.8,3,82.44,0.50751831107281,-26.67,92.7,28.98,1,"	1398,1616" 
2012-09-04T20:00:00Z,"CVI",2013-12-02T21:00:00Z,Buy,30.23,40.03,7,68.6,0.75345998164476,-92.61,281.05,257.32,1,"	1393,1631" 
2012-09-04T20:00:00Z,"WDC",2014-08-01T20:00:00Z,Buy,42.32,100.3,3,173.94,0.88790431903405,-26.67,176.73,36.57,1,"	1398,1806" 
2012-09-04T20:00:00Z,"WDC",2015-01-02T21:00:00Z,Buy,42.32,110.43,3,204.33,0.50748170731707,-26.67,215.88,53.73,1,"	1398,1910" 
2012-09-04T20:00:00Z,"WDC",2015-05-01T20:00:00Z,Buy,42.32,99.33,4,228.04,0.75893875525409,-35.56,287.84,93.08,1,"	1398,1991" 
2012-09-04T20:00:00Z,"WDC",2015-08-03T20:00:00Z,Buy,42.32,85.85,7,304.71,0.59227428538229,-62.23,503.72,264.53,1,"	1398,2052" 
2012-10-01T20:00:00Z,"WCC",2012-11-01T20:00:00Z,Buy,57.72,65.36,7,53.48,1.085743106154,-11.27,53.48,23.73,1,"	1413,1419" 
2012-10-01T20:00:00Z,"ICFI",2012-12-03T21:00:00Z,Buy,20.25,21.62,18,24.66,0.54533582089552,-36,105.66,36,1,"	1411,1430" 
2012-10-01T20:00:00Z,"MKSI",2012-12-03T21:00:00Z,Buy,25.13,24.02,10,-11.1,0.5993787901753,-49,85.6,24.4,0,"	1412,1431" 
2012-10-01T20:00:00Z,"DK",2013-02-01T21:00:00Z,Buy,25.98,34.22,19,156.56,5.7704783415531,-56.43,160.17,69.92,1,"	1408,1454" 
2012-10-01T20:00:00Z,"GCI",2013-05-01T20:00:00Z,Buy,17.97,19.94,99,195.03,5.5379923495974,-132.66,405.9,210.87,1,"	1410,1500" 
2012-10-01T20:00:00Z,"WCC",2013-05-01T20:00:00Z,Buy,57.72,68.02,20,206,3.3025275536723,-32.2,394.4,223.4,1,"	1413,1509" 
2012-10-01T20:00:00Z,"DDS",2013-06-03T20:00:00Z,Buy,72.41,91.44,3,57.09,0.5075093335177,-159.21,63.84,36.42,1,"	1407,1519" 
2012-10-01T20:00:00Z,"WMK",2013-07-01T20:00:00Z,Buy,42.28,45.44,8,25.28,0.9916094917239,-151.92,37.12,34.08,1,"	1414,1542" 
2012-10-01T20:00:00Z,"CF",2013-08-01T20:00:00Z,Buy,224.51,195.98,7,-199.71,9.7645536737425,-379.61,41.51,421.12,0,"	1406,1563" 
2012-10-01T20:00:00Z,"ENS",2013-09-03T20:00:00Z,Buy,35.5,51.41,4,63.64,4.5436440498727,-14.92,75.68,17.24,1,"	1409,1585" 
2012-10-01T20:00:00Z,"ENS",2013-10-01T20:00:00Z,Buy,35.5,61.49,10,259.9,0.52535460992908,-37.3,259.9,43.1,1,"	1409,1596" 
2012-10-01T20:00:00Z,"DK",2013-11-01T20:00:00Z,Buy,25.98,25.26,27,-19.44,0.69772994129159,-156.87,392.04,548.91,0,"	1408,1609" 
2012-10-01T20:00:00Z,"ENS",2014-02-03T21:00:00Z,Buy,35.5,65.61,4,120.44,1.1402015485923,-14.92,147.16,26.72,1,"	1409,1679" 
2012-10-01T20:00:00Z,"ENS",2014-03-03T21:00:00Z,Buy,35.5,69.81,7,240.17,0.51719458128079,-26.11,259.35,46.76,1,"	1409,1697" 
2012-10-01T20:00:00Z,"ENS",2014-09-02T20:00:00Z,Buy,35.5,64.23,5,143.65,0.51248833411106,-18.65,191.85,78.45,1,"	1409,1816" 
2012-10-01T20:00:00Z,"ENS",2014-11-03T21:00:00Z,Buy,35.5,62.46,13,350.48,0.61935031847134,-48.49,498.81,286.52,1,"	1409,1857" 
2012-10-01T20:00:00Z,"FL",2015-07-01T20:00:00Z,Buy,35.24,67.99,1,32.75,0.77415832336069,-18.47,32.75,6.14,1,"	1415,2031" 
2012-10-01T20:00:00Z,"FL",2015-09-01T20:00:00Z,Buy,35.24,70.4,5,175.8,0.51243113434101,-92.35,194.4,31.9,1,"	1415,2072" 
2012-11-01T20:00:00Z,"KIRK",2013-01-02T21:00:00Z,Buy,9.66,10.96,25,32.5,0.56295620437956,-26.5,61,28,1,"	1423,1444" 
2012-11-01T20:00:00Z,"ALG",2013-04-01T20:00:00Z,Buy,33.74,37.77,7,28.21,1.1557654667837,-26.81,46.55,27.16,1,"	1420,1485" 
2012-11-01T20:00:00Z,"GCO",2013-04-01T20:00:00Z,Buy,56.96,58.07,5,5.55,0.51242582897033,-160.6,109.05,52.15,1,"	1422,1488" 
2012-11-01T20:00:00Z,"USPH",2013-06-03T20:00:00Z,Buy,27.11,28.9,73,130.67,5.1133765803434,-320.47,130.67,368.65,1,"	1425,1522" 
2012-11-01T20:00:00Z,"CF",2013-08-01T20:00:00Z,Buy,210.88,195.98,1,-14.9,0.57159518234765,-40.6,19.56,60.16,0,"	1421,1563" 
2012-11-01T20:00:00Z,"ALG",2013-09-03T20:00:00Z,Buy,33.74,45.72,11,131.78,0.52771825396825,-42.13,146.52,60.94,1,"	1420,1584" 
2012-11-01T20:00:00Z,"ALG",2013-12-02T21:00:00Z,Buy,33.74,57.13,13,304.07,2.3968223788514,-49.79,324.61,72.02,1,"	1420,1628" 
2012-11-01T20:00:00Z,"NC",2013-12-02T21:00:00Z,Buy,52,63.46,25,286.5,26.295801777242,-86.5,358.75,445.25,1,"	1424,1638" 
2012-11-01T20:00:00Z,"ALG",2014-01-02T21:00:00Z,Buy,33.74,57.02,6,139.68,1.3714064068711,-22.98,161.7,33.24,1,"	1420,1658" 
2012-11-01T20:00:00Z,"ALG",2014-09-02T20:00:00Z,Buy,33.74,49.03,18,275.22,3.5929203682,-68.94,485.1,240.48,1,"	1420,1815" 
2012-11-01T20:00:00Z,"WDC",2015-08-03T20:00:00Z,Buy,35.43,85.85,9,453.78,1.4055047753247,-18,709.65,340.11,1,"	1426,2052" 
2012-12-03T21:00:00Z,"KIRK",2013-01-02T21:00:00Z,Buy,9.25,10.96,25,42.75,0.78212516337179,-16.25,71.25,15.5,1,"	1438,1444" 
2012-12-03T21:00:00Z,"TSCO",2013-05-01T20:00:00Z,Buy,88.77,105.33,5,82.8,0.51238144387414,-370.78,116.4,33.6,1,"	1440,1507" 
2012-12-03T21:00:00Z,"CHS",2013-06-03T20:00:00Z,Buy,18.66,17.86,95,-76,7.7431154169726,-236.55,101.65,267.9,0,"	1434,1518" 
2012-12-03T21:00:00Z,"GIII",2013-07-01T20:00:00Z,Buy,37.56,48.42,18,195.48,3.6081716883683,-90.72,256.5,113.04,1,"	1437,1541" 
2012-12-03T21:00:00Z,"WMK",2013-07-01T20:00:00Z,Buy,38.52,45.44,9,62.28,0.52216057274354,-137.07,75.6,21.69,1,"	1442,1542" 
2012-12-03T21:00:00Z,"CVX",2013-08-01T20:00:00Z,Buy,104.72,126.39,2,43.34,0.65680677724271,-16.62,46.08,19.22,1,"	1435,1564" 
2012-12-03T21:00:00Z,"LHCG",2013-08-01T20:00:00Z,Buy,19.48,23.49,9,36.09,2.0787599792716,-1.62,36.18,37.8,1,"	1439,1566" 
2012-12-03T21:00:00Z,"LHCG",2013-09-03T20:00:00Z,Buy,19.48,22.63,10,31.5,0.525,-1.8,70.1,42,1,"	1439,1587" 
2012-12-03T21:00:00Z,"GIII",2013-10-01T20:00:00Z,Buy,37.56,55,6,104.64,0.51511265799597,-30.24,105.9,49.5,1,"	1437,1597" 
2012-12-03T21:00:00Z,"LHCG",2013-12-02T21:00:00Z,Buy,19.48,24.59,9,45.99,1.1918096516269,-1.62,63.09,60.3,1,"	1439,1634" 
2012-12-03T21:00:00Z,"GIII",2014-01-02T21:00:00Z,Buy,37.56,71.42,5,169.3,0.51209852283507,-25.2,183.1,41.25,1,"	1437,1660" 
2012-12-03T21:00:00Z,"LHCG",2014-06-02T20:00:00Z,Buy,19.48,20.38,61,54.9,9.5438155892983,-10.98,427.61,408.7,1,"	1439,1767" 
2012-12-03T21:00:00Z,"GIII",2014-07-01T20:00:00Z,Buy,37.56,81.39,3,131.49,0.50747520205731,-15.12,136.83,28.32,1,"	1437,1789" 
2012-12-03T21:00:00Z,"ENS",2014-11-03T21:00:00Z,Buy,34.72,62.46,6,166.44,1.2753309999544,-17.7,234.9,132.24,1,"	1436,1857" 
2012-12-03T21:00:00Z,"USNA",2014-11-03T21:00:00Z,Buy,42.04,115.22,4,292.72,1.5118550926892,-44.48,292.72,135.16,1,"	1441,1868" 
2012-12-03T21:00:00Z,"GIII",2014-12-01T21:00:00Z,Buy,37.56,83.38,2,91.64,0.50706690021471,-10.08,101.86,31.8,1,"	1437,1892" 
2012-12-03T21:00:00Z,"USNA",2015-06-01T20:00:00Z,Buy,42.04,129.52,4,349.92,10.338409815261,-44.48,393.88,135.16,1,"	1441,2013" 
2013-01-02T21:00:00Z,"HVT",2013-03-01T21:00:00Z,Buy,16.68,18.49,12,21.72,2.0647589088462,-4.92,21.72,19.08,1,"	1447,1472" 
2013-01-02T21:00:00Z,"UNH",2013-04-01T20:00:00Z,Buy,54.54,58.97,6,26.58,0.72178608478014,-76.14,34.32,28.32,1,"	1452,1489" 
2013-01-02T21:00:00Z,"HVT",2013-05-01T20:00:00Z,Buy,16.68,23.21,9,58.77,0.52196068124474,-3.69,66.42,14.31,1,"	1447,1501" 
2013-01-02T21:00:00Z,"SCVL",2013-06-03T20:00:00Z,Buy,20.43,24.64,12,50.52,0.5299121522694,-112.92,50.52,25.8,1,"	1451,1521" 
2013-01-02T21:00:00Z,"MED",2013-08-01T20:00:00Z,Buy,26.29,27.27,42,41.16,1.2691796640788,-170.52,127.26,246.54,1,"	1449,1567" 
2013-01-02T21:00:00Z,"MOV",2013-09-03T20:00:00Z,Buy,30.53,41.62,8,88.72,0.51990221642764,-69.12,106.08,73.12,1,"	1450,1588" 
2013-01-02T21:00:00Z,"DK",2013-11-01T20:00:00Z,Buy,26.23,25.26,9,-8.73,0.5233086492891,-54.54,128.43,182.97,0,"	1446,1609" 
2013-01-02T21:00:00Z,"LZB",2014-10-01T20:00:00Z,Buy,15.01,19.45,15,66.6,1.2628711325895,-59.7,240.3,173.7,1,"	1448,1841" 
2013-01-02T21:00:00Z,"HVT",2015-02-02T21:00:00Z,Buy,16.68,24.79,23,186.53,3.3245493071747,-9.43,337.18,263.35,1,"	1447,1919" 
2013-01-02T21:00:00Z,"HVT",2015-04-01T20:00:00Z,Buy,16.68,24.05,46,339.02,3.8789156230284,-18.86,674.36,526.7,1,"	1447,1962" 
2013-02-01T21:00:00Z,"GME",2013-03-01T21:00:00Z,Buy,24.69,24.05,10,-6.4,1.4678269890741,-89.6,31.4,27.6,0,"	1466,1471" 
2013-02-01T21:00:00Z,"EGY",2013-04-01T20:00:00Z,Buy,8.55,7.38,27,-31.59,0.56797703180212,-39.69,23.49,43.74,0,"	1465,1486" 
2013-02-01T21:00:00Z,"TER",2013-05-01T20:00:00Z,Buy,16.63,16.11,14,-7.28,0.53599567099567,-85.26,34.72,46.9,0,"	1467,1506" 
2013-02-01T21:00:00Z,"DDS",2013-06-03T20:00:00Z,Buy,85.41,91.44,4,24.12,1.1207928329943,-264.28,33.12,45.28,1,"	1464,1519" 
2013-02-01T21:00:00Z,"CTR",2013-07-01T20:00:00Z,Buy,27.4,25.32,12,-24.96,0.67594746476516,-144.96,52.2,62.76,0,"	1463,1538" 
2013-02-01T21:00:00Z,"BKE",2013-12-02T21:00:00Z,Buy,47.03,52.07,6,30.24,0.51508016246259,-197.22,60.66,62.46,1,"	1462,1629" 
2013-02-01T21:00:00Z,"AEOS",2014-01-02T21:00:00Z,Buy,20.2,14.73,82,-448.54,6.9861150394421,-570.72,1088.96,763.42,0,"	1460,1657" 
2013-02-01T21:00:00Z,"ALG",2014-09-02T20:00:00Z,Buy,34.4,49.03,6,87.78,0.51519434628975,-26.94,157.74,80.16,1,"	1461,1815" 
2013-02-01T21:00:00Z,"FL",2015-10-01T20:00:00Z,Buy,34.56,71.15,3,109.77,1.483822370103,-53.37,123.63,19.14,1,"	1468,2095" 
2013-02-01T21:00:00Z,"FL",2015-11-02T21:00:00Z,Buy,34.56,68.24,3,101.04,0.55128412992359,-53.37,123.63,36.45,1,"	1468,2107" 
2013-03-01T21:00:00Z,"ENTG",2013-04-01T20:00:00Z,Buy,9.55,9.65,25,2.5,1.0397070522323,-86,22.25,15.5,1,"	1478,1487" 
2013-03-01T21:00:00Z,"SIX",2013-05-01T20:00:00Z,Buy,67.51,72.2,3,14.07,7.9744096851655,0,28.8,14.73,1,"	1482,1505" 
2013-03-01T21:00:00Z,"WCC",2013-05-01T20:00:00Z,Buy,73.51,68.02,3,-16.47,0.50746041948579,-52.2,11.79,33.51,0,"	1484,1509" 
2013-03-01T21:00:00Z,"CHS",2013-06-03T20:00:00Z,Buy,16.96,17.86,22,19.8,0.55493521790342,-17.38,60.94,41.14,1,"	1477,1518" 
2013-03-01T21:00:00Z,"SCVL",2013-06-03T20:00:00Z,Buy,19.49,24.64,16.500029249985,84.98,1.2987228946163,-139.76,84.98,33.5,1,"	1481,1521" 
2013-03-01T21:00:00Z,"CF",2013-08-01T20:00:00Z,Buy,201.5,195.98,1,-5.52,0.50250809061489,-31.22,28.94,37.85,0,"	1476,1563" 
2013-03-01T21:00:00Z,"MED",2013-08-01T20:00:00Z,Buy,23.92,27.27,10,33.5,0.92100294324836,-16.9,54,37.8,1,"	1480,1567" 
2013-03-01T21:00:00Z,"SIX",2014-03-03T21:00:00Z,Buy,33.755,40.6,58,397.01,0.73384803921569,-105.85,408.61,466.9,1,"	1482,1702" 
2013-03-01T21:00:00Z,"KAI",2014-11-03T21:00:00Z,Buy,24.87,42.01,8,137.12,5.0008387947202,-4.4,137.12,61.76,1,"	1483,1866" 
2013-03-01T21:00:00Z,"GIII",2014-12-01T21:00:00Z,Buy,36.63,83.38,1,46.75,1.0600476287341,-4.11,51.86,15.9,1,"	1479,1892" 
2013-03-01T21:00:00Z,"GIII",2015-01-02T21:00:00Z,Buy,36.63,100,5,316.85,2.6384470356713,-20.55,323.35,79.5,1,"	1479,1906" 
2013-03-01T21:00:00Z,"KAI",2015-03-02T21:00:00Z,Buy,24.87,46.27,8,171.2,1.0996973188973,-4.4,171.2,61.76,1,"	1483,1947" 
2013-03-01T21:00:00Z,"KAI",2015-04-01T20:00:00Z,Buy,24.87,53.73,13,375.18,2.0173816340181,-7.15,375.18,100.36,1,"	1483,1966" 
2013-03-01T21:00:00Z,"SCVL",2015-12-01T21:00:00Z,Buy,19.49,21.78,0.49997075001462,1.14,5.6038699569005,-4.23,5.14,5.76,1,"	1481,2128" 
2013-04-01T20:00:00Z,"RGR",2013-05-01T20:00:00Z,Buy,49.57,49.62,7,0.35,0.51709984230239,-243.04,71.61,24.71,1,"	1498,1504" 
2013-04-01T20:00:00Z,"TSCO",2013-05-01T20:00:00Z,Buy,102.78,105.33,3,7.65,0.50740276577355,-264.5,27.81,20.16,1,"	1499,1507" 
2013-04-01T20:00:00Z,"CTR",2013-07-01T20:00:00Z,Buy,24.2,25.32,12,13.44,1.1789923715807,-106.56,90.6,28.8,1,"	1490,1538" 
2013-04-01T20:00:00Z,"CTB",2013-07-01T20:00:00Z,Buy,25.45,33.27,35,273.7,3.7812488041668,-77,322.35,129.15,1,"	1493,1539" 
2013-04-01T20:00:00Z,"CF",2013-08-01T20:00:00Z,Buy,190.02,195.98,2,11.92,1.1377015200427,-39.48,80.84,49.48,1,"	1491,1563" 
2013-04-01T20:00:00Z,"CVX",2013-08-01T20:00:00Z,Buy,119.61,126.39,3,20.34,0.68151079053348,-69.6,24.45,28.83,1,"	1492,1564" 
2013-04-01T20:00:00Z,"IPAR",2013-08-01T20:00:00Z,Buy,24.8,32.86,7,56.42,5.6606535585018,0,70.98,29.75,1,"	1494,1565" 
2013-04-01T20:00:00Z,"RES",2013-08-01T20:00:00Z,Buy,15.1,14.64,112,-51.52,9.3950299711636,-288.96,25.76,301.28,0,"	1497,1568" 
2013-04-01T20:00:00Z,"KWR",2013-09-03T20:00:00Z,Buy,58.96,66.71,4,31,7.2251934752422,-17.44,50.64,21.32,1,"	1495,1586" 
2013-04-01T20:00:00Z,"IPAR",2013-11-01T20:00:00Z,Buy,24.8,35.26,11,115.06,0.90284988030769,0,115.06,92.07,1,"	1494,1612" 
2013-04-01T20:00:00Z,"CTB",2013-12-02T21:00:00Z,Buy,25.45,24.39,25,-26.5,9.286127386043,-55,230.25,282.5,0,"	1493,1630" 
2013-04-01T20:00:00Z,"NC",2013-12-02T21:00:00Z,Buy,52.97,63.46,6,62.94,0.51489036731634,-26.58,80.28,56.88,1,"	1496,1638" 
2013-04-01T20:00:00Z,"KWR",2014-04-01T20:00:00Z,Buy,58.96,80.92,3,65.88,1.1654160282249,-13.08,67.35,44.1,1,"	1495,1732" 
2013-04-01T20:00:00Z,"IPAR",2014-06-02T20:00:00Z,Buy,24.8,29.27,54,241.38,0.69843237361902,0,713.88,475.74,1,"	1494,1766" 
2013-04-01T20:00:00Z,"KWR",2014-11-03T21:00:00Z,Buy,58.96,83.27,24,583.44,0.61666727582846,-104.64,583.44,352.8,1,"	1495,1860" 
2013-05-01T20:00:00Z,"IDT",2013-06-03T20:00:00Z,Buy,13.86,17.52,25,91.5,1.3487887235559,0,108.5,20.25,1,"	1511,1520" 
2013-05-01T20:00:00Z,"MOV",2013-09-03T20:00:00Z,Buy,29.42,41.62,9,109.8,0.90680967350793,-67.77,129.33,38.79,1,"	1514,1588" 
2013-05-01T20:00:00Z,"POWL",2013-09-03T20:00:00Z,Buy,47.07,53.33,4,25.04,5.1441975041071,0,30.28,19,1,"	1515,1589" 
2013-05-01T20:00:00Z,"IDCC",2013-10-01T20:00:00Z,Buy,43.45,37.7,35,-201.25,6.3515709944366,-278.95,148.4,427.35,0,"	1510,1598" 
2013-05-01T20:00:00Z,"POWL",2013-10-01T20:00:00Z,Buy,47.07,62.79,5,78.6,0.51280592266275,0,78.6,23.75,1,"	1515,1599" 
2013-05-01T20:00:00Z,"IDT",2013-11-01T20:00:00Z,Buy,13.86,22,21,170.94,3.0767911606054,0,178.08,93.45,1,"	1511,1611" 
2013-05-01T20:00:00Z,"LNDC",2013-11-01T20:00:00Z,Buy,12.93,11.7,100,-123,7.5796631781279,-140,289,429,0,"	1512,1614" 
2013-05-01T20:00:00Z,"UTHR",2013-11-01T20:00:00Z,Buy,66.68,90.34,5,118.3,3.5864889397487,-25.5,118.3,38.65,1,"	1517,1615" 
2013-05-01T20:00:00Z,"UNF",2014-01-02T21:00:00Z,Buy,88.85,106.12,31,535.37,14.520935400645,0,562.65,290.16,1,"	1516,1663" 
2013-05-01T20:00:00Z,"UTHR",2014-01-02T21:00:00Z,Buy,66.68,110.9,19,840.18,0.54658427661832,-96.9,908.77,171.19,1,"	1517,1664" 
2013-05-01T20:00:00Z,"POWL",2014-03-03T21:00:00Z,Buy,47.07,67.62,24,493.2,12.269049699218,0,522.96,232.56,1,"	1515,1701" 
2013-05-01T20:00:00Z,"IDT",2014-06-02T20:00:00Z,Buy,13.86,16.64,76,211.28,0.86632086851628,0,668.8,554.8,1,"	1511,1765" 
2013-05-01T20:00:00Z,"UTHR",2014-09-02T20:00:00Z,Buy,66.68,115.22,7,339.78,3.8791940311736,-35.7,358.05,198.59,1,"	1517,1821" 
2013-05-01T20:00:00Z,"LZB",2014-10-01T20:00:00Z,Buy,17.53,19.45,13,24.96,0.53154623477298,-84.5,175.5,150.54,1,"	1513,1841" 
2013-06-03T20:00:00Z,"CTR",2013-07-01T20:00:00Z,Buy,25.25,25.32,14.500024749988,1.02,1.1600465620568,-143.99,94.25,19.14,1,"	1526,1538" 
2013-06-03T20:00:00Z,"GCI",2013-07-01T20:00:00Z,Buy,20.8,25.21,57,251.37,12.601647016567,-54.15,330.6,172.14,1,"	1530,1540" 
2013-06-03T20:00:00Z,"CVX",2013-08-01T20:00:00Z,Buy,124.09,126.39,2,4.6,0.68331753477565,-55.36,7.34,14.54,1,"	1527,1564" 
2013-06-03T20:00:00Z,"RES",2013-08-01T20:00:00Z,Buy,12.67,14.64,24,47.28,0.56038125496426,-3.6,63.84,30,1,"	1535,1568" 
2013-06-03T20:00:00Z,"FSLR",2013-12-02T21:00:00Z,Buy,53.33,59.81,6,38.88,1.0444182353976,-101.16,65.7,119.58,1,"	1529,1632" 
2013-06-03T20:00:00Z,"MXIM",2013-12-02T21:00:00Z,Buy,29.32,28.22,14,-15.4,0.5347982366904,-115.36,55.86,33.74,0,"	1534,1637" 
2013-06-03T20:00:00Z,"AEOS",2014-01-02T21:00:00Z,Buy,19.66,14.73,20,-98.6,0.75563452284775,-128.4,276.4,136.2,0,"	1523,1657" 
2013-06-03T20:00:00Z,"ANF",2014-01-02T21:00:00Z,Buy,49.71,32.01,27,-477.9,5.2154264894783,-485.73,56.43,542.16,0,"	1524,1659" 
2013-06-03T20:00:00Z,"DISCA",2014-03-03T21:00:00Z,Buy,79.01,82.08,6,18.42,1.510661239723,-178.26,68.7,78.96,1,"	1528,1696" 
2013-06-03T20:00:00Z,"HOC",2014-03-03T21:00:00Z,Buy,48.18,44.88,5,-16.5,0.94226961370699,-131.9,51.25,42.25,0,"	1532,1698" 
2013-06-03T20:00:00Z,"SIX",2014-03-03T21:00:00Z,Buy,37.425,40.6,6,19.05,0.74649466081691,-32.97,20.25,36.57,1,"	1536,1702" 
2013-06-03T20:00:00Z,"BGFV",2014-04-01T20:00:00Z,Buy,20.25,16.17,62,-252.96,7.7970106998488,-363.32,282.1,645.42,0,"	1525,1729" 
2013-06-03T20:00:00Z,"FSLR",2014-04-01T20:00:00Z,Buy,53.33,70.89,6,105.36,0.51523642355638,-101.16,123.12,119.58,1,"	1529,1730" 
2013-06-03T20:00:00Z,"GCI",2014-08-01T20:00:00Z,Buy,20.8,32.9,11,133.1,1.0716387849753,-10.45,141.46,44.99,1,"	1530,1800" 
2013-06-03T20:00:00Z,"LZB",2014-10-01T20:00:00Z,Buy,18.5,19.45,11,10.45,1.0283692515053,-82.17,137.83,127.38,1,"	1533,1841" 
2013-06-03T20:00:00Z,"GCI",2014-11-03T21:00:00Z,Buy,20.8,31.32,9,94.68,0.52237142857143,-8.55,123.84,73.98,1,"	1530,1858" 
2013-06-03T20:00:00Z,"GIII",2015-01-02T21:00:00Z,Buy,42.74,100,2,114.52,0.51776181429589,-20.44,117.12,31.8,1,"	1531,1906" 
2013-06-03T20:00:00Z,"GCI",2015-03-02T21:00:00Z,Buy,20.8,35.84,7,105.28,0.51771751412429,-6.65,105.28,57.54,1,"	1530,1943" 
2013-06-03T20:00:00Z,"GCI",2015-07-01T20:00:00Z,Buy,20.8,32.97,13,158.21,2.2208435131897,-12.35,223.73,106.86,1,"	1530,2027" 
2013-06-03T20:00:00Z,"GIII",2015-07-01T20:00:00Z,Buy,21.37,71.25,10,498.8,0.54051172707889,-51.1,507.1,79.5,1,"	1531,2028" 
2013-06-03T20:00:00Z,"CTR",2015-11-02T21:00:00Z,Buy,25.25,38.36,0.49997525001237,6.55,0.5177780720339,-4.96,9.68,5.9,1,"	1526,2101" 
2013-07-01T20:00:00Z,"CF",2013-08-01T20:00:00Z,Buy,170.28,195.98,3,77.1,0.50744664723032,0,180.48,23.37,1,"	1547,1563" 
2013-07-01T20:00:00Z,"MED",2013-08-01T20:00:00Z,Buy,26.41,27.27,14,12.04,0.53588315217391,-58.52,40.74,22.54,1,"	1555,1567" 
2013-07-01T20:00:00Z,"IDCC",2013-10-01T20:00:00Z,Buy,39.26,37.7,10,-15.6,0.52198208286674,-37.8,84.3,55.5,0,"	1551,1598" 
2013-07-01T20:00:00Z,"DK",2013-11-01T20:00:00Z,Buy,28.04,25.26,17,-47.26,0.54142161974279,-133.79,211.82,179.52,0,"	1549,1609" 
2013-07-01T20:00:00Z,"KLIC",2013-11-01T20:00:00Z,Buy,11.04,12.7,37,61.42,1.5452431066627,-2.22,96.94,44.77,1,"	1552,1613" 
2013-07-01T20:00:00Z,"LNDC",2013-11-01T20:00:00Z,Buy,13.84,11.7,33,-70.62,0.58643451930356,-76.23,65.34,141.57,0,"	1554,1614" 
2013-07-01T20:00:00Z,"BKE",2013-12-02T21:00:00Z,Buy,52.9,52.07,5,-4.15,0.92461255272687,-193.7,21.2,51.65,0,"	1546,1629" 
2013-07-01T20:00:00Z,"CVI",2013-12-02T21:00:00Z,Buy,46.39,40.03,6,-38.16,0.51468037974684,-176.34,143.94,92.76,0,"	1548,1631" 
2013-07-01T20:00:00Z,"MPC",2013-12-02T21:00:00Z,Buy,70.38,87.42,3,51.12,1.0723022108802,-24.84,51.12,38.97,1,"	1556,1636" 
2013-07-01T20:00:00Z,"MXIM",2013-12-02T21:00:00Z,Buy,27.64,28.22,10,5.8,0.52487401007919,-65.6,56.7,21.2,1,"	1557,1637" 
2013-07-01T20:00:00Z,"AEOS",2014-01-02T21:00:00Z,Buy,18.41,14.73,17,-62.56,0.5428491237678,-87.89,256.19,115.77,0,"	1543,1657" 
2013-07-01T20:00:00Z,"ANF",2014-01-02T21:00:00Z,Buy,46.19,32.01,6,-85.08,0.51531160220994,-86.82,33.66,120.48,0,"	1545,1659" 
2013-07-01T20:00:00Z,"KLIC",2014-01-02T21:00:00Z,Buy,11.04,13.06,145,292.9,0.91487593984962,-8.7,379.9,274.05,1,"	1552,1661" 
2013-07-01T20:00:00Z,"MPC",2014-01-02T21:00:00Z,Buy,70.38,89.48,4,76.4,1.603216244319,-33.12,85.44,51.96,1,"	1556,1662" 
2013-07-01T20:00:00Z,"HOC",2014-03-03T21:00:00Z,Buy,40.74,44.88,9,37.26,0.5214270687237,-170.46,159.21,59.22,1,"	1550,1698" 
2013-07-01T20:00:00Z,"POWL",2014-03-03T21:00:00Z,Buy,51.76,67.62,5,79.3,0.80244759731969,-23.45,85.5,48.45,1,"	1558,1701" 
2013-07-01T20:00:00Z,"SIX",2014-03-03T21:00:00Z,Buy,36.85,40.6,13,48.75,1.354190875942,-63.96,51.35,74.36,1,"	1559,1702" 
2013-07-01T20:00:00Z,"MPC",2014-04-01T20:00:00Z,Buy,70.38,89.54,19,364.04,0.57458237591912,-157.32,457.9,246.81,1,"	1556,1733" 
2013-07-01T20:00:00Z,"ALG",2014-09-02T20:00:00Z,Buy,41.43,49.03,5,38,0.85561626965957,-57.6,96.3,66.8,1,"	1544,1815" 
2013-07-01T20:00:00Z,"UTHR",2014-09-02T20:00:00Z,Buy,67.63,115.22,2,95.18,0.51027499240352,-12.1,100.4,56.74,1,"	1562,1821" 
2013-07-01T20:00:00Z,"KWR",2014-11-03T21:00:00Z,Buy,63.22,83.27,4,80.2,1.1418325564989,-34.48,80.2,58.8,1,"	1553,1860" 
2013-07-01T20:00:00Z,"SMP",2015-03-02T21:00:00Z,Buy,35.4,42.33,7,48.51,0.93534567594648,-162.82,70.35,86.8,1,"	1560,1946" 
2013-07-01T20:00:00Z,"UTHR",2015-06-01T20:00:00Z,Buy,67.63,182.19,2,229.12,1.4946822684103,-12.1,241.86,57.54,1,"	1562,2014" 
2013-08-01T20:00:00Z,"MOV",2013-09-03T20:00:00Z,Buy,36.95,41.62,8,37.36,0.66614528498937,-120.48,54.72,17.76,1,"	1578,1588" 
2013-08-01T20:00:00Z,"DV",2013-11-01T20:00:00Z,Buy,30.63,34.91,54,231.12,1.2687455763276,-124.74,414.18,233.28,1,"	1572,1610" 
2013-08-01T20:00:00Z,"BKE",2013-12-02T21:00:00Z,Buy,56.98,52.07,2.2499204361991,-11.05,0.76652667718478,-96.34,0.36,23.24,0,"	1571,1629" 
2013-08-01T20:00:00Z,"AEOS",2014-01-02T21:00:00Z,Buy,19.92,14.73,12.999940779946,-67.47,0.53298013245033,-86.84,176.28,88.53,0,"	1570,1657" 
2013-08-01T20:00:00Z,"OSK",2014-02-03T21:00:00Z,Buy,46.56,50.54,5,19.9,3.3076062086461,-8.2,44.7,32.15,1,"	1579,1681" 
2013-08-01T20:00:00Z,"PETS",2014-02-03T21:00:00Z,Buy,16.93,12.74,103,-431.57,1.5804523493643,-431.57,3.09,434.66,0,"	1580,1682" 
2013-08-01T20:00:00Z,"POWL",2014-03-03T21:00:00Z,Buy,51.03,67.62,8,132.72,1.4022807132966,-31.68,142.64,77.52,1,"	1581,1701" 
2013-08-01T20:00:00Z,"PLUS",2014-06-02T20:00:00Z,Buy,63.06,56.56,33,-214.5,1.1941436840239,-478.17,17.82,495.99,0,"	1577,1768" 
2013-08-01T20:00:00Z,"OSK",2014-08-01T20:00:00Z,Buy,46.56,46.31,8,-2,1.9308053433234,-13.12,107.6,113.36,0,"	1579,1804" 
2013-08-01T20:00:00Z,"OSK",2014-09-02T20:00:00Z,Buy,46.56,49.6,26,79.04,3.5792349043878,-42.64,349.7,368.42,1,"	1579,1818" 
2013-08-01T20:00:00Z,"ENS",2014-11-03T21:00:00Z,Buy,53.78,62.46,8,69.44,0.76215954385535,-176.08,160.72,176.32,1,"	1573,1857" 
2013-08-01T20:00:00Z,"KWR",2014-11-03T21:00:00Z,Buy,67.05,83.27,5,81.1,0.73506750086787,-62.25,81.1,73.5,1,"	1576,1860" 
2013-08-01T20:00:00Z,"FSLR",2014-12-01T21:00:00Z,Buy,48.15,45.76,6,-14.34,1.0849958217363,-70.08,154.2,168.54,0,"	1574,1890" 
2013-08-01T20:00:00Z,"GIII",2015-07-01T20:00:00Z,Buy,26.4,71.25,6,269.1,0.8410121799103,-60.84,274.08,47.7,1,"	1575,2028" 
2013-08-01T20:00:00Z,"WDC",2015-08-03T20:00:00Z,Buy,66.44,85.85,6,116.46,1.4555607109828,-198.06,287.04,226.74,1,"	1582,2052" 
2013-09-03T20:00:00Z,"DK",2013-11-01T20:00:00Z,Buy,25.31,25.26,13,-0.65,0.53308829444891,-66.82,197.47,66.82,0,"	1592,1609" 
2013-09-03T20:00:00Z,"CTB",2013-12-02T21:00:00Z,Buy,31.66,24.39,8,-58.16,0.51983088005011,-67.28,24,78.88,0,"	1591,1630" 
2013-09-03T20:00:00Z,"USMO",2014-03-03T21:00:00Z,Buy,13.92,14.37,158,71.1,10.011101565029,-183.28,249.64,432.92,1,"	1595,1704" 
2013-09-03T20:00:00Z,"BGFV",2014-04-01T20:00:00Z,Buy,16.55,16.17,15,-5.7,0.73662065122933,-32.4,123.75,85.65,0,"	1590,1729" 
2013-09-03T20:00:00Z,"FSLR",2014-12-01T21:00:00Z,Buy,36.87,45.76,6,53.34,0.5150612745098,-2.4,221.88,168.54,1,"	1593,1890" 
2013-09-03T20:00:00Z,"GCI",2015-07-01T20:00:00Z,Buy,24.48,32.97,8,67.92,1.1920448951185,-37.04,108.24,65.76,1,"	1594,2027" 
2013-10-01T20:00:00Z,"DK",2013-11-01T20:00:00Z,Buy,21.25,25.26,14,56.14,0.81278397605446,-15.12,269.5,21.7,1,"	1603,1609" 
2013-10-01T20:00:00Z,"CVI",2013-12-02T21:00:00Z,Buy,38.81,40.03,9,10.98,1.0483744602424,-196.29,284.13,70.56,1,"	1602,1631" 
2013-10-01T20:00:00Z,"ANF",2014-01-02T21:00:00Z,Buy,35.91,32.01,8,-31.2,0.52030534351145,-33.52,127.12,52.72,0,"	1601,1659" 
2013-10-01T20:00:00Z,"KLIC",2014-01-02T21:00:00Z,Buy,11.61,13.06,24,34.8,0.97428802864891,-15.12,49.2,45.36,1,"	1605,1661" 
2013-10-01T20:00:00Z,"ICFI",2014-03-03T21:00:00Z,Buy,35.94,40.23,39,167.31,6.0724597207227,-140.01,201.63,149.37,1,"	1604,1699" 
2013-10-01T20:00:00Z,"MPC",2014-04-01T20:00:00Z,Buy,64.29,89.54,5,126.25,0.51249416977612,-10.95,150.95,47.15,1,"	1606,1733" 
2013-10-01T20:00:00Z,"ICFI",2014-11-03T21:00:00Z,Buy,35.94,36.26,40,12.8,0.72450467804073,-220.4,214.4,434.8,1,"	1604,1859" 
2013-10-01T20:00:00Z,"SMP",2015-05-01T20:00:00Z,Buy,32.92,36.25,7,23.31,1.1641435555013,-145.46,87.71,86.8,1,"	1607,1989" 
2013-11-01T20:00:00Z,"CTB",2013-12-02T21:00:00Z,Buy,25.91,24.39,14,-21.28,0.53486543637063,-37.24,122.5,49.7,0,"	1618,1630" 
2013-11-01T20:00:00Z,"KIRK",2013-12-02T21:00:00Z,Buy,17.75,25.5,40,310,1.3520316159251,-13.2,316.4,21.6,1,"	1621,1633" 
2013-11-01T20:00:00Z,"MXIM",2013-12-02T21:00:00Z,Buy,29.4,28.22,9,-10.62,0.52227272727273,-74.88,35.19,10.62,0,"	1624,1637" 
2013-11-01T20:00:00Z,"NC",2013-12-02T21:00:00Z,Buy,55.18,63.46,7,57.96,0.85912388286642,-46.48,78.19,14.42,1,"	1625,1638" 
2013-11-01T20:00:00Z,"HHS",2014-02-03T21:00:00Z,Buy,7.98,6.86,211,-236.32,14.983946239981,-267.97,37.98,305.95,0,"	1620,1680" 
2013-11-01T20:00:00Z,"PETS",2014-02-03T21:00:00Z,Buy,14.85,12.74,16,-33.76,1.4860140061011,-33.76,33.76,62.56,0,"	1626,1682" 
2013-11-01T20:00:00Z,"KIRK",2014-03-03T21:00:00Z,Buy,17.75,17.76,61,0.61,6.3254443265683,-61.61,482.51,544.12,1,"	1621,1700" 
2013-11-01T20:00:00Z,"LHCG",2014-06-02T20:00:00Z,Buy,20.66,20.38,26,-7.28,0.56518932038835,-35.36,151.58,109.72,0,"	1622,1767" 
2013-11-01T20:00:00Z,"PLUS",2014-06-02T20:00:00Z,Buy,53.78,56.56,4,11.12,1.165123118247,-20.84,39.28,44.44,1,"	1623,1768" 
2013-11-01T20:00:00Z,"ALG",2014-09-02T20:00:00Z,Buy,48.43,49.03,6,3.6,0.74528747276082,-111.12,73.56,80.16,1,"	1617,1815" 
2013-11-01T20:00:00Z,"DECK",2015-03-02T21:00:00Z,Buy,68.56,74.52,4.9999816399849,29.8,2.6133528483185,-135.15,245.4,166.6,1,"	1619,1941" 
2013-11-01T20:00:00Z,"DECK",2015-12-01T21:00:00Z,Buy,68.56,48.91,13.000018360015,-255.45,4.2940588336255,-351.39,638.04,690.17,0,"	1619,2123" 
2013-12-02T21:00:00Z,"ANF",2014-01-02T21:00:00Z,Buy,34.02,32.01,10,-20.1,1.8656572911488,-23,177.8,42.7,0,"	1640,1659" 
2013-12-02T21:00:00Z,"UNF",2014-01-02T21:00:00Z,Buy,100.29,106.12,5,29.15,0.51226159037559,-57.2,33.55,12.4,1,"	1654,1663" 
2013-12-02T21:00:00Z,"HHS",2014-02-03T21:00:00Z,Buy,7.74,6.86,33,-29.04,0.58021984924623,-33.99,13.86,38.61,0,"	1647,1680" 
2013-12-02T21:00:00Z,"PETS",2014-02-03T21:00:00Z,Buy,15.22,12.74,14,-34.72,0.55172713213184,-34.72,24.36,54.74,0,"	1649,1682" 
2013-12-02T21:00:00Z,"SYNA",2014-02-03T21:00:00Z,Buy,50.27,55.5,4,20.92,5.853868437026,-6.56,39.96,19.04,1,"	1653,1685" 
2013-12-02T21:00:00Z,"DISCA",2014-03-03T21:00:00Z,Buy,86.21,82.08,6,-24.78,1.2159059233899,-221.46,25.5,78.96,0,"	1643,1696" 
2013-12-02T21:00:00Z,"SIX",2014-03-03T21:00:00Z,Buy,36.78,40.6,8,30.56,0.51976887933351,-38.8,32.16,29.2,1,"	1651,1702" 
2013-12-02T21:00:00Z,"USMO",2014-03-03T21:00:00Z,Buy,14.42,14.37,30,-1.5,1.4520148474676,-49.8,32.4,49.8,0,"	1655,1704" 
2013-12-02T21:00:00Z,"BGFV",2014-04-01T20:00:00Z,Buy,18.96,16.17,12,-33.48,1.02590839021,-54.84,70.08,68.52,0,"	1642,1729" 
2013-12-02T21:00:00Z,"FSS",2014-04-01T20:00:00Z,Buy,15.3,15.32,26,0.52,1.399653711886,-93.08,0.52,93.08,1,"	1645,1731" 
2013-12-02T21:00:00Z,"PPC",2014-04-01T20:00:00Z,Buy,16.43,21.14,19,89.49,3.5656925025619,-18.43,89.49,25.08,1,"	1650,1734" 
2013-12-02T21:00:00Z,"PPC",2014-05-01T20:00:00Z,Buy,16.43,22.05,81,455.22,0.75217291857274,-78.57,492.48,106.92,1,"	1650,1751" 
2013-12-02T21:00:00Z,"SYNA",2014-06-02T20:00:00Z,Buy,50.27,66.45,5,80.9,0.51220071974148,-8.2,90.9,51.75,1,"	1653,1770" 
2013-12-02T21:00:00Z,"SYNA",2014-07-01T20:00:00Z,Buy,50.27,91.88,11,457.71,4.8387597915537,-18.04,457.71,113.85,1,"	1653,1793" 
2013-12-02T21:00:00Z,"ANK",2014-08-01T20:00:00Z,Buy,55.5,58.88,14,47.32,13.601398687914,-33.04,159.6,181.02,1,"	1641,1798" 
2013-12-02T21:00:00Z,"OSK",2014-09-02T20:00:00Z,Buy,48.87,49.6,6,4.38,0.51503692307692,-23.7,66.84,85.02,1,"	1648,1818" 
2013-12-02T21:00:00Z,"ABFS",2014-10-01T20:00:00Z,Buy,33.63,35.41,6,10.68,1.1020872112854,-19.38,69.12,80.52,1,"	1639,1837" 
2013-12-02T21:00:00Z,"ANK",2014-11-03T21:00:00Z,Buy,55.5,68.54,7,91.28,0.51785161482363,-16.52,91.28,93.31,1,"	1641,1856" 
2013-12-02T21:00:00Z,"ENS",2014-11-03T21:00:00Z,Buy,70.25,62.46,4,-31.16,1.0819684784263,-153.92,14.48,88.16,0,"	1644,1857" 
2013-12-02T21:00:00Z,"SYNA",2014-11-03T21:00:00Z,Buy,50.27,65.72,12,185.4,0.5384158994593,-19.68,508.92,366.84,1,"	1653,1865" 
2013-12-02T21:00:00Z,"FSS",2014-12-01T21:00:00Z,Buy,15.3,14.76,22,-11.88,0.55441018766756,-78.76,13.86,82.28,0,"	1645,1891" 
2013-12-02T21:00:00Z,"ANK",2015-02-02T21:00:00Z,Buy,55.5,67.42,28,333.76,0.61417657684781,-66.08,494.48,373.24,1,"	1641,1917" 
2013-12-02T21:00:00Z,"SMP",2015-05-01T20:00:00Z,Buy,34.4,36.25,13,24.05,0.53220046082949,-289.38,143.65,161.2,1,"	1652,1989" 
2013-12-02T21:00:00Z,"USNA",2015-06-01T20:00:00Z,Buy,73.46,129.52,3,168.18,0.9671625436706,-127.62,201.15,63.09,1,"	1656,2013" 
2013-12-02T21:00:00Z,"FSS",2015-08-03T20:00:00Z,Buy,15.3,14.55,16,-12,1.4377991987978,-57.28,24.32,59.84,0,"	1645,2049" 
2013-12-02T21:00:00Z,"ABFS",2015-12-01T21:00:00Z,Buy,33.63,24.33,28,-260.4,8.0804769118796,-267.4,383.6,651,0,"	1639,2120" 
2013-12-02T21:00:00Z,"FSS",2015-12-01T21:00:00Z,Buy,15.3,16.97,24,40.08,0.56039145907473,-85.92,43.92,89.76,1,"	1645,2124" 
2014-01-02T21:00:00Z,"HHS",2014-02-03T21:00:00Z,Buy,7.54,6.86,27,-18.36,0.87430473088135,-22.41,16.74,30.78,0,"	1669,1680" 
2014-01-02T21:00:00Z,"RGR",2014-02-03T21:00:00Z,Buy,73.75,72.21,5,-7.7,1.852954948332,-7.7,55.95,63.65,0,"	1675,1683" 
2014-01-02T21:00:00Z,"SAFM",2014-02-03T21:00:00Z,Buy,72,71.97,3.0000089999955,-0.09,5.5969410589162,-155.5,13.44,13.53,0,"	1676,1684" 
2014-01-02T21:00:00Z,"KIRK",2014-03-03T21:00:00Z,Buy,23.46,17.76,12,-68.4,0.52973384030418,-80.64,26.4,81,0,"	1673,1700" 
2014-01-02T21:00:00Z,"SIX",2014-03-03T21:00:00Z,Buy,36.78,40.6,9,34.38,0.87761367034322,-43.65,36.18,32.85,1,"	1677,1702" 
2014-01-02T21:00:00Z,"RGR",2014-05-01T20:00:00Z,Buy,73.75,66.72,5,-35.15,0.51296037296037,-69.75,55.95,125.7,0,"	1675,1752" 
2014-01-02T21:00:00Z,"STMP",2014-05-01T20:00:00Z,Buy,41.78,29.12,42,-531.72,5.5857099388278,-531.72,28.56,560.28,0,"	1678,1754" 
2014-01-02T21:00:00Z,"IDT",2014-06-02T20:00:00Z,Buy,17.7,16.64,28,-29.68,0.56933407946279,-107.52,138.88,105.84,0,"	1671,1765" 
2014-01-02T21:00:00Z,"IPAR",2014-06-02T20:00:00Z,Buy,34.57,29.27,12,-63.6,1.5032912747158,-117.24,41.4,95.76,0,"	1672,1766" 
2014-01-02T21:00:00Z,"SAFM",2014-06-02T20:00:00Z,Buy,72,95.65,4,94.6,0.51033942276511,-207.33,94.6,23.72,1,"	1676,1769" 
2014-01-02T21:00:00Z,"SAFM",2014-07-01T20:00:00Z,Buy,72,97.92,4,103.68,1.2375498911262,-207.33,103.68,23.72,1,"	1676,1791" 
2014-01-02T21:00:00Z,"SAFM",2014-09-02T20:00:00Z,Buy,72,92.9,3,62.7,0.50746624517788,-155.5,91.77,39.72,1,"	1676,1820" 
2014-01-02T21:00:00Z,"RGR",2014-10-01T20:00:00Z,Buy,73.75,47.4,24,-632.4,0.61438693776956,-663.84,268.56,932.4,0,"	1675,1844" 
2014-01-02T21:00:00Z,"ENS",2014-11-03T21:00:00Z,Buy,69.02,62.46,4,-26.24,0.79077653879666,-149,19.4,88.16,0,"	1665,1857" 
2014-01-02T21:00:00Z,"ICFI",2014-11-03T21:00:00Z,Buy,34.45,36.26,8,14.48,0.51985018726592,-32.16,54.8,86.96,1,"	1670,1859" 
2014-01-02T21:00:00Z,"KWR",2014-11-03T21:00:00Z,Buy,76.87,83.27,5,32,0.51246756195666,-111.35,32,59.7,1,"	1674,1860" 
2014-01-02T21:00:00Z,"FSLR",2014-12-01T21:00:00Z,Buy,57.44,45.76,5,-58.4,0.88457037574408,-104.85,82.05,140.45,0,"	1666,1890" 
2014-01-02T21:00:00Z,"SAFM",2015-03-02T21:00:00Z,Buy,72,85.68,3,41.04,1.0762314600018,-155.5,91.77,81.3,1,"	1676,1945" 
2014-01-02T21:00:00Z,"SAFM",2015-10-01T20:00:00Z,Buy,72,69.08,4,-11.68,1.540438712723,-207.33,122.36,145.48,0,"	1676,2092" 
2014-02-03T21:00:00Z,"KIRK",2014-03-03T21:00:00Z,Buy,17.58,17.76,17,3.06,0.53967870419543,-14.28,137.36,20.74,1,"	1689,1700" 
2014-02-03T21:00:00Z,"BGFV",2014-04-01T20:00:00Z,Buy,16.62,16.17,14,-6.3,0.97684473029541,-31.22,114.52,38.78,0,"	1687,1729" 
2014-02-03T21:00:00Z,"LHCG",2014-06-02T20:00:00Z,Buy,23.71,20.38,15,-49.95,1.1241036743267,-66.15,41.7,63.3,0,"	1690,1767" 
2014-02-03T21:00:00Z,"NUS",2014-08-01T20:00:00Z,Buy,82.78,59.03,12,-285,1.0719112118302,-289.08,70.56,359.64,0,"	1692,1802" 
2014-02-03T21:00:00Z,"OSTK",2014-08-01T20:00:00Z,Buy,20.72,16.12,13,-59.8,1.152762317189,-87.88,18.2,106.08,0,"	1693,1803" 
2014-02-03T21:00:00Z,"ALG",2014-09-02T20:00:00Z,Buy,47.68,49.03,4,5.4,0.95682083539049,-71.08,52.04,49.88,1,"	1686,1815" 
2014-02-03T21:00:00Z,"LZB",2014-10-01T20:00:00Z,Buy,26.01,19.45,8,-52.48,0.85055458516928,-119.84,40.16,70.48,0,"	1691,1841" 
2014-02-03T21:00:00Z,"OSTK",2014-11-03T21:00:00Z,Buy,20.72,23.59,36,103.32,0.70406574394464,-243.36,103.32,293.76,1,"	1693,1861" 
2014-02-03T21:00:00Z,"HVT",2015-04-01T20:00:00Z,Buy,26.38,24.05,13,-30.29,1.9392326229065,-131.43,64.48,142.09,0,"	1688,1962" 
2014-02-03T21:00:00Z,"SMP",2015-05-01T20:00:00Z,Buy,31.21,36.25,7,35.28,0.98780106853454,-133.49,99.68,86.8,1,"	1694,1989" 
2014-02-03T21:00:00Z,"USNA",2015-06-01T20:00:00Z,Buy,57.62,129.52,1,71.9,0.5120302321697,-26.7,82.89,21.03,1,"	1695,2013" 
2014-02-03T21:00:00Z,"USNA",2015-09-01T20:00:00Z,Buy,57.62,141.49,4,335.48,7.5756894287202,-106.8,474,139.72,1,"	1695,2071" 
2014-03-03T21:00:00Z,"BGFV",2014-04-01T20:00:00Z,Buy,14.89,16.17,24,30.72,0.55885375494071,-12,237.84,29.76,1,"	1707,1729" 
2014-03-03T21:00:00Z,"MPC",2014-04-01T20:00:00Z,Buy,83.35,89.54,5,30.95,0.51240327380952,-106.25,55.65,37.2,1,"	1719,1733" 
2014-03-03T21:00:00Z,"UACL",2014-04-01T20:00:00Z,Buy,25.44,28.98,83,293.82,22.148153804109,0,310.42,85.49,1,"	1727,1735" 
2014-03-03T21:00:00Z,"CORE",2014-05-01T20:00:00Z,Buy,76.5,78.78,4,9.12,12.36872232865,-26,16.16,36.24,1,"	1708,1748" 
2014-03-03T21:00:00Z,"DAL",2014-05-01T20:00:00Z,Buy,32.59,37.12,11,49.83,6.1592595299158,-9.46,49.83,44.22,1,"	1709,1749" 
2014-03-03T21:00:00Z,"PPC",2014-05-01T20:00:00Z,Buy,17.18,22.05,19,92.53,1.5412797439902,-32.68,101.27,22.04,1,"	1721,1751" 
2014-03-03T21:00:00Z,"STMP",2014-05-01T20:00:00Z,Buy,35.55,29.12,13,-83.59,1.3133711754488,-83.59,89.83,104,0,"	1724,1754" 
2014-03-03T21:00:00Z,"IDT",2014-06-02T20:00:00Z,Buy,18.24,16.64,21,-33.6,0.55334818941504,-91.98,92.82,79.38,0,"	1714,1765" 
2014-03-03T21:00:00Z,"IPAR",2014-06-02T20:00:00Z,Buy,32.8,29.27,15,-52.95,1.4322606723612,-120,78.3,119.7,0,"	1715,1766" 
2014-03-03T21:00:00Z,"LHCG",2014-06-02T20:00:00Z,Buy,23.42,20.38,13,-39.52,1.18505312438,-53.56,39.91,39.65,0,"	1716,1767" 
2014-03-03T21:00:00Z,"PLUS",2014-06-02T20:00:00Z,Buy,57.05,56.56,4,-1.96,0.97431248018379,-33.92,26.2,44.44,0,"	1718,1768" 
2014-03-03T21:00:00Z,"TSN",2014-06-02T20:00:00Z,Buy,38.81,43.4,18,82.62,3.2267294065239,-10.08,93.6,103.68,1,"	1725,1771" 
2014-03-03T21:00:00Z,"CORE",2014-07-01T20:00:00Z,Buy,38.25,46.92,8,69.36,0.52056541748849,-26,69.36,36.24,1,"	1708,1787" 
2014-03-03T21:00:00Z,"CORE",2014-08-01T20:00:00Z,Buy,38.25,46.94,13,112.97,1.3885170584689,-42.25,117,58.89,1,"	1708,1799" 
2014-03-03T21:00:00Z,"TTWO",2014-08-01T20:00:00Z,Buy,20,22.39,9,21.51,1.7449989607838,-10.71,31.59,31.05,1,"	1726,1805" 
2014-03-03T21:00:00Z,"PRFT",2014-09-02T20:00:00Z,Buy,20.08,17.59,93,-231.57,9.6171976285049,-324.57,75.33,399.9,0,"	1722,1819" 
2014-03-03T21:00:00Z,"CORE",2014-10-01T20:00:00Z,Buy,38.25,51.69,14,188.16,0.53410916289593,-45.5,228.48,63.42,1,"	1708,1840" 
2014-03-03T21:00:00Z,"LZB",2014-10-01T20:00:00Z,Buy,25.37,19.45,16,-94.72,1.6064946083781,-229.44,90.56,140.96,0,"	1717,1841" 
2014-03-03T21:00:00Z,"RGR",2014-10-01T20:00:00Z,Buy,63.6,47.4,6,-97.2,1.7934378301191,-105.06,128.04,132.9,0,"	1723,1844" 
2014-03-03T21:00:00Z,"OSTK",2014-11-03T21:00:00Z,Buy,19.54,23.59,12,48.6,0.52980172852059,-66.96,48.6,97.92,1,"	1720,1861" 
2014-03-03T21:00:00Z,"TTWO",2014-11-03T21:00:00Z,Buy,20,25.83,19,110.77,1.2525033501125,-22.61,122.55,65.93,1,"	1726,1867" 
2014-03-03T21:00:00Z,"CORE",2014-12-01T21:00:00Z,Buy,38.25,58.64,7,142.73,0.51707203460323,-22.75,163.8,32.2,1,"	1708,1886" 
2014-03-03T21:00:00Z,"DAL",2014-12-01T21:00:00Z,Buy,32.59,45.62,11,143.33,1.411117848611,-18.59,154.99,124.63,1,"	1709,1887" 
2014-03-03T21:00:00Z,"CORE",2015-02-02T21:00:00Z,Buy,38.25,67.5,6,175.5,1.3687014080772,-19.5,186.3,27.6,1,"	1708,1918" 
2014-03-03T21:00:00Z,"TSN",2015-02-02T21:00:00Z,Buy,38.81,39.57,59,44.84,0.66977394979508,-215.94,306.8,522.74,1,"	1725,1923" 
2014-03-03T21:00:00Z,"TTWO",2015-03-02T21:00:00Z,Buy,20,26.06,80,484.8,2.9679785557421,-95.2,840,355.2,1,"	1726,1948" 
2014-03-03T21:00:00Z,"DAL",2015-04-01T20:00:00Z,Buy,32.59,43.26,46,490.82,0.6226790480427,-77.74,834.44,521.18,1,"	1709,1959" 
2014-03-03T21:00:00Z,"CORE",2015-06-01T20:00:00Z,Buy,38.25,54.34,5,80.45,0.51264662074102,-16.25,165.55,93.75,1,"	1708,2007" 
2014-03-03T21:00:00Z,"CORE",2015-11-02T21:00:00Z,Buy,38.25,80.58,14,592.62,4.0618753959208,-45.5,602.56,262.5,1,"	1708,2102" 
2014-03-03T21:00:00Z,"ABFS",2015-12-01T21:00:00Z,Buy,32.82,24.33,10,-84.9,1.6093651742455,-87.4,145.1,232.5,0,"	1706,2120" 
2014-03-03T21:00:00Z,"DECK",2015-12-01T21:00:00Z,Buy,72.87,48.91,3,-71.88,1.6545433216845,-94.02,134.31,159.27,0,"	1710,2123" 
2014-04-01T20:00:00Z,"BAH",2014-05-01T20:00:00Z,Buy,22.32,23.18,10,8.6,1.3901825539076,-9.3,9.1,14.5,1,"	1738,1747" 
2014-04-01T20:00:00Z,"MYGN",2014-05-01T20:00:00Z,Buy,35.15,39.97,9,43.38,1.129254200626,0,63.54,27.18,1,"	1743,1750" 
2014-04-01T20:00:00Z,"BAH",2014-06-02T20:00:00Z,Buy,22.32,22.09,20,-4.6,1.1392612067493,-18.6,53.6,58.2,0,"	1738,1764" 
2014-04-01T20:00:00Z,"LHCG",2014-06-02T20:00:00Z,Buy,22.3,20.38,18,-34.56,2.3240174434599,-54,75.42,34.74,0,"	1742,1767" 
2014-04-01T20:00:00Z,"FF",2014-09-02T20:00:00Z,Buy,21.05,14,93,-655.65,1.5101272577997,-685.41,36.27,721.68,0,"	1740,1817" 
2014-04-01T20:00:00Z,"BAH",2014-10-01T20:00:00Z,Buy,22.32,23.79,9,13.23,0.522875,-13.5,24.12,37.62,1,"	1738,1838" 
2014-04-01T20:00:00Z,"RGR",2014-10-01T20:00:00Z,Buy,63.23,47.4,6,-94.98,0.51586036789298,-102.84,130.26,132.9,0,"	1744,1844" 
2014-04-01T20:00:00Z,"ENS",2014-11-03T21:00:00Z,Buy,69.99,62.46,3,-22.59,0.50757467532468,-114.66,11.64,59.94,0,"	1739,1857" 
2014-04-01T20:00:00Z,"ANK",2015-02-02T21:00:00Z,Buy,66.6,67.42,5,4.1,0.51262894417476,-67.3,32.8,66.65,1,"	1737,1917" 
2014-04-01T20:00:00Z,"BAH",2015-04-01T20:00:00Z,Buy,22.32,29.08,7,47.32,0.51758465791292,-10.5,57.05,29.26,1,"	1738,1958" 
2014-04-01T20:00:00Z,"MYGN",2015-05-01T20:00:00Z,Buy,35.15,34.18,33,-32.01,4.7560154109511,-103.62,232.98,336.6,0,"	1743,1985" 
2014-04-01T20:00:00Z,"SMP",2015-05-01T20:00:00Z,Buy,37.25,36.25,6,-6,0.51562063181437,-150.66,49.2,74.4,0,"	1745,1989" 
2014-04-01T20:00:00Z,"BAH",2015-06-01T20:00:00Z,Buy,22.32,25.59,14,45.78,0.53533136094675,-21,114.1,84.28,1,"	1738,2005" 
2014-04-01T20:00:00Z,"BAH",2015-08-03T20:00:00Z,Buy,22.32,27.21,14,68.46,0.53434367111432,-21,114.1,84.28,1,"	1738,2047" 
2014-04-01T20:00:00Z,"BAH",2015-11-02T21:00:00Z,Buy,22.32,29.75,70,520.1,5.0837439146268,-105,570.5,421.4,1,"	1738,2100" 
2014-05-01T20:00:00Z,"IDT",2014-06-02T20:00:00Z,Buy,15.83,16.64,21,17.01,1.3212350468821,-41.37,143.43,11.97,1,"	1756,1765" 
2014-05-01T20:00:00Z,"LHCG",2014-06-02T20:00:00Z,Buy,20.82,20.38,16,-7.04,1.4450676246122,-24.32,90.72,10.88,0,"	1759,1767" 
2014-05-01T20:00:00Z,"PLUS",2014-06-02T20:00:00Z,Buy,50.75,56.56,4,23.24,0.51014188649081,-8.72,51.4,10.88,1,"	1760,1768" 
2014-05-01T20:00:00Z,"OSK",2014-09-02T20:00:00Z,Buy,54.94,49.6,7,-37.38,0.51732030264817,-70.14,35.49,82.04,0,"	1762,1818" 
2014-05-01T20:00:00Z,"ICFI",2014-11-03T21:00:00Z,Buy,38.42,36.26,8,-17.28,1.2680595563182,-63.92,23.04,64.72,0,"	1755,1859" 
2014-05-01T20:00:00Z,"KWR",2014-11-03T21:00:00Z,Buy,77.11,83.27,3,18.48,0.50777005239823,-67.53,18.48,28.92,1,"	1758,1860" 
2014-05-01T20:00:00Z,"OSTK",2014-11-03T21:00:00Z,Buy,15.33,23.59,19,156.94,0.54545411985019,-26.03,156.94,59.85,1,"	1761,1861" 
2014-05-01T20:00:00Z,"KFY",2015-01-02T21:00:00Z,Buy,28.8,28.26,7,-3.78,1.4287149600276,-32.13,26.32,58.45,0,"	1757,1907" 
2014-05-01T20:00:00Z,"VMW",2015-03-02T21:00:00Z,Buy,92.05,86.59,23,-125.58,1.1437328342291,-390.77,266.57,657.34,0,"	1763,1949" 
2014-05-01T20:00:00Z,"KFY",2015-04-01T20:00:00Z,Buy,28.8,33.01,11,46.31,1.8950054245608,-50.49,46.31,91.85,1,"	1757,1964" 
2014-05-01T20:00:00Z,"KFY",2015-07-01T20:00:00Z,Buy,28.8,35.1,7,44.1,0.94209639373187,-32.13,50.26,58.45,1,"	1757,2029" 
2014-05-01T20:00:00Z,"KFY",2015-10-01T20:00:00Z,Buy,28.8,32.79,8,31.92,0.51983066223163,-36.72,57.44,66.8,1,"	1757,2089" 
2014-06-02T20:00:00Z,"DXPE",2014-07-01T20:00:00Z,Buy,70.44,77.08,15,99.6,10.191116214383,-54.45,99.6,54.45,1,"	1774,1788" 
2014-06-02T20:00:00Z,"PPC",2014-07-01T20:00:00Z,Buy,25.92,27.69,12,21.24,1.3041573915056,-18.12,21.24,25.68,1,"	1785,1790" 
2014-06-02T20:00:00Z,"MOD",2014-08-01T20:00:00Z,Buy,14.94,13.25,127,-214.63,5.5665598767559,-214.63,135.89,350.52,0,"	1781,1801" 
2014-06-02T20:00:00Z,"NUS",2014-08-01T20:00:00Z,Buy,73.62,59.03,5,-72.95,0.51246275731311,-74.65,75.2,90.6,0,"	1783,1802" 
2014-06-02T20:00:00Z,"OSK",2014-09-02T20:00:00Z,Buy,54.04,49.6,6,-26.64,0.51499722479186,-54.72,35.82,70.32,0,"	1784,1818" 
2014-06-02T20:00:00Z,"PPC",2014-10-01T20:00:00Z,Buy,25.92,30.25,8,34.64,0.90339008281057,-12.08,50.8,30,1,"	1785,1843" 
2014-06-02T20:00:00Z,"ICFI",2014-11-03T21:00:00Z,Buy,37.15,36.26,6,-5.34,0.93094195608369,-40.32,24.9,48.3,0,"	1780,1859" 
2014-06-02T20:00:00Z,"PPC",2014-11-03T21:00:00Z,Buy,25.92,28.9,13,38.74,4.3049260021644,-19.63,87.88,88.01,1,"	1785,1862" 
2014-06-02T20:00:00Z,"FSLR",2014-12-01T21:00:00Z,Buy,62.7,45.76,6,-101.64,1.3839449581168,-157.38,66.9,162.12,0,"	1775,1890" 
2014-06-02T20:00:00Z,"PPC",2015-01-02T21:00:00Z,Buy,25.92,31.66,7,40.18,0.51689691979262,-10.57,81.69,47.39,1,"	1785,1909" 
2014-06-02T20:00:00Z,"ANK",2015-02-02T21:00:00Z,Buy,54.51,67.42,7,90.37,0.51708930490863,-9.59,130.55,77.56,1,"	1772,1917" 
2014-06-02T20:00:00Z,"HURN",2015-02-02T21:00:00Z,Buy,67.97,75.13,32,229.12,16.018660667368,-240.96,317.44,347.2,1,"	1779,1920" 
2014-06-02T20:00:00Z,"HVT",2015-04-01T20:00:00Z,Buy,24.97,24.05,10,-9.2,0.62601176066341,-87,63.7,66.9,0,"	1778,1962" 
2014-06-02T20:00:00Z,"MYGN",2015-05-01T20:00:00Z,Buy,33.62,34.18,10,5.6,1.8545758823436,-16.1,85.9,84,1,"	1782,1985" 
2014-06-02T20:00:00Z,"PPC",2015-05-01T20:00:00Z,Buy,25.92,25.44,51,-24.48,5.4508639233541,-169.83,595.17,765,0,"	1785,1986" 
2014-06-02T20:00:00Z,"DECK",2015-12-01T21:00:00Z,Buy,78.43,48.91,4,-118.08,0.51014749644197,-147.6,156.84,212.36,0,"	1773,2123" 
2014-07-01T20:00:00Z,"RGR",2014-10-01T20:00:00Z,Buy,59.46,47.4,7,-84.42,0.98506947783365,-93.59,178.36,96.67,0,"	1797,1844" 
2014-07-01T20:00:00Z,"ICFI",2014-11-03T21:00:00Z,Buy,35.93,36.26,6,1.98,0.51524179864253,-33,32.22,34.44,1,"	1794,1859" 
2014-07-01T20:00:00Z,"OSTK",2014-11-03T21:00:00Z,Buy,16.42,23.59,13,93.21,0.75310172824746,-31.98,93.21,40.95,1,"	1795,1861" 
2014-07-01T20:00:00Z,"PSX",2014-11-03T21:00:00Z,Buy,80.6,76.68,5,-19.6,1.1224426913936,-63.55,34.55,98.1,0,"	1796,1863" 
2014-07-01T20:00:00Z,"PSX",2014-12-01T21:00:00Z,Buy,80.6,71.83,3,-26.31,0.50737474332649,-38.13,20.73,58.86,0,"	1796,1895" 
2014-07-01T20:00:00Z,"PSX",2015-02-02T21:00:00Z,Buy,80.6,72.8,4,-31.2,0.51036003984631,-86.04,27.64,113.68,0,"	1796,1922" 
2014-07-01T20:00:00Z,"PSX",2015-05-01T20:00:00Z,Buy,80.6,81.61,32,32.32,5.0857586429563,-688.32,221.12,909.44,1,"	1796,1987" 
2014-08-01T20:00:00Z,"FF",2014-09-02T20:00:00Z,Buy,15.7,14,14,-23.8,1.0768189099339,-28.28,80.36,34.44,0,"	1809,1817" 
2014-08-01T20:00:00Z,"PRFT",2014-09-02T20:00:00Z,Buy,16.86,17.59,14,10.22,0.53473219540906,-3.78,56.42,6.16,1,"	1813,1819" 
2014-08-01T20:00:00Z,"CALM",2014-10-01T20:00:00Z,Buy,69.97,87.8,8,142.64,7.1249370863088,0,171.04,47.04,1,"	1807,1839" 
2014-08-01T20:00:00Z,"MU",2014-10-01T20:00:00Z,Buy,31.09,33.5,9,21.69,5.8768697279093,-12.69,30.69,29.52,1,"	1812,1842" 
2014-08-01T20:00:00Z,"ENS",2014-11-03T21:00:00Z,Buy,63.54,62.46,6,-6.48,0.51502601292764,-190.62,61.98,74.88,0,"	1808,1857" 
2014-08-01T20:00:00Z,"KWR",2014-11-03T21:00:00Z,Buy,71.04,83.27,5,61.15,0.51257612236227,-82.2,61.15,48.2,1,"	1811,1860" 
2014-08-01T20:00:00Z,"SYNA",2014-11-03T21:00:00Z,Buy,78.11,65.72,4,-49.56,0.51081406617749,-117.92,58.28,95.16,0,"	1814,1865" 
2014-08-01T20:00:00Z,"CALM",2015-01-02T21:00:00Z,Buy,34.985,38.65,6,21.99,1.4384928631378,0,77.97,60.42,1,"	1807,1905" 
2014-08-01T20:00:00Z,"MU",2015-01-02T21:00:00Z,Buy,31.09,34.75,52,190.32,0.62903456155384,-211.12,280.8,388.44,1,"	1812,1908" 
2014-08-01T20:00:00Z,"HURN",2015-02-02T21:00:00Z,Buy,60.45,75.13,5,73.4,0.51250206816678,-0.05,87.2,31.8,1,"	1810,1920" 
2014-08-01T20:00:00Z,"CALM",2015-05-01T20:00:00Z,Buy,34.985,45.5,10,105.15,1.3510142116648,-0.45,129.95,130.4,1,"	1807,1982" 
2014-08-01T20:00:00Z,"CALM",2015-06-01T20:00:00Z,Buy,34.985,57.29,18,401.49,0.54547627447522,-0.81,447.75,234.72,1,"	1807,2006" 
2014-08-01T20:00:00Z,"CALM",2015-10-01T20:00:00Z,Buy,34.985,56.47,20,429.7,8.1808737473955,-0.9,497.5,260.8,1,"	1807,2087" 
2014-09-02T20:00:00Z,"RGR",2014-10-01T20:00:00Z,Buy,51.09,47.4,4,-14.76,0.66692140086213,-20,135.4,25.52,0,"	1831,1844" 
2014-09-02T20:00:00Z,"ICFI",2014-11-03T21:00:00Z,Buy,33.87,36.26,13,31.07,0.53258658969805,-44.72,96.59,44.72,1,"	1828,1859" 
2014-09-02T20:00:00Z,"DDS",2014-12-01T21:00:00Z,Buy,113.29,116.64,5,16.75,5.04708487035,-64.15,38.75,79.75,1,"	1825,1888" 
2014-09-02T20:00:00Z,"ANK",2015-02-02T21:00:00Z,Buy,58.65,67.42,5,43.85,0.51250213165075,-27.55,72.55,55.4,1,"	1823,1917" 
2014-09-02T20:00:00Z,"HURN",2015-02-02T21:00:00Z,Buy,60.58,75.13,4,58.2,0.51001653439153,-0.56,69.24,25.44,1,"	1827,1920" 
2014-09-02T20:00:00Z,"LSCC",2015-02-02T21:00:00Z,Buy,7.48,7.07,33,-13.53,4.4409117946164,-47.19,6.6,53.79,0,"	1830,1921" 
2014-09-02T20:00:00Z,"TSN",2015-02-02T21:00:00Z,Buy,38.37,39.57,8,9.6,0.99163229260813,-25.76,45.12,36.64,1,"	1834,1923" 
2014-09-02T20:00:00Z,"VMW",2015-03-02T21:00:00Z,Buy,98.98,86.59,3,-37.17,0.90206985484779,-71.76,13.98,71.76,0,"	1835,1949" 
2014-09-02T20:00:00Z,"GPRE",2015-04-01T20:00:00Z,Buy,44.68,29.69,43,-644.57,7.204385465839,-1039.74,46.01,1085.75,0,"	1826,1961" 
2014-09-02T20:00:00Z,"LSCC",2015-05-01T20:00:00Z,Buy,7.48,6.12,221,-300.56,6.4020646581373,-342.55,44.2,386.75,0,"	1830,1984" 
2014-09-02T20:00:00Z,"SMP",2015-05-01T20:00:00Z,Buy,37.66,36.25,8,-11.28,0.82886354189263,-204.16,62.32,52.56,0,"	1833,1989" 
2014-09-02T20:00:00Z,"WDC",2015-08-03T20:00:00Z,Buy,102,85.85,3,-48.45,0.50742646345015,-205.71,36.84,113.37,0,"	1836,2052" 
2014-09-02T20:00:00Z,"RSC",2015-09-01T20:00:00Z,Buy,106.48,50.24,12,-674.88,7.6323473103641,-751.56,10.32,761.88,0,"	1832,2069" 
2014-09-02T20:00:00Z,"BAH",2015-11-02T21:00:00Z,Buy,22.69,29.75,14,98.84,1.102061931566,-26.18,108.92,84.28,1,"	1824,2100" 
2014-09-02T20:00:00Z,"DDS",2015-12-01T21:00:00Z,Buy,113.29,74.93,6,-230.16,2.3567167091381,-244.62,173.58,418.2,0,"	1825,2122" 
2014-10-01T20:00:00Z,"ENS",2014-11-03T21:00:00Z,Buy,56.08,62.46,4,25.52,0.50956343792633,-97.24,71.16,21.68,1,"	1847,1857" 
2014-10-01T20:00:00Z,"ICFI",2014-11-03T21:00:00Z,Buy,30.43,36.26,9,52.47,0.52223692757389,0,97.83,5.49,1,"	1851,1859" 
2014-10-01T20:00:00Z,"EGY",2014-12-01T21:00:00Z,Buy,8.6,5.94,143,-380.38,7.4298878061299,-410.41,11.44,421.85,0,"	1846,1889" 
2014-10-01T20:00:00Z,"DV",2015-03-02T21:00:00Z,Buy,43.54,36.94,10,-66,5.5446256460961,-73,56.4,129.4,0,"	1845,1942" 
2014-10-01T20:00:00Z,"HVT",2015-04-01T20:00:00Z,Buy,21.14,24.05,17,49.47,0.76126880677398,-82.79,173.4,48.11,1,"	1850,1962" 
2014-10-01T20:00:00Z,"DV",2015-05-01T20:00:00Z,Buy,43.54,30.04,10,-135,1.9342907500795,-135,56.4,191.4,0,"	1845,1983" 
2014-10-01T20:00:00Z,"SMP",2015-05-01T20:00:00Z,Buy,34.12,36.25,7,14.91,0.67078998835535,-153.86,79.31,45.99,1,"	1854,1989" 
2014-10-01T20:00:00Z,"DV",2015-06-01T20:00:00Z,Buy,43.54,32.32,38,-426.36,5.0315741259477,-513,214.32,727.32,0,"	1845,2008" 
2014-10-01T20:00:00Z,"RSC",2015-09-01T20:00:00Z,Buy,69.94,50.24,4,-78.8,0.50959659714599,-104.36,149.6,116,0,"	1853,2069" 
2014-11-03T21:00:00Z,"FSLR",2014-12-01T21:00:00Z,Buy,58.31,45.76,7,-87.85,1.8613017920058,-152.88,108.78,87.85,0,"	1872,1890" 
2014-11-03T21:00:00Z,"INTC",2014-12-01T21:00:00Z,Buy,34.31,37.17,8,22.88,9.3786386677857,-8.4,23.52,10.24,1,"	1877,1893" 
2014-11-03T21:00:00Z,"MED",2014-12-01T21:00:00Z,Buy,31.98,29.62,9,-21.24,2.8883682167222,-23.31,7.47,30.78,0,"	1879,1894" 
2014-11-03T21:00:00Z,"MED",2015-03-02T21:00:00Z,Buy,31.98,32.35,68,25.16,4.1051618949456,-176.12,123.08,232.56,1,"	1879,1944" 
2014-11-03T21:00:00Z,"VMW",2015-03-02T21:00:00Z,Buy,84.27,86.59,8,18.56,1.3824920115313,-73.68,154.96,105.84,1,"	1884,1949" 
2014-11-03T21:00:00Z,"EW",2015-04-01T20:00:00Z,Buy,119.93,140.7,4,83.08,4.2310840700448,-0.56,116.08,39.76,1,"	1871,1960" 
2014-11-03T21:00:00Z,"GPRE",2015-04-01T20:00:00Z,Buy,34.58,29.69,7,-34.23,0.51769444444444,-98.56,78.19,102.76,0,"	1875,1961" 
2014-11-03T21:00:00Z,"HVT",2015-04-01T20:00:00Z,Buy,21.77,24.05,13,29.64,0.53214561562926,-71.5,124.41,36.79,1,"	1876,1962" 
2014-11-03T21:00:00Z,"MEI",2015-04-01T20:00:00Z,Buy,40.18,46.99,5,34.05,1.1145182015004,-36,34.3,46.15,1,"	1880,1965" 
2014-11-03T21:00:00Z,"LSCC",2015-05-01T20:00:00Z,Buy,6.59,6.12,58,-27.26,0.64240685543964,-38.28,63.22,82.94,0,"	1878,1984" 
2014-11-03T21:00:00Z,"MYGN",2015-05-01T20:00:00Z,Buy,39.48,34.18,6,-31.8,0.51499620157002,-44.82,16.38,44.82,0,"	1881,1985" 
2014-11-03T21:00:00Z,"SKX",2015-05-01T20:00:00Z,Buy,55.51,91.67,13,470.08,1.116777712152,-20.28,470.08,96.98,1,"	1882,1988" 
2014-11-03T21:00:00Z,"EW",2015-08-03T20:00:00Z,Buy,119.93,151.09,2,62.32,1.2220952938206,-0.28,73.58,50.18,1,"	1871,2048" 
2014-11-03T21:00:00Z,"SKX",2015-08-03T20:00:00Z,Buy,55.51,148.65,9,838.26,0.52223080757727,-14.04,854.46,67.14,1,"	1882,2051" 
2014-11-03T21:00:00Z,"INTC",2015-10-01T20:00:00Z,Buy,34.31,30,81,-349.11,0.78616456536165,-683.64,272.16,955.8,0,"	1877,2088" 
2014-11-03T21:00:00Z,"MEI",2015-10-01T20:00:00Z,Buy,40.18,31.99,10,-81.9,0.52507053291536,-162.1,84.3,246.4,0,"	1880,2090" 
2014-11-03T21:00:00Z,"EW",2015-11-02T21:00:00Z,Buy,119.93,157.51,2,75.16,1.2787899941611,-0.28,75.16,50.18,1,"	1871,2103" 
2014-12-01T21:00:00Z,"HURN",2015-02-02T21:00:00Z,Buy,69.46,75.13,4,22.68,0.51004337767496,-36.08,33.72,25.44,1,"	1898,1920" 
2014-12-01T21:00:00Z,"TSRA",2015-02-02T21:00:00Z,Buy,34.41,37.35,7,20.58,2.0031099535994,-9.87,27.58,26.88,1,"	1903,1924" 
2014-12-01T21:00:00Z,"ARLP",2015-05-01T20:00:00Z,Buy,43.33,34.2,57,-520.41,9.6720206891663,-643.53,114.57,758.1,0,"	1897,1981" 
2014-12-01T21:00:00Z,"MYGN",2015-05-01T20:00:00Z,Buy,33.01,34.18,7,8.19,0.51722860125261,-7,64.4,48.02,1,"	1900,1985" 
2014-12-01T21:00:00Z,"SMP",2015-05-01T20:00:00Z,Buy,38.17,36.25,6,-11.52,0.73365564245283,-156.18,43.68,39.42,0,"	1902,1989" 
2014-12-01T21:00:00Z,"RSC",2015-09-01T20:00:00Z,Buy,62.78,50.24,6,-75.24,0.51488383119962,-113.58,267.36,138.96,0,"	1901,2069" 
2014-12-01T21:00:00Z,"USNA",2015-09-01T20:00:00Z,Buy,104.37,141.49,2,74.24,0.82860414279129,-146.9,143.5,69.86,1,"	1904,2071" 
2014-12-01T21:00:00Z,"TSRA",2015-10-01T20:00:00Z,Buy,34.41,32.01,8,-19.2,0.51975316260413,-22.72,73.04,95.76,0,"	1903,2094" 
2015-01-02T21:00:00Z,"DV",2015-06-01T20:00:00Z,Buy,44.28,32.32,7,-83.72,0.51632399410154,-99.68,34.3,106.54,0,"	1912,2008" 
2015-01-02T21:00:00Z,"INTC",2015-10-01T20:00:00Z,Buy,36.36,30,6,-38.16,0.58845815464438,-62.94,7.86,66.24,0,"	1913,2088" 
2015-01-02T21:00:00Z,"DECK",2015-12-01T21:00:00Z,Buy,89.7,48.91,3,-122.37,1.0815628513061,-144.51,83.82,143.4,0,"	1911,2123" 
2015-02-02T21:00:00Z,"GPRE",2015-04-01T20:00:00Z,Buy,25.19,29.69,10,45,1.3699056653028,-46.9,205.6,36.7,1,"	1931,1961" 
2015-02-02T21:00:00Z,"ARLP",2015-05-01T20:00:00Z,Buy,37.35,34.2,7,-22.05,0.51642686604675,-37.17,55.93,58.59,0,"	1926,1981" 
2015-02-02T21:00:00Z,"SMP",2015-05-01T20:00:00Z,Buy,37.5,36.25,7,-8.75,0.51799917718047,-177.52,55.65,45.99,0,"	1937,1989" 
2015-02-02T21:00:00Z,"ZUMZ",2015-07-01T20:00:00Z,Buy,38.33,26.93,16,-182.4,9.3503854957348,-235.52,30.72,266.24,0,"	1940,2032" 
2015-02-02T21:00:00Z,"RSC",2015-09-01T20:00:00Z,Buy,59.57,50.24,5,-46.65,0.51341424968474,-78.6,238.85,115.8,0,"	1935,2069" 
2015-02-02T21:00:00Z,"CALM",2015-10-01T20:00:00Z,Buy,35.09,56.47,9,192.42,0.52252567760342,-1.35,222.93,111.24,1,"	1928,2087" 
2015-02-02T21:00:00Z,"INTC",2015-10-01T20:00:00Z,Buy,33.65,30,9,-32.85,0.78529815139205,-70.02,36.18,79.83,0,"	1932,2088" 
2015-02-02T21:00:00Z,"CTR",2015-11-02T21:00:00Z,Buy,42.54,38.36,6.5000247499876,-27.17,5.8045271979996,-176.93,13.46,76.7,0,"	1927,2101" 
2015-02-02T21:00:00Z,"ABFS",2015-12-01T21:00:00Z,Buy,38.74,24.33,12,-172.92,2.1303214037681,-175.92,103.08,232.56,0,"	1925,2120" 
2015-02-02T21:00:00Z,"ZUMZ",2015-12-01T21:00:00Z,Buy,38.33,14.94,42,-982.38,0.69058648111332,-1008.84,80.64,1089.48,0,"	1940,2131" 
2015-03-02T21:00:00Z,"DAL",2015-04-01T20:00:00Z,Buy,45.39,43.26,5,-10.65,0.5127442722372,-72.45,26.7,20.75,0,"	1952,1959" 
2015-03-02T21:00:00Z,"HVT",2015-04-01T20:00:00Z,Buy,23.89,24.05,11,1.76,1.5774859966302,-83.82,81.95,11.33,1,"	1954,1962" 
2015-03-02T21:00:00Z,"IDT",2015-04-01T20:00:00Z,Buy,21.85,18.98,21,-60.27,11.046770814444,-116.55,0,116.55,0,"	1955,1963" 
2015-03-02T21:00:00Z,"PPC",2015-05-01T20:00:00Z,Buy,28.35,25.44,11,-32.01,0.52842234779439,-63.36,101.64,66.22,0,"	1957,1986" 
2015-03-02T21:00:00Z,"KLIC",2015-06-01T20:00:00Z,Buy,16.33,13.13,26,-83.2,5.8275142046604,-91.26,0,91.26,0,"	1956,2009" 
2015-03-02T21:00:00Z,"CRMT",2015-07-01T20:00:00Z,Buy,53.9,50.02,46,-178.48,12.264173103108,-2143.6,142.6,353.28,0,"	1951,2026" 
2015-03-02T21:00:00Z,"IDT",2015-09-01T20:00:00Z,Buy,21.85,15.05,99,-673.2,4.304706476339,-673.2,0,673.2,0,"	1955,2066" 
2015-03-02T21:00:00Z,"KLIC",2015-09-01T20:00:00Z,Buy,16.33,10.59,150,-861,1.2718039772727,-949.5,0,949.5,0,"	1956,2067" 
2015-03-02T21:00:00Z,"BAH",2015-11-02T21:00:00Z,Buy,30.33,29.75,10,-5.8,0.52547883064516,-95.1,1.4,58.8,0,"	1950,2100" 
2015-04-01T20:00:00Z,"ARLP",2015-05-01T20:00:00Z,Buy,32.99,34.2,10,12.1,0.52467095423273,-9.5,123.5,13.9,1,"	1968,1981" 
2015-04-01T20:00:00Z,"LSCC",2015-05-01T20:00:00Z,Buy,6.28,6.12,72,-11.52,0.67829652996845,-25.2,100.8,41.76,0,"	1974,1984" 
2015-04-01T20:00:00Z,"MYGN",2015-05-01T20:00:00Z,Buy,34.77,34.18,8,-4.72,0.51964406779661,-22.08,59.52,26.64,0,"	1975,1985" 
2015-04-01T20:00:00Z,"PPC",2015-05-01T20:00:00Z,Buy,23.76,25.44,15,25.2,0.5394422310757,-17.55,207.45,24,1,"	1976,1986" 
2015-04-01T20:00:00Z,"VDSI",2015-05-01T20:00:00Z,Buy,21.73,25.43,10,37,6.9503204751723,-2.8,48.2,19.7,1,"	1979,1990" 
2015-04-01T20:00:00Z,"DV",2015-06-01T20:00:00Z,Buy,34,32.32,10,-16.8,0.52547961630695,-39.6,151.8,75.3,0,"	1972,2008" 
2015-04-01T20:00:00Z,"UEPS",2015-07-01T20:00:00Z,Buy,13.5,18.68,60,310.8,11.20758374495,-70.8,354.6,81,1,"	1978,2030" 
2015-04-01T20:00:00Z,"WDC",2015-08-03T20:00:00Z,Buy,92.35,85.85,6,-39,0.51522085485112,-353.52,131.58,150.54,0,"	1980,2052" 
2015-04-01T20:00:00Z,"BBY",2015-09-01T20:00:00Z,Buy,37.21,35.45,24,-42.24,3.7297906253004,-190.56,36,226.56,0,"	1969,2065" 
2015-04-01T20:00:00Z,"KLIC",2015-09-01T20:00:00Z,Buy,15.67,10.59,21,-106.68,0.55263435700576,-119.07,13.86,125.37,0,"	1973,2067" 
2015-04-01T20:00:00Z,"VDSI",2015-11-02T21:00:00Z,Buy,21.73,19.32,49,-118.09,9.8951058200859,-316.05,632.1,948.15,0,"	1979,2106" 
2015-04-01T20:00:00Z,"ABFS",2015-12-01T21:00:00Z,Buy,38.26,24.33,6,-83.58,0.68364835934125,-85.08,54.42,91.74,0,"	1967,2120" 
2015-04-01T20:00:00Z,"DECK",2015-12-01T21:00:00Z,Buy,73.76,48.91,5,-124.25,1.1004357027151,-161.15,219.4,151.4,0,"	1971,2123" 
2015-05-01T20:00:00Z,"KSS",2015-06-01T20:00:00Z,Buy,73.09,64.67,8,-67.36,9.3720796671905,-67.84,11.52,79.36,0,"	1997,2010" 
2015-05-01T20:00:00Z,"PLCE",2015-06-01T20:00:00Z,Buy,62.14,65.92,5,18.9,1.8588946700854,0,34.35,18.05,1,"	2000,2011" 
2015-05-01T20:00:00Z,"STMP",2015-06-01T20:00:00Z,Buy,62.01,68.56,5,32.75,1.6346291863765,-6.7,55.2,28.8,1,"	2003,2012" 
2015-05-01T20:00:00Z,"AMWD",2015-08-03T20:00:00Z,Buy,52.24,64.66,10,124.2,6.5236604616442,-36.4,135.2,40.7,1,"	1992,2046" 
2015-05-01T20:00:00Z,"AMWD",2015-09-01T20:00:00Z,Buy,52.24,64.83,9,113.31,6.041047641279,-32.76,140.04,60.93,1,"	1992,2064" 
2015-05-01T20:00:00Z,"KLIC",2015-09-01T20:00:00Z,Buy,15.61,10.59,16,-80.32,0.75875082900066,-89.76,11.52,89.76,0,"	1996,2067" 
2015-05-01T20:00:00Z,"STMP",2015-09-01T20:00:00Z,Buy,62.01,79.54,10,175.3,8.5592793319875,-13.4,262.4,113.6,1,"	2003,2070" 
2015-05-01T20:00:00Z,"SMCI",2015-10-01T20:00:00Z,Buy,29.28,26.61,59,-157.53,8.6690639952923,-297.36,349.87,647.23,0,"	2002,2093" 
2015-05-01T20:00:00Z,"AMWD",2015-12-01T21:00:00Z,Buy,52.24,84.96,10,327.2,0.52589928057554,-36.4,327.2,83.8,1,"	1992,2121" 
2015-05-01T20:00:00Z,"KSS",2015-12-01T21:00:00Z,Buy,73.09,47.22,9,-232.83,1.6260654888019,-272.16,12.96,285.12,0,"	1997,2125" 
2015-05-01T20:00:00Z,"PLUS",2015-12-01T21:00:00Z,Buy,85.54,87.54,8,16,6.960745150135,-99.76,131.92,121.92,1,"	1999,2126" 
2015-05-01T20:00:00Z,"SCVL",2015-12-01T21:00:00Z,Buy,26.16,21.78,80,-350.4,0.70038299502106,-1211.2,288.8,921.6,0,"	2001,2128" 
2015-05-01T20:00:00Z,"STMP",2015-12-01T21:00:00Z,Buy,62.01,101.32,10,393.1,7.6642642480687,-13.4,429.2,165.4,1,"	2003,2129" 
2015-05-01T20:00:00Z,"ZUMZ",2015-12-01T21:00:00Z,Buy,31.89,14.94,9,-152.55,0.52262771996216,-158.22,75.24,158.22,0,"	2004,2131" 
2015-06-01T20:00:00Z,"CRMT",2015-07-01T20:00:00Z,Buy,53.91,50.02,7.000017999991,-27.23,1.136363819816,-326.27,21.63,34.51,0,"	2016,2026" 
2015-06-01T20:00:00Z,"DECK",2015-12-01T21:00:00Z,Buy,68.35,48.91,4,-77.76,0.51002934702861,-107.28,197.16,119.36,0,"	2018,2123" 
2015-06-01T20:00:00Z,"ZUMZ",2015-12-01T21:00:00Z,Buy,29.45,14.94,14,-203.14,1.1887641633745,-211.96,151.2,218.26,0,"	2025,2131" 
2015-07-01T20:00:00Z,"MPC",2015-08-03T20:00:00Z,Buy,53.77,53.2,8,-4.56,24.893667467646,-4.56,40.08,44.64,0,"	2041,2050" 
2015-07-01T20:00:00Z,"WDC",2015-08-03T20:00:00Z,Buy,79.44,85.85,6,38.46,0.51519510328998,-276.06,209.04,26.28,1,"	2045,2052" 
2015-07-01T20:00:00Z,"KLIC",2015-09-01T20:00:00Z,Buy,11.75,10.59,40,-46.4,0.60034158838599,-70,183.2,73.2,0,"	2038,2067" 
2015-07-01T20:00:00Z,"LHCG",2015-09-01T20:00:00Z,Buy,37.53,44.25,11,73.92,4.5903121405073,-6.38,149.49,89.43,1,"	2040,2068" 
2015-07-01T20:00:00Z,"RSC",2015-09-01T20:00:00Z,Buy,63.02,50.24,4,-51.12,0.5099025769956,-76.68,177.28,85.68,0,"	2042,2069" 
2015-07-01T20:00:00Z,"CALM",2015-10-01T20:00:00Z,Buy,53.32,56.47,4,12.6,1.3471007506537,-73.52,26.16,37.56,1,"	2035,2087" 
2015-07-01T20:00:00Z,"INTC",2015-10-01T20:00:00Z,Buy,30.18,30,10,-1.8,0.52480276134122,-43.1,74.9,46.9,0,"	2037,2088" 
2015-07-01T20:00:00Z,"ABFS",2015-12-01T21:00:00Z,Buy,32.22,24.33,12,-94.68,1.1409259729239,-97.68,181.32,121.56,0,"	2033,2120" 
2015-07-01T20:00:00Z,"MPC",2015-12-01T21:00:00Z,Buy,53.77,59.34,4,22.28,0.51015921931176,-40,22.28,60.04,1,"	2041,2127" 
2015-08-03T20:00:00Z,"KLIC",2015-09-01T20:00:00Z,Buy,10.09,10.59,27,13.5,1.2878292934459,-2.43,168.48,15.66,1,"	2054,2067" 
2015-08-03T20:00:00Z,"RSC",2015-09-01T20:00:00Z,Buy,50.43,50.24,8,-1.52,0.51953137103021,-52.64,455.28,73.44,0,"	2056,2069" 
2015-08-03T20:00:00Z,"INTC",2015-10-01T20:00:00Z,Buy,29.05,30,9,8.55,0.78714758353475,-28.62,77.58,33.93,1,"	2053,2088" 
2015-08-03T20:00:00Z,"SMCI",2015-10-01T20:00:00Z,Buy,26.61,26.61,13,0,0.53242688413948,-30.81,111.8,47.71,0,"	2058,2093" 
2015-09-01T20:00:00Z,"NPK",2015-10-01T20:00:00Z,Buy,79.41,86.1,3,20.07,20.773041713607,0,25.62,11.07,1,"	2080,2091" 
2015-09-01T20:00:00Z,"BAH",2015-11-02T21:00:00Z,Buy,26.29,29.75,9,31.14,1.1676770891746,-49.23,37.62,14.31,1,"	2074,2100" 
2015-09-01T20:00:00Z,"VDSI",2015-11-02T21:00:00Z,Buy,15.69,19.32,23,83.49,2.9477896218941,-9.43,435.62,50.14,1,"	2085,2106" 
2015-09-01T20:00:00Z,"ABFS",2015-12-01T21:00:00Z,Buy,27.61,24.33,10,-32.8,1.246484291533,-35.3,197.2,53.9,0,"	2073,2120" 
2015-09-01T20:00:00Z,"DECK",2015-12-01T21:00:00Z,Buy,62.17,48.91,5.9999816399849,-79.56,0.51448283895015,-123.84,332.82,110.28,0,"	2076,2123" 
2015-09-01T20:00:00Z,"ZUMZ",2015-12-01T21:00:00Z,Buy,23.26,14.94,12,-99.84,1.5529386496931,-107.4,203.88,108.36,0,"	2086,2131" 
2015-10-01T20:00:00Z,"OTL",2015-11-02T21:00:00Z,Buy,47.99,55.22,8,57.84,7.9835621398469,0,58,23.28,1,"	2097,2104" 
2015-10-01T20:00:00Z,"SYKE",2015-11-02T21:00:00Z,Buy,25.38,28.48,13,40.3,5.0470105041209,0,58.37,18.07,1,"	2098,2105" 
2015-10-01T20:00:00Z,"SYKE",2015-12-01T21:00:00Z,Buy,25.38,31.83,18,116.1,1.9921610188058,0,116.1,27.72,1,"	2098,2130" 
2015-11-02T21:00:00Z,"SCVL",2015-12-01T21:00:00Z,Buy,22.63,21.78,20.500029249985,-17.43,2.1171589354411,-238.01,146.37,99.22,0,"	2115,2128" 
