Entry Time,Symbols,Exit Time,Direction,Entry Price,Exit Price,Quantity,P&L,Fees,MAE,MFE,Drawdown,IsWin,Order Ids
2003-02-03T21:00:00Z,"DTE",2003-04-01T21:00:00Z,Buy,42.45,39.04,7,-23.87,2.1451263324805,-26.46,0,26.46,0,"	8,63" 
2003-02-03T21:00:00Z,"EDEL",2003-04-01T21:00:00Z,Buy,11.79,10.36,24,-34.32,8.1084608806159,-44.16,0,44.16,0,"	11,64" 
2003-02-03T21:00:00Z,"RBIN",2003-04-01T21:00:00Z,Buy,9.31,9.7,30,11.7,3.6107717760473,-9.6,25.2,15.3,1,"	35,65" 
2003-02-03T21:00:00Z,"AAON",2003-05-01T20:00:00Z,Buy,16.18,13.73,13,-31.85,5.0276024619067,-48.1,4.81,52.91,0,"	1,69" 
2003-02-03T21:00:00Z,"BMI",2003-05-01T20:00:00Z,Buy,31.63,28.5,8,-25.04,4.0420622856647,-32.56,16.88,49.44,0,"	4,70" 
2003-02-03T21:00:00Z,"NEOG",2003-05-01T20:00:00Z,Buy,15.03,16.77,14,24.36,4.4958491100142,-43.4,24.36,49.28,1,"	28,71" 
2003-02-03T21:00:00Z,"OXM",2003-05-01T20:00:00Z,Buy,24.02,36.26,9,110.16,2.8537508937001,-17.01,110.16,17.01,1,"	31,72" 
2003-02-03T21:00:00Z,"SHEN",2003-05-01T20:00:00Z,Buy,40.1,46,5,29.5,3.828725317216,-64.15,29.5,64.15,1,"	42,73" 
2003-02-03T21:00:00Z,"BIO",2003-06-02T20:00:00Z,Buy,35.48,58.36,5,114.4,2.7821829218565,-9.9,119.85,20.05,1,"	3,79" 
2003-02-03T21:00:00Z,"CW",2003-07-01T20:00:00Z,Buy,54.06,63.5,5,47.2,4.6134633474245,-5.25,52.95,43.9,1,"	7,87" 
2003-02-03T21:00:00Z,"PDCO",2003-07-01T20:00:00Z,Buy,41.7,45.43,6,22.38,5.0030956364526,-36.48,28.8,65.28,1,"	32,88" 
2003-02-03T21:00:00Z,"SCHN",2003-07-01T20:00:00Z,Buy,21.52,43.16,8,173.12,3.4092515262204,-2.56,205.84,41.2,1,"	40,90" 
2003-02-03T21:00:00Z,"SGC",2003-08-01T20:00:00Z,Buy,12.1,13.95,17,31.45,4.0621937726922,-32.3,40.63,32.3,1,"	41,94" 
2003-02-03T21:00:00Z,"AVD",2003-09-02T20:00:00Z,Buy,14.199970464121,27.95,14,192.5,3.4687681802787,-6.53,192.5,39.9,1,"	2,99" 
2003-02-03T21:00:00Z,"HUBB",2003-09-02T20:00:00Z,Buy,32.22,40.28,10,80.6,2.1013779008005,-37.3,80.6,37.3,1,"	22,102" 
2003-02-03T21:00:00Z,"RAVN",2003-09-02T20:00:00Z,Buy,15.68,26.45,11,118.47,2.5969881412971,0,124.52,33.99,1,"	34,104" 
2003-02-03T21:00:00Z,"LAWS",2003-10-01T20:00:00Z,Buy,27.16,27.47,11,3.41,4.9005754739945,-45.32,29.81,57.86,1,"	25,109" 
2003-02-03T21:00:00Z,"NSSC",2003-10-01T20:00:00Z,Buy,9.68,8.82,30,-25.8,5.5378479818342,-51.3,2.1,52.5,0,"	30,110" 
2003-02-03T21:00:00Z,"SXI",2003-10-01T20:00:00Z,Buy,21.67,24.43,12,33.12,2.9717182069419,-34.44,33.84,34.44,1,"	46,112" 
2003-02-03T21:00:00Z,"EASI",2003-11-03T21:00:00Z,Buy,24.293297986551,47.17,3,68.63,2.7169640139704,-8.7,68.63,12,1,"	9,120" 
2003-02-03T21:00:00Z,"FLXS",2003-11-03T21:00:00Z,Buy,15.4,19.5,18,73.8,7.0883567758928,-41.4,88.92,52.56,1,"	18,121" 
2003-02-03T21:00:00Z,"LANC",2003-11-03T21:00:00Z,Buy,38.65,40.46,7,12.67,2.9205373249972,-22.26,28.98,35.91,1,"	24,123" 
2003-02-03T21:00:00Z,"MIDD",2003-11-03T21:00:00Z,Buy,11.3,27.69,13,213.07,8.5071235294431,-13.13,213.07,55.64,1,"	26,124" 
2003-02-03T21:00:00Z,"NHC",2003-11-03T21:00:00Z,Buy,17.4,20.4,13,39,3.6540200073823,-41.6,48.36,89.96,1,"	29,125" 
2003-02-03T21:00:00Z,"SCHN",2003-12-01T21:00:00Z,Buy,10.759984828408,50.23,5,197.35,1.023160272962,-0.8,217.3,30.9,1,"	40,136" 
2003-02-03T21:00:00Z,"UTMD",2003-12-01T21:00:00Z,Buy,17.66,22.56,20,98,5.9125209576575,-3.2,147.4,66.6,1,"	48,137" 
2003-02-03T21:00:00Z,"CTR",2004-01-02T21:00:00Z,Buy,17.85,20.29,12,29.28,4.7279961207539,-16.92,86.76,74.76,1,"	5,146" 
2003-02-03T21:00:00Z,"ESE",2004-01-02T21:00:00Z,Buy,34.5,44,8,76,2.4239606649404,-28.96,115.44,71.52,1,"	14,147" 
2003-02-03T21:00:00Z,"RVFD",2004-01-02T21:00:00Z,Buy,24.95,27.7,13,35.75,7.0012374174389,-36.53,67.86,55.51,1,"	39,151" 
2003-02-03T21:00:00Z,"EDUC",2004-03-01T21:00:00Z,Buy,9.2,10.61,25,35.25,6.5872543842176,-6.25,109.5,86.25,1,"	12,166" 
2003-02-03T21:00:00Z,"EGN",2004-03-01T21:00:00Z,Buy,29.99,41.99,11,132,3.7253149116935,-15.51,159.83,34.65,1,"	13,167" 
2003-02-03T21:00:00Z,"NEB",2004-03-01T21:00:00Z,Buy,21.96,32.04,12,120.96,4.6927778254425,-11.28,120.96,63.6,1,"	27,168" 
2003-02-03T21:00:00Z,"UGI",2004-03-01T21:00:00Z,Buy,27.233334558834,32.96,11.99999946,68.72,5.055458716502,-7.2,91.4,71.04,1,"	47,170" 
2003-02-03T21:00:00Z,"AVD",2004-04-01T21:00:00Z,Buy,14.199970464121,49.6,5,177,1.0263829787234,-2.33,177,58.75,1,"	2,181" 
2003-02-03T21:00:00Z,"FIZ",2004-04-01T21:00:00Z,Buy,7.6350091620037,9.45,48,87.12,3.0627902423768,-35.28,171.12,84,1,"	17,185" 
2003-02-03T21:00:00Z,"SGC",2004-04-01T21:00:00Z,Buy,12.1,16.39,19,81.51,1.9811640253979,-36.1,91.2,47.5,1,"	41,188" 
2003-02-03T21:00:00Z,"SHOO",2004-04-01T21:00:00Z,Buy,16.99,19.88,15,43.35,3.8355247985979,-29.4,89.7,73.05,1,"	43,189" 
2003-02-03T21:00:00Z,"HCSG",2004-05-03T20:00:00Z,Buy,8.4866809879295,15.99,26,195.09,2.2200600344056,-25.83,221.35,36.57,1,"	20,202" 
2003-02-03T21:00:00Z,"ZBRA",2004-05-03T20:00:00Z,Buy,38.133277849361,74.39,6,217.54,5.0543658092149,-7.2,226.36,47.16,1,"	51,203" 
2003-02-03T21:00:00Z,"BIO",2004-06-01T20:00:00Z,Buy,35.48,56.71,2,42.46,1.4219720932148,-3.96,53.74,26.88,1,"	3,211" 
2003-02-03T21:00:00Z,"MIDD",2004-06-01T20:00:00Z,Buy,11.3,63,4,206.8,3.1919887329548,-4.04,206.8,33.72,1,"	26,214" 
2003-02-03T21:00:00Z,"POG",2004-06-01T20:00:00Z,Buy,12.716,26.77,8,112.43,3.0571439390572,0,137.63,35.36,1,"	33,215" 
2003-02-03T21:00:00Z,"OXM",2004-07-01T20:00:00Z,Buy,12.01,42.2,6,181.14,2.1584531393182,-5.67,209.04,67.62,1,"	31,221" 
2003-02-03T21:00:00Z,"HSIC",2004-08-02T20:00:00Z,Buy,40.42,67,6,159.48,3.1085461932314,-32.7,232.68,110.64,1,"	21,229" 
2003-02-03T21:00:00Z,"EASI",2004-10-01T20:00:00Z,Buy,24.293297986551,46.38,6,132.52,2.3563618523625,-17.4,217.24,117.78,1,"	9,249" 
2003-02-03T21:00:00Z,"POG",2004-10-01T20:00:00Z,Buy,12.716,30.14,14,243.94,2.5569226996521,0,258.22,85.12,1,"	33,250" 
2003-02-03T21:00:00Z,"OXM",2004-11-01T21:00:00Z,Buy,12.01,37.29,6,151.68,1.3661584299079,-5.67,209.04,67.62,1,"	31,266" 
2003-02-03T21:00:00Z,"RAVN",2004-11-01T21:00:00Z,Buy,7.84,22.25,9,129.69,1.0443816489362,0,138.78,31.32,1,"	34,267" 
2003-02-03T21:00:00Z,"SCHN",2004-12-01T21:00:00Z,Buy,7.1733268056,35.7,4,114.11,1.6623306591489,-0.43,139.81,76.71,1,"	40,280" 
2003-02-03T21:00:00Z,"RCI",2005-01-03T21:00:00Z,Buy,19.47334307,35.86,19,311.35,3.5636131358984,-14.19,315.91,82.21,1,"	36,288" 
2003-02-03T21:00:00Z,"SRT",2005-01-03T21:00:00Z,Buy,27.11,27.8,8,5.52,5.0841396485845,-42.08,127.84,125.6,1,"	44,289" 
2003-02-03T21:00:00Z,"CNXS",2005-02-01T21:00:00Z,Buy,6.57,15.58,17,153.17,4.1488908457205,-11.9,153.17,88.57,1,"	6,301" 
2003-02-03T21:00:00Z,"EBF",2005-02-01T21:00:00Z,Buy,11.31,17.33,23,138.46,3.2463795640112,-5.75,245.41,117.99,1,"	10,302" 
2003-02-03T21:00:00Z,"AVD",2005-04-01T21:00:00Z,Buy,9.4666603555724,42.26,8,262.35,3.5998518956313,-2.49,287.31,108.48,1,"	2,319" 
2003-02-03T21:00:00Z,"MIDD",2005-04-01T21:00:00Z,Buy,11.3,49.02,3,113.16,2.4690699842394,-3.03,155.1,51.54,1,"	26,321" 
2003-02-03T21:00:00Z,"RCII",2005-04-01T21:00:00Z,Buy,20.944,26.95,10,60.06,3.4676938578285,-25.88,136.56,111.3,1,"	37,324" 
2003-02-03T21:00:00Z,"WSO",2005-04-01T21:00:00Z,Buy,15.9,42.12,6,157.32,4.858360637827,-17.76,158.04,29.1,1,"	50,326" 
2003-02-03T21:00:00Z,"HCSG",2005-05-02T20:00:00Z,Buy,8.4866809879295,25.34,0.99995443753594,16.85,1.0551305379747,-0.99,16.86,3.32,1,"	20,338" 
2003-02-03T21:00:00Z,"SSD",2005-05-02T20:00:00Z,Buy,17.625,26.94,16,149.04,3.0799417339781,-36,322.8,173.76,1,"	45,341" 
2003-02-03T21:00:00Z,"FIZ",2005-06-01T20:00:00Z,Buy,7.6350091620037,8.18,5.9999352000518,3.27,1.3291951219512,-4.41,21.39,24.66,1,"	17,350" 
2003-02-03T21:00:00Z,"IDXX",2005-06-01T20:00:00Z,Buy,34.84,57.87,7,161.21,3.6615401862901,-11.76,230.37,151.34,1,"	23,352" 
2003-02-03T21:00:00Z,"RIMG",2005-08-01T20:00:00Z,Buy,8.32,25.13,13,218.53,2.1966001359223,0,226.33,66.04,1,"	38,379" 
2003-02-03T21:00:00Z,"CNXS",2005-09-01T20:00:00Z,Buy,6.57,26.15,10,195.8,1.0496959331053,-7,236.1,52.1,1,"	6,388" 
2003-02-03T21:00:00Z,"GCI",2005-10-03T20:00:00Z,Buy,72.01,68.57,4,-13.76,4.1509622242849,-22.72,75.64,98.36,0,"	19,410" 
2003-02-03T21:00:00Z,"FAF",2005-11-01T21:00:00Z,Buy,22.76,44.08,5,106.6,2.1001153960176,-5.15,115.3,36.9,1,"	15,420" 
2003-02-03T21:00:00Z,"WSO",2005-11-01T21:00:00Z,Buy,15.9,57.45,4,166.2,1.8981737807543,-11.84,166.2,21.44,1,"	50,423" 
2003-02-03T21:00:00Z,"EXPO",2006-08-01T20:00:00Z,Buy,7.27,15.34,19,153.33,7.2055109502682,-15.58,195.32,62.6,1,"	16,533" 
2003-02-03T21:00:00Z,"RIMG",2006-08-01T20:00:00Z,Buy,8.32,23.92,13,202.8,1.0638521560575,0,325.39,202.67,1,"	38,537" 
2003-02-03T21:00:00Z,"CNXS",2006-09-01T20:00:00Z,Buy,6.57,28.1,10,215.3,3.8925388206348,-7,236.3,101.9,1,"	6,546" 
2003-02-03T21:00:00Z,"WSO",2006-09-01T20:00:00Z,Buy,15.9,43.58,8,221.44,2.7052398683337,-23.68,452,241.68,1,"	50,553" 
2003-02-03T21:00:00Z,"RAVN",2006-10-02T20:00:00Z,Buy,7.84,28.97,13,274.69,1.0627474175275,0,442,196.17,1,"	34,570" 
2003-02-03T21:00:00Z,"SCHN",2006-11-01T21:00:00Z,Buy,7.1733268056,34.9,0.50001467000806,13.86,1.0598970251716,-0.05,17.48,9.59,1,"	40,582" 
2003-02-03T21:00:00Z,"FAF",2006-12-01T21:00:00Z,Buy,22.76,38.63,10,158.7,1.1102282749676,-10.3,263.2,129.8,1,"	15,591" 
2003-02-03T21:00:00Z,"WMK",2006-12-01T21:00:00Z,Buy,31.15,39.89,10,87.4,4.131081611762,-32.1,150.1,80,1,"	49,600" 
2003-02-03T21:00:00Z,"EXPO",2007-09-04T20:00:00Z,Buy,7.27,24.86,13,228.67,6.0909153472608,-10.66,234.52,48.49,1,"	16,755" 
2003-02-03T21:00:00Z,"EXPO",2008-05-01T20:00:00Z,Buy,7.27,34.07,4,107.2,1.0353423236515,-3.28,119,15.44,1,"	16,897" 
2003-02-03T21:00:00Z,"ZBRA",2013-12-02T21:00:00Z,Buy,38.133277849361,52.19,8.730008337158E-6,0,2.194994805722,0,0,0,0,"	51,2036" 
2003-03-03T21:00:00Z,"CCF",2003-04-01T21:00:00Z,Buy,9.7,9.9,34,6.8,4.8085124682154,-10.88,6.8,15.98,1,"	55,62" 
2003-03-03T21:00:00Z,"KOSS",2003-06-02T20:00:00Z,Buy,18.94,15.7,12,-38.88,6.0773826649052,-47.28,6.72,54,0,"	60,80" 
2003-03-03T21:00:00Z,"QSII",2003-09-02T20:00:00Z,Buy,24.5,43.52,5,95.1,2.4048972485099,-14.25,98.05,50.15,1,"	61,103" 
2003-03-03T21:00:00Z,"JBSS",2003-11-03T21:00:00Z,Buy,13.5,36.94,12,281.28,2.145727024986,-12,281.28,82.8,1,"	59,122" 
2003-03-03T21:00:00Z,"ANK",2003-12-01T21:00:00Z,Buy,17.35,27,22,212.3,2.2214446529081,-11.66,212.3,75.9,1,"	52,132" 
2003-03-03T21:00:00Z,"HWKN",2003-12-01T21:00:00Z,Buy,9.1,13.09,26,103.74,6.6064171008931,-5.2,124.28,32.76,1,"	58,134" 
2003-03-03T21:00:00Z,"APA",2004-03-01T21:00:00Z,Buy,31.2952068,42.22,8.4000084000084,91.77,3.1916759049929,-23.82,95.88,45.95,1,"	53,165" 
2003-03-03T21:00:00Z,"APU",2004-08-02T20:00:00Z,Buy,24.33,27.49,16,50.56,4.594842690251,-16.16,89.92,75.52,1,"	54,227" 
2003-03-03T21:00:00Z,"GISX",2004-11-01T21:00:00Z,Buy,18.54,34.96,12,197.04,5.0651831199951,-8.16,234.96,137.52,1,"	57,263" 
2003-03-03T21:00:00Z,"JBSS",2004-11-01T21:00:00Z,Buy,13.5,18.53,4,20.12,2.1077477168335,-4,165.6,157.4,1,"	59,265" 
2003-03-03T21:00:00Z,"QSII",2005-02-01T21:00:00Z,Buy,24.5,68.94,3,133.32,1.0354942630185,-8.55,133.32,60.78,1,"	61,304" 
2003-03-03T21:00:00Z,"GDT",2005-07-01T20:00:00Z,Buy,35.34,65.71,3,91.11,2.9508457117864,-5.52,118.95,66.36,1,"	56,366" 
2003-03-03T21:00:00Z,"GDT",2006-02-01T21:00:00Z,Buy,35.34,73.85,3,115.53,1.015052996331,-5.52,124.08,66.36,1,"	56,448" 
2003-04-01T21:00:00Z,"RGCO",2003-07-01T20:00:00Z,Buy,19.54,23.69,10,41.5,4.9635826498735,-1.6,55.8,21.2,1,"	67,89" 
2003-04-01T21:00:00Z,"RGCO",2003-10-01T20:00:00Z,Buy,19.54,22.93,15,50.85,2.4081598546347,-2.4,83.7,38.55,1,"	67,111" 
2003-04-01T21:00:00Z,"TTC",2005-06-01T20:00:00Z,Buy,17.5175,43.18,5,128.31,3.8087426792766,0,154.86,27.3,1,"	68,355" 
2003-04-01T21:00:00Z,"COO",2005-07-01T20:00:00Z,Buy,30.2,61.08,7,216.16,3.4867427188141,-23.31,376.53,177.03,1,"	66,365" 
2003-04-01T21:00:00Z,"TTC",2006-01-03T21:00:00Z,Buy,17.5175,44.38,11,295.49,2.4239656369726,0,340.7,144.76,1,"	68,440" 
2003-05-01T20:00:00Z,"RBIN",2003-08-01T20:00:00Z,Buy,10.41,12.98,31,79.67,3.419893927226,-14.26,83.39,23.25,1,"	78,93" 
2003-05-01T20:00:00Z,"CAI",2003-09-02T20:00:00Z,Buy,34.52,45.5,6,65.88,3.4561180150503,-27.12,65.88,29.82,1,"	75,100" 
2003-05-01T20:00:00Z,"LG",2003-12-01T21:00:00Z,Buy,24.14,29.56,16,86.72,6.4139011785735,-2.24,86.72,50.72,1,"	76,135" 
2003-05-01T20:00:00Z,"AXE",2005-08-01T20:00:00Z,Buy,22.5,41.34,6,113.04,5.4019804433211,-8.82,117.12,45.6,1,"	74,376" 
2003-05-01T20:00:00Z,"MDU",2005-10-03T20:00:00Z,Buy,19.726638263002,36.67,9,152.49,2.3844710134176,0,152.49,22.62,1,"	77,412" 
2003-05-01T20:00:00Z,"AXE",2006-04-03T20:00:00Z,Buy,22.5,47.29,4,99.16,1.0942427103,-5.88,100.68,30.4,1,"	74,468" 
2003-05-01T20:00:00Z,"MDU",2008-06-02T20:00:00Z,Buy,13.151098919577,32.72,9,176.12,1.0790754722998,0,177.92,62.1,1,"	77,933" 
2003-05-01T20:00:00Z,"MDU",2008-10-01T20:00:00Z,Buy,13.151098919577,28.9,2.250029867294,35.44,4.149133542499,0,48.91,19.24,1,"	77,997" 
2003-06-02T20:00:00Z,"FCN",2003-09-02T20:00:00Z,Buy,23.4666784,25.96,8,19.95,2.0702863403213,-21.49,25.55,47.04,1,"	81,101" 
2003-06-02T20:00:00Z,"NJR",2004-02-02T21:00:00Z,Buy,35.45,38.78,12,39.96,3.8244881682073,-18,45.24,32.88,1,"	84,159" 
2003-06-02T20:00:00Z,"PRGS",2004-04-01T21:00:00Z,Buy,21.37,24.35,11,32.78,4.977164844253,-26.95,32.78,50.16,1,"	85,186" 
2003-06-02T20:00:00Z,"MHO",2004-06-01T20:00:00Z,Buy,40.48,42.17,6,10.14,4.4468039610971,-26.58,42.96,55.08,1,"	82,213" 
2003-06-02T20:00:00Z,"WEG",2004-07-01T20:00:00Z,Buy,44.31,51.7,8,59.12,2.1064041568627,-15.04,89.52,68.72,1,"	86,223" 
2003-06-02T20:00:00Z,"MMSI",2004-08-02T20:00:00Z,Buy,10.687618275,16.38,18,102.46,2.1437900929688,-1.52,257.44,210.24,1,"	83,230" 
2003-06-02T20:00:00Z,"MMSI",2006-01-03T21:00:00Z,Buy,10.687618275,12.43,1.5553391431357,2.71,1.1587026359143,-0.13,22.25,20.36,1,"	83,439" 
2003-07-01T20:00:00Z,"PETD",2004-01-02T21:00:00Z,Buy,9.16,23.1,22,306.68,5.8722766137226,-11.66,349.58,42.9,1,"	92,150" 
2003-07-01T20:00:00Z,"CPK",2004-08-02T20:00:00Z,Buy,21.34,23.55,21,46.41,3.5481517200851,-15.96,107.52,123.48,1,"	91,228" 
2003-07-01T20:00:00Z,"PETD",2005-04-01T21:00:00Z,Buy,9.16,37.34,8,225.44,2.1012193514645,-4.24,314.88,127.2,1,"	92,323" 
2003-08-01T20:00:00Z,"HOC",2003-12-01T21:00:00Z,Buy,27.8,27,8,-6.4,2.2101581015415,-28.16,3.68,31.84,0,"	96,133" 
2003-08-01T20:00:00Z,"SAFM",2004-03-01T21:00:00Z,Buy,19.74000987,35.85,6,96.66,2.5079922096725,-5,114.72,21.06,1,"	98,169" 
2003-08-01T20:00:00Z,"AIT",2004-05-03T20:00:00Z,Buy,22.15,25.95,12,45.6,4.5864298714774,-27.48,56.76,72.48,1,"	95,201" 
2003-08-01T20:00:00Z,"SAFM",2005-07-01T20:00:00Z,Buy,19.74000987,45.97,8,209.84,1.0404665492958,-6.67,282.08,188.8,1,"	98,368" 
2003-08-01T20:00:00Z,"PNM",2005-09-01T20:00:00Z,Buy,17.70667552,29.61,22.499988750006,267.82,2.2348268243134,-12,282.9,49.5,1,"	97,395" 
2003-08-01T20:00:00Z,"SAFM",2010-12-01T21:00:00Z,Buy,19.74000987,41.86,0.99999250000375,22.12,1.4863990731573,-0.83,35.26,23.6,1,"	98,1423" 
2003-09-02T20:00:00Z,"WEYS",2004-03-01T21:00:00Z,Buy,31.999968,36.5,7,31.5,5.8054108735726,-29.96,44.38,74.34,1,"	108,171" 
2003-09-02T20:00:00Z,"GFF",2005-01-03T21:00:00Z,Buy,19.15,26.79,8,61.12,4.5129599792925,-11.2,63.36,28.88,1,"	105,284" 
2003-09-02T20:00:00Z,"RSC",2005-04-01T21:00:00Z,Buy,14.15,14,18,-2.7,2.253829787234,-52.2,73.44,99.9,0,"	107,325" 
2003-09-02T20:00:00Z,"GFF",2005-05-02T20:00:00Z,Buy,19.15,18.99,10,-1.6,2.2826917205757,-14,83.9,85.5,0,"	105,337" 
2003-09-02T20:00:00Z,"ODP",2005-08-01T20:00:00Z,Buy,17.9,27.96,9,90.54,2.1081343770385,-36.45,95.67,47.88,1,"	106,378" 
2003-09-02T20:00:00Z,"WEYS",2005-08-01T20:00:00Z,Buy,31.999968,23.6,0.5000075000075,-4.2,1.440964721505,-6.93,3.17,10.1,0,"	108,380" 
2003-09-02T20:00:00Z,"ODP",2008-03-03T21:00:00Z,Buy,17.9,11.08,4,-27.28,2.9008610784575,-27.28,106.52,133.8,0,"	106,860" 
2003-10-01T20:00:00Z,"HUBG",2004-01-02T21:00:00Z,Buy,10.86,21.42,10,105.6,2.1444190341394,0,111.4,12.9,1,"	117,148" 
2003-10-01T20:00:00Z,"MAIR",2004-01-02T21:00:00Z,Buy,6.9,7.71,30,24.3,5.7324313880815,-21,28.2,32.1,1,"	118,149" 
2003-10-01T20:00:00Z,"UGI",2004-03-01T21:00:00Z,Buy,29.25,32.96,6.0000005400005,22.26,1.0353871413757,-15.7,33.6,14.64,1,"	119,170" 
2003-10-01T20:00:00Z,"CRK",2004-06-01T20:00:00Z,Buy,13.67,19.42,20,115,7.5337465570862,0,199.8,113.4,1,"	115,212" 
2003-10-01T20:00:00Z,"BWS",2004-10-01T20:00:00Z,Buy,32.8,25.14,8,-61.28,2.9468730663811,-67.04,73.04,140.08,0,"	113,247" 
2003-10-01T20:00:00Z,"HUBG",2005-01-03T21:00:00Z,Buy,10.86,50.7,4,159.36,1.0194513715711,0,173.56,49.8,1,"	117,285" 
2003-10-01T20:00:00Z,"UGI",2005-07-01T20:00:00Z,Buy,14.62497937876,28.06,2.0000017400001,26.87,1.0402582496413,-2.62,26.87,3.44,1,"	119,369" 
2003-10-01T20:00:00Z,"BLS",2006-04-03T20:00:00Z,Buy,24.33,34.69,13,134.68,5.818730025761,-9.62,137.93,79.82,1,"	114,470" 
2003-10-01T20:00:00Z,"GCI",2007-05-01T20:00:00Z,Buy,78.02,58.16,3,-59.58,5.8714272072099,-79.08,38.7,117.78,0,"	116,678" 
2003-10-01T20:00:00Z,"HUBG",2007-05-01T20:00:00Z,Buy,2.715,36.06,9,300.1,1.045075,0,304.96,44.86,1,"	117,680" 
2003-10-01T20:00:00Z,"HUBG",2007-12-03T21:00:00Z,Buy,2.715,25.95,11,255.58,1.0895513803681,0,398.7,167.97,1,"	117,802" 
2003-11-03T21:00:00Z,"ANF",2004-02-02T21:00:00Z,Buy,28.7,26.53,9,-19.53,2.9734120819262,-46.89,9.72,56.61,0,"	126,158" 
2003-11-03T21:00:00Z,"ODC",2004-02-02T21:00:00Z,Buy,14.52,16.78,27,61.02,2.2695322084227,-5.4,69.39,28.35,1,"	130,160" 
2003-11-03T21:00:00Z,"OFIX",2004-02-02T21:00:00Z,Buy,36.84,50.76,4,55.68,2.5941545234079,-2.36,67.36,13.32,1,"	131,161" 
2003-11-03T21:00:00Z,"MMS",2004-09-01T20:00:00Z,Buy,35.89,29.43,8,-51.68,4.5316375687117,-63.12,41.2,104.32,0,"	129,236" 
2003-11-03T21:00:00Z,"OFIX",2004-09-01T20:00:00Z,Buy,36.84,34.59,6,-13.5,3.0631495580006,-45.12,101.04,146.16,0,"	131,238" 
2003-11-03T21:00:00Z,"CRMT",2004-10-01T20:00:00Z,Buy,30.24,34,7,26.32,3.9022434300987,-41.93,49.98,86.31,1,"	127,248" 
2003-11-03T21:00:00Z,"MDU",2008-10-01T20:00:00Z,Buy,15.33334119669,28.9,6.749970132706,91.57,3.074299645957,-14.73,132.01,57.71,1,"	128,997" 
2003-11-03T21:00:00Z,"MDU",2009-06-01T20:00:00Z,Buy,15.33334119669,19.61,6.750022944125,28.87,1.1063449023861,-15.62,132.01,147.62,1,"	128,1142" 
2003-12-01T21:00:00Z,"APA",2004-03-01T21:00:00Z,Buy,36.395,42.22,5.5999915999916,32.62,1.0151898998331,-44.44,35.36,30.63,1,"	138,165" 
2003-12-01T21:00:00Z,"PTMK",2004-04-01T21:00:00Z,Buy,7.53,8.39,29,24.94,3.7976062299784,-15.95,29,25.23,1,"	144,187" 
2003-12-01T21:00:00Z,"BIO",2004-06-01T20:00:00Z,Buy,51.75,56.71,4,19.84,1.7808596192825,-73,42.4,41.84,1,"	141,211" 
2003-12-01T21:00:00Z,"APU",2004-08-02T20:00:00Z,Buy,27.12,27.49,10,3.7,1.8447255635579,-38,28.3,47.2,1,"	139,227" 
2003-12-01T21:00:00Z,"RBIN",2004-09-01T20:00:00Z,Buy,14.09,19.96,24,140.88,7.5499533383822,-0.24,151.44,36,1,"	145,239" 
2003-12-01T21:00:00Z,"B",2004-11-01T21:00:00Z,Buy,32.01,26.65,15,-80.4,3.3799537699232,-111,27.6,138.6,0,"	140,260" 
2003-12-01T21:00:00Z,"FIZ",2005-06-01T20:00:00Z,Buy,7.6200091440037,8.18,31.999961600031,17.92,1.9127871509082,-23.04,114.56,131.52,1,"	142,350" 
2003-12-01T21:00:00Z,"PDX",2006-03-01T21:00:00Z,Buy,54.82,95.76,3,122.82,2.8425689914631,-6.51,122.82,57,1,"	143,461" 
2003-12-01T21:00:00Z,"PDX",2006-12-01T21:00:00Z,Buy,27.41,48.55,2,42.28,1.6796569177657,-2.17,49.82,20.92,1,"	143,598" 
2003-12-01T21:00:00Z,"APA",2009-04-01T20:00:00Z,Buy,36.395,66.05,0.4000084000084,11.86,3.7451973774972,-3.17,42.97,36.98,1,"	138,1094" 
2004-01-02T21:00:00Z,"ATRI",2004-04-01T21:00:00Z,Buy,45.49,42.18,5,-16.55,4.8078500134487,-34.9,6.65,41.55,0,"	152,183" 
2004-01-02T21:00:00Z,"BKH",2004-04-01T21:00:00Z,Buy,29.87,32.08,12,26.52,3.9421481386761,-6.48,26.52,17.76,1,"	153,184" 
2004-01-02T21:00:00Z,"CRAI",2004-07-01T20:00:00Z,Buy,31.21,31.32,8,0.88,4.8160499259337,-19.44,52.4,71.84,1,"	154,220" 
2004-01-02T21:00:00Z,"NUS",2004-08-02T20:00:00Z,Buy,17.2,26.42,10,92.2,2.9840621962036,-5,105.3,32.3,1,"	156,231" 
2004-01-02T21:00:00Z,"TTWO",2004-10-01T20:00:00Z,Buy,29.17,34.81,7,39.48,5.0637472173571,-8.19,55.93,64.12,1,"	157,251" 
2004-01-02T21:00:00Z,"NUS",2005-05-02T20:00:00Z,Buy,17.2,22.11,10,49.1,2.2650837088541,-6.9,105.3,112.2,1,"	156,339" 
2004-01-02T21:00:00Z,"MTSC",2005-08-01T20:00:00Z,Buy,19.35,39.79,6,122.64,5.2117527079541,0,122.64,65.16,1,"	155,377" 
2004-01-02T21:00:00Z,"MTSC",2006-04-03T20:00:00Z,Buy,19.35,41.33,8,175.84,3.6557925022028,0,187.68,99.84,1,"	155,474" 
2004-02-02T21:00:00Z,"PNM",2005-09-01T20:00:00Z,Buy,20.04001002,29.61,9.5000112499944,90.92,1.3547219356101,-27.23,97.28,20.9,1,"	164,395" 
2004-02-02T21:00:00Z,"ANSS",2006-04-03T20:00:00Z,Buy,19.735,53.43,4,134.78,3.6375395540665,-6.18,137.66,35.92,1,"	162,467" 
2004-02-02T21:00:00Z,"ANSS",2006-09-01T20:00:00Z,Buy,19.735,46,10,262.65,1.0492083868207,-15.45,376.65,167.2,1,"	162,544" 
2004-02-02T21:00:00Z,"JJSF",2006-12-01T21:00:00Z,Buy,21.485,37.99,16,264.08,9.1826544475755,-49.92,285.04,95.04,1,"	163,594" 
2004-02-02T21:00:00Z,"PNM",2013-08-01T20:00:00Z,Buy,20.04001002,23.76,0.99998350000825,3.72,1.3136967632027,-2.87,10.24,12.44,1,"	164,1945" 
2004-03-01T21:00:00Z,"ASGN",2004-04-01T21:00:00Z,Buy,5.79,5.5,36,-10.44,5.159252934804,-25.2,7.56,32.76,0,"	173,182" 
2004-03-01T21:00:00Z,"WEG",2004-07-01T20:00:00Z,Buy,52.27,51.7,5,-2.85,1.0252219648716,-49.2,16.15,42.95,0,"	180,223" 
2004-03-01T21:00:00Z,"AHS",2004-09-01T20:00:00Z,Buy,18.37,11.54,18,-122.94,5.9314185066939,-126.36,1.98,128.34,0,"	172,234" 
2004-03-01T21:00:00Z,"GDYS",2004-09-01T20:00:00Z,Buy,9.77,7.5,24,-54.48,6.3889915484133,-54.48,118.56,173.04,0,"	176,235" 
2004-03-01T21:00:00Z,"TYL",2005-01-03T21:00:00Z,Buy,9.59,8.2,30,-41.7,4.2544126066104,-57,10.5,67.5,0,"	179,290" 
2004-03-01T21:00:00Z,"FRK",2005-09-01T20:00:00Z,Buy,29.76668155,57.64,5,139.37,4.1231028488067,-26.47,139.37,32.45,1,"	174,390" 
2004-03-01T21:00:00Z,"FRK",2006-02-01T21:00:00Z,Buy,29.76668155,54.72,8,199.63,1.0405258285503,-42.35,289.79,161.84,1,"	174,447" 
2004-03-01T21:00:00Z,"TSAI",2006-05-01T20:00:00Z,Buy,18.53,39.78,7,148.75,5.0206899333429,-26.18,149.17,69.65,1,"	178,495" 
2004-03-01T21:00:00Z,"TSAI",2007-02-01T21:00:00Z,Buy,18.53,36.99,5,92.3,2.4666244938415,-18.7,120.9,57.9,1,"	178,630" 
2004-03-01T21:00:00Z,"GCI",2007-05-01T20:00:00Z,Buy,86.6,58.16,3,-85.32,1.3817530700497,-104.82,12.96,117.78,0,"	175,678" 
2004-03-01T21:00:00Z,"MDU",2009-06-01T20:00:00Z,Buy,15.680008041137,19.61,13.249977055875,52.07,1.3463133681297,-35.25,254.53,289.78,1,"	177,1142" 
2004-03-01T21:00:00Z,"MDU",2014-10-01T20:00:00Z,Buy,15.680008041137,27.43,1.7500152517151,20.56,1.2515156418554,-4.66,35.42,38.27,1,"	177,2273" 
2004-04-01T21:00:00Z,"SHEN",2004-07-01T20:00:00Z,Buy,22.56,26.3,11,41.14,8.5631139585387,-0.66,84.48,85.14,1,"	198,222" 
2004-04-01T21:00:00Z,"CPK",2004-08-02T20:00:00Z,Buy,25.5,23.55,9,-17.55,1.0450530035336,-44.28,8.64,47.61,0,"	191,228" 
2004-04-01T21:00:00Z,"NSIT",2004-09-01T20:00:00Z,Buy,19.25,16.03,13,-41.86,4.1895448292632,-67.99,9.75,77.74,0,"	195,237" 
2004-04-01T21:00:00Z,"DCO",2004-12-01T21:00:00Z,Buy,23.35,25.41,16,32.96,4.3811247815753,-78.56,32.96,88.96,1,"	192,278" 
2004-04-01T21:00:00Z,"PEGA",2005-01-03T21:00:00Z,Buy,8.3,8.54,27,6.48,4.4182931721206,-64.8,43.2,108,1,"	197,287" 
2004-04-01T21:00:00Z,"OTL",2005-02-01T21:00:00Z,Buy,29.88,20.38,12,-114,2.9029538203189,-134.28,22.44,156.72,0,"	196,303" 
2004-04-01T21:00:00Z,"DGII",2005-12-01T21:00:00Z,Buy,10.1,13.29,22,70.18,4.7294786635006,-31.24,159.94,165.66,1,"	193,430" 
2004-04-01T21:00:00Z,"TALK",2006-09-01T20:00:00Z,Buy,8.33,5.84,25,-62.25,3.3063782835464,-83,81.5,149.75,0,"	199,550" 
2004-04-01T21:00:00Z,"WMK",2006-12-01T21:00:00Z,Buy,33.84,39.89,6,36.3,1.8909092083718,-35.4,73.92,48,1,"	200,600" 
2004-04-01T21:00:00Z,"AMED",2007-01-03T21:00:00Z,Buy,19.5754959,33.3,13,178.42,6.4451289340051,-24.18,201.15,156.59,1,"	190,614" 
2004-04-01T21:00:00Z,"AMED",2007-05-01T20:00:00Z,Buy,19.5754959,33.86,0.33299556411238,4.76,1.1026060606061,-0.62,5.15,4.01,1,"	190,675" 
2004-04-01T21:00:00Z,"MTLM",2007-10-01T20:00:00Z,Buy,18.5,53.94,4,141.76,2.0551983916398,-26,149.4,53.52,1,"	194,779" 
2004-04-01T21:00:00Z,"MTLM",2008-03-15T04:00:00Z,Buy,18.5,55.27,10,367.7,0,-65,451,140.6,1,"	194,873" 
2004-05-03T20:00:00Z,"UWN",2004-10-01T20:00:00Z,Buy,15.47,12.05,18,-61.56,3.5857398753792,-99.54,9.18,108.72,0,"	210,252" 
2004-05-03T20:00:00Z,"EIX",2004-11-01T21:00:00Z,Buy,23.11,30.35,30,217.2,2.2978039467857,-33.9,220.8,42.3,1,"	206,262" 
2004-05-03T20:00:00Z,"RCII",2005-04-01T21:00:00Z,Buy,29.93,26.95,7,-20.86,1.0358872901679,-81.02,32.69,54.46,0,"	209,324" 
2004-05-03T20:00:00Z,"AXE",2006-04-03T20:00:00Z,Buy,29.88,47.29,8,139.28,1.0406945863126,-70.8,142.32,60.8,1,"	204,468" 
2004-05-03T20:00:00Z,"BLS",2006-04-03T20:00:00Z,Buy,25.85,34.69,3,26.52,1.0500580945004,-6.78,27.27,12.84,1,"	205,470" 
2004-05-03T20:00:00Z,"LPX",2006-08-01T20:00:00Z,Buy,23.58,19.86,13,-48.36,4.2978128406325,-52.91,76.31,129.22,0,"	207,534" 
2004-05-03T20:00:00Z,"BLS",2006-12-30T05:00:00Z,Buy,25.85,47.15,7,149.1,0,-15.82,149.1,29.96,1,"	205,613" 
2004-05-03T20:00:00Z,"ODP",2008-03-03T21:00:00Z,Buy,17.45,11.08,12,-76.44,2.2161031466536,-76.44,324.96,401.4,0,"	208,860" 
2004-06-01T20:00:00Z,"CERN",2004-11-01T21:00:00Z,Buy,42.54,45.45,6,17.46,4.4411890927615,-7.02,27.12,27.24,1,"	216,261" 
2004-06-01T20:00:00Z,"HCSG",2005-05-02T20:00:00Z,Buy,16,25.34,10.000045562464,93.4,3.1505292161571,-85.07,93.5,33.2,1,"	217,338" 
2004-06-01T20:00:00Z,"TESS",2005-06-01T20:00:00Z,Buy,18.34,12.75,12,-67.08,4.7375773858657,-97.44,1.8,99.24,0,"	219,353" 
2004-06-01T20:00:00Z,"PCU",2006-02-01T21:00:00Z,Buy,31.69,86.84,3,165.45,3.3275539052363,-5.37,166.35,67.56,1,"	218,450" 
2004-06-01T20:00:00Z,"HCSG",2006-07-03T17:00:00Z,Buy,10.666667266667,20.73,22.499930390682,226.42,1.6943182317533,-127.6,266.92,131.17,1,"	217,523" 
2004-06-01T20:00:00Z,"PCU",2007-07-02T20:00:00Z,Buy,15.845,98.4,3,247.66,1.0156754460493,-2.68,247.66,52.34,1,"	218,728" 
2004-06-01T20:00:00Z,"PCU",2007-12-03T21:00:00Z,Buy,15.845,109.6,2,187.51,1.7676954878674,-1.79,251.35,85.04,1,"	218,807" 
2004-06-01T20:00:00Z,"PCU",2008-05-01T20:00:00Z,Buy,15.845,110,3,282.46,1.0144104803493,-2.68,377.02,183.6,1,"	218,906" 
2004-07-01T20:00:00Z,"LNT",2004-11-01T21:00:00Z,Buy,25.64,26.38,31,22.94,3.6662443278018,-37.2,52.08,89.28,1,"	226,268" 
2004-07-01T20:00:00Z,"ADSK",2005-01-03T21:00:00Z,Buy,21.14,37.53,6,98.34,6.1135188082653,-18.06,104.64,18.06,1,"	224,283" 
2004-07-01T20:00:00Z,"ADSK",2006-05-01T20:00:00Z,Buy,21.14,41.56,10,204.2,1.0494291151284,-30.1,265,123.4,1,"	224,486" 
2004-07-01T20:00:00Z,"NATR",2006-05-01T20:00:00Z,Buy,13.92,10.04,19,-73.72,14.096863571914,-73.72,176.51,250.23,0,"	225,491" 
2004-08-02T20:00:00Z,"OGE",2005-01-03T21:00:00Z,Buy,25.15,26.03,30,26.4,3.7696946604356,-5.4,49.5,44.4,1,"	233,286" 
2004-08-02T20:00:00Z,"LAWS",2005-11-01T21:00:00Z,Buy,36.03,35.32,11,-7.81,4.8952562469894,-52.58,196.35,248.93,0,"	232,422" 
2004-09-01T20:00:00Z,"HOC",2004-11-01T21:00:00Z,Buy,20.91,23.88,10,29.7,2.1913362993135,-2.6,64.9,42.8,1,"	242,264" 
2004-09-01T20:00:00Z,"CNC",2005-02-01T21:00:00Z,Buy,19.835,33.4,6,81.39,2.0699973842256,-5.31,82.29,13.32,1,"	240,300" 
2004-09-01T20:00:00Z,"HOC",2005-03-01T21:00:00Z,Buy,20.91,37.11,8,129.6,1.039374005305,-2.08,134.32,34.24,1,"	242,312" 
2004-09-01T20:00:00Z,"VLO",2005-03-01T21:00:00Z,Buy,33.705,68.11,5,172.02,3.3431197176432,-3,196.28,27.25,1,"	246,313" 
2004-09-01T20:00:00Z,"XEL",2005-04-01T21:00:00Z,Buy,17.5,17.23,45,-12.15,6.5364009214943,-41.85,52.65,94.5,0,"	244,322" 
2004-09-01T20:00:00Z,"GFF",2005-05-02T20:00:00Z,Buy,19.97,18.99,10,-9.8,1.0498004987531,-22.2,75.7,85.5,0,"	241,337" 
2004-09-01T20:00:00Z,"SAM",2005-09-01T20:00:00Z,Buy,21.98,23.71,13,22.49,5.220151715201,-26,46.67,72.67,1,"	245,396" 
2004-09-01T20:00:00Z,"VLO",2005-09-01T20:00:00Z,Buy,33.705,109.5,2,151.59,1.0103301886792,-1.2,151.59,38.92,1,"	246,397" 
2004-09-01T20:00:00Z,"HOC",2005-10-03T20:00:00Z,Buy,20.91,64.53,4,174.48,3.2005659702659,-1.04,175.16,25.16,1,"	242,411" 
2004-09-01T20:00:00Z,"CNC",2005-12-01T21:00:00Z,Buy,19.835,25.21,10,53.75,2.9549654764263,-17.85,175.25,193.1,1,"	240,429" 
2004-09-01T20:00:00Z,"NHC",2006-08-01T20:00:00Z,Buy,26.82,45.17,5,91.75,4.000291765749,0,99.3,34.2,1,"	243,536" 
2004-09-01T20:00:00Z,"HOC",2006-12-01T21:00:00Z,Buy,10.455,54.43,4,175.9,1.9463437925486,-0.52,178.74,65.8,1,"	242,593" 
2004-09-01T20:00:00Z,"NHC",2007-12-03T21:00:00Z,Buy,26.82,49.13,6,133.86,8.8726291576781,0,190.62,67.98,1,"	243,805" 
2004-09-01T20:00:00Z,"HOC",2008-01-02T21:00:00Z,Buy,10.455,50.71,8,322.04,3.1493281397435,-1.04,555.32,273.68,1,"	242,824" 
2004-09-01T20:00:00Z,"VLO",2008-04-01T20:00:00Z,Buy,16.8525,51.87,6,210.1,4.8477448346253,-1.8,365.2,186.18,1,"	246,881" 
2004-10-01T20:00:00Z,"MTEX",2004-12-01T21:00:00Z,Buy,14.49,21.99,9,67.5,4.548222396669,0,79.92,31.14,1,"	257,279" 
2004-10-01T20:00:00Z,"APU",2005-02-01T21:00:00Z,Buy,29.89,30.2,24,7.44,2.2426669324433,-50.88,27.6,63.12,1,"	253,299" 
2004-10-01T20:00:00Z,"BELFB",2005-07-01T20:00:00Z,Buy,32.72,30.2,9,-22.68,4.0173597832512,-60.48,32.67,93.15,0,"	254,364" 
2004-10-01T20:00:00Z,"NL",2005-07-01T20:00:00Z,Buy,18.78,15.24,13,-46.02,4.499148751,-55.64,58.76,114.4,0,"	258,367" 
2004-10-01T20:00:00Z,"MTEX",2005-10-03T20:00:00Z,Buy,14.49,11.7,8,-22.32,1.0394936708861,-34.32,91.76,126.08,0,"	257,413" 
2004-10-01T20:00:00Z,"FARO",2005-11-01T21:00:00Z,Buy,21.36,20.67,10,-6.9,2.7957372607971,-30.8,104.4,135.2,0,"	256,421" 
2004-10-01T20:00:00Z,"RS",2006-04-03T20:00:00Z,Buy,40.31,95.82,3,166.53,4.6798246636809,-19.77,166.53,37.05,1,"	259,475" 
2004-10-01T20:00:00Z,"ECOL",2006-10-02T20:00:00Z,Buy,10.09,19.63,21,200.34,5.5746300766021,0,361.2,182.49,1,"	255,566" 
2004-10-01T20:00:00Z,"RS",2007-02-01T21:00:00Z,Buy,20.155,43.01,10,228.55,2.8888729731434,-32.95,286.1,195.15,1,"	259,626" 
2004-11-01T21:00:00Z,"SRT",2005-01-03T21:00:00Z,Buy,28.13,27.8,8,-2.64,1.0406943942134,-50.24,119.68,21.04,0,"	276,289" 
2004-11-01T21:00:00Z,"CIX",2005-04-01T21:00:00Z,Buy,15.55,16.41,22,18.92,4.0819940820041,-14.3,55,40.92,1,"	270,320" 
2004-11-01T21:00:00Z,"TRMB",2005-06-01T20:00:00Z,Buy,28.87,39.98,8,88.88,3.0225691043715,-2.96,96.88,54.72,1,"	277,354" 
2004-11-01T21:00:00Z,"LEG",2005-09-01T20:00:00Z,Buy,28.27,24.46,17,-64.77,3.3377359189405,-73.27,38.93,112.2,0,"	273,392" 
2004-11-01T21:00:00Z,"MLI",2005-09-01T20:00:00Z,Buy,27.54,27.14,13,-5.2,9.3859574419097,-31.72,63.18,94.9,0,"	275,393" 
2004-11-01T21:00:00Z,"HAE",2006-02-01T21:00:00Z,Buy,32.02,50.68,4,74.64,6.1182436755463,0,82.64,33.4,1,"	271,449" 
2004-11-01T21:00:00Z,"MATR",2006-06-01T20:00:00Z,Buy,21.09334388,30.61,13,123.72,2.8638704464988,-4.68,310.79,248.3,1,"	274,509" 
2004-11-01T21:00:00Z,"HAE",2006-12-01T21:00:00Z,Buy,32.02,45.37,9,120.15,3.3160572725547,0,206.01,125.1,1,"	271,592" 
2004-11-01T21:00:00Z,"K",2007-09-04T20:00:00Z,Buy,42.51,55.32,4,51.24,5.0015256595482,-0.2,51.68,15.16,1,"	272,756" 
2004-11-01T21:00:00Z,"AIT",2007-11-01T20:00:00Z,Buy,16.44442874,33.34,6,101.37,2.0730963526752,-5.91,113.19,59.66,1,"	269,792" 
2004-11-01T21:00:00Z,"K",2008-03-03T21:00:00Z,Buy,42.51,50.78,4,33.08,1.2184220852697,-0.2,55.48,36,1,"	272,858" 
2004-11-01T21:00:00Z,"K",2008-09-02T20:00:00Z,Buy,42.51,55.4,4,51.56,2.0841422845008,-0.2,55.48,36,1,"	272,975" 
2004-11-01T21:00:00Z,"AIT",2008-11-03T21:00:00Z,Buy,16.44442874,19.93,13,45.31,3.3762490388691,-12.8,245.25,226.2,1,"	269,1010" 
2004-11-01T21:00:00Z,"AIT",2010-03-01T21:00:00Z,Buy,16.44442874,23.16,1.2500193387685,8.39,3.0453919855767,-1.23,23.58,21.75,1,"	269,1266" 
2004-11-01T21:00:00Z,"K",2010-08-02T20:00:00Z,Buy,42.51,50,6,44.94,1.8322385665264,-39.78,88.98,128.76,1,"	272,1363" 
2004-11-01T21:00:00Z,"K",2010-12-01T21:00:00Z,Buy,42.51,49.44,4,27.72,3.6163101803113,-26.52,59.32,85.84,1,"	272,1421" 
2004-12-01T21:00:00Z,"STLD",2005-10-03T20:00:00Z,Buy,40.13,32.9,6,-43.38,2.6871945143976,-87.72,33.12,120.84,0,"	282,414" 
2004-12-01T21:00:00Z,"NUE",2006-06-01T20:00:00Z,Buy,26.135,53.34,2,54.41,4.9642464255716,-6.6,66.97,19.42,1,"	281,510" 
2004-12-01T21:00:00Z,"NUE",2007-02-01T21:00:00Z,Buy,26.135,64.8,4,154.66,2.2414254639471,-13.2,158.7,53.56,1,"	281,624" 
2004-12-01T21:00:00Z,"NUE",2008-04-01T20:00:00Z,Buy,26.135,69.25,3,129.34,2.0749265394005,-9.9,144.74,69.21,1,"	281,878" 
2004-12-01T21:00:00Z,"NUE",2009-11-02T21:00:00Z,Buy,26.135,39.02,3,38.66,1.0342968357609,-9.9,167.26,169.41,1,"	281,1200" 
2005-01-03T21:00:00Z,"QSII",2005-02-01T21:00:00Z,Buy,60.55,68.94,4,33.56,1.0201967978652,-155.6,33.56,19.68,1,"	297,304" 
2005-01-03T21:00:00Z,"AHC",2005-06-01T20:00:00Z,Buy,79.33,95.43,5,80.5,4.1930122372576,-1.65,122.4,78.4,1,"	292,348" 
2005-01-03T21:00:00Z,"AEOS",2005-07-01T20:00:00Z,Buy,23.369967048316,31.11,7,54.18,4.6440203074342,0,60.9,29.82,1,"	291,363" 
2005-01-03T21:00:00Z,"CYBE",2005-09-01T20:00:00Z,Buy,14.99,13.9,14,-15.26,3.862302310132,-50.4,3.36,50.4,0,"	294,389" 
2005-01-03T21:00:00Z,"RES",2005-12-01T21:00:00Z,Buy,15.799839625189,34.14,8,146.72,2.0976980791562,-19.92,146.72,51.39,1,"	298,431" 
2005-01-03T21:00:00Z,"AEOS",2006-04-03T20:00:00Z,Buy,23.369967048316,28.79,13,70.46,2.2850695463385,-44.33,131.43,175.76,1,"	291,466" 
2005-01-03T21:00:00Z,"ANF",2006-05-01T20:00:00Z,Buy,46.3,60.86,7,101.92,3.2912038005356,-13.93,187.39,201.32,1,"	293,487" 
2005-01-03T21:00:00Z,"JCOM",2006-06-01T20:00:00Z,Buy,16.87,27.3,20,208.6,17.143067116952,-32.6,230.6,87.8,1,"	296,508" 
2005-01-03T21:00:00Z,"FAF",2006-12-01T21:00:00Z,Buy,34.77,38.63,6,23.16,1.5747813560933,-78.24,85.86,77.88,1,"	295,591" 
2005-01-03T21:00:00Z,"RES",2006-12-01T21:00:00Z,Buy,10.533244191628,22.74,14,170.89,1.9872532291001,-23.24,349.67,255.92,1,"	298,599" 
2005-01-03T21:00:00Z,"AEOS",2007-06-01T20:00:00Z,Buy,15.5799858222,27.19,4.2300017343026E-5,0,1.0856298629122,0,0,0,0,"	291,701" 
2005-01-03T21:00:00Z,"RES",2012-04-02T20:00:00Z,Buy,4.6814444669983,10.41,2.2505584312631,12.89,5.1955946949528,-1.66,29.93,19.28,1,"	298,1688" 
2005-02-01T21:00:00Z,"MIDD",2005-04-01T21:00:00Z,Buy,49.87,49.02,4,-3.4,2.1439898886337,-158.32,52.52,26.68,0,"	310,321" 
2005-02-01T21:00:00Z,"XEL",2005-04-01T21:00:00Z,Buy,18.17,17.23,12,-11.28,1.097634199083,-19.2,6,21.96,0,"	311,322" 
2005-02-01T21:00:00Z,"ELBO",2005-05-02T20:00:00Z,Buy,35.37,56.82,6,128.7,9.0035802145862,-0.54,128.7,36.54,1,"	308,336" 
2005-02-01T21:00:00Z,"ALG",2005-10-03T20:00:00Z,Buy,25.84,19.99,14,-81.9,4.6943993251769,-108.08,0,108.08,0,"	306,408" 
2005-02-01T21:00:00Z,"ELBO",2005-10-08T04:00:00Z,Buy,35.37,62.5,3,81.39,0,-0.27,94.71,18.27,1,"	308,419" 
2005-02-01T21:00:00Z,"ABFS",2006-01-03T21:00:00Z,Buy,40.86,44.55,5,18.45,3.0850828102329,-51.7,23.15,71.3,1,"	305,437" 
2005-02-01T21:00:00Z,"GCI",2007-05-01T20:00:00Z,Buy,79.41,58.16,3,-63.75,1.5047682852372,-83.25,34.53,90,0,"	309,678" 
2005-02-01T21:00:00Z,"ABFS",2007-09-04T20:00:00Z,Buy,40.86,36.4,5,-22.3,1.0557660167131,-51.7,48.45,80.25,0,"	305,753" 
2005-02-01T21:00:00Z,"CMC",2008-10-01T20:00:00Z,Buy,14.43,16.28,18,33.3,7.427634615377,-51.57,449.46,422.64,1,"	307,989" 
2005-03-01T21:00:00Z,"RSC",2005-04-01T21:00:00Z,Buy,14.13,14,15,-1.95,1.9809677966539,-43.2,61.5,23.7,0,"	317,325" 
2005-03-01T21:00:00Z,"IDXX",2005-06-01T20:00:00Z,Buy,55,57.87,4,11.48,1.8879125533107,-87.36,51,11.04,1,"	315,352" 
2005-03-01T21:00:00Z,"ZEUS",2005-08-01T20:00:00Z,Buy,24.68,15.89,8,-70.32,2.2692761539511,-91.76,0.56,92.32,0,"	318,381" 
2005-03-01T21:00:00Z,"PDX",2006-12-01T21:00:00Z,Buy,34.5,48.55,6,84.3,1.2050333935458,-49.05,106.92,62.76,1,"	316,598" 
2005-03-01T21:00:00Z,"BLS",2006-12-30T05:00:00Z,Buy,26.14,47.15,9,189.09,1.0456461001164,-22.95,189.09,29.16,1,"	314,613" 
2005-04-01T21:00:00Z,"REM",2005-05-02T20:00:00Z,Buy,31.93,30.58,14,-18.9,2.1446458343534,-57.68,2.94,60.62,0,"	333,340" 
2005-04-01T21:00:00Z,"UGI",2005-07-01T20:00:00Z,Buy,22.974967605266,28.06,5.9999982599999,30.51,2.2181321742169,-57.95,30.51,10.32,1,"	334,369" 
2005-04-01T21:00:00Z,"ISSC",2005-09-01T20:00:00Z,Buy,21.0666772,16.92,10,-41.47,2.6417740072795,-42.07,38.33,80.4,0,"	328,391" 
2005-04-01T21:00:00Z,"LEG",2005-09-01T20:00:00Z,Buy,29.1,24.46,7,-32.48,1.0352422145329,-35.98,10.22,37.66,0,"	329,392" 
2005-04-01T21:00:00Z,"X",2005-12-01T21:00:00Z,Buy,51.16,48.98,6,-13.08,3.3571307830492,-101.94,0,101.94,0,"	335,432" 
2005-04-01T21:00:00Z,"UGI",2006-03-01T21:00:00Z,Buy,22.974967605266,22.31,24,-15.96,2.222812368369,-231.8,162.36,222.24,0,"	334,462" 
2005-04-01T21:00:00Z,"GDT",2006-04-22T04:00:00Z,Buy,73.76,80.05,3,18.87,1.2074133187141,-120.78,18.87,55.29,1,"	327,485" 
2005-04-01T21:00:00Z,"LRCX",2006-12-01T21:00:00Z,Buy,28.47,51.58,4,92.44,4.4483272601386,-11.44,112.64,63.36,1,"	330,595" 
2005-04-01T21:00:00Z,"MSTR",2007-07-02T20:00:00Z,Buy,55.27,94.59,4,157.28,2.0404235287564,-47.44,308.52,154.64,1,"	331,726" 
2005-04-01T21:00:00Z,"LRCX",2007-11-01T20:00:00Z,Buy,28.47,48.84,8,162.96,4.2904976742482,-22.88,252.08,126.72,1,"	330,794" 
2005-04-01T21:00:00Z,"COP",2008-05-01T20:00:00Z,Buy,55.14,86.59,10,314.5,2.0759240169231,-67.9,350.5,190,1,"	332,905" 
2005-04-01T21:00:00Z,"UGI",2008-11-03T21:00:00Z,Buy,22.974967605266,23.83,2.0000468600412,1.71,1.07,-19.32,13.53,18.82,1,"	334,1023" 
2005-05-02T20:00:00Z,"DECK",2005-06-01T20:00:00Z,Buy,22.9,23.6,11,7.7,3.2431854477523,-16.61,24.42,41.03,1,"	343,349" 
2005-05-02T20:00:00Z,"FIZ",2005-06-01T20:00:00Z,Buy,7.28,8.18,28.000103199917,25.2,1.1488857545839,-10.64,109.76,8.4,1,"	344,350" 
2005-05-02T20:00:00Z,"HSII",2005-06-01T20:00:00Z,Buy,26.42,25.74,13,-8.84,4.2432477142239,-18.85,8.45,27.3,0,"	345,351" 
2005-05-02T20:00:00Z,"WEYS",2005-08-01T20:00:00Z,Buy,18.69,23.6,12.499992499992,61.37,1.1523641304348,-6.87,245.62,34.87,1,"	347,380" 
2005-05-02T20:00:00Z,"TTWO",2006-02-01T21:00:00Z,Buy,23.95,15.17,19,-166.82,2.18746433426,-175.75,102.22,277.97,0,"	346,453" 
2005-05-02T20:00:00Z,"FIZ",2006-04-03T20:00:00Z,Buy,7.28,11.31,0.99989680008256,4.03,1.1075280898876,-0.38,4.77,0.74,1,"	344,472" 
2005-05-02T20:00:00Z,"CTR",2007-06-01T20:00:00Z,Buy,17.0666752,21.83,20,95.27,5.7179580350395,0,182.67,118,1,"	342,705" 
2005-05-02T20:00:00Z,"WEYS",2007-09-04T20:00:00Z,Buy,18.69,29.6,11,120.01,4.1464218917865,-15.29,216.15,72.05,1,"	347,763" 
2005-05-02T20:00:00Z,"WEYS",2008-12-01T21:00:00Z,Buy,18.69,27.26,6,51.42,5.5080270739558,-8.34,124.5,89.34,1,"	347,1046" 
2005-05-02T20:00:00Z,"WEYS",2009-09-01T20:00:00Z,Buy,18.69,21.96,0.5000075000075,1.64,2.8376192634155,-0.7,10.38,9.63,1,"	347,1174" 
2005-05-02T20:00:00Z,"CTR",2010-04-01T20:00:00Z,Buy,17.0666752,22.12,0.99998950000525,5.05,1.103171641791,-1.75,9.13,10.88,1,"	342,1292" 
2005-06-01T20:00:00Z,"PLPC",2005-09-01T20:00:00Z,Buy,36.09,44.43,6,50.04,7.8312058733613,0,50.04,32.4,1,"	360,394" 
2005-06-01T20:00:00Z,"CAI",2006-01-03T21:00:00Z,Buy,65.02,56.95,5,-40.35,5.2970616914366,-64.1,9.25,73.35,0,"	356,438" 
2005-06-01T20:00:00Z,"SPTN",2006-02-01T21:00:00Z,Buy,12.92,12.08,29,-24.36,3.5524470690582,-114.84,69.02,183.86,0,"	362,452" 
2005-06-01T20:00:00Z,"GDT",2006-04-22T04:00:00Z,Buy,74.2,80.05,4,23.4,1.1886086271527,-162.8,23.4,70.56,1,"	357,485" 
2005-06-01T20:00:00Z,"GPX",2006-05-01T20:00:00Z,Buy,7.2,7.2,62,0,6.0287271004136,-31,112.22,143.22,0,"	358,492" 
2005-06-01T20:00:00Z,"PLPC",2006-06-01T20:00:00Z,Buy,36.09,35.96,8,-1.04,4.6740168865316,-34.8,87.28,122.08,0,"	360,512" 
2005-06-01T20:00:00Z,"SCVL",2007-04-02T20:00:00Z,Buy,19.15,33.39,7,99.68,4.5569976659004,-36.12,112.42,76.37,1,"	361,663" 
2005-06-01T20:00:00Z,"SCVL",2007-10-01T20:00:00Z,Buy,19.15,15.79,13,-43.68,1.1150728770596,-67.08,208.78,264.55,0,"	361,781" 
2005-06-01T20:00:00Z,"OXY",2007-12-03T21:00:00Z,Buy,37.4,70.59,3,99.57,2.0458762974947,-7.28,109.11,32.64,1,"	359,806" 
2005-06-01T20:00:00Z,"OXY",2008-05-01T20:00:00Z,Buy,37.4,81.02,9,392.58,3.6023784259638,-21.82,445.32,143.64,1,"	359,904" 
2005-07-01T20:00:00Z,"LEG",2005-09-01T20:00:00Z,Buy,26.75,24.46,8,-18.32,1.0402558314522,-22.32,30.48,36.32,0,"	374,392" 
2005-07-01T20:00:00Z,"APU",2005-10-03T20:00:00Z,Buy,32.57,32.45,28,-3.36,6.5407195079617,-40.88,60.76,101.64,0,"	370,409" 
2005-07-01T20:00:00Z,"CBRL",2006-02-01T21:00:00Z,Buy,39.12,44,15,73.2,5.2753210757633,-88.2,78.75,120.45,1,"	371,446" 
2005-07-01T20:00:00Z,"CPK",2006-08-01T20:00:00Z,Buy,30.59,34.65,20,81.2,3.9185796545644,-52.4,95.8,148.2,1,"	372,531" 
2005-07-01T20:00:00Z,"WDC",2007-02-01T21:00:00Z,Buy,13.75,19.41,24,135.84,4.7874381968184,-57.6,250.32,195.36,1,"	375,631" 
2005-07-01T20:00:00Z,"GCI",2007-05-01T20:00:00Z,Buy,71.91,58.16,3,-41.25,1.2167249660224,-60.75,57.03,69.39,0,"	373,678" 
2005-08-01T20:00:00Z,"MLI",2005-09-01T20:00:00Z,Buy,29.22,27.14,7,-14.56,1.3093844055061,-28.84,22.26,26.81,0,"	385,393" 
2005-08-01T20:00:00Z,"SAM",2005-09-01T20:00:00Z,Buy,21.9,23.71,11,19.91,1.93722362369,-21.12,40.37,6.6,1,"	386,396" 
2005-08-01T20:00:00Z,"FRGO",2006-06-01T20:00:00Z,Buy,18,24.9,19,131.1,8.5386727406629,-34.01,131.1,105.45,1,"	383,507" 
2005-08-01T20:00:00Z,"USPH",2006-09-01T20:00:00Z,Buy,18.42,14.76,30,-109.8,4.9850617270812,-147.6,63.3,210.9,0,"	387,552" 
2005-08-01T20:00:00Z,"BLS",2006-12-30T05:00:00Z,Buy,27.48,47.15,9,177.03,1.0447719044171,-35.01,177.03,29.16,1,"	382,613" 
2005-08-01T20:00:00Z,"K",2010-12-01T21:00:00Z,Buy,45,49.44,6,26.64,1.8851139454705,-54.72,74.04,128.76,1,"	384,1421" 
2005-09-01T20:00:00Z,"FARO",2005-11-01T21:00:00Z,Buy,20.66,20.67,10,0.1,1.0500242130751,-23.8,111.4,33.2,1,"	400,421" 
2005-09-01T20:00:00Z,"PETS",2006-02-01T21:00:00Z,Buy,10.43,17.65,15,108.3,2.2400123117743,-8.85,113.4,32.1,1,"	405,451" 
2005-09-01T20:00:00Z,"LRW",2006-05-01T20:00:00Z,Buy,22.72,27.12,16,70.4,5.2782925242048,-30.72,79.68,80,1,"	402,489" 
2005-09-01T20:00:00Z,"LPX",2006-08-01T20:00:00Z,Buy,25.7,19.86,8,-46.72,2.0536137422251,-49.52,30,79.52,0,"	403,534" 
2005-09-01T20:00:00Z,"SYKE",2006-09-01T20:00:00Z,Buy,10.58,20.2,12,115.44,4.9083404907687,0,115.44,37.44,1,"	407,549" 
2005-09-01T20:00:00Z,"CPSI",2006-12-01T21:00:00Z,Buy,33.47,35.96,12,29.88,3.0610605779459,-31.56,207.96,239.52,1,"	399,590" 
2005-09-01T20:00:00Z,"PDX",2006-12-01T21:00:00Z,Buy,37.195,48.55,6,68.13,1.5739927812737,-65.22,90.75,62.76,1,"	404,598" 
2005-09-01T20:00:00Z,"KOMG",2007-02-01T21:00:00Z,Buy,31.94,33.75,9,16.29,4.6023283872248,-63,193.86,204.03,1,"	401,622" 
2005-09-01T20:00:00Z,"PETS",2007-03-01T21:00:00Z,Buy,10.43,12.38,18,35.1,2.2973780318048,-17.64,172.26,189.9,1,"	405,646" 
2005-09-01T20:00:00Z,"ABFS",2007-09-04T20:00:00Z,Buy,34.92,36.4,6,8.88,2.1670729298661,-26.4,93.78,96.3,1,"	398,753" 
2005-09-01T20:00:00Z,"SYKE",2007-09-04T20:00:00Z,Buy,10.58,16.17,19,106.21,3.550995524244,0,202.73,126.16,1,"	407,760" 
2005-09-01T20:00:00Z,"KFRC",2008-05-01T20:00:00Z,Buy,10.03,8.44,34,-54.06,9.0598007307314,-75.82,236.3,312.12,0,"	406,907" 
2005-10-03T20:00:00Z,"BKH",2006-04-03T20:00:00Z,Buy,43.56,34.25,18,-167.58,4.3058676250808,-189,0,189,0,"	415,469" 
2005-10-03T20:00:00Z,"CMS",2006-04-03T20:00:00Z,Buy,16.5,13.01,46,-160.54,6.0286136864935,-162.84,0,162.84,0,"	417,471" 
2005-10-03T20:00:00Z,"CECO",2006-10-02T20:00:00Z,Buy,35.89,22.5,12,-160.68,8.1223698755506,-217.08,69.72,286.8,0,"	416,564" 
2005-10-03T20:00:00Z,"MCRI",2007-02-01T21:00:00Z,Buy,16.75,24.59,15,117.6,4.6428140409404,-17.25,236.55,222.15,1,"	418,623" 
2005-11-01T21:00:00Z,"MMSI",2006-01-03T21:00:00Z,Buy,11.9,12.43,29.444660856864,15.61,1.1551303616484,-38.18,385.43,27.97,1,"	426,439" 
2005-11-01T21:00:00Z,"TTC",2006-01-03T21:00:00Z,Buy,37.36,44.38,6,42.12,1.0306816315357,-119.06,66.78,10.14,1,"	428,440" 
2005-11-01T21:00:00Z,"LYTS",2006-10-02T20:00:00Z,Buy,17.79,16.02,24,-42.48,9.3249113940345,-137.28,24,161.28,0,"	425,568" 
2005-11-01T21:00:00Z,"B",2007-06-01T20:00:00Z,Buy,17.385,30.1,11,139.86,5.729542597189,-21.4,139.86,89.65,1,"	424,703" 
2005-11-01T21:00:00Z,"NHC",2007-12-03T21:00:00Z,Buy,35.45,49.13,6,82.08,1.7525466528664,-51.78,138.84,67.98,1,"	427,805" 
2005-11-01T21:00:00Z,"MMSI",2008-08-01T20:00:00Z,Buy,11.9,19.83,1.5553391431357,12.33,1.058871845621,-2.02,20.36,2.43,1,"	426,962" 
2005-11-01T21:00:00Z,"B",2009-04-01T20:00:00Z,Buy,17.385,11,17,-108.54,3.3069626165296,-159.54,327.5,487.05,0,"	424,1095" 
2005-12-01T21:00:00Z,"AXE",2006-04-03T20:00:00Z,Buy,38.24,47.29,7,63.35,2.014873491575,-120.47,66.01,23.66,1,"	433,468" 
2005-12-01T21:00:00Z,"SHOO",2006-05-01T20:00:00Z,Buy,28.13,53.01,9,223.92,5.0261875443854,0,225.99,25.56,1,"	435,493" 
2005-12-01T21:00:00Z,"SNHY",2006-05-01T20:00:00Z,Buy,18.75,21.46,11,29.81,6.3766379502055,-12.87,73.04,51.15,1,"	436,494" 
2005-12-01T21:00:00Z,"NVDA",2006-06-01T20:00:00Z,Buy,18.289978052018,24.18,24,141.36,5.1727443106665,-8.88,311.52,199.44,1,"	434,511" 
2005-12-01T21:00:00Z,"NVDA",2007-05-01T20:00:00Z,Buy,18.289978052018,33.24,2.8800011520005E-5,0,3.3830140911158,0,0,0,0,"	434,683" 
2005-12-01T21:00:00Z,"SHOO",2008-09-02T20:00:00Z,Buy,18.753286813383,26.29,8,60.29,2.4146414705067,-30.19,202.93,233.12,1,"	435,979" 
2005-12-01T21:00:00Z,"SHOO",2009-10-01T20:00:00Z,Buy,18.753286813383,36.18,1.0000223256628,17.43,1.0344009779951,-5.18,25.37,30.55,1,"	435,1186" 
2006-01-03T21:00:00Z,"CBRL",2006-02-01T21:00:00Z,Buy,35.1,44,7,62.3,1.8183409670257,-13.02,64.89,10.22,1,"	442,446" 
2006-01-03T21:00:00Z,"PTC",2006-06-01T20:00:00Z,Buy,18.49334258,14.88,13,-46.97,3.2303408973255,-54.77,47.41,102.18,0,"	444,513" 
2006-01-03T21:00:00Z,"CPK",2006-08-01T20:00:00Z,Buy,30.68,34.65,1,3.97,1.39005192808,-2.71,4.7,4.35,1,"	443,531" 
2006-01-03T21:00:00Z,"ASH",2006-09-01T20:00:00Z,Buy,59.9,63.06,12,37.92,5.5567976562864,-27.12,176.52,203.64,1,"	441,545" 
2006-01-03T21:00:00Z,"CPK",2006-10-02T20:00:00Z,Buy,30.68,30.2,6,-2.88,1.1406988352745,-16.26,28.2,31.68,0,"	443,565" 
2006-01-03T21:00:00Z,"SKX",2006-11-01T21:00:00Z,Buy,15.67,28.7,8,104.24,4.8586080587998,-0.48,118.08,55.28,1,"	445,583" 
2006-01-03T21:00:00Z,"SKX",2007-10-01T20:00:00Z,Buy,15.67,22.8,15,106.95,1.0776214253291,-0.9,327.45,288,1,"	445,782" 
2006-02-01T21:00:00Z,"BKH",2006-04-03T20:00:00Z,Buy,35.61,34.25,6,-8.16,1.5027835627161,-15.3,47.7,15.3,0,"	454,469" 
2006-02-01T21:00:00Z,"FIZ",2006-04-03T20:00:00Z,Buy,8.76,11.31,21.000103199917,53.55,1.2997911832947,-39.06,69.09,15.54,1,"	456,472" 
2006-02-01T21:00:00Z,"FIZ",2006-05-01T20:00:00Z,Buy,8.76,15.46,15,100.5,1.07548828125,-27.9,106.2,26.1,1,"	456,488" 
2006-02-01T21:00:00Z,"CRUS",2006-08-01T20:00:00Z,Buy,8.5,6.56,52,-100.88,5.2243038529398,-100.88,89.44,190.32,0,"	455,532" 
2006-02-01T21:00:00Z,"TALK",2006-09-01T20:00:00Z,Buy,9.55,5.84,21,-77.91,1.3760877384904,-95.34,42.84,94.71,0,"	458,550" 
2006-02-01T21:00:00Z,"TNC",2006-09-01T20:00:00Z,Buy,27.75,26.82,9,-8.37,5.2750210819414,-54.4,0,54.4,0,"	459,551" 
2006-02-01T21:00:00Z,"ZEUS",2007-02-01T21:00:00Z,Buy,30.7,27.81,12,-34.68,2.1226122881977,-111.84,99.24,211.08,0,"	460,632" 
2006-02-01T21:00:00Z,"FIZ",2007-08-01T20:00:00Z,Buy,7.29999708,9.79,26,64.74,2.820808844553,-40.3,195.43,131.73,1,"	456,745" 
2006-02-01T21:00:00Z,"TNC",2007-10-01T20:00:00Z,Buy,27.75,48.4,7,144.55,1.0348559670782,-42.32,151.62,42.32,1,"	459,783" 
2006-02-01T21:00:00Z,"TNC",2008-09-02T20:00:00Z,Buy,27.75,31.28,12,42.36,4.6842940625545,-72.54,259.92,294.24,1,"	459,980" 
2006-02-01T21:00:00Z,"FIZ",2010-05-03T20:00:00Z,Buy,7.29999708,11.65,1.599887200054,6.96,3.3166623330079,-2.48,12.03,12.15,1,"	456,1307" 
2006-02-01T21:00:00Z,"K",2010-12-01T21:00:00Z,Buy,43.71,49.44,5,28.65,1.0254423748545,-39.15,68.15,107.3,1,"	457,1421" 
2006-03-01T21:00:00Z,"CMS",2006-04-03T20:00:00Z,Buy,14.2,13.01,16,-19.04,1.0807391613362,-19.84,36.8,19.84,0,"	463,471" 
2006-03-01T21:00:00Z,"IIIN",2006-04-03T20:00:00Z,Buy,39.29,59.24,4,79.8,4.0000305275754,0,80.08,17.84,1,"	465,473" 
2006-03-01T21:00:00Z,"CPK",2006-10-02T20:00:00Z,Buy,30.16,30.2,8,0.32,1.4311740332952,-17.52,41.76,42.24,1,"	464,565" 
2006-03-01T21:00:00Z,"IIIN",2007-04-02T20:00:00Z,Buy,19.645,16.71,8,-23.48,2.0827652782942,-30.04,80.64,110.68,0,"	465,657" 
2006-04-03T20:00:00Z,"LMS",2006-05-01T20:00:00Z,Buy,28.03,24.85,9,-28.62,3.1142663539576,-28.98,14.13,43.11,0,"	480,490" 
2006-04-03T20:00:00Z,"GPX",2006-05-01T20:00:00Z,Buy,6.9,7.2,44,13.2,1.9573439952213,-8.8,92.84,8.8,1,"	481,492" 
2006-04-03T20:00:00Z,"PLPC",2006-06-01T20:00:00Z,Buy,33.2,35.96,6,16.56,1.0439488820668,-8.76,82.8,14.34,1,"	482,512" 
2006-04-03T20:00:00Z,"ADTN",2006-10-02T20:00:00Z,Buy,25.95,23.37,16,-41.28,3.6455559057093,-91.04,16.64,107.68,0,"	476,563" 
2006-04-03T20:00:00Z,"LII",2006-11-01T21:00:00Z,Buy,30.22,26.95,22,-71.94,6.6676946333921,-194.48,94.82,289.3,0,"	479,581" 
2006-04-03T20:00:00Z,"TSAI",2007-02-01T21:00:00Z,Buy,30.42,36.99,7,45.99,1.0341140660045,-109.41,86.03,81.06,1,"	483,630" 
2006-04-03T20:00:00Z,"WIRE",2007-03-01T21:00:00Z,Buy,33.22,25.15,10,-80.7,2.0973936358142,-120.6,133.1,253.7,0,"	484,648" 
2006-04-03T20:00:00Z,"GCI",2007-05-01T20:00:00Z,Buy,60.35,58.16,5,-10.95,1.0251668056714,-43.45,152.85,46.45,0,"	478,678" 
2006-04-03T20:00:00Z,"EGY",2007-06-01T20:00:00Z,Buy,6.83,4.86,54,-106.38,5.9164049615769,-120.42,176.58,297,0,"	477,707" 
2006-05-01T20:00:00Z,"SRT",2006-07-03T17:00:00Z,Buy,23.32,14.72,24,-206.4,6.2195776465222,-252.48,16.08,268.56,0,"	504,525" 
2006-05-01T20:00:00Z,"CPK",2006-10-02T20:00:00Z,Buy,29.87,30.2,7,2.31,1.3577024319753,-13.3,38.57,36.96,1,"	496,565" 
2006-05-01T20:00:00Z,"JAKK",2006-10-02T20:00:00Z,Buy,23.46,17.65,19,-110.39,2.1923609106942,-149.34,0,149.34,0,"	498,567" 
2006-05-01T20:00:00Z,"SCHN",2006-11-01T21:00:00Z,Buy,39.5,34.9,11.499985329992,-52.9,3.0032223210347,-372.98,30.21,118.22,0,"	503,582" 
2006-05-01T20:00:00Z,"MSM",2006-12-01T21:00:00Z,Buy,51.98,38.46,13,-175.76,6.8476486560709,-188.89,35.36,224.25,0,"	500,596" 
2006-05-01T20:00:00Z,"PDX",2006-12-01T21:00:00Z,Buy,49.85,48.55,4,-5.2,1.0196918822832,-94.1,9.88,34.52,0,"	501,598" 
2006-05-01T20:00:00Z,"PZZA",2007-02-01T21:00:00Z,Buy,33.49,28.26,21,-109.83,4.9584583224064,-135.66,89.67,225.33,0,"	502,625" 
2006-05-01T20:00:00Z,"LG",2007-03-01T21:00:00Z,Buy,33.06,31.26,25,-45,5.1618456458709,-51.25,97,148.25,0,"	499,644" 
2006-05-01T20:00:00Z,"DECK",2007-04-02T20:00:00Z,Buy,42.49,70,4,110.04,4.4659622206924,-33.16,124.12,36.24,1,"	497,654" 
2006-05-01T20:00:00Z,"STLD",2007-05-01T20:00:00Z,Buy,32.145,44.21,14,168.91,2.1058790176326,-119.42,202.79,150.85,1,"	505,686" 
2006-05-01T20:00:00Z,"DECK",2007-08-01T20:00:00Z,Buy,42.49,104.94,3,187.35,3.4725075062278,-24.87,196.38,35.82,1,"	497,744" 
2006-05-01T20:00:00Z,"SCHN",2007-10-01T20:00:00Z,Buy,39.5,75.84,0.50001467000806,18.17,1.0206958657388,-16.22,18.17,7.26,1,"	503,780" 
2006-05-01T20:00:00Z,"DECK",2007-11-01T20:00:00Z,Buy,42.49,132.75,2,180.52,5.8330393372624,-16.58,207.02,46.86,1,"	497,793" 
2006-05-01T20:00:00Z,"DECK",2008-11-03T21:00:00Z,Buy,42.49,80.65,2,76.32,1.0095083706673,-16.58,244.82,185.58,1,"	497,1012" 
2006-05-01T20:00:00Z,"WEYS",2009-09-01T20:00:00Z,Buy,21.28,21.96,9.4999924999925,6.46,2.3496140057463,-37.81,172.52,182.87,1,"	506,1174" 
2006-06-01T20:00:00Z,"HCSG",2006-07-03T17:00:00Z,Buy,20.42,20.73,7.5000696093184,2.33,1.0503451676529,-115.68,15.83,10.5,1,"	515,523" 
2006-06-01T20:00:00Z,"KBALB",2006-07-03T17:00:00Z,Buy,15.15,19.88,14,66.22,5.7545616990022,0,66.22,9.24,1,"	516,524" 
2006-06-01T20:00:00Z,"MTEX",2006-08-01T20:00:00Z,Buy,13.93,14.35,21,8.82,3.2335352626341,-60.48,11.97,60.48,1,"	519,535" 
2006-06-01T20:00:00Z,"MLR",2006-10-02T20:00:00Z,Buy,20.04,18.03,19,-38.19,2.1909856312344,-64.22,22.04,86.26,0,"	518,569" 
2006-06-01T20:00:00Z,"KBALB",2006-11-01T21:00:00Z,Buy,15.15,24.56,12,112.92,1.0593236714976,0,119.76,43.08,1,"	516,580" 
2006-06-01T20:00:00Z,"QDEL",2007-04-02T20:00:00Z,Buy,9.62,12.28,34,90.44,5.5874495968778,-50.32,210.46,190.74,1,"	520,662" 
2006-06-01T20:00:00Z,"TTMI",2007-04-02T20:00:00Z,Buy,15.08,9.44,26,-146.64,2.2618166643879,-146.9,0,146.9,0,"	522,664" 
2006-06-01T20:00:00Z,"LMS",2007-05-01T20:00:00Z,Buy,24.38,26.8,11,26.62,3.0615690153263,-45.65,75.24,94.82,1,"	517,681" 
2006-06-01T20:00:00Z,"RSC",2007-05-01T20:00:00Z,Buy,14.83,16.43,32,51.2,2.3188208446073,-42.56,109.12,103.36,1,"	521,685" 
2006-06-01T20:00:00Z,"KBALB",2007-07-02T20:00:00Z,Buy,15.15,14.01,19,-21.66,1.175,-43.51,204.63,248.14,0,"	516,724" 
2006-06-01T20:00:00Z,"EXPO",2008-05-01T20:00:00Z,Buy,15.365,34.07,3,56.12,1.041014347681,-26.74,64.96,11.58,1,"	514,897" 
2006-06-01T20:00:00Z,"HCSG",2008-06-02T20:00:00Z,Buy,20.42,17.33,2.4999303906816,-7.72,1.1277154195011,-38.56,5.27,13.35,0,"	515,930" 
2006-06-01T20:00:00Z,"EXPO",2009-11-02T21:00:00Z,Buy,15.365,26.11,13,139.68,2.9538483226469,-115.9,281.52,222.3,1,"	514,1195" 
2006-07-03T17:00:00Z,"LPX",2006-08-01T20:00:00Z,Buy,21.9,19.86,10,-20.4,1.0500228414801,-23.9,75.5,23.9,0,"	529,534" 
2006-07-03T17:00:00Z,"LCUT",2006-09-01T20:00:00Z,Buy,22.11,20.11,21,-42,4.3450425322327,-60.27,0,60.27,0,"	528,547" 
2006-07-03T17:00:00Z,"TALK",2006-09-01T20:00:00Z,Buy,6.24,5.84,39,-15.6,1.1965751211632,-47.97,208.65,24.96,0,"	530,550" 
2006-07-03T17:00:00Z,"CPK",2006-10-02T20:00:00Z,Buy,30.15,30.2,7,0.35,1.3881604429784,-15.26,36.61,36.96,1,"	527,565" 
2006-07-03T17:00:00Z,"AP",2007-05-01T20:00:00Z,Buy,29.25,36.08,11,75.13,2.1110439801145,-68.09,85.36,145.53,1,"	526,676" 
2006-08-01T20:00:00Z,"SAM",2006-09-01T20:00:00Z,Buy,29.1,31.75,10,26.5,7.5394847413462,-1.1,37.4,17.4,1,"	542,548" 
2006-08-01T20:00:00Z,"WWE",2006-09-01T20:00:00Z,Buy,16.11,17,12,10.68,5.4301835736888,-8.28,13.8,12.96,1,"	543,554" 
2006-08-01T20:00:00Z,"CECO",2006-10-02T20:00:00Z,Buy,28.19,22.5,9,-51.21,2.0969113650061,-93.51,121.59,93.51,0,"	539,564" 
2006-08-01T20:00:00Z,"WWE",2007-01-03T21:00:00Z,Buy,16.11,16.18,37,2.59,3.9801215770206,-25.53,45.51,56.24,1,"	543,615" 
2006-08-01T20:00:00Z,"ANK",2007-02-01T21:00:00Z,Buy,18.34,30.15,8,94.48,5.9631827244818,-8,104.32,44.96,1,"	538,620" 
2006-08-01T20:00:00Z,"GCI",2007-05-01T20:00:00Z,Buy,52.48,58.16,5,28.4,1.4088615912032,-4.1,192.2,36.8,1,"	540,678" 
2006-08-01T20:00:00Z,"ANK",2007-06-01T20:00:00Z,Buy,18.34,28.23,13,128.57,4.7799134675,-13,169.52,99.45,1,"	538,702" 
2006-08-01T20:00:00Z,"SAM",2007-09-04T20:00:00Z,Buy,29.1,48.89,7,138.53,2.4647933746265,-0.77,143.85,45.57,1,"	542,759" 
2006-08-01T20:00:00Z,"SAM",2008-01-02T21:00:00Z,Buy,29.1,36.04,13,90.22,3.1024580766632,-1.43,325.91,295.49,1,"	542,828" 
2006-08-01T20:00:00Z,"MRO",2008-06-02T20:00:00Z,Buy,45.3,51.66,12,76.32,4.813262658507,-118.86,252.12,256.32,1,"	541,934" 
2006-09-01T20:00:00Z,"TESS",2006-10-02T20:00:00Z,Buy,23.71,31.52,8,62.48,3.4223009488023,-10.4,62.48,14.4,1,"	561,571" 
2006-09-01T20:00:00Z,"TESS",2007-02-01T21:00:00Z,Buy,15.806643667978,24.71,11,97.94,1.060780411449,-9.53,113.78,51.92,1,"	561,629" 
2006-09-01T20:00:00Z,"MTEX",2007-04-02T20:00:00Z,Buy,14.96,15.35,22,8.58,9.7200202720276,-33,94.6,127.6,1,"	558,660" 
2006-09-01T20:00:00Z,"PTSI",2007-05-01T20:00:00Z,Buy,25.93,18.91,19,-133.38,3.6396403809368,-133.38,18.62,152,0,"	560,684" 
2006-09-01T20:00:00Z,"DLTR",2007-07-02T20:00:00Z,Buy,29.01,43.82,7,103.67,5.1732326610533,-4.41,115.92,25.13,1,"	555,720" 
2006-09-01T20:00:00Z,"MGLN",2007-07-02T20:00:00Z,Buy,47.48,46.32,14,-16.24,2.1390157144394,-104.16,4.34,104.16,0,"	557,725" 
2006-09-01T20:00:00Z,"OGE",2007-07-02T20:00:00Z,Buy,37.3,37,30,-9,4.129746992819,-108,111.3,219.3,0,"	559,727" 
2006-09-01T20:00:00Z,"TESS",2007-10-01T20:00:00Z,Buy,15.806643667978,15.55,13,-3.34,2.7536881737299,-87.45,202.19,289.64,0,"	561,784" 
2006-09-01T20:00:00Z,"DLTR",2008-02-01T21:00:00Z,Buy,29.01,27.79,16,-19.52,3.4009028238666,-123.36,264.96,388.32,0,"	555,840" 
2006-09-01T20:00:00Z,"IVAC",2008-04-01T20:00:00Z,Buy,17.38,13.94,16,-55.04,7.5996060718128,-115.84,211.04,326.88,0,"	556,877" 
2006-09-01T20:00:00Z,"VLO",2008-04-01T20:00:00Z,Buy,57.81,51.87,4,-23.76,1.0201533902737,-165.03,79.64,124.12,0,"	562,881" 
2006-09-01T20:00:00Z,"TESS",2011-02-01T21:00:00Z,Buy,10.5377677142,12.44,5.2380023832936E-5,0,1.1511805555556,0,0,0,0,"	561,1453" 
2006-10-02T20:00:00Z,"BWS",2006-12-01T21:00:00Z,Buy,36.11,45.31,6,55.2,4.6781729822236,0,68.04,12.84,1,"	573,589" 
2006-10-02T20:00:00Z,"SPH",2007-02-01T21:00:00Z,Buy,33.88,38.71,27,130.41,2.3014229599243,-7.29,139.86,84.51,1,"	577,627" 
2006-10-02T20:00:00Z,"PCLN",2007-03-01T21:00:00Z,Buy,36.76,53.16,11,180.4,4.545083958525,0,191.4,28.71,1,"	576,645" 
2006-10-02T20:00:00Z,"WCC",2007-03-01T21:00:00Z,Buy,56.9,66,7,63.7,2.0689579798331,0,97.79,96.18,1,"	579,647" 
2006-10-02T20:00:00Z,"AEOS",2007-06-01T20:00:00Z,Buy,29.74001487,27.19,16.999957699983,-43.35,1.0611095890411,-279.37,78.2,125.12,0,"	572,701" 
2006-10-02T20:00:00Z,"BWS",2007-06-01T20:00:00Z,Buy,24.07334537,29.9,14,81.57,6.3921375154817,0,184.24,153.21,1,"	573,704" 
2006-10-02T20:00:00Z,"MOH",2007-06-01T20:00:00Z,Buy,34.86,32.4,13,-31.98,2.1302033313325,-67.21,75.92,143.13,0,"	575,708" 
2006-10-02T20:00:00Z,"THO",2007-06-01T20:00:00Z,Buy,41.11,44.85,14,52.36,4.6103285607769,-31.22,89.88,121.1,1,"	578,709" 
2006-10-02T20:00:00Z,"ICUI",2007-07-02T20:00:00Z,Buy,45.75,43.25,15,-37.5,10.262722431496,-116.1,33.75,149.85,0,"	574,722" 
2006-10-02T20:00:00Z,"BWS",2011-02-01T21:00:00Z,Buy,24.07334537,13.29,0.99999250000375,-10.78,3.2498764385551,-13.57,13.16,26.73,0,"	573,1447" 
2006-10-02T20:00:00Z,"AEOS",2013-08-01T20:00:00Z,Buy,29.74001487,19.92,1.0000333000218,-9.82,1.2029546612328,-16.43,4.6,16.72,0,"	572,1938" 
2006-11-01T21:00:00Z,"FAF",2006-12-01T21:00:00Z,Buy,40.38,38.63,6,-10.5,1.5599555455762,-111.9,52.2,20.22,0,"	584,591" 
2006-11-01T21:00:00Z,"HAE",2006-12-01T21:00:00Z,Buy,45.45,45.37,5,-0.4,1.2054843231515,-67.15,47.3,8.8,0,"	585,592" 
2006-11-01T21:00:00Z,"OFIX",2006-12-01T21:00:00Z,Buy,43.24,43.49,17,4.25,5.1187169465367,-12.24,39.1,36.55,1,"	586,597" 
2006-11-01T21:00:00Z,"WMK",2006-12-01T21:00:00Z,Buy,39.8,39.89,6,0.54,1.7531454152512,-71.16,38.16,8.04,1,"	587,600" 
2006-11-01T21:00:00Z,"XOM",2007-07-02T20:00:00Z,Buy,71.07,84.81,3,41.22,2.933448989907,-3.63,45.99,26.55,1,"	588,729" 
2006-11-01T21:00:00Z,"XOM",2008-11-03T21:00:00Z,Buy,71.07,74.39,6,19.92,5.359494958948,-56.4,143.88,200.28,1,"	588,1026" 
2006-11-01T21:00:00Z,"XOM",2009-11-02T21:00:00Z,Buy,71.07,72.15,5,5.4,2.7803924264315,-47,119.9,166.9,1,"	588,1204" 
2006-12-01T21:00:00Z,"CNXS",2006-12-20T05:00:00Z,Buy,37.33,37.49,10,1.6,1.1404045572524,0,1.6,1,1,"	602,612" 
2006-12-01T21:00:00Z,"WWE",2007-01-03T21:00:00Z,Buy,15.96,16.18,14,3.08,1.0703083700441,-7.56,19.32,11.48,1,"	611,615" 
2006-12-01T21:00:00Z,"DIOD",2007-02-01T21:00:00Z,Buy,41.09,37.12,10,-39.7,3.0746495459033,-82.6,12.5,95.1,0,"	605,621" 
2006-12-01T21:00:00Z,"SPTN",2007-02-01T21:00:00Z,Buy,20.27,23.5,17,54.91,3.8027334204915,-9.01,57.63,21.76,1,"	610,628" 
2006-12-01T21:00:00Z,"EBF",2007-03-01T21:00:00Z,Buy,22.74,25.39,9,23.85,6.4081266045543,0,38.07,15.21,1,"	606,643" 
2006-12-01T21:00:00Z,"GPI",2007-04-02T20:00:00Z,Buy,50.22,39.82,9,-93.6,5.3262155324394,-94.23,40.05,134.28,0,"	607,656" 
2006-12-01T21:00:00Z,"MLI",2007-04-02T20:00:00Z,Buy,33.52,29.86,17,-62.22,2.1681536846563,-93.84,15.98,109.82,0,"	609,659" 
2006-12-01T21:00:00Z,"CMI",2007-05-01T20:00:00Z,Buy,59.315,92,10,326.85,2.0747007800904,-21.9,368.35,60.35,1,"	604,677" 
2006-12-01T21:00:00Z,"CRS",2007-06-01T20:00:00Z,Buy,107.51,135.68,4,112.68,5.3029675356051,-40.88,116,63.8,1,"	603,706" 
2006-12-01T21:00:00Z,"EBF",2007-07-02T20:00:00Z,Buy,22.74,23.98,32,39.68,3.7630424165153,-6.4,161.6,168,1,"	606,721" 
2006-12-01T21:00:00Z,"ICUI",2007-07-02T20:00:00Z,Buy,40.34,43.25,6,17.46,1.8578386760983,-13.98,45.96,27.6,1,"	608,722" 
2006-12-01T21:00:00Z,"AMWD",2007-10-01T20:00:00Z,Buy,38.35,26.19,13,-158.08,6.0074649383727,-183.56,88.53,272.09,0,"	601,777" 
2007-01-03T21:00:00Z,"SPH",2007-02-01T21:00:00Z,Buy,37.42,38.71,6,7.74,1.6118320916217,-22.86,9.84,8.94,1,"	619,627" 
2007-01-03T21:00:00Z,"LAWS",2007-04-02T20:00:00Z,Buy,44.97,36.84,10,-81.3,2.0977211303911,-104.3,20.3,124.6,0,"	618,658" 
2007-01-03T21:00:00Z,"AEIS",2007-05-01T20:00:00Z,Buy,18.72,24.9,11,67.98,6.1100206675969,-22.33,69.41,25.63,1,"	616,674" 
2007-01-03T21:00:00Z,"CVX",2007-08-01T20:00:00Z,Buy,71,85.11,3,42.33,5.6971631742403,-13.62,67.02,24.69,1,"	617,742" 
2007-01-03T21:00:00Z,"AEIS",2008-04-01T20:00:00Z,Buy,18.72,13.68,14,-70.56,6.0220676447011,-123.76,97.44,221.2,0,"	616,874" 
2007-01-03T21:00:00Z,"CVX",2008-11-03T21:00:00Z,Buy,71,73.61,5,13.05,7.0002120711474,-62,160.35,222.35,1,"	617,1011" 
2007-01-03T21:00:00Z,"CVX",2009-12-01T21:00:00Z,Buy,71,79.06,5,40.3,3.5867784048761,-72.65,160.35,233,1,"	617,1223" 
2007-02-01T21:00:00Z,"NEU",2007-04-02T20:00:00Z,Buy,56.94,40.16,7,-117.46,4.9854213566029,-117.46,0,117.46,0,"	635,655" 
2007-02-01T21:00:00Z,"OMM",2007-04-02T20:00:00Z,Buy,21.99,26.77,18,86.04,5.2523050413915,-14.94,89.64,17.64,1,"	641,661" 
2007-02-01T21:00:00Z,"GISX",2007-05-01T20:00:00Z,Buy,19.52,28.92,28,263.2,12.159795003757,-7,263.2,27.16,1,"	636,679" 
2007-02-01T21:00:00Z,"NVDA",2007-05-01T20:00:00Z,Buy,31.04,33.24,11.999971199988,26.4,2.8956077822464,-157.44,45.48,77.76,1,"	639,683" 
2007-02-01T21:00:00Z,"GISX",2007-05-12T04:00:00Z,Buy,19.52,29.02,8,76,0,-2,76.24,7.76,1,"	636,700" 
2007-02-01T21:00:00Z,"OMM",2007-06-09T04:00:00Z,Buy,21.99,29.22,21,151.83,0,-17.43,152.67,20.58,1,"	641,719" 
2007-02-01T21:00:00Z,"ABM",2007-08-01T20:00:00Z,Buy,26.19,25.16,9,-9.27,4.2556748773598,-28.44,38.07,66.51,0,"	633,739" 
2007-02-01T21:00:00Z,"NVEC",2007-09-04T20:00:00Z,Buy,23.03,34.8,9,105.93,5.1884125888653,-19.53,161.73,98.55,1,"	640,758" 
2007-02-01T21:00:00Z,"UHS",2007-09-04T20:00:00Z,Buy,57.94,52.14,16,-92.8,4.21334258827,-146.88,80.64,227.52,0,"	642,761" 
2007-02-01T21:00:00Z,"JJSF",2007-12-03T21:00:00Z,Buy,41.57,31.79,13,-127.14,10.984476884984,-127.14,2.6,129.74,0,"	637,803" 
2007-02-01T21:00:00Z,"JNJ",2007-12-03T21:00:00Z,Buy,67.06,67.72,3,1.98,5.4309086729806,-21.93,4.08,21.93,1,"	638,804" 
2007-02-01T21:00:00Z,"ABM",2008-01-02T21:00:00Z,Buy,26.19,20.16,21,-126.63,1.1038665358194,-143.01,88.83,231.84,0,"	633,822" 
2007-02-01T21:00:00Z,"BKE",2008-02-01T21:00:00Z,Buy,33.8,42.14,6,50.04,11.11902050069,-16.86,56.52,73.38,1,"	634,838" 
2007-02-01T21:00:00Z,"JNJ",2008-08-01T20:00:00Z,Buy,67.06,68.15,3,3.27,1.4178945299683,-21.93,5.82,21.93,1,"	638,961" 
2007-02-01T21:00:00Z,"JNJ",2008-11-03T21:00:00Z,Buy,67.06,61.21,12,-70.2,1.0597267848431,-119.52,62.04,181.56,0,"	638,1015" 
2007-02-01T21:00:00Z,"BKE",2009-05-01T20:00:00Z,Buy,22.5333446,36.61,7,98.54,1.0343433395872,-55.67,133.23,188.91,1,"	634,1117" 
2007-02-01T21:00:00Z,"BKE",2009-10-01T20:00:00Z,Buy,22.5333446,33.52,9,98.88,1.9485835038439,-71.58,171.3,242.88,1,"	634,1179" 
2007-02-01T21:00:00Z,"JNJ",2009-12-01T21:00:00Z,Buy,67.06,63.51,8,-28.4,3.8965859529284,-163.92,41.36,205.28,0,"	638,1226" 
2007-02-01T21:00:00Z,"BKE",2014-04-01T20:00:00Z,Buy,22.5333446,46.33,0.49999175000412,11.9,7.9899270487739,-3.98,17.3,13.49,1,"	634,2122" 
2007-02-01T21:00:00Z,"NVDA",2015-06-01T20:00:00Z,Buy,31.04,22.38,2.8800011520005E-5,0,1.8057219837498,0,0,0,0,"	639,2451" 
2007-03-01T21:00:00Z,"AMED",2007-05-01T20:00:00Z,Buy,31.72,33.86,18.667004435888,39.95,5.1967451425844,-261.42,62.13,66.27,1,"	649,675" 
2007-03-01T21:00:00Z,"MGPI",2007-05-01T20:00:00Z,Buy,19.17,19.59,19,7.98,2.1853575892221,-19.95,29.64,25.84,1,"	651,682" 
2007-03-01T21:00:00Z,"BIO",2007-09-04T20:00:00Z,Buy,71.14,85.57,9,129.87,4.9799276897748,-31.23,129.87,51.57,1,"	650,754" 
2007-03-01T21:00:00Z,"AMED",2007-11-01T20:00:00Z,Buy,31.72,42.45,0.33299556411238,3.57,3.1433094447892,-4.66,3.89,1.18,1,"	649,791" 
2007-03-01T21:00:00Z,"X",2008-03-03T21:00:00Z,Buy,87.8,108,4,80.8,3.7746059671459,-28.4,148.36,176.76,1,"	653,863" 
2007-03-01T21:00:00Z,"UAUA",2008-05-01T20:00:00Z,Buy,39.98,16.1,10,-238.8,4.0358095486138,-264.3,115.1,379.4,0,"	652,909" 
2007-04-02T20:00:00Z,"TZOO",2007-05-01T20:00:00Z,Buy,36.95,27.35,8,-76.8,4.4642403548292,-76.8,22.72,99.52,0,"	672,687" 
2007-04-02T20:00:00Z,"AHS",2007-08-01T20:00:00Z,Buy,22.94,21.71,20,-24.6,3.5786504011231,-39,41.6,80.6,0,"	665,740" 
2007-04-02T20:00:00Z,"USNA",2007-09-04T20:00:00Z,Buy,47.44,39.98,9,-67.14,2.0927103051721,-161.64,24.57,186.21,0,"	673,762" 
2007-04-02T20:00:00Z,"TSRA",2007-12-03T21:00:00Z,Buy,40.5,38.9,12,-19.2,8.6686279250788,-92.52,64.56,157.08,0,"	671,810" 
2007-04-02T20:00:00Z,"LDL",2008-01-02T21:00:00Z,Buy,16.68,10.26,27,-173.34,2.5747465577328,-212.76,47.79,260.55,0,"	667,825" 
2007-04-02T20:00:00Z,"PCCC",2008-01-02T21:00:00Z,Buy,13.82,11.28,22,-55.88,5.5879160726956,-64.46,36.3,92.4,0,"	669,827" 
2007-04-02T20:00:00Z,"ODP",2008-03-03T21:00:00Z,Buy,35.29,11.08,6,-145.26,2.0845104397182,-145.26,55.44,152.82,0,"	668,860" 
2007-04-02T20:00:00Z,"ALB",2008-04-01T20:00:00Z,Buy,42.01,37,17,-85.17,18.427910686095,-138.72,99.28,238,0,"	666,875" 
2007-04-02T20:00:00Z,"RIMG",2008-11-03T21:00:00Z,Buy,25.96,15.05,23,-250.93,14.31068055939,-345.92,183.08,529,0,"	670,1020" 
2007-05-01T20:00:00Z,"IIIN",2007-07-02T20:00:00Z,Buy,16.43,18.18,22,38.5,6.4327261136409,0,71.06,36.52,1,"	691,723" 
2007-05-01T20:00:00Z,"CALM",2007-08-01T20:00:00Z,Buy,12.74,18.15,13,70.33,4.8633043046033,-8.32,129.22,58.89,1,"	688,741" 
2007-05-01T20:00:00Z,"KELYA",2007-09-04T20:00:00Z,Buy,28.93,22.75,22,-135.96,7.4085586210221,-198.22,1.98,200.2,0,"	692,757" 
2007-05-01T20:00:00Z,"LNDC",2007-10-01T20:00:00Z,Buy,12.54,16,39,134.94,4.4381444501438,-103.35,134.94,160.29,1,"	693,778" 
2007-05-01T20:00:00Z,"ZMH",2007-11-01T20:00:00Z,Buy,88.57,68.9,4,-78.68,7.8108362556066,-85.4,9.64,95.04,0,"	699,795" 
2007-05-01T20:00:00Z,"FAF",2007-12-03T21:00:00Z,Buy,51,34.29,17,-284.07,2.8492446250252,-354.62,69.19,423.81,0,"	689,801" 
2007-05-01T20:00:00Z,"UCTT",2007-12-03T21:00:00Z,Buy,14.49,13.8,20,-13.8,2.1950088127588,-40.6,41.8,82.4,0,"	697,811" 
2007-05-01T20:00:00Z,"GIII",2008-01-02T21:00:00Z,Buy,17.59,13.59,19,-76,5.5854365321771,-102.98,83.6,186.58,0,"	690,823" 
2007-05-01T20:00:00Z,"CALM",2008-02-01T21:00:00Z,Buy,12.74,31.31,7,129.99,1.0380107526882,-4.48,129.99,56.7,1,"	688,839" 
2007-05-01T20:00:00Z,"ZMH",2008-02-01T21:00:00Z,Buy,88.57,79.09,6,-56.88,1.0455762581637,-150.12,14.46,164.58,0,"	699,844" 
2007-05-01T20:00:00Z,"USMO",2008-04-01T20:00:00Z,Buy,21.28,7.45,28,-387.24,5.9080387211685,-406.28,192.08,598.36,0,"	698,880" 
2007-05-01T20:00:00Z,"CALM",2008-10-01T20:00:00Z,Buy,12.74,27.42,13,190.84,3.7318773361306,-8.32,453.83,276.77,1,"	688,988" 
2007-05-01T20:00:00Z,"SYK",2009-01-02T21:00:00Z,Buy,65.18,41.35,15,-357.45,5.4485227753793,-429.6,171.9,601.5,0,"	696,1056" 
2007-05-01T20:00:00Z,"MOV",2009-02-02T21:00:00Z,Buy,32.64,7.66,12,-299.76,5.1127610184375,-312.12,25.08,337.2,0,"	694,1073" 
2007-05-01T20:00:00Z,"SHOO",2009-10-01T20:00:00Z,Buy,31.5,36.18,5.9999776743372,28.08,1.0423529411765,-107.58,75.72,119.64,1,"	695,1186" 
2007-05-01T20:00:00Z,"SHOO",2011-06-01T20:00:00Z,Buy,14.000024412523,35.59,4,86.36,1.0127700035881,-31.88,95.84,35.45,1,"	695,1525" 
2007-05-01T20:00:00Z,"SHOO",2012-03-01T21:00:00Z,Buy,14.000024412523,44.98,0.50004238578483,15.49,2.6161152237537,-3.98,15.49,6.33,1,"	695,1678" 
2007-06-01T20:00:00Z,"KBALB",2007-07-02T20:00:00Z,Buy,13.91,14.01,16,1.6,1.0815238095238,-16.8,192.16,28.8,1,"	713,724" 
2007-06-01T20:00:00Z,"CMI",2007-08-01T20:00:00Z,Buy,94.1,120.05,2,51.9,3.7136808136651,-1.34,51.9,18.46,1,"	712,743" 
2007-06-01T20:00:00Z,"SPTN",2007-12-03T21:00:00Z,Buy,26.46,22.6,15,-57.9,3.3643750249721,-112.95,117.75,230.7,0,"	717,809" 
2007-06-01T20:00:00Z,"BW",2008-03-03T21:00:00Z,Buy,54.4,26.82,5,-137.9,8.978842949959,-146.5,20,166.5,0,"	711,855" 
2007-06-01T20:00:00Z,"ONNN",2008-03-03T21:00:00Z,Buy,10.81,5.93,42,-204.96,8.3231486901416,-213.36,91.56,304.92,0,"	714,861" 
2007-06-01T20:00:00Z,"STLD",2008-04-01T20:00:00Z,Buy,24.245,34.36,8,80.92,11.178674567022,-49.08,88.16,57.68,1,"	718,879" 
2007-06-01T20:00:00Z,"CMI",2008-05-01T20:00:00Z,Buy,47.05,65.75,6,112.2,1.0314794127035,-26.1,138.21,164.31,1,"	712,896" 
2007-06-01T20:00:00Z,"BRKS",2008-06-02T20:00:00Z,Buy,17.7,9.89,32,-249.92,8.8228302985598,-265.6,72.32,337.92,0,"	710,927" 
2007-06-01T20:00:00Z,"QDEL",2008-08-01T20:00:00Z,Buy,14.57,20.2,10,56.3,5.1064443218206,-13.2,62.7,68.1,1,"	715,965" 
2007-06-01T20:00:00Z,"QDEL",2008-11-03T21:00:00Z,Buy,14.57,15.83,23,28.98,3.6021968869516,-30.82,144.21,175.03,1,"	715,1019" 
2007-06-01T20:00:00Z,"STLD",2008-11-03T21:00:00Z,Buy,24.245,11.54,12,-152.46,1.0580872483221,-203.22,197.1,400.32,0,"	718,1022" 
2007-06-01T20:00:00Z,"RS",2010-06-01T20:00:00Z,Buy,62.34,43.67,8,-149.36,7.8567566589947,-397.44,126.24,523.68,0,"	716,1338" 
2007-07-02T20:00:00Z,"SCHN",2007-10-01T20:00:00Z,Buy,49.09,75.84,3.4999853299919,93.62,3.9946512025852,-147.08,93.62,50.78,1,"	737,780" 
2007-07-02T20:00:00Z,"AMED",2007-11-01T20:00:00Z,Buy,36.86,42.45,5.6670044358876,31.68,1.8522987618591,-108.49,37.06,19.72,1,"	730,791" 
2007-07-02T20:00:00Z,"IPG",2008-02-01T21:00:00Z,Buy,11.32,8.99,74,-172.42,4.4425142636846,-290.08,21.46,311.54,0,"	734,841" 
2007-07-02T20:00:00Z,"MAT",2008-02-01T21:00:00Z,Buy,25.74,21.3,37,-164.28,7.6347485912015,-335.96,55.5,391.46,0,"	735,842" 
2007-07-02T20:00:00Z,"ZMH",2008-02-01T21:00:00Z,Buy,85.38,79.09,3,-18.87,1.6411191075872,-65.49,16.8,77.19,0,"	738,844" 
2007-07-02T20:00:00Z,"HHGP",2008-04-01T20:00:00Z,Buy,21.56,8.96,19,-239.4,8.1533712105244,-291.08,21.28,312.36,0,"	733,876" 
2007-07-02T20:00:00Z,"AMED",2008-05-01T20:00:00Z,Buy,36.86,52.34,13,201.24,1.0656776061776,-248.88,201.24,158.99,1,"	730,894" 
2007-07-02T20:00:00Z,"AVT",2008-06-02T20:00:00Z,Buy,41.37,29.37,14,-168,7.6760794888894,-212.8,41.72,254.52,0,"	732,926" 
2007-07-02T20:00:00Z,"SCHN",2008-06-02T20:00:00Z,Buy,49.09,100.92,2,103.66,1.0100778909527,-84.05,103.66,59.82,1,"	737,936" 
2007-07-02T20:00:00Z,"APU",2008-10-01T20:00:00Z,Buy,36.55,30.12,8,-51.44,4.7025429252784,-61.68,10.72,72.4,0,"	731,987" 
2007-07-02T20:00:00Z,"APU",2008-11-03T21:00:00Z,Buy,36.55,31.48,14,-70.98,1.0705152,-230.44,18.76,249.2,0,"	731,1009" 
2007-07-02T20:00:00Z,"SCHN",2009-01-02T21:00:00Z,Buy,49.09,40.18,4,-35.64,1.6271706638966,-168.09,262.04,392.08,0,"	737,1055" 
2007-07-02T20:00:00Z,"MKSI",2009-04-01T20:00:00Z,Buy,27.68,15.31,26,-321.62,9.1524663472063,-421.98,2.86,424.84,0,"	736,1101" 
2007-07-02T20:00:00Z,"SCHN",2010-01-04T21:00:00Z,Buy,49.09,50,0.50001467000806,0.46,2.3977677672115,-21.01,32.76,49.01,1,"	737,1249" 
2007-07-02T20:00:00Z,"AMED",2010-02-01T21:00:00Z,Buy,36.86,57.07,0.33299556411238,6.73,1.020771610555,-6.38,9.73,13.37,1,"	730,1255" 
2007-07-02T20:00:00Z,"APU",2010-07-01T20:00:00Z,Buy,36.55,40.93,5,21.9,1.9561407649266,-82.3,31.7,89,1,"	731,1349" 
2007-07-02T20:00:00Z,"APU",2011-09-01T20:00:00Z,Buy,36.55,42.95,2,12.8,1.0446362586605,-32.92,29.72,35.6,1,"	731,1556" 
2007-08-01T20:00:00Z,"BIO",2007-09-04T20:00:00Z,Buy,75.04,85.57,3,31.59,1.6997634676554,-22.11,31.59,7.17,1,"	747,754" 
2007-08-01T20:00:00Z,"UHS",2007-09-04T20:00:00Z,Buy,51.96,52.14,4,0.72,1.0197942857143,-12.8,44.08,12.8,1,"	752,761" 
2007-08-01T20:00:00Z,"AMWD",2007-10-01T20:00:00Z,Buy,30.3,26.19,7,-28.77,1.3628318119467,-42.49,104.02,43.75,0,"	746,777" 
2007-08-01T20:00:00Z,"SCVL",2007-10-01T20:00:00Z,Buy,22.29,15.79,10,-65,1.0508671839343,-83,129.2,74.3,0,"	751,781" 
2007-08-01T20:00:00Z,"NTGR",2008-05-01T20:00:00Z,Buy,27.53,17.1,12,-125.16,8.1918064212626,-135.84,111.24,247.08,0,"	749,903" 
2007-08-01T20:00:00Z,"JAKK",2009-04-01T20:00:00Z,Buy,24.16,12.65,17,-195.67,6.1313188498321,-235.96,99.11,335.07,0,"	748,1099" 
2007-08-01T20:00:00Z,"NUE",2009-11-02T21:00:00Z,Buy,50.51,39.02,4,-45.96,1.0201516058249,-110.7,125.52,225.88,0,"	750,1200" 
2007-09-04T20:00:00Z,"LRCX",2007-11-01T20:00:00Z,Buy,54.41,48.84,4,-22.28,1.020290881969,-115.2,22.28,30.24,0,"	770,794" 
2007-09-04T20:00:00Z,"NHC",2007-12-03T21:00:00Z,Buy,52.66,49.13,4,-14.12,3.576962718324,-103.36,23.72,31.76,0,"	773,805" 
2007-09-04T20:00:00Z,"TFX",2008-01-02T21:00:00Z,Buy,78.15,63.05,7,-105.7,2.0901908638299,-146.02,0,146.02,0,"	776,829" 
2007-09-04T20:00:00Z,"ASTE",2008-03-03T21:00:00Z,Buy,53.05,37.43,10,-156.2,6.515915563918,-261,68.7,329.7,0,"	765,854" 
2007-09-04T20:00:00Z,"DLX",2008-03-03T21:00:00Z,Buy,37.74,19.97,11,-195.47,2.1073599004885,-195.47,29.15,224.62,0,"	767,856" 
2007-09-04T20:00:00Z,"LRW",2008-05-01T20:00:00Z,Buy,20.54,12.67,19,-149.53,4.7312213183017,-171.38,9.88,181.26,0,"	769,900" 
2007-09-04T20:00:00Z,"MLR",2008-05-01T20:00:00Z,Buy,17.72,11,25,-168,16.127795431786,-218.75,7.5,226.25,0,"	771,902" 
2007-09-04T20:00:00Z,"RSC",2008-07-01T20:00:00Z,Buy,19.2,11.14,27,-217.62,2.8998035825134,-217.62,93.69,311.31,0,"	774,953" 
2007-09-04T20:00:00Z,"AZZ",2008-08-01T20:00:00Z,Buy,28.63,46.14,12,210.12,10.863136509656,-42.84,222.48,145.56,1,"	766,958" 
2007-09-04T20:00:00Z,"HOFT",2009-01-02T21:00:00Z,Buy,18.67,7.67,23,-253,10.363720664483,-290.95,117.07,408.02,0,"	768,1053" 
2007-09-04T20:00:00Z,"MOV",2009-02-02T21:00:00Z,Buy,30.09,7.66,8,-179.44,1.0408970438328,-187.68,37.12,222.4,0,"	772,1073" 
2007-09-04T20:00:00Z,"ANK",2009-07-01T20:00:00Z,Buy,34.89,39.86,12,59.64,2.1233973322167,-251.28,65.76,293.76,1,"	764,1154" 
2007-09-04T20:00:00Z,"SHOO",2012-03-01T21:00:00Z,Buy,10.755574310573,44.98,4.4999576142152,154.01,1.0442323314379,-21.26,154.01,56.97,1,"	775,1678" 
2007-09-04T20:00:00Z,"SHOO",2012-08-01T20:00:00Z,Buy,10.755574310573,39.41,14,401.16,1.0682339846649,-66.14,480.54,187.46,1,"	775,1754" 
2007-10-01T20:00:00Z,"HUBG",2007-12-03T21:00:00Z,Buy,29.9,25.95,7,-27.65,1.2709469529335,-190.3,63.42,67.9,0,"	787,802" 
2007-10-01T20:00:00Z,"GRP",2008-04-22T04:00:00Z,Buy,54.74,57.12,11,26.18,1.0553641044502,-104.06,26.18,121.22,1,"	786,893" 
2007-10-01T20:00:00Z,"BRKS",2008-06-02T20:00:00Z,Buy,14.8,9.89,15,-73.65,1.0779494382022,-81,77.4,84.15,0,"	785,927" 
2007-10-01T20:00:00Z,"PETS",2008-11-03T21:00:00Z,Buy,14.45,18.25,13,49.4,8.138313198228,-46.28,49.4,50.18,1,"	789,1018" 
2007-10-01T20:00:00Z,"VLGEA",2008-11-03T21:00:00Z,Buy,52.12,50.26,5,-9.3,11.139878966472,-72.65,19.9,92.55,0,"	790,1024" 
2007-10-01T20:00:00Z,"METH",2009-02-02T21:00:00Z,Buy,16.05,4.9,24,-267.6,7.2440345825167,-274.08,16.32,290.4,0,"	788,1072" 
2007-10-01T20:00:00Z,"VLGEA",2010-02-01T21:00:00Z,Buy,26.06,26.13,14,0.98,3.5062870146459,-101.71,91.7,129.57,1,"	790,1259" 
2007-10-01T20:00:00Z,"PETS",2011-09-01T20:00:00Z,Buy,14.45,9.94,32,-144.32,7.0756434389588,-159.68,321.6,481.28,0,"	789,1562" 
2007-11-01T20:00:00Z,"FAF",2007-12-03T21:00:00Z,Buy,30.5,34.29,8,30.32,1.0404777704048,-2.88,196.56,27.12,1,"	796,801" 
2007-11-01T20:00:00Z,"RGR",2007-12-03T21:00:00Z,Buy,8.62,8.77,29,4.35,3.8936316400835,-35.38,38.57,35.38,1,"	800,808" 
2007-11-01T20:00:00Z,"OIS",2008-01-02T21:00:00Z,Buy,42.6,34.34,15,-123.9,9.3404232805867,-177.9,0,177.9,0,"	799,826" 
2007-11-01T20:00:00Z,"HHGP",2008-04-01T20:00:00Z,Buy,10.52,8.96,18,-28.08,2.496041171025,-77.04,218.88,77.04,0,"	797,876" 
2007-11-01T20:00:00Z,"JNJ",2009-12-01T21:00:00Z,Buy,64.6,63.51,5,-5.45,1.6454278563108,-90.15,38.15,128.3,0,"	798,1226" 
2007-12-03T21:00:00Z,"TFX",2008-01-02T21:00:00Z,Buy,59.43,63.05,4,14.48,1.6602552120518,-8.56,74.88,10.8,1,"	820,829" 
2007-12-03T21:00:00Z,"LNDC",2008-03-03T21:00:00Z,Buy,12.66,9.53,36,-112.68,3.7781408927286,-133.92,42.84,176.76,0,"	815,859" 
2007-12-03T21:00:00Z,"IMMR",2008-05-01T20:00:00Z,Buy,13.27,11.06,26,-57.46,7.2404290553833,-173.16,22.1,195.26,0,"	813,898" 
2007-12-03T21:00:00Z,"KFRC",2008-05-01T20:00:00Z,Buy,10.25,8.44,20,-36.2,1.845482977874,-49,134.6,55.8,0,"	819,907" 
2007-12-03T21:00:00Z,"LXU",2008-06-02T20:00:00Z,Buy,22.49,17.5,18,-89.82,2.1756749447344,-153.36,101.88,255.24,0,"	816,932" 
2007-12-03T21:00:00Z,"NVTL",2008-06-02T20:00:00Z,Buy,15.32,10.19,23,-117.99,7.630188608907,-173.88,43.01,216.89,0,"	818,935" 
2007-12-03T21:00:00Z,"USPH",2008-06-02T20:00:00Z,Buy,13.55,16.89,12,40.08,11.042758608946,-6.72,44.52,16.32,1,"	821,939" 
2007-12-03T21:00:00Z,"NEOG",2008-08-01T20:00:00Z,Buy,26.19,27.14,8,7.6,9.3535188024186,-27.2,16.72,43.92,1,"	817,963" 
2007-12-03T21:00:00Z,"USPH",2008-09-02T20:00:00Z,Buy,13.55,19.98,26,167.18,1.131049445005,-14.56,179.4,54.08,1,"	821,981" 
2007-12-03T21:00:00Z,"FCX",2008-10-01T20:00:00Z,Buy,96.67,52.97,4,-174.8,4.403482535927,-174.8,117,291.8,0,"	812,992" 
2007-12-03T21:00:00Z,"VIVO",2008-10-01T20:00:00Z,Buy,30.77,29.55,19,-23.18,14.57881670202,-129.39,97.47,226.86,0,"	814,994" 
2007-12-03T21:00:00Z,"USPH",2009-06-01T20:00:00Z,Buy,13.55,14.18,20,12.6,3.515789725209,-126,138,264,1,"	821,1145" 
2007-12-03T21:00:00Z,"NEOG",2009-10-01T20:00:00Z,Buy,26.19,32.07,7,41.16,1.0347615360793,-57.82,50.19,92.82,1,"	817,1185" 
2007-12-03T21:00:00Z,"NEOG",2010-12-01T21:00:00Z,Buy,17.459973816559,38.41,6,125.7,1.9143307643521,-33.04,125.7,53.04,1,"	817,1422" 
2007-12-03T21:00:00Z,"USPH",2011-06-01T20:00:00Z,Buy,13.55,24.02,9,94.23,2.7683520112695,-56.7,109.71,118.8,1,"	821,1526" 
2007-12-03T21:00:00Z,"NEOG",2011-10-03T20:00:00Z,Buy,17.459973816559,32.08,16,233.92,5.1403769793635,-88.11,485.12,251.2,1,"	817,1587" 
2007-12-03T21:00:00Z,"USPH",2013-06-03T20:00:00Z,Buy,13.55,28.9,15,230.25,1.1337010676157,-94.5,230.25,198,1,"	821,1916" 
2008-01-02T21:00:00Z,"OYOG",2008-02-01T21:00:00Z,Buy,73.63,54.5,5,-95.65,2.4422500382711,-116.55,0,116.55,0,"	833,843" 
2008-01-02T21:00:00Z,"HP",2008-03-03T21:00:00Z,Buy,42.22,45.68,5,17.3,2.120293720319,-37.05,23.9,37.05,1,"	832,857" 
2008-01-02T21:00:00Z,"ZEUS",2008-04-01T20:00:00Z,Buy,32.2,45.94,5,68.7,7.9403490231189,-14.35,68.7,21.75,1,"	837,882" 
2008-01-02T21:00:00Z,"CHE",2008-05-01T20:00:00Z,Buy,54.5,34.7,11,-217.8,12.390648197866,-241.12,17.05,258.17,0,"	830,895" 
2008-01-02T21:00:00Z,"FLO",2008-06-02T20:00:00Z,Buy,22.9,27.91,33,165.33,4.441036990052,-36.96,200.64,86.46,1,"	831,929" 
2008-01-02T21:00:00Z,"HP",2008-06-02T20:00:00Z,Buy,42.22,63.41,4,84.76,1.200941302287,-29.64,84.76,29.64,1,"	832,931" 
2008-01-02T21:00:00Z,"SNHY",2008-06-02T20:00:00Z,Buy,24.26,41.04,5,83.9,7.0806687207455,-25.65,83.9,26.4,1,"	834,937" 
2008-01-02T21:00:00Z,"UEIC",2008-06-02T20:00:00Z,Buy,34.2,24.91,13,-120.77,8.1328045118893,-200.46,0,200.46,0,"	835,938" 
2008-01-02T21:00:00Z,"ZEUS",2008-07-01T20:00:00Z,Buy,32.2,70.47,4,153.08,1.0185642781876,-11.48,174.88,21.8,1,"	837,954" 
2008-01-02T21:00:00Z,"SNHY",2008-11-03T21:00:00Z,Buy,24.26,20.13,8,-33.04,1.038452722063,-59.52,142.4,201.92,0,"	834,1021" 
2008-01-02T21:00:00Z,"LNT",2008-11-03T21:00:00Z,Buy,40.31,29.77,12,-126.48,3.3369301667723,-186.96,22.08,209.04,0,"	836,1025" 
2008-01-02T21:00:00Z,"HP",2009-03-02T21:00:00Z,Buy,42.22,20.72,9,-193.5,2.6757498538271,-216.99,311.58,528.57,0,"	832,1086" 
2008-01-02T21:00:00Z,"LNT",2009-05-01T20:00:00Z,Buy,40.31,22.37,14,-251.16,1.0988947833775,-277.76,25.76,303.52,0,"	836,1125" 
2008-01-02T21:00:00Z,"ZEUS",2009-06-01T20:00:00Z,Buy,32.2,19.69,6,-75.06,1.0319989165764,-128.7,262.32,391.02,0,"	837,1146" 
2008-02-01T21:00:00Z,"BW",2008-03-03T21:00:00Z,Buy,30.31,26.82,8,-27.92,1.0423471882641,-41.68,224.72,44.56,0,"	846,855" 
2008-02-01T21:00:00Z,"ONNN",2008-03-03T21:00:00Z,Buy,7.27,5.93,32,-42.88,1.1795061728395,-49.28,183.04,49.28,0,"	851,861" 
2008-02-01T21:00:00Z,"TWIN",2008-03-03T21:00:00Z,Buy,16.67,20.11,20,68.8,4.0527076675144,-14.2,92.8,24,1,"	853,862" 
2008-02-01T21:00:00Z,"AEIS",2008-04-01T20:00:00Z,Buy,12.25,13.68,21,30.03,3.6074501282652,-49.77,282.03,24.78,1,"	845,874" 
2008-02-01T21:00:00Z,"IVAC",2008-04-01T20:00:00Z,Buy,11.44,13.94,19,47.5,2.9462197483286,-24.7,363.47,24.7,1,"	849,877" 
2008-02-01T21:00:00Z,"LII",2008-05-01T20:00:00Z,Buy,36.83,33.59,15,-48.6,4.5935546919618,-67.2,38.1,105.3,0,"	850,901" 
2008-02-01T21:00:00Z,"DGII",2008-08-01T20:00:00Z,Buy,11.97,10.38,38,-60.42,12.758763587001,-161.5,39.52,201.02,0,"	848,959" 
2008-02-01T21:00:00Z,"CASY",2008-09-02T20:00:00Z,Buy,26.52,28.91,8,19.12,8.2548048924166,-52.4,21.28,54.96,1,"	847,972" 
2008-02-01T21:00:00Z,"SCHL",2008-09-02T20:00:00Z,Buy,34.74,27.02,20,-154.4,9.2008952859753,-194.2,51,245.2,0,"	852,978" 
2008-02-01T21:00:00Z,"CASY",2009-11-02T21:00:00Z,Buy,26.52,31.65,16,82.08,2.6786697776626,-130.08,100.96,193.28,1,"	847,1192" 
2008-03-03T21:00:00Z,"USMO",2008-04-01T20:00:00Z,Buy,10.42,7.45,23,-68.31,3.2646419516873,-83.95,407.56,93.61,0,"	871,880" 
2008-03-03T21:00:00Z,"KAMN",2008-05-01T20:00:00Z,Buy,23.57,27.67,21,86.1,7.9718219348723,-1.05,129.78,55.86,1,"	867,899" 
2008-03-03T21:00:00Z,"CROX",2008-06-02T20:00:00Z,Buy,23,10.03,11,-142.67,3.1501801228268,-146.52,0,146.52,0,"	865,928" 
2008-03-03T21:00:00Z,"CUB",2008-07-01T20:00:00Z,Buy,27.19,22.01,14,-72.52,6.7259961172668,-79.24,44.94,124.18,0,"	866,951" 
2008-03-03T21:00:00Z,"SHEN",2008-08-01T20:00:00Z,Buy,14.55,14.99,33,14.52,10.751149424473,-60.39,105.93,166.32,1,"	870,966" 
2008-03-03T21:00:00Z,"OMCL",2008-09-02T20:00:00Z,Buy,18.62,15.33,20,-65.8,2.1978697068404,-152.2,44,196.2,0,"	869,976" 
2008-03-03T21:00:00Z,"CMTL",2008-10-01T20:00:00Z,Buy,43.1,50.23,13,92.69,14.333712852065,-64.48,104.78,141.57,1,"	864,990" 
2008-03-03T21:00:00Z,"LG",2008-10-01T20:00:00Z,Buy,34.46,50.68,9,145.98,7.9741265861558,-4.59,145.98,46.98,1,"	868,995" 
2008-03-03T21:00:00Z,"LG",2008-11-03T21:00:00Z,Buy,34.46,54.58,4,80.48,1.0210044256302,-2.04,80.48,46.6,1,"	868,1016" 
2008-03-03T21:00:00Z,"WDC",2009-02-02T21:00:00Z,Buy,31.25,15.52,14,-220.22,11.001237714485,-298.48,122.08,420.56,0,"	872,1074" 
2008-03-03T21:00:00Z,"LG",2009-07-01T20:00:00Z,Buy,34.46,33.74,9,-6.48,4.1076005331708,-44.37,181.08,225.45,0,"	868,1158" 
2008-04-01T20:00:00Z,"CHE",2008-05-01T20:00:00Z,Buy,43.75,34.7,5,-45.25,1.5487258396055,-55.85,61.5,57.1,0,"	885,895" 
2008-04-01T20:00:00Z,"MLR",2008-05-01T20:00:00Z,Buy,10.27,11,21,15.33,1.1120945945946,-27.3,162.75,17.64,1,"	890,902" 
2008-04-01T20:00:00Z,"TXN",2008-05-01T20:00:00Z,Buy,29.32,29.63,28,8.68,12.0622493627,-17.08,35.28,48.72,1,"	891,908" 
2008-04-01T20:00:00Z,"WGOV",2008-06-02T20:00:00Z,Buy,28.24,39.64,7,79.8,4.5827867582596,-13.72,87.08,18.34,1,"	892,940" 
2008-04-01T20:00:00Z,"FSTR",2008-11-03T21:00:00Z,Buy,44.97,28.28,7,-116.83,11.949986177793,-171.57,20.93,192.5,0,"	888,1013" 
2008-04-01T20:00:00Z,"NEU",2008-12-01T21:00:00Z,Buy,79.01,29.22,7,-348.53,6.0949559257115,-379.47,96.53,476,0,"	886,1043" 
2008-04-01T20:00:00Z,"FOSL",2008-12-01T21:00:00Z,Buy,32.2,13.3,14,-264.6,4.8035420615762,-284.34,73.78,358.12,0,"	887,1044" 
2008-04-01T20:00:00Z,"ANF",2009-01-02T21:00:00Z,Buy,76.69,24.42,8,-418.16,5.1783835395901,-500.24,4.16,504.4,0,"	883,1052" 
2008-04-01T20:00:00Z,"WGOV",2009-02-02T21:00:00Z,Buy,28.24,20.24,10,-80,4.0368408560958,-111.8,198.9,310.7,0,"	892,1075" 
2008-04-01T20:00:00Z,"LECO",2009-05-01T20:00:00Z,Buy,66.78,43.75,9,-207.27,2.9578332747319,-362.43,175.59,538.02,0,"	889,1121" 
2008-04-01T20:00:00Z,"APU",2011-09-01T20:00:00Z,Buy,30.24,42.95,7,88.97,2.2320259600229,-71.05,148.19,110.74,1,"	884,1556" 
2008-05-01T20:00:00Z,"HCSG",2008-06-02T20:00:00Z,Buy,15.75,17.33,23.500069609318,37.13,1.1341743119266,-252.73,159.33,16.92,1,"	917,930" 
2008-05-01T20:00:00Z,"PTEN",2008-07-01T20:00:00Z,Buy,27.94,36.02,6,48.48,5.0952836734296,0,49.56,17.52,1,"	923,952" 
2008-05-01T20:00:00Z,"GHM",2008-08-01T20:00:00Z,Buy,58.23,101.97,4,174.96,2.0429421316614,-12.56,174.96,60.4,1,"	914,960" 
2008-05-01T20:00:00Z,"MMSI",2008-08-01T20:00:00Z,Buy,14.86,19.83,10.444660856864,51.91,1.2121414004079,-44.46,105.8,16.29,1,"	920,962" 
2008-05-01T20:00:00Z,"PDCO",2008-08-01T20:00:00Z,Buy,35.57,31.07,19,-85.5,8.7502940097248,-129.39,12.73,142.12,0,"	922,964" 
2008-05-01T20:00:00Z,"FLWS",2008-09-02T20:00:00Z,Buy,8.91,6.17,59,-161.66,8.8313155776432,-212.99,0,212.99,0,"	912,973" 
2008-05-01T20:00:00Z,"SAM",2008-09-02T20:00:00Z,Buy,45.74,44.83,8,-7.28,5.0847166622206,-59.28,10.64,61.28,0,"	924,977" 
2008-05-01T20:00:00Z,"LYTS",2008-10-01T20:00:00Z,Buy,10.98,7.87,32,-99.52,6.5708764267482,-112.96,1.28,114.24,0,"	919,996" 
2008-05-01T20:00:00Z,"AMAT",2008-11-03T21:00:00Z,Buy,19.52,12.96,33,-216.48,8.0199437304813,-271.26,41.91,313.17,0,"	911,1007" 
2008-05-01T20:00:00Z,"ISRG",2008-11-03T21:00:00Z,Buy,294.45,183.38,1,-111.07,6.0979355028762,-139.44,36.68,176.12,0,"	918,1014" 
2008-05-01T20:00:00Z,"TTMI",2009-01-02T21:00:00Z,Buy,14.2,5.57,35,-302.05,11.34165438891,-360.5,42.7,403.2,0,"	925,1057" 
2008-05-01T20:00:00Z,"FLXS",2009-02-02T21:00:00Z,Buy,11.15,6.95,48,-201.6,21.534406249592,-214.56,63.84,278.4,0,"	913,1069" 
2008-05-01T20:00:00Z,"HAE",2009-02-02T21:00:00Z,Buy,53.5,64.75,4,45,5.0653630871067,-14.4,48.88,63.28,1,"	916,1070" 
2008-05-01T20:00:00Z,"PTEN",2009-09-01T20:00:00Z,Buy,27.94,13.17,14,-206.78,1.0693679458239,-283.92,115.64,399.56,0,"	923,1172" 
2008-05-01T20:00:00Z,"GPS",2009-10-01T20:00:00Z,Buy,19,21.09,10,20.9,2.9311940961807,-94.9,35.6,104.8,1,"	915,1183" 
2008-05-01T20:00:00Z,"HAE",2009-11-02T21:00:00Z,Buy,53.5,53.77,11,2.97,2.2402489747756,-51.59,134.42,186.01,1,"	916,1196" 
2008-05-01T20:00:00Z,"MMSI",2009-11-02T21:00:00Z,Buy,14.86,16.89,30,60.9,4.2259018014081,-155.1,303.9,345.3,1,"	920,1197" 
2008-05-01T20:00:00Z,"NFLX",2009-11-02T21:00:00Z,Buy,31,53.8,4,91.2,2.0734455351246,-52.24,97.28,60.92,1,"	921,1199" 
2008-05-01T20:00:00Z,"AAON",2009-12-01T21:00:00Z,Buy,19.08,19.03,25,-1.25,3.3097971293263,-154,96,250,0,"	910,1219" 
2008-05-01T20:00:00Z,"NFLX",2010-02-01T21:00:00Z,Buy,31,61.03,7,210.21,1.0343140562249,-91.42,224.28,106.61,1,"	921,1258" 
2008-05-01T20:00:00Z,"GPS",2010-10-01T20:00:00Z,Buy,19,18.51,22,-10.78,4.0692781698325,-208.78,158.62,230.56,0,"	915,1383" 
2008-06-02T20:00:00Z,"DCO",2008-10-01T20:00:00Z,Buy,30.54,22.9,12,-91.68,4.9850130284854,-116.4,0,116.4,0,"	945,991" 
2008-06-02T20:00:00Z,"PCU",2008-10-01T20:00:00Z,Buy,36.583296934036,18.35,12,-218.8,5.4652597512471,-218.8,11.32,230.12,0,"	949,998" 
2008-06-02T20:00:00Z,"CF",2009-03-02T21:00:00Z,Buy,139.39,58.99,2,-160.8,5.0111844137378,-199.82,60.26,260.08,0,"	944,1084" 
2008-06-02T20:00:00Z,"OMI",2009-03-02T21:00:00Z,Buy,47.42,31.35,17,-273.19,9.6177121322455,-273.19,34.34,307.53,0,"	947,1087" 
2008-06-02T20:00:00Z,"ABFS",2009-04-01T20:00:00Z,Buy,35.11,19.17,10,-159.4,5.4015255779607,-190.1,98.2,288.3,0,"	941,1093" 
2008-06-02T20:00:00Z,"APA",2009-04-01T20:00:00Z,Buy,135.81,66.05,3.5999915999916,-251.14,3.125443102442,-386.46,28.87,332.82,0,"	943,1094" 
2008-06-02T20:00:00Z,"LNT",2009-05-01T20:00:00Z,Buy,37.06,22.37,6,-88.14,1.8797219423344,-99.54,30.54,102.48,0,"	950,1125" 
2008-06-02T20:00:00Z,"OXY",2009-12-01T21:00:00Z,Buy,92.58,82.18,6,-62.4,2.0608073515932,-312.18,4.92,317.1,0,"	948,1228" 
2008-06-02T20:00:00Z,"AMED",2010-02-01T21:00:00Z,Buy,50.3,57.07,3.6670044358876,24.83,1.824185868105,-119.49,57.83,147.27,1,"	942,1255" 
2008-06-02T20:00:00Z,"MGEE",2010-03-01T21:00:00Z,Buy,34.13,33.65,25,-12,8.2012908708164,-163.5,89.25,210.75,0,"	946,1271" 
2008-06-02T20:00:00Z,"AMED",2011-03-01T21:00:00Z,Buy,50.3,35.37,6,-89.58,2.5499656007512,-195.51,94.62,257.7,0,"	942,1465" 
2008-07-01T20:00:00Z,"GIII",2008-09-02T20:00:00Z,Buy,12.17,18.5,12,75.96,6.928244947331,-4.44,76.92,32.52,1,"	955,974" 
2008-07-01T20:00:00Z,"TNC",2008-09-02T20:00:00Z,Buy,29.82,31.28,8,11.68,1.0396147459316,-64.92,156.72,39.44,1,"	956,980" 
2008-07-01T20:00:00Z,"GIII",2008-10-01T20:00:00Z,Buy,12.17,17.34,20,103.4,4.5135447478363,-7.4,158.6,55.2,1,"	955,993" 
2008-07-01T20:00:00Z,"UACL",2009-12-01T21:00:00Z,Buy,22.31,16.13,18,-111.24,7.2625676426788,-212.4,99.72,312.12,0,"	957,1230" 
2008-08-01T20:00:00Z,"NPK",2008-11-03T21:00:00Z,Buy,73.05,67.53,4,-22.08,2.0771216257587,-95,24.44,119.44,0,"	969,1017" 
2008-08-01T20:00:00Z,"UGI",2008-11-03T21:00:00Z,Buy,26.27,23.83,11.999953139959,-29.28,1.3614335161499,-155.44,41.64,89.28,0,"	971,1023" 
2008-08-01T20:00:00Z,"EGY",2009-02-02T21:00:00Z,Buy,6.55,7.86,30,39.3,9.4992117197296,-78.9,48,126.6,1,"	968,1068" 
2008-08-01T20:00:00Z,"SKX",2009-04-01T20:00:00Z,Buy,18.96,6.91,18,-216.9,6.8215019219434,-246.06,34.2,280.26,0,"	970,1103" 
2008-08-01T20:00:00Z,"EGY",2009-05-01T20:00:00Z,Buy,6.55,4.7,33,-61.05,2.7025507497936,-86.79,58.41,139.26,0,"	968,1119" 
2008-08-01T20:00:00Z,"NPK",2009-06-01T20:00:00Z,Buy,73.05,83.75,3,32.1,2.3291576429029,-76.17,32.1,98.22,1,"	969,1143" 
2008-08-01T20:00:00Z,"CRMT",2009-10-01T20:00:00Z,Buy,20.46,23.34,10,28.8,2.1719795256181,-131.6,41.8,153.7,1,"	967,1180" 
2008-08-01T20:00:00Z,"CRMT",2010-07-01T20:00:00Z,Buy,20.46,22.87,14,33.74,2.7835473855929,-184.24,91.42,215.18,1,"	967,1350" 
2008-08-01T20:00:00Z,"UGI",2010-08-02T20:00:00Z,Buy,26.27,27.15,8,7.04,1.0402818991098,-103.63,27.76,59.52,1,"	971,1365" 
2008-08-01T20:00:00Z,"NPK",2011-03-01T21:00:00Z,Buy,73.05,125.75,4,210.8,1.8702208311661,-101.56,253.52,155.68,1,"	969,1470" 
2008-08-01T20:00:00Z,"UGI",2011-12-01T21:00:00Z,Buy,26.27,29.76,20.000046860041,69.8,1.1787983978638,-259.07,140.6,168.2,1,"	971,1629" 
2008-09-02T20:00:00Z,"DAR",2009-02-02T21:00:00Z,Buy,13.2,4.48,29,-252.88,8.1299852739576,-280.43,0,280.43,0,"	982,1067" 
2008-09-02T20:00:00Z,"LDL",2009-02-02T21:00:00Z,Buy,11.46,3.8,34,-260.44,9.40400888281,-277.1,5.44,282.54,0,"	984,1071" 
2008-09-02T20:00:00Z,"WTI",2009-04-01T20:00:00Z,Buy,33.31,6.24,12,-324.84,2.1178006187821,-336.84,0.84,337.68,0,"	986,1104" 
2008-09-02T20:00:00Z,"DMLP",2009-12-01T21:00:00Z,Buy,26.3,20.78,20,-110.4,5.810349691485,-235.4,35,270.4,0,"	983,1225" 
2008-09-02T20:00:00Z,"LHCG",2011-12-01T21:00:00Z,Buy,29.7,13.93,12,-189.24,10.763007860291,-208.2,91.92,300.12,0,"	985,1624" 
2008-10-01T20:00:00Z,"HCKT",2008-11-03T21:00:00Z,Buy,5.38,2.97,69,-166.29,11.377508308137,-180.78,0,180.78,0,"	999,1008" 
2008-10-01T20:00:00Z,"PCTI",2009-01-02T21:00:00Z,Buy,9.42,6.93,33,-82.17,10.230749912141,-187.77,0,187.77,0,"	1004,1054" 
2008-10-01T20:00:00Z,"PCTI",2009-04-01T20:00:00Z,Buy,9.42,4.47,21,-103.95,5.2170268540534,-119.49,0,119.49,0,"	1004,1102" 
2008-10-01T20:00:00Z,"GHM",2009-05-01T20:00:00Z,Buy,24.525,12.63,8,-95.16,2.0583863242352,-137,0,137,0,"	1001,1120" 
2008-10-01T20:00:00Z,"IIIN",2009-06-01T20:00:00Z,Buy,13,9.08,27,-105.84,9.6280733053097,-220.05,0,220.05,0,"	1003,1139" 
2008-10-01T20:00:00Z,"TTWO",2009-07-01T20:00:00Z,Buy,15.93,9.73,21,-130.2,8.6406742310132,-216.51,0,216.51,0,"	1006,1159" 
2008-10-01T20:00:00Z,"GCO",2009-08-03T20:00:00Z,Buy,33.08,22.07,12,-132.12,3.0416843138562,-259.68,0,259.68,0,"	1000,1166" 
2008-10-01T20:00:00Z,"HVT",2010-03-01T21:00:00Z,Buy,11.75,13.49,41,71.34,9.1961952255465,-163.59,89.79,163.59,1,"	1002,1270" 
2008-10-01T20:00:00Z,"SYKE",2010-05-03T20:00:00Z,Buy,21.43,22.51,27,29.16,3.3491741449865,-227.88,140.13,227.88,1,"	1005,1313" 
2008-11-03T21:00:00Z,"MXIM",2008-12-01T21:00:00Z,Buy,13.99,11.81,24,-52.32,5.3519349731107,-77.76,15.6,93.36,0,"	1037,1045" 
2008-11-03T21:00:00Z,"ANF",2009-01-02T21:00:00Z,Buy,27,24.42,7,-18.06,1.0326763485477,-89.88,351.47,89.88,0,"	1027,1052" 
2008-11-03T21:00:00Z,"HOFT",2009-01-02T21:00:00Z,Buy,9.8,7.67,26,-55.38,2.8191950672522,-98.28,362.96,98.28,0,"	1033,1053" 
2008-11-03T21:00:00Z,"TTMI",2009-01-02T21:00:00Z,Buy,6.97,5.57,31,-43.4,3.1122275777609,-95.17,261.95,95.17,0,"	1041,1057" 
2008-11-03T21:00:00Z,"METH",2009-02-02T21:00:00Z,Buy,7.71,4.9,29,-81.49,4.1470798247135,-89.32,261.58,143.84,0,"	1036,1072" 
2008-11-03T21:00:00Z,"HRC",2009-03-02T21:00:00Z,Buy,23.52,9.03,27,-391.23,2.264016163184,-391.23,18.63,409.86,0,"	1032,1085" 
2008-11-03T21:00:00Z,"COP",2009-03-02T21:00:00Z,Buy,51.54,35.15,8,-131.12,2.0771734967445,-131.12,34.32,165.44,0,"	1038,1088" 
2008-11-03T21:00:00Z,"CCRN",2009-04-01T20:00:00Z,Buy,10.38,6.71,44,-161.48,7.4156609975225,-225.72,0,225.72,0,"	1029,1096" 
2008-11-03T21:00:00Z,"LRW",2009-04-01T20:00:00Z,Buy,8.18,8.37,59,11.21,10.515597601003,-127.44,119.18,246.62,1,"	1035,1100" 
2008-11-03T21:00:00Z,"PCTI",2009-04-01T20:00:00Z,Buy,5.79,4.47,35,-46.2,2.9530490025941,-72.1,127.05,106.75,0,"	1039,1102" 
2008-11-03T21:00:00Z,"KFRC",2009-05-01T20:00:00Z,Buy,7.95,10.63,62,166.16,12.065401519083,-150.04,190.34,150.04,1,"	1040,1123" 
2008-11-03T21:00:00Z,"FLO",2009-06-01T20:00:00Z,Buy,29.22,21.7,21,-157.92,8.99127623656,-183.33,5.25,188.58,0,"	1031,1136" 
2008-11-03T21:00:00Z,"HWCC",2009-06-01T20:00:00Z,Buy,11.81,13.16,32,43.2,9.8608604943472,-224.64,43.2,256.32,1,"	1034,1137" 
2008-11-03T21:00:00Z,"CALM",2010-01-04T21:00:00Z,Buy,29.09,34.28,11,57.09,8.4788494387579,-130.24,59.07,143.33,1,"	1028,1246" 
2008-11-03T21:00:00Z,"WSO",2010-03-01T21:00:00Z,Buy,40.06,59.16,10,191,2.0999947373748,-93.1,191,94.4,1,"	1042,1275" 
2008-11-03T21:00:00Z,"CPSI",2010-04-01T20:00:00Z,Buy,28.62,39.17,16,168.8,9.7398534469533,-101.92,334.88,218.24,1,"	1030,1293" 
2008-12-01T21:00:00Z,"FLXS",2009-02-02T21:00:00Z,Buy,6.91,6.95,36,1.44,4.2136545607552,-8.28,200.52,36.36,1,"	1048,1069" 
2008-12-01T21:00:00Z,"JAKK",2009-04-01T20:00:00Z,Buy,17.03,12.65,13,-56.94,3.5468670023842,-87.75,168.48,138.84,0,"	1050,1099" 
2008-12-01T21:00:00Z,"HWKN",2009-06-01T20:00:00Z,Buy,15.25,21,15,86.25,14.720777688297,-39,93.45,56.1,1,"	1049,1138" 
2008-12-01T21:00:00Z,"CRK",2009-07-01T20:00:00Z,Buy,36.85,31.75,5,-25.5,2.0457302439731,-49.1,64.15,113.25,0,"	1047,1156" 
2008-12-01T21:00:00Z,"SCVL",2009-09-01T20:00:00Z,Buy,8.35,15.35,37,259,2.3453311753664,-74.74,290.82,201.65,1,"	1051,1173" 
2008-12-01T21:00:00Z,"HWKN",2010-08-02T20:00:00Z,Buy,15.25,32.17,10,169.2,4.2940370997858,-26,172.1,60.8,1,"	1049,1362" 
2008-12-01T21:00:00Z,"HWKN",2010-12-01T21:00:00Z,Buy,15.25,43.45,5,141,1.6563194340687,-13,141.4,30.4,1,"	1049,1420" 
2008-12-01T21:00:00Z,"HWKN",2011-08-01T20:00:00Z,Buy,15.25,34.73,11,214.28,1.0554953515398,-28.6,373.56,171.16,1,"	1049,1545" 
2009-01-02T21:00:00Z,"ASGN",2009-02-02T21:00:00Z,Buy,5.54,5.05,60,-29.4,18.779829982701,-72,14.4,86.4,0,"	1058,1066" 
2009-01-02T21:00:00Z,"WDC",2009-02-02T21:00:00Z,Buy,12.32,15.52,18,57.6,4.7143427569467,-43.02,497.7,40.86,1,"	1065,1074" 
2009-01-02T21:00:00Z,"SKX",2009-04-01T20:00:00Z,Buy,12.87,6.91,16,-95.36,1.0802494154326,-121.28,127.84,121.28,0,"	1062,1103" 
2009-01-02T21:00:00Z,"RHI",2009-05-01T20:00:00Z,Buy,21.31,23.74,23,55.89,5.4217486359094,-158.24,66.47,158.24,1,"	1061,1122" 
2009-01-02T21:00:00Z,"TTWO",2009-07-01T20:00:00Z,Buy,7.95,9.73,27,48.06,2.6592088819833,-62.91,215.46,68.04,1,"	1064,1159" 
2009-01-02T21:00:00Z,"TSCO",2009-11-02T21:00:00Z,Buy,36.73,45.33,13,111.8,2.1319772584617,-97.5,220.74,117.13,1,"	1063,1203" 
2009-01-02T21:00:00Z,"JCOM",2010-02-01T21:00:00Z,Buy,20.75,20.87,21,2.52,8.2840011862048,-94.29,85.05,122.64,1,"	1060,1256" 
2009-01-02T21:00:00Z,"DLTR",2011-06-01T20:00:00Z,Buy,28.0333053,62.67,4,138.55,8.8164864478916,-22.32,142.83,35.12,1,"	1059,1522" 
2009-01-02T21:00:00Z,"DLTR",2011-10-03T20:00:00Z,Buy,28.0333053,73.68,4,182.59,1.0196192251365,-22.32,197.79,37.04,1,"	1059,1584" 
2009-01-02T21:00:00Z,"DLTR",2012-05-01T20:00:00Z,Buy,28.0333053,102.05,2,148.03,1.743454061523,-11.16,148.03,18.52,1,"	1059,1696" 
2009-01-02T21:00:00Z,"DLTR",2012-06-01T20:00:00Z,Buy,28.0333053,99.94,3,215.72,1.0145289784842,-16.74,227.54,27.78,1,"	1059,1718" 
2009-01-02T21:00:00Z,"DLTR",2012-12-03T21:00:00Z,Buy,14.01665265,41.34,13.000039000039,355.2,2.9586753012161,-36.27,555.47,247.59,1,"	1059,1816" 
2009-02-02T21:00:00Z,"CTRN",2009-04-01T20:00:00Z,Buy,9.51,22.96,17,228.65,12.336138911597,0,228.65,26.86,1,"	1079,1098" 
2009-02-02T21:00:00Z,"CRY",2009-05-01T20:00:00Z,Buy,8.51,5.48,37,-112.11,5.95605021271,-166.87,8.51,175.38,0,"	1077,1118" 
2009-02-02T21:00:00Z,"MCF",2009-06-01T20:00:00Z,Buy,45.56,48.95,6,20.34,4.0367479481342,-81.78,22.5,102.24,1,"	1082,1141" 
2009-02-02T21:00:00Z,"STMP",2009-08-03T20:00:00Z,Buy,8.45,8.68,51,11.73,10.08520869669,-27.03,85.68,97.92,1,"	1083,1167" 
2009-02-02T21:00:00Z,"CSGS",2009-11-02T21:00:00Z,Buy,14.78,15.98,31,37.2,5.2692536798654,-70.37,66.65,91.76,1,"	1078,1193" 
2009-02-02T21:00:00Z,"ASTE",2009-12-01T21:00:00Z,Buy,24.69,24.78,13,1.17,6.0808102354771,-58.63,111.8,133.77,1,"	1076,1221" 
2009-02-02T21:00:00Z,"JJSF",2010-01-04T21:00:00Z,Buy,35.44,40.2,17,80.92,8.5313547133657,-88.74,149.26,138.04,1,"	1081,1248" 
2009-02-02T21:00:00Z,"CTRN",2010-04-01T20:00:00Z,Buy,9.51,33.1,9,212.31,1.920508659057,0,226.89,84.87,1,"	1079,1294" 
2009-02-02T21:00:00Z,"FIZ",2010-05-03T20:00:00Z,Buy,9.41,11.65,35,78.4,6.1283740303056,-128.1,189.23,121.8,1,"	1080,1307" 
2009-03-02T21:00:00Z,"CRT",2009-04-01T20:00:00Z,Buy,14.87,17.65,16,44.48,5.8683917077236,-8.48,88.32,47.2,1,"	1090,1097" 
2009-03-02T21:00:00Z,"ADTN",2009-08-03T20:00:00Z,Buy,13.84,24.21,9,93.33,3.8166858854078,0,100.8,21.51,1,"	1089,1165" 
2009-03-02T21:00:00Z,"SCHN",2010-01-04T21:00:00Z,Buy,24.67,50,6.4999853299919,164.64,3.0176127675621,-114.42,584.54,134.81,1,"	1092,1249" 
2009-03-02T21:00:00Z,"MTSC",2010-03-01T21:00:00Z,Buy,21.55,27.92,18,114.66,7.6499251039175,-30.6,156.78,97.02,1,"	1091,1272" 
2009-03-02T21:00:00Z,"ADTN",2010-07-01T20:00:00Z,Buy,13.84,27.57,8,109.84,2.0469266919076,0,126.08,42.16,1,"	1089,1348" 
2009-03-02T21:00:00Z,"ADTN",2011-02-01T21:00:00Z,Buy,13.84,41.61,6,166.62,1.0303501094092,0,172.92,32.1,1,"	1089,1445" 
2009-03-02T21:00:00Z,"ADTN",2011-09-01T20:00:00Z,Buy,13.84,30.62,7,117.46,7.9422568570153,0,233.8,140.98,1,"	1089,1555" 
2009-04-01T20:00:00Z,"USMO",2009-05-01T20:00:00Z,Buy,9.2,11.14,43,83.42,8.8484298147238,-8.6,83.42,38.27,1,"	1116,1124" 
2009-04-01T20:00:00Z,"FSYS",2009-06-01T20:00:00Z,Buy,14.44,22.74,15,124.5,6.4111181118502,-18.15,125.7,72.45,1,"	1111,1140" 
2009-04-01T20:00:00Z,"CMTL",2009-07-01T20:00:00Z,Buy,25.14,32.55,13,96.33,4.0083035624869,0,119.86,100.23,1,"	1107,1155" 
2009-04-01T20:00:00Z,"CODI",2009-10-01T20:00:00Z,Buy,9.21,10.3,31,33.79,12.631109091985,-45.26,54.87,74.71,1,"	1109,1181" 
2009-04-01T20:00:00Z,"MYGN",2009-11-02T21:00:00Z,Buy,45.07,24.77,10,-203,18.007560575984,-210.6,9.3,219.9,0,"	1114,1198" 
2009-04-01T20:00:00Z,"CAI",2009-12-01T21:00:00Z,Buy,36.06,46.01,15,149.25,8.8006446051684,-19.5,201.6,52.35,1,"	1105,1222" 
2009-04-01T20:00:00Z,"CNC",2009-12-01T21:00:00Z,Buy,17.65,19.27,23,37.26,6.4695743631937,-14.49,65.55,80.04,1,"	1108,1224" 
2009-04-01T20:00:00Z,"MLAB",2010-02-01T21:00:00Z,Buy,16.6,27.2,27,286.2,10.76567482786,0,334.8,61.29,1,"	1113,1257" 
2009-04-01T20:00:00Z,"DGIT",2010-03-01T21:00:00Z,Buy,18.77,32.75,9,125.82,5.716934337616,-18.63,141.03,60.39,1,"	1110,1268" 
2009-04-01T20:00:00Z,"CTR",2010-04-01T20:00:00Z,Buy,18.2,22.12,19.000010499995,74.48,4.4472185574445,-54.72,152,104.88,1,"	1106,1292" 
2009-04-01T20:00:00Z,"LEG",2010-04-01T20:00:00Z,Buy,13.27,21.67,33,277.2,7.5493964818906,-4.62,280.83,96.69,1,"	1112,1295" 
2009-04-01T20:00:00Z,"DGIT",2011-01-03T21:00:00Z,Buy,18.77,29.59,12,129.84,2.0826074657542,-43.92,300.36,344.28,1,"	1110,1433" 
2009-04-01T20:00:00Z,"SPH",2011-09-01T20:00:00Z,Buy,37.1,47.14,13,130.52,3.3639142382933,-4.03,281.45,230.23,1,"	1115,1564" 
2009-05-01T20:00:00Z,"ULBI",2009-06-01T20:00:00Z,Buy,7.39,7.03,38,-13.68,12.427598838089,-20.52,19.38,39.9,0,"	1133,1144" 
2009-05-01T20:00:00Z,"KIRK",2009-07-01T20:00:00Z,Buy,6.71,11.21,24,108,10.930085707589,-23.28,127.2,28.56,1,"	1128,1157" 
2009-05-01T20:00:00Z,"LG",2009-07-01T20:00:00Z,Buy,35.59,33.74,9,-16.65,1.0461408815903,-54.54,170.91,54.54,0,"	1129,1158" 
2009-05-01T20:00:00Z,"DGII",2009-10-01T20:00:00Z,Buy,7.32,8.45,42,47.46,5.9377301545528,-9.24,147.42,111.72,1,"	1127,1182" 
2009-05-01T20:00:00Z,"LINC",2009-10-01T20:00:00Z,Buy,15.74,22.46,10,67.2,4.3469230925674,-12.5,77.6,35.8,1,"	1130,1184" 
2009-05-01T20:00:00Z,"PLCE",2009-11-02T21:00:00Z,Buy,28.9,32.53,12,43.56,4.8522652830605,-48.48,94.68,143.16,1,"	1131,1201" 
2009-05-01T20:00:00Z,"SBR",2009-11-02T21:00:00Z,Buy,37.43,41.52,13,53.17,6.2044045470418,-2.08,104.13,101.01,1,"	1132,1202" 
2009-05-01T20:00:00Z,"XOM",2009-11-02T21:00:00Z,Buy,67.93,72.15,3,12.66,1.015230941704,-18.78,81.36,26.79,1,"	1135,1204" 
2009-05-01T20:00:00Z,"WIRE",2010-03-01T21:00:00Z,Buy,21.53,20.34,19,-22.61,5.5771024423233,-45.41,52.25,97.66,0,"	1134,1274" 
2009-05-01T20:00:00Z,"SWKS",2010-11-01T20:00:00Z,Buy,9.22,22.61,11,147.29,7.8097143443509,-11.11,150.59,44.11,1,"	1126,1402" 
2009-05-01T20:00:00Z,"KIRK",2011-01-03T21:00:00Z,Buy,6.71,14.06,26,191.1,1.1302779757662,-25.22,463.32,357.24,1,"	1128,1437" 
2009-05-01T20:00:00Z,"SWKS",2011-03-01T21:00:00Z,Buy,9.22,34.75,8,204.24,1.0386755703951,-8.08,222.08,32.08,1,"	1126,1464" 
2009-05-01T20:00:00Z,"SWKS",2011-08-01T20:00:00Z,Buy,9.22,25,15,236.7,6.0316572386738,-15.15,416.4,229.2,1,"	1126,1539" 
2009-05-01T20:00:00Z,"LINC",2012-04-02T20:00:00Z,Buy,15.74,7.91,16,-125.28,2.4721846707601,-141.6,197.76,339.36,0,"	1130,1687" 
2009-06-01T20:00:00Z,"ALGN",2009-11-02T21:00:00Z,Buy,12.55,16.05,13,45.5,4.0215009724192,-42.64,66.95,44.72,1,"	1147,1191" 
2009-06-01T20:00:00Z,"NJR",2009-12-01T21:00:00Z,Buy,34.85,36.15,22,28.6,2.2280964772608,0,108.46,105.82,1,"	1150,1227" 
2009-06-01T20:00:00Z,"RHI",2009-12-01T21:00:00Z,Buy,22.61,22.75,19,2.66,3.3352663968005,-39.33,98.04,106.02,1,"	1151,1229" 
2009-06-01T20:00:00Z,"CHE",2010-03-01T21:00:00Z,Buy,39.4,54.56,15,227.4,3.906744567281,-39.6,227.4,72,1,"	1149,1267" 
2009-06-01T20:00:00Z,"USMO",2010-05-03T20:00:00Z,Buy,11.34,14.23,38,109.82,9.2339159266171,-51.68,114,145.92,1,"	1152,1316" 
2009-06-01T20:00:00Z,"WMK",2010-05-03T20:00:00Z,Buy,35.9,37.93,17,34.51,7.2558099317267,-83.3,36.04,111.18,1,"	1153,1317" 
2009-06-01T20:00:00Z,"ATO",2010-08-02T20:00:00Z,Buy,24.39,29.3,8,39.28,6.6433065490915,0,45.36,29.2,1,"	1148,1359" 
2009-06-01T20:00:00Z,"ATO",2011-09-01T20:00:00Z,Buy,24.39,34.15,13,126.88,3.7328634235533,0,137.67,79.43,1,"	1148,1557" 
2009-06-01T20:00:00Z,"ALGN",2011-10-03T20:00:00Z,Buy,12.55,14.26,17,29.07,1.1269017798286,-55.76,211.48,182.41,1,"	1147,1582" 
2009-06-01T20:00:00Z,"ATO",2012-02-01T21:00:00Z,Buy,24.39,32.62,10,82.3,1.5815161923664,0,110.1,61.1,1,"	1148,1657" 
2009-07-01T20:00:00Z,"AIT",2010-03-01T21:00:00Z,Buy,19.93,23.16,21.749980661232,70.25,1.7873211594756,-97.22,334.51,83.74,1,"	1160,1266" 
2009-07-01T20:00:00Z,"RIMG",2010-03-01T21:00:00Z,Buy,17.16,15.22,19,-36.86,7.0024483429725,-58.9,34.39,93.29,0,"	1162,1273" 
2009-07-01T20:00:00Z,"SIF",2010-05-03T20:00:00Z,Buy,10.57,13.95,32,108.16,5.4314867242755,-39.36,212.16,126.4,1,"	1163,1312" 
2009-07-01T20:00:00Z,"TSRA",2010-06-01T20:00:00Z,Buy,25.78,16.87,11,-98.01,6.2877552970215,-99,59.51,158.51,0,"	1164,1339" 
2009-07-01T20:00:00Z,"CORE",2010-07-01T20:00:00Z,Buy,26.88,27.76,16,14.08,7.5030179429124,-21.28,119.04,120.96,1,"	1161,1351" 
2009-07-01T20:00:00Z,"AIT",2012-09-04T20:00:00Z,Buy,19.93,41.55,1.2500193387685,27.03,1.025534660767,-5.59,27.45,13.81,1,"	1160,1760" 
2009-08-03T20:00:00Z,"CVX",2009-12-01T21:00:00Z,Buy,70.4,79.06,3,25.98,1.0152008061034,-41.79,98.01,13.5,1,"	1169,1223" 
2009-08-03T20:00:00Z,"RGR",2010-05-03T20:00:00Z,Buy,11.87,17.23,29,155.44,2.2875144566636,-62.93,164.72,119.19,1,"	1170,1310" 
2009-08-03T20:00:00Z,"TTEC",2010-05-03T20:00:00Z,Buy,16.01,16.87,21,18.06,3.5631317301458,0,100.59,89.25,1,"	1171,1314" 
2009-08-03T20:00:00Z,"ATRI",2011-10-03T20:00:00Z,Buy,131.92,200.95,1,69.03,5.0299126298558,-13.51,84.62,35.91,1,"	1168,1583" 
2009-08-03T20:00:00Z,"ATRI",2012-09-04T20:00:00Z,Buy,131.92,219.67,2,175.5,4.7662445875275,-27.02,259.34,127.64,1,"	1168,1761" 
2009-09-01T20:00:00Z,"ALGT",2009-12-01T21:00:00Z,Buy,37.8,42.5,9,42.3,3.7328502355077,-20.43,57.42,77.85,1,"	1175,1220" 
2009-09-01T20:00:00Z,"TESS",2011-02-01T21:00:00Z,Buy,10.666672,12.44,27.999947619976,49.65,4.8418906479978,-129.17,286.72,245.47,1,"	1177,1453" 
2009-09-01T20:00:00Z,"DISCA",2011-05-02T20:00:00Z,Buy,25.54,44.65,17,324.87,4.301453788118,0,330.31,108.97,1,"	1176,1494" 
2009-09-01T20:00:00Z,"UGI",2011-12-01T21:00:00Z,Buy,25.26,29.76,8,36,1.039592476489,-95.55,64.32,67.28,1,"	1178,1629" 
2009-10-01T20:00:00Z,"EBS",2009-11-02T21:00:00Z,Buy,16.94,14.59,18,-42.3,6.5017201644498,-51.12,15.48,66.6,0,"	1187,1194" 
2009-10-01T20:00:00Z,"JNJ",2009-12-01T21:00:00Z,Buy,59.81,63.51,4,14.8,1.0196452619478,-52.96,49.68,14.4,1,"	1189,1226" 
2009-10-01T20:00:00Z,"EGN",2010-03-01T21:00:00Z,Buy,41.79,46.68,11,53.79,2.1098043291418,-5.28,81.07,77.88,1,"	1188,1269" 
2009-10-01T20:00:00Z,"PRFT",2010-09-01T20:00:00Z,Buy,7.92,9.1,40,47.2,4.6999053992291,-2.4,202.8,191.2,1,"	1190,1373" 
2009-11-02T21:00:00Z,"AAWW",2010-05-03T20:00:00Z,Buy,25.08,55.95,8,246.96,2.0786511253618,0,270.32,31.04,1,"	1205,1306" 
2009-11-02T21:00:00Z,"LXU",2010-05-03T20:00:00Z,Buy,12.34,18.65,29,182.99,5.0949754594053,-44.37,182.99,79.17,1,"	1210,1308" 
2009-11-02T21:00:00Z,"CVI",2010-06-01T20:00:00Z,Buy,10.34,7.24,24,-74.4,3.6639158920311,-90.96,11.76,102.72,0,"	1208,1335" 
2009-11-02T21:00:00Z,"OII",2010-07-01T20:00:00Z,Buy,51.17,44.13,7,-49.28,5.8924417163414,-75.67,119.63,195.3,0,"	1211,1352" 
2009-11-02T21:00:00Z,"APOG",2010-08-02T20:00:00Z,Buy,12.9,11.12,27,-48.06,6.8391903261463,-61.83,104.22,166.05,0,"	1206,1358" 
2009-11-02T21:00:00Z,"LANC",2010-10-01T20:00:00Z,Buy,48.6,47.95,13,-8.45,6.4898820878932,-40.69,163.41,204.1,0,"	1209,1385" 
2009-11-02T21:00:00Z,"SCL",2010-11-01T20:00:00Z,Buy,56.15,67.53,7,79.66,7.1252367763565,-62.93,161.84,174.16,1,"	1214,1407" 
2009-11-02T21:00:00Z,"WDC",2010-11-01T20:00:00Z,Buy,34.08,32.62,12,-17.52,6.4374687992247,-125.52,148.68,274.2,0,"	1218,1408" 
2009-11-02T21:00:00Z,"UHS",2011-05-02T20:00:00Z,Buy,28.615,54.1,4,101.94,5.3812486511951,-3.7,104.7,49.32,1,"	1216,1502" 
2009-11-02T21:00:00Z,"POWL",2011-07-01T20:00:00Z,Buy,36.05,37.19,10,11.4,3.4353406507529,-95.1,39.1,105.6,1,"	1213,1532" 
2009-11-02T21:00:00Z,"SPH",2011-09-01T20:00:00Z,Buy,43.09,47.14,5,20.25,1.7681100550082,-31.5,78.3,88.55,1,"	1215,1564" 
2009-11-02T21:00:00Z,"UHS",2011-11-01T20:00:00Z,Buy,28.615,39.23,12,127.38,1.0589039039039,-11.1,333.42,293.88,1,"	1216,1605" 
2009-11-02T21:00:00Z,"WCC",2011-11-01T20:00:00Z,Buy,25.71,46.72,14,294.14,5.0043751412873,0,531.58,442.4,1,"	1217,1607" 
2009-11-02T21:00:00Z,"APU",2011-12-01T21:00:00Z,Buy,37.04,43.87,6,40.98,4.142120839893,-101.7,86.22,80.1,1,"	1207,1622" 
2009-11-02T21:00:00Z,"OIS",2011-12-01T21:00:00Z,Buy,34.91,75.43,3,121.56,4.4737051313317,-2.13,151.77,115.65,1,"	1212,1627" 
2009-11-02T21:00:00Z,"OIS",2012-05-01T20:00:00Z,Buy,34.91,79.75,6,269.04,1.0300640864539,-4.26,307.98,231.3,1,"	1212,1704" 
2009-12-01T21:00:00Z,"CALM",2010-01-04T21:00:00Z,Buy,27.87,34.28,8,51.28,2.6629492636626,-84.96,52.72,4.32,1,"	1233,1246" 
2009-12-01T21:00:00Z,"CENT",2010-01-04T21:00:00Z,Buy,9.15,10.65,42,63,2.4293741961759,0,84,21,1,"	1234,1247" 
2009-12-01T21:00:00Z,"VLGEA",2010-02-01T21:00:00Z,Buy,30.85,26.13,8,-37.76,1.9556669667604,-96.44,14.08,38.8,0,"	1245,1259" 
2009-12-01T21:00:00Z,"OTL",2010-05-03T20:00:00Z,Buy,9.38,13.92,29,131.66,6.2776433293797,-20.01,151.09,95.12,1,"	1242,1309" 
2009-12-01T21:00:00Z,"GTLS",2010-06-01T20:00:00Z,Buy,16.91,16.96,17,0.85,6.381350763713,-21.08,157.42,156.57,1,"	1237,1337" 
2009-12-01T21:00:00Z,"EME",2010-08-02T20:00:00Z,Buy,24.04,26.18,17,36.38,5.0162617754723,-29.07,92.82,118.32,1,"	1236,1360" 
2009-12-01T21:00:00Z,"BGFV",2010-09-01T20:00:00Z,Buy,16.73,12.53,17,-71.4,6.2873400880245,-88.74,24.82,113.56,0,"	1232,1370" 
2009-12-01T21:00:00Z,"CYH",2010-09-01T20:00:00Z,Buy,30.67,27.08,12,-43.08,5.6992702137542,-55.44,133.2,188.64,0,"	1235,1371" 
2009-12-01T21:00:00Z,"HHS",2010-09-01T20:00:00Z,Buy,9.82,10.42,39,23.4,4.1742100029053,0,216.45,214.5,1,"	1238,1372" 
2009-12-01T21:00:00Z,"JBSS",2010-11-01T20:00:00Z,Buy,16.32,12.96,24,-80.64,4.2055080329672,-97.68,26.88,124.56,0,"	1239,1404" 
2009-12-01T21:00:00Z,"UNF",2010-12-01T21:00:00Z,Buy,44.1,52.65,6,51.3,4.1148279363113,-33.24,69.84,103.08,1,"	1244,1425" 
2009-12-01T21:00:00Z,"MVO",2011-01-03T21:00:00Z,Buy,18.99,39.95,11,230.56,4.1603765753015,-3.08,230.56,58.85,1,"	1241,1438" 
2009-12-01T21:00:00Z,"ASH",2011-02-01T21:00:00Z,Buy,36.62,59.33,8,181.68,5.3806708067676,0,213.28,160.8,1,"	1231,1446" 
2009-12-01T21:00:00Z,"UNF",2011-02-01T21:00:00Z,Buy,44.1,56.52,7,86.94,4.4038833159439,-38.78,90.23,120.26,1,"	1244,1454" 
2009-12-01T21:00:00Z,"IPAR",2011-05-02T20:00:00Z,Buy,11.32,18.94,22,167.64,4.335936670223,-2.64,182.16,84.92,1,"	1240,1498" 
2009-12-01T21:00:00Z,"UGI",2011-12-01T21:00:00Z,Buy,23.64,29.76,7.9999531399588,48.96,1.8332214624758,-82.59,77.28,67.28,1,"	1243,1629" 
2009-12-01T21:00:00Z,"MVO",2012-01-03T21:00:00Z,Buy,18.99,40.66,19,411.73,5.1395377962122,-5.32,513,216.22,1,"	1241,1644" 
2009-12-01T21:00:00Z,"UGI",2013-07-01T20:00:00Z,Buy,23.64,38.7,2.0000468600412,30.12,1.0346330861672,-20.65,36.68,16.82,1,"	1243,1933" 
2010-01-04T21:00:00Z,"MGEE",2010-03-01T21:00:00Z,Buy,36.1,33.65,6,-14.7,1.4411705339664,-51.06,9.6,23.58,0,"	1253,1271" 
2010-01-04T21:00:00Z,"MFRI",2010-04-01T20:00:00Z,Buy,6.77,6.68,59,-5.31,5.306609315411,-35.99,27.14,63.13,0,"	1254,1296" 
2010-01-04T21:00:00Z,"HUN",2010-10-01T20:00:00Z,Buy,11.78,11.67,32,-3.52,5.0047184835298,-111.36,71.36,182.72,0,"	1252,1384" 
2010-01-04T21:00:00Z,"HLS",2011-02-01T21:00:00Z,Buy,19.45,22.73,15,49.2,6.8968815529043,-47.85,66.15,72.15,1,"	1251,1449" 
2010-01-04T21:00:00Z,"CLW",2011-06-01T20:00:00Z,Buy,54.32,67.69,4,53.48,6.2453532030491,-40.36,121.4,67.92,1,"	1250,1520" 
2010-01-04T21:00:00Z,"HLS",2011-11-01T20:00:00Z,Buy,19.45,16.9,14,-35.7,1.1339750849377,-72.8,121.94,194.74,0,"	1251,1598" 
2010-02-01T21:00:00Z,"WIRE",2010-03-01T21:00:00Z,Buy,20.05,20.34,11,3.19,1.0551099450275,-10.01,46.53,11.99,1,"	1264,1274" 
2010-02-01T21:00:00Z,"WMK",2010-05-03T20:00:00Z,Buy,35.28,37.93,6,15.9,1.8189019318788,-25.68,16.44,15.54,1,"	1265,1317" 
2010-02-01T21:00:00Z,"GHM",2010-06-01T20:00:00Z,Buy,15.74,16.03,20,5.8,7.0351812612222,-13.2,79.2,87.8,1,"	1260,1336" 
2010-02-01T21:00:00Z,"NGS",2010-08-02T20:00:00Z,Buy,16.33,16.57,24,5.76,5.6787304344926,-49.68,53.52,99.6,1,"	1263,1364" 
2010-02-01T21:00:00Z,"MTRX",2010-10-01T20:00:00Z,Buy,10.52,8.7,41,-74.62,7.8873955675404,-84.87,76.26,161.13,0,"	1262,1387" 
2010-02-01T21:00:00Z,"IPG",2011-03-01T21:00:00Z,Buy,6.6,12.61,19,114.19,2.4074033533091,-4.75,125.59,55.86,1,"	1261,1468" 
2010-02-01T21:00:00Z,"IPG",2011-10-03T20:00:00Z,Buy,6.6,6.94,43,14.62,1.2072361111111,-10.75,284.23,269.61,1,"	1261,1586" 
2010-03-01T21:00:00Z,"FIZ",2010-05-03T20:00:00Z,Buy,11.55,11.65,19.400112799946,1.94,2.087149927987,-112.52,63.37,17.07,1,"	1279,1307" 
2010-03-01T21:00:00Z,"SAH",2010-05-03T20:00:00Z,Buy,10.7,11.3,25,15,6.6523423505329,-0.5,62,62.5,1,"	1287,1311" 
2010-03-01T21:00:00Z,"UIS",2010-05-03T20:00:00Z,Buy,36.63,28.75,8,-63.04,3.5547570964295,-69.04,26.64,95.68,0,"	1290,1315" 
2010-03-01T21:00:00Z,"USMO",2010-05-03T20:00:00Z,Buy,11.56,14.23,21,56.07,1.1077975133215,-33.18,58.38,9.66,1,"	1291,1316" 
2010-03-01T21:00:00Z,"HA",2010-08-02T20:00:00Z,Buy,8.09,5.89,48,-105.6,9.4964700305435,-140.16,0,140.16,0,"	1281,1361" 
2010-03-01T21:00:00Z,"SCHL",2010-09-01T20:00:00Z,Buy,30.04,24.13,20,-118.2,5.0435711273409,-150.2,23.6,173.8,0,"	1288,1374" 
2010-03-01T21:00:00Z,"LZB",2010-10-01T20:00:00Z,Buy,13.52,8.72,19,-91.2,2.2000073288709,-133.76,31.35,165.11,0,"	1283,1386" 
2010-03-01T21:00:00Z,"MSTR",2010-11-01T20:00:00Z,Buy,90.67,90.53,4,-0.56,5.4618178500331,-87.36,2.64,90,0,"	1284,1405" 
2010-03-01T21:00:00Z,"K",2010-12-01T21:00:00Z,Buy,52.16,49.44,4,-10.88,1.4989803373665,-65.12,20.72,30.4,0,"	1282,1421" 
2010-03-01T21:00:00Z,"GCI",2011-01-03T21:00:00Z,Buy,15.93,15.42,19,-9.69,2.2838274708187,-79.23,52.06,131.29,0,"	1280,1435" 
2010-03-01T21:00:00Z,"NSIT",2011-02-01T21:00:00Z,Buy,13.31,14.65,29,38.86,5.5169167392198,-27.26,97.44,117.74,1,"	1285,1450" 
2010-03-01T21:00:00Z,"POWL",2011-07-01T20:00:00Z,Buy,29.32,37.19,8,62.96,2.273230655001,-22.24,85.12,73.6,1,"	1286,1532" 
2010-03-01T21:00:00Z,"ADTN",2011-09-01T20:00:00Z,Buy,23.66,30.62,10,69.6,1.5758880700874,-98.2,235.8,201.4,1,"	1276,1555" 
2010-03-01T21:00:00Z,"FIZ",2011-09-01T20:00:00Z,Buy,11.55,16.08,1.599887200054,7.25,16.016819071385,-9.28,7.9,4.4,1,"	1279,1559" 
2010-03-01T21:00:00Z,"APU",2011-12-01T21:00:00Z,Buy,40.24,43.87,6,21.78,1.2623476051147,-120.9,67.02,80.1,1,"	1277,1622" 
2010-03-01T21:00:00Z,"ATO",2012-02-01T21:00:00Z,Buy,27.93,32.62,12,56.28,1.4136036759331,-42.48,89.64,73.32,1,"	1278,1657" 
2010-03-01T21:00:00Z,"UFS",2013-03-01T21:00:00Z,Buy,56.19,74.65,6,110.76,6.9973245561045,-55.44,292.86,239.94,1,"	1289,1864" 
2010-04-01T20:00:00Z,"TTEC",2010-05-03T20:00:00Z,Buy,16.91,16.87,13,-0.52,1.0643530444965,-11.7,50.57,20.54,0,"	1304,1314" 
2010-04-01T20:00:00Z,"CVI",2010-06-01T20:00:00Z,Buy,8.93,7.24,24,-40.56,1.8671501510213,-57.12,45.6,50.88,0,"	1299,1335" 
2010-04-01T20:00:00Z,"ARP",2010-10-01T20:00:00Z,Buy,9,7.77,45,-55.35,5.708910962847,-108,84.15,192.15,0,"	1297,1381" 
2010-04-01T20:00:00Z,"GLT",2010-10-01T20:00:00Z,Buy,14.47,12.16,34,-78.54,5.5461944814944,-147.9,34.34,182.24,0,"	1301,1382" 
2010-04-01T20:00:00Z,"GPS",2010-10-01T20:00:00Z,Buy,23.63,18.51,10,-51.2,1.0511250540891,-141.2,25.8,93.5,0,"	1302,1383" 
2010-04-01T20:00:00Z,"TTI",2010-10-01T20:00:00Z,Buy,13,10.03,26,-77.22,5.3137735541357,-125.84,36.14,161.98,0,"	1305,1390" 
2010-04-01T20:00:00Z,"DSW",2011-03-01T21:00:00Z,Buy,25.76,39.6,16,221.44,5.3659396770727,-61.44,254.4,164.96,1,"	1300,1466" 
2010-04-01T20:00:00Z,"NPK",2011-03-01T21:00:00Z,Buy,116.58,125.75,2,18.34,1.6740624203068,-137.84,39.7,53.66,1,"	1303,1470" 
2010-04-01T20:00:00Z,"CQP",2011-04-01T20:00:00Z,Buy,16.8,19.18,28,66.64,13.420583865852,-74.48,209.72,251.44,1,"	1298,1484" 
2010-05-03T20:00:00Z,"TSRA",2010-06-01T20:00:00Z,Buy,20.46,16.87,11,-39.49,1.0554881656805,-40.48,118.03,40.48,0,"	1333,1339" 
2010-05-03T20:00:00Z,"CRMT",2010-07-01T20:00:00Z,Buy,26.15,22.87,9,-29.52,2.2396526874399,-169.65,7.56,36.18,0,"	1319,1350" 
2010-05-03T20:00:00Z,"CORE",2010-07-01T20:00:00Z,Buy,30.59,27.76,9,-25.47,1.6777125650584,-45.36,33.57,34.47,0,"	1320,1351" 
2010-05-03T20:00:00Z,"LANC",2010-10-01T20:00:00Z,Buy,54.58,47.95,4,-26.52,1.0198581044206,-36.44,26.36,39.8,0,"	1327,1385" 
2010-05-03T20:00:00Z,"OFIX",2010-10-01T20:00:00Z,Buy,33.84,31.61,19,-42.37,6.1685614768812,-136.99,14.25,151.24,0,"	1328,1388" 
2010-05-03T20:00:00Z,"CSL",2010-11-01T20:00:00Z,Buy,38.9,34.73,21,-87.57,2.2122380656127,-227.85,34.02,261.87,0,"	1321,1403" 
2010-05-03T20:00:00Z,"OSK",2010-11-01T20:00:00Z,Buy,39.75,29.09,11,-117.26,2.1108264843119,-163.24,0,163.24,0,"	1329,1406" 
2010-05-03T20:00:00Z,"ALG",2010-12-01T21:00:00Z,Buy,24.59,25.84,8,10,3.6773924380127,-43.68,14.16,57.84,1,"	1318,1418" 
2010-05-03T20:00:00Z,"DECK",2010-12-01T21:00:00Z,Buy,47.92995111141,79.94,3,96.03,2.0309379841889,-19.2,96.03,34.61,1,"	1323,1419" 
2010-05-03T20:00:00Z,"DTE",2011-01-03T21:00:00Z,Buy,48.91,45.57,23,-76.82,6.5977190590085,-102.58,1.38,102.58,0,"	1324,1434" 
2010-05-03T20:00:00Z,"UNF",2011-02-01T21:00:00Z,Buy,48.61,56.52,6,47.46,1.9516808040322,-60.3,50.28,60.3,1,"	1334,1454" 
2010-05-03T20:00:00Z,"FLXS",2011-03-01T21:00:00Z,Buy,13.39,14.82,27,38.61,4.4048293300804,-85.59,143.1,109.08,1,"	1325,1467" 
2010-05-03T20:00:00Z,"DDS",2011-06-01T20:00:00Z,Buy,29.72,55.77,5,130.25,3.0375903874424,-51.9,132.85,51.9,1,"	1322,1521" 
2010-05-03T20:00:00Z,"ALG",2011-08-01T20:00:00Z,Buy,24.59,24.02,16,-9.12,4.1949859806243,-87.36,72.8,126.56,0,"	1318,1540" 
2010-05-03T20:00:00Z,"SXI",2011-08-01T20:00:00Z,Buy,25.94,32.27,15,94.95,2.1566903731809,-54.3,193.5,149.7,1,"	1332,1548" 
2010-05-03T20:00:00Z,"SPH",2011-09-01T20:00:00Z,Buy,47.91,47.14,6,-4.62,1.6424006121543,-66.72,65.04,106.26,0,"	1331,1564" 
2010-05-03T20:00:00Z,"GIII",2011-10-03T20:00:00Z,Buy,30.75,21.83,13,-115.96,8.4784442113202,-128.18,186.94,315.12,0,"	1326,1585" 
2010-05-03T20:00:00Z,"DECK",2011-11-01T20:00:00Z,Buy,47.92995111141,111.83,2,127.8,1.0097074652778,-12.8,139.42,63.32,1,"	1323,1596" 
2010-05-03T20:00:00Z,"POL",2011-11-01T20:00:00Z,Buy,11.57,10.93,37,-23.68,4.4379060686426,-152.81,176.49,235.69,0,"	1330,1602" 
2010-05-03T20:00:00Z,"DECK",2012-02-01T21:00:00Z,Buy,47.92995111141,83.6,4,142.68,1.5879295557332,-25.6,278.84,168.28,1,"	1323,1660" 
2010-05-03T20:00:00Z,"DDS",2012-03-01T21:00:00Z,Buy,29.72,60.43,5,153.55,1.0247096826955,-51.9,157.1,104.75,1,"	1322,1675" 
2010-05-03T20:00:00Z,"DDS",2013-06-03T20:00:00Z,Buy,29.72,91.44,3,185.16,1.054505256313,-31.14,191.91,62.85,1,"	1322,1909" 
2010-05-03T20:00:00Z,"DECK",2015-08-03T20:00:00Z,Buy,47.92995111141,71.58,9.1800075276062E-6,0,1.0638405598244,0,0,0,0,"	1323,2488" 
2010-06-01T20:00:00Z,"BGFV",2010-09-01T20:00:00Z,Buy,14.19,12.53,16,-26.56,3.8614443917324,-42.88,64,48.32,0,"	1341,1370" 
2010-06-01T20:00:00Z,"SWX",2010-10-01T20:00:00Z,Buy,28.9,33.95,6,30.3,8.0580776987321,-0.96,30.3,20.7,1,"	1345,1389" 
2010-06-01T20:00:00Z,"UIS",2010-10-01T20:00:00Z,Buy,21.45,28.36,14,96.74,5.6205956958263,-60.9,96.74,79.8,1,"	1346,1391" 
2010-06-01T20:00:00Z,"USMO",2010-10-01T20:00:00Z,Buy,13.44,16.31,13,37.31,8.0629411292638,-12.61,42.64,22.23,1,"	1347,1392" 
2010-06-01T20:00:00Z,"SKX",2010-12-01T21:00:00Z,Buy,36.14,23.07,11,-143.77,5.0962709208791,-185.9,84.81,270.71,0,"	1344,1424" 
2010-06-01T20:00:00Z,"AAWW",2011-03-01T21:00:00Z,Buy,49.94,67.43,8,139.92,4.2873235487481,-52.8,178.56,133.28,1,"	1340,1463" 
2010-06-01T20:00:00Z,"EBF",2011-05-02T20:00:00Z,Buy,16.13,18.5,23,54.51,4.9146056497522,-32.43,89.7,99.59,1,"	1342,1496" 
2010-06-01T20:00:00Z,"USMO",2011-05-02T20:00:00Z,Buy,13.44,15.02,34,53.72,4.7129247060031,-32.98,193.12,212.84,1,"	1347,1503" 
2010-06-01T20:00:00Z,"SWX",2011-09-01T20:00:00Z,Buy,28.9,36.86,7,55.72,4.107076746102,-1.12,79.8,56.42,1,"	1345,1565" 
2010-06-01T20:00:00Z,"SWX",2011-11-01T20:00:00Z,Buy,28.9,38.44,16,152.64,4.5566615243407,-2.56,182.4,128.96,1,"	1345,1604" 
2010-06-01T20:00:00Z,"LINC",2012-04-02T20:00:00Z,Buy,22.79,7.91,9,-133.92,1.0430360889635,-143.1,47.79,146.7,0,"	1343,1687" 
2010-07-01T20:00:00Z,"HA",2010-08-02T20:00:00Z,Buy,5.24,5.89,40,26,1.2027079303675,-2.8,114,10.4,1,"	1354,1361" 
2010-07-01T20:00:00Z,"B",2011-05-02T20:00:00Z,Buy,16.33,24.54,31,254.51,5.9597248270208,-36.58,260.71,100.13,1,"	1353,1493" 
2010-07-01T20:00:00Z,"NUS",2011-05-02T20:00:00Z,Buy,24.27,32.58,18,149.58,2.219602370589,0,149.58,85.14,1,"	1356,1500" 
2010-07-01T20:00:00Z,"LHCG",2011-12-01T21:00:00Z,Buy,24.41,13.93,8,-83.84,2.2158519767969,-96.48,103.6,153.36,0,"	1355,1624" 
2010-07-01T20:00:00Z,"SCVL",2012-04-02T20:00:00Z,Buy,19.55,32.56,7,91.07,2.7033033589997,-21.14,99.75,91.49,1,"	1357,1689" 
2010-07-01T20:00:00Z,"SCVL",2013-06-03T20:00:00Z,Buy,13.03333985,24.64,20.999989500005,243.74,1.1623723228995,-42.28,243.74,182.98,1,"	1357,1914" 
2010-08-02T20:00:00Z,"JBSS",2010-11-01T20:00:00Z,Buy,14.07,12.96,16,-17.76,1.0801709401709,-29.12,53.92,31.04,0,"	1366,1404" 
2010-08-02T20:00:00Z,"SAFM",2010-12-01T21:00:00Z,Buy,45.82,41.86,15.000007499996,-59.4,1.0784085561497,-403.7,137.7,102.6,0,"	1369,1423" 
2010-08-02T20:00:00Z,"ODC",2011-04-01T20:00:00Z,Buy,21.87,21.38,34,-16.66,5.7519999333497,-100.64,38.42,139.06,0,"	1368,1486" 
2010-08-02T20:00:00Z,"NP",2011-06-01T20:00:00Z,Buy,17.94,22.03,22,89.98,12.177704777026,-89.1,119.24,93.28,1,"	1367,1524" 
2010-08-02T20:00:00Z,"SAFM",2014-07-01T20:00:00Z,Buy,45.82,97.92,0.99999250000375,52.1,2.1063248366893,-26.91,52.1,6.84,1,"	1369,2205" 
2010-09-01T20:00:00Z,"BWS",2011-02-01T21:00:00Z,Buy,10.68,13.29,33.000007499996,86.13,4.5485848127078,-5.94,876.26,80.85,1,"	1376,1447" 
2010-09-01T20:00:00Z,"TER",2011-02-01T21:00:00Z,Buy,9.27,16.98,17,131.07,3.7525332768863,0,131.07,16.32,1,"	1379,1452" 
2010-09-01T20:00:00Z,"OC",2011-05-02T20:00:00Z,Buy,27,37.65,15,159.75,3.1470838203612,-49.35,165.6,62.7,1,"	1378,1501" 
2010-09-01T20:00:00Z,"VECO",2011-05-02T20:00:00Z,Buy,34.37,51.57,8,137.6,4.4887031744978,-8,146.64,79.2,1,"	1380,1504" 
2010-09-01T20:00:00Z,"TER",2012-02-01T21:00:00Z,Buy,9.27,16.53,14,101.64,2.1815046202903,0,137.76,119.98,1,"	1379,1664" 
2010-09-01T20:00:00Z,"AIT",2012-09-04T20:00:00Z,Buy,28.69,41.55,3.7499806612315,48.22,1.1177574626866,-49.61,49.5,41.44,1,"	1375,1760" 
2010-09-01T20:00:00Z,"AIT",2012-11-01T20:00:00Z,Buy,28.69,40.94,17,208.25,1.0857329391476,-224.91,260.78,187.85,1,"	1375,1798" 
2010-09-01T20:00:00Z,"KLIC",2013-02-01T21:00:00Z,Buy,5.86,11.65,46,266.34,3.3610042340017,-19.32,339.48,257.6,1,"	1377,1849" 
2010-09-01T20:00:00Z,"BWS",2013-06-03T20:00:00Z,Buy,10.68,21.48,0.99999250000375,10.8,1.1910480769231,-0.18,26.55,2.45,1,"	1376,1906" 
2010-09-01T20:00:00Z,"TER",2013-09-03T20:00:00Z,Buy,9.27,15.44,13,80.21,1.2464364820847,0,127.92,111.41,1,"	1379,1970" 
2010-10-01T20:00:00Z,"BMY",2011-02-01T21:00:00Z,Buy,27.28,25.27,41,-82.41,4.9176947166097,-85.69,9.43,95.12,0,"	1394,1448" 
2010-10-01T20:00:00Z,"MANH",2011-03-01T21:00:00Z,Buy,29.59,31.87,21,47.88,5.2398747254141,-21.63,54.81,55.44,1,"	1398,1469" 
2010-10-01T20:00:00Z,"FOSL",2011-04-01T20:00:00Z,Buy,53.07,93.61,3,121.62,4.6740212939794,-0.96,121.74,26.4,1,"	1397,1485" 
2010-10-01T20:00:00Z,"DPZ",2011-05-02T20:00:00Z,Buy,13.15,18.56,40,216.4,3.3515115482768,-2.4,224,64,1,"	1396,1495" 
2010-10-01T20:00:00Z,"MGLN",2011-05-02T20:00:00Z,Buy,47.38,51.79,17,74.97,2.1698760881717,-30.94,81.77,91.29,1,"	1399,1499" 
2010-10-01T20:00:00Z,"CRUS",2011-08-01T20:00:00Z,Buy,17.41,15.22,17,-37.23,4.7413612670889,-83.3,131.58,198.56,0,"	1395,1541" 
2010-10-01T20:00:00Z,"FOSL",2011-08-01T20:00:00Z,Buy,53.07,126.74,2,147.34,1.0100851436301,-0.64,162.44,18.58,1,"	1397,1543" 
2010-10-01T20:00:00Z,"PLCE",2011-10-03T20:00:00Z,Buy,51.46,45.8,12,-67.92,2.1223680833481,-170.88,61.08,231.96,0,"	1400,1588" 
2010-10-01T20:00:00Z,"RBIN",2012-05-01T20:00:00Z,Buy,30.44,48.6,13,236.08,4.711934042474,-37.57,269.36,249.99,1,"	1401,1706" 
2010-10-01T20:00:00Z,"FOSL",2012-07-02T20:00:00Z,Buy,53.07,74.88,4,87.24,3.0902460721282,-1.28,340.92,275.28,1,"	1397,1735" 
2010-10-01T20:00:00Z,"ALK",2012-10-01T20:00:00Z,Buy,24.895,35.16,18,184.77,2.524949918218,-29.79,257.22,166.05,1,"	1393,1778" 
2010-11-01T20:00:00Z,"GCI",2011-01-03T21:00:00Z,Buy,11.76,15.42,17,62.22,1.0843544303797,0,117.47,13.26,1,"	1414,1435" 
2010-11-01T20:00:00Z,"IDT",2011-01-03T21:00:00Z,Buy,13.74,26.62,10,128.8,2.1455889177452,0,150.6,32,1,"	1416,1436" 
2010-11-01T20:00:00Z,"ARP",2011-04-01T20:00:00Z,Buy,7.06,10.37,57,188.67,4.9993581700118,-14.82,188.67,74.1,1,"	1410,1483" 
2010-11-01T20:00:00Z,"BIIB",2011-05-02T20:00:00Z,Buy,62.55,98.67,5,180.6,2.0801986545546,-0.25,196.25,22.25,1,"	1415,1497" 
2010-11-01T20:00:00Z,"ATSG",2011-06-01T20:00:00Z,Buy,7.08,7.02,43,-2.58,4.9038045455587,-2.58,60.2,62.78,0,"	1409,1519" 
2010-11-01T20:00:00Z,"FIZ",2011-09-01T20:00:00Z,Buy,14.01,16.08,45,93.15,5.0095802830612,-371.7,111.6,123.75,1,"	1413,1559" 
2010-11-01T20:00:00Z,"EAT",2011-12-01T21:00:00Z,Buy,18.55,23.96,27,146.07,4.4878626305253,-8.37,216.54,177.12,1,"	1412,1623" 
2010-11-01T20:00:00Z,"IDT",2012-01-03T21:00:00Z,Buy,13.74,9.55,10,-41.9,1.2087153518124,-48.8,158.7,207.5,0,"	1416,1641" 
2010-11-01T20:00:00Z,"ATO",2012-02-01T21:00:00Z,Buy,29.53,32.62,8,24.72,1.0401086587436,-41.12,46.96,48.88,1,"	1411,1657" 
2010-11-01T20:00:00Z,"BIIB",2012-05-01T20:00:00Z,Buy,62.55,131.83,6,415.68,3.5787823713267,-0.3,428.76,143.7,1,"	1415,1699" 
2010-11-01T20:00:00Z,"USNA",2012-06-01T20:00:00Z,Buy,43.91,40.06,5,-19.25,2.9370860512851,-101.55,4.9,106.45,0,"	1417,1725" 
2010-11-01T20:00:00Z,"USNA",2013-06-03T20:00:00Z,Buy,43.91,67.3,5,116.95,1.0239877388081,-101.55,131.15,106.45,1,"	1417,1915" 
2010-11-01T20:00:00Z,"USNA",2014-11-03T21:00:00Z,Buy,43.91,115.22,2,142.62,1.015163186524,-40.62,142.62,67.58,1,"	1417,2294" 
2010-12-01T21:00:00Z,"DTE",2011-01-03T21:00:00Z,Buy,45.4,45.57,5,0.85,1.6576373101084,-4.75,17.85,5.6,1,"	1429,1434" 
2010-12-01T21:00:00Z,"BMY",2011-02-01T21:00:00Z,Buy,25.56,25.27,8,-2.32,1.5424106175716,-2.96,15.6,12.24,0,"	1426,1448" 
2010-12-01T21:00:00Z,"SGU",2011-02-01T21:00:00Z,Buy,5.38,5.48,151,15.1,8.7353136250668,-25.67,15.1,27.18,1,"	1431,1451" 
2010-12-01T21:00:00Z,"CLW",2011-06-01T20:00:00Z,Buy,81.34,67.69,3,-40.95,1.7706677031192,-111.33,9.99,44.49,0,"	1428,1520" 
2010-12-01T21:00:00Z,"CCF",2011-09-01T20:00:00Z,Buy,16,12.59,32,-109.12,14.497733039663,-144,95.04,239.04,0,"	1427,1558" 
2010-12-01T21:00:00Z,"HLS",2011-11-01T20:00:00Z,Buy,17.97,16.9,14,-14.98,1.0698833333333,-52.08,142.66,194.74,0,"	1430,1598" 
2010-12-01T21:00:00Z,"SSP",2011-12-01T21:00:00Z,Buy,9.57,8.35,44,-53.68,10.917007008543,-137.28,38.72,176,0,"	1432,1628" 
2011-01-03T21:00:00Z,"OTL",2011-03-01T21:00:00Z,Buy,20.68,25.61,8,39.44,4.4701502210619,-12.16,52.16,12.72,1,"	1441,1471" 
2011-01-03T21:00:00Z,"RGR",2011-04-01T20:00:00Z,Buy,15.09,23.09,12,96,3.9389645804126,-2.88,96,10.68,1,"	1442,1487" 
2011-01-03T21:00:00Z,"STMP",2011-07-01T20:00:00Z,Buy,13.74,13.46,44,-12.32,8.6877125452879,-121.88,3.96,121.88,0,"	1443,1533" 
2011-01-03T21:00:00Z,"RGR",2011-08-01T20:00:00Z,Buy,15.09,27.75,12,151.92,2.7507421262171,-2.88,153.6,60.12,1,"	1442,1547" 
2011-01-03T21:00:00Z,"APU",2011-12-01T21:00:00Z,Buy,48.87,43.87,5,-25,1.520234081474,-143.9,12.7,66.75,0,"	1439,1622" 
2011-01-03T21:00:00Z,"RGR",2012-03-01T21:00:00Z,Buy,15.09,41.93,5,134.2,2.3787236862301,-1.2,153.35,54.4,1,"	1442,1677" 
2011-01-03T21:00:00Z,"OTL",2012-05-01T20:00:00Z,Buy,20.68,29.94,18,166.68,1.0891366192524,-27.36,305.64,286.56,1,"	1441,1705" 
2011-01-03T21:00:00Z,"RGR",2012-05-01T20:00:00Z,Buy,15.09,55.14,4,160.2,1.019323637638,-0.96,167.92,43.52,1,"	1442,1707" 
2011-01-03T21:00:00Z,"CPK",2013-01-02T21:00:00Z,Buy,41.55,46.78,5,26.15,2.1258321662295,-18.7,35.65,34.8,1,"	1440,1827" 
2011-01-03T21:00:00Z,"RGR",2013-05-01T20:00:00Z,Buy,15.09,49.62,8,276.24,1.0387731978902,-1.92,357.68,180.88,1,"	1442,1891" 
2011-01-03T21:00:00Z,"USPH",2013-06-03T20:00:00Z,Buy,20.36,28.9,11,93.94,1.6003854211092,-144.21,93.94,102.41,1,"	1444,1916" 
2011-01-03T21:00:00Z,"CPK",2014-10-01T20:00:00Z,Buy,27.70001385,41.48,5,68.9,3.2254791081985,-12.47,103.13,41.83,1,"	1440,2269" 
2011-01-03T21:00:00Z,"CPK",2015-01-02T21:00:00Z,Buy,27.70001385,49.89,17.499988750006,388.32,6.8271564732716,-43.63,435.75,146.42,1,"	1440,2336" 
2011-02-01T21:00:00Z,"IPAR",2011-05-02T20:00:00Z,Buy,17.86,18.94,12,12.96,2.1954413655896,-79.92,20.88,14.88,1,"	1455,1498" 
2011-02-01T21:00:00Z,"NC",2011-07-01T20:00:00Z,Buy,109.28,100.17,3,-27.33,2.0318701265325,-64.44,48.87,113.31,0,"	1458,1531" 
2011-02-01T21:00:00Z,"KWR",2011-08-01T20:00:00Z,Buy,39.74,40.4,12,7.92,7.2915913100413,-51,65.28,71.16,1,"	1456,1546" 
2011-02-01T21:00:00Z,"MGEE",2011-09-01T20:00:00Z,Buy,41.65,41.58,10,-0.7,6.6987969317058,-35.4,12.4,45.6,0,"	1457,1561" 
2011-02-01T21:00:00Z,"VSH",2011-11-01T20:00:00Z,Buy,16.94,9.98,31,-215.76,2.4283612403101,-274.35,65.41,339.76,0,"	1461,1606" 
2011-02-01T21:00:00Z,"MGEE",2011-12-01T21:00:00Z,Buy,41.65,44.15,22,55,9.7486141684439,-77.88,95.48,100.32,1,"	1457,1625" 
2011-02-01T21:00:00Z,"WTI",2012-01-03T21:00:00Z,Buy,20.67,22.32,19,31.35,9.3449189918438,-152.95,152.19,305.14,1,"	1462,1648" 
2011-02-01T21:00:00Z,"PLPC",2012-11-01T20:00:00Z,Buy,64.38,54.1,7,-71.96,3.4402606706501,-156.73,89.39,246.12,0,"	1459,1802" 
2011-02-01T21:00:00Z,"USNA",2014-11-03T21:00:00Z,Buy,38.96,115.22,1,76.26,1.0308227848101,-15.36,76.26,33.79,1,"	1460,2294" 
2011-02-01T21:00:00Z,"USNA",2015-06-01T20:00:00Z,Buy,38.96,129.52,3,271.68,8.3788073614457,-46.08,304.65,101.37,1,"	1460,2454" 
2011-03-01T21:00:00Z,"EBF",2011-05-02T20:00:00Z,Buy,15.54,18.5,14,41.44,1.6107895445657,-11.48,62.86,21.42,1,"	1474,1496" 
2011-03-01T21:00:00Z,"NP",2011-06-01T20:00:00Z,Buy,18.98,22.03,11,33.55,2.1193543706789,-55.99,48.18,23.98,1,"	1479,1524" 
2011-03-01T21:00:00Z,"HRC",2011-08-01T20:00:00Z,Buy,38.01,34.39,7,-25.34,2.1321291445141,-25.34,66.29,91.63,0,"	1476,1544" 
2011-03-01T21:00:00Z,"HRC",2011-09-01T20:00:00Z,Buy,38.01,30.08,13,-103.09,5.6492571508268,-134.94,123.11,258.05,0,"	1476,1560" 
2011-03-01T21:00:00Z,"PETS",2011-09-01T20:00:00Z,Buy,14.57,9.94,14,-64.82,2.174333401588,-71.54,139.02,90.02,0,"	1481,1562" 
2011-03-01T21:00:00Z,"ALGN",2011-10-03T20:00:00Z,Buy,20.52,14.26,10,-62.6,1.0492086330935,-112.5,44.7,107.3,0,"	1472,1582" 
2011-03-01T21:00:00Z,"SWX",2011-11-01T20:00:00Z,Buy,38.71,38.44,6,-1.62,1.0298765114484,-59.82,9.54,48.36,0,"	1482,1604" 
2011-03-01T21:00:00Z,"MKSI",2011-12-01T21:00:00Z,Buy,29.79,26.35,9,-30.96,6.7390975936161,-86.04,35.1,121.14,0,"	1478,1626" 
2011-03-01T21:00:00Z,"MIC",2012-01-03T21:00:00Z,Buy,23.72,28.21,30,134.7,5.4162271586652,-105.3,134.7,236.4,1,"	1477,1643" 
2011-03-01T21:00:00Z,"OYOG",2012-01-03T21:00:00Z,Buy,96.7,78.81,5,-89.45,5.7025832996268,-221,49.25,270.25,0,"	1480,1645" 
2011-03-01T21:00:00Z,"BRKS",2012-10-01T20:00:00Z,Buy,12.62,7.81,32,-153.92,8.1869781257496,-163.2,54.08,217.28,0,"	1473,1780" 
2011-03-01T21:00:00Z,"MKSI",2012-12-03T21:00:00Z,Buy,29.79,24.02,8,-46.16,2.5348099842072,-76.48,31.2,107.68,0,"	1478,1817" 
2011-03-01T21:00:00Z,"ENTG",2013-09-03T20:00:00Z,Buy,8.51,9.42,42,38.22,2.6859639371462,-100.8,81.06,181.86,1,"	1475,1966" 
2011-04-01T20:00:00Z,"DISCA",2011-05-02T20:00:00Z,Buy,40.41,44.65,6,25.44,1.468737072678,-89.22,27.36,2.94,1,"	1488,1494" 
2011-04-01T20:00:00Z,"NUS",2011-05-02T20:00:00Z,Buy,28.7,32.58,8,31.04,1.0399304347826,-35.44,31.04,9.68,1,"	1491,1500" 
2011-04-01T20:00:00Z,"KAI",2012-01-03T21:00:00Z,Buy,26.72,22.55,16,-66.72,7.0840458539299,-163.36,129.92,293.28,0,"	1492,1646" 
2011-04-01T20:00:00Z,"DXPE",2012-02-01T21:00:00Z,Buy,24,35.91,6,71.46,6.1486353350234,-36.9,72.96,58.26,1,"	1489,1661" 
2011-04-01T20:00:00Z,"DXPE",2012-05-01T20:00:00Z,Buy,24,44.76,16,332.16,1.082563984321,-98.4,341.44,155.36,1,"	1489,1697" 
2011-04-01T20:00:00Z,"LSCC",2012-06-01T20:00:00Z,Buy,5.94,4.29,76,-125.4,4.5417415960237,-125.4,83.6,209,0,"	1490,1720" 
2011-05-02T20:00:00Z,"CLW",2011-06-01T20:00:00Z,Buy,78.25,67.69,3,-31.68,1.4511118186749,-102.06,19.26,31.68,0,"	1505,1520" 
2011-05-02T20:00:00Z,"EBS",2011-06-01T20:00:00Z,Buy,23.7,23.98,10,2.8,4.1350274859853,-30.4,12.8,30.4,1,"	1508,1523" 
2011-05-02T20:00:00Z,"EBS",2011-08-01T20:00:00Z,Buy,23.7,20.52,21,-66.78,3.1225345331617,-66.78,26.88,93.66,0,"	1508,1542" 
2011-05-02T20:00:00Z,"FIZ",2011-09-01T20:00:00Z,Buy,13.58,16.08,14.400112799946,36,1.0780459770115,-112.75,41.9,23.18,1,"	1509,1559" 
2011-05-02T20:00:00Z,"LRCX",2011-11-01T20:00:00Z,Buy,48.09,42.22,12,-70.44,7.013747698503,-152.52,6.48,159,0,"	1511,1600" 
2011-05-02T20:00:00Z,"MRCY",2011-11-01T20:00:00Z,Buy,19.07,13.94,28,-143.64,15.662249649237,-216.16,5.6,221.76,0,"	1514,1601" 
2011-05-02T20:00:00Z,"RAVN",2011-11-01T20:00:00Z,Buy,52.89,57.64,4,19,6.9091624285267,-33.32,41.08,59.72,1,"	1515,1603" 
2011-05-02T20:00:00Z,"MGEE",2011-12-01T21:00:00Z,Buy,41.5,44.15,5,13.25,1.3855136774832,-16.95,22.45,22.8,1,"	1512,1625" 
2011-05-02T20:00:00Z,"SSP",2011-12-01T21:00:00Z,Buy,9.41,8.35,23,-24.38,2.4030339271763,-68.08,23.92,76.36,0,"	1517,1628" 
2011-05-02T20:00:00Z,"HUBB",2012-01-03T21:00:00Z,Buy,69.4,67.8,3,-4.8,4.60863850905,-64.29,0,64.29,0,"	1510,1640" 
2011-05-02T20:00:00Z,"MERC",2012-01-03T21:00:00Z,Buy,12.1,6.49,34,-190.74,3.2859608704093,-229.84,55.42,285.26,0,"	1513,1642" 
2011-05-02T20:00:00Z,"CNC",2012-03-01T21:00:00Z,Buy,36.4,49.04,5,63.2,5.9524313265446,-50.4,66.85,57.75,1,"	1506,1673" 
2011-05-02T20:00:00Z,"CUB",2012-03-01T21:00:00Z,Buy,53.55,47.5,15,-90.75,5.4168953509108,-244.05,16.65,260.7,0,"	1507,1674" 
2011-05-02T20:00:00Z,"RES",2012-04-02T20:00:00Z,Buy,17.32667533,10.41,23.749441568737,-164.27,1.0865371809101,-317.84,15.52,203.45,0,"	1516,1688" 
2011-05-02T20:00:00Z,"RAVN",2012-06-01T20:00:00Z,Buy,52.89,65.27,8,99.04,3.0624911257286,-66.64,134.64,119.44,1,"	1515,1723" 
2011-05-02T20:00:00Z,"CNC",2012-08-01T20:00:00Z,Buy,36.4,37.48,13,14.04,5.2633191427198,-131.04,187.2,311.48,1,"	1506,1749" 
2011-05-02T20:00:00Z,"UNH",2013-01-02T21:00:00Z,Buy,49.88,54.54,17,79.22,7.1435565580233,-136.51,176.46,191.76,1,"	1518,1836" 
2011-05-02T20:00:00Z,"HUBB",2013-08-01T20:00:00Z,Buy,69.4,110.9,11,456.5,3.6921879921269,-235.73,456.5,235.73,1,"	1510,1942" 
2011-05-02T20:00:00Z,"RES",2014-04-01T20:00:00Z,Buy,17.32667533,20.59,3.2505449312698,10.61,1.3899845535461,-43.5,10.9,27.85,1,"	1516,2126" 
2011-06-01T20:00:00Z,"RIGL",2011-09-01T20:00:00Z,Buy,8.01,7.48,61,-32.33,17.203582966702,-71.98,130.54,202.52,0,"	1528,1563" 
2011-06-01T20:00:00Z,"APU",2011-12-01T21:00:00Z,Buy,44.76,43.87,6,-5.34,1.029577092511,-148.02,39.9,47.76,0,"	1527,1622" 
2011-06-01T20:00:00Z,"TISI",2012-01-03T21:00:00Z,Buy,21.87,29.9,7,56.21,2.1492808184143,-9.52,56.21,45.29,1,"	1529,1647" 
2011-06-01T20:00:00Z,"TISI",2013-04-01T20:00:00Z,Buy,21.87,39.86,6,107.94,2.7835899897992,-8.16,147.66,54.18,1,"	1529,1875" 
2011-06-01T20:00:00Z,"TISI",2013-07-01T20:00:00Z,Buy,21.87,38.42,11,182.05,1.0558282694848,-14.96,270.71,126.28,1,"	1529,1932" 
2011-06-01T20:00:00Z,"WLK",2014-05-01T20:00:00Z,Buy,27.355,70.86,3,130.52,2.7756293551383,-33.56,131.54,34.66,1,"	1530,2152" 
2011-06-01T20:00:00Z,"WLK",2014-09-02T20:00:00Z,Buy,27.355,97.96,3,211.82,2.125346046168,-33.56,211.82,34.66,1,"	1530,2256" 
2011-06-01T20:00:00Z,"WLK",2015-08-03T20:00:00Z,Buy,27.355,61.84,12,413.82,1.0593949095566,-134.22,847.26,531.48,1,"	1530,2496" 
2011-07-01T20:00:00Z,"ALG",2011-08-01T20:00:00Z,Buy,23.62,24.02,9,3.6,1.0448481012658,-40.41,49.68,23.22,1,"	1534,1540" 
2011-07-01T20:00:00Z,"VECO",2011-12-01T21:00:00Z,Buy,48.58,25.14,10,-234.4,2.1410795610581,-265.3,0,265.3,0,"	1538,1630" 
2011-07-01T20:00:00Z,"USMO",2012-05-01T20:00:00Z,Buy,15.44,12.75,42,-112.98,3.8528406341643,-115.5,77.7,193.2,0,"	1537,1708" 
2011-07-01T20:00:00Z,"MGLN",2012-08-01T20:00:00Z,Buy,54.63,47.51,7,-49.84,8.3424990389552,-96.74,10.5,107.24,0,"	1535,1751" 
2011-07-01T20:00:00Z,"MYGN",2012-11-01T20:00:00Z,Buy,23.13,26.86,31,115.63,3.9551491908634,-163.37,160.89,186,1,"	1536,1800" 
2011-07-01T20:00:00Z,"MGLN",2013-05-01T20:00:00Z,Buy,54.63,50.09,11,-49.94,1.0734313917123,-152.02,16.5,168.52,0,"	1535,1888" 
2011-08-01T20:00:00Z,"NDSN",2012-02-01T21:00:00Z,Buy,50.5,46.39,12,-49.32,3.6895462892026,-159.48,0,159.48,0,"	1553,1663" 
2011-08-01T20:00:00Z,"LFUS",2012-04-02T20:00:00Z,Buy,51.89,64.86,4,51.88,2.0917851001282,-53.32,51.88,53.32,1,"	1551,1686" 
2011-08-01T20:00:00Z,"MRO",2012-06-01T20:00:00Z,Buy,30.65,23.89,21,-141.96,11.719380704805,-217.77,92.82,234.78,0,"	1552,1721" 
2011-08-01T20:00:00Z,"FL",2012-06-01T20:00:00Z,Buy,21.61,30.38,8,70.16,7.1223031003712,-38.72,89.28,38.72,1,"	1554,1726" 
2011-08-01T20:00:00Z,"GCO",2013-01-02T21:00:00Z,Buy,52.76,56.03,9,29.43,6.0549137919349,-98.91,234.09,253.26,1,"	1550,1830" 
2011-08-01T20:00:00Z,"BKE",2014-04-01T20:00:00Z,Buy,44.21,46.33,12,25.44,3.8335211477725,-355.56,155.16,182.4,1,"	1549,2122" 
2011-08-01T20:00:00Z,"FL",2014-04-01T20:00:00Z,Buy,21.61,47.3,9,231.21,1.0452968716748,-43.56,231.21,51.03,1,"	1554,2130" 
2011-08-01T20:00:00Z,"LFUS",2014-07-01T20:00:00Z,Buy,51.89,96.12,10,442.3,1.0775578267886,-133.3,468.4,143.6,1,"	1551,2203" 
2011-08-01T20:00:00Z,"FL",2015-09-01T20:00:00Z,Buy,21.61,70.4,3,146.37,1.0149173612092,-14.52,157.53,19.14,1,"	1554,2523" 
2011-09-01T20:00:00Z,"DEPO",2011-11-01T20:00:00Z,Buy,6.08,4.38,68,-115.6,8.4350901570146,-119.68,23.12,142.8,0,"	1571,1597" 
2011-09-01T20:00:00Z,"LRCX",2011-11-01T20:00:00Z,Buy,36.58,42.22,7,39.48,2.8299151910188,-8.4,84.35,26.88,1,"	1577,1600" 
2011-09-01T20:00:00Z,"MRCY",2011-11-01T20:00:00Z,Buy,13.84,13.94,20,2,4.6399036638165,-49.8,108.6,49.8,1,"	1580,1601" 
2011-09-01T20:00:00Z,"LHCG",2011-12-01T21:00:00Z,Buy,19.04,13.93,12,-61.32,1.0571771771772,-80.28,219.84,88.2,0,"	1575,1624" 
2011-09-01T20:00:00Z,"DV",2012-01-03T21:00:00Z,Buy,42.52,38.75,12,-45.24,4.4668878857413,-114.36,47.28,161.64,0,"	1572,1639" 
2011-09-01T20:00:00Z,"IDT",2012-01-03T21:00:00Z,Buy,21.17,9.55,12,-139.44,3.9950889761615,-147.72,101.28,156.24,0,"	1573,1641" 
2011-09-01T20:00:00Z,"CECO",2012-03-01T21:00:00Z,Buy,16.04,8.63,30,-222.3,2.2919536249995,-291.6,51.6,343.2,0,"	1569,1671" 
2011-09-01T20:00:00Z,"B",2012-04-02T20:00:00Z,Buy,21.89,26.96,26,131.82,10.018451255221,-98.8,158.08,119.08,1,"	1567,1684" 
2011-09-01T20:00:00Z,"LINC",2012-04-02T20:00:00Z,Buy,9.29,7.91,21,-28.98,1.0992319430315,-50.4,395.01,57.75,0,"	1576,1687" 
2011-09-01T20:00:00Z,"LXU",2012-07-02T20:00:00Z,Buy,39.7,30.85,10,-88.5,9.5375420009521,-139.6,15.5,153.3,0,"	1578,1737" 
2011-09-01T20:00:00Z,"ATRI",2012-09-04T20:00:00Z,Buy,210.46,219.67,1,9.21,3.5779237269796,-92.05,51.13,63.82,1,"	1566,1761" 
2011-09-01T20:00:00Z,"BRKS",2012-10-01T20:00:00Z,Buy,8.93,7.81,23,-25.76,2.2655354585825,-32.43,123.74,105.11,0,"	1568,1780" 
2011-09-01T20:00:00Z,"MKSI",2012-12-03T21:00:00Z,Buy,22.57,24.02,13,18.85,3.181669038358,-30.42,144.56,123.24,1,"	1579,1817" 
2011-09-01T20:00:00Z,"CVI",2013-02-01T21:00:00Z,Buy,27.17,53.58,4,105.64,2.0898153424658,-40.68,126.32,47.52,1,"	1570,1848" 
2011-09-01T20:00:00Z,"LG",2013-02-01T21:00:00Z,Buy,39.74,40.13,24,9.36,13.578734140413,-56.64,89.52,138.96,1,"	1574,1850" 
2011-09-01T20:00:00Z,"TER",2013-09-03T20:00:00Z,Buy,11.86,15.44,22,78.76,3.7728403699846,-56.98,159.5,95.26,1,"	1581,1970" 
2011-09-01T20:00:00Z,"CVI",2014-01-02T21:00:00Z,Buy,27.17,43.68,11,181.61,4.775675654622,-111.87,475.31,404.36,1,"	1570,2050" 
2011-10-03T20:00:00Z,"KELYA",2011-11-01T20:00:00Z,Buy,10.9,15.32,38,167.96,9.3938542506524,0,224.96,57,1,"	1591,1599" 
2011-10-03T20:00:00Z,"VSH",2011-11-01T20:00:00Z,Buy,8.09,9.98,27,51.03,1.1306399521531,0,295.92,38.34,1,"	1594,1606" 
2011-10-03T20:00:00Z,"DAR",2012-06-01T20:00:00Z,Buy,11.7,14.07,36,85.32,5.5061712194966,0,223.2,139.68,1,"	1589,1717" 
2011-10-03T20:00:00Z,"DSW",2012-06-01T20:00:00Z,Buy,45,57.26,10,122.6,2.0966949107525,-30.9,165.2,118.6,1,"	1590,1719" 
2011-10-03T20:00:00Z,"AVA",2012-07-02T20:00:00Z,Buy,23.65,26.95,39,128.7,2.4356119708854,0,128.7,93.6,1,"	1595,1741" 
2011-10-03T20:00:00Z,"MLR",2012-09-04T20:00:00Z,Buy,16.57,15.51,37,-39.22,2.3637331926853,-81.03,161.32,242.35,0,"	1592,1767" 
2011-10-03T20:00:00Z,"UFS",2013-03-01T21:00:00Z,Buy,65.01,74.65,3,28.92,1.0143046794778,-54.18,119.97,92.58,1,"	1593,1864" 
2011-11-01T20:00:00Z,"VECO",2011-12-01T21:00:00Z,Buy,25.29,25.14,8,-1.2,1.0379018358936,-25.92,186.32,57.2,0,"	1621,1630" 
2011-11-01T20:00:00Z,"IDT",2012-01-03T21:00:00Z,Buy,12,9.55,19,-46.55,7.3337297318162,-59.66,334.59,100.51,0,"	1614,1641" 
2011-11-01T20:00:00Z,"MERC",2012-01-03T21:00:00Z,Buy,6.85,6.49,39,-14.04,1.1941497093023,-58.89,268.32,58.89,0,"	1616,1642" 
2011-11-01T20:00:00Z,"CROX",2012-02-01T21:00:00Z,Buy,17.86,19.79,18,34.74,2.1846112750585,-62.46,34.74,63,1,"	1610,1658" 
2011-11-01T20:00:00Z,"CRUS",2012-02-01T21:00:00Z,Buy,16.23,20.68,26,115.7,2.2583876728463,-49.4,151.84,84.5,1,"	1611,1659" 
2011-11-01T20:00:00Z,"INTC",2012-02-01T21:00:00Z,Buy,23.89,26.55,8,21.28,2.7390411299741,-9.52,24.08,21.12,1,"	1615,1662" 
2011-11-01T20:00:00Z,"CHS",2012-03-01T21:00:00Z,Buy,12.29,15.29,52,156,4.1304579770325,-122.2,156,130,1,"	1608,1672" 
2011-11-01T20:00:00Z,"DISH",2012-04-02T20:00:00Z,Buy,23.83,33.58,7,68.25,2.1687918109916,-3.92,68.25,17.57,1,"	1612,1685" 
2011-11-01T20:00:00Z,"MXIM",2012-05-01T20:00:00Z,Buy,25.57,29,10,34.3,2.7272697030196,-16.5,42.9,31.6,1,"	1617,1702" 
2011-11-01T20:00:00Z,"SPPI",2012-07-02T20:00:00Z,Buy,10.91,16,16,81.44,2.2937725804993,-22.4,81.44,101.76,1,"	1618,1739" 
2011-11-01T20:00:00Z,"OXM",2012-08-01T20:00:00Z,Buy,38.95,42.21,13,42.38,5.3144664317967,-69.42,171.86,160.29,1,"	1619,1752" 
2011-11-01T20:00:00Z,"GME",2012-11-01T20:00:00Z,Buy,25.04,23.6,9,-12.96,3.861534124109,-83.79,7.11,90.9,0,"	1613,1799" 
2011-11-01T20:00:00Z,"SXI",2012-11-01T20:00:00Z,Buy,36.1,50.79,13,190.97,8.2710557592182,-92.95,190.97,122.72,1,"	1620,1804" 
2011-11-01T20:00:00Z,"SPPI",2012-12-03T21:00:00Z,Buy,10.91,11.74,27,22.41,1.1338597972973,-37.8,165.78,173.07,1,"	1618,1818" 
2011-11-01T20:00:00Z,"DISH",2013-01-02T21:00:00Z,Buy,23.83,37.01,20,263.6,5.0854779021178,-11.2,276.4,145.4,1,"	1612,1829" 
2011-11-01T20:00:00Z,"GME",2013-01-02T21:00:00Z,Buy,25.04,25.66,24,14.88,1.1227751196172,-223.44,66.96,242.4,1,"	1613,1831" 
2011-11-01T20:00:00Z,"INTC",2013-01-02T21:00:00Z,Buy,23.89,21.38,35,-87.85,3.1980827177468,-158.55,185.15,343.7,0,"	1615,1832" 
2011-11-01T20:00:00Z,"CVX",2014-01-02T21:00:00Z,Buy,102.08,124.14,2,44.12,2.0536661043071,-19.58,51.36,33.14,1,"	1609,2049" 
2011-11-01T20:00:00Z,"MXIM",2014-02-03T21:00:00Z,Buy,25.57,29.86,28,120.12,6.1192069135431,-46.2,216.72,179.2,1,"	1617,2070" 
2011-11-01T20:00:00Z,"CVX",2014-09-02T20:00:00Z,Buy,102.08,127.54,2,50.92,1.352366981332,-19.58,65.54,36.48,1,"	1609,2241" 
2011-11-01T20:00:00Z,"CVX",2014-12-01T21:00:00Z,Buy,102.08,111.73,2,19.3,1.0102626986314,-19.58,65.54,51.96,1,"	1609,2317" 
2011-11-01T20:00:00Z,"CVX",2015-01-02T21:00:00Z,Buy,102.08,112.58,2,21,1.0100356569799,-19.58,65.54,67.98,1,"	1609,2335" 
2011-12-01T21:00:00Z,"NEU",2012-05-01T20:00:00Z,Buy,196.92,219.91,1,22.99,4.8805691037581,-23.46,31.66,46.83,1,"	1634,1698" 
2011-12-01T21:00:00Z,"LZB",2012-05-01T20:00:00Z,Buy,11.59,15.22,14,50.82,8.0349384168347,-7.84,52.5,23.1,1,"	1637,1701" 
2011-12-01T21:00:00Z,"HOC",2012-07-02T20:00:00Z,Buy,23.43,35.69,7,85.82,2.136011147004,-11.41,87.92,54.53,1,"	1635,1736" 
2011-12-01T21:00:00Z,"CF",2012-09-04T20:00:00Z,Buy,146.98,204.75,1,57.77,4.7568844093273,-17.11,69.65,45.88,1,"	1631,1763" 
2011-12-01T21:00:00Z,"ED",2012-10-01T20:00:00Z,Buy,59.51,59.48,27,-0.81,11.470463280124,-64.26,146.61,157.41,0,"	1633,1783" 
2011-12-01T21:00:00Z,"DLTR",2012-12-03T21:00:00Z,Buy,41.025,41.34,4.999960999961,1.57,1.0151030801325,-148.99,78.6,95.22,1,"	1632,1816" 
2011-12-01T21:00:00Z,"UACL",2013-01-02T21:00:00Z,Buy,13.7,18.43,30,141.9,13.228363457834,-34.5,152.1,186.6,1,"	1638,1835" 
2011-12-01T21:00:00Z,"KLAC",2013-09-03T20:00:00Z,Buy,47.23,55.38,16,130.4,7.44004578263,-52.16,214.72,178.24,1,"	1636,1968" 
2011-12-01T21:00:00Z,"CF",2013-12-02T21:00:00Z,Buy,146.98,217.01,2,140.06,3.6265659236236,-34.22,166.92,120.32,1,"	1631,2027" 
2011-12-01T21:00:00Z,"LZB",2013-12-02T21:00:00Z,Buy,11.59,28.99,11,191.4,1.054492481203,-6.16,197.67,55.66,1,"	1637,2031" 
2011-12-01T21:00:00Z,"NEU",2014-02-03T21:00:00Z,Buy,196.92,324.44,1,127.52,1.0048444125903,-23.46,140.3,46.83,1,"	1634,2067" 
2011-12-01T21:00:00Z,"HOC",2014-03-03T21:00:00Z,Buy,23.43,44.88,13,278.85,1.0886372613562,-21.19,455,243.1,1,"	1635,2095" 
2011-12-01T21:00:00Z,"NEU",2014-05-01T20:00:00Z,Buy,196.92,370.44,1,173.52,1.0149242587022,-23.46,204.37,46.83,1,"	1634,2146" 
2011-12-01T21:00:00Z,"LZB",2014-09-02T20:00:00Z,Buy,11.59,21.81,19,194.18,5.877259390966,-10.64,369.36,198.74,1,"	1637,2248" 
2012-01-03T21:00:00Z,"ITT",2012-03-01T21:00:00Z,Buy,19.57,24.87,31,164.3,6.826646522202,0,166.78,35.65,1,"	1651,1676" 
2012-01-03T21:00:00Z,"NR",2012-05-01T20:00:00Z,Buy,9.81,6.31,46,-161,7.0100139523968,-161,21.16,182.16,0,"	1653,1703" 
2012-01-03T21:00:00Z,"MMS",2012-07-02T20:00:00Z,Buy,41.8,52.68,8,87.04,6.1839120553972,-14.32,87.04,48.48,1,"	1652,1738" 
2012-01-03T21:00:00Z,"PRIM",2012-07-02T20:00:00Z,Buy,15.19,12.15,37,-112.48,4.8509470894934,-154.66,64.75,219.41,0,"	1654,1740" 
2012-01-03T21:00:00Z,"BBSI",2012-08-01T20:00:00Z,Buy,21.08,25.71,9,41.67,2.7684132263854,-44.28,45.36,44.28,1,"	1649,1747" 
2012-01-03T21:00:00Z,"DK",2012-08-01T20:00:00Z,Buy,11.74,19.71,13,103.61,5.524062435818,-7.93,107.38,24.31,1,"	1650,1750" 
2012-01-03T21:00:00Z,"DK",2012-09-04T20:00:00Z,Buy,11.74,27.39,10,156.5,1.7408790150726,-6.1,156.5,30.3,1,"	1650,1765" 
2012-01-03T21:00:00Z,"TDY",2013-01-02T21:00:00Z,Buy,55.82,66.66,12,130.08,8.5660247210558,-7.2,130.08,102.96,1,"	1656,1834" 
2012-01-03T21:00:00Z,"BBSI",2013-04-01T20:00:00Z,Buy,21.08,51.53,6,182.7,1.0293562476263,-29.52,189.48,29.52,1,"	1649,1872" 
2012-01-03T21:00:00Z,"MMS",2013-05-01T20:00:00Z,Buy,41.8,77.75,3,107.85,3.2402160682608,-5.37,117,23.61,1,"	1652,1889" 
2012-01-03T21:00:00Z,"BBSI",2013-08-01T20:00:00Z,Buy,21.08,72.22,5,255.7,1.0256974096214,-24.6,255.7,59.45,1,"	1649,1940" 
2012-01-03T21:00:00Z,"MMS",2013-10-01T20:00:00Z,Buy,20.9,46.85,22,570.9,1.1508270426288,-19.69,570.9,112.2,1,"	1652,1986" 
2012-01-03T21:00:00Z,"BBSI",2013-11-01T20:00:00Z,Buy,21.08,89.19,4,272.44,7.79458643854,-19.68,272.44,47.56,1,"	1649,2000" 
2012-01-03T21:00:00Z,"DK",2013-11-01T20:00:00Z,Buy,11.74,25.26,17,229.84,1.1285244618395,-10.37,488.92,345.61,1,"	1650,2001" 
2012-01-03T21:00:00Z,"SMP",2014-03-03T21:00:00Z,Buy,21,34.64,6,81.84,5.063925579452,-53.16,99.84,80.1,1,"	1655,2102" 
2012-01-03T21:00:00Z,"BBSI",2014-04-01T20:00:00Z,Buy,21.08,61.41,5,201.65,2.8557041365745,-24.6,399.1,214.55,1,"	1649,2120" 
2012-01-03T21:00:00Z,"SMP",2015-03-02T21:00:00Z,Buy,21,42.33,16,341.28,1.1565159828244,-141.76,391.2,213.6,1,"	1655,2379" 
2012-02-01T21:00:00Z,"CRMT",2012-05-01T20:00:00Z,Buy,37.96,45.46,5,37.5,4.230485225388,-0.5,46,24.2,1,"	1666,1695" 
2012-02-01T21:00:00Z,"LLY",2012-05-01T20:00:00Z,Buy,39.8,41.24,32,46.08,4.3420232338414,-41.92,50.88,41.92,1,"	1668,1700" 
2012-02-01T21:00:00Z,"PLCE",2012-06-01T20:00:00Z,Buy,49.9,44.61,13,-68.77,7.1026636361641,-75.92,46.93,122.85,0,"	1670,1722" 
2012-02-01T21:00:00Z,"BMY",2012-08-01T20:00:00Z,Buy,32.43,35.59,6,18.96,2.2361996995846,-3.48,22.32,10.62,1,"	1665,1748" 
2012-02-01T21:00:00Z,"CRMT",2012-09-04T20:00:00Z,Buy,37.96,46.02,12,96.72,7.4638005237891,-11.88,127.68,122.28,1,"	1666,1764" 
2012-02-01T21:00:00Z,"BMY",2012-10-01T20:00:00Z,Buy,32.43,33.91,35,51.8,1.8044295000599,-30.45,130.2,160.65,1,"	1665,1779" 
2012-02-01T21:00:00Z,"MSM",2013-01-02T21:00:00Z,Buy,77.24,77,11,-2.64,4.2350843937856,-168.74,77.33,246.07,0,"	1669,1833" 
2012-02-01T21:00:00Z,"DDS",2013-06-03T20:00:00Z,Buy,43.89,91.44,5,237.75,1.7905075051519,-122.75,249,60.7,1,"	1667,1909" 
2012-03-01T21:00:00Z,"CALM",2012-09-04T20:00:00Z,Buy,39.48,40.36,5,4.4,4.5150080254728,-24.55,13.05,37.6,1,"	1679,1762" 
2012-03-01T21:00:00Z,"CALM",2012-10-01T20:00:00Z,Buy,39.48,45.74,22,137.72,4.008601309679,-108.02,137.72,165.44,1,"	1679,1781" 
2012-03-01T21:00:00Z,"SYNA",2012-11-01T20:00:00Z,Buy,37.26,23.65,17,-231.37,7.3668281497362,-247.18,0,247.18,0,"	1683,1805" 
2012-03-01T21:00:00Z,"PNM",2013-08-01T20:00:00Z,Buy,18.05,23.76,48,274.08,4.0319353636021,-42.08,587.04,127.68,1,"	1682,1945" 
2012-03-01T21:00:00Z,"ICFI",2014-03-03T21:00:00Z,Buy,24.88,40.23,15,230.25,4.9257503235422,-99.45,243.45,118.05,1,"	1681,2096" 
2012-03-01T21:00:00Z,"ICFI",2014-10-01T20:00:00Z,Buy,24.88,30.43,7,38.85,1.1482461838259,-46.41,114.94,76.09,1,"	1681,2272" 
2012-03-01T21:00:00Z,"CPK",2015-01-02T21:00:00Z,Buy,26.94668014,49.89,7.4999962500019,172.07,1.8726468884807,-13.05,192.4,62.75,1,"	1680,2336" 
2012-04-02T20:00:00Z,"AVA",2012-07-02T20:00:00Z,Buy,25.97,26.95,9,8.82,1.0456682297773,-20.88,8.82,12.42,1,"	1694,1741" 
2012-04-02T20:00:00Z,"CMTL",2012-10-01T20:00:00Z,Buy,33.85,27.74,29,-177.19,5.2413727458622,-211.7,1.74,213.44,0,"	1690,1782" 
2012-04-02T20:00:00Z,"STMP",2012-10-01T20:00:00Z,Buy,27.76,23.26,14,-63,5.4032107358486,-124.88,35.7,160.58,0,"	1693,1786" 
2012-04-02T20:00:00Z,"DISCA",2013-01-02T21:00:00Z,Buy,50.99,65.48,4,57.96,2.5581246409704,-10.48,57.96,27.04,1,"	1691,1828" 
2012-04-02T20:00:00Z,"LG",2013-02-01T21:00:00Z,Buy,39.63,40.13,6,3,1.0304689902614,-13.5,23.04,34.74,1,"	1692,1850" 
2012-04-02T20:00:00Z,"DISCA",2014-03-03T21:00:00Z,Buy,50.99,82.08,14,435.26,1.0689582333173,-36.68,552.58,184.24,1,"	1691,2092" 
2012-05-01T20:00:00Z,"RSC",2012-06-01T20:00:00Z,Buy,27.16,17.76,23,-216.2,5.007322698628,-216.2,0,216.2,0,"	1714,1724" 
2012-05-01T20:00:00Z,"SCHL",2012-10-01T20:00:00Z,Buy,29.47,32.07,19,49.4,3.7036694323565,-60.04,86.83,70.3,1,"	1715,1785" 
2012-05-01T20:00:00Z,"AEE",2012-12-03T21:00:00Z,Buy,33,29.58,39,-133.38,4.3259359854095,-173.16,66.69,239.85,0,"	1710,1815" 
2012-05-01T20:00:00Z,"AAPL",2013-03-01T21:00:00Z,Buy,582.13,430.51,1,-151.62,3.2795278534695,-151.62,119.97,271.59,0,"	1709,1861" 
2012-05-01T20:00:00Z,"EGY",2013-04-01T20:00:00Z,Buy,9.38,7.38,40,-80,5.6346717247259,-92,1.6,92,0,"	1711,1874" 
2012-05-01T20:00:00Z,"NHC",2013-05-01T20:00:00Z,Buy,45.41,45.03,12,-4.56,4.8830930076423,-53.4,57.12,83.28,0,"	1712,1890" 
2012-05-01T20:00:00Z,"RCII",2013-08-01T20:00:00Z,Buy,34.51,40.5,20,119.8,10.419873869981,-38,119.8,86.2,1,"	1713,1946" 
2012-05-01T20:00:00Z,"VLGEA",2013-08-01T20:00:00Z,Buy,27.14,37.25,21,212.31,7.0136701261849,-59.85,237.93,165.06,1,"	1716,1948" 
2012-06-01T20:00:00Z,"ATRO",2012-08-01T20:00:00Z,Buy,24.65,29.8,20,103,4.0821851102611,0,121.8,36.8,1,"	1728,1746" 
2012-06-01T20:00:00Z,"PETS",2012-08-01T20:00:00Z,Buy,11.17,9.6,40,-62.8,7.5272171000678,-72.4,47.2,119.6,0,"	1733,1753" 
2012-06-01T20:00:00Z,"NUS",2012-11-01T20:00:00Z,Buy,41.44,48.94,10,75,8.8587476151381,-47.3,95.7,143,1,"	1732,1801" 
2012-06-01T20:00:00Z,"SWM",2012-11-01T20:00:00Z,Buy,32.76,35.48,20,54.4,5.3030918883407,-28.8,54.4,78.1,1,"	1734,1803" 
2012-06-01T20:00:00Z,"MSFT",2013-02-01T21:00:00Z,Buy,28.45,27.93,33,-17.16,2.3285800748345,-69.63,99.33,168.96,0,"	1731,1851" 
2012-06-01T20:00:00Z,"ICUI",2013-06-03T20:00:00Z,Buy,50.66,71.28,10,206.2,8.2708887060401,-6.9,211.3,78.4,1,"	1730,1910" 
2012-06-01T20:00:00Z,"ENTG",2013-09-03T20:00:00Z,Buy,7.48,9.42,28,54.32,1.9712289719283,-38.36,82.88,42.56,1,"	1729,1966" 
2012-06-01T20:00:00Z,"ICUI",2013-11-01T20:00:00Z,Buy,50.66,60.86,8,81.6,5.3555782591237,-5.52,201.92,120.32,1,"	1730,2005" 
2012-06-01T20:00:00Z,"ALG",2013-12-02T21:00:00Z,Buy,29.65,57.13,4,109.92,5.0741766090563,-9.08,116.24,22.16,1,"	1727,2026" 
2012-06-01T20:00:00Z,"ALG",2014-09-02T20:00:00Z,Buy,29.65,49.03,16,310.08,3.5377808149334,-36.32,496.64,213.76,1,"	1727,2238" 
2012-07-02T20:00:00Z,"MOV",2012-09-04T20:00:00Z,Buy,25.34,36.36,6,66.12,2.1120470722398,-20.7,66.12,21.18,1,"	1745,1768" 
2012-07-02T20:00:00Z,"MANH",2012-10-01T20:00:00Z,Buy,45.77,57.34,4,46.28,2.1001294554532,-17.12,51.08,17.44,1,"	1744,1784" 
2012-07-02T20:00:00Z,"DXPE",2013-04-01T20:00:00Z,Buy,43.48,72.89,3,88.23,2.0722745312414,-10.83,95.22,22.35,1,"	1742,1873" 
2012-07-02T20:00:00Z,"LECO",2013-05-01T20:00:00Z,Buy,43.31,51.62,15,124.65,2.1475573486284,-78.15,210.75,101.4,1,"	1743,1886" 
2012-07-02T20:00:00Z,"MANH",2013-05-01T20:00:00Z,Buy,45.77,68.28,12,270.12,3.3631273865577,-51.36,350.52,80.4,1,"	1744,1887" 
2012-07-02T20:00:00Z,"MOV",2013-06-03T20:00:00Z,Buy,25.34,36,10,106.6,1.0847645429363,-34.5,132.2,91.4,1,"	1745,1912" 
2012-07-02T20:00:00Z,"DXPE",2013-11-01T20:00:00Z,Buy,43.48,95.81,3,156.99,3.0989807499901,-10.83,156.99,57.21,1,"	1742,2003" 
2012-07-02T20:00:00Z,"DXPE",2014-07-01T20:00:00Z,Buy,43.48,77.08,5,168,2.9209066136185,-18.05,358.6,253.1,1,"	1742,2200" 
2012-08-01T20:00:00Z,"HHS",2012-09-04T20:00:00Z,Buy,6.17,7.2,75,77.25,5.878562099629,0,77.25,21,1,"	1756,1766" 
2012-08-01T20:00:00Z,"COP",2013-03-01T21:00:00Z,Buy,55.24,58.28,18,54.72,10.953000493171,-11.7,115.56,85.86,1,"	1758,1863" 
2012-08-01T20:00:00Z,"WIRE",2013-03-01T21:00:00Z,Buy,26.57,32.73,26,160.16,6.5378758560119,0,206.18,74.62,1,"	1759,1865" 
2012-08-01T20:00:00Z,"GCI",2013-05-01T20:00:00Z,Buy,14.16,19.94,44,254.32,7.6990157465047,-7.04,348.04,94.16,1,"	1755,1885" 
2012-08-01T20:00:00Z,"NC",2013-12-02T21:00:00Z,Buy,100.02,63.46,5,-182.8,2.0935729540824,-282.75,126.95,409.7,0,"	1757,2032" 
2012-09-04T20:00:00Z,"ALK",2012-10-01T20:00:00Z,Buy,33.49,35.16,6,10.02,1.0299463487332,-61.5,34.17,7.44,1,"	1770,1778" 
2012-09-04T20:00:00Z,"ED",2012-10-01T20:00:00Z,Buy,60.88,59.48,5,-7,1.2800952608768,-18.75,20.3,9.75,0,"	1771,1783" 
2012-09-04T20:00:00Z,"AEE",2012-12-03T21:00:00Z,Buy,32.72,29.58,7,-21.98,1.3900367227559,-29.12,13.93,32.34,0,"	1769,1815" 
2012-09-04T20:00:00Z,"LG",2013-02-01T21:00:00Z,Buy,42.6,40.13,7,-17.29,1.0352899408284,-36.54,6.09,40.53,0,"	1775,1850" 
2012-09-04T20:00:00Z,"SAIA",2013-06-03T20:00:00Z,Buy,21.79,49.08,5,136.45,2.1210688365863,-8.95,136.45,13,1,"	1776,1913" 
2012-09-04T20:00:00Z,"ENS",2014-03-03T21:00:00Z,Buy,39.32,69.81,5,152.45,2.1037314727789,-37.75,166.15,37.75,1,"	1772,2093" 
2012-09-04T20:00:00Z,"FTK",2014-03-03T21:00:00Z,Buy,11.58,25.62,8,112.32,3.1183738381695,-12.56,112.32,38.32,1,"	1773,2094" 
2012-09-04T20:00:00Z,"SAIA",2014-05-01T20:00:00Z,Buy,14.52667393,41.85,20,546.47,1.1016516881224,-23.87,546.47,126.8,1,"	1776,2148" 
2012-09-04T20:00:00Z,"FTK",2014-07-01T20:00:00Z,Buy,11.58,32.11,7,143.71,1.3167906788309,-10.99,147.56,33.53,1,"	1773,2201" 
2012-09-04T20:00:00Z,"LFUS",2014-07-01T20:00:00Z,Buy,51.2,96.12,5,224.6,1.0249561317996,-63.2,237.65,65.4,1,"	1774,2203" 
2012-09-04T20:00:00Z,"ENS",2014-11-03T21:00:00Z,Buy,39.32,62.46,10,231.4,1.0895127388535,-75.5,345.5,220.4,1,"	1772,2288" 
2012-09-04T20:00:00Z,"FTK",2015-03-02T21:00:00Z,Buy,11.58,16.73,15,77.25,1.1420286885246,-23.55,316.2,260.4,1,"	1773,2373" 
2012-09-04T20:00:00Z,"WDC",2015-03-02T21:00:00Z,Buy,42.32,108.78,2,132.92,2.0607660558444,-17.78,143.92,35.82,1,"	1777,2383" 
2012-09-04T20:00:00Z,"WDC",2015-08-03T20:00:00Z,Buy,42.32,85.85,8,348.24,1.069829188938,-71.12,575.68,302.32,1,"	1777,2495" 
2012-10-01T20:00:00Z,"MKSI",2012-12-03T21:00:00Z,Buy,25.13,24.02,8,-8.88,1.1590060642805,-39.2,68.48,19.52,0,"	1791,1817" 
2012-10-01T20:00:00Z,"VDSI",2013-04-01T20:00:00Z,Buy,9.35,8.43,41,-37.72,4.8613655385855,-96.76,0,96.76,0,"	1796,1876" 
2012-10-01T20:00:00Z,"WCC",2013-05-01T20:00:00Z,Buy,57.72,68.02,10,103,4.4874350269087,-16.1,197.2,111.7,1,"	1797,1893" 
2012-10-01T20:00:00Z,"CHS",2013-06-03T20:00:00Z,Buy,18.02,17.86,37,-5.92,7.6621297134359,-68.45,63.27,128.39,0,"	1787,1907" 
2012-10-01T20:00:00Z,"CTB",2013-07-01T20:00:00Z,Buy,19.5,33.27,18,247.86,2.2275236757086,-14.58,272.88,87.12,1,"	1788,1927" 
2012-10-01T20:00:00Z,"PETS",2013-08-01T20:00:00Z,Buy,10.08,16.93,15,102.75,2.3519015876791,-1.95,106.35,30,1,"	1792,1944" 
2012-10-01T20:00:00Z,"PNM",2013-08-01T20:00:00Z,Buy,20.84,23.76,13.000016499992,37.96,1.3008473467465,-47.67,122.72,34.58,1,"	1793,1945" 
2012-10-01T20:00:00Z,"AWR",2013-08-01T20:00:00Z,Buy,43.93,64.81,5,104.4,6.9550285593043,-11.45,104.4,26.65,1,"	1795,1947" 
2012-10-01T20:00:00Z,"CTB",2013-12-02T21:00:00Z,Buy,19.5,24.39,9,44.01,8.1036774610561,-7.29,136.44,101.7,1,"	1788,2028" 
2012-10-01T20:00:00Z,"PETS",2014-02-03T21:00:00Z,Buy,10.08,12.74,40,106.4,1.1925925925926,-5.2,283.6,177.2,1,"	1792,2072" 
2012-10-01T20:00:00Z,"AWR",2014-08-01T20:00:00Z,Buy,21.965,30.79,38,335.35,1.226767594108,-43.51,440.61,290.32,1,"	1795,2226" 
2012-10-01T20:00:00Z,"ICFI",2014-10-01T20:00:00Z,Buy,20.25,30.43,11,111.98,1.0554104477612,-22,231.55,119.57,1,"	1789,2272" 
2012-10-01T20:00:00Z,"RS",2014-10-01T20:00:00Z,Buy,51.54,67.32,12,189.36,2.162413738501,-17.04,294.96,117.6,1,"	1794,2277" 
2012-10-01T20:00:00Z,"KWR",2014-11-03T21:00:00Z,Buy,46.8,83.27,4,145.88,3.7394805836565,-3.56,145.88,58.8,1,"	1790,2290" 
2012-10-01T20:00:00Z,"KWR",2015-08-03T20:00:00Z,Buy,46.8,91.16,6,266.16,1.029501618123,-5.34,275.4,88.2,1,"	1790,2491" 
2012-11-01T20:00:00Z,"CORE",2013-01-02T21:00:00Z,Buy,48.32,50.12,14,25.2,4.6471277086288,-93.94,25.2,93.94,1,"	1809,1826" 
2012-11-01T20:00:00Z,"VMI",2013-05-01T20:00:00Z,Buy,138.17,144.1,6,35.58,2.0603461651982,-49.32,157.98,149.28,1,"	1814,1892" 
2012-11-01T20:00:00Z,"AEOS",2013-08-01T20:00:00Z,Buy,21.29,19.92,29,-39.73,1.147918064207,-231.52,378.45,142.97,0,"	1806,1938" 
2012-11-01T20:00:00Z,"CALM",2013-09-03T20:00:00Z,Buy,43.74,45.83,20,41.8,4.0376800319082,-81.4,162.8,132.8,1,"	1807,1964" 
2012-11-01T20:00:00Z,"MGEE",2013-10-01T20:00:00Z,Buy,52.12,54.74,25,65.5,2.2492005779534,-100,204.5,248.75,1,"	1811,1985" 
2012-11-01T20:00:00Z,"EGHT",2013-11-01T20:00:00Z,Buy,6.52,11.21,67,314.23,2.6611576209318,-31.49,363.14,125.29,1,"	1810,2004" 
2012-11-01T20:00:00Z,"CF",2013-12-02T21:00:00Z,Buy,210.88,217.01,1,6.13,1.1431903646953,-81.01,19.56,60.16,1,"	1808,2027" 
2012-11-01T20:00:00Z,"NC",2013-12-02T21:00:00Z,Buy,52,63.46,5,57.3,11.081077776534,-42.65,367.05,89.05,1,"	1812,2032" 
2012-11-01T20:00:00Z,"UNF",2014-01-02T21:00:00Z,Buy,70.69,106.12,13,460.59,7.11180688548,-13.91,472.03,121.68,1,"	1813,2056" 
2012-12-03T21:00:00Z,"INTC",2013-01-02T21:00:00Z,Buy,19.55,21.38,12,21.96,2.2992605572698,-2.28,115.56,10.2,1,"	1821,1832" 
2012-12-03T21:00:00Z,"NHC",2013-05-01T20:00:00Z,Buy,44.74,45.03,5,1.45,1.0250055890901,-18.9,27.15,26.65,1,"	1823,1890" 
2012-12-03T21:00:00Z,"GIII",2013-07-01T20:00:00Z,Buy,37.56,48.42,7,76.02,4.0274811773891,-35.28,99.75,43.96,1,"	1820,1929" 
2012-12-03T21:00:00Z,"BAH",2013-08-01T20:00:00Z,Buy,14,20.85,48,328.8,2.4738792082897,-67.68,354.24,124.8,1,"	1819,1939" 
2012-12-03T21:00:00Z,"RCII",2013-08-01T20:00:00Z,Buy,34.62,40.5,6,35.28,1.0298791714614,-12.06,35.28,25.86,1,"	1824,1946" 
2012-12-03T21:00:00Z,"GIII",2014-01-02T21:00:00Z,Buy,37.56,71.42,3,101.58,1.0145182274021,-15.12,109.86,24.75,1,"	1820,2051" 
2012-12-03T21:00:00Z,"LHCG",2014-06-02T20:00:00Z,Buy,19.48,20.38,35,31.5,10.113951859308,-6.3,245.35,234.5,1,"	1822,2178" 
2012-12-03T21:00:00Z,"GIII",2015-01-02T21:00:00Z,Buy,37.56,100,3,187.32,2.832954602004,-15.12,191.22,47.7,1,"	1820,2338" 
2012-12-03T21:00:00Z,"KAI",2015-04-01T20:00:00Z,Buy,24.46,53.73,5,146.35,3.2832125178411,-0.7,146.35,38.6,1,"	1825,2401" 
2013-01-02T21:00:00Z,"VECO",2013-02-01T21:00:00Z,Buy,31.17,32.91,16,27.84,4.4432753178813,-33.12,39.04,36,1,"	1847,1852" 
2013-01-02T21:00:00Z,"IPAR",2013-03-01T21:00:00Z,Buy,19.89,25.54,9,50.85,5.2784360296178,-0.54,50.85,11.07,1,"	1842,1862" 
2013-01-02T21:00:00Z,"COP",2013-03-01T21:00:00Z,Buy,59.21,58.28,4,-3.72,1.2339999884529,-18.48,9.8,19.08,0,"	1845,1863" 
2013-01-02T21:00:00Z,"CRUS",2013-05-01T20:00:00Z,Buy,29.84,18.89,12,-131.4,4.4611913148871,-145.92,20.88,166.8,0,"	1839,1884" 
2013-01-02T21:00:00Z,"CHE",2013-06-03T20:00:00Z,Buy,70.8,70.87,3,0.21,4.4960861781689,-20.73,32.97,53.7,1,"	1837,1908" 
2013-01-02T21:00:00Z,"UGI",2013-07-01T20:00:00Z,Buy,33.3,38.7,4.9999531399588,27,3.7142492670465,-99.92,43.4,24.55,1,"	1846,1933" 
2013-01-02T21:00:00Z,"HVT",2013-08-01T20:00:00Z,Buy,16.68,27.18,8,84,2.2258987690421,-3.28,84,31.92,1,"	1841,1941" 
2013-01-02T21:00:00Z,"MED",2013-08-01T20:00:00Z,Buy,26.29,27.27,17,16.66,2.2093578644069,-69.02,51.51,99.79,1,"	1843,1943" 
2013-01-02T21:00:00Z,"CHE",2013-09-03T20:00:00Z,Buy,70.8,69.66,10,-11.4,1.0500143595635,-69.1,109.9,179,0,"	1837,1965" 
2013-01-02T21:00:00Z,"IPAR",2013-11-01T20:00:00Z,Buy,19.89,35.26,7,107.59,1.5127180294825,-0.42,107.59,58.59,1,"	1842,2006" 
2013-01-02T21:00:00Z,"GPS",2013-12-02T21:00:00Z,Buy,31.37,41.58,21,214.41,15.045937221828,-3.57,316.89,205.8,1,"	1840,2029" 
2013-01-02T21:00:00Z,"UGI",2014-02-03T21:00:00Z,Buy,33.3,42.04,37.000046860041,323.38,4.5079841601763,-739.38,372.96,182.41,1,"	1846,2075" 
2013-01-02T21:00:00Z,"MYGN",2014-03-03T21:00:00Z,Buy,27.68,37.01,10,93.3,6.5001194888316,-68.9,104.6,134.7,1,"	1844,2100" 
2013-01-02T21:00:00Z,"IPAR",2014-06-02T20:00:00Z,Buy,19.89,29.27,21,196.98,1.1469869434215,-1.26,380.73,185.01,1,"	1842,2177" 
2013-01-02T21:00:00Z,"HVT",2015-02-02T21:00:00Z,Buy,16.68,24.79,28,227.08,12.789423195164,-11.48,410.48,320.6,1,"	1841,2356" 
2013-01-02T21:00:00Z,"MYGN",2015-09-01T20:00:00Z,Buy,27.68,36.65,14,125.58,11.860769928291,-96.46,203.42,188.58,1,"	1844,2517" 
2013-02-01T21:00:00Z,"MGLN",2013-05-01T20:00:00Z,Buy,51.79,50.09,4,-6.8,1.711245929957,-43.92,17.36,27.12,0,"	1856,1888" 
2013-02-01T21:00:00Z,"SCVL",2013-06-03T20:00:00Z,Buy,20.5,24.64,11.000010499995,45.54,1.0600879335613,-104.28,45.54,22.33,1,"	1859,1914" 
2013-02-01T21:00:00Z,"PLUS",2013-07-01T20:00:00Z,Buy,48.53,61.04,4,50.04,2.0985070251675,-32.2,55.52,33.44,1,"	1857,1930" 
2013-02-01T21:00:00Z,"LNDC",2013-11-01T20:00:00Z,Buy,11.85,11.7,45,-6.75,5.7460595919419,-63,178.65,193.05,0,"	1855,2007" 
2013-02-01T21:00:00Z,"PLUS",2014-03-03T21:00:00Z,Buy,48.53,57.05,11,93.72,4.5573436013784,-88.55,191.18,190.74,1,"	1857,2098" 
2013-02-01T21:00:00Z,"BKE",2014-04-01T20:00:00Z,Buy,47.03,46.33,5,-3.5,1.0251336041043,-162.25,50.55,76,0,"	1853,2122" 
2013-02-01T21:00:00Z,"RES",2014-04-01T20:00:00Z,Buy,15.2,20.59,6.7494550687302,36.38,1.2335337341349,-75.97,36.99,31.86,1,"	1858,2126" 
2013-02-01T21:00:00Z,"RES",2014-10-01T20:00:00Z,Buy,15.2,21.28,10,60.8,2.7724887551028,-112.56,97.1,47.2,1,"	1858,2276" 
2013-02-01T21:00:00Z,"ENS",2014-11-03T21:00:00Z,Buy,41.51,62.46,5,104.75,1.0253542633765,-48.7,161.8,110.2,1,"	1854,2288" 
2013-02-01T21:00:00Z,"RES",2015-01-02T21:00:00Z,Buy,15.2,13.3,29.25054493127,-55.58,3.3221655130193,-329.25,284.02,381.72,0,"	1858,2343" 
2013-02-01T21:00:00Z,"SCVL",2015-12-01T21:00:00Z,Buy,20.5,21.78,0.99998950000525,1.28,5.4469362000717,-9.48,7.93,10.18,1,"	1859,2587" 
2013-03-01T21:00:00Z,"CHS",2013-06-03T20:00:00Z,Buy,16.96,17.86,12,10.8,1.0599293286219,-9.48,33.24,22.44,1,"	1867,1907" 
2013-03-01T21:00:00Z,"OTL",2013-11-01T20:00:00Z,Buy,41.34,45.56,5,21.1,2.1377074968378,-7.05,33.55,21.75,1,"	1869,2008" 
2013-03-01T21:00:00Z,"CF",2013-12-02T21:00:00Z,Buy,201.5,217.01,1,15.51,1.0050161812298,-71.63,28.94,37.85,1,"	1866,2027" 
2013-03-01T21:00:00Z,"KLIC",2014-01-02T21:00:00Z,Buy,10.69,13.06,58,137.46,5.1010288117288,-31.9,172.26,109.62,1,"	1868,2053" 
2013-03-01T21:00:00Z,"OTL",2014-02-03T21:00:00Z,Buy,41.34,41.8,17,7.82,1.11220821662,-23.97,125.29,117.47,1,"	1869,2071" 
2013-03-01T21:00:00Z,"SXI",2014-05-01T20:00:00Z,Buy,55.19,60.41,15,78.3,6.310708700514,-79.5,131.85,160.35,1,"	1870,2150" 
2013-03-01T21:00:00Z,"WOR",2014-05-01T20:00:00Z,Buy,28.02,37.02,25,225,5.3619908214964,0,400.25,208.25,1,"	1871,2153" 
2013-04-01T20:00:00Z,"DDS",2013-06-03T20:00:00Z,Buy,79.47,91.44,3,35.91,1.6370701356753,-180.39,42.66,14.31,1,"	1878,1909" 
2013-04-01T20:00:00Z,"RCII",2013-08-01T20:00:00Z,Buy,36.16,40.5,6,26.04,1.0293665403357,-21.3,26.04,19.26,1,"	1881,1946" 
2013-04-01T20:00:00Z,"TER",2013-09-03T20:00:00Z,Buy,15.85,15.44,14,-5.74,1.0684032059186,-92.12,45.64,45.36,0,"	1883,1970" 
2013-04-01T20:00:00Z,"SIX",2013-10-01T20:00:00Z,Buy,36.305,33.92,26,-62.01,2.195616731858,-85.67,95.55,181.22,0,"	1882,1987" 
2013-04-01T20:00:00Z,"POWL",2013-12-02T21:00:00Z,Buy,52.25,65.5,3,39.75,3.298541932515,-15.54,49.83,16.44,1,"	1880,2034" 
2013-04-01T20:00:00Z,"APU",2014-02-03T21:00:00Z,Buy,44.1,42.48,25,-40.5,14.076573958153,-64.75,147.5,212.25,0,"	1877,2065" 
2013-04-01T20:00:00Z,"POWL",2014-03-03T21:00:00Z,Buy,52.25,67.62,9,138.33,9.9063078804891,-46.62,149.49,87.21,1,"	1880,2101" 
2013-04-01T20:00:00Z,"NEU",2014-05-01T20:00:00Z,Buy,263.87,370.44,1,106.57,1.0050800893304,-90.41,137.42,39.81,1,"	1879,2146" 
2013-05-01T20:00:00Z,"BWS",2013-06-03T20:00:00Z,Buy,16.18,21.48,36.000007499996,190.8,5.4745887824604,-204.48,757.92,27,1,"	1894,1906" 
2013-05-01T20:00:00Z,"IDT",2013-06-03T20:00:00Z,Buy,13.86,17.52,13,47.58,2.3044514286847,0,56.42,10.53,1,"	1900,1911" 
2013-05-01T20:00:00Z,"MOV",2013-06-03T20:00:00Z,Buy,29.42,36,7,46.06,1.632815047679,-52.71,63.98,7.28,1,"	1901,1912" 
2013-05-01T20:00:00Z,"CALM",2013-09-03T20:00:00Z,Buy,41.55,45.83,5,21.4,1.4097132030824,-9.4,51.65,32.05,1,"	1896,1964" 
2013-05-01T20:00:00Z,"QUAD",2013-09-03T20:00:00Z,Buy,19.69,31.6,8,95.28,5.007297769332,0,113.2,20.24,1,"	1902,1969" 
2013-05-01T20:00:00Z,"FF",2013-10-01T20:00:00Z,Buy,12.01,18.23,13,80.86,6.9747605517792,0,84.24,14.69,1,"	1897,1983" 
2013-05-01T20:00:00Z,"IDCC",2013-10-01T20:00:00Z,Buy,43.45,37.7,14,-80.5,5.3450856914919,-111.58,59.36,170.94,0,"	1899,1984" 
2013-05-01T20:00:00Z,"ICUI",2013-11-01T20:00:00Z,Buy,59.4,60.86,4,5.84,2.5525586446908,-37.72,66,60.16,1,"	1898,2005" 
2013-05-01T20:00:00Z,"QUAD",2014-01-02T21:00:00Z,Buy,19.69,25.74,21,127.05,4.4261686838971,0,354.27,263.34,1,"	1902,2054" 
2013-05-01T20:00:00Z,"UTHR",2014-01-02T21:00:00Z,Buy,66.68,110.9,9,397.98,4.2027463541254,-45.9,430.47,81.09,1,"	1904,2057" 
2013-05-01T20:00:00Z,"TTEC",2014-03-03T21:00:00Z,Buy,20.8,24.04,26,84.24,6.6151780828008,0,158.86,146.12,1,"	1903,2104" 
2013-05-01T20:00:00Z,"BGFV",2014-04-01T20:00:00Z,Buy,18.35,16.17,28,-61.04,7.0676745655809,-110.88,180.6,291.48,0,"	1895,2121" 
2013-05-01T20:00:00Z,"FF",2014-04-01T20:00:00Z,Buy,12.01,21.05,14,126.56,1.0725862068966,0,129.78,51.1,1,"	1897,2123" 
2013-05-01T20:00:00Z,"VLO",2014-04-01T20:00:00Z,Buy,38.79,55.51,4,66.88,2.792663883694,-21.04,66.88,34.24,1,"	1905,2129" 
2013-05-01T20:00:00Z,"TTEC",2014-05-01T20:00:00Z,Buy,20.8,24.22,27,92.34,1.2308578532947,0,164.97,151.74,1,"	1903,2151" 
2013-05-01T20:00:00Z,"IDT",2014-06-02T20:00:00Z,Buy,13.86,16.64,38,105.64,1.2559227985525,0,334.4,277.4,1,"	1900,2176" 
2013-05-01T20:00:00Z,"FF",2014-09-02T20:00:00Z,Buy,12.01,14,35,69.65,1.1760057471264,0,330.05,271.6,1,"	1897,2243" 
2013-05-01T20:00:00Z,"UTHR",2014-09-02T20:00:00Z,Buy,66.68,115.22,3,145.62,3.2527960207824,-15.3,153.45,85.11,1,"	1904,2255" 
2013-05-01T20:00:00Z,"VLO",2015-03-02T21:00:00Z,Buy,38.79,58.68,4,79.56,1.0190241530232,-21.04,94.84,59,1,"	1905,2381" 
2013-06-03T20:00:00Z,"GCI",2013-07-01T20:00:00Z,Buy,20.8,25.21,23,101.43,11.357216564165,-21.85,133.4,69.46,1,"	1920,1928" 
2013-06-03T20:00:00Z,"POR",2013-07-01T20:00:00Z,Buy,30.72,30.21,11,-5.61,6.0147540991835,-12.76,6.38,19.14,0,"	1924,1931" 
2013-06-03T20:00:00Z,"AEOS",2013-08-01T20:00:00Z,Buy,19.66,19.92,9.9999666999782,2.6,1.2811979751325,-63.53,146.8,22.8,1,"	1917,1938" 
2013-06-03T20:00:00Z,"HUBB",2013-08-01T20:00:00Z,Buy,98.25,110.9,2,25.3,1.0097829333864,-100.56,25.3,8.42,1,"	1922,1942" 
2013-06-03T20:00:00Z,"POR",2013-11-01T20:00:00Z,Buy,30.72,29.51,44,-53.24,2.6177321341381,-135.96,73.04,209,0,"	1924,2009" 
2013-06-03T20:00:00Z,"PLPC",2013-12-02T21:00:00Z,Buy,69.68,68.74,6,-5.64,8.2591352707822,-24.96,136.68,153.66,0,"	1923,2033" 
2013-06-03T20:00:00Z,"ZBRA",2013-12-02T21:00:00Z,Buy,45.66,52.19,8.9999912699917,58.77,1.14,-78.54,271.8,35.1,1,"	1926,2036" 
2013-06-03T20:00:00Z,"ANF",2014-01-02T21:00:00Z,Buy,49.71,32.01,10,-177,5.1084887126221,-179.9,20.9,200.8,0,"	1918,2048" 
2013-06-03T20:00:00Z,"PLPC",2014-02-03T21:00:00Z,Buy,69.68,65.5,7,-29.26,3.2515320308802,-29.26,159.46,188.72,0,"	1923,2073" 
2013-06-03T20:00:00Z,"ZBRA",2014-03-03T21:00:00Z,Buy,45.66,69.2,12,282.48,1.0601826351645,-104.72,362.4,46.8,1,"	1926,2106" 
2013-06-03T20:00:00Z,"SPH",2014-04-01T20:00:00Z,Buy,46.38,42.01,25,-109.25,14.768486335186,-157.25,71.25,228.5,0,"	1925,2127" 
2013-06-03T20:00:00Z,"GCI",2015-03-02T21:00:00Z,Buy,20.8,35.84,8,120.32,1.0404971751412,-7.6,120.32,65.76,1,"	1920,2374" 
2013-06-03T20:00:00Z,"ZBRA",2015-04-01T20:00:00Z,Buy,45.66,89.56,7.0000087300083,307.3,1.0641688712522,-61.09,327.18,172.06,1,"	1926,2402" 
2013-06-03T20:00:00Z,"GIII",2015-07-01T20:00:00Z,Buy,21.37,71.25,7,349.16,2.0608217816167,-35.77,354.97,55.65,1,"	1921,2468" 
2013-07-01T20:00:00Z,"MED",2013-08-01T20:00:00Z,Buy,26.41,27.27,8,6.88,1.0410093167702,-33.44,23.28,12.88,1,"	1936,1943" 
2013-07-01T20:00:00Z,"ENTG",2013-09-03T20:00:00Z,Buy,9.44,9.42,26,-0.52,1.9631550626363,-86.58,26,29.12,0,"	1934,1966" 
2013-07-01T20:00:00Z,"HOC",2014-03-03T21:00:00Z,Buy,40.74,44.88,5,20.7,1.0238078541374,-94.7,88.45,32.9,1,"	1935,2095" 
2013-07-01T20:00:00Z,"MPC",2014-04-01T20:00:00Z,Buy,70.38,89.54,10,191.6,2.100957652424,-82.8,241,129.9,1,"	1937,2124" 
2013-08-01T20:00:00Z,"HNRG",2013-09-03T20:00:00Z,Buy,7.8,7.4,104,-41.6,12.744656181464,-54.08,10.4,64.48,0,"	1953,1967" 
2013-08-01T20:00:00Z,"MMS",2013-10-01T20:00:00Z,Buy,37.92,46.85,7,62.51,1.8991023142465,-125.4,62.51,20.44,1,"	1956,1986" 
2013-08-01T20:00:00Z,"DV",2013-11-01T20:00:00Z,Buy,30.63,34.91,20,85.6,2.1990707972797,-46.2,153.4,86.4,1,"	1950,2002" 
2013-08-01T20:00:00Z,"CYH",2014-02-03T21:00:00Z,Buy,46,40.21,16,-92.64,2.1867081522657,-141.92,0,141.92,0,"	1949,2066" 
2013-08-01T20:00:00Z,"MXIM",2014-02-03T21:00:00Z,Buy,29.31,29.86,8,4.4,1.6139535991482,-43.12,32,21.04,1,"	1957,2070" 
2013-08-01T20:00:00Z,"POWL",2014-03-03T21:00:00Z,Buy,51.03,67.62,5,82.95,2.1278508916207,-19.8,89.15,48.45,1,"	1959,2101" 
2013-08-01T20:00:00Z,"NEU",2014-05-01T20:00:00Z,Buy,281.01,370.44,1,89.43,1.4019867283304,-107.55,120.28,39.81,1,"	1951,2146" 
2013-08-01T20:00:00Z,"UEIC",2014-06-02T20:00:00Z,Buy,31.25,42.96,6,70.26,5.3461699519837,-10.14,86.22,60.18,1,"	1961,2184" 
2013-08-01T20:00:00Z,"LEA",2014-09-02T20:00:00Z,Buy,69.4,102.25,4,131.4,2.829186737178,-2.6,131.4,44.48,1,"	1955,2247" 
2013-08-01T20:00:00Z,"OSK",2014-09-02T20:00:00Z,Buy,46.56,49.6,15,45.6,6.3663484905131,-24.6,201.75,212.55,1,"	1958,2251" 
2013-08-01T20:00:00Z,"RS",2014-10-01T20:00:00Z,Buy,70.74,67.32,3,-10.26,1.8634117210465,-61.86,16.14,28.2,0,"	1960,2277" 
2013-08-01T20:00:00Z,"FSLR",2014-12-01T21:00:00Z,Buy,48.15,45.76,6,-14.34,2.0762211516693,-70.08,154.2,168.54,0,"	1952,2322" 
2013-08-01T20:00:00Z,"ZBRA",2015-04-01T20:00:00Z,Buy,47.85,89.56,5.9999912699917,250.26,1.2930150944721,-65.5,267.3,147.48,1,"	1963,2402" 
2013-08-01T20:00:00Z,"UEIC",2015-08-03T20:00:00Z,Buy,31.25,50.71,15,291.9,1.0929292052469,-25.35,526.65,263.4,1,"	1961,2493" 
2013-08-01T20:00:00Z,"LEA",2015-09-01T20:00:00Z,Buy,69.4,99.33,13,389.09,1.0628120439731,-8.45,630.89,325.78,1,"	1955,2516" 
2013-09-03T20:00:00Z,"DK",2013-11-01T20:00:00Z,Buy,25.31,25.26,9,-0.45,1.0458145615447,-127.62,136.71,46.26,0,"	1974,2001" 
2013-09-03T20:00:00Z,"GPS",2013-12-02T21:00:00Z,Buy,40.72,41.58,6,5.16,1.0302002472188,-57.12,34.44,33.9,1,"	1976,2029" 
2013-09-03T20:00:00Z,"SWM",2013-12-02T21:00:00Z,Buy,57.66,50.73,5,-34.65,3.9010457338411,-34.95,25.3,60.25,0,"	1980,2035" 
2013-09-03T20:00:00Z,"KLIC",2014-01-02T21:00:00Z,Buy,11.11,13.06,19,37.05,1.9011129727799,-18.43,48.45,35.91,1,"	1977,2053" 
2013-09-03T20:00:00Z,"OTL",2014-02-03T21:00:00Z,Buy,41.2,41.8,6,3.6,1.6087249334782,-7.62,45.06,41.46,1,"	1978,2071" 
2013-09-03T20:00:00Z,"USMO",2014-03-03T21:00:00Z,Buy,13.92,14.37,62,27.9,8.5868346016949,-71.92,97.96,169.88,1,"	1982,2105" 
2013-09-03T20:00:00Z,"BKE",2014-04-01T20:00:00Z,Buy,51.94,46.33,4,-22.44,1.5162285738562,-149.44,20.8,50.2,0,"	1972,2122" 
2013-09-03T20:00:00Z,"UACL",2014-04-01T20:00:00Z,Buy,25.5,28.98,22,76.56,10.663649894453,-17.82,164.78,182.6,1,"	1981,2128" 
2013-09-03T20:00:00Z,"PPC",2014-05-01T20:00:00Z,Buy,15.59,22.05,30,193.8,7.170750425273,-50.1,207.6,103.5,1,"	1979,2147" 
2013-09-03T20:00:00Z,"SWM",2014-05-01T20:00:00Z,Buy,57.66,42.78,16,-238.08,1.1127337305225,-296.64,80.96,377.6,0,"	1980,2149" 
2013-09-03T20:00:00Z,"DXPE",2014-07-01T20:00:00Z,Buy,68.51,77.08,3,25.71,1.0151169461606,-85.92,140.07,151.86,1,"	1975,2200" 
2013-09-03T20:00:00Z,"BKH",2014-08-01T20:00:00Z,Buy,47.18,52.67,26,142.74,2.2826083227827,-7.54,369.46,226.72,1,"	1973,2220" 
2013-09-03T20:00:00Z,"ABFS",2015-12-01T21:00:00Z,Buy,24.76,24.33,13,-5.59,8.2845649869755,-40.82,293.41,302.25,0,"	1971,2579" 
2013-10-01T20:00:00Z,"POR",2013-11-01T20:00:00Z,Buy,28.67,29.51,9,7.56,1.5329021404238,-9.36,33.39,7.83,1,"	1996,2009" 
2013-10-01T20:00:00Z,"SYNA",2013-11-01T20:00:00Z,Buy,45.92,45.49,16,-6.88,8.1684856069601,-17.6,146.4,164,0,"	1999,2010" 
2013-10-01T20:00:00Z,"KIRK",2013-12-02T21:00:00Z,Buy,18.7,25.5,12,81.6,4.1541743765562,-20.4,83.52,20.4,1,"	1992,2030" 
2013-10-01T20:00:00Z,"NC",2013-12-02T21:00:00Z,Buy,56.61,63.46,4,27.4,1.0815311423281,-52.56,275.2,16.52,1,"	1994,2032" 
2013-10-01T20:00:00Z,"ANF",2014-01-02T21:00:00Z,Buy,35.91,32.01,6,-23.4,1.0304580152672,-25.14,95.34,39.54,0,"	1988,2048" 
2013-10-01T20:00:00Z,"CVI",2014-01-02T21:00:00Z,Buy,38.81,43.68,6,29.22,1.7311659469899,-130.86,189.42,47.04,1,"	1990,2050" 
2013-10-01T20:00:00Z,"JCOM",2014-01-02T21:00:00Z,Buy,50.78,49.64,4,-4.56,2.1223964560884,-27.44,19.84,47.28,0,"	1991,2052" 
2013-10-01T20:00:00Z,"SANM",2014-01-02T21:00:00Z,Buy,18.01,16.44,39,-61.23,5.9063106417519,-134.55,0,134.55,0,"	1998,2055" 
2013-10-01T20:00:00Z,"PLPC",2014-02-03T21:00:00Z,Buy,72.12,65.5,3,-19.86,1.6077776632513,-19.86,61.02,80.88,0,"	1995,2073" 
2013-10-01T20:00:00Z,"KIRK",2014-03-03T21:00:00Z,Buy,18.7,17.76,23,-21.62,5.4014468245183,-45.08,160.08,205.16,0,"	1992,2097" 
2013-10-01T20:00:00Z,"PLUS",2014-03-03T21:00:00Z,Buy,51.7,57.05,4,21.4,2.0142135117624,-44.88,56.84,24.64,1,"	1993,2098" 
2013-10-01T20:00:00Z,"JCOM",2014-09-02T20:00:00Z,Buy,50.78,53.76,16,47.68,1.8707733163601,-123.84,79.36,203.2,1,"	1991,2246" 
2013-10-01T20:00:00Z,"RES",2015-01-02T21:00:00Z,Buy,15.67,13.3,9.7494550687302,-23.11,1.0658403361345,-114.32,90.08,127.23,0,"	1997,2343" 
2013-11-01T20:00:00Z,"CTB",2013-12-02T21:00:00Z,Buy,25.91,24.39,10,-15.2,1.0498077662438,-72.2,87.5,35.5,0,"	2015,2028" 
2013-11-01T20:00:00Z,"APU",2014-02-03T21:00:00Z,Buy,45.12,42.48,5,-13.2,1.5145160237681,-18.05,24.4,15.15,0,"	2012,2065" 
2013-11-01T20:00:00Z,"HHS",2014-02-03T21:00:00Z,Buy,7.98,6.86,85,-95.2,11.847175056231,-107.95,15.3,123.25,0,"	2019,2068" 
2013-11-01T20:00:00Z,"HP",2014-02-03T21:00:00Z,Buy,77.43,86.27,14,123.76,6.6479137704667,-24.64,149.24,41.58,1,"	2020,2069" 
2013-11-01T20:00:00Z,"WNC",2014-02-03T21:00:00Z,Buy,11.6,13.38,54,96.12,10.351816103355,-22.14,131.22,42.66,1,"	2024,2076" 
2013-11-01T20:00:00Z,"MTRX",2014-03-03T21:00:00Z,Buy,20.64,33.06,24,298.08,13.79856060662,-19.44,298.08,74.16,1,"	2022,2099" 
2013-11-01T20:00:00Z,"SPH",2014-04-01T20:00:00Z,Buy,46.45,42.01,6,-26.64,2.0272045517209,-38.16,16.68,41.52,0,"	2023,2127" 
2013-11-01T20:00:00Z,"GTE",2014-09-02T20:00:00Z,Buy,7.6,6.61,104,-102.96,13.294103308729,-130,54.08,184.08,0,"	2018,2244" 
2013-11-01T20:00:00Z,"LZB",2014-09-02T20:00:00Z,Buy,23.13,21.81,9,-11.88,1.9023891650984,-108.9,71.1,94.14,0,"	2021,2248" 
2013-11-01T20:00:00Z,"AHC",2014-12-01T21:00:00Z,Buy,80.93,73.96,4,-27.88,2.0900497040147,-32,80.68,112.68,0,"	2011,2316" 
2013-11-01T20:00:00Z,"CPK",2015-01-02T21:00:00Z,Buy,36.25335146,49.89,5.0000149999925,68.18,1.0199889726153,-55.23,81.73,41.83,1,"	2014,2336" 
2013-11-01T20:00:00Z,"MTRX",2015-01-02T21:00:00Z,Buy,20.64,22.24,15,24,2.8381255673027,-21.75,248.55,270.3,1,"	2022,2340" 
2013-11-01T20:00:00Z,"FTK",2015-03-02T21:00:00Z,Buy,20.98,16.73,14,-59.5,2.2230659064939,-153.58,163.52,243.04,0,"	2017,2373" 
2013-11-01T20:00:00Z,"AHC",2015-06-01T20:00:00Z,Buy,80.93,66.76,10,-141.7,3.7987010066737,-154.8,201.7,356.5,0,"	2011,2445" 
2013-11-01T20:00:00Z,"DECK",2015-08-03T20:00:00Z,Buy,68.56,71.58,7,21.14,2.6437188820255,-189.21,343.56,233.24,1,"	2016,2488" 
2013-12-02T21:00:00Z,"MXIM",2014-02-03T21:00:00Z,Buy,28.22,29.86,11,18.04,1.9064812900788,-47.3,55.99,11,1,"	2040,2070" 
2013-12-02T21:00:00Z,"UGI",2014-02-03T21:00:00Z,Buy,40.53,42.04,3.9999531399588,6.04,1.4986372587931,-108.85,11.4,5.52,1,"	2047,2075" 
2013-12-02T21:00:00Z,"NWPX",2014-04-01T20:00:00Z,Buy,37.31,37.19,23,-2.76,9.3198145766635,-96.37,46.23,142.6,0,"	2041,2125" 
2013-12-02T21:00:00Z,"SXI",2014-05-01T20:00:00Z,Buy,57.67,60.41,5,13.7,1.7514017454814,-38.9,31.55,53.45,1,"	2044,2150" 
2013-12-02T21:00:00Z,"TTEC",2014-05-01T20:00:00Z,Buy,25.16,24.22,9,-8.46,1.6090751321966,-39.24,15.75,34.83,0,"	2046,2151" 
2013-12-02T21:00:00Z,"SYNA",2014-06-02T20:00:00Z,Buy,50.27,66.45,3,48.54,4.8249563457436,-4.92,54.54,31.05,1,"	2045,2181" 
2013-12-02T21:00:00Z,"SYNA",2014-07-01T20:00:00Z,Buy,50.27,91.88,4,166.44,4.1554616665845,-6.56,166.44,41.4,1,"	2045,2207" 
2013-12-02T21:00:00Z,"CMCO",2014-08-01T20:00:00Z,Buy,26.42,23.16,32,-104.32,6.8247217829508,-104.32,124.16,228.48,0,"	2037,2221" 
2013-12-02T21:00:00Z,"RS",2014-10-01T20:00:00Z,Buy,73.34,67.32,3,-18.06,1.8852056047916,-69.66,8.34,28.2,0,"	2042,2277" 
2013-12-02T21:00:00Z,"UGI",2014-10-01T20:00:00Z,Buy,27.02001351,33.56,3.0000687900274,19.62,3.3596986815673,-54.43,27.93,8.31,1,"	2047,2278" 
2013-12-02T21:00:00Z,"SYNA",2014-11-03T21:00:00Z,Buy,50.27,65.72,5,77.25,1.0240099371621,-8.2,212.05,152.85,1,"	2045,2292" 
2013-12-02T21:00:00Z,"SMP",2015-03-02T21:00:00Z,Buy,34.4,42.33,9,71.37,1.0445852534562,-200.34,99.45,111.6,1,"	2043,2379" 
2014-01-02T21:00:00Z,"CYH",2014-02-03T21:00:00Z,Buy,41.35,40.21,6,-6.84,1.0315889992361,-25.32,27.9,24.48,0,"	2059,2066" 
2014-01-02T21:00:00Z,"TPL",2014-02-03T21:00:00Z,Buy,99.8,100.6,2,1.6,5.0966057213298,-11.82,2.54,11.82,1,"	2064,2074" 
2014-01-02T21:00:00Z,"TPL",2014-03-03T21:00:00Z,Buy,99.8,137.91,6,228.66,1.0303989713446,-35.46,268.2,63.96,1,"	2064,2103" 
2014-01-02T21:00:00Z,"ATO",2014-05-01T20:00:00Z,Buy,44.67,51.28,38,251.18,3.0065948912456,-18.24,262.2,116.66,1,"	2058,2145" 
2014-01-02T21:00:00Z,"TPL",2014-06-02T20:00:00Z,Buy,99.8,158.44,2,117.28,1.0096030062428,-11.82,130.42,38.04,1,"	2064,2182" 
2014-01-02T21:00:00Z,"SAFM",2014-07-01T20:00:00Z,Buy,72,97.92,2.0000074999962,51.84,4.6406721849402,-106.19,51.84,11.86,1,"	2062,2205" 
2014-01-02T21:00:00Z,"RGR",2014-09-02T20:00:00Z,Buy,73.75,51.09,13,-294.58,3.484418854927,-318.63,145.47,464.1,0,"	2061,2253" 
2014-01-02T21:00:00Z,"TPL",2014-09-02T20:00:00Z,Buy,99.8,212,1,112.2,1.005285201436,-5.91,112.2,19.02,1,"	2064,2254" 
2014-01-02T21:00:00Z,"STMP",2014-11-03T21:00:00Z,Buy,41.78,36.96,15,-72.3,3.3727065324678,-194.7,10.2,204.9,0,"	2063,2291" 
2014-01-02T21:00:00Z,"GME",2015-01-02T21:00:00Z,Buy,49.65,33.8,15,-237.75,9.188319313385,-265.95,0,265.95,0,"	2060,2339" 
2014-02-03T21:00:00Z,"KIRK",2014-03-03T21:00:00Z,Buy,17.58,17.76,11,1.98,1.0513489113117,-9.24,88.88,13.42,1,"	2082,2097" 
2014-02-03T21:00:00Z,"BKE",2014-04-01T20:00:00Z,Buy,42.49,46.33,5.5000082499959,21.12,2.2396868786038,-153.51,80.58,14.52,1,"	2078,2122" 
2014-02-03T21:00:00Z,"SPH",2014-04-01T20:00:00Z,Buy,43.56,42.01,5,-7.75,1.0245823927765,-17.35,28.35,24.55,0,"	2088,2127" 
2014-02-03T21:00:00Z,"TTEC",2014-05-01T20:00:00Z,Buy,21.29,24.22,10,29.3,1.0487855178735,-4.9,56.2,14,1,"	2090,2151" 
2014-02-03T21:00:00Z,"XRX",2014-05-01T20:00:00Z,Buy,10.41,12.08,84,140.28,2.8226203473945,-9.24,142.8,59.64,1,"	2091,2154" 
2014-02-03T21:00:00Z,"OIS",2014-06-02T20:00:00Z,Buy,91.98,61.61,12,-364.44,6.2871320225375,-364.44,187.32,551.76,0,"	2085,2179" 
2014-02-03T21:00:00Z,"KELYA",2014-07-01T20:00:00Z,Buy,22.76,17.57,47,-243.93,7.102709896301,-262.73,147.11,409.84,0,"	2081,2202" 
2014-02-03T21:00:00Z,"SWX",2014-07-01T20:00:00Z,Buy,52.76,52.67,31,-2.79,9.3492985852262,-39.68,76.88,116.56,0,"	2089,2206" 
2014-02-03T21:00:00Z,"CORE",2014-08-01T20:00:00Z,Buy,36.8,46.94,5,50.7,8.6824695492998,-9,52.25,22.65,1,"	2080,2222" 
2014-02-03T21:00:00Z,"MUR",2014-08-01T20:00:00Z,Buy,55.37,61.53,24,147.84,2.2362126286823,-15.12,297.12,149.28,1,"	2083,2224" 
2014-02-03T21:00:00Z,"NUS",2014-08-01T20:00:00Z,Buy,82.78,59.03,4,-95,2.0546460955565,-96.36,23.52,119.88,0,"	2084,2225" 
2014-02-03T21:00:00Z,"PRFT",2014-09-02T20:00:00Z,Buy,20.01,17.59,31,-75.02,10.388792183439,-106.02,27.28,133.3,0,"	2087,2252" 
2014-02-03T21:00:00Z,"CORE",2014-10-01T20:00:00Z,Buy,36.8,51.69,8,119.12,1.0389819004525,-14.4,142.16,36.24,1,"	2080,2268" 
2014-02-03T21:00:00Z,"CIR",2014-11-03T21:00:00Z,Buy,71.06,74.75,11,40.59,6.1835876551406,-103.18,121.33,224.51,1,"	2079,2285" 
2014-02-03T21:00:00Z,"CORE",2015-02-02T21:00:00Z,Buy,36.8,67.5,3,92.1,1.8687014080772,-5.4,97.5,13.8,1,"	2080,2353" 
2014-02-03T21:00:00Z,"OSTK",2015-04-01T20:00:00Z,Buy,20.72,24.06,18,60.12,8.5002457229348,-121.68,114.12,146.88,1,"	2086,2399" 
2014-02-03T21:00:00Z,"AHC",2015-06-01T20:00:00Z,Buy,73.92,66.76,4,-28.64,1.0195840508677,-33.88,108.72,142.6,0,"	2077,2445" 
2014-02-03T21:00:00Z,"CORE",2015-11-02T21:00:00Z,Buy,36.8,80.58,6,262.68,4.0530360536464,-10.8,266.94,112.5,1,"	2080,2556" 
2014-03-03T21:00:00Z,"BGFV",2014-04-01T20:00:00Z,Buy,14.89,16.17,19,24.32,1.0931851119895,-9.5,188.29,23.56,1,"	2108,2121" 
2014-03-03T21:00:00Z,"SPH",2014-04-01T20:00:00Z,Buy,42.88,42.01,5,-4.35,1.1704137281445,-13.95,31.75,16.6,0,"	2116,2127" 
2014-03-03T21:00:00Z,"UACL",2014-04-01T20:00:00Z,Buy,25.44,28.98,9,31.86,3.2821131798739,-6.75,67.95,9.27,1,"	2118,2128" 
2014-03-03T21:00:00Z,"PPC",2014-05-01T20:00:00Z,Buy,17.18,22.05,14,68.18,2.5345175174592,-45.64,74.62,16.24,1,"	2115,2147" 
2014-03-03T21:00:00Z,"IPAR",2014-06-02T20:00:00Z,Buy,32.8,29.27,9,-31.77,2.1187128068335,-116.73,46.98,71.82,0,"	2112,2177" 
2014-03-03T21:00:00Z,"ARLP",2014-08-01T20:00:00Z,Buy,43.19,49.54,7,44.45,3.8845028589983,-18.55,56.28,25.69,1,"	2107,2218" 
2014-03-03T21:00:00Z,"CMCO",2014-08-01T20:00:00Z,Buy,25.25,23.16,9,-18.81,1.6399536115066,-18.81,45.45,64.26,0,"	2109,2221" 
2014-03-03T21:00:00Z,"HP",2014-09-02T20:00:00Z,Buy,98.42,103.82,2,10.8,2.5717261591424,-3.82,39.78,39.36,1,"	2111,2245" 
2014-03-03T21:00:00Z,"LZB",2014-09-02T20:00:00Z,Buy,25.37,21.81,8,-28.48,2.1064946083781,-114.72,45.28,61.52,0,"	2113,2248" 
2014-03-03T21:00:00Z,"MDU",2014-10-01T20:00:00Z,Buy,33.55,27.43,45,-275.4,5.8817250433597,-923.85,106.65,382.05,0,"	2114,2273" 
2014-03-03T21:00:00Z,"UGI",2014-10-01T20:00:00Z,Buy,29.5333481,33.56,2.9999312099726,12.08,7.4030919318934,-61.97,20.39,8.31,1,"	2119,2278" 
2014-03-03T21:00:00Z,"ARLP",2014-11-03T21:00:00Z,Buy,43.19,49.4,9,55.89,1.0462258265752,-41.31,72.36,113.67,1,"	2107,2283" 
2014-03-03T21:00:00Z,"TTWO",2014-11-03T21:00:00Z,Buy,20,25.83,9,52.47,2.9152246683466,-10.71,58.05,31.23,1,"	2117,2293" 
2014-03-03T21:00:00Z,"DAL",2014-12-01T21:00:00Z,Buy,32.59,45.62,7,91.21,6.932797912892,-11.83,98.63,79.31,1,"	2110,2319" 
2014-03-03T21:00:00Z,"UGI",2015-01-02T21:00:00Z,Buy,29.5333481,38.02,11,93.35,2.3600803573253,-227.21,110.73,30.47,1,"	2119,2344" 
2014-03-03T21:00:00Z,"DAL",2015-03-02T21:00:00Z,Buy,32.59,45.39,18,230.4,1.0917587601078,-30.42,326.52,203.94,1,"	2110,2372" 
2014-03-03T21:00:00Z,"HP",2015-03-02T21:00:00Z,Buy,98.42,65.71,10,-327.1,1.0489934387116,-409.6,198.9,608.5,0,"	2111,2375" 
2014-03-03T21:00:00Z,"TTWO",2015-03-02T21:00:00Z,Buy,20,26.06,31,187.86,2.9126833807001,-36.89,325.5,137.64,1,"	2117,2380" 
2014-03-03T21:00:00Z,"UGI",2015-05-01T20:00:00Z,Buy,29.5333481,35.1,44.500039540042,247.72,1.2419994254525,-919.17,447.97,347.99,1,"	2119,2423" 
2014-03-03T21:00:00Z,"ARLP",2015-08-03T20:00:00Z,Buy,43.19,24.43,22,-412.72,6.3746886060874,-439.56,176.88,616.44,0,"	2107,2484" 
2014-04-01T20:00:00Z,"SWM",2014-05-01T20:00:00Z,Buy,42.51,42.78,7,1.89,2.104489953347,-23.73,141.47,24.01,1,"	2143,2149" 
2014-04-01T20:00:00Z,"BAH",2014-06-02T20:00:00Z,Buy,22.32,22.09,10,-2.3,2.9131884794765,-9.3,26.8,29.1,0,"	2133,2174" 
2014-04-01T20:00:00Z,"IDT",2014-06-02T20:00:00Z,Buy,16.99,16.64,13,-4.55,1.066287515006,-40.69,73.71,21.19,0,"	2138,2176" 
2014-04-01T20:00:00Z,"LHCG",2014-06-02T20:00:00Z,Buy,22.3,20.38,15,-28.8,4.0400290724332,-45,62.85,28.95,0,"	2139,2178" 
2014-04-01T20:00:00Z,"MU",2014-07-01T20:00:00Z,Buy,24.44,33.98,9,85.86,6.1475096336532,-29.79,85.86,29.79,1,"	2140,2204" 
2014-04-01T20:00:00Z,"SWKS",2014-08-01T20:00:00Z,Buy,37.61,52.07,9,130.14,10.493445595122,-24.39,149.67,31.32,1,"	2131,2217" 
2014-04-01T20:00:00Z,"BAH",2014-08-01T20:00:00Z,Buy,22.32,22.18,44,-6.16,4.0333541206692,-66,117.92,183.92,0,"	2133,2219" 
2014-04-01T20:00:00Z,"NP",2014-09-02T20:00:00Z,Buy,52.41,54.8,4,9.56,7.2144618595561,-18.36,11.36,22.56,1,"	2141,2250" 
2014-04-01T20:00:00Z,"EPAM",2014-10-01T20:00:00Z,Buy,36.37,43.11,15,101.1,15.860113672431,-92.4,137.1,125.25,1,"	2135,2271" 
2014-04-01T20:00:00Z,"EBS",2014-11-03T21:00:00Z,Buy,25.75,22.31,31,-106.64,7.0850334737244,-180.73,31.93,212.66,0,"	2134,2287" 
2014-04-01T20:00:00Z,"STMP",2014-11-03T21:00:00Z,Buy,34.28,36.96,6,16.08,2.3189881778401,-32.88,49.08,35.46,1,"	2142,2291" 
2014-04-01T20:00:00Z,"SWKS",2014-12-01T21:00:00Z,Buy,37.61,65.77,5,140.8,3.6825339702964,-13.55,151.45,67.6,1,"	2131,2315" 
2014-04-01T20:00:00Z,"MU",2015-01-02T21:00:00Z,Buy,24.44,34.75,24,247.44,1.1191088260497,-79.44,289.2,182.64,1,"	2140,2341" 
2014-04-01T20:00:00Z,"SWKS",2015-02-02T21:00:00Z,Buy,37.61,82.02,10,444.1,3.0439714324493,-27.1,465.8,135.2,1,"	2131,2352" 
2014-04-01T20:00:00Z,"BABY",2015-07-01T20:00:00Z,Buy,26.59,42.29,5,78.5,4.1191214895646,-20.3,85.85,30.15,1,"	2132,2466" 
2014-04-01T20:00:00Z,"NP",2015-11-02T21:00:00Z,Buy,52.41,68.29,3,47.64,1.0151958166444,-13.77,47.64,23.4,1,"	2141,2561" 
2014-05-01T20:00:00Z,"CALM",2014-06-02T20:00:00Z,Buy,59.02,69.47,3,31.35,2.1089658170867,-1.05,32.22,3,1,"	2156,2175" 
2014-05-01T20:00:00Z,"LHCG",2014-06-02T20:00:00Z,Buy,20.82,20.38,10,-4.4,2.1813345307653,-15.2,56.7,6.8,0,"	2160,2178" 
2014-05-01T20:00:00Z,"POWI",2014-06-02T20:00:00Z,Buy,49.37,49.1,13,-3.51,2.1314070828323,-17.29,22.36,27.69,0,"	2165,2180" 
2014-05-01T20:00:00Z,"TSN",2014-06-02T20:00:00Z,Buy,42.41,43.4,6,5.94,7.3315551796197,-24.96,5.94,26.4,1,"	2169,2183" 
2014-05-01T20:00:00Z,"SWX",2014-07-01T20:00:00Z,Buy,54.6,52.67,5,-9.65,1.0248136702418,-15.6,3.2,17.65,0,"	2167,2206" 
2014-05-01T20:00:00Z,"CALM",2014-09-02T20:00:00Z,Buy,59.02,81.34,3,66.96,1.0154228289723,-1.05,66.96,27.96,1,"	2156,2240" 
2014-05-01T20:00:00Z,"GTE",2014-09-02T20:00:00Z,Buy,7.04,6.61,29,-12.47,2.3500893782901,-20.01,31.32,51.33,0,"	2158,2244" 
2014-05-01T20:00:00Z,"MOV",2014-09-02T20:00:00Z,Buy,39.03,37.58,22,-31.9,2.220633051951,-46.42,110.22,153.34,0,"	2162,2249" 
2014-05-01T20:00:00Z,"OSK",2014-09-02T20:00:00Z,Buy,54.94,49.6,4,-21.36,1.0197946315979,-40.08,20.28,46.88,0,"	2164,2251" 
2014-05-01T20:00:00Z,"CALM",2014-10-01T20:00:00Z,Buy,59.02,87.8,3,86.34,1.0147430874286,-1.05,96.99,27.96,1,"	2156,2267" 
2014-05-01T20:00:00Z,"RS",2014-10-01T20:00:00Z,Buy,71.2,67.32,3,-11.64,1.0150804857385,-63.24,14.76,23.34,0,"	2166,2277" 
2014-05-01T20:00:00Z,"EGY",2014-12-01T21:00:00Z,Buy,8.91,5.94,57,-169.29,6.919269225913,-181.26,29.07,210.33,0,"	2157,2321" 
2014-05-01T20:00:00Z,"APU",2015-01-02T21:00:00Z,Buy,46.55,48.54,9,17.91,2.2362786412383,-32.04,17.91,47.79,1,"	2155,2333" 
2014-05-01T20:00:00Z,"TSN",2015-02-02T21:00:00Z,Buy,42.41,39.57,23,-65.32,1.1419006147541,-166.98,22.77,189.75,0,"	2169,2359" 
2014-05-01T20:00:00Z,"VMW",2015-02-02T21:00:00Z,Buy,92.05,79.22,9,-115.47,2.1115635296412,-152.91,104.31,257.22,0,"	2172,2360" 
2014-05-01T20:00:00Z,"OSTK",2015-04-01T20:00:00Z,Buy,15.33,24.06,14,122.22,1.0669850187266,-19.18,164.22,80.22,1,"	2163,2399" 
2014-05-01T20:00:00Z,"UGI",2015-05-01T20:00:00Z,Buy,31.38668236,35.1,3.499960459958,13,1.3256688714664,-78.78,28.75,27.37,1,"	2170,2423" 
2014-05-01T20:00:00Z,"CALM",2015-06-01T20:00:00Z,Buy,29.51,57.29,9,250.02,1.0454762744752,-1.58,273.15,117.36,1,"	2156,2446" 
2014-05-01T20:00:00Z,"WDC",2015-08-03T20:00:00Z,Buy,82.28,85.85,3,10.71,1.0140043118121,-146.55,96,113.37,1,"	2173,2495" 
2014-05-01T20:00:00Z,"CALM",2015-10-01T20:00:00Z,Buy,29.51,56.47,11,296.56,6.1205824982636,-1.92,333.85,143.44,1,"	2156,2542" 
2014-06-02T20:00:00Z,"KELYA",2014-07-01T20:00:00Z,Buy,17.67,17.57,14,-1.4,1.0696452702703,-7,115.08,23.24,0,"	2193,2202" 
2014-06-02T20:00:00Z,"BKH",2014-08-01T20:00:00Z,Buy,57.38,52.67,5,-23.55,1.0248742847234,-52.45,20.05,43.6,0,"	2185,2220" 
2014-06-02T20:00:00Z,"MOD",2014-08-01T20:00:00Z,Buy,14.94,13.25,49,-82.81,5.5238021096226,-82.81,52.43,135.24,0,"	2195,2223" 
2014-06-02T20:00:00Z,"AWR",2014-08-01T20:00:00Z,Buy,29.9,30.79,7,6.23,1.0345607661823,-63.56,25.62,21.07,1,"	2199,2226" 
2014-06-02T20:00:00Z,"ICFI",2014-10-01T20:00:00Z,Buy,37.15,30.43,6,-40.32,1.8618839121674,-113.4,24.9,48.3,0,"	2192,2272" 
2014-06-02T20:00:00Z,"MDU",2014-10-01T20:00:00Z,Buy,33.68,27.43,4.2499847482849,-26.56,1.3341939973151,-87.8,9.52,32.6,0,"	2194,2273" 
2014-06-02T20:00:00Z,"PEG",2014-10-01T20:00:00Z,Buy,39.11,37.29,7,-12.74,3.2243349558814,-34.72,11.76,46.48,0,"	2197,2274" 
2014-06-02T20:00:00Z,"PPC",2014-10-01T20:00:00Z,Buy,25.92,30.25,7,30.31,2.884234531711,-10.57,44.45,26.25,1,"	2198,2275" 
2014-06-02T20:00:00Z,"PPC",2014-12-01T21:00:00Z,Buy,25.92,32.22,8,50.4,1.0399009287926,-12.08,54.08,54.16,1,"	2198,2325" 
2014-06-02T20:00:00Z,"CRUS",2015-01-02T21:00:00Z,Buy,22.02,23.71,34,57.46,5.112165881395,-174.76,95.54,270.3,1,"	2187,2337" 
2014-06-02T20:00:00Z,"HVT",2015-02-02T21:00:00Z,Buy,24.97,24.79,8,-1.44,1.2016188170615,-69.6,50.96,53.52,0,"	2190,2356" 
2014-06-02T20:00:00Z,"HURN",2015-02-02T21:00:00Z,Buy,67.97,75.13,12,85.92,12.986675759127,-90.36,119.04,130.2,1,"	2191,2357" 
2014-06-02T20:00:00Z,"PEG",2015-03-02T21:00:00Z,Buy,39.11,40.94,6,10.98,1.9662805535239,-29.76,31.14,39.84,1,"	2197,2378" 
2014-06-02T20:00:00Z,"PEG",2015-05-01T20:00:00Z,Buy,39.11,41.96,32,91.2,7.4201187248839,-158.72,166.08,212.48,1,"	2197,2418" 
2014-06-02T20:00:00Z,"PPC",2015-05-01T20:00:00Z,Buy,25.92,25.44,20,-9.6,4.8578160441721,-66.6,233.4,300,0,"	2198,2419" 
2014-06-02T20:00:00Z,"DECK",2015-08-03T20:00:00Z,Buy,78.43,71.58,3,-20.55,1.015221244663,-110.7,117.63,99.96,0,"	2188,2488" 
2014-07-01T20:00:00Z,"NUS",2014-08-01T20:00:00Z,Buy,73.48,59.03,3,-43.35,1.0149026500811,-44.37,45.54,44.37,0,"	2213,2225" 
2014-07-01T20:00:00Z,"RGR",2014-09-02T20:00:00Z,Buy,59.46,51.09,4,-33.48,1.5543651175242,-40.88,101.92,42.64,0,"	2215,2253" 
2014-07-01T20:00:00Z,"ENS",2014-11-03T21:00:00Z,Buy,69.67,62.46,3,-21.63,1.1288420976414,-113.7,12.6,53.52,0,"	2210,2288" 
2014-07-01T20:00:00Z,"VRA",2014-11-03T21:00:00Z,Buy,22,22.68,9,6.12,2.9844151084032,-26.46,19.44,37.71,1,"	2216,2295" 
2014-07-01T20:00:00Z,"PSX",2014-12-01T21:00:00Z,Buy,80.6,71.83,3,-26.31,2.0999291459841,-38.13,20.73,58.86,0,"	2214,2326" 
2014-07-01T20:00:00Z,"NJR",2015-01-02T21:00:00Z,Buy,56.95,61.25,4,17.2,2.9568131975782,-32.24,28.04,33.48,1,"	2212,2342" 
2014-07-01T20:00:00Z,"VRA",2015-03-02T21:00:00Z,Buy,22,19.17,38,-107.54,5.4280502933581,-131.86,82.08,213.94,0,"	2216,2382" 
2014-07-01T20:00:00Z,"DLX",2015-04-01T20:00:00Z,Buy,60.14,68.72,4,34.32,2.8335129137778,-27.6,36.4,27.92,1,"	2209,2397" 
2014-07-01T20:00:00Z,"DLX",2015-05-01T20:00:00Z,Buy,60.14,65.49,18,96.3,5.2646718634687,-124.2,169.74,125.64,1,"	2209,2412" 
2014-07-01T20:00:00Z,"PSX",2015-05-01T20:00:00Z,Buy,80.6,81.61,14,14.14,5.0125388125868,-301.14,96.74,397.88,1,"	2214,2420" 
2014-07-01T20:00:00Z,"ABFS",2015-12-01T21:00:00Z,Buy,44.09,24.33,5,-98.8,1.0253332567226,-112.35,16.2,116.25,0,"	2208,2579" 
2014-08-01T20:00:00Z,"ATRI",2014-09-02T20:00:00Z,Buy,282.95,328.7,1,45.75,7.5217483542528,0,45.75,9.59,1,"	2227,2239" 
2014-08-01T20:00:00Z,"DEPO",2014-09-02T20:00:00Z,Buy,10.8,15.31,21,94.71,7.1618353806393,0,98.49,7.77,1,"	2229,2242" 
2014-08-01T20:00:00Z,"PRFT",2014-09-02T20:00:00Z,Buy,16.86,17.59,13,9.49,1.0645026486168,-3.51,52.39,5.72,1,"	2236,2252" 
2014-08-01T20:00:00Z,"ICFI",2014-10-01T20:00:00Z,Buy,34.43,30.43,6,-24,1.4984261199856,-97.08,41.22,31.56,0,"	2231,2272" 
2014-08-01T20:00:00Z,"ATRI",2014-11-03T21:00:00Z,Buy,282.95,329.25,1,46.3,8.0267438112655,0,47.06,40.2,1,"	2227,2284" 
2014-08-01T20:00:00Z,"DDS",2014-12-01T21:00:00Z,Buy,120.49,116.64,2,-7.7,5.6922507972435,-40.06,6.26,46.32,0,"	2228,2320" 
2014-08-01T20:00:00Z,"FSLR",2014-12-01T21:00:00Z,Buy,62.03,45.76,4,-65.08,1.0196577404532,-102.24,47.28,108.08,0,"	2230,2322" 
2014-08-01T20:00:00Z,"NSIT",2014-12-01T21:00:00Z,Buy,27.35,23.21,36,-149.04,17.150259659367,-192.96,3.6,196.56,0,"	2234,2323" 
2014-08-01T20:00:00Z,"OFIX",2014-12-01T21:00:00Z,Buy,33.06,28.15,29,-142.39,5.3267549908315,-149.35,33.93,183.28,0,"	2235,2324" 
2014-08-01T20:00:00Z,"ATRI",2015-04-01T20:00:00Z,Buy,282.95,344.98,1,62.03,3.1234176535243,0,65.94,40.2,1,"	2227,2396" 
2014-08-01T20:00:00Z,"ATRI",2015-05-01T20:00:00Z,Buy,282.95,326.8,1,43.85,9.8021036781476,0,65.94,40.2,1,"	2227,2410" 
2014-08-01T20:00:00Z,"LSCC",2015-05-01T20:00:00Z,Buy,6.86,6.12,105,-77.7,6.9021162129677,-97.65,86.1,183.75,0,"	2233,2415" 
2014-08-01T20:00:00Z,"UHS",2015-07-01T20:00:00Z,Buy,105.37,143.09,3,113.16,10.142084706592,-22.68,113.16,51.12,1,"	2237,2472" 
2014-08-01T20:00:00Z,"DDS",2015-08-03T20:00:00Z,Buy,120.49,100.71,5,-98.9,5.2143782033887,-107.45,108.65,216.1,0,"	2228,2487" 
2014-08-01T20:00:00Z,"DEPO",2015-08-03T20:00:00Z,Buy,10.8,31.17,17,346.29,5.7396114694497,0,382.16,131.75,1,"	2229,2489" 
2014-09-02T20:00:00Z,"DMLP",2014-10-01T20:00:00Z,Buy,33.98,29.92,7,-28.42,2.2946513604227,-37.17,0,37.17,0,"	2261,2270" 
2014-09-02T20:00:00Z,"DMLP",2014-11-03T21:00:00Z,Buy,33.98,26.65,10,-73.3,1.0485074626866,-85.2,0,85.2,0,"	2261,2286" 
2014-09-02T20:00:00Z,"AVA",2014-11-03T21:00:00Z,Buy,32.15,35.65,12,42,9.3061206770913,-19.44,42.12,27.84,1,"	2266,2296" 
2014-09-02T20:00:00Z,"ATO",2015-01-02T21:00:00Z,Buy,50.32,55.9,7,39.06,3.2624717313371,-23.17,54.32,30.1,1,"	2258,2334" 
2014-09-02T20:00:00Z,"DLB",2015-02-02T21:00:00Z,Buy,46.21,38.71,34,-255,9.5412332981897,-262.48,0,262.48,0,"	2260,2354" 
2014-09-02T20:00:00Z,"HURN",2015-02-02T21:00:00Z,Buy,60.58,75.13,4,58.2,1.0200330687831,-0.56,69.24,25.44,1,"	2263,2357" 
2014-09-02T20:00:00Z,"CHE",2015-03-02T21:00:00Z,Buy,105.91,117.88,4,47.88,4.4358654746819,-30.64,47.88,38.8,1,"	2259,2370" 
2014-09-02T20:00:00Z,"GPRE",2015-05-01T20:00:00Z,Buy,44.68,31.02,17,-232.22,7.6047720654101,-411.06,18.19,429.25,0,"	2262,2413" 
2014-09-02T20:00:00Z,"AEP",2015-08-03T20:00:00Z,Buy,52.88,57.08,31,130.2,4.5396647851789,-24.49,362.39,370.14,1,"	2257,2483" 
2014-09-02T20:00:00Z,"CHE",2015-08-03T20:00:00Z,Buy,105.91,149.08,2,86.34,1.5532996473167,-15.32,86.34,19.4,1,"	2259,2485" 
2014-09-02T20:00:00Z,"DMLP",2015-09-01T20:00:00Z,Buy,33.98,15.07,35,-661.85,2.5121296458051,-730.8,0,730.8,0,"	2261,2512" 
2014-09-02T20:00:00Z,"INTC",2015-09-01T20:00:00Z,Buy,34.57,27.82,36,-243,8.6435045611892,-313.2,111.6,424.8,0,"	2264,2514" 
2014-09-02T20:00:00Z,"RSC",2015-09-01T20:00:00Z,Buy,106.48,50.24,4,-224.96,6.4356193308681,-250.52,3.44,253.96,0,"	2265,2520" 
2014-09-02T20:00:00Z,"AVA",2015-09-01T20:00:00Z,Buy,32.15,30.27,47,-88.36,1.260366358713,-88.36,289.05,377.41,0,"	2266,2522" 
2014-09-02T20:00:00Z,"CHE",2015-11-02T21:00:00Z,Buy,105.91,156.75,5,254.2,7.5986658631776,-38.3,259.05,119.1,1,"	2259,2555" 
2014-10-01T20:00:00Z,"EW",2014-11-03T21:00:00Z,Buy,103.39,119.93,2,33.08,5.1171044019867,-10.78,35.06,17.82,1,"	2281,2289" 
2014-10-01T20:00:00Z,"CVS",2014-12-01T21:00:00Z,Buy,79.14,90.16,3,33.06,6.6287707025258,-0.99,36.66,11.13,1,"	2280,2318" 
2014-10-01T20:00:00Z,"CVS",2015-03-02T21:00:00Z,Buy,79.14,104.19,2,50.1,1.0100308077404,-0.66,50.1,8.12,1,"	2280,2371" 
2014-10-01T20:00:00Z,"MED",2015-03-02T21:00:00Z,Buy,31.78,32.35,24,13.68,8.027155486538,-57.36,48.24,82.08,1,"	2282,2376" 
2014-10-01T20:00:00Z,"CVS",2015-06-01T20:00:00Z,Buy,79.14,102.51,2,46.74,1.2184464487942,-0.66,50.84,11.64,1,"	2280,2448" 
2014-10-01T20:00:00Z,"CVS",2015-08-03T20:00:00Z,Buy,79.14,112.82,2,67.36,1.7860676571615,-0.66,68.62,11.64,1,"	2280,2486" 
2014-11-03T21:00:00Z,"OFIX",2014-12-01T21:00:00Z,Buy,29.07,28.15,9,-8.28,1.0445706984668,-10.44,46.44,11.52,0,"	2309,2324" 
2014-11-03T21:00:00Z,"GME",2015-01-02T21:00:00Z,Buy,42.71,33.8,5,-44.55,1.024970767072,-53.95,34.7,64.05,0,"	2301,2339" 
2014-11-03T21:00:00Z,"MTRX",2015-01-02T21:00:00Z,Buy,24.64,22.24,9,-21.6,1.4645293310149,-49.05,113.13,49.5,0,"	2307,2340" 
2014-11-03T21:00:00Z,"DLB",2015-02-02T21:00:00Z,Buy,42.15,38.71,8,-27.52,1.0402194656489,-29.28,32.48,58.72,0,"	2300,2354" 
2014-11-03T21:00:00Z,"HVT",2015-02-02T21:00:00Z,Buy,21.77,24.79,12,36.24,1.0593457519309,-66,114.84,19.68,1,"	2302,2356" 
2014-11-03T21:00:00Z,"NTCT",2015-02-02T21:00:00Z,Buy,37.31,35.81,20,-30,4.9845947574373,-75,34.2,109.2,0,"	2308,2358" 
2014-11-03T21:00:00Z,"TSN",2015-02-02T21:00:00Z,Buy,40.83,39.57,5,-6.3,1.8309728668274,-28.4,12.85,21.6,0,"	2312,2359" 
2014-11-03T21:00:00Z,"VMW",2015-02-02T21:00:00Z,Buy,84.27,79.22,4,-20.2,1.8824920115313,-36.84,77.48,52.92,0,"	2314,2360" 
2014-11-03T21:00:00Z,"MIC",2015-03-02T21:00:00Z,Buy,72.28,79.03,3,20.25,2.1008414133858,-25.5,26.91,25.5,1,"	2304,2377" 
2014-11-03T21:00:00Z,"MIC",2015-05-01T20:00:00Z,Buy,72.28,82.54,14,143.64,4.0911208385312,-119,174.44,119,1,"	2304,2416" 
2014-11-03T21:00:00Z,"MSM",2015-05-01T20:00:00Z,Buy,81.03,71.58,19,-179.55,16.582001356918,-206.72,66.12,272.84,0,"	2306,2417" 
2014-11-03T21:00:00Z,"SKX",2015-05-01T20:00:00Z,Buy,55.51,91.67,5,180.8,2.0913888266993,-7.8,180.8,37.3,1,"	2311,2422" 
2014-11-03T21:00:00Z,"DDS",2015-08-03T20:00:00Z,Buy,108.15,100.71,2,-14.88,2.2740576982243,-18.3,68.14,86.44,0,"	2299,2487" 
2014-11-03T21:00:00Z,"SKX",2015-08-03T20:00:00Z,Buy,55.51,148.65,4,372.56,1.0197607178465,-6.24,379.76,29.84,1,"	2311,2492" 
2014-11-03T21:00:00Z,"RSC",2015-09-01T20:00:00Z,Buy,72.64,50.24,3,-67.2,1.0149752611325,-86.37,104.1,87,0,"	2310,2520" 
2014-11-03T21:00:00Z,"MRVL",2015-12-01T21:00:00Z,Buy,13.53,9.38,80,-332,2.826154869397,-438.4,244.8,683.2,0,"	2305,2584" 
2014-12-01T21:00:00Z,"GILD",2015-02-02T21:00:00Z,Buy,100.55,106.19,2,11.28,7.752570388994,-22.2,15.8,38,1,"	2329,2355" 
2014-12-01T21:00:00Z,"ATRI",2015-05-01T20:00:00Z,Buy,322.34,326.8,1,4.46,2.9321269012835,-39.39,26.55,31.88,1,"	2327,2410" 
2014-12-01T21:00:00Z,"BW",2015-05-01T20:00:00Z,Buy,34.65,39.11,19,84.74,2.8644968146636,-45.6,126.54,87.78,1,"	2328,2411" 
2014-12-01T21:00:00Z,"MYGN",2015-09-01T20:00:00Z,Buy,33.01,36.65,8,29.12,1.039379660006,-97.76,73.6,68.4,1,"	2330,2517" 
2014-12-01T21:00:00Z,"SXI",2015-09-01T20:00:00Z,Buy,72.13,76.61,3,13.44,2.0884974162962,-8.4,34.56,39.03,1,"	2331,2521" 
2014-12-01T21:00:00Z,"GILD",2015-10-01T20:00:00Z,Buy,100.55,98.27,8,-18.24,1.050040737346,-88.8,173.28,219.28,0,"	2329,2543" 
2015-01-02T21:00:00Z,"DV",2015-04-01T20:00:00Z,Buy,44.28,34,26,-267.28,2.253757960979,-288.34,25.48,313.82,0,"	2347,2398" 
2015-01-02T21:00:00Z,"CNC",2015-06-01T20:00:00Z,Buy,52.22,75.9,6,142.08,2.0805070526692,-0.84,142.08,70.08,1,"	2346,2447" 
2015-01-02T21:00:00Z,"NVDA",2015-06-01T20:00:00Z,Buy,20.13,22.38,10.999971199988,24.75,2.7457057879686,-24.31,161.7,31.24,1,"	2348,2451" 
2015-01-02T21:00:00Z,"NVDA",2015-09-01T20:00:00Z,Buy,20.13,21.56,9,12.87,1.3984117162136,-19.89,132.3,37.44,1,"	2348,2519" 
2015-01-02T21:00:00Z,"ZUMZ",2015-11-02T21:00:00Z,Buy,38.21,17.87,22,-447.48,7.382356492802,-525.8,70.18,595.98,0,"	2351,2564" 
2015-01-02T21:00:00Z,"NVDA",2015-12-01T21:00:00Z,Buy,20.13,32.75,10,126.2,3.8350526665075,-22.1,147,41.6,1,"	2348,2586" 
2015-02-02T21:00:00Z,"SMP",2015-03-02T21:00:00Z,Buy,37.5,42.33,6,28.98,1.0308557323094,-152.16,47.7,11.16,1,"	2367,2379" 
2015-02-02T21:00:00Z,"MIC",2015-05-01T20:00:00Z,Buy,72.61,82.54,4,39.72,1.0203218583823,-35.32,48.52,12.64,1,"	2364,2416" 
2015-02-02T21:00:00Z,"KFRC",2015-05-01T20:00:00Z,Buy,23.67,22.73,47,-44.18,2.4726081963331,-87.42,48.41,135.83,0,"	2366,2421" 
2015-02-02T21:00:00Z,"MU",2015-06-01T20:00:00Z,Buy,28.44,28.42,29,-0.58,5.7320589811847,-61.77,112.81,174.58,0,"	2365,2450" 
2015-02-02T21:00:00Z,"HCA",2015-07-01T20:00:00Z,Buy,70.18,90.87,3,62.07,9.5607343551897,-8.76,64.98,16.89,1,"	2362,2469" 
2015-02-02T21:00:00Z,"UNH",2015-07-01T20:00:00Z,Buy,107.29,123.38,2,32.18,3.3154468390675,-1.6,32.18,20.4,1,"	2368,2473" 
2015-02-02T21:00:00Z,"USPH",2015-07-01T20:00:00Z,Buy,39,54.8,7,110.6,8.7743445639619,0,112.21,28.21,1,"	2369,2474" 
2015-02-02T21:00:00Z,"IDT",2015-09-01T20:00:00Z,Buy,21.59,15.05,46,-300.84,11.087481960178,-300.84,52.44,353.28,0,"	2363,2513" 
2015-02-02T21:00:00Z,"USPH",2015-12-01T21:00:00Z,Buy,39,52.53,4,54.12,2.3260793887535,0,68.96,52.96,1,"	2369,2590" 
2015-03-02T21:00:00Z,"RMD",2015-04-01T20:00:00Z,Buy,64.76,71.39,3,19.89,2.3087339722717,-0.81,23.04,6.57,1,"	2393,2400" 
2015-03-02T21:00:00Z,"ATRI",2015-05-01T20:00:00Z,Buy,328.79,326.8,1,-1.99,3.1552818012718,-45.84,20.1,27.23,0,"	2384,2410" 
2015-03-02T21:00:00Z,"HLS",2015-05-01T20:00:00Z,Buy,44.11,43.51,27,-16.2,14.224203120276,-82.89,103.14,119.34,0,"	2389,2414" 
2015-03-02T21:00:00Z,"MSM",2015-05-01T20:00:00Z,Buy,73.18,71.58,3,-4.8,1.0150390464447,-9.09,33.99,10.95,0,"	2392,2417" 
2015-03-02T21:00:00Z,"RMD",2015-06-01T20:00:00Z,Buy,64.76,59.34,4,-21.68,2.5450079174513,-37.12,40.24,77.36,0,"	2393,2452" 
2015-03-02T21:00:00Z,"CRMT",2015-07-01T20:00:00Z,Buy,53.9,50.02,18,-69.84,14.323814094941,-82.44,55.8,138.24,0,"	2388,2467" 
2015-03-02T21:00:00Z,"KLIC",2015-09-01T20:00:00Z,Buy,16.33,10.59,69,-396.06,5.9313026820228,-436.77,0,436.77,0,"	2390,2515" 
2015-03-02T21:00:00Z,"RSC",2015-09-01T20:00:00Z,Buy,54.95,50.24,4,-18.84,1.020217071376,-44.4,209.56,92.64,0,"	2394,2520" 
2015-03-02T21:00:00Z,"BCC",2015-11-02T21:00:00Z,Buy,36.49,30.55,26,-154.44,9.4475908672937,-297.7,69.94,367.64,0,"	2386,2554" 
2015-04-01T20:00:00Z,"LSCC",2015-05-01T20:00:00Z,Buy,6.28,6.12,34,-5.44,1.1683911671924,-11.9,47.6,19.72,0,"	2405,2415" 
2015-04-01T20:00:00Z,"PPC",2015-05-01T20:00:00Z,Buy,23.76,25.44,10,16.8,1.0525896414343,-11.7,138.3,16,1,"	2406,2419" 
2015-04-01T20:00:00Z,"UEPS",2015-07-01T20:00:00Z,Buy,13.5,18.68,23,119.14,9.9398189478492,-27.14,135.93,31.05,1,"	2408,2471" 
2015-04-01T20:00:00Z,"ARLP",2015-08-03T20:00:00Z,Buy,32.99,24.43,7,-59.92,1.0345393359258,-68.46,127.68,78.82,0,"	2403,2484" 
2015-04-01T20:00:00Z,"UEIC",2015-08-03T20:00:00Z,Buy,56.35,50.71,4,-22.56,1.7249323403632,-107.16,40.04,39.36,0,"	2407,2493" 
2015-04-01T20:00:00Z,"CENX",2015-09-01T20:00:00Z,Buy,14.12,5.32,38,-334.4,8.8255946006219,-370.5,18.24,388.74,0,"	2404,2511" 
2015-04-01T20:00:00Z,"VDSI",2015-11-02T21:00:00Z,Buy,21.73,19.32,23,-55.43,11.827456538817,-148.35,296.7,445.05,0,"	2409,2563" 
2015-05-01T20:00:00Z,"SWKS",2015-06-01T20:00:00Z,Buy,98.3,109.45,2,22.3,2.3960276778582,-7.46,22.3,9.08,1,"	2424,2444" 
2015-05-01T20:00:00Z,"FARO",2015-06-01T20:00:00Z,Buy,40.51,43.39,14,40.32,2.1408100229321,-7.84,43.68,7.84,1,"	2430,2449" 
2015-05-01T20:00:00Z,"STMP",2015-06-01T20:00:00Z,Buy,62.01,68.56,3,19.65,2.7355046116305,-4.02,33.12,17.28,1,"	2443,2453" 
2015-05-01T20:00:00Z,"MGEE",2015-07-01T20:00:00Z,Buy,41.43,38.88,32,-81.6,7.176566406739,-135.36,0.64,136,0,"	2435,2470" 
2015-05-01T20:00:00Z,"DDS",2015-08-03T20:00:00Z,Buy,133.38,100.71,2,-65.34,1.2838254526579,-68.76,17.68,68.76,0,"	2428,2487" 
2015-05-01T20:00:00Z,"FIX",2015-08-03T20:00:00Z,Buy,21.13,27.62,18,116.82,4.6561627331058,0,117.18,23.4,1,"	2431,2490" 
2015-05-01T20:00:00Z,"KLIC",2015-09-01T20:00:00Z,Buy,15.61,10.59,18,-90.36,1.5821893652515,-100.98,12.96,100.98,0,"	2433,2515" 
2015-05-01T20:00:00Z,"GILD",2015-10-01T20:00:00Z,Buy,105.01,98.27,2,-13.48,1.2672406612734,-31.12,34.4,54.82,0,"	2432,2543" 
2015-05-01T20:00:00Z,"MDP",2015-11-02T21:00:00Z,Buy,52.13,47.28,28,-135.8,10.243564479787,-301.56,35,336.56,0,"	2434,2557" 
2015-05-01T20:00:00Z,"MMS",2015-11-02T21:00:00Z,Buy,64.69,68.52,3,11.49,7.7121933002637,-18.63,13.59,32.22,1,"	2438,2559" 
2015-05-01T20:00:00Z,"MYRG",2015-11-02T21:00:00Z,Buy,29.71,23.11,9,-59.4,4.4768415688377,-77.13,16.29,93.42,0,"	2439,2560" 
2015-05-01T20:00:00Z,"PLUS",2015-12-01T21:00:00Z,Buy,85.54,87.54,5,10,6.7775297860565,-62.35,82.45,76.2,1,"	2437,2582" 
2015-05-01T20:00:00Z,"MMS",2015-12-01T21:00:00Z,Buy,64.69,56.95,4,-30.96,1.0200704845815,-53.44,20.44,73.88,0,"	2438,2583" 
2015-05-01T20:00:00Z,"MYRG",2015-12-01T21:00:00Z,Buy,29.71,21.25,29,-245.34,1.1954599056604,-299.28,52.49,351.77,0,"	2439,2585" 
2015-05-01T20:00:00Z,"STMP",2015-12-01T21:00:00Z,Buy,62.01,101.32,4,157.24,6.7314113984549,-5.36,171.68,66.16,1,"	2443,2588" 
2015-06-01T20:00:00Z,"DECK",2015-08-03T20:00:00Z,Buy,68.35,71.58,2.9999908199925,9.69,1.0150440205429,-80.46,147.87,23.19,1,"	2458,2488" 
2015-06-01T20:00:00Z,"DMLP",2015-09-01T20:00:00Z,Buy,22.54,15.07,9,-67.23,1.8945541237512,-84.96,102.96,94.95,0,"	2459,2512" 
2015-06-01T20:00:00Z,"MYGN",2015-09-01T20:00:00Z,Buy,32.96,36.65,7,25.83,2.6540726080645,-85.19,64.75,29.75,1,"	2463,2517" 
2015-06-01T20:00:00Z,"LHCG",2015-10-01T20:00:00Z,Buy,37.04,42.97,5,29.65,2.1297946450034,-4.3,70.4,40.75,1,"	2461,2544" 
2015-06-01T20:00:00Z,"ZUMZ",2015-11-02T21:00:00Z,Buy,29.45,17.87,10,-115.8,1.9839488048207,-151.4,119.5,155.9,0,"	2465,2564" 
2015-06-01T20:00:00Z,"ABFS",2015-12-01T21:00:00Z,Buy,34.95,24.33,6,-63.72,1.0306668616555,-79.98,74.28,68.4,0,"	2455,2579" 
2015-06-01T20:00:00Z,"MIC",2015-12-01T21:00:00Z,Buy,85.6,76.47,18,-164.34,6.7514686727109,-229.32,29.52,258.84,0,"	2462,2581" 
2015-07-01T20:00:00Z,"ABMD",2015-08-03T20:00:00Z,Buy,66.16,77.4,8,89.92,5.6058044507487,-14.16,90.4,22.88,1,"	2475,2482" 
2015-07-01T20:00:00Z,"ARLP",2015-08-03T20:00:00Z,Buy,25.02,24.43,12,-7.08,1.0601442307692,-21.72,314.52,21.72,0,"	2476,2484" 
2015-07-01T20:00:00Z,"DDS",2015-08-03T20:00:00Z,Buy,106.39,100.71,2,-11.36,1.5468996880738,-14.78,71.66,14.78,0,"	2477,2487" 
2015-07-01T20:00:00Z,"UFPI",2015-08-03T20:00:00Z,Buy,52.12,62.54,9,93.78,9.948472704614,-11.7,102.42,12.33,1,"	2479,2494" 
2015-07-01T20:00:00Z,"WDC",2015-08-03T20:00:00Z,Buy,79.44,85.85,3,19.23,1.01519510329,-138.03,104.52,13.14,1,"	2480,2495" 
2015-07-01T20:00:00Z,"AVA",2015-09-01T20:00:00Z,Buy,30.89,30.27,7,-4.34,1.0352740619902,-4.34,51.87,26.04,0,"	2481,2522" 
2015-07-01T20:00:00Z,"UFPI",2015-11-02T21:00:00Z,Buy,52.12,74.72,7,158.2,5.7713950272841,-9.1,161.42,47.95,1,"	2479,2562" 
2015-08-03T20:00:00Z,"DMLP",2015-09-01T20:00:00Z,Buy,16.64,15.07,17,-26.69,1.0828588166374,-60.18,294.78,60.18,0,"	2500,2512" 
2015-08-03T20:00:00Z,"INTC",2015-09-01T20:00:00Z,Buy,29.05,27.82,12,-14.76,1.765726889426,-38.16,103.44,45.24,0,"	2501,2514" 
2015-08-03T20:00:00Z,"NPK",2015-09-01T20:00:00Z,Buy,78.87,79.41,3,1.62,10.328935212614,-11.37,15.12,26.49,1,"	2503,2518" 
2015-08-03T20:00:00Z,"RSC",2015-09-01T20:00:00Z,Buy,50.43,50.24,5,-0.95,1.0244142137878,-32.9,284.55,45.9,0,"	2505,2520" 
2015-08-03T20:00:00Z,"AEIS",2015-10-01T20:00:00Z,Buy,25.71,26.14,44,18.92,7.3171079880906,-98.56,81.84,180.4,1,"	2497,2541" 
2015-08-03T20:00:00Z,"MERC",2015-11-02T21:00:00Z,Buy,12.69,11.03,77,-127.82,6.7823187012613,-243.32,0,243.32,0,"	2502,2558" 
2015-08-03T20:00:00Z,"SCVL",2015-12-01T21:00:00Z,Buy,27.62,21.78,34,-198.56,6.4798252772439,-564.4,27.54,346.12,0,"	2507,2587" 
2015-09-01T20:00:00Z,"ABFS",2015-12-01T21:00:00Z,Buy,27.61,24.33,8,-26.24,2.1943748664528,-47.92,157.76,43.12,0,"	2524,2579" 
2015-09-01T20:00:00Z,"GMED",2015-12-01T21:00:00Z,Buy,23.83,27.73,12,46.8,2.3248036028187,-38.04,46.8,48.36,1,"	2529,2580" 
2015-09-01T20:00:00Z,"SYKE",2015-12-01T21:00:00Z,Buy,24.85,31.83,12,83.76,4.2760887805416,0,83.76,18.48,1,"	2538,2589" 
2015-10-01T20:00:00Z,"BCC",2015-11-02T21:00:00Z,Buy,25.04,30.55,14,77.14,1.0695003965107,0,197.96,41.16,1,"	2545,2554" 
2015-10-01T20:00:00Z,"MYRG",2015-12-01T21:00:00Z,Buy,25.72,21.25,10,-44.7,1.6194554918391,-63.3,58,80.3,0,"	2548,2585" 
2015-11-02T21:00:00Z,"SCVL",2015-12-01T21:00:00Z,Buy,22.63,21.78,9.0000104999947,-7.65,2.5401513670867,-104.49,52.2,43.56,0,"	2574,2587" 
