Entry Time,Symbols,Exit Time,Direction,Entry Price,Exit Price,Quantity,P&L,Fees,MAE,MFE,Drawdown,IsWin,Order Ids
2003-02-03T21:00:00Z,"PEGA",2003-03-03T21:00:00Z,Buy,5.5,4.1,92,-128.8,21.993364653375,-149.04,23,172.04,0,"	27,41" 
2003-02-03T21:00:00Z,"DCO",2003-04-01T21:00:00Z,Buy,13.06,10.19,37,-106.19,4.7318711379604,-120.62,2.96,123.58,0,"	4,43" 
2003-02-03T21:00:00Z,"MTRX",2003-05-01T20:00:00Z,Buy,8,12.69,20,93.8,18.184640228351,0,93.8,18.6,1,"	22,45" 
2003-02-03T21:00:00Z,"BIO",2003-06-02T20:00:00Z,Buy,35.48,58.36,5,114.4,5.6351236784708,-9.9,119.85,20.05,1,"	1,46" 
2003-02-03T21:00:00Z,"JOUT",2003-06-02T20:00:00Z,Buy,11.97,11.99,41,0.82,12.520265459271,-125.87,16.81,125.87,1,"	19,47" 
2003-02-03T21:00:00Z,"CW",2003-07-01T20:00:00Z,Buy,54.06,63.5,9,84.96,13.408468050728,-9.45,95.31,79.02,1,"	3,52" 
2003-02-03T21:00:00Z,"JJSF",2003-07-01T20:00:00Z,Buy,27.53,31.37,18,69.12,9.7610001384552,0,111.24,42.66,1,"	18,53" 
2003-02-03T21:00:00Z,"NUS",2003-07-01T20:00:00Z,Buy,12.14,10.26,40,-75.2,12.084147276307,-129.6,11.2,140.8,0,"	25,54" 
2003-02-03T21:00:00Z,"TDY",2003-07-01T20:00:00Z,Buy,13.21,13.42,39,8.19,12.961704002866,-87.36,70.59,124.8,1,"	35,55" 
2003-02-03T21:00:00Z,"THO",2003-07-01T20:00:00Z,Buy,27.44,40.62,5,65.9,10.015670085897,-27.7,73.35,29.5,1,"	36,56" 
2003-02-03T21:00:00Z,"CNXS",2003-08-01T20:00:00Z,Buy,6.57,10.98,20,88.2,12.450298563315,-14,88.2,18.6,1,"	2,62" 
2003-02-03T21:00:00Z,"MSN",2003-09-02T20:00:00Z,Buy,7.44,3.8,70,-254.8,10.521520986163,-322,29.4,351.4,0,"	21,63" 
2003-02-03T21:00:00Z,"MTRX",2003-09-02T20:00:00Z,Buy,8,20.87,10,128.7,2.1003365384615,0,128.7,11,1,"	22,64" 
2003-02-03T21:00:00Z,"RAVN",2003-09-02T20:00:00Z,Buy,15.68,26.45,8,86.16,5.0171129907569,0,90.56,24.72,1,"	29,65" 
2003-02-03T21:00:00Z,"INTL",2003-10-01T20:00:00Z,Buy,22.12,24.48,22,51.92,6.2317830474895,-189.86,133.76,189.86,1,"	17,67" 
2003-02-03T21:00:00Z,"EASI",2003-11-03T21:00:00Z,Buy,24.293297986551,47.17,3,68.63,7.0824253354979,-8.7,68.63,12,1,"	5,71" 
2003-02-03T21:00:00Z,"FLXS",2003-11-03T21:00:00Z,Buy,15.4,19.5,32,131.2,22.091935203174,-73.6,158.08,93.44,1,"	12,72" 
2003-02-03T21:00:00Z,"MMSI",2003-11-03T21:00:00Z,Buy,13.237911253225,26.62,11,147.2,9.8222796300071,-3.55,147.2,25.85,1,"	20,73" 
2003-02-03T21:00:00Z,"RIMG",2003-11-03T21:00:00Z,Buy,8.32,15.63,15,109.65,5.8806080930426,0,109.65,38.1,1,"	31,74" 
2003-02-03T21:00:00Z,"TTWO",2003-11-03T21:00:00Z,Buy,20.82,38.93,6,108.66,15.370003457242,-12.18,121.62,37.26,1,"	37,76" 
2003-02-03T21:00:00Z,"MTRX",2003-12-01T21:00:00Z,Buy,4,17.11,15,196.65,5.3065589831634,0,196.65,32.25,1,"	22,81" 
2003-02-03T21:00:00Z,"UTMD",2003-12-01T21:00:00Z,Buy,17.66,22.56,27,132.3,14.563806585675,-4.32,198.99,89.91,1,"	38,83" 
2003-02-03T21:00:00Z,"RVFD",2004-01-02T21:00:00Z,Buy,24.95,27.7,19,52.25,18.619001681744,-53.39,99.18,81.13,1,"	32,89" 
2003-02-03T21:00:00Z,"MTSC",2004-02-02T21:00:00Z,Buy,10.81,23.78,16,207.52,31.62898589556,-7.52,219.04,30.4,1,"	23,93" 
2003-02-03T21:00:00Z,"EDUC",2004-03-01T21:00:00Z,Buy,9.2,10.61,54,76.14,23.81693893982,-13.5,236.52,186.3,1,"	7,95" 
2003-02-03T21:00:00Z,"EGN",2004-03-01T21:00:00Z,Buy,29.99,41.99,16,192,9.0190979249265,-22.56,232.48,50.4,1,"	8,96" 
2003-02-03T21:00:00Z,"NEB",2004-03-01T21:00:00Z,Buy,21.96,32.04,22,221.76,13.873518693289,-20.68,221.76,116.6,1,"	24,98" 
2003-02-03T21:00:00Z,"POG",2004-03-01T21:00:00Z,Buy,25.432,52.45,4,108.07,7.4297431728786,0,108.07,26.6,1,"	28,99" 
2003-02-03T21:00:00Z,"SHOO",2004-04-01T21:00:00Z,Buy,16.99,19.88,28,80.92,10.852625914765,-54.88,167.44,136.36,1,"	33,109" 
2003-02-03T21:00:00Z,"HCSG",2004-05-03T20:00:00Z,Buy,8.4866809879295,15.99,55,412.68,4.9205341400299,-54.63,468.23,77.37,1,"	15,113" 
2003-02-03T21:00:00Z,"PDX",2004-05-03T20:00:00Z,Buy,36.24,68.2,3,95.88,10.146886437705,-38.76,101.73,38.76,1,"	26,114" 
2003-02-03T21:00:00Z,"WSO",2004-05-03T20:00:00Z,Buy,15.9,28.8,7,90.3,12.795304116029,-20.72,101.85,21,1,"	40,115" 
2003-02-03T21:00:00Z,"BIO",2004-06-01T20:00:00Z,Buy,35.48,56.71,9,191.07,3.8285457372641,-17.82,241.83,120.96,1,"	1,120" 
2003-02-03T21:00:00Z,"IDXX",2004-06-01T20:00:00Z,Buy,34.84,67.13,4,129.16,10.466423337664,-6.72,129.16,21.08,1,"	16,121" 
2003-02-03T21:00:00Z,"EASI",2004-07-01T20:00:00Z,Buy,24.293297986551,57.94,4,134.59,2.0395765027322,-11.6,144.83,59,1,"	5,126" 
2003-02-03T21:00:00Z,"MMSI",2004-08-02T20:00:00Z,Buy,9.92823487125,16.38,35.110266903933,226.52,2.4657819905213,-8.49,528.82,410.09,1,"	20,132" 
2003-02-03T21:00:00Z,"MTRX",2004-08-02T20:00:00Z,Buy,4,7.63,45,163.35,7.0395226201949,0,706.5,573.75,1,"	22,133" 
2003-02-03T21:00:00Z,"EXPO",2004-09-01T20:00:00Z,Buy,14.54,26.65,9,108.99,11.752852183924,-14.76,116.1,32.4,1,"	10,139" 
2003-02-03T21:00:00Z,"RAVN",2004-09-01T20:00:00Z,Buy,15.68,41.42,7,180.18,7.447977130423,0,180.18,48.72,1,"	29,140" 
2003-02-03T21:00:00Z,"EASI",2004-10-01T20:00:00Z,Buy,24.293297986551,46.38,12,265.04,7.4254474094499,-34.8,434.48,235.56,1,"	5,143" 
2003-02-03T21:00:00Z,"EBF",2004-10-01T20:00:00Z,Buy,11.31,21.64,12,123.96,13.177043786829,-3,128.04,33.96,1,"	6,144" 
2003-02-03T21:00:00Z,"POG",2004-10-01T20:00:00Z,Buy,12.716,30.14,28,487.87,8.2276907986085,0,516.43,170.24,1,"	28,145" 
2003-02-03T21:00:00Z,"THO",2004-10-01T20:00:00Z,Buy,13.72,27.66,26,362.44,2.27179138322,-72.02,536.9,286.78,1,"	36,146" 
2003-02-03T21:00:00Z,"TTWO",2004-10-01T20:00:00Z,Buy,20.82,34.81,17,237.83,11.965378283968,-34.51,344.59,225.93,1,"	37,147" 
2003-02-03T21:00:00Z,"MTSC",2005-01-03T21:00:00Z,Buy,10.81,33.48,7,158.69,3.7021082167042,-3.29,166.6,66.78,1,"	23,166" 
2003-02-03T21:00:00Z,"SRT",2005-01-03T21:00:00Z,Buy,27.11,27.8,18,12.42,15.623632163327,-94.68,287.64,282.6,1,"	34,169" 
2003-02-03T21:00:00Z,"CNXS",2005-02-01T21:00:00Z,Buy,6.57,15.58,23,207.23,2.2340561724363,-16.1,207.23,119.83,1,"	2,173" 
2003-02-03T21:00:00Z,"EBF",2005-02-01T21:00:00Z,Buy,11.31,17.33,32,192.64,2.324114552893,-8,341.44,164.16,1,"	6,174" 
2003-02-03T21:00:00Z,"RCII",2005-04-01T21:00:00Z,Buy,20.944,26.95,22.5,135.14,9.1993642152521,-58.23,307.26,250.42,1,"	30,184" 
2003-02-03T21:00:00Z,"WSO",2005-04-01T21:00:00Z,Buy,15.9,42.12,6,157.32,3.731686650583,-17.76,158.04,29.1,1,"	40,186" 
2003-02-03T21:00:00Z,"CNXS",2005-05-02T20:00:00Z,Buy,6.57,18.78,11,134.31,6.2157676910685,-7.7,134.97,57.31,1,"	2,188" 
2003-02-03T21:00:00Z,"FIZ",2005-06-01T20:00:00Z,Buy,7.6350091620037,8.18,63.999923200061,34.88,6.9021835449251,-47.04,228.16,263.04,1,"	11,193" 
2003-02-03T21:00:00Z,"FRGO",2005-06-01T20:00:00Z,Buy,8.5,17.99,16,151.84,4.7837031501643,-10.24,155.52,131.04,1,"	13,194" 
2003-02-03T21:00:00Z,"IDXX",2005-06-01T20:00:00Z,Buy,34.84,57.87,10,230.3,2.1503637623419,-16.8,329.1,216.2,1,"	16,195" 
2003-02-03T21:00:00Z,"RAVN",2005-06-01T20:00:00Z,Buy,7.84,26.8,12,227.52,2.1258215962441,0,227.52,113.28,1,"	29,196" 
2003-02-03T21:00:00Z,"RIMG",2005-08-01T20:00:00Z,Buy,8.32,25.13,10,168.1,2.10052,0,174.1,50.8,1,"	31,207" 
2003-02-03T21:00:00Z,"WSO",2005-12-01T21:00:00Z,Buy,15.9,63.29,4,189.56,3.9978073310382,-11.84,189.56,21.44,1,"	40,233" 
2003-02-03T21:00:00Z,"MTSC",2006-04-03T20:00:00Z,Buy,10.81,41.33,23,701.96,17.270806887666,-10.81,736,287.04,1,"	23,264" 
2003-02-03T21:00:00Z,"RAVN",2006-05-01T20:00:00Z,Buy,7.84,40.23,5,161.95,2.9841070087707,0,169.3,47.2,1,"	29,276" 
2003-02-03T21:00:00Z,"FRGO",2006-06-01T20:00:00Z,Buy,8.5,24.9,44,721.6,28.902857322299,-28.16,721.6,360.36,1,"	13,283" 
2003-02-03T21:00:00Z,"RIMG",2006-08-01T20:00:00Z,Buy,8.32,23.92,35,546,2.4420533880903,0,876.05,545.65,1,"	31,302" 
2003-02-03T21:00:00Z,"CNXS",2006-09-01T20:00:00Z,Buy,6.57,28.1,20,430.6,30.925388206348,-14,472.6,203.8,1,"	2,309" 
2003-02-03T21:00:00Z,"WSO",2006-09-01T20:00:00Z,Buy,15.9,43.58,14,387.52,11.805129242918,-41.44,791,422.94,1,"	40,313" 
2003-02-03T21:00:00Z,"RAVN",2006-10-02T20:00:00Z,Buy,7.84,28.97,15,316.95,2.3185638120626,0,510,226.35,1,"	29,322" 
2003-02-03T21:00:00Z,"FAF",2006-12-01T21:00:00Z,Buy,22.76,38.63,21,333.27,4.4804680846701,-21.63,552.72,272.58,1,"	9,338" 
2003-02-03T21:00:00Z,"PDX",2006-12-01T21:00:00Z,Buy,18.12,48.55,20,608.6,3.5103487061461,-129.2,684,209.2,1,"	26,341" 
2003-02-03T21:00:00Z,"WMK",2006-12-01T21:00:00Z,Buy,31.15,39.89,16,139.84,10.688511642592,-51.36,240.16,128,1,"	39,342" 
2003-02-03T21:00:00Z,"EXPO",2007-05-01T20:00:00Z,Buy,7.27,21.34,12,168.84,3.8600420114565,-9.84,191.76,39.54,1,"	10,389" 
2003-02-03T21:00:00Z,"GCI",2007-05-01T20:00:00Z,Buy,72.01,58.16,6,-83.1,13.795318144866,-122.1,113.46,235.56,0,"	14,390" 
2003-02-03T21:00:00Z,"EXPO",2007-09-04T20:00:00Z,Buy,7.27,24.86,11,193.49,10.615395203057,-9.02,198.44,41.03,1,"	10,442" 
2003-02-03T21:00:00Z,"EXPO",2007-11-01T20:00:00Z,Buy,7.27,29.52,7,155.75,3.7085334100435,-5.74,160.58,26.11,1,"	10,470" 
2003-02-03T21:00:00Z,"EXPO",2008-02-01T21:00:00Z,Buy,7.27,31.02,7,166.25,6.2129112621986,-5.74,166.25,26.32,1,"	10,498" 
2003-02-03T21:00:00Z,"EXPO",2008-12-01T21:00:00Z,Buy,7.27,27.11,8,158.72,5.2254207662476,-6.56,238,107.44,1,"	10,637" 
2003-02-03T21:00:00Z,"EXPO",2009-11-02T21:00:00Z,Buy,7.27,26.11,5,94.2,11.618945588416,-4.1,148.75,85.5,1,"	10,735" 
2003-03-03T21:00:00Z,"OIS",2003-06-02T20:00:00Z,Buy,11.43,13.1,42,70.14,18.345113153293,-57.96,78.54,82.74,1,"	42,48" 
2003-04-01T21:00:00Z,"GDT",2004-03-01T21:00:00Z,Buy,36.83,70.01,3,99.54,12.569182625253,-3.84,99.54,18.87,1,"	44,97" 
2003-04-01T21:00:00Z,"GDT",2006-04-22T04:00:00Z,Buy,36.83,80.05,10,432.2,0,-12.8,432.2,221.2,1,"	44,272" 
2003-06-02T20:00:00Z,"AMSWA",2003-07-01T20:00:00Z,Buy,4.75,4.35,110,-44,12.973897541841,-52.8,16.5,69.3,0,"	49,51" 
2003-06-02T20:00:00Z,"UGI",2004-03-01T21:00:00Z,Buy,34.13,32.96,16,-18.72,11.249418010796,-83.2,11.52,94.72,0,"	50,100" 
2003-07-01T20:00:00Z,"RGCO",2003-10-01T20:00:00Z,Buy,23.69,22.93,24,-18.24,13.966113103725,-27.36,2.4,29.76,0,"	60,68" 
2003-07-01T20:00:00Z,"HOC",2003-12-01T21:00:00Z,Buy,27.75,27,20,-15,8.5918280532021,-69.4,10.2,79.6,0,"	57,79" 
2003-07-01T20:00:00Z,"HWKN",2003-12-01T21:00:00Z,Buy,10.4,13.09,56,150.64,23.29802247518,-6.72,194.88,70.56,1,"	58,80" 
2003-07-01T20:00:00Z,"MAIR",2004-01-02T21:00:00Z,Buy,5.92,7.71,93,166.47,32.747326939008,0,178.56,131.13,1,"	59,88" 
2003-07-01T20:00:00Z,"WDC",2004-03-01T21:00:00Z,Buy,11.85,11.58,54,-14.58,5.1637053080082,-174.42,160.38,277.02,0,"	61,101" 
2003-09-02T20:00:00Z,"SCHN",2003-11-03T21:00:00Z,Buy,26.65,40.67,7,98.14,32.170766747369,-2.52,103.95,43.26,1,"	66,75" 
2003-09-02T20:00:00Z,"SCHN",2003-12-01T21:00:00Z,Buy,26.65,50.23,5,117.9,2.046320545924,-1.8,137.85,30.9,1,"	66,82" 
2003-09-02T20:00:00Z,"SCHN",2004-12-01T21:00:00Z,Buy,17.76667555,35.7,19,340.73,8.2921412619144,-4.56,462.84,364.36,1,"	66,158" 
2003-09-02T20:00:00Z,"SCHN",2008-04-01T20:00:00Z,Buy,17.76667555,73.18,0.49999025000488,27.71,7.5559594779555,-0.12,27.71,10.79,1,"	66,528" 
2003-10-01T20:00:00Z,"SAFM",2004-02-02T21:00:00Z,Buy,32,49.82,5,89.1,12.490504497334,0,89.1,22.2,1,"	70,94" 
2003-10-01T20:00:00Z,"SAFM",2004-06-01T20:00:00Z,Buy,21.333344,46.95,5,128.08,2.0510215170615,0,128.08,29.25,1,"	70,122" 
2003-10-01T20:00:00Z,"CMTL",2004-07-01T20:00:00Z,Buy,24.07,21.45,26,-68.12,4.6696788228598,-235.04,400.92,635.96,0,"	69,125" 
2003-10-01T20:00:00Z,"SAFM",2005-07-01T20:00:00Z,Buy,21.333344,45.97,15.999989500005,394.19,2.2124493838028,0,538.67,377.6,1,"	70,204" 
2003-11-03T21:00:00Z,"ATRI",2004-04-01T21:00:00Z,Buy,42.4,42.18,15,-3.3,15.580309106167,-58.35,114,172.35,0,"	77,108" 
2003-11-03T21:00:00Z,"BIO",2004-06-01T20:00:00Z,Buy,52.91,56.71,4,15.2,2.0405052631579,-77.64,37.76,41.84,1,"	78,120" 
2003-12-01T21:00:00Z,"CRMT",2004-10-01T20:00:00Z,Buy,30.83,34,24,76.08,12.13830578346,-157.92,157.2,295.92,1,"	84,142" 
2003-12-01T21:00:00Z,"TALK",2005-05-02T20:00:00Z,Buy,10.9,8.62,45,-102.6,7.0172560899016,-265.05,51.75,316.8,0,"	86,189" 
2003-12-01T21:00:00Z,"FIZ",2005-06-01T20:00:00Z,Buy,7.6200091440037,8.18,31.000076799939,17.36,3.8255743018164,-22.32,110.98,127.41,1,"	85,193" 
2003-12-01T21:00:00Z,"TSAI",2006-03-01T21:00:00Z,Buy,20,34.02,6,84.12,4.4269674309917,-31.26,84.12,59.7,1,"	87,254" 
2003-12-01T21:00:00Z,"TSAI",2006-07-03T17:00:00Z,Buy,20,42.17,5,110.85,2.0505878119002,-26.05,113.55,49.75,1,"	87,294" 
2003-12-01T21:00:00Z,"TALK",2006-09-01T20:00:00Z,Buy,10.9,5.84,19,-96.14,6.817314848707,-111.91,21.85,133.76,0,"	86,312" 
2003-12-01T21:00:00Z,"TSAI",2007-02-01T21:00:00Z,Buy,20,36.99,25,424.75,9.821997300488,-130.25,567.75,289.5,1,"	87,356" 
2003-12-01T21:00:00Z,"FIZ",2007-04-02T20:00:00Z,Buy,7.6200091440037,17.67,0.99988480009216,10.05,4.5306042422332,-0.72,10.05,4.11,1,"	85,375" 
2004-01-02T21:00:00Z,"TTWO",2004-10-01T20:00:00Z,Buy,29.17,34.81,8,45.12,5.8139297316609,-83.04,95.36,73.28,1,"	92,147" 
2004-01-02T21:00:00Z,"RSC",2005-04-01T21:00:00Z,Buy,14.35,14,51,-17.85,6.349575220643,-158.1,197.88,283.05,0,"	91,185" 
2004-01-02T21:00:00Z,"MDU",2008-05-01T20:00:00Z,Buy,16.020008215498,28.98,10,129.6,6.1420858645072,-12.8,152.7,69,1,"	90,543" 
2004-01-02T21:00:00Z,"MDU",2009-06-01T20:00:00Z,Buy,16.020008215498,19.61,34,122.06,2.3615726681128,-102,641.58,743.58,1,"	90,699" 
2004-03-01T21:00:00Z,"ASGN",2004-04-01T21:00:00Z,Buy,5.79,5.5,130,-37.7,26.816826751362,-91,27.3,118.3,0,"	103,107" 
2004-03-01T21:00:00Z,"AHS",2004-09-01T20:00:00Z,Buy,18.37,11.54,40,-273.2,21.472971140862,-280.8,4.4,285.2,0,"	102,138" 
2004-03-01T21:00:00Z,"CALM",2005-01-03T21:00:00Z,Buy,18.995,11.96,38,-267.33,4.8152961226704,-341.81,47.69,389.5,0,"	104,164" 
2004-03-01T21:00:00Z,"DGII",2005-01-03T21:00:00Z,Buy,11.84,16.82,17,84.66,10.381535171826,-53.72,94.01,54.23,1,"	105,165" 
2004-03-01T21:00:00Z,"PEGA",2005-01-03T21:00:00Z,Buy,9.25,8.54,83,-58.93,12.919389526147,-278.05,53.95,332,0,"	106,167" 
2004-03-01T21:00:00Z,"DGII",2005-12-01T21:00:00Z,Buy,11.84,13.29,46,66.7,2.7337402799378,-145.36,254.38,346.38,1,"	105,232" 
2004-04-01T21:00:00Z,"SHEN",2004-07-01T20:00:00Z,Buy,22.56,26.3,32,119.68,42.185390304225,-1.92,245.76,247.68,1,"	112,127" 
2004-04-01T21:00:00Z,"QDEL",2004-08-02T20:00:00Z,Buy,6.41,3.46,112,-330.4,6.2159198221407,-340.48,263.2,603.68,0,"	111,134" 
2004-04-01T21:00:00Z,"MTLM",2004-12-01T21:00:00Z,Buy,18.5,25.98,11,82.28,4.310613391494,-71.5,87.67,84.98,1,"	110,157" 
2004-04-01T21:00:00Z,"MTLM",2005-10-03T20:00:00Z,Buy,18.5,25.6,8,56.8,2.0807889546351,-52,93.68,107.04,1,"	110,223" 
2004-04-01T21:00:00Z,"MTLM",2006-12-01T21:00:00Z,Buy,18.5,35.36,6,101.16,3.535071738703,-39,108.42,80.28,1,"	110,340" 
2004-04-01T21:00:00Z,"MTLM",2007-04-02T20:00:00Z,Buy,18.5,46.2,5,138.5,2.0500108248539,-32.5,138.5,66.9,1,"	110,378" 
2004-04-01T21:00:00Z,"MTLM",2007-10-01T20:00:00Z,Buy,18.5,53.94,5,177.2,2.0497326203209,-32.5,186.75,66.9,1,"	110,457" 
2004-04-01T21:00:00Z,"MTLM",2008-03-03T21:00:00Z,Buy,18.5,58.85,4,161.4,2.0386662286465,-26,180.4,56.24,1,"	110,511" 
2004-04-01T21:00:00Z,"MTLM",2008-03-15T04:00:00Z,Buy,18.5,55.27,1,36.77,0,-6.5,45.1,14.06,1,"	110,521" 
2004-05-03T20:00:00Z,"CMTL",2004-07-01T20:00:00Z,Buy,16.64,21.45,17,81.77,2.1748331273177,-27.37,388.45,43.86,1,"	117,125" 
2004-05-03T20:00:00Z,"MTRX",2004-08-02T20:00:00Z,Buy,10.73,7.63,23,-71.3,4.823410369348,-154.79,206.31,119.83,0,"	118,133" 
2004-05-03T20:00:00Z,"CALM",2005-01-03T21:00:00Z,Buy,11.62,11.96,25,8.5,2.263134057971,-40.5,215.75,141.25,1,"	116,164" 
2004-05-03T20:00:00Z,"OTL",2005-02-01T21:00:00Z,Buy,24.63,20.38,30,-127.5,8.5314560110454,-178.2,95.1,273.3,0,"	119,175" 
2004-06-01T20:00:00Z,"MMSI",2004-08-02T20:00:00Z,Buy,14.3,16.38,12.889733096067,26.81,4.8063583403423,-59.47,137.79,26.55,1,"	124,132" 
2004-06-01T20:00:00Z,"FARO",2005-11-01T21:00:00Z,Buy,26.49,20.67,26,-151.32,4.6264982730198,-213.46,138.06,351.52,0,"	123,228" 
2004-07-01T20:00:00Z,"TESS",2005-06-01T20:00:00Z,Buy,17.25,12.75,42,-189,23.758035831888,-295.26,0,295.26,0,"	131,197" 
2004-07-01T20:00:00Z,"LPX",2006-08-01T20:00:00Z,Buy,23.3,19.86,31,-106.64,16.262258745932,-117.49,190.65,308.14,0,"	129,301" 
2004-07-01T20:00:00Z,"CNXS",2006-09-01T20:00:00Z,Buy,10.63,28.1,20,349.4,5.021954245594,-95.2,391.4,203.8,1,"	128,309" 
2004-07-01T20:00:00Z,"TALK",2006-09-01T20:00:00Z,Buy,7.7,5.84,32,-59.52,5.310080965102,-86.08,139.2,191.68,0,"	130,312" 
2004-08-02T20:00:00Z,"ESCA",2004-11-01T21:00:00Z,Buy,10.99,14.02,63,190.89,5.2694006189454,-26.46,330.75,204.75,1,"	137,154" 
2004-08-02T20:00:00Z,"AMED",2005-12-01T21:00:00Z,Buy,27.35,46.55,6,115.2,4.3345249623191,-11.1,115.2,61.02,1,"	135,230" 
2004-08-02T20:00:00Z,"AXE",2006-04-03T20:00:00Z,Buy,34.4,47.29,20,257.8,9.7554649231307,-61,265.4,152,1,"	136,262" 
2004-08-02T20:00:00Z,"AMED",2006-09-01T20:00:00Z,Buy,27.35,40.15,6,76.8,2.05958446698,-11.1,116.28,96.36,1,"	135,308" 
2004-08-02T20:00:00Z,"AMED",2007-01-03T21:00:00Z,Buy,20.51301965,33.3,18.666193789757,238.68,15.321681711795,-25.9,271.32,224.84,1,"	135,348" 
2004-09-01T20:00:00Z,"ZEUS",2005-08-01T20:00:00Z,Buy,20.63,15.89,33,-156.42,12.791478462357,-244.86,305.91,550.77,0,"	141,208" 
2004-10-01T20:00:00Z,"SEB",2005-01-03T21:00:00Z,Buy,608,999.9,1,391.9,4.0203744266212,-52,424,97,1,"	152,168" 
2004-10-01T20:00:00Z,"HOC",2005-03-01T21:00:00Z,Buy,25.95,37.11,6,66.96,9.8924924124072,-16.98,70.5,25.68,1,"	150,179" 
2004-10-01T20:00:00Z,"TESS",2005-06-01T20:00:00Z,Buy,11.37,12.75,19,26.22,9.4919955772413,-21.85,111.72,79.42,1,"	153,197" 
2004-10-01T20:00:00Z,"ECOL",2005-07-01T20:00:00Z,Buy,10.09,17.56,25,186.75,11.07036514891,0,197,62,1,"	149,203" 
2004-10-01T20:00:00Z,"CYBE",2005-09-01T20:00:00Z,Buy,16.88,13.9,44,-131.12,26.929190085623,-290.4,12.76,303.16,0,"	148,213" 
2004-10-01T20:00:00Z,"HOC",2005-09-01T20:00:00Z,Buy,25.95,57.21,6,187.56,2.0609698046181,-16.98,187.56,37.74,1,"	150,214" 
2004-10-01T20:00:00Z,"ECOL",2006-03-01T21:00:00Z,Buy,10.09,18.89,12,105.6,5.5597278639059,0,115.2,66.24,1,"	149,252" 
2004-10-01T20:00:00Z,"ECOL",2006-05-01T20:00:00Z,Buy,10.09,25.5,12,184.92,2.1146926536732,0,199.08,66.24,1,"	149,273" 
2004-10-01T20:00:00Z,"HOC",2006-06-01T20:00:00Z,Buy,25.95,85,3,177.15,6.23285293074,-8.49,177.15,50.43,1,"	150,284" 
2004-10-01T20:00:00Z,"HOC",2006-08-01T20:00:00Z,Buy,12.975,52.25,4,157.1,2.3855450296493,-5.66,157.1,33.62,1,"	150,300" 
2004-10-01T20:00:00Z,"ECOL",2006-10-02T20:00:00Z,Buy,10.09,19.63,22,209.88,14.948465419906,0,378.4,191.18,1,"	149,319" 
2004-10-01T20:00:00Z,"NHC",2006-10-02T20:00:00Z,Buy,29.6,51.27,5,108.35,13.09068549952,-1.85,130,34.2,1,"	151,321" 
2004-10-01T20:00:00Z,"HOC",2007-06-01T20:00:00Z,Buy,12.975,71.35,3,175.12,2.6434470888341,-4.24,175.12,49.35,1,"	150,408" 
2004-10-01T20:00:00Z,"NHC",2007-12-03T21:00:00Z,Buy,29.6,49.13,19,371.07,24.633808828325,-7.03,550.81,215.27,1,"	151,479" 
2004-10-01T20:00:00Z,"HOC",2008-01-02T21:00:00Z,Buy,12.975,50.71,17,641.5,11.13464459391,-24.06,1137.22,581.57,1,"	150,486" 
2004-11-01T21:00:00Z,"CYBE",2005-09-01T20:00:00Z,Buy,10.53,13.9,20,67.4,5.9532594446437,-5,132.8,72,1,"	155,213" 
2004-11-01T21:00:00Z,"PCU",2006-01-03T21:00:00Z,Buy,43.81,69.25,3,76.32,5.9603062889469,-6.51,80.22,67.56,1,"	156,240" 
2004-11-01T21:00:00Z,"PCU",2006-05-01T20:00:00Z,Buy,43.81,100.09,3,168.84,2.0303517638734,-6.51,168.84,67.56,1,"	156,275" 
2004-11-01T21:00:00Z,"PCU",2007-03-01T21:00:00Z,Buy,21.905,69.75,4,191.38,2.0395800822812,-4.34,211.82,69.78,1,"	156,363" 
2004-11-01T21:00:00Z,"PCU",2007-06-01T20:00:00Z,Buy,21.905,93.24,3,214,2.031549740582,-3.26,214,52.34,1,"	156,410" 
2004-11-01T21:00:00Z,"PCU",2007-08-01T20:00:00Z,Buy,21.905,108.25,3,259.04,3.2025611693839,-3.26,279.28,52.34,1,"	156,434" 
2004-11-01T21:00:00Z,"PCU",2007-11-01T20:00:00Z,Buy,21.905,133.96,2,224.11,2.0191713774597,-2.17,239.23,61.26,1,"	156,472" 
2004-11-01T21:00:00Z,"PCU",2008-03-03T21:00:00Z,Buy,21.905,114.89,2,185.97,2.0200979620397,-2.17,239.23,122.4,1,"	156,513" 
2004-11-01T21:00:00Z,"PCU",2008-05-01T20:00:00Z,Buy,21.905,110,6,528.57,2.0768558951965,-6.51,717.69,367.2,1,"	156,546" 
2004-12-01T21:00:00Z,"SRT",2005-01-03T21:00:00Z,Buy,28.67,27.8,9,-7.83,2.0899686192469,-61.38,129.78,23.67,0,"	163,169" 
2004-12-01T21:00:00Z,"RCII",2005-04-01T21:00:00Z,Buy,25.76,26.95,7.5,8.92,2.5719083216849,-55.53,66.3,21,1,"	162,184" 
2004-12-01T21:00:00Z,"IDXX",2005-06-01T20:00:00Z,Buy,52.23,57.87,5,28.2,2.0504930394432,-95.35,77.6,25.6,1,"	160,195" 
2004-12-01T21:00:00Z,"NATR",2006-05-01T20:00:00Z,Buy,16.98,10.04,46,-319.24,100.57207354719,-319.24,286.58,605.82,0,"	161,274" 
2004-12-01T21:00:00Z,"GCI",2007-05-01T20:00:00Z,Buy,83,58.16,3,-74.52,3.182412974377,-94.02,23.76,94.02,0,"	159,390" 
2005-01-03T21:00:00Z,"PNM",2005-09-01T20:00:00Z,Buy,24.85,29.61,31,147.56,9.4741738612643,-23.87,168.33,59.52,1,"	172,216" 
2005-01-03T21:00:00Z,"CNC",2005-12-01T21:00:00Z,Buy,28.62,25.21,28,-95.48,18.748417636275,-295.96,244.72,540.68,0,"	170,231" 
2005-01-03T21:00:00Z,"NUE",2006-02-01T21:00:00Z,Buy,50.49,83.54,3,99.15,17.096240066232,-14.46,105.03,54.63,1,"	171,244" 
2005-01-03T21:00:00Z,"NUE",2006-04-03T20:00:00Z,Buy,50.49,107.97,3,172.44,4.7192988000519,-14.46,172.44,54.63,1,"	171,265" 
2005-01-03T21:00:00Z,"NUE",2007-10-01T20:00:00Z,Buy,25.245,58.61,4,133.46,2.0393950596538,-9.64,175.82,92.28,1,"	171,458" 
2005-01-03T21:00:00Z,"NUE",2008-04-01T20:00:00Z,Buy,25.245,69.25,4,176.02,4.8664707717345,-9.64,196.54,92.28,1,"	171,526" 
2005-01-03T21:00:00Z,"NUE",2009-11-02T21:00:00Z,Buy,25.245,39.02,10,137.75,2.1959819186339,-24.1,566.45,564.7,1,"	171,737" 
2005-02-01T21:00:00Z,"MLI",2005-09-01T20:00:00Z,Buy,31.96,27.14,25,-120.5,15.79099160343,-171.5,0.75,172.25,0,"	177,215" 
2005-02-01T21:00:00Z,"ABFS",2006-01-03T21:00:00Z,Buy,40.86,44.55,5,18.45,7.2454714840865,-51.7,23.15,71.3,1,"	176,239" 
2005-02-01T21:00:00Z,"RAVN",2006-10-02T20:00:00Z,Buy,18.03,28.97,11,120.34,2.1083770491803,-112.09,261.91,165.99,1,"	178,322" 
2005-02-01T21:00:00Z,"ABFS",2007-09-04T20:00:00Z,Buy,40.86,36.4,14,-62.44,2.3345961002786,-144.76,135.66,224.7,0,"	176,438" 
2005-03-01T21:00:00Z,"AIT",2006-03-01T21:00:00Z,Buy,29.12,44.1,5,74.9,13.8901164837,-23.05,75.05,34,1,"	180,251" 
2005-03-01T21:00:00Z,"TALK",2006-09-01T20:00:00Z,Buy,6.4,5.84,37,-20.72,4.4079859585318,-51.43,209.05,221.63,0,"	182,312" 
2005-03-01T21:00:00Z,"WMK",2006-12-01T21:00:00Z,Buy,37.52,39.89,6,14.22,3.9707010405898,-57.48,51.84,48,1,"	183,342" 
2005-03-01T21:00:00Z,"AIT",2007-09-04T20:00:00Z,Buy,19.41334304,32.81,10,133.97,15.837728574377,-30.73,133.97,99.43,1,"	180,439" 
2005-03-01T21:00:00Z,"AIT",2008-09-02T20:00:00Z,Buy,19.41334304,28.7,7,65.01,6.544556414212,-21.51,111.28,89.67,1,"	180,593" 
2005-03-01T21:00:00Z,"AIT",2008-11-03T21:00:00Z,Buy,19.41334304,19.93,17.499982750009,9.04,15.160763907582,-53.78,278.19,304.5,1,"	180,621" 
2005-03-01T21:00:00Z,"EXPO",2009-11-02T21:00:00Z,Buy,12.205,26.11,18,250.29,3.0323402708184,-103.59,446.67,307.8,1,"	181,735" 
2005-04-01T21:00:00Z,"STLD",2005-10-03T20:00:00Z,Buy,34.41,32.9,22,-33.22,10.793842101107,-195.8,11.22,195.8,0,"	187,224" 
2005-05-02T20:00:00Z,"SAFM",2005-07-01T20:00:00Z,Buy,36.76,45.97,5.0000104999948,46.05,2.6975284804501,-77.13,91.2,7.95,1,"	191,204" 
2005-05-02T20:00:00Z,"ZEUS",2005-08-01T20:00:00Z,Buy,14.33,15.89,19,29.64,2.1861038961039,-21.28,295.83,72.01,1,"	192,208" 
2005-05-02T20:00:00Z,"DGII",2005-12-01T21:00:00Z,Buy,10.9,13.29,25,59.75,7.1078259054028,-55.5,161.75,83,1,"	190,232" 
2005-05-02T20:00:00Z,"SAFM",2014-06-02T20:00:00Z,Buy,36.76,95.65,0.99998950000525,58.89,2.0310182682953,-15.43,58.89,3,1,"	191,1301" 
2005-06-01T20:00:00Z,"VLO",2005-09-01T20:00:00Z,Buy,71.3,109.5,3,114.6,4.1449710921241,-1.83,114.6,24.6,1,"	201,217" 
2005-06-01T20:00:00Z,"STLD",2005-10-03T20:00:00Z,Buy,27.48,32.9,8,43.36,3.1383494404127,-15.76,59.52,41.12,1,"	199,224" 
2005-06-01T20:00:00Z,"X",2005-12-01T21:00:00Z,Buy,40.14,48.98,20,176.8,13.048185162364,-119.4,176.8,214.4,1,"	202,234" 
2005-06-01T20:00:00Z,"UGI",2006-03-01T21:00:00Z,Buy,26.89,22.31,30,-137.4,23.619822768607,-192.3,85.5,277.8,0,"	200,255" 
2005-06-01T20:00:00Z,"VLO",2007-05-01T20:00:00Z,Buy,35.65,71.17,4,142.08,2.0405007824726,-1.22,144.28,83.68,1,"	201,394" 
2005-06-01T20:00:00Z,"MTLM",2008-03-15T04:00:00Z,Buy,18.17,55.27,15,556.5,2.1485286103542,-92.55,681.45,210.9,1,"	198,521" 
2005-06-01T20:00:00Z,"VLO",2008-04-01T20:00:00Z,Buy,35.65,51.87,12,194.64,14.312783470801,-3.66,504.84,372.36,1,"	201,530" 
2005-07-01T20:00:00Z,"CMC",2005-10-03T20:00:00Z,Buy,24.24,33.43,8,73.52,4.4369378173134,-0.32,77.92,18.24,1,"	206,221" 
2005-07-01T20:00:00Z,"CMC",2006-02-01T21:00:00Z,Buy,24.24,47.08,6,137.04,2.059670468948,-0.24,141.18,37.98,1,"	206,243" 
2005-07-01T20:00:00Z,"CMC",2007-05-01T20:00:00Z,Buy,12.12,32.94,7,145.74,2.0688504031054,-0.14,157.01,84.38,1,"	206,388" 
2005-07-01T20:00:00Z,"ABFS",2007-09-04T20:00:00Z,Buy,32.56,36.4,7,26.88,2.0716054037072,-14.28,125.93,112.35,1,"	205,438" 
2005-07-01T20:00:00Z,"CMC",2008-06-02T20:00:00Z,Buy,12.12,36.49,6,146.22,5.7509790736147,-0.12,147,77.94,1,"	206,561" 
2005-07-01T20:00:00Z,"CMC",2008-10-01T20:00:00Z,Buy,12.12,16.28,29,120.64,2.3855535820012,-0.58,791.12,680.92,1,"	206,603" 
2005-08-01T20:00:00Z,"FARO",2005-11-01T21:00:00Z,Buy,23.89,20.67,11,-35.42,5.5042276686494,-61.71,87.01,63.36,0,"	209,228" 
2005-08-01T20:00:00Z,"SPTN",2006-02-01T21:00:00Z,Buy,12.14,12.08,73,-4.38,11.808721871363,-232.14,16.79,248.93,0,"	212,246" 
2005-08-01T20:00:00Z,"GDT",2006-04-22T04:00:00Z,Buy,71.38,80.05,3,26.01,4.9995326557705,-107.49,26.01,48.57,1,"	211,272" 
2005-08-01T20:00:00Z,"GCI",2007-05-01T20:00:00Z,Buy,72.26,58.16,3,-42.3,2.0296999588985,-61.8,55.98,69.39,0,"	210,390" 
2005-09-01T20:00:00Z,"MTEX",2005-10-03T20:00:00Z,Buy,12.45,11.7,72,-54,13.24813324582,-162,22.32,184.32,0,"	218,222" 
2005-09-01T20:00:00Z,"PLPC",2006-06-01T20:00:00Z,Buy,44.43,35.96,20,-169.4,46.181178015183,-253.8,51.4,305.2,0,"	220,286" 
2005-09-01T20:00:00Z,"ODP",2008-03-03T21:00:00Z,Buy,29.45,11.08,29,-532.73,20.472717507105,-532.73,437.32,970.05,0,"	219,512" 
2005-10-03T20:00:00Z,"CNC",2005-12-01T21:00:00Z,Buy,24.52,25.21,9,6.21,2.0882367053179,-58.23,115.56,59.94,1,"	226,231" 
2005-10-03T20:00:00Z,"PETS",2006-01-03T21:00:00Z,Buy,10.62,14.31,24,88.56,5.1543415548333,-18.72,117.6,51.36,1,"	227,241" 
2005-10-03T20:00:00Z,"PETS",2006-03-01T21:00:00Z,Buy,10.62,19.14,12,102.24,5.2846897423874,-9.36,103.68,25.68,1,"	227,253" 
2005-10-03T20:00:00Z,"AEOS",2006-04-03T20:00:00Z,Buy,23.61,28.79,39,202.02,12.101577006153,-142.35,244.14,214.89,1,"	225,261" 
2005-10-03T20:00:00Z,"PETS",2007-03-01T21:00:00Z,Buy,10.62,12.38,53,93.28,14.108861630178,-62.01,497.14,559.15,1,"	227,364" 
2005-11-01T21:00:00Z,"RS",2006-02-01T21:00:00Z,Buy,57.76,78.45,3,62.07,11.378638032291,0,68.64,16.53,1,"	229,245" 
2005-11-01T21:00:00Z,"RS",2007-02-01T21:00:00Z,Buy,28.88,43.01,24,339.12,13.711012433489,0,477.24,468.36,1,"	229,353" 
2005-12-01T21:00:00Z,"UGI",2006-03-01T21:00:00Z,Buy,22.39,22.31,12,-0.96,4.4592268285012,-22.92,88.2,23.4,0,"	238,255" 
2005-12-01T21:00:00Z,"LYTS",2006-09-01T20:00:00Z,Buy,18.09,18.31,15,3.3,19.592671572835,-90.3,10.5,100.8,1,"	235,310" 
2005-12-01T21:00:00Z,"SYKE",2006-09-01T20:00:00Z,Buy,13.63,20.2,16,105.12,25.35657910086,-26.56,105.12,49.92,1,"	237,311" 
2005-12-01T21:00:00Z,"LYTS",2006-10-02T20:00:00Z,Buy,18.09,16.02,36,-74.52,15.022463722185,-216.72,25.2,241.92,0,"	235,320" 
2005-12-01T21:00:00Z,"SYKE",2007-09-04T20:00:00Z,Buy,13.63,16.17,51,129.54,19.185654058065,-84.66,388.62,338.64,1,"	237,444" 
2005-12-01T21:00:00Z,"COP",2007-10-01T20:00:00Z,Buy,62.97,87.3,3,72.99,5.1340218964184,-20.82,81.66,49.41,1,"	236,459" 
2005-12-01T21:00:00Z,"COP",2008-05-01T20:00:00Z,Buy,62.97,86.59,12,283.44,2.1208373066636,-83.28,326.64,228,1,"	236,545" 
2006-01-03T21:00:00Z,"ECOL",2006-10-02T20:00:00Z,Buy,15.48,19.63,18,74.7,2.1932316227462,-97.02,212.58,156.42,1,"	242,319" 
2006-02-01T21:00:00Z,"NATR",2006-05-01T20:00:00Z,Buy,17.84,10.04,12,-93.6,4.56961511141,-93.6,64.44,101.52,0,"	249,274" 
2006-02-01T21:00:00Z,"LYTS",2006-10-02T20:00:00Z,Buy,14.73,16.02,20,25.8,8.4686199262904,-53.2,81.2,124.4,1,"	248,320" 
2006-02-01T21:00:00Z,"SCVL",2007-01-03T21:00:00Z,Buy,23.85,31.42,7,52.99,10.707542825116,-29.61,54.25,61.6,1,"	250,349" 
2006-02-01T21:00:00Z,"GCI",2007-05-01T20:00:00Z,Buy,62.95,58.16,4,-19.16,2.0407971484122,-45.16,111.88,48,0,"	247,390" 
2006-02-01T21:00:00Z,"SCVL",2007-10-01T20:00:00Z,Buy,23.85,15.79,35,-282.1,2.6404055766793,-314.65,397.6,712.25,0,"	250,460" 
2006-03-01T21:00:00Z,"IIIN",2006-04-03T20:00:00Z,Buy,39.29,59.24,8,159.6,12.105457230945,0,160.16,35.68,1,"	258,263" 
2006-03-01T21:00:00Z,"IIIN",2006-06-01T20:00:00Z,Buy,39.29,43.63,5,21.7,2.0507797951583,-37.5,100.8,138.3,1,"	258,285" 
2006-03-01T21:00:00Z,"CRUS",2006-08-01T20:00:00Z,Buy,8.04,6.56,132,-195.36,32.83660802487,-195.36,287.76,483.12,0,"	257,298" 
2006-03-01T21:00:00Z,"RIMG",2006-08-01T20:00:00Z,Buy,22.97,23.92,10,9.5,2.1050297210791,-146.5,103.8,57.4,1,"	259,302" 
2006-03-01T21:00:00Z,"TALK",2006-09-01T20:00:00Z,Buy,8.67,5.84,30,-84.9,5.9799757466903,-109.8,101.4,106.5,0,"	260,312" 
2006-03-01T21:00:00Z,"AMED",2007-01-03T21:00:00Z,Buy,25.63564942,33.3,14.333806210243,109.86,2.1169819539515,-93.32,134.92,49.35,1,"	256,348" 
2006-03-01T21:00:00Z,"IIIN",2007-04-02T20:00:00Z,Buy,19.645,16.71,26,-76.31,18.512170493986,-97.63,262.08,359.71,0,"	258,376" 
2006-03-01T21:00:00Z,"AMED",2007-05-01T20:00:00Z,Buy,25.63564942,33.86,0.33248891028094,2.73,2.3780223285486,-2.16,3.13,1.18,1,"	256,386" 
2006-04-03T20:00:00Z,"NATR",2006-05-01T20:00:00Z,Buy,12.06,10.04,25,-50.5,2.2400477707006,-50.5,278.75,50.5,0,"	268,274" 
2006-04-03T20:00:00Z,"SHOO",2006-05-01T20:00:00Z,Buy,35.78,53.01,9,155.07,4.3818985185342,-4.95,157.14,13.5,1,"	270,277" 
2006-04-03T20:00:00Z,"FRGO",2006-06-01T20:00:00Z,Buy,16.61,24.9,18,149.22,3.8116693092462,-157.5,149.22,43.92,1,"	267,283" 
2006-04-03T20:00:00Z,"PLPC",2006-06-01T20:00:00Z,Buy,33.2,35.96,11,30.36,2.1611459009118,-16.06,151.8,26.29,1,"	269,286" 
2006-04-03T20:00:00Z,"EGY",2006-07-03T17:00:00Z,Buy,6.83,10.1,47,153.69,14.822294382303,-36.66,153.69,81.78,1,"	266,293" 
2006-04-03T20:00:00Z,"SHOO",2006-11-01T21:00:00Z,Buy,23.853274162205,41.19,5,86.68,4.1443307251693,-1.83,101.33,55.7,1,"	270,330" 
2006-04-03T20:00:00Z,"ZEUS",2007-02-01T21:00:00Z,Buy,30.9,27.81,34,-105.06,20.507660003298,-323.68,274.38,598.06,0,"	271,357" 
2006-04-03T20:00:00Z,"EGY",2007-06-01T20:00:00Z,Buy,6.83,4.86,110,-216.7,20.253239298721,-245.3,359.7,605,0,"	266,407" 
2006-04-03T20:00:00Z,"SHOO",2007-12-03T21:00:00Z,Buy,23.853274162205,22.75,12,-13.24,7.3000582444224,-76.24,243.2,319.44,0,"	270,480" 
2006-04-03T20:00:00Z,"SHOO",2008-08-01T20:00:00Z,Buy,23.853274162205,22.79,13,-13.82,2.1317341040462,-115.35,263.47,378.82,0,"	270,588" 
2006-04-03T20:00:00Z,"SHOO",2008-11-03T21:00:00Z,Buy,23.853274162205,20.64,7.4418875907436E-5,0,2.0947658402204,0,0,0,0,"	270,628" 
2006-05-01T20:00:00Z,"LPX",2006-08-01T20:00:00Z,Buy,28.2,19.86,8,-66.72,4.9236283428743,-69.52,10,72.8,0,"	280,301" 
2006-05-01T20:00:00Z,"CNXS",2006-09-01T20:00:00Z,Buy,21.38,28.1,10,67.2,5.3294034580313,-155.1,88.2,46.6,1,"	278,309" 
2006-05-01T20:00:00Z,"MSTR",2006-11-01T21:00:00Z,Buy,98.5,117.61,2,38.22,4.1353565607667,-39.68,43.58,57.18,1,"	281,329" 
2006-05-01T20:00:00Z,"PETS",2007-03-01T21:00:00Z,Buy,14.51,12.38,14,-29.82,5.2010540044189,-70.84,76.86,92.26,0,"	282,364" 
2006-05-01T20:00:00Z,"IIIN",2007-04-02T20:00:00Z,Buy,18.6,16.71,22,-41.58,10.828293162965,-59.62,244.75,191.62,0,"	279,376" 
2006-05-01T20:00:00Z,"MSTR",2007-07-02T20:00:00Z,Buy,98.5,94.59,9,-35.19,2.1101164144354,-178.56,305.1,347.94,0,"	281,422" 
2006-06-01T20:00:00Z,"DECK",2006-08-01T20:00:00Z,Buy,36.65,41.77,5,25.6,9.1788967594135,-12.25,33.3,26.7,1,"	287,299" 
2006-06-01T20:00:00Z,"WSO",2006-09-01T20:00:00Z,Buy,58.34,43.58,4,-59.04,2.0416863165416,-181.6,56.24,74.4,0,"	292,313" 
2006-06-01T20:00:00Z,"RAVN",2006-10-02T20:00:00Z,Buy,32,28.97,7,-21.21,2.0709759188847,-169.12,68.88,36.75,0,"	289,322" 
2006-06-01T20:00:00Z,"DECK",2006-11-01T21:00:00Z,Buy,36.65,52.26,4,62.44,2.0393450028233,-9.8,69.08,21.36,1,"	287,327" 
2006-06-01T20:00:00Z,"STLD",2007-02-01T21:00:00Z,Buy,29.675,39.68,8,80.04,4.2649899467981,-48.48,80.04,70.84,1,"	290,355" 
2006-06-01T20:00:00Z,"PETS",2007-03-01T21:00:00Z,Buy,13.16,12.38,17,-13.26,4.756628859316,-63.07,116.28,78.03,0,"	288,364" 
2006-06-01T20:00:00Z,"WIRE",2007-03-01T21:00:00Z,Buy,37.84,25.15,27,-342.63,4.7521349245574,-450.36,51.84,502.2,0,"	291,366" 
2006-06-01T20:00:00Z,"DECK",2007-04-02T20:00:00Z,Buy,36.65,70,4,133.4,4.8214495643368,-9.8,147.48,21.36,1,"	287,374" 
2006-06-01T20:00:00Z,"STLD",2007-05-01T20:00:00Z,Buy,29.675,44.21,28,406.98,2.2793680884676,-169.68,474.74,247.94,1,"	290,393" 
2006-06-01T20:00:00Z,"DECK",2007-06-01T20:00:00Z,Buy,36.65,88.1,3,154.35,2.0300751024124,-7.35,154.35,16.02,1,"	287,405" 
2006-06-01T20:00:00Z,"DECK",2007-07-02T20:00:00Z,Buy,36.65,100.96,2,128.62,2.0200118929633,-4.9,128.62,10.68,1,"	287,419" 
2006-06-01T20:00:00Z,"DECK",2007-11-01T20:00:00Z,Buy,36.65,132.75,3,288.3,16.499118011787,-7.35,328.05,70.29,1,"	287,469" 
2006-06-01T20:00:00Z,"DECK",2008-01-02T21:00:00Z,Buy,36.65,153.88,2,234.46,6.3267902189678,-4.9,256.5,62.5,1,"	287,484" 
2006-06-01T20:00:00Z,"DECK",2008-11-03T21:00:00Z,Buy,36.65,80.65,6,264,2.0760669653384,-14.7,769.5,556.74,1,"	287,622" 
2006-07-03T17:00:00Z,"LPX",2006-08-01T20:00:00Z,Buy,21.9,19.86,10,-20.4,2.1000456829603,-23.9,75.5,23.9,0,"	296,301" 
2006-07-03T17:00:00Z,"TALK",2006-09-01T20:00:00Z,Buy,6.24,5.84,55,-22,2.5544426494346,-67.65,319.55,35.2,0,"	297,312" 
2006-07-03T17:00:00Z,"AIT",2008-11-03T21:00:00Z,Buy,24.46,19.93,10,-45.3,12.617671918382,-81.2,108.5,174,0,"	295,621" 
2006-08-01T20:00:00Z,"WSO",2006-09-01T20:00:00Z,Buy,43.86,43.58,5,-1.4,2.0495033860045,-154.6,142.7,19.55,0,"	307,313" 
2006-08-01T20:00:00Z,"KBALB",2006-11-01T21:00:00Z,Buy,17.33,24.56,14,101.22,4.7043791073682,-13.72,109.2,27.3,1,"	304,328" 
2006-08-01T20:00:00Z,"FAF",2006-12-01T21:00:00Z,Buy,36.7,38.63,6,11.58,2.0594974331262,-89.82,74.28,35.46,1,"	303,338" 
2006-08-01T20:00:00Z,"LMS",2007-03-01T21:00:00Z,Buy,27.28,29.64,12,28.32,12.723175369829,-84.6,47.28,99.24,1,"	305,362" 
2006-08-01T20:00:00Z,"TTMI",2007-04-02T20:00:00Z,Buy,10.58,9.44,93,-106.02,5.811501572327,-106.95,341.31,448.26,0,"	306,379" 
2006-08-01T20:00:00Z,"LMS",2007-05-01T20:00:00Z,Buy,27.28,26.8,25,-12,8.7716159864394,-176.25,98.5,206.75,0,"	305,391" 
2006-08-01T20:00:00Z,"KBALB",2007-07-02T20:00:00Z,Buy,17.33,14.01,44,-146.08,2.89,-196.68,377.96,574.64,0,"	304,421" 
2006-09-01T20:00:00Z,"ECOL",2006-10-02T20:00:00Z,Buy,19.79,19.63,13,-2.08,3.0688809533275,-126.1,97.5,15.47,0,"	315,319" 
2006-09-01T20:00:00Z,"BLS",2006-12-30T05:00:00Z,Buy,41.34,47.15,25,145.25,2.2539312039312,-8.5,145.25,81,1,"	314,347" 
2006-09-01T20:00:00Z,"RS",2007-02-01T21:00:00Z,Buy,32.99,43.01,7,70.14,3.8194833620797,-28.77,110.42,27.37,1,"	318,353" 
2006-09-01T20:00:00Z,"MRO",2007-06-01T20:00:00Z,Buy,84.78,126.74,3,125.88,4.1524251169294,-41.97,125.88,42.51,1,"	316,409" 
2006-09-01T20:00:00Z,"OGE",2007-07-02T20:00:00Z,Buy,37.3,37,27,-8.1,7.8941671976695,-97.2,100.17,197.37,0,"	317,423" 
2006-09-01T20:00:00Z,"MRO",2008-06-02T20:00:00Z,Buy,42.39,51.66,18,166.86,2.1812984987327,-125.91,430.56,384.48,1,"	316,564" 
2006-10-02T20:00:00Z,"IVAC",2006-12-01T21:00:00Z,Buy,16.43,27.26,20,216.6,4.7965654761905,-3.2,216.6,37.8,1,"	325,339" 
2006-10-02T20:00:00Z,"TESS",2007-03-01T21:00:00Z,Buy,21.013302758949,26.88,9,52.8,9.4675977144733,-20.76,93.12,42.48,1,"	326,365" 
2006-10-02T20:00:00Z,"DLTR",2007-06-01T20:00:00Z,Buy,31.29,42.41,5,55.6,11.469792950272,-8.5,58.9,12.05,1,"	323,406" 
2006-10-02T20:00:00Z,"EGY",2007-06-01T20:00:00Z,Buy,7.2,4.86,32,-74.88,2.3204450625869,-83.2,92.8,135.04,0,"	324,407" 
2006-10-02T20:00:00Z,"TESS",2007-10-01T20:00:00Z,Buy,21.013302758949,15.55,42.000074205071,-229.46,18.727487195578,-501.2,434.56,935.76,0,"	326,461" 
2006-10-02T20:00:00Z,"DLTR",2008-02-01T21:00:00Z,Buy,31.29,27.79,28,-98,13.104175560383,-279.72,399.84,679.56,0,"	323,497" 
2006-10-02T20:00:00Z,"IVAC",2008-04-01T20:00:00Z,Buy,16.43,13.94,41,-102.09,21.416802531182,-257.89,579.74,837.63,0,"	325,525" 
2006-11-01T21:00:00Z,"TSAI",2007-02-01T21:00:00Z,Buy,32.56,36.99,7,31.01,4.3065246478361,-124.39,71.05,30.38,1,"	334,356" 
2006-11-01T21:00:00Z,"ZEUS",2007-02-01T21:00:00Z,Buy,26.18,27.81,10,16.3,2.105991902834,-48,127.9,71.7,1,"	337,357" 
2006-11-01T21:00:00Z,"WIRE",2007-03-01T21:00:00Z,Buy,25.93,25.15,13,-10.14,2.1252657004831,-62.01,179.79,62.01,0,"	336,366" 
2006-11-01T21:00:00Z,"IIIN",2007-04-02T20:00:00Z,Buy,17.02,16.71,13,-4.03,5.5927477947619,-14.69,165.16,51.61,0,"	332,376" 
2006-11-01T21:00:00Z,"LMS",2007-05-01T20:00:00Z,Buy,20.91,26.8,12,70.68,4.2058831776985,-8.16,123.72,70.8,1,"	333,391" 
2006-11-01T21:00:00Z,"ABFS",2007-09-04T20:00:00Z,Buy,40.45,36.4,5,-20.25,4.5591110446883,-49.65,50.5,39.6,0,"	331,438" 
2006-11-01T21:00:00Z,"VLO",2008-04-01T20:00:00Z,Buy,51.1,51.87,4,3.08,2.0390971690895,-63.02,106.48,124.12,1,"	335,530" 
2006-12-01T21:00:00Z,"SPH",2007-02-01T21:00:00Z,Buy,37.98,38.71,29,21.17,11.025278509862,-59.45,31.32,90.77,1,"	345,354" 
2006-12-01T21:00:00Z,"AP",2007-05-01T20:00:00Z,Buy,33.95,36.08,32,68.16,4.7638681306795,-348.48,97.92,423.36,1,"	344,387" 
2006-12-01T21:00:00Z,"SYKE",2007-09-04T20:00:00Z,Buy,16.64,16.17,13,-6.11,7.0317789790951,-60.71,59.93,54.6,0,"	346,444" 
2006-12-01T21:00:00Z,"AMWD",2007-10-01T20:00:00Z,Buy,38.35,26.19,28,-340.48,17.68330833783,-395.36,190.68,586.04,0,"	343,455" 
2007-01-03T21:00:00Z,"WIRE",2007-03-01T21:00:00Z,Buy,22,25.15,10,31.5,3.0879311266431,-8.4,177.6,23,1,"	352,366" 
2007-01-03T21:00:00Z,"AEOS",2007-06-01T20:00:00Z,Buy,32.53,27.19,35,-186.9,4.7175134249627,-194.25,63.35,257.6,0,"	350,404" 
2007-01-03T21:00:00Z,"SHOO",2008-11-03T21:00:00Z,Buy,35.97,20.64,6,-91.98,2.8908027917555,-125.94,48.9,132.12,0,"	351,628" 
2007-02-01T21:00:00Z,"FIZ",2007-04-02T20:00:00Z,Buy,13.74,17.67,11.000115199908,43.23,2.7687393767705,-75.24,43.23,10.56,1,"	361,375" 
2007-02-01T21:00:00Z,"FIZ",2007-08-01T20:00:00Z,Buy,11.44999542,9.79,81.599894400068,-135.46,16.706532975236,-465.12,274.72,413.44,0,"	361,433" 
2007-02-01T21:00:00Z,"CVX",2007-09-04T20:00:00Z,Buy,74.41,88.64,3,42.69,15.930665100142,-23.85,56.79,37.86,1,"	360,441" 
2007-02-01T21:00:00Z,"BKE",2007-11-01T20:00:00Z,Buy,33.8,40.9,6,42.6,41.817854047846,-6.36,56.52,49.14,1,"	359,468" 
2007-02-01T21:00:00Z,"ABM",2008-01-02T21:00:00Z,Buy,26.19,20.16,43,-259.29,6.2121480757197,-292.83,181.89,474.72,0,"	358,483" 
2007-02-01T21:00:00Z,"BKE",2008-03-03T21:00:00Z,Buy,33.8,44.23,6,62.58,2.7649226273615,-16.86,82.92,73.38,1,"	359,506" 
2007-02-01T21:00:00Z,"BKE",2008-10-01T20:00:00Z,Buy,33.8,51.95,5,90.75,2.8392743626876,-14.05,142.75,61.15,1,"	359,601" 
2007-02-01T21:00:00Z,"CVX",2008-12-01T21:00:00Z,Buy,74.41,72.29,4,-8.48,11.211496301505,-63.24,114.64,177.88,0,"	360,635" 
2007-02-01T21:00:00Z,"BKE",2009-03-02T21:00:00Z,Buy,22.5333446,23.28,12,8.96,7.3223365627113,-95.44,228.4,323.84,1,"	359,664" 
2007-02-01T21:00:00Z,"BKE",2009-05-01T20:00:00Z,Buy,22.5333446,36.61,6,84.46,2.0588742964353,-47.72,114.2,161.92,1,"	359,688" 
2007-02-01T21:00:00Z,"BKE",2009-10-01T20:00:00Z,Buy,22.5333446,33.52,5.999988000006,65.92,7.480704688876,-47.72,114.2,161.92,1,"	359,729" 
2007-02-01T21:00:00Z,"CVX",2009-12-01T21:00:00Z,Buy,74.41,79.06,8,37.2,9.1136406134092,-143.52,229.28,372.8,1,"	360,745" 
2007-03-01T21:00:00Z,"LAWS",2007-04-02T20:00:00Z,Buy,37.86,36.84,29,-29.58,4.5621962184069,-96.28,128.18,157.76,0,"	371,377" 
2007-03-01T21:00:00Z,"AMED",2007-05-01T20:00:00Z,Buy,31.72,33.86,34.667511089719,74.19,17.461692630574,-436.62,115.39,123.07,1,"	367,386" 
2007-03-01T21:00:00Z,"AP",2007-05-01T20:00:00Z,Buy,24.49,36.08,13,150.67,7.0736881845168,-18.59,162.76,18.59,1,"	368,387" 
2007-03-01T21:00:00Z,"MGPI",2007-05-01T20:00:00Z,Buy,19.17,19.59,57,23.94,5.1121455353328,-59.85,88.92,77.52,1,"	372,392" 
2007-03-01T21:00:00Z,"EGY",2007-06-01T20:00:00Z,Buy,6.36,4.86,35,-52.5,2.3467289719626,-61.6,130.9,61.6,0,"	369,407" 
2007-03-01T21:00:00Z,"KBALB",2007-07-02T20:00:00Z,Buy,21.13,14.01,10,-71.2,3.8590002240853,-82.7,47.9,82.7,0,"	370,421" 
2007-03-01T21:00:00Z,"AMED",2007-12-03T21:00:00Z,Buy,31.72,44.2,0.33248891028094,4.15,2.7674830307969,-4.19,4.18,1.18,1,"	367,478" 
2007-03-01T21:00:00Z,"SHOO",2008-11-03T21:00:00Z,Buy,28.53,20.64,3.9999255811241,-31.56,2.0675608930988,-54.2,62.36,74.12,0,"	373,628" 
2007-03-01T21:00:00Z,"SHOO",2009-05-01T20:00:00Z,Buy,28.53,28.47,3.0000744188759,-0.18,2.1064479945615,-44.88,46.77,59.82,0,"	373,691" 
2007-04-02T20:00:00Z,"GCI",2007-05-01T20:00:00Z,Buy,56.29,58.16,4,7.48,3.8333805347138,-18.52,138.52,6.48,1,"	383,390" 
2007-04-02T20:00:00Z,"EGY",2007-06-01T20:00:00Z,Buy,5.08,4.86,50,-11,5.1975435250081,-24,251,52,0,"	382,407" 
2007-04-02T20:00:00Z,"ABFS",2007-09-04T20:00:00Z,Buy,35.14,36.4,7,8.82,2.0691926863572,-32.34,107.87,49.77,1,"	380,438" 
2007-04-02T20:00:00Z,"USNA",2007-09-04T20:00:00Z,Buy,47.44,39.98,25,-186.5,4.5779024173173,-449,68.25,517.25,0,"	385,445" 
2007-04-02T20:00:00Z,"NHC",2007-12-03T21:00:00Z,Buy,50.41,49.13,4,-5.12,5.6048258620561,-84.72,32.72,31.76,0,"	384,479" 
2007-04-02T20:00:00Z,"AEIS",2008-04-01T20:00:00Z,Buy,21.3,13.68,55,-419.1,36.916019014744,-628.1,240.9,869,0,"	381,522" 
2007-05-01T20:00:00Z,"EBF",2007-07-02T20:00:00Z,Buy,22.94,23.98,48,49.92,17.791083855049,-19.2,113.76,86.4,1,"	397,420" 
2007-05-01T20:00:00Z,"KBALB",2007-07-02T20:00:00Z,Buy,17.86,14.01,12,-46.2,5.0939092074938,-60,96.72,67.8,0,"	398,421" 
2007-05-01T20:00:00Z,"USMO",2007-07-02T20:00:00Z,Buy,21.28,26.46,10,51.8,18.406607573255,-3,54.8,19.3,1,"	403,424" 
2007-05-01T20:00:00Z,"AMWD",2007-10-01T20:00:00Z,Buy,35.14,26.19,6,-53.7,2.9341164974482,-65.46,60.12,82.62,0,"	396,455" 
2007-05-01T20:00:00Z,"LNDC",2007-10-01T20:00:00Z,Buy,12.54,16,94,325.24,15.753106580181,-249.1,325.24,386.34,1,"	400,456" 
2007-05-01T20:00:00Z,"PCCC",2007-11-01T20:00:00Z,Buy,13.31,14.8,14,20.86,30.832905274724,-33.88,30.24,34.86,1,"	402,471" 
2007-05-01T20:00:00Z,"LDL",2008-01-02T21:00:00Z,Buy,13.9,10.26,81,-294.84,8.1730284247626,-413.1,116.64,529.74,0,"	399,487" 
2007-05-01T20:00:00Z,"PCCC",2008-01-02T21:00:00Z,Buy,13.31,11.28,79,-160.37,19.977247187654,-191.18,170.64,331.01,0,"	402,488" 
2007-05-01T20:00:00Z,"ODP",2008-03-03T21:00:00Z,Buy,33.91,11.08,6,-136.98,2.0605896366885,-136.98,63.72,151.92,0,"	401,512" 
2007-05-01T20:00:00Z,"ALB",2008-04-01T20:00:00Z,Buy,42.51,37,28,-154.28,25.779511188888,-242.48,149.52,392,0,"	395,523" 
2007-05-01T20:00:00Z,"USMO",2008-04-01T20:00:00Z,Buy,21.28,7.45,45,-622.35,2.7721288515406,-652.95,308.7,961.65,0,"	403,529" 
2007-06-01T20:00:00Z,"CMI",2007-07-02T20:00:00Z,Buy,94.1,105.03,2,21.86,4.1507386653163,-1.34,21.86,15.18,1,"	412,418" 
2007-06-01T20:00:00Z,"KBALB",2007-07-02T20:00:00Z,Buy,13.91,14.01,23,2.3,2.234380952381,-24.15,276.23,41.4,1,"	414,421" 
2007-06-01T20:00:00Z,"MSTR",2007-07-02T20:00:00Z,Buy,103.96,94.59,2,-18.74,2.0200269697553,-50.6,56.88,20.44,0,"	415,422" 
2007-06-01T20:00:00Z,"OGE",2007-07-02T20:00:00Z,Buy,36.96,37,6,0.24,2.0601627780792,-19.56,24.3,19.56,1,"	416,423" 
2007-06-01T20:00:00Z,"CMI",2007-08-01T20:00:00Z,Buy,94.1,120.05,2,51.9,5.3773828722845,-1.34,51.9,18.46,1,"	412,432" 
2007-06-01T20:00:00Z,"USNA",2007-09-04T20:00:00Z,Buy,37.18,39.98,6,16.8,2.0575838926174,-46.2,77.94,124.14,1,"	417,445" 
2007-06-01T20:00:00Z,"IVAC",2008-04-01T20:00:00Z,Buy,19.2,13.94,22,-115.72,9.0774611730736,-199.32,250.14,269.06,0,"	413,525" 
2007-06-01T20:00:00Z,"CMI",2008-05-01T20:00:00Z,Buy,47.05,65.75,18,336.6,2.1888764762209,-78.3,414.63,492.93,1,"	412,540" 
2007-06-01T20:00:00Z,"BRKS",2008-06-02T20:00:00Z,Buy,17.7,9.89,69,-538.89,30.926152236348,-572.7,155.94,728.64,0,"	411,560" 
2007-07-02T20:00:00Z,"FIZ",2007-08-01T20:00:00Z,Buy,11.68,9.79,23.400105599932,-44.23,2.2536924413553,-138.76,73.4,62.95,0,"	426,433" 
2007-07-02T20:00:00Z,"BW",2007-09-04T20:00:00Z,Buy,42.86,48.14,5,26.4,16.528159475065,-30.3,26.5,50,1,"	425,440" 
2007-07-02T20:00:00Z,"GIII",2007-09-04T20:00:00Z,Buy,16.68,17.91,12,14.76,31.105587751198,-36.6,14.76,48.24,1,"	427,443" 
2007-07-02T20:00:00Z,"SCVL",2007-10-01T20:00:00Z,Buy,27.31,15.79,9,-103.68,2.0894106947981,-112.05,71.1,116.55,0,"	430,460" 
2007-07-02T20:00:00Z,"TESS",2007-10-01T20:00:00Z,Buy,19.93,15.55,19.999925794929,-87.6,12.100016257935,-217,228.6,226.6,0,"	431,461" 
2007-07-02T20:00:00Z,"GIII",2008-01-02T21:00:00Z,Buy,16.68,13.59,64,-197.76,25.517417362216,-288.64,257.28,545.92,0,"	427,485" 
2007-07-02T20:00:00Z,"NVR",2008-02-01T21:00:00Z,Buy,671.72,654.99,1,-16.73,4.0203838621553,-258.54,47.25,305.79,0,"	429,499" 
2007-07-02T20:00:00Z,"BW",2008-03-03T21:00:00Z,Buy,42.86,26.82,23,-368.92,28.616786402719,-408.48,357.42,765.9,0,"	425,507" 
2007-07-02T20:00:00Z,"HHGP",2008-04-01T20:00:00Z,Buy,21.56,8.96,56,-705.6,45.49428976445,-857.92,62.72,920.64,0,"	428,524" 
2007-07-02T20:00:00Z,"TESS",2010-06-01T20:00:00Z,Buy,13.28667331,18.28,0.00011130755064499,0,9.8732831702874,0,0,0,0,"	431,812" 
2007-08-01T20:00:00Z,"ODP",2008-03-03T21:00:00Z,Buy,25.28,11.08,10,-142,3.4424693342302,-142,192.5,142,0,"	437,512" 
2007-08-01T20:00:00Z,"B",2009-04-01T20:00:00Z,Buy,30.8,11,36,-712.8,16.569629699788,-820.8,210.6,1031.4,0,"	435,673" 
2007-08-01T20:00:00Z,"NUE",2009-11-02T21:00:00Z,Buy,50.51,39.02,4,-45.96,2.0403032116497,-110.7,125.52,225.88,0,"	436,737" 
2007-09-04T20:00:00Z,"SCVL",2007-10-01T20:00:00Z,Buy,17.7,15.79,20,-38.2,2.2052173913043,-56.8,350.2,56.8,0,"	452,460" 
2007-09-04T20:00:00Z,"AMED",2007-12-03T21:00:00Z,Buy,37.65,44.2,4.6675110897191,30.57,12.866152038008,-86.46,30.99,16.24,1,"	447,478" 
2007-09-04T20:00:00Z,"LDL",2008-01-02T21:00:00Z,Buy,10.09,10.26,25,4.25,8.6240661901963,-32.25,131.25,57.5,1,"	450,487" 
2007-09-04T20:00:00Z,"AEIS",2008-04-01T20:00:00Z,Buy,16.26,13.68,13,-33.54,2.1302402957486,-82.94,122.46,96.59,0,"	446,522" 
2007-09-04T20:00:00Z,"HHGP",2008-04-01T20:00:00Z,Buy,13.91,8.96,23,-113.85,2.2281954350927,-176.41,201.71,196.88,0,"	449,524" 
2007-09-04T20:00:00Z,"RS",2008-04-01T20:00:00Z,Buy,53.51,60.29,4,27.12,5.4561096942582,-36.04,30.48,58,1,"	451,527" 
2007-09-04T20:00:00Z,"USMO",2008-04-01T20:00:00Z,Buy,18.64,7.45,15,-167.85,2.1515447154472,-178.05,142.5,178.05,0,"	454,529" 
2007-09-04T20:00:00Z,"AMED",2008-05-01T20:00:00Z,Buy,37.65,52.34,24,352.56,2.2425019305019,-444.59,352.56,293.52,1,"	447,539" 
2007-09-04T20:00:00Z,"UAUA",2008-05-01T20:00:00Z,Buy,47.85,16.1,23,-730.25,21.707075218148,-788.9,83.72,872.62,0,"	453,547" 
2007-09-04T20:00:00Z,"RS",2008-07-01T20:00:00Z,Buy,53.51,78.12,3,73.83,3.0346280230318,-27.03,73.83,43.5,1,"	451,577" 
2007-09-04T20:00:00Z,"APU",2008-11-03T21:00:00Z,Buy,35.45,31.48,7,-27.79,4.3837848693273,-107.52,17.08,124.6,0,"	448,620" 
2007-09-04T20:00:00Z,"RS",2009-03-02T21:00:00Z,Buy,53.51,19.88,9,-302.67,5.8127051850535,-367.65,221.49,589.14,0,"	451,666" 
2007-09-04T20:00:00Z,"RS",2009-06-01T20:00:00Z,Buy,53.51,39.17,4,-57.36,4.6126139345193,-163.4,98.44,261.84,0,"	451,700" 
2007-09-04T20:00:00Z,"AMED",2011-03-01T21:00:00Z,Buy,37.65,35.37,0.33248891028094,-0.76,20.599587209014,-6.16,8.47,13.3,0,"	447,895" 
2007-09-04T20:00:00Z,"APU",2011-12-01T21:00:00Z,Buy,35.45,43.87,24,202.08,5.0515078817716,-368.64,383.04,427.2,1,"	448,977" 
2007-10-01T20:00:00Z,"ABM",2008-01-02T21:00:00Z,Buy,20.43,20.16,13,-3.51,2.133328313253,-13.65,129.87,61.36,0,"	462,483" 
2007-10-01T20:00:00Z,"DLX",2008-03-03T21:00:00Z,Buy,38.25,19.97,30,-548.4,10.877857579003,-548.4,64.2,612.6,0,"	463,509" 
2007-10-01T20:00:00Z,"NVR",2008-08-01T20:00:00Z,Buy,481.8,539.04,1,57.24,16.571809865427,-68.62,237.17,205.44,1,"	464,587" 
2007-10-01T20:00:00Z,"PETS",2008-10-01T20:00:00Z,Buy,14.45,15.22,20,15.4,29.363680935764,-71.2,29,77.2,1,"	465,607" 
2007-10-01T20:00:00Z,"VLGEA",2008-10-01T20:00:00Z,Buy,52.12,47.77,8,-34.8,27.625347551992,-116.24,31.84,148.08,0,"	467,609" 
2007-10-01T20:00:00Z,"PETS",2008-11-03T21:00:00Z,Buy,14.45,18.25,16,60.8,4.8700646953836,-56.96,60.8,61.76,1,"	465,627" 
2007-10-01T20:00:00Z,"VLGEA",2008-12-01T21:00:00Z,Buy,52.12,46.47,5,-28.25,9.7299178509908,-72.65,19.9,92.55,0,"	467,638" 
2007-10-01T20:00:00Z,"VLGEA",2009-04-01T20:00:00Z,Buy,26.06,31.74,7,39.76,2.0712800769971,-50.86,45.08,64.78,1,"	467,678" 
2007-10-01T20:00:00Z,"SHOO",2009-05-01T20:00:00Z,Buy,19.13,28.47,7.9999255811241,74.72,2.2018997361478,-44.48,199.92,118.4,1,"	466,691" 
2007-10-01T20:00:00Z,"VLGEA",2010-02-01T21:00:00Z,Buy,26.06,26.13,9,0.63,8.3796396736442,-65.38,58.95,83.3,1,"	467,772" 
2007-10-01T20:00:00Z,"SHOO",2010-05-03T20:00:00Z,Buy,12.753354854603,40.08,6,163.96,2.0414906832298,-22.24,163.96,59.2,1,"	466,793" 
2007-10-01T20:00:00Z,"SHOO",2010-10-01T20:00:00Z,Buy,12.753354854603,41.2,6,170.68,2.0602045786654,-22.24,175.48,59.2,1,"	466,851" 
2007-10-01T20:00:00Z,"SHOO",2011-05-02T20:00:00Z,Buy,12.753354854603,52.64,6,239.32,3.7961223067985,-22.24,242.38,59.2,1,"	466,911" 
2007-10-01T20:00:00Z,"PETS",2011-09-01T20:00:00Z,Buy,14.45,9.94,43,-193.93,27.095048987004,-214.57,432.15,646.72,0,"	465,950" 
2007-10-01T20:00:00Z,"SHOO",2012-02-01T21:00:00Z,Buy,8.5022370479864,41.09,0.00012187971731444,0,2.5984212099326,0,0,0,0,"	466,1002" 
2007-11-01T20:00:00Z,"ODP",2008-03-03T21:00:00Z,Buy,18.86,11.08,17,-132.26,8.9042884146925,-132.26,436.39,149.26,0,"	475,512" 
2007-11-01T20:00:00Z,"HHGP",2008-04-01T20:00:00Z,Buy,10.52,8.96,22,-34.32,5.6569895291721,-94.16,267.52,94.16,0,"	474,524" 
2007-11-01T20:00:00Z,"SCHN",2008-04-01T20:00:00Z,Buy,64.07,73.18,3.5000097499951,31.89,33.165085402544,-162.9,31.89,75.57,1,"	476,528" 
2007-11-01T20:00:00Z,"USMO",2008-04-01T20:00:00Z,Buy,16.33,7.45,14,-124.32,6.3076674337004,-133.84,165.34,136.92,0,"	477,529" 
2007-11-01T20:00:00Z,"BRKS",2008-06-02T20:00:00Z,Buy,12.69,9.89,20,-56,5.3768772467909,-65.8,145.4,87.6,0,"	473,560" 
2007-11-01T20:00:00Z,"SCHN",2008-06-02T20:00:00Z,Buy,64.07,100.92,3,110.55,2.030233672858,-139.63,110.55,64.77,1,"	476,566" 
2007-11-01T20:00:00Z,"SCHN",2009-01-02T21:00:00Z,Buy,64.07,40.18,10.499990250005,-250.84,9.2124626348112,-498.64,530.56,1029.21,0,"	476,647" 
2007-12-03T21:00:00Z,"DLTR",2008-02-01T21:00:00Z,Buy,29.42,27.79,9,-14.67,2.0923866015352,-73.08,145.35,73.08,0,"	481,497" 
2007-12-03T21:00:00Z,"NVTL",2008-06-02T20:00:00Z,Buy,15.32,10.19,68,-348.84,40.418313343338,-514.08,127.16,641.24,0,"	482,565" 
2008-01-02T21:00:00Z,"CALM",2008-03-03T21:00:00Z,Buy,25.99,32.68,11,73.59,4.4862589182604,-48.84,106.7,48.84,1,"	489,508" 
2008-01-02T21:00:00Z,"VIVO",2008-03-03T21:00:00Z,Buy,29.81,34.58,7,33.39,4.4174915845461,-0.7,38.71,36.12,1,"	493,510" 
2008-01-02T21:00:00Z,"ZEUS",2008-03-03T21:00:00Z,Buy,32.2,42.85,10,106.5,30.12923994787,-28.7,106.5,36.9,1,"	496,514" 
2008-01-02T21:00:00Z,"HHGP",2008-04-01T20:00:00Z,Buy,7.5,8.96,24,35.04,6.4590196251205,-30.24,364.32,30.24,1,"	491,524" 
2008-01-02T21:00:00Z,"IMMR",2008-05-01T20:00:00Z,Buy,13.04,11.06,81,-160.38,15.835741526966,-520.83,0,520.83,0,"	492,541" 
2008-01-02T21:00:00Z,"PCU",2008-05-01T20:00:00Z,Buy,106.5,110,2,7,2.0202394526796,-171.36,70.04,56.7,1,"	494,546" 
2008-01-02T21:00:00Z,"UAUA",2008-05-01T20:00:00Z,Buy,31.99,16.1,6,-95.34,2.0538250140213,-110.64,117,165.54,0,"	495,547" 
2008-01-02T21:00:00Z,"ZEUS",2008-05-01T20:00:00Z,Buy,32.2,50.39,4,72.76,2.0393671875,-11.48,76,17.4,1,"	496,548" 
2008-01-02T21:00:00Z,"FLO",2008-06-02T20:00:00Z,Buy,22.9,27.91,45,225.45,10.657373609233,-50.4,273.6,117.9,1,"	490,562" 
2008-01-02T21:00:00Z,"ZEUS",2008-07-01T20:00:00Z,Buy,32.2,70.47,6,229.62,2.0556928345627,-17.22,262.32,32.7,1,"	496,578" 
2008-01-02T21:00:00Z,"CALM",2008-10-01T20:00:00Z,Buy,25.99,27.42,28,40.04,13.768086986409,-124.32,606.48,596.12,1,"	489,602" 
2008-01-02T21:00:00Z,"VIVO",2008-10-01T20:00:00Z,Buy,29.81,29.55,28,-7.28,28.43413541211,-163.8,170.52,334.32,0,"	493,605" 
2008-01-02T21:00:00Z,"ZEUS",2009-06-01T20:00:00Z,Buy,32.2,19.69,13,-162.63,2.5226489707476,-278.85,568.36,847.21,0,"	496,701" 
2008-02-01T21:00:00Z,"BW",2008-03-03T21:00:00Z,Buy,30.31,26.82,11,-38.39,2.1164547677262,-57.31,308.99,61.27,0,"	501,507" 
2008-02-01T21:00:00Z,"DLX",2008-03-03T21:00:00Z,Buy,24.54,19.97,10,-45.7,10.574222643709,-45.7,158.5,45.7,0,"	503,509" 
2008-02-01T21:00:00Z,"AEIS",2008-04-01T20:00:00Z,Buy,12.25,13.68,22,31.46,7.4632288401746,-52.14,295.46,25.96,1,"	500,522" 
2008-02-01T21:00:00Z,"IVAC",2008-04-01T20:00:00Z,Buy,11.44,13.94,27,67.5,7.5313613899865,-35.1,516.51,35.1,1,"	504,525" 
2008-02-01T21:00:00Z,"DECK",2008-11-03T21:00:00Z,Buy,122.08,80.65,2,-82.86,8.1246170863022,-175.76,85.64,142.54,0,"	502,622" 
2008-02-01T21:00:00Z,"MEI",2009-02-02T21:00:00Z,Buy,12.91,4.9,81,-648.81,26.293762341457,-670.68,41.31,711.99,0,"	505,657" 
2008-03-03T21:00:00Z,"IMMR",2008-05-01T20:00:00Z,Buy,8.61,11.06,35,85.75,9.9912191687954,-70,155.05,70,1,"	515,541" 
2008-03-03T21:00:00Z,"KAMN",2008-05-01T20:00:00Z,Buy,23.57,27.67,40,164,26.749797847133,-2,247.2,106.4,1,"	516,542" 
2008-03-03T21:00:00Z,"OXY",2008-05-01T20:00:00Z,Buy,78.29,81.02,12,32.76,11.061149813431,-109.56,103.08,112.44,1,"	518,544" 
2008-03-03T21:00:00Z,"NVTL",2008-06-02T20:00:00Z,Buy,10.64,10.19,24,-10.8,2.2413610586011,-69.12,157.2,76.8,0,"	517,565" 
2008-03-03T21:00:00Z,"WDC",2009-02-02T21:00:00Z,Buy,31.25,15.52,31,-487.63,40.593510734564,-660.92,270.32,931.24,0,"	520,660" 
2008-03-03T21:00:00Z,"SHOO",2012-02-01T21:00:00Z,Buy,7.5333464695959,41.09,5.9998781202827,201.34,2.120783847981,-9.01,201.64,75.96,1,"	519,1002" 
2008-03-03T21:00:00Z,"SHOO",2012-08-01T20:00:00Z,Buy,7.5333464695959,39.41,21.000074798504,669.41,2.3509176354192,-31.55,788.48,281.19,1,"	519,1055" 
2008-04-01T20:00:00Z,"UAUA",2008-05-01T20:00:00Z,Buy,23.13,16.1,15,-105.45,2.1611472364143,-143.7,425.4,150.9,0,"	538,547" 
2008-04-01T20:00:00Z,"LXU",2008-06-02T20:00:00Z,Buy,15.08,17.5,65,157.3,5.2903368111216,-72.15,297.05,147.55,1,"	536,563" 
2008-04-01T20:00:00Z,"AZZ",2008-07-01T20:00:00Z,Buy,37.81,44.06,11,68.75,54.44436209843,-121.99,68.75,129.14,1,"	531,573" 
2008-04-01T20:00:00Z,"AZZ",2008-08-01T20:00:00Z,Buy,37.81,46.14,16,133.28,27.75986650669,-177.44,149.76,187.84,1,"	531,585" 
2008-04-01T20:00:00Z,"SCHL",2008-09-02T20:00:00Z,Buy,30.49,27.02,31,-107.57,22.945549432793,-169.26,26.66,195.92,0,"	537,594" 
2008-04-01T20:00:00Z,"FCX",2008-10-01T20:00:00Z,Buy,97.59,52.97,9,-401.58,18.53768685112,-401.58,254.97,656.55,0,"	532,604" 
2008-04-01T20:00:00Z,"LG",2008-10-01T20:00:00Z,Buy,35.89,50.68,8,118.32,22.305704467387,-1.36,118.32,41.76,1,"	535,606" 
2008-04-01T20:00:00Z,"FSTR",2008-11-03T21:00:00Z,Buy,44.97,28.28,22,-367.18,75.359803726124,-539.22,65.78,605,0,"	533,623" 
2008-04-01T20:00:00Z,"JAKK",2008-11-03T21:00:00Z,Buy,28.75,21.48,11,-79.97,18.635127003613,-112.97,13.64,126.61,0,"	534,624" 
2008-04-01T20:00:00Z,"LG",2008-11-03T21:00:00Z,Buy,35.89,54.58,5,93.45,2.0525110640754,-0.85,93.45,58.25,1,"	535,625" 
2008-04-01T20:00:00Z,"JAKK",2009-04-01T20:00:00Z,Buy,28.75,12.65,23,-370.3,11.167999374676,-424.81,28.52,453.33,0,"	534,675" 
2008-04-01T20:00:00Z,"LG",2009-07-01T20:00:00Z,Buy,35.89,33.74,14,-30.1,9.2510679107318,-89.04,261.66,350.7,0,"	535,712" 
2008-05-01T20:00:00Z,"CUB",2008-07-01T20:00:00Z,Buy,27.74,22.01,36,-206.28,21.058282073309,-223.56,31.32,254.88,0,"	552,574" 
2008-05-01T20:00:00Z,"GHM",2008-07-01T20:00:00Z,Buy,58.23,76.63,3,55.2,4.2033139340765,-9.42,55.2,36.42,1,"	555,575" 
2008-05-01T20:00:00Z,"PTEN",2008-07-01T20:00:00Z,Buy,27.94,36.02,6,48.48,11.556353010912,0,49.56,17.52,1,"	558,576" 
2008-05-01T20:00:00Z,"AZZ",2008-08-01T20:00:00Z,Buy,27.56,46.14,10,185.8,2.1031437125749,-8.4,196.1,55.4,1,"	551,585" 
2008-05-01T20:00:00Z,"GHM",2008-08-01T20:00:00Z,Buy,58.23,101.97,14,612.36,2.15862,-43.96,612.36,211.4,1,"	555,586" 
2008-05-01T20:00:00Z,"VIVO",2008-10-01T20:00:00Z,Buy,27.23,29.55,9,20.88,2.0910025993316,-29.43,78.03,65.25,1,"	557,605" 
2008-05-01T20:00:00Z,"WEYS",2008-10-01T20:00:00Z,Buy,28.57,32.89,9,38.88,27.094820860734,-26.55,97.83,59.58,1,"	559,610" 
2008-05-01T20:00:00Z,"FSTR",2008-11-03T21:00:00Z,Buy,33.39,28.28,9,-45.99,11.776346224692,-116.37,131.13,170.28,0,"	554,623" 
2008-05-01T20:00:00Z,"AAON",2008-12-01T21:00:00Z,Buy,19.08,17.3,18,-32.04,4.7439707741504,-110.88,69.12,180,0,"	549,634" 
2008-05-01T20:00:00Z,"NEU",2008-12-01T21:00:00Z,Buy,63.59,29.22,15,-515.55,4.2786294119999,-581.85,257.55,839.4,0,"	553,636" 
2008-05-01T20:00:00Z,"WEYS",2008-12-01T21:00:00Z,Buy,28.57,27.26,6,-7.86,11.016054147912,-24.12,65.22,89.34,0,"	559,639" 
2008-05-01T20:00:00Z,"HOFT",2009-01-02T21:00:00Z,Buy,21.3,7.67,47,-640.61,54.3302416304,-718.16,9.4,727.56,0,"	556,645" 
2008-05-01T20:00:00Z,"ATNI",2009-07-01T20:00:00Z,Buy,33.25,39.86,32,211.52,4.6664348857822,-617.6,227.84,671.36,1,"	550,708" 
2008-05-01T20:00:00Z,"PTEN",2009-09-01T20:00:00Z,Buy,27.94,13.17,29,-428.33,2.5648532731377,-588.12,239.54,827.66,0,"	558,724" 
2008-05-01T20:00:00Z,"WEYS",2009-09-01T20:00:00Z,Buy,28.57,21.96,21,-138.81,13.393239433176,-175.98,228.27,404.25,0,"	559,726" 
2008-05-01T20:00:00Z,"AAON",2009-12-01T21:00:00Z,Buy,19.08,19.03,37,-1.85,5.4865349010359,-227.92,142.08,370,0,"	549,743" 
2008-06-02T20:00:00Z,"NFLX",2009-01-02T21:00:00Z,Buy,30.89,29.87,10,-10.2,24.028575763915,-129.5,22.8,152.3,0,"	570,646" 
2008-06-02T20:00:00Z,"NFLX",2009-02-02T21:00:00Z,Buy,30.89,36.95,6,36.36,3.131940941764,-77.7,36.36,91.38,1,"	570,658" 
2008-06-02T20:00:00Z,"CF",2009-03-02T21:00:00Z,Buy,139.39,58.99,7,-562.8,25.151524912304,-699.37,210.91,910.28,0,"	568,665" 
2008-06-02T20:00:00Z,"APA",2009-04-01T20:00:00Z,Buy,135.81,66.05,8,-558.08,23.482561919757,-675.44,64.16,739.6,0,"	567,672" 
2008-06-02T20:00:00Z,"JAKK",2009-04-01T20:00:00Z,Buy,22.79,12.65,11,-111.54,2.1062245762712,-137.61,79.2,183.37,0,"	569,675" 
2008-06-02T20:00:00Z,"NFLX",2009-11-02T21:00:00Z,Buy,30.89,53.8,4,91.64,2.0402619270346,-51.8,97.72,60.92,1,"	570,736" 
2008-06-02T20:00:00Z,"OXY",2009-12-01T21:00:00Z,Buy,92.58,82.18,11,-114.4,4.2229602891752,-572.33,9.02,581.35,0,"	571,749" 
2008-06-02T20:00:00Z,"NFLX",2010-02-01T21:00:00Z,Buy,30.89,61.03,15,452.1,2.1470602409639,-194.25,482.25,228.45,1,"	570,771" 
2008-06-02T20:00:00Z,"USPH",2011-05-02T20:00:00Z,Buy,16.89,24.07,11,78.98,16.697968544461,-106.04,88.22,145.2,1,"	572,913" 
2008-06-02T20:00:00Z,"USPH",2012-04-02T20:00:00Z,Buy,16.89,23.55,9,59.94,2.9128332416769,-86.76,83.52,118.8,1,"	572,1018" 
2008-06-02T20:00:00Z,"USPH",2012-07-02T20:00:00Z,Buy,16.89,26.04,9,82.35,3.5041973352618,-86.76,83.52,118.8,1,"	572,1045" 
2008-06-02T20:00:00Z,"USPH",2013-06-03T20:00:00Z,Buy,16.89,28.9,33,396.33,2.5759430604982,-318.12,396.33,435.6,1,"	572,1160" 
2008-07-01T20:00:00Z,"UACL",2008-10-01T20:00:00Z,Buy,22.31,23.55,9,11.16,21.343204155205,-15.12,49.86,52.65,1,"	583,608" 
2008-07-01T20:00:00Z,"AIT",2008-11-03T21:00:00Z,Buy,23.8,19.93,8.5000172499914,-32.9,4.2008161836663,-63.41,97.84,109.14,0,"	579,621" 
2008-07-01T20:00:00Z,"HOFT",2009-01-02T21:00:00Z,Buy,17.36,7.67,13,-125.97,2.1303002309469,-147.42,53.82,179.79,0,"	581,645" 
2008-07-01T20:00:00Z,"B",2009-04-01T20:00:00Z,Buy,23.6,11,9,-113.4,3.9667828276996,-140.4,117.45,153.81,0,"	580,673" 
2008-07-01T20:00:00Z,"NVR",2009-04-01T20:00:00Z,Buy,508.01,430.02,1,-77.99,18.143168100557,-187.97,210.96,314.44,0,"	582,676" 
2008-07-01T20:00:00Z,"UACL",2009-12-01T21:00:00Z,Buy,22.31,16.13,38,-234.84,20.861718014025,-448.4,210.52,658.92,0,"	583,750" 
2008-07-01T20:00:00Z,"VLGEA",2010-02-01T21:00:00Z,Buy,19.48,26.13,12,79.8,3.4005994581054,-8.22,157.56,79.32,1,"	584,772" 
2008-07-01T20:00:00Z,"AIT",2012-11-01T20:00:00Z,Buy,23.8,40.94,0.49998275000863,8.57,2.3126730721853,-3.73,10.11,6.42,1,"	579,1080" 
2008-08-01T20:00:00Z,"SCHL",2008-09-02T20:00:00Z,Buy,26.04,27.02,8,7.84,2.0807754943777,-8.08,42.48,19.2,1,"	589,594" 
2008-08-01T20:00:00Z,"UGI",2009-02-02T21:00:00Z,Buy,26.27,25.95,10,-3.2,4.7710996953629,-59.4,15,74.4,0,"	591,659" 
2008-08-01T20:00:00Z,"SKX",2009-04-01T20:00:00Z,Buy,18.96,6.91,54,-650.7,30.980962292776,-738.18,102.6,840.78,0,"	590,677" 
2008-08-01T20:00:00Z,"ZEUS",2009-06-01T20:00:00Z,Buy,51.62,19.69,7,-223.51,7.0774915361399,-286.09,170.1,305.48,0,"	592,701" 
2008-08-01T20:00:00Z,"UGI",2011-12-01T21:00:00Z,Buy,26.27,29.76,27,94.23,2.3575967957276,-160.38,189.81,227.07,1,"	591,982" 
2008-09-02T20:00:00Z,"CMC",2008-10-01T20:00:00Z,Buy,24.61,16.28,11,-91.63,3.9351808746835,-137.61,162.69,95.59,0,"	595,603" 
2008-09-02T20:00:00Z,"SCHN",2009-01-02T21:00:00Z,Buy,64.15,40.18,5,-119.85,2.046886420114,-237.85,252.25,237.85,0,"	599,647" 
2008-09-02T20:00:00Z,"WTI",2009-04-01T20:00:00Z,Buy,33.31,6.24,30,-812.1,5.0549771198844,-842.1,2.1,844.2,0,"	600,679" 
2008-09-02T20:00:00Z,"RS",2009-06-01T20:00:00Z,Buy,52.68,39.17,2,-27.02,4.8841612068782,-80.04,50.88,81.58,0,"	598,700" 
2008-09-02T20:00:00Z,"PTEN",2009-09-01T20:00:00Z,Buy,25.23,13.17,8,-96.48,2.0710204081633,-140.56,87.76,140.56,0,"	597,724" 
2008-09-02T20:00:00Z,"NUE",2009-11-02T21:00:00Z,Buy,49.07,39.02,6,-60.3,2.0560373049105,-157.41,196.92,155.16,0,"	596,737" 
2008-09-02T20:00:00Z,"RS",2010-06-01T20:00:00Z,Buy,52.68,43.67,3,-27.03,17.718784496575,-120.06,76.32,122.37,0,"	598,811" 
2008-10-01T20:00:00Z,"LHCG",2008-11-03T21:00:00Z,Buy,29,33.95,11,54.45,25.907769199014,-69.3,69.08,81.95,1,"	614,626" 
2008-10-01T20:00:00Z,"SCHN",2009-01-02T21:00:00Z,Buy,37.63,40.18,7.5000097499951,19.13,4.7378453384919,-157.88,577.28,157.88,1,"	616,647" 
2008-10-01T20:00:00Z,"DAR",2009-02-02T21:00:00Z,Buy,11,4.48,84,-547.68,25.114739786685,-627.48,0,627.48,0,"	612,655" 
2008-10-01T20:00:00Z,"WDC",2009-02-02T21:00:00Z,Buy,20.63,15.52,12,-61.32,5.4327822982266,-128.4,232.08,128.4,0,"	618,660" 
2008-10-01T20:00:00Z,"CF",2009-03-02T21:00:00Z,Buy,88.75,58.99,3,-89.28,8.7812074736844,-147.81,242.31,147.81,0,"	611,665" 
2008-10-01T20:00:00Z,"IIIN",2009-06-01T20:00:00Z,Buy,13,9.08,68,-266.56,49.168644972808,-554.2,0,554.2,0,"	613,697" 
2008-10-01T20:00:00Z,"ZEUS",2009-06-01T20:00:00Z,Buy,28.14,19.69,11,-92.95,14.168789616549,-191.29,525.58,191.29,0,"	619,701" 
2008-10-01T20:00:00Z,"TTWO",2009-07-01T20:00:00Z,Buy,15.93,9.73,56,-347.2,39.118967246854,-577.36,0,577.36,0,"	617,713" 
2008-10-01T20:00:00Z,"LHCG",2010-01-04T21:00:00Z,Buy,29,34.12,6,30.72,3.7123344157528,-72,42.24,114.24,1,"	614,764" 
2008-10-01T20:00:00Z,"SCHN",2010-01-04T21:00:00Z,Buy,37.63,50,0.49999025000488,6.18,8.3897955072524,-10.52,38.48,10.52,1,"	616,765" 
2008-10-01T20:00:00Z,"RS",2010-06-01T20:00:00Z,Buy,36.86,43.67,6,40.86,7.7722603030606,-145.2,247.56,145.2,1,"	615,811" 
2008-10-01T20:00:00Z,"LHCG",2011-12-01T21:00:00Z,Buy,29,13.93,15,-226.05,20.105934307778,-249.75,125.4,375.15,0,"	614,979" 
2008-11-03T21:00:00Z,"HOFT",2009-01-02T21:00:00Z,Buy,9.8,7.67,23,-48.99,5.2185758882154,-86.94,269.1,86.94,0,"	631,645" 
2008-11-03T21:00:00Z,"ABFS",2009-04-01T20:00:00Z,Buy,29.03,19.17,26,-256.36,13.074575165417,-336.18,41.34,377.52,0,"	629,671" 
2008-11-03T21:00:00Z,"PTEN",2009-09-01T20:00:00Z,Buy,12.63,13.17,20,10.8,2.1903541823662,-99.4,471.4,117.2,1,"	633,724" 
2008-11-03T21:00:00Z,"CALM",2010-01-04T21:00:00Z,Buy,29.09,34.28,26,134.94,32.194385234271,-307.84,139.62,338.78,1,"	630,761" 
2008-11-03T21:00:00Z,"K",2010-12-01T21:00:00Z,Buy,52.29,49.44,15,-42.75,9.3883071410911,-246.15,49.35,248.7,0,"	632,869" 
2008-12-01T21:00:00Z,"DAR",2009-02-02T21:00:00Z,Buy,3.66,4.48,57,46.74,2.41724,-7.41,418.38,107.16,1,"	641,655" 
2008-12-01T21:00:00Z,"GCO",2009-04-01T20:00:00Z,Buy,11.47,19.2,18,139.14,9.9135624436115,0,139.68,106.56,1,"	642,674" 
2008-12-01T21:00:00Z,"WTI",2009-04-01T20:00:00Z,Buy,12.24,6.24,20,-120,11.68806649935,-140,422.8,227.2,0,"	644,679" 
2008-12-01T21:00:00Z,"GCO",2009-08-03T20:00:00Z,Buy,11.47,22.07,34,360.4,7.5671404650856,0,487.9,280.5,1,"	642,719" 
2008-12-01T21:00:00Z,"BKE",2009-10-01T20:00:00Z,Buy,16.39,33.52,14,239.82,2.1220531914894,-25.34,352.47,174.02,1,"	640,729" 
2008-12-01T21:00:00Z,"RS",2010-06-01T20:00:00Z,Buy,17.07,43.67,10,266,2.0830252918288,-44.1,610.5,127.8,1,"	643,811" 
2009-01-02T21:00:00Z,"DMLP",2009-02-02T21:00:00Z,Buy,17.73,19.75,11,22.22,34.456021695149,-4.62,22.22,21.23,1,"	650,656" 
2009-01-02T21:00:00Z,"MEI",2009-02-02T21:00:00Z,Buy,6.93,4.9,30,-60.9,14.926419507613,-69,194.7,83.1,0,"	651,657" 
2009-01-02T21:00:00Z,"WDC",2009-02-02T21:00:00Z,Buy,12.32,15.52,22,70.4,11.079504516981,-52.58,608.3,49.94,1,"	654,660" 
2009-01-02T21:00:00Z,"CF",2009-03-02T21:00:00Z,Buy,53.49,58.99,5,27.5,2.0544261294261,-70.05,580.15,62.05,1,"	648,665" 
2009-01-02T21:00:00Z,"TTWO",2009-07-01T20:00:00Z,Buy,7.95,9.73,43,76.54,7.2848875500209,-100.19,343.14,108.36,1,"	652,713" 
2009-01-02T21:00:00Z,"DMLP",2009-12-01T21:00:00Z,Buy,17.73,20.78,36,109.8,15.376069700157,-115.2,289.44,196.56,1,"	650,747" 
2009-01-02T21:00:00Z,"UACL",2009-12-01T21:00:00Z,Buy,14.52,16.13,15,24.15,12.604531156627,-60.15,199.95,74.1,1,"	653,750" 
2009-01-02T21:00:00Z,"DLTR",2010-09-01T20:00:00Z,Buy,28.0333053,45.95,7,125.42,21.847261604283,-39.06,125.42,47.88,1,"	649,838" 
2009-01-02T21:00:00Z,"DLTR",2011-07-01T20:00:00Z,Buy,28.0333053,68.23,5,200.98,2.0512083458421,-27.9,200.98,43.9,1,"	649,929" 
2009-01-02T21:00:00Z,"DLTR",2011-09-01T20:00:00Z,Buy,28.0333053,71.78,3,131.24,2.0301512181462,-16.74,137.36,27.78,1,"	649,949" 
2009-01-02T21:00:00Z,"DLTR",2012-05-01T20:00:00Z,Buy,28.0333053,102.05,2,148.03,3.486908123046,-11.16,148.03,18.52,1,"	649,1024" 
2009-01-02T21:00:00Z,"DLTR",2012-06-01T20:00:00Z,Buy,28.0333053,99.94,2,143.81,2.0193719713123,-11.16,151.69,18.52,1,"	649,1033" 
2009-01-02T21:00:00Z,"DLTR",2012-12-03T21:00:00Z,Buy,14.01665265,41.34,13.000051000051,355.2,7.4407647256004,-36.27,555.47,247.59,1,"	649,1094" 
2009-02-02T21:00:00Z,"EGY",2009-05-01T20:00:00Z,Buy,7.86,4.7,91,-287.56,43.235196272074,-302.12,41.86,343.98,0,"	662,689" 
2009-02-02T21:00:00Z,"KFRC",2009-05-01T20:00:00Z,Buy,6.32,10.63,109,469.79,27.445395784438,-86.11,512.3,262.69,1,"	663,690" 
2009-02-02T21:00:00Z,"CRK",2009-07-01T20:00:00Z,Buy,38.42,31.75,17,-113.39,17.000699307692,-193.63,79.9,235.79,0,"	661,710" 
2009-03-02T21:00:00Z,"SKX",2009-04-01T20:00:00Z,Buy,6.03,6.91,41,36.08,9.2131800042813,-30.34,608.03,30.34,1,"	668,677" 
2009-03-02T21:00:00Z,"WTI",2009-04-01T20:00:00Z,Buy,6.73,6.24,26,-12.74,2.2173664596273,-38.74,692.9,38.74,0,"	669,679" 
2009-03-02T21:00:00Z,"FSYS",2009-06-01T20:00:00Z,Buy,19.25,22.74,30,104.7,14.349227935318,-264,107.1,271.2,1,"	667,698" 
2009-03-02T21:00:00Z,"ZEUS",2009-06-01T20:00:00Z,Buy,10.81,19.69,18,159.84,2.8664234394107,-1.08,1171.98,94.86,1,"	670,701" 
2009-04-01T20:00:00Z,"FSYS",2009-06-01T20:00:00Z,Buy,14.44,22.74,18,149.4,12.393060005811,-71.82,150.84,86.94,1,"	684,698" 
2009-04-01T20:00:00Z,"CMTL",2009-07-01T20:00:00Z,Buy,25.14,32.55,26,192.66,12.033214249948,0,239.72,200.46,1,"	680,709" 
2009-04-01T20:00:00Z,"CODI",2009-10-01T20:00:00Z,Buy,9.21,10.3,74,80.66,54.754972439155,-108.04,130.98,178.34,1,"	682,730" 
2009-04-01T20:00:00Z,"CNC",2009-12-01T21:00:00Z,Buy,17.65,19.27,36,58.32,17.991711049998,-22.68,102.6,125.28,1,"	681,746" 
2009-04-01T20:00:00Z,"MLAB",2010-02-01T21:00:00Z,Buy,16.6,27.2,41,434.6,30.621679106833,0,508.4,93.07,1,"	685,770" 
2009-04-01T20:00:00Z,"MTSC",2010-03-01T21:00:00Z,Buy,22.55,27.92,28,150.36,30.176306976986,-64.96,215.88,150.92,1,"	686,780" 
2009-04-01T20:00:00Z,"SYKE",2010-05-03T20:00:00Z,Buy,16.59,22.51,39,230.88,20.791043731868,-22.23,391.17,176.28,1,"	687,795" 
2009-04-01T20:00:00Z,"HWKN",2010-08-02T20:00:00Z,Buy,15.34,32.17,13,218.79,33.269738353148,-2.86,222.56,79.04,1,"	683,829" 
2009-04-01T20:00:00Z,"HWKN",2010-12-01T21:00:00Z,Buy,15.34,43.45,5,140.55,3.3126388681374,-1.1,140.95,30.4,1,"	683,867" 
2009-04-01T20:00:00Z,"HWKN",2011-08-01T20:00:00Z,Buy,15.34,34.73,24,465.36,2.3027019174898,-5.28,812.88,373.44,1,"	683,937" 
2009-05-01T20:00:00Z,"IIIN",2009-06-01T20:00:00Z,Buy,7.48,9.08,30,48,2.3012080536913,-78.9,165.6,32.1,1,"	692,697" 
2009-05-01T20:00:00Z,"KIRK",2009-07-01T20:00:00Z,Buy,6.71,11.21,42,189,41.780678470952,-40.74,222.6,49.98,1,"	693,711" 
2009-05-01T20:00:00Z,"LG",2009-07-01T20:00:00Z,Buy,35.59,33.74,7,-12.95,2.0717747046961,-42.42,132.93,42.42,0,"	694,712" 
2009-05-01T20:00:00Z,"PLCE",2009-11-02T21:00:00Z,Buy,28.9,32.53,25,90.75,15.884438679419,-101,197.25,298.25,1,"	696,738" 
2009-05-01T20:00:00Z,"KIRK",2010-01-04T21:00:00Z,Buy,6.71,18,12,135.48,4.1073042484971,-11.64,146.88,50.64,1,"	693,763" 
2009-05-01T20:00:00Z,"KIRK",2011-01-03T21:00:00Z,Buy,6.71,14.06,52,382.2,2.7516037063435,-50.44,926.64,714.48,1,"	693,878" 
2009-05-01T20:00:00Z,"LHCG",2011-12-01T21:00:00Z,Buy,23.74,13.93,11,-107.91,2.1144347063979,-125.29,149.82,275.11,0,"	695,979" 
2009-06-01T20:00:00Z,"WEYS",2009-09-01T20:00:00Z,Buy,25.19,21.96,10,-32.3,6.1362145137183,-50,142.5,40.8,0,"	707,726" 
2009-06-01T20:00:00Z,"CVX",2009-12-01T21:00:00Z,Buy,69.22,79.06,3,29.52,4.1934556090874,-38.25,101.55,33.81,1,"	702,745" 
2009-06-01T20:00:00Z,"NJR",2009-12-01T21:00:00Z,Buy,34.85,36.15,22,28.6,4.4561929545216,0,108.46,105.82,1,"	704,748" 
2009-06-01T20:00:00Z,"DGIT",2010-03-01T21:00:00Z,Buy,20.92,32.75,10,118.3,4.502809281338,-42.2,135.2,57.7,1,"	703,778" 
2009-06-01T20:00:00Z,"USMO",2010-05-03T20:00:00Z,Buy,11.34,14.23,67,193.63,24.39094762492,-91.12,201,257.28,1,"	706,798" 
2009-06-01T20:00:00Z,"DGIT",2010-06-01T20:00:00Z,Buy,20.92,41.71,5,103.95,8.1512094408067,-21.1,111.25,28.85,1,"	703,809" 
2009-06-01T20:00:00Z,"DGIT",2010-10-01T20:00:00Z,Buy,20.92,20.91,10,-0.1,2.0961379310345,-58.1,228.8,286.9,0,"	703,845" 
2009-06-01T20:00:00Z,"DGIT",2011-01-03T21:00:00Z,Buy,20.92,29.59,13,112.71,9.9391214155306,-75.53,297.44,372.97,1,"	703,875" 
2009-06-01T20:00:00Z,"SPH",2011-09-01T20:00:00Z,Buy,42.33,47.14,18,86.58,4.4000091185372,-45.54,295.56,318.78,1,"	705,952" 
2009-07-01T20:00:00Z,"SIF",2009-09-01T20:00:00Z,Buy,10.57,13.8,19,61.37,19.509866497496,-23.37,78.85,23.37,1,"	718,725" 
2009-07-01T20:00:00Z,"ALGN",2009-11-02T21:00:00Z,Buy,10.79,16.05,20,105.2,8.4876145072489,-30.4,138.2,39.6,1,"	714,733" 
2009-07-01T20:00:00Z,"CSGS",2009-11-02T21:00:00Z,Buy,13.91,15.98,58,120.06,24.192598251438,-20.88,175.16,133.4,1,"	716,734" 
2009-07-01T20:00:00Z,"CTR",2010-04-01T20:00:00Z,Buy,17.99,22.12,44,181.72,18.429848588356,-89.32,214.28,221.76,1,"	715,783" 
2009-07-01T20:00:00Z,"DORM",2010-05-03T20:00:00Z,Buy,14.31,25.58,15,169.05,25.524217000673,-23.7,169.05,62.85,1,"	717,791" 
2009-07-01T20:00:00Z,"SIF",2010-05-03T20:00:00Z,Buy,10.57,13.95,56,189.28,2.5632299927902,-68.88,371.28,221.2,1,"	718,794" 
2009-07-01T20:00:00Z,"ALGN",2010-08-02T20:00:00Z,Buy,10.79,17.9,12,85.32,2.1238040345821,-18.24,115.8,86.04,1,"	714,826" 
2009-07-01T20:00:00Z,"DORM",2010-10-01T20:00:00Z,Buy,14.31,30.44,10,161.3,2.0987670343933,-15.8,165.1,75.4,1,"	717,850" 
2009-07-01T20:00:00Z,"ALGN",2011-10-03T20:00:00Z,Buy,10.79,14.26,41,142.27,2.5170072511536,-62.32,582.2,439.93,1,"	714,957" 
2009-07-01T20:00:00Z,"DORM",2012-02-01T21:00:00Z,Buy,14.31,44.57,5,151.3,5.5002272020508,-7.9,162.35,96.15,1,"	717,1001" 
2009-07-01T20:00:00Z,"DORM",2012-05-01T20:00:00Z,Buy,14.31,48.6,26,891.54,12.590941880473,-41.08,958.1,499.98,1,"	717,1026" 
2009-08-03T20:00:00Z,"BKE",2009-10-01T20:00:00Z,Buy,31.36,33.52,6.000011999994,12.96,3.849051850659,-100.68,61.24,31.86,1,"	720,729" 
2009-08-03T20:00:00Z,"EXPO",2009-11-02T21:00:00Z,Buy,26.13,26.11,9,-0.18,2.0911158465711,-177.12,98.01,34.29,0,"	721,735" 
2009-08-03T20:00:00Z,"VLGEA",2010-02-01T21:00:00Z,Buy,29.36,26.13,7,-22.61,3.8051074373444,-73.96,22.75,35.7,0,"	723,772" 
2009-08-03T20:00:00Z,"RGR",2010-05-03T20:00:00Z,Buy,11.87,17.23,66,353.76,5.5872553546753,-143.22,374.88,271.26,1,"	722,792" 
2009-08-03T20:00:00Z,"BKE",2012-12-03T21:00:00Z,Buy,31.36,50.26,0.999988000006,18.9,2.0491300097752,-16.78,19.8,12.79,1,"	720,1092" 
2009-09-01T20:00:00Z,"ALGT",2009-12-01T21:00:00Z,Buy,37.8,42.5,21,98.7,12.086634432369,-47.67,133.98,181.65,1,"	727,744" 
2009-09-01T20:00:00Z,"ATO",2011-10-03T20:00:00Z,Buy,27.06,30.97,8,31.28,9.7486762380269,-5.2,63.36,48.88,1,"	728,958" 
2009-09-01T20:00:00Z,"ATO",2012-02-01T21:00:00Z,Buy,27.06,32.62,22,122.32,3.0854968924173,-14.3,183.48,134.42,1,"	728,999" 
2009-10-01T20:00:00Z,"SCHN",2010-01-04T21:00:00Z,Buy,51.67,50,15.500009749995,-25.89,2.1552525821596,-543.9,975.42,214.06,0,"	732,765" 
2009-10-01T20:00:00Z,"DISCA",2010-09-01T20:00:00Z,Buy,28.91,38.94,8,80.24,4.3827295386245,-13.04,84.96,39.2,1,"	731,837" 
2009-10-01T20:00:00Z,"DISCA",2011-05-02T20:00:00Z,Buy,28.91,44.65,22,346.28,2.272379123362,-35.86,353.32,141.02,1,"	731,906" 
2009-11-02T21:00:00Z,"LXU",2010-05-03T20:00:00Z,Buy,12.34,18.65,67,422.77,18.300921088287,-102.51,422.77,182.91,1,"	741,789" 
2009-11-02T21:00:00Z,"CVI",2010-06-01T20:00:00Z,Buy,10.34,7.24,80,-248,12.387326646593,-303.2,39.2,342.4,0,"	740,808" 
2009-11-02T21:00:00Z,"APOG",2010-08-02T20:00:00Z,Buy,12.9,11.12,63,-112.14,30.308047034014,-144.27,243.18,387.45,0,"	739,827" 
2009-11-02T21:00:00Z,"POWL",2011-07-01T20:00:00Z,Buy,36.05,37.19,22,25.08,9.2586319908783,-209.22,86.02,232.32,1,"	742,930" 
2009-12-01T21:00:00Z,"CENT",2010-01-04T21:00:00Z,Buy,9.15,10.65,99,148.5,6.0241926391152,0,198,49.5,1,"	751,762" 
2009-12-01T21:00:00Z,"EGN",2010-03-01T21:00:00Z,Buy,44.15,46.68,19,48.07,8.8503543324073,-39.33,95.19,134.52,1,"	753,779" 
2009-12-01T21:00:00Z,"HHS",2010-05-03T20:00:00Z,Buy,9.82,14.46,17,78.88,11.387114171088,0,78.88,15.13,1,"	755,788" 
2009-12-01T21:00:00Z,"OTL",2010-05-03T20:00:00Z,Buy,9.38,13.92,97,440.38,32.615958824126,-66.93,505.37,318.16,1,"	757,790" 
2009-12-01T21:00:00Z,"TTEC",2010-05-03T20:00:00Z,Buy,19.56,16.87,44,-118.36,18.080525511845,-132.44,54.56,187,0,"	758,796" 
2009-12-01T21:00:00Z,"WCC",2010-05-03T20:00:00Z,Buy,26.34,41.53,7,106.33,14.360946776455,-2.03,110.32,25.06,1,"	760,799" 
2009-12-01T21:00:00Z,"CVI",2010-06-01T20:00:00Z,Buy,7.39,7.24,38,-5.7,5.483464275134,-31.92,130.72,89.3,0,"	752,808" 
2009-12-01T21:00:00Z,"GTLS",2010-06-01T20:00:00Z,Buy,16.91,16.96,52,2.6,30.803557613303,-64.48,481.52,478.92,1,"	754,810" 
2009-12-01T21:00:00Z,"HHS",2010-09-01T20:00:00Z,Buy,9.82,10.42,73,43.8,4.2859472215678,0,405.15,401.5,1,"	755,840" 
2009-12-01T21:00:00Z,"LANC",2010-10-01T20:00:00Z,Buy,48.46,47.95,18,-9.18,13.928575270386,-53.82,228.78,282.6,0,"	756,847" 
2009-12-01T21:00:00Z,"WCC",2011-01-03T21:00:00Z,Buy,26.34,53.25,5,134.55,2.0504261363636,-1.45,134.6,51.15,1,"	760,879" 
2009-12-01T21:00:00Z,"WCC",2011-11-01T20:00:00Z,Buy,26.34,46.72,21,427.98,2.2603054065208,-6.09,784.14,663.6,1,"	760,970" 
2009-12-01T21:00:00Z,"UGI",2011-12-01T21:00:00Z,Buy,23.64,29.76,9,55.08,3.4997986324565,-29.79,86.94,75.69,1,"	759,982" 
2010-01-04T21:00:00Z,"MFRI",2010-04-01T20:00:00Z,Buy,6.77,6.68,133,-11.97,18.907764032192,-81.13,61.18,142.31,0,"	767,784" 
2010-01-04T21:00:00Z,"RGR",2010-05-03T20:00:00Z,Buy,10.24,17.23,27,188.73,5.6153272757764,-14.58,197.37,26.46,1,"	768,792" 
2010-01-04T21:00:00Z,"TSRA",2010-06-01T20:00:00Z,Buy,23.81,16.87,38,-263.72,19.780521435141,-267.14,9.5,276.64,0,"	769,813" 
2010-01-04T21:00:00Z,"LINC",2011-08-01T20:00:00Z,Buy,21.95,17.53,15,-66.3,9.0856361408639,-174.6,92.25,266.85,0,"	766,938" 
2010-01-04T21:00:00Z,"LINC",2012-04-02T20:00:00Z,Buy,21.95,7.91,26,-365.04,11.089140141214,-391.56,159.9,551.46,0,"	766,1015" 
2010-02-01T21:00:00Z,"TSRA",2010-06-01T20:00:00Z,Buy,17.25,16.87,13,-4.94,2.1306057076296,-6.11,88.53,73.71,0,"	777,813" 
2010-02-01T21:00:00Z,"CORE",2010-07-01T20:00:00Z,Buy,30.23,27.76,29,-71.63,15.419545044816,-100.63,118.61,219.24,0,"	774,820" 
2010-02-01T21:00:00Z,"CLW",2010-09-01T20:00:00Z,Buy,47.43,70.5,6,138.42,4.2367244085225,-19.2,138.42,82.08,1,"	773,836" 
2010-02-01T21:00:00Z,"MTRX",2010-10-01T20:00:00Z,Buy,10.52,8.7,87,-158.34,28.985532408586,-180.09,161.82,341.91,0,"	775,849" 
2010-02-01T21:00:00Z,"CLW",2011-06-01T20:00:00Z,Buy,47.43,67.69,12,243.12,12.636029298936,-38.4,446.88,203.76,1,"	773,923" 
2010-02-01T21:00:00Z,"POWL",2011-07-01T20:00:00Z,Buy,30.16,37.19,8,56.24,3.8712166451417,-28.96,78.4,73.6,1,"	776,930" 
2010-03-01T21:00:00Z,"UFS",2010-05-03T20:00:00Z,Buy,56.19,75.41,3,57.66,23.713383646516,0,66.6,22.65,1,"	782,797" 
2010-03-01T21:00:00Z,"TESS",2010-06-01T20:00:00Z,Buy,13.02000651,18.28,16.999888692449,89.42,15.287307110768,-118.43,134.07,38.08,1,"	781,812" 
2010-03-01T21:00:00Z,"TESS",2011-02-01T21:00:00Z,Buy,13.02000651,12.44,53.500076057568,-31.03,2.7343055555556,-372.72,421.94,469.02,0,"	781,888" 
2010-03-01T21:00:00Z,"UFS",2011-06-01T20:00:00Z,Buy,56.19,99.59,3,130.2,3.1084422827236,-27.72,146.43,94.32,1,"	782,926" 
2010-03-01T21:00:00Z,"UFS",2013-03-01T21:00:00Z,Buy,56.19,74.65,11,203.06,7.314651679302,-101.64,536.91,439.89,1,"	782,1128" 
2010-04-01T20:00:00Z,"TTEC",2010-05-03T20:00:00Z,Buy,16.91,16.87,14,-0.56,2.138606557377,-5.04,54.46,22.12,0,"	787,796" 
2010-04-01T20:00:00Z,"HA",2010-08-02T20:00:00Z,Buy,7.36,5.89,135,-198.45,36.563130696559,-295.65,5.4,301.05,0,"	786,828" 
2010-04-01T20:00:00Z,"AMED",2011-03-01T21:00:00Z,Buy,56.99,35.37,18,-389.16,2.185769648678,-681.56,110.16,719.82,0,"	785,895" 
2010-05-03T20:00:00Z,"SXI",2010-07-01T20:00:00Z,Buy,25.94,26.71,9,6.93,4.5729850843945,-32.58,31.77,39.33,1,"	807,821" 
2010-05-03T20:00:00Z,"FLXS",2010-09-01T20:00:00Z,Buy,13.39,14.15,15,11.4,12.092689188716,-47.55,12.15,52.2,1,"	801,839" 
2010-05-03T20:00:00Z,"GIII",2010-10-01T20:00:00Z,Buy,30.75,31.55,7,5.6,19.654478654084,-66.57,8.75,66.57,1,"	802,846" 
2010-05-03T20:00:00Z,"JBSS",2010-11-01T20:00:00Z,Buy,15.05,12.96,70,-146.3,22.684147796138,-196,79.1,275.1,0,"	803,857" 
2010-05-03T20:00:00Z,"MSTR",2010-11-01T20:00:00Z,Buy,76.09,90.53,13,187.72,19.330964677235,-94.38,189.02,140.27,1,"	805,858" 
2010-05-03T20:00:00Z,"OSK",2010-11-01T20:00:00Z,Buy,39.75,29.09,27,-287.82,4.6229186895366,-400.68,0,400.68,0,"	806,859" 
2010-05-03T20:00:00Z,"K",2010-12-01T21:00:00Z,Buy,54.74,49.44,4,-21.2,2.0398543866036,-75.44,3.36,30.4,0,"	804,869" 
2010-05-03T20:00:00Z,"GIII",2011-01-03T21:00:00Z,Buy,30.75,35.39,7,32.48,2.0704779516358,-66.57,35.07,66.57,1,"	802,877" 
2010-05-03T20:00:00Z,"FLXS",2011-03-01T21:00:00Z,Buy,13.39,14.82,60,85.8,9.4533328672383,-190.2,318,242.4,1,"	801,896" 
2010-05-03T20:00:00Z,"ALG",2011-08-01T20:00:00Z,Buy,24.59,24.02,44,-25.08,15.705586645006,-240.24,200.2,348.04,0,"	800,934" 
2010-05-03T20:00:00Z,"SXI",2011-08-01T20:00:00Z,Buy,25.94,32.27,35,221.55,2.3508698353526,-126.7,451.5,349.3,1,"	807,940" 
2010-05-03T20:00:00Z,"GIII",2011-10-03T20:00:00Z,Buy,30.75,21.83,23,-205.16,20.415739145198,-226.78,330.74,557.52,0,"	802,959" 
2010-06-01T20:00:00Z,"CORE",2010-07-01T20:00:00Z,Buy,26.76,27.76,8,8,2.6149898620392,0,60.48,10.96,1,"	815,820" 
2010-06-01T20:00:00Z,"LZB",2010-10-01T20:00:00Z,Buy,11.42,8.72,84,-226.8,36.465541507381,-414.96,82.32,497.28,0,"	818,848" 
2010-06-01T20:00:00Z,"SKX",2010-12-01T21:00:00Z,Buy,36.14,23.07,26,-339.82,20.487093542003,-439.4,200.46,639.86,0,"	819,871" 
2010-06-01T20:00:00Z,"GCI",2011-01-03T21:00:00Z,Buy,14.54,15.42,64,56.32,5.4571857401281,-177.92,135.04,312.96,1,"	817,876" 
2010-06-01T20:00:00Z,"EBF",2011-05-02T20:00:00Z,Buy,16.13,18.5,57,135.09,18.251247610233,-80.37,222.3,246.81,1,"	816,907" 
2010-06-01T20:00:00Z,"ALGN",2011-10-03T20:00:00Z,Buy,14.38,14.26,14,-1.68,5.7472922420963,-71.54,148.54,150.22,0,"	814,957" 
2010-07-01T20:00:00Z,"APOG",2010-08-02T20:00:00Z,Buy,10.7,11.12,21,8.82,2.2074792243767,-1.89,127.26,18.9,1,"	822,827" 
2010-07-01T20:00:00Z,"HA",2010-08-02T20:00:00Z,Buy,5.24,5.89,41,26.65,2.4155512572534,-2.87,88.56,10.66,1,"	824,828" 
2010-07-01T20:00:00Z,"LZB",2010-10-01T20:00:00Z,Buy,7.28,8.72,38,54.72,2.3723283983849,-30.4,194.56,94.24,1,"	825,848" 
2010-07-01T20:00:00Z,"DDS",2010-12-01T21:00:00Z,Buy,21.81,32.06,8,82,7.1969320716548,-19.76,87.28,37.28,1,"	823,866" 
2010-07-01T20:00:00Z,"DDS",2011-02-01T21:00:00Z,Buy,21.81,39.96,6,108.9,7.2714609347519,-14.82,120.9,27.96,1,"	823,885" 
2010-07-01T20:00:00Z,"DDS",2011-06-01T20:00:00Z,Buy,21.81,55.77,7,237.72,2.0694767752269,-17.29,241.36,32.62,1,"	823,924" 
2010-07-01T20:00:00Z,"DDS",2012-03-01T21:00:00Z,Buy,21.81,60.43,7,270.34,2.0691871115473,-17.29,275.31,146.65,1,"	823,1008" 
2010-07-01T20:00:00Z,"DDS",2012-06-01T20:00:00Z,Buy,21.81,66.21,3,133.2,2.0295404521118,-7.41,145.86,62.85,1,"	823,1032" 
2010-07-01T20:00:00Z,"DDS",2013-06-03T20:00:00Z,Buy,21.81,91.44,11,765.93,2.1585607456378,-27.17,790.68,230.45,1,"	823,1156" 
2010-08-02T20:00:00Z,"SCL",2010-11-01T20:00:00Z,Buy,67.47,67.53,14,0.84,27.583643388794,-183.12,13.44,183.12,1,"	833,860" 
2010-08-02T20:00:00Z,"SCVL",2010-12-01T21:00:00Z,Buy,21.88,28.61,8,53.84,11.962614770377,-42.8,53.84,42.8,1,"	834,870" 
2010-08-02T20:00:00Z,"TESS",2011-02-01T21:00:00Z,Buy,14.35,12.44,14.499923942432,-27.69,3.5625758144902,-120.3,95.07,77.57,0,"	835,888" 
2010-08-02T20:00:00Z,"AMED",2011-03-01T21:00:00Z,Buy,26.75,35.37,17.667511089719,152.29,7.7085069785222,-134.71,642.39,109.54,1,"	830,895" 
2010-08-02T20:00:00Z,"PETS",2011-09-01T20:00:00Z,Buy,16.02,9.94,17,-103.36,4.7026717934654,-111.52,144.16,158.78,0,"	832,950" 
2010-08-02T20:00:00Z,"LHCG",2011-12-01T21:00:00Z,Buy,22.79,13.93,16,-141.76,2.1586080904741,-167.04,233.12,306.72,0,"	831,979" 
2010-08-02T20:00:00Z,"SCVL",2012-04-02T20:00:00Z,Buy,21.88,32.56,8,85.44,3.3787840794689,-42.8,95.36,104.56,1,"	834,1017" 
2010-08-02T20:00:00Z,"SCVL",2013-06-03T20:00:00Z,Buy,14.58667396,24.64,44.999977500011,452.4,2.6799341021417,-160.5,452.4,392.1,1,"	834,1158" 
2010-09-01T20:00:00Z,"DGIT",2011-01-03T21:00:00Z,Buy,15.83,29.59,31,426.56,2.3098042929293,-22.32,867.07,93.62,1,"	841,875" 
2010-09-01T20:00:00Z,"KIRK",2011-01-03T21:00:00Z,Buy,11.86,14.06,23,50.6,2.2390709903593,-140.76,291.41,73.6,1,"	842,878" 
2010-09-01T20:00:00Z,"USMO",2011-05-02T20:00:00Z,Buy,14.95,15.02,59,4.13,29.524736374603,-123.31,246.03,369.34,1,"	844,912" 
2010-09-01T20:00:00Z,"LINC",2012-04-02T20:00:00Z,Buy,11.31,7.91,37,-125.8,2.3832142857143,-163.54,621.23,465.09,0,"	843,1015" 
2010-10-01T20:00:00Z,"OSK",2010-11-01T20:00:00Z,Buy,28.07,29.09,8,8.16,5.6133770756097,-25.28,93.44,21.44,1,"	855,859" 
2010-10-01T20:00:00Z,"SKX",2010-12-01T21:00:00Z,Buy,22.54,23.07,15,7.95,5.5956932039273,-49.5,319.65,93.9,1,"	856,871" 
2010-10-01T20:00:00Z,"AAWW",2011-03-01T21:00:00Z,Buy,50.11,67.43,19,329.08,4.3769170454718,-13.87,420.85,211.28,1,"	852,894" 
2010-10-01T20:00:00Z,"MGLN",2011-05-02T20:00:00Z,Buy,47.38,51.79,20,88.2,4.3997084427568,-36.4,96.2,107.4,1,"	854,909" 
2010-10-01T20:00:00Z,"AIT",2012-11-01T20:00:00Z,Buy,30.99,40.94,30.500017249991,303.48,4.3992856700501,-446.83,397.72,337.03,1,"	853,1080" 
2010-11-01T20:00:00Z,"IDT",2010-12-01T21:00:00Z,Buy,13.74,22.2,17,143.82,4.8179873471972,0,149.6,29.75,1,"	863,868" 
2010-11-01T20:00:00Z,"GCI",2011-01-03T21:00:00Z,Buy,11.76,15.42,20,73.2,2.1984810126582,0,97.8,15.6,1,"	862,876" 
2010-11-01T20:00:00Z,"CRUS",2011-02-01T21:00:00Z,Buy,12.51,21.33,24,211.68,17.150660189406,0,211.68,38.16,1,"	861,884" 
2010-11-01T20:00:00Z,"KLIC",2011-02-01T21:00:00Z,Buy,6,10.29,46,197.34,18.656719181879,-16.56,197.34,45.08,1,"	864,886" 
2010-11-01T20:00:00Z,"IDT",2011-05-02T20:00:00Z,Buy,13.74,28.07,8,114.64,3.5358070112397,0,126.96,48.16,1,"	863,908" 
2010-11-01T20:00:00Z,"KLIC",2011-06-01T20:00:00Z,Buy,6,11.65,39,220.35,2.373950617284,-14.04,252.33,87.36,1,"	864,925" 
2010-11-01T20:00:00Z,"CRUS",2011-08-01T20:00:00Z,Buy,12.51,15.22,53,143.63,2.7620026350461,0,669.92,619.04,1,"	861,935" 
2010-11-01T20:00:00Z,"PLCE",2011-10-03T20:00:00Z,Buy,43.48,45.8,22,51.04,13.059116303824,-137.72,269.94,407.66,1,"	865,960" 
2010-11-01T20:00:00Z,"IDT",2012-01-03T21:00:00Z,Buy,13.74,9.55,43,-180.17,2.946855010661,-209.84,682.41,892.25,0,"	863,993" 
2010-11-01T20:00:00Z,"KLIC",2012-04-02T20:00:00Z,Buy,6,12.65,23,152.95,2.2340707964602,-8.28,155.25,128.8,1,"	864,1014" 
2010-11-01T20:00:00Z,"KLIC",2012-08-01T20:00:00Z,Buy,6,10.87,24,116.88,2.2356639566396,-8.64,173.76,134.4,1,"	864,1052" 
2010-11-01T20:00:00Z,"KLIC",2013-02-01T21:00:00Z,Buy,6,11.65,28,158.2,7.1413289791913,-10.08,202.72,156.8,1,"	864,1121" 
2010-12-01T21:00:00Z,"SGU",2011-02-01T21:00:00Z,Buy,5.38,5.48,201,20.1,21.951099849516,-34.17,20.1,36.18,1,"	873,887" 
2010-12-01T21:00:00Z,"GIII",2011-10-03T20:00:00Z,Buy,27.85,21.83,9,-54.18,2.0915783704786,-62.64,155.52,218.16,0,"	872,959" 
2010-12-01T21:00:00Z,"SSP",2011-12-01T21:00:00Z,Buy,9.57,8.35,119,-145.18,42.160699351682,-371.28,104.72,476,0,"	874,981" 
2011-01-03T21:00:00Z,"OTL",2011-03-01T21:00:00Z,Buy,20.68,25.61,12,59.16,14.403608322,-18.24,78.24,19.08,1,"	882,897" 
2011-01-03T21:00:00Z,"RGR",2011-04-01T20:00:00Z,Buy,15.09,23.09,21,168,10.992569447941,-5.04,168,18.69,1,"	883,904" 
2011-01-03T21:00:00Z,"DISCA",2011-05-02T20:00:00Z,Buy,42.01,44.65,5,13.2,2.0503717026379,-73.65,14.8,27.85,1,"	881,906" 
2011-01-03T21:00:00Z,"OTL",2011-05-02T20:00:00Z,Buy,20.68,36.2,10,155.2,2.0961232076474,-15.2,169.8,16.2,1,"	882,910" 
2011-01-03T21:00:00Z,"RGR",2011-08-01T20:00:00Z,Buy,15.09,27.75,12,151.92,5.5014842524341,-2.88,153.6,60.12,1,"	883,939" 
2011-01-03T21:00:00Z,"RGR",2011-09-01T20:00:00Z,Buy,15.09,31.78,10,166.9,6.2391211103626,-2.4,204.4,50.1,1,"	883,951" 
2011-01-03T21:00:00Z,"RGR",2012-04-02T20:00:00Z,Buy,15.09,51.1,6,216.06,4.6173615861298,-1.44,216.06,65.28,1,"	883,1016" 
2011-01-03T21:00:00Z,"OTL",2012-05-01T20:00:00Z,Buy,20.68,29.94,33,305.58,2.4060668210387,-50.16,560.34,525.36,1,"	882,1025" 
2011-01-03T21:00:00Z,"RGR",2012-05-01T20:00:00Z,Buy,15.09,55.14,4,160.2,2.038647275276,-0.96,167.92,43.52,1,"	883,1027" 
2011-01-03T21:00:00Z,"RGR",2012-08-01T20:00:00Z,Buy,15.09,49.39,5,171.5,2.0499696479158,-1.2,212.3,113.05,1,"	883,1054" 
2011-01-03T21:00:00Z,"RGR",2012-12-03T21:00:00Z,Buy,15.09,58.58,7,304.43,4.6518943045431,-1.68,312.97,158.27,1,"	883,1098" 
2011-01-03T21:00:00Z,"RGR",2013-05-01T20:00:00Z,Buy,15.09,49.62,9,310.77,2.2714123852315,-2.16,402.39,203.49,1,"	883,1145" 
2011-01-03T21:00:00Z,"CPK",2015-01-02T21:00:00Z,Buy,27.70001385,49.89,40,887.6,19.80927901543,-99.73,996,334.67,1,"	880,1391" 
2011-02-01T21:00:00Z,"PETS",2011-09-01T20:00:00Z,Buy,15.05,9.94,14,-71.54,5.4099457298797,-78.26,132.3,90.02,0,"	890,950" 
2011-02-01T21:00:00Z,"USNA",2012-05-01T20:00:00Z,Buy,38.96,37.78,6,-7.08,6.0631103295311,-92.16,16.44,99.66,0,"	893,1029" 
2011-02-01T21:00:00Z,"SHOO",2012-08-01T20:00:00Z,Buy,26.533334825835,39.41,8.9999994937495,115.89,4.9265512066351,-184.52,166.92,120.51,1,"	892,1055" 
2011-02-01T21:00:00Z,"PLPC",2012-11-01T20:00:00Z,Buy,64.38,54.1,18,-185.04,11.457268354518,-403.02,229.86,632.88,0,"	891,1082" 
2011-02-01T21:00:00Z,"DLTR",2012-12-03T21:00:00Z,Buy,25.595,41.34,8,125.96,2.0404824041123,-114.95,249.2,152.36,1,"	889,1094" 
2011-02-01T21:00:00Z,"USNA",2013-03-01T21:00:00Z,Buy,38.96,43.74,8,38.24,2.0790065477534,-122.88,82.32,146.64,1,"	893,1129" 
2011-02-01T21:00:00Z,"USNA",2013-05-01T20:00:00Z,Buy,38.96,54.93,5,79.85,5.2317078743082,-76.8,88.85,91.65,1,"	893,1148" 
2011-02-01T21:00:00Z,"USNA",2013-06-03T20:00:00Z,Buy,38.96,67.3,4,113.36,2.038380382093,-61.44,124.72,73.32,1,"	893,1159" 
2011-02-01T21:00:00Z,"USNA",2013-08-01T20:00:00Z,Buy,38.96,85.13,3,138.51,2.0309114015977,-46.08,139.14,54.99,1,"	893,1182" 
2011-02-01T21:00:00Z,"USNA",2014-09-02T20:00:00Z,Buy,38.96,71.05,3,96.27,3.3531422293384,-46.08,157.35,101.37,1,"	893,1339" 
2011-03-01T21:00:00Z,"EBF",2011-05-02T20:00:00Z,Buy,15.54,18.5,15,44.4,3.308834738355,-12.3,67.35,22.95,1,"	898,907" 
2011-03-01T21:00:00Z,"USMO",2011-05-02T20:00:00Z,Buy,14.46,15.02,19,10.64,3.0770805360266,-30.4,88.54,30.4,1,"	903,912" 
2011-03-01T21:00:00Z,"HWKN",2011-08-01T20:00:00Z,Buy,36.57,34.73,6,-11.04,5.8618199901851,-128.7,75.84,80.34,0,"	900,937" 
2011-03-01T21:00:00Z,"MKSI",2012-12-03T21:00:00Z,Buy,29.79,24.02,39,-225.03,20.815504980717,-372.84,152.1,524.94,0,"	901,1096" 
2011-03-01T21:00:00Z,"ENTG",2013-09-03T20:00:00Z,Buy,8.51,9.42,134,121.94,6.961239996096,-321.6,258.62,580.22,1,"	899,1189" 
2011-03-01T21:00:00Z,"TER",2013-09-03T20:00:00Z,Buy,18.19,15.44,63,-173.25,5.6105953327928,-481.95,57.96,539.91,0,"	902,1192" 
2011-04-01T20:00:00Z,"USNA",2014-11-03T21:00:00Z,Buy,34.72,115.22,6,483,5.846226495067,-66.72,483,202.74,1,"	905,1369" 
2011-05-02T20:00:00Z,"CLW",2011-06-01T20:00:00Z,Buy,78.25,67.69,4,-42.24,3.2029648497996,-136.08,25.68,42.24,0,"	917,923" 
2011-05-02T20:00:00Z,"CRUS",2011-08-01T20:00:00Z,Buy,15.93,15.22,23,-16.33,8.5816558464595,-78.66,212.06,69.46,0,"	918,935" 
2011-05-02T20:00:00Z,"EBS",2011-08-01T20:00:00Z,Buy,23.7,20.52,54,-171.72,22.186831930792,-171.72,69.12,240.84,0,"	919,936" 
2011-05-02T20:00:00Z,"CCF",2011-09-01T20:00:00Z,Buy,16.84,12.59,76,-323,69.21280965583,-405.84,38.76,444.6,0,"	916,948" 
2011-05-02T20:00:00Z,"SPH",2011-09-01T20:00:00Z,Buy,55.52,47.14,4,-33.52,2.870836358559,-62.88,12.92,57.92,0,"	921,952" 
2011-05-02T20:00:00Z,"ATO",2012-02-01T21:00:00Z,Buy,34.61,32.62,6,-11.94,2.0595355504587,-49.2,4.74,36.42,0,"	914,999" 
2011-05-02T20:00:00Z,"BRKS",2012-10-01T20:00:00Z,Buy,11.81,7.81,102,-408,12.822104244987,-437.58,62.22,499.8,0,"	915,1070" 
2011-05-02T20:00:00Z,"KLIC",2013-02-01T21:00:00Z,Buy,9.03,11.65,25,65.5,2.2491721854305,-84.75,105.25,140,1,"	920,1121" 
2011-05-02T20:00:00Z,"TER",2013-09-03T20:00:00Z,Buy,15.83,15.44,15,-5.85,4.9265237529162,-79.35,49.2,91.65,0,"	922,1192" 
2011-06-01T20:00:00Z,"PETS",2011-09-01T20:00:00Z,Buy,12.4,9.94,21,-51.66,2.2032786885246,-61.74,254.1,61.74,0,"	927,950" 
2011-06-01T20:00:00Z,"VSH",2011-11-01T20:00:00Z,Buy,15.41,9.98,77,-418.11,5.7781741826761,-563.64,60.83,624.47,0,"	928,969" 
2011-07-01T20:00:00Z,"LHCG",2011-12-01T21:00:00Z,Buy,23.61,13.93,9,-87.12,4.0024527591908,-101.34,123.75,103.95,0,"	931,979" 
2011-07-01T20:00:00Z,"VECO",2011-12-01T21:00:00Z,Buy,48.58,25.14,24,-562.56,4.6246595949673,-636.72,0,636.72,0,"	933,983" 
2011-07-01T20:00:00Z,"MYGN",2012-11-01T20:00:00Z,Buy,23.13,26.86,52,193.96,10.559210188703,-274.04,269.88,312,1,"	932,1081" 
2011-08-01T20:00:00Z,"CNC",2011-12-01T21:00:00Z,Buy,31.58,38.33,7,47.25,22.038058433625,-36.82,49.91,38.01,1,"	941,978" 
2011-08-01T20:00:00Z,"MERC",2012-01-03T21:00:00Z,Buy,9.36,6.49,122,-350.14,10.009609493221,-490.44,20.74,511.18,0,"	943,995" 
2011-08-01T20:00:00Z,"WLK",2012-02-01T21:00:00Z,Buy,52.67,59.94,8,58.16,4.295772683205,-162.64,58.16,162.64,1,"	946,1003" 
2011-08-01T20:00:00Z,"FL",2012-02-01T21:00:00Z,Buy,21.61,26.65,8,40.32,19.515011263397,-38.72,40.48,38.72,1,"	947,1004" 
2011-08-01T20:00:00Z,"MRO",2012-06-01T20:00:00Z,Buy,30.65,23.89,36,-243.36,37.323590987904,-373.32,159.12,402.48,0,"	944,1035" 
2011-08-01T20:00:00Z,"FL",2012-06-01T20:00:00Z,Buy,21.61,30.38,9,78.93,5.0126578536617,-43.56,100.44,43.56,1,"	947,1037" 
2011-08-01T20:00:00Z,"CNC",2012-08-01T20:00:00Z,Buy,31.58,37.48,27,159.3,26.924019603592,-142.02,518.94,646.92,1,"	941,1050" 
2011-08-01T20:00:00Z,"WLK",2012-11-01T20:00:00Z,Buy,52.67,79.36,3,80.07,2.0313016039968,-60.99,80.07,60.99,1,"	946,1085" 
2011-08-01T20:00:00Z,"KLIC",2013-02-01T21:00:00Z,Buy,9.27,11.65,23,54.74,4.3588150656438,-83.49,91.31,113.85,1,"	942,1121" 
2011-08-01T20:00:00Z,"UFS",2013-03-01T21:00:00Z,Buy,78.49,74.65,3,-11.52,2.0294521575985,-94.62,79.53,92.58,0,"	945,1128" 
2011-08-01T20:00:00Z,"WLK",2014-01-02T21:00:00Z,Buy,52.67,120.26,2,135.18,3.5047803211069,-40.66,138.8,40.66,1,"	946,1233" 
2011-08-01T20:00:00Z,"FL",2014-01-02T21:00:00Z,Buy,21.61,40.77,5,95.8,3.2506550078089,-24.2,99.15,28.35,1,"	947,1234" 
2011-08-01T20:00:00Z,"FL",2014-04-01T20:00:00Z,Buy,21.61,47.3,5,128.45,2.0503298574165,-24.2,128.45,28.35,1,"	947,1277" 
2011-08-01T20:00:00Z,"WLK",2014-05-01T20:00:00Z,Buy,26.335,70.86,3,133.58,3.4634886568007,-30.5,134.6,30.5,1,"	946,1289" 
2011-08-01T20:00:00Z,"WLK",2014-06-02T20:00:00Z,Buy,26.335,81.1,3,164.3,2.0300927643785,-30.5,164.72,30.5,1,"	946,1302" 
2011-08-01T20:00:00Z,"WLK",2014-09-02T20:00:00Z,Buy,26.335,97.96,3,214.88,4.250692092336,-30.5,214.88,30.5,1,"	946,1341" 
2011-08-01T20:00:00Z,"FL",2014-09-02T20:00:00Z,Buy,21.61,57.25,5,178.2,4.0542342050927,-24.2,178.2,28.35,1,"	947,1342" 
2011-08-01T20:00:00Z,"WLK",2015-03-02T21:00:00Z,Buy,26.335,67.38,3,123.14,2.0302786099461,-30.5,214.88,132.87,1,"	946,1429" 
2011-08-01T20:00:00Z,"FL",2015-04-01T20:00:00Z,Buy,21.61,62.52,4,163.64,3.3360388154557,-19.36,168,24.56,1,"	947,1442" 
2011-08-01T20:00:00Z,"WLK",2015-05-01T20:00:00Z,Buy,26.335,77.71,4,205.5,4.9365509100942,-40.66,286.5,177.16,1,"	946,1459" 
2011-08-01T20:00:00Z,"FL",2015-08-03T20:00:00Z,Buy,21.61,70.18,3,145.71,2.0298426647768,-14.52,146.82,18.42,1,"	947,1493" 
2011-08-01T20:00:00Z,"FL",2015-10-01T20:00:00Z,Buy,21.61,71.15,3,148.62,2.0296581909129,-14.52,162.48,19.14,1,"	947,1531" 
2011-09-01T20:00:00Z,"DEPO",2011-11-01T20:00:00Z,Buy,6.08,4.38,169,-287.3,35.986183427514,-297.44,57.46,354.9,0,"	954,968" 
2011-09-01T20:00:00Z,"DV",2012-01-03T21:00:00Z,Buy,42.52,38.75,23,-86.71,13.526931383121,-219.19,90.62,309.81,0,"	955,992" 
2011-09-01T20:00:00Z,"B",2012-04-02T20:00:00Z,Buy,21.89,26.96,45,228.15,31.756177421918,-171,273.6,206.1,1,"	953,1013" 
2011-09-01T20:00:00Z,"LINC",2012-04-02T20:00:00Z,Buy,9.29,7.91,44,-60.72,2.4158290946083,-105.6,827.64,121,0,"	956,1015" 
2011-10-03T20:00:00Z,"VSH",2011-11-01T20:00:00Z,Buy,8.09,9.98,34,64.26,2.329019138756,0,275.74,48.28,1,"	965,969" 
2011-10-03T20:00:00Z,"WCC",2011-11-01T20:00:00Z,Buy,32.08,46.72,6,87.84,2.0573710879285,-36.18,189.6,19.56,1,"	966,970" 
2011-10-03T20:00:00Z,"VECO",2011-12-01T21:00:00Z,Buy,24.01,25.14,14,15.82,2.137762295082,-27.44,343.98,100.1,1,"	964,983" 
2011-10-03T20:00:00Z,"CVI",2012-02-01T21:00:00Z,Buy,19.69,25.58,11,64.79,5.4843848898234,-29.59,85.25,114.84,1,"	961,1000" 
2011-10-03T20:00:00Z,"LXU",2012-07-02T20:00:00Z,Buy,26.1,30.85,32,152,12.909841514924,-11.52,484.8,490.56,1,"	963,1043" 
2011-10-03T20:00:00Z,"CVI",2012-10-01T20:00:00Z,Buy,19.69,40.18,12,245.88,2.1312,-32.28,245.88,125.28,1,"	961,1071" 
2011-10-03T20:00:00Z,"CVI",2012-12-03T21:00:00Z,Buy,19.69,45.83,6,156.84,2.060118058592,-16.14,156.84,62.64,1,"	961,1093" 
2011-10-03T20:00:00Z,"CVI",2013-02-01T21:00:00Z,Buy,19.69,53.58,5,169.45,2.0456,-13.45,195.3,52.2,1,"	961,1117" 
2011-10-03T20:00:00Z,"LG",2013-02-01T21:00:00Z,Buy,37.38,40.13,24,66,4.5230403898119,0,146.16,138.96,1,"	962,1122" 
2011-10-03T20:00:00Z,"CVI",2013-06-03T20:00:00Z,Buy,19.69,61.52,4,167.32,2.0391784747652,-10.76,202.76,63.4,1,"	961,1155" 
2011-10-03T20:00:00Z,"CVI",2014-01-02T21:00:00Z,Buy,19.69,43.68,6,143.94,20.656279705191,-16.14,304.14,220.56,1,"	961,1231" 
2011-10-03T20:00:00Z,"WLK",2015-08-03T20:00:00Z,Buy,16.17,61.84,12,548.04,4.3141147835171,0,981.48,531.48,1,"	967,1492" 
2011-11-01T20:00:00Z,"LHCG",2011-12-01T21:00:00Z,Buy,15.38,13.93,17,-24.65,4.4423963995462,-51.51,373.66,51.51,0,"	974,979" 
2011-11-01T20:00:00Z,"SPPI",2011-12-01T21:00:00Z,Buy,10.91,14.21,22,72.6,10.195520304034,0,72.6,16.28,1,"	976,980" 
2011-11-01T20:00:00Z,"IDT",2012-01-03T21:00:00Z,Buy,12,9.55,50,-122.5,35.335419641138,-157,880.5,264.5,0,"	973,993" 
2011-11-01T20:00:00Z,"MERC",2012-01-03T21:00:00Z,Buy,6.85,6.49,34,-12.24,2.3385174418605,-51.34,91.12,51.34,0,"	975,995" 
2011-11-01T20:00:00Z,"SPPI",2012-07-02T20:00:00Z,Buy,10.91,16,24,122.16,2.2467866323907,-33.6,122.16,152.64,1,"	976,1044" 
2011-11-01T20:00:00Z,"GME",2012-10-01T20:00:00Z,Buy,25.04,21.24,13,-49.4,8.7515792624874,-121.03,10.27,131.3,0,"	972,1072" 
2011-11-01T20:00:00Z,"BKE",2012-12-03T21:00:00Z,Buy,43.42,50.26,4.000011999994,27.36,2.2338599640934,-115.36,30.96,51.16,1,"	971,1092" 
2011-11-01T20:00:00Z,"GME",2012-12-03T21:00:00Z,Buy,25.04,25.83,10,7.9,2.0984,-93.1,20.4,101,1,"	972,1095" 
2011-11-01T20:00:00Z,"SPPI",2012-12-03T21:00:00Z,Buy,10.91,11.74,51,42.33,3.0113851351351,-71.4,313.14,326.91,1,"	976,1097" 
2011-11-01T20:00:00Z,"GME",2013-01-02T21:00:00Z,Buy,25.04,25.66,19,11.78,2.501331738437,-176.89,53.01,191.9,1,"	972,1104" 
2011-11-01T20:00:00Z,"BKE",2014-04-01T20:00:00Z,Buy,43.42,46.33,19.999988000006,58.2,21.15757783738,-576.8,274.4,304,1,"	971,1272" 
2011-12-01T21:00:00Z,"DV",2012-01-03T21:00:00Z,Buy,34.71,38.75,7,28.28,4.0764947922154,-12.04,82.25,18.97,1,"	986,992" 
2011-12-01T21:00:00Z,"LZB",2012-01-03T21:00:00Z,Buy,11.59,12,17,6.97,29.536616019829,-9.52,13.43,22.95,1,"	989,994" 
2011-12-01T21:00:00Z,"HOC",2012-03-01T21:00:00Z,Buy,23.43,33.6,8,81.36,6.904809964566,-13.04,94.72,27.28,1,"	987,1009" 
2011-12-01T21:00:00Z,"LINC",2012-04-02T20:00:00Z,Buy,7.47,7.91,35,15.4,7.5915503218936,-20.3,722.05,67.9,1,"	988,1015" 
2011-12-01T21:00:00Z,"SXI",2012-05-01T20:00:00Z,Buy,31.72,43.64,5,59.6,18.865731399855,0,67.5,33.05,1,"	991,1028" 
2011-12-01T21:00:00Z,"HOC",2012-08-01T20:00:00Z,Buy,23.43,37.15,6,82.32,2.0596148702862,-9.78,86.34,46.74,1,"	987,1051" 
2011-12-01T21:00:00Z,"MLR",2012-09-04T20:00:00Z,Buy,15.35,15.51,65,10.4,19.153294605117,-63.05,135.85,198.9,1,"	990,1062" 
2011-12-01T21:00:00Z,"SXI",2012-11-01T20:00:00Z,Buy,31.72,50.79,27,514.89,8.6031220254792,0,514.89,182.52,1,"	991,1083" 
2011-12-01T21:00:00Z,"HOC",2013-02-01T21:00:00Z,Buy,23.43,52.77,5,146.7,2.050526618154,-8.15,146.7,38.95,1,"	987,1120" 
2011-12-01T21:00:00Z,"LZB",2013-03-01T21:00:00Z,Buy,11.59,18.34,12,81,2.1201310043668,-6.72,81,60.72,1,"	989,1127" 
2011-12-01T21:00:00Z,"LZB",2013-12-02T21:00:00Z,Buy,11.59,28.99,16,278.4,2.1585235816815,-8.96,287.52,80.96,1,"	989,1220" 
2011-12-01T21:00:00Z,"CVI",2014-01-02T21:00:00Z,Buy,18.06,43.68,13,333.06,2.129,-13.78,680.16,477.88,1,"	985,1231" 
2011-12-01T21:00:00Z,"HOC",2014-03-03T21:00:00Z,Buy,23.43,44.88,26,557.7,2.3545490454246,-42.38,910,486.2,1,"	987,1260" 
2011-12-01T21:00:00Z,"LZB",2014-09-02T20:00:00Z,Buy,11.59,21.81,60,613.2,23.947667259347,-33.6,1166.4,627.6,1,"	989,1335" 
2012-01-03T21:00:00Z,"DSW",2012-06-01T20:00:00Z,Buy,42.27,57.26,23,344.77,12.149771494502,-8.28,442.75,102.35,1,"	996,1034" 
2012-01-03T21:00:00Z,"INTC",2013-01-02T21:00:00Z,Buy,24.54,21.38,43,-135.88,25.232138404474,-222.74,199.52,422.26,0,"	997,1105" 
2012-01-03T21:00:00Z,"UNH",2013-01-02T21:00:00Z,Buy,51.49,54.54,20,61,17.265912676709,-22.8,175.4,185.2,1,"	998,1108" 
2012-02-01T21:00:00Z,"UACL",2013-01-02T21:00:00Z,Buy,17.85,18.43,65,37.7,44.373885313489,-344.5,59.8,404.3,1,"	1007,1107" 
2012-02-01T21:00:00Z,"DDS",2013-06-03T20:00:00Z,Buy,43.89,91.44,5,237.75,3.5810150103039,-122.75,249,60.7,1,"	1005,1156" 
2012-02-01T21:00:00Z,"SCVL",2013-06-03T20:00:00Z,Buy,17.333342,24.64,11.999994000003,87.68,2.0822459470146,-75.76,87.68,64.08,1,"	1006,1158" 
2012-03-01T21:00:00Z,"GME",2013-01-02T21:00:00Z,Buy,23.84,25.66,11,20.02,2.1150680122861,-89.21,43.89,98.34,1,"	1010,1104" 
2012-03-01T21:00:00Z,"LG",2013-02-01T21:00:00Z,Buy,40.8,40.13,5,-3.35,2.8516303102485,-17.1,13.35,28.95,0,"	1011,1122" 
2012-03-01T21:00:00Z,"USPH",2013-06-03T20:00:00Z,Buy,18.8,28.9,12,121.2,3.7170959816769,-138.6,121.2,63.48,1,"	1012,1160" 
2012-04-02T20:00:00Z,"OTL",2012-05-01T20:00:00Z,Buy,31.8,29.94,8,-14.88,2.0837393021725,-101.12,46.88,21.36,0,"	1021,1025" 
2012-04-02T20:00:00Z,"SPPI",2012-12-03T21:00:00Z,Buy,12.6,11.74,23,-19.78,6.2622118503872,-71.07,102.35,147.43,0,"	1020,1097" 
2012-04-02T20:00:00Z,"SMP",2013-01-02T21:00:00Z,Buy,17.39,22.61,11,57.42,37.676473331316,-57.75,57.42,57.75,1,"	1022,1106" 
2012-04-02T20:00:00Z,"UACL",2013-01-02T21:00:00Z,Buy,15.78,18.43,17,45.05,4.4664001366474,-54.91,50.83,54.91,1,"	1023,1107" 
2012-04-02T20:00:00Z,"ICFI",2013-04-01T20:00:00Z,Buy,26.12,26.6,9,4.32,25.535252140009,-70.83,11.52,70.83,1,"	1019,1138" 
2012-04-02T20:00:00Z,"SMP",2013-05-01T20:00:00Z,Buy,17.39,29.97,12,150.96,2.1173376835237,-63,160.2,63,1,"	1022,1146" 
2012-04-02T20:00:00Z,"ICFI",2013-10-01T20:00:00Z,Buy,26.12,35.94,8,78.56,3.624451950572,-62.96,78.56,62.96,1,"	1019,1204" 
2012-04-02T20:00:00Z,"ICFI",2014-03-03T21:00:00Z,Buy,26.12,40.23,8,112.88,2.8714617171266,-62.96,119.92,62.96,1,"	1019,1261" 
2012-04-02T20:00:00Z,"SMP",2014-07-01T20:00:00Z,Buy,17.39,45.45,5,140.3,3.1708640644782,-26.25,140.3,38.8,1,"	1022,1310" 
2012-04-02T20:00:00Z,"ICFI",2014-10-01T20:00:00Z,Buy,26.12,30.43,24,103.44,2.5238031828516,-188.88,364.32,260.88,1,"	1019,1351" 
2012-04-02T20:00:00Z,"SMP",2015-03-02T21:00:00Z,Buy,17.39,42.33,42,1047.48,2.4947924618321,-220.5,1178.52,520.8,1,"	1022,1424" 
2012-05-01T20:00:00Z,"RSC",2012-06-01T20:00:00Z,Buy,27.16,17.76,44,-413.6,15.506278151272,-413.6,0,413.6,0,"	1031,1036" 
2012-05-01T20:00:00Z,"EGY",2013-04-01T20:00:00Z,Buy,9.38,7.38,135,-270,33.504396345619,-310.5,5.4,310.5,0,"	1030,1135" 
2012-06-01T20:00:00Z,"LXU",2012-07-02T20:00:00Z,Buy,27.03,30.85,8,30.56,5.7633032662286,-10.32,113.76,17.76,1,"	1039,1043" 
2012-06-01T20:00:00Z,"PETS",2012-08-01T20:00:00Z,Buy,11.17,9.6,99,-155.43,31.359724645335,-179.19,116.82,296.01,0,"	1040,1053" 
2012-06-01T20:00:00Z,"STMP",2012-10-01T20:00:00Z,Buy,22.82,23.26,46,20.24,26.471746127426,-183.08,121.9,304.98,1,"	1042,1073" 
2012-06-01T20:00:00Z,"DISCA",2013-02-01T21:00:00Z,Buy,48.64,70.31,3,65.01,9.8388574542134,-0.42,65.01,20.16,1,"	1038,1118" 
2012-06-01T20:00:00Z,"RGR",2013-05-01T20:00:00Z,Buy,37.63,49.62,7,83.93,2.067593020272,-159.46,155.19,134.4,1,"	1041,1145" 
2012-06-01T20:00:00Z,"DISCA",2014-03-03T21:00:00Z,Buy,48.64,82.08,19,635.36,2.1871723475756,-2.66,794.58,250.04,1,"	1038,1257" 
2012-07-02T20:00:00Z,"CNC",2012-08-01T20:00:00Z,Buy,29.89,37.48,11,83.49,2.1090152519894,-39.27,230.01,32.34,1,"	1046,1050" 
2012-07-02T20:00:00Z,"SHOO",2012-08-01T20:00:00Z,Buy,31.69,39.41,5.999925707746,46.32,5.2918902075932,-153.95,80.34,11.94,1,"	1049,1055" 
2012-07-02T20:00:00Z,"MOV",2012-09-04T20:00:00Z,Buy,25.34,36.36,12,132.24,4.5899788565052,-41.4,132.24,42.36,1,"	1048,1063" 
2012-07-02T20:00:00Z,"KLIC",2013-02-01T21:00:00Z,Buy,8.9,11.65,29,79.75,8.0007480664561,-94.54,125.86,73.37,1,"	1047,1121" 
2012-07-02T20:00:00Z,"MOV",2013-06-03T20:00:00Z,Buy,25.34,36,34,362.44,2.418836565097,-117.3,449.48,310.76,1,"	1048,1157" 
2012-08-01T20:00:00Z,"BRKS",2012-10-01T20:00:00Z,Buy,9.02,7.81,24,-29.04,3.7788739937638,-36,81.6,42.72,0,"	1058,1070" 
2012-08-01T20:00:00Z,"SYNA",2012-11-01T20:00:00Z,Buy,25.23,23.65,44,-69.52,38.165105058295,-110.44,238.92,349.36,0,"	1061,1084" 
2012-08-01T20:00:00Z,"GME",2013-01-02T21:00:00Z,Buy,16.07,25.66,19,182.21,2.1905930087391,-6.46,223.44,62.7,1,"	1059,1104" 
2012-08-01T20:00:00Z,"ALG",2013-09-03T20:00:00Z,Buy,27.56,45.72,6,108.96,4.4455268366515,-0.84,117,33.24,1,"	1056,1188" 
2012-08-01T20:00:00Z,"ALG",2013-12-02T21:00:00Z,Buy,27.56,57.13,5,147.85,4.918188275156,-0.7,155.75,27.7,1,"	1056,1217" 
2012-08-01T20:00:00Z,"NC",2013-12-02T21:00:00Z,Buy,100.02,63.46,11,-402.16,4.3940796080011,-622.05,279.29,901.34,0,"	1060,1221" 
2012-08-01T20:00:00Z,"BKE",2014-04-01T20:00:00Z,Buy,37.11,46.33,6,55.32,5.2764545539181,-135.18,120.18,91.2,1,"	1057,1272" 
2012-08-01T20:00:00Z,"ALG",2014-09-02T20:00:00Z,Buy,27.56,49.03,29,622.63,12.4683458616,-4.06,960.77,387.44,1,"	1056,1332" 
2012-09-04T20:00:00Z,"BRKS",2012-10-01T20:00:00Z,Buy,8.08,7.81,26,-7.02,2.2622721598002,-14.56,112.84,17.68,0,"	1064,1070" 
2012-09-04T20:00:00Z,"DLTR",2012-12-03T21:00:00Z,Buy,48.19,41.34,3.999948999949,-27.4,2.050020759809,-147.85,34.22,47.04,0,"	1065,1094" 
2012-09-04T20:00:00Z,"SPPI",2012-12-03T21:00:00Z,Buy,12.18,11.74,28,-12.32,9.6281916763678,-74.76,136.36,72.8,0,"	1067,1097" 
2012-09-04T20:00:00Z,"EGY",2013-04-01T20:00:00Z,Buy,7.39,7.38,29,-0.29,4.1014603091258,-8.99,58.87,59.16,0,"	1066,1135" 
2012-09-04T20:00:00Z,"NHC",2013-05-01T20:00:00Z,Buy,44.88,45.03,27,4.05,29.498097136274,-4.05,142.83,143.91,1,"	1068,1144" 
2012-09-04T20:00:00Z,"RGR",2013-05-01T20:00:00Z,Buy,43.5,49.62,5,30.6,2.0502309468822,-143.25,81.5,96,1,"	1069,1145" 
2012-10-01T20:00:00Z,"PLPC",2012-11-01T20:00:00Z,Buy,56.41,54.1,5,-11.55,4.4532958164168,-72.1,103.7,23.6,0,"	1078,1082" 
2012-10-01T20:00:00Z,"MKSI",2012-12-03T21:00:00Z,Buy,25.13,24.02,10,-11.1,2.3975151607012,-49,85.6,24.4,0,"	1077,1096" 
2012-10-01T20:00:00Z,"INTC",2013-01-02T21:00:00Z,Buy,22.76,21.38,12,-16.56,5.2486254086603,-40.8,77.04,41.76,0,"	1076,1105" 
2012-10-01T20:00:00Z,"WDC",2013-01-02T21:00:00Z,Buy,38.12,43.44,8,42.56,13.665068082019,-37.52,42.56,39.28,1,"	1079,1109" 
2012-10-01T20:00:00Z,"GCI",2013-05-01T20:00:00Z,Buy,17.97,19.94,70,137.9,16.834725837245,-93.8,287,149.1,1,"	1074,1141" 
2012-10-01T20:00:00Z,"WDC",2013-05-01T20:00:00Z,Buy,38.12,54.8,4,66.72,4.0155214380546,-18.76,68.64,19.64,1,"	1079,1149" 
2012-10-01T20:00:00Z,"WDC",2013-12-02T21:00:00Z,Buy,38.12,75.44,3,111.96,3.5822498129762,-14.07,114.21,28.11,1,"	1079,1224" 
2012-10-01T20:00:00Z,"WDC",2014-02-03T21:00:00Z,Buy,38.12,83.5,4,181.52,3.1519910028006,-18.76,203.44,37.48,1,"	1079,1248" 
2012-10-01T20:00:00Z,"ICFI",2014-10-01T20:00:00Z,Buy,20.25,30.43,13,132.34,2.1309701492537,-26,273.65,141.31,1,"	1075,1351" 
2012-10-01T20:00:00Z,"WDC",2014-12-01T21:00:00Z,Buy,38.12,102.15,2,128.06,2.0722690738714,-9.38,131.1,35.82,1,"	1079,1383" 
2012-10-01T20:00:00Z,"WDC",2015-08-03T20:00:00Z,Buy,38.12,85.85,11,525.03,2.2294387636533,-51.59,837.76,415.69,1,"	1079,1491" 
2012-11-01T20:00:00Z,"DK",2013-02-01T21:00:00Z,Buy,25.54,34.22,7,60.76,4.5366821507269,-6.65,62.09,15.05,1,"	1087,1119" 
2012-11-01T20:00:00Z,"FTK",2013-04-01T20:00:00Z,Buy,11.71,15.92,23,96.83,5.3938970649359,-39.1,106.72,39.1,1,"	1089,1136" 
2012-11-01T20:00:00Z,"ENS",2013-08-01T20:00:00Z,Buy,35.25,53.78,4,74.12,4.8821352130007,-13.92,74.12,15.88,1,"	1088,1179" 
2012-11-01T20:00:00Z,"CF",2013-10-01T20:00:00Z,Buy,210.88,210.97,1,0.09,6.9173911900551,-40.6,19.56,60.16,1,"	1086,1200" 
2012-11-01T20:00:00Z,"ENS",2013-10-01T20:00:00Z,Buy,35.25,61.49,5,131.2,2.0507092198582,-17.4,131.2,19.85,1,"	1088,1201" 
2012-11-01T20:00:00Z,"FTK",2013-10-01T20:00:00Z,Buy,11.71,23.46,18,211.5,2.1836,-30.6,211.5,32.04,1,"	1089,1202" 
2012-11-01T20:00:00Z,"DK",2013-11-01T20:00:00Z,Buy,25.54,25.26,40,-11.2,2.751373776908,-214.8,598.4,813.2,0,"	1087,1210" 
2012-11-01T20:00:00Z,"CF",2013-12-02T21:00:00Z,Buy,210.88,217.01,5,30.65,11.192980732683,-203,97.8,300.8,1,"	1086,1218" 
2012-11-01T20:00:00Z,"NC",2013-12-02T21:00:00Z,Buy,52,63.46,13,148.98,54.421604437977,-110.89,954.33,231.53,1,"	1090,1221" 
2012-11-01T20:00:00Z,"FTK",2014-03-03T21:00:00Z,Buy,11.71,25.62,15,208.65,5.6432890444459,-25.5,208.65,71.85,1,"	1089,1259" 
2012-11-01T20:00:00Z,"FTK",2014-07-01T20:00:00Z,Buy,11.71,32.11,10,204,2.9051162252311,-17,209.5,47.9,1,"	1089,1309" 
2012-11-01T20:00:00Z,"AWR",2014-08-01T20:00:00Z,Buy,22.12,30.79,56,485.52,14.201085194623,-72.8,640.64,427.84,1,"	1091,1323" 
2012-11-01T20:00:00Z,"ENS",2014-11-03T21:00:00Z,Buy,35.25,62.46,26,707.46,2.2983757961783,-90.48,1004.12,573.04,1,"	1088,1362" 
2012-11-01T20:00:00Z,"FTK",2015-03-02T21:00:00Z,Buy,11.71,16.73,45,225.9,2.9403278688525,-76.5,942.75,781.2,1,"	1089,1420" 
2012-12-03T21:00:00Z,"CHS",2013-06-03T20:00:00Z,Buy,18.66,17.86,69,-55.2,22.927977557208,-171.81,73.83,194.58,0,"	1099,1154" 
2012-12-03T21:00:00Z,"LHCG",2013-09-03T20:00:00Z,Buy,19.48,22.63,11,34.65,7.2415755003601,-1.98,77.11,46.2,1,"	1102,1191" 
2012-12-03T21:00:00Z,"GIII",2013-10-01T20:00:00Z,Buy,37.56,55,4,69.76,4.3660507498377,-20.16,70.6,33,1,"	1101,1203" 
2012-12-03T21:00:00Z,"GIII",2014-01-02T21:00:00Z,Buy,37.56,71.42,5,169.3,2.0483940913403,-25.2,183.1,41.25,1,"	1101,1232" 
2012-12-03T21:00:00Z,"LHCG",2014-02-03T21:00:00Z,Buy,19.48,23.71,9,38.07,3.497848818384,-1.62,63.09,60.3,1,"	1102,1242" 
2012-12-03T21:00:00Z,"LHCG",2014-06-02T20:00:00Z,Buy,19.48,20.38,46,41.4,22.879681628984,-8.28,322.46,308.2,1,"	1102,1300" 
2012-12-03T21:00:00Z,"GIII",2014-10-01T20:00:00Z,Buy,37.56,81.63,3,132.21,2.0295546705286,-15.12,151.32,28.32,1,"	1101,1350" 
2012-12-03T21:00:00Z,"GIII",2015-01-02T21:00:00Z,Buy,37.56,100,4,249.76,6.8878789386774,-20.16,254.96,63.6,1,"	1101,1393" 
2012-12-03T21:00:00Z,"GIII",2015-07-01T20:00:00Z,Buy,18.78,71.25,9,472.23,2.0911513859275,-22.68,479.7,71.55,1,"	1101,1475" 
2012-12-03T21:00:00Z,"WDC",2015-08-03T20:00:00Z,Buy,33.43,85.85,6,314.52,3.5753049809313,0,485.1,226.74,1,"	1103,1491" 
2013-01-02T21:00:00Z,"HVT",2013-04-01T20:00:00Z,Buy,16.68,20.47,10,37.9,6.4227887401575,-4.1,40.1,15.9,1,"	1110,1137" 
2013-01-02T21:00:00Z,"HVT",2013-05-01T20:00:00Z,Buy,16.68,23.21,9,58.77,2.087842724979,-3.69,66.42,14.31,1,"	1110,1142" 
2013-01-02T21:00:00Z,"RGR",2013-05-01T20:00:00Z,Buy,45.88,49.62,7,26.18,2.0707400881057,-217.21,97.44,72.52,1,"	1113,1145" 
2013-01-02T21:00:00Z,"UGI",2013-05-01T20:00:00Z,Buy,33.3,40.48,5,35.9,10.448980986504,-1.1,38.4,4.95,1,"	1114,1147" 
2013-01-02T21:00:00Z,"MOV",2013-06-03T20:00:00Z,Buy,30.53,36,8,43.76,2.0796088657106,-69.12,64.24,73.12,1,"	1112,1157" 
2013-01-02T21:00:00Z,"MED",2013-08-01T20:00:00Z,Buy,26.29,27.27,49,48.02,5.0866070253939,-198.94,148.47,287.63,1,"	1111,1180" 
2013-01-02T21:00:00Z,"VLGEA",2013-08-01T20:00:00Z,Buy,34.81,37.25,39,95.16,32.926745032946,-184.08,142.74,218.01,1,"	1116,1183" 
2013-01-02T21:00:00Z,"UGI",2014-02-03T21:00:00Z,Buy,33.3,42.04,35,305.9,9.0159683203525,-7.7,352.8,172.55,1,"	1114,1246" 
2013-01-02T21:00:00Z,"USNA",2014-11-03T21:00:00Z,Buy,32.88,115.22,3,247.02,2.0998481627695,-27.84,247.02,101.37,1,"	1115,1369" 
2013-01-02T21:00:00Z,"HVT",2015-02-02T21:00:00Z,Buy,16.68,24.79,61,494.71,41.298077317213,-25.01,894.26,698.45,1,"	1110,1407" 
2013-01-02T21:00:00Z,"USNA",2015-04-01T20:00:00Z,Buy,32.88,113.19,2,160.62,2.0203725701944,-18.56,170.6,67.58,1,"	1115,1441" 
2013-01-02T21:00:00Z,"USNA",2015-06-01T20:00:00Z,Buy,32.88,129.52,2,193.28,11.838409815261,-18.56,215.26,67.58,1,"	1115,1469" 
2013-01-02T21:00:00Z,"USNA",2015-09-01T20:00:00Z,Buy,32.88,141.49,3,325.83,16.15137885744,-27.84,429.72,104.79,1,"	1115,1515" 
2013-02-01T21:00:00Z,"SCVL",2013-06-03T20:00:00Z,Buy,20.5,24.64,10.000028499986,41.4,2.1101612115291,-94.8,41.4,20.3,1,"	1125,1158" 
2013-02-01T21:00:00Z,"USPH",2013-06-03T20:00:00Z,Buy,24.85,28.9,11,44.55,2.1111178861789,-193.6,44.55,42.68,1,"	1126,1160" 
2013-02-01T21:00:00Z,"CTB",2013-07-01T20:00:00Z,Buy,25.97,33.27,8,58.4,4.6310581495834,-21.76,69.52,38.72,1,"	1123,1169" 
2013-02-01T21:00:00Z,"RES",2013-11-01T20:00:00Z,Buy,15.2,18.31,19,59.09,5.1238241404656,-50.92,59.66,89.68,1,"	1124,1212" 
2013-02-01T21:00:00Z,"CTB",2013-12-02T21:00:00Z,Buy,25.97,24.39,46,-72.68,49.856353421851,-125.12,399.74,519.8,0,"	1123,1219" 
2013-02-01T21:00:00Z,"RES",2014-05-01T20:00:00Z,Buy,15.2,21.76,11,72.16,2.1076743139901,-29.48,80.19,51.92,1,"	1124,1286" 
2013-02-01T21:00:00Z,"RES",2015-01-02T21:00:00Z,Buy,15.2,13.3,62,-117.8,17.957445063825,-207.08,602.02,809.1,0,"	1124,1397" 
2013-02-01T21:00:00Z,"SCVL",2015-12-01T21:00:00Z,Buy,20.5,21.78,0.99997150001425,1.28,17.766410163891,-9.48,7.93,10.18,1,"	1125,1560" 
2013-03-01T21:00:00Z,"CHS",2013-06-03T20:00:00Z,Buy,16.96,17.86,13,11.7,2.1298468786808,-10.27,36.01,24.31,1,"	1131,1154" 
2013-03-01T21:00:00Z,"MED",2013-08-01T20:00:00Z,Buy,23.92,27.27,11,36.85,3.8524129502928,-18.59,59.4,41.58,1,"	1132,1180" 
2013-03-01T21:00:00Z,"KAI",2013-08-01T20:00:00Z,Buy,24.87,32.95,7,56.56,17.403721874956,-3.85,67.69,20.37,1,"	1133,1181" 
2013-03-01T21:00:00Z,"KAI",2013-12-02T21:00:00Z,Buy,24.87,40.75,8,127.04,2.0787059391598,-4.4,132.4,31.04,1,"	1133,1222" 
2013-03-01T21:00:00Z,"BKE",2014-04-01T20:00:00Z,Buy,44.55,46.33,6,10.68,4.718956576282,-179.82,75.54,91.2,1,"	1130,1272" 
2013-03-01T21:00:00Z,"KAI",2014-11-03T21:00:00Z,Buy,24.87,42.01,5,85.7,4.5018200833038,-2.75,85.7,38.6,1,"	1133,1367" 
2013-03-01T21:00:00Z,"KAI",2015-04-01T20:00:00Z,Buy,24.87,53.73,9,259.74,6.2019799095887,-4.95,259.74,69.48,1,"	1133,1440" 
2013-04-01T20:00:00Z,"IPAR",2013-05-01T20:00:00Z,Buy,24.8,28.44,9,32.76,17.76496904935,0,38.61,5.85,1,"	1140,1143" 
2013-04-01T20:00:00Z,"IPAR",2013-11-01T20:00:00Z,Buy,24.8,35.26,11,115.06,3.6113995212308,0,115.06,92.07,1,"	1140,1211" 
2013-04-01T20:00:00Z,"CVI",2014-01-02T21:00:00Z,Buy,51.88,43.68,5,-41,2.0502518403719,-174.4,92.5,183.8,0,"	1139,1231" 
2013-04-01T20:00:00Z,"IPAR",2014-06-02T20:00:00Z,Buy,24.8,29.27,39,174.33,2.4605590893873,0,515.58,343.59,1,"	1140,1299" 
2013-05-01T20:00:00Z,"IDT",2013-07-01T20:00:00Z,Buy,13.86,19.31,17,92.65,5.1033878580491,0,113.73,31.62,1,"	1151,1171" 
2013-05-01T20:00:00Z,"IDCC",2013-10-01T20:00:00Z,Buy,43.45,37.7,33,-189.75,23.514374104691,-263.01,139.92,402.93,0,"	1150,1205" 
2013-05-01T20:00:00Z,"IDT",2014-06-02T20:00:00Z,Buy,13.86,16.64,82,227.96,3.1340892641737,0,721.6,598.6,1,"	1151,1298" 
2013-05-01T20:00:00Z,"RS",2014-10-01T20:00:00Z,Buy,63.31,67.32,22,88.22,4.4601021167488,-23.32,281.82,206.8,1,"	1153,1354" 
2013-05-01T20:00:00Z,"RES",2015-01-02T21:00:00Z,Buy,13.27,13.3,18,0.54,7.0805870979714,-25.38,209.52,234.9,1,"	1152,1397" 
2013-06-03T20:00:00Z,"GCI",2013-07-01T20:00:00Z,Buy,20.8,25.21,9,39.69,11.875742791369,-8.55,52.2,27.18,1,"	1163,1170" 
2013-06-03T20:00:00Z,"CF",2013-12-02T21:00:00Z,Buy,193.59,217.01,2,46.84,4.1066011008046,-46.62,73.7,48.28,1,"	1162,1218" 
2013-06-03T20:00:00Z,"VLO",2013-12-02T21:00:00Z,Buy,40.25,46.83,6,39.48,4.4376249172125,-40.32,39.48,40.32,1,"	1168,1223" 
2013-06-03T20:00:00Z,"OTL",2014-02-03T21:00:00Z,Buy,40.75,41.8,38,39.9,17.132015507696,-31.16,302.48,262.58,1,"	1165,1243" 
2013-06-03T20:00:00Z,"UGI",2014-02-03T21:00:00Z,Buy,38.18,42.04,6,23.16,2.7312917176787,-30.6,31.2,29.58,1,"	1167,1246" 
2013-06-03T20:00:00Z,"VLO",2014-02-03T21:00:00Z,Buy,40.25,48.85,6,51.6,4.0951359847241,-40.32,77.94,40.32,1,"	1168,1247" 
2013-06-03T20:00:00Z,"HOC",2014-03-03T21:00:00Z,Buy,48.18,44.88,5,-16.5,3.769078454828,-131.9,51.25,42.25,0,"	1164,1260" 
2013-06-03T20:00:00Z,"BGFV",2014-04-01T20:00:00Z,Buy,20.25,16.17,78,-318.24,28.631159597923,-457.08,354.9,811.98,0,"	1161,1271" 
2013-06-03T20:00:00Z,"SPH",2014-04-01T20:00:00Z,Buy,46.38,42.01,33,-144.21,31.776924804387,-207.57,94.05,301.62,0,"	1166,1276" 
2013-06-03T20:00:00Z,"GCI",2014-08-01T20:00:00Z,Buy,20.8,32.9,9,108.9,3.8708178417372,-8.55,115.74,36.81,1,"	1163,1319" 
2013-06-03T20:00:00Z,"VLO",2015-02-02T21:00:00Z,Buy,40.25,54.42,4,56.68,2.0411649016641,-26.88,73.04,59,1,"	1168,1411" 
2013-06-03T20:00:00Z,"VLO",2015-03-02T21:00:00Z,Buy,40.25,58.68,4,73.72,2.0380483060464,-26.88,89,59,1,"	1168,1428" 
2013-06-03T20:00:00Z,"GCI",2015-11-02T21:00:00Z,Buy,20.8,27.66,8,54.88,2.0818343195266,-7.6,137.68,129.36,1,"	1163,1541" 
2013-06-03T20:00:00Z,"VLO",2015-12-01T21:00:00Z,Buy,40.25,72.57,4,129.28,2.040395212914,-26.88,131.12,59,1,"	1168,1562" 
2013-07-01T20:00:00Z,"VLGEA",2013-08-01T20:00:00Z,Buy,33.87,37.25,7,23.66,3.6993333801989,-26.46,32.2,11.76,1,"	1177,1183" 
2013-07-01T20:00:00Z,"ENTG",2013-09-03T20:00:00Z,Buy,9.44,9.42,31,-0.62,4.2967543801328,-103.23,31,34.72,0,"	1174,1189" 
2013-07-01T20:00:00Z,"DK",2013-11-01T20:00:00Z,Buy,28.04,25.26,13,-36.14,2.1267014250956,-102.31,161.98,137.28,0,"	1173,1210" 
2013-07-01T20:00:00Z,"CVI",2014-01-02T21:00:00Z,Buy,46.39,43.68,8,-21.68,2.0782953586498,-235.12,191.92,123.68,0,"	1172,1231" 
2013-07-01T20:00:00Z,"HOC",2014-03-03T21:00:00Z,Buy,40.74,44.88,5,20.7,2.0476157082749,-94.7,88.45,32.9,1,"	1175,1260" 
2013-07-01T20:00:00Z,"LHCG",2014-06-02T20:00:00Z,Buy,19.68,20.38,13,9.1,6.8050763403251,-4.94,88.53,87.1,1,"	1176,1300" 
2013-08-01T20:00:00Z,"HNRG",2013-09-03T20:00:00Z,Buy,7.8,7.4,208,-83.2,47.138624725858,-108.16,20.8,128.96,0,"	1185,1190" 
2013-08-01T20:00:00Z,"TER",2013-09-03T20:00:00Z,Buy,16.89,15.44,21,-30.45,2.2149636363636,-133.35,46.62,33.18,0,"	1187,1192" 
2013-08-01T20:00:00Z,"IDCC",2013-10-01T20:00:00Z,Buy,41.03,37.7,8,-26.64,2.7430202888621,-44.4,53.28,44.4,0,"	1186,1205" 
2013-08-01T20:00:00Z,"APU",2014-02-03T21:00:00Z,Buy,46.06,42.48,36,-128.88,38.49952504607,-163.8,0,163.8,0,"	1184,1240" 
2013-09-03T20:00:00Z,"DK",2013-11-01T20:00:00Z,Buy,25.31,25.26,9,-0.45,2.0916291230893,-46.26,136.71,46.26,0,"	1194,1210" 
2013-09-03T20:00:00Z,"PETS",2014-02-03T21:00:00Z,Buy,15.46,12.74,101,-274.72,23.690625024958,-274.72,151.5,426.22,0,"	1197,1244" 
2013-09-03T20:00:00Z,"FF",2014-03-03T21:00:00Z,Buy,16.72,17.15,13,5.59,5.112640226548,-20.41,27.04,47.45,1,"	1195,1258" 
2013-09-03T20:00:00Z,"USMO",2014-03-03T21:00:00Z,Buy,13.92,14.37,109,49.05,28.478985784382,-126.44,172.22,298.66,1,"	1198,1263" 
2013-09-03T20:00:00Z,"BGFV",2014-04-01T20:00:00Z,Buy,16.55,16.17,14,-5.32,2.8833837645895,-30.24,115.5,79.94,0,"	1193,1271" 
2013-09-03T20:00:00Z,"FF",2014-04-01T20:00:00Z,Buy,16.72,21.05,12,51.96,2.1244334975369,-18.84,54.72,43.8,1,"	1195,1273" 
2013-09-03T20:00:00Z,"IPAR",2014-06-02T20:00:00Z,Buy,27.67,29.27,8,12.8,5.7417223147258,-22.96,82.8,70.48,1,"	1196,1299" 
2013-09-03T20:00:00Z,"FF",2014-09-02T20:00:00Z,Buy,16.72,14,70,-190.4,3.0359195402299,-212.8,330.4,543.2,0,"	1195,1333" 
2013-10-01T20:00:00Z,"DK",2013-11-01T20:00:00Z,Buy,21.25,25.26,14,56.14,3.2511359042178,-15.12,269.5,21.7,1,"	1207,1210" 
2013-10-01T20:00:00Z,"NC",2013-12-02T21:00:00Z,Buy,56.61,63.46,5,34.25,2.2038278558202,-65.7,344,20.65,1,"	1209,1221" 
2013-10-01T20:00:00Z,"CVI",2014-01-02T21:00:00Z,Buy,38.81,43.68,10,48.7,4.4372198232998,-218.1,315.7,78.4,1,"	1206,1231" 
2013-10-01T20:00:00Z,"KWR",2014-11-03T21:00:00Z,Buy,74.11,83.27,3,27.48,8.08103810733,-22.2,27.48,44.1,1,"	1208,1363" 
2013-10-01T20:00:00Z,"KWR",2015-01-02T21:00:00Z,Buy,74.11,90.03,3,47.76,3.3738121448187,-22.2,55.68,44.1,1,"	1208,1395" 
2013-10-01T20:00:00Z,"KWR",2015-08-03T20:00:00Z,Buy,74.11,91.16,3,51.15,2.029501618123,-22.2,55.77,44.1,1,"	1208,1488" 
2013-11-01T20:00:00Z,"CTB",2013-12-02T21:00:00Z,Buy,25.91,24.39,18,-27.36,2.1793079584775,-47.88,157.5,63.9,0,"	1213,1219" 
2013-11-01T20:00:00Z,"HHS",2014-02-03T21:00:00Z,Buy,7.98,6.86,210,-235.2,52.85662968961,-266.7,37.8,304.5,0,"	1214,1241" 
2013-11-01T20:00:00Z,"LHCG",2014-06-02T20:00:00Z,Buy,20.66,20.38,13,-3.64,2.1303786407767,-17.68,75.79,54.86,0,"	1215,1300" 
2013-12-02T21:00:00Z,"SYNA",2014-02-03T21:00:00Z,Buy,50.27,55.5,6,31.38,26.565807830697,-9.84,59.94,28.56,1,"	1230,1245" 
2013-12-02T21:00:00Z,"SPH",2014-04-01T20:00:00Z,Buy,45.07,42.01,5,-15.3,3.3012822691622,-24.9,20.8,34.6,0,"	1228,1276" 
2013-12-02T21:00:00Z,"SWM",2014-05-01T20:00:00Z,Buy,50.73,42.78,34,-270.3,28.828220706904,-394.74,27.2,421.94,0,"	1229,1287" 
2013-12-02T21:00:00Z,"SYNA",2014-07-01T20:00:00Z,Buy,50.27,91.88,8,332.88,14.621846666338,-13.12,332.88,82.8,1,"	1230,1311" 
2013-12-02T21:00:00Z,"HES",2014-08-01T20:00:00Z,Buy,80.91,98,3,51.27,20.681825261705,-20.97,60.42,27.45,1,"	1225,1316" 
2013-12-02T21:00:00Z,"SYNA",2014-11-03T21:00:00Z,Buy,50.27,65.72,20,309,2.2304953967558,-32.8,848.2,611.4,1,"	1230,1366" 
2013-12-02T21:00:00Z,"FTK",2015-03-02T21:00:00Z,Buy,20.57,16.73,13,-49.92,2.9330879364378,-137.28,157.17,225.68,0,"	1227,1420" 
2013-12-02T21:00:00Z,"HES",2015-05-01T20:00:00Z,Buy,80.91,75.78,4,-20.52,2.0394174252276,-61.84,80.76,142.6,0,"	1225,1451" 
2013-12-02T21:00:00Z,"HES",2015-06-01T20:00:00Z,Buy,80.91,66.76,14,-198.1,11.195731879071,-216.44,282.66,499.1,0,"	1225,1466" 
2014-01-02T21:00:00Z,"USMO",2014-03-03T21:00:00Z,Buy,14.13,14.37,16,3.84,2.1583193277311,-21.92,21.92,19.2,1,"	1239,1263" 
2014-01-02T21:00:00Z,"IDT",2014-06-02T20:00:00Z,Buy,17.7,16.64,18,-19.08,2.1782876329043,-69.12,89.28,68.04,0,"	1238,1298" 
2014-01-02T21:00:00Z,"GME",2014-08-01T20:00:00Z,Buy,49.65,41.22,5,-42.15,4.4119566873502,-79.1,0,79.1,0,"	1236,1320" 
2014-01-02T21:00:00Z,"FF",2014-09-02T20:00:00Z,Buy,15.99,14,18,-35.82,4.5833628391661,-41.58,98.1,139.68,0,"	1235,1333" 
2014-01-02T21:00:00Z,"ICFI",2014-10-01T20:00:00Z,Buy,34.45,30.43,6,-24.12,2.0595505617978,-97.2,41.1,65.22,0,"	1237,1351" 
2014-01-02T21:00:00Z,"GME",2015-01-02T21:00:00Z,Buy,49.65,33.8,31,-491.35,31.873447206351,-549.63,0,549.63,0,"	1236,1394" 
2014-02-03T21:00:00Z,"KIRK",2014-03-03T21:00:00Z,Buy,17.58,17.76,88,15.84,27.605542613788,-73.92,33.44,107.36,1,"	1254,1262" 
2014-02-03T21:00:00Z,"BKE",2014-04-01T20:00:00Z,Buy,42.49,46.33,5.000011999994,19.2,4.4793737572075,-139.55,73.25,13.2,1,"	1250,1272" 
2014-02-03T21:00:00Z,"FSS",2014-04-01T20:00:00Z,Buy,11.72,15.32,15,54,17.672622287116,0,54,11.7,1,"	1251,1274" 
2014-02-03T21:00:00Z,"UTHR",2014-05-01T20:00:00Z,Buy,97.15,102.17,2,10.04,18.350281220778,-16.3,16.96,33.26,1,"	1256,1288" 
2014-02-03T21:00:00Z,"NUS",2014-08-01T20:00:00Z,Buy,82.78,59.03,19,-451.25,4.4261020413697,-457.71,111.72,569.43,0,"	1255,1322" 
2014-02-03T21:00:00Z,"ALG",2014-09-02T20:00:00Z,Buy,47.68,49.03,4,5.4,3.827283341562,-81.04,52.04,49.88,1,"	1249,1332" 
2014-02-03T21:00:00Z,"GTE",2014-09-02T20:00:00Z,Buy,7.48,6.61,221,-192.27,21.381875132624,-249.73,141.44,391.17,0,"	1253,1334" 
2014-02-03T21:00:00Z,"UTHR",2014-09-02T20:00:00Z,Buy,97.15,115.22,6,108.42,11.01118408313,-66.06,124.08,130.02,1,"	1256,1340" 
2014-02-03T21:00:00Z,"UTHR",2014-10-01T20:00:00Z,Buy,97.15,130.44,2,66.58,7.5917987571273,-22.02,78.02,43.34,1,"	1256,1356" 
2014-02-03T21:00:00Z,"GME",2015-01-02T21:00:00Z,Buy,33.83,33.8,11,-0.33,4.9138822980797,-21.01,174.02,155.98,0,"	1252,1394" 
2014-02-03T21:00:00Z,"UTHR",2015-03-02T21:00:00Z,Buy,97.15,155.42,2,116.54,2.0200477265398,-22.02,121.54,43.34,1,"	1256,1427" 
2014-02-03T21:00:00Z,"FSS",2015-12-01T21:00:00Z,Buy,11.72,16.97,14,73.5,2.1409134045077,0,75.74,52.36,1,"	1251,1556" 
2014-03-03T21:00:00Z,"BGFV",2014-04-01T20:00:00Z,Buy,14.89,16.17,22,28.16,2.2157971014493,-11,218.02,27.28,1,"	1264,1271" 
2014-03-03T21:00:00Z,"PPC",2014-04-01T20:00:00Z,Buy,17.18,21.14,14,55.44,28.952180567734,0,55.44,7.14,1,"	1267,1275" 
2014-03-03T21:00:00Z,"PPC",2014-05-01T20:00:00Z,Buy,17.18,22.05,85,413.95,2.8573879231473,0,453.05,98.6,1,"	1267,1285" 
2014-03-03T21:00:00Z,"SAFM",2014-06-02T20:00:00Z,Buy,75.11,95.65,2.0000104999948,41.08,23.955584410422,-107.55,41.08,6,1,"	1269,1301" 
2014-03-03T21:00:00Z,"LZB",2014-09-02T20:00:00Z,Buy,25.37,21.81,8,-28.48,4.2129892167562,-114.72,45.28,61.52,0,"	1265,1335" 
2014-03-03T21:00:00Z,"UGI",2014-09-02T20:00:00Z,Buy,44.3,53.03,4,34.92,16.846221613881,-1.12,34.92,12.48,1,"	1270,1338" 
2014-03-03T21:00:00Z,"RS",2014-10-01T20:00:00Z,Buy,68.53,67.32,3,-3.63,2.0296752309469,-18.84,22.77,23.34,0,"	1268,1354" 
2014-03-03T21:00:00Z,"OSTK",2014-11-03T21:00:00Z,Buy,19.54,23.59,32,129.6,5.2006892269154,-178.56,129.6,261.12,1,"	1266,1365" 
2014-03-03T21:00:00Z,"OSTK",2015-04-01T20:00:00Z,Buy,19.54,24.06,56,253.12,33.657762402289,-312.48,421.12,456.96,1,"	1266,1439" 
2014-03-03T21:00:00Z,"UGI",2015-05-01T20:00:00Z,Buy,29.5333481,35.1,52,289.47,2.5243320884803,-9.71,523.47,406.64,1,"	1270,1458" 
2014-04-01T20:00:00Z,"MYGN",2014-05-01T20:00:00Z,Buy,35.15,39.97,10,48.2,4.6292939611196,0,70.6,30.2,1,"	1279,1284" 
2014-04-01T20:00:00Z,"SWM",2014-05-01T20:00:00Z,Buy,42.51,42.78,8,2.16,4.5245484647931,-27.12,72.16,27.44,1,"	1281,1287" 
2014-04-01T20:00:00Z,"CORE",2014-06-02T20:00:00Z,Buy,74.06,82.71,3,25.95,6.1361301294173,0,25.95,8.25,1,"	1278,1297" 
2014-04-01T20:00:00Z,"CORE",2014-08-01T20:00:00Z,Buy,37.03,46.94,5,49.55,3.3669493207214,0,51.1,17.25,1,"	1278,1317" 
2014-04-01T20:00:00Z,"PRFT",2014-09-02T20:00:00Z,Buy,18.43,17.59,98,-82.32,41.868122790092,-180.32,188.16,362.6,0,"	1280,1337" 
2014-04-01T20:00:00Z,"CORE",2014-10-01T20:00:00Z,Buy,37.03,51.69,4,58.64,2.0389819004525,0,70.16,13.8,1,"	1278,1349" 
2014-04-01T20:00:00Z,"MYGN",2014-10-01T20:00:00Z,Buy,35.15,38.3,7,22.05,3.3448407551863,-14.35,49.42,63.77,1,"	1279,1353" 
2014-04-01T20:00:00Z,"CORE",2014-12-01T21:00:00Z,Buy,37.03,58.64,4,86.44,2.0390217933788,0,98.48,18.4,1,"	1278,1380" 
2014-04-01T20:00:00Z,"CORE",2015-02-02T21:00:00Z,Buy,37.03,67.5,3,91.41,3.7374028161544,0,96.81,13.8,1,"	1278,1406" 
2014-04-01T20:00:00Z,"MYGN",2015-02-02T21:00:00Z,Buy,35.15,37.4,7,15.75,3.4484323212975,-21.98,49.42,71.4,1,"	1279,1408" 
2014-04-01T20:00:00Z,"CORE",2015-07-01T20:00:00Z,Buy,37.03,59.86,4,91.32,2.040411814346,0,137.32,75,1,"	1278,1474" 
2014-04-01T20:00:00Z,"MYGN",2015-09-01T20:00:00Z,Buy,35.15,36.65,28,42,41.697986634443,-117.88,197.68,315.56,1,"	1279,1513" 
2014-04-01T20:00:00Z,"CORE",2015-10-01T20:00:00Z,Buy,37.03,64.44,5,137.05,2.0492284186402,0,171.65,93.75,1,"	1278,1527" 
2014-04-01T20:00:00Z,"CORE",2015-11-02T21:00:00Z,Buy,37.03,80.58,4,174.2,6.0707147381952,0,177.04,75,1,"	1278,1540" 
2014-05-01T20:00:00Z,"IDT",2014-06-02T20:00:00Z,Buy,15.83,16.64,13,10.53,4.0335344018032,-25.61,88.79,7.41,1,"	1292,1298" 
2014-05-01T20:00:00Z,"LHCG",2014-06-02T20:00:00Z,Buy,20.82,20.38,14,-6.16,5.3077366861428,-21.28,79.38,9.52,0,"	1293,1300" 
2014-05-01T20:00:00Z,"GTE",2014-09-02T20:00:00Z,Buy,7.04,6.61,29,-12.47,4.7001787565802,-20.01,31.32,51.33,0,"	1290,1334" 
2014-05-01T20:00:00Z,"TTWO",2014-10-01T20:00:00Z,Buy,20.69,22.4,10,17.1,22.51252405933,-18.8,35,30,1,"	1295,1355" 
2014-05-01T20:00:00Z,"TTWO",2014-11-03T21:00:00Z,Buy,20.69,25.83,8,41.12,3.2673740633473,-15.04,46.08,27.76,1,"	1295,1368" 
2014-05-01T20:00:00Z,"HVT",2015-02-02T21:00:00Z,Buy,25.66,24.79,9,-7.83,2.0904228660924,-84.51,51.12,61.74,0,"	1291,1407" 
2014-05-01T20:00:00Z,"TTWO",2015-02-02T21:00:00Z,Buy,20.69,29.99,10,93,4.7072735935588,-18.8,98.1,34.7,1,"	1295,1410" 
2014-05-01T20:00:00Z,"VMW",2015-02-02T21:00:00Z,Buy,92.05,79.22,19,-243.77,4.4151045239124,-322.81,220.21,543.02,0,"	1296,1412" 
2014-05-01T20:00:00Z,"TTWO",2015-03-02T21:00:00Z,Buy,20.69,26.06,59,316.83,9.2805367394391,-110.92,578.79,261.96,1,"	1295,1426" 
2014-05-01T20:00:00Z,"OSTK",2015-04-01T20:00:00Z,Buy,15.33,24.06,23,200.79,2.2200936329588,-31.51,269.79,131.79,1,"	1294,1439" 
2014-06-02T20:00:00Z,"DECK",2014-08-01T20:00:00Z,Buy,78.43,88.74,3,30.93,6.8729433117579,-0.6,36.99,16.05,1,"	1303,1318" 
2014-06-02T20:00:00Z,"MOD",2014-08-01T20:00:00Z,Buy,14.94,13.25,116,-196.04,20.684124274132,-196.04,124.12,320.16,0,"	1305,1321" 
2014-06-02T20:00:00Z,"NUS",2014-08-01T20:00:00Z,Buy,73.62,59.03,5,-72.95,2.0498510292524,-74.65,75.2,90.6,0,"	1307,1322" 
2014-06-02T20:00:00Z,"FF",2014-09-02T20:00:00Z,Buy,16.63,14,15,-39.45,2.1451979045402,-44.25,72.15,52.5,0,"	1304,1333" 
2014-06-02T20:00:00Z,"PPC",2014-09-02T20:00:00Z,Buy,25.92,30.59,8,37.36,5.574280546349,-12.08,46.32,30,1,"	1308,1336" 
2014-06-02T20:00:00Z,"PPC",2014-12-01T21:00:00Z,Buy,25.92,32.22,7,44.1,2.069826625387,-10.57,47.32,47.39,1,"	1308,1382" 
2014-06-02T20:00:00Z,"PPC",2015-05-01T20:00:00Z,Buy,25.92,25.44,55,-26.4,22.832206638529,-183.15,641.85,825,0,"	1308,1455" 
2014-06-02T20:00:00Z,"DECK",2015-08-03T20:00:00Z,Buy,78.43,71.58,20,-137,2.2553622392975,-247.2,419.2,666.4,0,"	1303,1486" 
2014-06-02T20:00:00Z,"MYGN",2015-09-01T20:00:00Z,Buy,33.62,36.65,11,33.33,7.960133882312,-29.48,94.49,104.17,1,"	1306,1513" 
2014-07-01T20:00:00Z,"LZB",2014-09-02T20:00:00Z,Buy,23.5,21.81,13,-21.97,7.3006776713926,-162.11,97.89,39.78,0,"	1313,1335" 
2014-07-01T20:00:00Z,"ICFI",2014-10-01T20:00:00Z,Buy,35.93,30.43,10,-55,2.1016119909502,-176.8,53.7,57.4,0,"	1312,1351" 
2014-08-01T20:00:00Z,"MU",2014-10-01T20:00:00Z,Buy,31.09,33.5,6,14.46,22.523088243105,-8.46,20.46,19.68,1,"	1327,1352" 
2014-08-01T20:00:00Z,"NJR",2014-11-03T21:00:00Z,Buy,50.74,58.94,4,32.8,10.204586113809,-7.4,32.8,12.96,1,"	1328,1364" 
2014-08-01T20:00:00Z,"SYNA",2014-11-03T21:00:00Z,Buy,78.11,65.72,4,-49.56,2.04325626471,-117.92,58.28,95.16,0,"	1330,1366" 
2014-08-01T20:00:00Z,"MU",2015-01-02T21:00:00Z,Buy,31.09,34.75,52,190.32,2.5161382462154,-211.12,280.8,388.44,1,"	1327,1396" 
2014-08-01T20:00:00Z,"HVT",2015-02-02T21:00:00Z,Buy,22.78,24.79,10,20.1,3.6272322947519,-65.1,85.6,51.8,1,"	1324,1407" 
2014-08-01T20:00:00Z,"NJR",2015-02-02T21:00:00Z,Buy,50.74,64.65,4,55.64,3.3446500379612,-7.4,61.92,17.92,1,"	1328,1409" 
2014-08-01T20:00:00Z,"HP",2015-03-02T21:00:00Z,Buy,105.48,65.71,16,-636.32,9.4101334619003,-768.32,28.48,796.8,0,"	1325,1421" 
2014-08-01T20:00:00Z,"SMP",2015-03-02T21:00:00Z,Buy,36.51,42.33,7,40.74,2.0708932038835,-170.59,62.58,36.96,1,"	1329,1424" 
2014-09-02T20:00:00Z,"BABY",2014-11-03T21:00:00Z,Buy,29.06,33.86,12,57.6,4.8018111118087,-9.6,59.28,16.68,1,"	1343,1361" 
2014-09-02T20:00:00Z,"AVA",2014-11-03T21:00:00Z,Buy,32.15,35.65,6,21,16.341143258623,-9.72,21.06,13.92,1,"	1348,1370" 
2014-09-02T20:00:00Z,"DDS",2015-01-02T21:00:00Z,Buy,113.29,121.79,2,17,16.674335292812,-25.66,25.04,31.9,1,"	1344,1392" 
2014-09-02T20:00:00Z,"BABY",2015-02-02T21:00:00Z,Buy,29.06,37.01,8,63.6,4.5194160577699,-6.4,74.48,16.32,1,"	1343,1405" 
2014-09-02T20:00:00Z,"FTK",2015-03-02T21:00:00Z,Buy,27.35,16.73,9,-95.58,3.3191150777295,-156.06,47.79,108.45,0,"	1345,1420" 
2014-09-02T20:00:00Z,"LSCC",2015-05-01T20:00:00Z,Buy,7.48,6.12,249,-338.64,34.321267070289,-385.95,49.8,435.75,0,"	1346,1454" 
2014-09-02T20:00:00Z,"RSC",2015-05-01T20:00:00Z,Buy,106.48,63.2,4,-173.12,43.890174024968,-216.48,3.44,219.92,0,"	1347,1456" 
2014-09-02T20:00:00Z,"BABY",2015-08-03T20:00:00Z,Buy,29.06,44.53,6,92.82,2.059162976085,-4.8,103.62,36.18,1,"	1343,1484" 
2014-09-02T20:00:00Z,"DDS",2015-08-03T20:00:00Z,Buy,113.29,100.71,14,-176.12,15.026259901383,-200.06,405.02,605.08,0,"	1344,1485" 
2014-09-02T20:00:00Z,"RSC",2015-09-01T20:00:00Z,Buy,106.48,50.24,13,-731.12,2.3279373368146,-814.19,11.18,825.37,0,"	1347,1514" 
2014-09-02T20:00:00Z,"AVA",2015-09-01T20:00:00Z,Buy,32.15,30.27,51,-95.88,2.5689487097802,-95.88,313.65,409.53,0,"	1348,1516" 
2014-10-01T20:00:00Z,"ENS",2014-11-03T21:00:00Z,Buy,56.08,62.46,4,25.52,2.0382537517053,-97.24,71.16,21.68,1,"	1359,1362" 
2014-10-01T20:00:00Z,"EGY",2014-12-01T21:00:00Z,Buy,8.6,5.94,210,-558.6,42.743897031285,-602.7,16.8,619.5,0,"	1358,1381" 
2014-10-01T20:00:00Z,"CALM",2015-05-01T20:00:00Z,Buy,43.9,45.5,5,8,5.8986029223781,-44.8,20.4,65.2,1,"	1357,1452" 
2014-10-01T20:00:00Z,"CALM",2015-06-01T20:00:00Z,Buy,43.9,57.29,9,120.51,2.0909525489504,-80.64,143.64,117.36,1,"	1357,1467" 
2014-10-01T20:00:00Z,"RSC",2015-09-01T20:00:00Z,Buy,69.94,50.24,7,-137.9,2.067176180022,-182.63,261.8,203,0,"	1360,1514" 
2014-10-01T20:00:00Z,"CALM",2015-10-01T20:00:00Z,Buy,43.9,56.47,26,326.82,31.792479989898,-232.96,414.96,339.04,1,"	1357,1526" 
2014-11-03T21:00:00Z,"EGY",2014-12-01T21:00:00Z,Buy,7.05,5.94,38,-42.18,8.9486305205346,-50.16,61.94,56.62,0,"	1372,1381" 
2014-11-03T21:00:00Z,"RES",2015-01-02T21:00:00Z,Buy,16.17,13.3,32,-91.84,2.315512195122,-137.92,279.68,147.2,0,"	1377,1397" 
2014-11-03T21:00:00Z,"VMW",2015-02-02T21:00:00Z,Buy,84.27,79.22,3,-15.15,3.323738017297,-27.63,58.11,39.69,0,"	1378,1412" 
2014-11-03T21:00:00Z,"FTK",2015-03-02T21:00:00Z,Buy,22.3,16.73,16,-89.12,2.1610108303249,-196.64,165.76,117.92,0,"	1373,1420" 
2014-11-03T21:00:00Z,"HP",2015-03-02T21:00:00Z,Buy,84.29,65.71,5,-92.9,10.291278785255,-134.15,114.85,146.2,0,"	1375,1421" 
2014-11-03T21:00:00Z,"MED",2015-03-02T21:00:00Z,Buy,31.98,32.35,57,21.09,16.662205784309,-147.63,103.17,194.94,1,"	1376,1422" 
2014-11-03T21:00:00Z,"GPRE",2015-04-01T20:00:00Z,Buy,34.58,29.69,8,-39.12,5.548238384276,-112.64,4.8,117.44,0,"	1374,1438" 
2014-11-03T21:00:00Z,"GPRE",2015-05-01T20:00:00Z,Buy,34.58,31.02,45,-160.2,18.56354553084,-633.6,27,660.6,0,"	1374,1453" 
2014-11-03T21:00:00Z,"HES",2015-06-01T20:00:00Z,Buy,83.26,66.76,3,-49.5,2.0294517155996,-53.43,53.52,59.28,0,"	1371,1466" 
2014-11-03T21:00:00Z,"WLK",2015-08-03T20:00:00Z,Buy,71.04,61.84,7,-64.4,2.0704861800142,-384.09,188.44,131.46,0,"	1379,1492" 
2014-12-01T21:00:00Z,"RES",2015-01-02T21:00:00Z,Buy,12.79,13.3,22,11.22,2.2117231000752,-20.46,266.64,25.52,1,"	1389,1397" 
2014-12-01T21:00:00Z,"HP",2015-03-02T21:00:00Z,Buy,69.07,65.71,4,-13.44,2.0397239396118,-46.44,152.76,57.56,0,"	1387,1421" 
2014-12-01T21:00:00Z,"HES",2015-06-01T20:00:00Z,Buy,73.96,66.76,3,-21.6,2.0304236939531,-25.53,81.42,34.08,0,"	1384,1466" 
2014-12-01T21:00:00Z,"MYGN",2015-09-01T20:00:00Z,Buy,33.01,36.65,7,25.48,2.0689144050104,-14.49,64.4,59.85,1,"	1388,1513" 
2014-12-01T21:00:00Z,"RSC",2015-09-01T20:00:00Z,Buy,62.78,50.24,4,-50.16,2.0396902165323,-75.72,178.24,92.64,0,"	1390,1514" 
2014-12-01T21:00:00Z,"EW",2015-10-01T20:00:00Z,Buy,129.39,149,2,39.22,14.113106488847,-11.06,54.66,50.18,1,"	1386,1528" 
2015-01-02T21:00:00Z,"GHC",2015-02-02T21:00:00Z,Buy,860.94,945,1,84.06,14.035015095473,-17.93,114.78,40.4,1,"	1404,1413" 
2015-01-02T21:00:00Z,"FTK",2015-03-02T21:00:00Z,Buy,18.76,16.73,13,-26.39,2.1302082221036,-113.75,180.7,44.98,0,"	1400,1420" 
2015-01-02T21:00:00Z,"SKX",2015-03-02T21:00:00Z,Buy,55.74,68.27,6,75.18,29.40881977961,0,81.36,27,1,"	1402,1423" 
2015-01-02T21:00:00Z,"TSRA",2015-03-02T21:00:00Z,Buy,35.47,41.93,5,32.3,4.5482791891581,-12.35,32.3,13.1,1,"	1403,1425" 
2015-01-02T21:00:00Z,"GPRE",2015-05-01T20:00:00Z,Buy,25.71,31.02,19,100.89,18.977741341815,-98.99,179.93,98.99,1,"	1401,1453" 
2015-01-02T21:00:00Z,"SKX",2015-05-01T20:00:00Z,Buy,55.74,91.67,6,215.58,2.0611677046263,0,215.58,27,1,"	1402,1457" 
2015-01-02T21:00:00Z,"SKX",2015-06-01T20:00:00Z,Buy,55.74,106.02,3,150.84,2.0300425049589,0,153.81,13.5,1,"	1402,1468" 
2015-01-02T21:00:00Z,"ARLP",2015-08-03T20:00:00Z,Buy,43.18,24.43,42,-787.5,23.29822339699,-838.74,0,838.74,0,"	1398,1483" 
2015-01-02T21:00:00Z,"SKX",2015-08-03T20:00:00Z,Buy,55.74,148.65,5,464.55,2.0494017946162,0,473.55,22.5,1,"	1402,1490" 
2015-01-02T21:00:00Z,"CALM",2015-10-01T20:00:00Z,Buy,38.65,56.47,6,106.92,5.7539714525513,-22.26,127.26,74.16,1,"	1399,1526" 
2015-02-02T21:00:00Z,"HP",2015-03-02T21:00:00Z,Buy,63.69,65.71,4,8.08,2.0427808564232,-24.92,174.28,21.72,1,"	1416,1421" 
2015-02-02T21:00:00Z,"PPC",2015-05-01T20:00:00Z,Buy,26.8,25.44,9,-12.24,7.7353976777763,-37.89,97.11,54.18,0,"	1418,1455" 
2015-02-02T21:00:00Z,"DECK",2015-08-03T20:00:00Z,Buy,68.96,71.58,6,15.72,3.820513544189,-17.34,182.58,53.58,1,"	1415,1486" 
2015-02-02T21:00:00Z,"WLK",2015-08-03T20:00:00Z,Buy,59.86,61.84,4,7.92,4.3469414967325,-174.76,152.4,75.12,1,"	1419,1492" 
2015-02-02T21:00:00Z,"BBY",2015-09-01T20:00:00Z,Buy,34.97,35.45,9,4.32,47.812724533656,-51.3,61.2,112.5,1,"	1414,1508" 
2015-03-02T21:00:00Z,"DEPO",2015-08-03T20:00:00Z,Buy,23.06,31.17,25,202.75,18.812006398824,-79,255.5,193.75,1,"	1431,1487" 
2015-03-02T21:00:00Z,"IDT",2015-09-01T20:00:00Z,Buy,21.85,15.05,87,-591.6,43.383653102281,-591.6,0,591.6,0,"	1432,1509" 
2015-03-02T21:00:00Z,"INTC",2015-09-01T20:00:00Z,Buy,34.06,27.82,55,-343.2,33.640706751421,-450.45,22,472.45,0,"	1433,1510" 
2015-03-02T21:00:00Z,"KLIC",2015-09-01T20:00:00Z,Buy,16.33,10.59,114,-654.36,17.31391666866,-721.62,0,721.62,0,"	1434,1511" 
2015-03-02T21:00:00Z,"MYGN",2015-09-01T20:00:00Z,Buy,33.49,36.65,7,22.12,6.987122918593,-17.85,61.04,47.88,1,"	1435,1513" 
2015-03-02T21:00:00Z,"RSC",2015-09-01T20:00:00Z,Buy,54.95,50.24,5,-23.55,2.05054267844,-55.5,261.95,115.8,0,"	1436,1514" 
2015-04-01T20:00:00Z,"LSCC",2015-05-01T20:00:00Z,Buy,6.28,6.12,42,-6.72,2.4160252365931,-14.7,58.8,24.36,0,"	1447,1454" 
2015-04-01T20:00:00Z,"PPC",2015-05-01T20:00:00Z,Buy,23.76,25.44,17,28.56,2.1788047808765,-19.89,235.11,27.2,1,"	1448,1455" 
2015-04-01T20:00:00Z,"HES",2015-06-01T20:00:00Z,Buy,69.18,66.76,3,-7.26,3.6204694508929,-11.19,95.76,33.96,0,"	1443,1466" 
2015-04-01T20:00:00Z,"ARLP",2015-08-03T20:00:00Z,Buy,32.99,24.43,13,-111.28,2.1282889620102,-127.14,132.47,146.38,0,"	1445,1483" 
2015-04-01T20:00:00Z,"WDC",2015-08-03T20:00:00Z,Buy,92.35,85.85,3,-19.5,2.0304417097022,-176.76,65.79,75.27,0,"	1450,1491" 
2015-04-01T20:00:00Z,"IDT",2015-09-01T20:00:00Z,Buy,18.98,15.05,17,-66.81,8.408565353759,-66.81,48.79,78.03,0,"	1446,1509" 
2015-05-01T20:00:00Z,"NLNK",2015-08-03T20:00:00Z,Buy,46.64,50.92,6,25.68,12.647044718423,-60.54,50.22,93.54,1,"	1464,1489" 
2015-05-01T20:00:00Z,"MEI",2015-10-01T20:00:00Z,Buy,43.59,31.99,14,-162.4,19.140554202337,-274.68,70.28,344.96,0,"	1462,1529" 
2015-05-01T20:00:00Z,"BCC",2015-11-02T21:00:00Z,Buy,35.4,30.55,53,-257.05,5.2143635437539,-549.08,200.34,749.42,0,"	1460,1539" 
2015-05-01T20:00:00Z,"ZUMZ",2015-11-02T21:00:00Z,Buy,31.89,17.87,58,-813.16,5.6669422223858,-1019.64,0,1019.64,0,"	1465,1545" 
2015-05-01T20:00:00Z,"MPC",2015-12-01T21:00:00Z,Buy,51.33,59.34,6,48.06,22.488994311614,-45.36,48.06,90.06,1,"	1463,1558" 
2015-06-01T20:00:00Z,"WLK",2015-08-03T20:00:00Z,Buy,70.71,61.84,3,-26.61,2.0300850943129,-163.62,81.75,39.36,0,"	1473,1492" 
2015-06-01T20:00:00Z,"KLIC",2015-09-01T20:00:00Z,Buy,13.13,10.59,25,-63.5,3.4232215219377,-78.25,80,85.25,0,"	1471,1511" 
2015-07-01T20:00:00Z,"ARLP",2015-08-03T20:00:00Z,Buy,25.02,24.43,17,-10.03,2.1704086538462,-30.77,308.72,30.77,0,"	1476,1483" 
2015-07-01T20:00:00Z,"DDS",2015-08-03T20:00:00Z,Buy,106.39,100.71,3,-17.04,3.6406990642215,-22.17,107.49,22.17,0,"	1477,1485" 
2015-07-01T20:00:00Z,"WDC",2015-08-03T20:00:00Z,Buy,79.44,85.85,3,19.23,2.03039020658,-138.03,104.52,13.14,1,"	1480,1491" 
2015-07-01T20:00:00Z,"AVA",2015-09-01T20:00:00Z,Buy,30.89,30.27,8,-4.96,2.0806264274062,-4.96,59.28,29.76,0,"	1481,1516" 
2015-07-01T20:00:00Z,"ZUMZ",2015-11-02T21:00:00Z,Buy,26.93,17.87,10,-90.6,2.1011265490049,-126.2,49.6,136.5,0,"	1482,1545" 
2015-08-03T20:00:00Z,"INTC",2015-09-01T20:00:00Z,Buy,29.05,27.82,8,-9.84,3.0209691859013,-25.44,43.28,30.16,0,"	1498,1510" 
2015-08-03T20:00:00Z,"KLIC",2015-09-01T20:00:00Z,Buy,10.09,10.59,37,18.5,6.3184716825926,-3.33,230.88,21.46,1,"	1499,1511" 
2015-08-03T20:00:00Z,"LHCG",2015-09-01T20:00:00Z,Buy,40.41,44.25,5,19.2,5.3615429671447,0,53.55,40.65,1,"	1500,1512" 
2015-08-03T20:00:00Z,"RSC",2015-09-01T20:00:00Z,Buy,50.43,50.24,6,-1.14,2.0585941130906,-39.48,341.46,55.08,0,"	1502,1514" 
2015-08-03T20:00:00Z,"PEG",2015-10-01T20:00:00Z,Buy,41.63,41.34,5,-1.45,5.6668570931928,-16.35,9.25,25.6,0,"	1501,1530" 
2015-08-03T20:00:00Z,"VDSI",2015-11-02T21:00:00Z,Buy,18.51,19.32,90,72.9,123.34419816746,-290.7,108,398.7,1,"	1506,1544" 
2015-08-03T20:00:00Z,"SCVL",2015-12-01T21:00:00Z,Buy,27.62,21.78,64,-373.76,22.629930455507,-1062.4,51.84,651.52,0,"	1503,1560" 
2015-09-01T20:00:00Z,"PSX",2015-11-02T21:00:00Z,Buy,77.59,90.6,3,39.03,4.2464043083098,-10.44,39.03,20.73,1,"	1521,1542" 
2015-09-01T20:00:00Z,"UFPI",2015-11-02T21:00:00Z,Buy,58.8,74.72,5,79.6,15.72090758252,-5.6,81.9,24.15,1,"	1523,1543" 
2015-09-01T20:00:00Z,"VDSI",2015-11-02T21:00:00Z,Buy,15.69,19.32,14,50.82,7.9598356011334,-5.74,56.28,30.52,1,"	1524,1544" 
2015-09-01T20:00:00Z,"MIC",2015-12-01T21:00:00Z,Buy,77.15,76.47,22,-14.96,4.4398346078235,-94.38,115.5,209.88,0,"	1519,1557" 
2015-09-01T20:00:00Z,"VG",2015-12-01T21:00:00Z,Buy,5.45,6.48,38,39.14,8.6442395336513,0,57,18.62,1,"	1525,1561" 
2015-10-01T20:00:00Z,"BCC",2015-11-02T21:00:00Z,Buy,25.04,30.55,13,71.63,2.1290721649485,0,183.82,38.22,1,"	1532,1539" 
2015-10-01T20:00:00Z,"ZUMZ",2015-11-02T21:00:00Z,Buy,15.23,17.87,38,100.32,2.3702751119642,-34.96,633.08,85.5,1,"	1538,1545" 
2015-10-01T20:00:00Z,"OTL",2015-12-01T21:00:00Z,Buy,47.99,58.23,5,51.2,19.671638745694,0,53.55,14.55,1,"	1536,1559" 
2015-11-02T21:00:00Z,"SCVL",2015-12-01T21:00:00Z,Buy,22.63,21.78,13.000028499986,-11.05,6.3124238278429,-150.93,75.4,62.92,0,"	1550,1560" 
