Entry Time,Symbols,Exit Time,Direction,Entry Price,Exit Price,Quantity,P&L,Fees,MAE,MFE,Drawdown,IsWin,Order Ids
2003-02-03T21:00:00Z,"DCO",2003-04-01T21:00:00Z,Buy,13.06,10.19,24,-68.88,4.474727224623,-78.24,1.92,80.16,0,"	7,41" 
2003-02-03T21:00:00Z,"EDEL",2003-04-01T21:00:00Z,Buy,11.79,10.36,45,-64.35,26.90672830231,-82.8,0,82.8,0,"	10,42" 
2003-02-03T21:00:00Z,"RAVN",2003-04-01T21:00:00Z,Buy,15.68,16.82,12,13.68,7.6149193122952,0,37.8,34.08,1,"	28,43" 
2003-02-03T21:00:00Z,"RBIN",2003-04-01T21:00:00Z,Buy,9.31,9.7,57,22.23,10.12093274898,-18.24,47.88,29.07,1,"	29,44" 
2003-02-03T21:00:00Z,"AAON",2003-05-01T20:00:00Z,Buy,16.18,13.73,26,-63.7,16.110409847627,-96.2,9.62,105.82,0,"	1,48" 
2003-02-03T21:00:00Z,"BIO",2003-05-01T20:00:00Z,Buy,35.48,47.72,6,73.44,4.1925868945869,-11.88,73.44,24.06,1,"	2,49" 
2003-02-03T21:00:00Z,"NVR",2003-05-01T20:00:00Z,Buy,328.08,352.25,1,24.17,7.1621345078777,-25.33,39.54,33.25,1,"	24,50" 
2003-02-03T21:00:00Z,"OXM",2003-05-01T20:00:00Z,Buy,24.02,36.26,16,195.84,7.2860392728287,-30.24,195.84,30.24,1,"	25,51" 
2003-02-03T21:00:00Z,"TENT",2003-05-01T20:00:00Z,Buy,8.14,7.49,30,-19.5,8.784714380454,-32.7,24,56.7,0,"	34,52" 
2003-02-03T21:00:00Z,"HOV",2003-06-02T20:00:00Z,Buy,29.61,57.81,5,141,7.3610203861426,-3.75,141,16.45,1,"	19,55" 
2003-02-03T21:00:00Z,"JOUT",2003-06-02T20:00:00Z,Buy,11.97,11.99,21,0.42,8.3640384059682,-64.47,8.61,64.47,1,"	21,56" 
2003-02-03T21:00:00Z,"CW",2003-07-01T20:00:00Z,Buy,54.06,63.5,10,94.4,14.453853389698,-10.5,105.9,87.8,1,"	6,63" 
2003-02-03T21:00:00Z,"ECP",2003-07-01T20:00:00Z,Buy,14.05,11.5,25,-63.75,8.3543360732534,-86.25,84.75,171,0,"	36,64" 
2003-02-03T21:00:00Z,"CNXS",2003-08-01T20:00:00Z,Buy,6.57,10.98,25,110.25,12.054558821813,-17.5,110.25,23.25,1,"	4,69" 
2003-02-03T21:00:00Z,"JJSF",2003-08-01T20:00:00Z,Buy,27.53,33.91,12,76.56,4.2446294386832,0,76.56,39.72,1,"	20,70" 
2003-02-03T21:00:00Z,"SGC",2003-08-01T20:00:00Z,Buy,12.1,13.95,46,85.1,11.935099360187,-87.4,109.94,87.4,1,"	32,71" 
2003-02-03T21:00:00Z,"EASI",2003-09-02T20:00:00Z,Buy,36.44,59.65,4,92.84,6.6311708457314,-17.4,92.84,24,1,"	8,75" 
2003-02-03T21:00:00Z,"OXM",2003-09-02T20:00:00Z,Buy,24.02,58.91,5,174.45,2.04946263644,-9.45,179.25,18.55,1,"	25,77" 
2003-02-03T21:00:00Z,"NUS",2003-10-01T20:00:00Z,Buy,12.14,13.23,29,31.61,7.2702596566332,-93.96,31.61,102.08,1,"	23,80" 
2003-02-03T21:00:00Z,"UTMD",2003-10-01T20:00:00Z,Buy,17.66,24.54,11,75.68,10.664574395391,-1.76,80.08,23.43,1,"	38,81" 
2003-02-03T21:00:00Z,"EXPO",2003-11-03T21:00:00Z,Buy,14.54,21.15,12,79.32,15.955211921206,-19.68,79.92,25.08,1,"	13,83" 
2003-02-03T21:00:00Z,"FLXS",2003-11-03T21:00:00Z,Buy,15.4,19.5,35,143.5,23.788054128472,-80.5,172.9,102.2,1,"	15,84" 
2003-02-03T21:00:00Z,"THO",2003-11-03T21:00:00Z,Buy,27.44,65.95,4,154.04,5.8181739556104,-22.16,154.04,23.6,1,"	35,85" 
2003-02-03T21:00:00Z,"UTMD",2003-12-01T21:00:00Z,Buy,17.66,22.56,28,137.2,12.675849195275,-4.48,206.36,93.24,1,"	38,94" 
2003-02-03T21:00:00Z,"BIO",2004-01-02T21:00:00Z,Buy,35.48,58.41,4,91.72,6.6815875209528,-7.92,107.48,53.76,1,"	2,97" 
2003-02-03T21:00:00Z,"RVFD",2004-01-02T21:00:00Z,Buy,24.95,27.7,24,66,22.466107387467,-67.44,125.28,102.48,1,"	31,99" 
2003-02-03T21:00:00Z,"EGN",2004-03-01T21:00:00Z,Buy,29.99,41.99,21,252,13.018452693847,-29.61,305.13,66.15,1,"	11,112" 
2003-02-03T21:00:00Z,"NEB",2004-03-01T21:00:00Z,Buy,21.96,32.04,23,231.84,16.060724894669,-21.62,231.84,121.9,1,"	22,113" 
2003-02-03T21:00:00Z,"POG",2004-03-01T21:00:00Z,Buy,25.432,52.45,4,108.07,7.8815648133431,0,108.07,26.6,1,"	27,114" 
2003-02-03T21:00:00Z,"WSO",2004-03-01T21:00:00Z,Buy,15.9,27.67,8,94.16,15.522930386357,-23.68,94.16,24,1,"	40,117" 
2003-02-03T21:00:00Z,"FIZ",2004-04-01T21:00:00Z,Buy,7.6350091620037,9.45,97,176.05,8.1389311514646,-71.3,345.81,169.75,1,"	14,127" 
2003-02-03T21:00:00Z,"BIO",2004-05-03T20:00:00Z,Buy,35.48,58.5,3,69.06,3.670862064501,-5.94,80.61,40.32,1,"	2,138" 
2003-02-03T21:00:00Z,"COLM",2004-05-03T20:00:00Z,Buy,35.05,53.45,10,184,10.692468251011,-22.5,242.3,87.6,1,"	5,139" 
2003-02-03T21:00:00Z,"HCSG",2004-05-03T20:00:00Z,Buy,8.4866809879295,15.99,50,375.17,4.8403909863108,-49.67,425.67,70.33,1,"	18,140" 
2003-02-03T21:00:00Z,"SGC",2004-05-03T20:00:00Z,Buy,12.1,16.23,22,90.86,9.7119782627361,-41.8,105.6,55,1,"	32,141" 
2003-02-03T21:00:00Z,"RAVN",2004-06-01T20:00:00Z,Buy,15.68,32,9,146.88,2.0906230333543,0,161.64,62.64,1,"	28,155" 
2003-02-03T21:00:00Z,"EBF",2004-07-01T20:00:00Z,Buy,11.31,18.49,33,236.94,8.5377545229429,-8.25,270.27,66.66,1,"	9,159" 
2003-02-03T21:00:00Z,"OXM",2004-07-01T20:00:00Z,Buy,12.01,42.2,9,271.71,5.4753594179547,-8.5,313.56,101.43,1,"	25,160" 
2003-02-03T21:00:00Z,"RCII",2004-07-01T20:00:00Z,Buy,20.944,29.58,20,172.72,15.870725021578,-51.76,273.12,134.2,1,"	30,161" 
2003-02-03T21:00:00Z,"TTWO",2004-07-01T20:00:00Z,Buy,20.82,30.22,14,131.6,19.24215776654,-28.42,283.78,186.06,1,"	37,163" 
2003-02-03T21:00:00Z,"CTR",2004-08-02T20:00:00Z,Buy,17.85,21.05,23,73.6,27.284750522267,-32.43,166.29,143.29,1,"	3,169" 
2003-02-03T21:00:00Z,"CNXS",2004-08-02T20:00:00Z,Buy,6.57,10.01,45,154.8,9.3872975936946,-31.5,357.75,234.45,1,"	4,170" 
2003-02-03T21:00:00Z,"WSO",2004-08-02T20:00:00Z,Buy,15.9,29.1,7,92.4,5.8993793592824,-20.72,101.85,33.95,1,"	40,172" 
2003-02-03T21:00:00Z,"FOSL",2004-09-01T20:00:00Z,Buy,11.96000598,28.43,7,115.29,12.003860845771,-7.23,119.7,39.2,1,"	16,179" 
2003-02-03T21:00:00Z,"HOV",2004-09-01T20:00:00Z,Buy,14.805,34.97,12,241.98,8.6381598046783,-4.5,401.58,227.04,1,"	19,180" 
2003-02-03T21:00:00Z,"RAVN",2004-09-01T20:00:00Z,Buy,15.68,41.42,5,128.7,5.8914122360164,0,128.7,34.8,1,"	28,181" 
2003-02-03T21:00:00Z,"EBF",2004-10-01T20:00:00Z,Buy,11.31,21.64,10,103.3,6.8539447043186,-2.5,106.7,28.3,1,"	9,191" 
2003-02-03T21:00:00Z,"THO",2004-10-01T20:00:00Z,Buy,13.72,27.66,16,223.04,2.2613378684807,-44.32,330.4,176.48,1,"	35,194" 
2003-02-03T21:00:00Z,"EASI",2004-12-01T21:00:00Z,Buy,24.293297986551,55.6,10.500015277515,328.72,10.334094738087,-30.45,380.17,206.12,1,"	8,209" 
2003-02-03T21:00:00Z,"POG",2004-12-01T21:00:00Z,Buy,12.716,31.8,8,152.67,3.4407241969898,0,164.83,48.64,1,"	27,212" 
2003-02-03T21:00:00Z,"SHOO",2004-12-01T21:00:00Z,Buy,16.99,19.14,29,62.35,12.520711168677,-56.84,173.42,203,1,"	33,214" 
2003-02-03T21:00:00Z,"POG",2005-01-03T21:00:00Z,Buy,12.716,36.14,7,163.97,2.0674613333333,0,173.49,42.56,1,"	27,225" 
2003-02-03T21:00:00Z,"OXM",2005-03-01T21:00:00Z,Buy,12.01,36.87,7,174.02,6.0910432054825,-6.62,243.88,82.95,1,"	25,245" 
2003-02-03T21:00:00Z,"FAF",2005-04-01T21:00:00Z,Buy,22.76,32.59,8,78.64,4.3691670433308,-8.24,120,59.04,1,"	12,249" 
2003-02-03T21:00:00Z,"WSO",2005-04-01T21:00:00Z,Buy,15.9,42.12,6,157.32,3.731686650583,-17.76,158.04,29.1,1,"	40,252" 
2003-02-03T21:00:00Z,"POG",2005-05-02T20:00:00Z,Buy,12.716,39.15,19,502.25,2.1927571909821,0,536.26,115.52,1,"	27,259" 
2003-02-03T21:00:00Z,"WMK",2005-05-02T20:00:00Z,Buy,31.15,38.08,9,62.37,19.049199123287,-28.89,73.35,54.54,1,"	39,261" 
2003-02-03T21:00:00Z,"WSO",2005-05-02T20:00:00Z,Buy,15.9,44.73,6,172.98,8.6595221572064,-17.76,172.98,29.1,1,"	40,262" 
2003-02-03T21:00:00Z,"FIZ",2005-06-01T20:00:00Z,Buy,7.6350091620037,8.18,6.9998752000998,3.81,3.0673902439024,-5.14,24.95,28.77,1,"	14,269" 
2003-02-03T21:00:00Z,"EXPO",2005-07-01T20:00:00Z,Buy,14.54,28.69,8,113.2,6.351892177531,-13.12,119.44,52.72,1,"	13,277" 
2003-02-03T21:00:00Z,"FOSL",2005-07-01T20:00:00Z,Buy,11.96000598,23.27,22.999985000007,260.13,12.320944225259,-23.77,455.86,296.24,1,"	16,278" 
2003-02-03T21:00:00Z,"GCI",2005-08-01T20:00:00Z,Buy,72.01,72.26,9,2.25,10.086814127021,-39.15,170.19,180,1,"	17,292" 
2003-02-03T21:00:00Z,"FAF",2005-10-03T20:00:00Z,Buy,22.76,45.82,6,138.36,2.0602762552072,-6.18,138.36,44.28,1,"	12,311" 
2003-02-03T21:00:00Z,"RAVN",2005-10-03T20:00:00Z,Buy,7.84,29.92,7,154.56,4.9876767699399,0,160.65,66.08,1,"	28,314" 
2003-02-03T21:00:00Z,"FAF",2005-12-01T21:00:00Z,Buy,22.76,47.84,5,125.4,4.643701782025,-5.15,128.8,36.9,1,"	12,334" 
2003-02-03T21:00:00Z,"PDX",2006-01-03T21:00:00Z,Buy,36.24,89.99,3,161.25,10.209854214589,-38.76,163.08,57,1,"	26,344" 
2003-02-03T21:00:00Z,"PDX",2006-03-01T21:00:00Z,Buy,36.24,95.76,4,238.08,2.0407229428025,-51.68,238.08,76,1,"	26,360" 
2003-02-03T21:00:00Z,"FAF",2006-06-01T20:00:00Z,Buy,22.76,42.19,6,116.58,2.060328884652,-6.18,157.92,66.36,1,"	12,395" 
2003-02-03T21:00:00Z,"WMK",2006-06-01T20:00:00Z,Buy,31.15,42.67,7,80.64,2.0744862842893,-22.47,105.07,42.42,1,"	39,398" 
2003-02-03T21:00:00Z,"EXPO",2006-08-01T20:00:00Z,Buy,7.27,15.34,29,234.03,14.298325856409,-23.78,298.12,95.56,1,"	13,416" 
2003-02-03T21:00:00Z,"RAVN",2006-10-02T20:00:00Z,Buy,7.84,28.97,25,528.25,2.3089103632123,0,850,377.25,1,"	28,435" 
2003-02-03T21:00:00Z,"WSO",2006-10-02T20:00:00Z,Buy,15.9,45.25,7,205.45,12.085226822002,-20.72,395.5,211.47,1,"	40,436" 
2003-02-03T21:00:00Z,"FAF",2006-12-01T21:00:00Z,Buy,22.76,38.63,4,63.48,2.4509338521401,-4.12,105.28,51.92,1,"	12,461" 
2003-02-03T21:00:00Z,"PDX",2006-12-01T21:00:00Z,Buy,18.12,48.55,6,182.58,5.2472497182141,-38.76,205.2,62.76,1,"	26,464" 
2003-02-03T21:00:00Z,"EXPO",2007-05-01T20:00:00Z,Buy,7.27,21.34,1,14.07,5.2550735200488,-0.82,15.98,3.3,1,"	13,516" 
2003-02-03T21:00:00Z,"WMK",2007-08-01T20:00:00Z,Buy,31.15,40.1,4,35.8,7.8830501467183,-12.84,60.04,32,1,"	39,560" 
2003-04-01T21:00:00Z,"ANK",2003-07-01T20:00:00Z,Buy,17.2,21.9,11,51.7,7.6941934037556,-1.98,55.99,15.4,1,"	45,61" 
2003-04-01T21:00:00Z,"ANK",2003-12-01T21:00:00Z,Buy,17.2,27,37,362.6,2.3748592870544,-6.66,362.6,127.65,1,"	45,92" 
2003-04-01T21:00:00Z,"MTSC",2004-02-02T21:00:00Z,Buy,11.45,23.78,9,110.97,19.216079879,-9.99,117.45,17.1,1,"	47,105" 
2003-04-01T21:00:00Z,"MTSC",2005-01-03T21:00:00Z,Buy,11.45,33.48,7,154.21,3.7021082167042,-7.77,162.12,66.78,1,"	47,223" 
2003-04-01T21:00:00Z,"MTSC",2005-02-01T21:00:00Z,Buy,11.45,36.5,6,150.3,3.8353039008381,-6.66,150.3,57.24,1,"	47,236" 
2003-04-01T21:00:00Z,"GDT",2005-11-01T21:00:00Z,Buy,36.83,63,6,157.02,17.651291038804,-7.68,228.96,132.72,1,"	46,328" 
2003-04-01T21:00:00Z,"GDT",2006-02-01T21:00:00Z,Buy,36.83,73.85,4,148.08,2.0401413235494,-5.12,159.48,88.48,1,"	46,348" 
2003-04-01T21:00:00Z,"MTSC",2006-04-03T20:00:00Z,Buy,11.45,41.33,7,209.16,13.951066259912,-7.77,219.52,87.36,1,"	47,371" 
2003-04-01T21:00:00Z,"GDT",2006-04-22T04:00:00Z,Buy,36.83,80.05,1,43.22,0,-1.28,43.22,22.12,1,"	46,383" 
2003-05-01T20:00:00Z,"BWS",2003-07-01T20:00:00Z,Buy,29.65,29.65,14,0,4.2826313075122,-65.1,24.64,89.74,0,"	53,62" 
2003-05-01T20:00:00Z,"RBIN",2004-03-01T21:00:00Z,Buy,10.41,18.44,22,176.66,15.427237357176,-10.12,183.26,29.26,1,"	54,115" 
2003-05-01T20:00:00Z,"RBIN",2004-09-01T20:00:00Z,Buy,10.41,19.96,41,391.55,10.000847009236,-18.86,409.59,61.5,1,"	54,182" 
2003-06-02T20:00:00Z,"RCKY",2003-12-01T21:00:00Z,Buy,8.9,18.5,14,134.4,6.6783721882701,0,136.92,28.42,1,"	58,93" 
2003-06-02T20:00:00Z,"RCKY",2004-02-02T21:00:00Z,Buy,8.9,25.3,13,213.2,10.50430082426,0,295.1,81.9,1,"	58,106" 
2003-06-02T20:00:00Z,"SGC",2004-05-03T20:00:00Z,Buy,11.25,16.23,20,99.6,2.2027027027027,-21,113,50,1,"	60,141" 
2003-06-02T20:00:00Z,"RCKY",2005-01-03T21:00:00Z,Buy,8.9,29.26,11,223.96,11.497441322804,0,249.7,173.69,1,"	58,226" 
2003-06-02T20:00:00Z,"RIMG",2005-04-01T21:00:00Z,Buy,10.79,19.94,13,118.95,5.4053105990749,-4.55,128.18,66.04,1,"	59,251" 
2003-06-02T20:00:00Z,"FIZ",2005-06-01T20:00:00Z,Buy,7.1500085800034,8.18,33.999959200033,35.02,3.0157184351058,-8.5,137.7,139.74,1,"	57,269" 
2003-06-02T20:00:00Z,"RIMG",2005-08-01T20:00:00Z,Buy,10.79,25.13,17,243.78,2.170884,-5.95,253.98,86.36,1,"	59,296" 
2003-06-02T20:00:00Z,"RIMG",2006-08-01T20:00:00Z,Buy,10.79,23.92,15,196.95,2.383112936345,-5.25,338.4,233.85,1,"	59,418" 
2003-07-01T20:00:00Z,"HOFT",2004-01-02T21:00:00Z,Buy,25.35,40.21,5,74.3,9.2468236473579,0,124.5,57.25,1,"	67,98" 
2003-07-01T20:00:00Z,"EGN",2004-03-01T21:00:00Z,Buy,33.39,41.99,8,68.8,2.0799521101467,-38.48,89.04,25.2,1,"	65,112" 
2003-07-01T20:00:00Z,"WDC",2004-03-01T21:00:00Z,Buy,11.85,11.58,29,-7.83,4.624952850597,-93.67,86.13,148.77,0,"	68,116" 
2003-07-01T20:00:00Z,"FRGO",2004-04-01T21:00:00Z,Buy,9.49,10.61,37,41.44,9.1700348823997,-3.33,257.15,246.05,1,"	66,128" 
2003-07-01T20:00:00Z,"HOFT",2004-04-01T21:00:00Z,Buy,12.675,23.16,22,230.67,11.381376834368,0,273.9,125.95,1,"	67,129" 
2003-08-01T20:00:00Z,"MSN",2003-09-02T20:00:00Z,Buy,6.5,3.8,58,-156.6,5.2632194916391,-212.28,29.58,241.86,0,"	73,76" 
2003-08-01T20:00:00Z,"GCI",2005-08-01T20:00:00Z,Buy,77.03,72.26,4,-19.08,3.7312079101539,-37.48,55.56,80,0,"	72,292" 
2003-08-01T20:00:00Z,"WMK",2007-08-01T20:00:00Z,Buy,32.45,40.1,6,45.9,4.3761664004308,-27.06,82.26,48,1,"	74,560" 
2003-08-01T20:00:00Z,"WMK",2007-09-04T20:00:00Z,Buy,32.45,43.01,2,21.12,6.6742375974461,-9.02,27.42,16,1,"	74,577" 
2003-09-02T20:00:00Z,"NUS",2003-10-01T20:00:00Z,Buy,11.5,13.23,23,39.79,4.5850027051167,-59.8,39.79,7.82,1,"	78,80" 
2003-09-02T20:00:00Z,"SAFM",2004-01-02T21:00:00Z,Buy,30.25,39.42,7,64.19,4.3108754706976,0,95.27,31.08,1,"	79,100" 
2003-09-02T20:00:00Z,"SAFM",2004-02-02T21:00:00Z,Buy,30.25,49.82,5,97.85,2.0506919006919,0,97.85,22.2,1,"	79,107" 
2003-09-02T20:00:00Z,"SAFM",2004-07-01T20:00:00Z,Buy,20.16667675,52.39,5,161.12,3.6337528209971,0,174.17,29.25,1,"	79,162" 
2003-09-02T20:00:00Z,"SAFM",2005-07-01T20:00:00Z,Buy,20.16667675,45.97,12.999991000004,335.44,2.2427992957746,0,452.83,306.8,1,"	79,281" 
2003-10-01T20:00:00Z,"ODP",2005-04-01T21:00:00Z,Buy,14.6,21.99,19,140.41,4.5716629861484,-14.25,156.37,101.08,1,"	82,250" 
2003-10-01T20:00:00Z,"ODP",2005-07-01T20:00:00Z,Buy,14.6,22.65,10,80.5,2.0992550394391,-7.5,84.1,53.2,1,"	82,280" 
2003-10-01T20:00:00Z,"ODP",2005-08-01T20:00:00Z,Buy,14.6,27.96,8,106.88,2.0986243386243,-6,111.44,42.56,1,"	82,295" 
2003-11-03T21:00:00Z,"BIO",2004-05-03T20:00:00Z,Buy,52.91,58.5,5,27.95,2.0506315789474,-97.05,47.2,52.3,1,"	86,138" 
2003-11-03T21:00:00Z,"EBF",2004-10-01T20:00:00Z,Buy,14.58,21.64,2,14.12,2.2062715171737,-7.04,14.8,5.66,1,"	88,191" 
2003-11-03T21:00:00Z,"EBF",2005-02-01T21:00:00Z,Buy,14.58,17.33,13,35.75,2.4254003506721,-45.76,96.2,66.69,1,"	88,234" 
2003-11-03T21:00:00Z,"FIZ",2005-06-01T20:00:00Z,Buy,7.5700090840036,8.18,39.999952000038,24.4,3.931468696587,-26.8,145.2,164.4,1,"	89,269" 
2003-11-03T21:00:00Z,"GCI",2005-08-01T20:00:00Z,Buy,84.48,72.26,3,-36.66,2.0301463066492,-50.46,19.32,60,0,"	90,292" 
2003-11-03T21:00:00Z,"CRMT",2005-10-03T20:00:00Z,Buy,20.16001008,17.67,23.999988000006,-59.76,15.63405402921,-95.84,127.2,200.64,0,"	87,310" 
2003-11-03T21:00:00Z,"GDT",2006-04-22T04:00:00Z,Buy,51.95,80.05,4,112.4,3.3352080706641,-65.6,112.4,88.48,1,"	91,383" 
2003-12-01T21:00:00Z,"ATRI",2004-04-01T21:00:00Z,Buy,49.05,42.18,9,-61.83,11.388928304581,-94.86,8.55,103.41,0,"	95,126" 
2003-12-01T21:00:00Z,"TALK",2005-05-02T20:00:00Z,Buy,10.9,8.62,27,-61.56,5.433247174832,-159.03,31.05,190.08,0,"	96,260" 
2004-01-02T21:00:00Z,"COLM",2004-05-03T20:00:00Z,Buy,54.77,53.45,4,-5.28,2.0401981651376,-87.88,18.04,27.32,0,"	102,139" 
2004-01-02T21:00:00Z,"RCII",2004-07-01T20:00:00Z,Buy,29.48,29.58,8,0.8,4.1264795981934,-88.99,40.96,44.88,1,"	104,161" 
2004-01-02T21:00:00Z,"CTR",2004-08-02T20:00:00Z,Buy,20.29,21.05,11,8.36,3.7095830846449,-42.35,52.69,29.48,1,"	101,169" 
2004-01-02T21:00:00Z,"GDYS",2004-10-01T20:00:00Z,Buy,9.59,8.63,45,-43.2,33.198751639853,-94.05,230.4,324.45,0,"	103,192" 
2004-02-02T21:00:00Z,"NEB",2004-03-01T21:00:00Z,Buy,30,32.04,7,14.28,3.5914321279966,-62.86,14.28,6.44,1,"	109,113" 
2004-02-02T21:00:00Z,"ODP",2005-08-01T20:00:00Z,Buy,16.04,27.96,2,23.84,4.0467936496225,-4.38,24.98,10.64,1,"	110,295" 
2004-02-02T21:00:00Z,"ODP",2006-05-01T20:00:00Z,Buy,16.04,40.65,6,147.66,2.0601034992607,-13.14,153.18,39.48,1,"	110,386" 
2004-02-02T21:00:00Z,"ODP",2006-08-01T20:00:00Z,Buy,16.04,36.07,6,120.18,3.6077388718684,-13.14,170.94,61.08,1,"	110,417" 
2004-02-02T21:00:00Z,"WSO",2006-10-02T20:00:00Z,Buy,22.95,45.25,11,245.3,3.8253544491145,-110.11,543.95,332.31,1,"	111,436" 
2004-02-02T21:00:00Z,"FAF",2006-12-01T21:00:00Z,Buy,30,38.63,7,60.41,2.0698835274542,-57.89,133.56,90.86,1,"	108,461" 
2004-03-01T21:00:00Z,"ASGN",2004-04-01T21:00:00Z,Buy,5.79,5.5,78,-22.62,17.690096050817,-54.6,16.38,70.98,0,"	119,125" 
2004-03-01T21:00:00Z,"BIO",2004-05-03T20:00:00Z,Buy,52.95,58.5,4,22.2,2.0405902644691,-77.8,37.6,13.36,1,"	120,138" 
2004-03-01T21:00:00Z,"COLM",2004-05-03T20:00:00Z,Buy,52.31,53.45,4,4.56,2.0401766513057,-78.04,27.88,21.12,1,"	123,139" 
2004-03-01T21:00:00Z,"SGC",2004-05-03T20:00:00Z,Buy,15.2,16.23,21,21.63,2.2098619329389,-105,35.7,14.7,1,"	124,141" 
2004-03-01T21:00:00Z,"CTR",2004-08-02T20:00:00Z,Buy,21.3,21.05,10,-2.5,3.1345113685466,-48.6,37.8,26.5,0,"	121,169" 
2004-03-01T21:00:00Z,"AHS",2004-09-01T20:00:00Z,Buy,18.37,11.54,38,-259.54,24.851757919273,-266.76,4.18,270.94,0,"	118,178" 
2004-03-01T21:00:00Z,"CALM",2005-02-01T21:00:00Z,Buy,18.995,12,14,-97.93,4.4190753748985,-125.93,17.57,143.5,0,"	122,233" 
2004-04-01T21:00:00Z,"QDEL",2004-08-02T20:00:00Z,Buy,6.41,3.46,66,-194.7,5.30580989519,-200.64,155.1,355.74,0,"	133,171" 
2004-04-01T21:00:00Z,"MTLM",2004-12-01T21:00:00Z,Buy,18.5,25.98,9,67.32,4.2403829007634,-58.5,71.73,69.52,1,"	131,211" 
2004-04-01T21:00:00Z,"SCHN",2004-12-01T21:00:00Z,Buy,32.12,35.7,14,50.12,8.7768396140422,-128.38,81.9,199.64,1,"	134,213" 
2004-04-01T21:00:00Z,"USNA",2004-12-01T21:00:00Z,Buy,23.83,30.45,18,119.16,4.368154936727,-6.84,213.12,139.5,1,"	136,215" 
2004-04-01T21:00:00Z,"TALK",2005-05-02T20:00:00Z,Buy,8.33,8.62,8,2.32,2.2655371900826,-26.56,29.76,40.08,1,"	135,260" 
2004-04-01T21:00:00Z,"TALK",2006-09-01T20:00:00Z,Buy,8.33,5.84,19,-47.31,7.1236181049832,-63.08,70.68,113.81,0,"	135,426" 
2004-04-01T21:00:00Z,"MTLM",2006-12-01T21:00:00Z,Buy,18.5,35.36,10,168.6,4.5584528978383,-65,180.7,133.8,1,"	131,463" 
2004-04-01T21:00:00Z,"PDX",2006-12-01T21:00:00Z,Buy,31.68,48.55,8,134.96,3.1569552941687,-160.16,165.12,83.68,1,"	132,464" 
2004-04-01T21:00:00Z,"EXPO",2007-05-01T20:00:00Z,Buy,11.35,21.34,20,199.8,4.6747604171722,-98,238,65.9,1,"	130,516" 
2004-04-01T21:00:00Z,"WMK",2007-09-04T20:00:00Z,Buy,33.84,43.01,5,45.85,4.0787881528675,-29.5,61.6,40,1,"	137,577" 
2004-04-01T21:00:00Z,"MTLM",2007-10-01T20:00:00Z,Buy,18.5,53.94,6,212.64,2.059679144385,-39,224.1,80.28,1,"	131,585" 
2004-04-01T21:00:00Z,"MTLM",2008-03-15T04:00:00Z,Buy,18.5,55.27,5,183.85,0,-32.5,225.5,70.3,1,"	131,653" 
2004-04-01T21:00:00Z,"WMK",2008-08-01T20:00:00Z,Buy,33.84,38.31,2,8.94,4.1564073131254,-11.8,24.64,31.58,1,"	137,729" 
2004-05-03T20:00:00Z,"RCII",2004-07-01T20:00:00Z,Buy,29.93,29.58,10,-3.5,2.1025351147653,-115.74,46.7,27,0,"	151,161" 
2004-05-03T20:00:00Z,"TTWO",2004-07-01T20:00:00Z,Buy,30.14,30.22,7,0.56,2.0730034602076,-79.45,76.65,21.14,1,"	153,163" 
2004-05-03T20:00:00Z,"HOV",2004-09-01T20:00:00Z,Buy,36.22,34.97,8,-10,2.0805784204672,-174.32,96.4,60.08,0,"	146,180" 
2004-05-03T20:00:00Z,"RBIN",2004-09-01T20:00:00Z,Buy,18.87,19.96,13,14.17,3.9100942491976,-115.96,19.89,19.5,1,"	150,182" 
2004-05-03T20:00:00Z,"ESCA",2004-11-01T21:00:00Z,Buy,17.5,14.02,32,-111.36,12.441862515323,-221.76,179.52,401.28,0,"	144,201" 
2004-05-03T20:00:00Z,"UWN",2004-11-01T21:00:00Z,Buy,15.47,10.69,41,-195.98,5.0534481247809,-226.73,20.91,247.64,0,"	154,205" 
2004-05-03T20:00:00Z,"EASI",2004-12-01T21:00:00Z,Buy,48.54,55.6,4.4999847224854,31.77,2.0498869475848,-122.16,53.82,84.91,1,"	142,209" 
2004-05-03T20:00:00Z,"MTEX",2004-12-01T21:00:00Z,Buy,10.59,21.99,18,205.2,20.823325823054,-29.34,230.04,62.28,1,"	147,210" 
2004-05-03T20:00:00Z,"SHOO",2004-12-01T21:00:00Z,Buy,19.32,19.14,11,-1.98,4.8552654013048,-47.19,40.15,43.78,0,"	152,214" 
2004-05-03T20:00:00Z,"EBF",2005-02-01T21:00:00Z,Buy,16.11,17.33,18,21.96,2.1934489659773,-90.9,105.66,92.34,1,"	143,234" 
2004-05-03T20:00:00Z,"OTL",2005-02-01T21:00:00Z,Buy,24.63,20.38,29,-123.25,8.3804074773438,-172.26,91.93,264.19,0,"	148,237" 
2004-05-03T20:00:00Z,"OXM",2005-03-01T21:00:00Z,Buy,39.14,36.87,8,-18.16,2.0807010309278,-224.6,61.68,73.04,0,"	149,245" 
2004-05-03T20:00:00Z,"MTEX",2005-10-03T20:00:00Z,Buy,10.59,11.7,18,19.98,2.3850632911392,-29.34,276.66,283.68,1,"	147,313" 
2004-05-03T20:00:00Z,"FAF",2006-12-01T21:00:00Z,Buy,27.2,38.63,8,91.44,3.2446500195232,-43.76,175.04,103.84,1,"	145,461" 
2004-06-01T20:00:00Z,"AHS",2004-09-01T20:00:00Z,Buy,14.95,11.54,18,-61.38,4.0363922487323,-64.8,63.54,71.64,0,"	156,178" 
2004-06-01T20:00:00Z,"MTSC",2006-04-03T20:00:00Z,Buy,22.28,41.33,11,209.55,2.1101483146067,-131.34,225.83,137.28,1,"	157,371" 
2004-06-01T20:00:00Z,"ODP",2006-08-01T20:00:00Z,Buy,16.61,36.07,1,19.46,2.3751859793516,-2.76,27.92,10.18,1,"	158,417" 
2004-06-01T20:00:00Z,"ODP",2008-03-03T21:00:00Z,Buy,16.61,11.08,13,-71.89,12.195527602636,-71.89,362.96,434.85,0,"	158,646" 
2004-07-01T20:00:00Z,"CNXS",2004-08-02T20:00:00Z,Buy,10.63,10.01,26,-16.12,5.9285405192722,-123.76,101.14,17.42,0,"	165,170" 
2004-07-01T20:00:00Z,"CRUS",2004-10-01T20:00:00Z,Buy,5.8,5.42,77,-29.26,15.71703168043,-92.4,20.02,112.42,0,"	166,190" 
2004-07-01T20:00:00Z,"CRMT",2005-10-03T20:00:00Z,Buy,19.84000992,17.67,10.499994750003,-22.79,4.8767030963495,-38.57,59.01,87.78,0,"	164,310" 
2004-07-01T20:00:00Z,"LPX",2005-10-03T20:00:00Z,Buy,23.3,27.44,32,132.48,16.5524400252,-62.08,168,182.72,1,"	167,312" 
2004-07-01T20:00:00Z,"RIMG",2006-08-01T20:00:00Z,Buy,15.06,23.92,14,124.04,3.1728483003994,-64.68,256.06,218.26,1,"	168,418" 
2004-08-02T20:00:00Z,"AHS",2004-09-01T20:00:00Z,Buy,12.6,11.54,16,-16.96,3.6389295767155,-20,94.08,22.72,0,"	173,178" 
2004-08-02T20:00:00Z,"AXE",2004-11-01T21:00:00Z,Buy,34.4,37.82,6,20.52,14.061448501457,-9.3,26.82,13.32,1,"	174,200" 
2004-08-02T20:00:00Z,"TESS",2004-11-01T21:00:00Z,Buy,15.64,12.89,33,-90.75,22.737681965724,-178.86,12.87,191.73,0,"	177,204" 
2004-08-02T20:00:00Z,"LCUT",2005-01-03T21:00:00Z,Buy,16.45,15.76,31,-21.39,25.246325778022,-148.18,18.91,167.09,0,"	175,222" 
2004-08-02T20:00:00Z,"RCKY",2005-01-03T21:00:00Z,Buy,19,29.26,12,123.12,4.1437693381894,-121.2,151.2,56.28,1,"	176,226" 
2004-08-02T20:00:00Z,"AXE",2005-03-01T21:00:00Z,Buy,34.4,37.46,7,21.42,2.0700748262961,-21.35,31.85,53.2,1,"	174,243" 
2004-08-02T20:00:00Z,"AXE",2006-04-03T20:00:00Z,Buy,34.4,47.29,23,296.47,2.3571302706104,-70.15,305.21,174.8,1,"	174,368" 
2004-09-01T20:00:00Z,"GDYS",2004-10-01T20:00:00Z,Buy,7.5,8.63,28,31.64,7.3859070035283,0,201.88,18.48,1,"	185,192" 
2004-09-01T20:00:00Z,"HOC",2004-10-01T20:00:00Z,Buy,20.91,25.95,17,85.68,8.3447902517323,-4.42,85.68,4.42,1,"	186,193" 
2004-09-01T20:00:00Z,"THO",2004-10-01T20:00:00Z,Buy,25.71,27.66,9,17.55,3.7038578340357,-132.84,77.94,23.04,1,"	187,194" 
2004-09-01T20:00:00Z,"HOC",2004-11-01T21:00:00Z,Buy,20.91,23.88,10,29.7,2.0976287816844,-2.6,64.9,42.8,1,"	186,202" 
2004-09-01T20:00:00Z,"UWN",2004-11-01T21:00:00Z,Buy,11.03,10.69,25,-8.5,4.1225464754195,-27.25,123.75,44.75,0,"	188,205" 
2004-09-01T20:00:00Z,"CALM",2005-02-01T21:00:00Z,Buy,10.7,12,20,26,2.1977818853974,-14,191,79.6,1,"	183,233" 
2004-09-01T20:00:00Z,"HOC",2005-02-01T21:00:00Z,Buy,20.91,30.5,12,115.08,2.1209917355372,-3.12,115.08,51.36,1,"	186,235" 
2004-09-01T20:00:00Z,"HOC",2005-03-01T21:00:00Z,Buy,20.91,37.11,7,113.4,2.0689045092838,-1.82,117.53,29.96,1,"	186,244" 
2004-09-01T20:00:00Z,"ECOL",2005-07-01T20:00:00Z,Buy,9.29,17.56,32,264.64,4.7666717540997,0,277.76,79.36,1,"	184,276" 
2004-09-01T20:00:00Z,"ZEUS",2005-08-01T20:00:00Z,Buy,20.63,15.89,19,-90.06,8.9531184707511,-140.98,176.13,317.11,0,"	189,297" 
2004-09-01T20:00:00Z,"HOC",2005-09-01T20:00:00Z,Buy,20.91,57.21,5,181.5,2.0508081705151,-1.3,181.5,31.45,1,"	186,305" 
2004-09-01T20:00:00Z,"ECOL",2006-05-01T20:00:00Z,Buy,9.29,25.5,13,210.73,2.1242503748126,0,226.07,71.76,1,"	184,384" 
2004-09-01T20:00:00Z,"HOC",2006-06-01T20:00:00Z,Buy,20.91,85,4,256.36,7.6438039076533,-1.04,256.36,67.24,1,"	186,396" 
2004-09-01T20:00:00Z,"HOC",2007-06-01T20:00:00Z,Buy,10.455,71.35,3,182.68,2.6434470888341,-0.39,182.68,49.35,1,"	186,532" 
2004-09-01T20:00:00Z,"HOC",2008-03-03T21:00:00Z,Buy,10.455,53.69,6,259.41,2.0604617117117,-0.78,416.49,228,1,"	186,643" 
2004-09-01T20:00:00Z,"HOC",2008-05-01T20:00:00Z,Buy,10.455,41.73,13,406.58,2.2017403915881,-1.69,902.4,531.05,1,"	186,667" 
2004-10-01T20:00:00Z,"SEB",2004-11-01T21:00:00Z,Buy,608,680,1,72,4.0200897123354,-52,124,52,1,"	197,203" 
2004-10-01T20:00:00Z,"SHOO",2004-12-01T21:00:00Z,Buy,17.89,19.14,13,16.25,4.3248188400857,-37.18,66.04,24.96,1,"	198,214" 
2004-10-01T20:00:00Z,"NATR",2005-01-03T21:00:00Z,Buy,15.38,20.38,10,50,17.564785601484,-11.3,57.6,14.2,1,"	196,224" 
2004-10-01T20:00:00Z,"CYBE",2005-09-01T20:00:00Z,Buy,16.88,13.9,28,-83.44,19.024245983255,-184.8,8.12,192.92,0,"	195,304" 
2004-10-01T20:00:00Z,"NATR",2006-05-01T20:00:00Z,Buy,15.38,10.04,36,-192.24,67.26,-192.24,281.88,474.12,0,"	196,385" 
2004-10-01T20:00:00Z,"TALK",2006-09-01T20:00:00Z,Buy,5.35,5.84,48,23.52,3.8637067494136,-16.32,321.6,287.52,1,"	199,426" 
2004-11-01T21:00:00Z,"CIX",2005-05-02T20:00:00Z,Buy,15.55,14.62,49,-45.57,11.294644315827,-48.51,122.5,171.01,0,"	206,257" 
2004-11-01T21:00:00Z,"LAWS",2005-12-01T21:00:00Z,Buy,44.2,38.64,21,-116.76,25.015286668447,-271.95,203.28,475.23,0,"	207,335" 
2004-11-01T21:00:00Z,"PCU",2006-01-03T21:00:00Z,Buy,43.81,69.25,3,76.32,5.9298333003079,-6.51,80.22,67.56,1,"	208,343" 
2004-11-01T21:00:00Z,"PCU",2006-02-01T21:00:00Z,Buy,43.81,86.84,4,172.12,2.0398622905669,-8.68,173.32,90.08,1,"	208,349" 
2004-11-01T21:00:00Z,"PCU",2007-03-01T21:00:00Z,Buy,21.905,69.75,6,287.07,2.0593701234218,-6.51,317.73,104.67,1,"	208,494" 
2004-11-01T21:00:00Z,"PCU",2007-08-01T20:00:00Z,Buy,21.905,108.25,3,259.04,3.2025611693839,-3.26,279.28,52.34,1,"	208,559" 
2004-11-01T21:00:00Z,"PCU",2007-10-01T20:00:00Z,Buy,21.905,127.8,2,211.79,4.4247756496443,-2.17,211.79,61.26,1,"	208,586" 
2004-11-01T21:00:00Z,"PCU",2008-05-01T20:00:00Z,Buy,21.905,110,1,88.1,2.0864628820961,-1.08,119.62,61.2,1,"	208,672" 
2004-12-01T21:00:00Z,"EBF",2005-02-01T21:00:00Z,Buy,19.99,17.33,11,-29.26,5.8181288528623,-98.23,21.89,34.54,0,"	216,234" 
2004-12-01T21:00:00Z,"WWW",2005-02-01T21:00:00Z,Buy,31,32.09,28,30.52,23.373978592289,-37.52,33.6,55.16,1,"	221,238" 
2004-12-01T21:00:00Z,"RBIN",2005-06-01T20:00:00Z,Buy,12.63,13.52,16,14.24,34.388656708901,-16.16,20.96,33.28,1,"	220,270" 
2004-12-01T21:00:00Z,"NL",2005-07-01T20:00:00Z,Buy,23.11,15.24,28,-220.36,9.5652963875656,-241.08,5.32,246.4,0,"	218,279" 
2004-12-01T21:00:00Z,"GCI",2005-08-01T20:00:00Z,Buy,83,72.26,4,-42.96,3.5765506325026,-61.36,31.68,48.32,0,"	217,292" 
2004-12-01T21:00:00Z,"RBIN",2005-11-01T21:00:00Z,Buy,12.63,10.99,54,-88.56,2.7379854809437,-172.8,91.26,264.06,0,"	220,330" 
2004-12-01T21:00:00Z,"NUE",2006-04-03T20:00:00Z,Buy,52.27,107.97,3,167.1,14.950405866149,-19.8,167.1,54.63,1,"	219,372" 
2004-12-01T21:00:00Z,"NUE",2006-11-01T21:00:00Z,Buy,26.135,57.34,4,124.82,4.5385287344023,-13.2,141.5,53.56,1,"	219,451" 
2004-12-01T21:00:00Z,"NUE",2008-04-01T20:00:00Z,Buy,26.135,69.25,4,172.46,4.8664707717345,-13.2,192.98,92.28,1,"	219,656" 
2004-12-01T21:00:00Z,"NUE",2008-11-03T21:00:00Z,Buy,26.135,37.93,12,141.54,2.1498469135802,-39.6,669.06,647.64,1,"	219,769" 
2005-01-03T21:00:00Z,"AIT",2005-02-01T21:00:00Z,Buy,25.95,28.12,9,19.53,4.3530869651704,-24.84,27,24.84,1,"	228,232" 
2005-01-03T21:00:00Z,"OXM",2005-03-01T21:00:00Z,Buy,40.19,36.87,5,-16.6,2.0487151515152,-145.62,33.3,25.95,0,"	231,245" 
2005-01-03T21:00:00Z,"AEOS",2005-04-01T21:00:00Z,Buy,23.369967048316,28.78,10,54.1,19.717371113143,0,61.8,23.5,1,"	227,248" 
2005-01-03T21:00:00Z,"AEOS",2006-04-03T20:00:00Z,Buy,23.369967048316,28.79,30.000056400051,162.6,9.5127142709019,-102.3,303.3,405.6,1,"	227,367" 
2005-01-03T21:00:00Z,"AXE",2006-04-03T20:00:00Z,Buy,35.52,47.29,6,70.62,2.9702388540152,-25.02,72.9,41.04,1,"	229,368" 
2005-01-03T21:00:00Z,"AIT",2007-09-04T20:00:00Z,Buy,17.30000865,32.81,16,248.16,24.140365719004,-29.44,248.16,159.09,1,"	228,570" 
2005-01-03T21:00:00Z,"EXPO",2007-09-04T20:00:00Z,Buy,13.635,24.86,18,202.05,21.807156066664,-129.33,210.15,67.14,1,"	230,573" 
2005-01-03T21:00:00Z,"AIT",2008-09-02T20:00:00Z,Buy,17.30000865,28.7,7,79.8,6.544556414212,-12.88,126.07,89.67,1,"	228,736" 
2005-01-03T21:00:00Z,"AIT",2008-11-03T21:00:00Z,Buy,17.30000865,19.93,5.4999857500071,14.46,14.795187132372,-10.12,99.05,95.7,1,"	228,764" 
2005-02-01T21:00:00Z,"NVR",2005-05-02T20:00:00Z,Buy,794.9,709.89,1,-85.01,8.8453172372973,-85.01,13.85,98.86,0,"	242,258" 
2005-02-01T21:00:00Z,"AMED",2005-07-01T20:00:00Z,Buy,31.05,37.73,18,120.24,4.3702916847284,-38.7,120.24,94.5,1,"	240,275" 
2005-02-01T21:00:00Z,"MLI",2005-08-01T20:00:00Z,Buy,31.96,29.22,30,-82.2,15.401337996389,-205.8,0.9,206.7,0,"	241,293" 
2005-02-01T21:00:00Z,"ABFS",2005-11-01T21:00:00Z,Buy,40.86,38.8,10,-20.6,6.6092018937932,-103.4,39.2,142.6,0,"	239,327" 
2005-02-01T21:00:00Z,"ABFS",2006-07-03T17:00:00Z,Buy,40.86,50.55,5,48.45,2.0504289704709,-51.7,48.45,71.3,1,"	239,404" 
2005-02-01T21:00:00Z,"ABFS",2007-07-02T20:00:00Z,Buy,40.86,39.4,6,-8.76,20.490026053354,-62.04,58.14,92.46,0,"	239,540" 
2005-03-01T21:00:00Z,"CIX",2005-05-02T20:00:00Z,Buy,16.66,14.62,13,-26.52,3.0501215671862,-27.3,18.07,37.57,0,"	247,257" 
2005-03-01T21:00:00Z,"CTR",2007-06-01T20:00:00Z,Buy,20.12667673,21.83,47.999976000012,81.76,22.092931994087,-146.88,291.52,283.2,1,"	246,530" 
2005-04-01T21:00:00Z,"FIZ",2005-06-01T20:00:00Z,Buy,7.9,8.18,26.000213599829,7.28,3.5440683544902,-26,85.8,21.06,1,"	253,269" 
2005-04-01T21:00:00Z,"SAFM",2005-07-01T20:00:00Z,Buy,42.44,45.97,5,17.65,2.6925345590034,-111.37,62.8,31.4,1,"	255,281" 
2005-04-01T21:00:00Z,"STLD",2005-10-03T20:00:00Z,Buy,34.41,32.9,16,-24.16,9.4190922585346,-142.4,8.16,142.4,0,"	256,315" 
2005-04-01T21:00:00Z,"GDT",2006-04-22T04:00:00Z,Buy,73.76,80.05,3,18.87,2.4148266374283,-114.63,18.87,55.29,1,"	254,383" 
2005-04-01T21:00:00Z,"FIZ",2010-07-01T20:00:00Z,Buy,7.9,12.28,0.99978640017088,4.38,7.924293981849,-1,6.39,3.48,1,"	253,1000" 
2005-05-02T20:00:00Z,"FOSL",2005-07-01T20:00:00Z,Buy,23.23,23.27,9.0000149999925,0.36,5.2775321085662,-110.73,76.95,51.93,1,"	264,278" 
2005-05-02T20:00:00Z,"WEYS",2005-07-01T20:00:00Z,Buy,18.69,19.99,14,18.2,8.3182654786225,-7.7,35.84,35.98,1,"	267,282" 
2005-05-02T20:00:00Z,"MLI",2005-08-01T20:00:00Z,Buy,26.28,29.22,8,23.52,3.514452589814,-9.44,45.68,15.6,1,"	266,293" 
2005-05-02T20:00:00Z,"X",2005-12-01T21:00:00Z,Buy,42.73,48.98,14,87.5,12.543651541422,-119.84,87.5,150.08,1,"	268,336" 
2005-05-02T20:00:00Z,"GDT",2006-04-22T04:00:00Z,Buy,74.08,80.05,3,17.91,2.4487718276476,-115.59,17.91,53.13,1,"	265,383" 
2005-05-02T20:00:00Z,"ECOL",2006-10-02T20:00:00Z,Buy,11.71,19.63,18,142.56,16.992194350717,-43.56,280.44,156.42,1,"	263,432" 
2005-05-02T20:00:00Z,"WEYS",2007-03-01T21:00:00Z,Buy,18.69,25.51,9,61.38,2.08968359375,-12.51,73.35,58.95,1,"	267,497" 
2005-05-02T20:00:00Z,"WEYS",2007-09-04T20:00:00Z,Buy,18.69,29.6,11,120.01,8.2928437835731,-15.29,151.69,72.05,1,"	267,576" 
2005-05-02T20:00:00Z,"WEYS",2008-02-01T21:00:00Z,Buy,18.69,28.98,11,113.19,9.3071923851692,-15.29,165.22,98.56,1,"	267,627" 
2005-05-02T20:00:00Z,"WEYS",2008-10-01T20:00:00Z,Buy,18.69,32.89,8,113.6,7.1084543785098,-11.12,166,71.68,1,"	267,754" 
2005-05-02T20:00:00Z,"WEYS",2009-10-01T20:00:00Z,Buy,18.69,22.35,6,21.96,9.9986194987484,-8.34,124.5,115.5,1,"	267,884" 
2005-05-02T20:00:00Z,"FOSL",2010-06-01T20:00:00Z,Buy,23.23,36.23,0.9999850000075,13,8.1138680320918,-12.3,18.65,6.51,1,"	264,989" 
2005-06-01T20:00:00Z,"SAFM",2005-07-01T20:00:00Z,Buy,39.15,45.97,6.0000089999955,40.92,4.9241151758545,-113.9,95.1,6.96,1,"	273,281" 
2005-06-01T20:00:00Z,"LPX",2005-10-03T20:00:00Z,Buy,25.57,27.44,8,14.96,2.0813359840954,-33.68,23.84,24.48,1,"	271,312" 
2005-06-01T20:00:00Z,"SPTN",2006-02-01T21:00:00Z,Buy,12.92,12.08,59,-49.56,10.31685359134,-233.64,140.42,374.06,0,"	274,351" 
2005-06-01T20:00:00Z,"ODP",2008-03-03T21:00:00Z,Buy,20.3,11.08,11,-101.42,2.7697898876078,-101.42,266.53,367.95,0,"	272,646" 
2005-06-01T20:00:00Z,"SAFM",2014-02-03T21:00:00Z,Buy,39.15,71.97,0.9999910000045,32.82,3.4535016283991,-18.98,37.33,4.51,1,"	273,1559" 
2005-07-01T20:00:00Z,"GCI",2005-08-01T20:00:00Z,Buy,71.91,72.26,4,1.4,2.5779332427265,-17,76.04,9.28,1,"	286,292" 
2005-07-01T20:00:00Z,"MSTR",2005-08-01T20:00:00Z,Buy,53.95,78.31,3,73.08,4.1221657132942,0,73.08,14.55,1,"	287,294" 
2005-07-01T20:00:00Z,"CYBE",2005-09-01T20:00:00Z,Buy,13.03,13.9,16,13.92,4.3875515338701,-44,66.24,25.6,1,"	285,304" 
2005-07-01T20:00:00Z,"STLD",2005-10-03T20:00:00Z,Buy,26.63,32.9,8,50.16,2.0811890243902,-8.96,66.32,41.12,1,"	290,315" 
2005-07-01T20:00:00Z,"COP",2005-11-01T21:00:00Z,Buy,59.15,66.1,4,27.8,4.2359266731906,-5.8,47.28,53.08,1,"	289,329" 
2005-07-01T20:00:00Z,"CMC",2006-04-03T20:00:00Z,Buy,24.24,54.28,6,180.24,4.3061703036895,-0.24,180.6,43.86,1,"	284,369" 
2005-07-01T20:00:00Z,"NVR",2006-04-03T20:00:00Z,Buy,802.55,753.2,1,-49.35,7.3109486046216,-141.56,135.5,277.06,0,"	288,373" 
2005-07-01T20:00:00Z,"CMC",2006-11-01T21:00:00Z,Buy,12.12,26.01,9,125.01,2.0879046188509,-0.18,171.4,108.5,1,"	284,448" 
2005-07-01T20:00:00Z,"COP",2007-01-03T21:00:00Z,Buy,59.15,68.08,3,26.79,2.0284456824513,-9.36,41.85,49.41,1,"	289,477" 
2005-07-01T20:00:00Z,"MSTR",2007-03-01T21:00:00Z,Buy,53.95,125.25,2,142.6,4.4461988956736,0,156.9,59.54,1,"	287,492" 
2005-07-01T20:00:00Z,"ABFS",2007-07-02T20:00:00Z,Buy,32.56,39.4,7,47.88,2.0716054037072,-14.28,125.93,107.87,1,"	283,540" 
2005-07-01T20:00:00Z,"MSTR",2007-07-02T20:00:00Z,Buy,53.95,94.59,4,162.56,2.1201269975659,0,313.8,154.64,1,"	287,545" 
2005-07-01T20:00:00Z,"COP",2007-07-02T20:00:00Z,Buy,59.15,80.05,3,62.7,3.3693657360624,-9.36,64.71,49.41,1,"	289,546" 
2005-07-01T20:00:00Z,"COP",2008-03-03T21:00:00Z,Buy,59.15,83.36,3,72.63,2.0301992512982,-9.36,93.12,57,1,"	289,647" 
2005-07-01T20:00:00Z,"COP",2008-05-01T20:00:00Z,Buy,59.15,86.59,6,164.64,2.1913257355506,-18.72,186.24,114,1,"	289,671" 
2005-07-01T20:00:00Z,"CMC",2008-07-01T20:00:00Z,Buy,12.12,36.95,6,148.98,6.6625735868665,-0.12,163.68,77.94,1,"	284,705" 
2005-07-01T20:00:00Z,"WMK",2008-08-01T20:00:00Z,Buy,37.45,38.31,6,5.16,2.0579422382671,-57.06,52.26,94.74,1,"	291,729" 
2005-07-01T20:00:00Z,"CMC",2008-10-01T20:00:00Z,Buy,12.12,16.28,21,87.36,2.4048312611012,-0.42,572.88,493.08,1,"	284,747" 
2005-08-01T20:00:00Z,"CRMT",2005-10-03T20:00:00Z,Buy,21.44,17.67,12.500017249991,-47.13,6.201106796587,-65.92,50.25,57.5,0,"	299,310" 
2005-08-01T20:00:00Z,"WWW",2006-02-01T21:00:00Z,Buy,22.25,24.06,53,95.93,14.930639952462,-124.02,95.93,147.34,1,"	303,352" 
2005-08-01T20:00:00Z,"PLPC",2006-07-03T17:00:00Z,Buy,41.03,37,22,-88.66,4.5220926970032,-226.16,131.34,357.5,0,"	302,406" 
2005-08-01T20:00:00Z,"PDX",2006-12-01T21:00:00Z,Buy,39.34,48.55,10,92.1,2.0501977797627,-276.8,129.8,104.6,1,"	301,464" 
2005-08-01T20:00:00Z,"BKE",2007-01-03T21:00:00Z,Buy,42.56,52.93,9,93.33,17.200587173165,-96.3,93.33,98.46,1,"	298,476" 
2005-08-01T20:00:00Z,"BKE",2007-06-01T20:00:00Z,Buy,28.373292050154,40.8,6,74.56,3.5222356494041,-42.8,75.1,43.76,1,"	298,529" 
2005-08-01T20:00:00Z,"BKE",2007-09-04T20:00:00Z,Buy,28.373292050154,36.62,8,65.97,8.5378521087917,-57.07,100.45,65.52,1,"	298,571" 
2005-08-01T20:00:00Z,"BKE",2008-02-01T21:00:00Z,Buy,28.373292050154,42.14,5.5000283725271,75.72,2.0810384615385,-39.23,81.66,67.27,1,"	298,622" 
2005-08-01T20:00:00Z,"PCU",2008-05-01T20:00:00Z,Buy,26.3,110,8,669.6,2.0411339198436,-43.84,921.76,489.6,1,"	300,672" 
2005-08-01T20:00:00Z,"CRMT",2009-04-01T20:00:00Z,Buy,21.44,13.94,0.49998275000863,-3.75,12.152996601204,-7.07,2.01,7.2,0,"	299,823" 
2005-09-01T20:00:00Z,"MTEX",2005-10-03T20:00:00Z,Buy,12.45,11.7,21,-15.75,4.4900304245455,-73.29,283.71,53.76,0,"	307,313" 
2005-09-01T20:00:00Z,"FAF",2006-12-01T21:00:00Z,Buy,41.79,38.63,5,-15.8,3.0778457083728,-100.3,36.45,64.9,0,"	306,461" 
2005-09-01T20:00:00Z,"SCVL",2007-01-03T21:00:00Z,Buy,16.36,31.42,7,105.42,4.408565312136,-16.59,106.68,61.6,1,"	308,478" 
2005-09-01T20:00:00Z,"SCVL",2007-10-01T20:00:00Z,Buy,16.36,15.79,27,-15.39,2.6404055766793,-63.99,508.95,549.45,0,"	308,587" 
2005-09-01T20:00:00Z,"WMK",2008-08-01T20:00:00Z,Buy,38.75,38.31,6,-2.64,2.0613132911392,-64.86,44.46,94.74,0,"	309,729" 
2005-10-03T20:00:00Z,"RBIN",2005-11-01T21:00:00Z,Buy,10.31,10.99,20,13.6,2.2015640273705,-17.6,80.2,18,1,"	325,330" 
2005-10-03T20:00:00Z,"LAWS",2005-12-01T21:00:00Z,Buy,36.28,38.64,7,16.52,4.8065380377939,-35.21,123.2,35.21,1,"	320,335" 
2005-10-03T20:00:00Z,"X",2005-12-01T21:00:00Z,Buy,41.49,48.98,5,37.45,2.0489962210675,-36.6,37.45,34.2,1,"	326,336" 
2005-10-03T20:00:00Z,"PETS",2006-01-03T21:00:00Z,Buy,10.62,14.31,22,81.18,4.9292795014451,-17.16,107.8,47.08,1,"	324,345" 
2005-10-03T20:00:00Z,"GDT",2006-04-22T04:00:00Z,Buy,68.71,80.05,5,56.7,2.0498621190131,-165.8,56.7,79.45,1,"	318,383" 
2005-10-03T20:00:00Z,"CNXS",2006-06-01T20:00:00Z,Buy,25.99,23.41,21,-54.18,19.540402147055,-115.5,56.49,171.99,0,"	317,394" 
2005-10-03T20:00:00Z,"PETS",2006-11-01T21:00:00Z,Buy,10.62,12.14,47,71.44,2.670128,-54.99,440.86,495.85,1,"	324,452" 
2005-10-03T20:00:00Z,"PDX",2006-12-01T21:00:00Z,Buy,38.49,48.55,8,80.48,3.1349310280761,-214.64,110.64,83.68,1,"	323,464" 
2005-10-03T20:00:00Z,"KOMG",2007-02-01T21:00:00Z,Buy,32.45,33.75,20,26,4.460310429727,-150.2,420.6,453.4,1,"	319,482" 
2005-10-03T20:00:00Z,"MCRI",2007-02-01T21:00:00Z,Buy,16.75,24.59,31,243.04,21.773960669684,-35.65,488.87,459.11,1,"	321,483" 
2005-10-03T20:00:00Z,"ABFS",2007-07-02T20:00:00Z,Buy,34.43,39.4,6,29.82,2.0592769010043,-23.46,96.72,92.46,1,"	316,540" 
2005-10-03T20:00:00Z,"MTLM",2008-03-15T04:00:00Z,Buy,25.6,55.27,8,237.36,2.0807889546351,-108.8,304,112.48,1,"	322,653" 
2005-11-01T21:00:00Z,"RS",2006-02-01T21:00:00Z,Buy,57.76,78.45,3,62.07,12.358508273537,0,68.64,16.53,1,"	333,350" 
2005-11-01T21:00:00Z,"AXE",2006-04-03T20:00:00Z,Buy,37.39,47.29,7,69.3,2.41550102479,-42.28,71.96,23.66,1,"	331,368" 
2005-11-01T21:00:00Z,"RS",2007-03-01T21:00:00Z,Buy,28.88,44.78,5,79.5,3.5951147072222,0,99.42,97.58,1,"	333,495" 
2005-11-01T21:00:00Z,"RS",2007-05-01T20:00:00Z,Buy,28.88,59.45,6,183.42,2.0600606162654,0,195.42,117.09,1,"	333,518" 
2005-11-01T21:00:00Z,"MSTR",2007-07-02T20:00:00Z,Buy,70.9,94.59,3,71.07,4.18592214956,-50.85,184.5,115.98,1,"	332,545" 
2005-11-01T21:00:00Z,"RS",2008-03-03T21:00:00Z,Buy,28.88,56.14,4,109.04,2.0404539722573,0,139.4,82.08,1,"	333,648" 
2005-11-01T21:00:00Z,"RS",2008-07-01T20:00:00Z,Buy,28.88,78.12,4,196.96,3.3795040307091,0,196.96,82.08,1,"	333,707" 
2005-11-01T21:00:00Z,"RS",2009-02-02T21:00:00Z,Buy,28.88,22.21,9,-60.03,12.407364887908,-145.98,443.16,589.14,0,"	333,807" 
2005-12-01T21:00:00Z,"WWW",2006-02-01T21:00:00Z,Buy,22.5,24.06,10,15.6,2.1039741219963,-25.9,15.6,15.2,1,"	342,352" 
2005-12-01T21:00:00Z,"NATR",2006-05-01T20:00:00Z,Buy,20.03,10.04,16,-159.84,7.3508480644666,-159.84,50.88,159.84,0,"	339,385" 
2005-12-01T21:00:00Z,"SNHY",2006-06-01T20:00:00Z,Buy,18.75,19.97,24,29.28,30.36591323725,-28.08,159.36,141.36,1,"	340,397" 
2005-12-01T21:00:00Z,"ECOL",2006-10-02T20:00:00Z,Buy,16.65,19.63,15,44.7,2.1520085209982,-110.4,159.6,130.35,1,"	338,432" 
2005-12-01T21:00:00Z,"VLO",2007-04-02T20:00:00Z,Buy,50.55,64.95,4,57.6,4.1243177125565,-9.6,74.08,83.68,1,"	341,507" 
2005-12-01T21:00:00Z,"VLO",2008-06-02T20:00:00Z,Buy,50.55,52.84,12,27.48,13.907603981454,-71.88,326.04,397.92,1,"	341,692" 
2005-12-01T21:00:00Z,"AIT",2008-11-03T21:00:00Z,Buy,21.4000107,19.93,10.499994750003,-15.44,2.0703947368421,-62.37,146.05,182.7,0,"	337,764" 
2006-01-03T21:00:00Z,"TALK",2006-09-01T20:00:00Z,Buy,8.88,5.84,28,-85.12,3.5247156981296,-108.36,88.76,126.28,0,"	347,426" 
2006-01-03T21:00:00Z,"BKE",2008-02-01T21:00:00Z,Buy,21.793301624049,42.14,2.4999716274729,50.87,4.0970007245984,-1.38,53.57,30.57,1,"	346,622" 
2006-01-03T21:00:00Z,"BKE",2008-03-03T21:00:00Z,Buy,21.793301624049,44.23,5,112.18,2.6374355228012,-2.77,129.13,61.15,1,"	346,639" 
2006-01-03T21:00:00Z,"BKE",2008-08-01T20:00:00Z,Buy,21.793301624049,50.42,4,114.51,2.0392832099727,-2.21,119.43,48.92,1,"	346,721" 
2006-01-03T21:00:00Z,"BKE",2009-04-01T20:00:00Z,Buy,14.5288750138,31.65,0.75006837378147,12.84,2.1093435929648,-0.28,20.28,20.24,1,"	346,822" 
2006-02-01T21:00:00Z,"SYKE",2006-05-01T20:00:00Z,Buy,13.02,16.51,16,55.84,16.937350168735,-16.8,55.84,32.64,1,"	358,388" 
2006-02-01T21:00:00Z,"LYTS",2006-09-01T20:00:00Z,Buy,14.73,18.31,19,68.02,26.325867718993,-50.54,72.39,118.18,1,"	356,424" 
2006-02-01T21:00:00Z,"SYKE",2006-09-01T20:00:00Z,Buy,13.02,20.2,16,114.88,2.1606361829026,-16.8,114.88,49.92,1,"	358,425" 
2006-02-01T21:00:00Z,"LYTS",2006-10-02T20:00:00Z,Buy,14.73,16.02,35,45.15,10.139039826366,-93.1,133.35,217.7,1,"	356,433" 
2006-02-01T21:00:00Z,"FAF",2006-12-01T21:00:00Z,Buy,46.75,38.63,6,-48.72,2.0599102947458,-150.12,13.98,63.9,0,"	354,461" 
2006-02-01T21:00:00Z,"SYKE",2007-04-02T20:00:00Z,Buy,13.02,18.11,24,122.16,10.974021314514,-25.2,197.52,159.36,1,"	358,505" 
2006-02-01T21:00:00Z,"ABFS",2007-07-02T20:00:00Z,Buy,42.99,39.4,5,-17.95,4.048402387193,-62.35,37.8,77.05,0,"	353,540" 
2006-02-01T21:00:00Z,"EXPO",2007-09-04T20:00:00Z,Buy,15.355,24.86,1,9.5,4.8951469123522,-8.9,9.96,3.73,1,"	355,573" 
2006-02-01T21:00:00Z,"SYKE",2007-09-04T20:00:00Z,Buy,13.02,16.17,16,50.4,18.917128213407,-16.8,131.68,106.24,1,"	358,575" 
2006-02-01T21:00:00Z,"EXPO",2008-02-01T21:00:00Z,Buy,15.355,31.02,10,156.65,8.0184446602837,-89.05,156.65,37.6,1,"	355,623" 
2006-02-01T21:00:00Z,"MTLM",2008-03-15T04:00:00Z,Buy,28.12,55.27,8,217.2,2.0805730659026,-128.96,283.84,112.48,1,"	357,653" 
2006-02-01T21:00:00Z,"EXPO",2008-05-01T20:00:00Z,Buy,15.355,34.07,5,93.58,2.1211736810907,-44.52,108.32,19.3,1,"	355,666" 
2006-02-01T21:00:00Z,"WMK",2008-11-03T21:00:00Z,Buy,42.94,32.82,5,-50.6,5.5226456134878,-78.25,16.1,94.35,0,"	359,771" 
2006-03-01T21:00:00Z,"AEOS",2006-04-03T20:00:00Z,Buy,28.91,28.79,7.9999435999487,-0.96,4.6521293235249,-71.6,36.56,15.12,0,"	361,367" 
2006-03-01T21:00:00Z,"IIIN",2006-04-03T20:00:00Z,Buy,39.29,59.24,8,159.6,12.010655622366,0,160.16,35.68,1,"	363,370" 
2006-03-01T21:00:00Z,"NATR",2006-05-01T20:00:00Z,Buy,17.17,10.04,13,-92.69,5.0579144339067,-92.69,78.52,93.73,0,"	364,385" 
2006-03-01T21:00:00Z,"CNXS",2006-06-01T20:00:00Z,Buy,20.79,23.41,11,28.82,3.947713905474,-3.3,86.79,33.22,1,"	362,394" 
2006-03-01T21:00:00Z,"IIIN",2007-04-02T20:00:00Z,Buy,19.645,16.71,18,-52.83,13.639726741662,-67.59,181.44,249.03,0,"	363,503" 
2006-03-01T21:00:00Z,"AEOS",2007-06-01T20:00:00Z,Buy,28.91,27.19,5.6400051324047E-5,0,2.4029640607632,0,0,0,0,"	361,526" 
2006-03-01T21:00:00Z,"COP",2008-05-01T20:00:00Z,Buy,61.75,86.59,5,124.2,2.0506812212738,-28.6,142.2,95,1,"	365,671" 
2006-03-01T21:00:00Z,"WEYS",2009-10-01T20:00:00Z,Buy,19.44,22.35,11,32.01,5.1186200739589,-23.54,220,211.75,1,"	366,884" 
2006-04-03T20:00:00Z,"GDT",2006-04-22T04:00:00Z,Buy,77.25,80.05,4,11.2,2.039610306371,-166.8,11.2,3.64,1,"	377,383" 
2006-04-03T20:00:00Z,"SHOO",2006-05-01T20:00:00Z,Buy,35.78,53.01,19,327.37,4.511703132242,-10.45,331.74,28.5,1,"	380,387" 
2006-04-03T20:00:00Z,"EGY",2006-07-03T17:00:00Z,Buy,6.83,10.1,40,130.8,11.984891442859,-31.2,130.8,69.6,1,"	375,405" 
2006-04-03T20:00:00Z,"PLPC",2006-07-03T17:00:00Z,Buy,33.2,37,9,34.2,2.1318466462005,-22.05,124.2,62.91,1,"	379,406" 
2006-04-03T20:00:00Z,"TALK",2006-09-01T20:00:00Z,Buy,8.6,5.84,25,-69,4.4856253419585,-89.75,86.25,88.75,0,"	381,426" 
2006-04-03T20:00:00Z,"B",2006-11-01T21:00:00Z,Buy,20.17,19.86,18,-5.58,27.45173851515,-85.14,61.56,146.7,0,"	374,447" 
2006-04-03T20:00:00Z,"FAF",2006-12-01T21:00:00Z,Buy,38.8,38.63,9,-1.53,2.089286627461,-153.63,92.52,59.31,0,"	376,461" 
2006-04-03T20:00:00Z,"ZEUS",2007-02-01T21:00:00Z,Buy,30.9,27.81,28,-86.52,17.602538445883,-266.56,225.96,492.52,0,"	382,485" 
2006-04-03T20:00:00Z,"B",2007-06-01T20:00:00Z,Buy,20.17,30.1,12,119.16,2.1222748815166,-56.76,119.16,97.8,1,"	374,527" 
2006-04-03T20:00:00Z,"EGY",2007-06-01T20:00:00Z,Buy,6.83,4.86,75,-147.75,13.249427226512,-167.25,245.25,412.5,0,"	375,531" 
2006-04-03T20:00:00Z,"SHOO",2007-11-01T20:00:00Z,Buy,23.853274162205,23.69,12,-1.96,2.1275370121131,-76.24,243.2,319.44,0,"	380,593" 
2006-04-03T20:00:00Z,"ODP",2008-03-03T21:00:00Z,Buy,36.78,11.08,6,-154.2,2.0592588614393,-154.2,46.5,200.7,0,"	378,646" 
2006-04-03T20:00:00Z,"B",2008-06-02T20:00:00Z,Buy,20.17,30.9,14,150.22,10.683745367831,-66.22,230.72,225.4,1,"	374,687" 
2006-04-03T20:00:00Z,"SHOO",2008-08-01T20:00:00Z,Buy,23.853274162205,22.79,7.5000483722693,-7.97,2.2229346376167,-66.55,152,218.55,0,"	380,728" 
2006-04-03T20:00:00Z,"B",2009-05-01T20:00:00Z,Buy,20.17,13.91,24,-150.24,2.42330502477,-292.08,395.52,687.6,0,"	374,840" 
2006-05-01T20:00:00Z,"SNHY",2006-06-01T20:00:00Z,Buy,21.46,19.97,11,-16.39,4.7671371335906,-42.68,43.23,31.24,0,"	393,397" 
2006-05-01T20:00:00Z,"RIMG",2006-08-01T20:00:00Z,Buy,22.05,23.92,10,18.7,2.1000453720508,-116.1,113,54.7,1,"	392,418" 
2006-05-01T20:00:00Z,"DECK",2006-11-01T21:00:00Z,Buy,42.49,52.26,4,39.08,8.4521561093782,-33.16,45.72,36.24,1,"	389,449" 
2006-05-01T20:00:00Z,"PDX",2006-12-01T21:00:00Z,Buy,49.85,48.55,6,-7.8,2.0590756468497,-229.14,14.82,51.78,0,"	391,464" 
2006-05-01T20:00:00Z,"DECK",2007-05-01T20:00:00Z,Buy,42.49,76.47,3,101.94,2.0303091557669,-24.87,102.93,27.18,1,"	389,515" 
2006-05-01T20:00:00Z,"DECK",2007-07-02T20:00:00Z,Buy,42.49,100.96,3,175.41,2.030017839445,-24.87,175.41,27.18,1,"	389,542" 
2006-05-01T20:00:00Z,"DECK",2007-08-01T20:00:00Z,Buy,42.49,104.94,4,249.8,8.5933533499408,-33.16,261.84,47.76,1,"	389,558" 
2006-05-01T20:00:00Z,"DECK",2007-11-01T20:00:00Z,Buy,42.49,132.75,4,361.04,21.33215734905,-33.16,414.04,93.72,1,"	389,592" 
2006-05-01T20:00:00Z,"EXPO",2008-05-01T20:00:00Z,Buy,16.25,34.07,7,124.74,3.7758941394304,-68.6,145.39,27.02,1,"	390,666" 
2006-05-01T20:00:00Z,"DECK",2008-11-03T21:00:00Z,Buy,42.49,80.65,5,190.8,2.0665585946711,-41.45,612.05,463.95,1,"	389,766" 
2006-05-01T20:00:00Z,"EXPO",2009-10-01T20:00:00Z,Buy,16.25,27.54,9,101.61,8.8732079717927,-88.2,186.93,153.9,1,"	390,882" 
2006-06-01T20:00:00Z,"CRUS",2006-08-01T20:00:00Z,Buy,8.47,6.56,111,-212.01,30.880106843485,-212.01,0,212.01,0,"	400,415" 
2006-06-01T20:00:00Z,"MLR",2006-10-02T20:00:00Z,Buy,20.04,18.03,41,-82.41,4.9427422763587,-138.58,47.56,186.14,0,"	401,434" 
2006-06-01T20:00:00Z,"WSO",2006-10-02T20:00:00Z,Buy,58.34,45.25,5,-65.45,2.052107895677,-227,70.3,93,0,"	403,436" 
2006-06-01T20:00:00Z,"RSC",2006-12-01T21:00:00Z,Buy,14.83,17.12,16,36.64,8.6825818324053,-21.28,52.96,26.56,1,"	402,465" 
2006-06-01T20:00:00Z,"RSC",2007-05-01T20:00:00Z,Buy,14.83,16.43,53,84.8,2.6821119133574,-70.49,180.73,171.19,1,"	402,519" 
2006-06-01T20:00:00Z,"BKE",2009-04-01T20:00:00Z,Buy,18.866648649,31.65,10.249931626219,131.03,2.0614178924524,-48.24,232.67,276.61,1,"	399,822" 
2006-06-01T20:00:00Z,"BKE",2010-04-01T20:00:00Z,Buy,18.866648649,37.16,3.2500812662938,59.45,7.0763837272303,-15.3,73.78,87.71,1,"	399,955" 
2006-07-03T17:00:00Z,"TALK",2006-09-01T20:00:00Z,Buy,6.24,5.84,64,-25.6,2.645169628433,-78.72,371.84,40.96,0,"	413,426" 
2006-07-03T17:00:00Z,"RAVN",2006-10-02T20:00:00Z,Buy,31.83,28.97,7,-20.02,4.8759661519329,-167.93,70.07,35.56,0,"	411,435" 
2006-07-03T17:00:00Z,"PETS",2006-11-01T21:00:00Z,Buy,11.45,12.14,22,15.18,4.5496890047262,-44,188.1,75.46,1,"	410,452" 
2006-07-03T17:00:00Z,"MCRI",2007-02-01T21:00:00Z,Buy,27.98,24.59,9,-30.51,3.6113954963188,-111.42,40.86,92.43,0,"	407,483" 
2006-07-03T17:00:00Z,"WIRE",2007-03-01T21:00:00Z,Buy,36.5,25.15,20,-227,4.5130752136056,-306.8,65.2,372,0,"	414,498" 
2006-07-03T17:00:00Z,"MSTR",2007-07-02T20:00:00Z,Buy,98.56,94.59,3,-11.91,4.6235552962338,-133.83,101.52,115.98,0,"	408,545" 
2006-07-03T17:00:00Z,"SCVL",2007-10-01T20:00:00Z,Buy,24.75,15.79,9,-80.64,6.3213468938919,-96.84,94.14,183.15,0,"	412,587" 
2006-07-03T17:00:00Z,"ODP",2008-03-03T21:00:00Z,Buy,37.73,11.08,7,-186.55,2.0695026315789,-186.55,47.6,223.72,0,"	409,646" 
2006-08-01T20:00:00Z,"KBALB",2006-09-01T20:00:00Z,Buy,17.33,17.46,12,1.56,8.2042478055696,-11.76,19.92,23.4,1,"	420,423" 
2006-08-01T20:00:00Z,"KBALB",2006-11-01T21:00:00Z,Buy,17.33,24.56,12,86.76,2.1186473429952,-11.76,93.6,23.4,1,"	420,450" 
2006-08-01T20:00:00Z,"FAF",2006-12-01T21:00:00Z,Buy,36.7,38.63,6,11.58,2.0594974331262,-89.82,74.28,35.46,1,"	419,461" 
2006-08-01T20:00:00Z,"RSC",2007-05-01T20:00:00Z,Buy,13.9,16.43,16,40.48,3.5145304743483,-6.4,69.44,51.68,1,"	422,519" 
2006-08-01T20:00:00Z,"KBALB",2007-07-02T20:00:00Z,Buy,17.33,14.01,44,-146.08,2.77,-196.68,377.96,574.64,0,"	420,544" 
2006-08-01T20:00:00Z,"KFRC",2008-05-01T20:00:00Z,Buy,12.25,8.44,72,-274.32,39.852388752593,-320.4,340.56,660.96,0,"	421,673" 
2006-09-01T20:00:00Z,"ECOL",2006-10-02T20:00:00Z,Buy,19.79,19.63,15,-2.4,3.2333241769164,-157.5,112.5,17.85,0,"	427,432" 
2006-09-01T20:00:00Z,"MLR",2006-10-02T20:00:00Z,Buy,18.47,18.03,12,-5.28,3.4079286562101,-21.72,32.76,22.56,0,"	429,434" 
2006-09-01T20:00:00Z,"LMS",2007-05-01T20:00:00Z,Buy,26.03,26.8,27,20.79,17.837836607623,-156.6,140.13,190.89,1,"	428,517" 
2006-09-01T20:00:00Z,"COP",2008-05-01T20:00:00Z,Buy,64.22,86.59,4,89.48,2.2391568858813,-32.76,103.88,76,1,"	430,671" 
2006-09-01T20:00:00Z,"VLO",2008-06-02T20:00:00Z,Buy,57.81,52.84,5,-24.85,2.0503834756842,-66.25,99.55,165.8,0,"	431,692" 
2006-10-02T20:00:00Z,"TESS",2006-11-01T21:00:00Z,Buy,31.52,31.67,11,1.65,4.4841037202381,-33.55,39.82,73.37,1,"	444,453" 
2006-10-02T20:00:00Z,"IVAC",2006-12-01T21:00:00Z,Buy,16.43,27.26,12,129.96,4.4720714285714,-1.92,129.96,22.68,1,"	440,462" 
2006-10-02T20:00:00Z,"MCRI",2007-02-01T21:00:00Z,Buy,20.91,24.59,11,40.48,3.086888178511,-58.41,127.71,19.36,1,"	441,483" 
2006-10-02T20:00:00Z,"STLD",2007-02-01T21:00:00Z,Buy,25.165,39.68,9,130.64,4.2610112791181,-8.37,130.64,35.01,1,"	443,484" 
2006-10-02T20:00:00Z,"PCLN",2007-03-01T21:00:00Z,Buy,36.76,53.16,9,147.6,14.953674373007,0,156.6,23.49,1,"	442,493" 
2006-10-02T20:00:00Z,"TESS",2007-03-01T21:00:00Z,Buy,21.013302758949,26.88,14,82.13,9.9381255452654,-32.29,144.85,66.08,1,"	444,496" 
2006-10-02T20:00:00Z,"IIIN",2007-04-02T20:00:00Z,Buy,19.46,16.71,12,-33,5.9803187780436,-42.84,123.18,72.84,0,"	439,503" 
2006-10-02T20:00:00Z,"TTMI",2007-04-02T20:00:00Z,Buy,11.87,9.44,56,-136.08,13.225329920819,-136.64,77.28,213.92,0,"	445,506" 
2006-10-02T20:00:00Z,"STLD",2007-05-01T20:00:00Z,Buy,25.165,44.21,25,476.12,2.2494357932747,-23.25,536.62,140,1,"	443,520" 
2006-10-02T20:00:00Z,"EGY",2007-06-01T20:00:00Z,Buy,7.2,4.86,32,-74.88,2.3204450625869,-83.2,92.8,135.04,0,"	438,531" 
2006-10-02T20:00:00Z,"PCLN",2007-07-02T20:00:00Z,Buy,36.76,68.31,5,157.75,5.5533191768171,0,159.9,47.2,1,"	442,547" 
2006-10-02T20:00:00Z,"PCLN",2007-09-04T20:00:00Z,Buy,36.76,82.16,5,227,2.0495059050374,0,231.1,47.2,1,"	442,574" 
2006-10-02T20:00:00Z,"TESS",2007-10-01T20:00:00Z,Buy,21.013302758949,15.55,22.00005238005,-120.19,10.363743597789,-262.53,227.63,490.16,0,"	444,588" 
2006-10-02T20:00:00Z,"PCLN",2007-12-03T21:00:00Z,Buy,36.76,114.59,5,389.15,18.665017584664,0,389.15,51.75,1,"	442,603" 
2006-10-02T20:00:00Z,"IVAC",2008-05-01T20:00:00Z,Buy,16.43,13.91,22,-55.44,12.227477456374,-138.38,311.08,449.46,0,"	440,669" 
2006-10-02T20:00:00Z,"IVAC",2008-06-02T20:00:00Z,Buy,16.43,12.16,2,-8.54,13.654905547937,-12.58,28.28,40.86,0,"	440,689" 
2006-10-02T20:00:00Z,"CMC",2008-10-01T20:00:00Z,Buy,20.25,16.28,11,-43.67,2.1096750369276,-89.65,210.65,258.28,0,"	437,747" 
2006-10-02T20:00:00Z,"WMK",2008-11-03T21:00:00Z,Buy,39.53,32.82,5,-33.55,3.1188970366172,-61.2,33.15,93.55,0,"	446,771" 
2006-10-02T20:00:00Z,"WMK",2010-09-01T20:00:00Z,Buy,39.53,36.12,1,-3.41,2.061708428246,-16.24,6.63,22.71,0,"	446,1018" 
2006-11-01T21:00:00Z,"PDX",2006-12-01T21:00:00Z,Buy,44.07,48.55,5,22.4,2.8932426247172,-162.05,41.25,7.35,1,"	457,464" 
2006-11-01T21:00:00Z,"ZEUS",2007-02-01T21:00:00Z,Buy,26.18,27.81,9,14.67,2.0953927125506,-43.2,115.11,64.53,1,"	460,485" 
2006-11-01T21:00:00Z,"MTEX",2007-04-02T20:00:00Z,Buy,15.05,15.35,43,12.9,38.917714244942,-68.37,55.47,108.79,1,"	455,504" 
2006-11-01T21:00:00Z,"LMS",2007-05-01T20:00:00Z,Buy,20.91,26.8,11,64.79,4.022059579557,-7.48,113.41,64.9,1,"	454,517" 
2006-11-01T21:00:00Z,"SYKE",2007-09-04T20:00:00Z,Buy,19.14,16.17,10,-29.7,4.2875732296447,-71.7,21.1,53.9,0,"	458,575" 
2006-11-01T21:00:00Z,"COP",2008-05-01T20:00:00Z,Buy,59.68,86.59,4,107.64,2.0396347335215,-14.6,122.04,76,1,"	456,671" 
2006-11-01T21:00:00Z,"WMK",2010-09-01T20:00:00Z,Buy,39.8,36.12,5,-18.4,3.7573393022528,-82.55,31.8,113.55,0,"	459,1018" 
2006-11-01T21:00:00Z,"WMK",2011-10-03T20:00:00Z,Buy,39.8,36.93,2,-5.74,2.0597895304911,-33.02,12.72,45.42,0,"	459,1193" 
2006-12-01T21:00:00Z,"KOMG",2007-02-01T21:00:00Z,Buy,38.71,33.75,6,-29.76,2.3903642181237,-82.62,88.62,39,0,"	469,482" 
2006-12-01T21:00:00Z,"WIRE",2007-03-01T21:00:00Z,Buy,25.15,25.15,12,0,3.9033496231871,-47.88,175.32,47.88,0,"	474,498" 
2006-12-01T21:00:00Z,"MRO",2007-06-01T20:00:00Z,Buy,95.53,126.74,2,62.42,20.099301479939,-24.2,62.42,28.34,1,"	470,533" 
2006-12-01T21:00:00Z,"ABFS",2007-07-02T20:00:00Z,Buy,37.2,39.4,8,17.6,4.8645951716316,-53.44,106.8,58.24,1,"	466,540" 
2006-12-01T21:00:00Z,"AMWD",2007-11-01T20:00:00Z,Buy,38.35,23.94,29,-417.89,11.682118699705,-417.89,197.49,615.38,0,"	467,591" 
2006-12-01T21:00:00Z,"MRO",2008-01-02T21:00:00Z,Buy,47.765,61.39,4,54.5,3.0211748509038,-24.2,74.18,68.6,1,"	470,613" 
2006-12-01T21:00:00Z,"MRO",2008-03-03T21:00:00Z,Buy,47.765,53.79,4,24.1,2.0404360082691,-24.2,74.18,81.96,1,"	470,645" 
2006-12-01T21:00:00Z,"ODP",2008-03-03T21:00:00Z,Buy,37.25,11.08,6,-157.02,2.0590332805071,-157.02,43.68,174.84,0,"	471,646" 
2006-12-01T21:00:00Z,"MRO",2008-06-02T20:00:00Z,Buy,47.765,51.66,18,70.11,2.2820198869175,-108.9,333.81,384.48,1,"	470,690" 
2006-12-01T21:00:00Z,"SHOO",2008-08-01T20:00:00Z,Buy,36.53,22.79,6,-82.44,4.9664115775087,-129.3,45.54,146.64,0,"	473,728" 
2006-12-01T21:00:00Z,"PCLN",2008-11-03T21:00:00Z,Buy,39.11,52.29,6,79.08,6.7141418900666,-14.1,603.3,542.4,1,"	472,770" 
2006-12-01T21:00:00Z,"EXPO",2009-10-01T20:00:00Z,Buy,17.6,27.54,12,119.28,3.3519895073196,-133.8,233.04,205.2,1,"	468,882" 
2006-12-01T21:00:00Z,"WMK",2011-10-03T20:00:00Z,Buy,39.89,36.93,4,-11.84,2.0496020890326,-66.4,25.08,90.84,0,"	475,1193" 
2006-12-01T21:00:00Z,"WMK",2012-06-01T20:00:00Z,Buy,39.89,43.17,1,3.28,3.4846833682572,-16.6,6.27,22.71,1,"	475,1268" 
2007-01-03T21:00:00Z,"TTMI",2007-04-02T20:00:00Z,Buy,11.3,9.44,20,-37.2,4.2932765542583,-37.4,39,47.6,0,"	480,506" 
2007-01-03T21:00:00Z,"CTR",2007-06-01T20:00:00Z,Buy,23.26,21.83,8.000023999988,-11.44,2.0912952464021,-49.55,23.52,24.16,0,"	479,530" 
2007-01-03T21:00:00Z,"VLO",2008-06-02T20:00:00Z,Buy,50.01,52.84,5,14.15,4.3158361017096,-27.25,138.55,165.8,1,"	481,692" 
2007-01-03T21:00:00Z,"CTR",2011-07-01T20:00:00Z,Buy,23.26,29.34,0.999976000012,6.08,6.0842428197653,-7.94,6.34,8.87,1,"	479,1147" 
2007-02-01T21:00:00Z,"IIIN",2007-04-02T20:00:00Z,Buy,17.16,16.71,13,-5.85,5.967414505999,-16.51,163.34,36.53,0,"	490,503" 
2007-02-01T21:00:00Z,"AP",2007-05-01T20:00:00Z,Buy,30.08,36.08,27,162,14.511467243955,-189.54,187.11,189.54,1,"	487,514" 
2007-02-01T21:00:00Z,"AEOS",2007-06-01T20:00:00Z,Buy,32.84,27.19,39.999943599949,-226,12.235467224164,-515.2,25.6,234.4,0,"	486,526" 
2007-02-01T21:00:00Z,"EGY",2007-06-01T20:00:00Z,Buy,6.47,4.86,35,-56.35,6.2823899879478,-65.45,127.05,81.55,0,"	489,531" 
2007-02-01T21:00:00Z,"CVX",2007-07-02T20:00:00Z,Buy,74.41,85.14,3,32.19,27.439737134672,-23.85,32.19,23.85,1,"	488,541" 
2007-02-01T21:00:00Z,"SYKE",2007-09-04T20:00:00Z,Buy,15.09,16.17,14,15.12,4.0628133355837,-43.68,86.24,58.8,1,"	491,575" 
2007-02-01T21:00:00Z,"CVX",2007-12-03T21:00:00Z,Buy,74.41,87.84,3,40.29,4.5801791819461,-23.85,61.14,37.86,1,"	488,601" 
2007-02-01T21:00:00Z,"CVX",2008-10-01T20:00:00Z,Buy,74.41,82.25,3,23.52,4.8894967648091,-23.85,85.98,72.81,1,"	488,746" 
2007-02-01T21:00:00Z,"CVX",2008-11-03T21:00:00Z,Buy,74.41,73.61,7,-5.6,18.800593799213,-110.67,200.62,311.29,0,"	488,765" 
2007-02-01T21:00:00Z,"CVX",2009-11-02T21:00:00Z,Buy,74.41,76.64,11,24.53,11.767964569631,-197.34,315.26,512.6,1,"	488,892" 
2007-02-01T21:00:00Z,"AEOS",2014-01-02T21:00:00Z,Buy,32.84,14.73,5.6400051324047E-5,0,27.18611226124,0,0,0,0,"	486,1533" 
2007-03-01T21:00:00Z,"MTEX",2007-04-02T20:00:00Z,Buy,14.52,15.35,16,13.28,2.1565498652291,-16.96,29.12,14.88,1,"	500,504" 
2007-03-01T21:00:00Z,"ABM",2007-08-01T20:00:00Z,Buy,26.83,25.16,19,-31.73,25.028647499541,-72.2,68.21,140.41,0,"	499,556" 
2007-03-01T21:00:00Z,"ABM",2008-01-02T21:00:00Z,Buy,26.83,20.16,46,-306.82,2.4550343473994,-342.7,165.14,507.84,0,"	499,610" 
2007-03-01T21:00:00Z,"ODP",2008-03-03T21:00:00Z,Buy,33.31,11.08,7,-155.61,3.4769438266918,-155.61,78.54,178.29,0,"	501,646" 
2007-03-01T21:00:00Z,"SHOO",2008-08-01T20:00:00Z,Buy,28.53,22.79,7,-40.18,2.0675608930988,-94.85,109.13,129.71,0,"	502,728" 
2007-04-02T20:00:00Z,"AEIS",2007-05-01T20:00:00Z,Buy,21.3,24.9,13,46.8,19.091771422354,0,48.49,28.08,1,"	508,513" 
2007-04-02T20:00:00Z,"BWS",2007-06-01T20:00:00Z,Buy,28.84001442,29.9,38,40.28,45.325384992934,-96.9,125.78,166.82,1,"	511,528" 
2007-04-02T20:00:00Z,"AMWD",2007-11-01T20:00:00Z,Buy,36.79,23.94,6,-77.1,2.6745593912205,-77.1,50.22,84.36,0,"	509,591" 
2007-04-02T20:00:00Z,"PCCC",2008-02-01T21:00:00Z,Buy,13.82,11.44,50,-119,16.069339832968,-184,82.5,266.5,0,"	512,625" 
2007-04-02T20:00:00Z,"AEIS",2008-04-01T20:00:00Z,Buy,21.3,13.68,31,-236.22,20.366418814907,-354.02,135.78,489.8,0,"	508,654" 
2007-04-02T20:00:00Z,"AIT",2008-11-03T21:00:00Z,Buy,24.44,19.93,11,-49.61,4.2761245981797,-98.78,119.57,191.4,0,"	510,764" 
2007-05-01T20:00:00Z,"DLTR",2007-07-02T20:00:00Z,Buy,38.97,43.82,6,29.1,18.669305644363,0,39.6,21.54,1,"	521,543" 
2007-05-01T20:00:00Z,"KBALB",2007-07-02T20:00:00Z,Buy,17.86,14.01,13,-50.05,5.3517349747849,-65,104.78,73.45,0,"	523,544" 
2007-05-01T20:00:00Z,"MSTR",2007-07-02T20:00:00Z,Buy,115.28,94.59,2,-41.38,3.926931590824,-122.66,34.24,45.86,0,"	525,545" 
2007-05-01T20:00:00Z,"DLTR",2007-09-04T20:00:00Z,Buy,38.97,43.24,6,25.62,5.3970469498842,-18.48,39.6,58.08,1,"	521,572" 
2007-05-01T20:00:00Z,"GIII",2008-01-02T21:00:00Z,Buy,17.59,13.59,42,-168,24.628379017641,-227.64,184.8,412.44,0,"	522,611" 
2007-05-01T20:00:00Z,"DLTR",2008-03-03T21:00:00Z,Buy,38.97,27.88,10,-110.9,4.3020528633956,-176.7,66,242.7,0,"	521,642" 
2007-05-01T20:00:00Z,"DLTR",2008-06-02T20:00:00Z,Buy,38.97,36.42,9,-22.95,2.0888292682927,-159.03,59.4,218.43,0,"	521,688" 
2007-05-01T20:00:00Z,"DLTR",2008-12-01T21:00:00Z,Buy,38.97,39.13,9,1.44,4.5613571940828,-159.03,59.4,218.43,1,"	521,789" 
2007-05-01T20:00:00Z,"MOV",2009-02-02T21:00:00Z,Buy,32.64,7.66,28,-699.44,21.213298467769,-728.28,58.52,786.8,0,"	524,804" 
2007-05-01T20:00:00Z,"DLTR",2010-02-01T21:00:00Z,Buy,38.97,49.97,3,33,11.596428711449,-53.01,37.08,72.81,1,"	521,931" 
2007-06-01T20:00:00Z,"KBALB",2007-07-02T20:00:00Z,Buy,13.91,14.01,20,2,2.2038095238095,-21,240.2,36,1,"	535,544" 
2007-06-01T20:00:00Z,"CMI",2007-08-01T20:00:00Z,Buy,94.1,120.05,4,103.8,10.874714756679,-2.68,103.8,36.92,1,"	534,557" 
2007-06-01T20:00:00Z,"TESS",2007-10-01T20:00:00Z,Buy,24.9,15.55,8.99994761995,-84.15,2.0895683453237,-142.38,58.14,143.19,0,"	538,588" 
2007-06-01T20:00:00Z,"NVR",2007-12-03T21:00:00Z,Buy,779,486.09,1,-292.91,4.0196077808051,-365.82,0,365.82,0,"	537,602" 
2007-06-01T20:00:00Z,"UCTT",2007-12-03T21:00:00Z,Buy,13.97,13.8,52,-8.84,10.532065759092,-78.52,135.72,214.24,0,"	539,604" 
2007-06-01T20:00:00Z,"MAT",2008-02-01T21:00:00Z,Buy,28.35,21.3,75,-528.75,33.857495906016,-876.75,0,876.75,0,"	536,624" 
2007-06-01T20:00:00Z,"CMI",2008-12-01T21:00:00Z,Buy,47.05,22.53,16,-392.32,17.09794053015,-467.36,430.24,897.6,0,"	534,788" 
2007-06-01T20:00:00Z,"TESS",2010-10-01T20:00:00Z,Buy,16.6000083,16.06,7.8570035749404E-5,0,11.986103163746,0,0,0,0,"	538,1031" 
2007-07-02T20:00:00Z,"SYKE",2007-09-04T20:00:00Z,Buy,19.06,16.17,11,-31.79,4.6826177967438,-77.99,24.09,35.97,0,"	554,575" 
2007-07-02T20:00:00Z,"MAT",2008-02-01T21:00:00Z,Buy,25.74,21.3,8,-35.52,2.0815847860539,-72.64,20.88,84.64,0,"	550,624" 
2007-07-02T20:00:00Z,"BW",2008-03-03T21:00:00Z,Buy,42.86,26.82,14,-224.56,32.941643227793,-248.64,217.56,466.2,0,"	548,640" 
2007-07-02T20:00:00Z,"HHGP",2008-04-01T20:00:00Z,Buy,21.56,8.96,43,-541.8,36.522411328672,-658.76,48.16,706.92,0,"	549,655" 
2007-07-02T20:00:00Z,"USMO",2008-04-01T20:00:00Z,Buy,26.46,7.45,50,-950.5,5.4752069437641,-984.5,84,1068.5,0,"	555,657" 
2007-07-02T20:00:00Z,"SHOO",2008-08-01T20:00:00Z,Buy,32.96,22.79,1.4999516277307,-15.25,2.0804884004884,-26.97,16.74,26.97,0,"	553,728" 
2007-07-02T20:00:00Z,"NUE",2008-11-03T21:00:00Z,Buy,59.7,37.93,4,-87.08,4.0127804552024,-147.46,88.76,215.88,0,"	551,769" 
2007-07-02T20:00:00Z,"RS",2009-02-02T21:00:00Z,Buy,57.46,22.21,4,-141,2.0408822483102,-179.2,82.64,261.84,0,"	552,807" 
2007-07-02T20:00:00Z,"SHOO",2009-05-01T20:00:00Z,Buy,32.96,28.47,6.5000483722693,-29.19,2.1645105370496,-126.04,72.54,126.04,0,"	553,843" 
2007-08-01T20:00:00Z,"SYKE",2007-09-04T20:00:00Z,Buy,16.97,16.17,12,-9.6,2.8234219646642,-60,51.36,14.52,0,"	569,575" 
2007-08-01T20:00:00Z,"SCVL",2007-10-01T20:00:00Z,Buy,22.29,15.79,15,-97.5,2.1526015518028,-124.5,193.8,111.45,0,"	567,587" 
2007-08-01T20:00:00Z,"AMWD",2007-11-01T20:00:00Z,Buy,30.3,23.94,8,-50.88,2.8293298558782,-50.88,118.88,52.32,0,"	561,591" 
2007-08-01T20:00:00Z,"JAKK",2008-03-03T21:00:00Z,Buy,24.16,28.4,10,42.4,8.8675628729985,-41.7,46.9,72.2,1,"	564,644" 
2007-08-01T20:00:00Z,"ODP",2008-03-03T21:00:00Z,Buy,25.28,11.08,9,-127.8,3.2982224008072,-127.8,173.25,127.8,0,"	566,646" 
2007-08-01T20:00:00Z,"IVAC",2008-06-02T20:00:00Z,Buy,16.19,12.16,17,-68.51,5.7703912497638,-102.85,244.46,135.66,0,"	563,689" 
2007-08-01T20:00:00Z,"MOV",2009-02-02T21:00:00Z,Buy,28.21,7.66,14,-287.7,33.470659173035,-302.12,91.28,389.2,0,"	565,804" 
2007-08-01T20:00:00Z,"JAKK",2009-04-01T20:00:00Z,Buy,24.16,12.65,28,-322.28,18.1788224259,-388.64,163.24,551.88,0,"	564,827" 
2007-08-01T20:00:00Z,"SHOO",2009-05-01T20:00:00Z,Buy,28.14,28.47,10,3.3,2.0997872340426,-145.7,159.8,148,1,"	568,843" 
2007-08-01T20:00:00Z,"BKE",2010-04-01T20:00:00Z,Buy,23.72001186,37.16,10.499994750003,141.12,3.7361664396115,-100.38,187.39,283.36,1,"	562,955" 
2007-09-04T20:00:00Z,"SCVL",2007-10-01T20:00:00Z,Buy,17.7,15.79,13,-24.83,2.1333913043478,-48.23,227.63,36.92,0,"	583,587" 
2007-09-04T20:00:00Z,"PCCC",2008-02-01T21:00:00Z,Buy,12.57,11.44,21,-23.73,2.2052643856921,-51.03,60.9,111.93,0,"	581,625" 
2007-09-04T20:00:00Z,"UAUA",2008-02-01T21:00:00Z,Buy,47.85,41.14,11,-73.81,18.392307976945,-258.06,40.04,298.1,0,"	584,626" 
2007-09-04T20:00:00Z,"AEIS",2008-04-01T20:00:00Z,Buy,16.26,13.68,16,-41.28,2.1602957486137,-102.08,150.72,118.88,0,"	578,654" 
2007-09-04T20:00:00Z,"HHGP",2008-04-01T20:00:00Z,Buy,13.91,8.96,20,-99,2.1984308131241,-153.4,175.4,171.2,0,"	579,655" 
2007-09-04T20:00:00Z,"KFRC",2008-05-01T20:00:00Z,Buy,15.1,8.44,25,-166.5,2.2480289093298,-182.5,47,182.5,0,"	582,673" 
2007-09-04T20:00:00Z,"UAUA",2008-05-01T20:00:00Z,Buy,47.85,16.1,12,-381,14.709261131133,-411.6,43.68,455.28,0,"	584,675" 
2007-09-04T20:00:00Z,"NVR",2008-08-01T20:00:00Z,Buy,567,539.04,1,-27.96,16.571722797732,-153.82,212,205.44,0,"	580,727" 
2007-10-01T20:00:00Z,"VLGEA",2008-09-02T20:00:00Z,Buy,52.12,44.99,7,-49.91,24.715613257161,-101.71,27.86,129.57,0,"	590,739" 
2007-10-01T20:00:00Z,"VLGEA",2008-10-01T20:00:00Z,Buy,52.12,47.77,6,-26.1,11.282872218892,-87.18,23.88,111.06,0,"	590,753" 
2007-10-01T20:00:00Z,"VLGEA",2009-01-02T21:00:00Z,Buy,52.12,53.69,4,6.28,7.8323500699632,-58.12,21.08,74.04,1,"	590,797" 
2007-10-01T20:00:00Z,"SHOO",2009-05-01T20:00:00Z,Buy,19.13,28.47,0.49995162773066,4.67,2.1413298153034,-2.78,12.49,7.4,1,"	589,843" 
2007-10-01T20:00:00Z,"VLGEA",2010-02-01T21:00:00Z,Buy,26.06,26.13,20,1.4,12.936525154819,-145.3,131,185.1,1,"	590,933" 
2007-10-01T20:00:00Z,"SHOO",2010-05-03T20:00:00Z,Buy,12.753354854603,40.08,4,109.31,2.0276604554865,-14.83,109.31,39.47,1,"	589,968" 
2007-10-01T20:00:00Z,"SHOO",2010-08-02T20:00:00Z,Buy,12.753354854603,39.02,6,157.6,3.5923975276823,-22.24,163.96,59.2,1,"	589,1008" 
2007-10-01T20:00:00Z,"SHOO",2011-09-01T20:00:00Z,Buy,8.5022370479864,34.96,6,158.75,2.058073089701,-14.83,195.11,60.66,1,"	589,1178" 
2007-10-01T20:00:00Z,"SHOO",2012-08-01T20:00:00Z,Buy,8.5022370479864,39.41,9.3750567148025,289.76,2.4191516200841,-23.17,342.92,125.53,1,"	589,1285" 
2007-11-01T20:00:00Z,"UCTT",2007-12-03T21:00:00Z,Buy,12.52,13.8,24,30.72,2.2340186915888,-1.44,97.44,21.12,1,"	599,604" 
2007-11-01T20:00:00Z,"GIII",2008-01-02T21:00:00Z,Buy,15.14,13.59,13,-20.15,3.7371125301811,-38.61,89.05,39,0,"	596,611" 
2007-11-01T20:00:00Z,"CALM",2008-03-03T21:00:00Z,Buy,22.86,32.68,8,78.56,25.493407002142,-13.12,102.64,46.16,1,"	594,641" 
2007-11-01T20:00:00Z,"MTLM",2008-03-15T04:00:00Z,Buy,50.46,55.27,4,19.24,5.0759790985047,-153.84,52.56,33.32,1,"	597,653" 
2007-11-01T20:00:00Z,"USMO",2008-04-01T20:00:00Z,Buy,16.33,7.45,23,-204.24,9.0768822125078,-219.88,271.63,224.94,0,"	600,657" 
2007-11-01T20:00:00Z,"SCHN",2008-05-01T20:00:00Z,Buy,64.07,86.4,4,89.32,34.874832597911,-64.84,102.08,86.36,1,"	598,674" 
2007-11-01T20:00:00Z,"SCHN",2008-07-01T20:00:00Z,Buy,64.07,114.56,2,100.98,5.3689869128461,-32.42,101.06,43.18,1,"	598,708" 
2007-11-01T20:00:00Z,"CALM",2008-10-01T20:00:00Z,Buy,22.86,27.42,23,104.88,11.666642881693,-37.72,570.17,489.67,1,"	594,745" 
2007-11-01T20:00:00Z,"SCHN",2009-01-02T21:00:00Z,Buy,64.07,40.18,8,-191.12,9.2124626348112,-379.92,404.24,784.16,0,"	598,796" 
2007-11-01T20:00:00Z,"DLTR",2010-02-01T21:00:00Z,Buy,36.61,49.97,8,106.88,2.0764699738903,-122.48,117.76,122.48,1,"	595,931" 
2007-12-03T21:00:00Z,"HOFT",2008-01-02T21:00:00Z,Buy,17.06,19.62,14,35.84,17.932581584361,-0.84,64.96,29.12,1,"	607,612" 
2007-12-03T21:00:00Z,"HHGP",2008-04-01T20:00:00Z,Buy,8.68,8.96,35,9.8,2.3409652076319,-85.4,490,105.7,1,"	605,655" 
2007-12-03T21:00:00Z,"HOC",2008-05-01T20:00:00Z,Buy,48.48,41.73,7,-47.25,2.0700722692546,-267.08,219.73,117.95,0,"	606,667" 
2007-12-03T21:00:00Z,"KFRC",2008-05-01T20:00:00Z,Buy,10.25,8.44,21,-38.01,3.7755142535355,-51.45,141.33,58.59,0,"	609,673" 
2007-12-03T21:00:00Z,"IVAC",2008-06-02T20:00:00Z,Buy,14.96,12.16,14,-39.2,4.1262867922496,-67.48,218.54,86.8,0,"	608,689" 
2007-12-03T21:00:00Z,"HOFT",2008-10-01T20:00:00Z,Buy,17.06,16.94,12,-1.44,7.1359666766124,-13.68,80.4,94.08,0,"	607,749" 
2007-12-03T21:00:00Z,"HOFT",2009-02-02T21:00:00Z,Buy,17.06,8.09,26,-233.22,34.773961476516,-287.04,174.2,461.24,0,"	607,802" 
2008-01-02T21:00:00Z,"BW",2008-03-03T21:00:00Z,Buy,37.56,26.82,7,-75.18,2.0706774193548,-87.22,145.88,87.22,0,"	615,640" 
2008-01-02T21:00:00Z,"AEIS",2008-04-01T20:00:00Z,Buy,12.76,13.68,17,15.64,6.0450410882492,-48.96,219.64,48.96,1,"	614,654" 
2008-01-02T21:00:00Z,"IMMR",2008-05-01T20:00:00Z,Buy,13.04,11.06,60,-118.8,12.895293234881,-385.8,0,385.8,0,"	618,668" 
2008-01-02T21:00:00Z,"UAUA",2008-05-01T20:00:00Z,Buy,31.99,16.1,6,-95.34,2.0538250140213,-110.64,117,165.54,0,"	620,675" 
2008-01-02T21:00:00Z,"NVTL",2008-06-02T20:00:00Z,Buy,15.28,10.19,51,-259.59,23.716609837073,-383.52,49.47,432.99,0,"	619,691" 
2008-01-02T21:00:00Z,"EXPO",2009-10-01T20:00:00Z,Buy,26.45,27.54,9,9.81,4.3478336518851,-180,95.13,153.9,1,"	617,882" 
2008-01-02T21:00:00Z,"DLTR",2010-02-01T21:00:00Z,Buy,25.31,49.97,8,197.28,4.24219330605,-32.08,208.16,82.08,1,"	616,931" 
2008-01-02T21:00:00Z,"WMK",2012-06-01T20:00:00Z,Buy,39.23,43.17,4,15.76,4.5745227346227,-63.76,27.72,65.24,1,"	621,1268" 
2008-01-02T21:00:00Z,"WMK",2013-03-01T21:00:00Z,Buy,39.23,40.96,1,1.73,7.4314841424378,-15.94,6.93,16.31,1,"	621,1359" 
2008-02-01T21:00:00Z,"BW",2008-03-03T21:00:00Z,Buy,30.31,26.82,8,-27.92,2.0846943765281,-41.68,224.72,44.56,0,"	629,640" 
2008-02-01T21:00:00Z,"TWIN",2008-03-03T21:00:00Z,Buy,16.67,20.11,46,158.24,13.442455270566,-32.66,213.44,55.2,1,"	636,649" 
2008-02-01T21:00:00Z,"USMO",2008-04-01T20:00:00Z,Buy,12,7.45,21,-95.55,4.7858965770305,-109.83,338.94,109.83,0,"	637,657" 
2008-02-01T21:00:00Z,"IVAC",2008-06-02T20:00:00Z,Buy,11.44,12.16,24,17.28,6.916765679988,-31.2,459.12,143.04,1,"	630,689" 
2008-02-01T21:00:00Z,"MRO",2008-06-02T20:00:00Z,Buy,49.05,51.66,5,13.05,2.0521253985122,-36.68,86.3,47.4,1,"	633,690" 
2008-02-01T21:00:00Z,"MEI",2009-02-02T21:00:00Z,Buy,12.91,4.9,59,-472.59,25.093740510128,-488.52,30.09,518.61,0,"	632,803" 
2008-02-01T21:00:00Z,"RS",2009-02-02T21:00:00Z,Buy,50.58,22.21,5,-141.85,2.0514128887985,-189.6,137.7,327.3,0,"	634,807" 
2008-02-01T21:00:00Z,"JAKK",2009-04-01T20:00:00Z,Buy,24,12.65,10,-113.5,2.9542691978082,-137.2,59.9,197.1,0,"	631,827" 
2008-02-01T21:00:00Z,"B",2009-05-01T20:00:00Z,Buy,27.2,13.91,8,-106.32,2.8783478120587,-153.6,75.6,192,0,"	628,840" 
2008-02-01T21:00:00Z,"SHOO",2012-08-01T20:00:00Z,Buy,7.8800137407631,39.41,29.249948995353,922.25,2.1350263620387,-54.08,1088.1,391.66,1,"	635,1285" 
2008-02-01T21:00:00Z,"WMK",2013-03-01T21:00:00Z,Buy,38.32,40.96,8,21.12,2.9087533306933,-120.24,62.72,130.48,1,"	638,1359" 
2008-03-03T21:00:00Z,"AMED",2008-05-01T20:00:00Z,Buy,43.05,52.34,27,250.83,4.5445187391359,-164.43,250.83,164.43,1,"	650,665" 
2008-03-03T21:00:00Z,"KAMN",2008-05-01T20:00:00Z,Buy,23.57,27.67,46,188.6,30.162267524202,-2.3,284.28,122.36,1,"	651,670" 
2008-03-03T21:00:00Z,"XOM",2008-10-01T20:00:00Z,Buy,87.84,78.59,5,-46.25,10.759909325923,-71.25,33.7,104.95,0,"	652,755" 
2008-03-03T21:00:00Z,"XOM",2008-11-03T21:00:00Z,Buy,87.84,74.39,9,-121.05,15.078484876844,-235.53,60.66,296.19,0,"	652,772" 
2008-03-03T21:00:00Z,"XOM",2009-11-02T21:00:00Z,Buy,87.84,72.15,8,-125.52,10.456864025549,-209.36,53.92,263.28,0,"	652,895" 
2008-04-01T20:00:00Z,"IMMR",2008-05-01T20:00:00Z,Buy,6.98,11.06,39,159.12,10.531952253994,-14.43,236.34,28.47,1,"	659,668" 
2008-04-01T20:00:00Z,"UAUA",2008-05-01T20:00:00Z,Buy,23.13,16.1,14,-98.42,2.15040408732,-134.12,397.04,140.84,0,"	662,675" 
2008-04-01T20:00:00Z,"NVTL",2008-06-02T20:00:00Z,Buy,10.39,10.19,24,-4.8,2.2576033057851,-63.12,140.64,76.8,0,"	661,691" 
2008-04-01T20:00:00Z,"WDC",2008-06-02T20:00:00Z,Buy,27.92,37.07,8,73.2,4.4407828976836,-7.36,76.48,23.04,1,"	663,693" 
2008-04-01T20:00:00Z,"ZEUS",2008-06-02T20:00:00Z,Buy,45.94,62.23,5,81.45,8.9768758980755,-5.25,95.2,15,1,"	664,694" 
2008-04-01T20:00:00Z,"ZEUS",2008-07-01T20:00:00Z,Buy,45.94,70.47,4,98.12,2.0371285563751,-4.2,119.92,21.8,1,"	664,709" 
2008-04-01T20:00:00Z,"LXU",2008-08-01T20:00:00Z,Buy,15.08,21.65,12,78.84,4.6801899592944,-13.32,84.36,42.12,1,"	660,726" 
2008-04-01T20:00:00Z,"FSTR",2008-11-03T21:00:00Z,Buy,44.97,28.28,16,-267.04,55.363673408956,-392.16,47.84,440,0,"	658,767" 
2008-04-01T20:00:00Z,"LXU",2008-11-03T21:00:00Z,Buy,15.08,8.39,43,-287.67,2.6139024390244,-334.11,383.99,718.1,0,"	660,768" 
2008-04-01T20:00:00Z,"WDC",2009-04-01T20:00:00Z,Buy,27.92,19.91,17,-136.17,5.9122621255691,-305.83,204.85,510.68,0,"	663,832" 
2008-04-01T20:00:00Z,"ZEUS",2009-06-01T20:00:00Z,Buy,45.94,19.69,14,-367.5,2.2239924160347,-492.66,419.72,912.38,0,"	664,857" 
2008-04-01T20:00:00Z,"WDC",2009-09-01T20:00:00Z,Buy,27.92,33.21,8,42.32,2.0775029171529,-143.92,96.4,240.32,1,"	663,878" 
2008-04-01T20:00:00Z,"WDC",2010-11-01T20:00:00Z,Buy,27.92,32.62,2,9.4,16.033041558382,-35.98,37.1,60.08,1,"	663,1043" 
2008-05-01T20:00:00Z,"MRO",2008-06-02T20:00:00Z,Buy,47.86,51.66,5,19,2.0524665643499,-30.72,92.25,21.05,1,"	683,690" 
2008-05-01T20:00:00Z,"AZZ",2008-07-01T20:00:00Z,Buy,27.56,44.06,11,181.5,24.495381808962,-0.55,181.5,37.07,1,"	678,704" 
2008-05-01T20:00:00Z,"PTEN",2008-07-01T20:00:00Z,Buy,27.94,36.02,12,96.96,16.92744895934,0,99.12,35.04,1,"	684,706" 
2008-05-01T20:00:00Z,"AZZ",2008-08-01T20:00:00Z,Buy,27.56,46.14,19,353.02,20.824517831812,-0.95,372.59,105.26,1,"	678,720" 
2008-05-01T20:00:00Z,"CUB",2008-08-01T20:00:00Z,Buy,27.74,26.9,32,-26.88,19.259635380417,-202.56,27.84,230.4,0,"	679,722" 
2008-05-01T20:00:00Z,"GHM",2008-08-01T20:00:00Z,Buy,58.23,101.97,10,437.4,4.2147106583072,-31.4,437.4,151,1,"	680,724" 
2008-05-01T20:00:00Z,"K",2008-08-01T20:00:00Z,Buy,52.43,52.4,5,-0.15,9.9076193659229,-22.3,8.4,22.3,0,"	682,725" 
2008-05-01T20:00:00Z,"TNC",2008-09-02T20:00:00Z,Buy,35.3,31.28,36,-144.72,38.718621478304,-374.76,18.36,393.12,0,"	685,738" 
2008-05-01T20:00:00Z,"K",2008-10-01T20:00:00Z,Buy,52.43,56.55,7,28.84,4.8565920938733,-31.22,34.37,31.22,1,"	682,750" 
2008-05-01T20:00:00Z,"AAON",2008-12-01T21:00:00Z,Buy,19.08,17.3,18,-32.04,4.7650769688406,-110.88,69.12,180,0,"	676,787" 
2008-05-01T20:00:00Z,"JAKK",2009-04-01T20:00:00Z,Buy,23.79,12.65,9,-100.26,2.0911494252874,-121.59,55.8,150.03,0,"	681,827" 
2008-05-01T20:00:00Z,"PTEN",2009-06-01T20:00:00Z,Buy,27.94,15.23,34,-432.14,24.545676781912,-689.52,280.84,970.36,0,"	684,856" 
2008-05-01T20:00:00Z,"ANK",2009-07-01T20:00:00Z,Buy,33.25,39.86,24,158.64,4.6279983455124,-463.2,170.88,503.52,1,"	677,864" 
2008-05-01T20:00:00Z,"AAON",2009-12-01T21:00:00Z,Buy,19.08,19.03,39,-1.95,7.2769176880544,-240.24,149.76,390,0,"	676,903" 
2008-05-01T20:00:00Z,"ANK",2010-07-01T20:00:00Z,Buy,33.25,40.16,12,82.92,2.1847554479419,-231.6,299.64,251.76,1,"	677,999" 
2008-05-01T20:00:00Z,"K",2011-09-01T20:00:00Z,Buy,52.43,53.97,4,6.16,3.7996063686063,-66.2,20.52,85.84,1,"	682,1177" 
2008-05-01T20:00:00Z,"K",2012-10-01T20:00:00Z,Buy,52.43,51.93,26,-13,8.5406717453297,-430.3,133.38,557.96,0,"	682,1302" 
2008-05-01T20:00:00Z,"WMK",2013-03-01T21:00:00Z,Buy,30.37,40.96,1,10.59,2.0890906127771,-7.08,15.79,16.31,1,"	686,1359" 
2008-05-01T20:00:00Z,"WMK",2013-07-01T20:00:00Z,Buy,30.37,45.44,8,120.56,32.725920017556,-56.64,132.4,130.48,1,"	686,1429" 
2008-06-02T20:00:00Z,"DCO",2008-08-01T20:00:00Z,Buy,30.54,27.21,8,-26.64,20.453037927141,-72.4,0,72.4,0,"	697,723" 
2008-06-02T20:00:00Z,"DCO",2008-10-01T20:00:00Z,Buy,30.54,22.9,20,-152.8,2.2872073578595,-194,0,194,0,"	697,748" 
2008-06-02T20:00:00Z,"PCU",2008-10-01T20:00:00Z,Buy,36.583296934036,18.35,27.0000268642,-492.3,19.717978416829,-492.3,25.47,517.77,0,"	701,752" 
2008-06-02T20:00:00Z,"FSTR",2008-11-03T21:00:00Z,Buy,34.19,28.28,6,-35.46,4.3413940183202,-82.38,82.62,113.52,0,"	698,767" 
2008-06-02T20:00:00Z,"HOFT",2009-02-02T21:00:00Z,Buy,20.03,8.09,12,-143.28,7.29887056026,-168.12,44.76,178.68,0,"	699,802" 
2008-06-02T20:00:00Z,"OXY",2009-02-02T21:00:00Z,Buy,92.58,54.16,4,-153.68,6.9903630313165,-208.12,3.28,211.4,0,"	700,806" 
2008-06-02T20:00:00Z,"CF",2009-03-02T21:00:00Z,Buy,139.39,58.99,5,-402,19.092539076759,-499.55,150.65,650.2,0,"	696,814" 
2008-06-02T20:00:00Z,"OXY",2009-06-01T20:00:00Z,Buy,92.58,69.33,10,-232.5,13.885044264071,-520.3,8.2,528.5,0,"	700,854" 
2008-06-02T20:00:00Z,"XOM",2009-11-02T21:00:00Z,Buy,87.71,72.15,3,-46.68,2.0297523744912,-78.12,20.61,82.62,0,"	703,895" 
2008-06-02T20:00:00Z,"VLGEA",2010-02-01T21:00:00Z,Buy,23.135,26.13,10,29.95,4.8998150475147,-43.4,94.75,66.1,1,"	702,933" 
2008-06-02T20:00:00Z,"BKE",2010-04-01T20:00:00Z,Buy,30.30001515,37.16,8.9999955000022,61.74,5.4252370843745,-145.26,101.4,242.88,1,"	695,955" 
2008-07-01T20:00:00Z,"CUB",2008-08-01T20:00:00Z,Buy,22.01,26.9,9,44.01,2.0886705461056,-5.4,59.4,7.2,1,"	712,722" 
2008-07-01T20:00:00Z,"TNC",2008-09-02T20:00:00Z,Buy,29.82,31.28,10,14.6,2.099036864829,-49.3,59.9,49.3,1,"	718,738" 
2008-07-01T20:00:00Z,"DCO",2008-10-01T20:00:00Z,Buy,23.21,22.9,10,-3.1,5.112541891733,-23.7,73.3,88.9,0,"	713,748" 
2008-07-01T20:00:00Z,"AIT",2008-11-03T21:00:00Z,Buy,23.8,19.93,8.0000194999903,-30.96,4.2008161836663,-66.72,92.08,102.72,0,"	710,764" 
2008-07-01T20:00:00Z,"MEI",2009-02-02T21:00:00Z,Buy,10.44,4.9,20,-110.8,6.8216054380247,-116.2,59.6,175.8,0,"	716,803" 
2008-07-01T20:00:00Z,"NVR",2009-02-02T21:00:00Z,Buy,508.01,403.99,1,-104.02,18.918887471421,-168.72,270.99,295.19,0,"	717,805" 
2008-07-01T20:00:00Z,"B",2009-05-01T20:00:00Z,Buy,23.6,13.91,11,-106.59,4.4038456782995,-171.6,143.55,187.99,0,"	711,840" 
2008-07-01T20:00:00Z,"EXPO",2009-10-01T20:00:00Z,Buy,30.39,27.54,7,-19.95,3.9282824726603,-167.58,46.41,98.56,0,"	714,882" 
2008-07-01T20:00:00Z,"WEYS",2009-10-01T20:00:00Z,Buy,27.15,22.35,8,-38.4,7.3894265994478,-78.8,98.32,154,0,"	719,884" 
2008-07-01T20:00:00Z,"AIT",2011-09-01T20:00:00Z,Buy,23.8,29.49,0.99998050000975,5.69,4.4614777329782,-8.34,12.63,12.84,1,"	710,1176" 
2008-07-01T20:00:00Z,"K",2012-10-01T20:00:00Z,Buy,48.07,51.93,5,19.3,3.4913101946673,-60.95,47.45,107.3,1,"	715,1302" 
2008-08-01T20:00:00Z,"EGY",2008-09-02T20:00:00Z,Buy,6.55,7.4,31,26.35,16.00412012907,-27.59,49.29,27.59,1,"	731,737" 
2008-08-01T20:00:00Z,"COP",2008-10-01T20:00:00Z,Buy,81.14,70.7,4,-41.76,35.115050043892,-51.04,15.44,66.48,0,"	732,751" 
2008-08-01T20:00:00Z,"PCU",2008-10-01T20:00:00Z,Buy,25.97,18.35,12.9999731358,-99.06,2.1212679597701,-99.06,150.24,103.87,0,"	733,752" 
2008-08-01T20:00:00Z,"DECK",2008-11-03T21:00:00Z,Buy,105.49,80.65,2,-49.68,2.0186658409272,-142.58,118.82,106.5,0,"	730,766" 
2008-08-01T20:00:00Z,"EGY",2009-01-02T21:00:00Z,Buy,6.55,7.5,36,34.2,2.3638814016173,-94.68,57.24,151.92,1,"	731,794" 
2008-08-01T20:00:00Z,"COP",2009-03-02T21:00:00Z,Buy,81.14,35.15,16,-735.84,2.1507774798928,-735.84,61.76,797.6,0,"	732,815" 
2008-08-01T20:00:00Z,"SKX",2009-04-01T20:00:00Z,Buy,18.96,6.91,42,-506.1,25.850992556108,-574.14,79.8,653.94,0,"	734,830" 
2008-08-01T20:00:00Z,"EGY",2009-05-01T20:00:00Z,Buy,6.55,4.7,76,-140.6,9.8420519384432,-199.88,134.52,320.72,0,"	731,841" 
2008-08-01T20:00:00Z,"WDC",2010-11-01T20:00:00Z,Buy,28.61,32.62,9,36.09,2.0895305980529,-168.12,160.74,205.65,1,"	735,1043" 
2008-09-02T20:00:00Z,"CMC",2008-10-01T20:00:00Z,Buy,24.61,16.28,10,-83.3,3.7592553406214,-125.1,147.9,86.9,0,"	740,747" 
2008-09-02T20:00:00Z,"PCLN",2008-11-03T21:00:00Z,Buy,97.6,52.29,3,-135.93,10.989509301779,-182.52,126.18,145.02,0,"	743,770" 
2008-09-02T20:00:00Z,"SCHN",2009-01-02T21:00:00Z,Buy,64.15,40.18,5,-119.85,2.046886420114,-237.85,252.25,237.85,0,"	744,796" 
2008-09-02T20:00:00Z,"HOFT",2009-02-02T21:00:00Z,Buy,17.47,8.09,17,-159.46,6.8712590182328,-194.65,106.93,235.11,0,"	742,802" 
2008-09-02T20:00:00Z,"DMLP",2009-11-02T21:00:00Z,Buy,26.3,22.15,45,-186.75,4.8722601895276,-529.65,78.75,608.4,0,"	741,893" 
2008-10-01T20:00:00Z,"LXU",2008-11-03T21:00:00Z,Buy,14.35,8.39,17,-101.32,6.6159965916022,-119.68,164.22,119.68,0,"	759,768" 
2008-10-01T20:00:00Z,"WTI",2009-03-02T21:00:00Z,Buy,26.08,6.73,29,-561.15,30.419446302688,-561.15,0,561.15,0,"	762,816" 
2008-10-01T20:00:00Z,"CRMT",2009-04-01T20:00:00Z,Buy,18.56,13.94,15.500017249991,-71.61,17.789915155355,-174.53,106.95,174.53,0,"	756,823" 
2008-10-01T20:00:00Z,"SKX",2009-04-01T20:00:00Z,Buy,16.23,6.91,12,-111.84,3.9247414846692,-131.28,55.56,131.28,0,"	760,830" 
2008-10-01T20:00:00Z,"TTWO",2009-04-01T20:00:00Z,Buy,15.93,8.47,47,-350.62,67.551479359669,-484.57,0,484.57,0,"	761,831" 
2008-10-01T20:00:00Z,"IIIN",2009-06-01T20:00:00Z,Buy,13,9.08,59,-231.28,37.337505556539,-480.85,0,480.85,0,"	758,852" 
2008-10-01T20:00:00Z,"ZEUS",2009-06-01T20:00:00Z,Buy,28.14,19.69,7,-59.15,9.7437752105311,-121.73,334.46,121.73,0,"	763,857" 
2008-10-01T20:00:00Z,"CRMT",2009-07-01T20:00:00Z,Buy,18.56,21.14,11,28.38,2.1134341463415,-123.86,75.9,123.86,1,"	756,866" 
2008-10-01T20:00:00Z,"DLTR",2010-02-01T21:00:00Z,Buy,36.13,49.97,6,83.04,3.9445227701068,-88.98,91.2,61.56,1,"	757,931" 
2008-10-01T20:00:00Z,"CRMT",2010-09-01T20:00:00Z,Buy,18.56,25.31,8,54,2.080992,-90.08,67.44,90.08,1,"	756,1013" 
2008-10-01T20:00:00Z,"CRMT",2011-03-01T21:00:00Z,Buy,18.56,24.26,22.499982750009,128.25,2.4992978208232,-253.35,255.82,253.35,1,"	756,1089" 
2008-11-03T21:00:00Z,"CMI",2008-12-01T21:00:00Z,Buy,26.48,22.53,9,-35.55,2.0911009174312,-77.76,427.14,98.73,0,"	775,788" 
2008-11-03T21:00:00Z,"UACL",2008-12-01T21:00:00Z,Buy,16.46,16,13,-5.98,4.6323673976388,-44.98,20.54,44.98,0,"	785,790" 
2008-11-03T21:00:00Z,"TBI",2009-01-02T21:00:00Z,Buy,8.18,9.82,32,52.48,12.651776812284,-67.52,52.48,75.2,1,"	779,795" 
2008-11-03T21:00:00Z,"SCHN",2009-01-02T21:00:00Z,Buy,27.22,40.18,10,129.6,2.1010768659488,-106.4,873.8,128.2,1,"	783,796" 
2008-11-03T21:00:00Z,"DAR",2009-02-02T21:00:00Z,Buy,7.13,4.48,92,-243.8,5.7682872340426,-331.2,69.92,401.12,0,"	776,801" 
2008-11-03T21:00:00Z,"HOFT",2009-02-02T21:00:00Z,Buy,9.8,8.09,41,-70.11,7.7374613659492,-154.98,572.36,154.98,0,"	778,802" 
2008-11-03T21:00:00Z,"MEI",2009-02-02T21:00:00Z,Buy,7.71,4.9,27,-75.87,7.8600796736044,-83.16,154.17,133.92,0,"	780,803" 
2008-11-03T21:00:00Z,"MOV",2009-02-02T21:00:00Z,Buy,14.79,7.66,18,-128.34,2.1756068601583,-146.88,358.92,151.2,0,"	781,804" 
2008-11-03T21:00:00Z,"ABFS",2009-04-01T20:00:00Z,Buy,29.03,19.17,26,-256.36,13.074575165417,-336.18,41.34,377.52,0,"	773,821" 
2008-11-03T21:00:00Z,"HVT",2009-04-01T20:00:00Z,Buy,9.6,10.47,21,18.27,12.722433312653,-38.64,23.52,38.64,1,"	777,826" 
2008-11-03T21:00:00Z,"TBI",2009-04-01T20:00:00Z,Buy,8.18,8.37,85,16.15,25.701773786357,-183.6,171.7,355.3,1,"	779,828" 
2008-11-03T21:00:00Z,"NVR",2009-04-01T20:00:00Z,Buy,499.85,430.02,1,-69.83,28.256136870172,-179.81,279.15,179.81,0,"	782,829" 
2008-11-03T21:00:00Z,"TTWO",2009-04-01T20:00:00Z,Buy,12.26,8.47,21,-79.59,2.2170826306914,-139.44,77.07,144.06,0,"	784,831" 
2008-11-03T21:00:00Z,"CALM",2009-11-02T21:00:00Z,Buy,29.09,27.93,23,-26.68,26.331702660715,-272.32,30.82,299.69,0,"	774,891" 
2008-11-03T21:00:00Z,"UACL",2009-12-01T21:00:00Z,Buy,16.46,16.13,35,-11.55,14.455851518696,-208.25,113.05,321.3,0,"	785,909" 
2008-11-03T21:00:00Z,"HVT",2010-03-01T21:00:00Z,Buy,9.6,13.49,81,315.09,20.742111554451,-149.04,351.54,187.11,1,"	777,941" 
2008-11-03T21:00:00Z,"WDC",2010-11-01T20:00:00Z,Buy,17.05,32.62,13,202.41,2.134659781288,-92.56,382.46,297.05,1,"	786,1043" 
2008-12-01T21:00:00Z,"CF",2009-03-02T21:00:00Z,Buy,44.12,58.99,4,59.48,4.9106185004605,-18.56,501.6,49.64,1,"	791,814" 
2008-12-01T21:00:00Z,"GCO",2009-04-01T20:00:00Z,Buy,11.47,19.2,14,108.22,8.6380284622148,0,108.64,82.88,1,"	792,825" 
2008-12-01T21:00:00Z,"JAKK",2009-04-01T20:00:00Z,Buy,17.03,12.65,13,-56.94,7.0937340047684,-87.75,168.48,138.84,0,"	793,827" 
2008-12-01T21:00:00Z,"GCO",2009-08-03T20:00:00Z,Buy,11.47,22.07,31,328.6,7.0759221887545,0,444.85,255.75,1,"	792,871" 
2009-01-02T21:00:00Z,"TTWO",2009-04-01T20:00:00Z,Buy,7.95,8.47,31,16.12,5.8100352104802,-72.23,247.38,78.12,1,"	800,831" 
2009-01-02T21:00:00Z,"PTEN",2009-06-01T20:00:00Z,Buy,12.58,15.23,19,50.35,2.2076629018245,-93.48,448.78,99.75,1,"	798,856" 
2009-01-02T21:00:00Z,"TSCO",2009-08-03T20:00:00Z,Buy,36.73,48.4,5,58.35,9.1494505643523,-37.5,58.35,40.65,1,"	799,872" 
2009-01-02T21:00:00Z,"TSCO",2010-05-03T20:00:00Z,Buy,36.73,67.93,4,124.8,2.0404525829984,-30,133.88,36.04,1,"	799,971" 
2009-01-02T21:00:00Z,"TSCO",2010-10-01T20:00:00Z,Buy,18.365,39.2,6,125.01,9.371425360012,-22.5,127.77,27.69,1,"	799,1032" 
2009-01-02T21:00:00Z,"TSCO",2011-02-01T21:00:00Z,Buy,18.365,51.68,10,333.15,8.6712516021476,-37.5,346.45,46.15,1,"	799,1080" 
2009-01-02T21:00:00Z,"TSCO",2011-07-01T20:00:00Z,Buy,18.365,67.85,3,148.46,3.9519739484129,-11.25,148.46,15.57,1,"	799,1151" 
2009-01-02T21:00:00Z,"TSCO",2011-10-03T20:00:00Z,Buy,18.365,60.23,4,167.46,2.0385163868905,-15,215.58,75.28,1,"	799,1191" 
2009-01-02T21:00:00Z,"TSCO",2012-05-01T20:00:00Z,Buy,18.365,98.38,4,320.06,5.2591029156883,-15,325.18,75.28,1,"	799,1257" 
2009-01-02T21:00:00Z,"TSCO",2012-08-01T20:00:00Z,Buy,18.365,88.1,6,418.41,8.4590018197637,-22.5,488.43,130.74,1,"	799,1286" 
2009-01-02T21:00:00Z,"TSCO",2013-02-01T21:00:00Z,Buy,18.365,103.96,3,256.78,2.0300839201312,-11.25,256.78,65.37,1,"	799,1350" 
2009-02-02T21:00:00Z,"CTRN",2009-04-01T20:00:00Z,Buy,9.51,22.96,33,443.85,44.261984433406,0,443.85,52.14,1,"	809,824" 
2009-02-02T21:00:00Z,"SKX",2009-04-01T20:00:00Z,Buy,9.92,6.91,23,-69.23,2.2286172344689,-106.49,251.62,110.4,0,"	812,830" 
2009-02-02T21:00:00Z,"KFRC",2009-05-01T20:00:00Z,Buy,6.32,10.63,110,474.1,27.660491158607,-86.9,517,265.1,1,"	811,842" 
2009-02-02T21:00:00Z,"CRK",2009-06-01T20:00:00Z,Buy,38.42,40.83,12,28.92,13.184592406229,-136.68,56.4,166.44,1,"	808,850" 
2009-02-02T21:00:00Z,"PETS",2009-12-01T21:00:00Z,Buy,14.45,16.48,67,136.01,23.352209967006,-79.73,354.43,282.07,1,"	810,907" 
2009-02-02T21:00:00Z,"CTRN",2010-04-01T20:00:00Z,Buy,9.51,33.1,18,424.62,7.3184944745517,0,453.78,169.74,1,"	809,956" 
2009-02-02T21:00:00Z,"SYKE",2010-05-03T20:00:00Z,Buy,16.72,22.51,48,277.92,17.640176779105,-143.04,475.2,216.96,1,"	813,970" 
2009-03-02T21:00:00Z,"NVR",2009-04-01T20:00:00Z,Buy,326.35,430.02,1,103.67,9.8680918545418,-6.31,452.65,40.57,1,"	820,829" 
2009-03-02T21:00:00Z,"FSYS",2009-06-01T20:00:00Z,Buy,19.25,22.74,19,66.31,10.431882832702,-167.2,67.83,171.76,1,"	817,853" 
2009-03-02T21:00:00Z,"LHCG",2009-12-01T21:00:00Z,Buy,17.99,31.9,30,417.3,12.372513536628,-29.7,424.8,221.7,1,"	818,906" 
2009-03-02T21:00:00Z,"MTSC",2010-03-01T21:00:00Z,Buy,21.55,27.92,35,222.95,30.017363482819,-59.5,304.85,188.65,1,"	819,942" 
2009-04-01T20:00:00Z,"HWKN",2009-06-01T20:00:00Z,Buy,15.34,21,18,101.88,38.684714143139,-3.96,110.52,11.34,1,"	837,851" 
2009-04-01T20:00:00Z,"CMTL",2009-07-01T20:00:00Z,Buy,25.14,32.55,27,200.07,12.342184028792,0,248.94,208.17,1,"	835,865" 
2009-04-01T20:00:00Z,"AMED",2009-08-03T20:00:00Z,Buy,27.4,44.8,25,435,18.303864594398,0,435,223,1,"	833,870" 
2009-04-01T20:00:00Z,"HWKN",2009-10-01T20:00:00Z,Buy,15.34,22.76,15,111.3,2.146147260274,-3.3,158.25,63.75,1,"	837,883" 
2009-04-01T20:00:00Z,"CALM",2009-11-02T21:00:00Z,Buy,22.08,27.93,11,64.35,3.4773099218895,-53.13,91.85,79.09,1,"	834,891" 
2009-04-01T20:00:00Z,"CNC",2009-12-01T21:00:00Z,Buy,17.65,19.27,47,76.14,22.266956093053,-29.61,133.95,163.56,1,"	836,904" 
2009-04-01T20:00:00Z,"WIRE",2010-01-04T21:00:00Z,Buy,21.98,21.26,36,-25.92,25.055566707986,-90.36,82.8,158.4,0,"	839,924" 
2009-04-01T20:00:00Z,"HWKN",2010-04-01T20:00:00Z,Buy,15.34,24.15,9,79.29,3.0391540252632,-1.98,94.95,54.72,1,"	837,957" 
2009-04-01T20:00:00Z,"HWKN",2010-07-01T20:00:00Z,Buy,15.34,24.77,10,94.3,5.7785639053311,-2.2,140.5,60.8,1,"	837,1001" 
2009-04-01T20:00:00Z,"HWKN",2010-08-02T20:00:00Z,Buy,15.34,32.17,12,201.96,9.9056890394859,-2.64,205.44,72.96,1,"	837,1006" 
2009-04-01T20:00:00Z,"NPK",2010-08-02T20:00:00Z,Buy,63.81,102.97,2,78.32,19.899291037915,0,129.86,77.84,1,"	838,1007" 
2009-04-01T20:00:00Z,"HWKN",2010-12-01T21:00:00Z,Buy,15.34,43.45,6,168.66,4.1002221890199,-1.32,169.14,36.48,1,"	837,1051" 
2009-04-01T20:00:00Z,"NPK",2011-01-03T21:00:00Z,Buy,63.81,134.58,2,141.54,3.1232450440197,0,141.54,77.84,1,"	838,1071" 
2009-04-01T20:00:00Z,"NPK",2011-03-01T21:00:00Z,Buy,63.81,125.75,7,433.58,5.1908097142755,0,508.34,272.44,1,"	838,1092" 
2009-05-01T20:00:00Z,"PLCE",2009-06-01T20:00:00Z,Buy,28.9,36.79,6,47.34,15.687323966298,0,47.34,26.64,1,"	848,855" 
2009-05-01T20:00:00Z,"KIRK",2009-07-01T20:00:00Z,Buy,6.71,11.21,49,220.5,39.729676718783,-47.53,259.7,58.31,1,"	846,867" 
2009-05-01T20:00:00Z,"CVX",2009-11-02T21:00:00Z,Buy,66.84,76.64,4,39.2,3.3747543714127,-41.48,144.92,45.08,1,"	844,892" 
2009-05-01T20:00:00Z,"PLCE",2009-11-02T21:00:00Z,Buy,28.9,32.53,19,68.97,2.2689284578696,-76.76,149.91,226.67,1,"	848,894" 
2009-05-01T20:00:00Z,"XOM",2009-11-02T21:00:00Z,Buy,67.93,72.15,5,21.1,2.0507698056801,-31.3,133.25,44.65,1,"	849,895" 
2009-05-01T20:00:00Z,"DGIT",2009-12-01T21:00:00Z,Buy,21.99,27.28,21,111.09,4.5613198211989,-111.09,121.38,140.91,1,"	845,905" 
2009-05-01T20:00:00Z,"KIRK",2010-01-04T21:00:00Z,Buy,6.71,18,14,158.06,4.4585216232466,-13.58,171.36,59.08,1,"	846,922" 
2009-05-01T20:00:00Z,"MTSC",2010-03-01T21:00:00Z,Buy,21.7,27.92,12,74.64,2.1232371036441,-22.2,102.72,64.68,1,"	847,942" 
2009-05-01T20:00:00Z,"DGIT",2010-06-01T20:00:00Z,Buy,21.99,41.71,9,177.48,13.072176993452,-47.61,190.62,60.39,1,"	845,988" 
2009-05-01T20:00:00Z,"DGIT",2011-01-03T21:00:00Z,Buy,21.99,29.59,7,53.2,5.7891261301396,-48.16,152.67,200.83,1,"	845,1066" 
2009-05-01T20:00:00Z,"KIRK",2011-01-03T21:00:00Z,Buy,6.71,14.06,37,271.95,2.5211119030649,-35.89,659.34,508.38,1,"	846,1070" 
2009-06-01T20:00:00Z,"RHI",2009-12-01T21:00:00Z,Buy,22.61,22.75,39,5.46,9.4816199447601,-80.73,201.24,217.62,1,"	862,908" 
2009-06-01T20:00:00Z,"CASY",2010-05-03T20:00:00Z,Buy,26.47,38.42,24,286.8,4.605897058478,-38.64,312.72,90.96,1,"	859,963" 
2009-06-01T20:00:00Z,"RBIN",2010-05-03T20:00:00Z,Buy,13.97,25.58,10,116.1,24.072536086776,-12.8,116.1,41.9,1,"	861,966" 
2009-06-01T20:00:00Z,"USMO",2010-05-03T20:00:00Z,Buy,11.34,14.23,77,222.53,32.825318096564,-104.72,231,295.68,1,"	863,973" 
2009-06-01T20:00:00Z,"FIZ",2010-07-01T20:00:00Z,Buy,11,12.28,29.000213599829,37.12,17.529403981233,-118.9,95.41,100.92,1,"	860,1000" 
2009-06-01T20:00:00Z,"FIZ",2010-09-01T20:00:00Z,Buy,11,14.98,33,131.34,2.3447280334728,-135.3,131.34,114.84,1,"	860,1014" 
2009-06-01T20:00:00Z,"RBIN",2010-09-01T20:00:00Z,Buy,13.97,24.26,9,92.61,4.479968610014,-11.52,104.49,67.86,1,"	861,1017" 
2009-06-01T20:00:00Z,"RBIN",2010-11-01T20:00:00Z,Buy,13.97,37.21,5,116.2,2.0917758289942,-6.4,116.2,37.7,1,"	861,1042" 
2009-06-01T20:00:00Z,"CASY",2011-05-02T20:00:00Z,Buy,26.47,38.45,11,131.78,18.575289457222,-17.71,195.47,92.51,1,"	859,1111" 
2009-06-01T20:00:00Z,"CTR",2011-07-01T20:00:00Z,Buy,20.25,29.34,16.000023999988,145.44,15.42067646056,-78.88,149.6,105.12,1,"	858,1147" 
2009-06-01T20:00:00Z,"FIZ",2011-07-01T20:00:00Z,Buy,11,14.63,7.9997864001709,29.04,16.216895453536,-32.8,33.6,27.84,1,"	860,1148" 
2009-06-01T20:00:00Z,"CTR",2011-08-01T20:00:00Z,Buy,20.25,28,9,69.75,6.7210062916625,-44.37,94.41,59.13,1,"	858,1160" 
2009-06-01T20:00:00Z,"CTR",2013-07-01T20:00:00Z,Buy,20.25,25.32,17.999976000012,91.26,2.8115384615385,-88.74,207,167.76,1,"	858,1425" 
2009-07-01T20:00:00Z,"DLTR",2010-02-01T21:00:00Z,Buy,42.43,49.97,5,37.7,3.0824323945435,-105.65,44.5,30,1,"	869,931" 
2009-07-01T20:00:00Z,"CORE",2010-10-01T20:00:00Z,Buy,26.88,31,7,28.84,17.524153355882,-9.31,52.08,60.9,1,"	868,1026" 
2009-07-01T20:00:00Z,"CORE",2011-06-01T20:00:00Z,Buy,26.88,34.83,26,206.7,2.6431952993844,-34.58,262.6,226.2,1,"	868,1128" 
2009-08-03T20:00:00Z,"SIF",2009-09-01T20:00:00Z,Buy,10.3,13.8,23,80.5,15.882695643061,-0.46,101.66,21.16,1,"	875,877" 
2009-08-03T20:00:00Z,"WIRE",2010-01-04T21:00:00Z,Buy,22.17,21.26,10,-9.1,3.840635561346,-27,21.1,44,0,"	876,924" 
2009-08-03T20:00:00Z,"RGR",2010-05-03T20:00:00Z,Buy,11.87,17.23,59,316.24,5.4794073679564,-128.03,335.12,242.49,1,"	874,967" 
2009-08-03T20:00:00Z,"SIF",2010-05-03T20:00:00Z,Buy,10.3,13.95,46,167.9,2.633633741889,-0.92,317.4,181.7,1,"	875,969" 
2009-08-03T20:00:00Z,"HWKN",2010-12-01T21:00:00Z,Buy,18.98,43.45,2,48.94,2.111289978678,-7.72,49.1,12.16,1,"	873,1051" 
2009-08-03T20:00:00Z,"HWKN",2011-08-01T20:00:00Z,Buy,18.98,34.73,9,141.75,2.3430621731551,-34.74,272.07,140.04,1,"	873,1164" 
2009-09-01T20:00:00Z,"XOM",2009-11-02T21:00:00Z,Buy,68.41,72.15,3,11.22,2.0296789587852,-20.22,78.51,12.21,1,"	881,895" 
2009-09-01T20:00:00Z,"BKE",2010-04-01T20:00:00Z,Buy,26.51,37.16,6.2499284837013,66.56,6.4472245996608,-77.19,94.1,65.06,1,"	879,955" 
2009-09-01T20:00:00Z,"DGIT",2011-01-03T21:00:00Z,Buy,16.7,29.59,14,180.46,2.1348327566321,-22.26,379.4,401.66,1,"	880,1066" 
2009-09-01T20:00:00Z,"BKE",2013-12-02T21:00:00Z,Buy,26.51,52.07,1.7500715162987,44.73,13.078864313457,-21.61,53.6,22.38,1,"	879,1508" 
2009-10-01T20:00:00Z,"CVX",2009-11-02T21:00:00Z,Buy,68.74,76.64,4,31.6,2.0390401817407,-49.08,137.32,8.84,1,"	885,892" 
2009-10-01T20:00:00Z,"PLCE",2009-11-02T21:00:00Z,Buy,29.01,32.53,7,24.64,2.0677803738318,-29.05,54.46,33.81,1,"	886,894" 
2009-10-01T20:00:00Z,"SCHN",2010-01-04T21:00:00Z,Buy,51.67,50,11,-18.37,8.4997205614708,-101.53,50.38,151.91,0,"	887,923" 
2009-10-01T20:00:00Z,"VLGEA",2010-02-01T21:00:00Z,Buy,29.15,26.13,10,-30.2,4.3335051858643,-103.55,34.6,51,0,"	889,933" 
2009-10-01T20:00:00Z,"TESS",2010-10-01T20:00:00Z,Buy,11.27333897,16.06,31.999921429964,153.17,16.963639703408,-167.04,308.27,280.53,1,"	888,1031" 
2009-10-01T20:00:00Z,"TESS",2011-02-01T21:00:00Z,Buy,11.27333897,12.44,28.000048570051,32.67,2.5075347222222,-146.16,269.73,245.47,1,"	888,1079" 
2009-10-01T20:00:00Z,"WMK",2013-07-01T20:00:00Z,Buy,31.67,45.44,8,110.16,3.2142600233698,-67.04,122,62.72,1,"	890,1429" 
2009-11-02T21:00:00Z,"AAON",2009-12-01T21:00:00Z,Buy,18.66,19.03,17,6.29,5.97424796726,-97.58,72.42,26.86,1,"	896,903" 
2009-11-02T21:00:00Z,"ARKR",2010-04-01T20:00:00Z,Buy,12.8,13.35,60,33,31.382124007894,-6,142.8,124.8,1,"	898,954" 
2009-11-02T21:00:00Z,"APOG",2010-08-02T20:00:00Z,Buy,12.9,11.12,58,-103.24,27.451423221961,-132.82,223.88,356.7,0,"	897,1005" 
2009-11-02T21:00:00Z,"DISCA",2010-10-01T20:00:00Z,Buy,27.28,43.27,5,79.95,4.4464785304248,0,82.3,24.5,1,"	899,1027" 
2009-11-02T21:00:00Z,"RS",2010-10-01T20:00:00Z,Buy,36.42,42.19,19,109.63,13.535710041748,-20.33,352.26,372.59,1,"	902,1030" 
2009-11-02T21:00:00Z,"POWL",2010-12-01T21:00:00Z,Buy,36.05,36.17,22,2.64,18.100982574414,-209.22,23.1,232.32,1,"	901,1055" 
2009-11-02T21:00:00Z,"DISCA",2011-05-02T20:00:00Z,Buy,27.28,44.65,35,607.95,2.4842295526435,0,619.15,224.35,1,"	899,1112" 
2009-11-02T21:00:00Z,"FIZ",2011-07-01T20:00:00Z,Buy,11.08,14.63,21,74.55,6.0029887586837,-87.78,86.52,73.08,1,"	900,1148" 
2009-12-01T21:00:00Z,"CENT",2010-01-04T21:00:00Z,Buy,9.15,10.65,90,135,5.8401751264683,0,180,45,1,"	911,921" 
2009-12-01T21:00:00Z,"WIRE",2010-01-04T21:00:00Z,Buy,20.07,21.26,14,16.66,4.7057903825309,-8.4,58.94,17.08,1,"	920,924" 
2009-12-01T21:00:00Z,"DPZ",2010-02-01T21:00:00Z,Buy,7.75,11.36,34,122.74,6.5953784074529,-6.12,124.78,14.28,1,"	913,932" 
2009-12-01T21:00:00Z,"VLGEA",2010-02-01T21:00:00Z,Buy,30.85,26.13,8,-37.76,3.9113339335208,-96.44,14.08,38.8,0,"	919,933" 
2009-12-01T21:00:00Z,"CVI",2010-05-03T20:00:00Z,Buy,7.39,8.47,82,88.56,12.335017540955,-68.88,167.28,124.64,1,"	912,964" 
2009-12-01T21:00:00Z,"DPZ",2010-05-03T20:00:00Z,Buy,7.75,16.06,79,656.49,4.3853329157321,-14.22,664.39,66.36,1,"	913,965" 
2009-12-01T21:00:00Z,"USMO",2010-05-03T20:00:00Z,Buy,10.34,14.23,39,151.71,2.4040681362725,-14.04,156,36.27,1,"	918,973" 
2009-12-01T21:00:00Z,"GTLS",2010-06-01T20:00:00Z,Buy,16.91,16.96,37,1.85,23.071762147927,-45.88,342.62,340.77,1,"	914,990" 
2009-12-01T21:00:00Z,"HHS",2010-09-01T20:00:00Z,Buy,9.82,10.42,84,50.4,13.365827704823,0,466.2,462,1,"	915,1016" 
2009-12-01T21:00:00Z,"JBSS",2010-11-01T20:00:00Z,Buy,16.32,12.96,51,-171.36,13.431352508218,-207.57,57.12,264.69,0,"	916,1041" 
2009-12-01T21:00:00Z,"RBIN",2010-11-01T20:00:00Z,Buy,15.86,37.21,4,85.4,6.0716004730469,-12.68,85.4,30.16,1,"	917,1042" 
2009-12-01T21:00:00Z,"RBIN",2011-04-01T20:00:00Z,Buy,15.86,41.5,5,128.2,2.0492991209313,-15.85,154.6,76.3,1,"	917,1105" 
2009-12-01T21:00:00Z,"CASY",2011-05-02T20:00:00Z,Buy,30.62,38.45,7,54.81,2.0700686498856,-40.32,95.34,58.87,1,"	910,1111" 
2009-12-01T21:00:00Z,"RBIN",2012-05-01T20:00:00Z,Buy,15.86,48.6,8,261.92,12.998285798953,-25.36,282.4,153.84,1,"	917,1256" 
2010-01-04T21:00:00Z,"EGN",2010-03-01T21:00:00Z,Buy,47.49,46.68,27,-21.87,8.2046114368951,-146.07,45.09,191.16,0,"	927,940" 
2010-01-04T21:00:00Z,"CTRN",2010-04-01T20:00:00Z,Buy,26.86,33.1,8,49.92,4.4819660795801,-138.8,62.88,39.36,1,"	926,956" 
2010-01-04T21:00:00Z,"RGR",2010-05-03T20:00:00Z,Buy,10.24,17.23,30,209.7,6.0170303064182,-16.2,219.3,29.4,1,"	929,967" 
2010-01-04T21:00:00Z,"TSRA",2010-06-01T20:00:00Z,Buy,23.81,16.87,33,-229.02,18.823966836198,-231.99,8.25,240.24,0,"	930,991" 
2010-01-04T21:00:00Z,"POWL",2010-12-01T21:00:00Z,Buy,32.36,36.17,9,34.29,2.0923691722169,-52.38,42.66,82.8,1,"	928,1055" 
2010-01-04T21:00:00Z,"CLW",2011-06-01T20:00:00Z,Buy,54.32,67.69,10,133.7,23.232510521695,-100.9,303.5,169.8,1,"	925,1127" 
2010-02-01T21:00:00Z,"SIF",2010-05-03T20:00:00Z,Buy,12.65,13.95,17,22.1,2.1710819411297,-40.29,77.35,56.61,1,"	938,969" 
2010-02-01T21:00:00Z,"MTRX",2010-10-01T20:00:00Z,Buy,10.52,8.7,87,-158.34,28.985532408586,-180.09,161.82,341.91,0,"	936,1028" 
2010-02-01T21:00:00Z,"CRMT",2011-03-01T21:00:00Z,Buy,23.4,24.26,9,7.74,2.0895027624309,-144.9,58.77,56.97,1,"	934,1089" 
2010-02-01T21:00:00Z,"CORE",2011-06-01T20:00:00Z,Buy,30.23,34.83,10,46,3.6499728702243,-46.8,67.5,87,1,"	935,1128" 
2010-02-01T21:00:00Z,"SCVL",2011-08-01T20:00:00Z,Buy,18.06,32.44,8,115.04,8.4164665589722,-12.24,124.96,95.6,1,"	937,1166" 
2010-02-01T21:00:00Z,"SCVL",2012-01-03T21:00:00Z,Buy,18.06,25.59,10,75.3,5.8996078081066,-15.3,156.2,130.7,1,"	937,1224" 
2010-02-01T21:00:00Z,"SCVL",2012-04-02T20:00:00Z,Buy,18.06,32.56,13,188.5,4.2405241291369,-19.89,204.62,169.91,1,"	937,1246" 
2010-02-01T21:00:00Z,"TSCO",2013-05-01T20:00:00Z,Buy,26.08,105.33,8,634,6.2100612117966,-91.72,687.76,174.32,1,"	939,1394" 
2010-02-01T21:00:00Z,"SCVL",2013-06-03T20:00:00Z,Buy,12.04000602,24.64,17.999991000004,226.8,2.7611202635914,-18.36,226.8,156.84,1,"	937,1407" 
2010-03-01T21:00:00Z,"TTEC",2010-05-03T20:00:00Z,Buy,18.06,16.87,61,-72.59,9.8779986487068,-92.11,25.01,117.12,0,"	951,972" 
2010-03-01T21:00:00Z,"ANK",2010-07-01T20:00:00Z,Buy,45.37,40.16,7,-36.47,2.0723769371012,-219.94,89.95,126.42,0,"	943,999" 
2010-03-01T21:00:00Z,"APOG",2010-08-02T20:00:00Z,Buy,14.86,11.12,15,-56.1,2.1559832050385,-63.75,28.5,92.25,0,"	944,1005" 
2010-03-01T21:00:00Z,"LZB",2010-12-01T21:00:00Z,Buy,13.52,7.98,38,-210.52,20.309108880626,-267.52,62.7,330.22,0,"	949,1053" 
2010-03-01T21:00:00Z,"POWL",2010-12-01T21:00:00Z,Buy,29.32,36.17,7,47.95,4.2281536462517,-19.46,54.46,64.4,1,"	950,1055" 
2010-03-01T21:00:00Z,"CASY",2011-05-02T20:00:00Z,Buy,30.76,38.45,9,69.21,4.2904401167978,-53.1,121.32,75.69,1,"	945,1111" 
2010-03-01T21:00:00Z,"FIZ",2011-07-01T20:00:00Z,Buy,11.55,14.63,21,64.68,4.1742998559741,-97.65,76.65,57.75,1,"	946,1148" 
2010-03-01T21:00:00Z,"HWKN",2011-08-01T20:00:00Z,Buy,20.6,34.73,16,226.08,7.287007378283,-87.68,457.76,248.96,1,"	947,1164" 
2010-03-01T21:00:00Z,"K",2012-10-01T20:00:00Z,Buy,52.16,51.93,5,-1.15,3.2474508434162,-81.4,27,55.25,0,"	948,1302" 
2010-03-01T21:00:00Z,"UFS",2012-10-01T20:00:00Z,Buy,56.19,77.25,12,252.72,17.363385008439,-110.88,585.72,479.88,1,"	952,1304" 
2010-03-01T21:00:00Z,"WMK",2013-07-01T20:00:00Z,Buy,34.79,45.44,9,95.85,3.7862342473324,-103.5,109.17,70.56,1,"	953,1429" 
2010-04-01T20:00:00Z,"SYKE",2010-05-03T20:00:00Z,Buy,22.91,22.51,16,-6.4,4.5955845815051,-146.72,59.36,14.4,0,"	962,970" 
2010-04-01T20:00:00Z,"DSW",2010-12-01T21:00:00Z,Buy,25.76,39.45,6,82.14,17.212254423569,-23.04,84.54,61.86,1,"	959,1049" 
2010-04-01T20:00:00Z,"AMED",2011-01-03T21:00:00Z,Buy,56.99,34.9,7,-154.63,4.2277334136993,-237.09,42.84,279.93,0,"	958,1065" 
2010-04-01T20:00:00Z,"AMED",2011-03-01T21:00:00Z,Buy,56.99,35.37,8,-172.96,13.883069605759,-270.96,48.96,319.92,0,"	958,1088" 
2010-04-01T20:00:00Z,"FLXS",2011-03-01T21:00:00Z,Buy,13.31,14.82,51,77.01,13.319269499963,-157.59,274.38,266.73,1,"	960,1090" 
2010-04-01T20:00:00Z,"DSW",2011-06-01T20:00:00Z,Buy,25.76,48.54,6,136.68,4.200544860642,-23.04,153.42,61.86,1,"	959,1129" 
2010-04-01T20:00:00Z,"RBIN",2012-05-01T20:00:00Z,Buy,19.23,48.6,12,352.44,3.4586115910234,-78.48,383.16,230.76,1,"	961,1256" 
2010-04-01T20:00:00Z,"DSW",2012-06-01T20:00:00Z,Buy,25.76,57.26,20,630,2.2494571045576,-76.8,715.2,350,1,"	959,1262" 
2010-05-03T20:00:00Z,"FOSL",2010-06-01T20:00:00Z,Buy,40.46,36.23,8.0000149999925,-33.84,2.3848380462725,-236.27,11.36,52.08,0,"	979,989" 
2010-05-03T20:00:00Z,"TSRA",2010-06-01T20:00:00Z,Buy,20.46,16.87,15,-53.85,2.1513313609467,-55.2,54,55.2,0,"	986,991" 
2010-05-03T20:00:00Z,"SXI",2010-08-02T20:00:00Z,Buy,25.94,29.95,8,32.08,8.5677965557617,-28.96,32.64,34.96,1,"	985,1009" 
2010-05-03T20:00:00Z,"FOSL",2010-09-01T20:00:00Z,Buy,40.46,48.8,8,66.72,2.0822067803748,-236.27,66.72,57.44,1,"	979,1015" 
2010-05-03T20:00:00Z,"OSK",2010-10-01T20:00:00Z,Buy,39.75,28.07,25,-292,21.872528106363,-371,0,371,0,"	984,1029" 
2010-05-03T20:00:00Z,"DECK",2010-11-01T20:00:00Z,Buy,47.92995111141,56.59,4,34.64,7.1117110642099,-25.6,40.88,46.15,1,"	977,1040" 
2010-05-03T20:00:00Z,"JBSS",2010-11-01T20:00:00Z,Buy,15.05,12.96,23,-48.07,7.9169608886054,-64.4,54.97,90.39,0,"	982,1041" 
2010-05-03T20:00:00Z,"DECK",2010-12-01T21:00:00Z,Buy,47.92995111141,79.94,4,128.04,2.0415704628185,-25.6,128.04,46.15,1,"	977,1048" 
2010-05-03T20:00:00Z,"GCI",2011-01-03T21:00:00Z,Buy,17.29,15.42,50,-93.5,5.2232399959818,-276.5,0,276.5,0,"	980,1067" 
2010-05-03T20:00:00Z,"GIII",2011-01-03T21:00:00Z,Buy,30.75,35.39,6,27.84,16.696165968762,-57.06,30.06,57.06,1,"	981,1068" 
2010-05-03T20:00:00Z,"DDS",2011-02-01T21:00:00Z,Buy,29.72,39.96,7,71.68,14.668582426372,-72.66,85.68,72.66,1,"	976,1077" 
2010-05-03T20:00:00Z,"CRMT",2011-03-01T21:00:00Z,Buy,26.15,24.26,12,-22.68,5.3057404998397,-226.2,45.36,75.96,0,"	974,1089" 
2010-05-03T20:00:00Z,"FOSL",2011-03-01T21:00:00Z,Buy,40.46,75.11,3,103.95,3.0942382329831,-88.6,129.15,26.4,1,"	979,1091" 
2010-05-03T20:00:00Z,"NPK",2011-03-01T21:00:00Z,Buy,114.36,125.75,4,45.56,2.040853800125,-202.2,88.28,98.16,1,"	983,1092" 
2010-05-03T20:00:00Z,"FOSL",2011-04-01T20:00:00Z,Buy,40.46,93.61,3,159.45,2.0299871863321,-88.6,159.57,26.4,1,"	979,1102" 
2010-05-03T20:00:00Z,"CORE",2011-06-01T20:00:00Z,Buy,30.59,34.83,12,50.88,3.8072335068223,-60.48,76.68,60.36,1,"	975,1128" 
2010-05-03T20:00:00Z,"FOSL",2011-06-01T20:00:00Z,Buy,40.46,102.07,2,123.22,3.1529032876695,-59.07,132.76,17.6,1,"	979,1131" 
2010-05-03T20:00:00Z,"FIZ",2011-07-01T20:00:00Z,Buy,11.65,14.63,37,110.26,5.0613037971891,-175.75,131.35,101.75,1,"	978,1148" 
2010-05-03T20:00:00Z,"FOSL",2011-08-01T20:00:00Z,Buy,40.46,126.74,2,172.56,2.0201702872603,-59.07,187.66,18.58,1,"	979,1163" 
2010-05-03T20:00:00Z,"SXI",2011-08-01T20:00:00Z,Buy,25.94,32.27,25,158.25,2.4009940975458,-90.5,322.5,249.5,1,"	985,1167" 
2010-05-03T20:00:00Z,"DECK",2011-10-03T20:00:00Z,Buy,47.92995111141,88.1,3,120.51,2.028318868531,-19.2,171.27,94.98,1,"	977,1188" 
2010-05-03T20:00:00Z,"GIII",2011-10-03T20:00:00Z,Buy,30.75,21.83,24,-214.08,23.293198386635,-236.64,345.12,581.76,0,"	981,1189" 
2010-05-03T20:00:00Z,"DDS",2012-03-01T21:00:00Z,Buy,29.72,60.43,8,245.68,2.0790709846254,-83.04,251.36,167.6,1,"	976,1231" 
2010-05-03T20:00:00Z,"DECK",2012-03-01T21:00:00Z,Buy,47.92995111141,78.59,10.000021420018,306.6,6.312578751348,-64,697.1,429.5,1,"	977,1232" 
2010-05-03T20:00:00Z,"FOSL",2012-03-01T21:00:00Z,Buy,40.46,126.29,2,171.66,5.8216184561176,-59.07,187.66,122.72,1,"	979,1233" 
2010-05-03T20:00:00Z,"FOSL",2012-07-02T20:00:00Z,Buy,40.46,74.88,8,275.36,10.360984288513,-236.27,782.72,550.56,1,"	979,1279" 
2010-05-03T20:00:00Z,"DDS",2013-06-03T20:00:00Z,Buy,29.72,91.44,14,864.08,2.2279310718543,-145.32,895.58,293.3,1,"	976,1405" 
2010-05-03T20:00:00Z,"WMK",2013-07-01T20:00:00Z,Buy,37.93,45.44,11,82.61,3.8096687435159,-161.04,98.89,86.24,1,"	987,1429" 
2010-06-01T20:00:00Z,"WDC",2010-11-01T20:00:00Z,Buy,33.56,32.62,7,-6.58,5.1553582979554,-165.41,90.37,90.58,0,"	998,1043" 
2010-06-01T20:00:00Z,"LZB",2010-12-01T21:00:00Z,Buy,11.42,7.98,19,-65.36,9.0582890940585,-93.86,71.25,112.48,0,"	996,1053" 
2010-06-01T20:00:00Z,"AMED",2011-03-01T21:00:00Z,Buy,48.42,35.37,5,-65.25,5.4535828014546,-126.5,73.45,137.5,0,"	993,1088" 
2010-06-01T20:00:00Z,"FLXS",2011-03-01T21:00:00Z,Buy,11.14,14.82,20,73.6,2.1891341256367,-18.4,151,80.8,1,"	995,1090" 
2010-06-01T20:00:00Z,"SKX",2011-04-01T20:00:00Z,Buy,36.14,20.22,26,-413.92,15.882778042899,-459.68,200.46,660.14,0,"	997,1107" 
2010-06-01T20:00:00Z,"CLW",2011-06-01T20:00:00Z,Buy,59.11,67.69,4,34.32,2.0386150579781,-59.52,102.24,67.92,1,"	994,1127" 
2010-06-01T20:00:00Z,"ALG",2011-08-01T20:00:00Z,Buy,22.58,24.02,37,53.28,45.811055211357,-127.65,242.72,292.67,1,"	992,1159" 
2010-07-01T20:00:00Z,"RS",2010-10-01T20:00:00Z,Buy,35.95,42.19,6,37.44,2.0596680497925,-3.6,114.06,32.46,1,"	1004,1030" 
2010-07-01T20:00:00Z,"GCO",2010-12-01T21:00:00Z,Buy,26.36,39.88,9,121.68,4.4940831001541,-13.68,121.68,40.41,1,"	1003,1050" 
2010-07-01T20:00:00Z,"CASY",2011-05-02T20:00:00Z,Buy,35.4,38.45,6,18.3,3.6643720243017,-63.24,53.04,50.46,1,"	1002,1111" 
2010-07-01T20:00:00Z,"GCO",2011-07-01T20:00:00Z,Buy,26.36,52.83,9,238.23,7.3349304102834,-13.68,246.24,47.16,1,"	1003,1149" 
2010-07-01T20:00:00Z,"GCO",2012-05-01T20:00:00Z,Buy,26.36,74.59,3,144.69,4.7706918154027,-4.56,157.23,43.89,1,"	1003,1253" 
2010-07-01T20:00:00Z,"GCO",2013-04-01T20:00:00Z,Buy,26.36,58.07,19,602.49,9.5908346724693,-28.88,995.79,534.66,1,"	1003,1374" 
2010-08-02T20:00:00Z,"WDC",2010-11-01T20:00:00Z,Buy,27.16,32.62,8,43.68,2.082303030303,-137.84,154.48,28.32,1,"	1012,1043" 
2010-08-02T20:00:00Z,"PLCE",2010-12-01T21:00:00Z,Buy,41.72,51.97,6,61.5,25.953774159668,-8.7,88.98,78.42,1,"	1011,1054" 
2010-08-02T20:00:00Z,"KIRK",2011-01-03T21:00:00Z,Buy,18.2,14.06,15,-62.1,3.8388670050081,-186.9,94.95,111.15,0,"	1010,1070" 
2010-08-02T20:00:00Z,"PLCE",2011-04-01T20:00:00Z,Buy,41.72,49.48,5,38.8,2.0496488059402,-7.25,74.15,78.3,1,"	1011,1104" 
2010-08-02T20:00:00Z,"PLCE",2011-10-03T20:00:00Z,Buy,41.72,45.8,17,69.36,2.2854502471524,-76.5,252.11,328.61,1,"	1011,1190" 
2010-09-01T20:00:00Z,"OSK",2010-10-01T20:00:00Z,Buy,25.6,28.07,14,34.58,2.1438779606584,-9.66,198.1,35.98,1,"	1024,1029" 
2010-09-01T20:00:00Z,"JBSS",2010-11-01T20:00:00Z,Buy,13.21,12.96,17,-4.25,2.1754453125,-16.32,71.91,32.98,0,"	1022,1041" 
2010-09-01T20:00:00Z,"LZB",2010-12-01T21:00:00Z,Buy,7.08,7.98,33,29.7,4.7370364344425,-19.8,266.97,46.2,1,"	1023,1053" 
2010-09-01T20:00:00Z,"GCI",2011-01-03T21:00:00Z,Buy,12.76,15.42,20,53.2,5.4257065315576,-20,90.6,46.6,1,"	1021,1067" 
2010-09-01T20:00:00Z,"TESS",2011-02-01T21:00:00Z,Buy,11.16,12.44,18.999951429949,24.32,2.2119658119658,-97.03,185.19,101.65,1,"	1025,1079" 
2010-09-01T20:00:00Z,"AAWW",2011-03-01T21:00:00Z,Buy,45.37,67.43,18,397.08,4.3661902373273,0,484.02,200.16,1,"	1019,1087" 
2010-09-01T20:00:00Z,"AMED",2011-03-01T21:00:00Z,Buy,23.82,35.37,10,115.5,2.1030276816609,-7,392.9,62,1,"	1020,1088" 
2010-10-01T20:00:00Z,"CRMT",2011-03-01T21:00:00Z,Buy,25.52,24.26,7.5000172499914,-9.45,2.0810802223987,-136.65,33.08,47.48,0,"	1033,1089" 
2010-10-01T20:00:00Z,"SKX",2011-04-01T20:00:00Z,Buy,22.54,20.22,9,-20.88,4.1574159223564,-36.72,191.79,63.36,0,"	1038,1107" 
2010-10-01T20:00:00Z,"DPZ",2011-05-02T20:00:00Z,Buy,13.15,18.56,87,470.67,9.879075235004,-5.22,487.2,139.2,1,"	1034,1113" 
2010-10-01T20:00:00Z,"MGLN",2011-05-02T20:00:00Z,Buy,47.38,51.79,37,163.17,4.7892395502804,-67.34,177.97,198.69,1,"	1037,1114" 
2010-10-01T20:00:00Z,"USMO",2011-05-02T20:00:00Z,Buy,16.31,15.02,75,-96.75,37.409775535035,-258.75,210.75,469.5,0,"	1039,1115" 
2010-10-01T20:00:00Z,"FIZ",2011-07-01T20:00:00Z,Buy,14.12,14.63,15,7.65,2.1512857142857,-108.3,16.2,41.25,1,"	1035,1148" 
2010-10-01T20:00:00Z,"K",2012-10-01T20:00:00Z,Buy,50.91,51.93,4,4.08,2.8028778326422,-60.12,26.6,44.2,1,"	1036,1302" 
2010-10-01T20:00:00Z,"CRMT",2015-07-01T20:00:00Z,Buy,25.52,50.02,0.49998275000863,12.25,17.931690739488,-9.11,15.74,3.84,1,"	1033,1857" 
2010-11-01T20:00:00Z,"IDT",2010-12-01T21:00:00Z,Buy,13.74,22.2,14,118.44,4.5706802355985,0,123.2,24.5,1,"	1047,1052" 
2010-11-01T20:00:00Z,"IDT",2011-01-03T21:00:00Z,Buy,13.74,26.62,9,115.92,2.0935859375,0,135.54,28.8,1,"	1047,1069" 
2010-11-01T20:00:00Z,"CRUS",2011-02-01T21:00:00Z,Buy,12.51,21.33,22,194.04,13.274966574833,0,194.04,34.98,1,"	1046,1076" 
2010-11-01T20:00:00Z,"CASY",2011-05-02T20:00:00Z,Buy,41.38,38.45,6,-17.58,2.0598842257598,-99.12,17.16,45.24,0,"	1045,1111" 
2010-11-01T20:00:00Z,"CRUS",2011-08-01T20:00:00Z,Buy,12.51,15.22,32,86.72,2.4912911725955,0,404.48,373.76,1,"	1046,1161" 
2010-11-01T20:00:00Z,"IDT",2012-01-03T21:00:00Z,Buy,13.74,9.55,22,-92.18,2.8959488272921,-107.36,349.14,456.5,0,"	1047,1219" 
2010-11-01T20:00:00Z,"CTR",2013-07-01T20:00:00Z,Buy,26.33,25.32,10,-10.1,2.0995463137996,-110.1,54.2,93.2,0,"	1044,1425" 
2010-12-01T21:00:00Z,"SGU",2011-02-01T21:00:00Z,Buy,5.38,5.48,341,34.1,37.240423127785,-57.97,34.1,61.38,1,"	1061,1078" 
2010-12-01T21:00:00Z,"CASY",2011-05-02T20:00:00Z,Buy,39.91,38.45,6,-8.76,2.060241509434,-90.3,25.98,45.24,0,"	1056,1111" 
2010-12-01T21:00:00Z,"DISCA",2011-05-02T20:00:00Z,Buy,41.34,44.65,7,23.17,2.0709612555174,-98.42,25.41,38.99,1,"	1057,1112" 
2010-12-01T21:00:00Z,"MGLN",2011-05-02T20:00:00Z,Buy,49.31,51.79,5,12.4,4.8456939538414,-18.75,14.4,26.85,1,"	1060,1114" 
2010-12-01T21:00:00Z,"FIZ",2011-07-01T20:00:00Z,Buy,13.33,14.63,17.000213599829,22.1,2.9588253732153,-109.31,31.79,46.75,1,"	1058,1148" 
2010-12-01T21:00:00Z,"SSP",2011-07-01T20:00:00Z,Buy,9.57,9.72,24,3.6,21.692662716905,-35.52,21.12,56.64,1,"	1062,1150" 
2010-12-01T21:00:00Z,"SXI",2011-08-01T20:00:00Z,Buy,30.19,32.27,7,14.56,4.3724546318588,-55.09,60.55,69.86,1,"	1063,1167" 
2010-12-01T21:00:00Z,"SSP",2011-09-01T20:00:00Z,Buy,9.57,8.09,36,-53.28,16.240764037148,-89.28,31.68,120.96,0,"	1062,1179" 
2010-12-01T21:00:00Z,"SSP",2011-12-01T21:00:00Z,Buy,9.57,8.35,39,-47.58,21.26856071997,-121.68,34.32,156,0,"	1062,1209" 
2010-12-01T21:00:00Z,"K",2012-10-01T20:00:00Z,Buy,49.44,51.93,6,14.94,3.6524064296703,-81.36,48.72,66.3,1,"	1059,1302" 
2010-12-01T21:00:00Z,"WMK",2013-07-01T20:00:00Z,Buy,39.16,45.44,6,37.68,3.432128239681,-95.22,46.56,47.04,1,"	1064,1429" 
2011-01-03T21:00:00Z,"OTL",2011-03-01T21:00:00Z,Buy,20.68,25.61,19,93.67,14.844619870083,-28.88,123.88,30.21,1,"	1073,1093" 
2011-01-03T21:00:00Z,"RGR",2011-03-01T21:00:00Z,Buy,15.09,17.9,16,44.96,12.49796068109,-3.84,47.52,14.24,1,"	1074,1094" 
2011-01-03T21:00:00Z,"OTL",2011-04-01T20:00:00Z,Buy,20.68,31.01,7,72.31,2.0679618033813,-10.64,78.82,11.34,1,"	1073,1103" 
2011-01-03T21:00:00Z,"RGR",2011-04-01T20:00:00Z,Buy,15.09,23.09,14,112,2.140731388768,-3.36,112,12.46,1,"	1074,1106" 
2011-01-03T21:00:00Z,"CLW",2011-06-01T20:00:00Z,Buy,81.25,67.69,3,-40.68,3.9772457207641,-111.06,10.26,43.5,0,"	1072,1127" 
2011-01-03T21:00:00Z,"RGR",2011-08-01T20:00:00Z,Buy,15.09,27.75,23,291.18,8.7111781504987,-5.52,294.4,115.23,1,"	1074,1165" 
2011-01-03T21:00:00Z,"VSH",2011-12-01T21:00:00Z,Buy,14.78,9.7,72,-365.76,15.931900928382,-481.68,307.44,789.12,0,"	1075,1211" 
2011-01-03T21:00:00Z,"RGR",2012-01-03T21:00:00Z,Buy,15.09,34.14,7,133.35,6.353157402966,-1.68,143.08,76.16,1,"	1074,1223" 
2011-01-03T21:00:00Z,"RGR",2012-04-02T20:00:00Z,Buy,15.09,51.1,9,324.09,5.9260423791946,-2.16,324.09,97.92,1,"	1074,1245" 
2011-01-03T21:00:00Z,"OTL",2012-05-01T20:00:00Z,Buy,20.68,29.94,31,287.06,2.4258749586503,-47.12,526.38,493.52,1,"	1073,1255" 
2011-01-03T21:00:00Z,"RGR",2012-12-03T21:00:00Z,Buy,15.09,58.58,4,173.96,3.5153681740246,-0.96,178.84,90.44,1,"	1074,1330" 
2011-01-03T21:00:00Z,"RGR",2013-05-01T20:00:00Z,Buy,15.09,49.62,18,621.54,2.2326391873413,-4.32,804.78,406.98,1,"	1074,1390" 
2011-02-01T21:00:00Z,"DISCA",2011-05-02T20:00:00Z,Buy,39,44.65,6,33.9,2.06,-70.32,35.82,33.42,1,"	1083,1112" 
2011-02-01T21:00:00Z,"CORE",2011-06-01T20:00:00Z,Buy,34.22,34.83,9,5.49,4.0152870516987,-78.03,24.84,26.91,1,"	1082,1128" 
2011-02-01T21:00:00Z,"KLIC",2011-06-01T20:00:00Z,Buy,10.29,11.65,29,39.44,5.0484966128522,-64.67,63.22,64.96,1,"	1084,1132" 
2011-02-01T21:00:00Z,"FL",2011-06-01T20:00:00Z,Buy,18.02,24.32,16,100.8,25.685527685603,-8.64,113.44,24.16,1,"	1086,1133" 
2011-02-01T21:00:00Z,"PLCE",2011-10-03T20:00:00Z,Buy,42.14,45.8,8,29.28,2.0804774409167,-39.36,115.28,148.24,1,"	1085,1190" 
2011-02-01T21:00:00Z,"FL",2012-06-01T20:00:00Z,Buy,18.02,30.38,10,123.6,5.3473976151797,-12.5,147.5,83.4,1,"	1086,1269" 
2011-02-01T21:00:00Z,"KLIC",2013-02-01T21:00:00Z,Buy,10.29,11.65,44,59.84,7.0433989033972,-150.48,129.8,246.4,1,"	1084,1349" 
2011-02-01T21:00:00Z,"CTR",2013-07-01T20:00:00Z,Buy,24.89,25.32,12,5.16,2.122209492635,-114.84,82.32,111.84,1,"	1081,1425" 
2011-02-01T21:00:00Z,"FL",2013-10-01T20:00:00Z,Buy,18.02,34.01,8,127.92,4.3714813013214,-10,156.72,66.72,1,"	1086,1479" 
2011-02-01T21:00:00Z,"FL",2014-04-01T20:00:00Z,Buy,18.02,47.3,17,497.76,2.171121515216,-21.25,497.76,141.78,1,"	1086,1608" 
2011-02-01T21:00:00Z,"FL",2014-09-02T20:00:00Z,Buy,18.02,57.25,8,313.84,5.2867747281484,-10,313.84,66.72,1,"	1086,1688" 
2011-02-01T21:00:00Z,"FL",2014-12-01T21:00:00Z,Buy,18.02,56.35,9,344.97,8.7057658949593,-11.25,359.64,75.06,1,"	1086,1752" 
2011-02-01T21:00:00Z,"FL",2015-09-01T20:00:00Z,Buy,18.02,70.4,3,157.14,2.0397796298912,-3.75,168.3,25.02,1,"	1086,1901" 
2011-03-01T21:00:00Z,"SKX",2011-04-01T20:00:00Z,Buy,20.1,20.22,11,1.32,2.1064516129032,-18.04,261.25,18.04,1,"	1100,1107" 
2011-03-01T21:00:00Z,"CASY",2011-05-02T20:00:00Z,Buy,40.34,38.45,8,-15.12,2.961242904797,-123.84,31.2,42.16,0,"	1097,1111" 
2011-03-01T21:00:00Z,"AIT",2011-09-01T20:00:00Z,Buy,31.5,29.49,9.0000194999903,-18.09,13.12461319074,-144.36,44.37,99.45,0,"	1096,1176" 
2011-03-01T21:00:00Z,"ALV",2011-10-03T20:00:00Z,Buy,73.1,46.14,19,-512.24,4.3947535180808,-512.24,132.62,644.86,0,"	1095,1187" 
2011-03-01T21:00:00Z,"AIT",2011-12-01T21:00:00Z,Buy,31.5,34.3,7,19.6,6.1059387461957,-112.28,34.51,77.35,1,"	1096,1207" 
2011-03-01T21:00:00Z,"MKSI",2011-12-01T21:00:00Z,Buy,29.79,26.35,9,-30.96,19.441736584023,-86.04,35.1,121.14,0,"	1099,1208" 
2011-03-01T21:00:00Z,"TER",2012-01-03T21:00:00Z,Buy,18.19,13.74,17,-75.65,10.101358442042,-130.05,15.64,145.69,0,"	1101,1225" 
2011-03-01T21:00:00Z,"AIT",2012-11-01T20:00:00Z,Buy,31.5,40.94,31.99998050001,302.08,2.4034491254003,-513.28,400.96,353.6,1,"	1096,1315" 
2011-03-01T21:00:00Z,"MKSI",2012-12-03T21:00:00Z,Buy,29.79,24.02,28,-161.56,8.2450889012568,-267.68,109.2,376.88,0,"	1099,1328" 
2011-03-01T21:00:00Z,"ENTG",2013-04-01T20:00:00Z,Buy,8.51,9.65,89,101.46,11.604955777198,-213.6,171.77,385.37,1,"	1098,1373" 
2011-03-01T21:00:00Z,"TER",2013-05-01T20:00:00Z,Buy,18.19,16.11,39,-81.12,14.859997064832,-298.35,35.88,334.23,0,"	1101,1393" 
2011-04-01T20:00:00Z,"LSCC",2012-06-01T20:00:00Z,Buy,5.94,4.29,158,-260.7,17.021560029994,-260.7,173.8,434.5,0,"	1109,1263" 
2011-04-01T20:00:00Z,"CTR",2013-07-01T20:00:00Z,Buy,24.51,25.32,9,7.29,2.1371403359864,-82.71,65.16,83.88,1,"	1108,1425" 
2011-04-01T20:00:00Z,"WMK",2013-07-01T20:00:00Z,Buy,39.96,45.44,5,27.4,3.6832086279454,-83.35,34.8,39.2,1,"	1110,1429" 
2011-05-02T20:00:00Z,"CLW",2011-06-01T20:00:00Z,Buy,78.25,67.69,5,-52.8,3.5037060622495,-170.1,32.1,52.8,0,"	1117,1127" 
2011-05-02T20:00:00Z,"CORE",2011-06-01T20:00:00Z,Buy,33.84,34.83,9,8.91,2.0908863025962,-74.61,28.26,22.14,1,"	1118,1128" 
2011-05-02T20:00:00Z,"EBS",2011-06-01T20:00:00Z,Buy,23.7,23.98,19,5.32,13.203745453638,-57.76,24.32,57.76,1,"	1120,1130" 
2011-05-02T20:00:00Z,"CRUS",2011-08-01T20:00:00Z,Buy,15.93,15.22,17,-12.07,6.8647021473831,-58.14,156.74,51.34,0,"	1119,1161" 
2011-05-02T20:00:00Z,"EBS",2011-08-01T20:00:00Z,Buy,23.7,20.52,48,-152.64,11.703015008739,-152.64,61.44,214.08,0,"	1120,1162" 
2011-05-02T20:00:00Z,"LRCX",2011-11-01T20:00:00Z,Buy,48.09,42.22,27,-158.49,26.485752756778,-343.17,14.58,357.75,0,"	1122,1201" 
2011-05-02T20:00:00Z,"SSP",2011-12-01T21:00:00Z,Buy,9.41,8.35,45,-47.7,7.4901327585159,-133.2,46.8,149.4,0,"	1125,1209" 
2011-05-02T20:00:00Z,"PLPC",2012-06-01T20:00:00Z,Buy,70.04,53.05,16,-271.84,4.3084119093898,-448.8,111.84,560.64,0,"	1124,1266" 
2011-05-02T20:00:00Z,"BRKS",2012-10-01T20:00:00Z,Buy,11.81,7.81,76,-304,11.694511669797,-326.04,46.36,372.4,0,"	1116,1300" 
2011-05-02T20:00:00Z,"UFS",2012-10-01T20:00:00Z,Buy,95.25,77.25,3,-54,2.030719200172,-144.9,29.25,119.97,0,"	1126,1304" 
2011-05-02T20:00:00Z,"MKSI",2012-12-03T21:00:00Z,Buy,26.27,24.02,8,-18,2.074052149401,-48.32,59.36,75.84,0,"	1123,1328" 
2011-05-02T20:00:00Z,"KLIC",2013-02-01T21:00:00Z,Buy,9.03,11.65,31,81.22,2.3089735099338,-66.96,130.51,173.6,1,"	1121,1349" 
2011-06-01T20:00:00Z,"ALG",2011-08-01T20:00:00Z,Buy,25.09,24.02,15,-16.05,5.5374490530661,-89.4,60.75,57.9,0,"	1134,1159" 
2011-06-01T20:00:00Z,"SXI",2011-08-01T20:00:00Z,Buy,32.66,32.27,8,-3.12,2.0786514148104,-82.72,49.44,31.84,0,"	1145,1167" 
2011-06-01T20:00:00Z,"ALV",2011-10-03T20:00:00Z,Buy,72.99,46.14,3,-80.55,2.0284450506625,-80.55,21.27,100.89,0,"	1135,1187" 
2011-06-01T20:00:00Z,"GIII",2011-10-03T20:00:00Z,Buy,41.18,21.83,5,-96.75,2.047972972973,-101.45,19.75,101.45,0,"	1137,1189" 
2011-06-01T20:00:00Z,"PLCE",2011-10-03T20:00:00Z,Buy,48.71,45.8,4,-11.64,4.4865400859411,-45.96,31.36,49.32,0,"	1141,1190" 
2011-06-01T20:00:00Z,"SSP",2011-12-01T21:00:00Z,Buy,8.15,8.35,35,7,3.407914441499,-59.5,80.5,116.2,1,"	1144,1209" 
2011-06-01T20:00:00Z,"IDT",2012-01-03T21:00:00Z,Buy,28.99,9.55,7,-136.08,2.0687898305085,-140.91,4.34,140.91,0,"	1138,1219" 
2011-06-01T20:00:00Z,"MERC",2012-01-03T21:00:00Z,Buy,12.89,6.49,67,-428.8,20.988397476991,-505.85,0,505.85,0,"	1139,1221" 
2011-06-01T20:00:00Z,"MXIM",2012-05-01T20:00:00Z,Buy,26.42,29,12,30.96,5.9687151771553,-64.08,41.28,65.64,1,"	1140,1254" 
2011-06-01T20:00:00Z,"RBIN",2012-05-01T20:00:00Z,Buy,37.03,48.6,7,80.99,2.0684653988378,-170.38,98.91,104.16,1,"	1142,1256" 
2011-06-01T20:00:00Z,"AIT",2012-11-01T20:00:00Z,Buy,34.31,40.94,8.0000194999903,53.04,4.0259684604399,-150.8,77.76,88.4,1,"	1136,1315" 
2011-06-01T20:00:00Z,"MXIM",2013-05-01T20:00:00Z,Buy,26.42,30.5,8,32.64,3.5172187737968,-42.72,55.12,46.24,1,"	1140,1389" 
2011-06-01T20:00:00Z,"TER",2013-05-01T20:00:00Z,Buy,15.52,16.11,18,10.62,2.1748185231539,-89.64,64.62,89.64,1,"	1146,1393" 
2011-06-01T20:00:00Z,"SCVL",2013-06-03T20:00:00Z,Buy,17.64000882,24.64,16.499991750004,115.5,2.1069287288758,-109.23,115.5,143.77,1,"	1143,1407" 
2011-06-01T20:00:00Z,"MXIM",2013-12-02T21:00:00Z,Buy,26.42,28.22,49,88.2,16.174071081233,-261.66,337.61,313.6,1,"	1140,1514" 
2011-07-01T20:00:00Z,"HWKN",2011-08-01T20:00:00Z,Buy,36.97,34.73,9,-20.16,2.0918636112645,-196.65,110.16,38.43,0,"	1154,1164" 
2011-07-01T20:00:00Z,"LRCX",2011-11-01T20:00:00Z,Buy,45.3,42.22,8,-24.64,4.7458281367461,-79.36,26.64,79.36,0,"	1155,1201" 
2011-07-01T20:00:00Z,"VECO",2011-12-01T21:00:00Z,Buy,48.58,25.14,23,-539.12,4.6247249202004,-610.19,0,610.19,0,"	1157,1210" 
2011-07-01T20:00:00Z,"VSH",2011-12-01T21:00:00Z,Buy,15.7,9.7,16,-96,5.2165366809584,-121.76,53.6,129.76,0,"	1158,1211" 
2011-07-01T20:00:00Z,"GME",2012-09-04T20:00:00Z,Buy,26.94,20.41,21,-137.13,9.5305358091942,-235.41,9.66,245.07,0,"	1153,1290" 
2011-07-01T20:00:00Z,"BRKS",2012-10-01T20:00:00Z,Buy,11.2,7.81,21,-71.19,5.8658952622951,-77.28,25.62,95.97,0,"	1152,1300" 
2011-07-01T20:00:00Z,"GME",2012-11-01T20:00:00Z,Buy,26.94,23.6,16,-53.44,2.1653239929947,-179.36,7.36,186.72,0,"	1153,1316" 
2011-07-01T20:00:00Z,"MKSI",2012-12-03T21:00:00Z,Buy,26.9,24.02,8,-23.04,4.1804759097638,-53.36,54.32,75.84,0,"	1156,1328" 
2011-07-01T20:00:00Z,"GME",2013-03-01T21:00:00Z,Buy,26.94,24.05,32,-92.48,17.259737427809,-358.72,28.48,373.44,0,"	1153,1357" 
2011-08-01T20:00:00Z,"UNH",2011-10-03T20:00:00Z,Buy,48.02,42.91,5,-25.55,17.24782964411,-30.85,13.65,39.2,0,"	1175,1192" 
2011-08-01T20:00:00Z,"LFUS",2011-11-01T20:00:00Z,Buy,51.89,45.44,5,-32.25,4.3714159940743,-66.65,0.75,66.65,0,"	1170,1200" 
2011-08-01T20:00:00Z,"IDT",2012-01-03T21:00:00Z,Buy,24.21,9.55,9,-131.94,4.8273619506582,-138.15,48.6,138.15,0,"	1169,1219" 
2011-08-01T20:00:00Z,"MERC",2012-01-03T21:00:00Z,Buy,9.36,6.49,24,-68.88,2.2431168831169,-96.48,84.72,100.56,0,"	1171,1221" 
2011-08-01T20:00:00Z,"MRO",2012-01-03T21:00:00Z,Buy,30.65,30.95,7,2.1,51.493814552377,-72.59,2.1,72.59,1,"	1172,1222" 
2011-08-01T20:00:00Z,"LFUS",2012-04-02T20:00:00Z,Buy,51.89,64.86,4,51.88,2.0413779904306,-53.32,51.88,53.32,1,"	1170,1244" 
2011-08-01T20:00:00Z,"MRO",2012-06-01T20:00:00Z,Buy,30.65,23.89,41,-277.16,2.4603452428743,-425.17,181.22,458.38,0,"	1172,1265" 
2011-08-01T20:00:00Z,"UFS",2012-10-01T20:00:00Z,Buy,78.49,77.25,3,-3.72,2.0294521575985,-94.62,79.53,92.58,0,"	1174,1304" 
2011-08-01T20:00:00Z,"MYGN",2012-11-01T20:00:00Z,Buy,20.86,26.86,70,420,5.4049630647251,-210,522.2,297.5,1,"	1173,1317" 
2011-08-01T20:00:00Z,"UNH",2013-04-01T20:00:00Z,Buy,48.02,58.97,32,350.4,6.987614164493,-197.44,391.68,296.32,1,"	1175,1376" 
2011-08-01T20:00:00Z,"LFUS",2013-05-01T20:00:00Z,Buy,51.89,68.3,23,377.43,33.981569729586,-306.59,412.39,330.28,1,"	1170,1388" 
2011-08-01T20:00:00Z,"BKE",2013-12-02T21:00:00Z,Buy,44.21,52.07,26,204.36,14.278591640347,-781.3,336.18,332.54,1,"	1168,1508" 
2011-09-01T20:00:00Z,"GIII",2011-10-03T20:00:00Z,Buy,28.52,21.83,8,-53.52,4.5518707629916,-61.04,132.88,62.16,0,"	1181,1189" 
2011-09-01T20:00:00Z,"VECO",2011-12-01T21:00:00Z,Buy,34.66,25.14,8,-76.16,7.5260735156184,-100.88,111.36,100.88,0,"	1186,1210" 
2011-09-01T20:00:00Z,"KLIC",2013-02-01T21:00:00Z,Buy,8.32,11.65,28,93.24,7.7992080756364,-40.6,137.76,138.6,1,"	1182,1349" 
2011-09-01T20:00:00Z,"ENTG",2013-04-01T20:00:00Z,Buy,7.23,9.65,36,87.12,10.612923535867,-40.32,115.56,87.12,1,"	1180,1373" 
2011-09-01T20:00:00Z,"TER",2013-05-01T20:00:00Z,Buy,11.86,16.11,26,110.5,8.5539863290544,-34.32,188.5,112.58,1,"	1185,1393" 
2011-09-01T20:00:00Z,"SCVL",2013-06-03T20:00:00Z,Buy,16.61334164,24.64,16.499991750004,132.44,2.1083050177795,-92.29,132.44,88.11,1,"	1184,1407" 
2011-09-01T20:00:00Z,"MXIM",2013-12-02T21:00:00Z,Buy,22.79,28.22,9,48.87,3.7684840311113,-15.39,94.68,57.6,1,"	1183,1514" 
2011-10-03T20:00:00Z,"DEPO",2011-11-01T20:00:00Z,Buy,5,4.38,146,-90.52,31.557747791837,-99.28,186.88,286.16,0,"	1195,1199" 
2011-10-03T20:00:00Z,"VSH",2011-12-01T21:00:00Z,Buy,8.09,9.7,32,51.52,2.3096650717703,0,350.72,92.8,1,"	1198,1211" 
2011-10-03T20:00:00Z,"MERC",2012-01-03T21:00:00Z,Buy,6.73,6.49,37,-8.88,2.3661911764706,-51.43,227.92,78.44,0,"	1196,1221" 
2011-10-03T20:00:00Z,"MLR",2012-09-04T20:00:00Z,Buy,16.57,15.51,77,-81.62,5.6756896738293,-168.63,335.72,504.35,0,"	1197,1291" 
2011-10-03T20:00:00Z,"CVI",2012-12-03T21:00:00Z,Buy,19.69,45.83,10,261.4,4.4727606243011,-26.9,261.4,104.4,1,"	1194,1326" 
2011-10-03T20:00:00Z,"CVI",2013-02-01T21:00:00Z,Buy,19.69,53.58,7,237.23,2.06384,-18.83,273.42,73.08,1,"	1194,1346" 
2011-10-03T20:00:00Z,"CVI",2013-12-02T21:00:00Z,Buy,19.69,40.03,23,467.82,2.3547860217777,-61.87,1165.87,845.48,1,"	1194,1510" 
2011-11-01T20:00:00Z,"VECO",2011-12-01T21:00:00Z,Buy,25.29,25.14,8,-1.2,2.0758036717872,-25.92,186.32,57.2,0,"	1206,1210" 
2011-11-01T20:00:00Z,"IDT",2012-01-03T21:00:00Z,Buy,12,9.55,50,-122.5,35.335419641138,-157,880.5,264.5,0,"	1204,1219" 
2011-11-01T20:00:00Z,"CHS",2012-03-01T21:00:00Z,Buy,12.29,15.29,112,336,13.177357439524,-263.2,336,280,1,"	1202,1230" 
2011-11-01T20:00:00Z,"CROX",2012-05-01T20:00:00Z,Buy,17.86,20.13,38,86.26,20.15280178063,-131.86,169.86,133,1,"	1203,1252" 
2011-11-01T20:00:00Z,"UNH",2013-04-01T20:00:00Z,Buy,46.22,58.97,5,63.75,2.0481558658054,-21.85,70.2,46.3,1,"	1205,1376" 
2011-12-01T21:00:00Z,"LZB",2012-01-03T21:00:00Z,Buy,11.59,12,21,8.61,27.395780941813,-11.76,16.59,28.35,1,"	1217,1220" 
2011-12-01T21:00:00Z,"MERC",2012-01-03T21:00:00Z,Buy,5.74,6.49,45,33.75,6.1086181390173,-18,321.75,22.05,1,"	1218,1221" 
2011-12-01T21:00:00Z,"HOC",2012-03-01T21:00:00Z,Buy,23.43,33.6,8,81.36,6.8645002871466,-13.04,94.72,27.28,1,"	1215,1234" 
2011-12-01T21:00:00Z,"DSW",2012-06-01T20:00:00Z,Buy,45.69,57.26,6,69.42,5.6643000817456,-142.62,94.98,40.44,1,"	1214,1262" 
2011-12-01T21:00:00Z,"CVX",2012-07-02T20:00:00Z,Buy,101.83,105.86,2,8.06,4.188431405364,-10.84,18.72,29.56,1,"	1213,1277" 
2011-12-01T21:00:00Z,"K",2012-10-01T20:00:00Z,Buy,48.98,51.93,5,14.75,3.8148695700726,-65.5,42.9,37.4,1,"	1216,1302" 
2011-12-01T21:00:00Z,"HOC",2013-02-01T21:00:00Z,Buy,23.43,52.77,6,176.04,2.0606319417848,-9.78,176.04,46.74,1,"	1215,1348" 
2011-12-01T21:00:00Z,"CVX",2013-08-01T20:00:00Z,Buy,101.83,126.39,15,368.4,17.503971976554,-81.3,388.95,246.6,1,"	1213,1447" 
2011-12-01T21:00:00Z,"BKE",2013-12-02T21:00:00Z,Buy,41.23,52.07,6,65.04,3.6331644000581,-162.42,95.46,76.74,1,"	1212,1508" 
2011-12-01T21:00:00Z,"LZB",2013-12-02T21:00:00Z,Buy,11.59,28.99,20,348,2.1981544771018,-11.2,359.4,101.2,1,"	1217,1513" 
2011-12-01T21:00:00Z,"HOC",2014-03-03T21:00:00Z,Buy,23.43,44.88,27,579.15,2.3939433838051,-44.01,945,504.9,1,"	1215,1570" 
2011-12-01T21:00:00Z,"LZB",2014-10-01T20:00:00Z,Buy,11.59,19.45,49,385.14,8.8372689723189,-27.44,952.56,567.42,1,"	1217,1704" 
2012-01-03T21:00:00Z,"DECK",2012-03-01T21:00:00Z,Buy,76.45,78.59,2.9999785799824,6.42,2.0303493449782,-104.76,123.57,46.89,1,"	1227,1232" 
2012-01-03T21:00:00Z,"LXU",2012-03-01T21:00:00Z,Buy,29.51,41.25,6,70.44,20.072461246104,0,70.44,14.94,1,"	1228,1235" 
2012-01-03T21:00:00Z,"B",2012-04-02T20:00:00Z,Buy,24.44,26.96,47,118.44,24.535699648385,-5.64,165.91,97.76,1,"	1226,1243" 
2012-01-03T21:00:00Z,"LXU",2012-06-01T20:00:00Z,Buy,29.51,27.03,23,-57.04,12.819496890407,-68.77,270.02,338.79,0,"	1228,1264" 
2012-01-03T21:00:00Z,"DECK",2015-12-01T21:00:00Z,Buy,76.45,48.91,2.1420017564414E-5,0,14.779987650107,0,0,0,0,"	1227,1946" 
2012-02-01T21:00:00Z,"DDS",2013-06-03T20:00:00Z,Buy,43.89,91.44,6,285.3,3.8972180123646,-147.3,298.8,72.84,1,"	1229,1405" 
2012-03-01T21:00:00Z,"OTL",2012-05-01T20:00:00Z,Buy,31.16,29.94,12,-14.64,2.1207751937984,-144,78,32.04,0,"	1241,1255" 
2012-03-01T21:00:00Z,"MLR",2012-09-04T20:00:00Z,Buy,15.97,15.51,16,-7.36,3.8808123442487,-25.44,79.36,48.8,0,"	1240,1291" 
2012-03-01T21:00:00Z,"K",2012-10-01T20:00:00Z,Buy,52.26,51.93,4,-1.32,2.3828097776613,-65.52,21.2,29.92,0,"	1239,1302" 
2012-03-01T21:00:00Z,"ICFI",2012-12-03T21:00:00Z,Buy,24.88,21.62,50,-163,14.325249835163,-331.5,62,393.5,0,"	1238,1327" 
2012-03-01T21:00:00Z,"UACL",2013-01-02T21:00:00Z,Buy,15.46,18.43,65,193.05,25.956007980217,-189.15,193.05,269.1,1,"	1242,1340" 
2012-03-01T21:00:00Z,"GME",2013-03-01T21:00:00Z,Buy,23.84,24.05,9,1.89,2.0941465555068,-72.99,35.91,80.46,1,"	1237,1357" 
2012-03-01T21:00:00Z,"CVX",2013-08-01T20:00:00Z,Buy,109.76,126.39,2,33.26,2.7856245401734,-26.7,36,32.88,1,"	1236,1447" 
2012-04-02T20:00:00Z,"LSCC",2012-06-01T20:00:00Z,Buy,6.6,4.29,43,-99.33,3.4077919077161,-99.33,18.92,99.33,0,"	1248,1263" 
2012-04-02T20:00:00Z,"MRO",2012-06-01T20:00:00Z,Buy,32.23,23.89,7,-58.38,2.0711703470032,-83.65,19.88,58.38,0,"	1250,1265" 
2012-04-02T20:00:00Z,"MKSI",2012-12-03T21:00:00Z,Buy,29.7,24.02,7,-39.76,2.0704029800203,-66.29,27.93,49.07,0,"	1249,1328" 
2012-04-02T20:00:00Z,"SMP",2013-05-01T20:00:00Z,Buy,17.39,29.97,7,88.06,28.952566474205,-36.75,93.45,36.75,1,"	1251,1392" 
2012-04-02T20:00:00Z,"CVX",2013-08-01T20:00:00Z,Buy,108.3,126.39,2,36.18,2.0201976874301,-23.78,38.92,32.88,1,"	1247,1447" 
2012-04-02T20:00:00Z,"SMP",2014-03-03T21:00:00Z,Buy,17.39,34.64,12,207,2.1182588904694,-63,243,93.12,1,"	1251,1575" 
2012-04-02T20:00:00Z,"SMP",2014-07-01T20:00:00Z,Buy,17.39,45.45,7,196.42,3.6392096902695,-36.75,196.42,54.32,1,"	1251,1661" 
2012-04-02T20:00:00Z,"SMP",2015-03-02T21:00:00Z,Buy,17.39,42.33,15,374.1,2.1514670801527,-78.75,420.9,186,1,"	1251,1790" 
2012-04-02T20:00:00Z,"SMP",2015-05-01T20:00:00Z,Buy,17.39,36.25,13,245.18,2.4986772486772,-68.25,364.78,161.2,1,"	1251,1827" 
2012-05-01T20:00:00Z,"RSC",2012-06-01T20:00:00Z,Buy,27.16,17.76,53,-498.2,17.859835045851,-498.2,0,498.2,0,"	1261,1267" 
2012-05-01T20:00:00Z,"SPPI",2012-07-02T20:00:00Z,Buy,10.49,16,41,225.91,20.233741431535,0,225.91,47.97,1,"	1260,1280" 
2012-05-01T20:00:00Z,"SPPI",2012-12-03T21:00:00Z,Buy,10.49,11.74,60,75,2.7833277027027,0,393.6,384.6,1,"	1260,1329" 
2012-05-01T20:00:00Z,"EGY",2013-04-01T20:00:00Z,Buy,9.38,7.38,93,-186,26.385761124079,-213.9,3.72,213.9,0,"	1258,1372" 
2012-05-01T20:00:00Z,"ENTG",2013-04-01T20:00:00Z,Buy,8.85,9.65,23,18.4,3.5643096554239,-63.02,36.57,34.96,1,"	1259,1373" 
2012-06-01T20:00:00Z,"CMTL",2012-07-02T20:00:00Z,Buy,28.95,29.11,11,1.76,21.646032131063,-14.74,20.68,35.42,1,"	1272,1278" 
2012-06-01T20:00:00Z,"NUS",2012-08-01T20:00:00Z,Buy,41.44,49.48,4,32.16,35.351215474476,-4.16,38.28,19.12,1,"	1274,1284" 
2012-06-01T20:00:00Z,"BRKS",2012-10-01T20:00:00Z,Buy,9.1,7.81,38,-49.02,4.3455800763335,-60.04,126.16,79.42,0,"	1271,1300" 
2012-06-01T20:00:00Z,"CMTL",2012-10-01T20:00:00Z,Buy,28.95,27.74,58,-70.18,16.281260265517,-139.2,109.04,248.24,0,"	1272,1301" 
2012-06-01T20:00:00Z,"STMP",2012-10-01T20:00:00Z,Buy,22.82,23.26,35,15.4,21.09806770565,-139.3,92.75,232.05,1,"	1275,1303" 
2012-06-01T20:00:00Z,"NUS",2012-11-01T20:00:00Z,Buy,41.44,48.94,19,142.5,2.2481639552081,-89.87,181.83,271.7,1,"	1274,1318" 
2012-06-01T20:00:00Z,"KIRK",2013-01-02T21:00:00Z,Buy,10.55,10.96,85,34.85,23.36488723245,-165.75,131.75,297.5,1,"	1273,1339" 
2012-06-01T20:00:00Z,"AAPL",2013-03-01T21:00:00Z,Buy,560.99,430.51,2,-260.96,18.565269244236,-260.96,282.22,543.18,0,"	1270,1356" 
2012-06-01T20:00:00Z,"USNA",2013-03-01T21:00:00Z,Buy,40.06,43.74,12,44.16,4.4159850691549,-109.68,110.28,219.96,1,"	1276,1358" 
2012-06-01T20:00:00Z,"USNA",2013-05-01T20:00:00Z,Buy,40.06,54.93,4,59.48,4.5853662994466,-36.56,66.68,73.32,1,"	1276,1395" 
2012-06-01T20:00:00Z,"USNA",2013-08-01T20:00:00Z,Buy,40.06,85.13,3,135.21,2.0309114015977,-27.42,135.84,54.99,1,"	1276,1451" 
2012-06-01T20:00:00Z,"USNA",2014-03-03T21:00:00Z,Buy,40.06,71.94,6,191.28,2.0589913899139,-54.84,308.1,202.74,1,"	1276,1578" 
2012-06-01T20:00:00Z,"USNA",2014-11-03T21:00:00Z,Buy,40.06,115.22,5,375.8,2.0808703281277,-45.7,375.8,168.95,1,"	1276,1726" 
2012-07-02T20:00:00Z,"SHOO",2012-08-01T20:00:00Z,Buy,31.69,39.41,4.3749942898448,33.77,5.2918902075932,-112.26,58.58,8.71,1,"	1282,1285" 
2012-07-02T20:00:00Z,"MOV",2012-09-04T20:00:00Z,Buy,25.34,36.36,14,154.28,4.5093824735433,-48.3,154.28,49.42,1,"	1281,1292" 
2012-07-02T20:00:00Z,"UFS",2012-10-01T20:00:00Z,Buy,76.95,77.25,3,0.9,2.0300938599922,-90,84.15,27.03,1,"	1283,1304" 
2012-07-02T20:00:00Z,"MOV",2013-09-03T20:00:00Z,Buy,25.34,41.62,22,358.16,25.418913739201,-75.9,405.9,201.08,1,"	1281,1466" 
2012-08-01T20:00:00Z,"DISCA",2013-01-02T21:00:00Z,Buy,49.3,65.48,4,64.72,5.2756677764984,0,64.72,26.88,1,"	1287,1338" 
2012-08-01T20:00:00Z,"GME",2013-03-01T21:00:00Z,Buy,16.07,24.05,13,103.74,2.1304057428215,-4.42,152.88,67.86,1,"	1288,1357" 
2012-08-01T20:00:00Z,"DISCA",2013-04-01T20:00:00Z,Buy,49.3,77.98,3,86.04,2.0297104394209,0,90.69,20.16,1,"	1287,1371" 
2012-08-01T20:00:00Z,"LFUS",2013-05-01T20:00:00Z,Buy,54.04,68.3,6,85.56,4.4472926219151,-92.88,94.68,34.26,1,"	1289,1388" 
2012-08-01T20:00:00Z,"DISCA",2013-11-01T20:00:00Z,Buy,49.3,87.8,4,154,4.3106820752766,0,158.48,34.28,1,"	1287,1487" 
2012-08-01T20:00:00Z,"DISCA",2014-03-03T21:00:00Z,Buy,49.3,82.08,24,786.72,2.3349399903985,0,987.84,315.84,1,"	1287,1568" 
2012-09-04T20:00:00Z,"CMTL",2012-10-01T20:00:00Z,Buy,28.29,27.74,9,-4.95,3.5289037530033,-15.66,22.86,14.67,0,"	1294,1301" 
2012-09-04T20:00:00Z,"NUS",2012-11-01T20:00:00Z,Buy,41.68,48.94,5,36.3,2.0502289708363,-24.85,46.65,41.25,1,"	1298,1318" 
2012-09-04T20:00:00Z,"ICFI",2012-12-03T21:00:00Z,Buy,22.49,21.62,12,-10.44,4.8453499014258,-50.88,43.56,54.72,0,"	1295,1327" 
2012-09-04T20:00:00Z,"MKSI",2012-12-03T21:00:00Z,Buy,27.2,24.02,8,-25.44,2.0802655846551,-55.76,51.92,42.72,0,"	1297,1328" 
2012-09-04T20:00:00Z,"WDC",2013-02-01T21:00:00Z,Buy,42.32,46.77,5,22.25,5.0660496604232,-44.45,31.6,48.3,1,"	1299,1351" 
2012-09-04T20:00:00Z,"LFUS",2013-05-01T20:00:00Z,Buy,51.2,68.3,4,68.4,2.0399298108793,-50.56,74.48,22.84,1,"	1296,1388" 
2012-09-04T20:00:00Z,"CVX",2013-08-01T20:00:00Z,Buy,111.22,126.39,3,45.51,3.3511998903511,-44.43,49.62,49.32,1,"	1293,1447" 
2012-09-04T20:00:00Z,"WDC",2013-11-01T20:00:00Z,Buy,42.32,69.8,3,82.44,2.0300732442913,-26.67,92.7,28.98,1,"	1299,1495" 
2012-09-04T20:00:00Z,"WDC",2014-08-01T20:00:00Z,Buy,42.32,100.3,3,173.94,3.5516172761362,-26.67,176.73,36.57,1,"	1299,1674" 
2012-09-04T20:00:00Z,"WDC",2015-01-02T21:00:00Z,Buy,42.32,110.43,2,136.22,2.0199512195122,-17.78,143.92,35.82,1,"	1299,1763" 
2012-09-04T20:00:00Z,"WDC",2015-05-01T20:00:00Z,Buy,42.32,99.33,3,171.03,2.7768162657623,-26.67,215.88,69.81,1,"	1299,1829" 
2012-09-04T20:00:00Z,"WDC",2015-08-03T20:00:00Z,Buy,42.32,85.85,6,261.18,2.3092435510109,-53.34,431.76,226.74,1,"	1299,1881" 
2012-10-01T20:00:00Z,"WCC",2012-11-01T20:00:00Z,Buy,57.72,65.36,7,53.48,4.3126996973433,-11.27,53.48,23.73,1,"	1313,1319" 
2012-10-01T20:00:00Z,"ICFI",2012-12-03T21:00:00Z,Buy,20.25,21.62,12,16.44,2.1208955223881,-24,70.44,24,1,"	1311,1327" 
2012-10-01T20:00:00Z,"SPPI",2012-12-03T21:00:00Z,Buy,11.75,11.74,19,-0.19,3.0959853028104,-23.94,100.7,31.73,0,"	1312,1329" 
2012-10-01T20:00:00Z,"DK",2013-02-01T21:00:00Z,Buy,25.98,34.22,17,140.08,20.597785950525,-50.49,143.31,62.56,1,"	1306,1347" 
2012-10-01T20:00:00Z,"ENTG",2013-04-01T20:00:00Z,Buy,8.35,9.65,31,40.3,2.3183886838868,-69.44,64.79,21.39,1,"	1308,1373" 
2012-10-01T20:00:00Z,"GCO",2013-04-01T20:00:00Z,Buy,66.39,58.07,4,-33.28,2.0397961936161,-166.2,49.52,63.04,0,"	1310,1374" 
2012-10-01T20:00:00Z,"GCI",2013-05-01T20:00:00Z,Buy,17.97,19.94,86,169.42,19.768377457187,-115.24,352.6,183.18,1,"	1309,1387" 
2012-10-01T20:00:00Z,"WCC",2013-05-01T20:00:00Z,Buy,57.72,68.02,17,175.1,11.747921925817,-27.37,335.24,189.89,1,"	1313,1396" 
2012-10-01T20:00:00Z,"WMK",2013-07-01T20:00:00Z,Buy,42.28,45.44,11,34.76,4.7038522044815,-208.89,51.04,46.86,1,"	1314,1429" 
2012-10-01T20:00:00Z,"CF",2013-08-01T20:00:00Z,Buy,224.51,195.98,6,-171.18,31.550791188391,-325.38,35.58,360.96,0,"	1305,1446" 
2012-10-01T20:00:00Z,"ENS",2013-10-01T20:00:00Z,Buy,35.5,61.49,12,311.88,16.192163550607,-44.76,311.88,51.72,1,"	1307,1473" 
2012-10-01T20:00:00Z,"DK",2013-11-01T20:00:00Z,Buy,25.98,25.26,23,-16.56,2.6722818003914,-133.63,333.96,467.59,0,"	1306,1488" 
2012-10-01T20:00:00Z,"ENS",2014-02-03T21:00:00Z,Buy,35.5,65.61,3,90.33,3.9206046457768,-11.19,110.37,20.04,1,"	1307,1554" 
2012-10-01T20:00:00Z,"ENS",2014-03-03T21:00:00Z,Buy,35.5,69.81,6,205.86,2.0589528501056,-22.38,222.3,40.08,1,"	1307,1569" 
2012-10-01T20:00:00Z,"ENS",2014-09-02T20:00:00Z,Buy,35.5,64.23,4,114.92,2.0399626691554,-14.92,153.48,62.76,1,"	1307,1682" 
2012-10-01T20:00:00Z,"ENS",2014-11-03T21:00:00Z,Buy,35.5,62.46,13,350.48,2.4077802547771,-48.49,498.81,286.52,1,"	1307,1717" 
2012-11-01T20:00:00Z,"KIRK",2013-01-02T21:00:00Z,Buy,9.66,10.96,22,28.6,2.2216058394161,-23.32,53.68,24.64,1,"	1321,1339" 
2012-11-01T20:00:00Z,"USPH",2013-06-03T20:00:00Z,Buy,27.11,28.9,63,112.77,18.199601345843,-276.57,112.77,318.15,1,"	1323,1408" 
2012-11-01T20:00:00Z,"ALG",2013-09-03T20:00:00Z,Buy,33.74,45.72,7,83.86,4.5539943615257,-26.81,93.24,38.78,1,"	1320,1465" 
2012-11-01T20:00:00Z,"ALG",2013-12-02T21:00:00Z,Buy,33.74,57.13,11,257.29,8.4200142053431,-42.13,274.67,60.94,1,"	1320,1507" 
2012-11-01T20:00:00Z,"NC",2013-12-02T21:00:00Z,Buy,52,63.46,22,252.12,93.027109143924,-76.12,315.7,391.82,1,"	1322,1515" 
2012-11-01T20:00:00Z,"ALG",2014-01-02T21:00:00Z,Buy,33.74,57.02,5,116.4,4.9046880229038,-19.15,134.75,27.7,1,"	1320,1534" 
2012-11-01T20:00:00Z,"ALG",2014-04-01T20:00:00Z,Buy,33.74,55.68,4,87.76,2.0409939260077,-15.32,107.8,53.44,1,"	1320,1600" 
2012-11-01T20:00:00Z,"ALG",2014-09-02T20:00:00Z,Buy,33.74,49.03,21,321.09,13.4200136672,-80.43,565.95,280.56,1,"	1320,1681" 
2012-11-01T20:00:00Z,"WDC",2015-08-03T20:00:00Z,Buy,35.43,85.85,8,403.36,5.2195725344878,-16,630.8,302.32,1,"	1324,1881" 
2012-11-01T20:00:00Z,"FL",2015-09-01T20:00:00Z,Buy,34.36,70.4,1,36.04,2.0923104477612,-17.59,39.76,6.38,1,"	1325,1901" 
2012-11-01T20:00:00Z,"FL",2015-10-01T20:00:00Z,Buy,34.36,71.15,3,110.37,2.0296581909129,-52.77,124.23,19.14,1,"	1325,1922" 
2012-11-01T20:00:00Z,"FL",2015-12-01T21:00:00Z,Buy,34.36,65.68,4,125.28,2.4430911179633,-70.36,165.64,70.92,1,"	1325,1953" 
2012-12-03T21:00:00Z,"TSCO",2013-05-01T20:00:00Z,Buy,88.77,105.33,5,82.8,2.0495257754965,-370.78,116.4,33.6,1,"	1335,1394" 
2012-12-03T21:00:00Z,"CHS",2013-06-03T20:00:00Z,Buy,18.66,17.86,82,-65.6,27.283834385427,-204.18,87.74,231.24,0,"	1332,1404" 
2012-12-03T21:00:00Z,"GIII",2013-07-01T20:00:00Z,Buy,37.56,48.42,15,162.9,12.700486442612,-75.6,213.75,94.2,1,"	1333,1428" 
2012-12-03T21:00:00Z,"WMK",2013-07-01T20:00:00Z,Buy,38.52,45.44,7,48.44,2.068944004091,-106.61,58.8,16.87,1,"	1337,1429" 
2012-12-03T21:00:00Z,"CF",2013-08-01T20:00:00Z,Buy,209.28,195.98,1,-13.3,4.1291315706488,-39,21.16,60.16,0,"	1331,1446" 
2012-12-03T21:00:00Z,"LHCG",2013-08-01T20:00:00Z,Buy,19.48,23.49,9,36.09,7.7456625533844,-1.62,36.18,37.8,1,"	1334,1448" 
2012-12-03T21:00:00Z,"GIII",2013-10-01T20:00:00Z,Buy,37.56,55,8,139.52,2.0806008426452,-40.32,141.2,66,1,"	1333,1474" 
2012-12-03T21:00:00Z,"GIII",2014-01-02T21:00:00Z,Buy,37.56,71.42,4,135.44,2.0387152730722,-20.16,146.48,33,1,"	1333,1536" 
2012-12-03T21:00:00Z,"LHCG",2014-06-02T20:00:00Z,Buy,19.48,20.38,68,61.2,32.833948452104,-12.24,476.68,455.6,1,"	1334,1639" 
2012-12-03T21:00:00Z,"USNA",2014-11-03T21:00:00Z,Buy,42.04,115.22,3,219.54,5.0355652780676,-33.36,219.54,101.37,1,"	1336,1726" 
2012-12-03T21:00:00Z,"GIII",2015-01-02T21:00:00Z,Buy,37.56,100,2,124.88,9.3318184080161,-10.08,127.48,31.8,1,"	1333,1760" 
2012-12-03T21:00:00Z,"USNA",2015-06-01T20:00:00Z,Buy,42.04,129.52,3,262.44,31.515229445783,-33.36,295.41,101.37,1,"	1336,1847" 
2013-01-02T21:00:00Z,"HVT",2013-04-01T20:00:00Z,Buy,16.68,20.47,13,49.27,6.8837271402551,-5.33,52.13,20.67,1,"	1342,1375" 
2013-01-02T21:00:00Z,"UNH",2013-04-01T20:00:00Z,Buy,54.54,58.97,4,17.72,2.5914295594137,-50.76,22.88,18.88,1,"	1345,1376" 
2013-01-02T21:00:00Z,"SCVL",2013-06-03T20:00:00Z,Buy,20.43,24.64,11,46.31,2.1096778916545,-103.51,46.31,23.65,1,"	1344,1407" 
2013-01-02T21:00:00Z,"MED",2013-08-01T20:00:00Z,Buy,26.29,27.27,36,35.28,4.9271764467654,-146.16,109.08,211.32,1,"	1343,1449" 
2013-01-02T21:00:00Z,"DK",2013-11-01T20:00:00Z,Buy,26.23,25.26,8,-7.76,2.0828751974724,-48.48,114.16,162.64,0,"	1341,1488" 
2013-01-02T21:00:00Z,"HVT",2013-11-01T20:00:00Z,Buy,16.68,28.29,8,92.88,5.1989029065574,-3.28,92.88,44.08,1,"	1342,1490" 
2013-01-02T21:00:00Z,"HVT",2015-02-02T21:00:00Z,Buy,16.68,24.79,20,162.2,11.824519329303,-8.2,293.2,229,1,"	1342,1769" 
2013-01-02T21:00:00Z,"HVT",2015-04-01T20:00:00Z,Buy,16.68,24.05,37,272.69,13.304008629768,-15.17,542.42,423.65,1,"	1342,1803" 
2013-02-01T21:00:00Z,"TER",2013-05-01T20:00:00Z,Buy,16.63,16.11,13,-6.76,2.1336982065553,-79.17,32.24,43.55,0,"	1355,1393" 
2013-02-01T21:00:00Z,"CTR",2013-07-01T20:00:00Z,Buy,27.4,25.32,9,-18.72,2.5278423942955,-108.72,39.15,47.07,0,"	1353,1425" 
2013-02-01T21:00:00Z,"CVX",2013-08-01T20:00:00Z,Buy,116.5,126.39,2,19.78,2.0201382886776,-40.18,22.52,19.22,1,"	1354,1447" 
2013-02-01T21:00:00Z,"AEOS",2014-01-02T21:00:00Z,Buy,20.2,14.73,71,-388.37,24.464105746361,-494.16,942.88,661.01,0,"	1352,1533" 
2013-03-01T21:00:00Z,"EGY",2013-04-01T20:00:00Z,Buy,8.06,7.38,32,-21.76,5.0664649175625,-31.36,43.52,51.84,0,"	1363,1372" 
2013-03-01T21:00:00Z,"SIX",2013-05-01T20:00:00Z,Buy,67.51,72.2,3,14.07,28.758150116052,0,28.8,14.73,1,"	1368,1391" 
2013-03-01T21:00:00Z,"WCC",2013-05-01T20:00:00Z,Buy,73.51,68.02,3,-16.47,2.0298416779432,-52.2,11.79,33.51,0,"	1370,1396" 
2013-03-01T21:00:00Z,"CHS",2013-06-03T20:00:00Z,Buy,16.96,17.86,19,17.1,2.1897762073027,-15.01,52.63,35.53,1,"	1362,1404" 
2013-03-01T21:00:00Z,"SCVL",2013-06-03T20:00:00Z,Buy,19.49,24.64,13.000025499987,66.95,4.6310871822653,-110.11,66.95,26.39,1,"	1367,1407" 
2013-03-01T21:00:00Z,"CF",2013-08-01T20:00:00Z,Buy,201.5,195.98,1,-5.52,2.0100323624595,-31.22,28.94,37.85,0,"	1361,1446" 
2013-03-01T21:00:00Z,"MED",2013-08-01T20:00:00Z,Buy,23.92,27.27,9,30.15,3.5156105956941,-15.21,48.6,34.02,1,"	1365,1449" 
2013-03-01T21:00:00Z,"MOV",2013-09-03T20:00:00Z,Buy,36.4,41.62,6,31.32,3.5323446368441,-87.06,44.34,51.6,1,"	1366,1466" 
2013-03-01T21:00:00Z,"BKE",2013-12-02T21:00:00Z,Buy,44.55,52.07,6,45.12,4.718956576282,-182.34,75.54,62.46,1,"	1360,1508" 
2013-03-01T21:00:00Z,"SIX",2014-03-03T21:00:00Z,Buy,33.755,40.6,50,342.25,2.7960784313725,-91.25,352.25,402.5,1,"	1368,1574" 
2013-03-01T21:00:00Z,"GIII",2015-01-02T21:00:00Z,Buy,36.63,100,4,253.48,4.2401905149362,-16.44,258.68,63.6,1,"	1364,1760" 
2013-03-01T21:00:00Z,"KAI",2015-01-02T21:00:00Z,Buy,24.87,42.38,5,87.55,15.111728641676,-2.75,92.05,38.6,1,"	1369,1762" 
2013-03-01T21:00:00Z,"KAI",2015-03-02T21:00:00Z,Buy,24.87,46.27,6,128.4,3.7990919566918,-3.3,128.4,46.32,1,"	1369,1791" 
2013-03-01T21:00:00Z,"KAI",2015-04-01T20:00:00Z,Buy,24.87,53.73,12,346.32,7.6026398794516,-6.6,346.32,92.64,1,"	1369,1805" 
2013-03-01T21:00:00Z,"GIII",2015-07-01T20:00:00Z,Buy,18.315,71.25,4,211.74,2.1417910447761,-8.22,215.06,31.8,1,"	1364,1859" 
2013-03-01T21:00:00Z,"SCVL",2015-12-01T21:00:00Z,Buy,19.49,21.78,0.99997450001275,2.29,18.979210945728,-8.47,10.28,11.52,1,"	1367,1950" 
2013-04-01T20:00:00Z,"RGR",2013-05-01T20:00:00Z,Buy,49.57,49.62,6,0.3,2.058628030751,-208.32,61.38,21.18,1,"	1385,1390" 
2013-04-01T20:00:00Z,"TSCO",2013-05-01T20:00:00Z,Buy,102.78,105.33,2,5.1,2.0197407087295,-176.33,18.54,13.44,1,"	1386,1394" 
2013-04-01T20:00:00Z,"DDS",2013-06-03T20:00:00Z,Buy,79.47,91.44,3,35.91,3.2741402713507,-180.39,42.66,14.31,1,"	1380,1405" 
2013-04-01T20:00:00Z,"CTR",2013-07-01T20:00:00Z,Buy,24.2,25.32,10,11.2,4.263307905269,-88.8,75.5,24,1,"	1377,1425" 
2013-04-01T20:00:00Z,"CTB",2013-07-01T20:00:00Z,Buy,25.45,33.27,31,242.42,13.648349286261,-68.2,285.51,114.39,1,"	1379,1426" 
2013-04-01T20:00:00Z,"CVX",2013-08-01T20:00:00Z,Buy,119.61,126.39,2,13.56,2.4840287747559,-46.4,16.3,19.22,1,"	1378,1447" 
2013-04-01T20:00:00Z,"RES",2013-08-01T20:00:00Z,Buy,15.1,14.64,97,-44.62,32.984207763552,-250.26,22.31,260.93,0,"	1384,1450" 
2013-04-01T20:00:00Z,"IPAR",2013-10-01T20:00:00Z,Buy,24.8,30.57,11,63.47,23.121881449454,0,111.54,92.07,1,"	1381,1476" 
2013-04-01T20:00:00Z,"KWR",2013-10-01T20:00:00Z,Buy,58.96,74.11,4,60.6,26.389221661701,-17.44,60.6,21.32,1,"	1382,1477" 
2013-04-01T20:00:00Z,"CTB",2013-12-02T21:00:00Z,Buy,25.45,24.39,21,-22.26,31.910220888657,-46.2,193.41,237.3,0,"	1379,1509" 
2013-04-01T20:00:00Z,"NC",2013-12-02T21:00:00Z,Buy,52.97,63.46,4,41.96,2.0397076461769,-17.72,53.52,37.92,1,"	1383,1515" 
2013-04-01T20:00:00Z,"KWR",2014-04-01T20:00:00Z,Buy,58.96,80.92,3,65.88,4.6616641128996,-13.08,67.35,44.1,1,"	1382,1604" 
2013-04-01T20:00:00Z,"IPAR",2014-06-02T20:00:00Z,Buy,24.8,29.27,51,227.97,2.6761399397389,0,674.22,449.31,1,"	1381,1638" 
2013-04-01T20:00:00Z,"KWR",2014-11-03T21:00:00Z,Buy,58.96,83.27,20,486.2,2.3956542397661,-87.2,486.2,294,1,"	1382,1720" 
2013-05-01T20:00:00Z,"IDT",2013-06-03T20:00:00Z,Buy,13.86,17.52,22,80.52,5.205620282576,0,95.48,17.82,1,"	1398,1406" 
2013-05-01T20:00:00Z,"MOV",2013-09-03T20:00:00Z,Buy,29.42,41.62,8,97.6,3.4464343946949,-60.24,114.96,34.48,1,"	1400,1466" 
2013-05-01T20:00:00Z,"IDCC",2013-10-01T20:00:00Z,Buy,43.45,37.7,30,-172.5,22.548851503224,-239.1,127.2,366.3,0,"	1397,1475" 
2013-05-01T20:00:00Z,"POWL",2013-10-01T20:00:00Z,Buy,47.07,62.79,8,125.76,18.613888546228,0,125.76,38,1,"	1401,1478" 
2013-05-01T20:00:00Z,"IDT",2013-11-01T20:00:00Z,Buy,13.86,22,18,146.52,10.834712550647,0,152.64,80.1,1,"	1398,1491" 
2013-05-01T20:00:00Z,"LNDC",2013-11-01T20:00:00Z,Buy,12.93,11.7,86,-105.78,26.676256158844,-120.4,248.54,368.94,0,"	1399,1493" 
2013-05-01T20:00:00Z,"UTHR",2013-11-01T20:00:00Z,Buy,66.68,90.34,4,94.64,12.675277939172,-20.4,94.64,30.92,1,"	1403,1494" 
2013-05-01T20:00:00Z,"UNF",2014-01-02T21:00:00Z,Buy,88.85,106.12,27,466.29,50.829743355937,0,490.05,252.72,1,"	1402,1539" 
2013-05-01T20:00:00Z,"UTHR",2014-01-02T21:00:00Z,Buy,66.68,110.9,17,751.74,2.1667226742129,-86.7,813.11,153.17,1,"	1403,1540" 
2013-05-01T20:00:00Z,"POWL",2014-03-03T21:00:00Z,Buy,47.07,67.62,21,431.55,45.259209705233,0,457.59,203.49,1,"	1401,1573" 
2013-05-01T20:00:00Z,"IDT",2014-06-02T20:00:00Z,Buy,13.86,16.64,65,180.7,3.2444873341375,0,572,474.5,1,"	1398,1637" 
2013-05-01T20:00:00Z,"UTHR",2014-09-02T20:00:00Z,Buy,66.68,115.22,5,242.7,15.516776124694,-25.5,255.75,141.85,1,"	1403,1687" 
2013-06-03T20:00:00Z,"CTR",2013-07-01T20:00:00Z,Buy,25.25,25.32,12.000023999988,0.84,4.2881614151303,-119.16,78,15.84,1,"	1412,1425" 
2013-06-03T20:00:00Z,"GCI",2013-07-01T20:00:00Z,Buy,20.8,25.21,48,211.68,43.091961553968,-45.6,278.4,144.96,1,"	1417,1427" 
2013-06-03T20:00:00Z,"CF",2013-08-01T20:00:00Z,Buy,193.59,195.98,3,7.17,5.1599016512069,-69.93,110.55,72.42,1,"	1413,1446" 
2013-06-03T20:00:00Z,"CVX",2013-08-01T20:00:00Z,Buy,124.09,126.39,2,4.6,2.7332701391026,-55.36,7.34,14.54,1,"	1414,1447" 
2013-06-03T20:00:00Z,"RES",2013-08-01T20:00:00Z,Buy,12.67,14.64,20,39.4,2.2012708498809,-3,53.2,25,1,"	1422,1450" 
2013-06-03T20:00:00Z,"FSLR",2013-12-02T21:00:00Z,Buy,53.33,59.81,4,25.92,4.1380624563405,-67.44,43.8,79.72,1,"	1416,1511" 
2013-06-03T20:00:00Z,"MXIM",2013-12-02T21:00:00Z,Buy,29.32,28.22,13,-14.3,2.1292505934215,-107.12,51.87,31.33,0,"	1421,1514" 
2013-06-03T20:00:00Z,"AEOS",2014-01-02T21:00:00Z,Buy,19.66,14.73,17,-83.81,2.8691573776824,-109.14,234.94,115.77,0,"	1409,1533" 
2013-06-03T20:00:00Z,"ANF",2014-01-02T21:00:00Z,Buy,49.71,32.01,23,-407.1,18.36907907168,-413.77,48.07,461.84,0,"	1410,1535" 
2013-06-03T20:00:00Z,"DISCA",2014-03-03T21:00:00Z,Buy,79.01,82.08,5,15.35,5.3688707990768,-148.55,57.25,65.8,1,"	1415,1568" 
2013-06-03T20:00:00Z,"HOC",2014-03-03T21:00:00Z,Buy,48.18,44.88,5,-16.5,3.769078454828,-131.9,51.25,42.25,0,"	1419,1570" 
2013-06-03T20:00:00Z,"SIX",2014-03-03T21:00:00Z,Buy,37.425,40.6,6,19.05,2.9859786432677,-32.97,20.25,36.57,1,"	1423,1574" 
2013-06-03T20:00:00Z,"BGFV",2014-04-01T20:00:00Z,Buy,20.25,16.17,53,-216.24,27.123329293195,-310.58,241.15,551.73,0,"	1411,1601" 
2013-06-03T20:00:00Z,"FSLR",2014-04-01T20:00:00Z,Buy,53.33,70.89,6,105.36,2.0711033099298,-101.16,123.12,119.58,1,"	1416,1602" 
2013-06-03T20:00:00Z,"GCI",2014-08-01T20:00:00Z,Buy,20.8,32.9,10,121,4.0786864908191,-9.5,128.6,40.9,1,"	1417,1670" 
2013-06-03T20:00:00Z,"LZB",2014-10-01T20:00:00Z,Buy,18.5,19.45,13,12.35,4.4977455525704,-97.11,162.89,150.54,1,"	1420,1704" 
2013-06-03T20:00:00Z,"GCI",2014-11-03T21:00:00Z,Buy,20.8,31.32,8,84.16,2.0795428571429,-7.6,110.08,65.76,1,"	1417,1718" 
2013-06-03T20:00:00Z,"GCI",2015-03-02T21:00:00Z,Buy,20.8,35.84,6,90.24,2.0607457627119,-5.7,90.24,49.32,1,"	1417,1788" 
2013-06-03T20:00:00Z,"GCI",2015-07-01T20:00:00Z,Buy,20.8,32.97,11,133.87,6.2611363183745,-10.45,189.31,90.42,1,"	1417,1858" 
2013-06-03T20:00:00Z,"GIII",2015-07-01T20:00:00Z,Buy,21.37,71.25,10,498.8,2.0507480408454,-51.1,507.1,79.5,1,"	1418,1859" 
2013-06-03T20:00:00Z,"CTR",2015-11-02T21:00:00Z,Buy,25.25,38.36,0.999976000012,13.11,2.0609533898305,-9.93,19.36,11.8,1,"	1412,1927" 
2013-07-01T20:00:00Z,"MED",2013-08-01T20:00:00Z,Buy,26.41,27.27,12,10.32,2.1230279503106,-50.16,34.92,19.32,1,"	1439,1449" 
2013-07-01T20:00:00Z,"IDCC",2013-10-01T20:00:00Z,Buy,39.26,37.7,9,-14.04,2.0791354983203,-34.02,75.87,49.95,0,"	1436,1475" 
2013-07-01T20:00:00Z,"DK",2013-11-01T20:00:00Z,Buy,28.04,25.26,15,-41.7,2.1461939520334,-118.05,186.9,158.4,0,"	1433,1488" 
2013-07-01T20:00:00Z,"KLIC",2013-11-01T20:00:00Z,Buy,11.04,12.7,32,53.12,5.8821997000154,-1.92,83.84,38.72,1,"	1437,1492" 
2013-07-01T20:00:00Z,"LNDC",2013-11-01T20:00:00Z,Buy,13.84,11.7,29,-62.06,2.3038304314913,-66.99,57.42,124.41,0,"	1438,1493" 
2013-07-01T20:00:00Z,"CVI",2013-12-02T21:00:00Z,Buy,46.39,40.03,5,-31.8,2.0489345991561,-146.95,119.95,77.3,0,"	1432,1510" 
2013-07-01T20:00:00Z,"MXIM",2013-12-02T21:00:00Z,Buy,27.64,28.22,8,4.64,2.0795968322534,-52.48,45.36,16.96,1,"	1441,1514" 
2013-07-01T20:00:00Z,"AEOS",2014-01-02T21:00:00Z,Buy,18.41,14.73,14,-51.52,2.1411500547645,-72.38,210.98,95.34,0,"	1430,1533" 
2013-07-01T20:00:00Z,"ANF",2014-01-02T21:00:00Z,Buy,46.19,32.01,5,-70.9,2.0510386740331,-72.35,28.05,100.4,0,"	1431,1535" 
2013-07-01T20:00:00Z,"KLIC",2014-01-02T21:00:00Z,Buy,11.04,13.06,125,252.5,3.4238345864662,-7.5,327.5,236.25,1,"	1437,1537" 
2013-07-01T20:00:00Z,"MPC",2014-01-02T21:00:00Z,Buy,70.38,89.48,5,95.5,9.7339759584372,-41.4,106.8,64.95,1,"	1440,1538" 
2013-07-01T20:00:00Z,"HOC",2014-03-03T21:00:00Z,Buy,40.74,44.88,8,33.12,2.0761851332398,-151.52,141.52,52.64,1,"	1435,1570" 
2013-07-01T20:00:00Z,"SIX",2014-03-03T21:00:00Z,Buy,36.85,40.6,10,37.5,4.628279618283,-49.2,39.5,57.2,1,"	1442,1574" 
2013-07-01T20:00:00Z,"MPC",2014-04-01T20:00:00Z,Buy,70.38,89.54,17,325.72,2.2571806066176,-140.76,409.7,220.83,1,"	1440,1605" 
2013-07-01T20:00:00Z,"UTHR",2014-09-02T20:00:00Z,Buy,67.63,115.22,4,190.36,2.0410999696141,-24.2,200.8,113.48,1,"	1445,1687" 
2013-07-01T20:00:00Z,"ENS",2014-11-03T21:00:00Z,Buy,50.55,62.46,7,83.37,2.0721553833605,-131.46,163.24,154.28,1,"	1434,1717" 
2013-07-01T20:00:00Z,"SMP",2015-05-01T20:00:00Z,Buy,35.4,36.25,6,5.1,3.4926137461022,-139.56,60.3,74.4,1,"	1443,1827" 
2013-08-01T20:00:00Z,"MOV",2013-09-03T20:00:00Z,Buy,36.95,41.62,7,32.69,2.5815084974628,-105.42,47.88,15.54,1,"	1459,1466" 
2013-08-01T20:00:00Z,"DV",2013-11-01T20:00:00Z,Buy,30.63,34.91,46,196.88,4.9157256674865,-106.26,352.82,198.72,1,"	1454,1489" 
2013-08-01T20:00:00Z,"BKE",2013-12-02T21:00:00Z,Buy,56.98,52.07,4.2499284837013,-20.87,3.5991600631087,-181.98,0.68,43.9,0,"	1453,1508" 
2013-08-01T20:00:00Z,"AEOS",2014-01-02T21:00:00Z,Buy,19.92,14.73,10.999943599949,-57.09,2.111625063678,-73.48,149.16,74.91,0,"	1452,1533" 
2013-08-01T20:00:00Z,"OSK",2014-02-03T21:00:00Z,Buy,46.56,50.54,4,15.92,11.808205231435,-6.56,35.76,25.72,1,"	1460,1556" 
2013-08-01T20:00:00Z,"PETS",2014-02-03T21:00:00Z,Buy,16.93,12.74,89,-372.91,5.9973419568823,-372.91,2.67,375.58,0,"	1461,1557" 
2013-08-01T20:00:00Z,"POWL",2014-03-03T21:00:00Z,Buy,51.03,67.62,10,165.9,6.5114035664828,-39.6,178.3,96.9,1,"	1462,1573" 
2013-08-01T20:00:00Z,"FSLR",2014-04-01T20:00:00Z,Buy,48.15,70.89,1,22.74,2.0488931762794,-11.68,25.7,16.55,1,"	1456,1602" 
2013-08-01T20:00:00Z,"PLUS",2014-06-02T20:00:00Z,Buy,63.06,56.56,28,-182,4.6471249749932,-405.72,15.12,420.84,0,"	1458,1640" 
2013-08-01T20:00:00Z,"OSK",2014-08-01T20:00:00Z,Buy,46.56,46.31,7,-1.75,7.0078187016317,-11.48,94.15,99.19,0,"	1460,1673" 
2013-08-01T20:00:00Z,"OSK",2014-09-02T20:00:00Z,Buy,46.56,49.6,22,66.88,12.400971232599,-36.08,295.9,311.74,1,"	1460,1684" 
2013-08-01T20:00:00Z,"ENS",2014-11-03T21:00:00Z,Buy,53.78,62.46,4,34.72,2.5243190877107,-88.04,80.36,88.16,1,"	1455,1717" 
2013-08-01T20:00:00Z,"KWR",2014-11-03T21:00:00Z,Buy,67.05,83.27,7,113.54,3.3163780048601,-87.15,113.54,102.9,1,"	1457,1720" 
2013-08-01T20:00:00Z,"FSLR",2014-12-01T21:00:00Z,Buy,48.15,45.76,4,-9.56,2.2344262295082,-46.72,102.8,112.36,0,"	1456,1747" 
2013-08-01T20:00:00Z,"WDC",2015-08-03T20:00:00Z,Buy,66.44,85.85,5,97.05,5.1852023699427,-165.05,239.2,188.95,1,"	1463,1881" 
2013-09-03T20:00:00Z,"DK",2013-11-01T20:00:00Z,Buy,25.31,25.26,11,-0.55,2.1119911504425,-56.54,167.09,56.54,0,"	1469,1488" 
2013-09-03T20:00:00Z,"CTB",2013-12-02T21:00:00Z,Buy,31.66,24.39,7,-50.89,2.0694080801754,-58.87,21,69.02,0,"	1468,1509" 
2013-09-03T20:00:00Z,"USMO",2014-03-03T21:00:00Z,Buy,13.92,14.37,136,61.2,34.95774553743,-157.76,214.88,372.64,1,"	1472,1577" 
2013-09-03T20:00:00Z,"BGFV",2014-04-01T20:00:00Z,Buy,16.55,16.17,13,-4.94,2.8202849242617,-28.08,107.25,74.23,0,"	1467,1601" 
2013-09-03T20:00:00Z,"GCI",2015-07-01T20:00:00Z,Buy,24.48,32.97,2,16.98,4.2648742022059,-9.26,27.06,16.44,1,"	1470,1858" 
2013-10-01T20:00:00Z,"DK",2013-11-01T20:00:00Z,Buy,21.25,25.26,11,44.11,2.983035353314,-11.88,211.75,17.05,1,"	1482,1488" 
2013-10-01T20:00:00Z,"CVI",2013-12-02T21:00:00Z,Buy,38.81,40.03,7,8.54,3.7060538763098,-152.67,220.99,54.88,1,"	1481,1510" 
2013-10-01T20:00:00Z,"ANF",2014-01-02T21:00:00Z,Buy,35.91,32.01,7,-27.3,2.0710687022901,-29.33,111.23,46.13,0,"	1480,1535" 
2013-10-01T20:00:00Z,"KLIC",2014-01-02T21:00:00Z,Buy,11.61,13.06,20,29,3.5809600954964,-12.6,41,37.8,1,"	1485,1537" 
2013-10-01T20:00:00Z,"ICFI",2014-03-03T21:00:00Z,Buy,35.94,40.23,33,141.57,21.402621163009,-118.47,170.61,126.39,1,"	1484,1571" 
2013-10-01T20:00:00Z,"MPC",2014-04-01T20:00:00Z,Buy,64.29,89.54,4,101,2.0399813432836,-8.76,120.76,37.72,1,"	1486,1605" 
2013-10-01T20:00:00Z,"ICFI",2014-11-03T21:00:00Z,Buy,35.94,36.26,35,11.2,2.7583269124931,-192.85,187.6,380.45,1,"	1484,1719" 
2013-10-01T20:00:00Z,"FSLR",2014-12-01T21:00:00Z,Buy,42.18,45.76,5,17.9,2.0524496393932,-28.55,158.35,140.45,1,"	1483,1747" 
2013-11-01T20:00:00Z,"CTB",2013-12-02T21:00:00Z,Buy,25.91,24.39,12,-18.24,2.119538638985,-31.92,105,42.6,0,"	1497,1509" 
2013-11-01T20:00:00Z,"KIRK",2013-12-02T21:00:00Z,Buy,17.75,25.5,35,271.25,5.2183606557377,-11.55,276.85,18.9,1,"	1500,1512" 
2013-11-01T20:00:00Z,"MXIM",2013-12-02T21:00:00Z,Buy,29.4,28.22,7,-8.26,2.0692929292929,-58.24,27.37,8.26,0,"	1503,1514" 
2013-11-01T20:00:00Z,"NC",2013-12-02T21:00:00Z,Buy,55.18,63.46,6,49.68,3.2312818841134,-39.84,67.02,12.36,1,"	1504,1515" 
2013-11-01T20:00:00Z,"HHS",2014-02-03T21:00:00Z,Buy,7.98,6.86,181,-202.72,48.933527443436,-229.87,32.58,262.45,0,"	1499,1555" 
2013-11-01T20:00:00Z,"KIRK",2014-03-03T21:00:00Z,Buy,17.75,17.76,52,0.52,21.677056391964,-52.52,411.32,463.84,1,"	1500,1572" 
2013-11-01T20:00:00Z,"LHCG",2014-06-02T20:00:00Z,Buy,20.66,20.38,14,-3.92,2.1404077669903,-19.04,81.62,59.08,0,"	1501,1639" 
2013-11-01T20:00:00Z,"PLUS",2014-06-02T20:00:00Z,Buy,53.78,56.56,4,11.12,4.6604924729881,-20.84,39.28,44.44,1,"	1502,1640" 
2013-11-01T20:00:00Z,"ALG",2014-09-02T20:00:00Z,Buy,48.43,49.03,5,3,2.8176249092027,-92.6,61.3,66.8,1,"	1496,1681" 
2013-11-01T20:00:00Z,"SMP",2015-05-01T20:00:00Z,Buy,34.5,36.25,6,10.5,4.4188452582892,-134.16,65.7,74.4,1,"	1505,1827" 
2013-11-01T20:00:00Z,"DECK",2015-12-01T21:00:00Z,Buy,68.56,48.91,16,-314.4,9.5141434606881,-432.48,785.28,849.44,0,"	1498,1946" 
2013-12-02T21:00:00Z,"ANF",2014-01-02T21:00:00Z,Buy,34.02,32.01,9,-18.09,6.9163662481356,-20.7,160.02,38.43,0,"	1517,1535" 
2013-12-02T21:00:00Z,"UNF",2014-01-02T21:00:00Z,Buy,100.29,106.12,4,23.32,2.0392370892019,-45.76,26.84,9.92,1,"	1530,1539" 
2013-12-02T21:00:00Z,"HHS",2014-02-03T21:00:00Z,Buy,7.74,6.86,28,-24.64,2.2722613065327,-28.84,11.76,32.76,0,"	1523,1555" 
2013-12-02T21:00:00Z,"PETS",2014-02-03T21:00:00Z,Buy,15.22,12.74,25,-62,2.3694795152274,-62,43.5,97.75,0,"	1525,1557" 
2013-12-02T21:00:00Z,"DISCA",2014-03-03T21:00:00Z,Buy,86.21,82.08,5,-20.65,4.3863530779663,-184.55,21.25,65.8,0,"	1519,1568" 
2013-12-02T21:00:00Z,"SIX",2014-03-03T21:00:00Z,Buy,36.78,40.6,7,26.74,2.0691910776673,-33.95,28.14,25.55,1,"	1527,1574" 
2013-12-02T21:00:00Z,"SYNA",2014-03-03T21:00:00Z,Buy,50.27,63.03,4,51.04,18.057586269578,-6.56,63.84,22.36,1,"	1529,1576" 
2013-12-02T21:00:00Z,"USMO",2014-03-03T21:00:00Z,Buy,14.42,14.37,25,-1.25,5.1733828248919,-41.5,27,41.5,0,"	1531,1577" 
2013-12-02T21:00:00Z,"FSS",2014-04-01T20:00:00Z,Buy,15.3,15.32,22,0.44,5.3714988470803,-78.76,0.44,78.76,1,"	1521,1603" 
2013-12-02T21:00:00Z,"PPC",2014-04-01T20:00:00Z,Buy,16.43,21.14,17,80.07,12.920658848341,-16.49,80.07,22.44,1,"	1526,1606" 
2013-12-02T21:00:00Z,"PPC",2014-05-01T20:00:00Z,Buy,16.43,22.05,68,382.16,2.8573879231473,-65.96,413.44,89.76,1,"	1526,1624" 
2013-12-02T21:00:00Z,"SYNA",2014-06-02T20:00:00Z,Buy,50.27,66.45,3,48.54,2.0292817273796,-4.92,54.54,31.05,1,"	1529,1642" 
2013-12-02T21:00:00Z,"SYNA",2014-07-01T20:00:00Z,Buy,50.27,91.88,10,416.1,17.777308332923,-16.4,416.1,103.5,1,"	1529,1662" 
2013-12-02T21:00:00Z,"ANK",2014-08-01T20:00:00Z,Buy,55.5,58.88,13,43.94,48.014306152831,-30.68,148.2,168.09,1,"	1518,1668" 
2013-12-02T21:00:00Z,"OSK",2014-09-02T20:00:00Z,Buy,48.87,49.6,5,3.65,2.0501230769231,-19.75,55.7,70.85,1,"	1524,1684" 
2013-12-02T21:00:00Z,"ABFS",2014-10-01T20:00:00Z,Buy,33.63,35.41,6,10.68,4.3566739834331,-19.38,69.12,80.52,1,"	1516,1701" 
2013-12-02T21:00:00Z,"ANK",2014-11-03T21:00:00Z,Buy,55.5,68.54,6,78.24,2.0612055365382,-14.16,78.24,79.98,1,"	1518,1716" 
2013-12-02T21:00:00Z,"ENS",2014-11-03T21:00:00Z,Buy,70.25,62.46,3,-23.37,3.7459054352789,-115.44,10.86,66.12,0,"	1520,1717" 
2013-12-02T21:00:00Z,"SYNA",2014-11-03T21:00:00Z,Buy,50.27,65.72,10,154.5,2.1248516732427,-16.4,424.1,305.7,1,"	1529,1724" 
2013-12-02T21:00:00Z,"FSS",2014-12-01T21:00:00Z,Buy,15.3,14.76,22,-11.88,2.2176407506702,-78.76,13.86,82.28,0,"	1521,1748" 
2013-12-02T21:00:00Z,"ANK",2015-02-02T21:00:00Z,Buy,55.5,67.42,23,274.16,2.3856631040193,-54.28,406.18,306.59,1,"	1518,1767" 
2013-12-02T21:00:00Z,"SMP",2015-05-01T20:00:00Z,Buy,34.4,36.25,10,18.5,2.0990783410138,-222.6,110.5,124,1,"	1528,1827" 
2013-12-02T21:00:00Z,"USNA",2015-06-01T20:00:00Z,Buy,73.46,129.52,3,168.18,3.8686501746824,-127.62,201.15,63.09,1,"	1532,1847" 
2013-12-02T21:00:00Z,"FSS",2015-08-03T20:00:00Z,Buy,15.3,14.55,14,-10.5,5.2822971957923,-50.12,21.28,52.36,0,"	1521,1878" 
2013-12-02T21:00:00Z,"ABFS",2015-12-01T21:00:00Z,Buy,33.63,24.33,23,-213.9,27.268256372932,-219.65,315.1,534.75,0,"	1516,1944" 
2013-12-02T21:00:00Z,"FSS",2015-12-01T21:00:00Z,Buy,15.3,16.97,20,33.4,2.2013048635824,-71.6,36.6,74.8,1,"	1521,1947" 
2014-01-02T21:00:00Z,"RGR",2014-02-03T21:00:00Z,Buy,73.75,72.21,4,-6.16,6.7476183739975,-6.16,44.76,50.92,0,"	1550,1558" 
2014-01-02T21:00:00Z,"SAFM",2014-02-03T21:00:00Z,Buy,72,71.97,3.0000089999955,-0.09,19.475226487713,-155.5,13.44,13.53,0,"	1551,1559" 
2014-01-02T21:00:00Z,"KIRK",2014-03-03T21:00:00Z,Buy,23.46,17.76,10,-57,2.0991128010139,-67.2,22,67.5,0,"	1547,1572" 
2014-01-02T21:00:00Z,"POWL",2014-03-03T21:00:00Z,Buy,66.29,67.62,3,3.99,4.2508770091821,-57.66,7.71,23.52,1,"	1549,1573" 
2014-01-02T21:00:00Z,"SIX",2014-03-03T21:00:00Z,Buy,36.78,40.6,7,26.74,3.1747980855122,-33.95,28.14,25.55,1,"	1552,1574" 
2014-01-02T21:00:00Z,"BGFV",2014-04-01T20:00:00Z,Buy,19.82,16.17,11,-40.15,3.7558024212694,-59.73,54.78,62.81,0,"	1541,1601" 
2014-01-02T21:00:00Z,"RGR",2014-05-01T20:00:00Z,Buy,73.75,66.72,5,-35.15,2.0518414918415,-69.75,55.95,125.7,0,"	1550,1625" 
2014-01-02T21:00:00Z,"STMP",2014-05-01T20:00:00Z,Buy,41.78,29.12,36,-455.76,19.693227220732,-455.76,24.48,480.24,0,"	1553,1626" 
2014-01-02T21:00:00Z,"IDT",2014-06-02T20:00:00Z,Buy,17.7,16.64,24,-25.44,2.2377168438724,-92.16,119.04,90.72,0,"	1546,1637" 
2014-01-02T21:00:00Z,"SAFM",2014-06-02T20:00:00Z,Buy,72,95.65,3,70.95,2.0310182682953,-155.5,70.95,17.79,1,"	1551,1641" 
2014-01-02T21:00:00Z,"SAFM",2014-07-01T20:00:00Z,Buy,72,97.92,4,103.68,4.9501995645048,-207.33,103.68,23.72,1,"	1551,1660" 
2014-01-02T21:00:00Z,"RGR",2014-10-01T20:00:00Z,Buy,73.75,47.4,20,-527,2.3894023413432,-553.2,223.8,777,0,"	1550,1707" 
2014-01-02T21:00:00Z,"ENS",2014-11-03T21:00:00Z,Buy,69.02,62.46,3,-19.68,2.87232961639,-111.75,14.55,66.12,0,"	1542,1717" 
2014-01-02T21:00:00Z,"ICFI",2014-11-03T21:00:00Z,Buy,34.45,36.26,6,10.86,2.0595505617978,-24.12,41.1,65.22,1,"	1545,1719" 
2014-01-02T21:00:00Z,"KWR",2014-11-03T21:00:00Z,Buy,76.87,83.27,5,32,2.0498702478267,-111.35,32,59.7,1,"	1548,1720" 
2014-01-02T21:00:00Z,"SAFM",2015-10-01T20:00:00Z,Buy,72,69.08,3,-8.76,5.1213161381691,-155.5,91.77,109.11,0,"	1551,1920" 
2014-02-03T21:00:00Z,"KIRK",2014-03-03T21:00:00Z,Buy,17.58,17.76,14,2.52,2.1307063197026,-11.76,113.12,17.08,1,"	1563,1572" 
2014-02-03T21:00:00Z,"IPAR",2014-06-02T20:00:00Z,Buy,31.74,29.27,11,-27.17,2.1072956361401,-76.34,69.08,87.78,0,"	1562,1638" 
2014-02-03T21:00:00Z,"NUS",2014-08-01T20:00:00Z,Buy,82.78,59.03,10,-237.5,4.2380277175165,-240.9,58.8,299.7,0,"	1564,1672" 
2014-02-03T21:00:00Z,"OSTK",2014-11-03T21:00:00Z,Buy,20.72,23.59,42,120.54,5.1070429026311,-283.92,120.54,342.72,1,"	1565,1721" 
2014-02-03T21:00:00Z,"FSLR",2014-12-01T21:00:00Z,Buy,48.35,45.76,5,-12.95,5.7695887017806,-59.4,127.5,140.45,0,"	1560,1747" 
2014-02-03T21:00:00Z,"HVT",2015-04-01T20:00:00Z,Buy,26.38,24.05,13,-30.29,7.7569304916259,-131.43,64.48,142.09,0,"	1561,1803" 
2014-02-03T21:00:00Z,"UTHR",2015-04-01T20:00:00Z,Buy,97.15,174.41,2,154.52,5.6168115145185,-71.14,164.72,43.34,1,"	1567,1806" 
2014-02-03T21:00:00Z,"USNA",2015-09-01T20:00:00Z,Buy,57.62,141.49,4,335.48,22.907001886197,-106.8,474,139.72,1,"	1566,1900" 
2014-03-03T21:00:00Z,"BGFV",2014-04-01T20:00:00Z,Buy,14.89,16.17,31,39.68,2.3040777338603,-15.5,307.21,38.44,1,"	1581,1601" 
2014-03-03T21:00:00Z,"MPC",2014-04-01T20:00:00Z,Buy,83.35,89.54,4,24.76,2.0396904761905,-85,44.52,29.76,1,"	1591,1605" 
2014-03-03T21:00:00Z,"UACL",2014-04-01T20:00:00Z,Buy,25.44,28.98,71,251.34,76.362357594782,0,265.54,73.13,1,"	1598,1607" 
2014-03-03T21:00:00Z,"CORE",2014-05-01T20:00:00Z,Buy,76.5,78.78,4,9.12,42.984065969683,-26,16.16,36.24,1,"	1582,1621" 
2014-03-03T21:00:00Z,"DAL",2014-05-01T20:00:00Z,Buy,32.59,37.12,9,40.77,21.598325936711,-7.74,40.77,36.18,1,"	1583,1622" 
2014-03-03T21:00:00Z,"PPC",2014-05-01T20:00:00Z,Buy,17.18,22.05,17,82.79,5.7266853995438,-29.24,90.61,19.72,1,"	1592,1624" 
2014-03-03T21:00:00Z,"STMP",2014-05-01T20:00:00Z,Buy,35.55,29.12,11,-70.73,4.7529485938267,-70.73,76.01,88,0,"	1595,1626" 
2014-03-03T21:00:00Z,"IDT",2014-06-02T20:00:00Z,Buy,18.24,16.64,17,-27.2,2.1727465181058,-74.46,75.14,64.26,0,"	1587,1637" 
2014-03-03T21:00:00Z,"IPAR",2014-06-02T20:00:00Z,Buy,32.8,29.27,7,-24.71,3.7402199217409,-56,36.54,55.86,0,"	1588,1638" 
2014-03-03T21:00:00Z,"LHCG",2014-06-02T20:00:00Z,Buy,23.42,20.38,16,-48.64,5.3725692277171,-65.92,49.12,48.8,0,"	1589,1639" 
2014-03-03T21:00:00Z,"TSN",2014-06-02T20:00:00Z,Buy,38.81,43.4,16,73.44,11.893212231505,-8.96,83.2,92.16,1,"	1596,1643" 
2014-03-03T21:00:00Z,"CORE",2014-07-01T20:00:00Z,Buy,38.25,46.92,6,52.02,2.0616962524655,-19.5,52.02,27.18,1,"	1582,1657" 
2014-03-03T21:00:00Z,"CORE",2014-08-01T20:00:00Z,Buy,38.25,46.94,11,95.59,5.0072885055871,-35.75,99,49.83,1,"	1582,1669" 
2014-03-03T21:00:00Z,"ALG",2014-09-02T20:00:00Z,Buy,51.42,49.03,5,-11.95,2.0488969189806,-107.55,46.35,62.35,0,"	1580,1681" 
2014-03-03T21:00:00Z,"PRFT",2014-09-02T20:00:00Z,Buy,20.08,17.59,80,-199.2,31.93522336448,-279.2,64.8,344,0,"	1593,1685" 
2014-03-03T21:00:00Z,"TTWO",2014-09-02T20:00:00Z,Buy,20,23.66,12,43.92,5.0514687171292,-14.28,43.92,41.4,1,"	1597,1686" 
2014-03-03T21:00:00Z,"CORE",2014-10-01T20:00:00Z,Buy,38.25,51.69,13,174.72,2.1266911764706,-42.25,212.16,58.89,1,"	1582,1703" 
2014-03-03T21:00:00Z,"LZB",2014-10-01T20:00:00Z,Buy,25.37,19.45,21,-124.32,7.8090966939849,-301.14,118.86,185.01,0,"	1590,1704" 
2014-03-03T21:00:00Z,"RGR",2014-10-01T20:00:00Z,Buy,63.6,47.4,5,-81,6.3114594337304,-87.55,106.7,110.75,0,"	1594,1707" 
2014-03-03T21:00:00Z,"TTWO",2014-11-03T21:00:00Z,Buy,20,25.83,13,75.79,4.0594828529394,-15.47,83.85,45.11,1,"	1597,1725" 
2014-03-03T21:00:00Z,"CORE",2014-12-01T21:00:00Z,Buy,38.25,58.64,6,122.34,2.0585326900682,-19.5,140.4,27.6,1,"	1582,1743" 
2014-03-03T21:00:00Z,"DAL",2014-12-01T21:00:00Z,Buy,32.59,45.62,10,130.3,5.313155813131,-16.9,140.9,113.3,1,"	1583,1744" 
2014-03-03T21:00:00Z,"CORE",2015-02-02T21:00:00Z,Buy,38.25,67.5,5,146.25,4.8956713602574,-16.25,155.25,23,1,"	1582,1768" 
2014-03-03T21:00:00Z,"TSN",2015-02-02T21:00:00Z,Buy,38.81,39.57,50,38,2.5777382172131,-183,260,443,1,"	1596,1772" 
2014-03-03T21:00:00Z,"TTWO",2015-03-02T21:00:00Z,Buy,20,26.06,67,406.02,10.267728161736,-79.73,703.5,297.48,1,"	1597,1792" 
2014-03-03T21:00:00Z,"DAL",2015-04-01T20:00:00Z,Buy,32.59,43.26,39,416.13,2.3752535587189,-65.91,707.46,441.87,1,"	1583,1800" 
2014-03-03T21:00:00Z,"CORE",2015-06-01T20:00:00Z,Buy,38.25,54.34,5,80.45,2.0505864829641,-16.25,165.55,93.75,1,"	1582,1842" 
2014-03-03T21:00:00Z,"CORE",2015-11-02T21:00:00Z,Buy,38.25,80.58,12,507.96,14.212144214586,-39,516.48,225,1,"	1582,1928" 
2014-03-03T21:00:00Z,"ABFS",2015-12-01T21:00:00Z,Buy,32.82,24.33,9,-76.41,5.9937146272838,-78.66,130.59,209.25,0,"	1579,1944" 
2014-04-01T20:00:00Z,"BAH",2014-05-01T20:00:00Z,Buy,22.32,23.18,9,7.74,5.3376971940672,-8.37,8.19,13.05,1,"	1610,1620" 
2014-04-01T20:00:00Z,"MYGN",2014-05-01T20:00:00Z,Buy,35.15,39.97,8,38.56,4.4458627793081,0,56.48,24.16,1,"	1616,1623" 
2014-04-01T20:00:00Z,"BAH",2014-06-02T20:00:00Z,Buy,22.32,22.09,17,-3.91,4.1734881029475,-15.81,45.56,49.47,0,"	1610,1636" 
2014-04-01T20:00:00Z,"LHCG",2014-06-02T20:00:00Z,Buy,22.3,20.38,15,-28.8,8.0800581448665,-45,62.85,28.95,0,"	1614,1639" 
2014-04-01T20:00:00Z,"PLUS",2014-06-02T20:00:00Z,Buy,56.58,56.56,5,-0.1,5.3550121321164,-40.05,35.1,55.55,0,"	1615,1640" 
2014-04-01T20:00:00Z,"FF",2014-09-02T20:00:00Z,Buy,21.05,14,80,-564,5.6341543513957,-589.6,31.2,620.8,0,"	1612,1683" 
2014-04-01T20:00:00Z,"RGR",2014-10-01T20:00:00Z,Buy,63.23,47.4,5,-79.15,2.0528678929766,-85.7,108.55,110.75,0,"	1618,1707" 
2014-04-01T20:00:00Z,"OSTK",2014-11-03T21:00:00Z,Buy,20.35,23.59,13,42.12,2.1342893401015,-83.07,42.12,83.07,1,"	1617,1721" 
2014-04-01T20:00:00Z,"ANK",2015-02-02T21:00:00Z,Buy,66.6,67.42,4,3.28,2.0404126213592,-53.84,26.24,53.32,1,"	1609,1767" 
2014-04-01T20:00:00Z,"MYGN",2015-05-01T20:00:00Z,Buy,35.15,34.18,28,-27.16,16.36405201196,-87.92,197.68,285.6,0,"	1616,1823" 
2014-04-01T20:00:00Z,"BAH",2015-06-01T20:00:00Z,Buy,22.32,25.59,17,55.59,2.1716094674556,-25.5,138.55,102.34,1,"	1610,1840" 
2014-04-01T20:00:00Z,"BAH",2015-08-03T20:00:00Z,Buy,22.32,27.21,12,58.68,2.1177497295348,-18,97.8,72.24,1,"	1610,1876" 
2014-04-01T20:00:00Z,"BAH",2015-11-02T21:00:00Z,Buy,22.32,29.75,68,505.24,16.062748320603,-102,554.2,409.36,1,"	1610,1926" 
2014-04-01T20:00:00Z,"DECK",2015-12-01T21:00:00Z,Buy,81.09,48.91,3,-96.54,4.7293227974742,-118.68,109.65,159.27,0,"	1611,1946" 
2014-05-01T20:00:00Z,"IDT",2014-06-02T20:00:00Z,Buy,15.83,16.64,18,14.58,4.8156630178813,-35.46,122.94,10.26,1,"	1629,1637" 
2014-05-01T20:00:00Z,"LHCG",2014-06-02T20:00:00Z,Buy,20.82,20.38,14,-6.16,5.3077366861428,-21.28,79.38,9.52,0,"	1632,1639" 
2014-05-01T20:00:00Z,"OSK",2014-09-02T20:00:00Z,Buy,54.94,49.6,6,-32.04,2.0593838947937,-60.12,30.42,70.32,0,"	1634,1684" 
2014-05-01T20:00:00Z,"ENS",2014-11-03T21:00:00Z,Buy,67.13,62.46,3,-14.01,2.0298002367564,-106.08,20.22,59.94,0,"	1627,1717" 
2014-05-01T20:00:00Z,"ICFI",2014-11-03T21:00:00Z,Buy,38.42,36.26,7,-15.12,4.6882084471137,-55.93,20.16,56.63,0,"	1628,1719" 
2014-05-01T20:00:00Z,"KWR",2014-11-03T21:00:00Z,Buy,77.11,83.27,3,18.48,2.0310802095929,-67.53,18.48,28.92,1,"	1631,1720" 
2014-05-01T20:00:00Z,"OSTK",2014-11-03T21:00:00Z,Buy,15.33,23.59,13,107.38,2.1244007490637,-17.81,107.38,40.95,1,"	1633,1721" 
2014-05-01T20:00:00Z,"VMW",2015-03-02T21:00:00Z,Buy,92.05,86.59,19,-103.74,4.4842368524121,-322.81,220.21,543.02,0,"	1635,1793" 
2014-05-01T20:00:00Z,"KFY",2015-07-01T20:00:00Z,Buy,28.8,35.1,6,37.8,6.1502513189568,-27.54,43.08,50.1,1,"	1630,1860" 
2014-05-01T20:00:00Z,"KFY",2015-10-01T20:00:00Z,Buy,28.8,32.79,7,27.93,2.0694073178107,-32.13,50.26,58.45,1,"	1630,1917" 
2014-06-02T20:00:00Z,"DXPE",2014-07-01T20:00:00Z,Buy,70.44,77.08,13,86.32,35.862536209862,-47.19,86.32,47.19,1,"	1646,1658" 
2014-06-02T20:00:00Z,"PPC",2014-07-01T20:00:00Z,Buy,25.92,27.69,10,17.7,5.0257447641383,-15.1,17.7,21.4,1,"	1656,1659" 
2014-06-02T20:00:00Z,"MOD",2014-08-01T20:00:00Z,Buy,14.94,13.25,108,-182.52,19.533495013847,-182.52,115.56,298.08,0,"	1652,1671" 
2014-06-02T20:00:00Z,"NUS",2014-08-01T20:00:00Z,Buy,73.62,59.03,4,-58.36,2.039880823402,-59.72,60.16,72.48,0,"	1654,1672" 
2014-06-02T20:00:00Z,"ALG",2014-09-02T20:00:00Z,Buy,52.3,49.03,5,-16.35,2.0504436728395,-111.95,41.95,44.25,0,"	1644,1681" 
2014-06-02T20:00:00Z,"OSK",2014-09-02T20:00:00Z,Buy,54.04,49.6,5,-22.2,2.0499907493062,-45.6,29.85,58.6,0,"	1655,1684" 
2014-06-02T20:00:00Z,"PPC",2014-10-01T20:00:00Z,Buy,25.92,30.25,7,30.31,3.411865289837,-10.57,44.45,26.25,1,"	1656,1706" 
2014-06-02T20:00:00Z,"PPC",2014-11-03T21:00:00Z,Buy,25.92,28.9,11,32.78,14.878211084249,-16.61,74.36,74.47,1,"	1656,1722" 
2014-06-02T20:00:00Z,"FSLR",2014-12-01T21:00:00Z,Buy,62.7,45.76,6,-101.64,5.5357798324672,-157.38,66.9,162.12,0,"	1647,1747" 
2014-06-02T20:00:00Z,"ANK",2015-02-02T21:00:00Z,Buy,54.51,67.42,6,77.46,2.0585919025439,-8.22,111.9,66.48,1,"	1645,1767" 
2014-06-02T20:00:00Z,"HURN",2015-02-02T21:00:00Z,Buy,67.97,75.13,27,193.32,54.707788305323,-203.31,267.84,292.95,1,"	1651,1770" 
2014-06-02T20:00:00Z,"HVT",2015-04-01T20:00:00Z,Buy,24.97,24.05,8,-7.36,2.4032376341229,-69.6,50.96,53.52,0,"	1650,1803" 
2014-06-02T20:00:00Z,"MYGN",2015-05-01T20:00:00Z,Buy,33.62,34.18,9,5.04,6.8764731764371,-14.49,77.31,75.6,1,"	1653,1823" 
2014-06-02T20:00:00Z,"PPC",2015-05-01T20:00:00Z,Buy,25.92,25.44,49,-23.52,18.717202858079,-163.17,571.83,735,0,"	1656,1824" 
2014-07-01T20:00:00Z,"RGR",2014-10-01T20:00:00Z,Buy,59.46,47.4,6,-72.36,3.6630953525725,-80.22,152.88,82.86,0,"	1665,1707" 
2014-07-01T20:00:00Z,"ICFI",2014-11-03T21:00:00Z,Buy,35.93,36.26,10,3.3,2.1016119909502,-55,53.7,57.4,1,"	1663,1719" 
2014-07-01T20:00:00Z,"PSX",2014-11-03T21:00:00Z,Buy,80.6,76.68,4,-15.68,4.409854657965,-50.84,27.64,78.48,0,"	1664,1723" 
2014-07-01T20:00:00Z,"PSX",2014-12-01T21:00:00Z,Buy,80.6,71.83,3,-26.31,2.029498973306,-38.13,20.73,58.86,0,"	1664,1751" 
2014-07-01T20:00:00Z,"PSX",2015-02-02T21:00:00Z,Buy,80.6,72.8,3,-23.4,2.0310801195389,-64.53,20.73,85.26,0,"	1664,1771" 
2014-07-01T20:00:00Z,"VMW",2015-03-02T21:00:00Z,Buy,98.29,86.59,3,-35.1,4.1488112517069,-69.69,16.05,85.74,0,"	1667,1793" 
2014-07-01T20:00:00Z,"PSX",2015-05-01T20:00:00Z,Buy,80.6,81.61,27,27.27,17.476935419978,-580.77,186.57,767.34,1,"	1664,1825" 
2014-08-01T20:00:00Z,"CALM",2014-10-01T20:00:00Z,Buy,69.97,87.8,7,124.81,25.001188399481,0,149.66,41.16,1,"	1675,1702" 
2014-08-01T20:00:00Z,"MU",2014-10-01T20:00:00Z,Buy,31.09,33.5,8,19.28,20.63253224171,-11.28,27.28,26.24,1,"	1679,1705" 
2014-08-01T20:00:00Z,"ENS",2014-11-03T21:00:00Z,Buy,63.54,62.46,4,-4.32,2.040069367807,-127.08,41.32,49.92,0,"	1676,1717" 
2014-08-01T20:00:00Z,"KWR",2014-11-03T21:00:00Z,Buy,71.04,83.27,4,48.92,2.0402435915593,-65.76,48.92,38.56,1,"	1678,1720" 
2014-08-01T20:00:00Z,"SYNA",2014-11-03T21:00:00Z,Buy,78.11,65.72,3,-37.17,2.0324421985325,-88.44,43.71,71.37,0,"	1680,1724" 
2014-08-01T20:00:00Z,"MU",2015-01-02T21:00:00Z,Buy,31.09,34.75,44,161.04,2.4367323621822,-178.64,237.6,328.68,1,"	1679,1761" 
2014-08-01T20:00:00Z,"HURN",2015-02-02T21:00:00Z,Buy,60.45,75.13,4,58.72,2.0400066181337,-0.04,69.76,25.44,1,"	1677,1770" 
2014-08-01T20:00:00Z,"CALM",2015-05-01T20:00:00Z,Buy,34.985,45.5,6,63.09,4.0424341079955,-0.27,77.97,78.24,1,"	1675,1820" 
2014-08-01T20:00:00Z,"CALM",2015-06-01T20:00:00Z,Buy,34.985,57.29,16,356.88,2.1616934203563,-0.72,398,208.64,1,"	1675,1841" 
2014-08-01T20:00:00Z,"CALM",2015-10-01T20:00:00Z,Buy,34.985,56.47,24,515.64,28.06841999116,-1.08,597,312.96,1,"	1675,1915" 
2014-09-02T20:00:00Z,"RGR",2014-10-01T20:00:00Z,Buy,51.09,47.4,4,-14.76,2.6676856034485,-20,135.4,25.52,0,"	1696,1707" 
2014-09-02T20:00:00Z,"ICFI",2014-11-03T21:00:00Z,Buy,33.87,36.26,11,26.29,2.1102930728242,-37.84,81.73,37.84,1,"	1694,1719" 
2014-09-02T20:00:00Z,"DDS",2014-12-01T21:00:00Z,Buy,113.29,116.64,4,13.4,17.501456426743,-51.32,31,63.8,1,"	1691,1745" 
2014-09-02T20:00:00Z,"ANK",2015-02-02T21:00:00Z,Buy,58.65,67.42,5,43.85,2.050008526603,-27.55,72.55,55.4,1,"	1689,1767" 
2014-09-02T20:00:00Z,"HURN",2015-02-02T21:00:00Z,Buy,60.58,75.13,4,58.2,2.0400661375661,-0.56,69.24,25.44,1,"	1693,1770" 
2014-09-02T20:00:00Z,"TSN",2015-02-02T21:00:00Z,Buy,38.37,39.57,7,8.4,3.7207130241285,-22.54,39.48,32.06,1,"	1699,1772" 
2014-09-02T20:00:00Z,"GPRE",2015-04-01T20:00:00Z,Buy,44.68,29.69,36,-539.64,25.127679205226,-870.48,38.52,909,0,"	1692,1802" 
2014-09-02T20:00:00Z,"LSCC",2015-05-01T20:00:00Z,Buy,7.48,6.12,216,-293.76,32.951173055148,-334.8,43.2,378,0,"	1695,1822" 
2014-09-02T20:00:00Z,"SMP",2015-05-01T20:00:00Z,Buy,37.66,36.25,8,-11.28,3.3154541675705,-204.16,62.32,52.56,0,"	1698,1827" 
2014-09-02T20:00:00Z,"WDC",2015-08-03T20:00:00Z,Buy,102,85.85,3,-48.45,2.0297058538006,-205.71,36.84,113.37,0,"	1700,1881" 
2014-09-02T20:00:00Z,"RSC",2015-09-01T20:00:00Z,Buy,106.48,50.24,10,-562.4,26.103139548783,-626.3,8.6,634.9,0,"	1697,1898" 
2014-09-02T20:00:00Z,"BAH",2015-11-02T21:00:00Z,Buy,22.69,29.75,11,77.66,3.8921946420645,-20.57,85.58,66.22,1,"	1690,1926" 
2014-10-01T20:00:00Z,"ENS",2014-11-03T21:00:00Z,Buy,56.08,62.46,4,25.52,2.0382537517053,-97.24,71.16,21.68,1,"	1710,1717" 
2014-10-01T20:00:00Z,"ICFI",2014-11-03T21:00:00Z,Buy,30.43,36.26,7,40.81,2.0691815524521,0,76.09,4.27,1,"	1713,1719" 
2014-10-01T20:00:00Z,"EGY",2014-12-01T21:00:00Z,Buy,8.6,5.94,122,-324.52,25.942554191548,-350.14,9.76,359.9,0,"	1709,1746" 
2014-10-01T20:00:00Z,"DV",2015-03-02T21:00:00Z,Buy,43.54,36.94,7,-46.2,18.605910634533,-51.1,39.48,90.58,0,"	1708,1787" 
2014-10-01T20:00:00Z,"HVT",2015-04-01T20:00:00Z,Buy,21.14,24.05,15,43.65,2.9221252003788,-73.05,153,42.45,1,"	1712,1803" 
2014-10-01T20:00:00Z,"DV",2015-05-01T20:00:00Z,Buy,43.54,30.04,9,-121.5,7.163446700286,-121.5,50.76,172.26,0,"	1708,1821" 
2014-10-01T20:00:00Z,"DV",2015-06-01T20:00:00Z,Buy,43.54,32.32,33,-370.26,17.160175257716,-445.5,186.12,631.62,0,"	1708,1843" 
2014-10-01T20:00:00Z,"RSC",2015-09-01T20:00:00Z,Buy,69.94,50.24,4,-78.8,2.038386388584,-104.36,149.6,116,0,"	1715,1898" 
2014-11-03T21:00:00Z,"FSLR",2014-12-01T21:00:00Z,Buy,58.31,45.76,5,-62.75,5.8894336914453,-109.2,77.7,62.75,0,"	1731,1747" 
2014-11-03T21:00:00Z,"INTC",2014-12-01T21:00:00Z,Buy,34.31,37.17,7,20.02,32.341561951311,-7.35,20.58,8.96,1,"	1736,1749" 
2014-11-03T21:00:00Z,"MED",2014-12-01T21:00:00Z,Buy,31.98,29.62,8,-18.88,10.679493209971,-20.72,6.64,27.36,0,"	1738,1750" 
2014-11-03T21:00:00Z,"MED",2015-03-02T21:00:00Z,Buy,31.98,32.35,57,21.09,14.087895765406,-147.63,103.17,194.94,1,"	1738,1789" 
2014-11-03T21:00:00Z,"VMW",2015-03-02T21:00:00Z,Buy,84.27,86.59,7,16.24,5.0887220403596,-64.47,135.59,92.61,1,"	1741,1793" 
2014-11-03T21:00:00Z,"EW",2015-04-01T20:00:00Z,Buy,119.93,140.7,3,62.31,14.66399395768,-0.42,87.06,29.82,1,"	1730,1801" 
2014-11-03T21:00:00Z,"GPRE",2015-04-01T20:00:00Z,Buy,34.58,29.69,6,-29.34,2.0606666666667,-84.48,67.02,88.08,0,"	1734,1802" 
2014-11-03T21:00:00Z,"HVT",2015-04-01T20:00:00Z,Buy,21.77,24.05,10,22.8,2.0989095865516,-55,95.7,28.3,1,"	1735,1803" 
2014-11-03T21:00:00Z,"LSCC",2015-05-01T20:00:00Z,Buy,6.59,6.12,48,-22.56,2.4714157973174,-31.68,52.32,68.64,0,"	1737,1822" 
2014-11-03T21:00:00Z,"SKX",2015-05-01T20:00:00Z,Buy,55.51,91.67,11,397.76,4.3960275498058,-17.16,397.76,82.06,1,"	1740,1826" 
2014-11-03T21:00:00Z,"EW",2015-08-03T20:00:00Z,Buy,119.93,151.09,2,62.32,4.8883811752822,-0.28,73.58,50.18,1,"	1730,1877" 
2014-11-03T21:00:00Z,"SKX",2015-08-03T20:00:00Z,Buy,55.51,148.65,8,745.12,2.0790428713858,-12.48,759.52,59.68,1,"	1740,1880" 
2014-11-03T21:00:00Z,"INTC",2015-10-01T20:00:00Z,Buy,34.31,30,68,-293.08,2.9654943596549,-573.92,228.48,802.4,0,"	1736,1916" 
2014-11-03T21:00:00Z,"MEI",2015-10-01T20:00:00Z,Buy,40.18,31.99,9,-73.71,4.4371609779163,-145.89,75.87,221.76,0,"	1739,1918" 
2014-11-03T21:00:00Z,"EW",2015-11-02T21:00:00Z,Buy,119.93,157.51,2,75.16,5.1151599766444,-0.28,75.16,50.18,1,"	1730,1929" 
2014-11-03T21:00:00Z,"DECK",2015-12-01T21:00:00Z,Buy,88.23,48.91,3,-117.96,2.0302641207409,-140.1,88.23,156.81,0,"	1729,1946" 
2014-12-01T21:00:00Z,"HURN",2015-02-02T21:00:00Z,Buy,69.46,75.13,3,17.01,2.0301301330249,-27.06,25.29,19.08,1,"	1754,1770" 
2014-12-01T21:00:00Z,"TSRA",2015-02-02T21:00:00Z,Buy,34.41,37.35,6,17.64,7.4363577578227,-8.46,23.64,23.04,1,"	1757,1773" 
2014-12-01T21:00:00Z,"ARLP",2015-05-01T20:00:00Z,Buy,43.33,34.2,48,-438.24,33.380020513439,-541.92,96.48,638.4,0,"	1753,1819" 
2014-12-01T21:00:00Z,"MYGN",2015-05-01T20:00:00Z,Buy,33.01,34.18,10,11.7,2.0984491500149,-10,92,68.6,1,"	1755,1823" 
2014-12-01T21:00:00Z,"RSC",2015-09-01T20:00:00Z,Buy,62.78,50.24,4,-50.16,2.0396902165323,-75.72,178.24,92.64,0,"	1756,1898" 
2015-01-02T21:00:00Z,"GHC",2015-02-02T21:00:00Z,Buy,860.94,945,1,84.06,14.044983024523,-17.93,114.78,40.4,1,"	1766,1774" 
2015-01-02T21:00:00Z,"DV",2015-06-01T20:00:00Z,Buy,44.28,32.32,5,-59.8,2.0466399831473,-71.2,24.5,76.1,0,"	1764,1843" 
2015-02-02T21:00:00Z,"ARLP",2015-05-01T20:00:00Z,Buy,37.35,34.2,6,-18.9,2.0563206835888,-31.86,47.94,50.22,0,"	1776,1819" 
2015-02-02T21:00:00Z,"SMP",2015-05-01T20:00:00Z,Buy,37.5,36.25,9,-11.25,2.0925671969281,-228.24,71.55,59.13,0,"	1783,1827" 
2015-02-02T21:00:00Z,"ZUMZ",2015-07-01T20:00:00Z,Buy,38.33,26.93,13,-148.2,32.213313405466,-191.36,24.96,216.32,0,"	1786,1862" 
2015-02-02T21:00:00Z,"RSC",2015-09-01T20:00:00Z,Buy,59.57,50.24,4,-37.32,2.0429255989912,-62.88,191.08,92.64,0,"	1782,1898" 
2015-02-02T21:00:00Z,"INTC",2015-10-01T20:00:00Z,Buy,33.65,30,13,-47.45,3.6483893191541,-101.14,52.26,115.31,0,"	1780,1916" 
2015-02-02T21:00:00Z,"CTR",2015-11-02T21:00:00Z,Buy,42.54,38.36,5.000023999988,-20.9,20.003243823514,-136.1,10.35,59,0,"	1777,1927" 
2015-02-02T21:00:00Z,"ABFS",2015-12-01T21:00:00Z,Buy,38.74,24.33,10,-144.1,7.4344046792271,-146.6,85.9,193.8,0,"	1775,1944" 
2015-02-02T21:00:00Z,"ZUMZ",2015-12-01T21:00:00Z,Buy,38.33,14.94,36,-842.04,2.6435387673956,-864.72,69.12,933.84,0,"	1786,1954" 
2015-03-02T21:00:00Z,"GPRE",2015-04-01T20:00:00Z,Buy,23.49,29.69,11,68.2,2.111135483871,-32.89,244.86,30.69,1,"	1795,1802" 
2015-03-02T21:00:00Z,"HVT",2015-04-01T20:00:00Z,Buy,23.89,24.05,9,1.44,5.5263178071534,-68.58,67.05,9.27,1,"	1796,1803" 
2015-03-02T21:00:00Z,"IDT",2015-04-01T20:00:00Z,Buy,21.85,18.98,19,-54.53,38.59254136657,-105.45,0,105.45,0,"	1797,1804" 
2015-03-02T21:00:00Z,"CRMT",2015-07-01T20:00:00Z,Buy,53.9,50.02,39,-151.32,41.89589139315,-1817.4,120.9,299.52,0,"	1794,1857" 
2015-03-02T21:00:00Z,"IDT",2015-09-01T20:00:00Z,Buy,21.85,15.05,83,-564.4,14.759217678228,-564.4,0,564.4,0,"	1797,1895" 
2015-03-02T21:00:00Z,"KLIC",2015-09-01T20:00:00Z,Buy,16.33,10.59,149,-855.26,21.360687834876,-943.17,0,943.17,0,"	1798,1896" 
2015-04-01T20:00:00Z,"ARLP",2015-05-01T20:00:00Z,Buy,32.99,34.2,9,10.89,2.0888154352378,-8.55,111.15,12.51,1,"	1807,1819" 
2015-04-01T20:00:00Z,"LSCC",2015-05-01T20:00:00Z,Buy,6.28,6.12,32,-5.12,2.3169716088328,-11.2,44.8,18.56,0,"	1813,1822" 
2015-04-01T20:00:00Z,"MYGN",2015-05-01T20:00:00Z,Buy,34.77,34.18,7,-4.13,2.0687542372881,-19.32,52.08,23.31,0,"	1814,1823" 
2015-04-01T20:00:00Z,"PPC",2015-05-01T20:00:00Z,Buy,23.76,25.44,16,26.88,2.1682868525896,-18.72,221.28,25.6,1,"	1815,1824" 
2015-04-01T20:00:00Z,"VDSI",2015-05-01T20:00:00Z,Buy,21.73,25.43,9,33.3,24.390059254679,-2.52,43.38,17.73,1,"	1817,1828" 
2015-04-01T20:00:00Z,"DV",2015-06-01T20:00:00Z,Buy,34,32.32,8,-13.44,2.0815347721823,-31.68,121.44,60.24,0,"	1810,1843" 
2015-04-01T20:00:00Z,"UEPS",2015-07-01T20:00:00Z,Buy,13.5,18.68,51,264.18,38.39656638775,-60.18,301.41,68.85,1,"	1816,1861" 
2015-04-01T20:00:00Z,"WDC",2015-08-03T20:00:00Z,Buy,92.35,85.85,4,-26,2.0405889462696,-235.68,87.72,100.36,0,"	1818,1881" 
2015-04-01T20:00:00Z,"BBY",2015-09-01T20:00:00Z,Buy,37.21,35.45,20,-35.2,13.104226647596,-158.8,30,188.8,0,"	1808,1894" 
2015-04-01T20:00:00Z,"KLIC",2015-09-01T20:00:00Z,Buy,15.67,10.59,17,-86.36,2.1704350607806,-96.39,11.22,101.49,0,"	1812,1896" 
2015-04-01T20:00:00Z,"VDSI",2015-11-02T21:00:00Z,Buy,21.73,19.32,41,-98.81,33.317019400286,-264.45,528.9,793.35,0,"	1817,1932" 
2015-05-01T20:00:00Z,"KSS",2015-06-01T20:00:00Z,Buy,73.09,64.67,6,-50.52,31.114757784841,-50.88,8.64,59.52,0,"	1833,1844" 
2015-05-01T20:00:00Z,"PLCE",2015-06-01T20:00:00Z,Buy,62.14,65.92,4,15.12,6.7669021134126,0,27.48,14.44,1,"	1835,1845" 
2015-05-01T20:00:00Z,"STMP",2015-06-01T20:00:00Z,Buy,62.01,68.56,5,32.75,6.4984391885501,-6.7,55.2,28.8,1,"	1838,1846" 
2015-05-01T20:00:00Z,"AMWD",2015-08-03T20:00:00Z,Buy,52.24,64.66,8,99.36,22.483741360379,-29.12,108.16,32.56,1,"	1831,1875" 
2015-05-01T20:00:00Z,"AMWD",2015-09-01T20:00:00Z,Buy,52.24,64.83,8,100.72,21.701502724548,-29.12,124.48,54.16,1,"	1831,1893" 
2015-05-01T20:00:00Z,"STMP",2015-09-01T20:00:00Z,Buy,62.01,79.54,9,157.77,31.013405595155,-12.06,236.16,102.24,1,"	1838,1899" 
2015-05-01T20:00:00Z,"SMCI",2015-10-01T20:00:00Z,Buy,29.28,26.61,49,-130.83,29.561850439643,-246.96,290.57,537.53,0,"	1837,1921" 
2015-05-01T20:00:00Z,"ABFS",2015-12-01T21:00:00Z,Buy,36.75,24.33,6,-74.52,3.009686613155,-76.02,63.48,77.88,0,"	1830,1944" 
2015-05-01T20:00:00Z,"AMWD",2015-12-01T21:00:00Z,Buy,52.24,84.96,8,261.76,2.0828776978417,-29.12,261.76,67.04,1,"	1831,1945" 
2015-05-01T20:00:00Z,"KSS",2015-12-01T21:00:00Z,Buy,73.09,47.22,8,-206.96,6.003788404629,-241.92,11.52,253.44,0,"	1833,1948" 
2015-05-01T20:00:00Z,"PLUS",2015-12-01T21:00:00Z,Buy,85.54,87.54,9,18,24.05073565819,-112.23,148.41,137.16,1,"	1834,1949" 
2015-05-01T20:00:00Z,"SCVL",2015-12-01T21:00:00Z,Buy,26.16,21.78,67,-293.46,2.6712830333206,-1014.38,241.87,771.84,0,"	1836,1950" 
2015-05-01T20:00:00Z,"STMP",2015-12-01T21:00:00Z,Buy,62.01,101.32,9,353.79,27.791351293047,-12.06,386.28,148.86,1,"	1838,1951" 
2015-05-01T20:00:00Z,"ZUMZ",2015-12-01T21:00:00Z,Buy,31.89,14.94,7,-118.65,2.0703973509934,-123.06,58.52,123.06,0,"	1839,1954" 
2015-06-01T20:00:00Z,"CRMT",2015-07-01T20:00:00Z,Buy,53.91,50.02,6.5000172499914,-25.29,4.227273369356,-302.97,20.09,32.05,0,"	1849,1857" 
2015-06-01T20:00:00Z,"DECK",2015-12-01T21:00:00Z,Buy,68.35,48.91,5,-97.2,2.0501467351431,-134.1,246.45,149.2,0,"	1851,1946" 
2015-06-01T20:00:00Z,"ZUMZ",2015-12-01T21:00:00Z,Buy,29.45,14.94,12,-174.12,4.3614771315696,-181.68,129.6,187.08,0,"	1856,1954" 
2015-07-01T20:00:00Z,"MPC",2015-08-03T20:00:00Z,Buy,53.77,53.2,7,-3.99,83.822207930071,-3.99,35.07,39.06,0,"	1871,1879" 
2015-07-01T20:00:00Z,"WDC",2015-08-03T20:00:00Z,Buy,79.44,85.85,5,32.05,2.0506503442999,-230.05,174.2,21.9,1,"	1874,1881" 
2015-07-01T20:00:00Z,"KLIC",2015-09-01T20:00:00Z,Buy,11.75,10.59,25,-29,2.250853970965,-43.75,114.5,45.75,0,"	1867,1896" 
2015-07-01T20:00:00Z,"LHCG",2015-09-01T20:00:00Z,Buy,37.53,44.25,9,60.48,15.898502886253,-5.22,122.31,73.17,1,"	1869,1897" 
2015-07-01T20:00:00Z,"RSC",2015-09-01T20:00:00Z,Buy,63.02,50.24,4,-51.12,2.0396103079824,-76.68,177.28,85.68,0,"	1872,1898" 
2015-07-01T20:00:00Z,"INTC",2015-10-01T20:00:00Z,Buy,30.18,30,8,-1.44,2.0793688362919,-34.48,59.92,37.52,0,"	1866,1916" 
2015-07-01T20:00:00Z,"ABFS",2015-12-01T21:00:00Z,Buy,32.22,24.33,9,-71.01,3.9227779187717,-73.26,135.99,91.17,0,"	1863,1944" 
2015-08-03T20:00:00Z,"KLIC",2015-09-01T20:00:00Z,Buy,10.09,10.59,22,11,4.5677399193794,-1.98,137.28,12.76,1,"	1885,1896" 
2015-08-03T20:00:00Z,"RSC",2015-09-01T20:00:00Z,Buy,50.43,50.24,6,-1.14,2.0585941130906,-39.48,341.46,55.08,0,"	1887,1898" 
2015-08-03T20:00:00Z,"CALM",2015-10-01T20:00:00Z,Buy,55.11,56.47,4,5.44,6.0984266790277,-80.68,19,37.56,1,"	1882,1915" 
2015-08-03T20:00:00Z,"INTC",2015-10-01T20:00:00Z,Buy,29.05,30,8,7.6,3.0209691859013,-25.44,68.96,30.16,1,"	1884,1916" 
2015-08-03T20:00:00Z,"SMCI",2015-10-01T20:00:00Z,Buy,26.61,26.61,11,0,2.1097525309336,-26.07,94.6,40.37,0,"	1889,1921" 
2015-09-01T20:00:00Z,"NPK",2015-10-01T20:00:00Z,Buy,79.41,86.1,3,20.07,71.41011085639,0,25.62,11.07,1,"	1908,1919" 
2015-09-01T20:00:00Z,"VDSI",2015-11-02T21:00:00Z,Buy,15.69,19.32,19,68.97,10.088348315824,-7.79,359.86,41.42,1,"	1913,1932" 
2015-09-01T20:00:00Z,"ABFS",2015-12-01T21:00:00Z,Buy,27.61,24.33,8,-26.24,4.3887497329056,-28.24,157.76,43.12,0,"	1902,1944" 
2015-09-01T20:00:00Z,"DECK",2015-12-01T21:00:00Z,Buy,62.17,48.91,4.9999785799824,-66.3,2.0482761298338,-103.2,277.35,91.9,0,"	1904,1946" 
2015-09-01T20:00:00Z,"ZUMZ",2015-12-01T21:00:00Z,Buy,23.26,14.94,10,-83.2,5.509795498977,-89.5,169.9,90.3,0,"	1914,1954" 
2015-10-01T20:00:00Z,"OTL",2015-11-02T21:00:00Z,Buy,47.99,55.22,7,50.61,27.671823801908,0,50.75,20.37,1,"	1923,1930" 
2015-10-01T20:00:00Z,"SYKE",2015-11-02T21:00:00Z,Buy,25.38,28.48,11,34.1,17.570399114223,0,49.39,15.29,1,"	1924,1931" 
2015-10-01T20:00:00Z,"SYKE",2015-12-01T21:00:00Z,Buy,25.38,31.83,15,96.75,6.9738700626861,0,96.75,23.1,1,"	1924,1952" 
2015-11-02T21:00:00Z,"SCVL",2015-12-01T21:00:00Z,Buy,22.63,21.78,16.000025499987,-13.6,7.2365146480949,-185.76,114.24,77.44,0,"	1939,1950" 
