Entry Time,Symbols,Exit Time,Direction,Entry Price,Exit Price,Quantity,P&L,Fees,MAE,MFE,Drawdown,IsWin,Order Ids
2003-02-03T21:00:00Z,"DTE",2003-04-01T21:00:00Z,Buy,42.45,39.04,7,-23.87,4.2902526649611,-26.46,0,26.46,0,"	8,63" 
2003-02-03T21:00:00Z,"EDEL",2003-04-01T21:00:00Z,Buy,11.79,10.36,24,-34.32,16.216921761232,-44.16,0,44.16,0,"	11,64" 
2003-02-03T21:00:00Z,"RBIN",2003-04-01T21:00:00Z,Buy,9.31,9.7,30,11.7,7.2215435520945,-9.6,25.2,15.3,1,"	35,65" 
2003-02-03T21:00:00Z,"AAON",2003-05-01T20:00:00Z,Buy,16.18,13.73,13,-31.85,10.055204923813,-48.1,4.81,52.91,0,"	1,69" 
2003-02-03T21:00:00Z,"BMI",2003-05-01T20:00:00Z,Buy,31.63,28.5,8,-25.04,8.0841245713294,-32.56,16.88,49.44,0,"	4,70" 
2003-02-03T21:00:00Z,"NEOG",2003-05-01T20:00:00Z,Buy,15.03,16.77,14,24.36,8.9916982200285,-43.4,24.36,49.28,1,"	28,71" 
2003-02-03T21:00:00Z,"OXM",2003-05-01T20:00:00Z,Buy,24.02,36.26,9,110.16,5.7075017874002,-17.01,110.16,17.01,1,"	31,72" 
2003-02-03T21:00:00Z,"SHEN",2003-05-01T20:00:00Z,Buy,40.1,46,5,29.5,7.657450634432,-64.15,29.5,64.15,1,"	42,73" 
2003-02-03T21:00:00Z,"BIO",2003-06-02T20:00:00Z,Buy,35.48,58.36,5,114.4,5.5643658437129,-9.9,119.85,20.05,1,"	3,79" 
2003-02-03T21:00:00Z,"CW",2003-07-01T20:00:00Z,Buy,54.06,63.5,5,47.2,9.2269266948491,-5.25,52.95,43.9,1,"	7,86" 
2003-02-03T21:00:00Z,"PDCO",2003-07-01T20:00:00Z,Buy,41.7,45.43,6,22.38,10.006191272905,-36.48,28.8,65.28,1,"	32,87" 
2003-02-03T21:00:00Z,"SCHN",2003-07-01T20:00:00Z,Buy,21.52,43.16,8,173.12,6.8185030524407,-2.56,205.84,41.2,1,"	40,89" 
2003-02-03T21:00:00Z,"SGC",2003-08-01T20:00:00Z,Buy,12.1,13.95,17,31.45,8.1243875453844,-32.3,40.63,32.3,1,"	41,93" 
2003-02-03T21:00:00Z,"AVD",2003-09-02T20:00:00Z,Buy,14.199970464121,27.95,14,192.5,6.9375363605575,-6.53,192.5,39.9,1,"	2,99" 
2003-02-03T21:00:00Z,"HUBB",2003-09-02T20:00:00Z,Buy,32.22,40.28,10,80.6,4.2027558016011,-37.3,80.6,37.3,1,"	22,101" 
2003-02-03T21:00:00Z,"RAVN",2003-09-02T20:00:00Z,Buy,15.68,26.45,11,118.47,5.1939762825943,0,124.52,33.99,1,"	34,103" 
2003-02-03T21:00:00Z,"LAWS",2003-10-01T20:00:00Z,Buy,27.16,27.47,11,3.41,9.801150947989,-45.32,29.81,57.86,1,"	25,109" 
2003-02-03T21:00:00Z,"NSSC",2003-10-01T20:00:00Z,Buy,9.68,8.82,30,-25.8,11.075695963668,-51.3,2.1,52.5,0,"	30,110" 
2003-02-03T21:00:00Z,"SXI",2003-10-01T20:00:00Z,Buy,21.67,24.43,12,33.12,5.9434364138838,-34.44,33.84,34.44,1,"	46,112" 
2003-02-03T21:00:00Z,"EASI",2003-11-03T21:00:00Z,Buy,24.293297986551,47.17,3,68.63,5.4339280279409,-8.7,68.63,12,1,"	9,120" 
2003-02-03T21:00:00Z,"FLXS",2003-11-03T21:00:00Z,Buy,15.4,19.5,18,73.8,14.176713551786,-41.4,88.92,52.56,1,"	18,121" 
2003-02-03T21:00:00Z,"LANC",2003-11-03T21:00:00Z,Buy,38.65,40.46,7,12.67,5.8410746499944,-22.26,28.98,35.91,1,"	24,123" 
2003-02-03T21:00:00Z,"MIDD",2003-11-03T21:00:00Z,Buy,11.3,27.69,13,213.07,17.014247058886,-13.13,213.07,55.64,1,"	26,124" 
2003-02-03T21:00:00Z,"NHC",2003-11-03T21:00:00Z,Buy,17.4,20.4,13,39,7.3080400147646,-41.6,48.36,89.96,1,"	29,125" 
2003-02-03T21:00:00Z,"SCHN",2003-12-01T21:00:00Z,Buy,10.759984828408,50.23,5,197.35,2.046320545924,-0.8,217.3,30.9,1,"	40,135" 
2003-02-03T21:00:00Z,"UTMD",2003-12-01T21:00:00Z,Buy,17.66,22.56,20,98,11.825041915315,-3.2,147.4,66.6,1,"	48,136" 
2003-02-03T21:00:00Z,"CTR",2004-01-02T21:00:00Z,Buy,17.85,20.29,12,29.28,9.4559922415078,-16.92,86.76,74.76,1,"	5,144" 
2003-02-03T21:00:00Z,"CNXS",2004-01-02T21:00:00Z,Buy,6.57,14,15,111.45,11.276558311492,-10.5,111.45,18.45,1,"	6,145" 
2003-02-03T21:00:00Z,"ESE",2004-01-02T21:00:00Z,Buy,34.5,44,8,76,4.8479213298808,-28.96,115.44,71.52,1,"	14,146" 
2003-02-03T21:00:00Z,"RVFD",2004-01-02T21:00:00Z,Buy,24.95,27.7,13,35.75,14.002474834878,-36.53,67.86,55.51,1,"	39,150" 
2003-02-03T21:00:00Z,"EDUC",2004-03-01T21:00:00Z,Buy,9.2,10.61,25,35.25,13.174508768435,-6.25,109.5,86.25,1,"	12,167" 
2003-02-03T21:00:00Z,"EGN",2004-03-01T21:00:00Z,Buy,29.99,41.99,11,132,7.450629823387,-15.51,159.83,34.65,1,"	13,168" 
2003-02-03T21:00:00Z,"NEB",2004-03-01T21:00:00Z,Buy,21.96,32.04,12,120.96,9.3855556508849,-11.28,120.96,63.6,1,"	27,169" 
2003-02-03T21:00:00Z,"UGI",2004-03-01T21:00:00Z,Buy,27.233334558834,32.96,11.99999946,68.72,10.110917433004,-7.2,91.4,71.04,1,"	47,170" 
2003-02-03T21:00:00Z,"AVD",2004-04-01T21:00:00Z,Buy,14.199970464121,49.6,5,177,2.0527659574468,-2.33,177,58.75,1,"	2,178" 
2003-02-03T21:00:00Z,"FIZ",2004-04-01T21:00:00Z,Buy,7.6350091620037,9.45,49,88.93,6.1355069553419,-36.02,174.69,85.75,1,"	17,182" 
2003-02-03T21:00:00Z,"SGC",2004-04-01T21:00:00Z,Buy,12.1,16.39,19,81.51,3.9623280507959,-36.1,91.2,47.5,1,"	41,185" 
2003-02-03T21:00:00Z,"SHOO",2004-04-01T21:00:00Z,Buy,16.99,19.88,15,43.35,7.6710495971957,-29.4,89.7,73.05,1,"	43,186" 
2003-02-03T21:00:00Z,"HCSG",2004-05-03T20:00:00Z,Buy,8.4866809879295,15.99,26,195.09,4.4401200688113,-25.83,221.35,36.57,1,"	20,201" 
2003-02-03T21:00:00Z,"ZBRA",2004-05-03T20:00:00Z,Buy,38.133277849361,74.39,6,217.54,10.10873161843,-7.2,226.36,47.16,1,"	51,203" 
2003-02-03T21:00:00Z,"BIO",2004-06-01T20:00:00Z,Buy,35.48,56.71,2,42.46,2.8439441864296,-3.96,53.74,26.88,1,"	3,210" 
2003-02-03T21:00:00Z,"MIDD",2004-06-01T20:00:00Z,Buy,11.3,63,4,206.8,6.3839774659096,-4.04,206.8,33.72,1,"	26,213" 
2003-02-03T21:00:00Z,"POG",2004-06-01T20:00:00Z,Buy,12.716,26.77,8,112.43,6.1142878781144,0,137.63,35.36,1,"	33,214" 
2003-02-03T21:00:00Z,"OXM",2004-07-01T20:00:00Z,Buy,12.01,42.2,6,181.14,4.3169062786365,-5.67,209.04,67.62,1,"	31,220" 
2003-02-03T21:00:00Z,"HSIC",2004-08-02T20:00:00Z,Buy,40.42,67,6,159.48,6.2170923864628,-32.7,232.68,110.64,1,"	21,228" 
2003-02-03T21:00:00Z,"EASI",2004-10-01T20:00:00Z,Buy,24.293297986551,46.38,6,132.52,4.7127237047249,-17.4,217.24,117.78,1,"	9,247" 
2003-02-03T21:00:00Z,"EBF",2004-10-01T20:00:00Z,Buy,11.31,21.64,10,103.3,10.304755713396,-2.5,106.7,28.3,1,"	10,248" 
2003-02-03T21:00:00Z,"POG",2004-10-01T20:00:00Z,Buy,12.716,30.14,14,243.94,5.1138453993043,0,258.22,85.12,1,"	33,249" 
2003-02-03T21:00:00Z,"OXM",2004-11-01T21:00:00Z,Buy,12.01,37.29,6,151.68,2.7323168598158,-5.67,209.04,67.62,1,"	31,267" 
2003-02-03T21:00:00Z,"RAVN",2004-11-01T21:00:00Z,Buy,7.84,22.25,9,129.69,2.0887632978723,0,138.78,31.32,1,"	34,268" 
2003-02-03T21:00:00Z,"SCHN",2004-12-01T21:00:00Z,Buy,7.1733268056,35.7,4,114.11,3.3246613182978,-0.43,139.81,76.71,1,"	40,281" 
2003-02-03T21:00:00Z,"RCI",2005-01-03T21:00:00Z,Buy,19.47334307,35.86,19,311.35,7.1272262717967,-14.19,315.91,82.21,1,"	36,290" 
2003-02-03T21:00:00Z,"SRT",2005-01-03T21:00:00Z,Buy,27.11,27.8,8,5.52,10.168279297169,-42.08,127.84,125.6,1,"	44,291" 
2003-02-03T21:00:00Z,"EBF",2005-02-01T21:00:00Z,Buy,11.31,17.33,13,78.26,2.1316715371128,-3.25,138.71,66.69,1,"	10,301" 
2003-02-03T21:00:00Z,"AVD",2005-04-01T21:00:00Z,Buy,9.4666603555724,42.26,8,262.35,7.1997037912626,-2.49,287.31,108.48,1,"	2,319" 
2003-02-03T21:00:00Z,"MIDD",2005-04-01T21:00:00Z,Buy,11.3,49.02,3,113.16,4.9381399684788,-3.03,155.1,51.54,1,"	26,321" 
2003-02-03T21:00:00Z,"RCII",2005-04-01T21:00:00Z,Buy,20.944,26.95,10,60.06,7.1057220362603,-25.88,136.56,111.3,1,"	37,325" 
2003-02-03T21:00:00Z,"WSO",2005-04-01T21:00:00Z,Buy,15.9,42.12,6,157.32,9.716721275654,-17.76,158.04,29.1,1,"	50,327" 
2003-02-03T21:00:00Z,"HCSG",2005-05-02T20:00:00Z,Buy,8.4866809879295,25.34,0.99995443753594,16.85,2.1102610759494,-0.99,16.86,3.32,1,"	20,340" 
2003-02-03T21:00:00Z,"SSD",2005-05-02T20:00:00Z,Buy,17.625,26.94,16,149.04,6.1598834679562,-36,322.8,173.76,1,"	45,343" 
2003-02-03T21:00:00Z,"FIZ",2005-06-01T20:00:00Z,Buy,7.6350091620037,8.18,4.9999352000518,2.72,2.6484146341463,-3.67,17.82,20.55,1,"	17,353" 
2003-02-03T21:00:00Z,"IDXX",2005-06-01T20:00:00Z,Buy,34.84,57.87,7,161.21,7.3230803725802,-11.76,230.37,151.34,1,"	23,355" 
2003-02-03T21:00:00Z,"CNXS",2005-07-01T20:00:00Z,Buy,6.57,23,9,147.87,4.1778581519041,-6.3,148.68,46.89,1,"	6,368" 
2003-02-03T21:00:00Z,"FAF",2005-07-01T20:00:00Z,Buy,22.76,40.55,5,88.95,5.11441971978,-5.15,92.7,36.9,1,"	15,370" 
2003-02-03T21:00:00Z,"RIMG",2005-08-01T20:00:00Z,Buy,8.32,25.13,13,218.53,4.3932002718447,0,226.33,66.04,1,"	38,382" 
2003-02-03T21:00:00Z,"GCI",2005-10-03T20:00:00Z,Buy,72.01,68.57,4,-13.76,8.3019244485697,-22.72,75.64,98.36,0,"	19,413" 
2003-02-03T21:00:00Z,"WSO",2005-11-01T21:00:00Z,Buy,15.9,57.45,4,166.2,3.7963475615085,-11.84,166.2,21.44,1,"	50,427" 
2003-02-03T21:00:00Z,"EXPO",2006-08-01T20:00:00Z,Buy,7.27,15.34,19,153.33,14.411021900536,-15.58,195.32,62.6,1,"	16,535" 
2003-02-03T21:00:00Z,"RIMG",2006-08-01T20:00:00Z,Buy,8.32,23.92,13,202.8,2.127704312115,0,325.39,202.67,1,"	38,540" 
2003-02-03T21:00:00Z,"CNXS",2006-09-01T20:00:00Z,Buy,6.57,28.1,13,279.89,9.5206009336505,-9.1,307.19,132.47,1,"	6,548" 
2003-02-03T21:00:00Z,"WSO",2006-09-01T20:00:00Z,Buy,15.9,43.58,8,221.44,5.4104797366673,-23.68,452,241.68,1,"	50,555" 
2003-02-03T21:00:00Z,"RAVN",2006-10-02T20:00:00Z,Buy,7.84,28.97,13,274.69,2.125494835055,0,442,196.17,1,"	34,572" 
2003-02-03T21:00:00Z,"SCHN",2006-11-01T21:00:00Z,Buy,7.1733268056,34.9,0.50001467000806,13.86,2.1197940503432,-0.05,17.48,9.59,1,"	40,586" 
2003-02-03T21:00:00Z,"FAF",2006-12-01T21:00:00Z,Buy,22.76,38.63,10,158.7,2.2104357976654,-10.3,263.2,129.8,1,"	15,595" 
2003-02-03T21:00:00Z,"WMK",2006-12-01T21:00:00Z,Buy,31.15,39.89,10,87.4,8.2522428057175,-32.1,150.1,80,1,"	49,603" 
2003-02-03T21:00:00Z,"EXPO",2007-09-04T20:00:00Z,Buy,7.27,24.86,12,211.08,11.398612948789,-9.84,216.48,44.76,1,"	16,752" 
2003-02-03T21:00:00Z,"EXPO",2008-05-01T20:00:00Z,Buy,7.27,34.07,5,134,2.0605868405453,-4.1,148.75,19.3,1,"	16,888" 
2003-02-03T21:00:00Z,"ZBRA",2013-12-02T21:00:00Z,Buy,38.133277849361,52.19,8.730008337158E-6,0,3.8588808089008,0,0,0,0,"	51,1961" 
2003-03-03T21:00:00Z,"CCF",2003-04-01T21:00:00Z,Buy,9.7,9.9,33,6.6,9.4518183206534,-10.56,6.6,15.51,1,"	55,62" 
2003-03-03T21:00:00Z,"KOSS",2003-06-02T20:00:00Z,Buy,18.94,15.7,12,-38.88,12.15476532981,-47.28,6.72,54,0,"	60,80" 
2003-03-03T21:00:00Z,"QSII",2003-09-02T20:00:00Z,Buy,24.5,43.52,5,95.1,4.8097944970199,-14.25,98.05,50.15,1,"	61,102" 
2003-03-03T21:00:00Z,"JBSS",2003-11-03T21:00:00Z,Buy,13.5,36.94,12,281.28,4.2914540499721,-12,281.28,82.8,1,"	59,122" 
2003-03-03T21:00:00Z,"ANK",2003-12-01T21:00:00Z,Buy,17.35,27,21,202.65,4.4227579737336,-11.13,202.65,72.45,1,"	52,131" 
2003-03-03T21:00:00Z,"HWKN",2003-12-01T21:00:00Z,Buy,9.1,13.09,26,103.74,13.212834201786,-5.2,124.28,32.76,1,"	58,133" 
2003-03-03T21:00:00Z,"APA",2004-03-01T21:00:00Z,Buy,31.2952068,42.22,8,87.4,6.3218663730925,-22.68,91.32,43.76,1,"	53,166" 
2003-03-03T21:00:00Z,"APU",2004-08-02T20:00:00Z,Buy,24.33,27.49,16,50.56,9.1896853805021,-16.16,89.92,75.52,1,"	54,226" 
2003-03-03T21:00:00Z,"GISX",2004-11-01T21:00:00Z,Buy,18.54,34.96,12,197.04,10.13036623999,-8.16,234.96,137.52,1,"	57,264" 
2003-03-03T21:00:00Z,"JBSS",2004-11-01T21:00:00Z,Buy,13.5,18.53,4,20.12,4.2154954336669,-4,165.6,157.4,1,"	59,266" 
2003-03-03T21:00:00Z,"QSII",2005-02-01T21:00:00Z,Buy,24.5,68.94,3,133.32,2.0304236540159,-8.55,133.32,60.78,1,"	61,303" 
2003-03-03T21:00:00Z,"GDT",2005-07-01T20:00:00Z,Buy,35.34,65.71,3,91.11,5.9016914235728,-5.52,118.95,66.36,1,"	56,371" 
2003-03-03T21:00:00Z,"GDT",2006-02-01T21:00:00Z,Buy,35.34,73.85,3,115.53,2.030105992662,-5.52,124.08,66.36,1,"	56,451" 
2003-03-03T21:00:00Z,"APA",2009-04-01T20:00:00Z,Buy,31.2952068,66.05,0.4000084000084,13.9,7.4903947549943,-1.13,45.01,36.98,1,"	53,1073" 
2003-04-01T21:00:00Z,"RGCO",2003-07-01T20:00:00Z,Buy,19.54,23.69,10,41.5,9.9271652997469,-1.6,55.8,21.2,1,"	67,88" 
2003-04-01T21:00:00Z,"RGCO",2003-10-01T20:00:00Z,Buy,19.54,22.93,15,50.85,4.8163197092694,-2.4,83.7,38.55,1,"	67,111" 
2003-04-01T21:00:00Z,"TTC",2005-06-01T20:00:00Z,Buy,17.5175,43.18,6,153.98,7.9700114404761,0,185.84,32.76,1,"	68,359" 
2003-04-01T21:00:00Z,"COO",2005-07-01T20:00:00Z,Buy,30.2,61.08,7,216.16,6.9734854376282,-23.31,376.53,177.03,1,"	66,369" 
2003-04-01T21:00:00Z,"TTC",2006-01-03T21:00:00Z,Buy,17.5175,44.38,10,268.62,4.6804059048895,0,309.72,131.6,1,"	68,444" 
2003-05-01T20:00:00Z,"RBIN",2003-08-01T20:00:00Z,Buy,10.41,12.98,31,79.67,6.839787854452,-14.26,83.39,23.25,1,"	78,92" 
2003-05-01T20:00:00Z,"CAI",2003-09-02T20:00:00Z,Buy,34.52,45.5,6,65.88,6.9122360301006,-27.12,65.88,29.82,1,"	75,100" 
2003-05-01T20:00:00Z,"LG",2003-12-01T21:00:00Z,Buy,24.14,29.56,16,86.72,12.827802357147,-2.24,86.72,50.72,1,"	76,134" 
2003-05-01T20:00:00Z,"AXE",2005-08-01T20:00:00Z,Buy,22.5,41.34,6,113.04,10.803960886642,-8.82,117.12,45.6,1,"	74,379" 
2003-05-01T20:00:00Z,"MDU",2005-09-01T20:00:00Z,Buy,19.726638263002,32.41,7,88.78,5.0423121779248,0,88.78,17.59,1,"	77,395" 
2003-05-01T20:00:00Z,"AXE",2006-04-03T20:00:00Z,Buy,22.5,47.29,4,99.16,2.1785651353052,-5.88,100.68,30.4,1,"	74,473" 
2003-05-01T20:00:00Z,"MDU",2007-04-02T20:00:00Z,Buy,13.151098919577,29.07,8,127.35,2.0809185803758,0,127.35,27.89,1,"	77,658" 
2003-05-01T20:00:00Z,"MDU",2008-07-01T20:00:00Z,Buy,13.151098919577,34.89,6.250028328812,135.87,4.4030969326776,0,135.87,43.13,1,"	77,941" 
2003-06-02T20:00:00Z,"NJR",2004-02-02T21:00:00Z,Buy,35.45,38.78,12,39.96,7.6489763364147,-18,45.24,32.88,1,"	83,158" 
2003-06-02T20:00:00Z,"PRGS",2004-04-01T21:00:00Z,Buy,21.37,24.35,11,32.78,9.9543296885061,-26.95,32.78,50.16,1,"	84,183" 
2003-06-02T20:00:00Z,"MHO",2004-06-01T20:00:00Z,Buy,40.48,42.17,6,10.14,8.8936079221941,-26.58,42.96,55.08,1,"	81,212" 
2003-06-02T20:00:00Z,"WEG",2004-07-01T20:00:00Z,Buy,44.31,51.7,7,51.73,4.1824058039216,-13.16,78.33,60.13,1,"	85,222" 
2003-06-02T20:00:00Z,"MMSI",2004-08-02T20:00:00Z,Buy,10.687618275,16.38,18,102.46,4.2875801859377,-1.52,257.44,210.24,1,"	82,229" 
2003-06-02T20:00:00Z,"MMSI",2006-01-03T21:00:00Z,Buy,10.687618275,12.43,1.5553391431357,2.71,2.3071663920923,-0.13,22.25,20.36,1,"	82,443" 
2003-07-01T20:00:00Z,"PETD",2004-01-02T21:00:00Z,Buy,9.16,23.1,22,306.68,11.744553227445,-11.66,349.58,42.9,1,"	91,149" 
2003-07-01T20:00:00Z,"CPK",2004-08-02T20:00:00Z,Buy,21.34,23.55,21,46.41,7.0963034401702,-15.96,107.52,123.48,1,"	90,227" 
2003-07-01T20:00:00Z,"PETD",2005-04-01T21:00:00Z,Buy,9.16,37.34,8,225.44,4.2024387029291,-4.24,314.88,127.2,1,"	91,324" 
2003-08-01T20:00:00Z,"CRMT",2003-10-01T20:00:00Z,Buy,19.22,31.34,7,84.84,7.9321574011926,0,84.84,6.3,1,"	95,108" 
2003-08-01T20:00:00Z,"HOC",2003-12-01T21:00:00Z,Buy,27.8,27,8,-6.4,4.4203162030829,-28.16,3.68,31.84,0,"	96,132" 
2003-08-01T20:00:00Z,"SAFM",2004-02-02T21:00:00Z,Buy,29.61,49.82,5,101.05,5.0058276637426,-6.25,101.05,22.2,1,"	98,161" 
2003-08-01T20:00:00Z,"AIT",2004-05-03T20:00:00Z,Buy,22.15,25.95,12,45.6,9.1728597429548,-27.48,56.76,72.48,1,"	94,200" 
2003-08-01T20:00:00Z,"CRMT",2004-10-01T20:00:00Z,Buy,19.22,34,7,103.46,3.2456624063043,0,127.12,86.31,1,"	95,246" 
2003-08-01T20:00:00Z,"PNM",2005-06-01T20:00:00Z,Buy,17.70667552,29.5,7,82.55,4.2201807646156,-3.73,82.55,15.4,1,"	97,356" 
2003-08-01T20:00:00Z,"SAFM",2005-07-01T20:00:00Z,Buy,19.74000987,45.97,7,183.61,2.0708164612676,-5.83,246.82,165.2,1,"	98,373" 
2003-08-01T20:00:00Z,"PNM",2005-09-01T20:00:00Z,Buy,17.70667552,29.61,15.499988750006,184.5,2.2501689760054,-8.27,194.89,34.1,1,"	97,398" 
2003-08-01T20:00:00Z,"SAFM",2010-12-01T21:00:00Z,Buy,19.74000987,41.86,0.49999625000187,11.06,2.8511983780252,-0.42,17.63,11.8,1,"	98,1387" 
2003-09-02T20:00:00Z,"WEYS",2004-03-01T21:00:00Z,Buy,31.999968,36.5,7,31.5,11.610821747145,-29.96,44.38,74.34,1,"	107,171" 
2003-09-02T20:00:00Z,"GFF",2005-01-03T21:00:00Z,Buy,19.15,26.79,8,61.12,9.0259199585849,-11.2,63.36,28.88,1,"	104,286" 
2003-09-02T20:00:00Z,"RSC",2005-04-01T21:00:00Z,Buy,14.15,14,18,-2.7,4.5076595744681,-52.2,73.44,99.9,0,"	106,326" 
2003-09-02T20:00:00Z,"GFF",2005-05-02T20:00:00Z,Buy,19.15,18.99,10,-1.6,4.5653834411515,-14,83.9,85.5,0,"	104,339" 
2003-09-02T20:00:00Z,"ODP",2005-08-01T20:00:00Z,Buy,17.9,27.96,9,90.54,4.216268754077,-36.45,95.67,47.88,1,"	105,381" 
2003-09-02T20:00:00Z,"WEYS",2005-08-01T20:00:00Z,Buy,31.999968,23.6,0.5000075000075,-4.2,2.88192944301,-6.93,3.17,10.1,0,"	107,383" 
2003-09-02T20:00:00Z,"ODP",2008-03-03T21:00:00Z,Buy,17.9,11.08,4,-27.28,5.801722156915,-27.28,106.52,133.8,0,"	105,851" 
2003-10-01T20:00:00Z,"HUBG",2004-01-02T21:00:00Z,Buy,10.86,21.42,10,105.6,4.2888380682787,0,111.4,12.9,1,"	117,147" 
2003-10-01T20:00:00Z,"MAIR",2004-01-02T21:00:00Z,Buy,6.9,7.71,30,24.3,11.464862776163,-21,28.2,32.1,1,"	118,148" 
2003-10-01T20:00:00Z,"UGI",2004-03-01T21:00:00Z,Buy,29.25,32.96,6.0000005400005,22.26,2.0707742827515,-15.7,33.6,14.64,1,"	119,170" 
2003-10-01T20:00:00Z,"CRK",2004-06-01T20:00:00Z,Buy,13.67,19.42,20,115,15.067493114172,0,199.8,113.4,1,"	115,211" 
2003-10-01T20:00:00Z,"BWS",2004-10-01T20:00:00Z,Buy,32.8,25.14,7,-53.62,5.657027866167,-58.66,63.91,122.57,0,"	113,245" 
2003-10-01T20:00:00Z,"HUBG",2005-01-03T21:00:00Z,Buy,10.86,50.7,5,199.2,2.0486284289277,0,216.95,62.25,1,"	117,287" 
2003-10-01T20:00:00Z,"UGI",2005-05-02T20:00:00Z,Buy,29.25,51.35,0.99999945999953,22.1,2.0408756218905,-2.62,22.1,2.44,1,"	119,344" 
2003-10-01T20:00:00Z,"BLS",2006-04-03T20:00:00Z,Buy,24.33,34.69,13,134.68,11.637460051522,-9.62,137.93,79.82,1,"	114,475" 
2003-10-01T20:00:00Z,"GCI",2007-05-01T20:00:00Z,Buy,78.02,58.16,3,-59.58,11.153270230322,-79.08,38.7,117.78,0,"	116,678" 
2003-10-01T20:00:00Z,"HUBG",2007-05-01T20:00:00Z,Buy,2.715,36.06,6,200.07,2.0601,0,203.31,29.91,1,"	117,680" 
2003-10-01T20:00:00Z,"HUBG",2007-12-03T21:00:00Z,Buy,2.715,25.95,10,232.35,2.169152607362,0,362.45,152.7,1,"	117,796" 
2003-11-03T21:00:00Z,"ANF",2004-02-02T21:00:00Z,Buy,28.7,26.53,8,-17.36,5.7305103678688,-41.68,8.64,50.32,0,"	126,157" 
2003-11-03T21:00:00Z,"ODC",2004-02-02T21:00:00Z,Buy,14.52,16.78,27,61.02,4.5390644168454,-5.4,69.39,28.35,1,"	129,159" 
2003-11-03T21:00:00Z,"OFIX",2004-02-02T21:00:00Z,Buy,36.84,50.76,4,55.68,5.1883090468158,-2.36,67.36,13.32,1,"	130,160" 
2003-11-03T21:00:00Z,"MMS",2004-09-01T20:00:00Z,Buy,35.89,29.43,8,-51.68,9.0632751374235,-63.12,41.2,104.32,0,"	128,234" 
2003-11-03T21:00:00Z,"OFIX",2004-09-01T20:00:00Z,Buy,36.84,34.59,6,-13.5,6.1262991160013,-45.12,101.04,146.16,0,"	130,236" 
2003-11-03T21:00:00Z,"MDU",2008-07-01T20:00:00Z,Buy,15.33334119669,34.89,3.749971671188,73.34,6.148599291914,-8.18,73.34,25.87,1,"	127,941" 
2003-11-03T21:00:00Z,"MDU",2009-06-01T20:00:00Z,Buy,15.33334119669,19.61,9.750021405643,41.7,2.2445932754881,-22.56,190.68,213.23,1,"	127,1120" 
2003-12-01T21:00:00Z,"PTMK",2004-04-01T21:00:00Z,Buy,7.53,8.39,29,24.94,7.5952124599568,-15.95,29,25.23,1,"	142,184" 
2003-12-01T21:00:00Z,"BIO",2004-06-01T20:00:00Z,Buy,51.75,56.71,4,19.84,3.5617192385651,-73,42.4,41.84,1,"	139,210" 
2003-12-01T21:00:00Z,"APU",2004-08-02T20:00:00Z,Buy,27.12,27.49,10,3.7,3.6894511271158,-38,28.3,47.2,1,"	137,226" 
2003-12-01T21:00:00Z,"RBIN",2004-09-01T20:00:00Z,Buy,14.09,19.96,23,135.01,14.637410565233,-0.23,145.13,34.5,1,"	143,237" 
2003-12-01T21:00:00Z,"B",2004-11-01T21:00:00Z,Buy,32.01,26.65,15,-80.4,6.7599075398464,-111,27.6,138.6,0,"	138,261" 
2003-12-01T21:00:00Z,"FIZ",2005-06-01T20:00:00Z,Buy,7.6200091440037,8.18,31.999961600031,17.92,3.8255743018164,-23.04,114.56,131.52,1,"	140,353" 
2003-12-01T21:00:00Z,"PDX",2006-03-01T21:00:00Z,Buy,54.82,95.76,3,122.82,5.6851379829262,-6.51,122.82,57,1,"	141,464" 
2003-12-01T21:00:00Z,"PDX",2006-12-01T21:00:00Z,Buy,27.41,48.55,2,42.28,3.0572440943023,-2.17,49.82,20.92,1,"	141,601" 
2004-01-02T21:00:00Z,"ATRI",2004-04-01T21:00:00Z,Buy,45.49,42.18,5,-16.55,9.6157000268973,-34.9,6.65,41.55,0,"	151,180" 
2004-01-02T21:00:00Z,"BKH",2004-04-01T21:00:00Z,Buy,29.87,32.08,12,26.52,7.8842962773521,-6.48,26.52,17.76,1,"	152,181" 
2004-01-02T21:00:00Z,"NUS",2004-05-03T20:00:00Z,Buy,17.2,24.46,9,65.34,5.9643870742199,-4.5,74.97,23.13,1,"	155,202" 
2004-01-02T21:00:00Z,"CRAI",2004-07-01T20:00:00Z,Buy,31.21,31.32,8,0.88,9.6320998518674,-19.44,52.4,71.84,1,"	153,219" 
2004-01-02T21:00:00Z,"TTWO",2004-10-01T20:00:00Z,Buy,29.17,34.81,7,39.48,10.127494434714,-8.19,55.93,64.12,1,"	156,250" 
2004-01-02T21:00:00Z,"NUS",2005-05-02T20:00:00Z,Buy,17.2,22.11,11,54.01,4.7831841594789,-7.59,115.83,123.42,1,"	155,341" 
2004-01-02T21:00:00Z,"MTSC",2005-08-01T20:00:00Z,Buy,19.35,39.79,6,122.64,10.423505415908,0,122.64,65.16,1,"	154,380" 
2004-01-02T21:00:00Z,"MTSC",2006-04-03T20:00:00Z,Buy,19.35,41.33,8,175.84,7.3115850044055,0,187.68,99.84,1,"	154,478" 
2004-02-02T21:00:00Z,"WEG",2004-07-01T20:00:00Z,Buy,51.71,51.7,4,-0.04,2.4259883415174,-37.12,15.16,34.36,0,"	165,222" 
2004-02-02T21:00:00Z,"PNM",2005-09-01T20:00:00Z,Buy,20.04001002,29.61,9.5000112499944,90.92,2.7094438712202,-27.23,97.28,20.9,1,"	164,398" 
2004-02-02T21:00:00Z,"ANSS",2006-04-03T20:00:00Z,Buy,19.735,53.43,4,134.78,7.275079108133,-6.18,137.66,35.92,1,"	162,472" 
2004-02-02T21:00:00Z,"ANSS",2006-09-01T20:00:00Z,Buy,19.735,46,10,262.65,2.0984167736414,-15.45,376.65,167.2,1,"	162,546" 
2004-02-02T21:00:00Z,"JJSF",2006-12-01T21:00:00Z,Buy,21.485,37.99,16,264.08,18.365308895151,-49.92,285.04,95.04,1,"	163,597" 
2004-02-02T21:00:00Z,"PNM",2013-08-01T20:00:00Z,Buy,20.04001002,23.76,0.99998350000825,3.72,2.5565587734242,-2.87,10.24,12.44,1,"	164,1880" 
2004-03-01T21:00:00Z,"ASGN",2004-04-01T21:00:00Z,Buy,5.79,5.5,36,-10.44,10.318505869608,-25.2,7.56,32.76,0,"	173,179" 
2004-03-01T21:00:00Z,"AHS",2004-09-01T20:00:00Z,Buy,18.37,11.54,17,-116.11,11.426012734866,-119.34,1.87,121.21,0,"	172,232" 
2004-03-01T21:00:00Z,"GDYS",2004-09-01T20:00:00Z,Buy,9.77,7.5,24,-54.48,12.777983096827,-54.48,118.56,173.04,0,"	175,233" 
2004-03-01T21:00:00Z,"TYL",2005-01-03T21:00:00Z,Buy,9.59,8.2,30,-41.7,8.5088252132208,-57,10.5,67.5,0,"	177,292" 
2004-03-01T21:00:00Z,"FRK",2005-09-01T20:00:00Z,Buy,29.76668155,57.64,5,139.37,8.2462056976133,-26.47,139.37,32.45,1,"	174,392" 
2004-03-01T21:00:00Z,"FRK",2006-02-01T21:00:00Z,Buy,29.76668155,54.72,8,199.63,2.0810516571005,-42.35,289.79,161.84,1,"	174,450" 
2004-03-01T21:00:00Z,"MDU",2009-06-01T20:00:00Z,Buy,15.680008041137,19.61,13.249978594357,52.07,2.6926267362595,-35.25,254.53,289.78,1,"	176,1120" 
2004-03-01T21:00:00Z,"MDU",2014-10-01T20:00:00Z,Buy,15.680008041137,27.43,1.7500137132331,20.56,2.4438511326861,-4.66,35.42,38.27,1,"	176,2182" 
2004-04-01T21:00:00Z,"SHEN",2004-07-01T20:00:00Z,Buy,22.56,26.3,11,41.14,17.126227917077,-0.66,84.48,85.14,1,"	196,221" 
2004-04-01T21:00:00Z,"CPK",2004-08-02T20:00:00Z,Buy,25.5,23.55,9,-17.55,2.0901060070671,-44.28,8.64,47.61,0,"	188,227" 
2004-04-01T21:00:00Z,"NSIT",2004-09-01T20:00:00Z,Buy,19.25,16.03,12,-38.64,8.0422366078705,-62.76,9,71.76,0,"	193,235" 
2004-04-01T21:00:00Z,"UFPI",2004-10-01T20:00:00Z,Buy,30.95,36.34,9,48.51,16.714498979935,-38.34,48.51,57.06,1,"	198,251" 
2004-04-01T21:00:00Z,"DCO",2004-12-01T21:00:00Z,Buy,23.35,25.41,15,30.9,8.4646089654536,-73.65,30.9,83.4,1,"	189,279" 
2004-04-01T21:00:00Z,"PEGA",2005-01-03T21:00:00Z,Buy,8.3,8.54,27,6.48,8.8365863442412,-64.8,43.2,108,1,"	195,289" 
2004-04-01T21:00:00Z,"OTL",2005-02-01T21:00:00Z,Buy,29.88,20.38,12,-114,5.8059076406378,-134.28,22.44,156.72,0,"	194,302" 
2004-04-01T21:00:00Z,"DGII",2005-12-01T21:00:00Z,Buy,10.1,13.29,21,66.99,9.2108229030467,-29.82,152.67,158.13,1,"	190,435" 
2004-04-01T21:00:00Z,"TALK",2006-09-01T20:00:00Z,Buy,8.33,5.84,24,-59.76,6.7978421103428,-79.68,78.24,143.76,0,"	197,552" 
2004-04-01T21:00:00Z,"WMK",2006-12-01T21:00:00Z,Buy,33.84,39.89,6,36.3,3.7818184167436,-35.4,73.92,48,1,"	199,603" 
2004-04-01T21:00:00Z,"AMED",2007-01-03T21:00:00Z,Buy,19.5754959,33.3,13,178.42,12.89025786801,-24.18,201.15,156.59,1,"	187,616" 
2004-04-01T21:00:00Z,"AMED",2007-05-01T20:00:00Z,Buy,19.5754959,33.86,0.33299556411238,4.76,2.1944114832536,-0.62,5.15,4.01,1,"	187,675" 
2004-04-01T21:00:00Z,"GCI",2007-05-01T20:00:00Z,Buy,89.22,58.16,3,-93.18,2.0303675970048,-112.68,5.1,117.78,0,"	191,678" 
2004-04-01T21:00:00Z,"MTLM",2008-03-15T04:00:00Z,Buy,18.5,55.27,12,441.24,2.0605234460196,-78,541.2,168.72,1,"	192,865" 
2004-05-03T20:00:00Z,"UWN",2004-10-01T20:00:00Z,Buy,15.47,12.05,18,-61.56,7.1714797507583,-99.54,9.18,108.72,0,"	209,252" 
2004-05-03T20:00:00Z,"EIX",2004-11-01T21:00:00Z,Buy,23.11,30.35,29,209.96,4.5757542971191,-32.77,213.44,40.89,1,"	206,263" 
2004-05-03T20:00:00Z,"AXE",2006-04-03T20:00:00Z,Buy,29.88,47.29,8,139.28,2.0813891726251,-70.8,142.32,60.8,1,"	204,473" 
2004-05-03T20:00:00Z,"BLS",2006-04-03T20:00:00Z,Buy,25.85,34.69,3,26.52,2.1001161890008,-6.78,27.27,12.84,1,"	205,475" 
2004-05-03T20:00:00Z,"LPX",2006-08-01T20:00:00Z,Buy,23.58,19.86,13,-48.36,8.5162650419043,-52.91,76.31,129.22,0,"	207,537" 
2004-05-03T20:00:00Z,"BLS",2006-12-30T05:00:00Z,Buy,25.85,47.15,7,149.1,0,-15.82,149.1,29.96,1,"	205,615" 
2004-05-03T20:00:00Z,"ODP",2008-03-03T21:00:00Z,Buy,17.45,11.08,12,-76.44,4.4322062933072,-76.44,324.96,401.4,0,"	208,851" 
2004-06-01T20:00:00Z,"CERN",2004-11-01T21:00:00Z,Buy,42.54,45.45,6,17.46,8.882378185523,-7.02,27.12,27.24,1,"	215,262" 
2004-06-01T20:00:00Z,"HCSG",2005-05-02T20:00:00Z,Buy,16,25.34,10.000045562464,93.4,6.3010584323143,-85.07,93.5,33.2,1,"	216,340" 
2004-06-01T20:00:00Z,"TESS",2005-06-01T20:00:00Z,Buy,18.34,12.75,12,-67.08,9.4751547717315,-97.44,1.8,99.24,0,"	218,357" 
2004-06-01T20:00:00Z,"PCU",2006-02-01T21:00:00Z,Buy,31.69,86.84,3,165.45,6.6551078104727,-5.37,166.35,67.56,1,"	217,453" 
2004-06-01T20:00:00Z,"HCSG",2006-07-03T17:00:00Z,Buy,10.666667266667,20.73,20,201.27,2.9257576423377,-113.42,237.27,116.6,1,"	216,526" 
2004-06-01T20:00:00Z,"PCU",2007-05-01T20:00:00Z,Buy,15.845,78.58,3,188.2,2.0294013469693,-2.68,203.08,52.34,1,"	217,684" 
2004-06-01T20:00:00Z,"PCU",2007-11-01T20:00:00Z,Buy,15.845,133.96,2,236.23,2.0191713774597,-1.79,251.35,61.26,1,"	217,789" 
2004-06-01T20:00:00Z,"PCU",2008-05-01T20:00:00Z,Buy,15.845,110,3,282.46,2.0288209606987,-2.68,377.02,183.6,1,"	217,897" 
2004-06-01T20:00:00Z,"HCSG",2008-06-02T20:00:00Z,Buy,10.666667266667,17.33,2.4999303906816,16.66,2.2456065759637,-14.18,29.66,17.4,1,"	216,922" 
2004-07-01T20:00:00Z,"LNT",2004-11-01T21:00:00Z,Buy,25.64,26.38,31,22.94,7.3324886556035,-37.2,52.08,89.28,1,"	225,269" 
2004-07-01T20:00:00Z,"ADSK",2005-01-03T21:00:00Z,Buy,21.14,37.53,6,98.34,12.227037616531,-18.06,104.64,18.06,1,"	223,285" 
2004-07-01T20:00:00Z,"ADSK",2006-05-01T20:00:00Z,Buy,21.14,41.56,10,204.2,2.0988582302569,-30.1,265,123.4,1,"	223,490" 
2004-07-01T20:00:00Z,"NATR",2006-05-01T20:00:00Z,Buy,13.92,10.04,19,-73.72,28.193727143829,-73.72,176.51,250.23,0,"	224,495" 
2004-08-02T20:00:00Z,"OGE",2005-01-03T21:00:00Z,Buy,25.15,26.03,29,25.52,7.4214096768421,-5.22,47.85,42.92,1,"	231,288" 
2004-08-02T20:00:00Z,"LAWS",2005-11-01T21:00:00Z,Buy,36.03,35.32,10,-7.1,9.2641022672535,-47.8,178.5,226.3,0,"	230,426" 
2004-09-01T20:00:00Z,"HOC",2004-11-01T21:00:00Z,Buy,20.91,23.88,10,29.7,4.3826725986269,-2.6,64.9,42.8,1,"	240,265" 
2004-09-01T20:00:00Z,"CNC",2005-02-01T21:00:00Z,Buy,19.835,33.4,6,81.39,4.1399947684512,-5.31,82.29,13.32,1,"	238,300" 
2004-09-01T20:00:00Z,"HOC",2005-03-01T21:00:00Z,Buy,20.91,37.11,8,129.6,2.0787480106101,-2.08,134.32,34.24,1,"	240,311" 
2004-09-01T20:00:00Z,"VLO",2005-03-01T21:00:00Z,Buy,33.705,68.11,5,172.02,6.6862394352863,-3,196.28,27.25,1,"	244,312" 
2004-09-01T20:00:00Z,"XEL",2005-04-01T21:00:00Z,Buy,17.5,17.23,44,-11.88,12.888567740561,-40.92,51.48,92.4,0,"	242,322" 
2004-09-01T20:00:00Z,"GFF",2005-05-02T20:00:00Z,Buy,19.97,18.99,10,-9.8,2.0996009975062,-22.2,75.7,85.5,0,"	239,339" 
2004-09-01T20:00:00Z,"SAM",2005-09-01T20:00:00Z,Buy,21.98,23.71,13,22.49,10.430218360219,-26,46.67,72.67,1,"	243,399" 
2004-09-01T20:00:00Z,"VLO",2005-09-01T20:00:00Z,Buy,33.705,109.5,2,151.59,2.0206603773585,-1.2,151.59,38.92,1,"	244,401" 
2004-09-01T20:00:00Z,"HOC",2005-10-03T20:00:00Z,Buy,20.91,64.53,4,174.48,6.4011319405319,-1.04,175.16,25.16,1,"	240,414" 
2004-09-01T20:00:00Z,"CNC",2005-12-01T21:00:00Z,Buy,19.835,25.21,10,53.75,5.9099309528526,-17.85,175.25,193.1,1,"	238,434" 
2004-09-01T20:00:00Z,"HOC",2006-08-01T20:00:00Z,Buy,10.455,52.25,4,167.18,2.3855450296493,-0.52,167.18,33.62,1,"	240,536" 
2004-09-01T20:00:00Z,"NHC",2006-08-01T20:00:00Z,Buy,26.82,45.17,5,91.75,7.9045768957732,0,99.3,34.2,1,"	241,539" 
2004-09-01T20:00:00Z,"NHC",2007-12-03T21:00:00Z,Buy,26.82,49.13,5,111.55,16.761179670646,0,158.85,56.65,1,"	241,799" 
2004-09-01T20:00:00Z,"HOC",2008-01-02T21:00:00Z,Buy,10.455,50.71,8,322.04,6.298656279487,-1.04,555.32,273.68,1,"	240,816" 
2004-09-01T20:00:00Z,"VLO",2008-04-01T20:00:00Z,Buy,16.8525,51.87,6,210.1,9.6954896692506,-1.8,365.2,186.18,1,"	244,873" 
2004-10-01T20:00:00Z,"MTEX",2004-12-01T21:00:00Z,Buy,14.49,21.99,9,67.5,9.096444793338,0,79.92,31.14,1,"	257,280" 
2004-10-01T20:00:00Z,"APU",2005-02-01T21:00:00Z,Buy,29.89,30.2,24,7.44,4.4853338648866,-50.88,27.6,63.12,1,"	253,299" 
2004-10-01T20:00:00Z,"PCR",2005-04-01T21:00:00Z,Buy,14.4,13.68,15,-10.8,4.300384116664,-13.5,51.45,63.9,0,"	259,323" 
2004-10-01T20:00:00Z,"BELFB",2005-07-01T20:00:00Z,Buy,32.72,30.2,9,-22.68,8.0347195665024,-60.48,32.67,93.15,0,"	254,367" 
2004-10-01T20:00:00Z,"NL",2005-07-01T20:00:00Z,Buy,18.78,15.24,13,-46.02,8.9982975020001,-55.64,58.76,114.4,0,"	258,372" 
2004-10-01T20:00:00Z,"MTEX",2005-10-03T20:00:00Z,Buy,14.49,11.7,8,-22.32,2.0789873417722,-34.32,91.76,126.08,0,"	257,415" 
2004-10-01T20:00:00Z,"FARO",2005-11-01T21:00:00Z,Buy,21.36,20.67,10,-6.9,5.5914745215941,-30.8,104.4,135.2,0,"	256,425" 
2004-10-01T20:00:00Z,"RS",2006-03-01T21:00:00Z,Buy,40.31,85.11,3,134.4,8.7245288101826,-19.77,141.72,37.05,1,"	260,465" 
2004-10-01T20:00:00Z,"ECOL",2006-10-02T20:00:00Z,Buy,10.09,19.63,21,200.34,11.149260153204,0,361.2,182.49,1,"	255,567" 
2004-10-01T20:00:00Z,"RS",2007-02-01T21:00:00Z,Buy,20.155,43.01,10,228.55,5.7777459462869,-32.95,286.1,195.15,1,"	260,627" 
2004-11-01T21:00:00Z,"SRT",2005-01-03T21:00:00Z,Buy,28.13,27.8,8,-2.64,2.0813887884268,-50.24,119.68,21.04,0,"	277,291" 
2004-11-01T21:00:00Z,"CIX",2005-04-01T21:00:00Z,Buy,15.55,16.41,22,18.92,8.1639881640082,-14.3,55,40.92,1,"	271,320" 
2004-11-01T21:00:00Z,"TRMB",2005-06-01T20:00:00Z,Buy,28.87,39.98,8,88.88,6.045138208743,-2.96,96.88,54.72,1,"	278,358" 
2004-11-01T21:00:00Z,"LEG",2005-09-01T20:00:00Z,Buy,28.27,24.46,17,-64.77,6.0493153963631,-73.27,38.93,112.2,0,"	274,394" 
2004-11-01T21:00:00Z,"MLI",2005-09-01T20:00:00Z,Buy,27.54,27.14,13,-5.2,18.771914883819,-31.72,63.18,94.9,0,"	276,396" 
2004-11-01T21:00:00Z,"HAE",2006-02-01T21:00:00Z,Buy,32.02,50.68,5,93.3,12.939205647733,0,103.3,41.75,1,"	272,452" 
2004-11-01T21:00:00Z,"MATR",2006-06-01T20:00:00Z,Buy,21.09334388,30.61,13,123.72,5.7277408929976,-4.68,310.79,248.3,1,"	275,512" 
2004-11-01T21:00:00Z,"HAE",2006-12-01T21:00:00Z,Buy,32.02,45.37,8,106.8,5.970383895808,0,183.12,111.2,1,"	272,596" 
2004-11-01T21:00:00Z,"K",2007-09-04T20:00:00Z,Buy,42.51,55.32,5,64.05,10.013133331125,-0.25,64.6,18.95,1,"	273,753" 
2004-11-01T21:00:00Z,"AIT",2007-11-01T20:00:00Z,Buy,16.44442874,33.34,7,118.27,4.1556347897457,-6.89,132.06,69.6,1,"	270,786" 
2004-11-01T21:00:00Z,"K",2008-04-01T20:00:00Z,Buy,42.51,54.13,4,46.48,2.0411634980989,-0.2,55.48,36,1,"	273,870" 
2004-11-01T21:00:00Z,"K",2008-10-01T20:00:00Z,Buy,42.51,56.55,4,56.16,3.6323383393562,-0.2,59.32,36,1,"	273,980" 
2004-11-01T21:00:00Z,"AIT",2008-11-03T21:00:00Z,Buy,16.44442874,19.93,12,41.83,6.3869213025275,-11.81,226.39,208.8,1,"	270,997" 
2004-11-01T21:00:00Z,"AIT",2010-03-01T21:00:00Z,Buy,16.44442874,23.16,1.2500193387685,8.39,5.7350636258356,-1.23,23.58,21.75,1,"	270,1235" 
2004-11-01T21:00:00Z,"K",2010-08-02T20:00:00Z,Buy,42.51,50,6,44.94,3.6644771330527,-39.78,88.98,128.76,1,"	273,1331" 
2004-11-01T21:00:00Z,"K",2010-12-01T21:00:00Z,Buy,42.51,49.44,3,20.79,6.6818182173992,-19.89,44.49,64.38,1,"	273,1386" 
2004-12-01T21:00:00Z,"RCII",2005-04-01T21:00:00Z,Buy,25.76,26.95,8,9.52,2.5719083216849,-59.23,70.72,22.4,1,"	283,325" 
2004-12-01T21:00:00Z,"STLD",2005-10-03T20:00:00Z,Buy,40.13,32.9,6,-43.38,5.3743890287951,-87.72,33.12,120.84,0,"	284,417" 
2004-12-01T21:00:00Z,"NUE",2006-04-03T20:00:00Z,Buy,52.27,107.97,2,111.4,9.6118383587463,-13.2,111.4,36.42,1,"	282,479" 
2004-12-01T21:00:00Z,"NUE",2009-11-02T21:00:00Z,Buy,26.135,39.02,8,103.08,2.0783927674535,-26.4,446.04,451.76,1,"	282,1174" 
2005-01-03T21:00:00Z,"AHC",2005-06-01T20:00:00Z,Buy,79.33,95.43,5,80.5,8.3860244745153,-1.65,122.4,78.4,1,"	294,351" 
2005-01-03T21:00:00Z,"RES",2005-12-01T21:00:00Z,Buy,15.799839625189,34.14,8,146.72,4.1953961583123,-19.92,146.72,51.39,1,"	298,436" 
2005-01-03T21:00:00Z,"AEOS",2006-04-03T20:00:00Z,Buy,23.369967048316,28.79,18,97.56,12.253924297892,-61.38,181.98,243.36,1,"	293,471" 
2005-01-03T21:00:00Z,"ANF",2006-05-01T20:00:00Z,Buy,46.3,60.86,7,101.92,6.5824076010711,-13.93,187.39,201.32,1,"	295,491" 
2005-01-03T21:00:00Z,"JCOM",2006-06-01T20:00:00Z,Buy,16.87,27.3,18,187.74,31.257520810513,-29.34,207.54,79.02,1,"	297,511" 
2005-01-03T21:00:00Z,"FAF",2006-12-01T21:00:00Z,Buy,34.77,38.63,6,23.16,3.1495627121865,-78.24,85.86,77.88,1,"	296,595" 
2005-01-03T21:00:00Z,"RES",2006-12-01T21:00:00Z,Buy,10.533244191628,22.74,14,170.89,3.9745064582002,-23.24,349.67,255.92,1,"	298,602" 
2005-01-03T21:00:00Z,"AEOS",2007-06-01T20:00:00Z,Buy,15.5799858222,27.19,3.8070015608724E-5,0,2.1611856243053,0,0,0,0,"	293,702" 
2005-01-03T21:00:00Z,"RES",2012-04-02T20:00:00Z,Buy,4.6814444669983,10.41,2.2505584312631,12.89,9.4229752295319,-1.66,29.93,19.28,1,"	298,1636" 
2005-02-01T21:00:00Z,"MIDD",2005-04-01T21:00:00Z,Buy,49.87,49.02,4,-3.4,4.2879797772675,-158.32,52.52,26.68,0,"	309,321" 
2005-02-01T21:00:00Z,"XEL",2005-04-01T21:00:00Z,Buy,18.17,17.23,12,-11.28,2.195268398166,-19.2,6,21.96,0,"	310,322" 
2005-02-01T21:00:00Z,"ELBO",2005-05-02T20:00:00Z,Buy,35.37,56.82,6,128.7,18.007160429172,-0.54,128.7,36.54,1,"	308,338" 
2005-02-01T21:00:00Z,"CYBE",2005-09-01T20:00:00Z,Buy,14.67,13.9,15,-11.55,6.1462435366499,-49.2,8.4,49.2,0,"	307,391" 
2005-02-01T21:00:00Z,"ALG",2005-10-03T20:00:00Z,Buy,25.84,19.99,13,-76.05,9.0038844610427,-100.36,0,100.36,0,"	305,411" 
2005-02-01T21:00:00Z,"ELBO",2005-10-08T04:00:00Z,Buy,35.37,62.5,3,81.39,0,-0.27,94.71,18.27,1,"	308,424" 
2005-02-01T21:00:00Z,"ABFS",2005-12-01T21:00:00Z,Buy,40.86,41.41,5,2.75,5.2449417541521,-51.7,19.6,71.3,1,"	304,433" 
2005-02-01T21:00:00Z,"ABFS",2007-09-04T20:00:00Z,Buy,40.86,36.4,5,-22.3,2.1115320334262,-51.7,48.45,80.25,0,"	304,750" 
2005-02-01T21:00:00Z,"CMC",2008-10-01T20:00:00Z,Buy,14.43,16.28,18,33.3,14.855269230754,-51.57,449.46,422.64,1,"	306,975" 
2005-03-01T21:00:00Z,"RSC",2005-04-01T21:00:00Z,Buy,14.13,14,15,-1.95,3.9619355933078,-43.2,61.5,23.7,0,"	317,326" 
2005-03-01T21:00:00Z,"IDXX",2005-06-01T20:00:00Z,Buy,55,57.87,4,11.48,3.7758251066214,-87.36,51,11.04,1,"	315,355" 
2005-03-01T21:00:00Z,"ZEUS",2005-08-01T20:00:00Z,Buy,24.68,15.89,8,-70.32,4.5385523079022,-91.76,0.56,92.32,0,"	318,384" 
2005-03-01T21:00:00Z,"PDX",2006-12-01T21:00:00Z,Buy,34.5,48.55,6,84.3,2.4100667870915,-49.05,106.92,62.76,1,"	316,601" 
2005-03-01T21:00:00Z,"BLS",2006-12-30T05:00:00Z,Buy,26.14,47.15,9,189.09,2.0912922002328,-22.95,189.09,29.16,1,"	313,615" 
2005-03-01T21:00:00Z,"GCI",2007-05-01T20:00:00Z,Buy,80.16,58.16,3,-66,3.1646154131316,-85.5,32.28,85.5,0,"	314,678" 
2005-04-01T21:00:00Z,"REM",2005-05-02T20:00:00Z,Buy,31.93,30.58,14,-18.9,4.2892916687068,-57.68,2.94,60.62,0,"	334,342" 
2005-04-01T21:00:00Z,"UGI",2005-05-02T20:00:00Z,Buy,45.95,51.35,3.0000005400005,16.2,4.4362643484338,-57.95,16.2,6.12,1,"	336,344" 
2005-04-01T21:00:00Z,"ISSC",2005-09-01T20:00:00Z,Buy,21.0666772,16.92,10,-41.47,5.2835480145591,-42.07,38.33,80.4,0,"	329,393" 
2005-04-01T21:00:00Z,"LEG",2005-09-01T20:00:00Z,Buy,29.1,24.46,7,-32.48,2.0704844290657,-35.98,10.22,37.66,0,"	330,394" 
2005-04-01T21:00:00Z,"TTEC",2005-09-01T20:00:00Z,Buy,12.71,8.48,26,-109.98,13.846187190581,-139.36,6.24,145.6,0,"	335,400" 
2005-04-01T21:00:00Z,"COP",2005-10-03T20:00:00Z,Buy,55.14,68.99,3,41.55,4.3070281336648,-20.37,47.49,21.39,1,"	333,416" 
2005-04-01T21:00:00Z,"X",2005-12-01T21:00:00Z,Buy,51.16,48.98,6,-13.08,6.7142615660984,-101.94,0,101.94,0,"	337,437" 
2005-04-01T21:00:00Z,"UGI",2006-03-01T21:00:00Z,Buy,22.974967605266,22.31,24,-15.96,4.4456247367381,-231.8,162.36,222.24,0,"	336,466" 
2005-04-01T21:00:00Z,"GDT",2006-04-22T04:00:00Z,Buy,73.76,80.05,3,18.87,2.4148266374283,-120.78,18.87,55.29,1,"	328,489" 
2005-04-01T21:00:00Z,"LRCX",2006-12-01T21:00:00Z,Buy,28.47,51.58,4,92.44,8.5874384866613,-11.44,112.64,63.36,1,"	331,598" 
2005-04-01T21:00:00Z,"MSTR",2007-07-02T20:00:00Z,Buy,55.27,94.59,4,157.28,4.0808470575127,-47.44,308.52,154.64,1,"	332,729" 
2005-04-01T21:00:00Z,"COP",2007-08-01T20:00:00Z,Buy,55.14,80.76,3,76.86,4.045905867148,-20.37,105.15,49.41,1,"	333,745" 
2005-04-01T21:00:00Z,"LRCX",2007-11-01T20:00:00Z,Buy,28.47,48.84,7,142.59,8.0325790694551,-20.02,220.57,110.88,1,"	331,788" 
2005-04-01T21:00:00Z,"COP",2008-05-01T20:00:00Z,Buy,55.14,86.59,4,125.8,2.0805582044424,-27.16,140.2,76,1,"	333,896" 
2005-04-01T21:00:00Z,"UGI",2008-11-03T21:00:00Z,Buy,22.974967605266,23.83,2.0000355800309,1.71,2.13,-19.32,13.53,18.82,1,"	336,1010" 
2005-05-02T20:00:00Z,"DECK",2005-06-01T20:00:00Z,Buy,22.9,23.6,10,7,6.2603371777315,-15.1,22.2,37.3,1,"	346,352" 
2005-05-02T20:00:00Z,"FIZ",2005-06-01T20:00:00Z,Buy,7.28,8.18,28.000103199917,25.2,2.2977715091678,-10.64,109.76,8.4,1,"	347,353" 
2005-05-02T20:00:00Z,"HSII",2005-06-01T20:00:00Z,Buy,26.42,25.74,12,-8.16,8.1413803954903,-17.4,7.8,25.2,0,"	348,354" 
2005-05-02T20:00:00Z,"WEYS",2005-08-01T20:00:00Z,Buy,18.69,23.6,12.499992499992,61.37,2.2945706521739,-6.87,245.62,34.87,1,"	350,383" 
2005-05-02T20:00:00Z,"TTWO",2006-02-01T21:00:00Z,Buy,23.95,15.17,18,-158.04,4.3551955807032,-166.5,96.84,263.34,0,"	349,456" 
2005-05-02T20:00:00Z,"FIZ",2006-04-03T20:00:00Z,Buy,7.28,11.31,0.99989680008256,4.03,2.2052808988764,-0.38,4.77,0.74,1,"	347,477" 
2005-05-02T20:00:00Z,"CTR",2007-06-01T20:00:00Z,Buy,17.0666752,21.83,19,90.5,11.002346105452,0,173.53,112.1,1,"	345,706" 
2005-05-02T20:00:00Z,"WEYS",2007-08-01T20:00:00Z,Buy,18.69,26.92,8,65.84,6.5308116651621,-11.12,157.2,52.4,1,"	350,746" 
2005-05-02T20:00:00Z,"WEYS",2008-02-01T21:00:00Z,Buy,18.69,28.98,8,82.32,7.3143217346685,-11.12,157.2,71.68,1,"	350,836" 
2005-05-02T20:00:00Z,"WEYS",2009-09-01T20:00:00Z,Buy,18.69,21.96,0.5000075000075,1.64,5.6752385268311,-0.7,10.38,9.63,1,"	350,1150" 
2005-05-02T20:00:00Z,"CTR",2010-04-01T20:00:00Z,Buy,17.0666752,22.12,0.49999025000488,2.53,2.1857089552239,-0.87,4.57,5.44,1,"	345,1261" 
2005-06-01T20:00:00Z,"PLPC",2005-09-01T20:00:00Z,Buy,36.09,44.43,5,41.7,14.089081427574,0,41.7,27,1,"	364,397" 
2005-06-01T20:00:00Z,"CAI",2006-01-03T21:00:00Z,Buy,65.02,56.95,5,-40.35,10.594123382873,-64.1,9.25,73.35,0,"	360,442" 
2005-06-01T20:00:00Z,"SPTN",2006-02-01T21:00:00Z,Buy,12.92,12.08,28,-23.52,6.9978288230089,-110.88,66.64,177.52,0,"	366,455" 
2005-06-01T20:00:00Z,"GDT",2006-04-22T04:00:00Z,Buy,74.2,80.05,4,23.4,2.3772172543055,-162.8,23.4,70.56,1,"	361,489" 
2005-06-01T20:00:00Z,"GPX",2006-05-01T20:00:00Z,Buy,7.2,7.2,60,0,11.801729871768,-30,108.6,138.6,0,"	362,496" 
2005-06-01T20:00:00Z,"PLPC",2006-06-01T20:00:00Z,Buy,36.09,35.96,8,-1.04,9.3480337730631,-34.8,87.28,122.08,0,"	364,514" 
2005-06-01T20:00:00Z,"SCVL",2007-04-02T20:00:00Z,Buy,19.15,33.39,8,113.92,9.8147165104456,-41.28,128.48,87.28,1,"	365,663" 
2005-06-01T20:00:00Z,"SCVL",2007-10-01T20:00:00Z,Buy,19.15,15.79,12,-40.32,2.2201394169835,-61.92,192.72,244.2,0,"	365,776" 
2005-06-01T20:00:00Z,"OXY",2007-12-03T21:00:00Z,Buy,37.4,70.59,4,132.76,4.1018744762627,-9.7,145.48,43.52,1,"	363,800" 
2005-06-01T20:00:00Z,"OXY",2008-05-01T20:00:00Z,Buy,37.4,81.02,8,348.96,6.6264505350468,-19.4,395.84,127.68,1,"	363,895" 
2005-07-01T20:00:00Z,"APU",2005-10-03T20:00:00Z,Buy,32.57,32.45,27,-3.24,12.757101908212,-39.42,58.59,98.01,0,"	374,412" 
2005-07-01T20:00:00Z,"CBRL",2006-02-01T21:00:00Z,Buy,39.12,44,15,73.2,10.540619372483,-88.2,78.75,120.45,1,"	375,449" 
2005-07-01T20:00:00Z,"CPK",2006-08-01T20:00:00Z,Buy,30.59,34.65,14,56.84,7.7668549613027,-36.68,67.06,103.74,1,"	376,533" 
2005-07-01T20:00:00Z,"CPK",2006-10-02T20:00:00Z,Buy,30.59,30.2,6,-2.34,2.2713477537438,-15.72,28.74,44.46,0,"	376,566" 
2005-07-01T20:00:00Z,"WDC",2007-02-01T21:00:00Z,Buy,13.75,19.41,24,135.84,9.5748763936368,-57.6,250.32,195.36,1,"	378,631" 
2005-07-01T20:00:00Z,"GCI",2007-05-01T20:00:00Z,Buy,71.91,58.16,3,-41.25,2.4334499320449,-60.75,57.03,69.39,0,"	377,678" 
2005-08-01T20:00:00Z,"MLI",2005-09-01T20:00:00Z,Buy,29.22,27.14,7,-14.56,2.6187688110122,-28.84,22.26,26.81,0,"	388,396" 
2005-08-01T20:00:00Z,"SAM",2005-09-01T20:00:00Z,Buy,21.9,23.71,10,18.1,3.7040429521636,-19.2,36.7,6,1,"	389,399" 
2005-08-01T20:00:00Z,"FRGO",2006-06-01T20:00:00Z,Buy,18,24.9,19,131.1,17.077345481326,-34.01,131.1,105.45,1,"	386,510" 
2005-08-01T20:00:00Z,"USPH",2006-09-01T20:00:00Z,Buy,18.42,14.76,29,-106.14,9.7711193390237,-142.68,61.19,203.87,0,"	390,554" 
2005-08-01T20:00:00Z,"BLS",2006-12-30T05:00:00Z,Buy,27.48,47.15,8,157.36,2.0795944967415,-31.12,157.36,25.92,1,"	385,615" 
2005-08-01T20:00:00Z,"K",2010-12-01T21:00:00Z,Buy,45,49.44,5,22.2,3.4751899091175,-45.6,61.7,107.3,1,"	387,1386" 
2005-09-01T20:00:00Z,"FARO",2005-11-01T21:00:00Z,Buy,20.66,20.67,10,0.1,2.1000484261501,-23.8,111.4,33.2,1,"	404,425" 
2005-09-01T20:00:00Z,"PETS",2006-02-01T21:00:00Z,Buy,10.43,17.65,16,115.52,4.4900473379154,-9.44,120.96,34.24,1,"	407,454" 
2005-09-01T20:00:00Z,"LRW",2006-05-01T20:00:00Z,Buy,22.72,27.12,15,66,10.146798482884,-28.8,74.7,75,1,"	406,493" 
2005-09-01T20:00:00Z,"SNHY",2006-05-01T20:00:00Z,Buy,20.68,21.46,11,8.58,6.8812193803309,-34.1,61.27,95.37,1,"	409,498" 
2005-09-01T20:00:00Z,"SYKE",2006-09-01T20:00:00Z,Buy,10.58,20.2,12,115.44,9.632932470429,0,115.44,37.44,1,"	410,551" 
2005-09-01T20:00:00Z,"CPSI",2006-12-01T21:00:00Z,Buy,33.47,35.96,11,27.39,5.9452777262342,-28.93,190.63,219.56,1,"	403,594" 
2005-09-01T20:00:00Z,"KOMG",2007-02-01T21:00:00Z,Buy,31.94,33.75,9,16.29,9.2046567744497,-63,193.86,204.03,1,"	405,624" 
2005-09-01T20:00:00Z,"PETS",2007-03-01T21:00:00Z,Buy,10.43,12.38,17,33.15,4.4506029489647,-16.66,162.69,179.35,1,"	407,645" 
2005-09-01T20:00:00Z,"ABFS",2007-09-04T20:00:00Z,Buy,34.92,36.4,6,8.88,4.3341458597322,-26.4,93.78,96.3,1,"	402,750" 
2005-09-01T20:00:00Z,"SYKE",2007-09-04T20:00:00Z,Buy,10.58,16.17,18,100.62,6.8334652038307,0,192.06,119.52,1,"	410,757" 
2005-09-01T20:00:00Z,"KFRC",2008-05-01T20:00:00Z,Buy,10.03,8.44,33,-52.47,18.692165136553,-73.59,229.35,302.94,0,"	408,898" 
2005-10-03T20:00:00Z,"BKH",2006-04-03T20:00:00Z,Buy,43.56,34.25,17,-158.27,8.3689868186883,-178.5,0,178.5,0,"	418,474" 
2005-10-03T20:00:00Z,"CMS",2006-04-03T20:00:00Z,Buy,16.5,13.01,45,-157.05,11.85539731898,-159.3,0,159.3,0,"	420,476" 
2005-10-03T20:00:00Z,"CECO",2006-10-02T20:00:00Z,Buy,35.89,22.5,11,-147.29,14.502698331981,-198.99,63.91,262.9,0,"	419,565" 
2005-10-03T20:00:00Z,"PDX",2006-12-01T21:00:00Z,Buy,38.49,48.55,6,60.36,2.8511982710571,-72.99,82.98,62.76,1,"	423,601" 
2005-10-03T20:00:00Z,"MCRI",2007-02-01T21:00:00Z,Buy,16.75,24.59,14,109.76,8.9332528764221,-16.1,220.78,207.34,1,"	421,625" 
2005-10-03T20:00:00Z,"NHC",2007-12-03T21:00:00Z,Buy,34.78,49.13,6,86.1,3.690230219022,-47.76,142.86,67.98,1,"	422,799" 
2005-11-01T21:00:00Z,"MMSI",2006-01-03T21:00:00Z,Buy,11.9,12.43,28.444660856864,15.08,2.300252312868,-36.89,372.34,27.02,1,"	431,443" 
2005-11-01T21:00:00Z,"TTC",2006-01-03T21:00:00Z,Buy,37.36,44.38,6,42.12,2.0613632630714,-119.06,66.78,10.14,1,"	432,444" 
2005-11-01T21:00:00Z,"LPX",2006-08-01T20:00:00Z,Buy,24.97,19.86,10,-51.1,2.8206949864087,-54.6,44.8,99.4,0,"	429,537" 
2005-11-01T21:00:00Z,"LYTS",2006-10-02T20:00:00Z,Buy,17.79,16.02,23,-40.71,18.039413505233,-131.56,23,154.56,0,"	430,569" 
2005-11-01T21:00:00Z,"B",2007-06-01T20:00:00Z,Buy,17.385,30.1,10,127.15,10.924109914753,-19.45,127.15,81.5,1,"	428,704" 
2005-11-01T21:00:00Z,"MMSI",2008-08-01T20:00:00Z,Buy,11.9,19.83,1.5553391431357,12.33,2.1079317169718,-2.02,20.36,2.43,1,"	431,952" 
2005-11-01T21:00:00Z,"B",2009-04-01T20:00:00Z,Buy,17.385,11,16,-102.16,6.3425178664086,-150.16,308.24,458.4,0,"	428,1074" 
2005-12-01T21:00:00Z,"USNA",2006-03-01T21:00:00Z,Buy,38.8,43.04,12,50.88,10.811312195275,-15.36,52.32,35.88,1,"	441,467" 
2005-12-01T21:00:00Z,"AXE",2006-04-03T20:00:00Z,Buy,38.24,47.29,6,54.3,3.7397831284143,-103.26,56.58,20.28,1,"	438,473" 
2005-12-01T21:00:00Z,"SHOO",2006-05-01T20:00:00Z,Buy,28.13,53.01,10,248.8,10.06233188817,0,251.1,28.4,1,"	440,497" 
2005-12-01T21:00:00Z,"NVDA",2006-06-01T20:00:00Z,Buy,18.289978052018,24.18,24,141.36,10.345488621333,-8.88,311.52,199.44,1,"	439,513" 
2005-12-01T21:00:00Z,"NVDA",2007-05-01T20:00:00Z,Buy,18.289978052018,33.24,2.8800011520005E-5,0,6.3688591670457,0,0,0,0,"	439,683" 
2005-12-01T21:00:00Z,"SHOO",2009-05-01T20:00:00Z,Buy,18.753286813383,28.47,7.500018604719,72.88,2.1258021753909,-38.87,190.25,229.13,1,"	440,1101" 
2006-01-03T21:00:00Z,"CBRL",2006-02-01T21:00:00Z,Buy,35.1,44,6,53.4,3.402870229187,-11.16,55.62,8.76,1,"	446,449" 
2006-01-03T21:00:00Z,"PTC",2006-06-01T20:00:00Z,Buy,18.49334258,14.88,13,-46.97,6.460681794651,-54.77,47.41,102.18,0,"	447,515" 
2006-01-03T21:00:00Z,"ASH",2006-07-03T17:00:00Z,Buy,59.9,66.89,3,20.97,11.023747821152,-6.78,44.13,50.91,1,"	445,525" 
2006-01-03T21:00:00Z,"ASH",2006-09-01T20:00:00Z,Buy,59.9,63.06,9,28.44,2.0899429477021,-20.34,132.39,152.73,1,"	445,547" 
2006-01-03T21:00:00Z,"SKX",2006-11-01T21:00:00Z,Buy,15.67,28.7,8,104.24,9.4719812858904,-0.48,118.08,55.28,1,"	448,587" 
2006-01-03T21:00:00Z,"SKX",2007-10-01T20:00:00Z,Buy,15.67,22.8,14,99.82,2.144893327281,-0.84,305.62,268.8,1,"	448,777" 
2006-02-01T21:00:00Z,"BKH",2006-04-03T20:00:00Z,Buy,35.61,34.25,7,-9.52,3.1731616463376,-17.85,55.65,17.85,0,"	457,474" 
2006-02-01T21:00:00Z,"FIZ",2006-04-03T20:00:00Z,Buy,8.76,11.31,20.000103199917,51,2.5792575406032,-37.2,65.8,14.8,1,"	460,477" 
2006-02-01T21:00:00Z,"FIZ",2006-05-01T20:00:00Z,Buy,8.76,15.46,15,100.5,2.1509765625,-27.9,106.2,26.1,1,"	460,492" 
2006-02-01T21:00:00Z,"CRUS",2006-08-01T20:00:00Z,Buy,8.5,6.56,51,-98.94,10.324596019228,-98.94,87.72,186.66,0,"	459,534" 
2006-02-01T21:00:00Z,"TNC",2006-09-01T20:00:00Z,Buy,27.75,26.82,10,-9.3,10.559960802936,-60.45,0,60.45,0,"	462,553" 
2006-02-01T21:00:00Z,"CPK",2006-10-02T20:00:00Z,Buy,31.48,30.2,10,-12.8,2.0997781299525,-35.1,39,52.8,0,"	458,566" 
2006-02-01T21:00:00Z,"ZEUS",2007-02-01T21:00:00Z,Buy,30.7,27.81,11,-31.79,4.2247891950292,-102.52,90.97,193.49,0,"	463,633" 
2006-02-01T21:00:00Z,"FIZ",2007-08-01T20:00:00Z,Buy,7.29999708,9.79,25,62.25,5.5015554702942,-38.75,187.92,126.67,1,"	460,744" 
2006-02-01T21:00:00Z,"TNC",2007-10-01T20:00:00Z,Buy,27.75,48.4,6,123.9,2.0597530864198,-36.27,129.96,36.27,1,"	462,778" 
2006-02-01T21:00:00Z,"TNC",2008-09-02T20:00:00Z,Buy,27.75,31.28,12,42.36,9.0001587188535,-72.54,259.92,294.24,1,"	462,966" 
2006-02-01T21:00:00Z,"FIZ",2010-05-03T20:00:00Z,Buy,7.29999708,11.65,1.3998867200538,6.09,6.219634963693,-2.17,10.52,10.63,1,"	460,1274" 
2006-02-01T21:00:00Z,"K",2010-12-01T21:00:00Z,Buy,43.71,49.44,5,28.65,2.050884749709,-39.15,68.15,107.3,1,"	461,1386" 
2006-03-01T21:00:00Z,"CMS",2006-04-03T20:00:00Z,Buy,14.2,13.01,15,-17.85,2.1513859275053,-18.6,34.5,18.6,0,"	468,476" 
2006-03-01T21:00:00Z,"LMS",2006-05-01T20:00:00Z,Buy,23.51,24.85,10,13.4,10.82123616023,-17,60.9,47.9,1,"	470,494" 
2006-03-01T21:00:00Z,"IIIN",2007-04-02T20:00:00Z,Buy,19.645,16.71,14,-41.09,7.8634130584799,-52.57,141.12,193.69,0,"	469,656" 
2006-04-03T20:00:00Z,"GPX",2006-05-01T20:00:00Z,Buy,6.9,7.2,43,12.9,3.8711723542961,-8.6,90.73,8.6,1,"	484,496" 
2006-04-03T20:00:00Z,"UFPI",2006-05-01T20:00:00Z,Buy,63.03,76.01,3,38.94,7.4336779836823,0,38.94,6.6,1,"	487,499" 
2006-04-03T20:00:00Z,"PLPC",2006-06-01T20:00:00Z,Buy,33.2,35.96,6,16.56,2.0878977641337,-8.76,82.8,14.34,1,"	485,514" 
2006-04-03T20:00:00Z,"TALK",2006-09-01T20:00:00Z,Buy,8.6,5.84,30,-82.8,4.9827504103502,-107.7,89.7,106.5,0,"	486,552" 
2006-04-03T20:00:00Z,"ADTN",2006-10-02T20:00:00Z,Buy,25.95,23.37,16,-41.28,7.2911118114186,-91.04,16.64,107.68,0,"	480,564" 
2006-04-03T20:00:00Z,"UFPI",2006-10-02T20:00:00Z,Buy,63.03,48.45,7,-102.06,4.1322530838777,-106.96,119,225.96,0,"	487,574" 
2006-04-03T20:00:00Z,"LII",2006-11-01T21:00:00Z,Buy,30.22,26.95,21,-68.67,12.911053391021,-185.64,90.51,276.15,0,"	483,585" 
2006-04-03T20:00:00Z,"WIRE",2007-03-01T21:00:00Z,Buy,33.22,25.15,10,-80.7,4.1947872716283,-120.6,133.1,253.7,0,"	488,647" 
2006-04-03T20:00:00Z,"GCI",2007-05-01T20:00:00Z,Buy,60.35,58.16,4,-8.76,2.0402668890742,-34.76,122.28,37.16,0,"	482,678" 
2006-04-03T20:00:00Z,"EGY",2007-06-01T20:00:00Z,Buy,6.83,4.86,52,-102.44,11.542705851926,-115.96,170.04,286,0,"	481,708" 
2006-05-01T20:00:00Z,"SRT",2006-07-03T17:00:00Z,Buy,23.32,14.72,23,-197.8,12.087523822501,-241.96,15.41,257.37,0,"	507,528" 
2006-05-01T20:00:00Z,"CPK",2006-10-02T20:00:00Z,Buy,29.87,30.2,11,3.63,3.124207643351,-20.9,60.61,58.08,1,"	500,566" 
2006-05-01T20:00:00Z,"JAKK",2006-10-02T20:00:00Z,Buy,23.46,17.65,18,-104.58,4.3644733044733,-141.48,0,141.48,0,"	502,568" 
2006-05-01T20:00:00Z,"PZZA",2006-10-02T20:00:00Z,Buy,33.49,35.11,6,9.72,9.7603890161233,-22.92,20.1,27.18,1,"	505,571" 
2006-05-01T20:00:00Z,"SCHN",2006-11-01T21:00:00Z,Buy,39.5,34.9,11.499985329992,-52.9,6.0064446420694,-372.98,30.21,118.22,0,"	506,586" 
2006-05-01T20:00:00Z,"MSM",2006-12-01T21:00:00Z,Buy,51.98,38.46,12,-162.24,12.949505211208,-174.36,32.64,207,0,"	504,599" 
2006-05-01T20:00:00Z,"PZZA",2007-02-01T21:00:00Z,Buy,33.49,28.26,15,-78.45,2.1534757422158,-96.9,64.05,160.95,0,"	505,626" 
2006-05-01T20:00:00Z,"LG",2007-03-01T21:00:00Z,Buy,33.06,31.26,24,-43.2,10.070743640072,-49.2,93.12,142.32,0,"	503,643" 
2006-05-01T20:00:00Z,"DECK",2007-04-02T20:00:00Z,Buy,42.49,70,3,82.53,8.0347006978417,-24.87,93.09,27.18,1,"	501,654" 
2006-05-01T20:00:00Z,"STLD",2007-05-01T20:00:00Z,Buy,32.145,44.21,12,144.78,4.1815068873702,-102.36,173.82,129.3,1,"	508,687" 
2006-05-01T20:00:00Z,"DECK",2007-07-02T20:00:00Z,Buy,42.49,100.96,2,116.94,2.0200118929633,-16.58,116.94,18.12,1,"	501,722" 
2006-05-01T20:00:00Z,"SCHN",2007-10-01T20:00:00Z,Buy,39.5,75.84,0.50001467000806,18.17,2.0310437986083,-16.22,18.17,7.26,1,"	506,775" 
2006-05-01T20:00:00Z,"DECK",2007-11-01T20:00:00Z,Buy,42.49,132.75,3,270.78,16.499118011787,-24.87,310.53,70.29,1,"	501,787" 
2006-05-01T20:00:00Z,"DECK",2008-11-03T21:00:00Z,Buy,42.49,80.65,2,76.32,2.0190167413346,-16.58,244.82,185.58,1,"	501,999" 
2006-05-01T20:00:00Z,"WEYS",2009-09-01T20:00:00Z,Buy,21.28,21.96,9.4999924999925,6.46,4.6992280114926,-37.81,172.52,182.87,1,"	509,1150" 
2006-06-01T20:00:00Z,"KBALB",2006-07-03T17:00:00Z,Buy,15.15,19.88,14,66.22,11.345399914332,0,66.22,9.24,1,"	518,527" 
2006-06-01T20:00:00Z,"MTEX",2006-08-01T20:00:00Z,Buy,13.93,14.35,20,8.4,6.3495909764459,-57.6,11.4,57.6,1,"	521,538" 
2006-06-01T20:00:00Z,"MLR",2006-10-02T20:00:00Z,Buy,20.04,18.03,18,-36.18,4.3618675118125,-60.84,20.88,81.72,0,"	520,570" 
2006-06-01T20:00:00Z,"KBALB",2006-11-01T21:00:00Z,Buy,15.15,24.56,12,112.92,2.1186473429952,0,119.76,43.08,1,"	518,584" 
2006-06-01T20:00:00Z,"HAE",2006-12-01T21:00:00Z,Buy,51.75,45.37,4,-25.52,3.6695111338972,-78.92,12.64,42.96,0,"	517,596" 
2006-06-01T20:00:00Z,"QDEL",2007-04-02T20:00:00Z,Buy,9.62,12.28,32,85.12,10.752846300005,-47.36,198.08,179.52,1,"	522,662" 
2006-06-01T20:00:00Z,"TTMI",2007-04-02T20:00:00Z,Buy,15.08,9.44,25,-141,4.5034935853614,-141.25,0,141.25,0,"	524,664" 
2006-06-01T20:00:00Z,"LMS",2007-05-01T20:00:00Z,Buy,24.38,26.8,11,26.62,6.1231380306526,-45.65,75.24,94.82,1,"	519,681" 
2006-06-01T20:00:00Z,"RSC",2007-05-01T20:00:00Z,Buy,14.83,16.43,31,49.6,4.6177153864266,-41.23,105.71,100.13,1,"	523,686" 
2006-06-01T20:00:00Z,"KBALB",2007-07-02T20:00:00Z,Buy,15.15,14.01,18,-20.52,2.18,-41.22,193.86,235.08,0,"	518,727" 
2006-06-01T20:00:00Z,"EXPO",2008-05-01T20:00:00Z,Buy,15.365,34.07,1,18.7,2.0717751084418,-8.92,21.66,3.86,1,"	516,888" 
2006-06-01T20:00:00Z,"EXPO",2009-11-02T21:00:00Z,Buy,15.365,26.11,13,139.68,5.9076966452939,-115.9,281.52,222.3,1,"	516,1170" 
2006-07-03T17:00:00Z,"LCUT",2006-09-01T20:00:00Z,Buy,22.11,20.11,20,-40,8.4667476804433,-57.4,0,57.4,0,"	532,549" 
2006-07-03T17:00:00Z,"CECO",2006-10-02T20:00:00Z,Buy,29.83,22.5,7,-51.31,2.0699296718017,-84.21,83.09,84.21,0,"	530,565" 
2006-07-03T17:00:00Z,"AP",2007-05-01T20:00:00Z,Buy,29.25,36.08,11,75.13,4.2220879602289,-68.09,85.36,145.53,1,"	529,676" 
2006-07-03T17:00:00Z,"GCI",2007-05-01T20:00:00Z,Buy,56.05,58.16,4,8.44,3.0645258570286,-17.56,139.48,29.44,1,"	531,678" 
2006-08-01T20:00:00Z,"SAM",2006-09-01T20:00:00Z,Buy,29.1,31.75,9,23.85,14.265668205769,-0.99,33.66,15.66,1,"	543,550" 
2006-08-01T20:00:00Z,"TALK",2006-09-01T20:00:00Z,Buy,5.98,5.84,38,-5.32,5.2122900330172,-36.86,213.18,14.44,0,"	544,552" 
2006-08-01T20:00:00Z,"WWE",2007-01-03T21:00:00Z,Buy,16.11,16.18,47,3.29,14.608447911794,-32.43,57.81,71.44,1,"	545,618" 
2006-08-01T20:00:00Z,"ANK",2007-02-01T21:00:00Z,Buy,18.34,30.15,8,94.48,11.552742948667,-8,104.32,44.96,1,"	541,622" 
2006-08-01T20:00:00Z,"ANK",2007-06-01T20:00:00Z,Buy,18.34,28.23,12,118.68,8.9783017861538,-12,156.48,91.8,1,"	541,703" 
2006-08-01T20:00:00Z,"SAM",2007-09-04T20:00:00Z,Buy,29.1,48.89,7,138.53,4.9295867492529,-0.77,143.85,45.57,1,"	543,756" 
2006-08-01T20:00:00Z,"SAM",2008-01-02T21:00:00Z,Buy,29.1,36.04,12,83.28,5.881461064609,-1.32,300.84,272.76,1,"	543,820" 
2006-08-01T20:00:00Z,"MRO",2008-06-02T20:00:00Z,Buy,45.3,51.66,12,76.32,9.6265253170139,-118.86,252.12,256.32,1,"	542,925" 
2006-09-01T20:00:00Z,"TESS",2006-10-02T20:00:00Z,Buy,23.71,31.52,8,62.48,6.7296505146829,-10.4,62.48,14.4,1,"	563,573" 
2006-09-01T20:00:00Z,"TESS",2007-02-01T21:00:00Z,Buy,15.806643667978,24.71,10,89.03,2.1105098389982,-8.67,103.43,47.2,1,"	563,630" 
2006-09-01T20:00:00Z,"MTEX",2007-04-02T20:00:00Z,Buy,14.96,15.35,21,8.19,18.738220519325,-31.5,90.3,121.8,1,"	559,660" 
2006-09-01T20:00:00Z,"PTSI",2007-05-01T20:00:00Z,Buy,25.93,18.91,18,-126.36,7.1066870375644,-126.36,17.64,144,0,"	562,685" 
2006-09-01T20:00:00Z,"DLTR",2007-07-02T20:00:00Z,Buy,29.01,43.82,7,103.67,10.209385154887,-4.41,115.92,25.13,1,"	556,723" 
2006-09-01T20:00:00Z,"MGLN",2007-07-02T20:00:00Z,Buy,47.48,46.32,13,-15.08,4.2581720411018,-96.72,4.03,96.72,0,"	558,728" 
2006-09-01T20:00:00Z,"OGE",2007-07-02T20:00:00Z,Buy,37.3,37,28,-8.4,7.9755277199288,-100.8,103.88,204.68,0,"	560,730" 
2006-09-01T20:00:00Z,"TESS",2007-10-01T20:00:00Z,Buy,15.806643667978,15.55,12,-3.08,5.237578166886,-80.72,186.64,267.36,0,"	563,779" 
2006-09-01T20:00:00Z,"DLTR",2008-02-01T21:00:00Z,Buy,29.01,27.79,15,-18.3,6.5016927947499,-115.65,248.4,364.05,0,"	556,832" 
2006-09-01T20:00:00Z,"IVAC",2008-04-01T20:00:00Z,Buy,17.38,13.94,15,-51.6,10.656352550352,-108.6,197.85,306.45,0,"	557,869" 
2006-09-01T20:00:00Z,"COP",2008-05-01T20:00:00Z,Buy,64.22,86.59,4,89.48,2.2391568858813,-63.48,103.88,76,1,"	561,896" 
2006-09-01T20:00:00Z,"TESS",2011-02-01T21:00:00Z,Buy,10.5377677142,12.44,0.75004873127253,1.43,2.2699652777778,-3.36,7.78,11.14,1,"	563,1416" 
2006-10-02T20:00:00Z,"BWS",2006-12-01T21:00:00Z,Buy,36.11,45.31,6,55.2,9.0251552162741,0,68.04,12.84,1,"	576,593" 
2006-10-02T20:00:00Z,"SPH",2007-02-01T21:00:00Z,Buy,33.88,38.71,26,125.58,4.5224102709019,-7.02,134.68,81.38,1,"	581,628" 
2006-10-02T20:00:00Z,"PCLN",2007-03-01T21:00:00Z,Buy,36.76,53.16,10,164,8.6274253791364,0,174,26.1,1,"	580,644" 
2006-10-02T20:00:00Z,"WCC",2007-03-01T21:00:00Z,Buy,56.9,66,7,63.7,4.1379159596662,0,97.79,96.18,1,"	583,646" 
2006-10-02T20:00:00Z,"GPI",2007-04-02T20:00:00Z,Buy,49.67,39.82,7,-68.95,8.2001983385888,-69.44,54.32,123.76,0,"	577,655" 
2006-10-02T20:00:00Z,"AEOS",2007-06-01T20:00:00Z,Buy,29.74001487,27.19,15.999961929984,-40.8,2.1120342465753,-262.93,73.6,117.76,0,"	575,702" 
2006-10-02T20:00:00Z,"BWS",2007-06-01T20:00:00Z,Buy,24.07334537,29.9,13,75.75,12.013969671609,0,171.08,142.26,1,"	576,705" 
2006-10-02T20:00:00Z,"MOH",2007-06-01T20:00:00Z,Buy,34.86,32.4,13,-31.98,4.2604066626651,-67.21,75.92,143.13,0,"	579,710" 
2006-10-02T20:00:00Z,"THO",2007-06-01T20:00:00Z,Buy,41.11,44.85,13,48.62,8.8477530414427,-28.99,83.46,112.45,1,"	582,711" 
2006-10-02T20:00:00Z,"ICUI",2007-07-02T20:00:00Z,Buy,45.75,43.25,14,-35,19.108282926015,-108.36,31.5,139.86,0,"	578,725" 
2006-10-02T20:00:00Z,"BWS",2011-02-01T21:00:00Z,Buy,24.07334537,13.29,0.49999325000338,-5.39,6.1027158585416,-6.79,6.58,13.37,0,"	576,1410" 
2006-10-02T20:00:00Z,"AEOS",2013-08-01T20:00:00Z,Buy,29.74001487,19.92,0.50002982001973,-4.91,2.4059093224656,-8.22,2.3,8.36,0,"	575,1872" 
2006-11-01T21:00:00Z,"FAF",2006-12-01T21:00:00Z,Buy,40.38,38.63,5,-8.75,2.933259242627,-93.25,43.5,16.85,0,"	588,595" 
2006-11-01T21:00:00Z,"OFIX",2006-12-01T21:00:00Z,Buy,43.24,43.49,16,4,9.8705260170103,-11.52,36.8,34.4,1,"	589,600" 
2006-11-01T21:00:00Z,"WMK",2006-12-01T21:00:00Z,Buy,39.8,39.89,5,0.45,3.255242358752,-59.3,31.8,6.7,1,"	591,603" 
2006-11-01T21:00:00Z,"XOM",2007-02-01T21:00:00Z,Buy,71.07,75.08,3,12.03,6.9772595718286,-0.84,22.92,23.76,1,"	592,632" 
2006-11-01T21:00:00Z,"XOM",2008-01-02T21:00:00Z,Buy,71.07,93.56,3,67.47,4.2049486401255,-3.63,71.94,38.25,1,"	592,822" 
2006-11-01T21:00:00Z,"VLO",2008-04-01T20:00:00Z,Buy,51.1,51.87,4,3.08,2.0390971690895,-138.19,106.48,124.12,1,"	590,873" 
2006-11-01T21:00:00Z,"XOM",2008-11-03T21:00:00Z,Buy,71.07,74.39,3,9.96,6.359494958948,-28.2,71.94,100.14,1,"	592,1013" 
2006-11-01T21:00:00Z,"XOM",2009-11-02T21:00:00Z,Buy,71.07,72.15,5,5.4,5.5607848528629,-47,119.9,166.9,1,"	592,1178" 
2006-12-01T21:00:00Z,"CNXS",2006-12-20T05:00:00Z,Buy,37.33,37.49,9,1.44,2.2527282030543,0,1.44,0.9,1,"	605,614" 
2006-12-01T21:00:00Z,"PFE",2007-01-03T21:00:00Z,Buy,27.86,26.31,9,-13.95,7.1407728096481,-27.54,0,27.54,0,"	612,617" 
2006-12-01T21:00:00Z,"DIOD",2007-02-01T21:00:00Z,Buy,41.09,37.12,10,-39.7,6.1492990918065,-82.6,12.5,95.1,0,"	608,623" 
2006-12-01T21:00:00Z,"SPTN",2007-02-01T21:00:00Z,Buy,20.27,23.5,16,51.68,7.3933805562192,-8.48,54.24,20.48,1,"	613,629" 
2006-12-01T21:00:00Z,"EBF",2007-03-01T21:00:00Z,Buy,22.74,25.39,9,23.85,12.487954463671,0,38.07,15.21,1,"	609,642" 
2006-12-01T21:00:00Z,"MLI",2007-04-02T20:00:00Z,Buy,33.52,29.86,16,-58.56,4.3165245828824,-88.32,15.04,103.36,0,"	611,659" 
2006-12-01T21:00:00Z,"CMI",2007-05-01T20:00:00Z,Buy,59.315,92,10,326.85,4.1494015601807,-21.9,368.35,60.35,1,"	607,677" 
2006-12-01T21:00:00Z,"CRS",2007-06-01T20:00:00Z,Buy,107.51,135.68,3,84.51,8.9544513034077,-30.66,87,47.85,1,"	606,707" 
2006-12-01T21:00:00Z,"EBF",2007-07-02T20:00:00Z,Buy,22.74,23.98,30,37.2,7.1807045309663,-6,151.5,157.5,1,"	609,724" 
2006-12-01T21:00:00Z,"ICUI",2007-07-02T20:00:00Z,Buy,40.34,43.25,5,14.55,3.4297311268306,-11.65,38.3,23,1,"	610,725" 
2006-12-01T21:00:00Z,"PFE",2007-09-04T20:00:00Z,Buy,27.86,25.09,30,-83.1,2.3845986284792,-130.8,0,130.8,0,"	612,755" 
2006-12-01T21:00:00Z,"AMWD",2007-10-01T20:00:00Z,Buy,38.35,26.19,12,-145.92,8.8501944851871,-169.44,81.72,251.16,0,"	604,773" 
2007-01-03T21:00:00Z,"LAWS",2007-04-02T20:00:00Z,Buy,44.97,36.84,9,-73.17,4.1758980347039,-93.87,18.27,112.14,0,"	621,657" 
2007-01-03T21:00:00Z,"AEIS",2007-05-01T20:00:00Z,Buy,18.72,24.9,11,67.98,12.210110300711,-22.33,69.41,25.63,1,"	619,674" 
2007-01-03T21:00:00Z,"CVX",2007-08-01T20:00:00Z,Buy,71,85.11,3,42.33,10.97423380674,-13.62,67.02,24.69,1,"	620,742" 
2007-01-03T21:00:00Z,"AEIS",2008-04-01T20:00:00Z,Buy,18.72,13.68,13,-65.52,11.470184701436,-114.92,90.48,205.4,0,"	619,866" 
2007-01-03T21:00:00Z,"CVX",2008-11-03T21:00:00Z,Buy,71,73.61,4,10.44,11.600339313836,-49.6,128.28,177.88,1,"	620,998" 
2007-01-03T21:00:00Z,"CVX",2009-12-01T21:00:00Z,Buy,71,79.06,5,40.3,7.1735568097521,-72.65,160.35,233,1,"	620,1195" 
2007-02-01T21:00:00Z,"OMM",2007-04-02T20:00:00Z,Buy,21.99,26.77,17,81.26,10.170273681646,-14.11,84.66,16.66,1,"	640,661" 
2007-02-01T21:00:00Z,"GISX",2007-05-01T20:00:00Z,Buy,19.52,28.92,27,253.8,23.441594108538,-6.75,253.8,26.19,1,"	636,679" 
2007-02-01T21:00:00Z,"NVDA",2007-05-01T20:00:00Z,Buy,31.04,33.24,10.999971199988,24.2,5.4752809341184,-144.32,41.69,71.28,1,"	639,683" 
2007-02-01T21:00:00Z,"GISX",2007-05-12T04:00:00Z,Buy,19.52,29.02,7,66.5,0,-1.75,66.71,6.79,1,"	636,701" 
2007-02-01T21:00:00Z,"JNJ",2007-06-01T20:00:00Z,Buy,67.06,63.38,4,-14.72,11.55710270472,-28.24,0,28.24,0,"	638,709" 
2007-02-01T21:00:00Z,"OMM",2007-06-09T04:00:00Z,Buy,21.99,29.22,20,144.6,0,-16.6,145.4,19.6,1,"	640,721" 
2007-02-01T21:00:00Z,"ABM",2007-08-01T20:00:00Z,Buy,26.19,25.16,9,-9.27,8.4342244887653,-28.44,38.07,66.51,0,"	634,739" 
2007-02-01T21:00:00Z,"UHS",2007-09-04T20:00:00Z,Buy,57.94,52.14,15,-87,7.349993185613,-137.7,75.6,213.3,0,"	641,758" 
2007-02-01T21:00:00Z,"JJSF",2007-12-03T21:00:00Z,Buy,41.57,31.79,13,-127.14,21.968953769968,-127.14,2.6,129.74,0,"	637,797" 
2007-02-01T21:00:00Z,"JNJ",2007-12-03T21:00:00Z,Buy,67.06,67.72,3,1.98,2.6643746045005,-21.93,4.08,21.93,1,"	638,798" 
2007-02-01T21:00:00Z,"ABM",2008-01-02T21:00:00Z,Buy,26.19,20.16,19,-114.57,2.187948969578,-129.39,80.37,209.76,0,"	634,814" 
2007-02-01T21:00:00Z,"BKE",2008-02-01T21:00:00Z,Buy,33.8,42.14,6,50.04,21.168790286366,-16.86,56.52,73.38,1,"	635,831" 
2007-02-01T21:00:00Z,"JNJ",2008-08-01T20:00:00Z,Buy,67.06,68.15,3,3.27,2.8357890599366,-21.93,5.82,21.93,1,"	638,951" 
2007-02-01T21:00:00Z,"JNJ",2008-11-03T21:00:00Z,Buy,67.06,61.21,11,-64.35,2.1094991055456,-109.56,56.87,166.43,0,"	638,1003" 
2007-02-01T21:00:00Z,"BKE",2009-10-01T20:00:00Z,Buy,22.5333446,33.52,14,153.81,4.9511486786255,-111.35,266.47,377.81,1,"	635,1154" 
2007-02-01T21:00:00Z,"JNJ",2009-12-01T21:00:00Z,Buy,67.06,63.51,3,-10.65,7.4523970878652,-61.47,15.51,76.98,0,"	638,1198" 
2007-02-01T21:00:00Z,"BKE",2014-04-01T20:00:00Z,Buy,22.5333446,46.33,0.99999250000375,23.8,14.426536975598,-7.95,34.61,26.99,1,"	635,2045" 
2007-02-01T21:00:00Z,"NVDA",2015-06-01T20:00:00Z,Buy,31.04,22.38,2.8800011520005E-5,0,3.4649490613633,0,0,0,0,"	639,2349" 
2007-03-01T21:00:00Z,"AMED",2007-05-01T20:00:00Z,Buy,31.72,33.86,17.667004435888,37.81,9.951727638581,-247.42,58.8,62.72,1,"	648,675" 
2007-03-01T21:00:00Z,"MGPI",2007-05-01T20:00:00Z,Buy,19.17,19.59,18,7.56,4.351203853263,-18.9,28.08,24.48,1,"	650,682" 
2007-03-01T21:00:00Z,"BIO",2007-09-04T20:00:00Z,Buy,71.14,85.57,9,129.87,8.4924932008581,-31.23,129.87,51.57,1,"	649,751" 
2007-03-01T21:00:00Z,"AMED",2007-11-01T20:00:00Z,Buy,31.72,42.45,0.33299556411238,3.57,5.5721824079819,-4.66,3.89,1.18,1,"	648,785" 
2007-03-01T21:00:00Z,"SPTN",2007-12-03T21:00:00Z,Buy,23.55,22.6,14,-13.3,7.0896594433225,-64.68,150.64,215.32,0,"	651,802" 
2007-03-01T21:00:00Z,"X",2008-03-03T21:00:00Z,Buy,87.8,108,4,80.8,7.5492119342918,-28.4,148.36,176.76,1,"	653,854" 
2007-03-01T21:00:00Z,"UAUA",2008-05-01T20:00:00Z,Buy,39.98,16.1,10,-238.8,8.0716190972275,-264.3,115.1,379.4,0,"	652,900" 
2007-04-02T20:00:00Z,"TZOO",2007-05-01T20:00:00Z,Buy,36.95,27.35,8,-76.8,8.9284807096583,-76.8,22.72,99.52,0,"	672,688" 
2007-04-02T20:00:00Z,"AHS",2007-08-01T20:00:00Z,Buy,22.94,21.71,19,-23.37,6.999435762134,-37.05,39.52,76.57,0,"	665,740" 
2007-04-02T20:00:00Z,"USNA",2007-09-04T20:00:00Z,Buy,47.44,39.98,9,-67.14,4.1854206103443,-161.64,24.57,186.21,0,"	673,759" 
2007-04-02T20:00:00Z,"LDL",2008-01-02T21:00:00Z,Buy,16.68,10.26,25,-160.5,5.0643454772829,-197,44.25,241.25,0,"	668,817" 
2007-04-02T20:00:00Z,"PCCC",2008-01-02T21:00:00Z,Buy,13.82,11.28,21,-53.34,10.849657956964,-61.53,34.65,88.2,0,"	669,819" 
2007-04-02T20:00:00Z,"ALB",2008-04-01T20:00:00Z,Buy,42.01,37,16,-80.16,34.923125997355,-130.56,93.44,224,0,"	666,867" 
2007-04-02T20:00:00Z,"RIMG",2008-11-03T21:00:00Z,Buy,25.96,15.05,22,-240.02,27.550867157095,-330.88,175.12,506,0,"	670,1007" 
2007-04-02T20:00:00Z,"SHOO",2009-05-01T20:00:00Z,Buy,29.49,28.47,5.499981395281,-5.61,4.5905253228625,-87.56,80.46,109.67,0,"	671,1101" 
2007-04-02T20:00:00Z,"JNJ",2009-12-01T21:00:00Z,Buy,60.11,63.51,4,13.6,2.7485892888093,-54.16,48.48,102.64,1,"	667,1198" 
2007-04-02T20:00:00Z,"SHOO",2010-10-01T20:00:00Z,Buy,19.66003317628,41.2,2.2500241101594,48.47,2.0501704822211,-23.88,50.27,29.91,1,"	671,1357" 
2007-05-01T20:00:00Z,"IIIN",2007-07-02T20:00:00Z,Buy,16.43,18.18,21,36.75,12.462477126042,0,67.83,34.86,1,"	692,726" 
2007-05-01T20:00:00Z,"CALM",2007-08-01T20:00:00Z,Buy,12.74,18.15,13,70.33,9.7077624553605,-8.32,129.22,58.89,1,"	689,741" 
2007-05-01T20:00:00Z,"KELYA",2007-09-04T20:00:00Z,Buy,28.93,22.75,21,-129.78,14.325430094679,-189.21,1.89,191.1,0,"	693,754" 
2007-05-01T20:00:00Z,"LNDC",2007-10-01T20:00:00Z,Buy,12.54,16,36,124.56,8.5011897541117,-95.4,124.56,147.96,1,"	694,774" 
2007-05-01T20:00:00Z,"FAF",2007-12-03T21:00:00Z,Buy,51,34.29,16,-267.36,5.6032950047416,-333.76,65.12,398.88,0,"	690,795" 
2007-05-01T20:00:00Z,"UCTT",2007-12-03T21:00:00Z,Buy,14.49,13.8,19,-13.11,4.3705167442418,-38.57,39.71,78.28,0,"	698,804" 
2007-05-01T20:00:00Z,"GIII",2008-01-02T21:00:00Z,Buy,17.59,13.59,18,-72,10.793458692546,-97.56,79.2,176.76,0,"	691,815" 
2007-05-01T20:00:00Z,"ZMH",2008-02-01T21:00:00Z,Buy,88.57,79.09,10,-94.8,10.68308051225,-250.2,24.1,274.3,0,"	700,837" 
2007-05-01T20:00:00Z,"CALM",2008-03-03T21:00:00Z,Buy,12.74,32.68,8,159.52,2.0757797101449,-5.12,183.6,64.8,1,"	689,847" 
2007-05-01T20:00:00Z,"ODP",2008-03-03T21:00:00Z,Buy,33.91,11.08,6,-136.98,2.0605896366885,-136.98,63.72,151.92,0,"	696,851" 
2007-05-01T20:00:00Z,"USMO",2008-04-01T20:00:00Z,Buy,21.28,7.45,26,-359.58,11.264493879529,-377.26,178.36,555.62,0,"	699,872" 
2007-05-01T20:00:00Z,"CALM",2008-10-01T20:00:00Z,Buy,12.74,27.42,10,146.8,6.2028882094317,-6.4,349.1,212.9,1,"	689,974" 
2007-05-01T20:00:00Z,"SYK",2009-01-02T21:00:00Z,Buy,65.18,41.35,14,-333.62,10.437242514041,-400.96,160.44,561.4,0,"	697,1039" 
2007-05-01T20:00:00Z,"MOV",2009-02-02T21:00:00Z,Buy,32.64,7.66,12,-299.76,10.023991008245,-312.12,25.08,337.2,0,"	695,1052" 
2007-06-01T20:00:00Z,"CMI",2007-08-01T20:00:00Z,Buy,94.1,120.05,2,51.9,7.4273616273302,-1.34,51.9,18.46,1,"	714,743" 
2007-06-01T20:00:00Z,"PFE",2007-09-04T20:00:00Z,Buy,27.7,25.09,8,-20.88,2.6777050875695,-33.6,1.28,33.6,0,"	716,755" 
2007-06-01T20:00:00Z,"TSRA",2007-12-03T21:00:00Z,Buy,45.73,38.9,10,-68.3,14.505226656139,-129.4,0,129.4,0,"	720,803" 
2007-06-01T20:00:00Z,"BW",2008-03-03T21:00:00Z,Buy,54.4,26.82,5,-137.9,17.174839241014,-146.5,20,166.5,0,"	713,846" 
2007-06-01T20:00:00Z,"ONNN",2008-03-03T21:00:00Z,Buy,10.81,5.93,39,-190.32,11.866609238903,-198.12,85.02,283.14,0,"	715,852" 
2007-06-01T20:00:00Z,"STLD",2008-04-01T20:00:00Z,Buy,24.245,34.36,8,80.92,22.357349134044,-49.08,88.16,57.68,1,"	719,871" 
2007-06-01T20:00:00Z,"CMI",2008-05-01T20:00:00Z,Buy,47.05,65.75,6,112.2,2.062958825407,-26.1,138.21,164.31,1,"	714,887" 
2007-06-01T20:00:00Z,"BRKS",2008-06-02T20:00:00Z,Buy,17.7,9.89,30,-234.3,17.791728180276,-249,67.8,316.8,0,"	712,919" 
2007-06-01T20:00:00Z,"QDEL",2008-11-03T21:00:00Z,Buy,14.57,15.83,31,39.06,14.963913888254,-41.54,194.37,235.91,1,"	717,1006" 
2007-06-01T20:00:00Z,"STLD",2008-11-03T21:00:00Z,Buy,24.245,11.54,12,-152.46,2.1161744966443,-203.22,197.1,400.32,0,"	719,1009" 
2007-06-01T20:00:00Z,"RS",2010-06-01T20:00:00Z,Buy,62.34,43.67,7,-130.69,14.249324153241,-347.76,110.46,458.22,0,"	718,1307" 
2007-07-02T20:00:00Z,"SCHN",2007-10-01T20:00:00Z,Buy,49.09,75.84,2.4999853299919,66.87,7.3903721646533,-105.06,66.87,36.27,1,"	738,775" 
2007-07-02T20:00:00Z,"AMED",2007-11-01T20:00:00Z,Buy,36.86,42.45,4.6670044358876,26.09,3.6148818645752,-89.35,30.52,16.24,1,"	731,785" 
2007-07-02T20:00:00Z,"IPG",2008-02-01T21:00:00Z,Buy,11.32,8.99,69,-160.77,8.5549590322766,-270.48,20.01,290.49,0,"	735,833" 
2007-07-02T20:00:00Z,"MAT",2008-02-01T21:00:00Z,Buy,25.74,21.3,35,-155.4,14.660335172543,-317.8,52.5,370.3,0,"	736,834" 
2007-07-02T20:00:00Z,"HHGP",2008-04-01T20:00:00Z,Buy,21.56,8.96,18,-226.8,18.261295220813,-275.76,20.16,295.92,0,"	734,868" 
2007-07-02T20:00:00Z,"AMED",2008-05-01T20:00:00Z,Buy,36.86,52.34,13,201.24,2.1313552123552,-248.88,201.24,158.99,1,"	731,885" 
2007-07-02T20:00:00Z,"AVT",2008-06-02T20:00:00Z,Buy,41.37,29.37,13,-156,14.541290479366,-197.6,38.74,236.34,0,"	733,918" 
2007-07-02T20:00:00Z,"SCHN",2008-06-02T20:00:00Z,Buy,49.09,100.92,2,103.66,2.0201557819053,-84.05,103.66,59.82,1,"	738,927" 
2007-07-02T20:00:00Z,"APU",2008-10-01T20:00:00Z,Buy,36.55,30.12,8,-51.44,9.3849147688791,-61.68,10.72,72.4,0,"	732,973" 
2007-07-02T20:00:00Z,"APU",2008-11-03T21:00:00Z,Buy,36.55,31.48,13,-65.91,2.1309568,-213.98,17.42,231.4,0,"	732,996" 
2007-07-02T20:00:00Z,"SCHN",2009-01-02T21:00:00Z,Buy,49.09,40.18,4,-35.64,3.2543413277933,-168.09,262.04,392.08,0,"	738,1038" 
2007-07-02T20:00:00Z,"MKSI",2009-04-01T20:00:00Z,Buy,27.68,15.31,24,-296.88,17.204553256381,-389.52,2.64,392.16,0,"	737,1080" 
2007-07-02T20:00:00Z,"SCHN",2010-01-04T21:00:00Z,Buy,49.09,50,0.50001467000806,0.46,4.7955355344229,-21.01,32.76,49.01,1,"	738,1221" 
2007-07-02T20:00:00Z,"AMED",2010-02-01T21:00:00Z,Buy,36.86,57.07,0.33299556411238,6.73,2.0519290263876,-6.38,9.73,13.37,1,"	731,1226" 
2007-07-02T20:00:00Z,"APU",2010-06-01T20:00:00Z,Buy,36.55,38.96,6,14.46,2.0591198786039,-98.76,38.04,106.8,1,"	732,1303" 
2007-08-01T20:00:00Z,"SCVL",2007-10-01T20:00:00Z,Buy,22.29,15.79,10,-65,2.1017343678686,-83,129.2,74.3,0,"	749,776" 
2007-08-01T20:00:00Z,"NTGR",2008-05-01T20:00:00Z,Buy,27.53,17.1,11,-114.73,15.351645105648,-124.52,101.97,226.49,0,"	748,894" 
2007-08-01T20:00:00Z,"JAKK",2009-04-01T20:00:00Z,Buy,24.16,12.65,16,-184.16,8.4773893402849,-222.08,93.28,315.36,0,"	747,1078" 
2007-09-04T20:00:00Z,"LRCX",2007-11-01T20:00:00Z,Buy,54.41,48.84,4,-22.28,2.0405817639381,-115.2,22.28,30.24,0,"	766,788" 
2007-09-04T20:00:00Z,"NHC",2007-12-03T21:00:00Z,Buy,52.66,49.13,4,-14.12,7.1539254366481,-103.36,23.72,31.76,0,"	769,799" 
2007-09-04T20:00:00Z,"TFX",2008-01-02T21:00:00Z,Buy,78.15,63.05,7,-105.7,4.1404134233808,-146.02,0,146.02,0,"	772,821" 
2007-09-04T20:00:00Z,"ASTE",2008-03-03T21:00:00Z,Buy,53.05,37.43,9,-140.58,12.128648015052,-234.9,61.83,296.73,0,"	761,845" 
2007-09-04T20:00:00Z,"DLX",2008-03-03T21:00:00Z,Buy,37.74,19.97,10,-177.7,4.1951998190699,-177.7,26.5,204.2,0,"	763,848" 
2007-09-04T20:00:00Z,"LRW",2008-05-01T20:00:00Z,Buy,20.54,12.67,18,-141.66,9.1749456557295,-162.36,9.36,171.72,0,"	765,891" 
2007-09-04T20:00:00Z,"MLR",2008-05-01T20:00:00Z,Buy,17.72,11,23,-154.56,30.53802613699,-201.25,6.9,208.15,0,"	767,893" 
2007-09-04T20:00:00Z,"RSC",2008-07-01T20:00:00Z,Buy,19.2,11.14,25,-201.5,5.6663029305804,-201.5,86.75,288.25,0,"	770,942" 
2007-09-04T20:00:00Z,"AZZ",2008-08-01T20:00:00Z,Buy,28.63,46.14,11,192.61,20.249083601036,-39.27,203.94,133.43,1,"	762,948" 
2007-09-04T20:00:00Z,"HOFT",2009-01-02T21:00:00Z,Buy,18.67,7.67,22,-242,19.370864457982,-278.3,111.98,390.28,0,"	764,1037" 
2007-09-04T20:00:00Z,"MOV",2009-02-02T21:00:00Z,Buy,30.09,7.66,7,-157.01,2.0715698267074,-164.22,32.48,194.6,0,"	768,1052" 
2007-09-04T20:00:00Z,"ANK",2009-07-01T20:00:00Z,Buy,34.89,39.86,11,54.67,4.2262284423974,-230.34,60.28,269.28,1,"	760,1131" 
2007-09-04T20:00:00Z,"SHOO",2010-10-01T20:00:00Z,Buy,16.133360558358,41.2,2.7499758898406,68.93,2.0982940698619,-19.49,71.13,27.13,1,"	771,1357" 
2007-09-04T20:00:00Z,"SHOO",2012-08-01T20:00:00Z,Buy,10.755574310573,39.41,16,458.47,2.1559633935197,-75.59,549.19,214.24,1,"	771,1695" 
2007-10-01T20:00:00Z,"HUBG",2007-12-03T21:00:00Z,Buy,29.9,25.95,7,-27.65,2.5418939058669,-190.3,63.42,67.9,0,"	781,796" 
2007-10-01T20:00:00Z,"GRP",2008-04-22T04:00:00Z,Buy,54.74,57.12,10,23.8,2.1006620080912,-94.6,23.8,110.2,1,"	780,884" 
2007-10-01T20:00:00Z,"PETS",2008-11-03T21:00:00Z,Buy,14.45,18.25,14,53.2,16.014018825186,-49.84,53.2,54.04,1,"	783,1005" 
2007-10-01T20:00:00Z,"VLGEA",2008-11-03T21:00:00Z,Buy,52.12,50.26,5,-9.3,22.279757932943,-72.65,19.9,92.55,0,"	784,1011" 
2007-10-01T20:00:00Z,"METH",2009-02-02T21:00:00Z,Buy,16.05,4.9,23,-256.45,8.6856373615951,-262.66,15.64,278.3,0,"	782,1051" 
2007-10-01T20:00:00Z,"VLGEA",2010-02-01T21:00:00Z,Buy,26.06,26.13,14,0.98,5.1898198368221,-101.71,91.7,129.57,1,"	784,1230" 
2007-10-01T20:00:00Z,"PETS",2011-09-01T20:00:00Z,Buy,14.45,9.94,29,-130.79,13.09465323636,-144.71,291.45,436.16,0,"	783,1521" 
2007-11-01T20:00:00Z,"FAF",2007-12-03T21:00:00Z,Buy,30.5,34.29,8,30.32,2.0809555408096,-2.88,196.56,27.12,1,"	791,795" 
2007-11-01T20:00:00Z,"RGR",2007-12-03T21:00:00Z,Buy,8.62,8.77,27,4.05,7.5260727091209,-32.94,35.91,32.94,1,"	794,801" 
2007-11-01T20:00:00Z,"OIS",2008-01-02T21:00:00Z,Buy,42.6,34.34,14,-115.64,17.702123457095,-166.04,0,166.04,0,"	793,818" 
2007-11-01T20:00:00Z,"BRKS",2008-06-02T20:00:00Z,Buy,12.69,9.89,19,-53.2,5.2080333844514,-62.51,138.13,83.22,0,"	790,919" 
2007-11-01T20:00:00Z,"JNJ",2009-12-01T21:00:00Z,Buy,64.6,63.51,5,-5.45,3.2908557126216,-90.15,38.15,128.3,0,"	792,1198" 
2007-12-03T21:00:00Z,"LNDC",2008-03-03T21:00:00Z,Buy,12.66,9.53,34,-106.42,7.358710575154,-126.48,40.46,166.94,0,"	809,850" 
2007-12-03T21:00:00Z,"HHGP",2008-04-01T20:00:00Z,Buy,8.68,8.96,25,7,2.2435465768799,-61,350,75.5,1,"	806,868" 
2007-12-03T21:00:00Z,"IMMR",2008-05-01T20:00:00Z,Buy,13.27,11.06,25,-55.25,14.077748183429,-166.5,21.25,187.75,0,"	807,889" 
2007-12-03T21:00:00Z,"LXU",2008-06-02T20:00:00Z,Buy,22.49,17.5,17,-84.83,4.3318304511649,-144.84,96.22,241.06,0,"	810,924" 
2007-12-03T21:00:00Z,"NVTL",2008-06-02T20:00:00Z,Buy,15.32,10.19,21,-107.73,14.281213981482,-158.76,39.27,198.03,0,"	812,926" 
2007-12-03T21:00:00Z,"USPH",2008-07-01T20:00:00Z,Buy,13.55,16.35,17,47.6,20.2514421787,-9.52,77.35,29.75,1,"	813,943" 
2007-12-03T21:00:00Z,"USPH",2008-09-02T20:00:00Z,Buy,13.55,19.98,19,122.17,2.1915338042381,-10.64,131.1,39.52,1,"	813,967" 
2007-12-03T21:00:00Z,"FCX",2008-10-01T20:00:00Z,Buy,96.67,52.97,4,-174.8,8.8069650718541,-174.8,117,291.8,0,"	805,978" 
2007-12-03T21:00:00Z,"VIVO",2008-10-01T20:00:00Z,Buy,30.77,29.55,18,-21.96,27.833547435407,-122.58,92.34,214.92,0,"	808,981" 
2007-12-03T21:00:00Z,"NEOG",2008-10-01T20:00:00Z,Buy,26.19,28.42,9,20.07,19.055731578389,-30.6,39.15,49.41,1,"	811,984" 
2007-12-03T21:00:00Z,"USPH",2009-06-01T20:00:00Z,Buy,13.55,14.18,19,11.97,6.7800004778971,-119.7,131.1,250.8,1,"	813,1122" 
2007-12-03T21:00:00Z,"NEOG",2010-07-01T20:00:00Z,Buy,17.459973816559,25.76,8,66.4,4.3500858433382,-44.05,81.6,70.72,1,"	811,1318" 
2007-12-03T21:00:00Z,"NEOG",2011-01-03T21:00:00Z,Buy,17.459973816559,42.26,6,148.8,2.0617986838898,-33.04,148.8,53.04,1,"	811,1402" 
2007-12-03T21:00:00Z,"USPH",2011-06-01T20:00:00Z,Buy,13.55,24.02,9,94.23,5.5367040225389,-56.7,109.71,118.8,1,"	813,1486" 
2007-12-03T21:00:00Z,"NEOG",2011-10-03T20:00:00Z,Buy,17.459973816559,32.08,14,204.68,9.2456597138861,-77.09,424.48,219.8,1,"	811,1541" 
2007-12-03T21:00:00Z,"USPH",2013-06-03T20:00:00Z,Buy,13.55,28.9,13,199.55,2.2468327402135,-81.9,199.55,171.6,1,"	813,1853" 
2008-01-02T21:00:00Z,"OYOG",2008-02-01T21:00:00Z,Buy,73.63,54.5,5,-95.65,4.8845000765421,-116.55,0,116.55,0,"	826,835" 
2008-01-02T21:00:00Z,"HP",2008-03-03T21:00:00Z,Buy,42.22,45.68,5,17.3,4.2300456179164,-37.05,23.9,37.05,1,"	825,849" 
2008-01-02T21:00:00Z,"CHE",2008-05-01T20:00:00Z,Buy,54.5,34.7,10,-198,23.319591522942,-219.2,15.5,234.7,0,"	823,886" 
2008-01-02T21:00:00Z,"ZEUS",2008-05-01T20:00:00Z,Buy,32.2,50.39,5,90.95,15.090324647929,-14.35,95,21.75,1,"	830,901" 
2008-01-02T21:00:00Z,"FLO",2008-06-02T20:00:00Z,Buy,22.9,27.91,31,155.31,8.5861907085825,-34.72,188.48,81.22,1,"	824,921" 
2008-01-02T21:00:00Z,"HP",2008-06-02T20:00:00Z,Buy,42.22,63.41,4,84.76,2.4018826045739,-29.64,84.76,29.64,1,"	825,923" 
2008-01-02T21:00:00Z,"UEIC",2008-06-02T20:00:00Z,Buy,34.2,24.91,13,-120.77,16.265609023779,-200.46,0,200.46,0,"	828,928" 
2008-01-02T21:00:00Z,"ZEUS",2008-07-01T20:00:00Z,Buy,32.2,70.47,4,153.08,2.0371285563751,-11.48,174.88,21.8,1,"	830,944" 
2008-01-02T21:00:00Z,"SNHY",2008-11-03T21:00:00Z,Buy,24.26,20.13,12,-49.56,8.6374019994518,-89.28,213.6,302.88,0,"	827,1008" 
2008-01-02T21:00:00Z,"LNT",2008-11-03T21:00:00Z,Buy,40.31,29.77,12,-126.48,6.654081138255,-186.96,22.08,209.04,0,"	829,1012" 
2008-01-02T21:00:00Z,"HP",2009-03-02T21:00:00Z,Buy,42.22,20.72,8,-172,4.9791108512482,-192.88,276.96,469.84,0,"	825,1065" 
2008-01-02T21:00:00Z,"LNT",2009-05-01T20:00:00Z,Buy,40.31,22.37,12,-215.28,2.1780106100796,-238.08,22.08,260.16,0,"	829,1103" 
2008-01-02T21:00:00Z,"ZEUS",2009-06-01T20:00:00Z,Buy,32.2,19.69,5,-62.55,2.0533315276273,-107.25,218.6,325.85,0,"	830,1123" 
2008-02-01T21:00:00Z,"BW",2008-03-03T21:00:00Z,Buy,30.31,26.82,7,-24.43,2.0741075794621,-36.47,196.63,38.99,0,"	839,846" 
2008-02-01T21:00:00Z,"TWIN",2008-03-03T21:00:00Z,Buy,16.67,20.11,19,65.36,7.9001445682774,-13.49,88.16,22.8,1,"	844,853" 
2008-02-01T21:00:00Z,"AEIS",2008-04-01T20:00:00Z,Buy,12.25,13.68,20,28.6,6.966571672886,-47.4,268.6,23.6,1,"	838,866" 
2008-02-01T21:00:00Z,"LII",2008-05-01T20:00:00Z,Buy,36.83,33.59,14,-45.36,8.8413020916621,-62.72,35.56,98.28,0,"	842,892" 
2008-02-01T21:00:00Z,"DGII",2008-08-01T20:00:00Z,Buy,11.97,10.38,36,-57.24,24.385025743791,-153,37.44,190.44,0,"	841,949" 
2008-02-01T21:00:00Z,"CASY",2008-09-02T20:00:00Z,Buy,26.52,28.91,8,19.12,16.0518001469,-52.4,21.28,54.96,1,"	840,960" 
2008-02-01T21:00:00Z,"SCHL",2008-09-02T20:00:00Z,Buy,34.74,27.02,19,-146.68,17.681701043353,-184.49,48.45,232.94,0,"	843,965" 
2008-02-01T21:00:00Z,"CASY",2009-11-02T21:00:00Z,Buy,26.52,31.65,15,76.95,5.1475058331173,-121.95,94.65,181.2,1,"	840,1167" 
2008-03-03T21:00:00Z,"USMO",2008-04-01T20:00:00Z,Buy,10.42,7.45,22,-65.34,6.3323585162713,-80.3,389.84,89.54,0,"	863,872" 
2008-03-03T21:00:00Z,"KAMN",2008-05-01T20:00:00Z,Buy,23.57,27.67,19,77.9,14.806153977388,-0.95,117.42,50.54,1,"	858,890" 
2008-03-03T21:00:00Z,"KFRC",2008-05-01T20:00:00Z,Buy,8.31,8.44,25,3.25,4.1972900294663,-12.75,216.75,22.75,1,"	861,898" 
2008-03-03T21:00:00Z,"CROX",2008-06-02T20:00:00Z,Buy,23,10.03,11,-142.67,6.3003602456537,-146.52,0,146.52,0,"	856,920" 
2008-03-03T21:00:00Z,"CUB",2008-07-01T20:00:00Z,Buy,27.19,22.01,13,-67.34,12.776849932067,-73.58,41.73,115.31,0,"	857,940" 
2008-03-03T21:00:00Z,"SHEN",2008-08-01T20:00:00Z,Buy,14.55,14.99,31,13.64,20.441553464162,-56.73,99.51,156.24,1,"	862,954" 
2008-03-03T21:00:00Z,"OMCL",2008-09-02T20:00:00Z,Buy,18.62,15.33,19,-62.51,4.3759524429967,-144.59,41.8,186.39,0,"	860,963" 
2008-03-03T21:00:00Z,"CMTL",2008-10-01T20:00:00Z,Buy,43.1,50.23,12,85.56,26.769931419197,-59.52,96.72,130.68,1,"	855,976" 
2008-03-03T21:00:00Z,"LG",2008-10-01T20:00:00Z,Buy,34.46,50.68,9,145.98,15.913672313247,-4.59,145.98,46.98,1,"	859,982" 
2008-03-03T21:00:00Z,"LG",2008-12-01T21:00:00Z,Buy,34.46,48.06,4,54.4,7.5967668518361,-2.04,80.48,46.6,1,"	859,1030" 
2008-03-03T21:00:00Z,"WDC",2009-02-02T21:00:00Z,Buy,31.25,15.52,14,-220.22,11.955931718539,-298.48,122.08,420.56,0,"	864,1053" 
2008-03-03T21:00:00Z,"LG",2009-07-01T20:00:00Z,Buy,34.46,33.74,8,-5.76,7.5246231700814,-39.44,160.96,200.4,0,"	859,1135" 
2008-04-01T20:00:00Z,"CHE",2008-05-01T20:00:00Z,Buy,43.75,34.7,5,-45.25,3.0974516792109,-55.85,61.5,57.1,0,"	876,886" 
2008-04-01T20:00:00Z,"MLR",2008-05-01T20:00:00Z,Buy,10.27,11,21,15.33,2.2241891891892,-27.3,162.75,17.64,1,"	881,893" 
2008-04-01T20:00:00Z,"TXN",2008-05-01T20:00:00Z,Buy,29.32,29.63,27,8.37,23.405766628064,-16.47,34.02,46.98,1,"	882,899" 
2008-04-01T20:00:00Z,"WGOV",2008-06-02T20:00:00Z,Buy,28.24,39.64,6,68.4,8.8559259237845,-11.76,74.64,15.72,1,"	883,929" 
2008-04-01T20:00:00Z,"FSTR",2008-11-03T21:00:00Z,Buy,44.97,28.28,7,-116.83,23.899972355586,-171.57,20.93,192.5,0,"	879,1000" 
2008-04-01T20:00:00Z,"NEU",2008-12-01T21:00:00Z,Buy,79.01,29.22,7,-348.53,12.189911851423,-379.47,96.53,476,0,"	877,1028" 
2008-04-01T20:00:00Z,"FOSL",2008-12-01T21:00:00Z,Buy,32.2,13.3,13,-245.7,9.2065781143558,-264.03,68.51,332.54,0,"	878,1029" 
2008-04-01T20:00:00Z,"ANF",2009-01-02T21:00:00Z,Buy,76.69,24.42,7,-365.89,9.5714332228912,-437.71,3.64,441.35,0,"	874,1036" 
2008-04-01T20:00:00Z,"WGOV",2009-02-02T21:00:00Z,Buy,28.24,20.24,10,-80,8.0736817121916,-111.8,198.9,310.7,0,"	883,1054" 
2008-04-01T20:00:00Z,"LECO",2009-05-01T20:00:00Z,Buy,66.78,43.75,8,-184.24,5.7028147106344,-322.16,156.08,478.24,0,"	880,1098" 
2008-04-01T20:00:00Z,"APU",2011-10-03T20:00:00Z,Buy,30.24,43.41,6,79.02,8.500528626251,-60.9,127.02,94.92,1,"	875,1538" 
2008-04-01T20:00:00Z,"APU",2011-12-01T21:00:00Z,Buy,30.24,43.87,1,13.63,4.4157770730692,-10.15,21.17,15.82,1,"	875,1574" 
2008-05-01T20:00:00Z,"HCSG",2008-06-02T20:00:00Z,Buy,15.75,17.33,22.500069609318,35.55,2.2580275229358,-241.98,152.55,16.2,1,"	909,922" 
2008-05-01T20:00:00Z,"GHM",2008-08-01T20:00:00Z,Buy,58.23,101.97,4,174.96,4.0858842633229,-12.56,174.96,60.4,1,"	906,950" 
2008-05-01T20:00:00Z,"MMSI",2008-08-01T20:00:00Z,Buy,14.86,19.83,9.4446608568643,46.94,2.3939768864718,-40.2,95.67,14.73,1,"	912,952" 
2008-05-01T20:00:00Z,"PDCO",2008-08-01T20:00:00Z,Buy,35.57,31.07,18,-81,16.790030755268,-122.58,12.06,134.64,0,"	914,953" 
2008-05-01T20:00:00Z,"FLWS",2008-09-02T20:00:00Z,Buy,8.91,6.17,56,-153.44,16.967921096543,-202.16,0,202.16,0,"	904,961" 
2008-05-01T20:00:00Z,"SAM",2008-09-02T20:00:00Z,Buy,45.74,44.83,8,-7.28,10.169433324441,-59.28,10.64,61.28,0,"	916,964" 
2008-05-01T20:00:00Z,"LYTS",2008-10-01T20:00:00Z,Buy,10.98,7.87,30,-93.3,12.570393300153,-105.9,1.2,107.1,0,"	911,983" 
2008-05-01T20:00:00Z,"AMAT",2008-11-03T21:00:00Z,Buy,19.52,12.96,31,-203.36,15.310197311813,-254.82,39.37,294.19,0,"	903,994" 
2008-05-01T20:00:00Z,"HAE",2008-11-03T21:00:00Z,Buy,53.5,58.86,4,21.44,14.787606735961,-14.4,48.88,63.28,1,"	908,1001" 
2008-05-01T20:00:00Z,"ISRG",2008-11-03T21:00:00Z,Buy,294.45,183.38,1,-111.07,12.195871005752,-139.44,36.68,176.12,0,"	910,1002" 
2008-05-01T20:00:00Z,"TTMI",2009-01-02T21:00:00Z,Buy,14.2,5.57,33,-284.79,21.445936784004,-339.9,40.26,380.16,0,"	917,1040" 
2008-05-01T20:00:00Z,"FLXS",2009-02-02T21:00:00Z,Buy,11.15,6.95,45,-189,39.823096093704,-201.15,59.85,261,0,"	905,1049" 
2008-05-01T20:00:00Z,"PTEN",2009-09-01T20:00:00Z,Buy,27.94,13.17,19,-280.63,5.9182795988463,-385.32,156.94,542.26,0,"	915,1148" 
2008-05-01T20:00:00Z,"GPS",2009-10-01T20:00:00Z,Buy,19,21.09,10,20.9,5.8419690628611,-94.9,35.6,104.8,1,"	907,1158" 
2008-05-01T20:00:00Z,"HAE",2009-11-02T21:00:00Z,Buy,53.5,53.77,11,2.97,4.4804979495513,-51.59,134.42,186.01,1,"	908,1171" 
2008-05-01T20:00:00Z,"MMSI",2009-11-02T21:00:00Z,Buy,14.86,16.89,28,56.84,8.0216833626285,-144.76,283.64,322.28,1,"	912,1172" 
2008-05-01T20:00:00Z,"AAON",2009-12-01T21:00:00Z,Buy,19.08,19.03,24,-1.2,6.5148104883065,-147.84,92.16,240,0,"	902,1191" 
2008-05-01T20:00:00Z,"NFLX",2010-02-01T21:00:00Z,Buy,31,61.03,10,300.3,4.194975745383,-130.6,320.4,152.3,1,"	913,1229" 
2008-05-01T20:00:00Z,"GPS",2010-10-01T20:00:00Z,Buy,19,18.51,20,-9.8,7.5630666828213,-189.8,144.2,209.6,0,"	907,1351" 
2008-06-02T20:00:00Z,"DCO",2008-10-01T20:00:00Z,Buy,30.54,22.9,11,-84.04,9.4725238855565,-106.7,0,106.7,0,"	934,977" 
2008-06-02T20:00:00Z,"PCU",2008-10-01T20:00:00Z,Buy,36.583296934036,18.35,12,-218.8,10.930519502494,-218.8,11.32,230.12,0,"	938,985" 
2008-06-02T20:00:00Z,"CF",2009-03-02T21:00:00Z,Buy,139.39,58.99,2,-160.8,10.022368827476,-199.82,60.26,260.08,0,"	933,1063" 
2008-06-02T20:00:00Z,"OMI",2009-03-02T21:00:00Z,Buy,47.42,31.35,16,-257.12,18.339222837168,-257.12,32.32,289.44,0,"	936,1066" 
2008-06-02T20:00:00Z,"ABFS",2009-04-01T20:00:00Z,Buy,35.11,19.17,9,-143.46,10.122746040329,-171.09,88.38,259.47,0,"	930,1072" 
2008-06-02T20:00:00Z,"APA",2009-04-01T20:00:00Z,Buy,135.81,66.05,3.5999915999916,-251.14,6.250886204884,-386.46,28.87,332.82,0,"	932,1073" 
2008-06-02T20:00:00Z,"LNT",2009-05-01T20:00:00Z,Buy,37.06,22.37,6,-88.14,3.7594438846689,-99.54,30.54,102.48,0,"	939,1103" 
2008-06-02T20:00:00Z,"OXY",2009-12-01T21:00:00Z,Buy,92.58,82.18,6,-62.4,4.1216147031864,-312.18,4.92,317.1,0,"	937,1200" 
2008-06-02T20:00:00Z,"AMED",2010-02-01T21:00:00Z,Buy,50.3,57.07,4.6670044358876,31.6,3.64837173621,-152.07,73.6,187.43,1,"	931,1226" 
2008-06-02T20:00:00Z,"MGEE",2010-03-01T21:00:00Z,Buy,34.13,33.65,24,-11.52,15.254004708892,-156.96,85.68,202.32,0,"	935,1240" 
2008-06-02T20:00:00Z,"AMED",2011-03-01T21:00:00Z,Buy,50.3,35.37,5,-74.65,4.583276001252,-162.92,78.85,214.75,0,"	931,1429" 
2008-07-01T20:00:00Z,"GIII",2008-09-02T20:00:00Z,Buy,12.17,18.5,11,69.63,13.237960626867,-4.07,70.51,29.81,1,"	945,962" 
2008-07-01T20:00:00Z,"TNC",2008-09-02T20:00:00Z,Buy,29.82,31.28,7,10.22,2.0693258053803,-56.8,137.13,34.51,1,"	946,966" 
2008-07-01T20:00:00Z,"GIII",2008-10-01T20:00:00Z,Buy,12.17,17.34,19,98.23,8.675735020889,-7.03,150.67,52.44,1,"	945,979" 
2008-07-01T20:00:00Z,"UACL",2009-12-01T21:00:00Z,Buy,22.31,16.13,16,-98.88,13.355675809207,-188.8,88.64,277.44,0,"	947,1202" 
2008-08-01T20:00:00Z,"NPK",2008-11-03T21:00:00Z,Buy,73.05,67.53,4,-22.08,4.1440236096595,-95,24.44,119.44,0,"	957,1004" 
2008-08-01T20:00:00Z,"UGI",2008-11-03T21:00:00Z,Buy,26.27,23.83,10.999964419969,-26.84,2.6686520048773,-142.49,38.17,81.84,0,"	959,1010" 
2008-08-01T20:00:00Z,"EGY",2009-02-02T21:00:00Z,Buy,6.55,7.86,29,37.99,18.342878351503,-76.27,46.4,122.38,1,"	956,1048" 
2008-08-01T20:00:00Z,"SKX",2009-04-01T20:00:00Z,Buy,18.96,6.91,17,-204.85,8.9019687654447,-232.39,32.3,264.69,0,"	958,1082" 
2008-08-01T20:00:00Z,"EGY",2009-05-01T20:00:00Z,Buy,6.55,4.7,30,-55.5,5.0955468178065,-78.9,53.1,126.6,0,"	956,1096" 
2008-08-01T20:00:00Z,"CRMT",2009-10-01T20:00:00Z,Buy,20.46,23.34,11,31.68,4.3434332696129,-144.76,45.98,169.07,1,"	955,1155" 
2008-08-01T20:00:00Z,"NPK",2010-01-04T21:00:00Z,Buy,73.05,113.55,2,81,2.0207909914859,-50.78,81,65.48,1,"	957,1220" 
2008-08-01T20:00:00Z,"CRMT",2010-07-01T20:00:00Z,Buy,20.46,22.87,12,28.92,5.2569126171696,-157.92,78.36,184.44,1,"	955,1316" 
2008-08-01T20:00:00Z,"UGI",2010-07-01T20:00:00Z,Buy,26.27,25.29,8,-7.84,3.5348213806862,-103.63,27.76,59.52,0,"	959,1320" 
2008-08-01T20:00:00Z,"NPK",2011-01-03T21:00:00Z,Buy,73.05,134.58,2,123.06,3.1232450440197,-50.78,123.06,77.84,1,"	957,1403" 
2008-08-01T20:00:00Z,"NPK",2011-03-01T21:00:00Z,Buy,73.05,125.75,2,105.4,3.1602944415547,-50.78,126.76,77.84,1,"	957,1435" 
2008-08-01T20:00:00Z,"UGI",2011-10-03T20:00:00Z,Buy,26.27,24.89,8,-11.04,2.0757974876285,-103.63,56.24,67.28,0,"	959,1543" 
2008-08-01T20:00:00Z,"UGI",2011-12-01T21:00:00Z,Buy,26.27,29.76,10.000035580031,34.9,2.2681975967957,-129.53,70.3,84.1,1,"	959,1580" 
2008-09-02T20:00:00Z,"DAR",2009-02-02T21:00:00Z,Buy,13.2,4.48,27,-235.44,15.414455337714,-261.09,0,261.09,0,"	968,1047" 
2008-09-02T20:00:00Z,"LDL",2009-02-02T21:00:00Z,Buy,11.46,3.8,31,-237.46,17.501427962771,-252.65,4.96,257.61,0,"	970,1050" 
2008-09-02T20:00:00Z,"WTI",2009-04-01T20:00:00Z,Buy,33.31,6.24,11,-297.77,4.2159678011005,-308.77,0.77,309.54,0,"	972,1083" 
2008-09-02T20:00:00Z,"DMLP",2009-12-01T21:00:00Z,Buy,26.3,20.78,19,-104.88,11.239664413822,-223.63,33.25,256.88,0,"	969,1197" 
2008-09-02T20:00:00Z,"LHCG",2011-12-01T21:00:00Z,Buy,29.7,13.93,11,-173.47,18.112913651851,-190.85,84.26,275.11,0,"	971,1576" 
2008-10-01T20:00:00Z,"HCKT",2008-11-03T21:00:00Z,Buy,5.38,2.97,64,-154.24,21.395957441182,-167.68,0,167.68,0,"	986,995" 
2008-10-01T20:00:00Z,"PCTI",2009-04-01T20:00:00Z,Buy,9.42,4.47,50,-247.5,21.281868593688,-284.5,0,284.5,0,"	991,1081" 
2008-10-01T20:00:00Z,"GHM",2009-05-01T20:00:00Z,Buy,24.525,12.63,8,-95.16,4.1167726484704,-137,0,137,0,"	988,1097" 
2008-10-01T20:00:00Z,"IIIN",2009-06-01T20:00:00Z,Buy,13,9.08,25,-98,18.126061676499,-203.75,0,203.75,0,"	990,1117" 
2008-10-01T20:00:00Z,"TTWO",2009-07-01T20:00:00Z,Buy,15.93,9.73,20,-124,16.384700551656,-206.2,0,206.2,0,"	993,1136" 
2008-10-01T20:00:00Z,"GCO",2009-08-03T20:00:00Z,Buy,33.08,22.07,11,-121.11,5.909754575403,-238.04,0,238.04,0,"	987,1142" 
2008-10-01T20:00:00Z,"HVT",2010-03-01T21:00:00Z,Buy,11.75,13.49,38,66.12,17.339288710769,-151.62,83.22,151.62,1,"	989,1239" 
2008-10-01T20:00:00Z,"SYKE",2010-05-03T20:00:00Z,Buy,21.43,22.51,25,27,6.4984706388638,-211,129.75,211,1,"	992,1280" 
2008-11-03T21:00:00Z,"MXIM",2008-12-01T21:00:00Z,Buy,13.99,11.81,22,-47.96,10.14521411737,-71.28,14.3,85.58,0,"	1023,1031" 
2008-11-03T21:00:00Z,"ANF",2009-01-02T21:00:00Z,Buy,27,24.42,7,-18.06,2.0653526970954,-89.88,351.47,89.88,0,"	1014,1036" 
2008-11-03T21:00:00Z,"HOFT",2009-01-02T21:00:00Z,Buy,9.8,7.67,23,-48.99,5.2185758882154,-86.94,321.08,86.94,0,"	1020,1037" 
2008-11-03T21:00:00Z,"TTMI",2009-01-02T21:00:00Z,Buy,6.97,5.57,28,-39.2,5.8156369146649,-85.96,236.6,85.96,0,"	1026,1040" 
2008-11-03T21:00:00Z,"HRC",2009-03-02T21:00:00Z,Buy,23.52,9.03,25,-362.25,4.4889188207111,-362.25,17.25,379.5,0,"	1019,1064" 
2008-11-03T21:00:00Z,"COP",2009-03-02T21:00:00Z,Buy,51.54,35.15,7,-114.73,4.1350536193029,-114.73,30.03,144.76,0,"	1024,1067" 
2008-11-03T21:00:00Z,"CCRN",2009-04-01T20:00:00Z,Buy,10.38,6.71,40,-146.8,13.846656359132,-205.2,0,205.2,0,"	1016,1075" 
2008-11-03T21:00:00Z,"LRW",2009-04-01T20:00:00Z,Buy,8.18,8.37,55,10.45,19.876537900176,-118.8,111.1,229.9,1,"	1022,1079" 
2008-11-03T21:00:00Z,"KFRC",2009-05-01T20:00:00Z,Buy,7.95,10.63,57,152.76,22.50735118025,-137.94,174.99,137.94,1,"	1025,1100" 
2008-11-03T21:00:00Z,"FLO",2009-06-01T20:00:00Z,Buy,29.22,21.7,19,-142.88,16.650880809013,-165.87,4.75,170.62,0,"	1018,1114" 
2008-11-03T21:00:00Z,"HWCC",2009-06-01T20:00:00Z,Buy,11.81,13.16,30,40.5,18.739113426901,-210.6,40.5,240.3,1,"	1021,1115" 
2008-11-03T21:00:00Z,"CALM",2010-01-04T21:00:00Z,Buy,29.09,34.28,11,57.09,15.928393752961,-130.24,59.07,143.33,1,"	1015,1217" 
2008-11-03T21:00:00Z,"WSO",2010-03-01T21:00:00Z,Buy,40.06,59.16,9,171.9,4.1799905272746,-83.79,171.9,84.96,1,"	1027,1244" 
2008-11-03T21:00:00Z,"CPSI",2010-04-01T20:00:00Z,Buy,28.62,39.17,15,158.25,18.512225213037,-95.55,313.95,204.6,1,"	1017,1262" 
2008-12-01T21:00:00Z,"FLXS",2009-02-02T21:00:00Z,Buy,6.91,6.95,32,1.28,7.7131636635648,-7.36,178.24,32.32,1,"	1033,1049" 
2008-12-01T21:00:00Z,"HWKN",2009-06-01T20:00:00Z,Buy,15.25,21,15,86.25,27.59070849865,-39,93.45,56.1,1,"	1034,1116" 
2008-12-01T21:00:00Z,"CRK",2009-07-01T20:00:00Z,Buy,36.85,31.75,5,-25.5,4.0914604879462,-49.1,64.15,113.25,0,"	1032,1133" 
2008-12-01T21:00:00Z,"SCVL",2009-09-01T20:00:00Z,Buy,8.35,15.35,34,238,4.6346627006733,-68.68,267.24,185.3,1,"	1035,1149" 
2008-12-01T21:00:00Z,"HWKN",2010-08-02T20:00:00Z,Buy,15.25,32.17,9,152.28,7.9292667796144,-23.4,154.89,54.72,1,"	1034,1330" 
2008-12-01T21:00:00Z,"HWKN",2011-08-01T20:00:00Z,Buy,15.25,34.73,14,272.72,2.1412608948286,-36.4,475.44,217.84,1,"	1034,1503" 
2009-01-02T21:00:00Z,"ASGN",2009-02-02T21:00:00Z,Buy,5.54,5.05,55,-26.95,34.763021634952,-66,13.2,79.2,0,"	1041,1046" 
2009-01-02T21:00:00Z,"RHI",2009-05-01T20:00:00Z,Buy,21.31,23.74,21,51.03,10.24841055253,-144.48,60.69,144.48,1,"	1044,1099" 
2009-01-02T21:00:00Z,"TSCO",2009-11-02T21:00:00Z,Buy,36.73,45.33,12,103.2,4.2436503233139,-90,203.76,108.12,1,"	1045,1177" 
2009-01-02T21:00:00Z,"JCOM",2010-02-01T21:00:00Z,Buy,20.75,20.87,19,2.28,15.371049765513,-85.31,76.95,110.96,1,"	1043,1227" 
2009-01-02T21:00:00Z,"DLTR",2011-03-01T21:00:00Z,Buy,28.0333053,50.12,4,88.35,20.393539813404,-22.32,117.31,35.12,1,"	1042,1430" 
2009-01-02T21:00:00Z,"DLTR",2011-09-01T20:00:00Z,Buy,28.0333053,71.78,3,131.24,2.0301512181462,-16.74,137.36,27.78,1,"	1042,1517" 
2009-01-02T21:00:00Z,"DLTR",2012-06-01T20:00:00Z,Buy,28.0333053,99.94,3,215.72,2.0290579569684,-16.74,227.54,27.78,1,"	1042,1661" 
2009-01-02T21:00:00Z,"DLTR",2012-12-03T21:00:00Z,Buy,14.01665265,41.34,16,437.17,5.4820894243842,-44.64,683.65,304.72,1,"	1042,1759" 
2009-02-02T21:00:00Z,"CTRN",2009-04-01T20:00:00Z,Buy,9.51,22.96,16,215.2,23.337643587713,0,215.2,25.28,1,"	1058,1077" 
2009-02-02T21:00:00Z,"CRY",2009-05-01T20:00:00Z,Buy,8.51,5.48,34,-103.02,11.270578769305,-153.34,7.82,161.16,0,"	1056,1095" 
2009-02-02T21:00:00Z,"MCF",2009-06-01T20:00:00Z,Buy,45.56,48.95,6,20.34,8.0734958962685,-81.78,22.5,102.24,1,"	1061,1119" 
2009-02-02T21:00:00Z,"STMP",2009-08-03T20:00:00Z,Buy,8.45,8.68,47,10.81,18.902149362527,-24.91,78.96,90.24,1,"	1062,1143" 
2009-02-02T21:00:00Z,"CSGS",2009-11-02T21:00:00Z,Buy,14.78,15.98,28,33.6,9.9057485829826,-63.56,60.2,82.88,1,"	1057,1168" 
2009-02-02T21:00:00Z,"ASTE",2009-12-01T21:00:00Z,Buy,24.69,24.78,12,1.08,11.53380351165,-54.12,103.2,123.48,1,"	1055,1193" 
2009-02-02T21:00:00Z,"JJSF",2010-01-04T21:00:00Z,Buy,35.44,40.2,15,71.4,15.52592008241,-78.3,131.7,121.8,1,"	1060,1219" 
2009-02-02T21:00:00Z,"CTRN",2010-04-01T20:00:00Z,Buy,9.51,33.1,8,188.72,3.6364598383236,0,201.68,75.44,1,"	1058,1263" 
2009-02-02T21:00:00Z,"FIZ",2010-05-03T20:00:00Z,Buy,9.41,11.65,32,71.68,11.377598226845,-117.12,173.01,111.36,1,"	1059,1274" 
2009-03-02T21:00:00Z,"CRT",2009-04-01T20:00:00Z,Buy,14.87,17.65,15,41.7,11.253234451982,-7.95,82.8,44.25,1,"	1069,1076" 
2009-03-02T21:00:00Z,"SCHN",2010-01-04T21:00:00Z,Buy,24.67,50,6.4999853299919,164.64,6.0352255351243,-114.42,584.54,134.81,1,"	1071,1221" 
2009-03-02T21:00:00Z,"MTSC",2010-03-01T21:00:00Z,Buy,21.55,27.92,17,108.29,14.672080751844,-28.9,148.07,91.63,1,"	1070,1241" 
2009-03-02T21:00:00Z,"ADTN",2010-08-02T20:00:00Z,Buy,13.84,31.82,9,161.82,10.921717192992,0,171.72,47.43,1,"	1068,1325" 
2009-03-02T21:00:00Z,"ADTN",2011-09-01T20:00:00Z,Buy,13.84,30.62,18,302.04,16.701249814856,0,601.2,362.52,1,"	1068,1513" 
2009-04-01T20:00:00Z,"USMO",2009-05-01T20:00:00Z,Buy,9.2,11.14,39,75.66,16.42273315229,-7.8,75.66,34.71,1,"	1094,1102" 
2009-04-01T20:00:00Z,"CMTL",2009-07-01T20:00:00Z,Buy,25.14,32.55,12,88.92,7.7076373461297,0,110.64,92.52,1,"	1086,1132" 
2009-04-01T20:00:00Z,"CODI",2009-10-01T20:00:00Z,Buy,9.21,10.3,28,30.52,23.204584166167,-40.88,49.56,67.48,1,"	1088,1156" 
2009-04-01T20:00:00Z,"MYGN",2009-11-02T21:00:00Z,Buy,45.07,24.77,9,-182.7,32.813609036772,-189.54,8.37,197.91,0,"	1092,1173" 
2009-04-01T20:00:00Z,"CAI",2009-12-01T21:00:00Z,Buy,36.06,46.01,14,139.3,16.694536596314,-18.2,188.16,48.86,1,"	1084,1194" 
2009-04-01T20:00:00Z,"CNC",2009-12-01T21:00:00Z,Buy,17.65,19.27,21,34.02,12.161831445832,-13.23,59.85,73.08,1,"	1087,1196" 
2009-04-01T20:00:00Z,"MLAB",2010-02-01T21:00:00Z,Buy,16.6,27.2,25,265,20.232731162703,0,310,56.75,1,"	1091,1228" 
2009-04-01T20:00:00Z,"DGIT",2010-03-01T21:00:00Z,Buy,18.77,32.75,8,111.84,10.724436733008,-16.56,125.36,53.68,1,"	1089,1237" 
2009-04-01T20:00:00Z,"CTR",2010-04-01T20:00:00Z,Buy,18.2,22.12,17.500009749995,68.6,8.2049934034001,-50.4,140,96.6,1,"	1085,1261" 
2009-04-01T20:00:00Z,"LEG",2010-04-01T20:00:00Z,Buy,13.27,21.67,30,252,14.089811785256,-4.2,255.3,87.9,1,"	1090,1264" 
2009-04-01T20:00:00Z,"DGIT",2011-01-03T21:00:00Z,Buy,18.77,29.59,11,119.02,3.9847803538827,-40.26,275.33,315.59,1,"	1089,1396" 
2009-04-01T20:00:00Z,"SPH",2011-09-01T20:00:00Z,Buy,37.1,47.14,12,120.48,6.5263946940038,-3.72,259.8,212.52,1,"	1093,1523" 
2009-05-01T20:00:00Z,"FSYS",2009-06-01T20:00:00Z,Buy,15.52,22.74,14,101.08,4.292888102456,0,102.2,67.62,1,"	1106,1118" 
2009-05-01T20:00:00Z,"ULBI",2009-06-01T20:00:00Z,Buy,7.39,7.03,35,-12.6,23.208734701743,-18.9,17.85,36.75,0,"	1112,1121" 
2009-05-01T20:00:00Z,"KIRK",2009-07-01T20:00:00Z,Buy,6.71,11.21,23,103.5,20.439944879316,-22.31,121.9,27.37,1,"	1107,1134" 
2009-05-01T20:00:00Z,"LG",2009-07-01T20:00:00Z,Buy,35.59,33.74,8,-14.8,2.0820282339383,-48.48,151.92,48.48,0,"	1108,1135" 
2009-05-01T20:00:00Z,"DGII",2009-10-01T20:00:00Z,Buy,7.32,8.45,39,44.07,11.312927429884,-8.58,136.89,103.74,1,"	1105,1157" 
2009-05-01T20:00:00Z,"LINC",2009-10-01T20:00:00Z,Buy,15.74,22.46,9,60.48,8.2301541525165,-11.25,69.84,32.22,1,"	1109,1159" 
2009-05-01T20:00:00Z,"PLCE",2009-11-02T21:00:00Z,Buy,28.9,32.53,11,39.93,9.2291530189443,-44.44,86.79,131.23,1,"	1110,1175" 
2009-05-01T20:00:00Z,"SBR",2009-11-02T21:00:00Z,Buy,37.43,41.52,12,49.08,11.761977625308,-1.92,96.12,93.24,1,"	1111,1176" 
2009-05-01T20:00:00Z,"WIRE",2010-03-01T21:00:00Z,Buy,21.53,20.34,18,-21.42,8.3575861176011,-43.02,49.5,92.52,0,"	1113,1243" 
2009-05-01T20:00:00Z,"SWKS",2010-11-01T20:00:00Z,Buy,9.22,22.61,10,133.9,14.586002177018,-10.1,136.9,40.1,1,"	1104,1369" 
2009-05-01T20:00:00Z,"KIRK",2011-01-03T21:00:00Z,Buy,6.71,14.06,23,169.05,2.2304918032787,-22.31,409.86,316.02,1,"	1107,1400" 
2009-05-01T20:00:00Z,"SWKS",2011-03-01T21:00:00Z,Buy,9.22,34.75,7,178.71,2.0676822481914,-7.07,194.32,28.07,1,"	1104,1428" 
2009-05-01T20:00:00Z,"SWKS",2011-08-01T20:00:00Z,Buy,9.22,25,14,220.92,11.392426845524,-14.14,388.64,213.92,1,"	1104,1498" 
2009-05-01T20:00:00Z,"LINC",2012-04-02T20:00:00Z,Buy,15.74,7.91,15,-117.45,5.7124656914819,-132.75,185.4,318.15,0,"	1109,1635" 
2009-06-01T20:00:00Z,"ALGN",2009-11-02T21:00:00Z,Buy,12.55,16.05,13,45.5,7.7823170823582,-42.64,66.95,44.72,1,"	1124,1166" 
2009-06-01T20:00:00Z,"NJR",2009-12-01T21:00:00Z,Buy,34.85,36.15,20,26,4.4147208677469,0,98.6,96.2,1,"	1127,1199" 
2009-06-01T20:00:00Z,"RHI",2009-12-01T21:00:00Z,Buy,22.61,22.75,17,2.38,6.3894240784852,-35.19,87.72,94.86,1,"	1128,1201" 
2009-06-01T20:00:00Z,"CHE",2010-03-01T21:00:00Z,Buy,39.4,54.56,14,212.24,7.5592565255912,-36.96,212.24,67.2,1,"	1126,1236" 
2009-06-01T20:00:00Z,"USMO",2010-05-03T20:00:00Z,Buy,11.34,14.23,35,101.15,17.140116235872,-47.6,105,134.4,1,"	1129,1283" 
2009-06-01T20:00:00Z,"WMK",2010-05-03T20:00:00Z,Buy,35.9,37.93,15,30.45,13.884633199526,-73.5,31.8,98.1,1,"	1130,1284" 
2009-06-01T20:00:00Z,"ATO",2010-08-02T20:00:00Z,Buy,24.39,29.3,7,34.37,12.634667179322,0,39.69,25.55,1,"	1125,1327" 
2009-06-01T20:00:00Z,"ATO",2011-09-01T20:00:00Z,Buy,24.39,34.15,14,136.64,7.8861673738071,0,148.26,85.54,1,"	1125,1514" 
2009-06-01T20:00:00Z,"ALGN",2011-10-03T20:00:00Z,Buy,12.55,14.26,15,25.65,2.2444034278181,-49.2,186.6,160.95,1,"	1124,1537" 
2009-06-01T20:00:00Z,"ATO",2012-02-01T21:00:00Z,Buy,24.39,32.62,8,65.84,3.0467291462595,0,88.08,48.88,1,"	1125,1608" 
2009-07-01T20:00:00Z,"AIT",2010-03-01T21:00:00Z,Buy,19.93,23.16,19.749980661232,63.79,3.437716899912,-88.28,303.75,76.04,1,"	1137,1235" 
2009-07-01T20:00:00Z,"RIMG",2010-03-01T21:00:00Z,Buy,17.16,15.22,17,-32.98,12.951749666372,-52.7,30.77,83.47,0,"	1139,1242" 
2009-07-01T20:00:00Z,"SIF",2010-05-03T20:00:00Z,Buy,10.57,13.95,29,98.02,10.219569687749,-35.67,192.27,114.55,1,"	1140,1279" 
2009-07-01T20:00:00Z,"TSRA",2010-06-01T20:00:00Z,Buy,25.78,16.87,10,-89.1,11.795918721857,-90,54.1,144.1,0,"	1141,1308" 
2009-07-01T20:00:00Z,"CORE",2010-07-01T20:00:00Z,Buy,26.88,27.76,15,13.2,14.060394545686,-19.95,111.6,113.4,1,"	1138,1317" 
2009-07-01T20:00:00Z,"AIT",2012-09-04T20:00:00Z,Buy,19.93,41.55,1.2500193387685,27.03,2.0510693215339,-5.59,27.45,13.81,1,"	1137,1702" 
2009-08-03T20:00:00Z,"XOM",2009-11-02T21:00:00Z,Buy,70.64,72.15,3,4.53,2.0301708428246,-26.91,73.23,14.37,1,"	1147,1178" 
2009-08-03T20:00:00Z,"RGR",2010-05-03T20:00:00Z,Buy,11.87,17.23,26,139.36,4.5155431636727,-56.42,147.68,106.86,1,"	1145,1277" 
2009-08-03T20:00:00Z,"TTEC",2010-05-03T20:00:00Z,Buy,16.01,16.87,20,17.2,5.912201838449,0,95.8,85,1,"	1146,1281" 
2009-08-03T20:00:00Z,"ATRI",2011-09-01T20:00:00Z,Buy,131.92,210.46,1,78.54,13.189271311142,-13.51,84.62,35.91,1,"	1144,1515" 
2009-08-03T20:00:00Z,"ATRI",2012-03-01T21:00:00Z,Buy,131.92,201,1,69.08,2.0097572815534,-13.51,129.67,60.59,1,"	1144,1621" 
2009-09-01T20:00:00Z,"ALGT",2009-12-01T21:00:00Z,Buy,37.8,42.5,8,37.6,7.0806226409026,-18.16,51.04,69.2,1,"	1151,1192" 
2009-09-01T20:00:00Z,"TESS",2011-02-01T21:00:00Z,Buy,10.666672,12.44,24.249951268727,43,8.8749622122065,-111.87,248.32,212.59,1,"	1153,1416" 
2009-09-01T20:00:00Z,"DISCA",2011-05-02T20:00:00Z,Buy,25.54,44.65,16,305.76,8.2751801243818,0,310.88,102.56,1,"	1152,1459" 
2009-10-01T20:00:00Z,"EBS",2009-11-02T21:00:00Z,Buy,16.94,14.59,17,-39.95,12.503249199516,-48.28,14.62,62.9,0,"	1161,1169" 
2009-10-01T20:00:00Z,"CVX",2009-12-01T21:00:00Z,Buy,68.74,79.06,3,30.96,2.0292801363056,-36.81,102.99,6.63,1,"	1160,1195" 
2009-10-01T20:00:00Z,"JNJ",2009-12-01T21:00:00Z,Buy,59.81,63.51,4,14.8,2.0392905238955,-52.96,49.68,14.4,1,"	1163,1198" 
2009-10-01T20:00:00Z,"EGN",2010-03-01T21:00:00Z,Buy,41.79,46.68,10,48.9,4.1996442348032,-4.8,73.7,70.8,1,"	1162,1238" 
2009-10-01T20:00:00Z,"PRFT",2010-09-01T20:00:00Z,Buy,7.92,9.1,37,43.66,8.9948249885738,-2.22,187.59,176.86,1,"	1164,1340" 
2009-10-01T20:00:00Z,"UGI",2011-12-01T21:00:00Z,Buy,24.89,29.76,9,43.83,2.9351882737887,-104.16,75.69,75.69,1,"	1165,1580" 
2009-11-02T21:00:00Z,"AAWW",2010-05-03T20:00:00Z,Buy,25.08,55.95,8,246.96,4.1573022507235,0,270.32,31.04,1,"	1179,1273" 
2009-11-02T21:00:00Z,"LXU",2010-05-03T20:00:00Z,Buy,12.34,18.65,27,170.37,9.7630577519961,-41.31,170.37,73.71,1,"	1183,1275" 
2009-11-02T21:00:00Z,"CVI",2010-06-01T20:00:00Z,Buy,10.34,7.24,22,-68.2,7.2437586092199,-83.38,10.78,94.16,0,"	1181,1304" 
2009-11-02T21:00:00Z,"OII",2010-07-01T20:00:00Z,Buy,51.17,44.13,7,-49.28,11.784883432683,-75.67,119.63,195.3,0,"	1184,1319" 
2009-11-02T21:00:00Z,"APOG",2010-08-02T20:00:00Z,Buy,12.9,11.12,24,-42.72,12.60300502426,-54.96,92.64,147.6,0,"	1180,1326" 
2009-11-02T21:00:00Z,"LANC",2010-10-01T20:00:00Z,Buy,48.6,47.95,11,-7.15,11.803367868872,-34.43,138.27,172.7,0,"	1182,1353" 
2009-11-02T21:00:00Z,"SCL",2010-11-01T20:00:00Z,Buy,56.15,67.53,6,68.28,12.78612018804,-53.94,138.72,149.28,1,"	1187,1374" 
2009-11-02T21:00:00Z,"WDC",2010-11-01T20:00:00Z,Buy,34.08,32.62,11,-16.06,12.135359465245,-115.06,136.29,251.35,0,"	1190,1376" 
2009-11-02T21:00:00Z,"UHS",2011-05-02T20:00:00Z,Buy,28.615,54.1,5,127.42,10.772374972648,-4.62,130.88,61.65,1,"	1188,1467" 
2009-11-02T21:00:00Z,"POWL",2011-07-01T20:00:00Z,Buy,36.05,37.19,9,10.26,6.6716854107248,-85.59,35.19,95.04,1,"	1186,1492" 
2009-11-02T21:00:00Z,"UHS",2011-11-01T20:00:00Z,Buy,28.615,39.23,11,116.76,2.1079904904905,-10.18,305.64,269.39,1,"	1188,1559" 
2009-11-02T21:00:00Z,"WCC",2011-11-01T20:00:00Z,Buy,25.71,46.72,12,252.12,9.1503573850639,0,455.64,379.2,1,"	1189,1561" 
2009-11-02T21:00:00Z,"OIS",2011-12-01T21:00:00Z,Buy,34.91,75.43,3,121.56,8.4010388740432,-2.13,151.77,115.65,1,"	1185,1578" 
2009-11-02T21:00:00Z,"OIS",2012-05-01T20:00:00Z,Buy,34.91,79.75,5,224.2,2.0501068107565,-3.55,256.65,192.75,1,"	1185,1646" 
2009-12-01T21:00:00Z,"CENT",2010-01-04T21:00:00Z,Buy,9.15,10.65,38,57,4.7769628311755,0,76,19,1,"	1206,1218" 
2009-12-01T21:00:00Z,"OTL",2010-05-03T20:00:00Z,Buy,9.38,13.92,26,118.04,11.670257004405,-17.94,135.46,85.28,1,"	1214,1276" 
2009-12-01T21:00:00Z,"GTLS",2010-06-01T20:00:00Z,Buy,16.91,16.96,15,0.75,11.731795465376,-18.6,138.9,138.15,1,"	1209,1306" 
2009-12-01T21:00:00Z,"EME",2010-08-02T20:00:00Z,Buy,24.04,26.18,15,32.1,9.3228148978923,-25.65,81.9,104.4,1,"	1208,1328" 
2009-12-01T21:00:00Z,"BGFV",2010-09-01T20:00:00Z,Buy,16.73,12.53,15,-63,11.703660198501,-78.3,21.9,100.2,0,"	1205,1337" 
2009-12-01T21:00:00Z,"CYH",2010-09-01T20:00:00Z,Buy,30.67,27.08,11,-39.49,10.781995391883,-50.82,122.1,172.92,0,"	1207,1338" 
2009-12-01T21:00:00Z,"HHS",2010-09-01T20:00:00Z,Buy,9.82,10.42,36,21.6,8.0139261592097,0,199.8,198,1,"	1210,1339" 
2009-12-01T21:00:00Z,"JBSS",2010-11-01T20:00:00Z,Buy,16.32,12.96,22,-73.92,8.0466504697792,-89.54,24.64,114.18,0,"	1211,1371" 
2009-12-01T21:00:00Z,"UNF",2010-12-01T21:00:00Z,Buy,44.1,52.65,5,42.75,7.5364197118272,-27.7,58.2,85.9,1,"	1216,1389" 
2009-12-01T21:00:00Z,"MVO",2011-01-03T21:00:00Z,Buy,18.99,39.95,9,188.64,7.8796733276539,-2.52,188.64,48.15,1,"	1213,1401" 
2009-12-01T21:00:00Z,"ASH",2011-02-01T21:00:00Z,Buy,36.62,59.33,8,181.68,10.761341613535,0,213.28,160.8,1,"	1204,1409" 
2009-12-01T21:00:00Z,"UNF",2011-02-01T21:00:00Z,Buy,44.1,56.52,7,86.94,8.2840922755887,-38.78,90.23,120.26,1,"	1216,1417" 
2009-12-01T21:00:00Z,"IPAR",2011-05-02T20:00:00Z,Buy,11.32,18.94,20,152.4,8.2779204924611,-2.4,165.6,77.2,1,"	1212,1463" 
2009-12-01T21:00:00Z,"SPH",2011-09-01T20:00:00Z,Buy,43.34,47.14,7,26.6,3.817407736182,-45.85,107.87,123.97,1,"	1215,1523" 
2009-12-01T21:00:00Z,"APU",2011-12-01T21:00:00Z,Buy,37.48,43.87,7,44.73,3.4477416008571,-121.73,97.51,93.45,1,"	1203,1574" 
2009-12-01T21:00:00Z,"MVO",2012-01-03T21:00:00Z,Buy,18.99,40.66,18,390.06,9.8433347717705,-5.04,486,204.84,1,"	1213,1595" 
2010-01-04T21:00:00Z,"MFRI",2010-04-01T20:00:00Z,Buy,6.77,6.68,54,-4.86,10.052776373973,-32.94,24.84,57.78,0,"	1225,1265" 
2010-01-04T21:00:00Z,"HUN",2010-10-01T20:00:00Z,Buy,11.78,11.67,29,-3.19,9.4460522513978,-100.92,64.67,165.59,0,"	1224,1352" 
2010-01-04T21:00:00Z,"HLS",2011-02-01T21:00:00Z,Buy,19.45,22.73,12,39.36,12.549565642683,-38.28,52.92,57.72,1,"	1223,1412" 
2010-01-04T21:00:00Z,"CLW",2011-06-01T20:00:00Z,Buy,54.32,67.69,4,53.48,10.496450912548,-40.36,121.4,67.92,1,"	1222,1481" 
2010-01-04T21:00:00Z,"HLS",2011-11-01T20:00:00Z,Buy,19.45,16.9,14,-35.7,2.2488108720272,-72.8,121.94,194.74,0,"	1223,1552" 
2010-02-01T21:00:00Z,"GHM",2010-06-01T20:00:00Z,Buy,15.74,16.03,18,5.22,13.0633262702,-11.88,71.28,79.02,1,"	1231,1305" 
2010-02-01T21:00:00Z,"NGS",2010-08-02T20:00:00Z,Buy,16.33,16.57,22,5.28,10.744339129903,-45.54,49.06,91.3,1,"	1234,1332" 
2010-02-01T21:00:00Z,"MTRX",2010-10-01T20:00:00Z,Buy,10.52,8.7,37,-67.34,14.626031024341,-76.59,68.82,145.41,0,"	1233,1355" 
2010-02-01T21:00:00Z,"IPG",2011-03-01T21:00:00Z,Buy,6.6,12.61,19,114.19,4.763723115287,-4.75,125.59,55.86,1,"	1232,1433" 
2010-02-01T21:00:00Z,"IPG",2011-10-03T20:00:00Z,Buy,6.6,6.94,38,12.92,2.3662777777778,-9.5,251.18,238.26,1,"	1232,1540" 
2010-03-01T21:00:00Z,"FIZ",2010-05-03T20:00:00Z,Buy,11.55,11.65,17.600113279946,1.76,3.9672236792146,-102.08,57.49,15.49,1,"	1246,1274" 
2010-03-01T21:00:00Z,"SAH",2010-05-03T20:00:00Z,Buy,10.7,11.3,23,13.8,12.56030992498,-0.46,57.04,57.5,1,"	1254,1278" 
2010-03-01T21:00:00Z,"UIS",2010-05-03T20:00:00Z,Buy,36.63,28.75,7,-55.16,6.7208249187517,-60.41,23.31,83.72,0,"	1258,1282" 
2010-03-01T21:00:00Z,"USMO",2010-05-03T20:00:00Z,Buy,11.56,14.23,18,48.06,2.1847957371226,-28.44,50.04,8.28,1,"	1259,1283" 
2010-03-01T21:00:00Z,"WMK",2010-05-03T20:00:00Z,Buy,34.79,37.93,9,28.26,3.7862342473324,-34.11,29.07,6.48,1,"	1260,1284" 
2010-03-01T21:00:00Z,"HA",2010-08-02T20:00:00Z,Buy,8.09,5.89,43,-94.6,13.777830973633,-125.56,0,125.56,0,"	1248,1329" 
2010-03-01T21:00:00Z,"SCHL",2010-09-01T20:00:00Z,Buy,30.04,24.13,18,-106.38,9.4784280292137,-135.18,21.24,156.42,0,"	1255,1341" 
2010-03-01T21:00:00Z,"LZB",2010-10-01T20:00:00Z,Buy,13.52,8.72,17,-81.6,4.3579078516637,-119.68,28.05,147.73,0,"	1250,1354" 
2010-03-01T21:00:00Z,"MSTR",2010-11-01T20:00:00Z,Buy,90.67,90.53,4,-0.56,10.923635700066,-87.36,2.64,90,0,"	1251,1372" 
2010-03-01T21:00:00Z,"K",2010-12-01T21:00:00Z,Buy,52.16,49.44,4,-10.88,2.997960674733,-65.12,20.72,30.4,0,"	1249,1386" 
2010-03-01T21:00:00Z,"GCI",2011-01-03T21:00:00Z,Buy,15.93,15.42,17,-8.67,4.3524701690845,-70.89,46.58,117.47,0,"	1247,1398" 
2010-03-01T21:00:00Z,"NSIT",2011-02-01T21:00:00Z,Buy,13.31,14.65,26,34.84,10.306195532394,-24.44,87.36,105.56,1,"	1252,1413" 
2010-03-01T21:00:00Z,"POWL",2011-07-01T20:00:00Z,Buy,29.32,37.19,8,62.96,4.5464613100019,-22.24,85.12,73.6,1,"	1253,1492" 
2010-03-01T21:00:00Z,"FIZ",2011-09-01T20:00:00Z,Buy,11.55,16.08,1.3998867200538,6.34,22.18654366973,-8.12,6.92,3.85,1,"	1246,1518" 
2010-03-01T21:00:00Z,"UGI",2011-12-01T21:00:00Z,Buy,25.19,29.76,7.9999644199691,36.56,3.2004482339194,-94.99,64.88,67.28,1,"	1257,1580" 
2010-03-01T21:00:00Z,"ATO",2012-02-01T21:00:00Z,Buy,27.93,32.62,10,46.9,2.6893394598884,-35.4,74.7,61.1,1,"	1245,1608" 
2010-03-01T21:00:00Z,"UFS",2013-03-01T21:00:00Z,Buy,56.19,74.65,5,92.3,12.518683248721,-46.2,244.05,199.95,1,"	1256,1805" 
2010-03-01T21:00:00Z,"UGI",2013-07-01T20:00:00Z,Buy,25.19,38.7,2.0000355800309,27.02,2.0593710048581,-23.75,33.58,16.82,1,"	1257,1867" 
2010-04-01T20:00:00Z,"ARP",2010-10-01T20:00:00Z,Buy,9,7.77,41,-50.43,10.758459976743,-98.4,76.67,175.07,0,"	1267,1349" 
2010-04-01T20:00:00Z,"GLT",2010-10-01T20:00:00Z,Buy,14.47,12.16,31,-71.61,10.466589936843,-134.85,31.31,166.16,0,"	1270,1350" 
2010-04-01T20:00:00Z,"GPS",2010-10-01T20:00:00Z,Buy,23.63,18.51,9,-46.08,2.0920250973604,-127.08,23.22,84.15,0,"	1271,1351" 
2010-04-01T20:00:00Z,"TTI",2010-10-01T20:00:00Z,Buy,13,10.03,24,-71.28,10.117735792251,-116.16,33.36,149.52,0,"	1272,1358" 
2010-04-01T20:00:00Z,"DSW",2011-03-01T21:00:00Z,Buy,25.76,39.6,14,193.76,9.8903944348773,-53.76,222.6,144.34,1,"	1269,1431" 
2010-04-01T20:00:00Z,"CQP",2011-04-01T20:00:00Z,Buy,16.8,19.18,25,59.5,24.39389976045,-66.5,187.25,224.5,1,"	1268,1445" 
2010-04-01T20:00:00Z,"APU",2011-12-01T21:00:00Z,Buy,40.51,43.87,6,20.16,2.3562206181291,-122.52,65.4,80.1,1,"	1266,1574" 
2010-05-03T20:00:00Z,"CVI",2010-06-01T20:00:00Z,Buy,8.47,7.24,25,-30.75,2.2494110718492,-48,59,34.75,0,"	1289,1304" 
2010-05-03T20:00:00Z,"TSRA",2010-06-01T20:00:00Z,Buy,20.46,16.87,10,-35.9,2.1008875739645,-36.8,107.3,36.8,0,"	1301,1308" 
2010-05-03T20:00:00Z,"CRMT",2010-07-01T20:00:00Z,Buy,26.15,22.87,9,-29.52,4.4793053748798,-169.65,7.56,36.18,0,"	1286,1316" 
2010-05-03T20:00:00Z,"CORE",2010-07-01T20:00:00Z,Buy,30.59,27.76,7,-19.81,3.0542195456463,-35.28,26.11,26.81,0,"	1287,1317" 
2010-05-03T20:00:00Z,"LANC",2010-10-01T20:00:00Z,Buy,54.58,47.95,4,-26.52,2.0397162088412,-36.44,26.36,39.8,0,"	1295,1353" 
2010-05-03T20:00:00Z,"OFIX",2010-10-01T20:00:00Z,Buy,33.84,31.61,17,-37.91,11.459531063893,-122.57,12.75,135.32,0,"	1297,1356" 
2010-05-03T20:00:00Z,"CSL",2010-11-01T20:00:00Z,Buy,38.9,34.73,19,-79.23,4.3840498330135,-206.15,30.78,236.93,0,"	1288,1370" 
2010-05-03T20:00:00Z,"OSK",2010-11-01T20:00:00Z,Buy,39.75,29.09,10,-106.6,4.201502698749,-148.4,0,148.4,0,"	1298,1373" 
2010-05-03T20:00:00Z,"ALG",2010-12-01T21:00:00Z,Buy,24.59,25.84,8,10,7.3339105126976,-43.68,14.16,57.84,1,"	1285,1384" 
2010-05-03T20:00:00Z,"DECK",2010-12-01T21:00:00Z,Buy,47.92995111141,79.94,4,128.04,4.0722685840824,-25.6,128.04,46.15,1,"	1291,1385" 
2010-05-03T20:00:00Z,"DTE",2011-01-03T21:00:00Z,Buy,48.91,45.57,21,-70.14,11.897863519884,-93.66,1.26,93.66,0,"	1292,1397" 
2010-05-03T20:00:00Z,"UNF",2011-02-01T21:00:00Z,Buy,48.61,56.52,5,39.55,3.586134673387,-50.25,41.9,50.25,1,"	1302,1417" 
2010-05-03T20:00:00Z,"FLXS",2011-03-01T21:00:00Z,Buy,13.39,14.82,25,35.75,8.453387648297,-79.25,132.5,101,1,"	1293,1432" 
2010-05-03T20:00:00Z,"NPK",2011-03-01T21:00:00Z,Buy,114.36,125.75,2,22.78,2.0204269000625,-133.4,44.14,49.08,1,"	1296,1435" 
2010-05-03T20:00:00Z,"DDS",2011-06-01T20:00:00Z,Buy,29.72,55.77,5,130.25,5.9193688897413,-51.9,132.85,51.9,1,"	1290,1482" 
2010-05-03T20:00:00Z,"ALG",2011-08-01T20:00:00Z,Buy,24.59,24.02,14,-7.98,5.5783842982992,-76.44,63.7,110.74,0,"	1285,1499" 
2010-05-03T20:00:00Z,"SXI",2011-08-01T20:00:00Z,Buy,25.94,32.27,13,82.29,4.2715966468469,-47.06,167.7,129.74,1,"	1300,1506" 
2010-05-03T20:00:00Z,"GIII",2011-10-03T20:00:00Z,Buy,30.75,21.83,12,-107.04,15.960204697822,-118.32,172.56,290.88,0,"	1294,1539" 
2010-05-03T20:00:00Z,"POL",2011-11-01T20:00:00Z,Buy,11.57,10.93,34,-21.76,8.4804760180458,-140.42,162.18,216.58,0,"	1299,1556" 
2010-05-03T20:00:00Z,"DECK",2012-02-01T21:00:00Z,Buy,47.92995111141,83.6,5,178.35,3.469823889333,-32,348.55,210.35,1,"	1291,1611" 
2010-05-03T20:00:00Z,"DDS",2013-06-03T20:00:00Z,Buy,29.72,91.44,7,432.04,2.0991004660236,-72.66,447.79,146.65,1,"	1290,1849" 
2010-05-03T20:00:00Z,"DECK",2015-08-03T20:00:00Z,Buy,47.92995111141,71.58,9.1800075276062E-6,0,2.0883946212953,0,0,0,0,"	1291,2381" 
2010-06-01T20:00:00Z,"BGFV",2010-09-01T20:00:00Z,Buy,14.19,12.53,15,-24.9,7.3652082344982,-40.2,60,45.3,0,"	1310,1337" 
2010-06-01T20:00:00Z,"UIS",2010-10-01T20:00:00Z,Buy,21.45,28.36,13,89.83,10.723963435106,-56.55,89.83,74.1,1,"	1314,1359" 
2010-06-01T20:00:00Z,"USMO",2010-11-01T20:00:00Z,Buy,13.44,16.73,15,49.35,15.527212817015,-14.55,52.05,25.65,1,"	1315,1375" 
2010-06-01T20:00:00Z,"SKX",2010-12-01T21:00:00Z,Buy,36.14,23.07,10,-130.7,9.6295834925074,-169,77.1,246.1,0,"	1312,1388" 
2010-06-01T20:00:00Z,"AAWW",2011-03-01T21:00:00Z,Buy,49.94,67.43,7,122.43,8.0028162103092,-46.2,156.24,116.62,1,"	1309,1427" 
2010-06-01T20:00:00Z,"EBF",2011-05-02T20:00:00Z,Buy,16.13,18.5,21,49.77,9.3145726854334,-29.61,81.9,90.93,1,"	1311,1461" 
2010-06-01T20:00:00Z,"USMO",2011-05-02T20:00:00Z,Buy,13.44,15.02,28,44.24,8.1154053981228,-27.16,159.04,175.28,1,"	1315,1468" 
2010-06-01T20:00:00Z,"SWX",2011-09-01T20:00:00Z,Buy,28.9,36.86,6,47.76,18.594477789329,-0.96,68.4,48.36,1,"	1313,1524" 
2010-06-01T20:00:00Z,"SWX",2011-11-01T20:00:00Z,Buy,28.9,38.44,20,190.8,8.466657316983,-3.2,228,161.2,1,"	1313,1558" 
2010-07-01T20:00:00Z,"B",2011-05-02T20:00:00Z,Buy,16.33,24.54,28,229.88,11.153051300425,-33.04,235.48,90.44,1,"	1321,1458" 
2010-07-01T20:00:00Z,"NUS",2011-05-02T20:00:00Z,Buy,24.27,32.58,17,141.27,4.4091640913661,0,141.27,80.41,1,"	1323,1465" 
2010-07-01T20:00:00Z,"LINC",2012-04-02T20:00:00Z,Buy,19.93,7.91,10,-120.2,2.0967945604662,-130.4,81.7,146.6,0,"	1322,1635" 
2010-07-01T20:00:00Z,"SCVL",2013-06-03T20:00:00Z,Buy,13.03333985,24.64,28,324.99,4.465258342256,-56.37,324.99,243.97,1,"	1324,1852" 
2010-07-01T20:00:00Z,"SCVL",2015-12-01T21:00:00Z,Buy,13.03333985,21.78,0.49998575000712,4.37,8.0640039091887,-1.01,7.7,5.09,1,"	1324,2467" 
2010-08-02T20:00:00Z,"JBSS",2010-11-01T20:00:00Z,Buy,14.07,12.96,15,-16.65,2.1503205128205,-27.3,50.55,29.1,0,"	1333,1371" 
2010-08-02T20:00:00Z,"SAFM",2010-12-01T21:00:00Z,Buy,45.82,41.86,13.500003749998,-53.46,2.137214973262,-363.33,123.93,92.34,0,"	1336,1387" 
2010-08-02T20:00:00Z,"ODC",2011-04-01T20:00:00Z,Buy,21.87,21.38,31,-15.19,10.841882231402,-91.76,35.03,126.79,0,"	1335,1446" 
2010-08-02T20:00:00Z,"NP",2011-06-01T20:00:00Z,Buy,17.94,22.03,19,77.71,22.1462747064,-76.95,102.98,80.56,1,"	1334,1485" 
2010-08-02T20:00:00Z,"SAFM",2014-07-01T20:00:00Z,Buy,45.82,97.92,0.49999625000187,26.05,4.2126496733786,-13.46,26.05,3.42,1,"	1336,2119" 
2010-09-01T20:00:00Z,"BWS",2011-02-01T21:00:00Z,Buy,10.68,13.29,30.500006749997,79.61,8.4709487761142,-5.49,809.88,74.73,1,"	1343,1410" 
2010-09-01T20:00:00Z,"TER",2011-02-01T21:00:00Z,Buy,9.27,16.98,16,123.36,7.2842963590887,0,123.36,15.36,1,"	1347,1415" 
2010-09-01T20:00:00Z,"OC",2011-05-02T20:00:00Z,Buy,27,37.65,14,149.1,6.1412231313408,-46.06,154.56,58.52,1,"	1346,1466" 
2010-09-01T20:00:00Z,"VECO",2011-05-02T20:00:00Z,Buy,34.37,51.57,7,120.4,8.3552305553712,-7,128.31,69.3,1,"	1348,1469" 
2010-09-01T20:00:00Z,"LHCG",2011-12-01T21:00:00Z,Buy,20.64,13.93,11,-73.81,2.1134632683658,-91.19,183.92,210.87,0,"	1345,1576" 
2010-09-01T20:00:00Z,"TER",2012-02-01T21:00:00Z,Buy,9.27,16.53,13,94.38,4.1942228662534,0,127.92,111.41,1,"	1347,1615" 
2010-09-01T20:00:00Z,"AIT",2012-09-04T20:00:00Z,Buy,28.69,41.55,3.7499806612315,48.22,2.2141044776119,-49.61,49.5,41.44,1,"	1342,1702" 
2010-09-01T20:00:00Z,"AIT",2012-11-01T20:00:00Z,Buy,28.69,40.94,15,183.75,2.1512934220251,-198.45,230.1,165.75,1,"	1342,1740" 
2010-09-01T20:00:00Z,"KLIC",2013-02-01T21:00:00Z,Buy,5.86,11.65,42,243.18,6.4853120794814,-17.64,309.96,235.2,1,"	1344,1792" 
2010-09-01T20:00:00Z,"BWS",2013-06-03T20:00:00Z,Buy,10.68,21.48,0.49999325000338,5.4,2.3407884615385,-0.09,13.28,1.22,1,"	1343,1846" 
2010-09-01T20:00:00Z,"TER",2013-09-03T20:00:00Z,Buy,9.27,15.44,11,67.87,2.4727557003257,0,108.24,94.27,1,"	1347,1902" 
2010-10-01T20:00:00Z,"BMY",2011-02-01T21:00:00Z,Buy,27.28,25.27,37,-74.37,9.2739128123273,-77.33,8.51,85.84,0,"	1361,1411" 
2010-10-01T20:00:00Z,"MANH",2011-03-01T21:00:00Z,Buy,29.59,31.87,19,43.32,9.8626304555112,-19.57,49.59,50.16,1,"	1365,1434" 
2010-10-01T20:00:00Z,"DPZ",2011-05-02T20:00:00Z,Buy,13.15,18.56,36,194.76,6.4327207868982,-2.16,201.6,57.6,1,"	1363,1460" 
2010-10-01T20:00:00Z,"MGLN",2011-05-02T20:00:00Z,Buy,47.38,51.79,15,66.15,4.2997813320676,-27.3,72.15,80.55,1,"	1366,1464" 
2010-10-01T20:00:00Z,"FOSL",2011-06-01T20:00:00Z,Buy,53.07,102.07,3,147,10.456515288506,-0.96,161.31,26.4,1,"	1364,1484" 
2010-10-01T20:00:00Z,"CRUS",2011-08-01T20:00:00Z,Buy,17.41,15.22,16,-35.04,9.160209443932,-78.4,123.84,186.88,0,"	1362,1500" 
2010-10-01T20:00:00Z,"PLCE",2011-10-03T20:00:00Z,Buy,51.46,45.8,10,-56.6,4.2039468055802,-142.4,50.9,193.3,0,"	1367,1542" 
2010-10-01T20:00:00Z,"FOSL",2011-11-01T20:00:00Z,Buy,53.07,99.3,2,92.46,2.0191587883465,-0.64,162.44,122.72,1,"	1364,1551" 
2010-10-01T20:00:00Z,"RBIN",2012-05-01T20:00:00Z,Buy,30.44,48.6,11,199.76,8.5894268411098,-31.79,227.92,211.53,1,"	1368,1648" 
2010-10-01T20:00:00Z,"FOSL",2012-07-02T20:00:00Z,Buy,53.07,74.88,3,65.43,5.1353691081922,-0.96,255.69,206.46,1,"	1364,1677" 
2010-10-01T20:00:00Z,"ALK",2012-10-01T20:00:00Z,Buy,24.895,35.16,16,164.24,4.8797588455459,-26.48,228.64,147.6,1,"	1360,1719" 
2010-11-01T20:00:00Z,"IDT",2011-01-03T21:00:00Z,Buy,13.74,26.62,9,115.92,4.2620600519414,0,135.54,28.8,1,"	1382,1399" 
2010-11-01T20:00:00Z,"ARP",2011-04-01T20:00:00Z,Buy,7.06,10.37,52,172.12,9.4725131523023,-13.52,172.12,67.6,1,"	1378,1444" 
2010-11-01T20:00:00Z,"BIIB",2011-05-02T20:00:00Z,Buy,62.55,98.67,5,180.6,4.1504228233812,-0.25,196.25,22.25,1,"	1381,1462" 
2010-11-01T20:00:00Z,"ATSG",2011-06-01T20:00:00Z,Buy,7.08,7.02,39,-2.34,9.267366384967,-2.34,54.6,56.94,0,"	1377,1480" 
2010-11-01T20:00:00Z,"FIZ",2011-09-01T20:00:00Z,Buy,14.01,16.08,39.600113279946,81.97,9.3063462935782,-327.1,98.21,108.9,1,"	1380,1518" 
2010-11-01T20:00:00Z,"EAT",2011-12-01T21:00:00Z,Buy,18.55,23.96,25,135.25,8.6071530194913,-7.75,200.5,164,1,"	1379,1575" 
2010-11-01T20:00:00Z,"IDT",2012-01-03T21:00:00Z,Buy,13.74,9.55,9,-37.71,2.2036247334755,-43.92,142.83,186.75,0,"	1382,1591" 
2010-11-01T20:00:00Z,"BIIB",2012-05-01T20:00:00Z,Buy,62.55,131.83,5,346.4,6.2979706188778,-0.25,357.3,119.75,1,"	1381,1642" 
2010-11-01T20:00:00Z,"USNA",2012-05-01T20:00:00Z,Buy,43.91,37.78,5,-30.65,7.1435074392897,-101.55,4.9,106.45,0,"	1383,1650" 
2010-11-01T20:00:00Z,"USNA",2013-05-01T20:00:00Z,Buy,43.91,54.93,4,44.08,4.5853662994466,-81.24,51.28,85.16,1,"	1383,1831" 
2010-11-01T20:00:00Z,"USNA",2014-11-03T21:00:00Z,Buy,43.91,115.22,2,142.62,2.0404351640639,-40.62,142.62,67.58,1,"	1383,2202" 
2010-12-01T21:00:00Z,"BMY",2011-02-01T21:00:00Z,Buy,25.56,25.27,8,-2.32,3.0848212351431,-2.96,15.6,12.24,0,"	1391,1411" 
2010-12-01T21:00:00Z,"SGU",2011-02-01T21:00:00Z,Buy,5.38,5.48,137,13.7,16.221694922307,-23.29,13.7,24.66,1,"	1394,1414" 
2010-12-01T21:00:00Z,"CCF",2011-09-01T20:00:00Z,Buy,16,12.59,29,-98.89,26.652141134388,-130.5,86.13,216.63,0,"	1392,1516" 
2010-12-01T21:00:00Z,"HLS",2011-11-01T20:00:00Z,Buy,17.97,16.9,12,-12.84,2.1198,-44.64,122.28,166.92,0,"	1393,1552" 
2010-12-01T21:00:00Z,"SSP",2011-12-01T21:00:00Z,Buy,9.57,8.35,40,-48.8,22.008587538708,-124.8,35.2,160,0,"	1395,1579" 
2010-12-01T21:00:00Z,"ATO",2012-02-01T21:00:00Z,Buy,30.58,32.62,9,18.36,3.1572805018096,-55.71,43.38,54.99,1,"	1390,1608" 
2011-01-03T21:00:00Z,"OTL",2011-04-01T20:00:00Z,Buy,20.68,31.01,10,103.3,8.399752425091,-15.2,112.6,16.2,1,"	1406,1447" 
2011-01-03T21:00:00Z,"RGR",2011-04-01T20:00:00Z,Buy,15.09,23.09,11,88,7.501310844998,-2.64,88,9.79,1,"	1407,1448" 
2011-01-03T21:00:00Z,"CLW",2011-06-01T20:00:00Z,Buy,81.25,67.69,3,-40.68,3.9772457207641,-111.06,10.26,43.5,0,"	1404,1481" 
2011-01-03T21:00:00Z,"STMP",2011-07-01T20:00:00Z,Buy,13.74,13.46,40,-11.2,16.159477355069,-110.8,3.6,110.8,0,"	1408,1493" 
2011-01-03T21:00:00Z,"RGR",2011-08-01T20:00:00Z,Buy,15.09,27.75,11,139.26,5.2096938980646,-2.64,140.8,55.11,1,"	1407,1505" 
2011-01-03T21:00:00Z,"RGR",2012-03-01T21:00:00Z,Buy,15.09,41.93,5,134.2,4.7574473724602,-1.2,153.35,54.4,1,"	1407,1626" 
2011-01-03T21:00:00Z,"OTL",2012-05-01T20:00:00Z,Buy,20.68,29.94,13,120.38,2.1287528944757,-19.76,220.74,206.96,1,"	1406,1647" 
2011-01-03T21:00:00Z,"CPK",2013-01-02T21:00:00Z,Buy,41.55,46.78,5,26.15,4.231649881592,-18.7,35.65,34.8,1,"	1405,1770" 
2011-01-03T21:00:00Z,"RGR",2013-05-01T20:00:00Z,Buy,15.09,49.62,10,345.3,2.0969329947255,-2.4,447.1,226.1,1,"	1407,1830" 
2011-01-03T21:00:00Z,"CPK",2014-10-01T20:00:00Z,Buy,27.70001385,41.48,6,82.68,7.3411498596764,-14.96,123.76,50.2,1,"	1405,2179" 
2011-01-03T21:00:00Z,"CPK",2015-01-02T21:00:00Z,Buy,27.70001385,49.89,13.499990250005,299.56,12.100404553671,-33.66,336.15,112.95,1,"	1405,2241" 
2011-02-01T21:00:00Z,"NC",2011-07-01T20:00:00Z,Buy,109.28,100.17,3,-27.33,4.0637402530649,-64.44,48.87,113.31,0,"	1421,1491" 
2011-02-01T21:00:00Z,"KWR",2011-08-01T20:00:00Z,Buy,39.74,40.4,10,6.6,12.819318850069,-42.5,54.4,59.3,1,"	1419,1504" 
2011-02-01T21:00:00Z,"MGEE",2011-09-01T20:00:00Z,Buy,41.65,41.58,5,-0.35,8.8318313297402,-17.7,6.2,22.8,0,"	1420,1520" 
2011-02-01T21:00:00Z,"SPH",2011-09-01T20:00:00Z,Buy,57.5,47.14,4,-41.44,2.0404644616467,-82.84,5,67.96,0,"	1423,1523" 
2011-02-01T21:00:00Z,"VSH",2011-11-01T20:00:00Z,Buy,16.94,9.98,28,-194.88,4.5474108527132,-247.8,59.08,306.88,0,"	1425,1560" 
2011-02-01T21:00:00Z,"APU",2011-12-01T21:00:00Z,Buy,50.7,43.87,5,-34.15,2.2617502354115,-153.05,3.55,66.75,0,"	1418,1574" 
2011-02-01T21:00:00Z,"MGEE",2011-12-01T21:00:00Z,Buy,41.65,44.15,24,60,17.553091855011,-84.96,104.16,109.44,1,"	1420,1577" 
2011-02-01T21:00:00Z,"WTI",2012-01-03T21:00:00Z,Buy,20.67,22.32,17,28.05,17.143539248563,-136.85,136.17,273.02,1,"	1426,1599" 
2011-02-01T21:00:00Z,"PLPC",2012-11-01T20:00:00Z,Buy,64.38,54.1,7,-71.96,6.8805213413001,-156.73,89.39,246.12,0,"	1422,1746" 
2011-02-01T21:00:00Z,"USPH",2013-06-03T20:00:00Z,Buy,19.97,28.9,11,98.23,3.1987919190517,-139.92,98.23,102.41,1,"	1424,1853" 
2011-03-01T21:00:00Z,"IPAR",2011-05-02T20:00:00Z,Buy,18.07,18.94,14,12.18,3.5815145902803,-96.18,21.42,17.36,1,"	1439,1463" 
2011-03-01T21:00:00Z,"NP",2011-06-01T20:00:00Z,Buy,18.98,22.03,11,33.55,4.2387087413578,-55.99,48.18,23.98,1,"	1442,1485" 
2011-03-01T21:00:00Z,"HRC",2011-08-01T20:00:00Z,Buy,38.01,34.39,6,-21.72,4.2350650245031,-21.72,56.82,78.54,0,"	1438,1502" 
2011-03-01T21:00:00Z,"HRC",2011-09-01T20:00:00Z,Buy,38.01,30.08,12,-95.16,10.583243970757,-124.56,113.64,238.2,0,"	1438,1519" 
2011-03-01T21:00:00Z,"MIC",2012-01-03T21:00:00Z,Buy,23.72,28.21,27,121.23,10.149208885597,-94.77,121.23,212.76,1,"	1440,1593" 
2011-03-01T21:00:00Z,"MKSI",2012-01-03T21:00:00Z,Buy,29.79,28.1,8,-13.52,14.630899743103,-76.48,31.2,107.68,0,"	1441,1594" 
2011-03-01T21:00:00Z,"OYOG",2012-01-03T21:00:00Z,Buy,96.7,78.81,4,-71.56,9.9241332794029,-176.8,39.4,216.2,0,"	1443,1596" 
2011-03-01T21:00:00Z,"BRKS",2012-10-01T20:00:00Z,Buy,12.62,7.81,29,-139.49,15.325074285396,-147.9,49.01,196.91,0,"	1436,1721" 
2011-03-01T21:00:00Z,"MKSI",2012-12-03T21:00:00Z,Buy,29.79,24.02,7,-40.39,4.7520730751301,-66.92,27.3,94.22,0,"	1441,1761" 
2011-03-01T21:00:00Z,"ENTG",2013-09-03T20:00:00Z,Buy,8.51,9.42,38,34.58,5.322869900449,-91.2,73.34,164.54,1,"	1437,1898" 
2011-04-01T20:00:00Z,"EBF",2011-05-02T20:00:00Z,Buy,17.23,18.5,12,15.24,3.6676577406748,-30.12,33.6,18.36,1,"	1452,1461" 
2011-04-01T20:00:00Z,"NUS",2011-05-02T20:00:00Z,Buy,28.7,32.58,7,27.16,2.0698782608696,-31.01,27.16,8.47,1,"	1454,1465" 
2011-04-01T20:00:00Z,"PETS",2011-09-01T20:00:00Z,Buy,15.74,9.94,13,-75.4,2.322261679354,-81.64,113.88,83.59,0,"	1455,1521" 
2011-04-01T20:00:00Z,"ALGN",2011-10-03T20:00:00Z,Buy,20.7,14.26,11,-70.84,3.2438202711039,-125.73,47.19,118.03,0,"	1449,1537" 
2011-04-01T20:00:00Z,"KAI",2012-01-03T21:00:00Z,Buy,26.72,22.55,15,-62.55,13.532585976119,-153.15,121.8,274.95,0,"	1456,1597" 
2011-04-01T20:00:00Z,"DXPE",2012-02-01T21:00:00Z,Buy,24,35.91,6,71.46,11.679643782319,-36.9,72.96,58.26,1,"	1451,1612" 
2011-04-01T20:00:00Z,"DXPE",2012-05-01T20:00:00Z,Buy,24,44.76,14,290.64,2.1444869725617,-86.1,298.76,135.94,1,"	1451,1641" 
2011-04-01T20:00:00Z,"LSCC",2012-06-01T20:00:00Z,Buy,5.94,4.29,68,-112.2,8.5483796981478,-112.2,74.8,187,0,"	1453,1663" 
2011-04-01T20:00:00Z,"ATRI",2012-09-04T20:00:00Z,Buy,178.42,219.67,2,82.5,12.478254381273,-120.02,166.34,127.64,1,"	1450,1703" 
2011-04-01T20:00:00Z,"USNA",2014-11-03T21:00:00Z,Buy,34.72,115.22,2,161,3.7552473759233,-22.24,161,67.58,1,"	1457,2202" 
2011-04-01T20:00:00Z,"USNA",2015-06-01T20:00:00Z,Buy,34.72,129.52,2,189.6,11.838409815261,-22.24,211.58,67.58,1,"	1457,2350" 
2011-04-01T20:00:00Z,"USNA",2015-09-01T20:00:00Z,Buy,34.72,141.49,2,213.54,11.434252571627,-22.24,282.8,69.86,1,"	1457,2413" 
2011-05-02T20:00:00Z,"EBS",2011-06-01T20:00:00Z,Buy,23.7,23.98,9,2.52,7.8565141785624,-27.36,11.52,27.36,1,"	1472,1483" 
2011-05-02T20:00:00Z,"EBS",2011-08-01T20:00:00Z,Buy,23.7,20.52,19,-60.42,5.8407767742926,-60.42,24.32,84.74,0,"	1472,1501" 
2011-05-02T20:00:00Z,"LRCX",2011-11-01T20:00:00Z,Buy,48.09,42.22,11,-64.57,13.187778743681,-139.81,5.94,145.75,0,"	1474,1554" 
2011-05-02T20:00:00Z,"MRCY",2011-11-01T20:00:00Z,Buy,19.07,13.94,25,-128.25,28.448618444982,-193,5,198,0,"	1476,1555" 
2011-05-02T20:00:00Z,"RAVN",2011-11-01T20:00:00Z,Buy,52.89,57.64,4,19,13.293570012205,-33.32,41.08,59.72,1,"	1477,1557" 
2011-05-02T20:00:00Z,"MERC",2012-01-03T21:00:00Z,Buy,12.1,6.49,30,-168.3,6.2873433359311,-202.8,48.9,251.7,0,"	1475,1592" 
2011-05-02T20:00:00Z,"HUBB",2012-02-01T21:00:00Z,Buy,69.4,72.51,3,9.33,7.3447843775279,-64.29,9.72,64.29,1,"	1473,1613" 
2011-05-02T20:00:00Z,"CUB",2012-03-01T21:00:00Z,Buy,53.55,47.5,14,-84.7,10.378204655034,-227.78,15.54,243.32,0,"	1471,1624" 
2011-05-02T20:00:00Z,"CNC",2012-04-02T20:00:00Z,Buy,36.4,49.44,5,65.2,13.533365464011,-50.4,66.85,57.75,1,"	1470,1633" 
2011-05-02T20:00:00Z,"RES",2012-04-02T20:00:00Z,Buy,17.32667533,10.41,20.749441568737,-143.52,2.1538438771735,-277.69,13.56,177.75,0,"	1478,1636" 
2011-05-02T20:00:00Z,"RAVN",2012-06-01T20:00:00Z,Buy,52.89,65.27,7,86.66,5.6093594700251,-58.31,117.81,104.51,1,"	1477,1666" 
2011-05-02T20:00:00Z,"CNC",2012-08-01T20:00:00Z,Buy,36.4,37.48,11,11.88,9.2148477799873,-110.88,158.4,263.56,1,"	1470,1690" 
2011-05-02T20:00:00Z,"UNH",2013-01-02T21:00:00Z,Buy,49.88,54.54,15,69.9,13.076864514159,-120.45,155.7,169.2,1,"	1479,1779" 
2011-05-02T20:00:00Z,"HUBB",2013-08-01T20:00:00Z,Buy,69.4,110.9,9,373.5,6.9701932162342,-192.87,373.5,192.87,1,"	1473,1877" 
2011-05-02T20:00:00Z,"RES",2014-04-01T20:00:00Z,Buy,17.32667533,20.59,3.2505464312691,10.61,2.8579660178014,-43.5,10.9,27.85,1,"	1478,2050" 
2011-06-01T20:00:00Z,"RIGL",2011-09-01T20:00:00Z,Buy,8.01,7.48,55,-29.15,31.41629715307,-64.9,117.7,182.6,0,"	1487,1522" 
2011-06-01T20:00:00Z,"SSP",2011-12-01T21:00:00Z,Buy,8.15,8.35,32,6.4,3.287236060799,-54.4,73.6,106.24,1,"	1488,1579" 
2011-06-01T20:00:00Z,"TISI",2012-01-03T21:00:00Z,Buy,21.87,29.9,7,56.21,4.2795442455243,-9.52,56.21,45.29,1,"	1489,1598" 
2011-06-01T20:00:00Z,"TISI",2013-04-01T20:00:00Z,Buy,21.87,39.86,5,89.95,4.9726499829986,-6.8,123.05,45.15,1,"	1489,1816" 
2011-06-01T20:00:00Z,"TISI",2013-07-01T20:00:00Z,Buy,21.87,38.42,10,165.5,2.1015059445178,-13.6,246.1,114.8,1,"	1489,1866" 
2011-06-01T20:00:00Z,"WLK",2014-05-01T20:00:00Z,Buy,27.355,70.86,3,130.52,5.5415064821127,-33.56,131.54,34.66,1,"	1490,2073" 
2011-06-01T20:00:00Z,"WLK",2014-09-02T20:00:00Z,Buy,27.355,97.96,3,211.82,4.250692092336,-33.56,211.82,34.66,1,"	1490,2165" 
2011-06-01T20:00:00Z,"WLK",2015-08-03T20:00:00Z,Buy,27.355,61.84,10,344.85,2.0989915159276,-111.85,706.05,442.9,1,"	1490,2389" 
2011-07-01T20:00:00Z,"VECO",2011-12-01T21:00:00Z,Buy,48.58,25.14,9,-210.96,4.1812200279038,-238.77,0,238.77,0,"	1497,1581" 
2011-07-01T20:00:00Z,"USMO",2012-05-01T20:00:00Z,Buy,15.44,12.75,37,-99.53,7.2645287363847,-101.75,68.45,170.2,0,"	1496,1649" 
2011-07-01T20:00:00Z,"MGLN",2012-08-01T20:00:00Z,Buy,54.63,47.51,6,-42.72,15.273363436704,-82.92,9,91.92,0,"	1494,1692" 
2011-07-01T20:00:00Z,"MYGN",2012-11-01T20:00:00Z,Buy,23.13,26.86,28,104.44,7.5318824093017,-147.56,145.32,168,1,"	1495,1744" 
2011-07-01T20:00:00Z,"MGLN",2013-05-01T20:00:00Z,Buy,54.63,50.09,10,-45.4,2.1468627834246,-138.2,15,153.2,0,"	1494,1827" 
2011-08-01T20:00:00Z,"NDSN",2012-02-01T21:00:00Z,Buy,50.5,46.39,11,-45.21,7.0975015302048,-146.19,0,146.19,0,"	1511,1614" 
2011-08-01T20:00:00Z,"LFUS",2012-04-02T20:00:00Z,Buy,51.89,64.86,5,64.85,4.1837581114479,-66.65,64.85,66.65,1,"	1509,1634" 
2011-08-01T20:00:00Z,"MRO",2012-06-01T20:00:00Z,Buy,30.65,23.89,19,-128.44,21.587450799172,-197.03,83.98,212.42,0,"	1510,1664" 
2011-08-01T20:00:00Z,"FL",2012-06-01T20:00:00Z,Buy,21.61,30.38,8,70.16,13.433889617678,-38.72,89.28,38.72,1,"	1512,1668" 
2011-08-01T20:00:00Z,"GCO",2013-01-02T21:00:00Z,Buy,52.76,56.03,8,26.16,11.208735630106,-87.92,208.08,225.12,1,"	1508,1773" 
2011-08-01T20:00:00Z,"BKE",2014-04-01T20:00:00Z,Buy,44.21,46.33,10,21.2,6.7225352462875,-296.3,129.3,152,1,"	1507,2045" 
2011-08-01T20:00:00Z,"FL",2014-04-01T20:00:00Z,Buy,21.61,47.3,8,205.52,2.0805277718664,-38.72,205.52,45.36,1,"	1512,2053" 
2011-08-01T20:00:00Z,"LFUS",2014-07-01T20:00:00Z,Buy,51.89,96.12,8,353.84,2.1344335664336,-106.64,374.72,114.88,1,"	1509,2117" 
2011-08-01T20:00:00Z,"FL",2015-09-01T20:00:00Z,Buy,21.61,70.4,3,146.37,2.0298347224184,-14.52,157.53,19.14,1,"	1512,2415" 
2011-09-01T20:00:00Z,"DEPO",2011-11-01T20:00:00Z,Buy,6.08,4.38,61,-103.7,15.545308811114,-107.36,20.74,128.1,0,"	1528,1550" 
2011-09-01T20:00:00Z,"LRCX",2011-11-01T20:00:00Z,Buy,36.58,42.22,6,33.84,5.1369974703179,-7.2,72.3,23.04,1,"	1532,1554" 
2011-09-01T20:00:00Z,"MRCY",2011-11-01T20:00:00Z,Buy,13.84,13.94,18,1.8,8.5518265948697,-44.82,97.74,44.82,1,"	1535,1555" 
2011-09-01T20:00:00Z,"DV",2012-01-03T21:00:00Z,Buy,42.52,38.75,11,-41.47,8.5226277905257,-104.83,43.34,148.17,0,"	1529,1590" 
2011-09-01T20:00:00Z,"IDT",2012-01-03T21:00:00Z,Buy,21.17,9.55,11,-127.82,7.4909964562961,-135.41,92.84,143.22,0,"	1530,1591" 
2011-09-01T20:00:00Z,"CECO",2012-03-01T21:00:00Z,Buy,16.04,8.63,27,-200.07,4.5255165249991,-262.44,46.44,308.88,0,"	1526,1622" 
2011-09-01T20:00:00Z,"B",2012-04-02T20:00:00Z,Buy,21.89,26.96,23,116.61,18.186490682314,-87.4,139.84,105.34,1,"	1525,1632" 
2011-09-01T20:00:00Z,"LXU",2012-07-02T20:00:00Z,Buy,39.7,30.85,9,-79.65,17.567575601714,-125.64,13.95,137.97,0,"	1533,1678" 
2011-09-01T20:00:00Z,"MKSI",2012-12-03T21:00:00Z,Buy,22.57,24.02,11,15.95,5.6920552956827,-25.74,122.32,104.28,1,"	1534,1761" 
2011-09-01T20:00:00Z,"CVI",2013-02-01T21:00:00Z,Buy,27.17,53.58,5,132.05,4.1792073059361,-50.85,157.9,59.4,1,"	1527,1791" 
2011-09-01T20:00:00Z,"LG",2013-02-01T21:00:00Z,Buy,39.74,40.13,21,8.19,24.259015018769,-49.56,78.33,121.59,1,"	1531,1793" 
2011-09-01T20:00:00Z,"TER",2013-09-03T20:00:00Z,Buy,11.86,15.44,20,71.6,7.0415279454265,-51.8,145,86.6,1,"	1536,1902" 
2011-09-01T20:00:00Z,"CVI",2014-01-02T21:00:00Z,Buy,27.17,43.68,9,148.59,8.6629570375682,-91.53,388.89,330.84,1,"	1527,1974" 
2011-10-03T20:00:00Z,"KELYA",2011-11-01T20:00:00Z,Buy,10.9,15.32,34,150.28,17.231107606431,0,201.28,51,1,"	1546,1553" 
2011-10-03T20:00:00Z,"DAR",2012-06-01T20:00:00Z,Buy,11.7,14.07,32,75.84,10.233193279105,0,198.4,124.16,1,"	1544,1660" 
2011-10-03T20:00:00Z,"DSW",2012-06-01T20:00:00Z,Buy,45,57.26,9,110.34,4.1740508393546,-27.81,148.68,106.74,1,"	1545,1662" 
2011-10-03T20:00:00Z,"AVA",2012-07-02T20:00:00Z,Buy,23.65,26.95,35,115.5,4.7003421430759,0,115.5,84,1,"	1549,1682" 
2011-10-03T20:00:00Z,"MLR",2012-09-04T20:00:00Z,Buy,16.57,15.51,33,-34.98,4.6488213707359,-72.27,143.88,216.15,0,"	1547,1710" 
2011-10-03T20:00:00Z,"UFS",2013-03-01T21:00:00Z,Buy,65.01,74.65,3,28.92,2.0286093589556,-54.18,119.97,92.58,1,"	1548,1805" 
2011-11-01T20:00:00Z,"MERC",2012-01-03T21:00:00Z,Buy,6.85,6.49,35,-12.6,2.3484738372093,-52.85,240.8,52.85,0,"	1569,1592" 
2011-11-01T20:00:00Z,"CROX",2012-02-01T21:00:00Z,Buy,17.86,19.79,16,30.88,4.3281978223262,-55.52,30.88,56,1,"	1564,1609" 
2011-11-01T20:00:00Z,"CRUS",2012-02-01T21:00:00Z,Buy,16.23,20.68,23,102.35,4.4571474211896,-43.7,134.32,74.75,1,"	1565,1610" 
2011-11-01T20:00:00Z,"CHS",2012-03-01T21:00:00Z,Buy,12.29,15.29,46,138,7.769271805519,-108.1,138,115,1,"	1562,1623" 
2011-11-01T20:00:00Z,"MXIM",2012-05-01T20:00:00Z,Buy,25.57,29,9,30.87,5.3071305724689,-14.85,38.61,28.44,1,"	1570,1644" 
2011-11-01T20:00:00Z,"SPPI",2012-07-02T20:00:00Z,Buy,10.91,16,14,71.26,4.5177911502291,-19.6,71.26,89.04,1,"	1571,1680" 
2011-11-01T20:00:00Z,"OXM",2012-08-01T20:00:00Z,Buy,38.95,42.21,11,35.86,9.6090970384253,-58.74,145.42,135.63,1,"	1572,1693" 
2011-11-01T20:00:00Z,"DISH",2012-11-01T20:00:00Z,Buy,23.83,36,8,97.36,6.9984729149523,-4.48,102.4,58.16,1,"	1566,1741" 
2011-11-01T20:00:00Z,"SXI",2012-11-01T20:00:00Z,Buy,36.1,50.79,11,161.59,14.612555900215,-78.65,161.59,103.84,1,"	1573,1748" 
2011-11-01T20:00:00Z,"GME",2012-12-03T21:00:00Z,Buy,25.04,25.83,9,7.11,7.278624592806,-83.79,18.36,90.9,1,"	1567,1760" 
2011-11-01T20:00:00Z,"SPPI",2012-12-03T21:00:00Z,Buy,10.91,11.74,24,19.92,2.237972972973,-33.6,147.36,153.84,1,"	1571,1762" 
2011-11-01T20:00:00Z,"DISH",2013-01-02T21:00:00Z,Buy,23.83,37.01,16,210.88,8.5367646433885,-8.96,221.12,116.32,1,"	1566,1772" 
2011-11-01T20:00:00Z,"GME",2013-01-02T21:00:00Z,Buy,25.04,25.66,20,12.4,2.204625199362,-186.2,55.8,202,1,"	1567,1774" 
2011-11-01T20:00:00Z,"INTC",2013-01-02T21:00:00Z,Buy,23.89,21.38,38,-95.38,7.92428132264,-172.14,201.02,373.16,0,"	1568,1775" 
2011-11-01T20:00:00Z,"MXIM",2014-02-03T21:00:00Z,Buy,25.57,29.86,25,107.25,10.931382274692,-41.25,193.5,160,1,"	1570,2000" 
2011-11-01T20:00:00Z,"CVX",2014-09-02T20:00:00Z,Buy,102.08,127.54,2,50.92,4.7824721825593,-19.58,65.54,36.48,1,"	1563,2151" 
2011-11-01T20:00:00Z,"CVX",2014-12-01T21:00:00Z,Buy,102.08,111.73,2,19.3,2.0205253972628,-19.58,65.54,51.96,1,"	1563,2220" 
2011-11-01T20:00:00Z,"CVX",2015-01-02T21:00:00Z,Buy,102.08,112.58,2,21,2.0200713139597,-19.58,65.54,67.98,1,"	1563,2240" 
2011-12-01T21:00:00Z,"LINC",2012-04-02T20:00:00Z,Buy,7.47,7.91,33,14.52,7.2720331606425,-19.14,680.79,64.02,1,"	1587,1635" 
2011-12-01T21:00:00Z,"CF",2012-09-04T20:00:00Z,Buy,146.98,204.75,1,57.77,9.5137688186545,-17.11,69.65,45.88,1,"	1582,1705" 
2011-12-01T21:00:00Z,"HOC",2012-09-04T20:00:00Z,Buy,23.43,40.1,5,83.35,4.2210803385135,-8.15,85.35,38.95,1,"	1585,1709" 
2011-12-01T21:00:00Z,"ED",2012-10-01T20:00:00Z,Buy,59.51,59.48,24,-0.72,20.673159086129,-57.12,130.32,139.92,0,"	1583,1724" 
2011-12-01T21:00:00Z,"NEU",2012-11-01T20:00:00Z,Buy,196.92,277.43,1,80.51,11.123488173278,-23.46,80.51,46.83,1,"	1584,1742" 
2011-12-01T21:00:00Z,"UACL",2013-01-02T21:00:00Z,Buy,13.7,18.43,27,127.71,24.211054224101,-31.05,136.89,167.94,1,"	1589,1778" 
2011-12-01T21:00:00Z,"LZB",2013-03-01T21:00:00Z,Buy,11.59,18.34,13,87.75,12.134713411499,-7.28,87.75,65.78,1,"	1588,1803" 
2011-12-01T21:00:00Z,"CF",2013-08-01T20:00:00Z,Buy,146.98,195.98,2,98,6.9982142431671,-34.22,166.92,120.32,1,"	1582,1875" 
2011-12-01T21:00:00Z,"KLAC",2013-09-03T20:00:00Z,Buy,47.23,55.38,14,114.1,13.520080119603,-45.64,187.88,155.96,1,"	1586,1900" 
2011-12-01T21:00:00Z,"NEU",2014-02-03T21:00:00Z,Buy,196.92,324.44,1,127.52,2.0096888251807,-23.46,140.3,46.83,1,"	1584,1997" 
2011-12-01T21:00:00Z,"HOC",2014-03-03T21:00:00Z,Buy,23.43,44.88,12,257.4,2.1674259381172,-19.56,420,224.4,1,"	1585,2018" 
2011-12-01T21:00:00Z,"LZB",2014-09-02T20:00:00Z,Buy,11.59,21.81,26,265.72,11.754518781932,-14.56,505.44,271.96,1,"	1588,2157" 
2012-01-03T21:00:00Z,"ITT",2012-03-01T21:00:00Z,Buy,19.57,24.87,28,148.4,12.719103394946,0,150.64,32.2,1,"	1602,1625" 
2012-01-03T21:00:00Z,"NR",2012-05-01T20:00:00Z,Buy,9.81,6.31,41,-143.5,12.930894436881,-143.5,18.86,162.36,0,"	1604,1645" 
2012-01-03T21:00:00Z,"MMS",2012-07-02T20:00:00Z,Buy,41.8,52.68,7,76.16,11.22768172152,-12.53,76.16,42.42,1,"	1603,1679" 
2012-01-03T21:00:00Z,"PRIM",2012-07-02T20:00:00Z,Buy,15.19,12.15,33,-100.32,9.085473186664,-137.94,57.75,195.69,0,"	1605,1681" 
2012-01-03T21:00:00Z,"BBSI",2012-08-01T20:00:00Z,Buy,21.08,25.71,9,41.67,5.3870086082877,-44.28,45.36,44.28,1,"	1600,1688" 
2012-01-03T21:00:00Z,"DK",2012-08-01T20:00:00Z,Buy,11.74,19.71,12,95.64,10.360050938328,-7.32,99.12,22.44,1,"	1601,1691" 
2012-01-03T21:00:00Z,"DK",2012-09-04T20:00:00Z,Buy,11.74,27.39,9,140.85,3.3335822271306,-5.49,140.85,27.27,1,"	1601,1707" 
2012-01-03T21:00:00Z,"TDY",2013-01-02T21:00:00Z,Buy,55.82,66.66,10,108.4,14.943374535093,-6,108.4,85.8,1,"	1607,1777" 
2012-01-03T21:00:00Z,"BBSI",2013-04-01T20:00:00Z,Buy,21.08,51.53,5,152.25,2.0489270793771,-24.6,157.9,24.6,1,"	1600,1813" 
2012-01-03T21:00:00Z,"MMS",2013-05-01T20:00:00Z,Buy,41.8,77.75,3,107.85,6.4804321365215,-5.37,117,23.61,1,"	1603,1828" 
2012-01-03T21:00:00Z,"BBSI",2013-08-01T20:00:00Z,Buy,21.08,72.22,4,204.56,2.0411158553943,-19.68,204.56,47.56,1,"	1600,1874" 
2012-01-03T21:00:00Z,"MMS",2013-10-01T20:00:00Z,Buy,20.9,46.85,18,467.1,2.260046625222,-16.11,467.1,91.8,1,"	1603,1915" 
2012-01-03T21:00:00Z,"BBSI",2013-11-01T20:00:00Z,Buy,21.08,89.19,4,272.44,15.58917287708,-19.68,272.44,47.56,1,"	1600,1930" 
2012-01-03T21:00:00Z,"DK",2013-11-01T20:00:00Z,Buy,11.74,25.26,15,202.8,2.2768219178082,-9.15,431.4,304.95,1,"	1601,1931" 
2012-01-03T21:00:00Z,"SMP",2014-03-03T21:00:00Z,Buy,21,34.64,6,81.84,9.3002981979492,-53.16,99.84,80.1,1,"	1606,2025" 
2012-01-03T21:00:00Z,"BBSI",2014-04-01T20:00:00Z,Buy,21.08,61.41,4,161.32,4.9691266185192,-19.68,319.28,171.64,1,"	1600,2043" 
2012-01-03T21:00:00Z,"SMP",2015-03-02T21:00:00Z,Buy,21,42.33,13,277.29,2.2726407442748,-115.18,317.85,173.55,1,"	1606,2285" 
2012-02-01T21:00:00Z,"LLY",2012-05-01T20:00:00Z,Buy,39.8,41.24,28,40.32,8.0985406592224,-36.68,44.52,36.68,1,"	1618,1643" 
2012-02-01T21:00:00Z,"CRMT",2012-06-01T20:00:00Z,Buy,37.96,42,5,20.2,8.7682835319844,-0.5,46,29.1,1,"	1617,1659" 
2012-02-01T21:00:00Z,"PLCE",2012-06-01T20:00:00Z,Buy,49.9,44.61,12,-63.48,13.420302097534,-70.08,43.32,113.4,0,"	1620,1665" 
2012-02-01T21:00:00Z,"BMY",2012-08-01T20:00:00Z,Buy,32.43,35.59,6,18.96,4.4321636671592,-3.48,22.32,10.62,1,"	1616,1689" 
2012-02-01T21:00:00Z,"CRMT",2012-09-04T20:00:00Z,Buy,37.96,46.02,10,80.6,12.773000872982,-9.9,106.4,101.9,1,"	1617,1706" 
2012-02-01T21:00:00Z,"BMY",2012-10-01T20:00:00Z,Buy,32.43,33.91,31,45.88,3.4249894001061,-26.97,115.32,142.29,1,"	1616,1720" 
2012-02-01T21:00:00Z,"MSM",2013-01-02T21:00:00Z,Buy,77.24,77,9,-2.16,7.6574108261946,-138.06,63.27,201.33,0,"	1619,1776" 
2012-03-01T21:00:00Z,"CALM",2012-09-04T20:00:00Z,Buy,39.48,40.36,5,4.4,8.4767058221779,-24.55,13.05,37.6,1,"	1627,1704" 
2012-03-01T21:00:00Z,"CALM",2012-10-01T20:00:00Z,Buy,39.48,45.74,19,118.94,7.1966749894455,-93.29,118.94,142.88,1,"	1627,1722" 
2012-03-01T21:00:00Z,"SYNA",2012-11-01T20:00:00Z,Buy,37.26,23.65,15,-204.15,13.470873205417,-218.1,0,218.1,0,"	1631,1749" 
2012-03-01T21:00:00Z,"PNM",2013-08-01T20:00:00Z,Buy,18.05,23.76,42,239.82,7.3058868863037,-36.82,513.66,111.72,1,"	1630,1880" 
2012-03-01T21:00:00Z,"ICFI",2014-03-03T21:00:00Z,Buy,24.88,40.23,14,214.9,9.1674529423337,-92.82,227.22,110.18,1,"	1629,2019" 
2012-03-01T21:00:00Z,"ICFI",2014-10-01T20:00:00Z,Buy,24.88,30.43,5,27.75,2.2767262098084,-33.15,82.1,54.35,1,"	1629,2181" 
2012-03-01T21:00:00Z,"CPK",2015-01-02T21:00:00Z,Buy,26.94668014,49.89,7.4999962500019,172.07,3.7452937769614,-13.05,192.4,62.75,1,"	1628,2241" 
2012-04-02T20:00:00Z,"CMTL",2012-10-01T20:00:00Z,Buy,33.85,27.74,25,-152.75,9.5885736997624,-182.5,1.5,184,0,"	1637,1723" 
2012-04-02T20:00:00Z,"STMP",2012-10-01T20:00:00Z,Buy,27.76,23.26,12,-54,9.834075547169,-107.04,30.6,137.64,0,"	1640,1726" 
2012-04-02T20:00:00Z,"DISCA",2013-01-02T21:00:00Z,Buy,50.99,65.48,4,57.96,5.0960951317432,-10.48,57.96,27.04,1,"	1638,1771" 
2012-04-02T20:00:00Z,"LG",2013-02-01T21:00:00Z,Buy,39.63,40.13,6,3,2.0609379805228,-13.5,23.04,34.74,1,"	1639,1793" 
2012-04-02T20:00:00Z,"DISCA",2014-03-03T21:00:00Z,Buy,50.99,82.08,12,373.08,2.1182141142583,-31.44,473.64,157.92,1,"	1638,2017" 
2012-05-01T20:00:00Z,"RSC",2012-06-01T20:00:00Z,Buy,27.16,17.76,20,-188,9.2301264323965,-188,0,188,0,"	1656,1667" 
2012-05-01T20:00:00Z,"SCHL",2012-10-01T20:00:00Z,Buy,29.47,32.07,17,44.2,7.0486716157959,-53.72,77.69,62.9,1,"	1657,1725" 
2012-05-01T20:00:00Z,"AEE",2012-12-03T21:00:00Z,Buy,33,29.58,35,-119.7,8.201582697048,-155.4,59.85,215.25,0,"	1652,1758" 
2012-05-01T20:00:00Z,"AAPL",2013-03-01T21:00:00Z,Buy,582.13,430.51,1,-151.62,6.5590557069389,-151.62,119.97,271.59,0,"	1651,1802" 
2012-05-01T20:00:00Z,"EGY",2013-04-01T20:00:00Z,Buy,9.38,7.38,36,-72,10.542409104507,-82.8,1.44,82.8,0,"	1653,1815" 
2012-05-01T20:00:00Z,"NHC",2013-05-01T20:00:00Z,Buy,45.41,45.03,10,-3.8,9.0819533468198,-44.5,47.6,69.4,0,"	1654,1829" 
2012-05-01T20:00:00Z,"RCII",2013-08-01T20:00:00Z,Buy,34.51,40.5,18,107.82,17.129490414666,-34.2,107.82,77.58,1,"	1655,1881" 
2012-05-01T20:00:00Z,"VLGEA",2013-08-01T20:00:00Z,Buy,27.14,37.25,18,181.98,12.59486307346,-51.3,203.94,141.48,1,"	1658,1883" 
2012-06-01T20:00:00Z,"ATRO",2012-08-01T20:00:00Z,Buy,24.65,29.8,17,87.55,7.5397146874439,0,103.53,31.28,1,"	1670,1687" 
2012-06-01T20:00:00Z,"PETS",2012-08-01T20:00:00Z,Buy,11.17,9.6,35,-54.95,13.672629925119,-63.35,41.3,104.65,0,"	1675,1694" 
2012-06-01T20:00:00Z,"BRKS",2012-10-01T20:00:00Z,Buy,9.1,7.81,23,-29.67,3.4196932040966,-36.34,119.83,48.07,0,"	1671,1721" 
2012-06-01T20:00:00Z,"NUS",2012-11-01T20:00:00Z,Buy,41.44,48.94,9,67.5,16.345745707249,-42.57,86.13,128.7,1,"	1674,1745" 
2012-06-01T20:00:00Z,"SWM",2012-11-01T20:00:00Z,Buy,32.76,35.48,18,48.96,9.9455653990132,-25.92,48.96,70.29,1,"	1676,1747" 
2012-06-01T20:00:00Z,"MSFT",2013-02-01T21:00:00Z,Buy,28.45,27.93,29,-15.08,4.5775043739516,-61.19,87.29,148.48,0,"	1673,1794" 
2012-06-01T20:00:00Z,"ICUI",2013-06-03T20:00:00Z,Buy,50.66,71.28,6,123.72,12.570743322336,-4.14,126.78,47.04,1,"	1672,1850" 
2012-06-01T20:00:00Z,"ICUI",2013-11-01T20:00:00Z,Buy,50.66,60.86,10,102,9.2592970985396,-6.9,252.4,150.4,1,"	1672,1934" 
2012-06-01T20:00:00Z,"ALG",2013-12-02T21:00:00Z,Buy,29.65,57.13,4,109.92,9.5762828284145,-9.08,116.24,22.16,1,"	1669,1953" 
2012-06-01T20:00:00Z,"ALG",2014-09-02T20:00:00Z,Buy,29.65,49.03,13,251.94,6.1238938242667,-29.51,403.52,173.68,1,"	1669,2150" 
2012-07-02T20:00:00Z,"MOV",2012-09-04T20:00:00Z,Buy,25.34,36.36,6,66.12,4.2038383491159,-20.7,66.12,21.18,1,"	1686,1711" 
2012-07-02T20:00:00Z,"MANH",2012-11-01T20:00:00Z,Buy,45.77,61.4,4,62.52,4.1811171005615,-17.12,64.12,17.44,1,"	1685,1743" 
2012-07-02T20:00:00Z,"DXPE",2013-04-01T20:00:00Z,Buy,43.48,72.89,3,88.23,4.1340694288361,-10.83,95.22,22.35,1,"	1683,1814" 
2012-07-02T20:00:00Z,"LECO",2013-05-01T20:00:00Z,Buy,43.31,51.62,13,108.03,4.2557660709559,-67.73,182.65,87.88,1,"	1684,1825" 
2012-07-02T20:00:00Z,"MANH",2013-05-01T20:00:00Z,Buy,45.77,68.28,10,225.1,5.9385456442628,-42.8,292.1,67,1,"	1685,1826" 
2012-07-02T20:00:00Z,"MOV",2013-06-03T20:00:00Z,Buy,25.34,36,8,85.28,2.1495844875346,-27.6,105.76,73.12,1,"	1686,1851" 
2012-07-02T20:00:00Z,"DXPE",2014-07-01T20:00:00Z,Buy,43.48,77.08,7,235.2,5.3615865738324,-25.27,502.04,354.34,1,"	1683,2115" 
2012-08-01T20:00:00Z,"ATRI",2012-09-04T20:00:00Z,Buy,214,219.67,1,5.67,3.4821047706556,-95.59,47.59,12.74,1,"	1696,1703" 
2012-08-01T20:00:00Z,"HHS",2012-09-04T20:00:00Z,Buy,6.17,7.2,66,67.98,10.826269295347,0,67.98,18.48,1,"	1698,1708" 
2012-08-01T20:00:00Z,"COP",2013-03-01T21:00:00Z,Buy,55.24,58.28,16,48.64,18.28529298622,-10.4,102.72,76.32,1,"	1700,1804" 
2012-08-01T20:00:00Z,"WIRE",2013-03-01T21:00:00Z,Buy,26.57,32.73,23,141.68,12.028549591406,0,182.39,66.01,1,"	1701,1806" 
2012-08-01T20:00:00Z,"GCI",2013-05-01T20:00:00Z,Buy,14.16,19.94,39,225.42,14.102800641531,-6.24,308.49,83.46,1,"	1697,1823" 
2012-08-01T20:00:00Z,"NC",2013-12-02T21:00:00Z,Buy,100.02,63.46,4,-146.24,4.1575573442924,-226.2,101.56,327.76,0,"	1699,1958" 
2012-09-04T20:00:00Z,"ED",2012-10-01T20:00:00Z,Buy,60.88,59.48,4,-5.6,2.4481524174029,-15,16.24,7.8,0,"	1712,1724" 
2012-09-04T20:00:00Z,"LG",2013-02-01T21:00:00Z,Buy,42.6,40.13,5,-12.35,2.0504142011834,-26.1,4.35,28.95,0,"	1716,1793" 
2012-09-04T20:00:00Z,"ENS",2014-02-03T21:00:00Z,Buy,39.32,65.61,3,78.87,6.0578288068507,-22.65,98.91,22.65,1,"	1713,1996" 
2012-09-04T20:00:00Z,"FTK",2014-04-01T20:00:00Z,Buy,11.58,28.01,10,164.3,4.3550800007892,-15.7,166.1,47.9,1,"	1714,2047" 
2012-09-04T20:00:00Z,"SAIA",2014-05-01T20:00:00Z,Buy,14.52667393,41.85,23,628.44,4.3944624771516,-27.45,628.44,145.82,1,"	1717,2069" 
2012-09-04T20:00:00Z,"LFUS",2014-07-01T20:00:00Z,Buy,51.2,96.12,5,224.6,2.0499122635991,-63.2,237.65,65.4,1,"	1715,2117" 
2012-09-04T20:00:00Z,"ENS",2014-11-03T21:00:00Z,Buy,39.32,62.46,10,231.4,2.1491878980892,-75.5,345.5,220.4,1,"	1713,2196" 
2012-09-04T20:00:00Z,"WDC",2015-01-02T21:00:00Z,Buy,42.32,110.43,2,136.22,4.1110272596844,-17.78,143.92,35.82,1,"	1718,2249" 
2012-09-04T20:00:00Z,"FTK",2015-03-02T21:00:00Z,Buy,11.58,16.73,16,82.4,2.274262295082,-25.12,337.28,277.76,1,"	1714,2281" 
2012-09-04T20:00:00Z,"WDC",2015-08-03T20:00:00Z,Buy,42.32,85.85,7,304.71,2.0997559841971,-62.23,503.72,264.53,1,"	1718,2388" 
2012-10-01T20:00:00Z,"AEE",2012-12-03T21:00:00Z,Buy,32.5,29.58,9,-26.28,2.6631949969144,-35.46,19.89,41.13,0,"	1727,1758" 
2012-10-01T20:00:00Z,"MKSI",2012-12-03T21:00:00Z,Buy,25.13,24.02,8,-8.88,2.318012128561,-39.2,68.48,19.52,0,"	1733,1761" 
2012-10-01T20:00:00Z,"VDSI",2013-04-01T20:00:00Z,Buy,9.35,8.43,36,-33.12,9.0248370433697,-84.96,0,84.96,0,"	1738,1817" 
2012-10-01T20:00:00Z,"WCC",2013-05-01T20:00:00Z,Buy,57.72,68.02,9,92.7,8.4773830484357,-14.49,177.48,100.53,1,"	1739,1833" 
2012-10-01T20:00:00Z,"CHS",2013-06-03T20:00:00Z,Buy,18.02,17.86,32,-5.12,14.154618718244,-59.2,54.72,111.04,0,"	1728,1847" 
2012-10-01T20:00:00Z,"CTB",2013-07-01T20:00:00Z,Buy,19.5,33.27,16,220.32,4.404486534593,-12.96,242.56,77.44,1,"	1729,1862" 
2012-10-01T20:00:00Z,"PETS",2013-08-01T20:00:00Z,Buy,10.08,16.93,13,89.05,4.613309365523,-1.69,92.17,26,1,"	1734,1879" 
2012-10-01T20:00:00Z,"PNM",2013-08-01T20:00:00Z,Buy,20.84,23.76,12.000016499992,35.04,2.5587165011007,-44,113.28,31.92,1,"	1735,1880" 
2012-10-01T20:00:00Z,"AWR",2013-08-01T20:00:00Z,Buy,43.93,64.81,5,104.4,12.677607398589,-11.45,104.4,26.65,1,"	1737,1882" 
2012-10-01T20:00:00Z,"ENTG",2013-09-03T20:00:00Z,Buy,8.35,9.42,33,35.31,2.3389298892989,-73.92,68.97,47.52,1,"	1730,1898" 
2012-10-01T20:00:00Z,"CTB",2013-12-02T21:00:00Z,Buy,19.5,24.39,8,39.12,13.964088355463,-6.48,121.28,90.4,1,"	1729,1955" 
2012-10-01T20:00:00Z,"PETS",2014-02-03T21:00:00Z,Buy,10.08,12.74,35,93.1,2.337037037037,-4.55,248.15,155.05,1,"	1734,2002" 
2012-10-01T20:00:00Z,"AWR",2014-08-01T20:00:00Z,Buy,21.965,30.79,32,282.4,2.3930638297872,-36.64,371.04,244.48,1,"	1737,2139" 
2012-10-01T20:00:00Z,"ICFI",2014-10-01T20:00:00Z,Buy,20.25,30.43,10,101.8,2.1007462686567,-20,210.5,108.7,1,"	1731,2181" 
2012-10-01T20:00:00Z,"RS",2014-10-01T20:00:00Z,Buy,51.54,67.32,11,173.58,4.275613783743,-15.62,270.38,107.8,1,"	1736,2186" 
2012-10-01T20:00:00Z,"KWR",2014-11-03T21:00:00Z,Buy,46.8,83.27,3,109.41,7.1562360735983,-2.67,109.41,44.1,1,"	1732,2197" 
2012-10-01T20:00:00Z,"KWR",2015-08-03T20:00:00Z,Buy,46.8,91.16,5,221.8,2.0491693635383,-4.45,229.5,73.5,1,"	1732,2384" 
2012-11-01T20:00:00Z,"CORE",2013-01-02T21:00:00Z,Buy,48.32,50.12,13,23.4,8.9160943160249,-87.23,23.4,87.23,1,"	1752,1769" 
2012-11-01T20:00:00Z,"VMI",2013-05-01T20:00:00Z,Buy,138.17,144.1,5,29.65,4.100576941997,-41.1,131.65,124.4,1,"	1757,1832" 
2012-11-01T20:00:00Z,"AEOS",2013-08-01T20:00:00Z,Buy,21.29,19.92,26,-35.62,2.2652323909919,-207.57,339.3,128.18,0,"	1750,1872" 
2012-11-01T20:00:00Z,"CALM",2013-09-03T20:00:00Z,Buy,43.74,45.83,18,37.62,7.7452746855601,-73.26,146.52,119.52,1,"	1751,1896" 
2012-11-01T20:00:00Z,"MGEE",2013-10-01T20:00:00Z,Buy,52.12,54.74,22,57.64,4.4385930171979,-88,179.96,218.9,1,"	1754,1914" 
2012-11-01T20:00:00Z,"EGHT",2013-11-01T20:00:00Z,Buy,6.52,11.21,59,276.71,5.1644268547753,-27.73,319.78,110.33,1,"	1753,1933" 
2012-11-01T20:00:00Z,"NC",2013-12-02T21:00:00Z,Buy,52,63.46,4,45.84,18.129724442454,-34.12,293.64,71.24,1,"	1755,1958" 
2012-11-01T20:00:00Z,"UNF",2014-01-02T21:00:00Z,Buy,70.69,106.12,11,389.73,12.650750113889,-11.77,399.41,102.96,1,"	1756,1982" 
2012-12-03T21:00:00Z,"NHC",2013-05-01T20:00:00Z,Buy,44.74,45.03,5,1.45,2.0500111781802,-18.9,27.15,26.65,1,"	1767,1829" 
2012-12-03T21:00:00Z,"BAH",2013-08-01T20:00:00Z,Buy,14,20.85,42,287.7,4.8292886145069,-59.22,309.96,109.2,1,"	1763,1873" 
2012-12-03T21:00:00Z,"GIII",2014-01-02T21:00:00Z,Buy,37.56,71.42,5,169.3,4.1668487562549,-25.2,183.1,41.25,1,"	1765,1975" 
2012-12-03T21:00:00Z,"NEU",2014-05-01T20:00:00Z,Buy,264.78,370.44,1,105.66,4.0398270363416,-91.32,136.51,46.51,1,"	1764,2067" 
2012-12-03T21:00:00Z,"LHCG",2014-06-02T20:00:00Z,Buy,19.48,20.38,31,27.9,15.910732337388,-5.58,217.31,207.7,1,"	1766,2093" 
2012-12-03T21:00:00Z,"GIII",2015-01-02T21:00:00Z,Buy,37.56,100,3,187.32,5.665909204008,-15.12,191.22,47.7,1,"	1765,2243" 
2012-12-03T21:00:00Z,"KAI",2015-04-01T20:00:00Z,Buy,24.46,53.73,6,175.62,7.0030518984887,-0.84,175.62,46.32,1,"	1768,2304" 
2013-01-02T21:00:00Z,"VECO",2013-02-01T21:00:00Z,Buy,31.17,32.91,14,24.36,8.2757318062923,-28.98,34.16,31.5,1,"	1790,1795" 
2013-01-02T21:00:00Z,"CRUS",2013-05-01T20:00:00Z,Buy,29.84,18.89,10,-109.5,8.1019855248118,-121.6,17.4,139,0,"	1782,1822" 
2013-01-02T21:00:00Z,"IPAR",2013-05-01T20:00:00Z,Buy,19.89,28.44,8,68.4,9.4622864241138,-0.48,73.6,16.96,1,"	1785,1824" 
2013-01-02T21:00:00Z,"CHE",2013-06-03T20:00:00Z,Buy,70.8,70.87,3,0.21,8.5100397379604,-20.73,32.97,53.7,1,"	1781,1848" 
2013-01-02T21:00:00Z,"UGI",2013-07-01T20:00:00Z,Buy,33.3,38.7,3.9999644199691,21.6,6.7822487086058,-79.93,34.72,19.64,1,"	1789,1867" 
2013-01-02T21:00:00Z,"HVT",2013-08-01T20:00:00Z,Buy,16.68,27.18,8,84,4.4108901193227,-3.28,84,31.92,1,"	1784,1876" 
2013-01-02T21:00:00Z,"MED",2013-08-01T20:00:00Z,Buy,26.29,27.27,15,14.7,4.2990475502098,-60.9,45.45,88.05,1,"	1786,1878" 
2013-01-02T21:00:00Z,"RCII",2013-08-01T20:00:00Z,Buy,35.1,40.5,6,32.4,2.0933821743746,-14.94,32.4,25.86,1,"	1788,1881" 
2013-01-02T21:00:00Z,"CHE",2013-09-03T20:00:00Z,Buy,70.8,69.66,8,-9.12,2.0800229753016,-55.28,87.92,143.2,0,"	1781,1897" 
2013-01-02T21:00:00Z,"CF",2013-12-02T21:00:00Z,Buy,207.24,217.01,1,9.77,10.177949146375,-77.37,23.2,60.16,1,"	1780,1954" 
2013-01-02T21:00:00Z,"GPS",2013-12-02T21:00:00Z,Buy,31.37,41.58,19,193.99,28.559951780249,-3.23,286.71,186.2,1,"	1783,1956" 
2013-01-02T21:00:00Z,"UGI",2014-02-03T21:00:00Z,Buy,33.3,42.04,33.000035580031,288.42,8.1603624276266,-659.45,332.64,162.69,1,"	1789,2004" 
2013-01-02T21:00:00Z,"MYGN",2014-03-03T21:00:00Z,Buy,27.68,37.01,9,83.97,11.986229104063,-62.01,94.14,121.23,1,"	1787,2023" 
2013-01-02T21:00:00Z,"IPAR",2014-06-02T20:00:00Z,Buy,19.89,29.27,24,225.12,2.2351791094744,-1.44,435.12,211.44,1,"	1785,2092" 
2013-01-02T21:00:00Z,"HVT",2015-02-02T21:00:00Z,Buy,16.68,24.79,24,194.64,23.613942524467,-9.84,351.84,274.8,1,"	1784,2260" 
2013-01-02T21:00:00Z,"MYGN",2015-09-01T20:00:00Z,Buy,27.68,36.65,12,107.64,20.725465393605,-82.68,174.36,161.64,1,"	1787,2408" 
2013-02-01T21:00:00Z,"LNDC",2013-11-01T20:00:00Z,Buy,11.85,11.7,39,-5.85,10.493169959366,-54.6,154.83,167.31,0,"	1798,1935" 
2013-02-01T21:00:00Z,"PLUS",2014-03-03T21:00:00Z,Buy,48.53,57.05,13,110.76,10.301475421183,-104.65,225.94,225.42,1,"	1799,2021" 
2013-02-01T21:00:00Z,"BKE",2014-04-01T20:00:00Z,Buy,47.03,46.33,5,-3.5,2.0502672082086,-162.25,50.55,76,0,"	1796,2045" 
2013-02-01T21:00:00Z,"RES",2014-04-01T20:00:00Z,Buy,15.2,20.59,7.7494535687309,41.77,2.4061456245825,-87.23,42.47,36.58,1,"	1800,2050" 
2013-02-01T21:00:00Z,"RES",2014-10-01T20:00:00Z,Buy,15.2,21.28,10,60.8,5.5449775102056,-112.56,97.1,47.2,1,"	1800,2185" 
2013-02-01T21:00:00Z,"RES",2015-01-02T21:00:00Z,Buy,15.2,13.3,22.250546431269,-42.28,5.9298185604941,-250.46,216.05,290.37,0,"	1800,2247" 
2013-03-01T21:00:00Z,"MGLN",2013-05-01T20:00:00Z,Buy,52.66,50.09,5,-12.85,3.867465644547,-59.25,17.35,33.9,0,"	1809,1827" 
2013-03-01T21:00:00Z,"KLIC",2014-01-02T21:00:00Z,Buy,10.69,13.06,51,120.87,9.5055093155189,-28.05,151.47,96.39,1,"	1808,1977" 
2013-03-01T21:00:00Z,"OTL",2014-01-02T21:00:00Z,Buy,41.34,45.74,5,22,6.1798254563281,-7.05,36.85,26.6,1,"	1810,1978" 
2013-03-01T21:00:00Z,"OTL",2014-02-03T21:00:00Z,Buy,41.34,41.8,14,6.44,2.1853874883287,-19.74,103.18,96.74,1,"	1810,2001" 
2013-03-01T21:00:00Z,"SXI",2014-05-01T20:00:00Z,Buy,55.19,60.41,13,67.86,11.462397136248,-68.9,114.27,138.97,1,"	1811,2071" 
2013-03-01T21:00:00Z,"WOR",2014-05-01T20:00:00Z,Buy,28.02,37.02,22,198,9.9171038458337,0,352.22,183.26,1,"	1812,2074" 
2013-03-01T21:00:00Z,"ENS",2014-11-03T21:00:00Z,Buy,40.31,62.46,5,110.75,3.6733841776398,-42.7,167.8,110.2,1,"	1807,2196" 
2013-04-01T20:00:00Z,"CHS",2013-06-03T20:00:00Z,Buy,16.6,17.86,12,15.12,3.4535871856477,-5.16,37.56,22.44,1,"	1819,1847" 
2013-04-01T20:00:00Z,"SIX",2013-10-01T20:00:00Z,Buy,36.305,33.92,22,-52.47,4.3310437000674,-72.49,80.85,153.34,0,"	1821,1916" 
2013-04-01T20:00:00Z,"POWL",2014-01-02T21:00:00Z,Buy,52.25,66.29,3,42.12,6.3502682969888,-15.54,49.83,16.44,1,"	1820,1979" 
2013-04-01T20:00:00Z,"APU",2014-02-03T21:00:00Z,Buy,44.1,42.48,22,-35.64,26.620780384728,-56.98,129.8,186.78,0,"	1818,1994" 
2013-04-01T20:00:00Z,"POWL",2014-03-03T21:00:00Z,Buy,52.25,67.62,7,107.59,17.267956366553,-36.26,116.27,67.83,1,"	1820,2024" 
2013-05-01T20:00:00Z,"BWS",2013-06-03T20:00:00Z,Buy,16.18,21.48,32.500006749997,172.25,9.9816989092537,-184.6,684.23,24.38,1,"	1834,1846" 
2013-05-01T20:00:00Z,"DDS",2013-06-03T20:00:00Z,Buy,82.02,91.44,3,28.26,4.4167469679721,-188.04,35.01,6.75,1,"	1836,1849" 
2013-05-01T20:00:00Z,"MOV",2013-06-03T20:00:00Z,Buy,29.42,36,7,46.06,3.265630095358,-52.71,63.98,7.28,1,"	1841,1851" 
2013-05-01T20:00:00Z,"IDT",2013-07-01T20:00:00Z,Buy,13.86,19.31,15,81.75,4.5766797769088,0,100.35,27.9,1,"	1840,1864" 
2013-05-01T20:00:00Z,"HUBB",2013-08-01T20:00:00Z,Buy,93.28,110.9,3,52.86,4.6469111831787,-135.93,52.86,20.55,1,"	1838,1877" 
2013-05-01T20:00:00Z,"QUAD",2013-09-03T20:00:00Z,Buy,19.69,31.6,7,83.37,9.3906575586173,0,99.05,17.71,1,"	1842,1901" 
2013-05-01T20:00:00Z,"FF",2013-10-01T20:00:00Z,Buy,12.01,18.23,12,74.64,12.964778077402,0,77.76,13.56,1,"	1837,1912" 
2013-05-01T20:00:00Z,"IDCC",2013-10-01T20:00:00Z,Buy,43.45,37.7,13,-74.75,10.212301998485,-103.61,55.12,158.73,0,"	1839,1913" 
2013-05-01T20:00:00Z,"QUAD",2014-01-02T21:00:00Z,Buy,19.69,25.74,19,114.95,8.1997338089567,0,320.53,238.26,1,"	1842,1980" 
2013-05-01T20:00:00Z,"UTHR",2014-01-02T21:00:00Z,Buy,66.68,110.9,8,353.76,7.731496605493,-40.8,382.64,72.08,1,"	1844,1983" 
2013-05-01T20:00:00Z,"VLO",2014-01-02T21:00:00Z,Buy,38.79,49.86,4,44.28,6.6253513555337,-21.04,46.48,34.24,1,"	1845,1984" 
2013-05-01T20:00:00Z,"TTEC",2014-03-03T21:00:00Z,Buy,20.8,24.04,19,61.56,12.144911532299,0,116.09,106.78,1,"	1843,2027" 
2013-05-01T20:00:00Z,"BGFV",2014-04-01T20:00:00Z,Buy,18.35,16.17,24,-52.32,12.836826850993,-95.04,154.8,249.84,0,"	1835,2044" 
2013-05-01T20:00:00Z,"FF",2014-04-01T20:00:00Z,Buy,12.01,21.05,13,117.52,2.134802955665,0,120.51,47.45,1,"	1837,2046" 
2013-05-01T20:00:00Z,"TTEC",2014-05-01T20:00:00Z,Buy,20.8,24.22,28,95.76,2.4014919187733,0,171.08,157.36,1,"	1843,2072" 
2013-05-01T20:00:00Z,"IDT",2014-06-02T20:00:00Z,Buy,13.86,16.64,30,83.4,2.4516284680338,0,264,219,1,"	1840,2091" 
2013-05-01T20:00:00Z,"FF",2014-09-02T20:00:00Z,Buy,12.01,14,30,59.7,2.301724137931,0,282.9,232.8,1,"	1837,2153" 
2013-05-01T20:00:00Z,"UTHR",2014-09-02T20:00:00Z,Buy,66.68,115.22,2,97.08,5.0037280277099,-10.2,102.3,56.74,1,"	1844,2164" 
2013-05-01T20:00:00Z,"VLO",2015-03-02T21:00:00Z,Buy,38.79,58.68,5,99.45,2.047560382558,-26.3,118.55,73.75,1,"	1845,2287" 
2013-06-03T20:00:00Z,"GCI",2013-07-01T20:00:00Z,Buy,20.8,25.21,21,92.61,21.080361086838,-19.95,121.8,63.42,1,"	1857,1863" 
2013-06-03T20:00:00Z,"POR",2013-07-01T20:00:00Z,Buy,30.72,30.21,10,-5.1,11.094985226644,-11.6,5.8,17.4,0,"	1859,1865" 
2013-06-03T20:00:00Z,"CALM",2013-09-03T20:00:00Z,Buy,44.92,45.83,5,4.55,3.2825151198339,-26.25,34.8,32.05,1,"	1855,1896" 
2013-06-03T20:00:00Z,"POR",2013-11-01T20:00:00Z,Buy,30.72,29.51,38,-45.98,4.8081387988812,-117.42,63.08,180.5,0,"	1859,1936" 
2013-06-03T20:00:00Z,"PLPC",2013-12-02T21:00:00Z,Buy,69.68,68.74,5,-4.7,14.59163220635,-20.8,113.9,128.05,0,"	1858,1959" 
2013-06-03T20:00:00Z,"ZBRA",2013-12-02T21:00:00Z,Buy,45.66,52.19,6.9999912699917,45.71,2.24,-61.09,211.4,27.3,1,"	1861,1961" 
2013-06-03T20:00:00Z,"ANF",2014-01-02T21:00:00Z,Buy,49.71,32.01,9,-159.3,9.6011155988546,-161.91,18.81,180.72,0,"	1854,1973" 
2013-06-03T20:00:00Z,"PLPC",2014-02-03T21:00:00Z,Buy,69.68,65.5,6,-25.08,6.0527576555844,-25.08,136.68,161.76,0,"	1858,2003" 
2013-06-03T20:00:00Z,"ZBRA",2014-03-03T21:00:00Z,Buy,45.66,69.2,11,258.94,2.1103348311349,-95.99,332.2,42.9,1,"	1861,2029" 
2013-06-03T20:00:00Z,"SPH",2014-04-01T20:00:00Z,Buy,46.38,42.01,22,-96.14,26.075114768157,-138.38,62.7,201.08,0,"	1860,2051" 
2013-06-03T20:00:00Z,"NEU",2014-05-01T20:00:00Z,Buy,276.39,370.44,1,94.05,4.211410398053,-102.93,124.9,39.81,1,"	1856,2067" 
2013-06-03T20:00:00Z,"ZBRA",2015-04-01T20:00:00Z,Buy,45.66,89.56,6.0000087300083,263.4,2.1085934744268,-52.36,280.44,147.48,1,"	1861,2305" 
2013-06-03T20:00:00Z,"GCI",2015-07-01T20:00:00Z,Buy,20.8,32.97,9,109.53,4.9500174511823,-8.55,154.89,73.98,1,"	1857,2361" 
2013-07-01T20:00:00Z,"AEOS",2013-08-01T20:00:00Z,Buy,18.41,19.92,13.49997017998,20.38,2.1411500547645,-68.89,215.05,8.77,1,"	1868,1872" 
2013-07-01T20:00:00Z,"CF",2013-12-02T21:00:00Z,Buy,170.28,217.01,2,93.46,2.0198577259475,-80.82,120.32,31.6,1,"	1869,1954" 
2013-07-01T20:00:00Z,"MPC",2014-04-01T20:00:00Z,Buy,70.38,89.54,8,153.28,4.1615322438784,-66.24,192.8,103.92,1,"	1871,2048" 
2013-08-01T20:00:00Z,"ENTG",2013-09-03T20:00:00Z,Buy,9.55,9.42,24,-3.12,2.2405036726128,-82.56,21.36,13.68,0,"	1886,1898" 
2013-08-01T20:00:00Z,"HNRG",2013-09-03T20:00:00Z,Buy,7.8,7.4,91,-36.4,22.803148317563,-47.32,9.1,56.42,0,"	1888,1899" 
2013-08-01T20:00:00Z,"TER",2013-09-03T20:00:00Z,Buy,16.89,15.44,16,-23.2,2.1637818181818,-121.92,35.52,25.28,0,"	1893,1902" 
2013-08-01T20:00:00Z,"MMS",2013-10-01T20:00:00Z,Buy,37.92,46.85,7,62.51,3.7982046284929,-125.4,62.51,20.44,1,"	1890,1915" 
2013-08-01T20:00:00Z,"DV",2013-11-01T20:00:00Z,Buy,30.63,34.91,18,77.04,4.3583274351034,-41.58,138.06,77.76,1,"	1885,1932" 
2013-08-01T20:00:00Z,"CYH",2014-02-03T21:00:00Z,Buy,46,40.21,14,-81.06,4.2757606381144,-124.18,0,124.18,0,"	1884,1995" 
2013-08-01T20:00:00Z,"POWL",2014-03-03T21:00:00Z,Buy,51.03,67.62,5,82.95,4.2557017832414,-19.8,89.15,48.45,1,"	1892,2024" 
2013-08-01T20:00:00Z,"UEIC",2014-06-02T20:00:00Z,Buy,31.25,42.96,6,70.26,10.414068967007,-10.14,86.22,60.18,1,"	1894,2097" 
2013-08-01T20:00:00Z,"LEA",2014-09-02T20:00:00Z,Buy,69.4,102.25,4,131.4,5.6383359400699,-2.6,131.4,44.48,1,"	1889,2156" 
2013-08-01T20:00:00Z,"OSK",2014-09-02T20:00:00Z,Buy,46.56,49.6,13,39.52,11.98802569645,-21.32,174.85,184.21,1,"	1891,2159" 
2013-08-01T20:00:00Z,"FSLR",2014-12-01T21:00:00Z,Buy,48.15,45.76,6,-14.34,4.1524423033386,-70.08,154.2,168.54,0,"	1887,2226" 
2013-08-01T20:00:00Z,"ZBRA",2015-04-01T20:00:00Z,Buy,47.85,89.56,4.9999912699917,208.55,2.4883584907869,-54.58,222.75,122.9,1,"	1895,2305" 
2013-08-01T20:00:00Z,"UEIC",2015-08-03T20:00:00Z,Buy,31.25,50.71,13,252.98,2.166294367284,-21.97,456.43,228.28,1,"	1894,2386" 
2013-08-01T20:00:00Z,"LEA",2015-09-01T20:00:00Z,Buy,69.4,99.33,11,329.23,2.1062973051853,-7.15,533.83,275.66,1,"	1889,2407" 
2013-09-03T20:00:00Z,"SWM",2013-12-02T21:00:00Z,Buy,57.66,50.73,4,-27.72,7.0537548923229,-27.96,20.24,48.2,0,"	1908,1960" 
2013-09-03T20:00:00Z,"MXIM",2014-02-03T21:00:00Z,Buy,28.16,29.86,8,13.6,2.5527582416048,-33.92,41.2,21.04,1,"	1905,2000" 
2013-09-03T20:00:00Z,"OTL",2014-02-03T21:00:00Z,Buy,41.2,41.8,5,3,3.014541555797,-6.35,37.55,34.55,1,"	1906,2001" 
2013-09-03T20:00:00Z,"USMO",2014-03-03T21:00:00Z,Buy,13.92,14.37,54,24.3,15.473840919082,-62.64,85.32,147.96,1,"	1910,2028" 
2013-09-03T20:00:00Z,"UACL",2014-04-01T20:00:00Z,Buy,25.5,28.98,20,69.6,15.562575393104,-16.2,149.8,166,1,"	1909,2052" 
2013-09-03T20:00:00Z,"PPC",2014-05-01T20:00:00Z,Buy,15.59,22.05,26,167.96,12.971376064984,-43.42,179.92,89.7,1,"	1907,2068" 
2013-09-03T20:00:00Z,"SWM",2014-05-01T20:00:00Z,Buy,57.66,42.78,14,-208.32,2.1960586617782,-259.56,70.84,330.4,0,"	1908,2070" 
2013-09-03T20:00:00Z,"BKH",2014-08-01T20:00:00Z,Buy,47.18,52.67,23,126.27,4.495771781678,-6.67,326.83,200.56,1,"	1904,2132" 
2013-09-03T20:00:00Z,"ABFS",2015-12-01T21:00:00Z,Buy,24.76,24.33,11,-4.73,16.549226436973,-34.54,248.27,255.75,0,"	1903,2461" 
2013-10-01T20:00:00Z,"DK",2013-11-01T20:00:00Z,Buy,21.25,25.26,13,52.13,3.1617690539166,-131.56,250.25,20.15,1,"	1919,1931" 
2013-10-01T20:00:00Z,"POR",2013-11-01T20:00:00Z,Buy,28.67,29.51,8,6.72,2.9473815829757,-8.32,29.68,6.96,1,"	1927,1936" 
2013-10-01T20:00:00Z,"SYNA",2013-11-01T20:00:00Z,Buy,45.92,45.49,14,-6.02,14.79484981218,-15.4,128.1,143.5,0,"	1929,1937" 
2013-10-01T20:00:00Z,"GPS",2013-12-02T21:00:00Z,Buy,40.4,41.58,7,8.26,2.4061545303943,-64.4,42.42,29.4,1,"	1920,1956" 
2013-10-01T20:00:00Z,"KIRK",2013-12-02T21:00:00Z,Buy,18.7,25.5,11,74.8,7.8196629270626,-18.7,76.56,18.7,1,"	1923,1957" 
2013-10-01T20:00:00Z,"NC",2013-12-02T21:00:00Z,Buy,56.61,63.46,4,27.4,2.1630622846561,-52.56,275.2,16.52,1,"	1925,1958" 
2013-10-01T20:00:00Z,"JCOM",2014-01-02T21:00:00Z,Buy,50.78,49.64,4,-4.56,4.224284026878,-27.44,19.84,47.28,0,"	1922,1976" 
2013-10-01T20:00:00Z,"KLIC",2014-01-02T21:00:00Z,Buy,11.61,13.06,22,31.9,3.739056105046,-32.34,45.1,41.58,1,"	1924,1977" 
2013-10-01T20:00:00Z,"SANM",2014-01-02T21:00:00Z,Buy,18.01,16.44,34,-53.38,10.811003170234,-117.3,0,117.3,0,"	1928,1981" 
2013-10-01T20:00:00Z,"PLPC",2014-02-03T21:00:00Z,Buy,72.12,65.5,3,-19.86,3.2155553265026,-19.86,61.02,80.88,0,"	1926,2003" 
2013-10-01T20:00:00Z,"HOC",2014-03-03T21:00:00Z,Buy,41.83,44.88,5,15.25,3.1539550345727,-100.15,83,32.65,1,"	1921,2018" 
2013-10-01T20:00:00Z,"KIRK",2014-03-03T21:00:00Z,Buy,18.7,17.76,20,-18.8,7.1781727347274,-39.2,139.2,178.4,0,"	1923,2020" 
2013-10-01T20:00:00Z,"BKE",2014-04-01T20:00:00Z,Buy,54.49,46.33,4,-32.64,2.6014934766693,-159.64,10.6,50.2,0,"	1917,2045" 
2013-10-01T20:00:00Z,"JCOM",2014-09-02T20:00:00Z,Buy,50.78,53.76,14,41.72,3.5238533036303,-108.36,69.44,177.8,1,"	1922,2155" 
2013-11-01T20:00:00Z,"CF",2013-12-02T21:00:00Z,Buy,214.94,217.01,1,2.07,2.0099693877551,-85.07,15.5,8.13,1,"	1940,1954" 
2013-11-01T20:00:00Z,"CTB",2013-12-02T21:00:00Z,Buy,25.91,24.39,8,-12.16,2.07969242599,-57.76,70,28.4,0,"	1941,1955" 
2013-11-01T20:00:00Z,"ANF",2014-01-02T21:00:00Z,Buy,36.9,32.01,6,-29.34,2.3831060387501,-31.08,89.4,39.54,0,"	1939,1973" 
2013-11-01T20:00:00Z,"CVI",2014-01-02T21:00:00Z,Buy,37.06,43.68,6,39.72,2.0559818731118,-120.36,199.92,23.34,1,"	1942,1974" 
2013-11-01T20:00:00Z,"HHS",2014-02-03T21:00:00Z,Buy,7.98,6.86,74,-82.88,21.145669509672,-93.98,13.32,107.3,0,"	1946,1998" 
2013-11-01T20:00:00Z,"HP",2014-02-03T21:00:00Z,Buy,77.43,86.27,12,106.08,11.967852177943,-21.12,127.92,35.64,1,"	1947,1999" 
2013-11-01T20:00:00Z,"WNC",2014-02-03T21:00:00Z,Buy,11.6,13.38,47,83.66,18.538346550285,-19.27,114.21,37.13,1,"	1951,2005" 
2013-11-01T20:00:00Z,"MTRX",2014-03-03T21:00:00Z,Buy,20.64,33.06,21,260.82,24.635632769378,-17.01,260.82,64.89,1,"	1948,2022" 
2013-11-01T20:00:00Z,"SPH",2014-04-01T20:00:00Z,Buy,46.45,42.01,5,-22.2,3.7120075862015,-31.8,13.9,34.6,0,"	1950,2051" 
2013-11-01T20:00:00Z,"AHC",2014-09-02T20:00:00Z,Buy,80.93,100.53,3,58.8,6.0802156716473,-21.03,60.51,29.07,1,"	1938,2149" 
2013-11-01T20:00:00Z,"GTE",2014-09-02T20:00:00Z,Buy,7.6,6.61,91,-90.09,24.09053400725,-113.75,47.32,161.07,0,"	1945,2154" 
2013-11-01T20:00:00Z,"RS",2014-10-01T20:00:00Z,Buy,74.4,67.32,3,-21.24,2.0304543593942,-72.84,5.16,28.2,0,"	1949,2186" 
2013-11-01T20:00:00Z,"AHC",2014-12-01T21:00:00Z,Buy,80.93,73.96,3,-20.91,2.0304236939531,-24,60.51,84.51,0,"	1938,2219" 
2013-11-01T20:00:00Z,"MTRX",2015-01-02T21:00:00Z,Buy,20.64,22.24,13,20.8,5.5230740039968,-18.85,215.41,234.26,1,"	1948,2245" 
2013-11-01T20:00:00Z,"FTK",2015-03-02T21:00:00Z,Buy,20.98,16.73,12,-51,4.0966844111324,-131.64,140.16,208.32,0,"	1944,2281" 
2013-11-01T20:00:00Z,"AHC",2015-06-01T20:00:00Z,Buy,80.93,66.76,6,-85.02,6.7977731542978,-92.88,121.02,213.9,0,"	1938,2343" 
2013-11-01T20:00:00Z,"DECK",2015-08-03T20:00:00Z,Buy,68.56,71.58,6,18.12,4.8178037977581,-162.18,294.48,199.92,1,"	1943,2381" 
2013-12-02T21:00:00Z,"APU",2014-02-03T21:00:00Z,Buy,42.37,42.48,8,0.88,2.0784266543267,-6.88,61.04,22.96,1,"	1962,1994" 
2013-12-02T21:00:00Z,"MXIM",2014-02-03T21:00:00Z,Buy,28.22,29.86,8,13.12,3.3185182401147,-34.4,40.72,8,1,"	1967,2000" 
2013-12-02T21:00:00Z,"UGI",2014-02-03T21:00:00Z,Buy,40.53,42.04,2.9999644199691,4.53,2.8310620979885,-81.64,8.55,4.14,1,"	1972,2004" 
2013-12-02T21:00:00Z,"NWPX",2014-04-01T20:00:00Z,Buy,37.31,37.19,20,-2.4,16.730112307241,-83.8,40.2,124,0,"	1968,2049" 
2013-12-02T21:00:00Z,"NEU",2014-05-01T20:00:00Z,Buy,327.08,370.44,1,43.36,2.0100966198487,-153.62,74.21,39.81,1,"	1964,2067" 
2013-12-02T21:00:00Z,"SXI",2014-05-01T20:00:00Z,Buy,57.67,60.41,4,10.96,3.2022427927703,-31.12,25.24,42.76,1,"	1970,2071" 
2013-12-02T21:00:00Z,"SYNA",2014-07-01T20:00:00Z,Buy,50.27,91.88,6,249.66,18.15024413651,-9.84,249.66,62.1,1,"	1971,2121" 
2013-12-02T21:00:00Z,"CMCO",2014-08-01T20:00:00Z,Buy,26.42,23.16,28,-91.28,12.444508281454,-91.28,108.64,199.92,0,"	1963,2133" 
2013-12-02T21:00:00Z,"UGI",2014-09-02T20:00:00Z,Buy,40.53,53.03,2.0000355800309,25,2.0400377500944,-54.43,25,6.24,1,"	1972,2163" 
2013-12-02T21:00:00Z,"SYNA",2014-11-03T21:00:00Z,Buy,50.27,65.72,4,61.8,2.0384158994593,-6.56,169.64,122.28,1,"	1971,2200" 
2013-12-02T21:00:00Z,"SMP",2015-03-02T21:00:00Z,Buy,34.4,42.33,8,63.44,2.0792626728111,-178.08,88.4,99.2,1,"	1969,2285" 
2014-01-02T21:00:00Z,"TPL",2014-03-03T21:00:00Z,Buy,99.8,137.91,6,228.66,9.3522017548387,-35.46,268.2,63.96,1,"	1992,2026" 
2014-01-02T21:00:00Z,"ATO",2014-05-01T20:00:00Z,Buy,44.67,51.28,33,218.13,5.7482963900581,-15.84,227.7,101.31,1,"	1985,2066" 
2014-01-02T21:00:00Z,"TTEC",2014-05-01T20:00:00Z,Buy,23.8,24.22,12,5.04,2.119298245614,-36,37.32,31.2,1,"	1993,2072" 
2014-01-02T21:00:00Z,"SAFM",2014-07-01T20:00:00Z,Buy,72,97.92,2.5000037499981,64.8,8.3104984538963,-132.73,64.8,14.83,1,"	1990,2119" 
2014-01-02T21:00:00Z,"RGR",2014-09-02T20:00:00Z,Buy,73.75,51.09,11,-249.26,6.6148143088685,-269.61,123.09,392.7,0,"	1989,2161" 
2014-01-02T21:00:00Z,"TPL",2014-09-02T20:00:00Z,Buy,99.8,212,2,224.4,2.0211408057439,-11.82,224.4,38.04,1,"	1992,2162" 
2014-01-02T21:00:00Z,"STMP",2014-11-03T21:00:00Z,Buy,41.78,36.96,13,-62.66,6.387370997741,-168.74,8.84,177.58,0,"	1991,2199" 
2014-01-02T21:00:00Z,"GME",2015-01-02T21:00:00Z,Buy,49.65,33.8,13,-206.05,13.377572415561,-230.49,0,230.49,0,"	1986,2244" 
2014-01-02T21:00:00Z,"RES",2015-01-02T21:00:00Z,Buy,17.73,13.3,10.749453568731,-47.62,2.9440285773645,-148.2,77.18,140.28,0,"	1988,2247" 
2014-02-03T21:00:00Z,"XRX",2014-05-01T20:00:00Z,Buy,10.41,12.08,73,121.91,5.4297925085667,-8.03,124.1,51.83,1,"	2016,2075" 
2014-02-03T21:00:00Z,"OIS",2014-06-02T20:00:00Z,Buy,91.98,61.61,10,-303.7,11.145220037562,-303.7,156.1,459.8,0,"	2012,2094" 
2014-02-03T21:00:00Z,"KELYA",2014-07-01T20:00:00Z,Buy,22.76,17.57,41,-212.79,12.895259534432,-229.19,128.33,357.52,0,"	2009,2116" 
2014-02-03T21:00:00Z,"SWX",2014-07-01T20:00:00Z,Buy,52.76,52.67,27,-2.43,16.798463666115,-34.56,66.96,101.52,0,"	2015,2120" 
2014-02-03T21:00:00Z,"CORE",2014-08-01T20:00:00Z,Buy,36.8,46.94,5,50.7,15.953410889437,-9,52.25,22.65,1,"	2008,2134" 
2014-02-03T21:00:00Z,"MUR",2014-08-01T20:00:00Z,Buy,55.37,61.53,21,129.36,4.413372100194,-13.23,259.98,130.62,1,"	2010,2137" 
2014-02-03T21:00:00Z,"NUS",2014-08-01T20:00:00Z,Buy,82.78,59.03,4,-95,4.0791183965994,-96.36,23.52,119.88,0,"	2011,2138" 
2014-02-03T21:00:00Z,"PRFT",2014-09-02T20:00:00Z,Buy,20.01,17.59,27,-65.34,17.000000285351,-92.34,23.76,116.1,0,"	2014,2160" 
2014-02-03T21:00:00Z,"CORE",2014-10-01T20:00:00Z,Buy,36.8,51.69,6,89.34,2.0584728506787,-10.8,106.62,27.18,1,"	2008,2178" 
2014-02-03T21:00:00Z,"CIR",2014-11-03T21:00:00Z,Buy,71.06,74.75,9,33.21,10.875711027773,-84.42,99.27,183.69,1,"	2007,2193" 
2014-02-03T21:00:00Z,"OSTK",2014-11-03T21:00:00Z,Buy,20.72,23.59,9,25.83,4.2492464888587,-60.84,25.83,73.44,1,"	2013,2198" 
2014-02-03T21:00:00Z,"CORE",2015-02-02T21:00:00Z,Buy,36.8,67.5,3,92.1,3.7374028161544,-5.4,97.5,13.8,1,"	2008,2258" 
2014-02-03T21:00:00Z,"OSTK",2015-04-01T20:00:00Z,Buy,20.72,24.06,7,23.38,10.816085732283,-47.32,44.38,57.12,1,"	2013,2303" 
2014-02-03T21:00:00Z,"AHC",2015-06-01T20:00:00Z,Buy,73.92,66.76,3,-21.48,2.0293760763015,-25.41,81.54,106.95,0,"	2006,2343" 
2014-02-03T21:00:00Z,"CORE",2015-11-02T21:00:00Z,Buy,36.8,80.58,6,262.68,8.1060721072928,-10.8,266.94,112.5,1,"	2008,2442" 
2014-03-03T21:00:00Z,"BGFV",2014-04-01T20:00:00Z,Buy,14.89,16.17,17,21.76,2.1667523056653,-8.5,168.47,21.08,1,"	2031,2044" 
2014-03-03T21:00:00Z,"BKE",2014-04-01T20:00:00Z,Buy,44.43,46.33,4.0000074999962,7.6,2.0489856670342,-119.4,50.84,10.56,1,"	2032,2045" 
2014-03-03T21:00:00Z,"SPH",2014-04-01T20:00:00Z,Buy,42.88,42.01,8,-6.96,2.5453239300624,-22.32,50.8,26.56,0,"	2039,2051" 
2014-03-03T21:00:00Z,"PPC",2014-05-01T20:00:00Z,Buy,17.18,22.05,13,63.31,4.8498182467099,-42.38,69.29,15.08,1,"	2038,2068" 
2014-03-03T21:00:00Z,"ARLP",2014-08-01T20:00:00Z,Buy,43.19,49.54,5,31.75,7.1650715768611,-13.25,40.2,18.35,1,"	2030,2130" 
2014-03-03T21:00:00Z,"CMCO",2014-08-01T20:00:00Z,Buy,25.25,23.16,8,-16.72,3.137695309345,-16.72,40.4,57.12,0,"	2033,2133" 
2014-03-03T21:00:00Z,"HP",2014-08-01T20:00:00Z,Buy,98.42,105.48,2,14.12,4.7503788447349,-3.82,39.78,25.66,1,"	2036,2135" 
2014-03-03T21:00:00Z,"UGI",2014-09-02T20:00:00Z,Buy,44.3,53.03,1.9999644199691,17.46,13.164365419712,-61.97,17.46,6.24,1,"	2041,2163" 
2014-03-03T21:00:00Z,"MDU",2014-10-01T20:00:00Z,Buy,33.55,27.43,39,-238.68,10.461656741823,-800.67,92.43,331.11,0,"	2037,2182" 
2014-03-03T21:00:00Z,"ARLP",2014-11-03T21:00:00Z,Buy,43.19,49.4,8,49.68,2.0821792472447,-36.72,64.32,101.04,1,"	2030,2192" 
2014-03-03T21:00:00Z,"TTWO",2014-11-03T21:00:00Z,Buy,20,25.83,8,46.64,5.6214458893463,-9.52,51.6,27.76,1,"	2040,2201" 
2014-03-03T21:00:00Z,"DAL",2014-12-01T21:00:00Z,Buy,32.59,45.62,7,91.21,12.960029414993,-11.83,98.63,79.31,1,"	2035,2222" 
2014-03-03T21:00:00Z,"CPK",2015-01-02T21:00:00Z,Buy,39.00668617,49.89,5.0000134999933,54.42,3.4659793407655,-69,67.97,41.83,1,"	2034,2241" 
2014-03-03T21:00:00Z,"UGI",2015-01-02T21:00:00Z,Buy,29.5333481,38.02,10,84.87,4.4728733769551,-206.56,100.67,27.7,1,"	2041,2248" 
2014-03-03T21:00:00Z,"DAL",2015-03-02T21:00:00Z,Buy,32.59,45.39,15,192,2.1529312668464,-25.35,272.1,169.95,1,"	2035,2280" 
2014-03-03T21:00:00Z,"HP",2015-03-02T21:00:00Z,Buy,98.42,65.71,9,-294.39,2.0881881896809,-368.64,179.01,547.65,0,"	2036,2282" 
2014-03-03T21:00:00Z,"TTWO",2015-03-02T21:00:00Z,Buy,20,26.06,27,163.62,5.3317710502518,-32.13,283.5,119.88,1,"	2040,2286" 
2014-03-03T21:00:00Z,"UGI",2015-05-01T20:00:00Z,Buy,29.5333481,35.1,38.000029370032,211.53,2.4234989945418,-784.91,382.53,297.16,1,"	2041,2324" 
2014-03-03T21:00:00Z,"ARLP",2015-08-03T20:00:00Z,Buy,43.19,24.43,19,-356.44,11.438477552154,-379.62,152.76,532.38,0,"	2030,2377" 
2014-04-01T20:00:00Z,"SWM",2014-05-01T20:00:00Z,Buy,42.51,42.78,6,1.62,3.8934113485948,-20.34,121.26,20.58,1,"	2065,2070" 
2014-04-01T20:00:00Z,"IDT",2014-06-02T20:00:00Z,Buy,16.99,16.64,15,-5.25,2.1529711884754,-46.95,85.05,24.45,0,"	2059,2091" 
2014-04-01T20:00:00Z,"LHCG",2014-06-02T20:00:00Z,Buy,22.3,20.38,12,-23.04,6.8640465158932,-36,50.28,23.16,0,"	2060,2093" 
2014-04-01T20:00:00Z,"MU",2014-07-01T20:00:00Z,Buy,24.44,33.98,7,66.78,10.96145660575,-23.17,66.78,23.17,1,"	2061,2118" 
2014-04-01T20:00:00Z,"SWKS",2014-08-01T20:00:00Z,Buy,37.61,52.07,8,115.68,18.958754489242,-21.68,133.04,27.84,1,"	2054,2129" 
2014-04-01T20:00:00Z,"BAH",2014-08-01T20:00:00Z,Buy,22.32,22.18,47,-6.58,10.957183803248,-70.5,125.96,196.46,0,"	2056,2131" 
2014-04-01T20:00:00Z,"EPAM",2014-10-01T20:00:00Z,Buy,36.37,43.11,13,87.62,28.024197032214,-80.08,118.82,108.55,1,"	2058,2180" 
2014-04-01T20:00:00Z,"RS",2014-10-01T20:00:00Z,Buy,71.28,67.32,3,-11.88,2.9634894714978,-63.48,14.52,23.34,0,"	2063,2186" 
2014-04-01T20:00:00Z,"EBS",2014-11-03T21:00:00Z,Buy,25.75,22.31,27,-92.88,12.857800244552,-157.41,27.81,185.22,0,"	2057,2195" 
2014-04-01T20:00:00Z,"STMP",2014-11-03T21:00:00Z,Buy,34.28,36.96,6,16.08,4.6379763556802,-32.88,49.08,35.46,1,"	2064,2199" 
2014-04-01T20:00:00Z,"SWKS",2014-12-01T21:00:00Z,Buy,37.61,65.77,4,112.64,6.2920543524742,-10.84,121.16,54.08,1,"	2054,2218" 
2014-04-01T20:00:00Z,"MU",2015-01-02T21:00:00Z,Buy,24.44,34.75,21,216.51,2.208440445587,-69.51,253.05,159.81,1,"	2061,2246" 
2014-04-01T20:00:00Z,"SWKS",2015-02-02T21:00:00Z,Buy,37.61,82.02,9,399.69,5.6791485784087,-24.39,419.22,121.68,1,"	2054,2257" 
2014-04-01T20:00:00Z,"BABY",2015-07-01T20:00:00Z,Buy,26.59,42.29,5,78.5,7.8705526068772,-20.3,85.85,30.15,1,"	2055,2359" 
2014-05-01T20:00:00Z,"POWI",2014-06-02T20:00:00Z,Buy,49.37,49.1,12,-3.24,4.2425976913828,-15.96,20.64,25.56,0,"	2085,2095" 
2014-05-01T20:00:00Z,"TSN",2014-06-02T20:00:00Z,Buy,42.41,43.4,6,5.94,13.84104409407,-24.96,5.94,26.4,1,"	2088,2096" 
2014-05-01T20:00:00Z,"CALM",2014-07-01T20:00:00Z,Buy,59.02,75.29,3,48.81,4.1887547900337,-1.05,48.81,10.11,1,"	2077,2114" 
2014-05-01T20:00:00Z,"SWX",2014-07-01T20:00:00Z,Buy,54.6,52.67,4,-7.72,2.0397018723868,-12.48,2.56,14.12,0,"	2086,2120" 
2014-05-01T20:00:00Z,"LZB",2014-09-02T20:00:00Z,Buy,24.39,21.81,10,-25.8,2.1006603384234,-133.6,66.4,58.3,0,"	2082,2157" 
2014-05-01T20:00:00Z,"MOV",2014-09-02T20:00:00Z,Buy,39.03,37.58,19,-27.55,4.3810934533699,-40.09,95.19,132.43,0,"	2084,2158" 
2014-05-01T20:00:00Z,"CALM",2014-10-01T20:00:00Z,Buy,59.02,87.8,4,115.12,2.0393148998097,-1.4,129.32,37.28,1,"	2077,2177" 
2014-05-01T20:00:00Z,"EGY",2014-12-01T21:00:00Z,Buy,8.91,5.94,50,-148.5,12.630296887567,-159,25.5,184.5,0,"	2078,2224" 
2014-05-01T20:00:00Z,"APU",2015-01-02T21:00:00Z,Buy,46.55,48.54,7,13.93,4.4021152492187,-24.92,13.93,37.17,1,"	2076,2238" 
2014-05-01T20:00:00Z,"TSN",2015-02-02T21:00:00Z,Buy,42.41,39.57,20,-56.8,2.2027151639344,-145.2,19.8,165,0,"	2088,2264" 
2014-05-01T20:00:00Z,"VMW",2015-02-02T21:00:00Z,Buy,92.05,79.22,8,-102.64,4.1926268484874,-135.92,92.72,228.64,0,"	2089,2265" 
2014-05-01T20:00:00Z,"CALM",2015-06-01T20:00:00Z,Buy,29.51,57.29,8,222.24,2.0808467101782,-1.4,242.8,104.32,1,"	2077,2344" 
2014-05-01T20:00:00Z,"WDC",2015-08-03T20:00:00Z,Buy,82.28,85.85,3,10.71,2.0280086236242,-146.55,96,113.37,1,"	2090,2388" 
2014-05-01T20:00:00Z,"CALM",2015-10-01T20:00:00Z,Buy,29.51,56.47,10,269.6,11.310149996843,-1.75,303.5,130.4,1,"	2077,2431" 
2014-06-02T20:00:00Z,"KELYA",2014-07-01T20:00:00Z,Buy,17.67,17.57,12,-1.2,2.1193918918919,-6,98.64,19.92,0,"	2105,2116" 
2014-06-02T20:00:00Z,"BKH",2014-08-01T20:00:00Z,Buy,57.38,52.67,4,-18.84,2.0397988555575,-41.96,16.04,34.88,0,"	2099,2132" 
2014-06-02T20:00:00Z,"MOD",2014-08-01T20:00:00Z,Buy,14.94,13.25,43,-72.67,10.184632274032,-72.67,46.01,118.68,0,"	2107,2136" 
2014-06-02T20:00:00Z,"AWR",2014-08-01T20:00:00Z,Buy,29.9,30.79,7,6.23,2.0691215323646,-63.56,25.62,21.07,1,"	2112,2139" 
2014-06-02T20:00:00Z,"GTE",2014-09-02T20:00:00Z,Buy,7.2,6.61,31,-18.29,2.3091412742382,-26.35,28.52,54.87,0,"	2102,2154" 
2014-06-02T20:00:00Z,"OSK",2014-09-02T20:00:00Z,Buy,54.04,49.6,5,-22.2,2.0499907493062,-45.6,29.85,58.6,0,"	2109,2159" 
2014-06-02T20:00:00Z,"ICFI",2014-10-01T20:00:00Z,Buy,37.15,30.43,6,-40.32,3.7237678243347,-113.4,24.9,48.3,0,"	2104,2181" 
2014-06-02T20:00:00Z,"MDU",2014-10-01T20:00:00Z,Buy,33.68,27.43,4.2499862867669,-26.56,2.6683879946301,-87.8,9.52,32.6,0,"	2106,2182" 
2014-06-02T20:00:00Z,"PEG",2014-10-01T20:00:00Z,Buy,39.11,37.29,6,-10.92,6.1031621390938,-29.76,10.08,39.84,0,"	2110,2183" 
2014-06-02T20:00:00Z,"PPC",2014-10-01T20:00:00Z,Buy,25.92,30.25,7,30.31,5.7277143464408,-10.57,44.45,26.25,1,"	2111,2184" 
2014-06-02T20:00:00Z,"CRUS",2015-01-02T21:00:00Z,Buy,22.02,23.71,30,50.7,9.492057437756,-154.2,84.3,238.5,1,"	2101,2242" 
2014-06-02T20:00:00Z,"HURN",2015-02-02T21:00:00Z,Buy,67.97,75.13,11,78.76,23.719656428648,-82.83,109.12,119.35,1,"	2103,2261" 
2014-06-02T20:00:00Z,"PEG",2015-03-02T21:00:00Z,Buy,39.11,40.94,6,10.98,3.9325611070479,-29.76,31.14,39.84,1,"	2110,2284" 
2014-06-02T20:00:00Z,"OSTK",2015-04-01T20:00:00Z,Buy,15.25,24.06,15,132.15,4.2439228094354,-19.35,177.15,85.95,1,"	2108,2303" 
2014-06-02T20:00:00Z,"PEG",2015-05-01T20:00:00Z,Buy,39.11,41.96,27,76.95,12.833950348242,-133.92,140.13,179.28,1,"	2110,2318" 
2014-06-02T20:00:00Z,"PPC",2015-05-01T20:00:00Z,Buy,25.92,25.44,24,-11.52,8.1725056706753,-79.92,280.08,360,0,"	2111,2319" 
2014-06-02T20:00:00Z,"UGI",2015-05-01T20:00:00Z,Buy,32.63334965,35.1,3.9999706299683,9.87,3.2422705224653,-95.02,27.87,31.28,1,"	2113,2324" 
2014-06-02T20:00:00Z,"AHC",2015-06-01T20:00:00Z,Buy,91.31,66.76,3,-73.65,2.8481811605395,-77.58,29.37,106.95,0,"	2098,2343" 
2014-07-01T20:00:00Z,"RGR",2014-09-02T20:00:00Z,Buy,59.46,51.09,4,-33.48,3.1087302350483,-40.88,101.92,42.64,0,"	2127,2161" 
2014-07-01T20:00:00Z,"PSX",2014-12-01T21:00:00Z,Buy,80.6,71.83,3,-26.31,4.1798160191844,-38.13,20.73,58.86,0,"	2126,2229" 
2014-07-01T20:00:00Z,"HVT",2015-02-02T21:00:00Z,Buy,25.76,24.79,9,-8.73,3.0650994265599,-85.41,50.22,60.21,0,"	2124,2260" 
2014-07-01T20:00:00Z,"NJR",2015-02-02T21:00:00Z,Buy,56.95,64.65,4,30.8,5.5738050414601,-32.24,37.08,33.48,1,"	2125,2262" 
2014-07-01T20:00:00Z,"VRA",2015-03-02T21:00:00Z,Buy,22,19.17,41,-116.03,13.967703550996,-142.27,88.56,230.83,0,"	2128,2288" 
2014-07-01T20:00:00Z,"DLX",2015-04-01T20:00:00Z,Buy,60.14,68.72,3,25.74,5.435192806115,-20.7,27.3,20.94,1,"	2123,2300" 
2014-07-01T20:00:00Z,"DLX",2015-05-01T20:00:00Z,Buy,60.14,65.49,16,85.6,9.5816388683888,-110.4,150.88,111.68,1,"	2123,2312" 
2014-07-01T20:00:00Z,"PSX",2015-05-01T20:00:00Z,Buy,80.6,81.61,12,12.12,8.8786379644345,-258.12,82.92,341.04,1,"	2126,2320" 
2014-07-01T20:00:00Z,"ABFS",2015-12-01T21:00:00Z,Buy,44.09,24.33,5,-98.8,2.0506665134452,-112.35,16.2,116.25,0,"	2122,2461" 
2014-08-01T20:00:00Z,"DEPO",2014-09-02T20:00:00Z,Buy,10.8,15.31,18,81.18,12.879043836153,0,84.42,6.66,1,"	2143,2152" 
2014-08-01T20:00:00Z,"ATRI",2014-10-01T20:00:00Z,Buy,282.95,295.01,1,12.06,13.730867886647,0,45.75,33.69,1,"	2140,2176" 
2014-08-01T20:00:00Z,"CIR",2014-11-03T21:00:00Z,Buy,65.06,74.75,3,29.07,3.0880944615428,-10.14,51.09,31.38,1,"	2141,2193" 
2014-08-01T20:00:00Z,"DDS",2014-12-01T21:00:00Z,Buy,120.49,116.64,2,-7.7,10.50712705201,-40.06,6.26,46.32,0,"	2142,2223" 
2014-08-01T20:00:00Z,"NSIT",2014-12-01T21:00:00Z,Buy,27.35,23.21,31,-128.34,30.092113857798,-166.16,3.1,169.26,0,"	2146,2227" 
2014-08-01T20:00:00Z,"OFIX",2014-12-01T21:00:00Z,Buy,33.06,28.15,25,-122.75,9.738218144453,-128.75,29.25,158,0,"	2147,2228" 
2014-08-01T20:00:00Z,"ATRI",2015-05-01T20:00:00Z,Buy,282.95,326.8,2,87.7,19.604207356295,0,131.88,80.4,1,"	2140,2310" 
2014-08-01T20:00:00Z,"LSCC",2015-05-01T20:00:00Z,Buy,6.86,6.12,91,-67.34,10.641838982708,-84.63,74.62,159.25,0,"	2145,2315" 
2014-08-01T20:00:00Z,"UHS",2015-07-01T20:00:00Z,Buy,105.37,143.09,3,113.16,18.909566785904,-22.68,113.16,51.12,1,"	2148,2365" 
2014-08-01T20:00:00Z,"DDS",2015-08-03T20:00:00Z,Buy,120.49,100.71,4,-79.12,9.6625058243432,-85.96,86.92,172.88,0,"	2142,2380" 
2014-08-01T20:00:00Z,"DEPO",2015-08-03T20:00:00Z,Buy,10.8,31.17,15,305.55,10.364020240205,0,337.2,116.25,1,"	2143,2382" 
2014-09-02T20:00:00Z,"ICFI",2014-10-01T20:00:00Z,Buy,33.87,30.43,7,-24.08,2.0701865008881,-109.34,52.01,24.08,0,"	2172,2181" 
2014-09-02T20:00:00Z,"DMLP",2014-11-03T21:00:00Z,Buy,33.98,26.65,15,-109.95,4.5942019655245,-127.8,0,127.8,0,"	2170,2194" 
2014-09-02T20:00:00Z,"AVA",2014-11-03T21:00:00Z,Buy,32.15,35.65,10,35,16.512535967254,-16.2,35.1,23.2,1,"	2175,2203" 
2014-09-02T20:00:00Z,"ATO",2015-01-02T21:00:00Z,Buy,50.32,55.9,5,27.9,5.85187191276,-16.55,38.8,21.5,1,"	2167,2239" 
2014-09-02T20:00:00Z,"DLB",2015-02-02T21:00:00Z,Buy,46.21,38.71,29,-217.5,17.27748669989,-223.88,0,223.88,0,"	2169,2259" 
2014-09-02T20:00:00Z,"CHE",2015-03-02T21:00:00Z,Buy,105.91,117.88,4,47.88,8.1284616908817,-30.64,47.88,38.8,1,"	2168,2278" 
2014-09-02T20:00:00Z,"GPRE",2015-05-01T20:00:00Z,Buy,44.68,31.02,14,-191.24,13.231389284205,-338.52,14.98,353.5,0,"	2171,2313" 
2014-09-02T20:00:00Z,"AEP",2015-08-03T20:00:00Z,Buy,52.88,57.08,27,113.4,8.4239322064407,-21.33,315.63,322.38,1,"	2166,2376" 
2014-09-02T20:00:00Z,"CHE",2015-08-03T20:00:00Z,Buy,105.91,149.08,2,86.34,3.1065992946333,-15.32,86.34,19.4,1,"	2168,2378" 
2014-09-02T20:00:00Z,"DMLP",2015-09-01T20:00:00Z,Buy,33.98,15.07,30,-567.3,4.6276351222187,-626.4,0,626.4,0,"	2170,2403" 
2014-09-02T20:00:00Z,"INTC",2015-09-01T20:00:00Z,Buy,34.57,27.82,31,-209.25,15.397531640666,-269.7,96.1,365.8,0,"	2173,2405" 
2014-09-02T20:00:00Z,"RSC",2015-09-01T20:00:00Z,Buy,106.48,50.24,4,-224.96,12.852499385347,-250.52,3.44,253.96,0,"	2174,2410" 
2014-09-02T20:00:00Z,"AVA",2015-09-01T20:00:00Z,Buy,32.15,30.27,41,-77.08,2.3953711373049,-77.08,252.15,329.23,0,"	2175,2414" 
2014-09-02T20:00:00Z,"CHE",2015-11-02T21:00:00Z,Buy,105.91,156.75,4,203.36,12.557865381084,-30.64,207.24,95.28,1,"	2168,2441" 
2014-10-01T20:00:00Z,"CVS",2014-12-01T21:00:00Z,Buy,79.14,90.16,3,33.06,12.150189150981,-0.99,36.66,11.13,1,"	2188,2221" 
2014-10-01T20:00:00Z,"EW",2014-12-01T21:00:00Z,Buy,103.39,129.39,2,52,9.7634114401109,-10.78,52.58,17.82,1,"	2189,2225" 
2014-10-01T20:00:00Z,"CVS",2015-03-02T21:00:00Z,Buy,79.14,104.19,2,50.1,2.0200616154809,-0.66,50.1,8.12,1,"	2188,2279" 
2014-10-01T20:00:00Z,"MED",2015-03-02T21:00:00Z,Buy,31.78,32.35,20,11.4,14.04525914423,-47.8,40.2,68.4,1,"	2191,2283" 
2014-10-01T20:00:00Z,"EW",2015-04-01T20:00:00Z,Buy,103.39,140.7,2,74.62,3.6084594023621,-10.78,91.12,19.88,1,"	2189,2302" 
2014-10-01T20:00:00Z,"CVS",2015-06-01T20:00:00Z,Buy,79.14,102.51,2,46.74,2.4368928975884,-0.66,50.84,11.64,1,"	2188,2346" 
2014-10-01T20:00:00Z,"CVS",2015-08-03T20:00:00Z,Buy,79.14,112.82,2,67.36,3.5721353143229,-0.66,68.62,11.64,1,"	2188,2379" 
2014-11-03T21:00:00Z,"FSLR",2014-12-01T21:00:00Z,Buy,58.31,45.76,4,-50.2,5.1115469531562,-87.36,62.16,50.2,0,"	2208,2226" 
2014-11-03T21:00:00Z,"OFIX",2014-12-01T21:00:00Z,Buy,29.07,28.15,8,-7.36,2.0792367972743,-9.28,41.28,10.24,0,"	2214,2228" 
2014-11-03T21:00:00Z,"DLB",2015-02-02T21:00:00Z,Buy,42.15,38.71,8,-27.52,2.0804389312977,-29.28,32.48,58.72,0,"	2207,2259" 
2014-11-03T21:00:00Z,"HURN",2015-02-02T21:00:00Z,Buy,69.04,75.13,3,18.27,2.02975434564,-25.8,26.55,19.08,1,"	2209,2261" 
2014-11-03T21:00:00Z,"NTCT",2015-02-02T21:00:00Z,Buy,37.31,35.81,17,-25.5,9.0738110876433,-63.75,29.07,92.82,0,"	2213,2263" 
2014-11-03T21:00:00Z,"VMW",2015-02-02T21:00:00Z,Buy,84.27,79.22,3,-15.15,3.323738017297,-27.63,58.11,39.69,0,"	2217,2265" 
2014-11-03T21:00:00Z,"MIC",2015-05-01T20:00:00Z,Buy,72.28,82.54,15,153.9,10.333581710563,-127.5,186.9,127.5,1,"	2210,2316" 
2014-11-03T21:00:00Z,"MSM",2015-05-01T20:00:00Z,Buy,81.03,71.58,16,-151.2,28.56393168525,-174.08,55.68,229.76,0,"	2212,2317" 
2014-11-03T21:00:00Z,"SKX",2015-05-01T20:00:00Z,Buy,55.51,91.67,4,144.64,4.1523054103902,-6.24,144.64,29.84,1,"	2215,2323" 
2014-11-03T21:00:00Z,"DDS",2015-08-03T20:00:00Z,Buy,108.15,100.71,2,-14.88,4.5481153964486,-18.3,68.14,86.44,0,"	2206,2380" 
2014-11-03T21:00:00Z,"SKX",2015-08-03T20:00:00Z,Buy,55.51,148.65,3,279.42,2.0296410767697,-4.68,284.82,22.38,1,"	2215,2385" 
2014-11-03T21:00:00Z,"MRVL",2015-12-01T21:00:00Z,Buy,13.53,9.38,69,-286.35,5.4251171497098,-378.12,211.14,589.26,0,"	2211,2465" 
2014-12-01T21:00:00Z,"MTRX",2015-01-02T21:00:00Z,Buy,20.07,22.24,10,21.7,2.0950284090909,-8.8,171.4,25,1,"	2234,2245" 
2014-12-01T21:00:00Z,"HVT",2015-02-02T21:00:00Z,Buy,20.92,24.79,11,42.57,3.7122423895942,-51.15,114.62,11.33,1,"	2232,2260" 
2014-12-01T21:00:00Z,"BW",2015-05-01T20:00:00Z,Buy,34.65,39.11,16,71.36,5.455994635223,-38.4,106.56,73.92,1,"	2230,2311" 
2014-12-01T21:00:00Z,"MYGN",2015-09-01T20:00:00Z,Buy,33.01,36.65,7,25.48,2.0689144050104,-85.54,64.4,59.85,1,"	2235,2408" 
2014-12-01T21:00:00Z,"SXI",2015-09-01T20:00:00Z,Buy,72.13,76.61,3,13.44,4.1572250641944,-8.4,34.56,39.03,1,"	2236,2412" 
2014-12-01T21:00:00Z,"GILD",2015-10-01T20:00:00Z,Buy,100.55,98.27,8,-18.24,13.267970227976,-88.8,173.28,219.28,0,"	2231,2432" 
2015-01-02T21:00:00Z,"CNC",2015-04-01T20:00:00Z,Buy,52.22,70.47,3,54.75,4.1204179489975,-0.42,57.03,7.2,1,"	2251,2299" 
2015-01-02T21:00:00Z,"DV",2015-04-01T20:00:00Z,Buy,44.28,34,23,-236.44,4.4489563925013,-255.07,22.54,277.61,0,"	2253,2301" 
2015-01-02T21:00:00Z,"CNC",2015-06-01T20:00:00Z,Buy,52.22,75.9,3,71.04,2.030222989116,-0.42,71.04,35.04,1,"	2251,2345" 
2015-01-02T21:00:00Z,"NVDA",2015-06-01T20:00:00Z,Buy,20.13,22.38,9.9999711999885,22.5,5.025890032479,-22.1,147,28.4,1,"	2254,2349" 
2015-01-02T21:00:00Z,"DECK",2015-08-03T20:00:00Z,Buy,89.7,71.58,2.9999908199925,-54.36,4.3262514052244,-144.51,83.82,84.09,0,"	2252,2381" 
2015-01-02T21:00:00Z,"NVDA",2015-10-01T20:00:00Z,Buy,20.13,24.17,11,44.44,2.7551636312097,-24.31,161.7,45.76,1,"	2254,2433" 
2015-01-02T21:00:00Z,"ZUMZ",2015-11-02T21:00:00Z,Buy,38.21,17.87,19,-386.46,13.290291961667,-454.1,60.61,514.71,0,"	2256,2447" 
2015-02-02T21:00:00Z,"SMP",2015-03-02T21:00:00Z,Buy,37.5,42.33,6,28.98,2.0617114646188,-152.16,47.7,11.16,1,"	2275,2285" 
2015-02-02T21:00:00Z,"ATRI",2015-05-01T20:00:00Z,Buy,339.44,326.8,1,-12.64,5.6979287185764,-56.49,9.45,27.23,0,"	2266,2310" 
2015-02-02T21:00:00Z,"MIC",2015-05-01T20:00:00Z,Buy,72.61,82.54,3,29.79,2.0304827875735,-26.49,36.39,9.48,1,"	2271,2316" 
2015-02-02T21:00:00Z,"KFRC",2015-05-01T20:00:00Z,Buy,23.67,22.73,40,-37.6,4.8044394831202,-74.4,41.2,115.6,0,"	2273,2322" 
2015-02-02T21:00:00Z,"MU",2015-06-01T20:00:00Z,Buy,28.44,28.42,25,-0.5,10.434584450318,-53.25,97.25,150.5,0,"	2272,2348" 
2015-02-02T21:00:00Z,"HCA",2015-07-01T20:00:00Z,Buy,70.18,90.87,3,62.07,17.109279496085,-8.76,64.98,16.89,1,"	2269,2362" 
2015-02-02T21:00:00Z,"UNH",2015-07-01T20:00:00Z,Buy,107.29,123.38,2,32.18,6.6106979134292,-1.6,32.18,20.4,1,"	2276,2366" 
2015-02-02T21:00:00Z,"USPH",2015-07-01T20:00:00Z,Buy,39,54.8,6,94.8,15.613162109649,0,96.18,24.18,1,"	2277,2367" 
2015-02-02T21:00:00Z,"IDT",2015-09-01T20:00:00Z,Buy,21.59,15.05,40,-261.6,19.804316452483,-261.6,45.6,307.2,0,"	2270,2404" 
2015-02-02T21:00:00Z,"RSC",2015-09-01T20:00:00Z,Buy,59.57,50.24,5,-46.65,2.053656998739,-78.6,238.85,115.8,0,"	2274,2410" 
2015-03-02T21:00:00Z,"HLS",2015-05-01T20:00:00Z,Buy,44.11,43.51,23,-13.8,24.82642013084,-70.61,87.86,101.66,0,"	2293,2314" 
2015-03-02T21:00:00Z,"MSM",2015-05-01T20:00:00Z,Buy,73.18,71.58,3,-4.8,2.0300780928894,-9.09,33.99,10.95,0,"	2296,2317" 
2015-03-02T21:00:00Z,"RMD",2015-05-01T20:00:00Z,Buy,64.76,64.78,4,0.08,4.2317063503249,-3.28,40.24,43.52,1,"	2297,2321" 
2015-03-02T21:00:00Z,"CRMT",2015-07-01T20:00:00Z,Buy,53.9,50.02,15,-58.2,24.539690158235,-68.7,46.5,115.2,0,"	2292,2360" 
2015-03-02T21:00:00Z,"KLIC",2015-09-01T20:00:00Z,Buy,16.33,10.59,60,-344.4,10.83050787585,-379.8,0,379.8,0,"	2294,2406" 
2015-03-02T21:00:00Z,"BCC",2015-11-02T21:00:00Z,Buy,36.49,30.55,22,-130.68,16.605185644653,-251.9,59.18,311.08,0,"	2290,2440" 
2015-04-01T20:00:00Z,"UEPS",2015-07-01T20:00:00Z,Buy,13.5,18.68,20,103.6,17.735048365015,-23.6,118.2,27,1,"	2308,2364" 
2015-04-01T20:00:00Z,"ARLP",2015-08-03T20:00:00Z,Buy,32.99,24.43,6,-51.36,2.0592102901585,-58.68,109.44,67.56,0,"	2306,2377" 
2015-04-01T20:00:00Z,"CENX",2015-09-01T20:00:00Z,Buy,14.12,5.32,33,-290.4,15.854980095817,-321.75,15.84,337.59,0,"	2307,2402" 
2015-04-01T20:00:00Z,"VDSI",2015-11-02T21:00:00Z,Buy,21.73,19.32,20,-48.2,21.09122876316,-129,258,387,0,"	2309,2446" 
2015-05-01T20:00:00Z,"FARO",2015-06-01T20:00:00Z,Buy,40.51,43.39,12,34.56,4.2413886107407,-6.72,37.44,6.72,1,"	2330,2347" 
2015-05-01T20:00:00Z,"MGEE",2015-07-01T20:00:00Z,Buy,41.43,38.88,28,-71.4,13.058991211793,-118.44,0.56,119,0,"	2334,2363" 
2015-05-01T20:00:00Z,"DDS",2015-08-03T20:00:00Z,Buy,133.38,100.71,2,-65.34,2.5676509053158,-68.76,17.68,68.76,0,"	2328,2380" 
2015-05-01T20:00:00Z,"FIX",2015-08-03T20:00:00Z,Buy,21.13,27.62,15,97.35,8.4405547726726,0,97.65,19.5,1,"	2331,2383" 
2015-05-01T20:00:00Z,"UEIC",2015-08-03T20:00:00Z,Buy,54.61,50.71,4,-15.6,2.04049684835,-100.2,47,30.24,0,"	2342,2386" 
2015-05-01T20:00:00Z,"KLIC",2015-09-01T20:00:00Z,Buy,15.61,10.59,15,-75.3,2.9703156087525,-84.15,10.8,84.15,0,"	2332,2406" 
2015-05-01T20:00:00Z,"STMP",2015-09-01T20:00:00Z,Buy,62.01,79.54,4,70.12,16.985021434331,-5.36,104.96,45.44,1,"	2341,2411" 
2015-05-01T20:00:00Z,"MDP",2015-11-02T21:00:00Z,Buy,52.13,47.28,24,-116.4,18.131824822492,-258.48,30,288.48,0,"	2333,2443" 
2015-05-01T20:00:00Z,"MMS",2015-12-01T21:00:00Z,Buy,64.69,56.95,6,-46.44,13.826707886371,-80.16,30.66,110.82,0,"	2336,2464" 
2015-05-01T20:00:00Z,"MYRG",2015-12-01T21:00:00Z,Buy,29.71,21.25,32,-270.72,8.5046454128588,-330.24,57.92,388.16,0,"	2337,2466" 
2015-06-01T20:00:00Z,"MYGN",2015-09-01T20:00:00Z,Buy,32.96,36.65,6,22.14,4.8355530423962,-73.02,55.5,25.5,1,"	2356,2408" 
2015-06-01T20:00:00Z,"ZUMZ",2015-11-02T21:00:00Z,Buy,29.45,17.87,8,-92.64,3.5743180877131,-121.12,95.6,124.72,0,"	2358,2447" 
2015-06-01T20:00:00Z,"MIC",2015-12-01T21:00:00Z,Buy,85.6,76.47,16,-146.08,12.447055418153,-203.84,26.24,230.08,0,"	2355,2463" 
2015-07-01T20:00:00Z,"ABMD",2015-08-03T20:00:00Z,Buy,66.16,77.4,7,78.68,10.31015778881,-12.39,79.1,20.02,1,"	2369,2375" 
2015-07-01T20:00:00Z,"ARLP",2015-08-03T20:00:00Z,Buy,25.02,24.43,11,-6.49,2.1102644230769,-19.91,288.31,19.91,0,"	2370,2377" 
2015-07-01T20:00:00Z,"DDS",2015-08-03T20:00:00Z,Buy,106.39,100.71,2,-11.36,3.0937993761477,-14.78,71.66,14.78,0,"	2371,2380" 
2015-07-01T20:00:00Z,"UFPI",2015-08-03T20:00:00Z,Buy,52.12,62.54,7,72.94,16.999463854709,-9.1,79.66,9.59,1,"	2374,2387" 
2015-07-01T20:00:00Z,"DMLP",2015-09-01T20:00:00Z,Buy,21,15.07,11,-65.23,2.1079943899018,-86.9,142.78,86.9,0,"	2372,2403" 
2015-07-01T20:00:00Z,"UFPI",2015-11-02T21:00:00Z,Buy,52.12,74.72,3,67.8,6.0897671662435,-3.9,69.18,20.55,1,"	2374,2445" 
2015-07-01T20:00:00Z,"ABFS",2015-12-01T21:00:00Z,Buy,32.22,24.33,7,-55.23,3.4954939368225,-74.2,105.77,70.91,0,"	2368,2461" 
2015-08-03T20:00:00Z,"DMLP",2015-09-01T20:00:00Z,Buy,16.64,15.07,12,-18.84,2.1169771528998,-42.48,208.08,42.48,0,"	2393,2403" 
2015-08-03T20:00:00Z,"INTC",2015-09-01T20:00:00Z,Buy,29.05,27.82,10,-12.3,3.2762114823767,-31.8,86.2,37.7,0,"	2394,2405" 
2015-08-03T20:00:00Z,"NPK",2015-09-01T20:00:00Z,Buy,78.87,79.41,3,1.62,19.519255432995,-11.37,15.12,26.49,1,"	2396,2409" 
2015-08-03T20:00:00Z,"RSC",2015-09-01T20:00:00Z,Buy,50.43,50.24,5,-0.95,2.0488284275755,-32.9,284.55,45.9,0,"	2398,2410" 
2015-08-03T20:00:00Z,"AEIS",2015-10-01T20:00:00Z,Buy,25.71,26.14,38,16.34,13.184095615793,-85.12,70.68,155.8,1,"	2390,2430" 
2015-08-03T20:00:00Z,"MERC",2015-11-02T21:00:00Z,Buy,12.69,11.03,67,-111.22,12.322476700896,-211.72,0,211.72,0,"	2395,2444" 
2015-08-03T20:00:00Z,"SCVL",2015-12-01T21:00:00Z,Buy,27.62,21.78,29.500014249993,-172.28,11.670279901019,-489.7,23.9,300.31,0,"	2400,2467" 
2015-09-01T20:00:00Z,"GMED",2015-12-01T21:00:00Z,Buy,23.83,27.73,10,39,4.5510977327896,-31.7,39,40.3,1,"	2420,2462" 
2015-09-01T20:00:00Z,"SYKE",2015-12-01T21:00:00Z,Buy,24.85,31.83,10,69.8,7.8099491604123,0,69.8,15.4,1,"	2427,2468" 
2015-10-01T20:00:00Z,"BCC",2015-11-02T21:00:00Z,Buy,25.04,30.55,12,66.12,2.1191435368755,0,169.68,35.28,1,"	2434,2440" 
2015-10-01T20:00:00Z,"MYRG",2015-12-01T21:00:00Z,Buy,25.72,21.25,9,-40.23,3.1150198853103,-56.97,52.2,72.27,0,"	2437,2466" 
2015-11-02T21:00:00Z,"ABFS",2015-12-01T21:00:00Z,Buy,26.27,24.33,9,-17.46,2.0912857142857,-41.85,189.54,35.82,0,"	2448,2461" 
