Time,Symbol,Price,Quantity,Type,Status,Value,Tag
2003-02-03T15:00:00Z,AAON,16.18,30,Market On Close,Filled,485.4,"buy" 
2003-02-03T15:00:00Z,BIO,35.48,14,Market On Close,Filled,496.72,"buy" 
2003-02-03T15:00:00Z,CTR,17.85,27,Market On Close,Filled,481.95,"buy" 
2003-02-03T15:00:00Z,CNXS,6.57,74,Market On Close,Filled,486.18,"buy" 
2003-02-03T15:00:00Z,COLM,35.05,13,Market On Close,Filled,455.65,"buy" 
2003-02-03T15:00:00Z,CW,54.06,9,Market On Close,Filled,486.54,"buy" 
2003-02-03T15:00:00Z,DCO,13.06,37,Market On Close,Filled,483.22,"buy" 
2003-02-03T15:00:00Z,EASI,36.44,13,Market On Close,Filled,473.72,"buy" 
2003-02-03T15:00:00Z,EBF,11.31,44,Market On Close,Filled,497.64,"buy" 
2003-02-03T15:00:00Z,EDEL,11.79,41,Market On Close,Filled,483.39,"buy" 
2003-02-03T15:00:00Z,EGN,29.99,16,Market On Close,Filled,479.84,"buy" 
2003-02-03T15:00:00Z,FAF,22.76,21,Market On Close,Filled,477.96,"buy" 
2003-02-03T15:00:00Z,EXPO,14.54,34,Market On Close,Filled,494.36,"buy" 
2003-02-03T15:00:00Z,FIZ,15.27,32,Market On Close,Filled,488.64,"buy" 
2003-02-03T15:00:00Z,FLXS,15.4,32,Market On Close,Filled,492.8,"buy" 
2003-02-03T15:00:00Z,FOSL,17.94,26,Market On Close,Filled,466.44,"buy" 
2003-02-03T15:00:00Z,GCI,72.01,6,Market On Close,Filled,432.06,"buy" 
2003-02-03T15:00:00Z,HCSG,12.73,37,Market On Close,Filled,471.01,"buy" 
2003-02-03T15:00:00Z,HOV,29.61,16,Market On Close,Filled,473.76,"buy" 
2003-02-03T15:00:00Z,JJSF,27.53,18,Market On Close,Filled,495.54,"buy" 
2003-02-03T15:00:00Z,JOUT,11.97,41,Market On Close,Filled,490.77,"buy" 
2003-02-03T15:00:00Z,NEB,21.96,22,Market On Close,Filled,483.12,"buy" 
2003-02-03T15:00:00Z,NUS,12.14,40,Market On Close,Filled,485.6,"buy" 
2003-02-03T15:00:00Z,NVR,328.08,1,Market On Close,Filled,328.08,"buy" 
2003-02-03T15:00:00Z,OXM,24.02,20,Market On Close,Filled,480.4,"buy" 
2003-02-03T15:00:00Z,PDX,36.24,13,Market On Close,Filled,471.12,"buy" 
2003-02-03T15:00:00Z,POG,31.79,15,Market On Close,Filled,476.85,"buy" 
2003-02-03T15:00:00Z,RAVN,15.68,31,Market On Close,Filled,486.08,"buy" 
2003-02-03T15:00:00Z,RBIN,9.31,53,Market On Close,Filled,493.43,"buy" 
2003-02-03T15:00:00Z,RCII,52.36,9,Market On Close,Filled,471.24,"buy" 
2003-02-03T15:00:00Z,RVFD,24.95,19,Market On Close,Filled,474.05,"buy" 
2003-02-03T15:00:00Z,SGC,12.1,40,Market On Close,Filled,484,"buy" 
2003-02-03T15:00:00Z,SHOO,16.99,28,Market On Close,Filled,475.72,"buy" 
2003-02-03T15:00:00Z,TENT,8.14,62,Market On Close,Filled,504.68,"buy" 
2003-02-03T15:00:00Z,THO,27.44,18,Market On Close,Filled,493.92,"buy" 
2003-02-03T15:00:00Z,ECP,14.05,35,Market On Close,Filled,491.75,"buy" 
2003-02-03T15:00:00Z,TTWO,20.82,23,Market On Close,Filled,478.86,"buy" 
2003-02-03T15:00:00Z,UTMD,17.66,27,Market On Close,Filled,476.82,"buy" 
2003-02-03T15:00:00Z,WMK,31.15,16,Market On Close,Filled,498.4,"buy" 
2003-02-03T15:00:00Z,WSO,15.9,31,Market On Close,Filled,492.9,"buy" 
2003-04-01T15:00:00Z,DCO,10.19,-37,Market On Close,Filled,-377.03,"band" 
2003-04-01T15:00:00Z,EDEL,10.36,-41,Market On Close,Filled,-424.76,"universe" 
2003-04-01T15:00:00Z,RBIN,9.7,-53,Market On Close,Filled,-514.1,"universe" 
2003-04-01T15:00:00Z,ANK,17.2,28,Market On Close,Filled,481.6,"buy" 
2003-04-01T15:00:00Z,GDT,36.83,13,Market On Close,Filled,478.79,"buy" 
2003-04-01T15:00:00Z,MTSC,11.45,44,Market On Close,Filled,503.8,"buy" 
2003-05-01T14:00:00Z,AAON,13.73,-30,Market On Close,Filled,-411.9,"band" 
2003-05-01T14:00:00Z,NVR,352.25,-1,Market On Close,Filled,-352.25,"expired" 
2003-05-01T14:00:00Z,TENT,7.49,-62,Market On Close,Filled,-464.38,"expired" 
2003-05-01T14:00:00Z,BWS,29.65,17,Market On Close,Filled,504.05,"buy" 
2003-05-01T14:00:00Z,RBIN,10.41,49,Market On Close,Filled,510.09,"buy" 
2003-05-01T14:00:00Z,TALK,8.81,59,Market On Close,Filled,519.79,"buy" 
2003-06-02T14:00:00Z,BIO,58.36,-5,Market On Close,Filled,-291.8,"adjust" 
2003-06-02T14:00:00Z,HOV,57.81,-7,Market On Close,Filled,-404.67,"adjust" 
2003-06-02T14:00:00Z,JOUT,11.99,-41,Market On Close,Filled,-491.59,"band" 
2003-06-02T14:00:00Z,OXM,41.2,-7,Market On Close,Filled,-288.4,"adjust" 
2003-06-02T14:00:00Z,RCKY,8.9,62,Market On Close,Filled,551.8,"buy" 
2003-07-01T14:00:00Z,BWS,29.65,-17,Market On Close,Filled,-504.05,"expired" 
2003-07-01T14:00:00Z,CW,63.5,-9,Market On Close,Filled,-571.5,"band" 
2003-07-01T14:00:00Z,TALK,10.46,-59,Market On Close,Filled,-617.14,"band" 
2003-07-01T14:00:00Z,ECP,11.5,-35,Market On Close,Filled,-402.5,"universe" 
2003-07-01T14:00:00Z,FRGO,9.49,61,Market On Close,Filled,578.89,"buy" 
2003-07-01T14:00:00Z,HOFT,25.35,23,Market On Close,Filled,583.05,"buy" 
2003-07-01T14:00:00Z,MSN,6.67,84,Market On Close,Filled,560.28,"buy" 
2003-07-01T14:00:00Z,WDC,11.85,56,Market On Close,Filled,663.6,"buy" 
2003-08-01T14:00:00Z,CNXS,10.98,-19,Market On Close,Filled,-208.62,"adjust" 
2003-08-01T14:00:00Z,JJSF,33.91,-18,Market On Close,Filled,-610.38,"band" 
2003-08-01T14:00:00Z,THO,43.44,-5,Market On Close,Filled,-217.2,"adjust" 
2003-08-01T14:00:00Z,GDYS,8.07,73,Market On Close,Filled,589.11,"buy" 
2003-09-02T14:00:00Z,MSN,3.8,-84,Market On Close,Filled,-319.2,"universe" 
2003-09-02T14:00:00Z,SAFM,30.25,21,Market On Close,Filled,635.25,"buy" 
2003-10-01T14:00:00Z,NUS,13.23,-40,Market On Close,Filled,-529.2,"band" 
2003-10-01T14:00:00Z,ODP,14.6,46,Market On Close,Filled,671.6,"buy" 
2003-11-03T15:00:00Z,EASI,47.17,-3,Market On Close,Filled,-141.51,"adjust" 
2003-11-03T15:00:00Z,FLXS,19.5,-32,Market On Close,Filled,-624,"expired" 
2003-11-03T15:00:00Z,OXM,69.84,-3,Market On Close,Filled,-209.52,"adjust" 
2003-11-03T15:00:00Z,RCKY,15.73,-17,Market On Close,Filled,-267.41,"adjust" 
2003-11-03T15:00:00Z,BIO,52.91,4,Market On Close,Filled,211.64,"adjust" 
2003-11-03T15:00:00Z,CRMT,30.24,23,Market On Close,Filled,695.52,"buy" 
2003-11-03T15:00:00Z,FIZ,15.14,15,Market On Close,Filled,227.1,"adjust" 
2003-12-01T15:00:00Z,ANK,27,-28,Market On Close,Filled,-756,"universe" 
2003-12-01T15:00:00Z,HOFT,41.95,-6,Market On Close,Filled,-251.7,"adjust" 
2003-12-01T15:00:00Z,UTMD,22.56,-27,Market On Close,Filled,-609.12,"universe" 
2003-12-01T15:00:00Z,ATRI,49.05,15,Market On Close,Filled,735.75,"buy" 
2003-12-01T15:00:00Z,TALK,10.9,65,Market On Close,Filled,708.5,"buy" 
2004-01-02T15:00:00Z,RCKY,23.1,-12,Market On Close,Filled,-277.2,"adjust" 
2004-01-02T15:00:00Z,RVFD,27.7,-19,Market On Close,Filled,-526.3,"band" 
2004-01-02T15:00:00Z,JCOM,24.86,30,Market On Close,Filled,745.8,"buy" 
2004-02-02T15:00:00Z,MTSC,23.78,-12,Market On Close,Filled,-285.36,"adjust" 
2004-02-02T15:00:00Z,SAFM,49.82,-6,Market On Close,Filled,-298.92,"adjust" 
2004-02-02T15:00:00Z,SHOO,18.67,12,Market On Close,Filled,224.04,"adjust" 
2004-03-01T15:00:00Z,EGN,41.99,-16,Market On Close,Filled,-671.84,"universe" 
2004-03-01T15:00:00Z,NEB,32.04,-22,Market On Close,Filled,-704.88,"band" 
2004-03-01T15:00:00Z,RAVN,31.75,-7,Market On Close,Filled,-222.25,"adjust" 
2004-03-01T15:00:00Z,WDC,11.58,-56,Market On Close,Filled,-648.48,"band" 
2004-03-01T15:00:00Z,AHS,18.37,43,Market On Close,Filled,789.91,"buy" 
2004-03-01T15:00:00Z,ASGN,5.79,137,Market On Close,Filled,793.23,"buy" 
2004-03-01T15:00:00Z,CTR,21.3,10,Market On Close,Filled,213,"adjust" 
2004-03-01T15:00:00Z,CALM,37.99,20,Market On Close,Filled,759.8,"buy" 
2004-03-01T15:00:00Z,GCI,86.6,3,Market On Close,Filled,259.8,"adjust" 
2004-03-01T15:00:00Z,WMK,32.54,8,Market On Close,Filled,260.32,"adjust" 
2004-04-01T15:00:00Z,ASGN,5.5,-137,Market On Close,Filled,-753.5,"band" 
2004-04-01T15:00:00Z,ATRI,42.18,-15,Market On Close,Filled,-632.7,"universe" 
2004-04-01T15:00:00Z,FRGO,10.61,-61,Market On Close,Filled,-647.21,"band" 
2004-04-01T15:00:00Z,GDYS,14.5,-18,Market On Close,Filled,-261,"adjust" 
2004-04-01T15:00:00Z,HOFT,23.16,-34,Market On Close,Filled,-787.44,"expired" 
2004-04-01T15:00:00Z,CNXS,10.48,20,Market On Close,Filled,209.6,"adjust" 
2004-04-01T15:00:00Z,MTLM,37,21,Market On Close,Filled,777,"buy" 
2004-04-01T15:00:00Z,QDEL,6.41,121,Market On Close,Filled,775.61,"buy" 
2004-04-01T15:00:00Z,SCHN,32.12,24,Market On Close,Filled,770.88,"buy" 
2004-04-01T15:00:00Z,TALK,8.33,29,Market On Close,Filled,241.57,"adjust" 
2004-04-01T15:00:00Z,USNA,23.83,34,Market On Close,Filled,810.22,"buy" 
2004-05-03T14:00:00Z,BIO,58.5,-13,Market On Close,Filled,-760.5,"band" 
2004-05-03T14:00:00Z,COLM,53.45,-13,Market On Close,Filled,-694.85,"band" 
2004-05-03T14:00:00Z,HCSG,15.99,-55,Market On Close,Filled,-879.45,"expired" 
2004-05-03T14:00:00Z,PDX,68.2,-3,Market On Close,Filled,-204.6,"adjust" 
2004-05-03T14:00:00Z,POG,28.12,-9,Market On Close,Filled,-253.08,"adjust" 
2004-05-03T14:00:00Z,SGC,16.23,-40,Market On Close,Filled,-649.2,"expired" 
2004-05-03T14:00:00Z,CALM,11.62,29,Market On Close,Filled,336.98,"adjust" 
2004-05-03T14:00:00Z,ESCA,35,22,Market On Close,Filled,770,"buy" 
2004-05-03T14:00:00Z,MTEX,10.59,73,Market On Close,Filled,773.07,"buy" 
2004-05-03T14:00:00Z,OTL,24.63,32,Market On Close,Filled,788.16,"buy" 
2004-05-03T14:00:00Z,UWN,15.47,48,Market On Close,Filled,742.56,"buy" 
2004-06-01T14:00:00Z,SAFM,46.95,-6,Market On Close,Filled,-281.7,"adjust" 
2004-06-01T14:00:00Z,FAF,25.79,8,Market On Close,Filled,206.32,"adjust" 
2004-07-01T14:00:00Z,ESCA,22.68,-9,Market On Close,Filled,-204.12,"adjust" 
2004-07-01T14:00:00Z,FOSL,27.56,-8,Market On Close,Filled,-220.48,"adjust" 
2004-07-01T14:00:00Z,JCOM,26.71,-30,Market On Close,Filled,-801.3,"band" 
2004-07-01T14:00:00Z,RCII,29.58,-22,Market On Close,Filled,-650.76,"band" 
2004-07-01T14:00:00Z,TTWO,30.22,-23,Market On Close,Filled,-695.06,"band" 
2004-07-01T14:00:00Z,USNA,29.68,-8,Market On Close,Filled,-237.44,"adjust" 
2004-07-01T14:00:00Z,CRUS,5.8,136,Market On Close,Filled,788.8,"buy" 
2004-07-01T14:00:00Z,GDYS,10.06,23,Market On Close,Filled,231.38,"adjust" 
2004-07-01T14:00:00Z,LPX,23.3,34,Market On Close,Filled,792.2,"buy" 
2004-07-01T14:00:00Z,TESS,17.25,47,Market On Close,Filled,810.75,"buy" 
2004-08-02T14:00:00Z,CTR,21.05,-37,Market On Close,Filled,-778.85,"band" 
2004-08-02T14:00:00Z,CNXS,10.01,-75,Market On Close,Filled,-750.75,"band" 
2004-08-02T14:00:00Z,QDEL,3.46,-121,Market On Close,Filled,-418.66,"universe" 
2004-08-02T14:00:00Z,RBIN,20.3,-12,Market On Close,Filled,-243.6,"adjust" 
2004-08-02T14:00:00Z,AMED,27.35,28,Market On Close,Filled,765.8,"buy" 
2004-08-02T14:00:00Z,AXE,34.4,22,Market On Close,Filled,756.8,"buy" 
2004-08-02T14:00:00Z,ESCA,10.99,34,Market On Close,Filled,373.66,"adjust" 
2004-08-02T14:00:00Z,LCUT,16.45,45,Market On Close,Filled,740.25,"buy" 
2004-09-01T14:00:00Z,AHS,11.54,-43,Market On Close,Filled,-496.22,"band" 
2004-09-01T14:00:00Z,HOV,34.97,-18,Market On Close,Filled,-629.46,"band" 
2004-09-01T14:00:00Z,RAVN,41.42,-7,Market On Close,Filled,-289.94,"adjust" 
2004-09-01T14:00:00Z,RBIN,19.96,-37,Market On Close,Filled,-738.52,"universe" 
2004-09-01T14:00:00Z,ECOL,9.29,79,Market On Close,Filled,733.91,"buy" 
2004-09-01T14:00:00Z,HOC,20.91,35,Market On Close,Filled,731.85,"buy" 
2004-09-01T14:00:00Z,ZEUS,20.63,36,Market On Close,Filled,742.68,"buy" 
2004-10-01T14:00:00Z,CRUS,5.42,-136,Market On Close,Filled,-737.12,"universe" 
2004-10-01T14:00:00Z,ESCA,14.93,-15,Market On Close,Filled,-223.95,"adjust" 
2004-10-01T14:00:00Z,GDYS,8.63,-78,Market On Close,Filled,-673.14,"band" 
2004-10-01T14:00:00Z,MTEX,14.49,-19,Market On Close,Filled,-275.31,"adjust" 
2004-10-01T14:00:00Z,THO,27.66,-26,Market On Close,Filled,-719.16,"band" 
2004-10-01T14:00:00Z,CYBE,16.88,49,Market On Close,Filled,827.12,"buy" 
2004-10-01T14:00:00Z,NATR,15.38,50,Market On Close,Filled,769,"buy" 
2004-10-01T14:00:00Z,SAFM,35.03,6,Market On Close,Filled,210.18,"adjust" 
2004-10-01T14:00:00Z,SEB,608,1,Market On Close,Filled,608,"buy" 
2004-10-01T14:00:00Z,TALK,5.35,49,Market On Close,Filled,262.15,"adjust" 
2004-10-01T14:00:00Z,TESS,11.37,21,Market On Close,Filled,238.77,"adjust" 
2004-11-01T15:00:00Z,ESCA,14.02,-54,Market On Close,Filled,-757.08,"band" 
2004-11-01T15:00:00Z,TESS,12.89,-68,Market On Close,Filled,-876.52,"band" 
2004-11-01T15:00:00Z,UWN,10.69,-48,Market On Close,Filled,-513.12,"band" 
2004-11-01T15:00:00Z,CIX,15.55,45,Market On Close,Filled,699.75,"buy" 
2004-11-01T15:00:00Z,CYBE,10.53,18,Market On Close,Filled,189.54,"adjust" 
2004-11-01T15:00:00Z,LAWS,44.2,16,Market On Close,Filled,707.2,"buy" 
2004-11-01T15:00:00Z,PCU,43.81,16,Market On Close,Filled,700.96,"buy" 
2004-12-01T15:00:00Z,EASI,55.6,-16,Market On Close,Filled,-889.6,"band" 
2004-12-01T15:00:00Z,MTEX,21.99,-17,Market On Close,Filled,-373.83,"adjust" 
2004-12-01T15:00:00Z,MTLM,25.98,-10,Market On Close,Filled,-259.8,"adjust" 
2004-12-01T15:00:00Z,SCHN,35.7,-24,Market On Close,Filled,-856.8,"band" 
2004-12-01T15:00:00Z,SHOO,19.14,-40,Market On Close,Filled,-765.6,"band" 
2004-12-01T15:00:00Z,USNA,30.45,-26,Market On Close,Filled,-791.7,"band" 
2004-12-01T15:00:00Z,LCUT,14,17,Market On Close,Filled,238,"adjust" 
2004-12-01T15:00:00Z,NL,23.11,37,Market On Close,Filled,855.07,"buy" 
2004-12-01T15:00:00Z,NUE,52.27,16,Market On Close,Filled,836.32,"buy" 
2004-12-01T15:00:00Z,RBIN,25.26,33,Market On Close,Filled,833.58,"buy" 
2004-12-01T15:00:00Z,WWW,31,28,Market On Close,Filled,868,"buy" 
2005-01-03T15:00:00Z,LCUT,15.76,-62,Market On Close,Filled,-977.12,"band" 
2005-01-03T15:00:00Z,MTSC,33.48,-7,Market On Close,Filled,-234.36,"adjust" 
2005-01-03T15:00:00Z,RCKY,29.26,-33,Market On Close,Filled,-965.58,"band" 
2005-01-03T15:00:00Z,SEB,999.9,-1,Market On Close,Filled,-999.9,"adjust" 
2005-01-03T15:00:00Z,WSO,34.52,-7,Market On Close,Filled,-241.64,"adjust" 
2005-01-03T15:00:00Z,AEOS,46.74,18,Market On Close,Filled,841.32,"buy" 
2005-01-03T15:00:00Z,AIT,25.95,32,Market On Close,Filled,830.4,"buy" 
2005-02-01T15:00:00Z,CALM,12,-69,Market On Close,Filled,-828,"band" 
2005-02-01T15:00:00Z,EBF,17.33,-44,Market On Close,Filled,-762.52,"band" 
2005-02-01T15:00:00Z,FAF,37.49,-6,Market On Close,Filled,-224.94,"adjust" 
2005-02-01T15:00:00Z,HOC,30.5,-7,Market On Close,Filled,-213.5,"adjust" 
2005-02-01T15:00:00Z,OTL,20.38,-32,Market On Close,Filled,-652.16,"band" 
2005-02-01T15:00:00Z,WWW,32.09,-28,Market On Close,Filled,-898.52,"expired" 
2005-02-01T15:00:00Z,ABFS,40.86,21,Market On Close,Filled,858.06,"buy" 
2005-02-01T15:00:00Z,MLI,31.96,27,Market On Close,Filled,862.92,"buy" 
2005-02-01T15:00:00Z,NVR,794.9,1,Market On Close,Filled,794.9,"buy" 
2005-02-01T15:00:00Z,RAVN,18.03,13,Market On Close,Filled,234.39,"adjust" 
2005-02-01T15:00:00Z,STLD,36.93,22,Market On Close,Filled,812.46,"buy" 
2005-03-01T15:00:00Z,OXM,36.87,-20,Market On Close,Filled,-737.4,"band" 
2005-03-01T15:00:00Z,POG,39.45,-5,Market On Close,Filled,-197.25,"adjust" 
2005-03-01T15:00:00Z,CTR,30.19,30,Market On Close,Filled,905.7,"buy" 
2005-03-01T15:00:00Z,PDX,69,3,Market On Close,Filled,207,"adjust" 
2005-04-01T15:00:00Z,AEOS,28.78,-7,Market On Close,Filled,-201.46,"adjust" 
2005-04-01T15:00:00Z,ZEUS,17.95,13,Market On Close,Filled,233.35,"adjust" 
2005-05-02T14:00:00Z,CIX,14.62,-45,Market On Close,Filled,-657.9,"expired" 
2005-05-02T14:00:00Z,NVR,709.89,-1,Market On Close,Filled,-709.89,"expired" 
2005-05-02T14:00:00Z,POG,39.15,-22,Market On Close,Filled,-861.3,"expired" 
2005-05-02T14:00:00Z,TALK,8.62,-49,Market On Close,Filled,-422.38,"adjust" 
2005-05-02T14:00:00Z,WSO,44.73,-6,Market On Close,Filled,-268.38,"adjust" 
2005-05-02T14:00:00Z,DECK,22.9,38,Market On Close,Filled,870.2,"buy" 
2005-05-02T14:00:00Z,NL,17.13,14,Market On Close,Filled,239.82,"adjust" 
2005-05-02T14:00:00Z,STLD,27,8,Market On Close,Filled,216,"adjust" 
2005-05-02T14:00:00Z,WEYS,18.69,44,Market On Close,Filled,822.36,"buy" 
2005-05-02T14:00:00Z,X,42.73,19,Market On Close,Filled,811.87,"buy" 
2005-06-01T14:00:00Z,FIZ,8.18,-93,Market On Close,Filled,-760.74,"band" 
2005-06-01T14:00:00Z,HOC,38.89,-6,Market On Close,Filled,-233.34,"adjust" 
2005-06-01T14:00:00Z,RAVN,26.8,-14,Market On Close,Filled,-375.2,"adjust" 
2005-06-01T14:00:00Z,MTEX,16.44,15,Market On Close,Filled,246.6,"adjust" 
2005-06-01T14:00:00Z,MTLM,18.17,14,Market On Close,Filled,254.38,"adjust" 
2005-06-01T14:00:00Z,SPTN,12.92,65,Market On Close,Filled,839.8,"buy" 
2005-07-01T14:00:00Z,AMED,37.73,-28,Market On Close,Filled,-1056.44,"band" 
2005-07-01T14:00:00Z,ECOL,17.56,-30,Market On Close,Filled,-526.8,"adjust" 
2005-07-01T14:00:00Z,FOSL,23.27,-30,Market On Close,Filled,-698.1,"band" 
2005-07-01T14:00:00Z,NL,15.24,-51,Market On Close,Filled,-777.24,"band" 
2005-07-01T14:00:00Z,SAFM,45.97,-22,Market On Close,Filled,-1011.34,"band" 
2005-07-01T14:00:00Z,CMC,24.24,37,Market On Close,Filled,896.88,"buy" 
2005-07-01T14:00:00Z,GCI,71.91,3,Market On Close,Filled,215.73,"adjust" 
2005-07-01T14:00:00Z,LAWS,38.94,6,Market On Close,Filled,233.64,"adjust" 
2005-07-01T14:00:00Z,MSTR,53.95,16,Market On Close,Filled,863.2,"buy" 
2005-07-01T14:00:00Z,NVR,802.55,1,Market On Close,Filled,802.55,"buy" 
2005-07-01T14:00:00Z,COP,59.15,15,Market On Close,Filled,887.25,"buy" 
2005-07-01T14:00:00Z,X,34.79,6,Market On Close,Filled,208.74,"adjust" 
2005-07-01T14:00:00Z,ZEUS,13.28,17,Market On Close,Filled,225.76,"adjust" 
2005-08-01T14:00:00Z,DECK,28.44,-38,Market On Close,Filled,-1080.72,"band" 
2005-08-01T14:00:00Z,GCI,72.26,-12,Market On Close,Filled,-867.12,"band" 
2005-08-01T14:00:00Z,MLI,29.22,-27,Market On Close,Filled,-788.94,"band" 
2005-08-01T14:00:00Z,MSTR,78.31,-4,Market On Close,Filled,-313.24,"adjust" 
2005-08-01T14:00:00Z,ODP,27.96,-12,Market On Close,Filled,-335.52,"adjust" 
2005-08-01T14:00:00Z,ZEUS,15.89,-66,Market On Close,Filled,-1048.74,"band" 
2005-08-01T14:00:00Z,ABFS,34.48,7,Market On Close,Filled,241.36,"adjust" 
2005-08-01T14:00:00Z,BKE,42.56,22,Market On Close,Filled,936.32,"buy" 
2005-08-01T14:00:00Z,CRMT,21.44,10,Market On Close,Filled,214.4,"adjust" 
2005-08-01T14:00:00Z,GCO,37.31,25,Market On Close,Filled,932.75,"buy" 
2005-08-01T14:00:00Z,PLPC,41.03,22,Market On Close,Filled,902.66,"buy" 
2005-08-01T14:00:00Z,WWW,22.25,43,Market On Close,Filled,956.75,"buy" 
2005-09-01T14:00:00Z,AIT,36.4,-6,Market On Close,Filled,-218.4,"adjust" 
2005-09-01T14:00:00Z,CYBE,13.9,-67,Market On Close,Filled,-931.3,"band" 
2005-09-01T14:00:00Z,HOC,57.21,-6,Market On Close,Filled,-343.26,"adjust" 
2005-09-01T14:00:00Z,MTEX,12.45,23,Market On Close,Filled,286.35,"adjust" 
2005-09-01T14:00:00Z,RBIN,11,19,Market On Close,Filled,209,"adjust" 
2005-09-01T14:00:00Z,SCVL,16.36,57,Market On Close,Filled,932.52,"buy" 
2005-09-01T14:00:00Z,SPTN,10.55,27,Market On Close,Filled,284.85,"adjust" 
2005-10-03T14:00:00Z,CMC,33.43,-9,Market On Close,Filled,-300.87,"adjust" 
2005-10-03T14:00:00Z,CRMT,17.67,-44,Market On Close,Filled,-777.48,"band" 
2005-10-03T14:00:00Z,LPX,27.44,-34,Market On Close,Filled,-932.96,"band" 
2005-10-03T14:00:00Z,MTEX,11.7,-75,Market On Close,Filled,-877.5,"band" 
2005-10-03T14:00:00Z,MTLM,25.6,-9,Market On Close,Filled,-230.4,"adjust" 
2005-10-03T14:00:00Z,NATR,22.29,-9,Market On Close,Filled,-200.61,"adjust" 
2005-10-03T14:00:00Z,STLD,32.9,-30,Market On Close,Filled,-987,"band" 
2005-10-03T14:00:00Z,AEOS,23.61,11,Market On Close,Filled,259.71,"adjust" 
2005-10-03T14:00:00Z,BKE,35.19,6,Market On Close,Filled,211.14,"adjust" 
2005-10-03T14:00:00Z,CNXS,25.99,36,Market On Close,Filled,935.64,"buy" 
2005-10-03T14:00:00Z,KOMG,32.45,30,Market On Close,Filled,973.5,"buy" 
2005-10-03T14:00:00Z,MCRI,16.75,56,Market On Close,Filled,938,"buy" 
2005-10-03T14:00:00Z,PETS,10.62,92,Market On Close,Filled,977.04,"buy" 
2005-11-01T15:00:00Z,RBIN,10.99,-85,Market On Close,Filled,-934.15,"band" 
2005-11-01T15:00:00Z,RS,57.76,16,Market On Close,Filled,924.16,"buy" 
2005-12-01T15:00:00Z,ABFS,41.41,-5,Market On Close,Filled,-207.05,"adjust" 
2005-12-01T15:00:00Z,LAWS,38.64,-22,Market On Close,Filled,-850.08,"band" 
2005-12-01T15:00:00Z,MCRI,22.17,-11,Market On Close,Filled,-243.87,"adjust" 
2005-12-01T15:00:00Z,SCVL,21.75,-10,Market On Close,Filled,-217.5,"adjust" 
2005-12-01T15:00:00Z,X,48.98,-25,Market On Close,Filled,-1224.5,"band" 
2005-12-01T15:00:00Z,NATR,20.03,12,Market On Close,Filled,240.36,"adjust" 
2005-12-01T15:00:00Z,SNHY,18.75,51,Market On Close,Filled,956.25,"buy" 
2005-12-01T15:00:00Z,VLO,101.1,10,Market On Close,Filled,1011,"buy" 
2006-01-03T15:00:00Z,PETS,14.31,-23,Market On Close,Filled,-329.13,"adjust" 
2006-01-03T15:00:00Z,ECOL,15.48,19,Market On Close,Filled,294.12,"adjust" 
2006-02-01T15:00:00Z,CMC,47.08,-5,Market On Close,Filled,-235.4,"adjust" 
2006-02-01T15:00:00Z,KOMG,47.3,-7,Market On Close,Filled,-331.1,"adjust" 
2006-02-01T15:00:00Z,NUE,83.54,-3,Market On Close,Filled,-250.62,"adjust" 
2006-02-01T15:00:00Z,PCU,86.84,-4,Market On Close,Filled,-347.36,"adjust" 
2006-02-01T15:00:00Z,RS,78.45,-3,Market On Close,Filled,-235.35,"adjust" 
2006-02-01T15:00:00Z,SPTN,12.08,-92,Market On Close,Filled,-1111.36,"expired" 
2006-02-01T15:00:00Z,WSO,70.91,-3,Market On Close,Filled,-212.73,"adjust" 
2006-02-01T15:00:00Z,WWW,24.06,-43,Market On Close,Filled,-1034.58,"expired" 
2006-02-01T15:00:00Z,CNXS,22.71,14,Market On Close,Filled,317.94,"adjust" 
2006-02-01T15:00:00Z,LYTS,14.73,77,Market On Close,Filled,1134.21,"buy" 
2006-02-01T15:00:00Z,SYKE,13.02,85,Market On Close,Filled,1106.7,"buy" 
2006-02-01T15:00:00Z,TALK,9.55,21,Market On Close,Filled,200.55,"adjust" 
2006-03-01T15:00:00Z,IIIN,39.29,29,Market On Close,Filled,1139.41,"buy" 
2006-03-01T15:00:00Z,WEYS,19.44,13,Market On Close,Filled,252.72,"adjust" 
2006-04-03T14:00:00Z,AEOS,28.79,-40,Market On Close,Filled,-1151.6,"band" 
2006-04-03T14:00:00Z,AXE,47.29,-22,Market On Close,Filled,-1040.38,"universe" 
2006-04-03T14:00:00Z,ECOL,20.06,-11,Market On Close,Filled,-220.66,"adjust" 
2006-04-03T14:00:00Z,IIIN,59.24,-9,Market On Close,Filled,-533.16,"adjust" 
2006-04-03T14:00:00Z,MTSC,41.33,-25,Market On Close,Filled,-1033.25,"universe" 
2006-04-03T14:00:00Z,NUE,107.97,-2,Market On Close,Filled,-215.94,"adjust" 
2006-04-03T14:00:00Z,NVR,753.2,-1,Market On Close,Filled,-753.2,"band" 
2006-04-03T14:00:00Z,PDX,101.9,-2,Market On Close,Filled,-203.8,"adjust" 
2006-04-03T14:00:00Z,ABFS,39.67,6,Market On Close,Filled,238.02,"adjust" 
2006-04-03T14:00:00Z,B,40.34,28,Market On Close,Filled,1129.52,"buy" 
2006-04-03T14:00:00Z,EGY,6.83,175,Market On Close,Filled,1195.25,"buy" 
2006-04-03T14:00:00Z,FAF,38.8,6,Market On Close,Filled,232.8,"adjust" 
2006-04-03T14:00:00Z,NATR,12.06,40,Market On Close,Filled,482.4,"adjust" 
2006-04-03T14:00:00Z,PLPC,33.2,12,Market On Close,Filled,398.4,"adjust" 
2006-04-03T14:00:00Z,SHOO,35.78,32,Market On Close,Filled,1144.96,"buy" 
2006-04-03T14:00:00Z,ZEUS,30.9,38,Market On Close,Filled,1174.2,"buy" 
2006-04-22T04:00:00Z,GDT,80.05,-13,Market,Filled,-1040.65,"Liquidate from delisting" 
2006-05-01T14:00:00Z,ECOL,25.5,-13,Market On Close,Filled,-331.5,"adjust" 
2006-05-01T14:00:00Z,MCRI,32.02,-7,Market On Close,Filled,-224.14,"adjust" 
2006-05-01T14:00:00Z,NATR,10.04,-93,Market On Close,Filled,-933.72,"universe" 
2006-05-01T14:00:00Z,ODP,40.65,-5,Market On Close,Filled,-203.25,"adjust" 
2006-05-01T14:00:00Z,SHOO,53.01,-10,Market On Close,Filled,-530.1,"adjust" 
2006-05-01T14:00:00Z,CTR,22.74,9,Market On Close,Filled,204.66,"adjust" 
2006-05-01T14:00:00Z,DECK,42.49,28,Market On Close,Filled,1189.72,"buy" 
2006-05-01T14:00:00Z,IIIN,37.2,12,Market On Close,Filled,446.4,"adjust" 
2006-05-01T14:00:00Z,KOMG,41.65,5,Market On Close,Filled,208.25,"adjust" 
2006-06-01T14:00:00Z,CNXS,23.41,-50,Market On Close,Filled,-1170.5,"band" 
2006-06-01T14:00:00Z,HOC,85,-3,Market On Close,Filled,-255,"adjust" 
2006-06-01T14:00:00Z,IIIN,43.63,-6,Market On Close,Filled,-261.78,"adjust" 
2006-06-01T14:00:00Z,SNHY,19.97,-51,Market On Close,Filled,-1018.47,"band" 
2006-06-01T14:00:00Z,SYKE,17.49,-20,Market On Close,Filled,-349.8,"adjust" 
2006-06-01T14:00:00Z,CRUS,8.47,139,Market On Close,Filled,1177.33,"buy" 
2006-06-01T14:00:00Z,GCO,36.01,7,Market On Close,Filled,252.07,"adjust" 
2006-06-01T14:00:00Z,MLR,20.04,58,Market On Close,Filled,1162.32,"buy" 
2006-06-01T14:00:00Z,PETS,13.16,22,Market On Close,Filled,289.52,"adjust" 
2006-06-01T14:00:00Z,RSC,14.83,76,Market On Close,Filled,1127.08,"buy" 
2006-06-01T14:00:00Z,TALK,8.01,31,Market On Close,Filled,248.31,"adjust" 
2006-06-01T14:00:00Z,WSO,58.34,5,Market On Close,Filled,291.7,"adjust" 
2006-07-03T14:00:00Z,ABFS,50.55,-6,Market On Close,Filled,-303.3,"adjust" 
2006-07-03T14:00:00Z,CTR,25.98,-8,Market On Close,Filled,-207.84,"adjust" 
2006-07-03T14:00:00Z,EGY,10.1,-55,Market On Close,Filled,-555.5,"adjust" 
2006-07-03T14:00:00Z,PLPC,37,-34,Market On Close,Filled,-1258,"band" 
2006-07-03T14:00:00Z,AIT,24.46,10,Market On Close,Filled,244.6,"adjust" 
2006-07-03T14:00:00Z,TALK,6.24,44,Market On Close,Filled,274.56,"adjust" 
2006-07-03T14:00:00Z,WIRE,36.5,32,Market On Close,Filled,1168,"buy" 
2006-08-01T14:00:00Z,CRUS,6.56,-139,Market On Close,Filled,-911.84,"expired" 
2006-08-01T14:00:00Z,HOC,52.25,-5,Market On Close,Filled,-261.25,"adjust" 
2006-08-01T14:00:00Z,VLO,67.06,-4,Market On Close,Filled,-268.24,"adjust" 
2006-08-01T14:00:00Z,WEYS,22.16,-10,Market On Close,Filled,-221.6,"adjust" 
2006-08-01T14:00:00Z,ZEUS,33.68,-7,Market On Close,Filled,-235.76,"adjust" 
2006-08-01T14:00:00Z,GCO,27.15,8,Market On Close,Filled,217.2,"adjust" 
2006-08-01T14:00:00Z,KBALB,17.33,62,Market On Close,Filled,1074.46,"buy" 
2006-08-01T14:00:00Z,MCRI,19.05,20,Market On Close,Filled,381,"adjust" 
2006-09-01T14:00:00Z,GCO,27.4,-40,Market On Close,Filled,-1096,"band" 
2006-09-01T14:00:00Z,LYTS,18.31,-18,Market On Close,Filled,-329.58,"adjust" 
2006-09-01T14:00:00Z,SYKE,20.2,-12,Market On Close,Filled,-242.4,"adjust" 
2006-09-01T14:00:00Z,TALK,5.84,-190,Market On Close,Filled,-1109.6,"band" 
2006-09-01T14:00:00Z,ECOL,19.79,11,Market On Close,Filled,217.69,"adjust" 
2006-09-01T14:00:00Z,LMS,26.03,42,Market On Close,Filled,1093.26,"buy" 
2006-09-01T14:00:00Z,RS,32.99,7,Market On Close,Filled,230.93,"adjust" 
2006-09-01T14:00:00Z,STLD,54.53,20,Market On Close,Filled,1090.6,"buy" 
2006-09-01T14:00:00Z,ZEUS,27.37,8,Market On Close,Filled,218.96,"adjust" 
2006-10-02T14:00:00Z,DECK,47.15,-6,Market On Close,Filled,-282.9,"adjust" 
2006-10-02T14:00:00Z,ECOL,19.63,-55,Market On Close,Filled,-1079.65,"band" 
2006-10-02T14:00:00Z,LYTS,16.02,-59,Market On Close,Filled,-945.18,"band" 
2006-10-02T14:00:00Z,MLR,18.03,-58,Market On Close,Filled,-1045.74,"band" 
2006-10-02T14:00:00Z,MSTR,99.93,-2,Market On Close,Filled,-199.86,"adjust" 
2006-10-02T14:00:00Z,RAVN,28.97,-33,Market On Close,Filled,-956.01,"band" 
2006-10-02T14:00:00Z,SHOO,40.51,-6,Market On Close,Filled,-243.06,"adjust" 
2006-10-02T14:00:00Z,WSO,45.25,-20,Market On Close,Filled,-905,"band" 
2006-10-02T14:00:00Z,AEOS,44.61,24,Market On Close,Filled,1070.64,"buy" 
2006-10-02T14:00:00Z,EGY,7.2,31,Market On Close,Filled,223.2,"adjust" 
2006-10-02T14:00:00Z,IVAC,16.43,64,Market On Close,Filled,1051.52,"buy" 
2006-10-02T14:00:00Z,PCLN,36.76,29,Market On Close,Filled,1066.04,"buy" 
2006-10-02T14:00:00Z,TESS,31.52,37,Market On Close,Filled,1166.24,"buy" 
2006-10-02T14:00:00Z,TTMI,11.87,92,Market On Close,Filled,1092.04,"buy" 
2006-10-02T14:00:00Z,VLO,50.9,5,Market On Close,Filled,254.5,"adjust" 
2006-11-01T15:00:00Z,AIT,27.83,-8,Market On Close,Filled,-222.64,"adjust" 
2006-11-01T15:00:00Z,KBALB,24.56,-15,Market On Close,Filled,-368.4,"adjust" 
2006-11-01T15:00:00Z,PETS,12.14,-91,Market On Close,Filled,-1104.74,"band" 
2006-11-01T15:00:00Z,SCVL,28.2,-7,Market On Close,Filled,-197.4,"adjust" 
2006-11-01T15:00:00Z,ABFS,40.45,5,Market On Close,Filled,202.25,"adjust" 
2006-11-01T15:00:00Z,IIIN,17.02,13,Market On Close,Filled,221.26,"adjust" 
2006-11-01T15:00:00Z,LMS,20.91,11,Market On Close,Filled,230.01,"adjust" 
2006-11-01T15:00:00Z,MTEX,15.05,74,Market On Close,Filled,1113.7,"buy" 
2006-11-01T15:00:00Z,COP,59.68,4,Market On Close,Filled,238.72,"adjust" 
2006-11-01T15:00:00Z,WIRE,25.93,11,Market On Close,Filled,285.23,"adjust" 
2006-12-01T15:00:00Z,FAF,38.63,-29,Market On Close,Filled,-1120.27,"expired" 
2006-12-01T15:00:00Z,IVAC,27.26,-20,Market On Close,Filled,-545.2,"adjust" 
2006-12-01T15:00:00Z,PDX,48.55,-22,Market On Close,Filled,-1068.1,"expired" 
2006-12-01T15:00:00Z,AMWD,38.35,30,Market On Close,Filled,1150.5,"buy" 
2006-12-01T15:00:00Z,MRO,95.53,12,Market On Close,Filled,1146.36,"buy" 
2006-12-01T15:00:00Z,SYKE,16.64,16,Market On Close,Filled,266.24,"adjust" 
2006-12-01T15:00:00Z,WMK,39.89,5,Market On Close,Filled,199.45,"adjust" 
2007-01-03T15:00:00Z,BKE,52.93,-5,Market On Close,Filled,-264.65,"adjust" 
2007-01-03T15:00:00Z,MTLM,38.75,-6,Market On Close,Filled,-232.5,"adjust" 
2007-01-03T15:00:00Z,COP,68.08,-3,Market On Close,Filled,-204.24,"adjust" 
2007-01-03T15:00:00Z,SHOO,35.97,7,Market On Close,Filled,251.79,"adjust" 
2007-01-03T15:00:00Z,WIRE,22,11,Market On Close,Filled,242,"adjust" 
2007-01-03T15:00:00Z,ZEUS,21.66,15,Market On Close,Filled,324.9,"adjust" 
2007-02-01T15:00:00Z,KOMG,33.75,-28,Market On Close,Filled,-945,"band" 
2007-02-01T15:00:00Z,MCRI,24.59,-58,Market On Close,Filled,-1426.22,"band" 
2007-02-01T15:00:00Z,NUE,64.8,-4,Market On Close,Filled,-259.2,"adjust" 
2007-02-01T15:00:00Z,PCU,64.14,-5,Market On Close,Filled,-320.7,"adjust" 
2007-02-01T15:00:00Z,STLD,39.68,-9,Market On Close,Filled,-357.12,"adjust" 
2007-02-01T15:00:00Z,ZEUS,27.81,-54,Market On Close,Filled,-1501.74,"band" 
2007-02-01T15:00:00Z,AP,30.08,41,Market On Close,Filled,1233.28,"buy" 
2007-02-01T15:00:00Z,AIT,25.09,9,Market On Close,Filled,225.81,"adjust" 
2007-02-01T15:00:00Z,CVX,74.41,16,Market On Close,Filled,1190.56,"buy" 
2007-02-01T15:00:00Z,EGY,6.47,36,Market On Close,Filled,232.92,"adjust" 
2007-02-01T15:00:00Z,GPI,53.92,23,Market On Close,Filled,1240.16,"buy" 
2007-02-01T15:00:00Z,IVAC,22.55,11,Market On Close,Filled,248.05,"adjust" 
2007-02-01T15:00:00Z,SYKE,15.09,14,Market On Close,Filled,211.26,"adjust" 
2007-02-01T15:00:00Z,TTMI,10.74,21,Market On Close,Filled,225.54,"adjust" 
2007-03-01T15:00:00Z,IVAC,25.74,-10,Market On Close,Filled,-257.4,"adjust" 
2007-03-01T15:00:00Z,LMS,29.64,-12,Market On Close,Filled,-355.68,"adjust" 
2007-03-01T15:00:00Z,PCLN,53.16,-6,Market On Close,Filled,-318.96,"adjust" 
2007-03-01T15:00:00Z,RS,44.78,-6,Market On Close,Filled,-268.68,"adjust" 
2007-03-01T15:00:00Z,TESS,26.88,-9,Market On Close,Filled,-241.92,"adjust" 
2007-03-01T15:00:00Z,WIRE,25.15,-54,Market On Close,Filled,-1358.1,"band" 
2007-03-01T15:00:00Z,ABM,26.83,47,Market On Close,Filled,1261.01,"buy" 
2007-03-01T15:00:00Z,AP,24.49,8,Market On Close,Filled,195.92,"adjust" 
2007-03-01T15:00:00Z,CTR,21.33,11,Market On Close,Filled,234.63,"adjust" 
2007-03-01T15:00:00Z,KBALB,21.13,12,Market On Close,Filled,253.56,"adjust" 
2007-03-01T15:00:00Z,ODP,33.31,8,Market On Close,Filled,266.48,"adjust" 
2007-03-01T15:00:00Z,SHOO,28.53,8,Market On Close,Filled,228.24,"adjust" 
2007-04-02T14:00:00Z,DECK,70,-5,Market On Close,Filled,-350,"adjust" 
2007-04-02T14:00:00Z,GPI,39.82,-23,Market On Close,Filled,-915.86,"band" 
2007-04-02T14:00:00Z,IIIN,16.71,-65,Market On Close,Filled,-1086.15,"band" 
2007-04-02T14:00:00Z,MTEX,15.35,-74,Market On Close,Filled,-1135.9,"band" 
2007-04-02T14:00:00Z,SYKE,18.11,-14,Market On Close,Filled,-253.54,"adjust" 
2007-04-02T14:00:00Z,TTMI,9.44,-113,Market On Close,Filled,-1066.72,"band" 
2007-04-02T14:00:00Z,ABFS,35.14,7,Market On Close,Filled,245.98,"adjust" 
2007-04-02T14:00:00Z,AEIS,21.3,60,Market On Close,Filled,1278,"buy" 
2007-04-02T14:00:00Z,AEOS,29.97,7,Market On Close,Filled,209.79,"adjust" 
2007-04-02T14:00:00Z,BWS,43.26,30,Market On Close,Filled,1297.8,"buy" 
2007-04-02T14:00:00Z,EGY,5.08,58,Market On Close,Filled,294.64,"adjust" 
2007-04-02T14:00:00Z,PCCC,13.82,88,Market On Close,Filled,1216.16,"buy" 
2007-04-02T14:00:00Z,X,100.94,12,Market On Close,Filled,1211.28,"buy" 
2007-05-01T14:00:00Z,AP,36.08,-49,Market On Close,Filled,-1767.92,"band" 
2007-05-01T14:00:00Z,CMC,32.94,-8,Market On Close,Filled,-263.52,"adjust" 
2007-05-01T14:00:00Z,LMS,26.8,-41,Market On Close,Filled,-1098.8,"expired" 
2007-05-01T14:00:00Z,PCU,78.58,-3,Market On Close,Filled,-235.74,"adjust" 
2007-05-01T14:00:00Z,RS,59.45,-6,Market On Close,Filled,-356.7,"adjust" 
2007-05-01T14:00:00Z,RSC,16.43,-76,Market On Close,Filled,-1248.68,"band" 
2007-05-01T14:00:00Z,STLD,44.21,-31,Market On Close,Filled,-1370.51,"expired" 
2007-05-01T14:00:00Z,VLO,71.17,-3,Market On Close,Filled,-213.51,"adjust" 
2007-05-01T14:00:00Z,AMWD,35.14,7,Market On Close,Filled,245.98,"adjust" 
2007-05-01T14:00:00Z,DLTR,38.97,33,Market On Close,Filled,1286.01,"buy" 
2007-05-01T14:00:00Z,GIII,17.59,73,Market On Close,Filled,1284.07,"buy" 
2007-05-01T14:00:00Z,KBALB,17.86,13,Market On Close,Filled,232.18,"adjust" 
2007-05-01T14:00:00Z,MOV,32.64,39,Market On Close,Filled,1272.96,"buy" 
2007-06-01T14:00:00Z,AEOS,27.19,-42,Market On Close,Filled,-1141.98,"expired" 
2007-06-01T14:00:00Z,B,30.1,-11,Market On Close,Filled,-331.1,"adjust" 
2007-06-01T14:00:00Z,BWS,29.9,-44,Market On Close,Filled,-1315.6,"expired" 
2007-06-01T14:00:00Z,CTR,21.83,-56,Market On Close,Filled,-1222.48,"expired" 
2007-06-01T14:00:00Z,EGY,4.86,-245,Market On Close,Filled,-1190.7,"universe" 
2007-06-01T14:00:00Z,EXPO,23.32,-10,Market On Close,Filled,-233.2,"adjust" 
2007-06-01T14:00:00Z,MRO,126.74,-2,Market On Close,Filled,-253.48,"adjust" 
2007-06-01T14:00:00Z,CMI,94.1,14,Market On Close,Filled,1317.4,"buy" 
2007-06-01T14:00:00Z,IVAC,19.2,24,Market On Close,Filled,460.8,"adjust" 
2007-06-01T14:00:00Z,KBALB,13.91,26,Market On Close,Filled,361.66,"adjust" 
2007-06-01T14:00:00Z,MAT,28.35,48,Market On Close,Filled,1360.8,"buy" 
2007-06-01T14:00:00Z,MSTR,103.96,3,Market On Close,Filled,311.88,"adjust" 
2007-06-01T14:00:00Z,NVR,779,1,Market On Close,Filled,779,"buy" 
2007-06-01T14:00:00Z,PCCC,11.89,28,Market On Close,Filled,332.92,"adjust" 
2007-06-01T14:00:00Z,UCTT,13.97,97,Market On Close,Filled,1355.09,"buy" 
2007-07-02T14:00:00Z,ABFS,39.4,-35,Market On Close,Filled,-1379,"band" 
2007-07-02T14:00:00Z,DECK,100.96,-4,Market On Close,Filled,-403.84,"adjust" 
2007-07-02T14:00:00Z,HOC,75.72,-4,Market On Close,Filled,-302.88,"adjust" 
2007-07-02T14:00:00Z,KBALB,14.01,-98,Market On Close,Filled,-1372.98,"band" 
2007-07-02T14:00:00Z,MSTR,94.59,-13,Market On Close,Filled,-1229.67,"band" 
2007-07-02T14:00:00Z,PCCC,13.32,-17,Market On Close,Filled,-226.44,"adjust" 
2007-07-02T14:00:00Z,PCLN,68.31,-4,Market On Close,Filled,-273.24,"adjust" 
2007-07-02T14:00:00Z,BW,42.86,31,Market On Close,Filled,1328.66,"buy" 
2007-07-02T14:00:00Z,HHGP,21.56,61,Market On Close,Filled,1315.16,"buy" 
2007-07-02T14:00:00Z,NUE,59.7,4,Market On Close,Filled,238.8,"adjust" 
2007-07-02T14:00:00Z,SCVL,27.31,8,Market On Close,Filled,218.48,"adjust" 
2007-07-02T14:00:00Z,TESS,19.93,22,Market On Close,Filled,438.46,"adjust" 
2007-07-02T14:00:00Z,USMO,26.46,49,Market On Close,Filled,1296.54,"buy" 
2007-08-01T14:00:00Z,CMI,120.05,-4,Market On Close,Filled,-480.2,"adjust" 
2007-08-01T14:00:00Z,DECK,104.94,-2,Market On Close,Filled,-209.88,"adjust" 
2007-08-01T14:00:00Z,PCU,108.25,-6,Market On Close,Filled,-649.5,"adjust" 
2007-08-01T14:00:00Z,HHGP,16.35,13,Market On Close,Filled,212.55,"adjust" 
2007-08-01T14:00:00Z,JAKK,24.16,52,Market On Close,Filled,1256.32,"buy" 
2007-08-01T14:00:00Z,NVR,600,1,Market On Close,Filled,600,"adjust" 
2007-08-01T14:00:00Z,ODP,25.28,12,Market On Close,Filled,303.36,"adjust" 
2007-09-04T14:00:00Z,AIT,32.81,-11,Market On Close,Filled,-360.91,"adjust" 
2007-09-04T14:00:00Z,BW,48.14,-6,Market On Close,Filled,-288.84,"adjust" 
2007-09-04T14:00:00Z,DLTR,43.24,-5,Market On Close,Filled,-216.2,"adjust" 
2007-09-04T14:00:00Z,MTLM,46.68,-5,Market On Close,Filled,-233.4,"adjust" 
2007-09-04T14:00:00Z,PCLN,82.16,-5,Market On Close,Filled,-410.8,"adjust" 
2007-09-04T14:00:00Z,SYKE,16.17,-69,Market On Close,Filled,-1115.73,"band" 
2007-09-04T14:00:00Z,UCTT,15.01,-15,Market On Close,Filled,-225.15,"adjust" 
2007-09-04T14:00:00Z,AEIS,16.26,16,Market On Close,Filled,260.16,"adjust" 
2007-09-04T14:00:00Z,SCVL,17.7,23,Market On Close,Filled,407.1,"adjust" 
2007-09-04T14:00:00Z,UAUA,47.85,26,Market On Close,Filled,1244.1,"buy" 
2007-09-04T14:00:00Z,USMO,18.64,18,Market On Close,Filled,335.52,"adjust" 
2007-10-01T14:00:00Z,CVX,94.5,-3,Market On Close,Filled,-283.5,"adjust" 
2007-10-01T14:00:00Z,EXPO,25.55,-9,Market On Close,Filled,-229.95,"adjust" 
2007-10-01T14:00:00Z,SCVL,15.79,-71,Market On Close,Filled,-1121.09,"band" 
2007-10-01T14:00:00Z,TESS,15.55,-68,Market On Close,Filled,-1057.4,"band" 
2007-10-01T14:00:00Z,WEYS,31.6,-8,Market On Close,Filled,-252.8,"adjust" 
2007-10-01T14:00:00Z,ABM,20.43,15,Market On Close,Filled,306.45,"adjust" 
2007-10-01T14:00:00Z,AMWD,26.19,13,Market On Close,Filled,340.47,"adjust" 
2007-10-01T14:00:00Z,HHGP,13.73,24,Market On Close,Filled,329.52,"adjust" 
2007-10-01T14:00:00Z,ODP,20.92,11,Market On Close,Filled,230.12,"adjust" 
2007-10-01T14:00:00Z,SHOO,19.13,24,Market On Close,Filled,459.12,"adjust" 
2007-10-01T14:00:00Z,VLGEA,52.12,24,Market On Close,Filled,1250.88,"buy" 
2007-11-01T14:00:00Z,AMWD,23.94,-50,Market On Close,Filled,-1197,"band" 
2007-11-01T14:00:00Z,B,35.27,-10,Market On Close,Filled,-352.7,"adjust" 
2007-11-01T14:00:00Z,BKE,40.9,-5,Market On Close,Filled,-204.5,"adjust" 
2007-11-01T14:00:00Z,DECK,132.75,-2,Market On Close,Filled,-265.5,"adjust" 
2007-11-01T14:00:00Z,EXPO,29.52,-7,Market On Close,Filled,-206.64,"adjust" 
2007-11-01T14:00:00Z,SHOO,23.69,-9,Market On Close,Filled,-213.21,"adjust" 
2007-11-01T14:00:00Z,CALM,22.86,53,Market On Close,Filled,1211.58,"buy" 
2007-11-01T14:00:00Z,MAT,20.53,13,Market On Close,Filled,266.89,"adjust" 
2007-11-01T14:00:00Z,SCHN,64.07,19,Market On Close,Filled,1217.33,"buy" 
2007-11-01T14:00:00Z,UCTT,12.52,18,Market On Close,Filled,225.36,"adjust" 
2007-11-01T14:00:00Z,USMO,16.33,15,Market On Close,Filled,244.95,"adjust" 
2007-12-03T15:00:00Z,PCLN,114.59,-4,Market On Close,Filled,-458.36,"adjust" 
2007-12-03T15:00:00Z,UCTT,13.8,-100,Market On Close,Filled,-1380,"band" 
2007-12-03T15:00:00Z,DLTR,29.42,13,Market On Close,Filled,382.46,"adjust" 
2007-12-03T15:00:00Z,HHGP,8.68,35,Market On Close,Filled,303.8,"adjust" 
2007-12-03T15:00:00Z,HOC,48.48,7,Market On Close,Filled,339.36,"adjust" 
2007-12-03T15:00:00Z,HOFT,17.06,70,Market On Close,Filled,1194.2,"buy" 
2008-01-02T15:00:00Z,ABM,20.16,-62,Market On Close,Filled,-1249.92,"band" 
2008-01-02T15:00:00Z,CALM,25.99,-9,Market On Close,Filled,-233.91,"adjust" 
2008-01-02T15:00:00Z,DECK,153.88,-2,Market On Close,Filled,-307.76,"adjust" 
2008-01-02T15:00:00Z,GIII,13.59,-73,Market On Close,Filled,-992.07,"band" 
2008-01-02T15:00:00Z,HOFT,19.62,-11,Market On Close,Filled,-215.82,"adjust" 
2008-01-02T15:00:00Z,COP,87.86,-3,Market On Close,Filled,-263.58,"adjust" 
2008-01-02T15:00:00Z,X,113.64,-3,Market On Close,Filled,-340.92,"adjust" 
2008-01-02T15:00:00Z,BW,37.56,6,Market On Close,Filled,225.36,"adjust" 
2008-01-02T15:00:00Z,IMMR,13.04,91,Market On Close,Filled,1186.64,"buy" 
2008-01-02T15:00:00Z,NVTL,15.28,73,Market On Close,Filled,1115.44,"buy" 
2008-01-02T15:00:00Z,ODP,13.51,25,Market On Close,Filled,337.75,"adjust" 
2008-01-02T15:00:00Z,UAUA,31.99,7,Market On Close,Filled,223.93,"adjust" 
2008-02-01T15:00:00Z,MAT,21.3,-61,Market On Close,Filled,-1299.3,"band" 
2008-02-01T15:00:00Z,NVR,654.99,-1,Market On Close,Filled,-654.99,"adjust" 
2008-02-01T15:00:00Z,PCCC,11.44,-99,Market On Close,Filled,-1132.56,"band" 
2008-02-01T15:00:00Z,AEIS,12.25,28,Market On Close,Filled,343,"adjust" 
2008-02-01T15:00:00Z,BW,30.31,8,Market On Close,Filled,242.48,"adjust" 
2008-02-01T15:00:00Z,DECK,122.08,2,Market On Close,Filled,244.16,"adjust" 
2008-02-01T15:00:00Z,HHGP,7.21,32,Market On Close,Filled,230.72,"adjust" 
2008-02-01T15:00:00Z,IMMR,9.78,23,Market On Close,Filled,224.94,"adjust" 
2008-02-01T15:00:00Z,IVAC,11.44,34,Market On Close,Filled,388.96,"adjust" 
2008-02-01T15:00:00Z,MEI,12.91,93,Market On Close,Filled,1200.63,"buy" 
2008-02-01T15:00:00Z,TWIN,16.67,74,Market On Close,Filled,1233.58,"buy" 
2008-02-01T15:00:00Z,X,106.95,2,Market On Close,Filled,213.9,"adjust" 
2008-03-03T15:00:00Z,AEIS,12.58,-16,Market On Close,Filled,-201.28,"adjust" 
2008-03-03T15:00:00Z,BKE,44.23,-5,Market On Close,Filled,-221.15,"adjust" 
2008-03-03T15:00:00Z,BW,26.82,-39,Market On Close,Filled,-1045.98,"band" 
2008-03-03T15:00:00Z,CALM,32.68,-12,Market On Close,Filled,-392.16,"adjust" 
2008-03-03T15:00:00Z,IVAC,11.84,-16,Market On Close,Filled,-189.44,"adjust" 
2008-03-03T15:00:00Z,JAKK,28.4,-12,Market On Close,Filled,-340.8,"adjust" 
2008-03-03T15:00:00Z,MTLM,58.85,-8,Market On Close,Filled,-470.8,"adjust" 
2008-03-03T15:00:00Z,NUE,66.14,-5,Market On Close,Filled,-330.7,"adjust" 
2008-03-03T15:00:00Z,ODP,11.08,-85,Market On Close,Filled,-941.8,"band" 
2008-03-03T15:00:00Z,TWIN,20.11,-74,Market On Close,Filled,-1488.14,"band" 
2008-03-03T15:00:00Z,AMED,43.05,26,Market On Close,Filled,1119.3,"buy" 
2008-03-03T15:00:00Z,B,22.25,14,Market On Close,Filled,311.5,"adjust" 
2008-03-03T15:00:00Z,KAMN,23.57,46,Market On Close,Filled,1084.22,"buy" 
2008-03-03T15:00:00Z,MOV,19.72,19,Market On Close,Filled,374.68,"adjust" 
2008-03-03T15:00:00Z,NVR,536.2,1,Market On Close,Filled,536.2,"adjust" 
2008-03-03T15:00:00Z,NVTL,10.64,33,Market On Close,Filled,351.12,"adjust" 
2008-03-03T15:00:00Z,USMO,10.42,25,Market On Close,Filled,260.5,"adjust" 
2008-03-03T15:00:00Z,XOM,87.84,12,Market On Close,Filled,1054.08,"buy" 
2008-03-15T04:00:00Z,MTLM,55.27,-18,Market,Filled,-994.86,"Liquidate from delisting" 
2008-04-01T14:00:00Z,AEIS,13.68,-88,Market On Close,Filled,-1203.84,"band" 
2008-04-01T14:00:00Z,EXPO,33,-8,Market On Close,Filled,-264,"adjust" 
2008-04-01T14:00:00Z,HHGP,8.96,-165,Market On Close,Filled,-1478.4,"band" 
2008-04-01T14:00:00Z,HOFT,23.5,-9,Market On Close,Filled,-211.5,"adjust" 
2008-04-01T14:00:00Z,NVR,624.6,-1,Market On Close,Filled,-624.6,"adjust" 
2008-04-01T14:00:00Z,SCHN,73.18,-4,Market On Close,Filled,-292.72,"adjust" 
2008-04-01T14:00:00Z,USMO,7.45,-107,Market On Close,Filled,-797.15,"band" 
2008-04-01T14:00:00Z,X,132.68,-3,Market On Close,Filled,-398.04,"adjust" 
2008-04-01T14:00:00Z,FSTR,44.97,26,Market On Close,Filled,1169.22,"buy" 
2008-04-01T14:00:00Z,IMMR,6.98,43,Market On Close,Filled,300.14,"adjust" 
2008-04-01T14:00:00Z,LXU,15.08,76,Market On Close,Filled,1146.08,"buy" 
2008-04-01T14:00:00Z,UAUA,23.13,19,Market On Close,Filled,439.47,"adjust" 
2008-04-01T14:00:00Z,WDC,27.92,41,Market On Close,Filled,1144.72,"buy" 
2008-04-01T14:00:00Z,ZEUS,45.94,24,Market On Close,Filled,1102.56,"buy" 
2008-05-01T14:00:00Z,AMED,52.34,-26,Market On Close,Filled,-1360.84,"expired" 
2008-05-01T14:00:00Z,HOC,41.73,-24,Market On Close,Filled,-1001.52,"band" 
2008-05-01T14:00:00Z,IMMR,11.06,-157,Market On Close,Filled,-1736.42,"band" 
2008-05-01T14:00:00Z,KAMN,27.67,-46,Market On Close,Filled,-1272.82,"expired" 
2008-05-01T14:00:00Z,COP,86.59,-13,Market On Close,Filled,-1125.67,"expired" 
2008-05-01T14:00:00Z,PCU,110,-10,Market On Close,Filled,-1100,"expired" 
2008-05-01T14:00:00Z,UAUA,16.1,-52,Market On Close,Filled,-837.2,"expired" 
2008-05-01T14:00:00Z,AAON,19.08,64,Market On Close,Filled,1221.12,"buy" 
2008-05-01T14:00:00Z,ANK,33.25,37,Market On Close,Filled,1230.25,"buy" 
2008-05-01T14:00:00Z,AIT,24.25,10,Market On Close,Filled,242.5,"adjust" 
2008-05-01T14:00:00Z,AZZ,27.56,43,Market On Close,Filled,1185.08,"buy" 
2008-05-01T14:00:00Z,CALM,30.79,7,Market On Close,Filled,215.53,"adjust" 
2008-05-01T14:00:00Z,CUB,27.74,43,Market On Close,Filled,1192.82,"buy" 
2008-05-01T14:00:00Z,FSTR,33.39,10,Market On Close,Filled,333.9,"adjust" 
2008-05-01T14:00:00Z,GHM,58.23,20,Market On Close,Filled,1164.6,"buy" 
2008-05-01T14:00:00Z,JAKK,23.79,9,Market On Close,Filled,214.11,"adjust" 
2008-05-01T14:00:00Z,K,52.43,22,Market On Close,Filled,1153.46,"buy" 
2008-05-01T14:00:00Z,MRO,47.86,5,Market On Close,Filled,239.3,"adjust" 
2008-05-01T14:00:00Z,NVTL,9.14,25,Market On Close,Filled,228.5,"adjust" 
2008-05-01T14:00:00Z,TNC,35.3,34,Market On Close,Filled,1200.2,"buy" 
2008-05-01T14:00:00Z,VLO,49.76,6,Market On Close,Filled,298.56,"adjust" 
2008-05-01T14:00:00Z,WMK,30.37,9,Market On Close,Filled,273.33,"adjust" 
2008-06-02T14:00:00Z,B,30.9,-10,Market On Close,Filled,-309,"adjust" 
2008-06-02T14:00:00Z,CMI,70.71,-3,Market On Close,Filled,-212.13,"adjust" 
2008-06-02T14:00:00Z,DLTR,36.42,-8,Market On Close,Filled,-291.36,"adjust" 
2008-06-02T14:00:00Z,IVAC,12.16,-87,Market On Close,Filled,-1057.92,"band" 
2008-06-02T14:00:00Z,MRO,51.66,-25,Market On Close,Filled,-1291.5,"band" 
2008-06-02T14:00:00Z,NVTL,10.19,-131,Market On Close,Filled,-1334.89,"expired" 
2008-06-02T14:00:00Z,RS,68.75,-3,Market On Close,Filled,-206.25,"adjust" 
2008-06-02T14:00:00Z,SCHN,100.92,-3,Market On Close,Filled,-302.76,"adjust" 
2008-06-02T14:00:00Z,VLO,52.84,-24,Market On Close,Filled,-1268.16,"band" 
2008-06-02T14:00:00Z,WDC,37.07,-8,Market On Close,Filled,-296.56,"adjust" 
2008-06-02T14:00:00Z,ZEUS,62.23,-5,Market On Close,Filled,-311.15,"adjust" 
2008-06-02T14:00:00Z,CF,139.39,9,Market On Close,Filled,1254.51,"buy" 
2008-06-02T14:00:00Z,DCO,30.54,39,Market On Close,Filled,1191.06,"buy" 
2008-06-02T14:00:00Z,HOFT,20.03,12,Market On Close,Filled,240.36,"adjust" 
2008-06-02T14:00:00Z,NVR,558.44,1,Market On Close,Filled,558.44,"adjust" 
2008-06-02T14:00:00Z,OXY,92.58,13,Market On Close,Filled,1203.54,"buy" 
2008-06-02T14:00:00Z,PCU,109.75,11,Market On Close,Filled,1207.25,"buy" 
2008-07-01T14:00:00Z,AZZ,44.06,-13,Market On Close,Filled,-572.78,"adjust" 
2008-07-01T14:00:00Z,CF,154.82,-2,Market On Close,Filled,-309.64,"adjust" 
2008-07-01T14:00:00Z,CMC,36.95,-6,Market On Close,Filled,-221.7,"adjust" 
2008-07-01T14:00:00Z,GHM,76.63,-4,Market On Close,Filled,-306.52,"adjust" 
2008-07-01T14:00:00Z,LXU,19.19,-16,Market On Close,Filled,-307.04,"adjust" 
2008-07-01T14:00:00Z,RS,78.12,-3,Market On Close,Filled,-234.36,"adjust" 
2008-07-01T14:00:00Z,SCHN,114.56,-2,Market On Close,Filled,-229.12,"adjust" 
2008-07-01T14:00:00Z,X,175.36,-8,Market On Close,Filled,-1402.88,"band" 
2008-07-01T14:00:00Z,ZEUS,70.47,-4,Market On Close,Filled,-281.88,"adjust" 
2008-07-01T14:00:00Z,B,23.6,13,Market On Close,Filled,306.8,"adjust" 
2008-07-01T14:00:00Z,CUB,22.01,11,Market On Close,Filled,242.11,"adjust" 
2008-07-01T14:00:00Z,DCO,23.21,13,Market On Close,Filled,301.73,"adjust" 
2008-07-01T14:00:00Z,MEI,10.44,22,Market On Close,Filled,229.68,"adjust" 
2008-07-01T14:00:00Z,UACL,22.31,55,Market On Close,Filled,1227.05,"buy" 
2008-07-01T14:00:00Z,VLGEA,38.96,7,Market On Close,Filled,272.72,"adjust" 
2008-08-01T14:00:00Z,AZZ,46.14,-30,Market On Close,Filled,-1384.2,"expired" 
2008-08-01T14:00:00Z,CALM,38.98,-7,Market On Close,Filled,-272.86,"adjust" 
2008-08-01T14:00:00Z,CUB,26.9,-54,Market On Close,Filled,-1452.6,"band" 
2008-08-01T14:00:00Z,DCO,27.21,-8,Market On Close,Filled,-217.68,"adjust" 
2008-08-01T14:00:00Z,GHM,101.97,-16,Market On Close,Filled,-1631.52,"expired" 
2008-08-01T14:00:00Z,WMK,38.31,-6,Market On Close,Filled,-229.86,"adjust" 
2008-08-01T14:00:00Z,CMC,28.52,8,Market On Close,Filled,228.16,"adjust" 
2008-08-01T14:00:00Z,NUE,53.69,4,Market On Close,Filled,214.76,"adjust" 
2008-08-01T14:00:00Z,COP,81.14,14,Market On Close,Filled,1135.96,"buy" 
2008-08-01T14:00:00Z,PCU,25.97,10,Market On Close,Filled,259.7,"adjust" 
2008-08-01T14:00:00Z,PTEN,28.8,43,Market On Close,Filled,1238.4,"buy" 
2008-08-01T14:00:00Z,RS,60.83,4,Market On Close,Filled,243.32,"adjust" 
2008-08-01T14:00:00Z,SCHN,83.45,3,Market On Close,Filled,250.35,"adjust" 
2008-08-01T14:00:00Z,SKX,18.96,64,Market On Close,Filled,1213.44,"buy" 
2008-08-01T14:00:00Z,TNC,26.37,12,Market On Close,Filled,316.44,"adjust" 
2008-08-01T14:00:00Z,WDC,28.61,9,Market On Close,Filled,257.49,"adjust" 
2008-08-01T14:00:00Z,XOM,79.72,3,Market On Close,Filled,239.16,"adjust" 
2008-08-01T14:00:00Z,ZEUS,51.62,9,Market On Close,Filled,464.58,"adjust" 
2008-09-02T14:00:00Z,LXU,22.81,-9,Market On Close,Filled,-205.29,"adjust" 
2008-09-02T14:00:00Z,SHOO,26.29,-8,Market On Close,Filled,-210.32,"adjust" 
2008-09-02T14:00:00Z,TNC,31.28,-46,Market On Close,Filled,-1438.88,"band" 
2008-09-02T14:00:00Z,DMLP,26.3,44,Market On Close,Filled,1157.2,"buy" 
2008-09-02T14:00:00Z,PCLN,97.6,3,Market On Close,Filled,292.8,"adjust" 
2008-09-02T14:00:00Z,SCHN,64.15,5,Market On Close,Filled,320.75,"adjust" 
2008-10-01T14:00:00Z,AIT,25.63,-9,Market On Close,Filled,-230.67,"adjust" 
2008-10-01T14:00:00Z,BKE,51.95,-5,Market On Close,Filled,-259.75,"adjust" 
2008-10-01T14:00:00Z,CALM,27.42,-32,Market On Close,Filled,-877.44,"expired" 
2008-10-01T14:00:00Z,CMC,16.28,-40,Market On Close,Filled,-651.2,"band" 
2008-10-01T14:00:00Z,DCO,22.9,-44,Market On Close,Filled,-1007.6,"band" 
2008-10-01T14:00:00Z,MOV,21.63,-11,Market On Close,Filled,-237.93,"adjust" 
2008-10-01T14:00:00Z,NVR,597.55,-1,Market On Close,Filled,-597.55,"adjust" 
2008-10-01T14:00:00Z,PCU,18.35,-43,Market On Close,Filled,-789.05,"band" 
2008-10-01T14:00:00Z,UACL,23.55,-11,Market On Close,Filled,-259.05,"adjust" 
2008-10-01T14:00:00Z,VLGEA,47.77,-9,Market On Close,Filled,-429.93,"adjust" 
2008-10-01T14:00:00Z,WEYS,32.89,-7,Market On Close,Filled,-230.23,"adjust" 
2008-10-01T14:00:00Z,CF,88.75,4,Market On Close,Filled,355,"adjust" 
2008-10-01T14:00:00Z,CRMT,18.56,57,Market On Close,Filled,1057.92,"buy" 
2008-10-01T14:00:00Z,CMI,42.8,7,Market On Close,Filled,299.6,"adjust" 
2008-10-01T14:00:00Z,IIIN,13,79,Market On Close,Filled,1027,"buy" 
2008-10-01T14:00:00Z,LXU,14.35,25,Market On Close,Filled,358.75,"adjust" 
2008-10-01T14:00:00Z,PTEN,18.82,10,Market On Close,Filled,188.2,"adjust" 
2008-10-01T14:00:00Z,RS,36.86,9,Market On Close,Filled,331.74,"adjust" 
2008-10-01T14:00:00Z,SCHN,37.63,9,Market On Close,Filled,338.67,"adjust" 
2008-10-01T14:00:00Z,TTWO,15.93,65,Market On Close,Filled,1035.45,"buy" 
2008-10-01T14:00:00Z,WTI,26.08,39,Market On Close,Filled,1017.12,"buy" 
2008-10-01T14:00:00Z,ZEUS,28.14,12,Market On Close,Filled,337.68,"adjust" 
2008-11-03T15:00:00Z,AIT,19.93,-39,Market On Close,Filled,-777.27,"expired" 
2008-11-03T15:00:00Z,DECK,80.65,-9,Market On Close,Filled,-725.85,"band" 
2008-11-03T15:00:00Z,DLTR,38.01,-11,Market On Close,Filled,-418.11,"adjust" 
2008-11-03T15:00:00Z,FSTR,28.28,-36,Market On Close,Filled,-1018.08,"band" 
2008-11-03T15:00:00Z,JAKK,21.48,-11,Market On Close,Filled,-236.28,"adjust" 
2008-11-03T15:00:00Z,K,52.29,-5,Market On Close,Filled,-261.45,"adjust" 
2008-11-03T15:00:00Z,LXU,8.39,-76,Market On Close,Filled,-637.64,"band" 
2008-11-03T15:00:00Z,NUE,37.93,-21,Market On Close,Filled,-796.53,"band" 
2008-11-03T15:00:00Z,PCLN,52.29,-13,Market On Close,Filled,-679.77,"band" 
2008-11-03T15:00:00Z,SHOO,20.64,-10,Market On Close,Filled,-206.4,"adjust" 
2008-11-03T15:00:00Z,VLGEA,50.26,-5,Market On Close,Filled,-251.3,"adjust" 
2008-11-03T15:00:00Z,XOM,74.39,-4,Market On Close,Filled,-297.56,"adjust" 
2008-11-03T15:00:00Z,ABFS,29.03,29,Market On Close,Filled,841.87,"buy" 
2008-11-03T15:00:00Z,CALM,29.09,29,Market On Close,Filled,843.61,"buy" 
2008-11-03T15:00:00Z,CMI,26.48,9,Market On Close,Filled,238.32,"adjust" 
2008-11-03T15:00:00Z,DAR,7.13,115,Market On Close,Filled,819.95,"buy" 
2008-11-03T15:00:00Z,HVT,9.6,88,Market On Close,Filled,844.8,"buy" 
2008-11-03T15:00:00Z,HOFT,9.8,33,Market On Close,Filled,323.4,"adjust" 
2008-11-03T15:00:00Z,TBI,8.18,104,Market On Close,Filled,850.72,"buy" 
2008-11-03T15:00:00Z,SYKE,16.49,54,Market On Close,Filled,890.46,"buy" 
2008-12-01T15:00:00Z,AAON,17.3,-22,Market On Close,Filled,-380.6,"adjust" 
2008-12-01T15:00:00Z,CVX,72.29,-3,Market On Close,Filled,-216.87,"adjust" 
2008-12-01T15:00:00Z,CMI,22.53,-33,Market On Close,Filled,-743.49,"band" 
2008-12-01T15:00:00Z,EXPO,27.11,-8,Market On Close,Filled,-216.88,"adjust" 
2008-12-01T15:00:00Z,SYKE,16.47,-11,Market On Close,Filled,-181.17,"adjust" 
2008-12-01T15:00:00Z,WEYS,27.26,-8,Market On Close,Filled,-218.08,"adjust" 
2008-12-01T15:00:00Z,WMK,28.62,-7,Market On Close,Filled,-200.34,"adjust" 
2008-12-01T15:00:00Z,BKE,16.39,14,Market On Close,Filled,229.46,"adjust" 
2008-12-01T15:00:00Z,CF,44.12,4,Market On Close,Filled,176.48,"adjust" 
2008-12-01T15:00:00Z,CRMT,8.29,29,Market On Close,Filled,240.41,"adjust" 
2008-12-01T15:00:00Z,DAR,3.66,46,Market On Close,Filled,168.36,"adjust" 
2008-12-01T15:00:00Z,GCO,11.47,59,Market On Close,Filled,676.73,"buy" 
2008-12-01T15:00:00Z,RS,17.07,11,Market On Close,Filled,187.77,"adjust" 
2008-12-01T15:00:00Z,WDC,10.8,23,Market On Close,Filled,248.4,"adjust" 
2008-12-01T15:00:00Z,WTI,12.24,18,Market On Close,Filled,220.32,"adjust" 
2009-01-02T15:00:00Z,CRMT,13.73,-25,Market On Close,Filled,-343.25,"adjust" 
2009-01-02T15:00:00Z,SCHN,40.18,-27,Market On Close,Filled,-1084.86,"expired" 
2009-01-02T15:00:00Z,EGY,7.5,114,Market On Close,Filled,855,"buy" 
2009-01-02T15:00:00Z,MOV,9.68,43,Market On Close,Filled,416.24,"adjust" 
2009-01-02T15:00:00Z,PTEN,12.58,20,Market On Close,Filled,251.6,"adjust" 
2009-01-02T15:00:00Z,TTWO,7.95,46,Market On Close,Filled,365.7,"adjust" 
2009-01-02T15:00:00Z,UACL,14.52,15,Market On Close,Filled,217.8,"adjust" 
2009-02-02T15:00:00Z,DAR,4.48,-161,Market On Close,Filled,-721.28,"universe" 
2009-02-02T15:00:00Z,DLTR,42.8,-5,Market On Close,Filled,-214,"adjust" 
2009-02-02T15:00:00Z,HOFT,8.09,-95,Market On Close,Filled,-768.55,"band" 
2009-02-02T15:00:00Z,MEI,4.9,-115,Market On Close,Filled,-563.5,"universe" 
2009-02-02T15:00:00Z,MOV,7.66,-90,Market On Close,Filled,-689.4,"band" 
2009-02-02T15:00:00Z,RS,22.21,-39,Market On Close,Filled,-866.19,"band" 
2009-02-02T15:00:00Z,WDC,15.52,-14,Market On Close,Filled,-217.28,"adjust" 
2009-02-02T15:00:00Z,CRMT,9.27,23,Market On Close,Filled,213.21,"adjust" 
2009-02-02T15:00:00Z,CRK,38.42,19,Market On Close,Filled,729.98,"buy" 
2009-02-02T15:00:00Z,CTRN,9.51,80,Market On Close,Filled,760.8,"buy" 
2009-02-02T15:00:00Z,LHCG,27.2,28,Market On Close,Filled,761.6,"buy" 
2009-02-02T15:00:00Z,PETS,14.45,52,Market On Close,Filled,751.4,"buy" 
2009-02-02T15:00:00Z,KFRC,6.32,122,Market On Close,Filled,771.04,"buy" 
2009-03-02T15:00:00Z,BKE,23.28,-13,Market On Close,Filled,-302.64,"adjust" 
2009-03-02T15:00:00Z,CF,58.99,-15,Market On Close,Filled,-884.85,"band" 
2009-03-02T15:00:00Z,CRMT,9.86,-21,Market On Close,Filled,-207.06,"adjust" 
2009-03-02T15:00:00Z,CTRN,11.97,-24,Market On Close,Filled,-287.28,"adjust" 
2009-03-02T15:00:00Z,COP,35.15,-14,Market On Close,Filled,-492.1,"band" 
2009-03-02T15:00:00Z,VLGEA,24.48,-8,Market On Close,Filled,-195.84,"adjust" 
2009-03-02T15:00:00Z,WTI,6.73,-57,Market On Close,Filled,-383.61,"band" 
2009-03-02T15:00:00Z,B,8.42,22,Market On Close,Filled,185.24,"adjust" 
2009-03-02T15:00:00Z,HWKN,13.16,53,Market On Close,Filled,697.48,"buy" 
2009-03-02T15:00:00Z,FSYS,19.25,34,Market On Close,Filled,654.5,"buy" 
2009-03-02T15:00:00Z,JAKK,11.87,16,Market On Close,Filled,189.92,"adjust" 
2009-03-02T15:00:00Z,MTSC,21.55,29,Market On Close,Filled,624.95,"buy" 
2009-03-02T15:00:00Z,NVR,326.35,1,Market On Close,Filled,326.35,"adjust" 
2009-03-02T15:00:00Z,SKX,6.03,44,Market On Close,Filled,265.32,"adjust" 
2009-03-02T15:00:00Z,ZEUS,10.81,19,Market On Close,Filled,205.39,"adjust" 
2009-04-01T14:00:00Z,ABFS,19.17,-29,Market On Close,Filled,-555.93,"band" 
2009-04-01T14:00:00Z,CTRN,22.96,-22,Market On Close,Filled,-505.12,"adjust" 
2009-04-01T14:00:00Z,GCO,19.2,-18,Market On Close,Filled,-345.6,"adjust" 
2009-04-01T14:00:00Z,JAKK,12.65,-54,Market On Close,Filled,-683.1,"band" 
2009-04-01T14:00:00Z,TBI,8.37,-104,Market On Close,Filled,-870.48,"band" 
2009-04-01T14:00:00Z,NVR,430.02,-2,Market On Close,Filled,-860.04,"band" 
2009-04-01T14:00:00Z,SKX,6.91,-108,Market On Close,Filled,-746.28,"band" 
2009-04-01T14:00:00Z,TTWO,8.47,-111,Market On Close,Filled,-940.17,"band" 
2009-04-01T14:00:00Z,WDC,19.91,-11,Market On Close,Filled,-219.01,"adjust" 
2009-04-01T14:00:00Z,AMED,27.4,28,Market On Close,Filled,767.2,"buy" 
2009-04-01T14:00:00Z,CMTL,25.14,31,Market On Close,Filled,779.34,"buy" 
2009-04-01T14:00:00Z,CNC,17.65,43,Market On Close,Filled,758.95,"buy" 
2009-04-01T14:00:00Z,CRK,30.28,7,Market On Close,Filled,211.96,"adjust" 
2009-04-01T14:00:00Z,IIIN,7.11,33,Market On Close,Filled,234.63,"adjust" 
2009-04-01T14:00:00Z,FSYS,14.44,23,Market On Close,Filled,332.12,"adjust" 
2009-04-01T14:00:00Z,NPK,63.81,12,Market On Close,Filled,765.72,"buy" 
2009-04-01T14:00:00Z,WIRE,21.98,36,Market On Close,Filled,791.28,"buy" 
2009-04-01T14:00:00Z,WSO,34.55,22,Market On Close,Filled,760.1,"buy" 
2009-05-01T14:00:00Z,B,13.91,-74,Market On Close,Filled,-1029.34,"expired" 
2009-05-01T14:00:00Z,BKE,36.61,-6,Market On Close,Filled,-219.66,"adjust" 
2009-05-01T14:00:00Z,EGY,4.7,-114,Market On Close,Filled,-535.8,"universe" 
2009-05-01T14:00:00Z,KFRC,10.63,-122,Market On Close,Filled,-1296.86,"expired" 
2009-05-01T14:00:00Z,SHOO,28.47,-10,Market On Close,Filled,-284.7,"adjust" 
2009-05-01T14:00:00Z,DGIT,21.99,37,Market On Close,Filled,813.63,"buy" 
2009-05-01T14:00:00Z,KIRK,6.71,128,Market On Close,Filled,858.88,"buy" 
2009-05-01T14:00:00Z,LHCG,23.74,10,Market On Close,Filled,237.4,"adjust" 
2009-05-01T14:00:00Z,MTSC,21.7,12,Market On Close,Filled,260.4,"adjust" 
2009-05-01T14:00:00Z,PLCE,28.9,30,Market On Close,Filled,867,"buy" 
2009-05-01T14:00:00Z,WEYS,27.33,8,Market On Close,Filled,218.64,"adjust" 
2009-06-01T14:00:00Z,CRK,40.83,-26,Market On Close,Filled,-1061.58,"band" 
2009-06-01T14:00:00Z,HWKN,21,-11,Market On Close,Filled,-231,"adjust" 
2009-06-01T14:00:00Z,IIIN,9.08,-112,Market On Close,Filled,-1016.96,"band" 
2009-06-01T14:00:00Z,FSYS,22.74,-57,Market On Close,Filled,-1296.18,"band" 
2009-06-01T14:00:00Z,OXY,69.33,-13,Market On Close,Filled,-901.29,"band" 
2009-06-01T14:00:00Z,PTEN,15.23,-73,Market On Close,Filled,-1111.79,"band" 
2009-06-01T14:00:00Z,ZEUS,19.69,-55,Market On Close,Filled,-1082.95,"band" 
2009-06-01T14:00:00Z,CTR,20.25,47,Market On Close,Filled,951.75,"buy" 
2009-06-01T14:00:00Z,CASY,26.47,36,Market On Close,Filled,952.92,"buy" 
2009-06-01T14:00:00Z,CVX,69.22,3,Market On Close,Filled,207.66,"adjust" 
2009-06-01T14:00:00Z,EXPO,28.08,8,Market On Close,Filled,224.64,"adjust" 
2009-06-01T14:00:00Z,FIZ,11,84,Market On Close,Filled,924,"buy" 
2009-06-01T14:00:00Z,RBIN,13.97,64,Market On Close,Filled,894.08,"buy" 
2009-06-01T14:00:00Z,RHI,22.61,42,Market On Close,Filled,949.62,"buy" 
2009-06-01T14:00:00Z,USMO,11.34,81,Market On Close,Filled,918.54,"buy" 
2009-07-01T14:00:00Z,ANK,39.86,-14,Market On Close,Filled,-558.04,"adjust" 
2009-07-01T14:00:00Z,CMTL,32.55,-31,Market On Close,Filled,-1009.05,"band" 
2009-07-01T14:00:00Z,CRMT,21.14,-18,Market On Close,Filled,-380.52,"adjust" 
2009-07-01T14:00:00Z,KIRK,11.21,-50,Market On Close,Filled,-560.5,"adjust" 
2009-07-01T14:00:00Z,CORE,26.88,35,Market On Close,Filled,940.8,"buy" 
2009-07-01T14:00:00Z,DGIT,18.09,14,Market On Close,Filled,253.26,"adjust" 
2009-07-01T14:00:00Z,DLTR,42.43,5,Market On Close,Filled,212.15,"adjust" 
2009-08-03T14:00:00Z,AMED,44.8,-28,Market On Close,Filled,-1254.4,"band" 
2009-08-03T14:00:00Z,GCO,22.07,-41,Market On Close,Filled,-904.87,"band" 
2009-08-03T14:00:00Z,WDC,31.34,-7,Market On Close,Filled,-219.38,"adjust" 
2009-08-03T14:00:00Z,BKE,31.36,9,Market On Close,Filled,282.24,"adjust" 
2009-08-03T14:00:00Z,HWKN,18.98,11,Market On Close,Filled,208.78,"adjust" 
2009-08-03T14:00:00Z,RGR,11.87,81,Market On Close,Filled,961.47,"buy" 
2009-08-03T14:00:00Z,SIF,10.3,98,Market On Close,Filled,1009.4,"buy" 
2009-08-03T14:00:00Z,VLGEA,29.36,8,Market On Close,Filled,234.88,"adjust" 
2009-08-03T14:00:00Z,WEYS,23.61,10,Market On Close,Filled,236.1,"adjust" 
2009-08-03T14:00:00Z,WIRE,22.17,10,Market On Close,Filled,221.7,"adjust" 
2009-08-03T14:00:00Z,XOM,70.64,3,Market On Close,Filled,211.92,"adjust" 
2009-09-01T14:00:00Z,SIF,13.8,-29,Market On Close,Filled,-400.2,"adjust" 
2009-09-01T14:00:00Z,CTR,16.64,12,Market On Close,Filled,199.68,"adjust" 
2009-09-01T14:00:00Z,CNC,17.02,15,Market On Close,Filled,255.3,"adjust" 
2009-09-01T14:00:00Z,CTRN,21.55,11,Market On Close,Filled,237.05,"adjust" 
2009-09-01T14:00:00Z,WMK,31.72,7,Market On Close,Filled,222.04,"adjust" 
2009-10-01T14:00:00Z,CTRN,28.75,-8,Market On Close,Filled,-230,"adjust" 
2009-10-01T14:00:00Z,EXPO,27.54,-34,Market On Close,Filled,-936.36,"band" 
2009-10-01T14:00:00Z,WEYS,22.35,-42,Market On Close,Filled,-938.7,"band" 
2009-10-01T14:00:00Z,AAON,19.27,11,Market On Close,Filled,211.97,"adjust" 
2009-10-01T14:00:00Z,CALM,25.93,11,Market On Close,Filled,285.23,"adjust" 
2009-10-01T14:00:00Z,SCHN,51.67,20,Market On Close,Filled,1033.4,"buy" 
2009-10-01T14:00:00Z,TESS,16.91,61,Market On Close,Filled,1031.51,"buy" 
2009-11-02T15:00:00Z,CALM,27.93,-40,Market On Close,Filled,-1117.2,"band" 
2009-11-02T15:00:00Z,CVX,76.64,-13,Market On Close,Filled,-996.32,"band" 
2009-11-02T15:00:00Z,DMLP,22.15,-44,Market On Close,Filled,-974.6,"band" 
2009-11-02T15:00:00Z,PLCE,32.53,-30,Market On Close,Filled,-975.9,"band" 
2009-11-02T15:00:00Z,XOM,72.15,-14,Market On Close,Filled,-1010.1,"band" 
2009-11-02T15:00:00Z,APOG,12.9,77,Market On Close,Filled,993.3,"buy" 
2009-11-02T15:00:00Z,ARKR,12.8,82,Market On Close,Filled,1049.6,"buy" 
2009-11-02T15:00:00Z,DISCA,27.28,37,Market On Close,Filled,1009.36,"buy" 
2009-11-02T15:00:00Z,PETS,15.85,13,Market On Close,Filled,206.05,"adjust" 
2009-11-02T15:00:00Z,POWL,36.05,27,Market On Close,Filled,973.35,"buy" 
2009-11-02T15:00:00Z,RS,36.42,28,Market On Close,Filled,1019.76,"buy" 
2009-12-01T15:00:00Z,AAON,19.03,-53,Market On Close,Filled,-1008.59,"band" 
2009-12-01T15:00:00Z,CNC,19.27,-58,Market On Close,Filled,-1117.66,"band" 
2009-12-01T15:00:00Z,DGIT,27.28,-12,Market On Close,Filled,-327.36,"adjust" 
2009-12-01T15:00:00Z,LHCG,31.9,-38,Market On Close,Filled,-1212.2,"band" 
2009-12-01T15:00:00Z,PETS,16.48,-65,Market On Close,Filled,-1071.2,"band" 
2009-12-01T15:00:00Z,RHI,22.75,-42,Market On Close,Filled,-955.5,"band" 
2009-12-01T15:00:00Z,UACL,16.13,-59,Market On Close,Filled,-951.67,"band" 
2009-12-01T15:00:00Z,CENT,9.15,122,Market On Close,Filled,1116.3,"buy" 
2009-12-01T15:00:00Z,CVI,7.39,145,Market On Close,Filled,1071.55,"buy" 
2009-12-01T15:00:00Z,DPZ,7.75,135,Market On Close,Filled,1046.25,"buy" 
2009-12-01T15:00:00Z,GTLS,16.91,64,Market On Close,Filled,1082.24,"buy" 
2009-12-01T15:00:00Z,HHS,9.82,110,Market On Close,Filled,1080.2,"buy" 
2009-12-01T15:00:00Z,JBSS,16.32,67,Market On Close,Filled,1093.44,"buy" 
2009-12-01T15:00:00Z,USMO,10.34,25,Market On Close,Filled,258.5,"adjust" 
2010-01-04T15:00:00Z,CENT,10.65,-122,Market On Close,Filled,-1299.3,"universe" 
2010-01-04T15:00:00Z,KIRK,18,-14,Market On Close,Filled,-252,"adjust" 
2010-01-04T15:00:00Z,NPK,113.55,-2,Market On Close,Filled,-227.1,"adjust" 
2010-01-04T15:00:00Z,SCHN,50,-20,Market On Close,Filled,-1000,"expired" 
2010-01-04T15:00:00Z,WDC,45.29,-8,Market On Close,Filled,-362.32,"adjust" 
2010-01-04T15:00:00Z,WIRE,21.26,-46,Market On Close,Filled,-977.96,"band" 
2010-01-04T15:00:00Z,CLW,54.32,20,Market On Close,Filled,1086.4,"buy" 
2010-01-04T15:00:00Z,EGN,47.49,23,Market On Close,Filled,1092.27,"buy" 
2010-01-04T15:00:00Z,K,52.83,4,Market On Close,Filled,211.32,"adjust" 
2010-01-04T15:00:00Z,POWL,32.36,8,Market On Close,Filled,258.88,"adjust" 
2010-01-04T15:00:00Z,RGR,10.24,34,Market On Close,Filled,348.16,"adjust" 
2010-01-04T15:00:00Z,TSRA,23.81,48,Market On Close,Filled,1142.88,"buy" 
2010-02-01T15:00:00Z,DLTR,49.97,-22,Market On Close,Filled,-1099.34,"band" 
2010-02-01T15:00:00Z,DPZ,11.36,-39,Market On Close,Filled,-443.04,"adjust" 
2010-02-01T15:00:00Z,VLGEA,26.13,-34,Market On Close,Filled,-888.42,"band" 
2010-02-01T15:00:00Z,MTRX,10.52,108,Market On Close,Filled,1136.16,"buy" 
2010-02-01T15:00:00Z,SCVL,18.06,59,Market On Close,Filled,1065.54,"buy" 
2010-02-01T15:00:00Z,SIF,12.65,17,Market On Close,Filled,215.05,"adjust" 
2010-02-01T15:00:00Z,TSRA,17.25,15,Market On Close,Filled,258.75,"adjust" 
2010-03-01T15:00:00Z,EGN,46.68,-23,Market On Close,Filled,-1073.64,"universe" 
2010-03-01T15:00:00Z,HVT,13.49,-88,Market On Close,Filled,-1187.12,"band" 
2010-03-01T15:00:00Z,MTSC,27.92,-41,Market On Close,Filled,-1144.72,"band" 
2010-03-01T15:00:00Z,RGR,11.8,-18,Market On Close,Filled,-212.4,"adjust" 
2010-03-01T15:00:00Z,WSO,59.16,-22,Market On Close,Filled,-1301.52,"band" 
2010-03-01T15:00:00Z,BKE,29.59,7,Market On Close,Filled,207.13,"adjust" 
2010-03-01T15:00:00Z,NEU,91.02,12,Market On Close,Filled,1092.24,"buy" 
2010-03-01T15:00:00Z,LZB,13.52,90,Market On Close,Filled,1216.8,"buy" 
2010-03-01T15:00:00Z,TTEC,18.06,65,Market On Close,Filled,1173.9,"buy" 
2010-03-01T15:00:00Z,UFS,56.19,21,Market On Close,Filled,1179.99,"buy" 
2010-04-01T14:00:00Z,ARKR,13.35,-82,Market On Close,Filled,-1094.7,"universe" 
2010-04-01T14:00:00Z,BKE,37.16,-39,Market On Close,Filled,-1449.24,"band" 
2010-04-01T14:00:00Z,CTRN,33.1,-37,Market On Close,Filled,-1224.7,"band" 
2010-04-01T14:00:00Z,SIF,17.2,-15,Market On Close,Filled,-258,"adjust" 
2010-04-01T14:00:00Z,TESS,23.25,-9,Market On Close,Filled,-209.25,"adjust" 
2010-04-01T14:00:00Z,AMED,56.99,22,Market On Close,Filled,1253.78,"buy" 
2010-04-01T14:00:00Z,DSW,25.76,48,Market On Close,Filled,1236.48,"buy" 
2010-04-01T14:00:00Z,FIZ,11.13,26,Market On Close,Filled,289.38,"adjust" 
2010-04-01T14:00:00Z,FLXS,13.31,90,Market On Close,Filled,1197.9,"buy" 
2010-04-01T14:00:00Z,JBSS,15.76,16,Market On Close,Filled,252.16,"adjust" 
2010-04-01T14:00:00Z,SYKE,22.91,10,Market On Close,Filled,229.1,"adjust" 
2010-04-01T14:00:00Z,WDC,39,6,Market On Close,Filled,234,"adjust" 
2010-05-03T14:00:00Z,CVI,8.47,-145,Market On Close,Filled,-1228.15,"band" 
2010-05-03T14:00:00Z,DPZ,16.06,-96,Market On Close,Filled,-1541.76,"expired" 
2010-05-03T14:00:00Z,HHS,14.46,-19,Market On Close,Filled,-274.74,"adjust" 
2010-05-03T14:00:00Z,RBIN,25.58,-12,Market On Close,Filled,-306.96,"adjust" 
2010-05-03T14:00:00Z,RGR,17.23,-97,Market On Close,Filled,-1671.31,"band" 
2010-05-03T14:00:00Z,SCVL,27.51,-12,Market On Close,Filled,-330.12,"adjust" 
2010-05-03T14:00:00Z,SHOO,40.08,-7,Market On Close,Filled,-280.56,"adjust" 
2010-05-03T14:00:00Z,SIF,13.95,-71,Market On Close,Filled,-990.45,"universe" 
2010-05-03T14:00:00Z,SYKE,22.51,-53,Market On Close,Filled,-1193.03,"band" 
2010-05-03T14:00:00Z,TTEC,16.87,-65,Market On Close,Filled,-1096.55,"expired" 
2010-05-03T14:00:00Z,UFS,75.41,-3,Market On Close,Filled,-226.23,"adjust" 
2010-05-03T14:00:00Z,USMO,14.23,-106,Market On Close,Filled,-1508.38,"expired" 
2010-05-03T14:00:00Z,APOG,14.13,19,Market On Close,Filled,268.47,"adjust" 
2010-05-03T14:00:00Z,CORE,30.59,8,Market On Close,Filled,244.72,"adjust" 
2010-05-03T14:00:00Z,DDS,29.72,47,Market On Close,Filled,1396.84,"buy" 
2010-05-03T14:00:00Z,DECK,143.79,9,Market On Close,Filled,1294.11,"buy" 
2010-05-03T14:00:00Z,FOSL,40.46,34,Market On Close,Filled,1375.64,"buy" 
2010-05-03T14:00:00Z,GCI,17.29,77,Market On Close,Filled,1331.33,"buy" 
2010-05-03T14:00:00Z,GIII,30.75,46,Market On Close,Filled,1414.5,"buy" 
2010-05-03T14:00:00Z,OSK,39.75,34,Market On Close,Filled,1351.5,"buy" 
2010-05-03T14:00:00Z,SXI,25.94,55,Market On Close,Filled,1426.7,"buy" 
2010-06-01T14:00:00Z,DGIT,41.71,-10,Market On Close,Filled,-417.1,"adjust" 
2010-06-01T14:00:00Z,GTLS,16.96,-64,Market On Close,Filled,-1085.44,"band" 
2010-06-01T14:00:00Z,SXI,25.07,-8,Market On Close,Filled,-200.56,"adjust" 
2010-06-01T14:00:00Z,TESS,18.28,-11,Market On Close,Filled,-201.08,"adjust" 
2010-06-01T14:00:00Z,TSRA,16.87,-63,Market On Close,Filled,-1062.81,"band" 
2010-06-01T14:00:00Z,ALG,22.58,53,Market On Close,Filled,1196.74,"buy" 
2010-06-01T14:00:00Z,ANK,41.31,6,Market On Close,Filled,247.86,"adjust" 
2010-06-01T14:00:00Z,POWL,28.33,7,Market On Close,Filled,198.31,"adjust" 
2010-06-01T14:00:00Z,SKX,36.14,32,Market On Close,Filled,1156.48,"buy" 
2010-07-01T14:00:00Z,ANK,40.16,-29,Market On Close,Filled,-1164.64,"band" 
2010-07-01T14:00:00Z,DECK,141.89,-2,Market On Close,Filled,-283.78,"adjust" 
2010-07-01T14:00:00Z,DISCA,36.09,-7,Market On Close,Filled,-252.63,"adjust" 
2010-07-01T14:00:00Z,FIZ,12.28,-20,Market On Close,Filled,-245.6,"adjust" 
2010-07-01T14:00:00Z,GCO,26.36,42,Market On Close,Filled,1107.12,"buy" 
2010-07-01T14:00:00Z,LZB,7.28,58,Market On Close,Filled,422.24,"adjust" 
2010-08-02T14:00:00Z,APOG,11.12,-96,Market On Close,Filled,-1067.52,"band" 
2010-08-02T14:00:00Z,HWKN,32.17,-17,Market On Close,Filled,-546.89,"adjust" 
2010-08-02T14:00:00Z,SHOO,39.02,-6,Market On Close,Filled,-234.12,"adjust" 
2010-08-02T14:00:00Z,SXI,29.95,-8,Market On Close,Filled,-239.6,"adjust" 
2010-08-02T14:00:00Z,AMED,26.75,23,Market On Close,Filled,615.25,"adjust" 
2010-08-02T14:00:00Z,PLCE,41.72,28,Market On Close,Filled,1168.16,"buy" 
2010-08-02T14:00:00Z,TESS,14.35,18,Market On Close,Filled,258.3,"adjust" 
2010-08-02T14:00:00Z,WDC,27.16,14,Market On Close,Filled,380.24,"adjust" 
2010-09-01T14:00:00Z,CTR,24.08,-12,Market On Close,Filled,-288.96,"adjust" 
2010-09-01T14:00:00Z,CASY,38.65,-8,Market On Close,Filled,-309.2,"adjust" 
2010-09-01T14:00:00Z,CLW,70.5,-4,Market On Close,Filled,-282,"adjust" 
2010-09-01T14:00:00Z,NEU,104.3,-2,Market On Close,Filled,-208.6,"adjust" 
2010-09-01T14:00:00Z,FIZ,14.98,-15,Market On Close,Filled,-224.7,"adjust" 
2010-09-01T14:00:00Z,FOSL,48.8,-12,Market On Close,Filled,-585.6,"adjust" 
2010-09-01T14:00:00Z,HHS,10.42,-91,Market On Close,Filled,-948.22,"band" 
2010-09-01T14:00:00Z,AAWW,45.37,25,Market On Close,Filled,1134.25,"buy" 
2010-09-01T14:00:00Z,DGIT,15.83,39,Market On Close,Filled,617.37,"adjust" 
2010-09-01T14:00:00Z,KIRK,11.86,31,Market On Close,Filled,367.66,"adjust" 
2010-09-01T14:00:00Z,OSK,25.6,9,Market On Close,Filled,230.4,"adjust" 
2010-09-01T14:00:00Z,SCVL,16.68,18,Market On Close,Filled,300.24,"adjust" 
2010-09-01T14:00:00Z,SKX,26.84,10,Market On Close,Filled,268.4,"adjust" 
2010-09-01T14:00:00Z,TESS,11.16,19,Market On Close,Filled,212.04,"adjust" 
2010-10-01T14:00:00Z,DGIT,20.91,-12,Market On Close,Filled,-250.92,"adjust" 
2010-10-01T14:00:00Z,GIII,31.55,-7,Market On Close,Filled,-220.85,"adjust" 
2010-10-01T14:00:00Z,MTRX,8.7,-108,Market On Close,Filled,-939.6,"band" 
2010-10-01T14:00:00Z,OSK,28.07,-43,Market On Close,Filled,-1207.01,"band" 
2010-10-01T14:00:00Z,RBIN,30.44,-12,Market On Close,Filled,-365.28,"adjust" 
2010-10-01T14:00:00Z,RS,42.19,-28,Market On Close,Filled,-1181.32,"band" 
2010-10-01T14:00:00Z,TESS,16.06,-22,Market On Close,Filled,-353.32,"adjust" 
2010-10-01T14:00:00Z,DPZ,13.15,93,Market On Close,Filled,1222.95,"buy" 
2010-10-01T14:00:00Z,GCI,12.58,23,Market On Close,Filled,289.34,"adjust" 
2010-10-01T14:00:00Z,MGLN,47.38,26,Market On Close,Filled,1231.88,"buy" 
2010-10-01T14:00:00Z,SKX,22.54,10,Market On Close,Filled,225.4,"adjust" 
2010-10-01T14:00:00Z,SXI,24.13,11,Market On Close,Filled,265.43,"adjust" 
2010-10-01T14:00:00Z,USMO,16.31,76,Market On Close,Filled,1239.56,"buy" 
2010-11-01T14:00:00Z,DSW,33.37,-10,Market On Close,Filled,-333.7,"adjust" 
2010-11-01T14:00:00Z,JBSS,12.96,-83,Market On Close,Filled,-1075.68,"band" 
2010-11-01T14:00:00Z,SCVL,22.95,-10,Market On Close,Filled,-229.5,"adjust" 
2010-11-01T14:00:00Z,WDC,32.62,-45,Market On Close,Filled,-1467.9,"expired" 
2010-11-01T14:00:00Z,CRUS,12.51,99,Market On Close,Filled,1238.49,"buy" 
2010-11-01T14:00:00Z,FIZ,14.01,14,Market On Close,Filled,196.14,"adjust" 
2010-11-01T14:00:00Z,GIII,27.39,9,Market On Close,Filled,246.51,"adjust" 
2010-11-01T14:00:00Z,IDT,13.74,87,Market On Close,Filled,1195.38,"buy" 
2010-11-01T14:00:00Z,K,50.75,4,Market On Close,Filled,203,"adjust" 
2010-11-01T14:00:00Z,SKX,19.24,13,Market On Close,Filled,250.12,"adjust" 
2010-12-01T15:00:00Z,DECK,79.94,-3,Market On Close,Filled,-239.82,"adjust" 
2010-12-01T15:00:00Z,GCO,39.88,-6,Market On Close,Filled,-239.28,"adjust" 
2010-12-01T15:00:00Z,HWKN,43.45,-5,Market On Close,Filled,-217.25,"adjust" 
2010-12-01T15:00:00Z,IDT,22.2,-21,Market On Close,Filled,-466.2,"adjust" 
2010-12-01T15:00:00Z,LZB,7.98,-148,Market On Close,Filled,-1181.04,"band" 
2010-12-01T15:00:00Z,POWL,36.17,-42,Market On Close,Filled,-1519.14,"band" 
2010-12-01T15:00:00Z,CASY,39.91,6,Market On Close,Filled,239.46,"adjust" 
2010-12-01T15:00:00Z,CRMT,25.3,9,Market On Close,Filled,227.7,"adjust" 
2010-12-01T15:00:00Z,FIZ,13.33,17,Market On Close,Filled,226.61,"adjust" 
2010-12-01T15:00:00Z,KIRK,12,21,Market On Close,Filled,252,"adjust" 
2010-12-01T15:00:00Z,SGU,5.38,260,Market On Close,Filled,1398.8,"buy" 
2010-12-01T15:00:00Z,SSP,9.57,153,Market On Close,Filled,1464.21,"buy" 
2011-01-03T15:00:00Z,DDS,38.83,-9,Market On Close,Filled,-349.47,"adjust" 
2011-01-03T15:00:00Z,DGIT,29.59,-56,Market On Close,Filled,-1657.04,"universe" 
2011-01-03T15:00:00Z,GCI,15.42,-100,Market On Close,Filled,-1542,"band" 
2011-01-03T15:00:00Z,GIII,35.39,-7,Market On Close,Filled,-247.73,"adjust" 
2011-01-03T15:00:00Z,IDT,26.62,-10,Market On Close,Filled,-266.2,"adjust" 
2011-01-03T15:00:00Z,KIRK,14.06,-116,Market On Close,Filled,-1630.96,"band" 
2011-01-03T15:00:00Z,OTL,20.68,71,Market On Close,Filled,1468.28,"buy" 
2011-01-03T15:00:00Z,RGR,15.09,95,Market On Close,Filled,1433.55,"buy" 
2011-01-03T15:00:00Z,VSH,14.78,98,Market On Close,Filled,1448.44,"buy" 
2011-02-01T15:00:00Z,CRUS,21.33,-32,Market On Close,Filled,-682.56,"adjust" 
2011-02-01T15:00:00Z,SGU,5.48,-260,Market On Close,Filled,-1424.8,"expired" 
2011-02-01T15:00:00Z,SXI,34.33,-8,Market On Close,Filled,-274.64,"adjust" 
2011-02-01T15:00:00Z,TESS,12.44,-81,Market On Close,Filled,-1007.64,"universe" 
2011-02-01T15:00:00Z,CTR,24.89,11,Market On Close,Filled,273.79,"adjust" 
2011-02-01T15:00:00Z,DISCA,39,6,Market On Close,Filled,234,"adjust" 
2011-02-01T15:00:00Z,KLIC,10.29,145,Market On Close,Filled,1492.05,"buy" 
2011-02-01T15:00:00Z,PLCE,42.14,5,Market On Close,Filled,210.7,"adjust" 
2011-02-01T15:00:00Z,SHOO,39.8,7,Market On Close,Filled,278.6,"adjust" 
2011-02-01T15:00:00Z,FL,18.02,79,Market On Close,Filled,1423.58,"buy" 
2011-03-01T15:00:00Z,AAWW,67.43,-25,Market On Close,Filled,-1685.75,"band" 
2011-03-01T15:00:00Z,AMED,35.37,-45,Market On Close,Filled,-1591.65,"expired" 
2011-03-01T15:00:00Z,CRMT,24.26,-54,Market On Close,Filled,-1310.04,"band" 
2011-03-01T15:00:00Z,FLXS,14.82,-90,Market On Close,Filled,-1333.8,"universe" 
2011-03-01T15:00:00Z,FOSL,75.11,-3,Market On Close,Filled,-225.33,"adjust" 
2011-03-01T15:00:00Z,NPK,125.75,-10,Market On Close,Filled,-1257.5,"band" 
2011-03-01T15:00:00Z,OTL,25.61,-15,Market On Close,Filled,-384.15,"adjust" 
2011-03-01T15:00:00Z,RGR,17.9,-12,Market On Close,Filled,-214.8,"adjust" 
2011-03-01T15:00:00Z,VSH,17.39,-12,Market On Close,Filled,-208.68,"adjust" 
2011-03-01T15:00:00Z,ALV,73.1,20,Market On Close,Filled,1462,"buy" 
2011-03-01T15:00:00Z,AIT,31.5,47,Market On Close,Filled,1480.5,"buy" 
2011-03-01T15:00:00Z,ENTG,8.51,172,Market On Close,Filled,1463.72,"buy" 
2011-03-01T15:00:00Z,HWKN,36.57,8,Market On Close,Filled,292.56,"adjust" 
2011-03-01T15:00:00Z,MGLN,48.62,5,Market On Close,Filled,243.1,"adjust" 
2011-03-01T15:00:00Z,MKSI,29.79,50,Market On Close,Filled,1489.5,"buy" 
2011-03-01T15:00:00Z,TER,18.19,80,Market On Close,Filled,1455.2,"buy" 
2011-03-01T15:00:00Z,USMO,14.46,24,Market On Close,Filled,347.04,"adjust" 
2011-04-01T14:00:00Z,FOSL,93.61,-3,Market On Close,Filled,-280.83,"adjust" 
2011-04-01T14:00:00Z,OTL,31.01,-8,Market On Close,Filled,-248.08,"adjust" 
2011-04-01T14:00:00Z,RGR,23.09,-15,Market On Close,Filled,-346.35,"adjust" 
2011-04-01T14:00:00Z,SKX,20.22,-65,Market On Close,Filled,-1314.3,"band" 
2011-04-01T14:00:00Z,CASY,39.03,6,Market On Close,Filled,234.18,"adjust" 
2011-04-01T14:00:00Z,CLW,80.56,3,Market On Close,Filled,241.68,"adjust" 
2011-04-01T14:00:00Z,KLIC,9.17,22,Market On Close,Filled,201.74,"adjust" 
2011-04-01T14:00:00Z,LSCC,5.94,264,Market On Close,Filled,1568.16,"buy" 
2011-04-01T14:00:00Z,WMK,39.96,6,Market On Close,Filled,239.76,"adjust" 
2011-05-02T14:00:00Z,CASY,38.45,-40,Market On Close,Filled,-1538,"band" 
2011-05-02T14:00:00Z,DDS,47.04,-5,Market On Close,Filled,-235.2,"adjust" 
2011-05-02T14:00:00Z,DISCA,44.65,-36,Market On Close,Filled,-1607.4,"band" 
2011-05-02T14:00:00Z,DPZ,18.56,-93,Market On Close,Filled,-1726.08,"expired" 
2011-05-02T14:00:00Z,NEU,186.58,-10,Market On Close,Filled,-1865.8,"expired" 
2011-05-02T14:00:00Z,GIII,42.75,-5,Market On Close,Filled,-213.75,"adjust" 
2011-05-02T14:00:00Z,HWKN,46.5,-5,Market On Close,Filled,-232.5,"adjust" 
2011-05-02T14:00:00Z,MGLN,51.79,-31,Market On Close,Filled,-1605.49,"expired" 
2011-05-02T14:00:00Z,SHOO,52.64,-7,Market On Close,Filled,-368.48,"adjust" 
2011-05-02T14:00:00Z,USMO,15.02,-100,Market On Close,Filled,-1502,"expired" 
2011-05-02T14:00:00Z,BRKS,11.81,132,Market On Close,Filled,1558.92,"buy" 
2011-05-02T14:00:00Z,CCF,16.84,98,Market On Close,Filled,1650.32,"buy" 
2011-05-02T14:00:00Z,CRUS,15.93,31,Market On Close,Filled,493.83,"adjust" 
2011-05-02T14:00:00Z,EBS,23.7,69,Market On Close,Filled,1635.3,"buy" 
2011-05-02T14:00:00Z,LRCX,48.09,33,Market On Close,Filled,1586.97,"buy" 
2011-05-02T14:00:00Z,PLPC,70.04,22,Market On Close,Filled,1540.88,"buy" 
2011-05-02T14:00:00Z,TER,15.83,20,Market On Close,Filled,316.6,"adjust" 
2011-06-01T14:00:00Z,CLW,67.69,-19,Market On Close,Filled,-1286.11,"band" 
2011-06-01T14:00:00Z,CORE,34.83,-43,Market On Close,Filled,-1497.69,"band" 
2011-06-01T14:00:00Z,DDS,55.77,-4,Market On Close,Filled,-223.08,"adjust" 
2011-06-01T14:00:00Z,DSW,48.54,-6,Market On Close,Filled,-291.24,"adjust" 
2011-06-01T14:00:00Z,KLIC,11.65,-33,Market On Close,Filled,-384.45,"adjust" 
2011-06-01T14:00:00Z,UFS,99.59,-3,Market On Close,Filled,-298.77,"adjust" 
2011-06-01T14:00:00Z,FL,24.32,-14,Market On Close,Filled,-340.48,"adjust" 
2011-06-01T14:00:00Z,ALG,25.09,10,Market On Close,Filled,250.9,"adjust" 
2011-06-01T14:00:00Z,MERC,12.89,118,Market On Close,Filled,1521.02,"buy" 
2011-06-01T14:00:00Z,MKSI,25.44,12,Market On Close,Filled,305.28,"adjust" 
2011-06-01T14:00:00Z,MXIM,26.42,59,Market On Close,Filled,1558.78,"buy" 
2011-06-01T14:00:00Z,SSP,8.15,37,Market On Close,Filled,301.55,"adjust" 
2011-06-01T14:00:00Z,SXI,32.66,7,Market On Close,Filled,228.62,"adjust" 
2011-06-01T14:00:00Z,VSH,15.41,16,Market On Close,Filled,246.56,"adjust" 
2011-07-01T14:00:00Z,FIZ,14.63,-106,Market On Close,Filled,-1550.78,"band" 
2011-07-01T14:00:00Z,FOSL,121.96,-3,Market On Close,Filled,-365.88,"adjust" 
2011-07-01T14:00:00Z,GCO,52.83,-6,Market On Close,Filled,-316.98,"adjust" 
2011-07-01T14:00:00Z,SSP,9.72,-25,Market On Close,Filled,-243,"adjust" 
2011-07-01T14:00:00Z,GIII,35.5,10,Market On Close,Filled,355,"adjust" 
2011-07-01T14:00:00Z,GME,26.94,59,Market On Close,Filled,1589.46,"buy" 
2011-07-01T14:00:00Z,HWKN,36.97,10,Market On Close,Filled,369.7,"adjust" 
2011-07-01T14:00:00Z,MERC,10.66,40,Market On Close,Filled,426.4,"adjust" 
2011-07-01T14:00:00Z,VECO,48.58,32,Market On Close,Filled,1554.56,"buy" 
2011-08-01T14:00:00Z,ALG,24.02,-63,Market On Close,Filled,-1513.26,"band" 
2011-08-01T14:00:00Z,CRUS,15.22,-98,Market On Close,Filled,-1491.56,"band" 
2011-08-01T14:00:00Z,DECK,101.82,-3,Market On Close,Filled,-305.46,"adjust" 
2011-08-01T14:00:00Z,DSW,54.16,-4,Market On Close,Filled,-216.64,"adjust" 
2011-08-01T14:00:00Z,EBS,20.52,-69,Market On Close,Filled,-1415.88,"band" 
2011-08-01T14:00:00Z,HWKN,34.73,-44,Market On Close,Filled,-1528.12,"expired" 
2011-08-01T14:00:00Z,RGR,27.75,-13,Market On Close,Filled,-360.75,"adjust" 
2011-08-01T14:00:00Z,SCVL,32.44,-7,Market On Close,Filled,-227.08,"adjust" 
2011-08-01T14:00:00Z,SXI,32.27,-49,Market On Close,Filled,-1581.23,"band" 
2011-08-01T14:00:00Z,BKE,44.21,34,Market On Close,Filled,1503.14,"buy" 
2011-08-01T14:00:00Z,BRKS,9.45,27,Market On Close,Filled,255.15,"adjust" 
2011-08-01T14:00:00Z,KLIC,9.27,30,Market On Close,Filled,278.1,"adjust" 
2011-08-01T14:00:00Z,LFUS,51.89,29,Market On Close,Filled,1504.81,"buy" 
2011-08-01T14:00:00Z,MRO,30.65,48,Market On Close,Filled,1471.2,"buy" 
2011-08-01T14:00:00Z,MYGN,20.86,71,Market On Close,Filled,1481.06,"buy" 
2011-08-01T14:00:00Z,UFS,78.49,3,Market On Close,Filled,235.47,"adjust" 
2011-08-01T14:00:00Z,UNH,48.02,30,Market On Close,Filled,1440.6,"buy" 
2011-08-01T14:00:00Z,VECO,39.05,6,Market On Close,Filled,234.3,"adjust" 
2011-09-01T14:00:00Z,CCF,12.59,-98,Market On Close,Filled,-1233.82,"band" 
2011-09-01T14:00:00Z,GCO,49.42,-4,Market On Close,Filled,-197.68,"adjust" 
2011-09-01T14:00:00Z,RGR,31.78,-13,Market On Close,Filled,-413.14,"adjust" 
2011-09-01T14:00:00Z,ALV,55.01,5,Market On Close,Filled,275.05,"adjust" 
2011-09-01T14:00:00Z,LINC,9.29,143,Market On Close,Filled,1328.47,"buy" 
2011-09-01T14:00:00Z,VSH,11.15,21,Market On Close,Filled,234.15,"adjust" 
2011-10-03T14:00:00Z,ALV,46.14,-25,Market On Close,Filled,-1153.5,"band" 
2011-10-03T14:00:00Z,GIII,21.83,-46,Market On Close,Filled,-1004.18,"band" 
2011-10-03T14:00:00Z,PLCE,45.8,-33,Market On Close,Filled,-1511.4,"band" 
2011-10-03T14:00:00Z,CVI,19.69,60,Market On Close,Filled,1181.4,"buy" 
2011-10-03T14:00:00Z,DEPO,5,236,Market On Close,Filled,1180,"buy" 
2011-10-03T14:00:00Z,MLR,16.57,73,Market On Close,Filled,1209.61,"buy" 
2011-10-03T14:00:00Z,MRO,20.28,11,Market On Close,Filled,223.08,"adjust" 
2011-10-03T14:00:00Z,PLPC,41.99,5,Market On Close,Filled,209.95,"adjust" 
2011-10-03T14:00:00Z,VECO,24.01,14,Market On Close,Filled,336.14,"adjust" 
2011-10-03T14:00:00Z,VSH,8.09,29,Market On Close,Filled,234.61,"adjust" 
2011-11-01T14:00:00Z,DECK,111.83,-3,Market On Close,Filled,-335.49,"adjust" 
2011-11-01T14:00:00Z,DEPO,4.38,-236,Market On Close,Filled,-1033.68,"universe" 
2011-11-01T14:00:00Z,LRCX,42.22,-33,Market On Close,Filled,-1393.26,"expired" 
2011-11-01T14:00:00Z,PLPC,58.69,-4,Market On Close,Filled,-234.76,"adjust" 
2011-11-01T14:00:00Z,CHS,12.29,120,Market On Close,Filled,1474.8,"buy" 
2011-11-01T14:00:00Z,CROX,17.86,84,Market On Close,Filled,1500.24,"buy" 
2011-11-01T14:00:00Z,IDT,12,73,Market On Close,Filled,876,"adjust" 
2011-11-01T14:00:00Z,MERC,6.85,58,Market On Close,Filled,397.3,"adjust" 
2011-11-01T14:00:00Z,RGR,28.63,7,Market On Close,Filled,200.41,"adjust" 
2011-12-01T15:00:00Z,AIT,34.3,-7,Market On Close,Filled,-240.1,"adjust" 
2011-12-01T15:00:00Z,IDT,12.89,-21,Market On Close,Filled,-270.69,"adjust" 
2011-12-01T15:00:00Z,LSCC,6.97,-60,Market On Close,Filled,-418.2,"adjust" 
2011-12-01T15:00:00Z,MKSI,26.35,-10,Market On Close,Filled,-263.5,"adjust" 
2011-12-01T15:00:00Z,MRO,27.72,-9,Market On Close,Filled,-249.48,"adjust" 
2011-12-01T15:00:00Z,SSP,8.35,-165,Market On Close,Filled,-1377.75,"band" 
2011-12-01T15:00:00Z,VECO,25.14,-52,Market On Close,Filled,-1307.28,"band" 
2011-12-01T15:00:00Z,VSH,9.7,-152,Market On Close,Filled,-1474.4,"band" 
2011-12-01T15:00:00Z,CVX,101.83,13,Market On Close,Filled,1323.79,"buy" 
2011-12-01T15:00:00Z,CVI,18.06,17,Market On Close,Filled,307.02,"adjust" 
2011-12-01T15:00:00Z,HOC,23.43,60,Market On Close,Filled,1405.8,"buy" 
2011-12-01T15:00:00Z,LINC,7.47,48,Market On Close,Filled,358.56,"adjust" 
2011-12-01T15:00:00Z,LZB,11.59,142,Market On Close,Filled,1645.78,"buy" 
2011-12-01T15:00:00Z,MLR,15.35,14,Market On Close,Filled,214.9,"adjust" 
2011-12-01T15:00:00Z,SCVL,23.15,11,Market On Close,Filled,254.65,"adjust" 
2012-01-03T15:00:00Z,BRKS,10.41,-23,Market On Close,Filled,-239.43,"adjust" 
2012-01-03T15:00:00Z,GCO,58.66,-4,Market On Close,Filled,-234.64,"adjust" 
2012-01-03T15:00:00Z,IDT,9.55,-108,Market On Close,Filled,-1031.4,"band" 
2012-01-03T15:00:00Z,LZB,12,-25,Market On Close,Filled,-300,"adjust" 
2012-01-03T15:00:00Z,MERC,6.49,-216,Market On Close,Filled,-1401.84,"band" 
2012-01-03T15:00:00Z,RGR,34.14,-8,Market On Close,Filled,-273.12,"adjust" 
2012-01-03T15:00:00Z,B,24.44,58,Market On Close,Filled,1417.52,"buy" 
2012-01-03T15:00:00Z,DECK,76.45,6,Market On Close,Filled,458.7,"adjust" 
2012-01-03T15:00:00Z,FOSL,79.27,4,Market On Close,Filled,317.08,"adjust" 
2012-01-03T15:00:00Z,LXU,29.51,50,Market On Close,Filled,1475.5,"buy" 
2012-02-01T15:00:00Z,CVI,25.58,-15,Market On Close,Filled,-383.7,"adjust" 
2012-02-01T15:00:00Z,HOC,30.42,-8,Market On Close,Filled,-243.36,"adjust" 
2012-02-01T15:00:00Z,KLIC,11.31,-21,Market On Close,Filled,-237.51,"adjust" 
2012-02-01T15:00:00Z,LXU,36.97,-6,Market On Close,Filled,-221.82,"adjust" 
2012-02-01T15:00:00Z,RBIN,44.57,-5,Market On Close,Filled,-222.85,"adjust" 
2012-02-01T15:00:00Z,SHOO,41.09,-7,Market On Close,Filled,-287.63,"adjust" 
2012-02-01T15:00:00Z,CVX,102.85,2,Market On Close,Filled,205.7,"adjust" 
2012-02-01T15:00:00Z,DDS,43.89,5,Market On Close,Filled,219.45,"adjust" 
2012-02-01T15:00:00Z,K,49.31,6,Market On Close,Filled,295.86,"adjust" 
2012-03-01T15:00:00Z,CHS,15.29,-120,Market On Close,Filled,-1834.8,"band" 
2012-03-01T15:00:00Z,DDS,60.43,-8,Market On Close,Filled,-483.44,"adjust" 
2012-03-01T15:00:00Z,DECK,78.59,-18,Market On Close,Filled,-1414.62,"band" 
2012-03-01T15:00:00Z,FOSL,126.29,-4,Market On Close,Filled,-505.16,"adjust" 
2012-03-01T15:00:00Z,FL,29.51,-9,Market On Close,Filled,-265.59,"adjust" 
2012-03-01T15:00:00Z,GME,23.84,13,Market On Close,Filled,309.92,"adjust" 
2012-03-01T15:00:00Z,ICFI,24.88,63,Market On Close,Filled,1567.44,"buy" 
2012-03-01T15:00:00Z,LSCC,6.55,45,Market On Close,Filled,294.75,"adjust" 
2012-03-01T15:00:00Z,MLR,15.97,16,Market On Close,Filled,255.52,"adjust" 
2012-03-01T15:00:00Z,UACL,15.46,105,Market On Close,Filled,1623.3,"buy" 
2012-04-02T14:00:00Z,B,26.96,-58,Market On Close,Filled,-1563.68,"universe" 
2012-04-02T14:00:00Z,LINC,7.91,-191,Market On Close,Filled,-1510.81,"band" 
2012-04-02T14:00:00Z,RGR,51.1,-7,Market On Close,Filled,-357.7,"adjust" 
2012-04-02T14:00:00Z,SCVL,32.56,-7,Market On Close,Filled,-227.92,"adjust" 
2012-04-02T14:00:00Z,CMTL,33.85,52,Market On Close,Filled,1760.2,"buy" 
2012-04-02T14:00:00Z,OTL,31.8,7,Market On Close,Filled,222.6,"adjust" 
2012-04-02T14:00:00Z,SMP,17.39,95,Market On Close,Filled,1652.05,"buy" 
2012-05-01T14:00:00Z,CROX,20.13,-84,Market On Close,Filled,-1690.92,"expired" 
2012-05-01T14:00:00Z,CVI,30.16,-8,Market On Close,Filled,-241.28,"adjust" 
2012-05-01T14:00:00Z,KLIC,12.99,-16,Market On Close,Filled,-207.84,"adjust" 
2012-05-01T14:00:00Z,OTL,29.94,-55,Market On Close,Filled,-1646.7,"band" 
2012-05-01T14:00:00Z,RBIN,48.6,-35,Market On Close,Filled,-1701,"expired" 
2012-05-01T14:00:00Z,RGR,55.14,-5,Market On Close,Filled,-275.7,"adjust" 
2012-05-01T14:00:00Z,EGY,9.38,183,Market On Close,Filled,1716.54,"buy" 
2012-05-01T14:00:00Z,LSCC,5.43,56,Market On Close,Filled,304.08,"adjust" 
2012-05-01T14:00:00Z,MKSI,27.39,8,Market On Close,Filled,219.12,"adjust" 
2012-05-01T14:00:00Z,SPPI,10.49,156,Market On Close,Filled,1636.44,"buy" 
2012-05-01T14:00:00Z,PLPC,57.22,5,Market On Close,Filled,286.1,"adjust" 
2012-05-01T14:00:00Z,RSC,27.16,60,Market On Close,Filled,1629.6,"buy" 
2012-05-01T14:00:00Z,SMP,15.22,15,Market On Close,Filled,228.3,"adjust" 
2012-06-01T14:00:00Z,DDS,66.21,-4,Market On Close,Filled,-264.84,"adjust" 
2012-06-01T14:00:00Z,DSW,57.26,-28,Market On Close,Filled,-1603.28,"expired" 
2012-06-01T14:00:00Z,LSCC,4.29,-305,Market On Close,Filled,-1308.45,"universe" 
2012-06-01T14:00:00Z,LXU,27.03,-44,Market On Close,Filled,-1189.32,"band" 
2012-06-01T14:00:00Z,MRO,23.89,-50,Market On Close,Filled,-1194.5,"band" 
2012-06-01T14:00:00Z,MYGN,22.98,-9,Market On Close,Filled,-206.82,"adjust" 
2012-06-01T14:00:00Z,SPPI,11.01,-26,Market On Close,Filled,-286.26,"adjust" 
2012-06-01T14:00:00Z,PLPC,53.05,-28,Market On Close,Filled,-1485.4,"band" 
2012-06-01T14:00:00Z,RSC,17.76,-60,Market On Close,Filled,-1065.6,"expired" 
2012-06-01T14:00:00Z,FL,30.38,-9,Market On Close,Filled,-273.42,"adjust" 
2012-06-01T14:00:00Z,AAPL,560.99,2,Market On Close,Filled,1121.98,"buy" 
2012-06-01T14:00:00Z,BRKS,9.1,25,Market On Close,Filled,227.5,"adjust" 
2012-06-01T14:00:00Z,FOSL,69.59,7,Market On Close,Filled,487.13,"adjust" 
2012-06-01T14:00:00Z,INTC,25.14,58,Market On Close,Filled,1458.12,"buy" 
2012-06-01T14:00:00Z,KIRK,10.55,139,Market On Close,Filled,1466.45,"buy" 
2012-06-01T14:00:00Z,NUS,41.44,35,Market On Close,Filled,1450.4,"buy" 
2012-06-01T14:00:00Z,RGR,37.63,9,Market On Close,Filled,338.67,"adjust" 
2012-06-01T14:00:00Z,STMP,22.82,61,Market On Close,Filled,1392.02,"buy" 
2012-06-01T14:00:00Z,USNA,40.06,37,Market On Close,Filled,1482.22,"buy" 
2012-07-02T14:00:00Z,CTR,31.27,-8,Market On Close,Filled,-250.16,"adjust" 
2012-07-02T14:00:00Z,FOSL,74.88,-20,Market On Close,Filled,-1497.6,"band" 
2012-07-02T14:00:00Z,HOC,35.69,-9,Market On Close,Filled,-321.21,"adjust" 
2012-07-02T14:00:00Z,MKSI,28.93,-7,Market On Close,Filled,-202.51,"adjust" 
2012-07-02T14:00:00Z,SPPI,16,-32,Market On Close,Filled,-512,"adjust" 
2012-07-02T14:00:00Z,UNH,56.26,-4,Market On Close,Filled,-225.04,"adjust" 
2012-07-02T14:00:00Z,GME,17.98,11,Market On Close,Filled,197.78,"adjust" 
2012-07-02T14:00:00Z,KLIC,8.9,45,Market On Close,Filled,400.5,"adjust" 
2012-07-02T14:00:00Z,MOV,25.34,61,Market On Close,Filled,1545.74,"buy" 
2012-07-02T14:00:00Z,SHOO,31.69,11,Market On Close,Filled,348.59,"adjust" 
2012-08-01T14:00:00Z,KLIC,10.87,-33,Market On Close,Filled,-358.71,"adjust" 
2012-08-01T14:00:00Z,NUS,49.48,-5,Market On Close,Filled,-247.4,"adjust" 
2012-08-01T14:00:00Z,RGR,49.39,-7,Market On Close,Filled,-345.73,"adjust" 
2012-08-01T14:00:00Z,SHOO,39.41,-48,Market On Close,Filled,-1891.68,"band" 
2012-08-01T14:00:00Z,BKE,37.11,6,Market On Close,Filled,222.66,"adjust" 
2012-08-01T14:00:00Z,DISCA,49.3,30,Market On Close,Filled,1479,"buy" 
2012-08-01T14:00:00Z,EGY,7.37,28,Market On Close,Filled,206.36,"adjust" 
2012-08-01T14:00:00Z,GME,16.07,13,Market On Close,Filled,208.91,"adjust" 
2012-08-01T14:00:00Z,STMP,20.11,12,Market On Close,Filled,241.32,"adjust" 
2012-08-01T14:00:00Z,UNH,51.2,4,Market On Close,Filled,204.8,"adjust" 
2012-09-04T14:00:00Z,BKE,44.98,-5,Market On Close,Filled,-224.9,"adjust" 
2012-09-04T14:00:00Z,GME,20.41,-13,Market On Close,Filled,-265.33,"adjust" 
2012-09-04T14:00:00Z,MLR,15.51,-103,Market On Close,Filled,-1597.53,"band" 
2012-09-04T14:00:00Z,MOV,36.36,-16,Market On Close,Filled,-581.76,"adjust" 
2012-09-04T14:00:00Z,SMP,17.63,-20,Market On Close,Filled,-352.6,"adjust" 
2012-09-04T14:00:00Z,BRKS,8.08,39,Market On Close,Filled,315.12,"adjust" 
2012-09-04T14:00:00Z,KIRK,9.72,26,Market On Close,Filled,252.72,"adjust" 
2012-09-04T14:00:00Z,SPPI,12.18,35,Market On Close,Filled,426.3,"adjust" 
2012-09-04T14:00:00Z,NUS,41.68,8,Market On Close,Filled,333.44,"adjust" 
2012-09-04T14:00:00Z,RGR,43.5,6,Market On Close,Filled,261,"adjust" 
2012-09-04T14:00:00Z,UFS,73.78,4,Market On Close,Filled,295.12,"adjust" 
2012-09-04T14:00:00Z,WDC,42.32,38,Market On Close,Filled,1608.16,"buy" 
2012-10-01T14:00:00Z,BRKS,7.81,-200,Market On Close,Filled,-1562,"band" 
2012-10-01T14:00:00Z,CMTL,27.74,-52,Market On Close,Filled,-1442.48,"band" 
2012-10-01T14:00:00Z,CVI,40.18,-10,Market On Close,Filled,-401.8,"adjust" 
2012-10-01T14:00:00Z,K,51.93,-31,Market On Close,Filled,-1609.83,"band" 
2012-10-01T14:00:00Z,STMP,23.26,-73,Market On Close,Filled,-1697.98,"band" 
2012-10-01T14:00:00Z,UFS,77.25,-22,Market On Close,Filled,-1699.5,"band" 
2012-10-01T14:00:00Z,CF,224.51,7,Market On Close,Filled,1571.57,"buy" 
2012-10-01T14:00:00Z,DK,25.98,64,Market On Close,Filled,1662.72,"buy" 
2012-10-01T14:00:00Z,ENS,35.5,46,Market On Close,Filled,1633,"buy" 
2012-10-01T14:00:00Z,ENTG,8.35,29,Market On Close,Filled,242.15,"adjust" 
2012-10-01T14:00:00Z,GCI,17.97,92,Market On Close,Filled,1653.24,"buy" 
2012-10-01T14:00:00Z,ICFI,20.25,18,Market On Close,Filled,364.5,"adjust" 
2012-10-01T14:00:00Z,INTC,22.76,14,Market On Close,Filled,318.64,"adjust" 
2012-10-01T14:00:00Z,MKSI,25.13,11,Market On Close,Filled,276.43,"adjust" 
2012-10-01T14:00:00Z,WCC,57.72,28,Market On Close,Filled,1616.16,"buy" 
2012-11-01T14:00:00Z,AIT,40.94,-40,Market On Close,Filled,-1637.6,"expired" 
2012-11-01T14:00:00Z,GME,23.6,-13,Market On Close,Filled,-306.8,"adjust" 
2012-11-01T14:00:00Z,LZB,16.66,-19,Market On Close,Filled,-316.54,"adjust" 
2012-11-01T14:00:00Z,MYGN,26.86,-62,Market On Close,Filled,-1665.32,"expired" 
2012-11-01T14:00:00Z,NUS,48.94,-38,Market On Close,Filled,-1859.72,"band" 
2012-11-01T14:00:00Z,SCVL,23.45,-9,Market On Close,Filled,-211.05,"adjust" 
2012-11-01T14:00:00Z,WCC,65.36,-4,Market On Close,Filled,-261.44,"adjust" 
2012-11-01T14:00:00Z,ALG,33.74,47,Market On Close,Filled,1585.78,"buy" 
2012-11-01T14:00:00Z,GCO,56.96,5,Market On Close,Filled,284.8,"adjust" 
2012-11-01T14:00:00Z,NC,52,31,Market On Close,Filled,1612,"buy" 
2012-11-01T14:00:00Z,USPH,27.11,60,Market On Close,Filled,1626.6,"buy" 
2012-11-01T14:00:00Z,WDC,35.43,8,Market On Close,Filled,283.44,"adjust" 
2012-12-03T15:00:00Z,CVI,45.83,-8,Market On Close,Filled,-366.64,"adjust" 
2012-12-03T15:00:00Z,DDS,89.01,-4,Market On Close,Filled,-356.04,"adjust" 
2012-12-03T15:00:00Z,HOC,45.35,-7,Market On Close,Filled,-317.45,"adjust" 
2012-12-03T15:00:00Z,ICFI,21.62,-81,Market On Close,Filled,-1751.22,"band" 
2012-12-03T15:00:00Z,MKSI,24.02,-64,Market On Close,Filled,-1537.28,"band" 
2012-12-03T15:00:00Z,SPPI,11.74,-133,Market On Close,Filled,-1561.42,"band" 
2012-12-03T15:00:00Z,RGR,58.58,-9,Market On Close,Filled,-527.22,"adjust" 
2012-12-03T15:00:00Z,CTR,29.99,7,Market On Close,Filled,209.93,"adjust" 
2012-12-03T15:00:00Z,CHS,18.66,89,Market On Close,Filled,1660.74,"buy" 
2012-12-03T15:00:00Z,GIII,37.56,44,Market On Close,Filled,1652.64,"buy" 
2012-12-03T15:00:00Z,INTC,19.55,13,Market On Close,Filled,254.15,"adjust" 
2012-12-03T15:00:00Z,LHCG,19.48,86,Market On Close,Filled,1675.28,"buy" 
2012-12-03T15:00:00Z,LZB,14.8,14,Market On Close,Filled,207.2,"adjust" 
2013-01-02T15:00:00Z,DISCA,65.48,-4,Market On Close,Filled,-261.92,"adjust" 
2013-01-02T15:00:00Z,INTC,21.38,-85,Market On Close,Filled,-1817.3,"band" 
2013-01-02T15:00:00Z,KIRK,10.96,-165,Market On Close,Filled,-1808.4,"band" 
2013-01-02T15:00:00Z,SMP,22.61,-14,Market On Close,Filled,-316.54,"adjust" 
2013-01-02T15:00:00Z,UACL,18.43,-105,Market On Close,Filled,-1935.15,"band" 
2013-01-02T15:00:00Z,WDC,43.44,-6,Market On Close,Filled,-260.64,"adjust" 
2013-01-02T15:00:00Z,AAPL,549.03,1,Market On Close,Filled,549.03,"adjust" 
2013-01-02T15:00:00Z,CF,207.24,1,Market On Close,Filled,207.24,"adjust" 
2013-01-02T15:00:00Z,HVT,16.68,104,Market On Close,Filled,1734.72,"buy" 
2013-01-02T15:00:00Z,MED,26.29,64,Market On Close,Filled,1682.56,"buy" 
2013-01-02T15:00:00Z,MOV,30.53,10,Market On Close,Filled,305.3,"adjust" 
2013-01-02T15:00:00Z,RGR,45.88,9,Market On Close,Filled,412.92,"adjust" 
2013-01-02T15:00:00Z,SCVL,20.43,15,Market On Close,Filled,306.45,"adjust" 
2013-01-02T15:00:00Z,USNA,32.88,14,Market On Close,Filled,460.32,"adjust" 
2013-01-02T15:00:00Z,VLGEA,34.81,51,Market On Close,Filled,1775.31,"buy" 
2013-02-01T15:00:00Z,CF,229.96,-1,Market On Close,Filled,-229.96,"adjust" 
2013-02-01T15:00:00Z,CVI,53.58,-6,Market On Close,Filled,-321.48,"adjust" 
2013-02-01T15:00:00Z,DK,34.22,-12,Market On Close,Filled,-410.64,"adjust" 
2013-02-01T15:00:00Z,KLIC,11.65,-139,Market On Close,Filled,-1619.35,"expired" 
2013-02-01T15:00:00Z,MOV,36.93,-7,Market On Close,Filled,-258.51,"adjust" 
2013-02-01T15:00:00Z,NC,65.73,-4,Market On Close,Filled,-262.92,"adjust" 
2013-02-01T15:00:00Z,AEOS,20.2,88,Market On Close,Filled,1777.6,"buy" 
2013-02-01T15:00:00Z,DDS,85.41,3,Market On Close,Filled,256.23,"adjust" 
2013-02-01T15:00:00Z,USPH,24.85,12,Market On Close,Filled,298.2,"adjust" 
2013-02-01T15:00:00Z,WMK,40.68,6,Market On Close,Filled,244.08,"adjust" 
2013-03-01T15:00:00Z,AAPL,430.51,-3,Market On Close,Filled,-1291.53,"band" 
2013-03-01T15:00:00Z,GME,24.05,-70,Market On Close,Filled,-1683.5,"band" 
2013-03-01T15:00:00Z,HOC,56.95,-4,Market On Close,Filled,-227.8,"adjust" 
2013-03-01T15:00:00Z,LZB,18.34,-14,Market On Close,Filled,-256.76,"adjust" 
2013-03-01T15:00:00Z,RGR,56.09,-4,Market On Close,Filled,-224.36,"adjust" 
2013-03-01T15:00:00Z,USNA,43.74,-11,Market On Close,Filled,-481.14,"adjust" 
2013-03-01T15:00:00Z,BKE,44.55,5,Market On Close,Filled,222.75,"adjust" 
2013-03-01T15:00:00Z,CTR,25.99,13,Market On Close,Filled,337.87,"adjust" 
2013-03-01T15:00:00Z,CF,201.5,1,Market On Close,Filled,201.5,"adjust" 
2013-03-01T15:00:00Z,CHS,16.96,17,Market On Close,Filled,288.32,"adjust" 
2013-03-01T15:00:00Z,MED,23.92,13,Market On Close,Filled,310.96,"adjust" 
2013-03-01T15:00:00Z,NC,57.87,4,Market On Close,Filled,231.48,"adjust" 
2013-03-01T15:00:00Z,SIX,67.51,27,Market On Close,Filled,1822.77,"buy" 
2013-03-01T15:00:00Z,KAI,24.87,73,Market On Close,Filled,1815.51,"buy" 
2013-04-01T14:00:00Z,DISCA,77.98,-3,Market On Close,Filled,-233.94,"adjust" 
2013-04-01T14:00:00Z,DK,39.48,-6,Market On Close,Filled,-236.88,"adjust" 
2013-04-01T14:00:00Z,EGY,7.38,-211,Market On Close,Filled,-1557.18,"band" 
2013-04-01T14:00:00Z,ENS,45.16,-6,Market On Close,Filled,-270.96,"adjust" 
2013-04-01T14:00:00Z,ENTG,9.65,-201,Market On Close,Filled,-1939.65,"band" 
2013-04-01T14:00:00Z,GCO,58.07,-27,Market On Close,Filled,-1567.89,"band" 
2013-04-01T14:00:00Z,HVT,20.47,-15,Market On Close,Filled,-307.05,"adjust" 
2013-04-01T14:00:00Z,SMP,28.25,-10,Market On Close,Filled,-282.5,"adjust" 
2013-04-01T14:00:00Z,UNH,58.97,-30,Market On Close,Filled,-1769.1,"band" 
2013-04-01T14:00:00Z,WDC,50.4,-4,Market On Close,Filled,-201.6,"adjust" 
2013-04-01T14:00:00Z,CTB,25.45,71,Market On Close,Filled,1806.95,"buy" 
2013-04-01T14:00:00Z,CVI,51.88,5,Market On Close,Filled,259.4,"adjust" 
2013-04-01T14:00:00Z,IPAR,24.8,75,Market On Close,Filled,1860,"buy" 
2013-04-01T14:00:00Z,KWR,58.96,31,Market On Close,Filled,1827.76,"buy" 
2013-04-01T14:00:00Z,MOV,32.82,6,Market On Close,Filled,196.92,"adjust" 
2013-04-01T14:00:00Z,RES,15.1,121,Market On Close,Filled,1827.1,"buy" 
2013-04-01T14:00:00Z,TER,15.85,13,Market On Close,Filled,206.05,"adjust" 
2013-04-01T14:00:00Z,FL,33.82,6,Market On Close,Filled,202.92,"adjust" 
2013-05-01T14:00:00Z,GCI,19.94,-92,Market On Close,Filled,-1834.48,"expired" 
2013-05-01T14:00:00Z,HVT,23.21,-11,Market On Close,Filled,-255.31,"adjust" 
2013-05-01T14:00:00Z,IPAR,28.44,-11,Market On Close,Filled,-312.84,"adjust" 
2013-05-01T14:00:00Z,LFUS,68.3,-29,Market On Close,Filled,-1980.7,"band" 
2013-05-01T14:00:00Z,RGR,49.62,-33,Market On Close,Filled,-1637.46,"band" 
2013-05-01T14:00:00Z,TER,16.11,-113,Market On Close,Filled,-1820.43,"band" 
2013-05-01T14:00:00Z,USNA,54.93,-7,Market On Close,Filled,-384.51,"adjust" 
2013-05-01T14:00:00Z,WCC,68.02,-24,Market On Close,Filled,-1632.48,"band" 
2013-05-01T14:00:00Z,CF,183.44,2,Market On Close,Filled,366.88,"adjust" 
2013-05-01T14:00:00Z,HOC,48.01,5,Market On Close,Filled,240.05,"adjust" 
2013-05-01T14:00:00Z,IDCC,43.45,42,Market On Close,Filled,1824.9,"buy" 
2013-05-01T14:00:00Z,IDT,13.86,126,Market On Close,Filled,1746.36,"buy" 
2013-05-01T14:00:00Z,LNDC,12.93,139,Market On Close,Filled,1797.27,"buy" 
2013-05-01T14:00:00Z,MOV,29.42,7,Market On Close,Filled,205.94,"adjust" 
2013-05-01T14:00:00Z,RES,13.27,20,Market On Close,Filled,265.4,"adjust" 
2013-05-01T14:00:00Z,UNF,88.85,20,Market On Close,Filled,1777,"buy" 
2013-05-01T14:00:00Z,UTHR,66.68,28,Market On Close,Filled,1867.04,"buy" 
2013-06-03T14:00:00Z,CHS,17.86,-106,Market On Close,Filled,-1893.16,"expired" 
2013-06-03T14:00:00Z,CVI,61.52,-4,Market On Close,Filled,-246.08,"adjust" 
2013-06-03T14:00:00Z,DDS,91.44,-21,Market On Close,Filled,-1920.24,"expired" 
2013-06-03T14:00:00Z,IDT,17.52,-12,Market On Close,Filled,-210.24,"adjust" 
2013-06-03T14:00:00Z,MED,28.95,-8,Market On Close,Filled,-231.6,"adjust" 
2013-06-03T14:00:00Z,MOV,36,-6,Market On Close,Filled,-216,"adjust" 
2013-06-03T14:00:00Z,SCVL,24.64,-83,Market On Close,Filled,-2045.12,"band" 
2013-06-03T14:00:00Z,SMP,34.14,-8,Market On Close,Filled,-273.12,"adjust" 
2013-06-03T14:00:00Z,KAI,30.34,-7,Market On Close,Filled,-212.38,"adjust" 
2013-06-03T14:00:00Z,USNA,67.3,-5,Market On Close,Filled,-336.5,"adjust" 
2013-06-03T14:00:00Z,USPH,28.9,-72,Market On Close,Filled,-2080.8,"band" 
2013-06-03T14:00:00Z,WDC,63.8,-5,Market On Close,Filled,-319,"adjust" 
2013-06-03T14:00:00Z,AEOS,19.66,12,Market On Close,Filled,235.92,"adjust" 
2013-06-03T14:00:00Z,ANF,49.71,39,Market On Close,Filled,1938.69,"buy" 
2013-06-03T14:00:00Z,BGFV,20.25,99,Market On Close,Filled,2004.75,"buy" 
2013-06-03T14:00:00Z,CTR,25.25,9,Market On Close,Filled,227.25,"adjust" 
2013-06-03T14:00:00Z,DK,35.11,9,Market On Close,Filled,315.99,"adjust" 
2013-06-03T14:00:00Z,FSLR,53.33,36,Market On Close,Filled,1919.88,"buy" 
2013-06-03T14:00:00Z,GCI,20.8,92,Market On Close,Filled,1913.6,"buy" 
2013-06-03T14:00:00Z,MXIM,29.32,8,Market On Close,Filled,234.56,"adjust" 
2013-06-03T14:00:00Z,NC,54.29,4,Market On Close,Filled,217.16,"adjust" 
2013-06-03T14:00:00Z,RES,12.67,17,Market On Close,Filled,215.39,"adjust" 
2013-07-01T14:00:00Z,BGFV,21.38,-11,Market On Close,Filled,-235.18,"adjust" 
2013-07-01T14:00:00Z,CTR,25.32,-79,Market On Close,Filled,-2000.28,"band" 
2013-07-01T14:00:00Z,CTB,33.27,-13,Market On Close,Filled,-432.51,"adjust" 
2013-07-01T14:00:00Z,GCI,25.21,-13,Market On Close,Filled,-327.73,"adjust" 
2013-07-01T14:00:00Z,RES,13.6,-17,Market On Close,Filled,-231.2,"adjust" 
2013-07-01T14:00:00Z,WMK,45.44,-44,Market On Close,Filled,-1999.36,"band" 
2013-07-01T14:00:00Z,CVI,46.39,10,Market On Close,Filled,463.9,"adjust" 
2013-07-01T14:00:00Z,DK,28.04,12,Market On Close,Filled,336.48,"adjust" 
2013-07-01T14:00:00Z,FSLR,46.29,7,Market On Close,Filled,324.03,"adjust" 
2013-07-01T14:00:00Z,HOC,40.74,8,Market On Close,Filled,325.92,"adjust" 
2013-07-01T14:00:00Z,KLIC,11.04,176,Market On Close,Filled,1943.04,"buy" 
2013-07-01T14:00:00Z,LHCG,19.68,13,Market On Close,Filled,255.84,"adjust" 
2013-07-01T14:00:00Z,MPC,70.38,27,Market On Close,Filled,1900.26,"buy" 
2013-07-01T14:00:00Z,VLGEA,33.87,7,Market On Close,Filled,237.09,"adjust" 
2013-08-01T14:00:00Z,CF,195.98,-10,Market On Close,Filled,-1959.8,"band" 
2013-08-01T14:00:00Z,CVX,126.39,-15,Market On Close,Filled,-1895.85,"band" 
2013-08-01T14:00:00Z,GIII,52.8,-4,Market On Close,Filled,-211.2,"adjust" 
2013-08-01T14:00:00Z,IDT,19.27,-14,Market On Close,Filled,-269.78,"adjust" 
2013-08-01T14:00:00Z,LHCG,23.49,-9,Market On Close,Filled,-211.41,"adjust" 
2013-08-01T14:00:00Z,MED,27.27,-69,Market On Close,Filled,-1881.63,"band" 
2013-08-01T14:00:00Z,RES,14.64,-141,Market On Close,Filled,-2064.24,"band" 
2013-08-01T14:00:00Z,USNA,85.13,-3,Market On Close,Filled,-255.39,"adjust" 
2013-08-01T14:00:00Z,BGFV,20.14,14,Market On Close,Filled,281.96,"adjust" 
2013-08-01T14:00:00Z,DISCA,81.92,3,Market On Close,Filled,245.76,"adjust" 
2013-08-01T14:00:00Z,DV,30.63,68,Market On Close,Filled,2082.84,"buy" 
2013-08-01T14:00:00Z,IDCC,41.03,10,Market On Close,Filled,410.3,"adjust" 
2013-08-01T14:00:00Z,PLUS,63.06,32,Market On Close,Filled,2017.92,"buy" 
2013-08-01T14:00:00Z,OSK,46.56,46,Market On Close,Filled,2141.76,"buy" 
2013-08-01T14:00:00Z,PETS,16.93,123,Market On Close,Filled,2082.39,"buy" 
2013-09-03T14:00:00Z,ALG,45.72,-5,Market On Close,Filled,-228.6,"adjust" 
2013-09-03T14:00:00Z,MOV,41.62,-55,Market On Close,Filled,-2289.1,"band" 
2013-09-03T14:00:00Z,AEOS,14.37,33,Market On Close,Filled,474.21,"adjust" 
2013-09-03T14:00:00Z,ANF,34.93,15,Market On Close,Filled,523.95,"adjust" 
2013-09-03T14:00:00Z,BGFV,16.55,13,Market On Close,Filled,215.15,"adjust" 
2013-09-03T14:00:00Z,DK,25.31,10,Market On Close,Filled,253.1,"adjust" 
2013-09-03T14:00:00Z,FSLR,36.87,9,Market On Close,Filled,331.83,"adjust" 
2013-09-03T14:00:00Z,IDT,16.26,15,Market On Close,Filled,243.9,"adjust" 
2013-09-03T14:00:00Z,IPAR,27.67,8,Market On Close,Filled,221.36,"adjust" 
2013-09-03T14:00:00Z,PLUS,54.35,5,Market On Close,Filled,271.75,"adjust" 
2013-09-03T14:00:00Z,USMO,13.92,136,Market On Close,Filled,1893.12,"buy" 
2013-10-01T14:00:00Z,DISCA,83.23,-3,Market On Close,Filled,-249.69,"adjust" 
2013-10-01T14:00:00Z,ENS,61.49,-7,Market On Close,Filled,-430.43,"adjust" 
2013-10-01T14:00:00Z,GIII,55,-4,Market On Close,Filled,-220,"adjust" 
2013-10-01T14:00:00Z,IDCC,37.7,-52,Market On Close,Filled,-1960.4,"band" 
2013-10-01T14:00:00Z,KWR,74.11,-4,Market On Close,Filled,-296.44,"adjust" 
2013-10-01T14:00:00Z,LZB,22.91,-10,Market On Close,Filled,-229.1,"adjust" 
2013-10-01T14:00:00Z,OSK,50.24,-6,Market On Close,Filled,-301.44,"adjust" 
2013-10-01T14:00:00Z,KAI,33.51,-7,Market On Close,Filled,-234.57,"adjust" 
2013-10-01T14:00:00Z,UTHR,82.28,-3,Market On Close,Filled,-246.84,"adjust" 
2013-10-01T14:00:00Z,VLGEA,38.16,-6,Market On Close,Filled,-228.96,"adjust" 
2013-10-01T14:00:00Z,CTB,31.13,7,Market On Close,Filled,217.91,"adjust" 
2013-10-01T14:00:00Z,CVI,38.81,11,Market On Close,Filled,426.91,"adjust" 
2013-10-01T14:00:00Z,DK,21.25,18,Market On Close,Filled,382.5,"adjust" 
2013-10-01T14:00:00Z,ICFI,35.94,56,Market On Close,Filled,2012.64,"buy" 
2013-10-01T14:00:00Z,LNDC,12.27,25,Market On Close,Filled,306.75,"adjust" 
2013-10-01T14:00:00Z,MPC,64.29,4,Market On Close,Filled,257.16,"adjust" 
2013-10-01T14:00:00Z,FL,34.01,6,Market On Close,Filled,204.06,"adjust" 
2013-11-01T14:00:00Z,DK,25.26,-95,Market On Close,Filled,-2399.7,"band" 
2013-11-01T14:00:00Z,DV,34.91,-68,Market On Close,Filled,-2373.88,"expired" 
2013-11-01T14:00:00Z,FSLR,59.07,-11,Market On Close,Filled,-649.77,"adjust" 
2013-11-01T14:00:00Z,IDT,22,-20,Market On Close,Filled,-440,"adjust" 
2013-11-01T14:00:00Z,IPAR,35.26,-13,Market On Close,Filled,-458.38,"adjust" 
2013-11-01T14:00:00Z,LNDC,11.7,-164,Market On Close,Filled,-1918.8,"band" 
2013-11-01T14:00:00Z,CTB,25.91,15,Market On Close,Filled,388.65,"adjust" 
2013-11-01T14:00:00Z,DECK,68.56,30,Market On Close,Filled,2056.8,"buy" 
2013-11-01T14:00:00Z,HHS,7.98,263,Market On Close,Filled,2098.74,"buy" 
2013-11-01T14:00:00Z,KIRK,17.75,118,Market On Close,Filled,2094.5,"buy" 
2013-11-01T14:00:00Z,LHCG,20.66,11,Market On Close,Filled,227.26,"adjust" 
2013-11-01T14:00:00Z,PETS,14.85,18,Market On Close,Filled,267.3,"adjust" 
2013-11-01T14:00:00Z,USNA,69.78,5,Market On Close,Filled,348.9,"adjust" 
2013-12-02T15:00:00Z,ALG,57.13,-4,Market On Close,Filled,-228.52,"adjust" 
2013-12-02T15:00:00Z,BKE,52.07,-40,Market On Close,Filled,-2082.8,"band" 
2013-12-02T15:00:00Z,CTB,24.39,-80,Market On Close,Filled,-1951.2,"band" 
2013-12-02T15:00:00Z,CVI,40.03,-52,Market On Close,Filled,-2081.56,"band" 
2013-12-02T15:00:00Z,DECK,83.95,-3,Market On Close,Filled,-251.85,"adjust" 
2013-12-02T15:00:00Z,FSLR,59.81,-4,Market On Close,Filled,-239.24,"adjust" 
2013-12-02T15:00:00Z,KIRK,25.5,-31,Market On Close,Filled,-790.5,"adjust" 
2013-12-02T15:00:00Z,LZB,28.99,-12,Market On Close,Filled,-347.88,"adjust" 
2013-12-02T15:00:00Z,MPC,87.42,-4,Market On Close,Filled,-349.68,"adjust" 
2013-12-02T15:00:00Z,MXIM,28.22,-67,Market On Close,Filled,-1890.74,"band" 
2013-12-02T15:00:00Z,NC,63.46,-35,Market On Close,Filled,-2221.1,"band" 
2013-12-02T15:00:00Z,KAI,40.75,-5,Market On Close,Filled,-203.75,"adjust" 
2013-12-02T15:00:00Z,VLGEA,38,-52,Market On Close,Filled,-1976,"band" 
2013-12-02T15:00:00Z,ABFS,33.63,68,Market On Close,Filled,2286.84,"buy" 
2013-12-02T15:00:00Z,ANF,34.02,11,Market On Close,Filled,374.22,"adjust" 
2013-12-02T15:00:00Z,ANK,55.5,39,Market On Close,Filled,2164.5,"buy" 
2013-12-02T15:00:00Z,FSS,15.3,143,Market On Close,Filled,2187.9,"buy" 
2013-12-02T15:00:00Z,PLUS,53.67,4,Market On Close,Filled,214.68,"adjust" 
2013-12-02T15:00:00Z,MTRX,21.82,100,Market On Close,Filled,2182,"buy" 
2013-12-02T15:00:00Z,OSK,48.87,5,Market On Close,Filled,244.35,"adjust" 
2013-12-02T15:00:00Z,PPC,16.43,136,Market On Close,Filled,2234.48,"buy" 
2013-12-02T15:00:00Z,SIX,36.78,6,Market On Close,Filled,220.68,"adjust" 
2013-12-02T15:00:00Z,SMP,34.4,6,Market On Close,Filled,206.4,"adjust" 
2013-12-02T15:00:00Z,SYNA,50.27,44,Market On Close,Filled,2211.88,"buy" 
2013-12-02T15:00:00Z,USMO,14.42,16,Market On Close,Filled,230.72,"adjust" 
2014-01-02T15:00:00Z,AEOS,14.73,-133,Market On Close,Filled,-1959.09,"band" 
2014-01-02T15:00:00Z,ANF,32.01,-65,Market On Close,Filled,-2080.65,"band" 
2014-01-02T15:00:00Z,GIII,71.42,-6,Market On Close,Filled,-428.52,"adjust" 
2014-01-02T15:00:00Z,KLIC,13.06,-176,Market On Close,Filled,-2298.56,"band" 
2014-01-02T15:00:00Z,MPC,89.48,-3,Market On Close,Filled,-268.44,"adjust" 
2014-01-02T15:00:00Z,UNF,106.12,-20,Market On Close,Filled,-2122.4,"expired" 
2014-01-02T15:00:00Z,UTHR,110.9,-5,Market On Close,Filled,-554.5,"adjust" 
2014-01-02T15:00:00Z,WDC,82.68,-4,Market On Close,Filled,-330.72,"adjust" 
2014-01-02T15:00:00Z,FSLR,57.44,4,Market On Close,Filled,229.76,"adjust" 
2014-01-02T15:00:00Z,GME,49.65,46,Market On Close,Filled,2283.9,"buy" 
2014-01-02T15:00:00Z,HHS,7.54,29,Market On Close,Filled,218.66,"adjust" 
2014-01-02T15:00:00Z,ICFI,34.45,9,Market On Close,Filled,310.05,"adjust" 
2014-01-02T15:00:00Z,IDT,17.7,32,Market On Close,Filled,566.4,"adjust" 
2014-01-02T15:00:00Z,KIRK,23.46,9,Market On Close,Filled,211.14,"adjust" 
2014-01-02T15:00:00Z,RGR,73.75,31,Market On Close,Filled,2286.25,"buy" 
2014-01-02T15:00:00Z,SAFM,72,31,Market On Close,Filled,2232,"buy" 
2014-01-02T15:00:00Z,STMP,41.78,54,Market On Close,Filled,2256.12,"buy" 
2014-02-03T15:00:00Z,ABFS,32.51,-6,Market On Close,Filled,-195.06,"adjust" 
2014-02-03T15:00:00Z,HHS,6.86,-292,Market On Close,Filled,-2003.12,"band" 
2014-02-03T15:00:00Z,LHCG,23.71,-9,Market On Close,Filled,-213.39,"adjust" 
2014-02-03T15:00:00Z,MTRX,24.86,-19,Market On Close,Filled,-472.34,"adjust" 
2014-02-03T15:00:00Z,OSK,50.54,-6,Market On Close,Filled,-303.24,"adjust" 
2014-02-03T15:00:00Z,PETS,12.74,-141,Market On Close,Filled,-1796.34,"universe" 
2014-02-03T15:00:00Z,RGR,72.21,-3,Market On Close,Filled,-216.63,"adjust" 
2014-02-03T15:00:00Z,SAFM,71.97,-3,Market On Close,Filled,-215.91,"adjust" 
2014-02-03T15:00:00Z,SYNA,55.5,-8,Market On Close,Filled,-444,"adjust" 
2014-02-03T15:00:00Z,WDC,83.5,-3,Market On Close,Filled,-250.5,"adjust" 
2014-02-03T15:00:00Z,ALG,47.68,4,Market On Close,Filled,190.72,"adjust" 
2014-02-03T15:00:00Z,DISCA,78.04,3,Market On Close,Filled,234.12,"adjust" 
2014-02-03T15:00:00Z,FSS,11.72,30,Market On Close,Filled,351.6,"adjust" 
2014-02-03T15:00:00Z,GME,33.83,14,Market On Close,Filled,473.62,"adjust" 
2014-02-03T15:00:00Z,KIRK,17.58,17,Market On Close,Filled,298.86,"adjust" 
2014-02-03T15:00:00Z,KWR,66.71,3,Market On Close,Filled,200.13,"adjust" 
2014-02-03T15:00:00Z,NUS,82.78,25,Market On Close,Filled,2069.5,"buy" 
2014-02-03T15:00:00Z,OSTK,20.72,101,Market On Close,Filled,2092.72,"buy" 
2014-02-03T15:00:00Z,USNA,57.62,5,Market On Close,Filled,288.1,"adjust" 
2014-03-03T15:00:00Z,ANK,65.14,-6,Market On Close,Filled,-390.84,"adjust" 
2014-03-03T15:00:00Z,DISCA,82.08,-26,Market On Close,Filled,-2134.08,"band" 
2014-03-03T15:00:00Z,HOC,44.88,-45,Market On Close,Filled,-2019.6,"band" 
2014-03-03T15:00:00Z,ICFI,40.23,-11,Market On Close,Filled,-442.53,"adjust" 
2014-03-03T15:00:00Z,KIRK,17.76,-113,Market On Close,Filled,-2006.88,"universe" 
2014-03-03T15:00:00Z,MTRX,33.06,-13,Market On Close,Filled,-429.78,"adjust" 
2014-03-03T15:00:00Z,SIX,40.6,-60,Market On Close,Filled,-2436,"band" 
2014-03-03T15:00:00Z,USMO,14.37,-152,Market On Close,Filled,-2184.24,"universe" 
2014-03-03T15:00:00Z,USNA,71.94,-5,Market On Close,Filled,-359.7,"adjust" 
2014-03-03T15:00:00Z,FL,41.79,-6,Market On Close,Filled,-250.74,"adjust" 
2014-03-03T15:00:00Z,BGFV,14.89,30,Market On Close,Filled,446.7,"adjust" 
2014-03-03T15:00:00Z,CORE,76.5,28,Market On Close,Filled,2142,"buy" 
2014-03-03T15:00:00Z,DAL,32.59,66,Market On Close,Filled,2150.94,"buy" 
2014-03-03T15:00:00Z,IPAR,32.8,6,Market On Close,Filled,196.8,"adjust" 
2014-03-03T15:00:00Z,LZB,25.37,10,Market On Close,Filled,253.7,"adjust" 
2014-03-03T15:00:00Z,OSTK,19.54,11,Market On Close,Filled,214.94,"adjust" 
2014-03-03T15:00:00Z,RGR,63.6,6,Market On Close,Filled,381.6,"adjust" 
2014-03-03T15:00:00Z,STMP,35.55,8,Market On Close,Filled,284.4,"adjust" 
2014-03-03T15:00:00Z,TSN,38.81,56,Market On Close,Filled,2173.36,"buy" 
2014-03-03T15:00:00Z,TTWO,20,112,Market On Close,Filled,2240,"buy" 
2014-03-03T15:00:00Z,UACL,25.44,85,Market On Close,Filled,2162.4,"buy" 
2014-04-01T14:00:00Z,BGFV,16.17,-145,Market On Close,Filled,-2344.65,"band" 
2014-04-01T14:00:00Z,FSLR,70.89,-9,Market On Close,Filled,-638.01,"adjust" 
2014-04-01T14:00:00Z,FSS,15.32,-20,Market On Close,Filled,-306.4,"adjust" 
2014-04-01T14:00:00Z,GME,42.58,-5,Market On Close,Filled,-212.9,"adjust" 
2014-04-01T14:00:00Z,MPC,89.54,-24,Market On Close,Filled,-2148.96,"band" 
2014-04-01T14:00:00Z,PPC,21.14,-27,Market On Close,Filled,-570.78,"adjust" 
2014-04-01T14:00:00Z,TSN,43.45,-5,Market On Close,Filled,-217.25,"adjust" 
2014-04-01T14:00:00Z,UACL,28.98,-85,Market On Close,Filled,-2463.3,"band" 
2014-04-01T14:00:00Z,FL,47.3,-5,Market On Close,Filled,-236.5,"adjust" 
2014-04-01T14:00:00Z,CORE,74.06,3,Market On Close,Filled,222.18,"adjust" 
2014-04-01T14:00:00Z,FF,21.05,112,Market On Close,Filled,2357.6,"buy" 
2014-04-01T14:00:00Z,LHCG,22.3,11,Market On Close,Filled,245.3,"adjust" 
2014-04-01T14:00:00Z,MYGN,35.15,66,Market On Close,Filled,2319.9,"buy" 
2014-04-01T14:00:00Z,PRFT,18.43,126,Market On Close,Filled,2322.18,"buy" 
2014-04-01T14:00:00Z,RGR,63.23,4,Market On Close,Filled,252.92,"adjust" 
2014-04-01T14:00:00Z,STMP,34.28,6,Market On Close,Filled,205.68,"adjust" 
2014-04-01T14:00:00Z,KAI,38.28,8,Market On Close,Filled,306.24,"adjust" 
2014-04-01T14:00:00Z,UTHR,97.78,4,Market On Close,Filled,391.12,"adjust" 
2014-05-01T14:00:00Z,CORE,78.78,-4,Market On Close,Filled,-315.12,"adjust" 
2014-05-01T14:00:00Z,MYGN,39.97,-13,Market On Close,Filled,-519.61,"adjust" 
2014-05-01T14:00:00Z,PPC,22.05,-109,Market On Close,Filled,-2403.45,"expired" 
2014-05-01T14:00:00Z,RGR,66.72,-4,Market On Close,Filled,-266.88,"adjust" 
2014-05-01T14:00:00Z,STMP,29.12,-68,Market On Close,Filled,-1980.16,"band" 
2014-05-01T14:00:00Z,UTHR,102.17,-2,Market On Close,Filled,-204.34,"adjust" 
2014-05-01T14:00:00Z,ANK,57.15,5,Market On Close,Filled,285.75,"adjust" 
2014-05-01T14:00:00Z,HVT,25.66,10,Market On Close,Filled,256.6,"adjust" 
2014-05-01T14:00:00Z,IDT,15.83,15,Market On Close,Filled,237.45,"adjust" 
2014-05-01T14:00:00Z,KFY,28.8,77,Market On Close,Filled,2217.6,"buy" 
2014-05-01T14:00:00Z,PLUS,50.75,4,Market On Close,Filled,203,"adjust" 
2014-05-01T14:00:00Z,OSTK,15.33,28,Market On Close,Filled,429.24,"adjust" 
2014-05-01T14:00:00Z,USNA,69.63,3,Market On Close,Filled,208.89,"adjust" 
2014-05-01T14:00:00Z,VMW,92.05,24,Market On Close,Filled,2209.2,"buy" 
2014-06-02T14:00:00Z,ABFS,42.63,-10,Market On Close,Filled,-426.3,"adjust" 
2014-06-02T14:00:00Z,DAL,40.77,-11,Market On Close,Filled,-448.47,"adjust" 
2014-06-02T14:00:00Z,IDT,16.64,-142,Market On Close,Filled,-2362.88,"band" 
2014-06-02T14:00:00Z,IPAR,29.27,-65,Market On Close,Filled,-1902.55,"band" 
2014-06-02T14:00:00Z,LHCG,20.38,-103,Market On Close,Filled,-2099.14,"band" 
2014-06-02T14:00:00Z,PLUS,56.56,-45,Market On Close,Filled,-2545.2,"band" 
2014-06-02T14:00:00Z,SAFM,95.65,-4,Market On Close,Filled,-382.6,"adjust" 
2014-06-02T14:00:00Z,SMP,40.99,-11,Market On Close,Filled,-450.89,"adjust" 
2014-06-02T14:00:00Z,SYNA,66.45,-4,Market On Close,Filled,-265.8,"adjust" 
2014-06-02T14:00:00Z,DXPE,70.44,32,Market On Close,Filled,2254.08,"buy" 
2014-06-02T14:00:00Z,FF,16.63,18,Market On Close,Filled,299.34,"adjust" 
2014-06-02T14:00:00Z,FSLR,62.7,4,Market On Close,Filled,250.8,"adjust" 
2014-06-02T14:00:00Z,HURN,67.97,32,Market On Close,Filled,2175.04,"buy" 
2014-06-02T14:00:00Z,ICFI,37.15,6,Market On Close,Filled,222.9,"adjust" 
2014-06-02T14:00:00Z,MOD,14.94,146,Market On Close,Filled,2181.24,"buy" 
2014-06-02T14:00:00Z,MYGN,33.62,14,Market On Close,Filled,470.68,"adjust" 
2014-06-02T14:00:00Z,NUS,73.62,5,Market On Close,Filled,368.1,"adjust" 
2014-06-02T14:00:00Z,PPC,25.92,87,Market On Close,Filled,2255.04,"buy" 
2014-07-01T14:00:00Z,DXPE,77.08,-32,Market On Close,Filled,-2466.56,"band" 
2014-07-01T14:00:00Z,FSLR,70.69,-4,Market On Close,Filled,-282.76,"adjust" 
2014-07-01T14:00:00Z,MYGN,39.15,-8,Market On Close,Filled,-313.2,"adjust" 
2014-07-01T14:00:00Z,SYNA,91.88,-7,Market On Close,Filled,-643.16,"adjust" 
2014-07-01T14:00:00Z,USNA,79.76,-4,Market On Close,Filled,-319.04,"adjust" 
2014-07-01T14:00:00Z,LZB,23.5,14,Market On Close,Filled,329,"adjust" 
2014-07-01T14:00:00Z,PSX,80.6,28,Market On Close,Filled,2256.8,"buy" 
2014-07-01T14:00:00Z,RGR,59.46,5,Market On Close,Filled,297.3,"adjust" 
2014-07-01T14:00:00Z,TSN,37.87,11,Market On Close,Filled,416.57,"adjust" 
2014-07-01T14:00:00Z,UTHR,91.48,4,Market On Close,Filled,365.92,"adjust" 
2014-08-01T14:00:00Z,CORE,46.94,-8,Market On Close,Filled,-375.52,"adjust" 
2014-08-01T14:00:00Z,DECK,88.74,-3,Market On Close,Filled,-266.22,"adjust" 
2014-08-01T14:00:00Z,GCI,32.9,-13,Market On Close,Filled,-427.7,"adjust" 
2014-08-01T14:00:00Z,MOD,13.25,-146,Market On Close,Filled,-1934.5,"expired" 
2014-08-01T14:00:00Z,NUS,59.03,-30,Market On Close,Filled,-1770.9,"band" 
2014-08-01T14:00:00Z,PPC,28.82,-9,Market On Close,Filled,-259.38,"adjust" 
2014-08-01T14:00:00Z,TTWO,22.39,-15,Market On Close,Filled,-335.85,"adjust" 
2014-08-01T14:00:00Z,WDC,100.3,-3,Market On Close,Filled,-300.9,"adjust" 
2014-08-01T14:00:00Z,ABFS,33.8,16,Market On Close,Filled,540.8,"adjust" 
2014-08-01T14:00:00Z,CALM,69.97,30,Market On Close,Filled,2099.1,"buy" 
2014-08-01T14:00:00Z,HVT,22.78,10,Market On Close,Filled,227.8,"adjust" 
2014-08-01T14:00:00Z,HURN,60.45,4,Market On Close,Filled,241.8,"adjust" 
2014-08-01T14:00:00Z,MTRX,26.71,13,Market On Close,Filled,347.23,"adjust" 
2014-08-01T14:00:00Z,MU,31.09,71,Market On Close,Filled,2207.39,"buy" 
2014-08-01T14:00:00Z,OSK,46.31,8,Market On Close,Filled,370.48,"adjust" 
2014-08-01T14:00:00Z,SMP,36.51,7,Market On Close,Filled,255.57,"adjust" 
2014-08-01T14:00:00Z,SYNA,78.11,5,Market On Close,Filled,390.55,"adjust" 
2014-08-01T14:00:00Z,USNA,65.77,5,Market On Close,Filled,328.85,"adjust" 
2014-09-02T14:00:00Z,ALG,49.03,-42,Market On Close,Filled,-2059.26,"band" 
2014-09-02T14:00:00Z,FF,14,-130,Market On Close,Filled,-1820,"band" 
2014-09-02T14:00:00Z,GIII,84.18,-3,Market On Close,Filled,-252.54,"adjust" 
2014-09-02T14:00:00Z,OSK,49.6,-47,Market On Close,Filled,-2331.2,"band" 
2014-09-02T14:00:00Z,PRFT,17.59,-126,Market On Close,Filled,-2216.34,"band" 
2014-09-02T14:00:00Z,USNA,71.05,-3,Market On Close,Filled,-213.15,"adjust" 
2014-09-02T14:00:00Z,UTHR,115.22,-7,Market On Close,Filled,-806.54,"adjust" 
2014-09-02T14:00:00Z,FL,57.25,-7,Market On Close,Filled,-400.75,"adjust" 
2014-09-02T14:00:00Z,DDS,113.29,20,Market On Close,Filled,2265.8,"buy" 
2014-09-02T14:00:00Z,GPRE,44.68,51,Market On Close,Filled,2278.68,"buy" 
2014-09-02T14:00:00Z,ICFI,33.87,8,Market On Close,Filled,270.96,"adjust" 
2014-09-02T14:00:00Z,LSCC,7.48,306,Market On Close,Filled,2288.88,"buy" 
2014-09-02T14:00:00Z,RGR,51.09,6,Market On Close,Filled,306.54,"adjust" 
2014-09-02T14:00:00Z,RSC,106.48,21,Market On Close,Filled,2236.08,"buy" 
2014-10-01T14:00:00Z,ABFS,35.41,-9,Market On Close,Filled,-318.69,"adjust" 
2014-10-01T14:00:00Z,CALM,87.8,-6,Market On Close,Filled,-526.8,"adjust" 
2014-10-01T14:00:00Z,CORE,51.69,-5,Market On Close,Filled,-258.45,"adjust" 
2014-10-01T14:00:00Z,LZB,19.45,-100,Market On Close,Filled,-1945,"band" 
2014-10-01T14:00:00Z,MU,33.5,-7,Market On Close,Filled,-234.5,"adjust" 
2014-10-01T14:00:00Z,RGR,47.4,-45,Market On Close,Filled,-2133,"band" 
2014-10-01T14:00:00Z,KAI,37.53,-6,Market On Close,Filled,-225.18,"adjust" 
2014-10-01T14:00:00Z,TSN,39.99,-6,Market On Close,Filled,-239.94,"adjust" 
2014-10-01T14:00:00Z,UTHR,130.44,-2,Market On Close,Filled,-260.88,"adjust" 
2014-10-01T14:00:00Z,DAL,34.9,6,Market On Close,Filled,209.4,"adjust" 
2014-10-01T14:00:00Z,DV,43.54,51,Market On Close,Filled,2220.54,"buy" 
2014-10-01T14:00:00Z,EGY,8.6,259,Market On Close,Filled,2227.4,"buy" 
2014-10-01T14:00:00Z,ENS,56.08,4,Market On Close,Filled,224.32,"adjust" 
2014-10-01T14:00:00Z,GCI,29.21,8,Market On Close,Filled,233.68,"adjust" 
2014-10-01T14:00:00Z,GPRE,35.3,8,Market On Close,Filled,282.4,"adjust" 
2014-10-01T14:00:00Z,KFY,24.21,11,Market On Close,Filled,266.31,"adjust" 
2014-10-01T14:00:00Z,MTRX,23.88,10,Market On Close,Filled,238.8,"adjust" 
2014-10-01T14:00:00Z,RSC,69.94,9,Market On Close,Filled,629.46,"adjust" 
2014-11-03T15:00:00Z,ANK,68.54,-4,Market On Close,Filled,-274.16,"adjust" 
2014-11-03T15:00:00Z,ENS,62.46,-37,Market On Close,Filled,-2311.02,"band" 
2014-11-03T15:00:00Z,HURN,69.04,-3,Market On Close,Filled,-207.12,"adjust" 
2014-11-03T15:00:00Z,ICFI,36.26,-68,Market On Close,Filled,-2465.68,"band" 
2014-11-03T15:00:00Z,KWR,83.27,-30,Market On Close,Filled,-2498.1,"band" 
2014-11-03T15:00:00Z,OSTK,23.59,-140,Market On Close,Filled,-3302.6,"band" 
2014-11-03T15:00:00Z,SYNA,65.72,-30,Market On Close,Filled,-1971.6,"expired" 
2014-11-03T15:00:00Z,TTWO,25.83,-10,Market On Close,Filled,-258.3,"adjust" 
2014-11-03T15:00:00Z,USNA,115.22,-11,Market On Close,Filled,-1267.42,"adjust" 
2014-11-03T15:00:00Z,EGY,7.05,52,Market On Close,Filled,366.6,"adjust" 
2014-11-03T15:00:00Z,EW,119.93,19,Market On Close,Filled,2278.67,"buy" 
2014-11-03T15:00:00Z,FSLR,58.31,7,Market On Close,Filled,408.17,"adjust" 
2014-11-03T15:00:00Z,GPRE,34.58,8,Market On Close,Filled,276.64,"adjust" 
2014-11-03T15:00:00Z,INTC,34.31,67,Market On Close,Filled,2298.77,"buy" 
2014-11-03T15:00:00Z,LSCC,6.59,38,Market On Close,Filled,250.42,"adjust" 
2014-11-03T15:00:00Z,MED,31.98,72,Market On Close,Filled,2302.56,"buy" 
2014-11-03T15:00:00Z,MEI,40.18,58,Market On Close,Filled,2330.44,"buy" 
2014-11-03T15:00:00Z,SAFM,84.77,3,Market On Close,Filled,254.31,"adjust" 
2014-11-03T15:00:00Z,SKX,55.51,42,Market On Close,Filled,2331.42,"buy" 
2014-11-03T15:00:00Z,VMW,84.27,3,Market On Close,Filled,252.81,"adjust" 
2014-12-01T15:00:00Z,ABFS,42.15,-6,Market On Close,Filled,-252.9,"adjust" 
2014-12-01T15:00:00Z,DAL,45.62,-12,Market On Close,Filled,-547.44,"adjust" 
2014-12-01T15:00:00Z,EGY,5.94,-311,Market On Close,Filled,-1847.34,"universe" 
2014-12-01T15:00:00Z,EW,129.39,-2,Market On Close,Filled,-258.78,"adjust" 
2014-12-01T15:00:00Z,FSLR,45.76,-39,Market On Close,Filled,-1784.64,"band" 
2014-12-01T15:00:00Z,INTC,37.17,-6,Market On Close,Filled,-223.02,"adjust" 
2014-12-01T15:00:00Z,PPC,32.22,-7,Market On Close,Filled,-225.54,"adjust" 
2014-12-01T15:00:00Z,SKX,58.88,-5,Market On Close,Filled,-294.4,"adjust" 
2014-12-01T15:00:00Z,ARLP,43.33,50,Market On Close,Filled,2166.5,"buy" 
2014-12-01T15:00:00Z,CALM,41.91,7,Market On Close,Filled,293.37,"adjust" 
2014-12-01T15:00:00Z,GME,35.83,6,Market On Close,Filled,214.98,"adjust" 
2014-12-01T15:00:00Z,GPRE,27.88,9,Market On Close,Filled,250.92,"adjust" 
2014-12-01T15:00:00Z,HVT,20.92,11,Market On Close,Filled,230.12,"adjust" 
2014-12-01T15:00:00Z,MTRX,20.07,18,Market On Close,Filled,361.26,"adjust" 
2014-12-01T15:00:00Z,MYGN,33.01,9,Market On Close,Filled,297.09,"adjust" 
2014-12-01T15:00:00Z,PSX,71.83,3,Market On Close,Filled,215.49,"adjust" 
2014-12-01T15:00:00Z,RSC,62.78,6,Market On Close,Filled,376.68,"adjust" 
2014-12-01T15:00:00Z,TSRA,34.41,67,Market On Close,Filled,2305.47,"buy" 
2015-01-02T15:00:00Z,CORE,60.97,-4,Market On Close,Filled,-243.88,"adjust" 
2015-01-02T15:00:00Z,DDS,121.79,-2,Market On Close,Filled,-243.58,"adjust" 
2015-01-02T15:00:00Z,GIII,100,-5,Market On Close,Filled,-500,"adjust" 
2015-01-02T15:00:00Z,KFY,28.26,-8,Market On Close,Filled,-226.08,"adjust" 
2015-01-02T15:00:00Z,MTRX,22.24,-109,Market On Close,Filled,-2424.16,"band" 
2015-01-02T15:00:00Z,MU,34.75,-64,Market On Close,Filled,-2224,"expired" 
2015-01-02T15:00:00Z,CTR,41.97,54,Market On Close,Filled,2266.38,"buy" 
2015-01-02T15:00:00Z,GME,33.8,7,Market On Close,Filled,236.6,"adjust" 
2015-01-02T15:00:00Z,GPRE,25.71,17,Market On Close,Filled,437.07,"adjust" 
2015-01-02T15:00:00Z,SKX,55.74,4,Market On Close,Filled,222.96,"adjust" 
2015-01-02T15:00:00Z,USNA,102.28,2,Market On Close,Filled,204.56,"adjust" 
2015-01-02T15:00:00Z,GHC,860.94,2,Market On Close,Filled,1721.88,"buy" 
2015-02-02T15:00:00Z,ANK,67.42,-34,Market On Close,Filled,-2292.28,"band" 
2015-02-02T15:00:00Z,CORE,67.5,-4,Market On Close,Filled,-270,"adjust" 
2015-02-02T15:00:00Z,HVT,24.79,-17,Market On Close,Filled,-421.43,"adjust" 
2015-02-02T15:00:00Z,HURN,75.13,-33,Market On Close,Filled,-2479.29,"band" 
2015-02-02T15:00:00Z,LSCC,7.07,-29,Market On Close,Filled,-205.03,"adjust" 
2015-02-02T15:00:00Z,MYGN,37.4,-8,Market On Close,Filled,-299.2,"adjust" 
2015-02-02T15:00:00Z,SKX,60.73,-4,Market On Close,Filled,-242.92,"adjust" 
2015-02-02T15:00:00Z,TSN,39.57,-56,Market On Close,Filled,-2215.92,"band" 
2015-02-02T15:00:00Z,TSRA,37.35,-7,Market On Close,Filled,-261.45,"adjust" 
2015-02-02T15:00:00Z,TTWO,29.99,-12,Market On Close,Filled,-359.88,"adjust" 
2015-02-02T15:00:00Z,UTHR,141.96,-2,Market On Close,Filled,-283.92,"adjust" 
2015-02-02T15:00:00Z,ABFS,38.74,7,Market On Close,Filled,271.18,"adjust" 
2015-02-02T15:00:00Z,ARLP,37.35,6,Market On Close,Filled,224.1,"adjust" 
2015-02-02T15:00:00Z,CALM,35.09,9,Market On Close,Filled,315.81,"adjust" 
2015-02-02T15:00:00Z,DECK,68.96,10,Market On Close,Filled,689.6,"adjust" 
2015-02-02T15:00:00Z,INTC,33.65,7,Market On Close,Filled,235.55,"adjust" 
2015-02-02T15:00:00Z,MU,28.44,76,Market On Close,Filled,2161.44,"buy" 
2015-02-02T15:00:00Z,PPC,26.8,11,Market On Close,Filled,294.8,"adjust" 
2015-02-02T15:00:00Z,RSC,59.57,4,Market On Close,Filled,238.28,"adjust" 
2015-02-02T15:00:00Z,ZUMZ,38.33,60,Market On Close,Filled,2299.8,"buy" 
2015-03-02T15:00:00Z,DECK,74.52,-3,Market On Close,Filled,-223.56,"adjust" 
2015-03-02T15:00:00Z,GCI,35.84,-8,Market On Close,Filled,-286.72,"adjust" 
2015-03-02T15:00:00Z,MED,32.35,-72,Market On Close,Filled,-2329.2,"universe" 
2015-03-02T15:00:00Z,SKX,68.27,-3,Market On Close,Filled,-204.81,"adjust" 
2015-03-02T15:00:00Z,SMP,42.33,-5,Market On Close,Filled,-211.65,"adjust" 
2015-03-02T15:00:00Z,TTWO,26.06,-75,Market On Close,Filled,-1954.5,"band" 
2015-03-02T15:00:00Z,VMW,86.59,-27,Market On Close,Filled,-2337.93,"band" 
2015-03-02T15:00:00Z,CRMT,53.9,44,Market On Close,Filled,2371.6,"buy" 
2015-03-02T15:00:00Z,DV,36.94,13,Market On Close,Filled,480.22,"adjust" 
2015-03-02T15:00:00Z,HVT,23.89,9,Market On Close,Filled,215.01,"adjust" 
2015-03-02T15:00:00Z,IDT,21.85,111,Market On Close,Filled,2425.35,"buy" 
2015-03-02T15:00:00Z,KLIC,16.33,146,Market On Close,Filled,2384.18,"buy" 
2015-03-02T15:00:00Z,LSCC,6.76,34,Market On Close,Filled,229.84,"adjust" 
2015-03-02T15:00:00Z,MYGN,33.49,8,Market On Close,Filled,267.92,"adjust" 
2015-04-01T14:00:00Z,DAL,43.26,-49,Market On Close,Filled,-2119.74,"band" 
2015-04-01T14:00:00Z,GME,37.78,-6,Market On Close,Filled,-226.68,"adjust" 
2015-04-01T14:00:00Z,GPRE,29.69,-93,Market On Close,Filled,-2761.17,"band" 
2015-04-01T14:00:00Z,HVT,24.05,-101,Market On Close,Filled,-2429.05,"band" 
2015-04-01T14:00:00Z,KFY,33.01,-9,Market On Close,Filled,-297.09,"adjust" 
2015-04-01T14:00:00Z,MEI,46.99,-8,Market On Close,Filled,-375.92,"adjust" 
2015-04-01T14:00:00Z,KAI,53.73,-12,Market On Close,Filled,-644.76,"adjust" 
2015-04-01T14:00:00Z,UTHR,174.41,-2,Market On Close,Filled,-348.82,"adjust" 
2015-04-01T14:00:00Z,FL,62.52,-4,Market On Close,Filled,-250.08,"adjust" 
2015-04-01T14:00:00Z,ARLP,32.99,14,Market On Close,Filled,461.86,"adjust" 
2015-04-01T14:00:00Z,BBY,37.21,62,Market On Close,Filled,2307.02,"buy" 
2015-04-01T14:00:00Z,DV,34,6,Market On Close,Filled,204,"adjust" 
2015-04-01T14:00:00Z,IDT,18.98,22,Market On Close,Filled,417.56,"adjust" 
2015-04-01T14:00:00Z,INTC,30.81,7,Market On Close,Filled,215.67,"adjust" 
2015-04-01T14:00:00Z,MU,27.13,11,Market On Close,Filled,298.43,"adjust" 
2015-04-01T14:00:00Z,PPC,23.76,22,Market On Close,Filled,522.72,"adjust" 
2015-04-01T14:00:00Z,UEPS,13.5,172,Market On Close,Filled,2322,"buy" 
2015-04-01T14:00:00Z,VDSI,21.73,109,Market On Close,Filled,2368.57,"buy" 
2015-04-01T14:00:00Z,WDC,92.35,5,Market On Close,Filled,461.75,"adjust" 
2015-05-01T14:00:00Z,ARLP,34.2,-70,Market On Close,Filled,-2394,"band" 
2015-05-01T14:00:00Z,CALM,45.5,-13,Market On Close,Filled,-591.5,"adjust" 
2015-05-01T14:00:00Z,GIII,113.21,-2,Market On Close,Filled,-226.42,"adjust" 
2015-05-01T14:00:00Z,LSCC,6.12,-349,Market On Close,Filled,-2135.88,"band" 
2015-05-01T14:00:00Z,MYGN,34.18,-68,Market On Close,Filled,-2324.24,"band" 
2015-05-01T14:00:00Z,PPC,25.44,-104,Market On Close,Filled,-2645.76,"expired" 
2015-05-01T14:00:00Z,PSX,81.61,-31,Market On Close,Filled,-2529.91,"expired" 
2015-05-01T14:00:00Z,RSC,63.2,-4,Market On Close,Filled,-252.8,"adjust" 
2015-05-01T14:00:00Z,SKX,91.67,-9,Market On Close,Filled,-825.03,"adjust" 
2015-05-01T14:00:00Z,SMP,36.25,-55,Market On Close,Filled,-1993.75,"expired" 
2015-05-01T14:00:00Z,USNA,120.23,-2,Market On Close,Filled,-240.46,"adjust" 
2015-05-01T14:00:00Z,VDSI,25.43,-18,Market On Close,Filled,-457.74,"adjust" 
2015-05-01T14:00:00Z,WDC,99.33,-3,Market On Close,Filled,-297.99,"adjust" 
2015-05-01T14:00:00Z,AMWD,52.24,45,Market On Close,Filled,2350.8,"buy" 
2015-05-01T14:00:00Z,CORE,53.5,11,Market On Close,Filled,588.5,"adjust" 
2015-05-01T14:00:00Z,KSS,73.09,32,Market On Close,Filled,2338.88,"buy" 
2015-05-01T14:00:00Z,PLUS,85.54,27,Market On Close,Filled,2309.58,"buy" 
2015-05-01T14:00:00Z,PLCE,62.14,38,Market On Close,Filled,2361.32,"buy" 
2015-05-01T14:00:00Z,SAFM,75.26,3,Market On Close,Filled,225.78,"adjust" 
2015-05-01T14:00:00Z,SCVL,26.16,88,Market On Close,Filled,2302.08,"buy" 
2015-05-01T14:00:00Z,SMCI,29.28,80,Market On Close,Filled,2342.4,"buy" 
2015-05-01T14:00:00Z,STMP,62.01,37,Market On Close,Filled,2294.37,"buy" 
2015-05-01T14:00:00Z,ZUMZ,31.89,13,Market On Close,Filled,414.57,"adjust" 
2015-06-01T14:00:00Z,CALM,57.29,-9,Market On Close,Filled,-515.61,"adjust" 
2015-06-01T14:00:00Z,DV,32.32,-70,Market On Close,Filled,-2262.4,"band" 
2015-06-01T14:00:00Z,GME,43.47,-7,Market On Close,Filled,-304.29,"adjust" 
2015-06-01T14:00:00Z,INTC,33.91,-6,Market On Close,Filled,-203.46,"adjust" 
2015-06-01T14:00:00Z,SKX,106.02,-3,Market On Close,Filled,-318.06,"adjust" 
2015-06-01T14:00:00Z,SMCI,35.21,-9,Market On Close,Filled,-316.89,"adjust" 
2015-06-01T14:00:00Z,USNA,129.52,-2,Market On Close,Filled,-259.04,"adjust" 
2015-06-01T14:00:00Z,ABFS,34.95,9,Market On Close,Filled,314.55,"adjust" 
2015-06-01T14:00:00Z,BBY,34.37,6,Market On Close,Filled,206.22,"adjust" 
2015-06-01T14:00:00Z,CTR,37.1,10,Market On Close,Filled,371,"adjust" 
2015-06-01T14:00:00Z,DDS,115.92,2,Market On Close,Filled,231.84,"adjust" 
2015-06-01T14:00:00Z,DECK,68.35,4,Market On Close,Filled,273.4,"adjust" 
2015-06-01T14:00:00Z,KLIC,13.13,34,Market On Close,Filled,446.42,"adjust" 
2015-06-01T14:00:00Z,KSS,64.67,4,Market On Close,Filled,258.68,"adjust" 
2015-06-01T14:00:00Z,PLUS,80,3,Market On Close,Filled,240,"adjust" 
2015-06-01T14:00:00Z,KAI,46.61,6,Market On Close,Filled,279.66,"adjust" 
2015-06-01T14:00:00Z,ZUMZ,29.45,7,Market On Close,Filled,206.15,"adjust" 
2015-07-01T14:00:00Z,CRMT,50.02,-44,Market On Close,Filled,-2200.88,"universe" 
2015-07-01T14:00:00Z,CORE,59.86,-5,Market On Close,Filled,-299.3,"adjust" 
2015-07-01T14:00:00Z,DECK,73.97,-3,Market On Close,Filled,-221.91,"adjust" 
2015-07-01T14:00:00Z,GIII,71.25,-7,Market On Close,Filled,-498.75,"adjust" 
2015-07-01T14:00:00Z,SCVL,29.14,-7,Market On Close,Filled,-203.98,"adjust" 
2015-07-01T14:00:00Z,STMP,72.82,-6,Market On Close,Filled,-436.92,"adjust" 
2015-07-01T14:00:00Z,UEPS,18.68,-44,Market On Close,Filled,-821.92,"adjust" 
2015-07-01T14:00:00Z,VDSI,29.9,-14,Market On Close,Filled,-418.6,"adjust" 
2015-07-01T14:00:00Z,DDS,106.39,2,Market On Close,Filled,212.78,"adjust" 
2015-07-01T14:00:00Z,GCI,32.97,7,Market On Close,Filled,230.79,"adjust" 
2015-07-01T14:00:00Z,INTC,30.18,8,Market On Close,Filled,241.44,"adjust" 
2015-07-01T14:00:00Z,KLIC,11.75,21,Market On Close,Filled,246.75,"adjust" 
2015-07-01T14:00:00Z,LHCG,37.53,61,Market On Close,Filled,2289.33,"buy" 
2015-07-01T14:00:00Z,MEI,27.34,35,Market On Close,Filled,956.9,"adjust" 
2015-07-01T14:00:00Z,MPC,53.77,45,Market On Close,Filled,2419.65,"buy" 
2015-07-01T14:00:00Z,MU,18.78,37,Market On Close,Filled,694.86,"adjust" 
2015-07-01T14:00:00Z,SMCI,30.25,8,Market On Close,Filled,242,"adjust" 
2015-07-01T14:00:00Z,WDC,79.44,7,Market On Close,Filled,556.08,"adjust" 
2015-07-01T14:00:00Z,ZUMZ,26.93,8,Market On Close,Filled,215.44,"adjust" 
2015-08-03T14:00:00Z,AMWD,64.66,-10,Market On Close,Filled,-646.6,"adjust" 
2015-08-03T14:00:00Z,EW,151.09,-2,Market On Close,Filled,-302.18,"adjust" 
2015-08-03T14:00:00Z,GME,44.95,-5,Market On Close,Filled,-224.75,"adjust" 
2015-08-03T14:00:00Z,MU,19,-124,Market On Close,Filled,-2356,"band" 
2015-08-03T14:00:00Z,SKX,148.65,-7,Market On Close,Filled,-1040.55,"adjust" 
2015-08-03T14:00:00Z,WDC,85.85,-30,Market On Close,Filled,-2575.5,"band" 
2015-08-03T14:00:00Z,FL,70.18,-4,Market On Close,Filled,-280.72,"adjust" 
2015-08-03T14:00:00Z,AEIS,25.71,89,Market On Close,Filled,2288.19,"buy" 
2015-08-03T14:00:00Z,GCI,29.02,7,Market On Close,Filled,203.14,"adjust" 
2015-08-03T14:00:00Z,KLIC,10.09,23,Market On Close,Filled,232.07,"adjust" 
2015-08-03T14:00:00Z,RSC,50.43,9,Market On Close,Filled,453.87,"adjust" 
2015-08-03T14:00:00Z,SCHL,43.1,54,Market On Close,Filled,2327.4,"buy" 
2015-08-03T14:00:00Z,SMCI,26.61,8,Market On Close,Filled,212.88,"adjust" 
2015-08-03T14:00:00Z,STMP,70.51,3,Market On Close,Filled,211.53,"adjust" 
2015-08-03T14:00:00Z,TSRA,34.64,7,Market On Close,Filled,242.48,"adjust" 
2015-08-03T14:00:00Z,VDSI,18.51,37,Market On Close,Filled,684.87,"adjust" 
2015-09-01T14:00:00Z,BBY,35.45,-7,Market On Close,Filled,-248.15,"adjust" 
2015-09-01T14:00:00Z,IDT,15.05,-133,Market On Close,Filled,-2001.65,"universe" 
2015-09-01T14:00:00Z,KLIC,10.59,-224,Market On Close,Filled,-2372.16,"band" 
2015-09-01T14:00:00Z,LHCG,44.25,-9,Market On Close,Filled,-398.25,"adjust" 
2015-09-01T14:00:00Z,RSC,50.24,-45,Market On Close,Filled,-2260.8,"universe" 
2015-09-01T14:00:00Z,STMP,79.54,-7,Market On Close,Filled,-556.78,"adjust" 
2015-09-01T14:00:00Z,UEPS,19.8,-18,Market On Close,Filled,-356.4,"adjust" 
2015-09-01T14:00:00Z,USNA,141.49,-3,Market On Close,Filled,-424.47,"adjust" 
2015-09-01T14:00:00Z,ABFS,27.61,9,Market On Close,Filled,248.49,"adjust" 
2015-09-01T14:00:00Z,GCI,23.22,15,Market On Close,Filled,348.3,"adjust" 
2015-09-01T14:00:00Z,KSS,50.52,8,Market On Close,Filled,404.16,"adjust" 
2015-09-01T14:00:00Z,NPK,79.41,27,Market On Close,Filled,2144.07,"buy" 
2015-09-01T14:00:00Z,SPTN,27.58,80,Market On Close,Filled,2206.4,"buy" 
2015-09-01T14:00:00Z,SUPN,18.83,124,Market On Close,Filled,2334.92,"buy" 
2015-09-01T14:00:00Z,UTHR,144.61,2,Market On Close,Filled,289.22,"adjust" 
2015-09-01T14:00:00Z,VDSI,15.69,21,Market On Close,Filled,329.49,"adjust" 
2015-09-01T14:00:00Z,ZUMZ,23.26,9,Market On Close,Filled,209.34,"adjust" 
2015-10-01T14:00:00Z,AEIS,26.14,-89,Market On Close,Filled,-2326.46,"band" 
2015-10-01T14:00:00Z,CALM,56.47,-42,Market On Close,Filled,-2371.74,"expired" 
2015-10-01T14:00:00Z,CORE,64.44,-6,Market On Close,Filled,-386.64,"adjust" 
2015-10-01T14:00:00Z,INTC,30,-77,Market On Close,Filled,-2310,"band" 
2015-10-01T14:00:00Z,MEI,31.99,-18,Market On Close,Filled,-575.82,"adjust" 
2015-10-01T14:00:00Z,PLUS,80.55,-3,Market On Close,Filled,-241.65,"adjust" 
2015-10-01T14:00:00Z,SMCI,26.61,-87,Market On Close,Filled,-2315.07,"band" 
2015-10-01T14:00:00Z,FL,71.15,-3,Market On Close,Filled,-213.45,"adjust" 
2015-10-01T14:00:00Z,DECK,58.08,5,Market On Close,Filled,290.4,"adjust" 
2015-10-01T14:00:00Z,LZB,26.98,81,Market On Close,Filled,2185.38,"buy" 
2015-10-01T14:00:00Z,OTL,47.99,46,Market On Close,Filled,2207.54,"buy" 
2015-10-01T14:00:00Z,SCVL,23.72,10,Market On Close,Filled,237.2,"adjust" 
2015-10-01T14:00:00Z,SUPN,14.15,30,Market On Close,Filled,424.5,"adjust" 
2015-10-01T14:00:00Z,SYKE,25.38,84,Market On Close,Filled,2131.92,"buy" 
2015-10-01T14:00:00Z,UEPS,16.54,19,Market On Close,Filled,314.26,"adjust" 
2015-10-01T14:00:00Z,VLO,62.24,36,Market On Close,Filled,2240.64,"buy" 
2015-10-01T14:00:00Z,ZUMZ,15.23,41,Market On Close,Filled,624.43,"adjust" 
2015-11-02T15:00:00Z,AMWD,73.07,-4,Market On Close,Filled,-292.28,"adjust" 
2015-11-02T15:00:00Z,CORE,80.58,-6,Market On Close,Filled,-483.48,"adjust" 
2015-11-02T15:00:00Z,GCI,27.66,-12,Market On Close,Filled,-331.92,"adjust" 
2015-11-02T15:00:00Z,KFY,36.53,-9,Market On Close,Filled,-328.77,"adjust" 
2015-11-02T15:00:00Z,OTL,55.22,-5,Market On Close,Filled,-276.1,"adjust" 
2015-11-02T15:00:00Z,SUPN,17.22,-17,Market On Close,Filled,-292.74,"adjust" 
2015-11-02T15:00:00Z,VDSI,19.32,-135,Market On Close,Filled,-2608.2,"band" 
2015-11-02T15:00:00Z,ABFS,26.27,9,Market On Close,Filled,236.43,"adjust" 
2015-11-02T15:00:00Z,CALM,54.73,42,Market On Close,Filled,2298.66,"buy" 
2015-11-02T15:00:00Z,DDS,88.54,3,Market On Close,Filled,265.62,"adjust" 
2015-11-02T15:00:00Z,GIII,53.11,8,Market On Close,Filled,424.88,"adjust" 
2015-11-02T15:00:00Z,KSS,46.71,5,Market On Close,Filled,233.55,"adjust" 
2015-11-02T15:00:00Z,PLCE,52.9,4,Market On Close,Filled,211.6,"adjust" 
2015-11-02T15:00:00Z,SCVL,22.63,9,Market On Close,Filled,203.67,"adjust" 
2015-11-02T15:00:00Z,SKX,31.45,27,Market On Close,Filled,849.15,"adjust" 
2015-11-02T15:00:00Z,KAI,41.84,5,Market On Close,Filled,209.2,"adjust" 
2015-11-02T15:00:00Z,USNA,130.34,2,Market On Close,Filled,260.68,"adjust" 
2015-11-02T15:00:00Z,GHC,577.35,1,Market On Close,Filled,577.35,"adjust" 
2015-11-02T15:00:00Z,FL,68.24,3,Market On Close,Filled,204.72,"adjust" 
2015-12-01T15:00:00Z,ABFS,24.33,-87,Market On Close,Filled,-2116.71,"band" 
2015-12-01T15:00:00Z,AMWD,84.96,-4,Market On Close,Filled,-339.84,"adjust" 
2015-12-01T15:00:00Z,CTR,39.7,-7,Market On Close,Filled,-277.9,"adjust" 
2015-12-01T15:00:00Z,DECK,48.91,-37,Market On Close,Filled,-1809.67,"band" 
2015-12-01T15:00:00Z,EW,164.84,-2,Market On Close,Filled,-329.68,"adjust" 
2015-12-01T15:00:00Z,FSS,16.97,-20,Market On Close,Filled,-339.4,"adjust" 
2015-12-01T15:00:00Z,MPC,59.34,-7,Market On Close,Filled,-415.38,"adjust" 
2015-12-01T15:00:00Z,SCVL,21.78,-100,Market On Close,Filled,-2178,"universe" 
2015-12-01T15:00:00Z,STMP,101.32,-5,Market On Close,Filled,-506.6,"adjust" 
2015-12-01T15:00:00Z,SYKE,31.83,-14,Market On Close,Filled,-445.62,"adjust" 
2015-12-01T15:00:00Z,VLO,72.57,-5,Market On Close,Filled,-362.85,"adjust" 
2015-12-01T15:00:00Z,ZUMZ,14.94,-138,Market On Close,Filled,-2061.72,"universe" 
2015-12-01T15:00:00Z,BBY,31.37,9,Market On Close,Filled,282.33,"adjust" 
2015-12-01T15:00:00Z,CRUS,32.99,68,Market On Close,Filled,2243.32,"buy" 
2015-12-01T15:00:00Z,DDS,74.93,5,Market On Close,Filled,374.65,"adjust" 
2015-12-01T15:00:00Z,FF,14.41,157,Market On Close,Filled,2262.37,"buy" 
2015-12-01T15:00:00Z,GIII,47.39,8,Market On Close,Filled,379.12,"adjust" 
2015-12-01T15:00:00Z,GME,34.7,14,Market On Close,Filled,485.8,"adjust" 
2015-12-01T15:00:00Z,SPTN,21.79,24,Market On Close,Filled,522.96,"adjust" 
2015-12-01T15:00:00Z,UEPS,15.33,19,Market On Close,Filled,291.27,"adjust" 
2015-12-01T15:00:00Z,UFPI,77.16,29,Market On Close,Filled,2237.64,"buy" 
2015-12-01T15:00:00Z,UVV,56.71,39,Market On Close,Filled,2211.69,"buy" 
