Time,Symbol,Price,Quantity,Type,Status,Value,Tag
2003-02-03T15:00:00Z,AAON,16.18,18,Market On Close,Filled,291.24,"buy" 
2003-02-03T15:00:00Z,BWS,26.84,9,Market On Close,Filled,241.56,"buy" 
2003-02-03T15:00:00Z,BIO,35.48,9,Market On Close,Filled,319.32,"buy" 
2003-02-03T15:00:00Z,CTR,17.85,16,Market On Close,Filled,285.6,"buy" 
2003-02-03T15:00:00Z,CCF,10.28,42,Market On Close,Filled,431.76,"buy" 
2003-02-03T15:00:00Z,CRMT,13.32,20,Market On Close,Filled,266.4,"buy" 
2003-02-03T15:00:00Z,CNXS,6.57,48,Market On Close,Filled,315.36,"buy" 
2003-02-03T15:00:00Z,COLM,35.05,7,Market On Close,Filled,245.35,"buy" 
2003-02-03T15:00:00Z,CW,54.06,7,Market On Close,Filled,378.42,"buy" 
2003-02-03T15:00:00Z,DCO,13.06,16,Market On Close,Filled,208.96,"buy" 
2003-02-03T15:00:00Z,EASI,36.44,8,Market On Close,Filled,291.52,"buy" 
2003-02-03T15:00:00Z,EBF,11.31,30,Market On Close,Filled,339.3,"buy" 
2003-02-03T15:00:00Z,EDEL,11.79,31,Market On Close,Filled,365.49,"buy" 
2003-02-03T15:00:00Z,EGN,29.99,14,Market On Close,Filled,419.86,"buy" 
2003-02-03T15:00:00Z,FAF,22.76,20,Market On Close,Filled,455.2,"buy" 
2003-02-03T15:00:00Z,EXPO,14.54,24,Market On Close,Filled,348.96,"buy" 
2003-02-03T15:00:00Z,FIZ,15.27,36,Market On Close,Filled,549.72,"buy" 
2003-02-03T15:00:00Z,FLXS,15.4,24,Market On Close,Filled,369.6,"buy" 
2003-02-03T15:00:00Z,FOSL,17.94,14,Market On Close,Filled,251.16,"buy" 
2003-02-03T15:00:00Z,GCI,72.01,6,Market On Close,Filled,432.06,"buy" 
2003-02-03T15:00:00Z,HCSG,12.73,23,Market On Close,Filled,292.79,"buy" 
2003-02-03T15:00:00Z,HIBB,20.25,12,Market On Close,Filled,243,"buy" 
2003-02-03T15:00:00Z,HOV,29.61,7,Market On Close,Filled,207.27,"buy" 
2003-02-03T15:00:00Z,JBSS,13.69,23,Market On Close,Filled,314.87,"buy" 
2003-02-03T15:00:00Z,JJSF,27.53,8,Market On Close,Filled,220.24,"buy" 
2003-02-03T15:00:00Z,K,32.38,12,Market On Close,Filled,388.56,"buy" 
2003-02-03T15:00:00Z,KBALB,14.1,16,Market On Close,Filled,225.6,"buy" 
2003-02-03T15:00:00Z,LANC,38.65,9,Market On Close,Filled,347.85,"buy" 
2003-02-03T15:00:00Z,LAWS,27.16,14,Market On Close,Filled,380.24,"buy" 
2003-02-03T15:00:00Z,LRW,6.2,32,Market On Close,Filled,198.4,"buy" 
2003-02-03T15:00:00Z,MCRI,8.71,28,Market On Close,Filled,243.88,"buy" 
2003-02-03T15:00:00Z,MIDD,11.3,26,Market On Close,Filled,293.8,"buy" 
2003-02-03T15:00:00Z,MMSI,17.65,13,Market On Close,Filled,229.45,"buy" 
2003-02-03T15:00:00Z,MOV,18.43,22,Market On Close,Filled,405.46,"buy" 
2003-02-03T15:00:00Z,MTRX,8,29,Market On Close,Filled,232,"buy" 
2003-02-03T15:00:00Z,NEB,21.96,16,Market On Close,Filled,351.36,"buy" 
2003-02-03T15:00:00Z,NSSC,9.68,39,Market On Close,Filled,377.52,"buy" 
2003-02-03T15:00:00Z,NUS,12.14,20,Market On Close,Filled,242.8,"buy" 
2003-02-03T15:00:00Z,OXM,24.02,20,Market On Close,Filled,480.4,"buy" 
2003-02-03T15:00:00Z,PDX,36.24,7,Market On Close,Filled,253.68,"buy" 
2003-02-03T15:00:00Z,POG,31.79,12,Market On Close,Filled,381.48,"buy" 
2003-02-03T15:00:00Z,RAVN,15.68,29,Market On Close,Filled,454.72,"buy" 
2003-02-03T15:00:00Z,RBIN,9.31,40,Market On Close,Filled,372.4,"buy" 
2003-02-03T15:00:00Z,RCII,52.36,5,Market On Close,Filled,261.8,"buy" 
2003-02-03T15:00:00Z,RVFD,24.95,17,Market On Close,Filled,424.15,"buy" 
2003-02-03T15:00:00Z,SGC,12.1,47,Market On Close,Filled,568.7,"buy" 
2003-02-03T15:00:00Z,SHOO,16.99,20,Market On Close,Filled,339.8,"buy" 
2003-02-03T15:00:00Z,SSD,35.25,11,Market On Close,Filled,387.75,"buy" 
2003-02-03T15:00:00Z,STRT,49,8,Market On Close,Filled,392,"buy" 
2003-02-03T15:00:00Z,THO,27.44,8,Market On Close,Filled,219.52,"buy" 
2003-02-03T15:00:00Z,ECP,14.05,17,Market On Close,Filled,238.85,"buy" 
2003-02-03T15:00:00Z,UTMD,17.66,27,Market On Close,Filled,476.82,"buy" 
2003-02-03T15:00:00Z,WMK,31.15,14,Market On Close,Filled,436.1,"buy" 
2003-02-03T15:00:00Z,WSO,15.9,23,Market On Close,Filled,365.7,"buy" 
2003-03-03T15:00:00Z,MCRI,8.98,-28,Market On Close,Filled,-251.44,"band" 
2003-03-03T15:00:00Z,ANK,17.35,29,Market On Close,Filled,503.15,"buy" 
2003-03-03T15:00:00Z,GDT,35.34,8,Market On Close,Filled,282.72,"buy" 
2003-03-03T15:00:00Z,MTSC,11.33,18,Market On Close,Filled,203.94,"buy" 
2003-04-01T15:00:00Z,CCF,9.9,-42,Market On Close,Filled,-415.8,"universe" 
2003-04-01T15:00:00Z,DCO,10.19,-16,Market On Close,Filled,-163.04,"band" 
2003-04-01T15:00:00Z,EDEL,10.36,-31,Market On Close,Filled,-321.16,"universe" 
2003-04-01T15:00:00Z,RBIN,9.7,-40,Market On Close,Filled,-388,"universe" 
2003-04-01T15:00:00Z,KOSS,17.49,18,Market On Close,Filled,314.82,"buy" 
2003-04-01T15:00:00Z,RIMG,9.06,36,Market On Close,Filled,326.16,"buy" 
2003-04-01T15:00:00Z,TMI,6,35,Market On Close,Filled,210,"buy" 
2003-04-01T15:00:00Z,TTWO,22.41,9,Market On Close,Filled,201.69,"buy" 
2003-05-01T14:00:00Z,AAON,13.73,-18,Market On Close,Filled,-247.14,"band" 
2003-05-01T14:00:00Z,LRW,6.47,-32,Market On Close,Filled,-207.04,"band" 
2003-05-01T14:00:00Z,OXM,36.26,-11,Market On Close,Filled,-398.86,"adjust" 
2003-05-01T14:00:00Z,RBIN,10.41,43,Market On Close,Filled,447.63,"buy" 
2003-05-01T14:00:00Z,RCKY,8.09,26,Market On Close,Filled,210.34,"buy" 
2003-05-01T14:00:00Z,SCHN,28.56,13,Market On Close,Filled,371.28,"buy" 
2003-05-01T14:00:00Z,TTC,37.06,11,Market On Close,Filled,407.66,"buy" 
2003-06-02T14:00:00Z,BIO,58.36,-5,Market On Close,Filled,-291.8,"adjust" 
2003-06-02T14:00:00Z,KOSS,15.7,-18,Market On Close,Filled,-282.6,"universe" 
2003-06-02T14:00:00Z,MHO,40.48,9,Market On Close,Filled,364.32,"buy" 
2003-06-02T14:00:00Z,WEYS,50.44,7,Market On Close,Filled,353.08,"buy" 
2003-07-01T14:00:00Z,BWS,29.65,-9,Market On Close,Filled,-266.85,"expired" 
2003-07-01T14:00:00Z,CW,63.5,-7,Market On Close,Filled,-444.5,"band" 
2003-07-01T14:00:00Z,MTRX,17.05,-14,Market On Close,Filled,-238.7,"adjust" 
2003-07-01T14:00:00Z,SCHN,43.16,-7,Market On Close,Filled,-302.12,"adjust" 
2003-07-01T14:00:00Z,ECP,11.5,-17,Market On Close,Filled,-195.5,"universe" 
2003-07-01T14:00:00Z,FRGO,9.49,25,Market On Close,Filled,237.25,"buy" 
2003-07-01T14:00:00Z,HOFT,25.35,11,Market On Close,Filled,278.85,"buy" 
2003-07-01T14:00:00Z,MSN,6.67,32,Market On Close,Filled,213.44,"buy" 
2003-07-01T14:00:00Z,SGC,11.23,18,Market On Close,Filled,202.14,"adjust" 
2003-07-01T14:00:00Z,WDC,11.85,20,Market On Close,Filled,237,"buy" 
2003-08-01T14:00:00Z,JJSF,33.91,-8,Market On Close,Filled,-271.28,"band" 
2003-08-01T14:00:00Z,MMSI,27.55,-13,Market On Close,Filled,-358.15,"band" 
2003-08-01T14:00:00Z,SGC,13.95,-37,Market On Close,Filled,-516.15,"adjust" 
2003-08-01T14:00:00Z,TMI,8.25,-35,Market On Close,Filled,-288.75,"band" 
2003-08-01T14:00:00Z,EGN,33.94,6,Market On Close,Filled,203.64,"adjust" 
2003-08-01T14:00:00Z,FIZ,14.1,15,Market On Close,Filled,211.5,"adjust" 
2003-08-01T14:00:00Z,GCI,77.03,3,Market On Close,Filled,231.09,"adjust" 
2003-08-01T14:00:00Z,GDYS,8.07,26,Market On Close,Filled,209.82,"buy" 
2003-08-01T14:00:00Z,K,34.2,6,Market On Close,Filled,205.2,"adjust" 
2003-08-01T14:00:00Z,SAFM,29.61,15,Market On Close,Filled,444.15,"buy" 
2003-09-02T14:00:00Z,MSN,3.8,-32,Market On Close,Filled,-121.6,"universe" 
2003-09-02T14:00:00Z,OXM,58.91,-4,Market On Close,Filled,-235.64,"adjust" 
2003-09-02T14:00:00Z,RAVN,26.45,-12,Market On Close,Filled,-317.4,"adjust" 
2003-09-02T14:00:00Z,AEOS,17.92,15,Market On Close,Filled,268.8,"buy" 
2003-09-02T14:00:00Z,MAIR,7.5,38,Market On Close,Filled,285,"buy" 
2003-10-01T14:00:00Z,CRMT,31.34,-9,Market On Close,Filled,-282.06,"adjust" 
2003-10-01T14:00:00Z,JBSS,21.4,-11,Market On Close,Filled,-235.4,"adjust" 
2003-10-01T14:00:00Z,K,33.8,-18,Market On Close,Filled,-608.4,"band" 
2003-10-01T14:00:00Z,LANC,40.1,-9,Market On Close,Filled,-360.9,"band" 
2003-10-01T14:00:00Z,LAWS,27.47,-14,Market On Close,Filled,-384.58,"band" 
2003-10-01T14:00:00Z,NSSC,8.82,-39,Market On Close,Filled,-343.98,"band" 
2003-10-01T14:00:00Z,NUS,13.23,-20,Market On Close,Filled,-264.6,"band" 
2003-10-01T14:00:00Z,STRT,49.37,-8,Market On Close,Filled,-394.96,"band" 
2003-10-01T14:00:00Z,ATRI,46.45,7,Market On Close,Filled,325.15,"buy" 
2003-10-01T14:00:00Z,BWS,32.8,12,Market On Close,Filled,393.6,"buy" 
2003-10-01T14:00:00Z,GFF,18.5,30,Market On Close,Filled,555,"buy" 
2003-10-01T14:00:00Z,KBALB,15.49,15,Market On Close,Filled,232.35,"adjust" 
2003-10-01T14:00:00Z,ODP,14.6,27,Market On Close,Filled,394.2,"buy" 
2003-11-03T15:00:00Z,EASI,47.17,-3,Market On Close,Filled,-141.51,"adjust" 
2003-11-03T15:00:00Z,FLXS,19.5,-24,Market On Close,Filled,-468,"expired" 
2003-11-03T15:00:00Z,HOV,82.82,-3,Market On Close,Filled,-248.46,"adjust" 
2003-11-03T15:00:00Z,MIDD,27.69,-15,Market On Close,Filled,-415.35,"adjust" 
2003-11-03T15:00:00Z,ANF,28.7,14,Market On Close,Filled,401.8,"buy" 
2003-11-03T15:00:00Z,BIO,52.91,4,Market On Close,Filled,211.64,"adjust" 
2003-11-03T15:00:00Z,HWKN,12.74,42,Market On Close,Filled,535.08,"buy" 
2003-11-03T15:00:00Z,MMS,35.89,12,Market On Close,Filled,430.68,"buy" 
2003-11-03T15:00:00Z,WMK,35.9,7,Market On Close,Filled,251.3,"adjust" 
2003-12-01T15:00:00Z,AEOS,17.83,-15,Market On Close,Filled,-267.45,"band" 
2003-12-01T15:00:00Z,ANK,27,-29,Market On Close,Filled,-783,"universe" 
2003-12-01T15:00:00Z,HIBB,31.25,-7,Market On Close,Filled,-218.75,"adjust" 
2003-12-01T15:00:00Z,HWKN,13.09,-42,Market On Close,Filled,-549.78,"universe" 
2003-12-01T15:00:00Z,JBSS,43.9,-6,Market On Close,Filled,-263.4,"adjust" 
2003-12-01T15:00:00Z,SCHN,50.23,-7,Market On Close,Filled,-351.61,"adjust" 
2003-12-01T15:00:00Z,UTMD,22.56,-27,Market On Close,Filled,-609.12,"universe" 
2003-12-01T15:00:00Z,EBF,15,14,Market On Close,Filled,210,"adjust" 
2003-12-01T15:00:00Z,FIZ,15.24,18,Market On Close,Filled,274.32,"adjust" 
2003-12-01T15:00:00Z,GCI,88.28,3,Market On Close,Filled,264.84,"adjust" 
2003-12-01T15:00:00Z,HVT,23.08,18,Market On Close,Filled,415.44,"buy" 
2003-12-01T15:00:00Z,PLUS,12.55,28,Market On Close,Filled,351.4,"buy" 
2003-12-01T15:00:00Z,TALK,10.9,20,Market On Close,Filled,218,"buy" 
2003-12-01T15:00:00Z,TSAI,20,14,Market On Close,Filled,280,"buy" 
2004-01-02T15:00:00Z,MAIR,7.71,-38,Market On Close,Filled,-292.98,"universe" 
2004-01-02T15:00:00Z,MTRX,17.72,-14,Market On Close,Filled,-248.08,"adjust" 
2004-01-02T15:00:00Z,RCKY,23.1,-14,Market On Close,Filled,-323.4,"adjust" 
2004-01-02T15:00:00Z,RVFD,27.7,-17,Market On Close,Filled,-470.9,"band" 
2004-01-02T15:00:00Z,HUBG,21.42,15,Market On Close,Filled,321.3,"buy" 
2004-01-02T15:00:00Z,RCII,29.48,9,Market On Close,Filled,265.32,"adjust" 
2004-02-02T15:00:00Z,ANF,26.53,-14,Market On Close,Filled,-371.42,"band" 
2004-02-02T15:00:00Z,KBALB,16.25,-31,Market On Close,Filled,-503.75,"band" 
2004-02-02T15:00:00Z,SAFM,49.82,-6,Market On Close,Filled,-298.92,"adjust" 
2004-02-02T15:00:00Z,CTR,21.5,10,Market On Close,Filled,215,"adjust" 
2004-02-02T15:00:00Z,COLM,52.62,4,Market On Close,Filled,210.48,"adjust" 
2004-02-02T15:00:00Z,DHI,28.7,15,Market On Close,Filled,430.5,"buy" 
2004-02-02T15:00:00Z,JCOM,23.35,9,Market On Close,Filled,210.15,"buy" 
2004-02-02T15:00:00Z,WSO,22.95,10,Market On Close,Filled,229.5,"adjust" 
2004-03-01T15:00:00Z,EGN,41.99,-20,Market On Close,Filled,-839.8,"universe" 
2004-03-01T15:00:00Z,NEB,32.04,-16,Market On Close,Filled,-512.64,"band" 
2004-03-01T15:00:00Z,RBIN,18.44,-13,Market On Close,Filled,-239.72,"adjust" 
2004-03-01T15:00:00Z,WDC,11.58,-20,Market On Close,Filled,-231.6,"band" 
2004-03-01T15:00:00Z,AHS,18.37,28,Market On Close,Filled,514.36,"buy" 
2004-03-01T15:00:00Z,ASGN,5.79,56,Market On Close,Filled,324.24,"buy" 
2004-03-01T15:00:00Z,FAF,31.37,9,Market On Close,Filled,282.33,"adjust" 
2004-03-01T15:00:00Z,GCI,86.6,3,Market On Close,Filled,259.8,"adjust" 
2004-03-01T15:00:00Z,PEGA,9.25,34,Market On Close,Filled,314.5,"buy" 
2004-03-01T15:00:00Z,SGC,15.2,18,Market On Close,Filled,273.6,"adjust" 
2004-04-01T15:00:00Z,ASGN,5.5,-56,Market On Close,Filled,-308,"band" 
2004-04-01T15:00:00Z,ATRI,42.18,-7,Market On Close,Filled,-295.26,"universe" 
2004-04-01T15:00:00Z,FIZ,9.45,-80,Market On Close,Filled,-756,"adjust" 
2004-04-01T15:00:00Z,FRGO,10.61,-25,Market On Close,Filled,-265.25,"band" 
2004-04-01T15:00:00Z,HOFT,23.16,-22,Market On Close,Filled,-509.52,"expired" 
2004-04-01T15:00:00Z,WSO,29.15,-9,Market On Close,Filled,-262.35,"adjust" 
2004-04-01T15:00:00Z,CALM,32.96,6,Market On Close,Filled,197.76,"buy" 
2004-04-01T15:00:00Z,ESCA,35,11,Market On Close,Filled,385,"buy" 
2004-04-01T15:00:00Z,MMS,36.61,7,Market On Close,Filled,256.27,"adjust" 
2004-04-01T15:00:00Z,MTLM,37,10,Market On Close,Filled,370,"buy" 
2004-04-01T15:00:00Z,QDEL,6.41,47,Market On Close,Filled,301.27,"buy" 
2004-04-01T15:00:00Z,USNA,23.83,13,Market On Close,Filled,309.79,"buy" 
2004-05-03T14:00:00Z,BIO,58.5,-8,Market On Close,Filled,-468,"band" 
2004-05-03T14:00:00Z,COLM,53.45,-11,Market On Close,Filled,-587.95,"band" 
2004-05-03T14:00:00Z,HVT,17.89,-18,Market On Close,Filled,-322.02,"expired" 
2004-05-03T14:00:00Z,HCSG,15.99,-34,Market On Close,Filled,-543.66,"expired" 
2004-05-03T14:00:00Z,MIDD,53.13,-5,Market On Close,Filled,-265.65,"adjust" 
2004-05-03T14:00:00Z,PEGA,8.2,-34,Market On Close,Filled,-278.8,"band" 
2004-05-03T14:00:00Z,SGC,16.23,-46,Market On Close,Filled,-746.58,"expired" 
2004-05-03T14:00:00Z,BWS,38.02,6,Market On Close,Filled,228.12,"adjust" 
2004-05-03T14:00:00Z,FARO,17.63,15,Market On Close,Filled,264.45,"buy" 
2004-05-03T14:00:00Z,HOV,36.22,6,Market On Close,Filled,217.32,"adjust" 
2004-05-03T14:00:00Z,LPX,23.58,20,Market On Close,Filled,471.6,"buy" 
2004-05-03T14:00:00Z,MTEX,10.59,24,Market On Close,Filled,254.16,"buy" 
2004-05-03T14:00:00Z,NSIT,16.97,23,Market On Close,Filled,390.31,"buy" 
2004-05-03T14:00:00Z,ODP,17.45,12,Market On Close,Filled,209.4,"adjust" 
2004-05-03T14:00:00Z,OTL,24.63,20,Market On Close,Filled,492.6,"buy" 
2004-05-03T14:00:00Z,OXM,39.14,6,Market On Close,Filled,234.84,"adjust" 
2004-05-03T14:00:00Z,UWN,15.47,28,Market On Close,Filled,433.16,"buy" 
2004-06-01T14:00:00Z,MHO,42.17,-9,Market On Close,Filled,-379.53,"band" 
2004-06-01T14:00:00Z,PLUS,12,-28,Market On Close,Filled,-336,"expired" 
2004-06-01T14:00:00Z,POG,26.77,-8,Market On Close,Filled,-214.16,"adjust" 
2004-06-01T14:00:00Z,WEYS,34.22,-10,Market On Close,Filled,-342.2,"universe" 
2004-06-01T14:00:00Z,LAWS,35.25,16,Market On Close,Filled,564,"buy" 
2004-06-01T14:00:00Z,SGC,16.4,48,Market On Close,Filled,787.2,"buy" 
2004-06-01T14:00:00Z,TENT,12.86,36,Market On Close,Filled,462.96,"buy" 
2004-07-01T14:00:00Z,EBF,18.49,-15,Market On Close,Filled,-277.35,"adjust" 
2004-07-01T14:00:00Z,HIBB,27.54,-15,Market On Close,Filled,-413.1,"expired" 
2004-07-01T14:00:00Z,JCOM,26.71,-9,Market On Close,Filled,-240.39,"band" 
2004-07-01T14:00:00Z,OXM,42.2,-6,Market On Close,Filled,-253.2,"adjust" 
2004-07-01T14:00:00Z,RCII,29.58,-21,Market On Close,Filled,-621.18,"band" 
2004-07-01T14:00:00Z,SAFM,52.39,-5,Market On Close,Filled,-261.95,"adjust" 
2004-07-01T14:00:00Z,TTWO,30.22,-9,Market On Close,Filled,-271.98,"band" 
2004-07-01T14:00:00Z,AHS,15.19,17,Market On Close,Filled,258.23,"adjust" 
2004-07-01T14:00:00Z,CRUS,5.8,52,Market On Close,Filled,301.6,"buy" 
2004-07-01T14:00:00Z,GCI,83.76,4,Market On Close,Filled,335.04,"adjust" 
2004-07-01T14:00:00Z,HOFT,21.1,23,Market On Close,Filled,485.3,"buy" 
2004-07-01T14:00:00Z,JBSS,26.69,8,Market On Close,Filled,213.52,"adjust" 
2004-07-01T14:00:00Z,NATR,13.92,31,Market On Close,Filled,431.52,"buy" 
2004-07-01T14:00:00Z,PDX,69.71,3,Market On Close,Filled,209.13,"adjust" 
2004-07-01T14:00:00Z,SHOO,19.71,12,Market On Close,Filled,236.52,"adjust" 
2004-07-01T14:00:00Z,TESS,17.25,21,Market On Close,Filled,362.25,"buy" 
2004-08-02T14:00:00Z,CTR,21.05,-26,Market On Close,Filled,-547.3,"band" 
2004-08-02T14:00:00Z,CNXS,10.01,-48,Market On Close,Filled,-480.48,"band" 
2004-08-02T14:00:00Z,GCI,84.18,-3,Market On Close,Filled,-252.54,"adjust" 
2004-08-02T14:00:00Z,MTRX,7.63,-16,Market On Close,Filled,-122.08,"band" 
2004-08-02T14:00:00Z,QDEL,3.46,-47,Market On Close,Filled,-162.62,"universe" 
2004-08-02T14:00:00Z,AMED,27.35,11,Market On Close,Filled,300.85,"buy" 
2004-08-02T14:00:00Z,AXE,34.4,24,Market On Close,Filled,825.6,"buy" 
2004-08-02T14:00:00Z,LCUT,16.45,21,Market On Close,Filled,345.45,"buy" 
2004-08-02T14:00:00Z,RBIN,20.3,10,Market On Close,Filled,203,"adjust" 
2004-08-02T14:00:00Z,SGC,14,18,Market On Close,Filled,252,"adjust" 
2004-08-02T14:00:00Z,WWW,23.08,24,Market On Close,Filled,553.92,"buy" 
2004-09-01T14:00:00Z,AHS,11.54,-45,Market On Close,Filled,-519.3,"band" 
2004-09-01T14:00:00Z,HOV,34.97,-14,Market On Close,Filled,-489.58,"band" 
2004-09-01T14:00:00Z,MMS,29.43,-19,Market On Close,Filled,-559.17,"band" 
2004-09-01T14:00:00Z,NSIT,16.03,-23,Market On Close,Filled,-368.69,"band" 
2004-09-01T14:00:00Z,RAVN,41.42,-6,Market On Close,Filled,-248.52,"adjust" 
2004-09-01T14:00:00Z,RBIN,19.96,-40,Market On Close,Filled,-798.4,"universe" 
2004-09-01T14:00:00Z,SGC,13.71,-66,Market On Close,Filled,-904.86,"universe" 
2004-09-01T14:00:00Z,TENT,9.99,-36,Market On Close,Filled,-359.64,"band" 
2004-09-01T14:00:00Z,BKE,26.18,30,Market On Close,Filled,785.4,"buy" 
2004-09-01T14:00:00Z,ECOL,9.29,30,Market On Close,Filled,278.7,"buy" 
2004-09-01T14:00:00Z,GFF,19.97,13,Market On Close,Filled,259.61,"adjust" 
2004-09-01T14:00:00Z,HOC,20.91,44,Market On Close,Filled,920.04,"buy" 
2004-09-01T14:00:00Z,PCU,44.01,8,Market On Close,Filled,352.08,"buy" 
2004-09-01T14:00:00Z,SEB,543,1,Market On Close,Filled,543,"buy" 
2004-09-01T14:00:00Z,TALK,5.92,36,Market On Close,Filled,213.12,"adjust" 
2004-09-01T14:00:00Z,VLO,67.41,8,Market On Close,Filled,539.28,"buy" 
2004-09-01T14:00:00Z,ZEUS,20.63,13,Market On Close,Filled,268.19,"buy" 
2004-10-01T14:00:00Z,CRUS,5.42,-52,Market On Close,Filled,-281.84,"universe" 
2004-10-01T14:00:00Z,GDYS,8.63,-26,Market On Close,Filled,-224.38,"band" 
2004-10-01T14:00:00Z,HOC,25.95,-12,Market On Close,Filled,-311.4,"adjust" 
2004-10-01T14:00:00Z,MOV,17.41,-13,Market On Close,Filled,-226.33,"adjust" 
2004-10-01T14:00:00Z,SEB,608,-1,Market On Close,Filled,-608,"adjust" 
2004-10-01T14:00:00Z,THO,27.66,-16,Market On Close,Filled,-442.56,"band" 
2004-10-01T14:00:00Z,TSAI,18.86,-14,Market On Close,Filled,-264.04,"band" 
2004-10-01T14:00:00Z,AEOS,36.71,14,Market On Close,Filled,513.94,"buy" 
2004-10-01T14:00:00Z,CRMT,34,6,Market On Close,Filled,204,"adjust" 
2004-10-01T14:00:00Z,CYBE,16.88,19,Market On Close,Filled,320.72,"buy" 
2004-10-01T14:00:00Z,NHC,29.6,17,Market On Close,Filled,503.2,"buy" 
2004-10-01T14:00:00Z,RBIN,22,41,Market On Close,Filled,902,"buy" 
2004-11-01T15:00:00Z,BWS,27.4,-18,Market On Close,Filled,-493.2,"band" 
2004-11-01T15:00:00Z,ESCA,14.02,-22,Market On Close,Filled,-308.44,"band" 
2004-11-01T15:00:00Z,FARO,24.73,-15,Market On Close,Filled,-370.95,"band" 
2004-11-01T15:00:00Z,HUBG,38.67,-6,Market On Close,Filled,-232.02,"adjust" 
2004-11-01T15:00:00Z,RBIN,24.86,-17,Market On Close,Filled,-422.62,"adjust" 
2004-11-01T15:00:00Z,TESS,12.89,-21,Market On Close,Filled,-270.69,"band" 
2004-11-01T15:00:00Z,UWN,10.69,-28,Market On Close,Filled,-299.32,"band" 
2004-11-01T15:00:00Z,CVX,52.95,20,Market On Close,Filled,1059,"buy" 
2004-11-01T15:00:00Z,CIX,15.55,32,Market On Close,Filled,497.6,"buy" 
2004-11-01T15:00:00Z,LEG,28.27,25,Market On Close,Filled,706.75,"buy" 
2004-11-01T15:00:00Z,NL,19.99,18,Market On Close,Filled,359.82,"buy" 
2004-11-01T15:00:00Z,WEYS,38.97,14,Market On Close,Filled,545.58,"buy" 
2004-12-01T15:00:00Z,BKE,31.97,-7,Market On Close,Filled,-223.79,"adjust" 
2004-12-01T15:00:00Z,DHI,36.31,-15,Market On Close,Filled,-544.65,"band" 
2004-12-01T15:00:00Z,EASI,55.6,-9,Market On Close,Filled,-500.4,"band" 
2004-12-01T15:00:00Z,GFF,25.8,-13,Market On Close,Filled,-335.4,"adjust" 
2004-12-01T15:00:00Z,HOC,27.97,-8,Market On Close,Filled,-223.76,"adjust" 
2004-12-01T15:00:00Z,JBSS,23,-14,Market On Close,Filled,-322,"band" 
2004-12-01T15:00:00Z,MTEX,21.99,-12,Market On Close,Filled,-263.88,"adjust" 
2004-12-01T15:00:00Z,SCHN,35.7,-7,Market On Close,Filled,-249.9,"band" 
2004-12-01T15:00:00Z,SHOO,19.14,-32,Market On Close,Filled,-612.48,"band" 
2004-12-01T15:00:00Z,USNA,30.45,-13,Market On Close,Filled,-395.85,"band" 
2004-12-01T15:00:00Z,AIT,44.67,13,Market On Close,Filled,580.71,"buy" 
2004-12-01T15:00:00Z,HANS,34.9,8,Market On Close,Filled,279.2,"buy" 
2004-12-01T15:00:00Z,LTD,24.59,33,Market On Close,Filled,811.47,"buy" 
2004-12-01T15:00:00Z,NUE,52.27,8,Market On Close,Filled,418.16,"buy" 
2004-12-01T15:00:00Z,COP,89.24,9,Market On Close,Filled,803.16,"buy" 
2004-12-01T15:00:00Z,STLD,40.13,9,Market On Close,Filled,361.17,"buy" 
2005-01-03T15:00:00Z,LCUT,15.76,-21,Market On Close,Filled,-330.96,"band" 
2005-01-03T15:00:00Z,POG,36.14,-10,Market On Close,Filled,-361.4,"adjust" 
2005-01-03T15:00:00Z,RCKY,29.26,-12,Market On Close,Filled,-351.12,"band" 
2005-01-03T15:00:00Z,TTC,81.52,-3,Market On Close,Filled,-244.56,"adjust" 
2005-01-03T15:00:00Z,WSO,34.52,-6,Market On Close,Filled,-207.12,"adjust" 
2005-01-03T15:00:00Z,ANF,46.3,10,Market On Close,Filled,463,"buy" 
2005-01-03T15:00:00Z,CNC,28.62,18,Market On Close,Filled,515.16,"buy" 
2005-02-01T15:00:00Z,CALM,12,-12,Market On Close,Filled,-144,"band" 
2005-02-01T15:00:00Z,EBF,17.33,-29,Market On Close,Filled,-502.57,"band" 
2005-02-01T15:00:00Z,MTSC,36.5,-6,Market On Close,Filled,-219,"adjust" 
2005-02-01T15:00:00Z,OTL,20.38,-20,Market On Close,Filled,-407.6,"band" 
2005-02-01T15:00:00Z,VLO,56.95,-6,Market On Close,Filled,-341.7,"adjust" 
2005-02-01T15:00:00Z,WWW,32.09,-24,Market On Close,Filled,-770.16,"expired" 
2005-02-01T15:00:00Z,ABFS,40.86,14,Market On Close,Filled,572.04,"buy" 
2005-02-01T15:00:00Z,ELBO,35.37,12,Market On Close,Filled,424.44,"buy" 
2005-02-01T15:00:00Z,MLI,31.96,21,Market On Close,Filled,671.16,"buy" 
2005-03-01T15:00:00Z,CVX,60.93,-4,Market On Close,Filled,-243.72,"adjust" 
2005-03-01T15:00:00Z,HOC,37.11,-10,Market On Close,Filled,-371.1,"adjust" 
2005-03-01T15:00:00Z,HOFT,25.05,-23,Market On Close,Filled,-576.15,"band" 
2005-03-01T15:00:00Z,MTLM,30.02,-7,Market On Close,Filled,-210.14,"adjust" 
2005-03-01T15:00:00Z,OXM,36.87,-10,Market On Close,Filled,-368.7,"band" 
2005-03-01T15:00:00Z,COP,108.52,-2,Market On Close,Filled,-217.04,"adjust" 
2005-03-01T15:00:00Z,VLO,68.11,-4,Market On Close,Filled,-272.44,"adjust" 
2005-03-01T15:00:00Z,CTR,30.19,22,Market On Close,Filled,664.18,"buy" 
2005-03-01T15:00:00Z,CIX,16.66,12,Market On Close,Filled,199.92,"adjust" 
2005-03-01T15:00:00Z,GDT,73.96,3,Market On Close,Filled,221.88,"adjust" 
2005-03-01T15:00:00Z,JAKK,20.66,16,Market On Close,Filled,330.56,"buy" 
2005-03-01T15:00:00Z,MIDD,55.15,4,Market On Close,Filled,220.6,"adjust" 
2005-04-01T15:00:00Z,AEOS,28.78,-7,Market On Close,Filled,-201.46,"adjust" 
2005-04-01T15:00:00Z,HANS,58.75,-5,Market On Close,Filled,-293.75,"adjust" 
2005-04-01T15:00:00Z,MIDD,49.02,-10,Market On Close,Filled,-490.2,"band" 
2005-04-01T15:00:00Z,LEG,29.1,8,Market On Close,Filled,232.8,"adjust" 
2005-04-01T15:00:00Z,NVR,793,1,Market On Close,Filled,793,"buy" 
2005-04-01T15:00:00Z,RS,39.99,12,Market On Close,Filled,479.88,"buy" 
2005-04-01T15:00:00Z,WEYS,43.24,5,Market On Close,Filled,216.2,"adjust" 
2005-05-02T14:00:00Z,AXE,37.42,-6,Market On Close,Filled,-224.52,"adjust" 
2005-05-02T14:00:00Z,CIX,14.62,-44,Market On Close,Filled,-643.28,"expired" 
2005-05-02T14:00:00Z,ELBO,56.82,-8,Market On Close,Filled,-454.56,"adjust" 
2005-05-02T14:00:00Z,GFF,18.99,-30,Market On Close,Filled,-569.7,"band" 
2005-05-02T14:00:00Z,NVR,709.89,-1,Market On Close,Filled,-709.89,"expired" 
2005-05-02T14:00:00Z,POG,39.15,-12,Market On Close,Filled,-469.8,"expired" 
2005-05-02T14:00:00Z,WSO,44.73,-5,Market On Close,Filled,-223.65,"adjust" 
2005-05-02T14:00:00Z,CMC,25.98,14,Market On Close,Filled,363.72,"buy" 
2005-05-02T14:00:00Z,DECK,22.9,15,Market On Close,Filled,343.5,"buy" 
2005-05-02T14:00:00Z,FIZ,7.28,34,Market On Close,Filled,247.52,"adjust" 
2005-05-02T14:00:00Z,GCI,76.54,3,Market On Close,Filled,229.62,"adjust" 
2005-05-02T14:00:00Z,GDT,74.08,3,Market On Close,Filled,222.24,"adjust" 
2005-05-02T14:00:00Z,HSII,26.42,18,Market On Close,Filled,475.56,"buy" 
2005-05-02T14:00:00Z,SAFM,36.76,7,Market On Close,Filled,257.32,"adjust" 
2005-05-02T14:00:00Z,X,42.73,10,Market On Close,Filled,427.3,"buy" 
2005-06-01T14:00:00Z,BKE,40.71,-6,Market On Close,Filled,-244.26,"adjust" 
2005-06-01T14:00:00Z,FIZ,8.18,-91,Market On Close,Filled,-744.38,"band" 
2005-06-01T14:00:00Z,GCI,74.24,3,Market On Close,Filled,222.72,"adjust" 
2005-06-01T14:00:00Z,GDT,74.2,4,Market On Close,Filled,296.8,"adjust" 
2005-06-01T14:00:00Z,LEG,26.6,8,Market On Close,Filled,212.8,"adjust" 
2005-06-01T14:00:00Z,LTD,20.8,14,Market On Close,Filled,291.2,"adjust" 
2005-06-01T14:00:00Z,SPTN,12.92,41,Market On Close,Filled,529.72,"buy" 
2005-07-01T14:00:00Z,AMED,37.73,-11,Market On Close,Filled,-415.03,"band" 
2005-07-01T14:00:00Z,FAF,40.55,-5,Market On Close,Filled,-202.75,"adjust" 
2005-07-01T14:00:00Z,FOSL,23.27,-20,Market On Close,Filled,-465.4,"band" 
2005-07-01T14:00:00Z,GDT,65.71,-3,Market On Close,Filled,-197.13,"adjust" 
2005-07-01T14:00:00Z,NL,15.24,-18,Market On Close,Filled,-274.32,"band" 
2005-07-01T14:00:00Z,SAFM,45.97,-15,Market On Close,Filled,-689.55,"band" 
2005-07-01T14:00:00Z,CBRL,39.12,21,Market On Close,Filled,821.52,"buy" 
2005-07-01T14:00:00Z,MSTR,53.95,6,Market On Close,Filled,323.7,"buy" 
2005-07-01T14:00:00Z,NVR,802.55,1,Market On Close,Filled,802.55,"buy" 
2005-07-01T14:00:00Z,PLPC,39.89,14,Market On Close,Filled,558.46,"buy" 
2005-08-01T14:00:00Z,DECK,28.44,-15,Market On Close,Filled,-426.6,"band" 
2005-08-01T14:00:00Z,GCI,72.26,-22,Market On Close,Filled,-1589.72,"band" 
2005-08-01T14:00:00Z,MLI,29.22,-21,Market On Close,Filled,-613.62,"band" 
2005-08-01T14:00:00Z,ODP,27.96,-14,Market On Close,Filled,-391.44,"adjust" 
2005-08-01T14:00:00Z,RIMG,25.13,-16,Market On Close,Filled,-402.08,"adjust" 
2005-08-01T14:00:00Z,SSD,38.6,-22,Market On Close,Filled,-849.2,"band" 
2005-08-01T14:00:00Z,WEYS,23.6,-12,Market On Close,Filled,-283.2,"adjust" 
2005-08-01T14:00:00Z,ZEUS,15.89,-13,Market On Close,Filled,-206.57,"band" 
2005-08-01T14:00:00Z,ABFS,34.48,7,Market On Close,Filled,241.36,"adjust" 
2005-08-01T14:00:00Z,CNXS,26.5,21,Market On Close,Filled,556.5,"buy" 
2005-08-01T14:00:00Z,GCO,37.31,17,Market On Close,Filled,634.27,"buy" 
2005-08-01T14:00:00Z,ISSC,18.93,22,Market On Close,Filled,416.46,"buy" 
2005-08-01T14:00:00Z,JAKK,17.33,15,Market On Close,Filled,259.95,"adjust" 
2005-08-01T14:00:00Z,LPX,26.21,8,Market On Close,Filled,209.68,"adjust" 
2005-08-01T14:00:00Z,PDX,78.68,3,Market On Close,Filled,236.04,"adjust" 
2005-08-01T14:00:00Z,PLCE,44.28,12,Market On Close,Filled,531.36,"buy" 
2005-08-01T14:00:00Z,STLD,32.03,7,Market On Close,Filled,224.21,"adjust" 
2005-08-01T14:00:00Z,WWW,22.25,37,Market On Close,Filled,823.25,"buy" 
2005-09-01T14:00:00Z,CYBE,13.9,-19,Market On Close,Filled,-264.1,"band" 
2005-09-01T14:00:00Z,HOC,57.21,-4,Market On Close,Filled,-228.84,"adjust" 
2005-09-01T14:00:00Z,CRMT,20.24,10,Market On Close,Filled,202.4,"adjust" 
2005-09-01T14:00:00Z,FAF,41.79,5,Market On Close,Filled,208.95,"adjust" 
2005-09-01T14:00:00Z,SCVL,16.36,24,Market On Close,Filled,392.64,"buy" 
2005-10-03T14:00:00Z,CRMT,17.67,-35,Market On Close,Filled,-618.45,"band" 
2005-10-03T14:00:00Z,FAF,45.82,-5,Market On Close,Filled,-229.1,"adjust" 
2005-10-03T14:00:00Z,LPX,27.44,-28,Market On Close,Filled,-768.32,"band" 
2005-10-03T14:00:00Z,LTD,20.29,-47,Market On Close,Filled,-953.63,"band" 
2005-10-03T14:00:00Z,MTEX,11.7,-12,Market On Close,Filled,-140.4,"band" 
2005-10-03T14:00:00Z,COP,68.99,-3,Market On Close,Filled,-206.97,"adjust" 
2005-10-03T14:00:00Z,STLD,32.9,-16,Market On Close,Filled,-526.4,"band" 
2005-10-03T14:00:00Z,CBRL,33.95,6,Market On Close,Filled,203.7,"adjust" 
2005-10-03T14:00:00Z,ELBO,62.37,4,Market On Close,Filled,249.48,"adjust" 
2005-10-03T14:00:00Z,KOMG,32.45,14,Market On Close,Filled,454.3,"buy" 
2005-10-03T14:00:00Z,LRCX,31,23,Market On Close,Filled,713,"buy" 
2005-10-03T14:00:00Z,MCRI,16.75,21,Market On Close,Filled,351.75,"buy" 
2005-10-03T14:00:00Z,NHC,34.78,7,Market On Close,Filled,243.46,"adjust" 
2005-10-03T14:00:00Z,PDX,76.98,3,Market On Close,Filled,230.94,"adjust" 
2005-10-03T14:00:00Z,PETS,10.62,47,Market On Close,Filled,499.14,"buy" 
2005-10-03T14:00:00Z,SYKE,12.27,42,Market On Close,Filled,515.34,"buy" 
2005-10-03T14:00:00Z,TTC,36.5,6,Market On Close,Filled,219,"adjust" 
2005-10-08T04:00:00Z,ELBO,62.5,-8,Market,Filled,-500,"Liquidate from delisting" 
2005-11-01T15:00:00Z,LEG,20.23,-41,Market On Close,Filled,-829.43,"band" 
2005-11-01T15:00:00Z,NVR,681,-1,Market On Close,Filled,-681,"adjust" 
2005-11-01T15:00:00Z,RBIN,10.99,-48,Market On Close,Filled,-527.52,"band" 
2005-11-01T15:00:00Z,AXE,37.39,7,Market On Close,Filled,261.73,"adjust" 
2005-11-01T15:00:00Z,CLF,81.02,6,Market On Close,Filled,486.12,"buy" 
2005-11-01T15:00:00Z,ISSC,14.21,15,Market On Close,Filled,213.15,"adjust" 
2005-11-01T15:00:00Z,LRW,22.7,24,Market On Close,Filled,544.8,"buy" 
2005-11-01T15:00:00Z,MOV,17.46,13,Market On Close,Filled,226.98,"adjust" 
2005-11-01T15:00:00Z,MTLM,24.05,10,Market On Close,Filled,240.5,"adjust" 
2005-11-01T15:00:00Z,TOL,36.9,15,Market On Close,Filled,553.5,"buy" 
2005-11-01T15:00:00Z,X,37.56,6,Market On Close,Filled,225.36,"adjust" 
2005-12-01T15:00:00Z,CNC,25.21,-18,Market On Close,Filled,-453.78,"band" 
2005-12-01T15:00:00Z,HSII,32.89,-18,Market On Close,Filled,-592.02,"band" 
2005-12-01T15:00:00Z,HUBG,40.45,-5,Market On Close,Filled,-202.25,"adjust" 
2005-12-01T15:00:00Z,ISSC,14.47,-37,Market On Close,Filled,-535.39,"band" 
2005-12-01T15:00:00Z,LAWS,38.64,-16,Market On Close,Filled,-618.24,"band" 
2005-12-01T15:00:00Z,X,48.98,-16,Market On Close,Filled,-783.68,"band" 
2005-12-01T15:00:00Z,B,35.25,23,Market On Close,Filled,810.75,"buy" 
2005-12-01T15:00:00Z,LYTS,18.09,37,Market On Close,Filled,669.33,"buy" 
2005-12-01T15:00:00Z,OXY,82.49,9,Market On Close,Filled,742.41,"buy" 
2005-12-01T15:00:00Z,SHOO,28.13,22,Market On Close,Filled,618.86,"buy" 
2005-12-01T15:00:00Z,SNHY,18.75,16,Market On Close,Filled,300,"buy" 
2005-12-01T15:00:00Z,USNA,38.8,18,Market On Close,Filled,698.4,"buy" 
2006-01-03T15:00:00Z,ABFS,44.55,-5,Market On Close,Filled,-222.75,"adjust" 
2006-01-03T15:00:00Z,GDT,65.5,-4,Market On Close,Filled,-262,"adjust" 
2006-01-03T15:00:00Z,PDX,89.99,-3,Market On Close,Filled,-269.97,"adjust" 
2006-01-03T15:00:00Z,PETS,14.31,-15,Market On Close,Filled,-214.65,"adjust" 
2006-02-01T15:00:00Z,AIT,42.43,-5,Market On Close,Filled,-212.15,"adjust" 
2006-02-01T15:00:00Z,CBRL,44,-27,Market On Close,Filled,-1188,"band" 
2006-02-01T15:00:00Z,LRCX,46.92,-10,Market On Close,Filled,-469.2,"adjust" 
2006-02-01T15:00:00Z,RS,78.45,-3,Market On Close,Filled,-235.35,"adjust" 
2006-02-01T15:00:00Z,SPTN,12.08,-41,Market On Close,Filled,-495.28,"expired" 
2006-02-01T15:00:00Z,TOL,33,-15,Market On Close,Filled,-495,"band" 
2006-02-01T15:00:00Z,WWW,24.06,-37,Market On Close,Filled,-890.22,"expired" 
2006-02-01T15:00:00Z,BWS,45.06,20,Market On Close,Filled,901.2,"buy" 
2006-02-01T15:00:00Z,CRUS,8.5,76,Market On Close,Filled,646,"buy" 
2006-02-01T15:00:00Z,HCSG,19.78,39,Market On Close,Filled,771.42,"buy" 
2006-02-01T15:00:00Z,PZZA,34.45,33,Market On Close,Filled,1136.85,"buy" 
2006-02-01T15:00:00Z,WMK,42.94,8,Market On Close,Filled,343.52,"adjust" 
2006-03-01T15:00:00Z,MOV,21.94,-44,Market On Close,Filled,-965.36,"band" 
2006-03-01T15:00:00Z,TTC,46.58,-22,Market On Close,Filled,-1024.76,"band" 
2006-03-01T15:00:00Z,USNA,43.04,-18,Market On Close,Filled,-774.72,"band" 
2006-03-01T15:00:00Z,ABFS,42.69,5,Market On Close,Filled,213.45,"adjust" 
2006-03-01T15:00:00Z,CVX,57.22,5,Market On Close,Filled,286.1,"adjust" 
2006-03-01T15:00:00Z,COHU,21.68,24,Market On Close,Filled,520.32,"buy" 
2006-03-01T15:00:00Z,IIIN,39.29,12,Market On Close,Filled,471.48,"buy" 
2006-03-01T15:00:00Z,NATR,17.17,13,Market On Close,Filled,223.21,"adjust" 
2006-03-01T15:00:00Z,WEYS,19.44,13,Market On Close,Filled,252.72,"adjust" 
2006-03-01T15:00:00Z,ZEUS,26.9,20,Market On Close,Filled,538,"buy" 
2006-04-03T14:00:00Z,AEOS,28.79,-21,Market On Close,Filled,-604.59,"band" 
2006-04-03T14:00:00Z,AXE,47.29,-25,Market On Close,Filled,-1182.25,"universe" 
2006-04-03T14:00:00Z,HANS,127.09,-3,Market On Close,Filled,-381.27,"adjust" 
2006-04-03T14:00:00Z,IIIN,59.24,-6,Market On Close,Filled,-355.44,"adjust" 
2006-04-03T14:00:00Z,MTSC,41.33,-12,Market On Close,Filled,-495.96,"universe" 
2006-04-03T14:00:00Z,PDX,101.9,-2,Market On Close,Filled,-203.8,"adjust" 
2006-04-03T14:00:00Z,PLCE,56.37,-12,Market On Close,Filled,-676.44,"band" 
2006-04-03T14:00:00Z,ADTN,25.95,24,Market On Close,Filled,622.8,"buy" 
2006-04-03T14:00:00Z,BKE,41.7,5,Market On Close,Filled,208.5,"adjust" 
2006-04-03T14:00:00Z,EGY,6.83,79,Market On Close,Filled,539.57,"buy" 
2006-04-03T14:00:00Z,FAF,38.8,7,Market On Close,Filled,271.6,"adjust" 
2006-04-03T14:00:00Z,EXPO,31.46,8,Market On Close,Filled,251.68,"adjust" 
2006-04-03T14:00:00Z,GCO,38.6,7,Market On Close,Filled,270.2,"adjust" 
2006-04-03T14:00:00Z,LII,30.22,32,Market On Close,Filled,967.04,"buy" 
2006-04-03T14:00:00Z,PLPC,33.2,7,Market On Close,Filled,232.4,"adjust" 
2006-04-03T14:00:00Z,TALK,8.6,26,Market On Close,Filled,223.6,"adjust" 
2006-04-03T14:00:00Z,WIRE,33.22,15,Market On Close,Filled,498.3,"buy" 
2006-04-22T04:00:00Z,GDT,80.05,-11,Market,Filled,-880.55,"Liquidate from delisting" 
2006-05-01T14:00:00Z,ANF,60.86,-10,Market On Close,Filled,-608.6,"band" 
2006-05-01T14:00:00Z,ECOL,25.5,-8,Market On Close,Filled,-204,"adjust" 
2006-05-01T14:00:00Z,LRW,27.12,-24,Market On Close,Filled,-650.88,"expired" 
2006-05-01T14:00:00Z,NATR,10.04,-44,Market On Close,Filled,-441.76,"universe" 
2006-05-01T14:00:00Z,SHOO,53.01,-13,Market On Close,Filled,-689.13,"adjust" 
2006-05-01T14:00:00Z,DECK,42.49,16,Market On Close,Filled,679.84,"buy" 
2006-05-01T14:00:00Z,COP,67.75,3,Market On Close,Filled,203.25,"adjust" 
2006-05-01T14:00:00Z,PDX,49.85,4,Market On Close,Filled,199.4,"adjust" 
2006-05-01T14:00:00Z,SCHN,39.5,19,Market On Close,Filled,750.5,"buy" 
2006-05-01T14:00:00Z,SKX,27.04,25,Market On Close,Filled,676,"buy" 
2006-05-01T14:00:00Z,STLD,64.29,10,Market On Close,Filled,642.9,"buy" 
2006-06-01T14:00:00Z,CNXS,23.41,-21,Market On Close,Filled,-491.61,"band" 
2006-06-01T14:00:00Z,COHU,17.9,-24,Market On Close,Filled,-429.6,"band" 
2006-06-01T14:00:00Z,HCSG,20.42,-39,Market On Close,Filled,-796.38,"band" 
2006-06-01T14:00:00Z,NUE,53.34,-2,Market On Close,Filled,-106.68,"adjust" 
2006-06-01T14:00:00Z,SNHY,19.97,-16,Market On Close,Filled,-319.52,"band" 
2006-06-01T14:00:00Z,LMS,24.38,17,Market On Close,Filled,414.46,"buy" 
2006-06-01T14:00:00Z,MLR,20.04,28,Market On Close,Filled,561.12,"buy" 
2006-06-01T14:00:00Z,MRO,76.77,11,Market On Close,Filled,844.47,"buy" 
2006-06-01T14:00:00Z,RSC,14.83,47,Market On Close,Filled,697.01,"buy" 
2006-06-01T14:00:00Z,UFPI,68.08,11,Market On Close,Filled,748.88,"buy" 
2006-07-03T14:00:00Z,ABFS,50.55,-4,Market On Close,Filled,-202.2,"adjust" 
2006-07-03T14:00:00Z,EGY,10.1,-28,Market On Close,Filled,-282.8,"adjust" 
2006-07-03T14:00:00Z,HOC,47.89,-6,Market On Close,Filled,-287.34,"adjust" 
2006-07-03T14:00:00Z,PLPC,37,-21,Market On Close,Filled,-777,"band" 
2006-07-03T14:00:00Z,WMK,41.05,-5,Market On Close,Filled,-205.25,"adjust" 
2006-07-03T14:00:00Z,ADTN,22.79,11,Market On Close,Filled,250.69,"adjust" 
2006-07-03T14:00:00Z,AIT,24.46,9,Market On Close,Filled,220.14,"adjust" 
2006-07-03T14:00:00Z,RIMG,19.94,12,Market On Close,Filled,239.28,"adjust" 
2006-07-03T14:00:00Z,KFRC,15.2,40,Market On Close,Filled,608,"buy" 
2006-07-03T14:00:00Z,TALK,6.24,44,Market On Close,Filled,274.56,"adjust" 
2006-08-01T14:00:00Z,ADTN,21.26,-35,Market On Close,Filled,-744.1,"band" 
2006-08-01T14:00:00Z,CRUS,6.56,-76,Market On Close,Filled,-498.56,"expired" 
2006-08-01T14:00:00Z,EXPO,15.34,-15,Market On Close,Filled,-230.1,"adjust" 
2006-08-01T14:00:00Z,NHC,45.17,-6,Market On Close,Filled,-271.02,"adjust" 
2006-08-01T14:00:00Z,RIMG,23.92,-32,Market On Close,Filled,-765.44,"band" 
2006-08-01T14:00:00Z,GCO,27.15,9,Market On Close,Filled,244.35,"adjust" 
2006-08-01T14:00:00Z,KBALB,17.33,47,Market On Close,Filled,814.51,"buy" 
2006-08-01T14:00:00Z,MCRI,19.05,13,Market On Close,Filled,247.65,"adjust" 
2006-08-01T14:00:00Z,MSTR,81.68,3,Market On Close,Filled,245.04,"adjust" 
2006-08-01T14:00:00Z,TNC,25.85,35,Market On Close,Filled,904.75,"buy" 
2006-08-01T14:00:00Z,TTMI,10.58,47,Market On Close,Filled,497.26,"buy" 
2006-09-01T14:00:00Z,GCO,27.4,-33,Market On Close,Filled,-904.2,"band" 
2006-09-01T14:00:00Z,LYTS,18.31,-13,Market On Close,Filled,-238.03,"adjust" 
2006-09-01T14:00:00Z,PZZA,34.45,-8,Market On Close,Filled,-275.6,"adjust" 
2006-09-01T14:00:00Z,SYKE,20.2,-14,Market On Close,Filled,-282.8,"adjust" 
2006-09-01T14:00:00Z,TALK,5.84,-126,Market On Close,Filled,-735.84,"band" 
2006-09-01T14:00:00Z,CLF,37.45,6,Market On Close,Filled,224.7,"adjust" 
2006-09-01T14:00:00Z,ECOL,19.79,11,Market On Close,Filled,217.69,"adjust" 
2006-09-01T14:00:00Z,IVAC,17.38,24,Market On Close,Filled,417.12,"buy" 
2006-09-01T14:00:00Z,JAKK,16.74,14,Market On Close,Filled,234.36,"adjust" 
2006-09-01T14:00:00Z,RSC,13.72,18,Market On Close,Filled,246.96,"adjust" 
2006-09-01T14:00:00Z,TESS,23.71,35,Market On Close,Filled,829.85,"buy" 
2006-09-01T14:00:00Z,UFPI,48.81,5,Market On Close,Filled,244.05,"adjust" 
2006-10-02T14:00:00Z,BWS,36.11,-6,Market On Close,Filled,-216.66,"adjust" 
2006-10-02T14:00:00Z,CLF,38.77,-18,Market On Close,Filled,-697.86,"band" 
2006-10-02T14:00:00Z,ECOL,19.63,-33,Market On Close,Filled,-647.79,"band" 
2006-10-02T14:00:00Z,KBALB,19.5,-12,Market On Close,Filled,-234,"adjust" 
2006-10-02T14:00:00Z,LYTS,16.02,-24,Market On Close,Filled,-384.48,"band" 
2006-10-02T14:00:00Z,MLR,18.03,-28,Market On Close,Filled,-504.84,"band" 
2006-10-02T14:00:00Z,NHC,51.27,-4,Market On Close,Filled,-205.08,"adjust" 
2006-10-02T14:00:00Z,RAVN,28.97,-22,Market On Close,Filled,-637.34,"band" 
2006-10-02T14:00:00Z,TESS,31.52,-11,Market On Close,Filled,-346.72,"adjust" 
2006-10-02T14:00:00Z,WSO,45.25,-13,Market On Close,Filled,-588.25,"band" 
2006-10-02T14:00:00Z,AEOS,44.61,18,Market On Close,Filled,802.98,"buy" 
2006-10-02T14:00:00Z,AP,30.73,14,Market On Close,Filled,430.22,"buy" 
2006-10-02T14:00:00Z,DLTR,31.29,32,Market On Close,Filled,1001.28,"buy" 
2006-10-02T14:00:00Z,FIZ,11.21,48,Market On Close,Filled,538.08,"buy" 
2006-10-02T14:00:00Z,GPI,49.67,12,Market On Close,Filled,596.04,"buy" 
2006-10-02T14:00:00Z,COP,58.55,4,Market On Close,Filled,234.2,"adjust" 
2006-10-02T14:00:00Z,PCLN,36.76,16,Market On Close,Filled,588.16,"buy" 
2006-11-01T15:00:00Z,B,19.86,-13,Market On Close,Filled,-258.18,"adjust" 
2006-11-01T15:00:00Z,JAKK,22.03,-45,Market On Close,Filled,-991.35,"band" 
2006-11-01T15:00:00Z,LII,26.95,-32,Market On Close,Filled,-862.4,"band" 
2006-11-01T15:00:00Z,MSTR,117.61,-2,Market On Close,Filled,-235.22,"adjust" 
2006-11-01T15:00:00Z,PETS,12.14,-32,Market On Close,Filled,-388.48,"band" 
2006-11-01T15:00:00Z,RSC,17.06,-13,Market On Close,Filled,-221.78,"adjust" 
2006-11-01T15:00:00Z,TESS,31.67,-8,Market On Close,Filled,-253.36,"adjust" 
2006-11-01T15:00:00Z,BLS,44.28,34,Market On Close,Filled,1505.52,"buy" 
2006-11-01T15:00:00Z,MTEX,15.05,29,Market On Close,Filled,436.45,"buy" 
2006-11-01T15:00:00Z,OFIX,43.24,26,Market On Close,Filled,1124.24,"buy" 
2006-11-01T15:00:00Z,VLO,51.1,4,Market On Close,Filled,204.4,"adjust" 
2006-11-01T15:00:00Z,WMK,39.8,9,Market On Close,Filled,358.2,"adjust" 
2006-12-01T15:00:00Z,BWS,45.31,-8,Market On Close,Filled,-362.48,"adjust" 
2006-12-01T15:00:00Z,FAF,38.63,-31,Market On Close,Filled,-1197.53,"expired" 
2006-12-01T15:00:00Z,IVAC,27.26,-8,Market On Close,Filled,-218.08,"adjust" 
2006-12-01T15:00:00Z,OFIX,43.49,-26,Market On Close,Filled,-1130.74,"band" 
2006-12-01T15:00:00Z,PDX,48.55,-26,Market On Close,Filled,-1262.3,"expired" 
2006-12-01T15:00:00Z,UFPI,46.6,-16,Market On Close,Filled,-745.6,"band" 
2006-12-01T15:00:00Z,AMWD,38.35,20,Market On Close,Filled,767,"buy" 
2006-12-01T15:00:00Z,CMI,118.63,8,Market On Close,Filled,949.04,"buy" 
2006-12-01T15:00:00Z,DLTR,29.59,9,Market On Close,Filled,266.31,"adjust" 
2006-12-01T15:00:00Z,IIIN,19.27,11,Market On Close,Filled,211.97,"adjust" 
2006-12-01T15:00:00Z,SWFT,28.33,17,Market On Close,Filled,481.61,"buy" 
2006-12-01T15:00:00Z,LMS,21.5,13,Market On Close,Filled,279.5,"adjust" 
2006-12-01T15:00:00Z,PTSI,24.85,31,Market On Close,Filled,770.35,"buy" 
2006-12-30T05:00:00Z,BLS,47.15,-34,Market,Filled,-1603.1,"Liquidate from delisting" 
2007-01-03T15:00:00Z,ABFS,37.07,6,Market On Close,Filled,222.42,"adjust" 
2007-01-03T15:00:00Z,EGY,6.58,40,Market On Close,Filled,263.2,"adjust" 
2007-01-03T15:00:00Z,WIRE,22,11,Market On Close,Filled,242,"adjust" 
2007-01-03T15:00:00Z,WMK,40.14,6,Market On Close,Filled,240.84,"adjust" 
2007-02-01T15:00:00Z,BKE,33.8,-6,Market On Close,Filled,-202.8,"adjust" 
2007-02-01T15:00:00Z,KOMG,33.75,-14,Market On Close,Filled,-472.5,"band" 
2007-02-01T15:00:00Z,MCRI,24.59,-34,Market On Close,Filled,-836.06,"band" 
2007-02-01T15:00:00Z,MTLM,41.23,-6,Market On Close,Filled,-247.38,"adjust" 
2007-02-01T15:00:00Z,NUE,64.8,-4,Market On Close,Filled,-259.2,"adjust" 
2007-02-01T15:00:00Z,PCU,64.14,-4,Market On Close,Filled,-256.56,"adjust" 
2007-02-01T15:00:00Z,PZZA,28.26,-25,Market On Close,Filled,-706.5,"band" 
2007-02-01T15:00:00Z,TNC,31.81,-8,Market On Close,Filled,-254.48,"adjust" 
2007-02-01T15:00:00Z,ZEUS,27.81,-20,Market On Close,Filled,-556.2,"band" 
2007-02-01T15:00:00Z,AEIS,17.76,42,Market On Close,Filled,745.92,"buy" 
2007-02-01T15:00:00Z,KSS,72.84,17,Market On Close,Filled,1238.28,"buy" 
2007-02-01T15:00:00Z,MOV,29.23,28,Market On Close,Filled,818.44,"buy" 
2007-02-01T15:00:00Z,ODP,37.6,7,Market On Close,Filled,263.2,"adjust" 
2007-02-01T15:00:00Z,SHOO,30.51,8,Market On Close,Filled,244.08,"adjust" 
2007-02-01T15:00:00Z,SYKE,15.09,16,Market On Close,Filled,241.44,"adjust" 
2007-02-01T15:00:00Z,VFC,76.54,19,Market On Close,Filled,1454.26,"buy" 
2007-02-01T15:00:00Z,XOM,75.08,19,Market On Close,Filled,1426.52,"buy" 
2007-03-01T15:00:00Z,AEIS,20,-13,Market On Close,Filled,-260,"adjust" 
2007-03-01T15:00:00Z,DECK,68,-4,Market On Close,Filled,-272,"adjust" 
2007-03-01T15:00:00Z,DLTR,34.37,-7,Market On Close,Filled,-240.59,"adjust" 
2007-03-01T15:00:00Z,HANS,34.68,-12,Market On Close,Filled,-416.16,"expired" 
2007-03-01T15:00:00Z,LMS,29.64,-8,Market On Close,Filled,-237.12,"adjust" 
2007-03-01T15:00:00Z,TESS,26.88,-9,Market On Close,Filled,-241.92,"adjust" 
2007-03-01T15:00:00Z,WIRE,25.15,-26,Market On Close,Filled,-653.9,"band" 
2007-03-01T15:00:00Z,ABM,26.83,45,Market On Close,Filled,1207.35,"buy" 
2007-03-01T15:00:00Z,AP,24.49,9,Market On Close,Filled,220.41,"adjust" 
2007-03-01T15:00:00Z,CTR,21.33,11,Market On Close,Filled,234.63,"adjust" 
2007-03-01T15:00:00Z,MGPI,19.17,30,Market On Close,Filled,575.1,"buy" 
2007-04-02T14:00:00Z,CVX,74.8,-3,Market On Close,Filled,-224.4,"adjust" 
2007-04-02T14:00:00Z,FIZ,17.67,-13,Market On Close,Filled,-229.71,"adjust" 
2007-04-02T14:00:00Z,GPI,39.82,-12,Market On Close,Filled,-477.84,"band" 
2007-04-02T14:00:00Z,IIIN,16.71,-23,Market On Close,Filled,-384.33,"band" 
2007-04-02T14:00:00Z,MOV,30.14,-8,Market On Close,Filled,-241.12,"adjust" 
2007-04-02T14:00:00Z,MTEX,15.35,-29,Market On Close,Filled,-445.15,"band" 
2007-04-02T14:00:00Z,PCU,72.64,-3,Market On Close,Filled,-217.92,"adjust" 
2007-04-02T14:00:00Z,SCHN,40.2,-19,Market On Close,Filled,-763.8,"band" 
2007-04-02T14:00:00Z,STLD,43.23,-5,Market On Close,Filled,-216.15,"adjust" 
2007-04-02T14:00:00Z,SYKE,18.11,-17,Market On Close,Filled,-307.87,"adjust" 
2007-04-02T14:00:00Z,TTMI,9.44,-47,Market On Close,Filled,-443.68,"band" 
2007-04-02T14:00:00Z,ALB,42.01,26,Market On Close,Filled,1092.26,"buy" 
2007-04-02T14:00:00Z,PCCC,13.82,35,Market On Close,Filled,483.7,"buy" 
2007-04-02T14:00:00Z,USNA,47.44,14,Market On Close,Filled,664.16,"buy" 
2007-04-02T14:00:00Z,X,100.94,7,Market On Close,Filled,706.58,"buy" 
2007-05-01T14:00:00Z,AP,36.08,-23,Market On Close,Filled,-829.84,"band" 
2007-05-01T14:00:00Z,CMI,92,-16,Market On Close,Filled,-1472,"expired" 
2007-05-01T14:00:00Z,HUBG,36.06,-9,Market On Close,Filled,-324.54,"adjust" 
2007-05-01T14:00:00Z,SWFT,31.37,-17,Market On Close,Filled,-533.29,"band" 
2007-05-01T14:00:00Z,LMS,26.8,-22,Market On Close,Filled,-589.6,"expired" 
2007-05-01T14:00:00Z,MGPI,19.59,-30,Market On Close,Filled,-587.7,"band" 
2007-05-01T14:00:00Z,PTSI,18.91,-31,Market On Close,Filled,-586.21,"band" 
2007-05-01T14:00:00Z,RS,59.45,-7,Market On Close,Filled,-416.15,"adjust" 
2007-05-01T14:00:00Z,RSC,16.43,-52,Market On Close,Filled,-854.36,"band" 
2007-05-01T14:00:00Z,STLD,44.21,-15,Market On Close,Filled,-663.15,"expired" 
2007-05-01T14:00:00Z,ABG,28.95,36,Market On Close,Filled,1042.2,"buy" 
2007-05-01T14:00:00Z,AMWD,35.14,7,Market On Close,Filled,245.98,"adjust" 
2007-05-01T14:00:00Z,EBF,22.94,44,Market On Close,Filled,1009.36,"buy" 
2007-05-01T14:00:00Z,GIII,17.59,29,Market On Close,Filled,510.11,"buy" 
2007-05-01T14:00:00Z,LDL,13.9,40,Market On Close,Filled,556,"buy" 
2007-05-01T14:00:00Z,LNDC,12.54,59,Market On Close,Filled,739.86,"buy" 
2007-05-01T14:00:00Z,MAT,28.59,48,Market On Close,Filled,1372.32,"buy" 
2007-05-01T14:00:00Z,NHC,51.17,4,Market On Close,Filled,204.68,"adjust" 
2007-05-01T14:00:00Z,OMM,29.15,31,Market On Close,Filled,903.65,"buy" 
2007-05-01T14:00:00Z,KFRC,14.26,17,Market On Close,Filled,242.42,"adjust" 
2007-05-01T14:00:00Z,UCTT,14.49,30,Market On Close,Filled,434.7,"buy" 
2007-06-01T14:00:00Z,AEOS,27.19,-26,Market On Close,Filled,-706.94,"expired" 
2007-06-01T14:00:00Z,B,30.1,-7,Market On Close,Filled,-210.7,"adjust" 
2007-06-01T14:00:00Z,BWS,29.9,-23,Market On Close,Filled,-687.7,"expired" 
2007-06-01T14:00:00Z,CTR,21.83,-43,Market On Close,Filled,-938.69,"expired" 
2007-06-01T14:00:00Z,DLTR,42.41,-5,Market On Close,Filled,-212.05,"adjust" 
2007-06-01T14:00:00Z,EGY,4.86,-91,Market On Close,Filled,-442.26,"universe" 
2007-06-01T14:00:00Z,KSS,76.11,-17,Market On Close,Filled,-1293.87,"expired" 
2007-06-01T14:00:00Z,MRO,126.74,-2,Market On Close,Filled,-253.48,"adjust" 
2007-06-01T14:00:00Z,PCLN,61.57,-4,Market On Close,Filled,-246.28,"adjust" 
2007-06-01T14:00:00Z,BRKS,17.7,49,Market On Close,Filled,867.3,"buy" 
2007-06-01T14:00:00Z,CMI,94.1,8,Market On Close,Filled,752.8,"buy" 
2007-06-01T14:00:00Z,KBALB,13.91,18,Market On Close,Filled,250.38,"adjust" 
2007-06-01T14:00:00Z,STLD,48.49,16,Market On Close,Filled,775.84,"buy" 
2007-06-01T14:00:00Z,USMO,23.47,43,Market On Close,Filled,1009.21,"buy" 
2007-06-09T04:00:00Z,OMM,29.22,-31,Market,Filled,-905.82,"Liquidate from delisting" 
2007-07-02T14:00:00Z,ABFS,39.4,-23,Market On Close,Filled,-906.2,"band" 
2007-07-02T14:00:00Z,DECK,100.96,-3,Market On Close,Filled,-302.88,"adjust" 
2007-07-02T14:00:00Z,EBF,23.98,-44,Market On Close,Filled,-1055.12,"expired" 
2007-07-02T14:00:00Z,KBALB,14.01,-53,Market On Close,Filled,-742.53,"band" 
2007-07-02T14:00:00Z,MSTR,94.59,-7,Market On Close,Filled,-662.13,"band" 
2007-07-02T14:00:00Z,COP,80.05,-3,Market On Close,Filled,-240.15,"adjust" 
2007-07-02T14:00:00Z,USMO,26.46,-8,Market On Close,Filled,-211.68,"adjust" 
2007-07-02T14:00:00Z,WEYS,26.98,-8,Market On Close,Filled,-215.84,"adjust" 
2007-07-02T14:00:00Z,BW,42.86,10,Market On Close,Filled,428.6,"buy" 
2007-07-02T14:00:00Z,COLM,69.32,18,Market On Close,Filled,1247.76,"buy" 
2007-07-02T14:00:00Z,HHGP,21.56,30,Market On Close,Filled,646.8,"buy" 
2007-07-02T14:00:00Z,HOFT,22.53,30,Market On Close,Filled,675.9,"buy" 
2007-07-02T14:00:00Z,LRCX,51.67,4,Market On Close,Filled,206.68,"adjust" 
2007-07-02T14:00:00Z,MAT,25.74,9,Market On Close,Filled,231.66,"adjust" 
2007-07-02T14:00:00Z,NUE,59.7,4,Market On Close,Filled,238.8,"adjust" 
2007-07-02T14:00:00Z,NVR,671.72,1,Market On Close,Filled,671.72,"buy" 
2007-07-02T14:00:00Z,SCHN,49.09,16,Market On Close,Filled,785.44,"buy" 
2007-07-02T14:00:00Z,SHOO,32.96,7,Market On Close,Filled,230.72,"adjust" 
2007-07-02T14:00:00Z,TESS,19.93,11,Market On Close,Filled,219.23,"adjust" 
2007-08-01T14:00:00Z,ABG,22.14,-36,Market On Close,Filled,-797.04,"band" 
2007-08-01T14:00:00Z,ABM,25.16,-13,Market On Close,Filled,-327.08,"adjust" 
2007-08-01T14:00:00Z,CVX,85.11,-3,Market On Close,Filled,-255.33,"adjust" 
2007-08-01T14:00:00Z,CMI,120.05,-3,Market On Close,Filled,-360.15,"adjust" 
2007-08-01T14:00:00Z,DECK,104.94,-3,Market On Close,Filled,-314.82,"adjust" 
2007-08-01T14:00:00Z,EXPO,22.88,-9,Market On Close,Filled,-205.92,"adjust" 
2007-08-01T14:00:00Z,FIZ,9.79,-42,Market On Close,Filled,-411.18,"band" 
2007-08-01T14:00:00Z,NHC,52.2,-18,Market On Close,Filled,-939.6,"band" 
2007-08-01T14:00:00Z,OXY,57.2,-18,Market On Close,Filled,-1029.6,"band" 
2007-08-01T14:00:00Z,PCU,108.25,-2,Market On Close,Filled,-216.5,"adjust" 
2007-08-01T14:00:00Z,SCHN,55.71,-5,Market On Close,Filled,-278.55,"adjust" 
2007-08-01T14:00:00Z,USNA,39.39,-14,Market On Close,Filled,-551.46,"band" 
2007-08-01T14:00:00Z,WMK,40.1,-8,Market On Close,Filled,-320.8,"adjust" 
2007-08-01T14:00:00Z,XOM,86.01,-4,Market On Close,Filled,-344.04,"adjust" 
2007-08-01T14:00:00Z,FUL,28.44,22,Market On Close,Filled,625.68,"buy" 
2007-08-01T14:00:00Z,GWW,87.63,16,Market On Close,Filled,1402.08,"buy" 
2007-08-01T14:00:00Z,HAS,28.9,41,Market On Close,Filled,1184.9,"buy" 
2007-08-01T14:00:00Z,IVAC,16.19,13,Market On Close,Filled,210.47,"adjust" 
2007-08-01T14:00:00Z,JAKK,24.16,26,Market On Close,Filled,628.16,"buy" 
2007-08-01T14:00:00Z,MOV,28.21,9,Market On Close,Filled,253.89,"adjust" 
2007-08-01T14:00:00Z,ODP,25.28,9,Market On Close,Filled,227.52,"adjust" 
2007-08-01T14:00:00Z,RS,52.29,4,Market On Close,Filled,209.16,"adjust" 
2007-08-01T14:00:00Z,SCVL,22.29,11,Market On Close,Filled,245.19,"adjust" 
2007-08-01T14:00:00Z,SYKE,16.97,17,Market On Close,Filled,288.49,"adjust" 
2007-08-01T14:00:00Z,UAUA,44.44,15,Market On Close,Filled,666.6,"buy" 
2007-09-04T14:00:00Z,AIT,32.81,-7,Market On Close,Filled,-229.67,"adjust" 
2007-09-04T14:00:00Z,DLTR,43.24,-8,Market On Close,Filled,-345.92,"adjust" 
2007-09-04T14:00:00Z,EXPO,24.86,-10,Market On Close,Filled,-248.6,"adjust" 
2007-09-04T14:00:00Z,PCLN,82.16,-5,Market On Close,Filled,-410.8,"adjust" 
2007-09-04T14:00:00Z,SYKE,16.17,-44,Market On Close,Filled,-711.48,"band" 
2007-09-04T14:00:00Z,TNC,42.4,-5,Market On Close,Filled,-212,"adjust" 
2007-09-04T14:00:00Z,WEYS,29.6,-7,Market On Close,Filled,-207.2,"adjust" 
2007-09-04T14:00:00Z,WMK,43.01,-6,Market On Close,Filled,-258.06,"adjust" 
2007-09-04T14:00:00Z,BRKS,14.25,18,Market On Close,Filled,256.5,"adjust" 
2007-09-04T14:00:00Z,HUBG,32.94,7,Market On Close,Filled,230.58,"adjust" 
2007-09-04T14:00:00Z,LRW,20.54,28,Market On Close,Filled,575.12,"buy" 
2007-09-04T14:00:00Z,MLR,17.72,37,Market On Close,Filled,655.64,"buy" 
2007-09-04T14:00:00Z,SHOO,24.2,10,Market On Close,Filled,242,"adjust" 
2007-10-01T14:00:00Z,ALB,44.09,-6,Market On Close,Filled,-264.54,"adjust" 
2007-10-01T14:00:00Z,LNDC,16,-59,Market On Close,Filled,-944,"expired" 
2007-10-01T14:00:00Z,SCVL,15.79,-35,Market On Close,Filled,-552.65,"band" 
2007-10-01T14:00:00Z,SKX,22.8,-25,Market On Close,Filled,-570,"band" 
2007-10-01T14:00:00Z,TESS,15.55,-26,Market On Close,Filled,-404.3,"band" 
2007-10-01T14:00:00Z,COLM,56.77,5,Market On Close,Filled,283.85,"adjust" 
2007-10-01T14:00:00Z,DLX,38.25,18,Market On Close,Filled,688.5,"buy" 
2007-10-01T14:00:00Z,HHGP,13.73,17,Market On Close,Filled,233.41,"adjust" 
2007-10-01T14:00:00Z,LII,35.06,28,Market On Close,Filled,981.68,"buy" 
2007-10-01T14:00:00Z,PCCC,13.15,17,Market On Close,Filled,223.55,"adjust" 
2007-10-01T14:00:00Z,UCTT,15.02,15,Market On Close,Filled,225.3,"adjust" 
2007-10-01T14:00:00Z,VLGEA,52.12,19,Market On Close,Filled,990.28,"buy" 
2007-11-01T14:00:00Z,AMWD,23.94,-27,Market On Close,Filled,-646.38,"band" 
2007-11-01T14:00:00Z,BKE,40.9,-6,Market On Close,Filled,-245.4,"adjust" 
2007-11-01T14:00:00Z,DECK,132.75,-3,Market On Close,Filled,-398.25,"adjust" 
2007-11-01T14:00:00Z,LRCX,48.84,-17,Market On Close,Filled,-830.28,"expired" 
2007-11-01T14:00:00Z,VFC,83.87,-3,Market On Close,Filled,-251.61,"adjust" 
2007-11-01T14:00:00Z,CALM,22.86,21,Market On Close,Filled,480.06,"buy" 
2007-11-01T14:00:00Z,DLTR,36.61,6,Market On Close,Filled,219.66,"adjust" 
2007-11-01T14:00:00Z,RGR,8.62,43,Market On Close,Filled,370.66,"buy" 
2007-11-01T14:00:00Z,KFRC,11.79,18,Market On Close,Filled,212.22,"adjust" 
2007-11-01T14:00:00Z,USMO,16.33,16,Market On Close,Filled,261.28,"adjust" 
2007-12-03T15:00:00Z,HUBG,25.95,-24,Market On Close,Filled,-622.8,"band" 
2007-12-03T15:00:00Z,PCLN,114.59,-3,Market On Close,Filled,-343.77,"adjust" 
2007-12-03T15:00:00Z,PCU,109.6,-2,Market On Close,Filled,-219.2,"adjust" 
2007-12-03T15:00:00Z,RGR,8.77,-43,Market On Close,Filled,-377.11,"band" 
2007-12-03T15:00:00Z,UCTT,13.8,-45,Market On Close,Filled,-621,"band" 
2007-12-03T15:00:00Z,AMED,44.2,21,Market On Close,Filled,928.2,"buy" 
2007-12-03T15:00:00Z,AVT,33.87,27,Market On Close,Filled,914.49,"buy" 
2007-12-03T15:00:00Z,IMMR,13.27,39,Market On Close,Filled,517.53,"buy" 
2007-12-03T15:00:00Z,LRW,15.06,15,Market On Close,Filled,225.9,"adjust" 
2007-12-03T15:00:00Z,NVTL,15.32,34,Market On Close,Filled,520.88,"buy" 
2008-01-02T15:00:00Z,ABM,20.16,-32,Market On Close,Filled,-645.12,"band" 
2008-01-02T15:00:00Z,GIII,13.59,-29,Market On Close,Filled,-394.11,"band" 
2008-01-02T15:00:00Z,LDL,10.26,-40,Market On Close,Filled,-410.4,"band" 
2008-01-02T15:00:00Z,LII,40.49,-7,Market On Close,Filled,-283.43,"adjust" 
2008-01-02T15:00:00Z,STLD,57.97,-4,Market On Close,Filled,-231.88,"adjust" 
2008-01-02T15:00:00Z,X,113.64,-2,Market On Close,Filled,-227.28,"adjust" 
2008-01-02T15:00:00Z,AEIS,12.76,16,Market On Close,Filled,204.16,"adjust" 
2008-01-02T15:00:00Z,FCX,103.37,6,Market On Close,Filled,620.22,"buy" 
2008-01-02T15:00:00Z,SNHY,24.26,20,Market On Close,Filled,485.2,"buy" 
2008-01-02T15:00:00Z,ZEUS,32.2,22,Market On Close,Filled,708.4,"buy" 
2008-02-01T15:00:00Z,COLM,41.04,-5,Market On Close,Filled,-205.2,"adjust" 
2008-02-01T15:00:00Z,MAT,21.3,-57,Market On Close,Filled,-1214.1,"band" 
2008-02-01T15:00:00Z,PCCC,11.44,-52,Market On Close,Filled,-594.88,"band" 
2008-02-01T15:00:00Z,VFC,79.62,-16,Market On Close,Filled,-1273.92,"band" 
2008-02-01T15:00:00Z,WEYS,28.98,-7,Market On Close,Filled,-202.86,"adjust" 
2008-02-01T15:00:00Z,BW,30.31,10,Market On Close,Filled,303.1,"adjust" 
2008-02-01T15:00:00Z,DLX,24.54,9,Market On Close,Filled,220.86,"adjust" 
2008-02-01T15:00:00Z,FUL,21.54,10,Market On Close,Filled,215.4,"adjust" 
2008-02-01T15:00:00Z,HHGP,7.21,36,Market On Close,Filled,259.56,"adjust" 
2008-02-01T15:00:00Z,IVAC,11.44,26,Market On Close,Filled,297.44,"adjust" 
2008-02-01T15:00:00Z,MEI,12.91,41,Market On Close,Filled,529.31,"buy" 
2008-02-01T15:00:00Z,MLR,12.75,17,Market On Close,Filled,216.75,"adjust" 
2008-02-01T15:00:00Z,TWIN,16.67,32,Market On Close,Filled,533.44,"buy" 
2008-02-01T15:00:00Z,UEIC,23.4,26,Market On Close,Filled,608.4,"buy" 
2008-02-01T15:00:00Z,WMK,38.32,9,Market On Close,Filled,344.88,"adjust" 
2008-03-03T15:00:00Z,BKE,44.23,-7,Market On Close,Filled,-309.61,"adjust" 
2008-03-03T15:00:00Z,BW,26.82,-20,Market On Close,Filled,-536.4,"band" 
2008-03-03T15:00:00Z,DLX,19.97,-27,Market On Close,Filled,-539.19,"band" 
2008-03-03T15:00:00Z,FUL,22.24,-32,Market On Close,Filled,-711.68,"band" 
2008-03-03T15:00:00Z,ODP,11.08,-41,Market On Close,Filled,-454.28,"band" 
2008-03-03T15:00:00Z,TWIN,20.11,-32,Market On Close,Filled,-643.52,"band" 
2008-03-03T15:00:00Z,CROX,23,18,Market On Close,Filled,414,"buy" 
2008-03-03T15:00:00Z,CUB,27.19,22,Market On Close,Filled,598.18,"buy" 
2008-03-03T15:00:00Z,KAMN,23.57,33,Market On Close,Filled,777.81,"buy" 
2008-03-03T15:00:00Z,RUSHA,14.36,60,Market On Close,Filled,861.6,"buy" 
2008-03-03T15:00:00Z,USMO,10.42,29,Market On Close,Filled,302.18,"adjust" 
2008-03-03T15:00:00Z,WDC,31.25,23,Market On Close,Filled,718.75,"buy" 
2008-03-15T04:00:00Z,MTLM,55.27,-17,Market,Filled,-939.59,"Liquidate from delisting" 
2008-04-01T14:00:00Z,AEIS,13.68,-45,Market On Close,Filled,-615.6,"band" 
2008-04-01T14:00:00Z,ALB,37,-20,Market On Close,Filled,-740,"band" 
2008-04-01T14:00:00Z,BRKS,10.28,-67,Market On Close,Filled,-688.76,"band" 
2008-04-01T14:00:00Z,HHGP,8.96,-83,Market On Close,Filled,-743.68,"band" 
2008-04-01T14:00:00Z,NUE,69.25,-3,Market On Close,Filled,-207.75,"adjust" 
2008-04-01T14:00:00Z,USMO,7.45,-80,Market On Close,Filled,-596,"band" 
2008-04-01T14:00:00Z,ZEUS,45.94,-5,Market On Close,Filled,-229.7,"adjust" 
2008-04-01T14:00:00Z,AZZ,37.81,17,Market On Close,Filled,642.77,"buy" 
2008-04-01T14:00:00Z,DECK,111.49,2,Market On Close,Filled,222.98,"adjust" 
2008-04-01T14:00:00Z,FSTR,44.97,11,Market On Close,Filled,494.67,"buy" 
2008-04-01T14:00:00Z,IMMR,6.98,32,Market On Close,Filled,223.36,"adjust" 
2008-04-01T14:00:00Z,LXU,15.08,39,Market On Close,Filled,588.12,"buy" 
2008-04-01T14:00:00Z,MLR,10.27,21,Market On Close,Filled,215.67,"adjust" 
2008-04-01T14:00:00Z,OXY,74.77,12,Market On Close,Filled,897.24,"buy" 
2008-04-01T14:00:00Z,RSC,19.9,37,Market On Close,Filled,736.3,"buy" 
2008-04-01T14:00:00Z,SCHL,30.49,29,Market On Close,Filled,884.21,"buy" 
2008-05-01T14:00:00Z,AMED,52.34,-21,Market On Close,Filled,-1099.14,"expired" 
2008-05-01T14:00:00Z,DECK,143.38,-2,Market On Close,Filled,-286.76,"adjust" 
2008-05-01T14:00:00Z,EXPO,34.07,-9,Market On Close,Filled,-306.63,"adjust" 
2008-05-01T14:00:00Z,HAS,36.15,-14,Market On Close,Filled,-506.1,"adjust" 
2008-05-01T14:00:00Z,HOC,41.73,-14,Market On Close,Filled,-584.22,"band" 
2008-05-01T14:00:00Z,IMMR,11.06,-71,Market On Close,Filled,-785.26,"band" 
2008-05-01T14:00:00Z,KAMN,27.67,-33,Market On Close,Filled,-913.11,"expired" 
2008-05-01T14:00:00Z,LRW,12.67,-43,Market On Close,Filled,-544.81,"expired" 
2008-05-01T14:00:00Z,LII,33.59,-21,Market On Close,Filled,-705.39,"expired" 
2008-05-01T14:00:00Z,MLR,11,-75,Market On Close,Filled,-825,"band" 
2008-05-01T14:00:00Z,OXY,81.02,-12,Market On Close,Filled,-972.24,"expired" 
2008-05-01T14:00:00Z,COP,86.59,-15,Market On Close,Filled,-1298.85,"expired" 
2008-05-01T14:00:00Z,PCU,110,-5,Market On Close,Filled,-550,"expired" 
2008-05-01T14:00:00Z,KFRC,8.44,-75,Market On Close,Filled,-633,"expired" 
2008-05-01T14:00:00Z,SCHN,86.4,-4,Market On Close,Filled,-345.6,"adjust" 
2008-05-01T14:00:00Z,UAUA,16.1,-15,Market On Close,Filled,-241.5,"expired" 
2008-05-01T14:00:00Z,AAON,19.08,39,Market On Close,Filled,744.12,"buy" 
2008-05-01T14:00:00Z,ANK,33.25,25,Market On Close,Filled,831.25,"buy" 
2008-05-01T14:00:00Z,NEU,63.59,10,Market On Close,Filled,635.9,"buy" 
2008-05-01T14:00:00Z,FLO,26.11,44,Market On Close,Filled,1148.84,"buy" 
2008-05-01T14:00:00Z,GHM,58.23,7,Market On Close,Filled,407.61,"buy" 
2008-05-01T14:00:00Z,GPS,19,50,Market On Close,Filled,950,"buy" 
2008-05-01T14:00:00Z,K,52.43,40,Market On Close,Filled,2097.2,"buy" 
2008-05-01T14:00:00Z,LG,38.25,36,Market On Close,Filled,1377,"buy" 
2008-05-01T14:00:00Z,PETS,11.21,78,Market On Close,Filled,874.38,"buy" 
2008-05-01T14:00:00Z,PTEN,27.94,32,Market On Close,Filled,894.08,"buy" 
2008-05-01T14:00:00Z,SAM,45.74,13,Market On Close,Filled,594.62,"buy" 
2008-05-01T14:00:00Z,TTMI,14.2,54,Market On Close,Filled,766.8,"buy" 
2008-05-01T14:00:00Z,WMK,30.37,7,Market On Close,Filled,212.59,"adjust" 
2008-06-02T14:00:00Z,AVT,29.37,-27,Market On Close,Filled,-792.99,"band" 
2008-06-02T14:00:00Z,CROX,10.03,-18,Market On Close,Filled,-180.54,"band" 
2008-06-02T14:00:00Z,DLTR,36.42,-7,Market On Close,Filled,-254.94,"adjust" 
2008-06-02T14:00:00Z,FLO,27.91,-44,Market On Close,Filled,-1228.04,"expired" 
2008-06-02T14:00:00Z,HAS,36.14,-27,Market On Close,Filled,-975.78,"expired" 
2008-06-02T14:00:00Z,IVAC,12.16,-55,Market On Close,Filled,-668.8,"band" 
2008-06-02T14:00:00Z,MRO,51.66,-18,Market On Close,Filled,-929.88,"band" 
2008-06-02T14:00:00Z,NVTL,10.19,-34,Market On Close,Filled,-346.46,"expired" 
2008-06-02T14:00:00Z,PETS,13.86,-16,Market On Close,Filled,-221.76,"adjust" 
2008-06-02T14:00:00Z,SNHY,41.04,-6,Market On Close,Filled,-246.24,"adjust" 
2008-06-02T14:00:00Z,UEIC,24.91,-26,Market On Close,Filled,-647.66,"band" 
2008-06-02T14:00:00Z,VLO,52.84,-16,Market On Close,Filled,-845.44,"band" 
2008-06-02T14:00:00Z,ZEUS,62.23,-5,Market On Close,Filled,-311.15,"adjust" 
2008-06-02T14:00:00Z,ABFS,35.11,16,Market On Close,Filled,561.76,"buy" 
2008-06-02T14:00:00Z,CF,139.39,4,Market On Close,Filled,557.56,"buy" 
2008-06-02T14:00:00Z,DCO,30.54,19,Market On Close,Filled,580.26,"buy" 
2008-06-02T14:00:00Z,DMLP,28.3,47,Market On Close,Filled,1330.1,"buy" 
2008-06-02T14:00:00Z,EGY,7.48,103,Market On Close,Filled,770.44,"buy" 
2008-06-02T14:00:00Z,FOSL,30.53,23,Market On Close,Filled,702.19,"buy" 
2008-06-02T14:00:00Z,JAKK,22.79,11,Market On Close,Filled,250.69,"adjust" 
2008-06-02T14:00:00Z,NFLX,30.89,20,Market On Close,Filled,617.8,"buy" 
2008-06-02T14:00:00Z,OXY,92.58,10,Market On Close,Filled,925.8,"buy" 
2008-06-02T14:00:00Z,PCU,109.75,6,Market On Close,Filled,658.5,"buy" 
2008-07-01T14:00:00Z,CMC,36.95,-6,Market On Close,Filled,-221.7,"adjust" 
2008-07-01T14:00:00Z,DMLP,31.44,-18,Market On Close,Filled,-565.92,"adjust" 
2008-07-01T14:00:00Z,PTEN,36.02,-9,Market On Close,Filled,-324.18,"adjust" 
2008-07-01T14:00:00Z,RS,78.12,-3,Market On Close,Filled,-234.36,"adjust" 
2008-07-01T14:00:00Z,RSC,11.14,-37,Market On Close,Filled,-412.18,"band" 
2008-07-01T14:00:00Z,STLD,38.09,-7,Market On Close,Filled,-266.63,"adjust" 
2008-07-01T14:00:00Z,X,175.36,-5,Market On Close,Filled,-876.8,"band" 
2008-07-01T14:00:00Z,COLM,37.02,8,Market On Close,Filled,296.16,"adjust" 
2008-07-01T14:00:00Z,NPK,63.93,19,Market On Close,Filled,1214.67,"buy" 
2008-07-01T14:00:00Z,TNC,29.82,10,Market On Close,Filled,298.2,"adjust" 
2008-07-01T14:00:00Z,UACL,22.31,28,Market On Close,Filled,624.68,"buy" 
2008-08-01T14:00:00Z,AZZ,46.14,-17,Market On Close,Filled,-784.38,"expired" 
2008-08-01T14:00:00Z,CALM,38.98,-6,Market On Close,Filled,-233.88,"adjust" 
2008-08-01T14:00:00Z,CUB,26.9,-22,Market On Close,Filled,-591.8,"band" 
2008-08-01T14:00:00Z,GHM,101.97,-7,Market On Close,Filled,-713.79,"expired" 
2008-08-01T14:00:00Z,K,52.4,-4,Market On Close,Filled,-209.6,"adjust" 
2008-08-01T14:00:00Z,LXU,21.65,-10,Market On Close,Filled,-216.5,"adjust" 
2008-08-01T14:00:00Z,RUSHA,11.42,-60,Market On Close,Filled,-685.2,"band" 
2008-08-01T14:00:00Z,WMK,38.31,-10,Market On Close,Filled,-383.1,"adjust" 
2008-08-01T14:00:00Z,CRMT,20.46,38,Market On Close,Filled,777.48,"buy" 
2008-08-01T14:00:00Z,DECK,105.49,2,Market On Close,Filled,210.98,"adjust" 
2008-08-01T14:00:00Z,GPN,44.65,25,Market On Close,Filled,1116.25,"buy" 
2008-08-01T14:00:00Z,HOFT,16.96,12,Market On Close,Filled,203.52,"adjust" 
2008-08-01T14:00:00Z,COP,81.14,14,Market On Close,Filled,1135.96,"buy" 
2008-08-01T14:00:00Z,PCU,25.97,9,Market On Close,Filled,233.73,"adjust" 
2008-08-01T14:00:00Z,SCHL,26.04,9,Market On Close,Filled,234.36,"adjust" 
2008-08-01T14:00:00Z,SKX,18.96,29,Market On Close,Filled,549.84,"buy" 
2008-09-02T14:00:00Z,SAM,44.83,-13,Market On Close,Filled,-582.79,"band" 
2008-09-02T14:00:00Z,SCHL,27.02,-38,Market On Close,Filled,-1026.76,"band" 
2008-09-02T14:00:00Z,SHOO,26.29,-9,Market On Close,Filled,-236.61,"adjust" 
2008-09-02T14:00:00Z,TNC,31.28,-32,Market On Close,Filled,-1000.96,"band" 
2008-09-02T14:00:00Z,DAR,13.2,46,Market On Close,Filled,607.2,"buy" 
2008-09-02T14:00:00Z,LDL,11.46,53,Market On Close,Filled,607.38,"buy" 
2008-09-02T14:00:00Z,WTI,33.31,19,Market On Close,Filled,632.89,"buy" 
2008-10-01T14:00:00Z,CALM,27.42,-15,Market On Close,Filled,-411.3,"expired" 
2008-10-01T14:00:00Z,CMC,16.28,-22,Market On Close,Filled,-358.16,"band" 
2008-10-01T14:00:00Z,COLM,40.9,-5,Market On Close,Filled,-204.5,"adjust" 
2008-10-01T14:00:00Z,DCO,22.9,-19,Market On Close,Filled,-435.1,"band" 
2008-10-01T14:00:00Z,GPN,44.05,-25,Market On Close,Filled,-1101.25,"expired" 
2008-10-01T14:00:00Z,LG,50.68,-15,Market On Close,Filled,-760.2,"adjust" 
2008-10-01T14:00:00Z,NPK,76.14,-4,Market On Close,Filled,-304.56,"adjust" 
2008-10-01T14:00:00Z,PCU,18.35,-27,Market On Close,Filled,-495.45,"band" 
2008-10-01T14:00:00Z,VLGEA,47.77,-5,Market On Close,Filled,-238.85,"adjust" 
2008-10-01T14:00:00Z,FSTR,30.71,9,Market On Close,Filled,276.39,"adjust" 
2008-10-01T14:00:00Z,GHM,49.05,7,Market On Close,Filled,343.35,"buy" 
2008-10-01T14:00:00Z,HVT,11.75,64,Market On Close,Filled,752,"buy" 
2008-10-01T14:00:00Z,IIIN,13,42,Market On Close,Filled,546,"buy" 
2008-10-01T14:00:00Z,MEI,8.73,30,Market On Close,Filled,261.9,"adjust" 
2008-10-01T14:00:00Z,PCLN,64.72,4,Market On Close,Filled,258.88,"adjust" 
2008-10-01T14:00:00Z,PCTI,9.42,85,Market On Close,Filled,800.7,"buy" 
2008-10-01T14:00:00Z,SCHN,37.63,6,Market On Close,Filled,225.78,"adjust" 
2008-10-01T14:00:00Z,STLD,15.92,12,Market On Close,Filled,191.04,"adjust" 
2008-10-01T14:00:00Z,TTWO,15.93,34,Market On Close,Filled,541.62,"buy" 
2008-11-03T15:00:00Z,AIT,19.93,-22,Market On Close,Filled,-438.46,"expired" 
2008-11-03T15:00:00Z,CVX,73.61,-8,Market On Close,Filled,-588.88,"adjust" 
2008-11-03T15:00:00Z,DECK,80.65,-5,Market On Close,Filled,-403.25,"band" 
2008-11-03T15:00:00Z,FCX,28.88,-6,Market On Close,Filled,-173.28,"band" 
2008-11-03T15:00:00Z,FSTR,28.28,-20,Market On Close,Filled,-565.6,"band" 
2008-11-03T15:00:00Z,GWW,78.78,-5,Market On Close,Filled,-393.9,"adjust" 
2008-11-03T15:00:00Z,K,52.29,-10,Market On Close,Filled,-522.9,"adjust" 
2008-11-03T15:00:00Z,LG,54.58,-8,Market On Close,Filled,-436.64,"adjust" 
2008-11-03T15:00:00Z,LXU,8.39,-29,Market On Close,Filled,-243.31,"band" 
2008-11-03T15:00:00Z,NPK,67.53,-5,Market On Close,Filled,-337.65,"adjust" 
2008-11-03T15:00:00Z,NUE,37.93,-11,Market On Close,Filled,-417.23,"band" 
2008-11-03T15:00:00Z,PCLN,52.29,-8,Market On Close,Filled,-418.32,"band" 
2008-11-03T15:00:00Z,PETS,18.25,-17,Market On Close,Filled,-310.25,"adjust" 
2008-11-03T15:00:00Z,SNHY,20.13,-14,Market On Close,Filled,-281.82,"band" 
2008-11-03T15:00:00Z,STLD,11.54,-29,Market On Close,Filled,-334.66,"band" 
2008-11-03T15:00:00Z,WMK,32.82,-7,Market On Close,Filled,-229.74,"adjust" 
2008-11-03T15:00:00Z,XOM,74.39,-7,Market On Close,Filled,-520.73,"adjust" 
2008-11-03T15:00:00Z,CALM,29.09,16,Market On Close,Filled,465.44,"buy" 
2008-11-03T15:00:00Z,CMI,26.48,8,Market On Close,Filled,211.84,"adjust" 
2008-11-03T15:00:00Z,NEU,36.59,6,Market On Close,Filled,219.54,"adjust" 
2008-11-03T15:00:00Z,HAS,27.13,30,Market On Close,Filled,813.9,"buy" 
2008-11-03T15:00:00Z,HOFT,9.8,26,Market On Close,Filled,254.8,"adjust" 
2008-11-03T15:00:00Z,HWCC,11.81,45,Market On Close,Filled,531.45,"buy" 
2008-11-03T15:00:00Z,LRW,8.18,83,Market On Close,Filled,678.94,"buy" 
2008-11-03T15:00:00Z,LZB,5.3,73,Market On Close,Filled,386.9,"buy" 
2008-11-03T15:00:00Z,PCTI,5.79,40,Market On Close,Filled,231.6,"adjust" 
2008-11-03T15:00:00Z,SRI,5.67,80,Market On Close,Filled,453.6,"buy" 
2008-11-03T15:00:00Z,SYKE,16.49,47,Market On Close,Filled,775.03,"buy" 
2008-11-03T15:00:00Z,TTMI,6.97,39,Market On Close,Filled,271.83,"adjust" 
2008-11-03T15:00:00Z,USPH,13.58,65,Market On Close,Filled,882.7,"buy" 
2008-11-03T15:00:00Z,WSO,40.06,15,Market On Close,Filled,600.9,"buy" 
2008-12-01T15:00:00Z,AAON,17.3,-11,Market On Close,Filled,-190.3,"adjust" 
2008-12-01T15:00:00Z,CMI,22.53,-18,Market On Close,Filled,-405.54,"band" 
2008-12-01T15:00:00Z,EGY,6.8,-43,Market On Close,Filled,-292.4,"adjust" 
2008-12-01T15:00:00Z,NEU,29.22,-16,Market On Close,Filled,-467.52,"band" 
2008-12-01T15:00:00Z,FOSL,13.3,-23,Market On Close,Filled,-305.9,"band" 
2008-12-01T15:00:00Z,LZB,2.53,-73,Market On Close,Filled,-184.69,"universe" 
2008-12-01T15:00:00Z,COP,48.01,-4,Market On Close,Filled,-192.04,"adjust" 
2008-12-01T15:00:00Z,SRI,3.44,-80,Market On Close,Filled,-275.2,"universe" 
2008-12-01T15:00:00Z,SYKE,16.47,-14,Market On Close,Filled,-230.58,"adjust" 
2008-12-01T15:00:00Z,CTR,12.13,42,Market On Close,Filled,509.46,"buy" 
2008-12-01T15:00:00Z,CTRN,11.88,29,Market On Close,Filled,344.52,"buy" 
2008-12-01T15:00:00Z,GCO,11.47,32,Market On Close,Filled,367.04,"buy" 
2008-12-01T15:00:00Z,HVT,8.03,26,Market On Close,Filled,208.78,"adjust" 
2008-12-01T15:00:00Z,MOV,11.75,16,Market On Close,Filled,188,"adjust" 
2008-12-01T15:00:00Z,SCVL,8.35,54,Market On Close,Filled,450.9,"buy" 
2008-12-01T15:00:00Z,SKX,11.31,20,Market On Close,Filled,226.2,"adjust" 
2008-12-01T15:00:00Z,WDC,10.8,20,Market On Close,Filled,216,"adjust" 
2008-12-01T15:00:00Z,FL,6.06,75,Market On Close,Filled,454.5,"buy" 
2009-01-02T15:00:00Z,PCTI,6.93,-41,Market On Close,Filled,-284.13,"adjust" 
2009-01-02T15:00:00Z,SCHN,40.18,-13,Market On Close,Filled,-522.34,"expired" 
2009-01-02T15:00:00Z,TSCO,36.73,20,Market On Close,Filled,734.6,"buy" 
2009-01-02T15:00:00Z,TTWO,7.95,38,Market On Close,Filled,302.1,"adjust" 
2009-02-02T15:00:00Z,DAR,4.48,-46,Market On Close,Filled,-206.08,"universe" 
2009-02-02T15:00:00Z,HOFT,8.09,-68,Market On Close,Filled,-550.12,"band" 
2009-02-02T15:00:00Z,LDL,3.8,-53,Market On Close,Filled,-201.4,"universe" 
2009-02-02T15:00:00Z,MEI,4.9,-71,Market On Close,Filled,-347.9,"universe" 
2009-02-02T15:00:00Z,MOV,7.66,-45,Market On Close,Filled,-344.7,"band" 
2009-02-02T15:00:00Z,NFLX,36.95,-6,Market On Close,Filled,-221.7,"adjust" 
2009-02-02T15:00:00Z,RS,22.21,-12,Market On Close,Filled,-266.52,"band" 
2009-02-02T15:00:00Z,TTMI,5.69,-93,Market On Close,Filled,-529.17,"band" 
2009-02-02T15:00:00Z,ASTE,24.69,19,Market On Close,Filled,469.11,"buy" 
2009-02-02T15:00:00Z,CPSI,26.07,26,Market On Close,Filled,677.82,"buy" 
2009-02-02T15:00:00Z,CRK,38.42,9,Market On Close,Filled,345.78,"buy" 
2009-02-02T15:00:00Z,HWKN,14.83,56,Market On Close,Filled,830.48,"buy" 
2009-02-02T15:00:00Z,LHCG,27.2,20,Market On Close,Filled,544,"buy" 
2009-02-02T15:00:00Z,RBIN,10.79,23,Market On Close,Filled,248.17,"buy" 
2009-02-02T15:00:00Z,KFRC,6.32,81,Market On Close,Filled,511.92,"buy" 
2009-03-02T15:00:00Z,CF,58.99,-4,Market On Close,Filled,-235.96,"band" 
2009-03-02T15:00:00Z,COP,35.15,-10,Market On Close,Filled,-351.5,"band" 
2009-03-02T15:00:00Z,WTI,6.73,-19,Market On Close,Filled,-127.87,"band" 
2009-03-02T15:00:00Z,CRY,4.52,72,Market On Close,Filled,325.44,"buy" 
2009-03-02T15:00:00Z,FSYS,19.25,15,Market On Close,Filled,288.75,"buy" 
2009-03-02T15:00:00Z,MTSC,21.55,27,Market On Close,Filled,581.85,"buy" 
2009-04-01T14:00:00Z,ABFS,19.17,-16,Market On Close,Filled,-306.72,"band" 
2009-04-01T14:00:00Z,CTR,18.2,-11,Market On Close,Filled,-200.2,"adjust" 
2009-04-01T14:00:00Z,CTRN,22.96,-15,Market On Close,Filled,-344.4,"adjust" 
2009-04-01T14:00:00Z,HVT,10.47,-28,Market On Close,Filled,-293.16,"adjust" 
2009-04-01T14:00:00Z,JAKK,12.65,-37,Market On Close,Filled,-468.05,"band" 
2009-04-01T14:00:00Z,LRW,8.37,-83,Market On Close,Filled,-694.71,"band" 
2009-04-01T14:00:00Z,NVR,430.02,-1,Market On Close,Filled,-430.02,"band" 
2009-04-01T14:00:00Z,PCTI,4.47,-84,Market On Close,Filled,-375.48,"universe" 
2009-04-01T14:00:00Z,SKX,6.91,-49,Market On Close,Filled,-338.59,"band" 
2009-04-01T14:00:00Z,TTWO,8.47,-72,Market On Close,Filled,-609.84,"band" 
2009-04-01T14:00:00Z,VLGEA,31.74,-8,Market On Close,Filled,-253.92,"adjust" 
2009-04-01T14:00:00Z,WDC,19.91,-19,Market On Close,Filled,-378.29,"adjust" 
2009-04-01T14:00:00Z,FL,10.67,-26,Market On Close,Filled,-277.42,"adjust" 
2009-04-01T14:00:00Z,AMED,27.4,19,Market On Close,Filled,520.6,"buy" 
2009-04-01T14:00:00Z,CALM,22.08,10,Market On Close,Filled,220.8,"adjust" 
2009-04-01T14:00:00Z,CVX,68.19,3,Market On Close,Filled,204.57,"adjust" 
2009-04-01T14:00:00Z,CMTL,25.14,21,Market On Close,Filled,527.94,"buy" 
2009-04-01T14:00:00Z,CNC,17.65,36,Market On Close,Filled,635.4,"buy" 
2009-04-01T14:00:00Z,CODI,9.21,47,Market On Close,Filled,432.87,"buy" 
2009-04-01T14:00:00Z,FIZ,9.25,53,Market On Close,Filled,490.25,"buy" 
2009-04-01T14:00:00Z,GHM,8.82,24,Market On Close,Filled,211.68,"adjust" 
2009-04-01T14:00:00Z,K,37.53,6,Market On Close,Filled,225.18,"adjust" 
2009-04-01T14:00:00Z,LG,39.12,8,Market On Close,Filled,312.96,"adjust" 
2009-04-01T14:00:00Z,MLAB,16.6,41,Market On Close,Filled,680.6,"buy" 
2009-04-01T14:00:00Z,PTEN,9.19,24,Market On Close,Filled,220.56,"adjust" 
2009-04-01T14:00:00Z,WIRE,21.98,28,Market On Close,Filled,615.44,"buy" 
2009-05-01T14:00:00Z,B,13.91,-26,Market On Close,Filled,-361.66,"expired" 
2009-05-01T14:00:00Z,CPSI,35.39,-6,Market On Close,Filled,-212.34,"adjust" 
2009-05-01T14:00:00Z,CRY,5.48,-72,Market On Close,Filled,-394.56,"expired" 
2009-05-01T14:00:00Z,EGY,4.7,-60,Market On Close,Filled,-282,"universe" 
2009-05-01T14:00:00Z,GCO,22.1,-9,Market On Close,Filled,-198.9,"adjust" 
2009-05-01T14:00:00Z,GHM,12.63,-38,Market On Close,Filled,-479.94,"band" 
2009-05-01T14:00:00Z,GWW,82.78,-11,Market On Close,Filled,-910.58,"expired" 
2009-05-01T14:00:00Z,HAS,26.89,-30,Market On Close,Filled,-806.7,"expired" 
2009-05-01T14:00:00Z,KFRC,10.63,-81,Market On Close,Filled,-861.03,"expired" 
2009-05-01T14:00:00Z,SCVL,11.31,-19,Market On Close,Filled,-214.89,"adjust" 
2009-05-01T14:00:00Z,SHOO,28.47,-9,Market On Close,Filled,-256.23,"adjust" 
2009-05-01T14:00:00Z,USPH,11.16,-21,Market On Close,Filled,-234.36,"adjust" 
2009-05-01T14:00:00Z,CASY,26.02,25,Market On Close,Filled,650.5,"buy" 
2009-05-01T14:00:00Z,DGIT,21.99,29,Market On Close,Filled,637.71,"buy" 
2009-05-01T14:00:00Z,JCOM,23.72,27,Market On Close,Filled,640.44,"buy" 
2009-05-01T14:00:00Z,KIRK,6.71,78,Market On Close,Filled,523.38,"buy" 
2009-05-01T14:00:00Z,LG,35.59,7,Market On Close,Filled,249.13,"adjust" 
2009-05-01T14:00:00Z,LINC,15.74,41,Market On Close,Filled,645.34,"buy" 
2009-05-01T14:00:00Z,PLCE,28.9,19,Market On Close,Filled,549.1,"buy" 
2009-05-01T14:00:00Z,ULBI,7.39,60,Market On Close,Filled,443.4,"buy" 
2009-05-01T14:00:00Z,XOM,67.93,4,Market On Close,Filled,271.72,"adjust" 
2009-06-01T14:00:00Z,CRK,40.83,-9,Market On Close,Filled,-367.47,"band" 
2009-06-01T14:00:00Z,GPS,18.64,-14,Market On Close,Filled,-260.96,"adjust" 
2009-06-01T14:00:00Z,HWCC,13.16,-45,Market On Close,Filled,-592.2,"band" 
2009-06-01T14:00:00Z,HWKN,21,-17,Market On Close,Filled,-357,"adjust" 
2009-06-01T14:00:00Z,IIIN,9.08,-42,Market On Close,Filled,-381.36,"band" 
2009-06-01T14:00:00Z,FSYS,22.74,-15,Market On Close,Filled,-341.1,"band" 
2009-06-01T14:00:00Z,LINC,18.84,-11,Market On Close,Filled,-207.24,"adjust" 
2009-06-01T14:00:00Z,NPK,83.75,-4,Market On Close,Filled,-335,"adjust" 
2009-06-01T14:00:00Z,OXY,69.33,-10,Market On Close,Filled,-693.3,"band" 
2009-06-01T14:00:00Z,PTEN,15.23,-47,Market On Close,Filled,-715.81,"band" 
2009-06-01T14:00:00Z,ULBI,7.03,-60,Market On Close,Filled,-421.8,"band" 
2009-06-01T14:00:00Z,ZEUS,19.69,-12,Market On Close,Filled,-236.28,"band" 
2009-06-01T14:00:00Z,APU,32.31,27,Market On Close,Filled,872.37,"buy" 
2009-06-01T14:00:00Z,AIT,22.14,32,Market On Close,Filled,708.48,"buy" 
2009-06-01T14:00:00Z,CHE,39.4,23,Market On Close,Filled,906.2,"buy" 
2009-06-01T14:00:00Z,SNS,9.14,51,Market On Close,Filled,466.14,"buy" 
2009-06-01T14:00:00Z,JJSF,38.28,25,Market On Close,Filled,957,"buy" 
2009-06-01T14:00:00Z,NATH,12.75,70,Market On Close,Filled,892.5,"buy" 
2009-06-01T14:00:00Z,RHI,22.61,29,Market On Close,Filled,655.69,"buy" 
2009-06-01T14:00:00Z,USMO,11.34,58,Market On Close,Filled,657.72,"buy" 
2009-07-01T14:00:00Z,ANK,39.86,-16,Market On Close,Filled,-637.76,"adjust" 
2009-07-01T14:00:00Z,CMTL,32.55,-21,Market On Close,Filled,-683.55,"band" 
2009-07-01T14:00:00Z,CRMT,21.14,-15,Market On Close,Filled,-317.1,"adjust" 
2009-07-01T14:00:00Z,KIRK,11.21,-39,Market On Close,Filled,-437.19,"adjust" 
2009-07-01T14:00:00Z,LG,33.74,-28,Market On Close,Filled,-944.72,"band" 
2009-07-01T14:00:00Z,CORE,26.88,25,Market On Close,Filled,672,"buy" 
2009-07-01T14:00:00Z,EXPO,25.23,10,Market On Close,Filled,252.3,"adjust" 
2009-07-01T14:00:00Z,MTSC,21.29,12,Market On Close,Filled,255.48,"adjust" 
2009-07-01T14:00:00Z,SIF,10.57,49,Market On Close,Filled,517.93,"buy" 
2009-08-03T14:00:00Z,AMED,44.8,-19,Market On Close,Filled,-851.2,"band" 
2009-08-03T14:00:00Z,GCO,22.07,-23,Market On Close,Filled,-507.61,"band" 
2009-08-03T14:00:00Z,ALGN,11.19,47,Market On Close,Filled,525.93,"buy" 
2009-08-03T14:00:00Z,CVX,70.4,3,Market On Close,Filled,211.2,"adjust" 
2009-08-03T14:00:00Z,RGR,11.87,45,Market On Close,Filled,534.15,"buy" 
2009-09-01T14:00:00Z,ALGN,12.91,-16,Market On Close,Filled,-206.56,"adjust" 
2009-09-01T14:00:00Z,SIF,13.8,-14,Market On Close,Filled,-193.2,"adjust" 
2009-09-01T14:00:00Z,WDC,33.21,-6,Market On Close,Filled,-199.26,"adjust" 
2009-09-01T14:00:00Z,DMLP,22.48,10,Market On Close,Filled,224.8,"adjust" 
2009-09-01T14:00:00Z,VLGEA,29.09,7,Market On Close,Filled,203.63,"adjust" 
2009-09-01T14:00:00Z,WMK,31.72,7,Market On Close,Filled,222.04,"adjust" 
2009-10-01T14:00:00Z,ASTE,24.28,-19,Market On Close,Filled,-461.32,"band" 
2009-10-01T14:00:00Z,CODI,10.3,-47,Market On Close,Filled,-484.1,"band" 
2009-10-01T14:00:00Z,EXPO,27.54,-31,Market On Close,Filled,-853.74,"band" 
2009-10-01T14:00:00Z,MTSC,28.4,-7,Market On Close,Filled,-198.8,"adjust" 
2009-10-01T14:00:00Z,WEYS,22.35,-17,Market On Close,Filled,-379.95,"band" 
2009-10-01T14:00:00Z,FL,11.53,-49,Market On Close,Filled,-564.97,"band" 
2009-10-01T14:00:00Z,DISCA,28.91,27,Market On Close,Filled,780.57,"buy" 
2009-10-01T14:00:00Z,PLUS,15.36,61,Market On Close,Filled,936.96,"buy" 
2009-10-01T14:00:00Z,SCHN,51.67,8,Market On Close,Filled,413.36,"buy" 
2009-10-01T14:00:00Z,TESS,16.91,30,Market On Close,Filled,507.3,"buy" 
2009-10-01T14:00:00Z,TTEC,16.46,36,Market On Close,Filled,592.56,"buy" 
2009-10-01T14:00:00Z,XOM,67.27,4,Market On Close,Filled,269.08,"adjust" 
2009-11-02T15:00:00Z,CALM,27.93,-26,Market On Close,Filled,-726.18,"band" 
2009-11-02T15:00:00Z,CHE,44.44,-23,Market On Close,Filled,-1022.12,"band" 
2009-11-02T15:00:00Z,CVX,76.64,-13,Market On Close,Filled,-996.32,"band" 
2009-11-02T15:00:00Z,DMLP,22.15,-39,Market On Close,Filled,-863.85,"band" 
2009-11-02T15:00:00Z,NATH,14.62,-70,Market On Close,Filled,-1023.4,"band" 
2009-11-02T15:00:00Z,PLCE,32.53,-19,Market On Close,Filled,-618.07,"band" 
2009-11-02T15:00:00Z,XOM,72.15,-16,Market On Close,Filled,-1154.4,"band" 
2009-11-02T15:00:00Z,AAON,18.66,14,Market On Close,Filled,261.24,"adjust" 
2009-11-02T15:00:00Z,APOG,12.9,44,Market On Close,Filled,567.6,"buy" 
2009-11-02T15:00:00Z,APU,37.04,6,Market On Close,Filled,222.24,"adjust" 
2009-11-02T15:00:00Z,AIT,20.31,11,Market On Close,Filled,223.41,"adjust" 
2009-11-02T15:00:00Z,ARKR,12.8,45,Market On Close,Filled,576,"buy" 
2009-11-02T15:00:00Z,CVI,10.34,39,Market On Close,Filled,403.26,"buy" 
2009-11-02T15:00:00Z,JCOM,20.2,12,Market On Close,Filled,242.4,"adjust" 
2009-11-02T15:00:00Z,LXU,12.34,48,Market On Close,Filled,592.32,"buy" 
2009-11-02T15:00:00Z,NPK,85.71,3,Market On Close,Filled,257.13,"adjust" 
2009-11-02T15:00:00Z,POWL,36.05,17,Market On Close,Filled,612.85,"buy" 
2009-11-02T15:00:00Z,AN,17.56,36,Market On Close,Filled,632.16,"buy" 
2009-11-02T15:00:00Z,RS,36.42,14,Market On Close,Filled,509.88,"buy" 
2009-11-02T15:00:00Z,WIRE,20.88,12,Market On Close,Filled,250.56,"adjust" 
2009-12-01T15:00:00Z,AAON,19.03,-42,Market On Close,Filled,-799.26,"band" 
2009-12-01T15:00:00Z,AIT,20.88,-43,Market On Close,Filled,-897.84,"band" 
2009-12-01T15:00:00Z,CNC,19.27,-36,Market On Close,Filled,-693.72,"band" 
2009-12-01T15:00:00Z,LHCG,31.9,-20,Market On Close,Filled,-638,"band" 
2009-12-01T15:00:00Z,PETS,16.48,-45,Market On Close,Filled,-741.6,"band" 
2009-12-01T15:00:00Z,RHI,22.75,-29,Market On Close,Filled,-659.75,"band" 
2009-12-01T15:00:00Z,UACL,16.13,-28,Market On Close,Filled,-451.64,"band" 
2009-12-01T15:00:00Z,CENT,9.15,65,Market On Close,Filled,594.75,"buy" 
2009-12-01T15:00:00Z,DPZ,7.75,83,Market On Close,Filled,643.25,"buy" 
2009-12-01T15:00:00Z,EGN,44.15,20,Market On Close,Filled,883,"buy" 
2009-12-01T15:00:00Z,FIZ,10.89,19,Market On Close,Filled,206.91,"adjust" 
2009-12-01T15:00:00Z,GTLS,16.91,27,Market On Close,Filled,456.57,"buy" 
2009-12-01T15:00:00Z,HHS,9.82,61,Market On Close,Filled,599.02,"buy" 
2009-12-01T15:00:00Z,JBSS,16.32,37,Market On Close,Filled,603.84,"buy" 
2009-12-01T15:00:00Z,JJSF,36.91,6,Market On Close,Filled,221.46,"adjust" 
2009-12-01T15:00:00Z,K,52.97,4,Market On Close,Filled,211.88,"adjust" 
2009-12-01T15:00:00Z,OTL,9.38,45,Market On Close,Filled,422.1,"buy" 
2009-12-01T15:00:00Z,USMO,10.34,27,Market On Close,Filled,279.18,"adjust" 
2009-12-01T15:00:00Z,VLGEA,30.85,8,Market On Close,Filled,246.8,"adjust" 
2009-12-01T15:00:00Z,WSO,50.79,4,Market On Close,Filled,203.16,"adjust" 
2010-01-04T15:00:00Z,CENT,10.65,-65,Market On Close,Filled,-692.25,"universe" 
2010-01-04T15:00:00Z,SNS,314.25,-1,Market On Close,Filled,-314.25,"adjust" 
2010-01-04T15:00:00Z,FIZ,12.71,-15,Market On Close,Filled,-190.65,"adjust" 
2010-01-04T15:00:00Z,KIRK,18,-12,Market On Close,Filled,-216,"adjust" 
2010-01-04T15:00:00Z,SCHN,50,-8,Market On Close,Filled,-400,"expired" 
2010-01-04T15:00:00Z,USPH,17.05,-13,Market On Close,Filled,-221.65,"adjust" 
2010-01-04T15:00:00Z,WIRE,21.26,-40,Market On Close,Filled,-850.4,"band" 
2010-01-04T15:00:00Z,CASY,31.79,7,Market On Close,Filled,222.53,"adjust" 
2010-01-04T15:00:00Z,CLW,54.32,7,Market On Close,Filled,380.24,"buy" 
2010-01-04T15:00:00Z,CVI,7.43,30,Market On Close,Filled,222.9,"adjust" 
2010-01-04T15:00:00Z,MFRI,6.77,92,Market On Close,Filled,622.84,"buy" 
2010-01-04T15:00:00Z,TSRA,23.81,24,Market On Close,Filled,571.44,"buy" 
2010-02-01T15:00:00Z,DLTR,49.97,-20,Market On Close,Filled,-999.4,"band" 
2010-02-01T15:00:00Z,DPZ,11.36,-23,Market On Close,Filled,-261.28,"adjust" 
2010-02-01T15:00:00Z,JCOM,20.87,-39,Market On Close,Filled,-813.93,"band" 
2010-02-01T15:00:00Z,JJSF,41.46,-31,Market On Close,Filled,-1285.26,"band" 
2010-02-01T15:00:00Z,MLAB,27.2,-41,Market On Close,Filled,-1115.2,"universe" 
2010-02-01T15:00:00Z,NFLX,61.03,-6,Market On Close,Filled,-366.18,"adjust" 
2010-02-01T15:00:00Z,VLGEA,26.13,-35,Market On Close,Filled,-914.55,"band" 
2010-02-01T15:00:00Z,CORE,30.23,7,Market On Close,Filled,211.61,"adjust" 
2010-02-01T15:00:00Z,DISCA,29.79,7,Market On Close,Filled,208.53,"adjust" 
2010-02-01T15:00:00Z,FOSL,33.04,25,Market On Close,Filled,826,"buy" 
2010-02-01T15:00:00Z,GPS,19.17,13,Market On Close,Filled,249.21,"adjust" 
2010-02-01T15:00:00Z,IPG,6.6,100,Market On Close,Filled,660,"buy" 
2010-02-01T15:00:00Z,MED,17.97,22,Market On Close,Filled,395.34,"buy" 
2010-02-01T15:00:00Z,PLUS,15.92,14,Market On Close,Filled,222.88,"adjust" 
2010-02-01T15:00:00Z,MTRX,10.52,66,Market On Close,Filled,694.32,"buy" 
2010-02-01T15:00:00Z,PLCE,32.82,20,Market On Close,Filled,656.4,"buy" 
2010-02-01T15:00:00Z,POWL,30.16,8,Market On Close,Filled,241.28,"adjust" 
2010-03-01T15:00:00Z,CPSI,36.15,-20,Market On Close,Filled,-723,"band" 
2010-03-01T15:00:00Z,DGIT,32.75,-10,Market On Close,Filled,-327.5,"adjust" 
2010-03-01T15:00:00Z,EGN,46.68,-20,Market On Close,Filled,-933.6,"universe" 
2010-03-01T15:00:00Z,HVT,13.49,-62,Market On Close,Filled,-836.38,"band" 
2010-03-01T15:00:00Z,PLUS,16.5,-75,Market On Close,Filled,-1237.5,"band" 
2010-03-01T15:00:00Z,MTSC,27.92,-32,Market On Close,Filled,-893.44,"band" 
2010-03-01T15:00:00Z,WSO,59.16,-19,Market On Close,Filled,-1124.04,"band" 
2010-03-01T15:00:00Z,ANK,45.37,5,Market On Close,Filled,226.85,"adjust" 
2010-03-01T15:00:00Z,APU,40.24,8,Market On Close,Filled,321.92,"adjust" 
2010-03-01T15:00:00Z,BKE,29.59,8,Market On Close,Filled,236.72,"adjust" 
2010-03-01T15:00:00Z,CASY,30.76,8,Market On Close,Filled,246.08,"adjust" 
2010-03-01T15:00:00Z,CTRN,30.22,8,Market On Close,Filled,241.76,"adjust" 
2010-03-01T15:00:00Z,NEU,91.02,8,Market On Close,Filled,728.16,"buy" 
2010-03-01T15:00:00Z,FIZ,11.55,30,Market On Close,Filled,346.5,"adjust" 
2010-03-01T15:00:00Z,GCI,15.93,30,Market On Close,Filled,477.9,"buy" 
2010-03-01T15:00:00Z,HWKN,20.6,11,Market On Close,Filled,226.6,"adjust" 
2010-03-01T15:00:00Z,K,52.16,4,Market On Close,Filled,208.64,"adjust" 
2010-03-01T15:00:00Z,LZB,13.52,29,Market On Close,Filled,392.08,"buy" 
2010-03-01T15:00:00Z,RBIN,18.32,13,Market On Close,Filled,238.16,"adjust" 
2010-03-01T15:00:00Z,RGR,11.8,20,Market On Close,Filled,236,"adjust" 
2010-03-01T15:00:00Z,AN,18.2,17,Market On Close,Filled,309.4,"adjust" 
2010-03-01T15:00:00Z,SCL,48.41,16,Market On Close,Filled,774.56,"buy" 
2010-03-01T15:00:00Z,SYKE,24.68,11,Market On Close,Filled,271.48,"adjust" 
2010-03-01T15:00:00Z,UFS,56.19,9,Market On Close,Filled,505.71,"buy" 
2010-03-01T15:00:00Z,UIS,36.63,12,Market On Close,Filled,439.56,"buy" 
2010-03-01T15:00:00Z,WMK,34.79,10,Market On Close,Filled,347.9,"adjust" 
2010-04-01T14:00:00Z,ARKR,13.35,-45,Market On Close,Filled,-600.75,"universe" 
2010-04-01T14:00:00Z,BKE,37.16,-28,Market On Close,Filled,-1040.48,"band" 
2010-04-01T14:00:00Z,CTRN,33.1,-22,Market On Close,Filled,-728.2,"band" 
2010-04-01T14:00:00Z,MFRI,6.68,-92,Market On Close,Filled,-614.56,"universe" 
2010-04-01T14:00:00Z,NFLX,75,-8,Market On Close,Filled,-600,"band" 
2010-04-01T14:00:00Z,AN,18.16,-53,Market On Close,Filled,-962.48,"band" 
2010-04-01T14:00:00Z,AMED,56.99,12,Market On Close,Filled,683.88,"buy" 
2010-04-01T14:00:00Z,APU,40.51,5,Market On Close,Filled,202.55,"adjust" 
2010-04-01T14:00:00Z,CRMT,25.03,12,Market On Close,Filled,300.36,"adjust" 
2010-04-01T14:00:00Z,SNS,382.1,1,Market On Close,Filled,382.1,"adjust" 
2010-04-01T14:00:00Z,DDS,24.1,23,Market On Close,Filled,554.3,"buy" 
2010-04-01T14:00:00Z,DSW,25.76,25,Market On Close,Filled,644,"buy" 
2010-04-01T14:00:00Z,FLXS,13.31,40,Market On Close,Filled,532.4,"buy" 
2010-04-01T14:00:00Z,GLT,14.47,54,Market On Close,Filled,781.38,"buy" 
2010-04-01T14:00:00Z,HA,7.36,91,Market On Close,Filled,669.76,"buy" 
2010-04-01T14:00:00Z,TTEC,16.91,18,Market On Close,Filled,304.38,"adjust" 
2010-05-03T14:00:00Z,ALGN,17.4,-31,Market On Close,Filled,-539.4,"band" 
2010-05-03T14:00:00Z,CASY,38.42,-20,Market On Close,Filled,-768.4,"adjust" 
2010-05-03T14:00:00Z,CVI,8.47,-69,Market On Close,Filled,-584.43,"band" 
2010-05-03T14:00:00Z,DPZ,16.06,-60,Market On Close,Filled,-963.6,"expired" 
2010-05-03T14:00:00Z,HWKN,27.56,-9,Market On Close,Filled,-248.04,"adjust" 
2010-05-03T14:00:00Z,LXU,18.65,-48,Market On Close,Filled,-895.2,"band" 
2010-05-03T14:00:00Z,MED,32.8,-7,Market On Close,Filled,-229.6,"adjust" 
2010-05-03T14:00:00Z,OTL,13.92,-45,Market On Close,Filled,-626.4,"band" 
2010-05-03T14:00:00Z,RGR,17.23,-65,Market On Close,Filled,-1119.95,"band" 
2010-05-03T14:00:00Z,SCL,76.17,-7,Market On Close,Filled,-533.19,"adjust" 
2010-05-03T14:00:00Z,SHOO,40.08,-4,Market On Close,Filled,-160.32,"adjust" 
2010-05-03T14:00:00Z,SIF,13.95,-35,Market On Close,Filled,-488.25,"universe" 
2010-05-03T14:00:00Z,SYKE,22.51,-44,Market On Close,Filled,-990.44,"band" 
2010-05-03T14:00:00Z,TSCO,67.93,-4,Market On Close,Filled,-271.72,"adjust" 
2010-05-03T14:00:00Z,TTEC,16.87,-54,Market On Close,Filled,-910.98,"expired" 
2010-05-03T14:00:00Z,UIS,28.75,-12,Market On Close,Filled,-345,"expired" 
2010-05-03T14:00:00Z,USMO,14.23,-85,Market On Close,Filled,-1209.55,"expired" 
2010-05-03T14:00:00Z,ATSG,5.52,54,Market On Close,Filled,298.08,"buy" 
2010-05-03T14:00:00Z,ALG,24.59,40,Market On Close,Filled,983.6,"buy" 
2010-05-03T14:00:00Z,APOG,14.13,16,Market On Close,Filled,226.08,"adjust" 
2010-05-03T14:00:00Z,CORE,30.59,9,Market On Close,Filled,275.31,"adjust" 
2010-05-03T14:00:00Z,DECK,143.79,5,Market On Close,Filled,718.95,"buy" 
2010-05-03T14:00:00Z,FIZ,11.65,24,Market On Close,Filled,279.6,"adjust" 
2010-05-03T14:00:00Z,GIII,30.75,22,Market On Close,Filled,676.5,"buy" 
2010-05-03T14:00:00Z,JBSS,15.05,18,Market On Close,Filled,270.9,"adjust" 
2010-05-03T14:00:00Z,IPAR,17.64,45,Market On Close,Filled,793.8,"buy" 
2010-05-03T14:00:00Z,MSTR,76.09,9,Market On Close,Filled,684.81,"buy" 
2010-05-03T14:00:00Z,MVO,26.44,50,Market On Close,Filled,1322,"buy" 
2010-05-03T14:00:00Z,NPK,114.36,2,Market On Close,Filled,228.72,"adjust" 
2010-05-03T14:00:00Z,OSK,39.75,19,Market On Close,Filled,755.25,"buy" 
2010-05-03T14:00:00Z,SKX,39.71,20,Market On Close,Filled,794.2,"buy" 
2010-05-03T14:00:00Z,SXI,25.94,24,Market On Close,Filled,622.56,"buy" 
2010-05-03T14:00:00Z,TSRA,20.46,12,Market On Close,Filled,245.52,"adjust" 
2010-05-03T14:00:00Z,USPH,17.96,15,Market On Close,Filled,269.4,"adjust" 
2010-05-03T14:00:00Z,UVV,54.38,22,Market On Close,Filled,1196.36,"buy" 
2010-05-03T14:00:00Z,WMK,37.93,11,Market On Close,Filled,417.23,"adjust" 
2010-06-01T14:00:00Z,ALG,22.58,-12,Market On Close,Filled,-270.96,"adjust" 
2010-06-01T14:00:00Z,APU,38.96,-9,Market On Close,Filled,-350.64,"adjust" 
2010-06-01T14:00:00Z,GTLS,16.96,-27,Market On Close,Filled,-457.92,"band" 
2010-06-01T14:00:00Z,TSRA,16.87,-36,Market On Close,Filled,-607.32,"band" 
2010-06-01T14:00:00Z,EBF,16.13,40,Market On Close,Filled,645.2,"buy" 
2010-06-01T14:00:00Z,GCI,14.54,13,Market On Close,Filled,189.02,"adjust" 
2010-06-01T14:00:00Z,GLT,10.68,18,Market On Close,Filled,192.24,"adjust" 
2010-06-01T14:00:00Z,KMX,21.14,42,Market On Close,Filled,887.88,"buy" 
2010-06-01T14:00:00Z,LINC,22.79,12,Market On Close,Filled,273.48,"adjust" 
2010-07-01T14:00:00Z,ATSG,4.93,-54,Market On Close,Filled,-266.22,"universe" 
2010-07-01T14:00:00Z,ANK,40.16,-14,Market On Close,Filled,-562.24,"band" 
2010-07-01T14:00:00Z,DISCA,36.09,-7,Market On Close,Filled,-252.63,"adjust" 
2010-07-01T14:00:00Z,FIZ,12.28,-21,Market On Close,Filled,-257.88,"adjust" 
2010-07-01T14:00:00Z,K,50.77,-5,Market On Close,Filled,-253.85,"adjust" 
2010-07-01T14:00:00Z,MVO,25.47,-11,Market On Close,Filled,-280.17,"adjust" 
2010-07-01T14:00:00Z,CLW,53.04,4,Market On Close,Filled,212.16,"adjust" 
2010-07-01T14:00:00Z,GCO,26.36,30,Market On Close,Filled,790.8,"buy" 
2010-07-01T14:00:00Z,HA,5.24,50,Market On Close,Filled,262,"adjust" 
2010-07-01T14:00:00Z,LZB,7.28,31,Market On Close,Filled,225.68,"adjust" 
2010-07-01T14:00:00Z,WSM,23.92,28,Market On Close,Filled,669.76,"buy" 
2010-08-02T14:00:00Z,APOG,11.12,-60,Market On Close,Filled,-667.2,"band" 
2010-08-02T14:00:00Z,HA,5.89,-141,Market On Close,Filled,-830.49,"band" 
2010-08-02T14:00:00Z,HWKN,32.17,-16,Market On Close,Filled,-514.72,"adjust" 
2010-08-02T14:00:00Z,IPG,9.2,-23,Market On Close,Filled,-211.6,"adjust" 
2010-08-02T14:00:00Z,K,50,-5,Market On Close,Filled,-250,"adjust" 
2010-08-02T14:00:00Z,AMED,26.75,8,Market On Close,Filled,214,"adjust" 
2010-08-02T14:00:00Z,BWS,14.65,46,Market On Close,Filled,673.9,"buy" 
2010-08-02T14:00:00Z,CASY,38.06,7,Market On Close,Filled,266.42,"adjust" 
2010-08-02T14:00:00Z,FLXS,11.45,26,Market On Close,Filled,297.7,"adjust" 
2010-08-02T14:00:00Z,KIRK,18.2,13,Market On Close,Filled,236.6,"adjust" 
2010-08-02T14:00:00Z,SAFM,45.82,26,Market On Close,Filled,1191.32,"buy" 
2010-08-02T14:00:00Z,WDC,27.16,12,Market On Close,Filled,325.92,"adjust" 
2010-09-01T14:00:00Z,FIZ,14.98,-25,Market On Close,Filled,-374.5,"adjust" 
2010-09-01T14:00:00Z,FLXS,14.15,-21,Market On Close,Filled,-297.15,"adjust" 
2010-09-01T14:00:00Z,FOSL,48.8,-10,Market On Close,Filled,-488,"adjust" 
2010-09-01T14:00:00Z,HHS,10.42,-61,Market On Close,Filled,-635.62,"band" 
2010-09-01T14:00:00Z,KMX,20.78,-42,Market On Close,Filled,-872.76,"band" 
2010-09-01T14:00:00Z,NPK,106.79,-2,Market On Close,Filled,-213.58,"adjust" 
2010-09-01T14:00:00Z,RBIN,24.26,-11,Market On Close,Filled,-266.86,"adjust" 
2010-09-01T14:00:00Z,AAWW,45.37,14,Market On Close,Filled,635.18,"buy" 
2010-09-01T14:00:00Z,NUS,27.1,31,Market On Close,Filled,840.1,"buy" 
2010-09-01T14:00:00Z,OSK,25.6,10,Market On Close,Filled,256,"adjust" 
2010-09-01T14:00:00Z,SCL,56.35,4,Market On Close,Filled,225.4,"adjust" 
2010-10-01T14:00:00Z,MTRX,8.7,-66,Market On Close,Filled,-574.2,"band" 
2010-10-01T14:00:00Z,OSK,28.07,-29,Market On Close,Filled,-814.03,"band" 
2010-10-01T14:00:00Z,RS,42.19,-14,Market On Close,Filled,-590.66,"band" 
2010-10-01T14:00:00Z,SHOO,41.2,-5,Market On Close,Filled,-206,"adjust" 
2010-10-01T14:00:00Z,UVV,40.39,-22,Market On Close,Filled,-888.58,"band" 
2010-10-01T14:00:00Z,WMK,39.02,-9,Market On Close,Filled,-351.18,"adjust" 
2010-10-01T14:00:00Z,DPZ,13.15,65,Market On Close,Filled,854.75,"buy" 
2010-10-01T14:00:00Z,JBSS,13.51,22,Market On Close,Filled,297.22,"adjust" 
2010-10-01T14:00:00Z,MGLN,47.38,27,Market On Close,Filled,1279.26,"buy" 
2010-10-01T14:00:00Z,ODC,21.79,51,Market On Close,Filled,1111.29,"buy" 
2010-10-01T14:00:00Z,USMO,16.31,56,Market On Close,Filled,913.36,"buy" 
2010-10-01T14:00:00Z,USPH,17.17,12,Market On Close,Filled,206.04,"adjust" 
2010-11-01T14:00:00Z,JBSS,12.96,-77,Market On Close,Filled,-997.92,"band" 
2010-11-01T14:00:00Z,MSTR,90.53,-9,Market On Close,Filled,-814.77,"band" 
2010-11-01T14:00:00Z,RBIN,37.21,-7,Market On Close,Filled,-260.47,"adjust" 
2010-11-01T14:00:00Z,SCL,67.53,-13,Market On Close,Filled,-877.89,"band" 
2010-11-01T14:00:00Z,WDC,32.62,-30,Market On Close,Filled,-978.6,"expired" 
2010-11-01T14:00:00Z,AIT,29.43,34,Market On Close,Filled,1000.62,"buy" 
2010-11-01T14:00:00Z,CTR,26.33,9,Market On Close,Filled,236.97,"adjust" 
2010-11-01T14:00:00Z,CRUS,12.51,40,Market On Close,Filled,500.4,"buy" 
2010-11-01T14:00:00Z,GCI,11.76,18,Market On Close,Filled,211.68,"adjust" 
2010-11-01T14:00:00Z,GPS,19.13,13,Market On Close,Filled,248.69,"adjust" 
2010-11-01T14:00:00Z,IDT,13.74,33,Market On Close,Filled,453.42,"buy" 
2010-11-01T14:00:00Z,K,50.75,7,Market On Close,Filled,355.25,"adjust" 
2010-11-01T14:00:00Z,KLIC,6,84,Market On Close,Filled,504,"buy" 
2010-11-01T14:00:00Z,MED,23.38,13,Market On Close,Filled,303.94,"adjust" 
2010-12-01T15:00:00Z,DECK,79.94,-5,Market On Close,Filled,-399.7,"adjust" 
2010-12-01T15:00:00Z,DSW,39.45,-6,Market On Close,Filled,-236.7,"adjust" 
2010-12-01T15:00:00Z,GCO,39.88,-7,Market On Close,Filled,-279.16,"adjust" 
2010-12-01T15:00:00Z,GPS,21.56,-62,Market On Close,Filled,-1336.72,"band" 
2010-12-01T15:00:00Z,HWKN,43.45,-6,Market On Close,Filled,-260.7,"adjust" 
2010-12-01T15:00:00Z,IDT,22.2,-10,Market On Close,Filled,-222,"adjust" 
2010-12-01T15:00:00Z,LZB,7.98,-60,Market On Close,Filled,-478.8,"band" 
2010-12-01T15:00:00Z,MED,25.46,-28,Market On Close,Filled,-712.88,"band" 
2010-12-01T15:00:00Z,PLCE,51.97,-4,Market On Close,Filled,-207.88,"adjust" 
2010-12-01T15:00:00Z,POWL,36.17,-25,Market On Close,Filled,-904.25,"band" 
2010-12-01T15:00:00Z,APU,47.63,6,Market On Close,Filled,285.78,"adjust" 
2010-12-01T15:00:00Z,CASY,39.91,6,Market On Close,Filled,239.46,"adjust" 
2010-12-01T15:00:00Z,DISCA,41.34,5,Market On Close,Filled,206.7,"adjust" 
2010-12-01T15:00:00Z,FIZ,13.33,25,Market On Close,Filled,333.25,"adjust" 
2010-12-01T15:00:00Z,K,49.44,5,Market On Close,Filled,247.2,"adjust" 
2010-12-01T15:00:00Z,MKSI,21.48,43,Market On Close,Filled,923.64,"buy" 
2010-12-01T15:00:00Z,SGU,5.38,256,Market On Close,Filled,1377.28,"buy" 
2010-12-01T15:00:00Z,SSP,9.57,74,Market On Close,Filled,708.18,"buy" 
2010-12-01T15:00:00Z,VSH,14.97,52,Market On Close,Filled,778.44,"buy" 
2011-01-03T15:00:00Z,DGIT,29.59,-19,Market On Close,Filled,-562.21,"universe" 
2011-01-03T15:00:00Z,GCI,15.42,-61,Market On Close,Filled,-940.62,"band" 
2011-01-03T15:00:00Z,KIRK,14.06,-40,Market On Close,Filled,-562.4,"band" 
2011-01-03T15:00:00Z,MVO,39.95,-7,Market On Close,Filled,-279.65,"adjust" 
2011-01-03T15:00:00Z,TSCO,49.2,-5,Market On Close,Filled,-246,"adjust" 
2011-01-03T15:00:00Z,OTL,20.68,43,Market On Close,Filled,889.24,"buy" 
2011-01-03T15:00:00Z,RGR,15.09,68,Market On Close,Filled,1026.12,"buy" 
2011-01-03T15:00:00Z,SKX,20.57,12,Market On Close,Filled,246.84,"adjust" 
2011-01-03T15:00:00Z,FL,19.75,48,Market On Close,Filled,948,"buy" 
2011-02-01T15:00:00Z,BWS,13.29,-46,Market On Close,Filled,-611.34,"band" 
2011-02-01T15:00:00Z,CRUS,21.33,-16,Market On Close,Filled,-341.28,"adjust" 
2011-02-01T15:00:00Z,DDS,39.96,-7,Market On Close,Filled,-279.72,"adjust" 
2011-02-01T15:00:00Z,GLT,12.25,-72,Market On Close,Filled,-882,"band" 
2011-02-01T15:00:00Z,KLIC,10.29,-30,Market On Close,Filled,-308.7,"adjust" 
2011-02-01T15:00:00Z,MKSI,29.51,-15,Market On Close,Filled,-442.65,"adjust" 
2011-02-01T15:00:00Z,MVO,37.98,-6,Market On Close,Filled,-227.88,"adjust" 
2011-02-01T15:00:00Z,SGU,5.48,-256,Market On Close,Filled,-1402.88,"expired" 
2011-02-01T15:00:00Z,TESS,12.44,-44,Market On Close,Filled,-547.36,"universe" 
2011-02-01T15:00:00Z,TSCO,51.68,-7,Market On Close,Filled,-361.76,"adjust" 
2011-02-01T15:00:00Z,JAKK,17.58,58,Market On Close,Filled,1019.64,"buy" 
2011-02-01T15:00:00Z,MED,24.44,31,Market On Close,Filled,757.64,"buy" 
2011-02-01T15:00:00Z,PLCE,42.14,6,Market On Close,Filled,252.84,"adjust" 
2011-02-01T15:00:00Z,PLPC,64.38,12,Market On Close,Filled,772.56,"buy" 
2011-02-01T15:00:00Z,USNA,38.96,28,Market On Close,Filled,1090.88,"buy" 
2011-02-01T15:00:00Z,WMK,40.41,6,Market On Close,Filled,242.46,"adjust" 
2011-03-01T15:00:00Z,AAWW,67.43,-14,Market On Close,Filled,-944.02,"band" 
2011-03-01T15:00:00Z,AMED,35.37,-20,Market On Close,Filled,-707.4,"expired" 
2011-03-01T15:00:00Z,CRMT,24.26,-35,Market On Close,Filled,-849.1,"band" 
2011-03-01T15:00:00Z,FLXS,14.82,-45,Market On Close,Filled,-666.9,"universe" 
2011-03-01T15:00:00Z,FOSL,75.11,-3,Market On Close,Filled,-225.33,"adjust" 
2011-03-01T15:00:00Z,NPK,125.75,-9,Market On Close,Filled,-1131.75,"band" 
2011-03-01T15:00:00Z,OTL,25.61,-14,Market On Close,Filled,-358.54,"adjust" 
2011-03-01T15:00:00Z,SAFM,41.36,-26,Market On Close,Filled,-1075.36,"band" 
2011-03-01T15:00:00Z,ALK,56.93,16,Market On Close,Filled,910.88,"buy" 
2011-03-01T15:00:00Z,ALV,73.1,14,Market On Close,Filled,1023.4,"buy" 
2011-03-01T15:00:00Z,CTR,23.93,14,Market On Close,Filled,335.02,"adjust" 
2011-03-01T15:00:00Z,CASY,40.34,7,Market On Close,Filled,282.38,"adjust" 
2011-03-01T15:00:00Z,CLW,79.48,3,Market On Close,Filled,238.44,"adjust" 
2011-03-01T15:00:00Z,CORE,33.69,6,Market On Close,Filled,202.14,"adjust" 
2011-03-01T15:00:00Z,CROX,17.21,41,Market On Close,Filled,705.61,"buy" 
2011-03-01T15:00:00Z,EBF,15.54,19,Market On Close,Filled,295.26,"adjust" 
2011-03-01T15:00:00Z,ENTG,8.51,67,Market On Close,Filled,570.17,"buy" 
2011-03-01T15:00:00Z,IPAR,18.07,15,Market On Close,Filled,271.05,"adjust" 
2011-03-01T15:00:00Z,LRCX,54.73,17,Market On Close,Filled,930.41,"buy" 
2011-03-01T15:00:00Z,NUS,31.1,7,Market On Close,Filled,217.7,"adjust" 
2011-03-01T15:00:00Z,TER,18.19,42,Market On Close,Filled,763.98,"buy" 
2011-04-01T14:00:00Z,SNS,408.81,-2,Market On Close,Filled,-817.62,"band" 
2011-04-01T14:00:00Z,NEU,160.06,-2,Market On Close,Filled,-320.12,"adjust" 
2011-04-01T14:00:00Z,MED,17.98,-31,Market On Close,Filled,-557.38,"band" 
2011-04-01T14:00:00Z,ODC,21.38,-51,Market On Close,Filled,-1090.38,"band" 
2011-04-01T14:00:00Z,RGR,23.09,-22,Market On Close,Filled,-507.98,"adjust" 
2011-04-01T14:00:00Z,SKX,20.22,-32,Market On Close,Filled,-647.04,"band" 
2011-04-01T14:00:00Z,WSM,41.04,-6,Market On Close,Filled,-246.24,"adjust" 
2011-04-01T14:00:00Z,LSCC,5.94,119,Market On Close,Filled,706.86,"buy" 
2011-04-01T14:00:00Z,MGLN,49.57,6,Market On Close,Filled,297.42,"adjust" 
2011-04-01T14:00:00Z,KAI,26.72,26,Market On Close,Filled,694.72,"buy" 
2011-04-01T14:00:00Z,TXN,34.23,45,Market On Close,Filled,1540.35,"buy" 
2011-05-02T14:00:00Z,CASY,38.45,-40,Market On Close,Filled,-1538,"band" 
2011-05-02T14:00:00Z,COLM,66.97,-21,Market On Close,Filled,-1406.37,"band" 
2011-05-02T14:00:00Z,DISCA,44.65,-32,Market On Close,Filled,-1428.8,"band" 
2011-05-02T14:00:00Z,DPZ,18.56,-65,Market On Close,Filled,-1206.4,"expired" 
2011-05-02T14:00:00Z,EBF,18.5,-59,Market On Close,Filled,-1091.5,"band" 
2011-05-02T14:00:00Z,NEU,186.58,-6,Market On Close,Filled,-1119.48,"expired" 
2011-05-02T14:00:00Z,IPAR,18.94,-60,Market On Close,Filled,-1136.4,"band" 
2011-05-02T14:00:00Z,MGLN,51.79,-33,Market On Close,Filled,-1709.07,"expired" 
2011-05-02T14:00:00Z,NUS,32.58,-38,Market On Close,Filled,-1238.04,"band" 
2011-05-02T14:00:00Z,OTL,36.2,-7,Market On Close,Filled,-253.4,"adjust" 
2011-05-02T14:00:00Z,USMO,15.02,-56,Market On Close,Filled,-841.12,"expired" 
2011-05-02T14:00:00Z,USPH,24.07,-10,Market On Close,Filled,-240.7,"adjust" 
2011-05-02T14:00:00Z,BRKS,11.81,57,Market On Close,Filled,673.17,"buy" 
2011-05-02T14:00:00Z,CCF,16.84,53,Market On Close,Filled,892.52,"buy" 
2011-05-02T14:00:00Z,CLW,78.25,3,Market On Close,Filled,234.75,"adjust" 
2011-05-02T14:00:00Z,CRUS,15.93,13,Market On Close,Filled,207.09,"adjust" 
2011-05-02T14:00:00Z,EBS,23.7,50,Market On Close,Filled,1185,"buy" 
2011-05-02T14:00:00Z,K,57.27,6,Market On Close,Filled,343.62,"adjust" 
2011-05-02T14:00:00Z,KLIC,9.03,24,Market On Close,Filled,216.72,"adjust" 
2011-05-02T14:00:00Z,MERC,12.1,54,Market On Close,Filled,653.4,"buy" 
2011-05-02T14:00:00Z,MRCY,19.07,46,Market On Close,Filled,877.22,"buy" 
2011-05-02T14:00:00Z,MVO,40.91,7,Market On Close,Filled,286.37,"adjust" 
2011-05-02T14:00:00Z,MXIM,27.18,46,Market On Close,Filled,1250.28,"buy" 
2011-05-02T14:00:00Z,OXM,33.38,14,Market On Close,Filled,467.32,"buy" 
2011-05-02T14:00:00Z,RAVN,52.89,19,Market On Close,Filled,1004.91,"buy" 
2011-05-02T14:00:00Z,SATS,34.99,30,Market On Close,Filled,1049.7,"buy" 
2011-05-02T14:00:00Z,SSP,9.41,34,Market On Close,Filled,319.94,"adjust" 
2011-05-02T14:00:00Z,UNH,49.88,28,Market On Close,Filled,1396.64,"buy" 
2011-05-02T14:00:00Z,WMK,40.46,8,Market On Close,Filled,323.68,"adjust" 
2011-06-01T14:00:00Z,CLW,67.69,-17,Market On Close,Filled,-1150.73,"band" 
2011-06-01T14:00:00Z,CORE,34.83,-47,Market On Close,Filled,-1637.01,"band" 
2011-06-01T14:00:00Z,DSW,48.54,-5,Market On Close,Filled,-242.7,"adjust" 
2011-06-01T14:00:00Z,EBS,23.98,-15,Market On Close,Filled,-359.7,"adjust" 
2011-06-01T14:00:00Z,FOSL,102.07,-3,Market On Close,Filled,-306.21,"adjust" 
2011-06-01T14:00:00Z,KLIC,11.65,-24,Market On Close,Filled,-279.6,"adjust" 
2011-06-01T14:00:00Z,ALG,25.09,10,Market On Close,Filled,250.9,"adjust" 
2011-06-01T14:00:00Z,APU,44.76,10,Market On Close,Filled,447.6,"adjust" 
2011-06-01T14:00:00Z,AIT,34.31,8,Market On Close,Filled,274.48,"adjust" 
2011-06-01T14:00:00Z,LFUS,59.02,22,Market On Close,Filled,1298.44,"buy" 
2011-06-01T14:00:00Z,LINC,14.59,16,Market On Close,Filled,233.44,"adjust" 
2011-06-01T14:00:00Z,LRCX,46.39,5,Market On Close,Filled,231.95,"adjust" 
2011-06-01T14:00:00Z,MKSI,25.44,9,Market On Close,Filled,228.96,"adjust" 
2011-06-01T14:00:00Z,TXN,33.97,7,Market On Close,Filled,237.79,"adjust" 
2011-06-01T14:00:00Z,UFS,99.59,2,Market On Close,Filled,199.18,"adjust" 
2011-06-01T14:00:00Z,WLK,54.71,15,Market On Close,Filled,820.65,"buy" 
2011-07-01T14:00:00Z,APU,45.73,-53,Market On Close,Filled,-2423.69,"band" 
2011-07-01T14:00:00Z,CTR,29.34,-11,Market On Close,Filled,-322.74,"adjust" 
2011-07-01T14:00:00Z,FIZ,14.63,-90,Market On Close,Filled,-1316.7,"band" 
2011-07-01T14:00:00Z,GCO,52.83,-7,Market On Close,Filled,-369.81,"adjust" 
2011-07-01T14:00:00Z,GME,26.94,51,Market On Close,Filled,1373.94,"buy" 
2011-07-01T14:00:00Z,HWKN,36.97,6,Market On Close,Filled,221.82,"adjust" 
2011-07-01T14:00:00Z,JAKK,18.72,15,Market On Close,Filled,280.8,"adjust" 
2011-07-01T14:00:00Z,MGLN,54.63,31,Market On Close,Filled,1693.53,"buy" 
2011-07-01T14:00:00Z,MRCY,18.98,11,Market On Close,Filled,208.78,"adjust" 
2011-07-01T14:00:00Z,MXIM,25.89,8,Market On Close,Filled,207.12,"adjust" 
2011-07-01T14:00:00Z,SXI,30.63,10,Market On Close,Filled,306.3,"adjust" 
2011-07-01T14:00:00Z,TER,15.16,21,Market On Close,Filled,318.36,"adjust" 
2011-07-01T14:00:00Z,VECO,48.58,17,Market On Close,Filled,825.86,"buy" 
2011-07-01T14:00:00Z,WSM,36.39,7,Market On Close,Filled,254.73,"adjust" 
2011-08-01T14:00:00Z,ALG,24.02,-38,Market On Close,Filled,-912.76,"band" 
2011-08-01T14:00:00Z,CROX,31.52,-19,Market On Close,Filled,-598.88,"adjust" 
2011-08-01T14:00:00Z,CRUS,15.22,-37,Market On Close,Filled,-563.14,"band" 
2011-08-01T14:00:00Z,EBS,20.52,-35,Market On Close,Filled,-718.2,"band" 
2011-08-01T14:00:00Z,HWKN,34.73,-25,Market On Close,Filled,-868.25,"expired" 
2011-08-01T14:00:00Z,LINC,17.53,-14,Market On Close,Filled,-245.42,"adjust" 
2011-08-01T14:00:00Z,RGR,27.75,-17,Market On Close,Filled,-471.75,"adjust" 
2011-08-01T14:00:00Z,SXI,32.27,-34,Market On Close,Filled,-1097.18,"band" 
2011-08-01T14:00:00Z,BKE,44.21,20,Market On Close,Filled,884.2,"buy" 
2011-08-01T14:00:00Z,CHS,15.23,67,Market On Close,Filled,1020.41,"buy" 
2011-08-01T14:00:00Z,CNC,31.58,29,Market On Close,Filled,915.82,"buy" 
2011-08-01T14:00:00Z,K,55.31,6,Market On Close,Filled,331.86,"adjust" 
2011-08-01T14:00:00Z,MRO,30.65,36,Market On Close,Filled,1103.4,"buy" 
2011-08-01T14:00:00Z,MYGN,20.86,53,Market On Close,Filled,1105.58,"buy" 
2011-08-01T14:00:00Z,VSH,13.68,17,Market On Close,Filled,232.56,"adjust" 
2011-09-01T14:00:00Z,CCF,12.59,-53,Market On Close,Filled,-667.27,"band" 
2011-09-01T14:00:00Z,FOSL,95.49,-3,Market On Close,Filled,-286.47,"adjust" 
2011-09-01T14:00:00Z,IPG,8.21,-77,Market On Close,Filled,-632.17,"band" 
2011-09-01T14:00:00Z,K,53.97,-4,Market On Close,Filled,-215.88,"adjust" 
2011-09-01T14:00:00Z,MGLN,48.2,-7,Market On Close,Filled,-337.4,"adjust" 
2011-09-01T14:00:00Z,MVO,40.6,-7,Market On Close,Filled,-284.2,"adjust" 
2011-09-01T14:00:00Z,RAVN,52.94,-5,Market On Close,Filled,-264.7,"adjust" 
2011-09-01T14:00:00Z,WMK,38.35,-6,Market On Close,Filled,-230.1,"adjust" 
2011-09-01T14:00:00Z,BRKS,8.93,28,Market On Close,Filled,250.04,"adjust" 
2011-09-01T14:00:00Z,DEPO,6.08,106,Market On Close,Filled,644.48,"buy" 
2011-09-01T14:00:00Z,DV,42.52,19,Market On Close,Filled,807.88,"buy" 
2011-09-01T14:00:00Z,ENTG,7.23,28,Market On Close,Filled,202.44,"adjust" 
2011-09-01T14:00:00Z,IDT,21.17,11,Market On Close,Filled,232.87,"adjust" 
2011-09-01T14:00:00Z,KLIC,8.32,25,Market On Close,Filled,208,"adjust" 
2011-09-01T14:00:00Z,LINC,9.29,27,Market On Close,Filled,250.83,"adjust" 
2011-09-01T14:00:00Z,LRCX,36.58,7,Market On Close,Filled,256.06,"adjust" 
2011-09-01T14:00:00Z,MKSI,22.57,9,Market On Close,Filled,203.13,"adjust" 
2011-09-01T14:00:00Z,MRCY,13.84,16,Market On Close,Filled,221.44,"adjust" 
2011-09-01T14:00:00Z,OXM,38.39,6,Market On Close,Filled,230.34,"adjust" 
2011-09-01T14:00:00Z,SATS,23.94,13,Market On Close,Filled,311.22,"adjust" 
2011-09-01T14:00:00Z,SCVL,24.92,9,Market On Close,Filled,224.28,"adjust" 
2011-09-01T14:00:00Z,VECO,34.66,6,Market On Close,Filled,207.96,"adjust" 
2011-10-03T14:00:00Z,ALV,46.14,-14,Market On Close,Filled,-645.96,"band" 
2011-10-03T14:00:00Z,GIII,21.83,-22,Market On Close,Filled,-480.26,"band" 
2011-10-03T14:00:00Z,JAKK,17.83,-73,Market On Close,Filled,-1301.59,"band" 
2011-10-03T14:00:00Z,PLCE,45.8,-22,Market On Close,Filled,-1007.6,"band" 
2011-10-03T14:00:00Z,TSCO,60.23,-4,Market On Close,Filled,-240.92,"adjust" 
2011-10-03T14:00:00Z,CVI,19.69,30,Market On Close,Filled,590.7,"buy" 
2011-10-03T14:00:00Z,DAR,11.7,57,Market On Close,Filled,666.9,"buy" 
2011-10-03T14:00:00Z,LXU,26.1,22,Market On Close,Filled,574.2,"buy" 
2011-10-03T14:00:00Z,MERC,6.73,44,Market On Close,Filled,296.12,"adjust" 
2011-10-03T14:00:00Z,MLR,16.57,59,Market On Close,Filled,977.63,"buy" 
2011-10-03T14:00:00Z,UFS,65.01,3,Market On Close,Filled,195.03,"adjust" 
2011-11-01T14:00:00Z,AIT,32.9,-8,Market On Close,Filled,-263.2,"adjust" 
2011-11-01T14:00:00Z,DECK,111.83,-3,Market On Close,Filled,-335.49,"adjust" 
2011-11-01T14:00:00Z,DEPO,4.38,-106,Market On Close,Filled,-464.28,"universe" 
2011-11-01T14:00:00Z,LRCX,42.22,-29,Market On Close,Filled,-1224.38,"expired" 
2011-11-01T14:00:00Z,MRCY,13.94,-73,Market On Close,Filled,-1017.62,"band" 
2011-11-01T14:00:00Z,CHS,12.29,18,Market On Close,Filled,221.22,"adjust" 
2011-11-01T14:00:00Z,CRUS,16.23,43,Market On Close,Filled,697.89,"buy" 
2011-11-01T14:00:00Z,DSW,51.98,4,Market On Close,Filled,207.92,"adjust" 
2011-11-01T14:00:00Z,IDT,12,33,Market On Close,Filled,396,"adjust" 
2011-11-01T14:00:00Z,K,53.56,6,Market On Close,Filled,321.36,"adjust" 
2011-11-01T14:00:00Z,MVO,34.94,12,Market On Close,Filled,419.28,"adjust" 
2011-11-01T14:00:00Z,MXIM,25.57,8,Market On Close,Filled,204.56,"adjust" 
2011-11-01T14:00:00Z,SPPI,10.91,70,Market On Close,Filled,763.7,"buy" 
2011-11-01T14:00:00Z,SMP,15.68,50,Market On Close,Filled,784,"buy" 
2011-12-01T15:00:00Z,K,48.98,-6,Market On Close,Filled,-293.88,"adjust" 
2011-12-01T15:00:00Z,MKSI,26.35,-12,Market On Close,Filled,-316.2,"adjust" 
2011-12-01T15:00:00Z,SMP,19.02,-16,Market On Close,Filled,-304.32,"adjust" 
2011-12-01T15:00:00Z,SSP,8.35,-108,Market On Close,Filled,-901.8,"band" 
2011-12-01T15:00:00Z,TXN,30.2,-52,Market On Close,Filled,-1570.4,"band" 
2011-12-01T15:00:00Z,VECO,25.14,-23,Market On Close,Filled,-578.22,"band" 
2011-12-01T15:00:00Z,VSH,9.7,-69,Market On Close,Filled,-669.3,"band" 
2011-12-01T15:00:00Z,B,24.26,36,Market On Close,Filled,873.36,"buy" 
2011-12-01T15:00:00Z,CVX,101.83,13,Market On Close,Filled,1323.79,"buy" 
2011-12-01T15:00:00Z,CROX,15.44,14,Market On Close,Filled,216.16,"adjust" 
2011-12-01T15:00:00Z,DV,34.71,6,Market On Close,Filled,208.26,"adjust" 
2011-12-01T15:00:00Z,HOC,23.43,32,Market On Close,Filled,749.76,"buy" 
2011-12-01T15:00:00Z,LINC,7.47,33,Market On Close,Filled,246.51,"adjust" 
2011-12-01T15:00:00Z,LZB,11.59,71,Market On Close,Filled,822.89,"buy" 
2011-12-01T15:00:00Z,MERC,5.74,39,Market On Close,Filled,223.86,"adjust" 
2011-12-01T15:00:00Z,MGLN,50.26,4,Market On Close,Filled,201.04,"adjust" 
2012-01-03T15:00:00Z,IDT,9.55,-67,Market On Close,Filled,-639.85,"band" 
2012-01-03T15:00:00Z,LZB,12,-17,Market On Close,Filled,-204,"adjust" 
2012-01-03T15:00:00Z,MERC,6.49,-137,Market On Close,Filled,-889.13,"band" 
2012-01-03T15:00:00Z,SPPI,14.71,-16,Market On Close,Filled,-235.36,"adjust" 
2012-01-03T15:00:00Z,SATS,21.81,-43,Market On Close,Filled,-937.83,"band" 
2012-01-03T15:00:00Z,KAI,22.55,-26,Market On Close,Filled,-586.3,"band" 
2012-01-03T15:00:00Z,WMK,40.78,-6,Market On Close,Filled,-244.68,"adjust" 
2012-01-03T15:00:00Z,CRMT,38.79,25,Market On Close,Filled,969.75,"buy" 
2012-01-03T15:00:00Z,DECK,76.45,3,Market On Close,Filled,229.35,"adjust" 
2012-01-03T15:00:00Z,FOSL,79.27,3,Market On Close,Filled,237.81,"adjust" 
2012-01-03T15:00:00Z,INTC,24.54,59,Market On Close,Filled,1447.86,"buy" 
2012-01-03T15:00:00Z,KLAC,47.46,23,Market On Close,Filled,1091.58,"buy" 
2012-01-03T15:00:00Z,TDY,55.82,19,Market On Close,Filled,1060.58,"buy" 
2012-01-03T15:00:00Z,WLK,40.86,5,Market On Close,Filled,204.3,"adjust" 
2012-02-01T15:00:00Z,CNC,46.34,-6,Market On Close,Filled,-278.04,"adjust" 
2012-02-01T15:00:00Z,CRUS,20.68,-43,Market On Close,Filled,-889.24,"band" 
2012-02-01T15:00:00Z,RGR,39.91,-8,Market On Close,Filled,-319.28,"adjust" 
2012-02-01T15:00:00Z,WLK,59.94,-6,Market On Close,Filled,-359.64,"adjust" 
2012-02-01T15:00:00Z,BKE,43.81,5,Market On Close,Filled,219.05,"adjust" 
2012-02-01T15:00:00Z,DDS,43.89,6,Market On Close,Filled,263.34,"adjust" 
2012-02-01T15:00:00Z,UACL,17.85,41,Market On Close,Filled,731.85,"buy" 
2012-03-01T15:00:00Z,CHS,15.29,-85,Market On Close,Filled,-1299.65,"band" 
2012-03-01T15:00:00Z,DDS,60.43,-7,Market On Close,Filled,-423.01,"adjust" 
2012-03-01T15:00:00Z,DECK,78.59,-10,Market On Close,Filled,-785.9,"band" 
2012-03-01T15:00:00Z,FOSL,126.29,-3,Market On Close,Filled,-378.87,"adjust" 
2012-03-01T15:00:00Z,HOC,33.6,-7,Market On Close,Filled,-235.2,"adjust" 
2012-03-01T15:00:00Z,K,52.26,-4,Market On Close,Filled,-209.04,"adjust" 
2012-03-01T15:00:00Z,LXU,41.25,-5,Market On Close,Filled,-206.25,"adjust" 
2012-03-01T15:00:00Z,SHOO,44.98,-5,Market On Close,Filled,-224.9,"adjust" 
2012-03-01T15:00:00Z,FL,29.51,-7,Market On Close,Filled,-206.57,"adjust" 
2012-03-01T15:00:00Z,CALM,39.48,46,Market On Close,Filled,1816.08,"buy" 
2012-03-01T15:00:00Z,ICFI,24.88,38,Market On Close,Filled,945.44,"buy" 
2012-03-01T15:00:00Z,MGLN,47.33,6,Market On Close,Filled,283.98,"adjust" 
2012-03-01T15:00:00Z,OTL,31.16,10,Market On Close,Filled,311.6,"adjust" 
2012-04-02T14:00:00Z,B,26.96,-36,Market On Close,Filled,-970.56,"universe" 
2012-04-02T14:00:00Z,CALM,38.95,-6,Market On Close,Filled,-233.7,"adjust" 
2012-04-02T14:00:00Z,LFUS,64.86,-5,Market On Close,Filled,-324.3,"adjust" 
2012-04-02T14:00:00Z,LINC,7.91,-104,Market On Close,Filled,-822.64,"band" 
2012-04-02T14:00:00Z,RGR,51.1,-5,Market On Close,Filled,-255.5,"adjust" 
2012-04-02T14:00:00Z,SCVL,32.56,-19,Market On Close,Filled,-618.64,"adjust" 
2012-04-02T14:00:00Z,CVX,108.3,2,Market On Close,Filled,216.6,"adjust" 
2012-04-02T14:00:00Z,CMTL,33.85,49,Market On Close,Filled,1658.65,"buy" 
2012-04-02T14:00:00Z,DV,34.48,6,Market On Close,Filled,206.88,"adjust" 
2012-04-02T14:00:00Z,MOV,25.84,32,Market On Close,Filled,826.88,"buy" 
2012-04-02T14:00:00Z,SPPI,12.6,18,Market On Close,Filled,226.8,"adjust" 
2012-05-01T14:00:00Z,CROX,20.13,-36,Market On Close,Filled,-724.68,"expired" 
2012-05-01T14:00:00Z,MXIM,29,-14,Market On Close,Filled,-406,"adjust" 
2012-05-01T14:00:00Z,OTL,29.94,-32,Market On Close,Filled,-958.08,"band" 
2012-05-01T14:00:00Z,RBIN,48.6,-18,Market On Close,Filled,-874.8,"expired" 
2012-05-01T14:00:00Z,TSCO,98.38,-4,Market On Close,Filled,-393.52,"adjust" 
2012-05-01T14:00:00Z,WLK,61.93,-14,Market On Close,Filled,-867.02,"band" 
2012-05-01T14:00:00Z,WSM,38.85,-29,Market On Close,Filled,-1126.65,"band" 
2012-05-01T14:00:00Z,AAPL,582.13,2,Market On Close,Filled,1164.26,"buy" 
2012-05-01T14:00:00Z,EGY,9.38,69,Market On Close,Filled,647.22,"buy" 
2012-05-01T14:00:00Z,LSCC,5.43,44,Market On Close,Filled,238.92,"adjust" 
2012-05-01T14:00:00Z,RCII,34.51,34,Market On Close,Filled,1173.34,"buy" 
2012-05-01T14:00:00Z,RSC,27.16,39,Market On Close,Filled,1059.24,"buy" 
2012-05-01T14:00:00Z,SMP,15.22,14,Market On Close,Filled,213.08,"adjust" 
2012-05-01T14:00:00Z,VLGEA,27.14,35,Market On Close,Filled,949.9,"buy" 
2012-06-01T14:00:00Z,AAPL,560.99,-1,Market On Close,Filled,-560.99,"adjust" 
2012-06-01T14:00:00Z,CTR,27.6,-9,Market On Close,Filled,-248.4,"adjust" 
2012-06-01T14:00:00Z,CRMT,42,-6,Market On Close,Filled,-252,"adjust" 
2012-06-01T14:00:00Z,DSW,57.26,-18,Market On Close,Filled,-1030.68,"expired" 
2012-06-01T14:00:00Z,DV,27.01,-31,Market On Close,Filled,-837.31,"band" 
2012-06-01T14:00:00Z,LSCC,4.29,-163,Market On Close,Filled,-699.27,"universe" 
2012-06-01T14:00:00Z,LXU,27.03,-17,Market On Close,Filled,-459.51,"band" 
2012-06-01T14:00:00Z,MOV,26.18,-32,Market On Close,Filled,-837.76,"expired" 
2012-06-01T14:00:00Z,MRO,23.89,-36,Market On Close,Filled,-860.04,"band" 
2012-06-01T14:00:00Z,PLPC,53.05,-12,Market On Close,Filled,-636.6,"band" 
2012-06-01T14:00:00Z,RAVN,65.27,-14,Market On Close,Filled,-913.78,"expired" 
2012-06-01T14:00:00Z,RSC,17.76,-39,Market On Close,Filled,-692.64,"expired" 
2012-06-01T14:00:00Z,USNA,40.06,-6,Market On Close,Filled,-240.36,"adjust" 
2012-06-01T14:00:00Z,USPH,23.98,-9,Market On Close,Filled,-215.82,"adjust" 
2012-06-01T14:00:00Z,FL,30.38,-8,Market On Close,Filled,-243.04,"adjust" 
2012-06-01T14:00:00Z,AEOS,18.56,41,Market On Close,Filled,760.96,"buy" 
2012-06-01T14:00:00Z,ALG,29.65,33,Market On Close,Filled,978.45,"buy" 
2012-06-01T14:00:00Z,CF,162.09,4,Market On Close,Filled,648.36,"buy" 
2012-06-01T14:00:00Z,DISCA,48.64,26,Market On Close,Filled,1264.64,"buy" 
2012-06-01T14:00:00Z,KIRK,10.55,63,Market On Close,Filled,664.65,"buy" 
2012-06-01T14:00:00Z,MSFT,28.45,56,Market On Close,Filled,1593.2,"buy" 
2012-06-01T14:00:00Z,NUS,41.44,17,Market On Close,Filled,704.48,"buy" 
2012-06-01T14:00:00Z,PETS,11.17,68,Market On Close,Filled,759.56,"buy" 
2012-06-01T14:00:00Z,STMP,22.82,25,Market On Close,Filled,570.5,"buy" 
2012-06-01T14:00:00Z,UACL,13.22,18,Market On Close,Filled,237.96,"adjust" 
2012-07-02T14:00:00Z,FOSL,74.88,-6,Market On Close,Filled,-449.28,"band" 
2012-07-02T14:00:00Z,MVO,34.37,-6,Market On Close,Filled,-206.22,"adjust" 
2012-07-02T14:00:00Z,SPPI,16,-27,Market On Close,Filled,-432,"adjust" 
2012-07-02T14:00:00Z,AAPL,592.71,1,Market On Close,Filled,592.71,"adjust" 
2012-07-02T14:00:00Z,MOV,25.34,27,Market On Close,Filled,684.18,"buy" 
2012-07-02T14:00:00Z,SHOO,31.69,8,Market On Close,Filled,253.52,"adjust" 
2012-08-01T14:00:00Z,CNC,37.48,-23,Market On Close,Filled,-862.04,"band" 
2012-08-01T14:00:00Z,MGLN,47.51,-16,Market On Close,Filled,-760.16,"adjust" 
2012-08-01T14:00:00Z,MVO,34.09,-32,Market On Close,Filled,-1090.88,"band" 
2012-08-01T14:00:00Z,PETS,9.6,-68,Market On Close,Filled,-652.8,"expired" 
2012-08-01T14:00:00Z,SHOO,39.41,-32,Market On Close,Filled,-1261.12,"band" 
2012-08-01T14:00:00Z,TSCO,88.1,-4,Market On Close,Filled,-352.4,"adjust" 
2012-08-01T14:00:00Z,UACL,14.42,-14,Market On Close,Filled,-201.88,"adjust" 
2012-08-01T14:00:00Z,VLGEA,34.11,-6,Market On Close,Filled,-204.66,"adjust" 
2012-08-01T14:00:00Z,DAR,16.42,13,Market On Close,Filled,213.46,"adjust" 
2012-08-01T14:00:00Z,GCI,14.16,73,Market On Close,Filled,1033.68,"buy" 
2012-08-01T14:00:00Z,GME,16.07,18,Market On Close,Filled,289.26,"adjust" 
2012-08-01T14:00:00Z,HHS,6.17,125,Market On Close,Filled,771.25,"buy" 
2012-08-01T14:00:00Z,LFUS,54.04,5,Market On Close,Filled,270.2,"adjust" 
2012-08-01T14:00:00Z,MKSI,25.81,9,Market On Close,Filled,232.29,"adjust" 
2012-08-01T14:00:00Z,NC,100.02,8,Market On Close,Filled,800.16,"buy" 
2012-08-01T14:00:00Z,PZZA,51.65,20,Market On Close,Filled,1033,"buy" 
2012-09-04T14:00:00Z,AIT,41.55,-5,Market On Close,Filled,-207.75,"adjust" 
2012-09-04T14:00:00Z,CRMT,46.02,-19,Market On Close,Filled,-874.38,"expired" 
2012-09-04T14:00:00Z,GME,20.41,-17,Market On Close,Filled,-346.97,"adjust" 
2012-09-04T14:00:00Z,HHS,7.2,-125,Market On Close,Filled,-900,"band" 
2012-09-04T14:00:00Z,MLR,15.51,-59,Market On Close,Filled,-915.09,"band" 
2012-09-04T14:00:00Z,MOV,36.36,-11,Market On Close,Filled,-399.96,"adjust" 
2012-09-04T14:00:00Z,SMP,17.63,-13,Market On Close,Filled,-229.19,"adjust" 
2012-09-04T14:00:00Z,ALK,33.49,8,Market On Close,Filled,267.92,"adjust" 
2012-09-04T14:00:00Z,ENS,39.32,25,Market On Close,Filled,983,"buy" 
2012-09-04T14:00:00Z,NHC,44.88,21,Market On Close,Filled,942.48,"buy" 
2012-09-04T14:00:00Z,UFS,73.78,3,Market On Close,Filled,221.34,"adjust" 
2012-09-04T14:00:00Z,WDC,42.32,17,Market On Close,Filled,719.44,"buy" 
2012-10-01T14:00:00Z,BRKS,7.81,-85,Market On Close,Filled,-663.85,"band" 
2012-10-01T14:00:00Z,CALM,45.74,-40,Market On Close,Filled,-1829.6,"expired" 
2012-10-01T14:00:00Z,CMTL,27.74,-49,Market On Close,Filled,-1359.26,"band" 
2012-10-01T14:00:00Z,K,51.93,-46,Market On Close,Filled,-2388.78,"band" 
2012-10-01T14:00:00Z,STMP,23.26,-25,Market On Close,Filled,-581.5,"band" 
2012-10-01T14:00:00Z,UFS,77.25,-17,Market On Close,Filled,-1313.25,"band" 
2012-10-01T14:00:00Z,CHS,18.02,62,Market On Close,Filled,1117.24,"buy" 
2012-10-01T14:00:00Z,CVX,117.25,2,Market On Close,Filled,234.5,"adjust" 
2012-10-01T14:00:00Z,DK,25.98,30,Market On Close,Filled,779.4,"buy" 
2012-10-01T14:00:00Z,ENTG,8.35,41,Market On Close,Filled,342.35,"adjust" 
2012-10-01T14:00:00Z,FTK,12.9,52,Market On Close,Filled,670.8,"buy" 
2012-10-01T14:00:00Z,ICFI,20.25,18,Market On Close,Filled,364.5,"adjust" 
2012-10-01T14:00:00Z,INTC,22.76,10,Market On Close,Filled,227.6,"adjust" 
2012-10-01T14:00:00Z,KWR,46.8,19,Market On Close,Filled,889.2,"buy" 
2012-10-01T14:00:00Z,MGLN,51.48,4,Market On Close,Filled,205.92,"adjust" 
2012-10-01T14:00:00Z,PZZA,53.69,4,Market On Close,Filled,214.76,"adjust" 
2012-10-01T14:00:00Z,RCII,34.19,6,Market On Close,Filled,205.14,"adjust" 
2012-10-01T14:00:00Z,SAIA,20.67,38,Market On Close,Filled,785.46,"buy" 
2012-10-01T14:00:00Z,TDY,64,6,Market On Close,Filled,384,"adjust" 
2012-10-01T14:00:00Z,WCC,57.72,18,Market On Close,Filled,1038.96,"buy" 
2012-10-01T14:00:00Z,WMK,42.28,6,Market On Close,Filled,253.68,"adjust" 
2012-11-01T14:00:00Z,ALK,39,-40,Market On Close,Filled,-1560,"band" 
2012-11-01T14:00:00Z,AIT,40.94,-29,Market On Close,Filled,-1187.26,"expired" 
2012-11-01T14:00:00Z,GME,23.6,-11,Market On Close,Filled,-259.6,"adjust" 
2012-11-01T14:00:00Z,MYGN,26.86,-53,Market On Close,Filled,-1423.58,"expired" 
2012-11-01T14:00:00Z,NUS,48.94,-17,Market On Close,Filled,-831.98,"band" 
2012-11-01T14:00:00Z,WCC,65.36,-5,Market On Close,Filled,-326.8,"adjust" 
2012-11-01T14:00:00Z,CALM,43.74,34,Market On Close,Filled,1487.16,"buy" 
2012-11-01T14:00:00Z,CF,210.88,1,Market On Close,Filled,210.88,"adjust" 
2012-11-01T14:00:00Z,DAR,16.58,15,Market On Close,Filled,248.7,"adjust" 
2012-11-01T14:00:00Z,EGHT,6.52,112,Market On Close,Filled,730.24,"buy" 
2012-11-01T14:00:00Z,ICUI,59.54,29,Market On Close,Filled,1726.66,"buy" 
2012-11-01T14:00:00Z,KLAC,48.72,5,Market On Close,Filled,243.6,"adjust" 
2012-11-01T14:00:00Z,NC,52,8,Market On Close,Filled,416,"adjust" 
2012-11-01T14:00:00Z,SPPI,11.22,19,Market On Close,Filled,213.18,"adjust" 
2012-11-01T14:00:00Z,RBIN,33.18,33,Market On Close,Filled,1094.94,"buy" 
2012-11-01T14:00:00Z,USPH,27.11,9,Market On Close,Filled,243.99,"adjust" 
2012-11-01T14:00:00Z,WDC,35.43,6,Market On Close,Filled,212.58,"adjust" 
2012-11-01T14:00:00Z,FL,34.36,8,Market On Close,Filled,274.88,"adjust" 
2012-12-03T15:00:00Z,CVI,45.83,-7,Market On Close,Filled,-320.81,"adjust" 
2012-12-03T15:00:00Z,ICFI,21.62,-56,Market On Close,Filled,-1210.72,"band" 
2012-12-03T15:00:00Z,MKSI,24.02,-43,Market On Close,Filled,-1032.86,"band" 
2012-12-03T15:00:00Z,SPPI,11.74,-64,Market On Close,Filled,-751.36,"band" 
2012-12-03T15:00:00Z,ENS,34.72,7,Market On Close,Filled,243.04,"adjust" 
2012-12-03T15:00:00Z,GIII,37.56,22,Market On Close,Filled,826.32,"buy" 
2012-12-03T15:00:00Z,KIRK,9.25,33,Market On Close,Filled,305.25,"adjust" 
2012-12-03T15:00:00Z,LHCG,19.48,57,Market On Close,Filled,1110.36,"buy" 
2012-12-03T15:00:00Z,NHC,44.74,7,Market On Close,Filled,313.18,"adjust" 
2012-12-03T15:00:00Z,PETS,11.55,79,Market On Close,Filled,912.45,"buy" 
2012-12-03T15:00:00Z,TSCO,88.77,4,Market On Close,Filled,355.08,"adjust" 
2012-12-03T15:00:00Z,USNA,42.04,5,Market On Close,Filled,210.2,"adjust" 
2012-12-03T15:00:00Z,WMK,38.52,10,Market On Close,Filled,385.2,"adjust" 
2013-01-02T15:00:00Z,INTC,21.38,-69,Market On Close,Filled,-1475.22,"band" 
2013-01-02T15:00:00Z,KIRK,10.96,-96,Market On Close,Filled,-1052.16,"band" 
2013-01-02T15:00:00Z,KLAC,49.57,-28,Market On Close,Filled,-1387.96,"band" 
2013-01-02T15:00:00Z,TDY,66.66,-25,Market On Close,Filled,-1666.5,"band" 
2013-01-02T15:00:00Z,UACL,18.43,-45,Market On Close,Filled,-829.35,"band" 
2013-01-02T15:00:00Z,AEOS,20.08,12,Market On Close,Filled,240.96,"adjust" 
2013-01-02T15:00:00Z,CTB,26.22,34,Market On Close,Filled,891.48,"buy" 
2013-01-02T15:00:00Z,GPS,31.37,35,Market On Close,Filled,1097.95,"buy" 
2013-01-02T15:00:00Z,HVT,16.68,60,Market On Close,Filled,1000.8,"buy" 
2013-01-02T15:00:00Z,MED,26.29,28,Market On Close,Filled,736.12,"buy" 
2013-01-02T15:00:00Z,PLUS,43.38,26,Market On Close,Filled,1127.88,"buy" 
2013-01-02T15:00:00Z,MSFT,27.66,8,Market On Close,Filled,221.28,"adjust" 
2013-02-01T15:00:00Z,CVI,53.58,-6,Market On Close,Filled,-321.48,"adjust" 
2013-02-01T15:00:00Z,DK,34.22,-6,Market On Close,Filled,-205.32,"adjust" 
2013-02-01T15:00:00Z,FTK,14.03,-52,Market On Close,Filled,-729.56,"band" 
2013-02-01T15:00:00Z,HOC,52.77,-4,Market On Close,Filled,-211.08,"adjust" 
2013-02-01T15:00:00Z,KLIC,11.65,-79,Market On Close,Filled,-920.35,"expired" 
2013-02-01T15:00:00Z,MSFT,27.93,-64,Market On Close,Filled,-1787.52,"band" 
2013-02-01T15:00:00Z,OXM,49.61,-20,Market On Close,Filled,-992.2,"band" 
2013-02-01T15:00:00Z,TSCO,103.96,-2,Market On Close,Filled,-207.92,"adjust" 
2013-02-01T15:00:00Z,ALG,34.4,8,Market On Close,Filled,275.2,"adjust" 
2013-02-01T15:00:00Z,CTR,27.4,10,Market On Close,Filled,274,"adjust" 
2013-02-01T15:00:00Z,CVX,116.5,2,Market On Close,Filled,233,"adjust" 
2013-02-01T15:00:00Z,CRUS,28.48,20,Market On Close,Filled,569.6,"buy" 
2013-02-01T15:00:00Z,LFUS,64.77,5,Market On Close,Filled,323.85,"adjust" 
2013-02-01T15:00:00Z,LNDC,11.85,73,Market On Close,Filled,865.05,"buy" 
2013-02-01T15:00:00Z,RCII,36.22,6,Market On Close,Filled,217.32,"adjust" 
2013-02-01T15:00:00Z,RES,15.2,74,Market On Close,Filled,1124.8,"buy" 
2013-02-01T15:00:00Z,SCVL,20.5,14,Market On Close,Filled,287,"adjust" 
2013-03-01T15:00:00Z,AAPL,430.51,-2,Market On Close,Filled,-861.02,"band" 
2013-03-01T15:00:00Z,DISCA,74.88,-4,Market On Close,Filled,-299.52,"adjust" 
2013-03-01T15:00:00Z,GCI,20.21,-11,Market On Close,Filled,-222.31,"adjust" 
2013-03-01T15:00:00Z,GME,24.05,-41,Market On Close,Filled,-986.05,"band" 
2013-03-01T15:00:00Z,USNA,43.74,-9,Market On Close,Filled,-393.66,"adjust" 
2013-03-01T15:00:00Z,WMK,40.96,-11,Market On Close,Filled,-450.56,"adjust" 
2013-03-01T15:00:00Z,CF,201.5,1,Market On Close,Filled,201.5,"adjust" 
2013-03-01T15:00:00Z,CHS,16.96,15,Market On Close,Filled,254.4,"adjust" 
2013-03-01T15:00:00Z,EGY,8.06,27,Market On Close,Filled,217.62,"adjust" 
2013-03-01T15:00:00Z,MGLN,52.66,5,Market On Close,Filled,263.3,"adjust" 
2013-03-01T15:00:00Z,SIX,67.51,21,Market On Close,Filled,1417.71,"buy" 
2013-03-01T15:00:00Z,SXI,55.19,24,Market On Close,Filled,1324.56,"buy" 
2013-03-01T15:00:00Z,KAI,24.87,37,Market On Close,Filled,920.19,"buy" 
2013-03-01T15:00:00Z,UNH,53.52,4,Market On Close,Filled,214.08,"adjust" 
2013-04-01T14:00:00Z,DAR,17.65,-85,Market On Close,Filled,-1500.25,"band" 
2013-04-01T14:00:00Z,EGY,7.38,-96,Market On Close,Filled,-708.48,"band" 
2013-04-01T14:00:00Z,ENTG,9.65,-136,Market On Close,Filled,-1312.4,"band" 
2013-04-01T14:00:00Z,GCO,58.07,-16,Market On Close,Filled,-929.12,"band" 
2013-04-01T14:00:00Z,HVT,20.47,-10,Market On Close,Filled,-204.7,"adjust" 
2013-04-01T14:00:00Z,PZZA,61.57,-4,Market On Close,Filled,-246.28,"adjust" 
2013-04-01T14:00:00Z,SAIA,35.69,-9,Market On Close,Filled,-321.21,"adjust" 
2013-04-01T14:00:00Z,UNH,58.97,-32,Market On Close,Filled,-1887.04,"band" 
2013-04-01T14:00:00Z,BGFV,14.87,45,Market On Close,Filled,669.15,"buy" 
2013-04-01T14:00:00Z,CTR,24.2,9,Market On Close,Filled,217.8,"adjust" 
2013-04-01T14:00:00Z,CRUS,22.05,9,Market On Close,Filled,198.45,"adjust" 
2013-04-01T14:00:00Z,DDS,79.47,3,Market On Close,Filled,238.41,"adjust" 
2013-04-01T14:00:00Z,DLX,41.23,34,Market On Close,Filled,1401.82,"buy" 
2013-04-01T14:00:00Z,IPAR,24.8,48,Market On Close,Filled,1190.4,"buy" 
2013-04-01T14:00:00Z,MOV,32.82,6,Market On Close,Filled,196.92,"adjust" 
2013-04-01T14:00:00Z,NC,52.97,5,Market On Close,Filled,264.85,"adjust" 
2013-04-01T14:00:00Z,POWL,52.25,19,Market On Close,Filled,992.75,"buy" 
2013-04-01T14:00:00Z,RCII,36.16,6,Market On Close,Filled,216.96,"adjust" 
2013-04-01T14:00:00Z,TER,15.85,16,Market On Close,Filled,253.6,"adjust" 
2013-04-01T14:00:00Z,TSCO,102.78,2,Market On Close,Filled,205.56,"adjust" 
2013-04-01T14:00:00Z,VLGEA,33.24,7,Market On Close,Filled,232.68,"adjust" 
2013-04-01T14:00:00Z,WCC,71.2,3,Market On Close,Filled,213.6,"adjust" 
2013-05-01T14:00:00Z,CRUS,18.89,-29,Market On Close,Filled,-547.81,"band" 
2013-05-01T14:00:00Z,DLX,36.6,-34,Market On Close,Filled,-1244.4,"expired" 
2013-05-01T14:00:00Z,GCI,19.94,-62,Market On Close,Filled,-1236.28,"expired" 
2013-05-01T14:00:00Z,LFUS,68.3,-27,Market On Close,Filled,-1844.1,"band" 
2013-05-01T14:00:00Z,MGLN,50.09,-27,Market On Close,Filled,-1352.43,"expired" 
2013-05-01T14:00:00Z,NHC,45.03,-28,Market On Close,Filled,-1260.84,"expired" 
2013-05-01T14:00:00Z,PZZA,63.01,-20,Market On Close,Filled,-1260.2,"expired" 
2013-05-01T14:00:00Z,RGR,49.62,-16,Market On Close,Filled,-793.92,"band" 
2013-05-01T14:00:00Z,TER,16.11,-79,Market On Close,Filled,-1272.69,"band" 
2013-05-01T14:00:00Z,TSCO,105.33,-12,Market On Close,Filled,-1263.96,"band" 
2013-05-01T14:00:00Z,WCC,68.02,-16,Market On Close,Filled,-1088.32,"band" 
2013-05-01T14:00:00Z,WDC,54.8,-4,Market On Close,Filled,-219.2,"adjust" 
2013-05-01T14:00:00Z,BWS,16.18,59,Market On Close,Filled,954.62,"buy" 
2013-05-01T14:00:00Z,CALM,41.55,6,Market On Close,Filled,249.3,"adjust" 
2013-05-01T14:00:00Z,CTB,24.06,9,Market On Close,Filled,216.54,"adjust" 
2013-05-01T14:00:00Z,GIII,39.56,5,Market On Close,Filled,197.8,"adjust" 
2013-05-01T14:00:00Z,ICUI,59.4,5,Market On Close,Filled,297,"adjust" 
2013-05-01T14:00:00Z,IDCC,43.45,23,Market On Close,Filled,999.35,"buy" 
2013-05-01T14:00:00Z,IDT,13.86,81,Market On Close,Filled,1122.66,"buy" 
2013-05-01T14:00:00Z,JCOM,39.59,34,Market On Close,Filled,1346.06,"buy" 
2013-05-01T14:00:00Z,KELYA,16.33,79,Market On Close,Filled,1290.07,"buy" 
2013-05-01T14:00:00Z,QUAD,19.69,47,Market On Close,Filled,925.43,"buy" 
2013-05-01T14:00:00Z,RS,63.31,19,Market On Close,Filled,1202.89,"buy" 
2013-05-01T14:00:00Z,SCVL,19.79,10,Market On Close,Filled,197.9,"adjust" 
2013-05-01T14:00:00Z,TTEC,20.8,85,Market On Close,Filled,1768,"buy" 
2013-05-01T14:00:00Z,UNF,88.85,20,Market On Close,Filled,1777,"buy" 
2013-05-01T14:00:00Z,UTHR,66.68,20,Market On Close,Filled,1333.6,"buy" 
2013-05-01T14:00:00Z,VLO,38.79,25,Market On Close,Filled,969.75,"buy" 
2013-05-01T14:00:00Z,WGO,17.96,46,Market On Close,Filled,826.16,"buy" 
2013-06-03T14:00:00Z,BWS,21.48,-59,Market On Close,Filled,-1267.32,"expired" 
2013-06-03T14:00:00Z,CHS,17.86,-77,Market On Close,Filled,-1375.22,"expired" 
2013-06-03T14:00:00Z,DDS,91.44,-18,Market On Close,Filled,-1645.92,"expired" 
2013-06-03T14:00:00Z,ICUI,71.28,-34,Market On Close,Filled,-2423.52,"band" 
2013-06-03T14:00:00Z,IDT,17.52,-17,Market On Close,Filled,-297.84,"adjust" 
2013-06-03T14:00:00Z,RBIN,45.39,-5,Market On Close,Filled,-226.95,"adjust" 
2013-06-03T14:00:00Z,SAIA,49.08,-5,Market On Close,Filled,-245.4,"adjust" 
2013-06-03T14:00:00Z,SCVL,24.64,-61,Market On Close,Filled,-1503.04,"band" 
2013-06-03T14:00:00Z,USNA,67.3,-4,Market On Close,Filled,-269.2,"adjust" 
2013-06-03T14:00:00Z,USPH,28.9,-48,Market On Close,Filled,-1387.2,"band" 
2013-06-03T14:00:00Z,AEOS,19.66,15,Market On Close,Filled,294.9,"adjust" 
2013-06-03T14:00:00Z,ANF,49.71,18,Market On Close,Filled,894.78,"buy" 
2013-06-03T14:00:00Z,CTR,25.25,9,Market On Close,Filled,227.25,"adjust" 
2013-06-03T14:00:00Z,CF,193.59,2,Market On Close,Filled,387.18,"adjust" 
2013-06-03T14:00:00Z,CVX,124.09,3,Market On Close,Filled,372.27,"adjust" 
2013-06-03T14:00:00Z,DISCA,79.01,4,Market On Close,Filled,316.04,"adjust" 
2013-06-03T14:00:00Z,DLX,37.37,39,Market On Close,Filled,1457.43,"buy" 
2013-06-03T14:00:00Z,FSLR,53.33,8,Market On Close,Filled,426.64,"buy" 
2013-06-03T14:00:00Z,GCI,20.8,64,Market On Close,Filled,1331.2,"buy" 
2013-06-03T14:00:00Z,MED,28.95,9,Market On Close,Filled,260.55,"adjust" 
2013-06-03T14:00:00Z,MXIM,29.32,7,Market On Close,Filled,205.24,"adjust" 
2013-06-03T14:00:00Z,PETS,13.61,20,Market On Close,Filled,272.2,"adjust" 
2013-06-03T14:00:00Z,PLPC,69.68,22,Market On Close,Filled,1532.96,"buy" 
2013-06-03T14:00:00Z,POWL,48.57,5,Market On Close,Filled,242.85,"adjust" 
2013-06-03T14:00:00Z,RES,12.67,16,Market On Close,Filled,202.72,"adjust" 
2013-06-03T14:00:00Z,SANM,13.85,59,Market On Close,Filled,817.15,"buy" 
2013-06-03T14:00:00Z,FL,34.27,6,Market On Close,Filled,205.62,"adjust" 
2013-07-01T14:00:00Z,CTR,25.32,-62,Market On Close,Filled,-1569.84,"band" 
2013-07-01T14:00:00Z,CTB,33.27,-27,Market On Close,Filled,-898.29,"adjust" 
2013-07-01T14:00:00Z,GCI,25.21,-38,Market On Close,Filled,-957.98,"adjust" 
2013-07-01T14:00:00Z,GIII,48.42,-8,Market On Close,Filled,-387.36,"adjust" 
2013-07-01T14:00:00Z,PLUS,61.04,-6,Market On Close,Filled,-366.24,"adjust" 
2013-07-01T14:00:00Z,WMK,45.44,-50,Market On Close,Filled,-2272,"band" 
2013-07-01T14:00:00Z,BKE,52.9,6,Market On Close,Filled,317.4,"adjust" 
2013-07-01T14:00:00Z,DK,28.04,10,Market On Close,Filled,280.4,"adjust" 
2013-07-01T14:00:00Z,HOC,40.74,9,Market On Close,Filled,366.66,"adjust" 
2013-07-01T14:00:00Z,IDCC,39.26,7,Market On Close,Filled,274.82,"adjust" 
2013-07-01T14:00:00Z,KLIC,11.04,119,Market On Close,Filled,1313.76,"buy" 
2013-07-01T14:00:00Z,KWR,63.22,4,Market On Close,Filled,252.88,"adjust" 
2013-07-01T14:00:00Z,MOV,34.55,7,Market On Close,Filled,241.85,"adjust" 
2013-07-01T14:00:00Z,MPC,70.38,17,Market On Close,Filled,1196.46,"buy" 
2013-07-01T14:00:00Z,RS,66.31,4,Market On Close,Filled,265.24,"adjust" 
2013-07-01T14:00:00Z,SIX,36.85,8,Market On Close,Filled,294.8,"adjust" 
2013-07-01T14:00:00Z,VLO,34.25,8,Market On Close,Filled,274,"adjust" 
2013-08-01T14:00:00Z,CF,195.98,-8,Market On Close,Filled,-1567.84,"band" 
2013-08-01T14:00:00Z,CVX,126.39,-22,Market On Close,Filled,-2780.58,"band" 
2013-08-01T14:00:00Z,MED,27.27,-37,Market On Close,Filled,-1008.99,"band" 
2013-08-01T14:00:00Z,PETS,16.93,-32,Market On Close,Filled,-541.76,"adjust" 
2013-08-01T14:00:00Z,RCII,40.5,-52,Market On Close,Filled,-2106,"band" 
2013-08-01T14:00:00Z,RES,14.64,-90,Market On Close,Filled,-1317.6,"band" 
2013-08-01T14:00:00Z,AEOS,19.92,18,Market On Close,Filled,358.56,"adjust" 
2013-08-01T14:00:00Z,ANF,51.46,5,Market On Close,Filled,257.3,"adjust" 
2013-08-01T14:00:00Z,CVI,48.54,5,Market On Close,Filled,242.7,"adjust" 
2013-08-01T14:00:00Z,DV,30.63,35,Market On Close,Filled,1072.05,"buy" 
2013-08-01T14:00:00Z,ENS,53.78,5,Market On Close,Filled,268.9,"adjust" 
2013-08-01T14:00:00Z,GPS,46.32,5,Market On Close,Filled,231.6,"adjust" 
2013-08-01T14:00:00Z,KELYA,19.72,11,Market On Close,Filled,216.92,"adjust" 
2013-08-01T14:00:00Z,LEA,69.4,29,Market On Close,Filled,2012.6,"buy" 
2013-08-01T14:00:00Z,LNDC,14.69,14,Market On Close,Filled,205.66,"adjust" 
2013-08-01T14:00:00Z,LZB,21.33,11,Market On Close,Filled,234.63,"adjust" 
2013-08-01T14:00:00Z,OSK,46.56,25,Market On Close,Filled,1164,"buy" 
2013-08-01T14:00:00Z,PDFS,20.95,59,Market On Close,Filled,1236.05,"buy" 
2013-08-01T14:00:00Z,PLPC,74.09,4,Market On Close,Filled,296.36,"adjust" 
2013-08-01T14:00:00Z,POWL,51.03,6,Market On Close,Filled,306.18,"adjust" 
2013-08-01T14:00:00Z,RBIN,47.91,6,Market On Close,Filled,287.46,"adjust" 
2013-08-01T14:00:00Z,TTEC,25.58,8,Market On Close,Filled,204.64,"adjust" 
2013-08-01T14:00:00Z,UEIC,31.25,37,Market On Close,Filled,1156.25,"buy" 
2013-08-01T14:00:00Z,UTHR,75.87,3,Market On Close,Filled,227.61,"adjust" 
2013-08-01T14:00:00Z,WDC,66.44,4,Market On Close,Filled,265.76,"adjust" 
2013-08-01T14:00:00Z,FL,37.26,7,Market On Close,Filled,260.82,"adjust" 
2013-09-03T14:00:00Z,ALG,45.72,-10,Market On Close,Filled,-457.2,"adjust" 
2013-09-03T14:00:00Z,LHCG,22.63,-11,Market On Close,Filled,-248.93,"adjust" 
2013-09-03T14:00:00Z,MOV,41.62,-29,Market On Close,Filled,-1206.98,"band" 
2013-09-03T14:00:00Z,QUAD,31.6,-11,Market On Close,Filled,-347.6,"adjust" 
2013-09-03T14:00:00Z,RBIN,50.98,-4,Market On Close,Filled,-203.92,"adjust" 
2013-09-03T14:00:00Z,BKE,51.94,4,Market On Close,Filled,207.76,"adjust" 
2013-09-03T14:00:00Z,DK,25.31,9,Market On Close,Filled,227.79,"adjust" 
2013-09-03T14:00:00Z,FSLR,36.87,7,Market On Close,Filled,258.09,"adjust" 
2013-09-03T14:00:00Z,GIII,47.01,5,Market On Close,Filled,235.05,"adjust" 
2013-09-03T14:00:00Z,GPS,40.72,5,Market On Close,Filled,203.6,"adjust" 
2013-09-03T14:00:00Z,MXIM,28.16,8,Market On Close,Filled,225.28,"adjust" 
2013-09-03T14:00:00Z,RS,66.2,3,Market On Close,Filled,198.6,"adjust" 
2013-09-03T14:00:00Z,SMP,30.84,9,Market On Close,Filled,277.56,"adjust" 
2013-09-03T14:00:00Z,SXI,52.92,6,Market On Close,Filled,317.52,"adjust" 
2013-09-03T14:00:00Z,KAI,32.1,8,Market On Close,Filled,256.8,"adjust" 
2013-09-03T14:00:00Z,USMO,13.92,104,Market On Close,Filled,1447.68,"buy" 
2013-10-01T14:00:00Z,CALM,48.46,-40,Market On Close,Filled,-1938.4,"band" 
2013-10-01T14:00:00Z,ENS,61.49,-8,Market On Close,Filled,-491.92,"adjust" 
2013-10-01T14:00:00Z,GIII,55,-6,Market On Close,Filled,-330,"adjust" 
2013-10-01T14:00:00Z,IDCC,37.7,-30,Market On Close,Filled,-1131,"band" 
2013-10-01T14:00:00Z,IPAR,30.57,-8,Market On Close,Filled,-244.56,"adjust" 
2013-10-01T14:00:00Z,POWL,62.79,-6,Market On Close,Filled,-376.74,"adjust" 
2013-10-01T14:00:00Z,UEIC,36.48,-8,Market On Close,Filled,-291.84,"adjust" 
2013-10-01T14:00:00Z,BGFV,16.18,13,Market On Close,Filled,210.34,"adjust" 
2013-10-01T14:00:00Z,CTB,31.13,8,Market On Close,Filled,249.04,"adjust" 
2013-10-01T14:00:00Z,DK,21.25,10,Market On Close,Filled,212.5,"adjust" 
2013-10-01T14:00:00Z,ICFI,35.94,53,Market On Close,Filled,1904.82,"buy" 
2013-10-01T14:00:00Z,KIRK,18.7,58,Market On Close,Filled,1084.6,"buy" 
2013-10-01T14:00:00Z,KLIC,11.61,18,Market On Close,Filled,208.98,"adjust" 
2013-10-01T14:00:00Z,PLUS,51.7,4,Market On Close,Filled,206.8,"adjust" 
2013-10-01T14:00:00Z,VLO,33.84,7,Market On Close,Filled,236.88,"adjust" 
2013-11-01T14:00:00Z,BGFV,19.19,-11,Market On Close,Filled,-211.09,"adjust" 
2013-11-01T14:00:00Z,DISCA,87.8,-4,Market On Close,Filled,-351.2,"adjust" 
2013-11-01T14:00:00Z,DK,25.26,-53,Market On Close,Filled,-1338.78,"band" 
2013-11-01T14:00:00Z,DV,34.91,-35,Market On Close,Filled,-1221.85,"expired" 
2013-11-01T14:00:00Z,IDT,22,-14,Market On Close,Filled,-308,"adjust" 
2013-11-01T14:00:00Z,KLIC,12.7,-25,Market On Close,Filled,-317.5,"adjust" 
2013-11-01T14:00:00Z,LNDC,11.7,-87,Market On Close,Filled,-1017.9,"band" 
2013-11-01T14:00:00Z,UTHR,90.34,-3,Market On Close,Filled,-271.02,"adjust" 
2013-11-01T14:00:00Z,WGO,29.37,-8,Market On Close,Filled,-234.96,"adjust" 
2013-11-01T14:00:00Z,ALG,48.43,5,Market On Close,Filled,242.15,"adjust" 
2013-11-01T14:00:00Z,ANF,36.9,6,Market On Close,Filled,221.4,"adjust" 
2013-11-01T14:00:00Z,CVI,37.06,8,Market On Close,Filled,296.48,"adjust" 
2013-11-01T14:00:00Z,DECK,68.56,12,Market On Close,Filled,822.72,"buy" 
2013-11-01T14:00:00Z,GCI,27.9,11,Market On Close,Filled,306.9,"adjust" 
2013-11-01T14:00:00Z,GPS,36.78,8,Market On Close,Filled,294.24,"adjust" 
2013-11-01T14:00:00Z,HHS,7.98,141,Market On Close,Filled,1125.18,"buy" 
2013-11-01T14:00:00Z,LHCG,20.66,18,Market On Close,Filled,371.88,"adjust" 
2013-11-01T14:00:00Z,MPC,70.86,3,Market On Close,Filled,212.58,"adjust" 
2013-11-01T14:00:00Z,NC,55.18,4,Market On Close,Filled,220.72,"adjust" 
2013-11-01T14:00:00Z,PPC,14.07,68,Market On Close,Filled,956.76,"buy" 
2013-11-01T14:00:00Z,RBIN,47.01,9,Market On Close,Filled,423.09,"adjust" 
2013-11-01T14:00:00Z,SANM,14.91,16,Market On Close,Filled,238.56,"adjust" 
2013-12-02T15:00:00Z,ALG,57.13,-9,Market On Close,Filled,-514.17,"adjust" 
2013-12-02T15:00:00Z,BKE,52.07,-35,Market On Close,Filled,-1822.45,"band" 
2013-12-02T15:00:00Z,CTB,24.39,-24,Market On Close,Filled,-585.36,"band" 
2013-12-02T15:00:00Z,CVI,40.03,-30,Market On Close,Filled,-1200.9,"band" 
2013-12-02T15:00:00Z,GPS,41.58,-53,Market On Close,Filled,-2203.74,"band" 
2013-12-02T15:00:00Z,JCOM,45.61,-5,Market On Close,Filled,-228.05,"adjust" 
2013-12-02T15:00:00Z,KIRK,25.5,-18,Market On Close,Filled,-459,"adjust" 
2013-12-02T15:00:00Z,LZB,28.99,-17,Market On Close,Filled,-492.83,"adjust" 
2013-12-02T15:00:00Z,MXIM,28.22,-63,Market On Close,Filled,-1777.86,"band" 
2013-12-02T15:00:00Z,NC,63.46,-25,Market On Close,Filled,-1586.5,"band" 
2013-12-02T15:00:00Z,PLPC,68.74,-8,Market On Close,Filled,-549.92,"adjust" 
2013-12-02T15:00:00Z,VLGEA,38,-36,Market On Close,Filled,-1368,"band" 
2013-12-02T15:00:00Z,VLO,46.83,-6,Market On Close,Filled,-280.98,"adjust" 
2013-12-02T15:00:00Z,ABFS,33.63,22,Market On Close,Filled,739.86,"buy" 
2013-12-02T15:00:00Z,ANK,55.5,32,Market On Close,Filled,1776,"buy" 
2013-12-02T15:00:00Z,BGFV,18.96,11,Market On Close,Filled,208.56,"adjust" 
2013-12-02T15:00:00Z,DISCA,86.21,4,Market On Close,Filled,344.84,"adjust" 
2013-12-02T15:00:00Z,FSS,15.3,89,Market On Close,Filled,1361.7,"buy" 
2013-12-02T15:00:00Z,MTRX,21.82,63,Market On Close,Filled,1374.66,"buy" 
2013-12-02T15:00:00Z,PETS,15.22,20,Market On Close,Filled,304.4,"adjust" 
2013-12-02T15:00:00Z,RS,73.34,6,Market On Close,Filled,440.04,"adjust" 
2013-12-02T15:00:00Z,LDOS,48.88,48,Market On Close,Filled,2346.24,"buy" 
2013-12-02T15:00:00Z,SIX,36.78,6,Market On Close,Filled,220.68,"adjust" 
2013-12-02T15:00:00Z,SMP,34.4,9,Market On Close,Filled,309.6,"adjust" 
2013-12-02T15:00:00Z,STMP,46.02,22,Market On Close,Filled,1012.44,"buy" 
2013-12-02T15:00:00Z,SXI,57.67,4,Market On Close,Filled,230.68,"adjust" 
2013-12-02T15:00:00Z,SYNA,50.27,21,Market On Close,Filled,1055.67,"buy" 
2013-12-02T15:00:00Z,TTEC,25.16,12,Market On Close,Filled,301.92,"adjust" 
2013-12-02T15:00:00Z,UNF,100.29,3,Market On Close,Filled,300.87,"adjust" 
2013-12-02T15:00:00Z,USMO,14.42,19,Market On Close,Filled,273.98,"adjust" 
2014-01-02T15:00:00Z,AEOS,14.73,-86,Market On Close,Filled,-1266.78,"band" 
2014-01-02T15:00:00Z,ALG,57.02,-5,Market On Close,Filled,-285.1,"adjust" 
2014-01-02T15:00:00Z,ANF,32.01,-29,Market On Close,Filled,-928.29,"band" 
2014-01-02T15:00:00Z,EGHT,9.97,-112,Market On Close,Filled,-1116.64,"band" 
2014-01-02T15:00:00Z,GIII,71.42,-4,Market On Close,Filled,-285.68,"adjust" 
2014-01-02T15:00:00Z,KELYA,24.61,-10,Market On Close,Filled,-246.1,"adjust" 
2014-01-02T15:00:00Z,KLIC,13.06,-112,Market On Close,Filled,-1462.72,"band" 
2014-01-02T15:00:00Z,MPC,89.48,-4,Market On Close,Filled,-357.92,"adjust" 
2014-01-02T15:00:00Z,QUAD,25.74,-36,Market On Close,Filled,-926.64,"band" 
2014-01-02T15:00:00Z,LDOS,46.25,-16,Market On Close,Filled,-740,"adjust" 
2014-01-02T15:00:00Z,SXI,63.15,-34,Market On Close,Filled,-2147.1,"band" 
2014-01-02T15:00:00Z,UNF,106.12,-23,Market On Close,Filled,-2440.76,"expired" 
2014-01-02T15:00:00Z,UTHR,110.9,-13,Market On Close,Filled,-1441.7,"adjust" 
2014-01-02T15:00:00Z,WDC,82.68,-3,Market On Close,Filled,-248.04,"adjust" 
2014-01-02T15:00:00Z,WGO,26.99,-38,Market On Close,Filled,-1025.62,"expired" 
2014-01-02T15:00:00Z,CMCO,26.68,60,Market On Close,Filled,1600.8,"buy" 
2014-01-02T15:00:00Z,ENS,69.02,4,Market On Close,Filled,276.08,"adjust" 
2014-01-02T15:00:00Z,GES,30.56,56,Market On Close,Filled,1711.36,"buy" 
2014-01-02T15:00:00Z,GME,49.65,27,Market On Close,Filled,1340.55,"buy" 
2014-01-02T15:00:00Z,HHS,7.54,34,Market On Close,Filled,256.36,"adjust" 
2014-01-02T15:00:00Z,IDT,17.7,17,Market On Close,Filled,300.9,"adjust" 
2014-01-02T15:00:00Z,KWR,76.87,3,Market On Close,Filled,230.61,"adjust" 
2014-01-02T15:00:00Z,LEA,79.53,4,Market On Close,Filled,318.12,"adjust" 
2014-01-02T15:00:00Z,MRVL,14.17,108,Market On Close,Filled,1530.36,"buy" 
2014-01-02T15:00:00Z,OSK,49.48,6,Market On Close,Filled,296.88,"adjust" 
2014-01-02T15:00:00Z,RGR,73.75,22,Market On Close,Filled,1622.5,"buy" 
2014-01-02T15:00:00Z,SAFM,72,27,Market On Close,Filled,1944,"buy" 
2014-01-02T15:00:00Z,SAIA,30.52,10,Market On Close,Filled,305.2,"adjust" 
2014-01-02T15:00:00Z,SNX,66.22,23,Market On Close,Filled,1523.06,"buy" 
2014-01-02T15:00:00Z,STMP,41.78,5,Market On Close,Filled,208.9,"adjust" 
2014-01-02T15:00:00Z,TTEC,23.8,13,Market On Close,Filled,309.4,"adjust" 
2014-01-02T15:00:00Z,UEIC,36.75,6,Market On Close,Filled,220.5,"adjust" 
2014-01-02T15:00:00Z,XRX,11.91,146,Market On Close,Filled,1738.86,"buy" 
2014-02-03T15:00:00Z,DLX,45.84,-6,Market On Close,Filled,-275.04,"adjust" 
2014-02-03T15:00:00Z,HHS,6.86,-175,Market On Close,Filled,-1200.5,"band" 
2014-02-03T15:00:00Z,LEA,71.99,-4,Market On Close,Filled,-287.96,"adjust" 
2014-02-03T15:00:00Z,MTRX,24.86,-9,Market On Close,Filled,-223.74,"adjust" 
2014-02-03T15:00:00Z,OSK,50.54,-5,Market On Close,Filled,-252.7,"adjust" 
2014-02-03T15:00:00Z,PETS,12.74,-87,Market On Close,Filled,-1108.38,"universe" 
2014-02-03T15:00:00Z,PLPC,65.5,-18,Market On Close,Filled,-1179,"band" 
2014-02-03T15:00:00Z,RGR,72.21,-3,Market On Close,Filled,-216.63,"adjust" 
2014-02-03T15:00:00Z,SAFM,71.97,-3,Market On Close,Filled,-215.91,"adjust" 
2014-02-03T15:00:00Z,SANM,16.11,-75,Market On Close,Filled,-1208.25,"expired" 
2014-02-03T15:00:00Z,SAIA,31.93,-6,Market On Close,Filled,-191.58,"adjust" 
2014-02-03T15:00:00Z,VLO,48.85,-34,Market On Close,Filled,-1660.9,"band" 
2014-02-03T15:00:00Z,COLM,73.4,25,Market On Close,Filled,1835,"buy" 
2014-02-03T15:00:00Z,FSS,11.72,19,Market On Close,Filled,222.68,"adjust" 
2014-02-03T15:00:00Z,GCI,26.51,11,Market On Close,Filled,291.61,"adjust" 
2014-02-03T15:00:00Z,IPAR,31.74,7,Market On Close,Filled,222.18,"adjust" 
2014-02-03T15:00:00Z,KIRK,17.58,18,Market On Close,Filled,316.44,"adjust" 
2014-02-03T15:00:00Z,NUS,82.78,8,Market On Close,Filled,662.24,"buy" 
2014-02-03T15:00:00Z,OSTK,20.72,31,Market On Close,Filled,642.32,"buy" 
2014-02-03T15:00:00Z,PRFT,20.01,52,Market On Close,Filled,1040.52,"buy" 
2014-02-03T15:00:00Z,UACL,27.68,48,Market On Close,Filled,1328.64,"buy" 
2014-02-03T15:00:00Z,USNA,57.62,4,Market On Close,Filled,230.48,"adjust" 
2014-03-03T15:00:00Z,COLM,83.24,-3,Market On Close,Filled,-249.72,"adjust" 
2014-03-03T15:00:00Z,DISCA,82.08,-26,Market On Close,Filled,-2134.08,"band" 
2014-03-03T15:00:00Z,ENS,69.81,-7,Market On Close,Filled,-488.67,"adjust" 
2014-03-03T15:00:00Z,HOC,44.88,-30,Market On Close,Filled,-1346.4,"band" 
2014-03-03T15:00:00Z,ICFI,40.23,-22,Market On Close,Filled,-885.06,"adjust" 
2014-03-03T15:00:00Z,KIRK,17.76,-58,Market On Close,Filled,-1030.08,"universe" 
2014-03-03T15:00:00Z,MTRX,33.06,-28,Market On Close,Filled,-925.68,"adjust" 
2014-03-03T15:00:00Z,POWL,67.62,-24,Market On Close,Filled,-1622.88,"band" 
2014-03-03T15:00:00Z,RBIN,57.06,-7,Market On Close,Filled,-399.42,"adjust" 
2014-03-03T15:00:00Z,SIX,40.6,-56,Market On Close,Filled,-2273.6,"band" 
2014-03-03T15:00:00Z,SMP,34.64,-10,Market On Close,Filled,-346.4,"adjust" 
2014-03-03T15:00:00Z,SYNA,63.03,-4,Market On Close,Filled,-252.12,"adjust" 
2014-03-03T15:00:00Z,TTEC,24.04,-39,Market On Close,Filled,-937.56,"adjust" 
2014-03-03T15:00:00Z,UEIC,42.67,-5,Market On Close,Filled,-213.35,"adjust" 
2014-03-03T15:00:00Z,USMO,14.37,-123,Market On Close,Filled,-1767.51,"universe" 
2014-03-03T15:00:00Z,USNA,71.94,-5,Market On Close,Filled,-359.7,"adjust" 
2014-03-03T15:00:00Z,ABFS,32.82,7,Market On Close,Filled,229.74,"adjust" 
2014-03-03T15:00:00Z,ALG,51.42,5,Market On Close,Filled,257.1,"adjust" 
2014-03-03T15:00:00Z,BGFV,14.89,24,Market On Close,Filled,357.36,"adjust" 
2014-03-03T15:00:00Z,CMCO,25.25,12,Market On Close,Filled,303,"adjust" 
2014-03-03T15:00:00Z,CORE,76.5,32,Market On Close,Filled,2448,"buy" 
2014-03-03T15:00:00Z,DAL,32.59,44,Market On Close,Filled,1433.96,"buy" 
2014-03-03T15:00:00Z,GIII,69.68,4,Market On Close,Filled,278.72,"adjust" 
2014-03-03T15:00:00Z,GNTX,31.14,66,Market On Close,Filled,2055.24,"buy" 
2014-03-03T15:00:00Z,IDT,18.24,14,Market On Close,Filled,255.36,"adjust" 
2014-03-03T15:00:00Z,LHCG,23.42,10,Market On Close,Filled,234.2,"adjust" 
2014-03-03T15:00:00Z,LZB,25.37,15,Market On Close,Filled,380.55,"adjust" 
2014-03-03T15:00:00Z,MPC,83.35,3,Market On Close,Filled,250.05,"adjust" 
2014-03-03T15:00:00Z,MU,24.48,55,Market On Close,Filled,1346.4,"buy" 
2014-03-03T15:00:00Z,PDFS,19.36,15,Market On Close,Filled,290.4,"adjust" 
2014-03-03T15:00:00Z,RGR,63.6,4,Market On Close,Filled,254.4,"adjust" 
2014-03-03T15:00:00Z,LDOS,44.67,9,Market On Close,Filled,402.03,"adjust" 
2014-03-03T15:00:00Z,STMP,35.55,8,Market On Close,Filled,284.4,"adjust" 
2014-03-03T15:00:00Z,TSN,38.81,50,Market On Close,Filled,1940.5,"buy" 
2014-03-03T15:00:00Z,TTWO,20,70,Market On Close,Filled,1400,"buy" 
2014-03-03T15:00:00Z,UTHR,100.37,2,Market On Close,Filled,200.74,"adjust" 
2014-03-03T15:00:00Z,XRX,10.87,19,Market On Close,Filled,206.53,"adjust" 
2014-04-01T14:00:00Z,ALG,55.68,-4,Market On Close,Filled,-222.72,"adjust" 
2014-04-01T14:00:00Z,BGFV,16.17,-82,Market On Close,Filled,-1325.94,"band" 
2014-04-01T14:00:00Z,FSLR,70.89,-4,Market On Close,Filled,-283.56,"adjust" 
2014-04-01T14:00:00Z,MPC,89.54,-19,Market On Close,Filled,-1701.26,"band" 
2014-04-01T14:00:00Z,RS,71.28,-32,Market On Close,Filled,-2280.96,"band" 
2014-04-01T14:00:00Z,LDOS,37.04,-6,Market On Close,Filled,-222.24,"adjust" 
2014-04-01T14:00:00Z,UACL,28.98,-48,Market On Close,Filled,-1391.04,"band" 
2014-04-01T14:00:00Z,FL,47.3,-12,Market On Close,Filled,-567.6,"adjust" 
2014-04-01T14:00:00Z,BAH,22.32,94,Market On Close,Filled,2098.08,"buy" 
2014-04-01T14:00:00Z,COLM,83.25,3,Market On Close,Filled,249.75,"adjust" 
2014-04-01T14:00:00Z,EPAM,36.37,27,Market On Close,Filled,981.99,"buy" 
2014-04-01T14:00:00Z,FF,21.05,61,Market On Close,Filled,1284.05,"buy" 
2014-04-01T14:00:00Z,GCI,28.02,11,Market On Close,Filled,308.22,"adjust" 
2014-04-01T14:00:00Z,GES,28.01,10,Market On Close,Filled,280.1,"adjust" 
2014-04-01T14:00:00Z,JCOM,50.12,4,Market On Close,Filled,200.48,"adjust" 
2014-04-01T14:00:00Z,LHCG,22.3,12,Market On Close,Filled,267.6,"adjust" 
2014-04-01T14:00:00Z,PLUS,56.58,4,Market On Close,Filled,226.32,"adjust" 
2014-04-01T14:00:00Z,MYGN,35.15,27,Market On Close,Filled,949.05,"buy" 
2014-04-01T14:00:00Z,PRFT,18.43,14,Market On Close,Filled,258.02,"adjust" 
2014-05-01T14:00:00Z,COLM,86.12,-3,Market On Close,Filled,-258.36,"adjust" 
2014-05-01T14:00:00Z,DLX,54.98,-33,Market On Close,Filled,-1814.34,"expired" 
2014-05-01T14:00:00Z,MU,26.25,-9,Market On Close,Filled,-236.25,"adjust" 
2014-05-01T14:00:00Z,MYGN,39.97,-5,Market On Close,Filled,-199.85,"adjust" 
2014-05-01T14:00:00Z,PDFS,18.93,-74,Market On Close,Filled,-1400.82,"band" 
2014-05-01T14:00:00Z,PPC,22.05,-68,Market On Close,Filled,-1499.4,"expired" 
2014-05-01T14:00:00Z,LDOS,37.29,-35,Market On Close,Filled,-1305.15,"band" 
2014-05-01T14:00:00Z,SNX,66.48,-8,Market On Close,Filled,-531.84,"adjust" 
2014-05-01T14:00:00Z,STMP,29.12,-35,Market On Close,Filled,-1019.2,"band" 
2014-05-01T14:00:00Z,TTEC,24.22,-79,Market On Close,Filled,-1913.38,"expired" 
2014-05-01T14:00:00Z,XRX,12.08,-165,Market On Close,Filled,-1993.2,"expired" 
2014-05-01T14:00:00Z,ANK,57.15,6,Market On Close,Filled,342.9,"adjust" 
2014-05-01T14:00:00Z,CALM,59.02,32,Market On Close,Filled,1888.64,"buy" 
2014-05-01T14:00:00Z,DECK,80.12,3,Market On Close,Filled,240.36,"adjust" 
2014-05-01T14:00:00Z,ENS,67.13,3,Market On Close,Filled,201.39,"adjust" 
2014-05-01T14:00:00Z,GNTX,29.02,7,Market On Close,Filled,203.14,"adjust" 
2014-05-01T14:00:00Z,ICFI,38.42,7,Market On Close,Filled,268.94,"adjust" 
2014-05-01T14:00:00Z,IDT,15.83,17,Market On Close,Filled,269.11,"adjust" 
2014-05-01T14:00:00Z,KFY,28.8,51,Market On Close,Filled,1468.8,"buy" 
2014-05-01T14:00:00Z,LHCG,20.82,15,Market On Close,Filled,312.3,"adjust" 
2014-05-01T14:00:00Z,MEI,28.23,27,Market On Close,Filled,762.21,"buy" 
2014-05-01T14:00:00Z,MOV,39.03,38,Market On Close,Filled,1483.14,"buy" 
2014-05-01T14:00:00Z,OSTK,15.33,23,Market On Close,Filled,352.59,"adjust" 
2014-05-01T14:00:00Z,OSK,54.94,6,Market On Close,Filled,329.64,"adjust" 
2014-05-01T14:00:00Z,POWI,49.37,23,Market On Close,Filled,1135.51,"buy" 
2014-05-01T14:00:00Z,RBIN,57.09,4,Market On Close,Filled,228.36,"adjust" 
2014-05-01T14:00:00Z,KAI,35.41,8,Market On Close,Filled,283.28,"adjust" 
2014-05-01T14:00:00Z,THO,61.21,32,Market On Close,Filled,1958.72,"buy" 
2014-05-01T14:00:00Z,VMW,92.05,15,Market On Close,Filled,1380.75,"buy" 
2014-05-01T14:00:00Z,WDC,82.28,3,Market On Close,Filled,246.84,"adjust" 
2014-06-02T14:00:00Z,BAH,22.09,-18,Market On Close,Filled,-397.62,"adjust" 
2014-06-02T14:00:00Z,CALM,69.47,-5,Market On Close,Filled,-347.35,"adjust" 
2014-06-02T14:00:00Z,CMCO,28.82,-9,Market On Close,Filled,-259.38,"adjust" 
2014-06-02T14:00:00Z,EPAM,42.15,-5,Market On Close,Filled,-210.75,"adjust" 
2014-06-02T14:00:00Z,IDT,16.64,-98,Market On Close,Filled,-1630.72,"band" 
2014-06-02T14:00:00Z,IPAR,29.27,-47,Market On Close,Filled,-1375.69,"band" 
2014-06-02T14:00:00Z,LHCG,20.38,-101,Market On Close,Filled,-2058.38,"band" 
2014-06-02T14:00:00Z,PLUS,56.56,-28,Market On Close,Filled,-1583.68,"band" 
2014-06-02T14:00:00Z,POWI,49.1,-23,Market On Close,Filled,-1129.3,"band" 
2014-06-02T14:00:00Z,TSN,43.4,-11,Market On Close,Filled,-477.4,"adjust" 
2014-06-02T14:00:00Z,UEIC,42.96,-5,Market On Close,Filled,-214.8,"adjust" 
2014-06-02T14:00:00Z,ALG,52.3,5,Market On Close,Filled,261.5,"adjust" 
2014-06-02T14:00:00Z,COLM,84.02,4,Market On Close,Filled,336.08,"adjust" 
2014-06-02T14:00:00Z,DXPE,70.44,10,Market On Close,Filled,704.4,"buy" 
2014-06-02T14:00:00Z,FSLR,62.7,4,Market On Close,Filled,250.8,"adjust" 
2014-06-02T14:00:00Z,GCI,28.89,10,Market On Close,Filled,288.9,"adjust" 
2014-06-02T14:00:00Z,GES,25.52,9,Market On Close,Filled,229.68,"adjust" 
2014-06-02T14:00:00Z,HVT,24.97,11,Market On Close,Filled,274.67,"adjust" 
2014-06-02T14:00:00Z,HURN,67.97,22,Market On Close,Filled,1495.34,"buy" 
2014-06-02T14:00:00Z,KELYA,17.67,25,Market On Close,Filled,441.75,"adjust" 
2014-06-02T14:00:00Z,MOD,14.94,85,Market On Close,Filled,1269.9,"buy" 
2014-06-02T14:00:00Z,MRVL,15.92,20,Market On Close,Filled,318.4,"adjust" 
2014-06-02T14:00:00Z,MYGN,33.62,7,Market On Close,Filled,235.34,"adjust" 
2014-06-02T14:00:00Z,NUS,73.62,3,Market On Close,Filled,220.86,"adjust" 
2014-06-02T14:00:00Z,OSK,54.04,4,Market On Close,Filled,216.16,"adjust" 
2014-06-02T14:00:00Z,PPC,25.92,61,Market On Close,Filled,1581.12,"buy" 
2014-06-02T14:00:00Z,RBIN,52.7,4,Market On Close,Filled,210.8,"adjust" 
2014-06-02T14:00:00Z,SKX,44.68,29,Market On Close,Filled,1295.72,"buy" 
2014-06-02T14:00:00Z,UTHR,95.58,3,Market On Close,Filled,286.74,"adjust" 
2014-07-01T14:00:00Z,CORE,46.92,-9,Market On Close,Filled,-422.28,"adjust" 
2014-07-01T14:00:00Z,DXPE,77.08,-10,Market On Close,Filled,-770.8,"band" 
2014-07-01T14:00:00Z,KELYA,17.57,-105,Market On Close,Filled,-1844.85,"band" 
2014-07-01T14:00:00Z,MEI,37.99,-6,Market On Close,Filled,-227.94,"adjust" 
2014-07-01T14:00:00Z,PPC,27.69,-8,Market On Close,Filled,-221.52,"adjust" 
2014-07-01T14:00:00Z,SAFM,97.92,-4,Market On Close,Filled,-391.68,"adjust" 
2014-07-01T14:00:00Z,SYNA,91.88,-9,Market On Close,Filled,-826.92,"adjust" 
2014-07-01T14:00:00Z,CRUS,22.79,59,Market On Close,Filled,1344.61,"buy" 
2014-07-01T14:00:00Z,GNTX,29.58,7,Market On Close,Filled,207.06,"adjust" 
2014-07-01T14:00:00Z,ICFI,35.93,8,Market On Close,Filled,287.44,"adjust" 
2014-07-01T14:00:00Z,PSX,80.6,29,Market On Close,Filled,2337.4,"buy" 
2014-07-01T14:00:00Z,RGR,59.46,6,Market On Close,Filled,356.76,"adjust" 
2014-07-01T14:00:00Z,THO,56.93,6,Market On Close,Filled,341.58,"adjust" 
2014-07-01T14:00:00Z,FL,51.6,4,Market On Close,Filled,206.4,"adjust" 
2014-08-01T14:00:00Z,ANK,58.88,-6,Market On Close,Filled,-353.28,"adjust" 
2014-08-01T14:00:00Z,CALM,69.97,-3,Market On Close,Filled,-209.91,"adjust" 
2014-08-01T14:00:00Z,CMCO,23.16,-63,Market On Close,Filled,-1459.08,"expired" 
2014-08-01T14:00:00Z,CORE,46.94,-7,Market On Close,Filled,-328.58,"adjust" 
2014-08-01T14:00:00Z,LEA,93.34,-4,Market On Close,Filled,-373.36,"adjust" 
2014-08-01T14:00:00Z,MOD,13.25,-85,Market On Close,Filled,-1126.25,"expired" 
2014-08-01T14:00:00Z,NUS,59.03,-11,Market On Close,Filled,-649.33,"band" 
2014-08-01T14:00:00Z,OSK,46.31,-5,Market On Close,Filled,-231.55,"adjust" 
2014-08-01T14:00:00Z,RBIN,42.31,-40,Market On Close,Filled,-1692.4,"band" 
2014-08-01T14:00:00Z,SAIA,45.66,-5,Market On Close,Filled,-228.3,"adjust" 
2014-08-01T14:00:00Z,SKX,52.29,-5,Market On Close,Filled,-261.45,"adjust" 
2014-08-01T14:00:00Z,THO,52.63,-38,Market On Close,Filled,-1999.94,"band" 
2014-08-01T14:00:00Z,WDC,100.3,-3,Market On Close,Filled,-300.9,"adjust" 
2014-08-01T14:00:00Z,SWKS,52.07,25,Market On Close,Filled,1301.75,"buy" 
2014-08-01T14:00:00Z,DDS,120.49,12,Market On Close,Filled,1445.88,"buy" 
2014-08-01T14:00:00Z,ENS,63.54,5,Market On Close,Filled,317.7,"adjust" 
2014-08-01T14:00:00Z,FF,15.7,13,Market On Close,Filled,204.1,"adjust" 
2014-08-01T14:00:00Z,KWR,71.04,5,Market On Close,Filled,355.2,"adjust" 
2014-08-01T14:00:00Z,LSCC,6.86,173,Market On Close,Filled,1186.78,"buy" 
2014-08-01T14:00:00Z,MTRX,26.71,11,Market On Close,Filled,293.81,"adjust" 
2014-08-01T14:00:00Z,NSIT,27.35,59,Market On Close,Filled,1613.65,"buy" 
2014-08-01T14:00:00Z,SYNA,78.11,3,Market On Close,Filled,234.33,"adjust" 
2014-08-01T14:00:00Z,ZBRA,80.31,19,Market On Close,Filled,1525.89,"buy" 
2014-09-02T14:00:00Z,ALG,49.03,-28,Market On Close,Filled,-1372.84,"band" 
2014-09-02T14:00:00Z,ENS,64.23,-5,Market On Close,Filled,-321.15,"adjust" 
2014-09-02T14:00:00Z,FF,14,-74,Market On Close,Filled,-1036,"band" 
2014-09-02T14:00:00Z,GCI,34.1,-7,Market On Close,Filled,-238.7,"adjust" 
2014-09-02T14:00:00Z,JCOM,53.76,-33,Market On Close,Filled,-1774.08,"band" 
2014-09-02T14:00:00Z,LEA,102.25,-2,Market On Close,Filled,-204.5,"adjust" 
2014-09-02T14:00:00Z,MOV,37.58,-38,Market On Close,Filled,-1428.04,"band" 
2014-09-02T14:00:00Z,OSK,49.6,-31,Market On Close,Filled,-1537.6,"band" 
2014-09-02T14:00:00Z,PRFT,17.59,-66,Market On Close,Filled,-1160.94,"band" 
2014-09-02T14:00:00Z,UTHR,115.22,-6,Market On Close,Filled,-691.32,"adjust" 
2014-09-02T14:00:00Z,FL,57.25,-9,Market On Close,Filled,-515.25,"adjust" 
2014-09-02T14:00:00Z,BAH,22.69,10,Market On Close,Filled,226.9,"adjust" 
2014-09-02T14:00:00Z,DMLP,33.98,89,Market On Close,Filled,3024.22,"buy" 
2014-09-02T14:00:00Z,DV,42.73,38,Market On Close,Filled,1623.74,"buy" 
2014-09-02T14:00:00Z,EGY,8.88,95,Market On Close,Filled,843.6,"buy" 
2014-09-02T14:00:00Z,EPAM,37.54,7,Market On Close,Filled,262.78,"adjust" 
2014-09-02T14:00:00Z,GPRE,44.68,29,Market On Close,Filled,1295.72,"buy" 
2014-09-02T14:00:00Z,HURN,60.58,5,Market On Close,Filled,302.9,"adjust" 
2014-09-02T14:00:00Z,ICFI,33.87,8,Market On Close,Filled,270.96,"adjust" 
2014-09-02T14:00:00Z,INTC,34.57,61,Market On Close,Filled,2108.77,"buy" 
2014-09-02T14:00:00Z,MEI,34.83,8,Market On Close,Filled,278.64,"adjust" 
2014-09-02T14:00:00Z,RSC,106.48,8,Market On Close,Filled,851.84,"buy" 
2014-09-02T14:00:00Z,SNX,71.25,3,Market On Close,Filled,213.75,"adjust" 
2014-09-02T14:00:00Z,TSN,38.37,6,Market On Close,Filled,230.22,"adjust" 
2014-09-02T14:00:00Z,VMW,98.98,3,Market On Close,Filled,296.94,"adjust" 
2014-10-01T14:00:00Z,CALM,87.8,-6,Market On Close,Filled,-526.8,"adjust" 
2014-10-01T14:00:00Z,CORE,51.69,-12,Market On Close,Filled,-620.28,"adjust" 
2014-10-01T14:00:00Z,DMLP,29.92,-14,Market On Close,Filled,-418.88,"adjust" 
2014-10-01T14:00:00Z,EPAM,43.11,-29,Market On Close,Filled,-1250.19,"band" 
2014-10-01T14:00:00Z,LZB,19.45,-63,Market On Close,Filled,-1225.35,"band" 
2014-10-01T14:00:00Z,MEI,36.05,-6,Market On Close,Filled,-216.3,"adjust" 
2014-10-01T14:00:00Z,MU,33.5,-12,Market On Close,Filled,-402,"adjust" 
2014-10-01T14:00:00Z,RGR,47.4,-29,Market On Close,Filled,-1374.6,"band" 
2014-10-01T14:00:00Z,SAFM,87.39,-3,Market On Close,Filled,-262.17,"adjust" 
2014-10-01T14:00:00Z,SAIA,48.53,-6,Market On Close,Filled,-291.18,"adjust" 
2014-10-01T14:00:00Z,SKX,52.59,-4,Market On Close,Filled,-210.36,"adjust" 
2014-10-01T14:00:00Z,SNX,63.14,-18,Market On Close,Filled,-1136.52,"band" 
2014-10-01T14:00:00Z,ANK,53.57,4,Market On Close,Filled,214.28,"adjust" 
2014-10-01T14:00:00Z,CTR,34.08,43,Market On Close,Filled,1465.44,"buy" 
2014-10-01T14:00:00Z,EW,103.39,16,Market On Close,Filled,1654.24,"buy" 
2014-10-01T14:00:00Z,FSS,12.71,17,Market On Close,Filled,216.07,"adjust" 
2014-10-01T14:00:00Z,GNTX,26.49,12,Market On Close,Filled,317.88,"adjust" 
2014-10-01T14:00:00Z,HVT,21.14,11,Market On Close,Filled,232.54,"adjust" 
2014-10-01T14:00:00Z,KFY,24.21,12,Market On Close,Filled,290.52,"adjust" 
2014-10-01T14:00:00Z,MPC,82.44,21,Market On Close,Filled,1731.24,"buy" 
2014-10-01T14:00:00Z,RSC,69.94,3,Market On Close,Filled,209.82,"adjust" 
2014-10-01T14:00:00Z,SMP,34.12,6,Market On Close,Filled,204.72,"adjust" 
2014-10-01T14:00:00Z,VLO,45.6,35,Market On Close,Filled,1596,"buy" 
2014-11-03T15:00:00Z,SWKS,60.23,-5,Market On Close,Filled,-301.15,"adjust" 
2014-11-03T15:00:00Z,ANK,68.54,-6,Market On Close,Filled,-411.24,"adjust" 
2014-11-03T15:00:00Z,DAL,40.61,-8,Market On Close,Filled,-324.88,"adjust" 
2014-11-03T15:00:00Z,DMLP,26.65,-16,Market On Close,Filled,-426.4,"adjust" 
2014-11-03T15:00:00Z,ENS,62.46,-29,Market On Close,Filled,-1811.34,"band" 
2014-11-03T15:00:00Z,EW,119.93,-3,Market On Close,Filled,-359.79,"adjust" 
2014-11-03T15:00:00Z,GNTX,32.68,-92,Market On Close,Filled,-3006.56,"band" 
2014-11-03T15:00:00Z,ICFI,36.26,-54,Market On Close,Filled,-1958.04,"band" 
2014-11-03T15:00:00Z,KWR,83.27,-31,Market On Close,Filled,-2581.37,"band" 
2014-11-03T15:00:00Z,LEA,91.79,-3,Market On Close,Filled,-275.37,"adjust" 
2014-11-03T15:00:00Z,OSTK,23.59,-54,Market On Close,Filled,-1273.86,"band" 
2014-11-03T15:00:00Z,PPC,28.9,-15,Market On Close,Filled,-433.5,"adjust" 
2014-11-03T15:00:00Z,PSX,76.68,-3,Market On Close,Filled,-230.04,"adjust" 
2014-11-03T15:00:00Z,SYNA,65.72,-11,Market On Close,Filled,-722.92,"expired" 
2014-11-03T15:00:00Z,TTWO,25.83,-17,Market On Close,Filled,-439.11,"adjust" 
2014-11-03T15:00:00Z,USNA,115.22,-5,Market On Close,Filled,-576.1,"adjust" 
2014-11-03T15:00:00Z,CTR,35.48,7,Market On Close,Filled,248.36,"adjust" 
2014-11-03T15:00:00Z,CHE,104.64,26,Market On Close,Filled,2720.64,"buy" 
2014-11-03T15:00:00Z,DDS,108.15,4,Market On Close,Filled,432.6,"adjust" 
2014-11-03T15:00:00Z,FSLR,58.31,5,Market On Close,Filled,291.55,"adjust" 
2014-11-03T15:00:00Z,GME,42.71,7,Market On Close,Filled,298.97,"adjust" 
2014-11-03T15:00:00Z,LSCC,6.59,34,Market On Close,Filled,224.06,"adjust" 
2014-11-03T15:00:00Z,MED,31.98,51,Market On Close,Filled,1630.98,"buy" 
2014-11-03T15:00:00Z,NTCT,37.31,34,Market On Close,Filled,1268.54,"buy" 
2014-11-03T15:00:00Z,SAIA,50.12,5,Market On Close,Filled,250.6,"adjust" 
2014-11-03T15:00:00Z,TPL,156.45,6,Market On Close,Filled,938.7,"buy" 
2014-11-03T15:00:00Z,VMW,84.27,5,Market On Close,Filled,421.35,"adjust" 
2014-11-03T15:00:00Z,WLK,71.04,24,Market On Close,Filled,1704.96,"buy" 
2014-11-03T15:00:00Z,XRX,13.29,140,Market On Close,Filled,1860.6,"buy" 
2014-11-03T15:00:00Z,FL,56.17,7,Market On Close,Filled,393.19,"adjust" 
2014-11-03T15:00:00Z,ZBRA,73.88,3,Market On Close,Filled,221.64,"adjust" 
2014-12-01T15:00:00Z,CTR,39.86,-8,Market On Close,Filled,-318.88,"adjust" 
2014-12-01T15:00:00Z,COLM,43.66,-6,Market On Close,Filled,-261.96,"adjust" 
2014-12-01T15:00:00Z,DAL,45.62,-5,Market On Close,Filled,-228.1,"adjust" 
2014-12-01T15:00:00Z,DDS,116.64,-4,Market On Close,Filled,-466.56,"adjust" 
2014-12-01T15:00:00Z,EGY,5.94,-95,Market On Close,Filled,-564.3,"universe" 
2014-12-01T15:00:00Z,FSLR,45.76,-20,Market On Close,Filled,-915.2,"band" 
2014-12-01T15:00:00Z,INTC,37.17,-7,Market On Close,Filled,-260.19,"adjust" 
2014-12-01T15:00:00Z,FL,56.35,-7,Market On Close,Filled,-394.45,"adjust" 
2014-12-01T15:00:00Z,ARLP,43.33,38,Market On Close,Filled,1646.54,"buy" 
2014-12-01T15:00:00Z,CRUS,17.88,16,Market On Close,Filled,286.08,"adjust" 
2014-12-01T15:00:00Z,GPRE,27.88,8,Market On Close,Filled,223.04,"adjust" 
2014-12-01T15:00:00Z,HVT,20.92,16,Market On Close,Filled,334.72,"adjust" 
2014-12-01T15:00:00Z,HURN,69.46,3,Market On Close,Filled,208.38,"adjust" 
2014-12-01T15:00:00Z,MEI,37.5,6,Market On Close,Filled,225,"adjust" 
2014-12-01T15:00:00Z,MTRX,20.07,10,Market On Close,Filled,200.7,"adjust" 
2014-12-01T15:00:00Z,MYGN,33.01,9,Market On Close,Filled,297.09,"adjust" 
2014-12-01T15:00:00Z,TSRA,34.41,46,Market On Close,Filled,1582.86,"buy" 
2014-12-01T15:00:00Z,UTHR,131.68,2,Market On Close,Filled,263.36,"adjust" 
2015-01-02T15:00:00Z,CRUS,23.71,-75,Market On Close,Filled,-1778.25,"band" 
2015-01-02T15:00:00Z,FSS,15.34,-15,Market On Close,Filled,-230.1,"adjust" 
2015-01-02T15:00:00Z,GIII,100,-5,Market On Close,Filled,-500,"adjust" 
2015-01-02T15:00:00Z,MED,32.24,-9,Market On Close,Filled,-290.16,"adjust" 
2015-01-02T15:00:00Z,MTRX,22.24,-47,Market On Close,Filled,-1045.28,"band" 
2015-01-02T15:00:00Z,MU,34.75,-34,Market On Close,Filled,-1181.5,"expired" 
2015-01-02T15:00:00Z,PSX,72.29,-3,Market On Close,Filled,-216.87,"adjust" 
2015-01-02T15:00:00Z,CHE,104.96,2,Market On Close,Filled,209.92,"adjust" 
2015-01-02T15:00:00Z,DECK,89.7,3,Market On Close,Filled,269.1,"adjust" 
2015-01-02T15:00:00Z,DV,44.28,5,Market On Close,Filled,221.4,"adjust" 
2015-01-02T15:00:00Z,RSC,62.76,4,Market On Close,Filled,251.04,"adjust" 
2015-01-02T15:00:00Z,SANM,23.37,44,Market On Close,Filled,1028.28,"buy" 
2015-01-02T15:00:00Z,TPL,118.21,2,Market On Close,Filled,236.42,"adjust" 
2015-01-02T15:00:00Z,USNA,102.28,3,Market On Close,Filled,306.84,"adjust" 
2015-01-02T15:00:00Z,GHC,860.94,2,Market On Close,Filled,1721.88,"buy" 
2015-01-02T15:00:00Z,ZUMZ,38.21,36,Market On Close,Filled,1375.56,"buy" 
2015-02-02T15:00:00Z,SWKS,82.02,-20,Market On Close,Filled,-1640.4,"expired" 
2015-02-02T15:00:00Z,ANK,67.42,-30,Market On Close,Filled,-2022.6,"band" 
2015-02-02T15:00:00Z,CORE,67.5,-6,Market On Close,Filled,-405,"adjust" 
2015-02-02T15:00:00Z,HVT,24.79,-23,Market On Close,Filled,-570.17,"adjust" 
2015-02-02T15:00:00Z,HURN,75.13,-30,Market On Close,Filled,-2253.9,"band" 
2015-02-02T15:00:00Z,MPC,93.91,-4,Market On Close,Filled,-375.64,"adjust" 
2015-02-02T15:00:00Z,NTCT,35.81,-34,Market On Close,Filled,-1217.54,"band" 
2015-02-02T15:00:00Z,SANM,20.87,-44,Market On Close,Filled,-918.28,"expired" 
2015-02-02T15:00:00Z,TSN,39.57,-45,Market On Close,Filled,-1780.65,"band" 
2015-02-02T15:00:00Z,VLO,54.42,-4,Market On Close,Filled,-217.68,"adjust" 
2015-02-02T15:00:00Z,BBY,34.97,37,Market On Close,Filled,1293.89,"buy" 
2015-02-02T15:00:00Z,CRMT,53.64,27,Market On Close,Filled,1448.28,"buy" 
2015-02-02T15:00:00Z,COLM,43,5,Market On Close,Filled,215,"adjust" 
2015-02-02T15:00:00Z,DDS,114.78,2,Market On Close,Filled,229.56,"adjust" 
2015-02-02T15:00:00Z,EW,125.48,2,Market On Close,Filled,250.96,"adjust" 
2015-02-02T15:00:00Z,GES,18.23,13,Market On Close,Filled,236.99,"adjust" 
2015-02-02T15:00:00Z,INTC,33.65,10,Market On Close,Filled,336.5,"adjust" 
2015-02-02T15:00:00Z,MU,28.44,49,Market On Close,Filled,1393.56,"buy" 
2015-02-02T15:00:00Z,KFRC,23.67,77,Market On Close,Filled,1822.59,"buy" 
2015-02-02T15:00:00Z,SAFM,78.22,3,Market On Close,Filled,234.66,"adjust" 
2015-02-02T15:00:00Z,UEPS,11.92,127,Market On Close,Filled,1513.84,"buy" 
2015-02-02T15:00:00Z,XRX,13.38,19,Market On Close,Filled,254.22,"adjust" 
2015-03-02T15:00:00Z,CHE,117.88,-5,Market On Close,Filled,-589.4,"adjust" 
2015-03-02T15:00:00Z,COLM,56.35,-27,Market On Close,Filled,-1521.45,"adjust" 
2015-03-02T15:00:00Z,DV,36.94,-6,Market On Close,Filled,-221.64,"adjust" 
2015-03-02T15:00:00Z,MED,32.35,-42,Market On Close,Filled,-1358.7,"universe" 
2015-03-02T15:00:00Z,SMP,42.33,-8,Market On Close,Filled,-338.64,"adjust" 
2015-03-02T15:00:00Z,TPL,138.25,-8,Market On Close,Filled,-1106,"band" 
2015-03-02T15:00:00Z,TSRA,41.93,-7,Market On Close,Filled,-293.51,"adjust" 
2015-03-02T15:00:00Z,TTWO,26.06,-53,Market On Close,Filled,-1381.18,"band" 
2015-03-02T15:00:00Z,UEPS,13.75,-15,Market On Close,Filled,-206.25,"adjust" 
2015-03-02T15:00:00Z,VMW,86.59,-23,Market On Close,Filled,-1991.57,"band" 
2015-03-02T15:00:00Z,WLK,67.38,-24,Market On Close,Filled,-1617.12,"band" 
2015-03-02T15:00:00Z,BKE,51.48,43,Market On Close,Filled,2213.64,"buy" 
2015-03-02T15:00:00Z,CTR,44.21,5,Market On Close,Filled,221.05,"adjust" 
2015-03-02T15:00:00Z,CRMT,53.9,4,Market On Close,Filled,215.6,"adjust" 
2015-03-02T15:00:00Z,HVT,23.89,9,Market On Close,Filled,215.01,"adjust" 
2015-03-02T15:00:00Z,IDT,21.85,81,Market On Close,Filled,1769.85,"buy" 
2015-03-02T15:00:00Z,KLIC,16.33,118,Market On Close,Filled,1926.94,"buy" 
2015-03-02T15:00:00Z,MEI,39.12,7,Market On Close,Filled,273.84,"adjust" 
2015-03-02T15:00:00Z,OSTK,23.86,56,Market On Close,Filled,1336.16,"buy" 
2015-03-02T15:00:00Z,RSC,54.95,4,Market On Close,Filled,219.8,"adjust" 
2015-03-02T15:00:00Z,STRA,61.23,24,Market On Close,Filled,1469.52,"buy" 
2015-03-02T15:00:00Z,UEIC,58.54,4,Market On Close,Filled,234.16,"adjust" 
2015-03-02T15:00:00Z,USNA,101,2,Market On Close,Filled,202,"adjust" 
2015-04-01T14:00:00Z,DAL,43.26,-31,Market On Close,Filled,-1341.06,"band" 
2015-04-01T14:00:00Z,EW,140.7,-3,Market On Close,Filled,-422.1,"adjust" 
2015-04-01T14:00:00Z,GES,18.23,-88,Market On Close,Filled,-1604.24,"band" 
2015-04-01T14:00:00Z,GPRE,29.69,-37,Market On Close,Filled,-1098.53,"band" 
2015-04-01T14:00:00Z,HVT,24.05,-74,Market On Close,Filled,-1779.7,"band" 
2015-04-01T14:00:00Z,IDT,18.98,-15,Market On Close,Filled,-284.7,"adjust" 
2015-04-01T14:00:00Z,MEI,46.99,-5,Market On Close,Filled,-234.95,"adjust" 
2015-04-01T14:00:00Z,KAI,53.73,-12,Market On Close,Filled,-644.76,"adjust" 
2015-04-01T14:00:00Z,ZBRA,89.56,-22,Market On Close,Filled,-1970.32,"band" 
2015-04-01T14:00:00Z,ABFS,38.26,8,Market On Close,Filled,306.08,"adjust" 
2015-04-01T14:00:00Z,ARLP,32.99,12,Market On Close,Filled,395.88,"adjust" 
2015-04-01T14:00:00Z,CENX,14.12,65,Market On Close,Filled,917.8,"buy" 
2015-04-01T14:00:00Z,DV,34,6,Market On Close,Filled,204,"adjust" 
2015-04-01T14:00:00Z,GIII,113.19,2,Market On Close,Filled,226.38,"adjust" 
2015-04-01T14:00:00Z,GILD,97.72,16,Market On Close,Filled,1563.52,"buy" 
2015-04-01T14:00:00Z,KLIC,15.67,14,Market On Close,Filled,219.38,"adjust" 
2015-04-01T14:00:00Z,LRCX,70.26,27,Market On Close,Filled,1897.02,"buy" 
2015-04-01T14:00:00Z,MRVL,14.97,15,Market On Close,Filled,224.55,"adjust" 
2015-04-01T14:00:00Z,PPC,23.76,14,Market On Close,Filled,332.64,"adjust" 
2015-04-01T14:00:00Z,KFRC,22.48,15,Market On Close,Filled,337.2,"adjust" 
2015-04-01T14:00:00Z,SAIA,43.76,8,Market On Close,Filled,350.08,"adjust" 
2015-04-01T14:00:00Z,SMCI,33.72,37,Market On Close,Filled,1247.64,"buy" 
2015-04-01T14:00:00Z,VDSI,21.73,40,Market On Close,Filled,869.2,"buy" 
2015-04-01T14:00:00Z,WDC,92.35,3,Market On Close,Filled,277.05,"adjust" 
2015-04-01T14:00:00Z,XRX,12.67,18,Market On Close,Filled,228.06,"adjust" 
2015-05-01T14:00:00Z,ARLP,34.2,-50,Market On Close,Filled,-1710,"band" 
2015-05-01T14:00:00Z,DMLP,22.8,-59,Market On Close,Filled,-1345.2,"band" 
2015-05-01T14:00:00Z,LRCX,77.23,-4,Market On Close,Filled,-308.92,"adjust" 
2015-05-01T14:00:00Z,LSCC,6.12,-207,Market On Close,Filled,-1266.84,"band" 
2015-05-01T14:00:00Z,MYGN,34.18,-38,Market On Close,Filled,-1298.84,"band" 
2015-05-01T14:00:00Z,NSIT,28.07,-59,Market On Close,Filled,-1656.13,"expired" 
2015-05-01T14:00:00Z,PPC,25.44,-52,Market On Close,Filled,-1322.88,"expired" 
2015-05-01T14:00:00Z,PSX,81.61,-23,Market On Close,Filled,-1877.03,"expired" 
2015-05-01T14:00:00Z,KFRC,22.73,-92,Market On Close,Filled,-2091.16,"expired" 
2015-05-01T14:00:00Z,SAIA,41.08,-41,Market On Close,Filled,-1684.28,"expired" 
2015-05-01T14:00:00Z,SKX,91.67,-6,Market On Close,Filled,-550.02,"adjust" 
2015-05-01T14:00:00Z,SMP,36.25,-41,Market On Close,Filled,-1486.25,"expired" 
2015-05-01T14:00:00Z,XRX,11.52,-177,Market On Close,Filled,-2039.04,"expired" 
2015-05-01T14:00:00Z,AMWD,52.24,33,Market On Close,Filled,1723.92,"buy" 
2015-05-01T14:00:00Z,BBY,35.18,10,Market On Close,Filled,351.8,"adjust" 
2015-05-01T14:00:00Z,BWS,30.04,55,Market On Close,Filled,1652.2,"buy" 
2015-05-01T14:00:00Z,CBRL,133.83,15,Market On Close,Filled,2007.45,"buy" 
2015-05-01T14:00:00Z,CTB,36.91,52,Market On Close,Filled,1919.32,"buy" 
2015-05-01T14:00:00Z,EW,127.19,2,Market On Close,Filled,254.38,"adjust" 
2015-05-01T14:00:00Z,IMKTA,43.06,29,Market On Close,Filled,1248.74,"buy" 
2015-05-01T14:00:00Z,KSS,73.09,32,Market On Close,Filled,2338.88,"buy" 
2015-05-01T14:00:00Z,LHCG,31.64,43,Market On Close,Filled,1360.52,"buy" 
2015-05-01T14:00:00Z,PLUS,85.54,17,Market On Close,Filled,1454.18,"buy" 
2015-05-01T14:00:00Z,NLNK,46.64,15,Market On Close,Filled,699.6,"buy" 
2015-05-01T14:00:00Z,PLCE,62.14,33,Market On Close,Filled,2050.62,"buy" 
2015-05-01T14:00:00Z,SCVL,26.16,54,Market On Close,Filled,1412.64,"buy" 
2015-05-01T14:00:00Z,STMP,62.01,18,Market On Close,Filled,1116.18,"buy" 
2015-05-01T14:00:00Z,STRA,50.4,4,Market On Close,Filled,201.6,"adjust" 
2015-05-01T14:00:00Z,UEIC,54.61,4,Market On Close,Filled,218.44,"adjust" 
2015-05-01T14:00:00Z,ZUMZ,31.89,9,Market On Close,Filled,287.01,"adjust" 
2015-06-01T14:00:00Z,BAH,25.59,-13,Market On Close,Filled,-332.67,"adjust" 
2015-06-01T14:00:00Z,CALM,57.29,-17,Market On Close,Filled,-973.93,"adjust" 
2015-06-01T14:00:00Z,DV,32.32,-43,Market On Close,Filled,-1389.76,"band" 
2015-06-01T14:00:00Z,IMKTA,48.38,-8,Market On Close,Filled,-387.04,"adjust" 
2015-06-01T14:00:00Z,KSS,64.67,-6,Market On Close,Filled,-388.02,"adjust" 
2015-06-01T14:00:00Z,LHCG,37.04,-7,Market On Close,Filled,-259.28,"adjust" 
2015-06-01T14:00:00Z,STMP,68.56,-3,Market On Close,Filled,-205.68,"adjust" 
2015-06-01T14:00:00Z,USNA,129.52,-5,Market On Close,Filled,-647.6,"adjust" 
2015-06-01T14:00:00Z,BKE,42.66,7,Market On Close,Filled,298.62,"adjust" 
2015-06-01T14:00:00Z,CTR,37.1,11,Market On Close,Filled,408.1,"adjust" 
2015-06-01T14:00:00Z,CRMT,53.91,5,Market On Close,Filled,269.55,"adjust" 
2015-06-01T14:00:00Z,COLM,56.37,6,Market On Close,Filled,338.22,"adjust" 
2015-06-01T14:00:00Z,DDS,115.92,3,Market On Close,Filled,347.76,"adjust" 
2015-06-01T14:00:00Z,DECK,68.35,4,Market On Close,Filled,273.4,"adjust" 
2015-06-01T14:00:00Z,FSS,15.01,19,Market On Close,Filled,285.19,"adjust" 
2015-06-01T14:00:00Z,GIII,58.17,4,Market On Close,Filled,232.68,"adjust" 
2015-06-01T14:00:00Z,KFY,32.27,8,Market On Close,Filled,258.16,"adjust" 
2015-06-01T14:00:00Z,LEA,116.05,3,Market On Close,Filled,348.15,"adjust" 
2015-06-01T14:00:00Z,MU,28.42,9,Market On Close,Filled,255.78,"adjust" 
2015-06-01T14:00:00Z,STRA,46.64,6,Market On Close,Filled,279.84,"adjust" 
2015-06-01T14:00:00Z,ZUMZ,29.45,9,Market On Close,Filled,265.05,"adjust" 
2015-07-01T14:00:00Z,BKE,45.97,-5,Market On Close,Filled,-229.85,"adjust" 
2015-07-01T14:00:00Z,CENX,10.12,-65,Market On Close,Filled,-657.8,"band" 
2015-07-01T14:00:00Z,CRMT,50.02,-36,Market On Close,Filled,-1800.72,"universe" 
2015-07-01T14:00:00Z,CORE,59.86,-4,Market On Close,Filled,-239.44,"adjust" 
2015-07-01T14:00:00Z,GCI,32.97,-16,Market On Close,Filled,-527.52,"adjust" 
2015-07-01T14:00:00Z,GIII,71.25,-11,Market On Close,Filled,-783.75,"adjust" 
2015-07-01T14:00:00Z,KFY,35.1,-6,Market On Close,Filled,-210.6,"adjust" 
2015-07-01T14:00:00Z,PLCE,66.71,-4,Market On Close,Filled,-266.84,"adjust" 
2015-07-01T14:00:00Z,STRA,43.23,-34,Market On Close,Filled,-1469.82,"band" 
2015-07-01T14:00:00Z,UEPS,18.68,-41,Market On Close,Filled,-765.88,"adjust" 
2015-07-01T14:00:00Z,VDSI,29.9,-10,Market On Close,Filled,-299,"adjust" 
2015-07-01T14:00:00Z,ZUMZ,26.93,-11,Market On Close,Filled,-296.23,"adjust" 
2015-07-01T14:00:00Z,ABFS,32.22,8,Market On Close,Filled,257.76,"adjust" 
2015-07-01T14:00:00Z,AEIS,27.61,63,Market On Close,Filled,1739.43,"buy" 
2015-07-01T14:00:00Z,AEOS,17.38,93,Market On Close,Filled,1616.34,"buy" 
2015-07-01T14:00:00Z,DDS,106.39,2,Market On Close,Filled,212.78,"adjust" 
2015-07-01T14:00:00Z,DSW,34.21,68,Market On Close,Filled,2326.28,"buy" 
2015-07-01T14:00:00Z,SAFM,74.54,3,Market On Close,Filled,223.62,"adjust" 
2015-07-01T14:00:00Z,SPTN,32.51,66,Market On Close,Filled,2145.66,"buy" 
2015-07-01T14:00:00Z,TSRA,37.89,6,Market On Close,Filled,227.34,"adjust" 
2015-08-03T14:00:00Z,AMWD,64.66,-7,Market On Close,Filled,-452.62,"adjust" 
2015-08-03T14:00:00Z,BAH,27.21,-11,Market On Close,Filled,-299.31,"adjust" 
2015-08-03T14:00:00Z,CHE,149.08,-6,Market On Close,Filled,-894.48,"adjust" 
2015-08-03T14:00:00Z,COLM,64.69,-12,Market On Close,Filled,-776.28,"adjust" 
2015-08-03T14:00:00Z,LEA,103.57,-2,Market On Close,Filled,-207.14,"adjust" 
2015-08-03T14:00:00Z,MPC,53.2,-4,Market On Close,Filled,-212.8,"adjust" 
2015-08-03T14:00:00Z,MU,19,-58,Market On Close,Filled,-1102,"band" 
2015-08-03T14:00:00Z,SKX,148.65,-7,Market On Close,Filled,-1040.55,"adjust" 
2015-08-03T14:00:00Z,UEIC,50.71,-33,Market On Close,Filled,-1673.43,"band" 
2015-08-03T14:00:00Z,WDC,85.85,-23,Market On Close,Filled,-1974.55,"band" 
2015-08-03T14:00:00Z,BBY,31.97,8,Market On Close,Filled,255.76,"adjust" 
2015-08-03T14:00:00Z,BKE,43.97,5,Market On Close,Filled,219.85,"adjust" 
2015-08-03T14:00:00Z,CRUS,31.43,32,Market On Close,Filled,1005.76,"buy" 
2015-08-03T14:00:00Z,INTC,29.05,12,Market On Close,Filled,348.6,"adjust" 
2015-08-03T14:00:00Z,KLIC,10.09,36,Market On Close,Filled,363.24,"adjust" 
2015-08-03T14:00:00Z,KSS,60.85,5,Market On Close,Filled,304.25,"adjust" 
2015-08-03T14:00:00Z,NPK,78.87,31,Market On Close,Filled,2444.97,"buy" 
2015-08-03T14:00:00Z,OSTK,21.13,15,Market On Close,Filled,316.95,"adjust" 
2015-08-03T14:00:00Z,PLCE,58.35,5,Market On Close,Filled,291.75,"adjust" 
2015-08-03T14:00:00Z,RSC,50.43,6,Market On Close,Filled,302.58,"adjust" 
2015-08-03T14:00:00Z,SCHL,43.1,45,Market On Close,Filled,1939.5,"buy" 
2015-08-03T14:00:00Z,SMCI,26.61,10,Market On Close,Filled,266.1,"adjust" 
2015-08-03T14:00:00Z,KAI,45.1,5,Market On Close,Filled,225.5,"adjust" 
2015-08-03T14:00:00Z,TSRA,34.64,8,Market On Close,Filled,277.12,"adjust" 
2015-09-01T14:00:00Z,AMWD,64.83,-6,Market On Close,Filled,-388.98,"adjust" 
2015-09-01T14:00:00Z,BBY,35.45,-16,Market On Close,Filled,-567.2,"adjust" 
2015-09-01T14:00:00Z,BKE,41.32,-6,Market On Close,Filled,-247.92,"adjust" 
2015-09-01T14:00:00Z,DSW,29.62,-12,Market On Close,Filled,-355.44,"adjust" 
2015-09-01T14:00:00Z,IDT,15.05,-66,Market On Close,Filled,-993.3,"universe" 
2015-09-01T14:00:00Z,KLIC,10.59,-168,Market On Close,Filled,-1779.12,"band" 
2015-09-01T14:00:00Z,LEA,99.33,-2,Market On Close,Filled,-198.66,"adjust" 
2015-09-01T14:00:00Z,LHCG,44.25,-8,Market On Close,Filled,-354,"adjust" 
2015-09-01T14:00:00Z,NPK,79.41,-5,Market On Close,Filled,-397.05,"adjust" 
2015-09-01T14:00:00Z,RSC,50.24,-25,Market On Close,Filled,-1256,"universe" 
2015-09-01T14:00:00Z,STMP,79.54,-5,Market On Close,Filled,-397.7,"adjust" 
2015-09-01T14:00:00Z,USNA,141.49,-4,Market On Close,Filled,-565.96,"adjust" 
2015-09-01T14:00:00Z,VLO,57.4,-4,Market On Close,Filled,-229.6,"adjust" 
2015-09-01T14:00:00Z,FL,70.4,-3,Market On Close,Filled,-211.2,"adjust" 
2015-09-01T14:00:00Z,ABFS,27.61,7,Market On Close,Filled,193.27,"adjust" 
2015-09-01T14:00:00Z,SWKS,83.05,15,Market On Close,Filled,1245.75,"buy" 
2015-09-01T14:00:00Z,CALM,51.72,5,Market On Close,Filled,258.6,"adjust" 
2015-09-01T14:00:00Z,CHE,133.06,3,Market On Close,Filled,399.18,"adjust" 
2015-09-01T14:00:00Z,DDS,89.97,4,Market On Close,Filled,359.88,"adjust" 
2015-09-01T14:00:00Z,DECK,62.17,4,Market On Close,Filled,248.68,"adjust" 
2015-09-01T14:00:00Z,GCI,23.22,16,Market On Close,Filled,371.52,"adjust" 
2015-09-01T14:00:00Z,MEI,25.97,8,Market On Close,Filled,207.76,"adjust" 
2015-09-01T14:00:00Z,PLUS,73.65,3,Market On Close,Filled,220.95,"adjust" 
2015-09-01T14:00:00Z,SAFM,66.36,3,Market On Close,Filled,199.08,"adjust" 
2015-09-01T14:00:00Z,SUPN,18.83,52,Market On Close,Filled,979.16,"buy" 
2015-09-01T14:00:00Z,UFPI,58.8,28,Market On Close,Filled,1646.4,"buy" 
2015-09-01T14:00:00Z,UTHR,144.61,2,Market On Close,Filled,289.22,"adjust" 
2015-09-01T14:00:00Z,VDSI,15.69,19,Market On Close,Filled,298.11,"adjust" 
2015-09-01T14:00:00Z,ZUMZ,23.26,9,Market On Close,Filled,209.34,"adjust" 
2015-10-01T14:00:00Z,AEIS,26.14,-63,Market On Close,Filled,-1646.82,"band" 
2015-10-01T14:00:00Z,CALM,56.47,-24,Market On Close,Filled,-1355.28,"expired" 
2015-10-01T14:00:00Z,CHE,131.38,-2,Market On Close,Filled,-262.76,"adjust" 
2015-10-01T14:00:00Z,CTB,39.5,-10,Market On Close,Filled,-395,"adjust" 
2015-10-01T14:00:00Z,EW,149,-2,Market On Close,Filled,-298,"adjust" 
2015-10-01T14:00:00Z,INTC,30,-76,Market On Close,Filled,-2280,"band" 
2015-10-01T14:00:00Z,LEA,109.68,-3,Market On Close,Filled,-329.04,"adjust" 
2015-10-01T14:00:00Z,LRCX,64.44,-23,Market On Close,Filled,-1482.12,"band" 
2015-10-01T14:00:00Z,MEI,31.99,-11,Market On Close,Filled,-351.89,"adjust" 
2015-10-01T14:00:00Z,SMCI,26.61,-47,Market On Close,Filled,-1250.67,"band" 
2015-10-01T14:00:00Z,BAH,26.31,8,Market On Close,Filled,210.48,"adjust" 
2015-10-01T14:00:00Z,BKE,36.73,6,Market On Close,Filled,220.38,"adjust" 
2015-10-01T14:00:00Z,ETH,27.09,60,Market On Close,Filled,1625.4,"buy" 
2015-10-01T14:00:00Z,GME,40.52,5,Market On Close,Filled,202.6,"adjust" 
2015-10-01T14:00:00Z,KSS,45.06,6,Market On Close,Filled,270.36,"adjust" 
2015-10-01T14:00:00Z,LZB,26.98,77,Market On Close,Filled,2077.46,"buy" 
2015-10-01T14:00:00Z,OSTK,17.01,17,Market On Close,Filled,289.17,"adjust" 
2015-10-01T14:00:00Z,OTL,47.99,42,Market On Close,Filled,2015.58,"buy" 
2015-10-01T14:00:00Z,SYKE,25.38,93,Market On Close,Filled,2360.34,"buy" 
2015-11-02T15:00:00Z,BAH,29.75,-70,Market On Close,Filled,-2082.5,"band" 
2015-11-02T15:00:00Z,CHE,156.75,-9,Market On Close,Filled,-1410.75,"adjust" 
2015-11-02T15:00:00Z,CORE,80.58,-8,Market On Close,Filled,-644.64,"adjust" 
2015-11-02T15:00:00Z,OSTK,16.23,-88,Market On Close,Filled,-1428.24,"universe" 
2015-11-02T15:00:00Z,OTL,55.22,-5,Market On Close,Filled,-276.1,"adjust" 
2015-11-02T15:00:00Z,SYKE,28.48,-10,Market On Close,Filled,-284.8,"adjust" 
2015-11-02T15:00:00Z,UFPI,74.72,-9,Market On Close,Filled,-672.48,"adjust" 
2015-11-02T15:00:00Z,VDSI,19.32,-49,Market On Close,Filled,-946.68,"band" 
2015-11-02T15:00:00Z,FL,68.24,-4,Market On Close,Filled,-272.96,"adjust" 
2015-11-02T15:00:00Z,AEOS,15.25,16,Market On Close,Filled,244,"adjust" 
2015-11-02T15:00:00Z,BBY,35.43,7,Market On Close,Filled,248.01,"adjust" 
2015-11-02T15:00:00Z,CALM,54.73,21,Market On Close,Filled,1149.33,"buy" 
2015-11-02T15:00:00Z,CENTA,16.5,85,Market On Close,Filled,1402.5,"buy" 
2015-11-02T15:00:00Z,COLM,55.1,6,Market On Close,Filled,330.6,"adjust" 
2015-11-02T15:00:00Z,DSW,24.44,15,Market On Close,Filled,366.6,"adjust" 
2015-11-02T15:00:00Z,FIX,31.28,47,Market On Close,Filled,1470.16,"buy" 
2015-11-02T15:00:00Z,GT,33.49,55,Market On Close,Filled,1841.95,"buy" 
2015-11-02T15:00:00Z,SCHL,41.35,8,Market On Close,Filled,330.8,"adjust" 
2015-11-02T15:00:00Z,SCVL,22.63,14,Market On Close,Filled,316.82,"adjust" 
2015-11-02T15:00:00Z,STMP,75.25,4,Market On Close,Filled,301,"adjust" 
2015-11-02T15:00:00Z,UEPS,17.34,15,Market On Close,Filled,260.1,"adjust" 
2015-11-02T15:00:00Z,USNA,130.34,2,Market On Close,Filled,260.68,"adjust" 
2015-12-01T15:00:00Z,ABFS,24.33,-52,Market On Close,Filled,-1265.16,"band" 
2015-12-01T15:00:00Z,AMWD,84.96,-7,Market On Close,Filled,-594.72,"adjust" 
2015-12-01T15:00:00Z,CTR,39.7,-6,Market On Close,Filled,-238.2,"adjust" 
2015-12-01T15:00:00Z,DECK,48.91,-26,Market On Close,Filled,-1271.66,"band" 
2015-12-01T15:00:00Z,FSS,16.97,-12,Market On Close,Filled,-203.64,"adjust" 
2015-12-01T15:00:00Z,PLUS,87.54,-7,Market On Close,Filled,-612.78,"adjust" 
2015-12-01T15:00:00Z,MRVL,9.38,-143,Market On Close,Filled,-1341.34,"band" 
2015-12-01T15:00:00Z,SCVL,21.78,-68,Market On Close,Filled,-1481.04,"universe" 
2015-12-01T15:00:00Z,STMP,101.32,-7,Market On Close,Filled,-709.24,"adjust" 
2015-12-01T15:00:00Z,SYKE,31.83,-13,Market On Close,Filled,-413.79,"adjust" 
2015-12-01T15:00:00Z,ZUMZ,14.94,-52,Market On Close,Filled,-776.88,"universe" 
2015-12-01T15:00:00Z,BBY,31.37,7,Market On Close,Filled,219.59,"adjust" 
2015-12-01T15:00:00Z,BKE,32.3,7,Market On Close,Filled,226.1,"adjust" 
2015-12-01T15:00:00Z,CHE,158.74,2,Market On Close,Filled,317.48,"adjust" 
2015-12-01T15:00:00Z,CTB,42.3,6,Market On Close,Filled,253.8,"adjust" 
2015-12-01T15:00:00Z,FF,14.41,81,Market On Close,Filled,1167.21,"buy" 
2015-12-01T15:00:00Z,LRW,29.96,40,Market On Close,Filled,1198.4,"buy" 
2015-12-01T15:00:00Z,LEA,125.99,2,Market On Close,Filled,251.98,"adjust" 
2015-12-01T15:00:00Z,LZB,27.21,10,Market On Close,Filled,272.1,"adjust" 
2015-12-01T15:00:00Z,PARR,24.5,52,Market On Close,Filled,1274,"buy" 
2015-12-01T15:00:00Z,RGR,51.92,27,Market On Close,Filled,1401.84,"buy" 
2015-12-01T15:00:00Z,SKX,31.63,7,Market On Close,Filled,221.41,"adjust" 
2015-12-01T15:00:00Z,UEPS,15.33,17,Market On Close,Filled,260.61,"adjust" 
2015-12-01T15:00:00Z,UVV,56.71,39,Market On Close,Filled,2211.69,"buy" 
