Entry Time,Symbols,Exit Time,Direction,Entry Price,Exit Price,Quantity,P&L,Fees,MAE,MFE,Drawdown,IsWin,Order Ids
2003-02-03T21:00:00Z,"MCRI",2003-03-03T21:00:00Z,Buy,8.71,8.98,28,7.56,2.274711126426,-12.04,42.28,34.72,1,"	31,55" 
2003-02-03T21:00:00Z,"CCF",2003-04-01T21:00:00Z,Buy,10.28,9.9,42,-15.96,4.0551520726433,-37.8,0,37.8,0,"	5,59" 
2003-02-03T21:00:00Z,"DCO",2003-04-01T21:00:00Z,Buy,13.06,10.19,16,-45.92,2.1582424082077,-52.16,1.28,53.44,0,"	10,60" 
2003-02-03T21:00:00Z,"EDEL",2003-04-01T21:00:00Z,Buy,11.79,10.36,31,-44.33,9.8900953041289,-57.04,0,57.04,0,"	13,61" 
2003-02-03T21:00:00Z,"RBIN",2003-04-01T21:00:00Z,Buy,9.31,9.7,40,15.6,4.1476957013964,-12.8,33.6,20.4,1,"	43,62" 
2003-02-03T21:00:00Z,"AAON",2003-05-01T20:00:00Z,Buy,16.18,13.73,18,-44.1,6.1920649472554,-66.6,6.66,73.26,0,"	1,67" 
2003-02-03T21:00:00Z,"LRW",2003-05-01T20:00:00Z,Buy,6.2,6.47,32,8.64,5.064827338075,-35.84,8.64,42.88,1,"	30,68" 
2003-02-03T21:00:00Z,"OXM",2003-05-01T20:00:00Z,Buy,24.02,36.26,11,134.64,3.1329306501198,-20.79,134.64,20.79,1,"	39,69" 
2003-02-03T21:00:00Z,"BIO",2003-06-02T20:00:00Z,Buy,35.48,58.36,5,114.4,2.7922911839647,-9.9,119.85,20.05,1,"	3,74" 
2003-02-03T21:00:00Z,"BWS",2003-07-01T20:00:00Z,Buy,26.84,29.65,9,25.29,4.5238792950559,-16.56,41.13,57.69,1,"	2,78" 
2003-02-03T21:00:00Z,"CW",2003-07-01T20:00:00Z,Buy,54.06,63.5,7,66.08,5.6588486863943,-7.35,74.13,61.46,1,"	9,79" 
2003-02-03T21:00:00Z,"MTRX",2003-07-01T20:00:00Z,Buy,8,17.05,14,126.7,4.8175242160246,0,128.66,15.26,1,"	35,80" 
2003-02-03T21:00:00Z,"ECP",2003-07-01T20:00:00Z,Buy,14.05,11.5,17,-43.35,3.4804742649062,-58.65,57.63,116.28,0,"	51,82" 
2003-02-03T21:00:00Z,"JJSF",2003-08-01T20:00:00Z,Buy,27.53,33.91,8,51.04,2.0815431462277,0,51.04,26.48,1,"	25,88" 
2003-02-03T21:00:00Z,"MMSI",2003-08-01T20:00:00Z,Buy,17.65,27.55,13,128.7,3.3910314765097,-5.59,128.7,39.13,1,"	33,89" 
2003-02-03T21:00:00Z,"SGC",2003-08-01T20:00:00Z,Buy,12.1,13.95,37,68.45,4.7693747679137,-70.3,88.43,70.3,1,"	46,90" 
2003-02-03T21:00:00Z,"OXM",2003-09-02T20:00:00Z,Buy,24.02,58.91,4,139.56,1.019785054576,-7.56,143.4,14.84,1,"	39,99" 
2003-02-03T21:00:00Z,"RAVN",2003-09-02T20:00:00Z,Buy,15.68,26.45,12,129.24,2.6760542244086,0,135.84,37.08,1,"	42,100" 
2003-02-03T21:00:00Z,"CRMT",2003-10-01T20:00:00Z,Buy,13.32,31.34,9,162.18,4.3768356093842,-17.28,162.18,17.28,1,"	6,103" 
2003-02-03T21:00:00Z,"JBSS",2003-10-01T20:00:00Z,Buy,13.69,21.4,11,84.81,6.887212376076,-23.32,87.45,75.9,1,"	24,104" 
2003-02-03T21:00:00Z,"K",2003-10-01T20:00:00Z,Buy,32.38,33.8,12,17.04,6.9308446138378,-52.56,35.76,54.6,1,"	26,105" 
2003-02-03T21:00:00Z,"LANC",2003-10-01T20:00:00Z,Buy,38.65,40.1,9,13.05,2.9681518461199,-28.62,37.26,46.17,1,"	28,106" 
2003-02-03T21:00:00Z,"LAWS",2003-10-01T20:00:00Z,Buy,27.16,27.47,14,4.34,5.6916415123566,-57.68,37.94,73.64,1,"	29,107" 
2003-02-03T21:00:00Z,"NSSC",2003-10-01T20:00:00Z,Buy,9.68,8.82,39,-33.54,6.5992023763845,-66.69,2.73,68.25,0,"	37,108" 
2003-02-03T21:00:00Z,"NUS",2003-10-01T20:00:00Z,Buy,12.14,13.23,20,21.8,3.0454440930343,-64.8,21.8,70.4,1,"	38,109" 
2003-02-03T21:00:00Z,"STRT",2003-10-01T20:00:00Z,Buy,49,49.37,8,2.96,3.2141581675024,-40.8,57.52,72.72,1,"	49,110" 
2003-02-03T21:00:00Z,"EASI",2003-11-03T21:00:00Z,Buy,24.293297986551,47.17,3,68.63,2.9524636293357,-8.7,68.63,12,1,"	11,116" 
2003-02-03T21:00:00Z,"FLXS",2003-11-03T21:00:00Z,Buy,15.4,19.5,24,98.4,8.7844757011904,-55.2,118.56,70.08,1,"	18,117" 
2003-02-03T21:00:00Z,"HOV",2003-11-03T21:00:00Z,Buy,29.61,82.82,3,159.63,4.4389700924365,-2.25,159.63,63.6,1,"	23,118" 
2003-02-03T21:00:00Z,"MIDD",2003-11-03T21:00:00Z,Buy,11.3,27.69,15,245.85,9.7576999654711,-15.15,245.85,64.2,1,"	32,119" 
2003-02-03T21:00:00Z,"HIBB",2003-12-01T21:00:00Z,Buy,13.500000759376,31.25,7,124.25,3.246886629754,-3.69,124.25,31.01,1,"	22,127" 
2003-02-03T21:00:00Z,"JBSS",2003-12-01T21:00:00Z,Buy,13.69,43.9,6,181.26,1.0330904522613,-12.72,181.26,41.4,1,"	24,129" 
2003-02-03T21:00:00Z,"UTMD",2003-12-01T21:00:00Z,Buy,17.66,22.56,27,132.3,7.2819032928377,-4.32,198.99,89.91,1,"	52,131" 
2003-02-03T21:00:00Z,"MTRX",2004-01-02T21:00:00Z,Buy,4,17.72,14,192.08,1.0684925455549,0,204.26,39.2,1,"	35,140" 
2003-02-03T21:00:00Z,"RVFD",2004-01-02T21:00:00Z,Buy,24.95,27.7,17,46.75,8.5400796997277,-47.77,88.74,72.59,1,"	45,142" 
2003-02-03T21:00:00Z,"KBALB",2004-02-02T21:00:00Z,Buy,14.1,16.25,16,34.4,8.9249018576464,-13.6,52.8,26.08,1,"	27,146" 
2003-02-03T21:00:00Z,"EGN",2004-03-01T21:00:00Z,Buy,29.99,41.99,14,168,5.1074378424234,-19.74,203.42,44.1,1,"	14,153" 
2003-02-03T21:00:00Z,"NEB",2004-03-01T21:00:00Z,Buy,21.96,32.04,16,161.28,5.5903704339233,-15.04,161.28,84.8,1,"	36,154" 
2003-02-03T21:00:00Z,"FIZ",2004-04-01T21:00:00Z,Buy,7.6350091620037,9.45,71.999913600069,130.68,3.4964654212083,-52.92,256.68,126,1,"	17,165" 
2003-02-03T21:00:00Z,"WSO",2004-04-01T21:00:00Z,Buy,15.9,29.15,9,119.25,6.1838614428053,-26.64,121.05,27,1,"	54,168" 
2003-02-03T21:00:00Z,"BIO",2004-05-03T20:00:00Z,Buy,35.48,58.5,4,92.08,1.5569540215003,-7.92,107.48,53.76,1,"	3,175" 
2003-02-03T21:00:00Z,"COLM",2004-05-03T20:00:00Z,Buy,35.05,53.45,7,128.8,4.3343323326323,-15.75,169.61,61.32,1,"	8,176" 
2003-02-03T21:00:00Z,"HCSG",2004-05-03T20:00:00Z,Buy,8.4866809879295,15.99,34,255.11,2.2851485436089,-33.77,289.45,47.83,1,"	21,178" 
2003-02-03T21:00:00Z,"MIDD",2004-05-03T20:00:00Z,Buy,11.3,53.13,5,209.15,4.0615030797249,-5.05,216.25,42.15,1,"	32,179" 
2003-02-03T21:00:00Z,"SGC",2004-05-03T20:00:00Z,Buy,12.1,16.23,10,41.3,3.8154841276656,-19,48,25,1,"	46,181" 
2003-02-03T21:00:00Z,"POG",2004-06-01T20:00:00Z,Buy,12.716,26.77,8,112.43,3.3960101694056,0,137.63,35.36,1,"	41,194" 
2003-02-03T21:00:00Z,"EBF",2004-07-01T20:00:00Z,Buy,11.31,18.49,15,107.7,3.5448991627439,-3.75,122.85,30.3,1,"	12,199" 
2003-02-03T21:00:00Z,"HIBB",2004-07-01T20:00:00Z,Buy,8.9999874112563,27.54,15,278.1,1.075521023766,-5.27,282.6,70.25,1,"	22,200" 
2003-02-03T21:00:00Z,"OXM",2004-07-01T20:00:00Z,Buy,12.01,42.2,6,181.14,2.1584531393182,-5.67,209.04,67.62,1,"	39,202" 
2003-02-03T21:00:00Z,"RCII",2004-07-01T20:00:00Z,Buy,20.944,29.58,12.5,107.95,5.2829420909586,-32.35,170.7,83.88,1,"	44,203" 
2003-02-03T21:00:00Z,"CTR",2004-08-02T20:00:00Z,Buy,17.85,21.05,16,51.2,9.2400448572961,-22.56,115.68,99.68,1,"	4,215" 
2003-02-03T21:00:00Z,"CNXS",2004-08-02T20:00:00Z,Buy,6.57,10.01,48,165.12,7.172650020712,-33.6,381.6,250.08,1,"	7,216" 
2003-02-03T21:00:00Z,"GCI",2004-08-02T20:00:00Z,Buy,72.01,84.18,3,36.51,3.9649057195119,-13.05,56.73,32.1,1,"	20,217" 
2003-02-03T21:00:00Z,"MTRX",2004-08-02T20:00:00Z,Buy,4,7.63,16,58.08,1.5928850141406,0,251.2,204,1,"	35,218" 
2003-02-03T21:00:00Z,"HOV",2004-09-01T20:00:00Z,Buy,14.805,34.97,8,161.32,3.3233559316374,-3,267.72,151.36,1,"	23,227" 
2003-02-03T21:00:00Z,"RAVN",2004-09-01T20:00:00Z,Buy,15.68,41.42,6,154.44,3.3348473416099,0,154.44,41.76,1,"	42,230" 
2003-02-03T21:00:00Z,"MOV",2004-10-01T20:00:00Z,Buy,9.215,17.41,13,106.54,4.5201504018957,-5.14,106.54,55.51,1,"	34,246" 
2003-02-03T21:00:00Z,"THO",2004-10-01T20:00:00Z,Buy,13.72,27.66,16,223.04,2.6759722332899,-44.32,330.4,176.48,1,"	50,248" 
2003-02-03T21:00:00Z,"EASI",2004-12-01T21:00:00Z,Buy,24.293297986551,55.6,9,281.76,3.5002284214261,-26.1,325.86,176.67,1,"	11,269" 
2003-02-03T21:00:00Z,"JBSS",2004-12-01T21:00:00Z,Buy,13.69,23,6,55.86,1.0728177295341,-12.72,247.26,236.1,1,"	24,272" 
2003-02-03T21:00:00Z,"SHOO",2004-12-01T21:00:00Z,Buy,16.99,19.14,20,43,4.5845624138334,-39.2,119.6,140,1,"	47,275" 
2003-02-03T21:00:00Z,"POG",2005-01-03T21:00:00Z,Buy,12.716,36.14,10,234.24,1.0481866666667,0,247.84,60.8,1,"	41,284" 
2003-02-03T21:00:00Z,"WSO",2005-01-03T21:00:00Z,Buy,15.9,34.52,6,111.72,1.0294120988356,-17.76,115.86,29.1,1,"	54,287" 
2003-02-03T21:00:00Z,"EBF",2005-02-01T21:00:00Z,Buy,11.31,17.33,15,90.3,1.1468644067797,-3.75,160.05,76.95,1,"	12,291" 
2003-02-03T21:00:00Z,"OXM",2005-03-01T21:00:00Z,Buy,12.01,36.87,4,99.44,2.0227608013706,-3.78,139.36,47.4,1,"	39,303" 
2003-02-03T21:00:00Z,"MIDD",2005-04-01T21:00:00Z,Buy,11.3,49.02,6,226.32,3.0986714060563,-6.06,310.2,103.08,1,"	32,313" 
2003-02-03T21:00:00Z,"POG",2005-05-02T20:00:00Z,Buy,12.716,39.15,12,317.21,1.0608706918891,0,338.69,72.96,1,"	41,323" 
2003-02-03T21:00:00Z,"WSO",2005-05-02T20:00:00Z,Buy,15.9,44.73,5,144.15,3.774800898836,-14.8,144.15,24.25,1,"	54,324" 
2003-02-03T21:00:00Z,"FAF",2005-07-01T20:00:00Z,Buy,22.76,40.55,5,88.95,2.5821988805312,-5.15,92.7,36.9,1,"	15,341" 
2003-02-03T21:00:00Z,"FOSL",2005-07-01T20:00:00Z,Buy,11.96000598,23.27,20,226.2,8.0023853075489,-20.67,396.4,257.6,1,"	19,342" 
2003-02-03T21:00:00Z,"GCI",2005-08-01T20:00:00Z,Buy,72.01,72.26,3,0.75,1.1088998492944,-13.05,56.73,60,1,"	20,351" 
2003-02-03T21:00:00Z,"SSD",2005-08-01T20:00:00Z,Buy,17.625,38.6,22,461.45,2.6751328643457,-49.5,466.29,241.12,1,"	48,355" 
2003-02-03T21:00:00Z,"CRMT",2005-10-03T20:00:00Z,Buy,8.88000444,17.67,16.499991750004,145.03,3.1541056884137,-21.12,273.57,137.94,1,"	6,373" 
2003-02-03T21:00:00Z,"FAF",2005-10-03T20:00:00Z,Buy,22.76,45.82,5,115.3,1.0251151063363,-5.15,115.3,36.9,1,"	15,374" 
2003-02-03T21:00:00Z,"PDX",2006-01-03T21:00:00Z,Buy,36.24,89.99,3,161.25,4.3990386963159,-38.76,163.08,57,1,"	40,416" 
2003-02-03T21:00:00Z,"MOV",2006-03-01T21:00:00Z,Buy,9.215,21.94,31,394.48,1.2222283609576,-12.24,414.32,132.37,1,"	34,430" 
2003-02-03T21:00:00Z,"PDX",2006-04-03T20:00:00Z,Buy,36.24,101.9,2,131.32,1.0099298382382,-25.84,132.76,38,1,"	40,445" 
2003-02-03T21:00:00Z,"HCSG",2006-06-01T20:00:00Z,Buy,8.4866809879295,20.42,0.49994178129592,5.97,1.1963461538462,-0.5,7.02,1.29,1,"	21,471" 
2003-02-03T21:00:00Z,"WMK",2006-07-03T17:00:00Z,Buy,31.15,41.05,5,49.5,4.8556609004398,-16.05,75.05,40,1,"	53,483" 
2003-02-03T21:00:00Z,"EXPO",2006-08-01T20:00:00Z,Buy,7.27,15.34,15,121.05,6.7496002236411,-12.3,154.2,49.42,1,"	16,491" 
2003-02-03T21:00:00Z,"RAVN",2006-10-02T20:00:00Z,Buy,7.84,28.97,22,464.86,1.1061879373542,0,748,331.98,1,"	42,519" 
2003-02-03T21:00:00Z,"WSO",2006-10-02T20:00:00Z,Buy,15.9,45.25,3,88.05,3.8501727975223,-8.88,169.5,90.63,1,"	54,521" 
2003-02-03T21:00:00Z,"FAF",2006-12-01T21:00:00Z,Buy,22.76,38.63,10,158.7,1.1553216601816,-10.3,263.2,129.8,1,"	15,542" 
2003-02-03T21:00:00Z,"PDX",2006-12-01T21:00:00Z,Buy,18.12,48.55,4,121.72,1.981726658995,-25.84,136.8,41.84,1,"	40,545" 
2003-02-03T21:00:00Z,"EXPO",2007-08-01T20:00:00Z,Buy,7.27,22.88,9,140.49,1.0452173913043,-7.38,153.36,29.66,1,"	16,662" 
2003-02-03T21:00:00Z,"WMK",2007-08-01T20:00:00Z,Buy,31.15,40.1,8,71.6,3.3532200586873,-25.68,120.08,64,1,"	53,669" 
2003-02-03T21:00:00Z,"EXPO",2007-09-04T20:00:00Z,Buy,7.27,24.86,10,175.9,4.9160887286622,-8.2,180.4,37.3,1,"	16,684" 
2003-02-03T21:00:00Z,"WMK",2007-09-04T20:00:00Z,Buy,31.15,43.01,1,11.86,3.0032446846197,-3.21,15.01,8,1,"	53,689" 
2003-02-03T21:00:00Z,"EXPO",2008-05-01T20:00:00Z,Buy,7.27,34.07,9,241.2,1.045440130409,-7.38,267.75,34.74,1,"	16,783" 
2003-02-03T21:00:00Z,"FOSL",2008-12-01T21:00:00Z,Buy,11.96000598,13.3,0.99998950000525,1.34,5.4845682825623,-1.03,20.64,20.71,1,"	19,921" 
2003-02-03T21:00:00Z,"EXPO",2009-10-01T20:00:00Z,Buy,7.27,27.54,5,101.35,3.8793168530483,-4.1,148.75,85.5,1,"	16,1049" 
2003-03-03T21:00:00Z,"ANK",2003-12-01T21:00:00Z,Buy,17.35,27,29,279.85,2.291904315197,-15.37,279.85,100.05,1,"	56,126" 
2003-03-03T21:00:00Z,"MTSC",2005-02-01T21:00:00Z,Buy,11.33,36.5,6,151.02,4.9345699209506,-5.94,151.02,57.24,1,"	58,292" 
2003-03-03T21:00:00Z,"GDT",2005-07-01T20:00:00Z,Buy,35.34,65.71,3,91.11,2.9607310264717,-5.52,118.95,66.36,1,"	57,343" 
2003-03-03T21:00:00Z,"GDT",2006-01-03T21:00:00Z,Buy,35.34,65.5,4,120.64,1.823151012751,-7.36,158.6,88.48,1,"	57,415" 
2003-03-03T21:00:00Z,"MTSC",2006-04-03T20:00:00Z,Buy,11.33,41.33,12,360,4.9836887533041,-11.88,377.76,149.76,1,"	58,444" 
2003-03-03T21:00:00Z,"GDT",2006-04-22T04:00:00Z,Buy,35.34,80.05,1,44.71,0,-1.84,44.71,22.12,1,"	57,457" 
2003-04-01T21:00:00Z,"KOSS",2003-06-02T20:00:00Z,Buy,17.49,15.7,18,-32.22,7.4233163864465,-44.82,36.18,81,0,"	63,75" 
2003-04-01T21:00:00Z,"TMI",2003-08-01T20:00:00Z,Buy,6,8.25,35,78.75,6.8861798992187,0,79.1,21.35,1,"	65,91" 
2003-04-01T21:00:00Z,"TTWO",2004-07-01T20:00:00Z,Buy,22.41,30.22,9,70.29,3.8360292934073,-10.08,168.12,119.61,1,"	66,205" 
2003-04-01T21:00:00Z,"RIMG",2005-08-01T20:00:00Z,Buy,9.06,25.13,16,257.12,3.93969445668,-0.96,266.72,81.28,1,"	64,354" 
2003-04-01T21:00:00Z,"RIMG",2006-08-01T20:00:00Z,Buy,9.06,23.92,20,297.2,1.1571745379877,-1.2,485.8,311.8,1,"	64,493" 
2003-05-01T20:00:00Z,"SCHN",2003-07-01T20:00:00Z,Buy,28.56,43.16,7,102.2,2.0990372904718,-15.19,130.83,36.05,1,"	72,81" 
2003-05-01T20:00:00Z,"SCHN",2003-12-01T21:00:00Z,Buy,14.27997986521,50.23,7,251.65,1.0324243821468,-7.59,279.58,43.26,1,"	72,130" 
2003-05-01T20:00:00Z,"RCKY",2004-01-02T21:00:00Z,Buy,8.09,23.1,14,210.14,6.0214302920824,0,225.26,44.66,1,"	71,141" 
2003-05-01T20:00:00Z,"RBIN",2004-03-01T21:00:00Z,Buy,10.41,18.44,13,104.39,5.6120383824622,-5.98,108.29,17.29,1,"	70,155" 
2003-05-01T20:00:00Z,"RBIN",2004-09-01T20:00:00Z,Buy,10.41,19.96,30,286.5,3.9632766700875,-13.8,299.7,45,1,"	70,231" 
2003-05-01T20:00:00Z,"SCHN",2004-12-01T21:00:00Z,Buy,9.5199913368,35.7,7,183.26,2.1590786535106,-5.06,228.25,134.24,1,"	72,274" 
2003-05-01T20:00:00Z,"RCKY",2005-01-03T21:00:00Z,Buy,8.09,29.26,12,254.04,3.4775933885576,0,282.12,189.48,1,"	71,285" 
2003-05-01T20:00:00Z,"TTC",2005-01-03T21:00:00Z,Buy,37.06,81.52,3,133.38,7.7148550706211,-2.43,134.91,28.26,1,"	73,286" 
2003-05-01T20:00:00Z,"TTC",2006-03-01T21:00:00Z,Buy,18.53,46.58,16,448.8,1.8750666978646,-6.48,479.36,210.56,1,"	73,431" 
2003-05-01T20:00:00Z,"SCHN",2007-04-02T20:00:00Z,Buy,9.5199913368,40.2,0.50002163001228,15.34,4.6045670801995,-0.36,16.3,9.59,1,"	72,594" 
2003-06-02T20:00:00Z,"MHO",2004-06-01T20:00:00Z,Buy,40.48,42.17,9,15.21,5.6702059416456,-39.87,64.44,82.62,1,"	76,192" 
2003-06-02T20:00:00Z,"WEYS",2004-06-01T20:00:00Z,Buy,33.62663304,34.22,10,5.93,2.8434218403613,-59.07,47.13,106.2,1,"	77,195" 
2003-06-02T20:00:00Z,"WEYS",2005-08-01T20:00:00Z,Buy,16.81331652,23.6,1.000021000021,6.79,1.4070443583123,-2.95,7.04,5.31,1,"	77,356" 
2003-07-01T20:00:00Z,"MSN",2003-09-02T20:00:00Z,Buy,6.67,3.8,32,-91.84,2.3375753665894,-122.56,33.6,156.16,0,"	85,98" 
2003-07-01T20:00:00Z,"WDC",2004-03-01T21:00:00Z,Buy,11.85,11.58,20,-5.4,2.2155009829645,-64.6,59.4,102.6,0,"	87,156" 
2003-07-01T20:00:00Z,"FRGO",2004-04-01T21:00:00Z,Buy,9.49,10.61,25,28,3.7466334062161,-2.25,173.75,166.25,1,"	83,166" 
2003-07-01T20:00:00Z,"HOFT",2004-04-01T21:00:00Z,Buy,12.675,23.16,22,230.67,6.7473422164528,0,273.9,125.95,1,"	84,167" 
2003-07-01T20:00:00Z,"SGC",2004-05-03T20:00:00Z,Buy,11.23,16.23,18,90,1.0904834377798,-18.54,102.06,45,1,"	86,181" 
2003-08-01T20:00:00Z,"K",2003-10-01T20:00:00Z,Buy,34.2,33.8,6,-2.4,1.588559475309,-37.2,6.96,7.38,0,"	96,105" 
2003-08-01T20:00:00Z,"SAFM",2004-02-02T21:00:00Z,Buy,29.61,49.82,6,121.26,2.7467669627032,-7.5,121.26,26.64,1,"	97,147" 
2003-08-01T20:00:00Z,"EGN",2004-03-01T21:00:00Z,Buy,33.94,41.99,6,48.3,1.0293852813853,-32.16,63.48,18.9,1,"	92,153" 
2003-08-01T20:00:00Z,"FIZ",2004-04-01T21:00:00Z,Buy,7.0500084600034,9.45,8.0000863999309,19.2,1.0751065340909,-1.2,33.2,14,1,"	93,165" 
2003-08-01T20:00:00Z,"SAFM",2004-07-01T20:00:00Z,Buy,19.74000987,52.39,5,163.25,1.8168764104986,-4.17,176.3,29.25,1,"	97,204" 
2003-08-01T20:00:00Z,"GDYS",2004-10-01T20:00:00Z,Buy,8.07,8.63,26,14.56,5.6123560156992,-18.46,172.64,187.46,1,"	95,244" 
2003-08-01T20:00:00Z,"FIZ",2005-06-01T20:00:00Z,Buy,7.0500084600034,8.18,21.999877600098,24.86,1.4538902439024,-3.3,91.3,90.42,1,"	93,334" 
2003-08-01T20:00:00Z,"SAFM",2005-07-01T20:00:00Z,Buy,19.74000987,45.97,8.4999932500034,222.95,1.0758747799296,-7.08,299.71,200.6,1,"	97,345" 
2003-08-01T20:00:00Z,"GCI",2005-08-01T20:00:00Z,Buy,77.03,72.26,3,-14.31,1.6492029663077,-28.11,41.67,60,0,"	94,351" 
2003-09-02T20:00:00Z,"AEOS",2003-12-01T21:00:00Z,Buy,17.92,17.83,15,-1.35,3.0470098541193,-46.8,8.55,46.8,0,"	101,125" 
2003-09-02T20:00:00Z,"MAIR",2004-01-02T21:00:00Z,Buy,7.5,7.71,38,7.98,8.5796623329712,-49.4,12.92,49.4,1,"	102,139" 
2003-10-01T20:00:00Z,"KBALB",2004-02-02T21:00:00Z,Buy,15.49,16.25,15,11.4,2.5004953597983,-33.6,28.65,17.55,1,"	114,146" 
2003-10-01T20:00:00Z,"ATRI",2004-04-01T21:00:00Z,Buy,46.45,42.18,7,-29.89,4.1967629815114,-55.58,24.85,80.43,0,"	111,164" 
2003-10-01T20:00:00Z,"BWS",2004-11-01T21:00:00Z,Buy,32.8,27.4,12,-64.8,3.1290089931613,-100.56,109.56,210.12,0,"	112,255" 
2003-10-01T20:00:00Z,"GFF",2004-12-01T21:00:00Z,Buy,18.5,25.8,13,94.9,4.7527691709571,-1.3,94.9,46.93,1,"	113,270" 
2003-10-01T20:00:00Z,"GFF",2005-05-02T20:00:00Z,Buy,18.5,18.99,17,8.33,2.9240375808636,-1.7,153.68,145.35,1,"	113,321" 
2003-10-01T20:00:00Z,"ODP",2005-08-01T20:00:00Z,Buy,14.6,27.96,14,187.04,2.2088242710796,-10.5,195.02,74.48,1,"	115,353" 
2003-10-01T20:00:00Z,"ODP",2008-03-03T21:00:00Z,Buy,14.6,11.08,13,-45.76,4.5425138280344,-45.76,389.09,434.85,0,"	115,756" 
2003-11-03T21:00:00Z,"HWKN",2003-12-01T21:00:00Z,Buy,12.74,13.09,42,14.7,8.636956566018,-5.04,21,7.56,1,"	122,128" 
2003-11-03T21:00:00Z,"ANF",2004-02-02T21:00:00Z,Buy,28.7,26.53,14,-30.38,3.5141965718852,-72.94,15.12,88.06,0,"	120,145" 
2003-11-03T21:00:00Z,"BIO",2004-05-03T20:00:00Z,Buy,52.91,58.5,4,22.36,1.0202526315789,-77.64,37.76,41.84,1,"	121,175" 
2003-11-03T21:00:00Z,"MMS",2004-09-01T20:00:00Z,Buy,35.89,29.43,12,-77.52,6.9700805885311,-94.68,61.8,156.48,0,"	123,228" 
2003-11-03T21:00:00Z,"WMK",2007-09-04T20:00:00Z,Buy,35.9,43.01,5,35.55,1.2919650885227,-39.8,51.3,40,1,"	124,689" 
2003-11-03T21:00:00Z,"WMK",2008-08-01T20:00:00Z,Buy,35.9,38.31,2,4.82,1.7701454689734,-15.92,20.52,31.58,1,"	124,851" 
2003-12-01T21:00:00Z,"HVT",2004-05-03T20:00:00Z,Buy,23.08,17.89,18,-93.42,2.1858348735382,-94.14,22.86,117,0,"	135,177" 
2003-12-01T21:00:00Z,"PLUS",2004-06-01T20:00:00Z,Buy,12.55,12,28,-15.4,2.2806375962477,-53.48,70.84,124.32,0,"	136,193" 
2003-12-01T21:00:00Z,"TSAI",2004-10-01T20:00:00Z,Buy,20,18.86,14,-15.96,2.1421167060058,-72.94,66.36,139.3,0,"	138,249" 
2003-12-01T21:00:00Z,"EBF",2005-02-01T21:00:00Z,Buy,15,17.33,14,32.62,1.0708024275118,-55.16,97.72,71.82,1,"	132,291" 
2003-12-01T21:00:00Z,"FIZ",2005-06-01T20:00:00Z,Buy,7.6200091440037,8.18,35.999956800035,20.16,2.0268855447717,-25.92,128.88,147.96,1,"	133,334" 
2003-12-01T21:00:00Z,"GCI",2005-08-01T20:00:00Z,Buy,88.28,72.26,3,-48.06,1.015268073331,-61.86,7.92,60,0,"	134,351" 
2003-12-01T21:00:00Z,"TALK",2006-09-01T20:00:00Z,Buy,10.9,5.84,20,-101.2,4.1553343862294,-117.8,23,140.8,0,"	137,504" 
2004-01-02T21:00:00Z,"RCII",2004-07-01T20:00:00Z,Buy,29.48,29.58,8.5,0.85,2.1961447739838,-94.55,43.52,47.68,1,"	144,203" 
2004-01-02T21:00:00Z,"HUBG",2004-11-01T21:00:00Z,Buy,21.42,38.67,6,103.5,2.8402299038122,0,126.24,74.7,1,"	143,258" 
2004-01-02T21:00:00Z,"HUBG",2005-12-01T21:00:00Z,Buy,10.71,40.45,5,148.7,1.6537727790817,0,149.45,43.52,1,"	143,404" 
2004-01-02T21:00:00Z,"HUBG",2007-05-01T20:00:00Z,Buy,5.355,36.06,9,276.34,1.045075,0,281.2,44.86,1,"	143,604" 
2004-01-02T21:00:00Z,"HUBG",2007-12-03T21:00:00Z,Buy,5.355,25.95,17,350.12,1.1194018404908,0,571.28,259.59,1,"	143,717" 
2004-01-02T21:00:00Z,"RCII",2013-08-01T20:00:00Z,Buy,29.48,40.5,0.5,5.51,11.975697152874,-5.56,5.51,2.8,1,"	144,1800" 
2004-02-02T21:00:00Z,"COLM",2004-05-03T20:00:00Z,Buy,52.62,53.45,4,3.32,2.2045088136645,-79.28,26.64,21.12,1,"	149,176" 
2004-02-02T21:00:00Z,"JCOM",2004-07-01T20:00:00Z,Buy,23.35,26.71,9,30.24,2.0888651559499,-38.52,40.14,45.63,1,"	151,201" 
2004-02-02T21:00:00Z,"CTR",2004-08-02T20:00:00Z,Buy,21.5,21.05,10,-4.5,1.3016067463728,-50.6,35.8,26.8,0,"	148,215" 
2004-02-02T21:00:00Z,"DHI",2004-12-01T21:00:00Z,Buy,28.7,36.31,15,114.15,4.2144862343912,-46.35,114.15,151.8,1,"	150,268" 
2004-02-02T21:00:00Z,"WSO",2006-10-02T20:00:00Z,Buy,22.95,45.25,10,223,1.8297065677793,-100.1,494.5,302.1,1,"	152,521" 
2004-03-01T21:00:00Z,"ASGN",2004-04-01T21:00:00Z,Buy,5.79,5.5,56,-16.24,6.9143934541395,-39.2,11.76,50.96,0,"	158,163" 
2004-03-01T21:00:00Z,"PEGA",2004-05-03T20:00:00Z,Buy,9.25,8.2,34,-35.7,5.6561841075218,-47.26,22.1,57.8,0,"	161,180" 
2004-03-01T21:00:00Z,"SGC",2004-05-03T20:00:00Z,Buy,15.2,16.23,18,18.54,1.0899408284024,-90,30.6,12.6,1,"	162,181" 
2004-03-01T21:00:00Z,"AHS",2004-09-01T20:00:00Z,Buy,18.37,11.54,28,-191.24,9.1786487331653,-196.56,3.08,199.64,0,"	157,226" 
2004-03-01T21:00:00Z,"GCI",2005-08-01T20:00:00Z,Buy,86.6,72.26,3,-43.02,1.3817530700497,-56.82,12.96,60,0,"	160,351" 
2004-03-01T21:00:00Z,"FAF",2006-12-01T21:00:00Z,Buy,31.37,38.63,9,65.34,1.0745080748091,-86.76,159.39,116.82,1,"	159,542" 
2004-04-01T21:00:00Z,"QDEL",2004-08-02T20:00:00Z,Buy,6.41,3.46,47,-138.65,2.4649474626813,-142.88,110.45,253.33,0,"	173,219" 
2004-04-01T21:00:00Z,"MMS",2004-09-01T20:00:00Z,Buy,36.61,29.43,7,-50.26,2.5348120363822,-60.27,31.01,71.26,0,"	171,228" 
2004-04-01T21:00:00Z,"ESCA",2004-11-01T21:00:00Z,Buy,17.5,14.02,22,-76.56,7.8647853026099,-152.46,123.42,275.88,0,"	170,256" 
2004-04-01T21:00:00Z,"USNA",2004-12-01T21:00:00Z,Buy,23.83,30.45,13,86.06,2.1329448382625,-4.94,153.92,100.75,1,"	174,276" 
2004-04-01T21:00:00Z,"CALM",2005-02-01T21:00:00Z,Buy,16.48,12,12,-53.76,4.2523741379427,-77.76,11.04,88.8,0,"	169,290" 
2004-04-01T21:00:00Z,"MTLM",2005-03-01T21:00:00Z,Buy,18.5,30.02,7,80.64,3.3402599204943,-45.5,81.97,54.08,1,"	172,302" 
2004-04-01T21:00:00Z,"MTLM",2007-02-01T21:00:00Z,Buy,18.5,41.23,6,136.38,1.0301830161054,-39,136.38,80.28,1,"	172,562" 
2004-04-01T21:00:00Z,"MTLM",2008-03-15T04:00:00Z,Buy,18.5,55.27,7,257.39,0,-45.5,315.7,98.42,1,"	172,764" 
2004-05-03T20:00:00Z,"HOV",2004-09-01T20:00:00Z,Buy,36.22,34.97,6,-7.5,1.0302169076752,-130.74,72.3,45.06,0,"	184,227" 
2004-05-03T20:00:00Z,"NSIT",2004-09-01T20:00:00Z,Buy,16.97,16.03,23,-21.62,6.0491310310106,-67.85,35.65,103.5,0,"	187,229" 
2004-05-03T20:00:00Z,"BWS",2004-11-01T21:00:00Z,Buy,38.02,27.4,6,-63.72,1.0312493150685,-81.6,23.46,105.06,0,"	182,255" 
2004-05-03T20:00:00Z,"FARO",2004-11-01T21:00:00Z,Buy,17.63,24.73,15,106.5,4.3523218026233,0,153.9,139.05,1,"	183,257" 
2004-05-03T20:00:00Z,"UWN",2004-11-01T21:00:00Z,Buy,15.47,10.69,28,-133.84,2.2752176071971,-154.84,14.28,169.12,0,"	191,261" 
2004-05-03T20:00:00Z,"MTEX",2004-12-01T21:00:00Z,Buy,10.59,21.99,12,136.8,7.6077752743513,-19.56,153.36,41.52,1,"	186,273" 
2004-05-03T20:00:00Z,"OTL",2005-02-01T21:00:00Z,Buy,24.63,20.38,20,-85,3.5104853370151,-118.8,63.4,182.2,0,"	189,293" 
2004-05-03T20:00:00Z,"OXM",2005-03-01T21:00:00Z,Buy,39.14,36.87,6,-13.62,1.0302628865979,-168.45,46.26,54.78,0,"	190,303" 
2004-05-03T20:00:00Z,"LPX",2005-10-03T20:00:00Z,Buy,23.58,27.44,20,77.2,5.437276931734,-44.4,99.4,114.2,1,"	185,375" 
2004-05-03T20:00:00Z,"MTEX",2005-10-03T20:00:00Z,Buy,10.59,11.7,12,13.32,1.0592405063291,-19.56,184.44,189.12,1,"	186,377" 
2004-05-03T20:00:00Z,"ODP",2008-03-03T21:00:00Z,Buy,17.45,11.08,12,-76.44,2.2161031466536,-76.44,324.96,401.4,0,"	188,756" 
2004-06-01T20:00:00Z,"SGC",2004-09-01T20:00:00Z,Buy,16.4,13.71,48,-129.12,7.8574230720474,-165.12,4.32,169.44,0,"	197,232" 
2004-06-01T20:00:00Z,"TENT",2004-09-01T20:00:00Z,Buy,12.86,9.99,36,-103.32,11.366481666195,-122.04,54.36,176.4,0,"	198,233" 
2004-06-01T20:00:00Z,"LAWS",2005-12-01T21:00:00Z,Buy,35.25,38.64,16,54.24,7.5033517850104,-64,298.08,362.08,1,"	196,406" 
2004-07-01T20:00:00Z,"AHS",2004-09-01T20:00:00Z,Buy,15.19,11.54,17,-62.05,2.0071375245377,-65.28,55.93,66.3,0,"	206,226" 
2004-07-01T20:00:00Z,"CRUS",2004-10-01T20:00:00Z,Buy,5.8,5.42,52,-19.76,5.9564003076777,-62.4,13.52,75.92,0,"	207,243" 
2004-07-01T20:00:00Z,"TESS",2004-11-01T21:00:00Z,Buy,17.25,12.89,21,-91.56,4.6348995328098,-147.63,0,147.63,0,"	214,260" 
2004-07-01T20:00:00Z,"JBSS",2004-12-01T21:00:00Z,Buy,26.69,23,8,-29.52,1.6650075303786,-120.96,225.68,107.6,0,"	210,272" 
2004-07-01T20:00:00Z,"SHOO",2004-12-01T21:00:00Z,Buy,19.71,19.14,12,-6.84,2.0636889581427,-56.16,39.12,47.76,0,"	213,275" 
2004-07-01T20:00:00Z,"HOFT",2005-03-01T21:00:00Z,Buy,21.1,25.05,23,90.85,6.2858914732486,-2.3,169.97,172.27,1,"	209,301" 
2004-07-01T20:00:00Z,"GCI",2005-08-01T20:00:00Z,Buy,83.76,72.26,4,-46,1.5207396193926,-64.4,28.64,63.28,0,"	208,351" 
2004-07-01T20:00:00Z,"NATR",2006-05-01T20:00:00Z,Buy,13.92,10.04,31,-120.28,28.262987933123,-120.28,287.99,408.27,0,"	211,461" 
2004-07-01T20:00:00Z,"PDX",2006-12-01T21:00:00Z,Buy,34.855,48.55,6,82.17,1.6785827639952,-139.17,104.79,62.76,1,"	212,545" 
2004-08-02T20:00:00Z,"RBIN",2004-09-01T20:00:00Z,Buy,20.3,19.96,10,-3.4,1.5720011026728,-103.5,1,8,0,"	223,231" 
2004-08-02T20:00:00Z,"SGC",2004-09-01T20:00:00Z,Buy,14,13.71,18,-5.22,2.565988791861,-18.72,44.82,18.72,0,"	224,232" 
2004-08-02T20:00:00Z,"LCUT",2005-01-03T21:00:00Z,Buy,16.45,15.76,21,-14.49,9.1963361506203,-100.38,12.81,113.19,0,"	222,283" 
2004-08-02T20:00:00Z,"WWW",2005-02-01T21:00:00Z,Buy,23.08,32.09,24,216.24,10.355921740973,-36.72,218.88,72.24,1,"	225,295" 
2004-08-02T20:00:00Z,"AXE",2005-05-02T20:00:00Z,Buy,34.4,37.42,6,18.12,5.6861172678442,-18.3,27.3,45.6,1,"	221,318" 
2004-08-02T20:00:00Z,"AMED",2005-07-01T20:00:00Z,Buy,27.35,37.73,11,114.18,2.1138479288455,-20.35,114.18,93.61,1,"	220,340" 
2004-08-02T20:00:00Z,"AXE",2006-04-03T20:00:00Z,Buy,34.4,47.29,18,232.02,1.1240035661842,-54.9,238.86,136.8,1,"	221,441" 
2004-09-01T20:00:00Z,"HOC",2004-10-01T20:00:00Z,Buy,20.91,25.95,12,60.48,3.520281088904,-3.12,60.48,3.12,1,"	237,245" 
2004-09-01T20:00:00Z,"SEB",2004-10-01T20:00:00Z,Buy,543,608,1,65,4.0906858154007,-1.9,117.95,90.95,1,"	239,247" 
2004-09-01T20:00:00Z,"BKE",2004-12-01T21:00:00Z,Buy,26.18,31.97,7,40.53,2.1872202032247,-2.66,40.53,16.87,1,"	234,267" 
2004-09-01T20:00:00Z,"HOC",2004-12-01T21:00:00Z,Buy,20.91,27.97,8,56.48,2.1457620427567,-2.08,58,34.24,1,"	237,271" 
2004-09-01T20:00:00Z,"VLO",2005-02-01T21:00:00Z,Buy,33.705,56.95,6,139.47,4.1435788408012,-3.6,139.47,32.7,1,"	241,294" 
2004-09-01T20:00:00Z,"HOC",2005-03-01T21:00:00Z,Buy,20.91,37.11,10,162,1.0492175066313,-2.6,167.9,42.8,1,"	237,300" 
2004-09-01T20:00:00Z,"VLO",2005-03-01T21:00:00Z,Buy,33.705,68.11,4,137.62,1.0191373981455,-2.4,157.02,21.8,1,"	241,305" 
2004-09-01T20:00:00Z,"GFF",2005-05-02T20:00:00Z,Buy,19.97,18.99,13,-12.74,1.0647406483791,-20.41,98.41,111.15,0,"	236,321" 
2004-09-01T20:00:00Z,"BKE",2005-06-01T20:00:00Z,Buy,26.18,40.71,6,87.18,1.0308798988622,-2.28,87.18,23.52,1,"	234,333" 
2004-09-01T20:00:00Z,"ZEUS",2005-08-01T20:00:00Z,Buy,20.63,15.89,13,-61.62,3.6944878978885,-96.46,120.51,216.97,0,"	242,357" 
2004-09-01T20:00:00Z,"HOC",2005-09-01T20:00:00Z,Buy,20.91,57.21,4,145.2,1.020323268206,-1.04,145.2,25.16,1,"	237,369" 
2004-09-01T20:00:00Z,"ECOL",2006-05-01T20:00:00Z,Buy,9.29,25.5,8,129.68,2.1892059658145,0,139.12,44.16,1,"	235,459" 
2004-09-01T20:00:00Z,"HOC",2006-07-03T17:00:00Z,Buy,10.455,47.89,6,224.61,8.1872853129334,-0.78,224.61,50.43,1,"	237,481" 
2004-09-01T20:00:00Z,"TALK",2006-09-01T20:00:00Z,Buy,5.92,5.84,36,-2.88,1.1840414507772,-32.76,220.68,215.64,0,"	240,504" 
2004-09-01T20:00:00Z,"ECOL",2006-10-02T20:00:00Z,Buy,9.29,19.63,22,227.48,5.0311260269519,0,396,191.18,1,"	235,514" 
2004-09-01T20:00:00Z,"BKE",2007-02-01T21:00:00Z,Buy,17.453307938746,33.8,6,98.08,4.2077521450398,-1.52,107,56.96,1,"	234,559" 
2004-09-01T20:00:00Z,"PCU",2007-02-01T21:00:00Z,Buy,22.005,64.14,4,168.54,4.9370854663963,-4.74,168.54,69.78,1,"	238,564" 
2004-09-01T20:00:00Z,"PCU",2007-04-02T20:00:00Z,Buy,22.005,72.64,3,151.9,1.01521150356,-3.56,158.56,52.34,1,"	238,593" 
2004-09-01T20:00:00Z,"PCU",2007-08-01T20:00:00Z,Buy,22.005,108.25,2,172.49,1.400853723128,-2.37,185.99,34.89,1,"	238,666" 
2004-09-01T20:00:00Z,"BKE",2007-11-01T20:00:00Z,Buy,17.453307938746,40.9,6,140.68,2.2662902262042,-1.52,154.6,56.96,1,"	234,708" 
2004-09-01T20:00:00Z,"PCU",2007-12-03T21:00:00Z,Buy,22.005,109.6,2,175.19,1.7676954878674,-2.37,239.03,85.04,1,"	238,719" 
2004-09-01T20:00:00Z,"BKE",2008-03-03T21:00:00Z,Buy,17.453307938746,44.23,7,187.44,1.4462048659609,-1.77,211.17,85.61,1,"	234,752" 
2004-09-01T20:00:00Z,"HOC",2008-05-01T20:00:00Z,Buy,10.455,41.73,14,437.85,1.0706091370558,-1.82,971.81,571.9,1,"	237,785" 
2004-09-01T20:00:00Z,"PCU",2008-05-01T20:00:00Z,Buy,22.005,110,5,439.98,1.0240174672489,-5.92,597.58,306,1,"	238,793" 
2004-09-01T20:00:00Z,"VLO",2008-06-02T20:00:00Z,Buy,16.8525,52.84,12,431.85,5.3300378114377,-3.6,730.41,397.92,1,"	241,821" 
2004-09-01T20:00:00Z,"BKE",2010-04-01T20:00:00Z,Buy,11.6355444436,37.16,9.7500507787778,248.86,3.4506680062491,-1.65,291.83,263.12,1,"	234,1155" 
2004-10-01T20:00:00Z,"RBIN",2004-11-01T21:00:00Z,Buy,22,24.86,17,48.62,9.6619414772015,0,90.44,41.82,1,"	254,259" 
2004-10-01T20:00:00Z,"AEOS",2005-04-01T21:00:00Z,Buy,18.354974119463,28.78,7,72.98,3.9189939655706,0,78.37,16.45,1,"	250,311" 
2004-10-01T20:00:00Z,"CYBE",2005-09-01T20:00:00Z,Buy,16.88,13.9,19,-56.62,6.3793760846971,-125.4,5.51,130.91,0,"	252,368" 
2004-10-01T20:00:00Z,"CRMT",2005-10-03T20:00:00Z,Buy,22.666678,17.67,8.9999955000022,-44.97,1.5338553169876,-135.6,25.14,75.24,0,"	251,373" 
2004-10-01T20:00:00Z,"RBIN",2005-11-01T21:00:00Z,Buy,11,10.99,48,-0.48,1.2393466424682,-75.36,159.36,234.72,0,"	254,393" 
2004-10-01T20:00:00Z,"AEOS",2006-04-03T20:00:00Z,Buy,18.354974119463,28.79,21,219.14,3.0758815748545,0,317.63,283.92,1,"	250,440" 
2004-10-01T20:00:00Z,"NHC",2006-08-01T20:00:00Z,Buy,29.6,45.17,6,93.42,5.9668516728186,-2.22,102.48,41.04,1,"	253,492" 
2004-10-01T20:00:00Z,"NHC",2006-10-02T20:00:00Z,Buy,29.6,51.27,4,86.68,2.1514041577896,-1.48,104,27.36,1,"	253,518" 
2004-10-01T20:00:00Z,"AEOS",2007-06-01T20:00:00Z,Buy,12.2366555313,27.19,5.9220024280237E-5,0,1.1309633197481,0,0,0,0,"	250,623" 
2004-10-01T20:00:00Z,"NHC",2007-08-01T20:00:00Z,Buy,29.6,52.2,7,158.2,5.5321731780997,-2.59,202.93,58.31,1,"	253,664" 
2004-11-01T21:00:00Z,"CVX",2005-03-01T21:00:00Z,Buy,52.95,60.93,4,31.92,2.1194822007654,-9.52,36,17.12,1,"	262,299" 
2004-11-01T21:00:00Z,"CIX",2005-05-02T20:00:00Z,Buy,15.55,14.62,32,-29.76,4.3995480205974,-31.68,80,111.68,0,"	263,319" 
2004-11-01T21:00:00Z,"NL",2005-07-01T20:00:00Z,Buy,19.99,15.24,18,-85.5,5.7335847831821,-98.82,59.58,158.4,0,"	265,344" 
2004-11-01T21:00:00Z,"WEYS",2005-08-01T20:00:00Z,Buy,19.485,23.6,10.999978999979,45.26,4.4365191827637,-61.87,48.01,48.18,1,"	266,356" 
2004-11-01T21:00:00Z,"LEG",2005-11-01T21:00:00Z,Buy,28.27,20.23,25,-201,2.3328759846881,-243.25,57.25,300.5,0,"	264,391" 
2004-11-01T21:00:00Z,"CVX",2007-04-02T20:00:00Z,Buy,52.95,74.8,3,65.55,1.2334782544693,-7.5,68.79,35.19,1,"	262,587" 
2004-11-01T21:00:00Z,"WEYS",2007-07-02T20:00:00Z,Buy,19.485,26.98,8,59.96,1.0400742666172,-45,67.96,52.4,1,"	266,645" 
2004-11-01T21:00:00Z,"CVX",2007-08-01T20:00:00Z,Buy,52.95,85.11,3,96.48,1.966561652926,-7.5,121.17,35.19,1,"	262,659" 
2004-11-01T21:00:00Z,"WEYS",2007-09-04T20:00:00Z,Buy,19.485,29.6,7,70.8,3.0022684765914,-39.38,90.96,45.85,1,"	266,688" 
2004-11-01T21:00:00Z,"WEYS",2008-02-01T21:00:00Z,Buy,19.485,28.98,2.000021000021,18.99,3.3250157589175,-11.25,28.45,17.92,1,"	266,741" 
2004-11-01T21:00:00Z,"CVX",2008-11-03T21:00:00Z,Buy,52.95,73.61,8,165.28,10.600339313836,-20,400.96,355.76,1,"	262,887" 
2004-11-01T21:00:00Z,"CVX",2009-11-02T21:00:00Z,Buy,52.95,76.64,2,47.38,4.3416720896107,-5,100.24,93.2,1,"	262,1061" 
2004-12-01T21:00:00Z,"COP",2005-03-01T21:00:00Z,Buy,89.24,108.52,2,38.56,2.9487868906651,-11.68,46.44,11.68,1,"	281,304" 
2004-12-01T21:00:00Z,"HANS",2005-04-01T21:00:00Z,Buy,34.9,58.75,5,119.25,4.230048558116,-13.5,125.5,47.25,1,"	278,312" 
2004-12-01T21:00:00Z,"LTD",2005-10-03T20:00:00Z,Buy,24.59,20.29,33,-141.9,2.3989027907618,-174.24,17.49,191.73,0,"	279,376" 
2004-12-01T21:00:00Z,"COP",2005-10-03T20:00:00Z,Buy,44.62,68.99,3,73.11,1.1279389276858,-8.76,79.05,23.64,1,"	281,378" 
2004-12-01T21:00:00Z,"STLD",2005-10-03T20:00:00Z,Buy,40.13,32.9,9,-65.07,3.7977698183704,-131.58,49.68,181.26,0,"	282,379" 
2004-12-01T21:00:00Z,"AIT",2006-02-01T21:00:00Z,Buy,29.779956670122,42.43,5,63.25,5.661162767624,-32.95,64.8,37.95,1,"	277,418" 
2004-12-01T21:00:00Z,"HANS",2006-04-03T20:00:00Z,Buy,17.449949744016,127.09,3,328.92,5.0980259774731,-4.05,328.92,72.3,1,"	278,442" 
2004-12-01T21:00:00Z,"NUE",2006-06-01T20:00:00Z,Buy,26.135,53.34,2,54.41,5.5974085075791,-6.6,66.97,19.42,1,"	280,472" 
2004-12-01T21:00:00Z,"NUE",2007-02-01T21:00:00Z,Buy,26.135,64.8,4,154.66,2.2414254639471,-13.2,158.7,53.56,1,"	280,563" 
2004-12-01T21:00:00Z,"HANS",2007-03-01T21:00:00Z,Buy,4.3624801070398,34.68,12,363.81,5.4692170886746,-4.05,563.64,316.11,1,"	278,579" 
2004-12-01T21:00:00Z,"COP",2007-07-02T20:00:00Z,Buy,44.62,80.05,3,106.29,1.6846828680312,-8.76,108.3,49.41,1,"	281,643" 
2004-12-01T21:00:00Z,"AIT",2007-09-04T20:00:00Z,Buy,19.8533143734,32.81,7,90.7,5.8432050010321,-30.75,90.7,69.6,1,"	277,682" 
2004-12-01T21:00:00Z,"NUE",2008-04-01T20:00:00Z,Buy,26.135,69.25,3,129.34,2.0749265394005,-9.9,144.74,69.21,1,"	280,769" 
2004-12-01T21:00:00Z,"COP",2008-05-01T20:00:00Z,Buy,44.62,86.59,8,335.76,1.0755233166647,-23.36,364.56,152,1,"	281,792" 
2004-12-01T21:00:00Z,"AIT",2008-11-03T21:00:00Z,Buy,19.8533143734,19.93,14.750031683775,1.13,5.0213445273169,-64.8,227.99,256.65,1,"	277,886" 
2004-12-01T21:00:00Z,"NUE",2008-11-03T21:00:00Z,Buy,26.135,37.93,7,82.56,1.0515098765432,-23.1,390.28,377.79,1,"	280,896" 
2005-01-03T21:00:00Z,"CNC",2005-12-01T21:00:00Z,Buy,28.62,25.21,18,-61.38,5.6094756431561,-190.26,157.32,347.58,0,"	289,402" 
2005-01-03T21:00:00Z,"ANF",2006-05-01T20:00:00Z,Buy,46.3,60.86,10,145.6,3.844576857908,-19.9,267.7,287.6,1,"	288,458" 
2005-02-01T21:00:00Z,"ELBO",2005-05-02T20:00:00Z,Buy,35.37,56.82,8,171.6,11.338106952782,-0.72,171.6,48.72,1,"	297,320" 
2005-02-01T21:00:00Z,"MLI",2005-08-01T20:00:00Z,Buy,31.96,29.22,21,-57.54,5.7429607743312,-144.06,0.63,144.69,0,"	298,352" 
2005-02-01T21:00:00Z,"ELBO",2005-10-08T04:00:00Z,Buy,35.37,62.5,4,108.52,0,-0.36,126.28,24.36,1,"	297,390" 
2005-02-01T21:00:00Z,"ABFS",2006-01-03T21:00:00Z,Buy,40.86,44.55,5,18.45,3.3240396688153,-51.7,23.15,71.3,1,"	296,414" 
2005-02-01T21:00:00Z,"ABFS",2006-07-03T17:00:00Z,Buy,40.86,50.55,4,38.76,1.0201715881883,-41.36,38.76,57.04,1,"	296,479" 
2005-02-01T21:00:00Z,"ABFS",2007-07-02T20:00:00Z,Buy,40.86,39.4,5,-7.3,7.644853112924,-51.7,48.45,77.05,0,"	296,638" 
2005-03-01T21:00:00Z,"MIDD",2005-04-01T21:00:00Z,Buy,55.15,49.02,4,-24.52,1.581873510728,-179.44,31.4,26.68,0,"	310,313" 
2005-03-01T21:00:00Z,"CIX",2005-05-02T20:00:00Z,Buy,16.66,14.62,12,-24.48,1.4846714925475,-25.2,16.68,34.68,0,"	307,319" 
2005-03-01T21:00:00Z,"GDT",2006-04-22T04:00:00Z,Buy,73.96,80.05,3,18.27,1.183212911719,-121.38,18.27,55.29,1,"	308,457" 
2005-03-01T21:00:00Z,"JAKK",2006-11-01T21:00:00Z,Buy,20.66,22.03,16,21.92,12.77683881972,-90.56,122.56,203.52,1,"	309,530" 
2005-03-01T21:00:00Z,"CTR",2007-06-01T20:00:00Z,Buy,20.12667673,21.83,32.999983500008,56.21,8.7316715849579,-100.98,200.42,194.7,1,"	306,626" 
2005-04-01T21:00:00Z,"NVR",2005-05-02T20:00:00Z,Buy,793,709.89,1,-83.11,2.0099875391938,-83.11,10,93.11,0,"	315,322" 
2005-04-01T21:00:00Z,"LEG",2005-11-01T21:00:00Z,Buy,29.1,20.23,8,-70.96,1.040276816609,-84.48,11.68,86.4,0,"	314,391" 
2005-04-01T21:00:00Z,"RS",2006-02-01T21:00:00Z,Buy,39.99,78.45,3,115.38,2.0747906114746,-14.91,121.95,26.01,1,"	316,421" 
2005-04-01T21:00:00Z,"RS",2007-05-01T20:00:00Z,Buy,19.995,59.45,7,276.18,1.0350353594881,-17.4,290.18,136.6,1,"	316,609" 
2005-04-01T21:00:00Z,"WEYS",2008-02-01T21:00:00Z,Buy,21.62,28.98,4.999978999979,36.8,1.9599571838561,-38.8,60.45,44.8,1,"	317,741" 
2005-04-01T21:00:00Z,"RS",2008-07-01T20:00:00Z,Buy,19.995,78.12,3,174.38,1.5173140115159,-7.46,174.38,61.56,1,"	316,836" 
2005-04-01T21:00:00Z,"RS",2009-02-02T21:00:00Z,Buy,19.995,22.21,8,17.72,4.4691216293028,-58.68,465,523.68,1,"	316,945" 
2005-04-01T21:00:00Z,"WEYS",2009-10-01T20:00:00Z,Buy,21.62,22.35,5.000021000021,3.65,3.7195306295745,-38.8,89.1,96.25,1,"	317,1051" 
2005-05-02T20:00:00Z,"FIZ",2005-06-01T20:00:00Z,Buy,7.28,8.18,33.000165599868,29.7,1.1745557122708,-12.54,129.36,9.9,1,"	327,334" 
2005-05-02T20:00:00Z,"SAFM",2005-07-01T20:00:00Z,Buy,36.76,45.97,6.5000067499966,59.87,1.4068916135959,-116.05,118.56,10.34,1,"	331,345" 
2005-05-02T20:00:00Z,"DECK",2005-08-01T20:00:00Z,Buy,22.9,28.44,15,83.1,2.1573752259235,-22.65,83.1,55.95,1,"	326,350" 
2005-05-02T20:00:00Z,"GCI",2005-08-01T20:00:00Z,Buy,76.54,72.26,3,-12.84,1.5775677184918,-26.64,43.14,19.32,0,"	328,351" 
2005-05-02T20:00:00Z,"HSII",2005-12-01T21:00:00Z,Buy,26.42,32.89,18,116.46,3.6437211194507,-36.36,141.84,93.06,1,"	330,403" 
2005-05-02T20:00:00Z,"X",2005-12-01T21:00:00Z,Buy,42.73,48.98,10,62.5,5.5883900538079,-85.6,62.5,107.2,1,"	332,407" 
2005-05-02T20:00:00Z,"GDT",2006-04-22T04:00:00Z,Buy,74.08,80.05,3,17.91,1.2243859138238,-121.74,17.91,53.13,1,"	329,457" 
2005-05-02T20:00:00Z,"FIZ",2007-04-02T20:00:00Z,Buy,7.28,17.67,0.99983440013248,10.39,2.370743964543,-0.38,10.39,1.99,1,"	327,588" 
2005-05-02T20:00:00Z,"CMC",2008-07-01T20:00:00Z,Buy,12.99,36.95,6,143.76,4.4025485489191,-8.55,158.46,77.94,1,"	325,833" 
2005-05-02T20:00:00Z,"CMC",2008-10-01T20:00:00Z,Buy,12.99,16.28,22,72.38,1.1060272350503,-31.35,581.02,516.56,1,"	325,868" 
2005-05-02T20:00:00Z,"SAFM",2011-03-01T21:00:00Z,Buy,36.76,41.36,0.49999325000338,2.3,5.7964490240807,-8.93,9.12,3.94,1,"	331,1326" 
2005-06-01T20:00:00Z,"GCI",2005-08-01T20:00:00Z,Buy,74.24,72.26,3,-5.94,1.4337262956417,-19.74,50.04,12.42,0,"	335,351" 
2005-06-01T20:00:00Z,"LTD",2005-10-03T20:00:00Z,Buy,20.8,20.29,14,-7.14,1.8457587149263,-20.86,60.48,79.8,0,"	338,376" 
2005-06-01T20:00:00Z,"LEG",2005-11-01T21:00:00Z,Buy,26.6,20.23,8,-50.96,1.0400150432493,-64.48,31.68,79.68,0,"	337,391" 
2005-06-01T20:00:00Z,"SPTN",2006-02-01T21:00:00Z,Buy,12.92,12.08,41,-34.44,4.194838959703,-162.36,97.58,259.94,0,"	339,422" 
2005-06-01T20:00:00Z,"GDT",2006-04-22T04:00:00Z,Buy,74.2,80.05,4,23.4,1.1886086271527,-162.8,23.4,70.56,1,"	336,457" 
2005-07-01T20:00:00Z,"NVR",2005-11-01T21:00:00Z,Buy,802.55,681,1,-121.55,2.00995778746,-141.56,135.5,277.06,0,"	348,392" 
2005-07-01T20:00:00Z,"CBRL",2006-02-01T21:00:00Z,Buy,39.12,44,21,102.48,6.5664062258864,-123.48,110.25,168.63,1,"	346,419" 
2005-07-01T20:00:00Z,"PLPC",2006-07-03T17:00:00Z,Buy,39.89,37,14,-40.46,2.1739876603521,-127.96,99.54,227.5,0,"	349,482" 
2005-07-01T20:00:00Z,"MSTR",2006-11-01T21:00:00Z,Buy,53.95,117.61,2,127.32,2.0404265561461,0,132.68,59.54,1,"	347,532" 
2005-07-01T20:00:00Z,"MSTR",2007-07-02T20:00:00Z,Buy,53.95,94.59,4,162.56,1.0350370409567,0,313.8,154.64,1,"	347,642" 
2005-08-01T20:00:00Z,"LPX",2005-10-03T20:00:00Z,Buy,26.21,27.44,8,9.84,1.7853281073903,-38.8,18.72,21.6,1,"	363,375" 
2005-08-01T20:00:00Z,"STLD",2005-10-03T20:00:00Z,Buy,32.03,32.9,7,6.09,1.0348368551896,-45.64,95.34,35.98,1,"	366,379" 
2005-08-01T20:00:00Z,"ISSC",2005-12-01T21:00:00Z,Buy,18.93,14.47,22,-98.12,6.65772607476,-111.98,0,111.98,0,"	361,405" 
2005-08-01T20:00:00Z,"WWW",2006-02-01T21:00:00Z,Buy,22.25,24.06,37,66.97,5.7804628208973,-86.58,66.97,102.86,1,"	367,424" 
2005-08-01T20:00:00Z,"PLCE",2006-04-03T20:00:00Z,Buy,44.28,56.37,12,145.08,4.4202263739931,-121.32,171.72,152.28,1,"	365,446" 
2005-08-01T20:00:00Z,"CNXS",2006-06-01T20:00:00Z,Buy,26.5,23.41,21,-64.89,7.1399176646691,-126.21,77.7,203.91,0,"	359,469" 
2005-08-01T20:00:00Z,"GCO",2006-09-01T20:00:00Z,Buy,37.31,27.4,17,-168.47,6.7456526244179,-187.85,108.29,296.14,0,"	360,500" 
2005-08-01T20:00:00Z,"JAKK",2006-11-01T21:00:00Z,Buy,17.33,22.03,15,70.5,3.5542487967121,-34.95,164.85,190.8,1,"	362,530" 
2005-08-01T20:00:00Z,"PDX",2006-12-01T21:00:00Z,Buy,39.34,48.55,6,55.26,1.0150593339288,-166.08,77.88,62.76,1,"	364,545" 
2005-08-01T20:00:00Z,"ABFS",2007-07-02T20:00:00Z,Buy,34.48,39.4,7,34.44,1.0351529274687,-27.72,112.49,107.87,1,"	358,638" 
2005-09-01T20:00:00Z,"CRMT",2005-10-03T20:00:00Z,Buy,20.24,17.67,9.5000127499936,-24.42,1.0495349975526,-120.08,49.59,34.58,0,"	370,373" 
2005-09-01T20:00:00Z,"FAF",2006-12-01T21:00:00Z,Buy,41.79,38.63,5,-15.8,1.5389228541864,-100.3,36.45,64.9,0,"	371,542" 
2005-09-01T20:00:00Z,"SCVL",2007-10-01T20:00:00Z,Buy,16.36,15.79,24,-13.68,2.2947452691603,-56.88,452.4,488.4,0,"	372,697" 
2005-09-01T20:00:00Z,"CRMT",2009-07-01T20:00:00Z,Buy,20.24,21.14,0.49998725000638,0.45,1.0773414634146,-6.47,2.61,7.68,1,"	370,1029" 
2005-10-03T20:00:00Z,"ELBO",2005-10-08T04:00:00Z,Buy,62.37,62.5,4,0.52,1.0198820529168,-108.36,18.28,3.2,1,"	381,390" 
2005-10-03T20:00:00Z,"PETS",2006-01-03T21:00:00Z,Buy,10.62,14.31,15,55.35,2.316567078219,-11.7,73.5,32.1,1,"	387,417" 
2005-10-03T20:00:00Z,"CBRL",2006-02-01T21:00:00Z,Buy,33.95,44,6,60.3,1.0302674591382,-4.26,62.52,15.78,1,"	380,419" 
2005-10-03T20:00:00Z,"LRCX",2006-02-01T21:00:00Z,Buy,31,46.92,10,159.2,2.1675881898797,-9.4,159.2,44.9,1,"	383,420" 
2005-10-03T20:00:00Z,"TTC",2006-03-01T21:00:00Z,Buy,36.5,46.58,6,60.48,1.644750144278,-110.25,71.94,18.48,1,"	389,431" 
2005-10-03T20:00:00Z,"SYKE",2006-09-01T20:00:00Z,Buy,12.27,20.2,14,111.02,2.4014699590634,-4.2,111.02,43.68,1,"	388,503" 
2005-10-03T20:00:00Z,"PETS",2006-11-01T21:00:00Z,Buy,10.62,12.14,32,48.64,1.155392,-37.44,300.16,337.6,1,"	387,533" 
2005-10-03T20:00:00Z,"PDX",2006-12-01T21:00:00Z,Buy,38.49,48.55,6,60.36,1.4255991355285,-160.98,82.98,62.76,1,"	386,545" 
2005-10-03T20:00:00Z,"KOMG",2007-02-01T21:00:00Z,Buy,32.45,33.75,14,18.2,2.1403363760785,-105.14,294.42,317.38,1,"	382,560" 
2005-10-03T20:00:00Z,"MCRI",2007-02-01T21:00:00Z,Buy,16.75,24.59,21,164.64,7.9262966799672,-24.15,331.17,311.01,1,"	384,561" 
2005-10-03T20:00:00Z,"SYKE",2007-04-02T20:00:00Z,Buy,12.27,18.11,17,99.28,4.1782992155571,-5.1,152.66,112.88,1,"	388,596" 
2005-10-03T20:00:00Z,"NHC",2007-08-01T20:00:00Z,Buy,34.78,52.2,7,121.94,1.9859676277628,-38.85,166.67,58.31,1,"	385,664" 
2005-10-03T20:00:00Z,"SYKE",2007-09-04T20:00:00Z,Buy,12.27,16.17,11,42.9,6.9075685824597,-3.3,98.78,73.04,1,"	388,686" 
2005-10-03T20:00:00Z,"LRCX",2007-11-01T20:00:00Z,Buy,31,48.84,13,231.92,5.6615383718517,-12.22,376.74,205.92,1,"	383,710" 
2005-11-01T21:00:00Z,"ISSC",2005-12-01T21:00:00Z,Buy,14.21,14.47,15,3.9,3.3419931073849,-5.55,70.8,15,1,"	396,405" 
2005-11-01T21:00:00Z,"X",2005-12-01T21:00:00Z,Buy,37.56,48.98,6,68.52,1.0307952992621,-20.34,68.52,9.36,1,"	401,407" 
2005-11-01T21:00:00Z,"TOL",2006-02-01T21:00:00Z,Buy,36.9,33,15,-58.5,5.6123862992927,-58.5,45,103.5,0,"	400,423" 
2005-11-01T21:00:00Z,"MOV",2006-03-01T21:00:00Z,Buy,17.46,21.94,13,58.24,1.6434047845766,-112.32,66.56,17.81,1,"	398,430" 
2005-11-01T21:00:00Z,"AXE",2006-04-03T20:00:00Z,Buy,37.39,47.29,7,69.3,1.207750512395,-42.28,71.96,23.66,1,"	394,441" 
2005-11-01T21:00:00Z,"LRW",2006-05-01T20:00:00Z,Buy,22.7,27.12,24,106.08,3.9020130550813,-45.6,120,83.28,1,"	397,460" 
2005-11-01T21:00:00Z,"CLF",2006-10-02T20:00:00Z,Buy,40.51,38.77,12,-20.88,2.3272170584558,-105.36,163.5,268.86,0,"	395,513" 
2005-11-01T21:00:00Z,"MTLM",2008-03-15T04:00:00Z,Buy,24.05,55.27,10,312.2,2.3339109501158,-120.5,395.5,140.6,1,"	399,764" 
2005-12-01T21:00:00Z,"USNA",2006-03-01T21:00:00Z,Buy,38.8,43.04,18,76.32,7.1084841464561,-23.04,78.48,53.82,1,"	413,432" 
2005-12-01T21:00:00Z,"SHOO",2006-05-01T20:00:00Z,Buy,28.13,53.01,13,323.44,6.437412718492,0,326.43,36.92,1,"	411,462" 
2005-12-01T21:00:00Z,"SNHY",2006-06-01T20:00:00Z,Buy,18.75,19.97,16,19.52,9.3947547437876,-18.72,106.24,94.24,1,"	412,473" 
2005-12-01T21:00:00Z,"LYTS",2006-09-01T20:00:00Z,Buy,18.09,18.31,13,2.86,7.9270341892922,-78.26,9.1,87.36,1,"	409,501" 
2005-12-01T21:00:00Z,"LYTS",2006-10-02T20:00:00Z,Buy,18.09,16.02,24,-49.68,3.7905279404682,-144.48,16.8,161.28,0,"	409,516" 
2005-12-01T21:00:00Z,"B",2006-11-01T21:00:00Z,Buy,17.625,19.86,13,29.06,6.7429382721981,-28.4,77.54,105.95,1,"	408,529" 
2005-12-01T21:00:00Z,"B",2007-06-01T20:00:00Z,Buy,17.625,30.1,7,87.32,1.035663507109,-15.3,87.32,57.05,1,"	408,624" 
2005-12-01T21:00:00Z,"OXY",2007-08-01T20:00:00Z,Buy,41.245,57.2,18,287.19,10.609997461369,-25.29,402.57,195.84,1,"	410,665" 
2005-12-01T21:00:00Z,"SHOO",2008-09-02T20:00:00Z,Buy,18.753286813383,26.29,9,67.83,2.59147165432,-33.96,228.3,262.26,1,"	411,862" 
2005-12-01T21:00:00Z,"B",2009-05-01T20:00:00Z,Buy,17.625,13.91,26,-96.59,1.1279759377212,-250.25,494.65,744.9,0,"	408,986" 
2005-12-01T21:00:00Z,"SHOO",2009-05-01T20:00:00Z,Buy,18.753286813383,28.47,4.5000334884942,43.73,1.0435469068661,-23.32,114.15,137.48,1,"	411,996" 
2006-02-01T21:00:00Z,"HCSG",2006-06-01T20:00:00Z,Buy,19.78,20.42,38.500058218704,24.64,1.1971932515337,-473.04,105.88,99.33,1,"	427,471" 
2006-02-01T21:00:00Z,"CRUS",2006-08-01T20:00:00Z,Buy,8.5,6.56,76,-147.44,6.7124440927581,-147.44,130.72,278.16,0,"	426,490" 
2006-02-01T21:00:00Z,"PZZA",2006-09-01T20:00:00Z,Buy,34.45,34.45,8,0,3.3542204300457,-38.24,4.96,42.48,0,"	428,502" 
2006-02-01T21:00:00Z,"BWS",2006-10-02T20:00:00Z,Buy,30.039956291822,36.11,6,36.42,5.3046571447833,-3.16,60.12,58.8,1,"	425,512" 
2006-02-01T21:00:00Z,"BWS",2006-12-01T21:00:00Z,Buy,30.039956291822,45.31,8,122.16,1.038195995785,-4.21,139.28,78.4,1,"	425,541" 
2006-02-01T21:00:00Z,"PZZA",2007-02-01T21:00:00Z,Buy,34.45,28.26,25,-154.75,1.1278964518465,-185.5,82.75,268.25,0,"	428,565" 
2006-02-01T21:00:00Z,"BWS",2007-06-01T20:00:00Z,Buy,20.0266475412,29.9,23,227.09,9.8585116325771,-8.08,395.75,251.7,1,"	425,625" 
2006-02-01T21:00:00Z,"WMK",2008-08-01T20:00:00Z,Buy,42.94,38.31,8,-37.04,2.1371044574672,-120,25.76,126.32,0,"	429,851" 
2006-02-01T21:00:00Z,"BWS",2011-02-01T21:00:00Z,Buy,20.0266475412,13.29,1.0000534750358,-6.74,4.0439504756922,-9.53,17.21,26.73,0,"	425,1303" 
2006-03-01T21:00:00Z,"IIIN",2006-04-03T20:00:00Z,Buy,39.29,59.24,6,119.7,5.0000457913631,0,120.12,26.76,1,"	436,443" 
2006-03-01T21:00:00Z,"NATR",2006-05-01T20:00:00Z,Buy,17.17,10.04,13,-92.69,2.5289572169533,-92.69,78.52,93.73,0,"	437,461" 
2006-03-01T21:00:00Z,"COHU",2006-06-01T20:00:00Z,Buy,21.68,17.9,24,-90.72,6.2518691746254,-130.56,0,130.56,0,"	435,470" 
2006-03-01T21:00:00Z,"ZEUS",2007-02-01T21:00:00Z,Buy,26.9,27.81,20,18.2,7.2072274358005,-110.4,241.4,351.8,1,"	439,567" 
2006-03-01T21:00:00Z,"IIIN",2007-04-02T20:00:00Z,Buy,19.645,16.71,12,-35.22,4.1129501750957,-45.06,120.96,166.02,0,"	436,590" 
2006-03-01T21:00:00Z,"ABFS",2007-07-02T20:00:00Z,Buy,42.69,39.4,5,-16.45,2.5471723815771,-60.85,39.3,77.05,0,"	433,638" 
2006-03-01T21:00:00Z,"WEYS",2009-10-01T20:00:00Z,Buy,19.44,22.35,11.999978999979,34.92,2.8428209527939,-66.96,240,231,1,"	438,1051" 
2006-03-01T21:00:00Z,"CVX",2009-11-02T21:00:00Z,Buy,57.22,76.64,5,97.1,2.3403977108446,-33.85,229.25,233,1,"	434,1061" 
2006-04-03T20:00:00Z,"EGY",2006-07-03T17:00:00Z,Buy,6.83,10.1,28,91.56,4.7453389671627,-21.84,91.56,48.72,1,"	449,480" 
2006-04-03T20:00:00Z,"PLPC",2006-07-03T17:00:00Z,Buy,33.2,37,7,26.6,1.0512736957447,-17.15,96.6,48.93,1,"	454,482" 
2006-04-03T20:00:00Z,"ADTN",2006-08-01T20:00:00Z,Buy,25.95,21.26,24,-112.56,5.67653803416,-136.56,24.96,161.52,0,"	447,489" 
2006-04-03T20:00:00Z,"GCO",2006-09-01T20:00:00Z,Buy,38.6,27.4,7,-78.4,2.6703748299363,-86.38,35.56,121.94,0,"	452,500" 
2006-04-03T20:00:00Z,"TALK",2006-09-01T20:00:00Z,Buy,8.6,5.84,26,-71.76,2.2925251778184,-93.34,89.7,92.3,0,"	455,504" 
2006-04-03T20:00:00Z,"LII",2006-11-01T21:00:00Z,Buy,30.22,26.95,32,-104.64,8.7893740122067,-282.88,137.92,420.8,0,"	453,531" 
2006-04-03T20:00:00Z,"FAF",2006-12-01T21:00:00Z,Buy,38.8,38.63,7,-1.19,1.0347225773459,-119.49,71.96,46.13,0,"	450,542" 
2006-04-03T20:00:00Z,"WIRE",2007-03-01T21:00:00Z,Buy,33.22,25.15,15,-121.05,2.1993743520263,-180.9,199.65,380.55,0,"	456,582" 
2006-04-03T20:00:00Z,"EGY",2007-06-01T20:00:00Z,Buy,6.83,4.86,51,-100.47,4.6045699915938,-113.73,166.77,280.5,0,"	449,628" 
2006-04-03T20:00:00Z,"EXPO",2009-10-01T20:00:00Z,Buy,15.73,27.54,16,188.96,1.3835568407249,-148.48,340.64,273.6,1,"	451,1049" 
2006-04-03T20:00:00Z,"BKE",2010-04-01T20:00:00Z,Buy,18.533315634,37.16,11.25001074376,209.55,1.1282693884963,-79.5,259.13,303.6,1,"	448,1155" 
2006-05-01T20:00:00Z,"PDX",2006-12-01T21:00:00Z,Buy,49.85,48.55,4,-5.2,1.0196918822832,-152.76,9.88,34.52,0,"	465,545" 
2006-05-01T20:00:00Z,"DECK",2007-03-01T21:00:00Z,Buy,42.49,68,4,102.04,4.5028031009103,-33.16,102.04,36.24,1,"	463,577" 
2006-05-01T20:00:00Z,"SCHN",2007-04-02T20:00:00Z,Buy,39.5,40.2,18.499978369988,12.95,4.1717686749716,-568.01,48.59,190.18,1,"	466,594" 
2006-05-01T20:00:00Z,"STLD",2007-04-02T20:00:00Z,Buy,32.145,43.23,5,55.42,2.0764987832764,-42.65,55.42,53.88,1,"	468,595" 
2006-05-01T20:00:00Z,"STLD",2007-05-01T20:00:00Z,Buy,32.145,44.21,15,180.98,1.0748307379824,-127.95,217.28,161.62,1,"	468,611" 
2006-05-01T20:00:00Z,"DECK",2007-07-02T20:00:00Z,Buy,42.49,100.96,3,175.41,1.0150089197225,-24.87,175.41,27.18,1,"	463,639" 
2006-05-01T20:00:00Z,"DECK",2007-08-01T20:00:00Z,Buy,42.49,104.94,3,187.35,3.4725075062278,-24.87,196.38,35.82,1,"	463,661" 
2006-05-01T20:00:00Z,"SCHN",2007-08-01T20:00:00Z,Buy,39.5,55.71,0.50002163001228,8.11,1.0257012363905,-15.35,12.24,5.14,1,"	466,667" 
2006-05-01T20:00:00Z,"SKX",2007-10-01T20:00:00Z,Buy,27.04,22.8,25,-106,8.5157105640968,-218.5,261.5,480,0,"	467,698" 
2006-05-01T20:00:00Z,"DECK",2007-11-01T20:00:00Z,Buy,42.49,132.75,3,270.78,8.2495590058936,-24.87,310.53,70.29,1,"	463,709" 
2006-05-01T20:00:00Z,"DECK",2008-05-01T20:00:00Z,Buy,42.49,143.38,2,201.78,1.0103860919957,-16.58,244.82,146.74,1,"	463,782" 
2006-05-01T20:00:00Z,"COP",2008-05-01T20:00:00Z,Buy,67.75,86.59,3,56.52,1.0151815058261,-78.15,67.32,57,1,"	464,792" 
2006-05-01T20:00:00Z,"DECK",2008-11-03T21:00:00Z,Buy,42.49,80.65,1,38.16,1.0237709266682,-8.29,122.41,92.79,1,"	463,888" 
2006-06-01T20:00:00Z,"MLR",2006-10-02T20:00:00Z,Buy,20.04,18.03,28,-56.28,2.2814525091875,-94.64,32.48,127.12,0,"	475,517" 
2006-06-01T20:00:00Z,"RSC",2006-11-01T21:00:00Z,Buy,14.83,17.06,13,28.99,3.9223308409977,-17.29,28.99,21.58,1,"	477,534" 
2006-06-01T20:00:00Z,"UFPI",2006-12-01T21:00:00Z,Buy,68.08,46.6,11,-236.28,3.8814624625463,-266.97,0,266.97,0,"	478,546" 
2006-06-01T20:00:00Z,"LMS",2007-03-01T21:00:00Z,Buy,24.38,29.64,8,42.08,3.4470623411877,-33.2,54.72,68.96,1,"	474,580" 
2006-06-01T20:00:00Z,"LMS",2007-05-01T20:00:00Z,Buy,24.38,26.8,9,21.78,3.0131831311036,-37.35,61.56,77.58,1,"	474,606" 
2006-06-01T20:00:00Z,"RSC",2007-05-01T20:00:00Z,Buy,14.83,16.43,34,54.4,1.257027677497,-45.22,115.94,109.82,1,"	477,610" 
2006-06-01T20:00:00Z,"MRO",2007-06-01T20:00:00Z,Buy,76.77,126.74,2,99.94,2.0664597404825,-13.96,99.94,42.78,1,"	476,630" 
2006-06-01T20:00:00Z,"MRO",2008-06-02T20:00:00Z,Buy,38.385,51.66,18,238.95,1.0906492493663,-62.82,502.65,384.48,1,"	476,816" 
2006-07-03T17:00:00Z,"ADTN",2006-08-01T20:00:00Z,Buy,22.79,21.26,11,-16.83,1.0560827740492,-27.83,46.2,27.83,0,"	484,489" 
2006-07-03T17:00:00Z,"RIMG",2006-08-01T20:00:00Z,Buy,19.94,23.92,12,47.76,1.060916496945,-131.28,160.92,19.92,1,"	486,493" 
2006-07-03T17:00:00Z,"TALK",2006-09-01T20:00:00Z,Buy,6.24,5.84,44,-17.6,1.2217770597738,-54.12,255.64,28.16,0,"	488,504" 
2006-07-03T17:00:00Z,"KFRC",2008-05-01T20:00:00Z,Buy,15.2,8.44,40,-270.4,14.878078131033,-296,71.2,367.2,0,"	487,794" 
2006-07-03T17:00:00Z,"AIT",2008-11-03T21:00:00Z,Buy,24.46,19.93,7.2499683162252,-32.84,5.7779523632719,-65.25,78.66,126.15,0,"	485,886" 
2006-07-03T17:00:00Z,"AIT",2009-12-01T21:00:00Z,Buy,24.46,20.88,1.7500316837748,-6.27,1.2163469879518,-15.75,18.99,30.45,0,"	485,1080" 
2006-08-01T20:00:00Z,"GCO",2006-09-01T20:00:00Z,Buy,27.15,27.4,9,2.25,1.0451329885482,-8.01,148.77,21.96,1,"	494,500" 
2006-08-01T20:00:00Z,"KBALB",2006-10-02T20:00:00Z,Buy,17.33,19.5,12,26.04,4.4377717033832,-11.76,30.48,23.4,1,"	495,515" 
2006-08-01T20:00:00Z,"MCRI",2007-02-01T21:00:00Z,Buy,19.05,24.59,13,72.02,1.0658643617021,-44.85,175.11,34.32,1,"	496,561" 
2006-08-01T20:00:00Z,"TNC",2007-02-01T21:00:00Z,Buy,25.85,31.81,8,47.68,20.765766313488,-27.2,47.68,30.88,1,"	498,566" 
2006-08-01T20:00:00Z,"TTMI",2007-04-02T20:00:00Z,Buy,10.58,9.44,47,-53.58,2.4577450209644,-54.05,172.49,226.54,0,"	499,597" 
2006-08-01T20:00:00Z,"KBALB",2007-07-02T20:00:00Z,Buy,17.33,14.01,35,-116.2,1.265,-156.45,300.65,457.1,0,"	495,641" 
2006-08-01T20:00:00Z,"MSTR",2007-07-02T20:00:00Z,Buy,81.68,94.59,3,38.73,1.0148617176128,-83.19,152.16,115.98,1,"	497,642" 
2006-08-01T20:00:00Z,"TNC",2007-09-04T20:00:00Z,Buy,25.85,42.4,5,82.75,1.8714588754902,-17,92.25,19.65,1,"	498,687" 
2006-08-01T20:00:00Z,"TNC",2008-09-02T20:00:00Z,Buy,25.85,31.28,22,119.46,6.8948705000871,-74.8,518.32,539.44,1,"	498,863" 
2006-09-01T20:00:00Z,"CLF",2006-10-02T20:00:00Z,Buy,37.45,38.77,6,7.92,1.0309078404402,-34.32,100.11,22.86,1,"	505,513" 
2006-09-01T20:00:00Z,"ECOL",2006-10-02T20:00:00Z,Buy,19.79,19.63,11,-1.76,1.4522188648693,-115.5,82.5,13.09,0,"	506,514" 
2006-09-01T20:00:00Z,"TESS",2006-10-02T20:00:00Z,Buy,23.71,31.52,11,85.91,4.070615187525,-14.3,85.91,19.8,1,"	510,520" 
2006-09-01T20:00:00Z,"JAKK",2006-11-01T21:00:00Z,Buy,16.74,22.03,14,74.06,2.0280640643536,-24.36,162.12,12.04,1,"	508,530" 
2006-09-01T20:00:00Z,"TESS",2006-11-01T21:00:00Z,Buy,23.71,31.67,8,63.68,1.0395875,-10.4,91.44,53.36,1,"	510,535" 
2006-09-01T20:00:00Z,"IVAC",2006-12-01T21:00:00Z,Buy,17.38,27.26,8,79.04,4.7761750361243,-20.48,79.04,20.48,1,"	507,543" 
2006-09-01T20:00:00Z,"UFPI",2006-12-01T21:00:00Z,Buy,48.81,46.6,5,-11.05,1.0250513241634,-25,96.35,41.15,0,"	511,546" 
2006-09-01T20:00:00Z,"TESS",2007-03-01T21:00:00Z,Buy,15.806643667978,26.88,9,99.66,3.5515403538353,-7.8,139.98,42.48,1,"	510,581" 
2006-09-01T20:00:00Z,"RSC",2007-05-01T20:00:00Z,Buy,13.72,16.43,18,48.78,2.3942714549808,-3.96,81.36,58.14,1,"	509,610" 
2006-09-01T20:00:00Z,"TESS",2007-10-01T20:00:00Z,Buy,15.806643667978,15.55,15.000034920033,-3.85,4.5073763474598,-100.9,233.3,334.2,0,"	510,699" 
2006-09-01T20:00:00Z,"IVAC",2008-06-02T20:00:00Z,Buy,17.38,12.16,16,-83.52,6.6229807468117,-115.84,211.04,326.88,0,"	507,815" 
2006-10-02T20:00:00Z,"DLTR",2007-03-01T21:00:00Z,Buy,31.29,34.37,7,21.56,5.203640820654,-11.9,22.96,16.87,1,"	524,578" 
2006-10-02T20:00:00Z,"FIZ",2007-04-02T20:00:00Z,Buy,11.21,17.67,12.000165599868,77.52,4.2272936293573,-51.72,77.52,23.88,1,"	525,588" 
2006-10-02T20:00:00Z,"GPI",2007-04-02T20:00:00Z,Buy,49.67,39.82,12,-118.2,5.6001700045047,-119.04,93.12,212.16,0,"	526,589" 
2006-10-02T20:00:00Z,"AP",2007-05-01T20:00:00Z,Buy,30.73,36.08,14,74.9,5.0588819031593,-107.38,87.92,185.22,1,"	523,602" 
2006-10-02T20:00:00Z,"AEOS",2007-06-01T20:00:00Z,Buy,29.74001487,27.19,25.999940779976,-66.3,1.0916643835616,-455.09,119.6,191.36,0,"	522,623" 
2006-10-02T20:00:00Z,"DLTR",2007-06-01T20:00:00Z,Buy,31.29,42.41,5,55.6,1.594316349334,-8.5,58.9,12.05,1,"	524,627" 
2006-10-02T20:00:00Z,"PCLN",2007-06-01T20:00:00Z,Buy,36.76,61.57,4,99.24,5.6407081614966,0,109.16,37.76,1,"	528,631" 
2006-10-02T20:00:00Z,"FIZ",2007-08-01T20:00:00Z,Buy,9.34166293,9.79,42,18.83,3.9413065950471,-150.85,229.95,212.8,1,"	525,663" 
2006-10-02T20:00:00Z,"DLTR",2007-09-04T20:00:00Z,Buy,31.29,43.24,8,95.6,3.2646979665895,-13.6,114.24,77.44,1,"	524,683" 
2006-10-02T20:00:00Z,"PCLN",2007-09-04T20:00:00Z,Buy,36.76,82.16,5,227,1.0247529525187,0,231.1,47.2,1,"	528,685" 
2006-10-02T20:00:00Z,"PCLN",2007-12-03T21:00:00Z,Buy,36.76,114.59,3,233.49,5.9995052753991,0,233.49,31.05,1,"	528,718" 
2006-10-02T20:00:00Z,"COP",2008-05-01T20:00:00Z,Buy,58.55,86.59,4,112.16,1.0196740591398,-67.4,126.56,76,1,"	527,792" 
2006-10-02T20:00:00Z,"DLTR",2008-06-02T20:00:00Z,Buy,31.29,36.42,7,35.91,1.0345447154472,-69.93,99.96,169.89,1,"	524,812" 
2006-10-02T20:00:00Z,"PCLN",2008-11-03T21:00:00Z,Buy,36.76,52.29,4,62.12,1.0397415922478,0,411.6,361.6,1,"	528,897" 
2006-10-02T20:00:00Z,"FIZ",2010-01-04T21:00:00Z,Buy,9.34166293,12.71,1.1998185600864,4.04,1.0687770562771,-4.31,6.57,6.68,1,"	525,1101" 
2006-10-02T20:00:00Z,"DLTR",2010-02-01T21:00:00Z,Buy,31.29,49.97,5,93.4,4.198809570483,-49.95,100.2,121.35,1,"	524,1111" 
2006-10-02T20:00:00Z,"AEOS",2014-01-02T21:00:00Z,Buy,29.74001487,14.73,1.000045720031,-15.01,10.584095816224,-17.5,4.6,21.1,0,"	522,1905" 
2006-11-01T21:00:00Z,"OFIX",2006-12-01T21:00:00Z,Buy,43.24,43.49,26,6.5,6.7698023888209,-18.72,59.8,55.9,1,"	538,544" 
2006-11-01T21:00:00Z,"BLS",2006-12-30T05:00:00Z,Buy,44.28,47.15,34,97.58,4.3366660563762,-64.6,97.58,88.4,1,"	536,554" 
2006-11-01T21:00:00Z,"MTEX",2007-04-02T20:00:00Z,Buy,15.05,15.35,29,8.7,12.448705315763,-46.11,37.41,73.37,1,"	537,592" 
2006-11-01T21:00:00Z,"VLO",2008-06-02T20:00:00Z,Buy,51.1,52.84,4,6.96,1.0195485845448,-138.19,106.48,132.64,1,"	539,821" 
2006-11-01T21:00:00Z,"WMK",2008-11-03T21:00:00Z,Buy,39.8,32.82,7,-48.86,3.1651608874556,-87.57,44.52,130.97,0,"	540,901" 
2006-11-01T21:00:00Z,"WMK",2010-10-01T20:00:00Z,Buy,39.8,39.02,2,-1.56,2.0699977945292,-33.02,12.72,45.42,0,"	540,1254" 
2006-12-01T21:00:00Z,"IIIN",2007-04-02T20:00:00Z,Buy,19.27,16.71,11,-28.16,1.0550571428571,-37.18,115,43.67,0,"	550,590" 
2006-12-01T21:00:00Z,"CMI",2007-05-01T20:00:00Z,Buy,59.315,92,16,522.96,2.1195212481446,-35.04,589.36,96.56,1,"	548,603" 
2006-12-01T21:00:00Z,"SWFT",2007-05-01T20:00:00Z,Buy,28.33,31.37,17,51.68,2.2145437505043,-35.7,51.68,37.57,1,"	551,605" 
2006-12-01T21:00:00Z,"LMS",2007-05-01T20:00:00Z,Buy,21.5,26.8,13,68.9,1.0650302466263,-16.51,126.36,76.7,1,"	552,606" 
2006-12-01T21:00:00Z,"PTSI",2007-05-01T20:00:00Z,Buy,24.85,18.91,31,-184.14,4.67421382073,-184.14,28.83,212.97,0,"	553,608" 
2006-12-01T21:00:00Z,"AMWD",2007-11-01T20:00:00Z,Buy,38.35,23.94,20,-288.2,4.4206187032122,-288.2,136.2,424.4,0,"	547,707" 
2006-12-01T21:00:00Z,"DLTR",2010-02-01T21:00:00Z,Buy,29.59,49.97,9,183.42,1.3157655707075,-74.61,195.66,218.43,1,"	549,1111" 
2007-01-03T21:00:00Z,"WIRE",2007-03-01T21:00:00Z,Buy,22,25.15,11,34.65,1.5983621196537,-9.24,269.83,25.3,1,"	557,582" 
2007-01-03T21:00:00Z,"EGY",2007-06-01T20:00:00Z,Buy,6.58,4.86,40,-68.8,1.8236846274832,-79.2,140.8,93.2,0,"	556,628" 
2007-01-03T21:00:00Z,"ABFS",2007-07-02T20:00:00Z,Buy,37.07,39.4,6,13.98,1.5845577601893,-39.3,80.88,43.68,1,"	555,638" 
2007-01-03T21:00:00Z,"WMK",2010-10-01T20:00:00Z,Buy,40.14,39.02,6,-6.72,1.0300599101348,-101.1,36.12,136.26,0,"	558,1254" 
2007-02-01T21:00:00Z,"AEIS",2007-03-01T21:00:00Z,Buy,17.76,20,13,29.12,8.410496169738,-3.64,43.03,16.9,1,"	568,576" 
2007-02-01T21:00:00Z,"MOV",2007-04-02T20:00:00Z,Buy,29.23,30.14,8,7.28,8.5333963061969,-13.6,42.4,47.04,1,"	570,591" 
2007-02-01T21:00:00Z,"KSS",2007-06-01T20:00:00Z,Buy,72.84,76.11,17,55.59,4.0293758459591,-88.23,102.17,122.06,1,"	569,629" 
2007-02-01T21:00:00Z,"XOM",2007-08-01T20:00:00Z,Buy,75.08,86.01,4,43.72,12.843715262044,-20.88,73.44,33.92,1,"	575,670" 
2007-02-01T21:00:00Z,"SYKE",2007-09-04T20:00:00Z,Buy,15.09,16.17,16,17.28,2.1787504774764,-49.92,98.56,67.2,1,"	573,686" 
2007-02-01T21:00:00Z,"VFC",2007-11-01T20:00:00Z,Buy,76.54,83.87,3,21.99,3.3184317188565,-1.29,57.6,52.5,1,"	574,711" 
2007-02-01T21:00:00Z,"VFC",2008-02-01T21:00:00Z,Buy,76.54,79.62,16,49.28,10.692240373626,-203.84,307.2,511.04,1,"	574,740" 
2007-02-01T21:00:00Z,"ODP",2008-03-03T21:00:00Z,Buy,37.6,11.08,7,-185.64,1.0351965766248,-185.64,48.51,186.34,0,"	571,756" 
2007-02-01T21:00:00Z,"AEIS",2008-04-01T20:00:00Z,Buy,17.76,13.68,29,-118.32,7.4569441146156,-228.52,229.68,458.2,0,"	568,765" 
2007-02-01T21:00:00Z,"XOM",2008-11-03T21:00:00Z,Buy,75.08,74.39,7,-4.83,6.0860774521061,-93.87,139.79,233.66,0,"	575,902" 
2007-02-01T21:00:00Z,"MOV",2009-02-02T21:00:00Z,Buy,29.23,7.66,20,-431.4,5.5344481441642,-452,110,562,0,"	570,943" 
2007-02-01T21:00:00Z,"SHOO",2009-05-01T20:00:00Z,Buy,30.51,28.47,4.4999665115058,-9.18,2.7660292935151,-76.23,61.24,89.73,0,"	572,996" 
2007-02-01T21:00:00Z,"XOM",2009-11-02T21:00:00Z,Buy,75.08,72.15,8,-23.44,4.5607848528629,-107.28,159.76,267.04,0,"	575,1065" 
2007-02-01T21:00:00Z,"SHOO",2010-05-03T20:00:00Z,Buy,20.340034323781,40.08,4,78.96,1.0138302277433,-45.17,78.96,53.17,1,"	572,1180" 
2007-02-01T21:00:00Z,"SHOO",2010-10-01T20:00:00Z,Buy,20.340034323781,41.2,1.2500413732885,26.08,1.0250852411106,-14.12,27.08,16.62,1,"	572,1252" 
2007-03-01T21:00:00Z,"AP",2007-05-01T20:00:00Z,Buy,24.49,36.08,9,104.31,2.7562766792558,-12.87,112.68,12.87,1,"	584,602" 
2007-03-01T21:00:00Z,"MGPI",2007-05-01T20:00:00Z,Buy,19.17,19.59,30,12.6,2.2926698777192,-31.5,46.8,40.8,1,"	586,607" 
2007-03-01T21:00:00Z,"CTR",2007-06-01T20:00:00Z,Buy,21.33,21.83,10.000016499992,5,1.1948180417739,-42.63,48.7,30.2,1,"	585,626" 
2007-03-01T21:00:00Z,"ABM",2007-08-01T20:00:00Z,Buy,26.83,25.16,13,-21.71,9.250476521077,-49.4,46.67,96.07,0,"	583,658" 
2007-03-01T21:00:00Z,"ABM",2008-01-02T21:00:00Z,Buy,26.83,20.16,32,-213.44,1.1582728164868,-238.4,114.88,353.28,0,"	583,727" 
2007-03-01T21:00:00Z,"CTR",2009-04-01T20:00:00Z,Buy,21.33,18.2,0.99998350000825,-3.13,2.8959702065945,-9.2,4.87,12.06,0,"	585,961" 
2007-04-02T20:00:00Z,"USNA",2007-08-01T20:00:00Z,Buy,47.44,39.39,14,-112.7,13.085192452022,-143.64,38.22,150.92,0,"	600,668" 
2007-04-02T20:00:00Z,"ALB",2007-10-01T20:00:00Z,Buy,42.01,44.09,6,12.48,26.699588779677,-41.46,18.9,53.76,1,"	598,695" 
2007-04-02T20:00:00Z,"X",2008-01-02T21:00:00Z,Buy,100.94,113.64,2,25.4,5.3639273833513,-40.48,47.9,88.38,1,"	601,732" 
2007-04-02T20:00:00Z,"PCCC",2008-02-01T21:00:00Z,Buy,13.82,11.44,35,-83.3,6.3398947190726,-128.8,57.75,186.55,0,"	599,739" 
2007-04-02T20:00:00Z,"ALB",2008-04-01T20:00:00Z,Buy,42.01,37,20,-100.2,1.3502687502085,-163.2,116.8,280,0,"	598,766" 
2007-04-02T20:00:00Z,"X",2008-07-01T20:00:00Z,Buy,100.94,175.36,5,372.1,7.8220282343465,-101.2,457.25,220.95,1,"	601,839" 
2007-05-01T20:00:00Z,"OMM",2007-06-09T04:00:00Z,Buy,29.15,29.22,31,2.17,1.1553196974905,-0.93,3.41,3.72,1,"	620,637" 
2007-05-01T20:00:00Z,"EBF",2007-07-02T20:00:00Z,Buy,22.94,23.98,44,45.76,8.3209134335642,-17.6,104.28,79.2,1,"	614,640" 
2007-05-01T20:00:00Z,"ABG",2007-08-01T20:00:00Z,Buy,28.95,22.14,36,-245.16,9.2251735500297,-252.72,0,252.72,0,"	612,657" 
2007-05-01T20:00:00Z,"NHC",2007-08-01T20:00:00Z,Buy,51.17,52.2,4,4.12,1.7358226193233,-87.76,29.68,12.88,1,"	619,664" 
2007-05-01T20:00:00Z,"LNDC",2007-10-01T20:00:00Z,Buy,12.54,16,59,204.14,5.6884749373971,-156.35,204.14,242.49,1,"	617,696" 
2007-05-01T20:00:00Z,"AMWD",2007-11-01T20:00:00Z,Buy,35.14,23.94,7,-78.4,1.5449012901781,-78.4,70.14,98.42,0,"	613,707" 
2007-05-01T20:00:00Z,"UCTT",2007-12-03T21:00:00Z,Buy,14.49,13.8,30,-20.7,2.3645382713303,-60.9,62.7,123.6,0,"	622,721" 
2007-05-01T20:00:00Z,"GIII",2008-01-02T21:00:00Z,Buy,17.59,13.59,29,-116,7.4725083912176,-157.18,127.6,284.78,0,"	615,728" 
2007-05-01T20:00:00Z,"LDL",2008-01-02T21:00:00Z,Buy,13.9,10.26,40,-145.6,2.8322106647656,-204,57.6,261.6,0,"	616,729" 
2007-05-01T20:00:00Z,"MAT",2008-02-01T21:00:00Z,Buy,28.59,21.3,48,-349.92,15.10230307573,-572.64,30.72,603.36,0,"	618,738" 
2007-05-01T20:00:00Z,"KFRC",2008-05-01T20:00:00Z,Buy,14.26,8.44,17,-98.94,1.6628969008602,-109.82,46.24,156.06,0,"	621,794" 
2007-06-01T20:00:00Z,"KBALB",2007-07-02T20:00:00Z,Buy,13.91,14.01,18,1.8,1.0917142857143,-18.9,216.18,32.4,1,"	634,641" 
2007-06-01T20:00:00Z,"USMO",2007-07-02T20:00:00Z,Buy,23.47,26.46,8,23.92,2.258849700754,-5.84,26.32,13.04,1,"	636,644" 
2007-06-01T20:00:00Z,"CMI",2007-08-01T20:00:00Z,Buy,94.1,120.05,3,77.85,4.5730201582499,-2.01,77.85,27.69,1,"	633,660" 
2007-06-01T20:00:00Z,"STLD",2008-01-02T21:00:00Z,Buy,48.49,57.97,4,37.92,7.7287085189549,-49.08,47.88,49.08,1,"	635,731" 
2007-06-01T20:00:00Z,"BRKS",2008-04-01T20:00:00Z,Buy,17.7,10.28,49,-363.58,9.5170043498359,-406.7,110.74,517.44,0,"	632,767" 
2007-06-01T20:00:00Z,"USMO",2008-04-01T20:00:00Z,Buy,23.47,7.45,35,-560.7,1.4173669467787,-584.5,163.45,747.95,0,"	636,770" 
2007-06-01T20:00:00Z,"STLD",2008-07-01T20:00:00Z,Buy,24.245,38.09,7,96.92,3.9367971499119,-42.94,114.98,50.47,1,"	635,838" 
2007-06-01T20:00:00Z,"STLD",2008-11-03T21:00:00Z,Buy,24.245,11.54,17,-215.98,1.1403775167785,-287.9,279.22,567.12,0,"	635,900" 
2007-06-01T20:00:00Z,"CMI",2008-12-01T21:00:00Z,Buy,47.05,22.53,10,-245.2,6.4352585908539,-292.1,268.9,561,0,"	633,918" 
2007-07-02T20:00:00Z,"SCHN",2007-08-01T20:00:00Z,Buy,49.09,55.71,4.4999783699877,29.79,5.7914419241363,-181.32,67,44.05,1,"	654,667" 
2007-07-02T20:00:00Z,"TESS",2007-10-01T20:00:00Z,Buy,19.93,15.55,10.999965079967,-48.18,3.7775044709322,-119.35,125.73,124.63,0,"	656,699" 
2007-07-02T20:00:00Z,"LRCX",2007-11-01T20:00:00Z,Buy,51.67,48.84,4,-11.32,1.6489231501175,-86.44,33.24,44.56,0,"	650,710" 
2007-07-02T20:00:00Z,"COLM",2008-02-01T21:00:00Z,Buy,69.32,41.04,5,-141.4,8.0985738048864,-167.6,1.8,169.4,0,"	647,737" 
2007-07-02T20:00:00Z,"MAT",2008-02-01T21:00:00Z,Buy,25.74,21.3,9,-39.96,1.0458914421553,-81.72,31.41,95.22,0,"	651,738" 
2007-07-02T20:00:00Z,"BW",2008-03-03T21:00:00Z,Buy,42.86,26.82,10,-160.4,12.056713060318,-177.6,155.4,333,0,"	646,753" 
2007-07-02T20:00:00Z,"HHGP",2008-04-01T20:00:00Z,Buy,21.56,8.96,30,-378,15.739898722602,-459.6,33.6,493.2,0,"	648,768" 
2007-07-02T20:00:00Z,"SCHN",2008-05-01T20:00:00Z,Buy,49.09,86.4,4,149.24,3.6047340743786,-161.17,162,119.64,1,"	654,795" 
2007-07-02T20:00:00Z,"COLM",2008-10-01T20:00:00Z,Buy,69.32,40.9,5,-142.1,3.9662637604014,-178,1.8,179.8,0,"	647,869" 
2007-07-02T20:00:00Z,"NUE",2008-11-03T21:00:00Z,Buy,59.7,37.93,4,-87.08,2.0063902276012,-147.46,88.76,215.88,0,"	652,896" 
2007-07-02T20:00:00Z,"SCHN",2009-01-02T21:00:00Z,Buy,49.09,40.18,7.5000216300123,-66.83,3.038304657664,-302.2,491.33,735.15,0,"	654,936" 
2007-07-02T20:00:00Z,"HOFT",2009-02-02T21:00:00Z,Buy,22.53,8.09,30,-433.2,15.177938892778,-495.3,36.9,532.2,0,"	649,940" 
2007-07-02T20:00:00Z,"NVR",2009-04-01T20:00:00Z,Buy,671.72,430.02,1,-241.7,6.8427996883018,-351.68,47.25,398.93,0,"	653,966" 
2007-07-02T20:00:00Z,"SHOO",2010-10-01T20:00:00Z,Buy,21.973370413367,41.2,3.7499586267115,72.1,1.0352136752137,-48.47,75.1,48.47,1,"	655,1252" 
2007-07-02T20:00:00Z,"TESS",2011-02-01T21:00:00Z,Buy,13.28667331,12.44,5.2380023832936E-5,0,1.2375694444444,0,0,0,0,"	656,1311" 
2007-07-02T20:00:00Z,"COLM",2011-05-02T20:00:00Z,Buy,69.32,66.97,8,-18.8,1.1034247683483,-352.8,2.88,355.68,0,"	647,1352" 
2007-07-02T20:00:00Z,"SHOO",2012-03-01T21:00:00Z,Buy,14.648914432913,44.98,5,151.66,2.6161152237537,-43.09,151.66,63.3,1,"	655,1516" 
2007-07-02T20:00:00Z,"SHOO",2012-08-01T20:00:00Z,Buy,14.648914432913,39.41,5.1250349122949,126.9,1.1559633935197,-44.17,155.96,68.62,1,"	655,1582" 
2007-08-01T20:00:00Z,"SYKE",2007-09-04T20:00:00Z,Buy,16.97,16.17,17,-13.6,1.5832572249705,-85,72.76,20.57,0,"	680,686" 
2007-08-01T20:00:00Z,"SCVL",2007-10-01T20:00:00Z,Buy,22.29,15.79,11,-71.5,1.0559539023277,-91.3,142.12,81.73,0,"	679,697" 
2007-08-01T20:00:00Z,"FUL",2008-03-03T21:00:00Z,Buy,28.44,22.24,22,-136.4,6.1972070886553,-229.9,64.02,293.92,0,"	671,755" 
2007-08-01T20:00:00Z,"ODP",2008-03-03T21:00:00Z,Buy,25.28,11.08,9,-127.8,1.6491112004036,-127.8,173.25,127.8,0,"	677,756" 
2007-08-01T20:00:00Z,"HAS",2008-05-01T20:00:00Z,Buy,28.9,36.15,14,101.5,2.282519719061,-99.96,101.5,122.5,1,"	673,784" 
2007-08-01T20:00:00Z,"UAUA",2008-05-01T20:00:00Z,Buy,44.44,16.1,15,-425.1,5.0542428193402,-463.35,105.75,569.1,0,"	681,796" 
2007-08-01T20:00:00Z,"HAS",2008-06-02T20:00:00Z,Buy,28.9,36.14,27,195.48,2.897186088988,-192.78,223.56,236.25,1,"	673,814" 
2007-08-01T20:00:00Z,"IVAC",2008-06-02T20:00:00Z,Buy,16.19,12.16,13,-52.39,2.4416201837332,-78.65,186.94,103.74,0,"	674,815" 
2007-08-01T20:00:00Z,"GWW",2008-11-03T21:00:00Z,Buy,87.63,78.78,5,-44.25,8.4706996933116,-97.8,35.75,133.55,0,"	672,891" 
2007-08-01T20:00:00Z,"MOV",2009-02-02T21:00:00Z,Buy,28.21,7.66,9,-184.95,11.115569019904,-194.22,58.68,250.2,0,"	676,943" 
2007-08-01T20:00:00Z,"RS",2009-02-02T21:00:00Z,Buy,52.29,22.21,4,-120.32,1.9516613263729,-158.52,103.32,261.84,0,"	678,945" 
2007-08-01T20:00:00Z,"JAKK",2009-04-01T20:00:00Z,Buy,24.16,12.65,26,-299.26,7.1209375613556,-360.88,151.58,512.46,0,"	675,964" 
2007-08-01T20:00:00Z,"GWW",2009-05-01T20:00:00Z,Buy,87.63,82.78,11,-53.35,1.0543564947469,-303.6,78.65,382.25,0,"	672,992" 
2007-09-04T20:00:00Z,"HUBG",2007-12-03T21:00:00Z,Buy,32.94,25.95,7,-48.93,2.3091647362362,-193.1,42.14,67.9,0,"	691,717" 
2007-09-04T20:00:00Z,"BRKS",2008-04-01T20:00:00Z,Buy,14.25,10.28,18,-71.46,3.6243425675775,-87.3,102.78,100.98,0,"	690,767" 
2007-09-04T20:00:00Z,"LRW",2008-05-01T20:00:00Z,Buy,20.54,12.67,28,-220.36,8.1071581786487,-252.56,14.56,267.12,0,"	692,788" 
2007-09-04T20:00:00Z,"MLR",2008-05-01T20:00:00Z,Buy,17.72,11,37,-248.64,24.027216761104,-323.75,11.1,334.85,0,"	693,790" 
2007-09-04T20:00:00Z,"SHOO",2012-08-01T20:00:00Z,Buy,10.755574310573,39.41,22.499960765656,644.72,1.049147034931,-106.3,772.3,301.27,1,"	694,1582" 
2007-10-01T20:00:00Z,"UCTT",2007-12-03T21:00:00Z,Buy,15.02,13.8,15,-18.3,1.0766326530612,-38.4,23.4,61.8,0,"	705,721" 
2007-10-01T20:00:00Z,"LII",2008-01-02T21:00:00Z,Buy,35.06,40.49,7,38.01,4.3069288733041,-31.5,45.15,31.5,1,"	703,730" 
2007-10-01T20:00:00Z,"PCCC",2008-02-01T21:00:00Z,Buy,13.15,11.44,17,-29.07,3.0913515015538,-51.17,39.44,90.61,0,"	704,739" 
2007-10-01T20:00:00Z,"DLX",2008-03-03T21:00:00Z,Buy,38.25,19.97,18,-329.04,4.0777241801759,-329.04,38.52,367.56,0,"	701,754" 
2007-10-01T20:00:00Z,"HHGP",2008-04-01T20:00:00Z,Buy,13.73,8.96,17,-81.09,1.0916771406127,-127.33,152.15,145.52,0,"	702,768" 
2007-10-01T20:00:00Z,"LII",2008-05-01T20:00:00Z,Buy,35.06,33.59,21,-30.87,1.106265441398,-94.5,135.45,192.36,0,"	703,789" 
2007-10-01T20:00:00Z,"VLGEA",2008-10-01T20:00:00Z,Buy,52.12,47.77,5,-21.75,10.956327883489,-72.65,19.9,92.55,0,"	706,875" 
2007-10-01T20:00:00Z,"VLGEA",2009-04-01T20:00:00Z,Buy,26.06,31.74,8,45.44,1.0407314725698,-58.12,51.52,74.04,1,"	706,970" 
2007-10-01T20:00:00Z,"VLGEA",2010-02-01T21:00:00Z,Buy,26.06,26.13,20,1.4,4.9872747960276,-145.3,131,185.1,1,"	706,1117" 
2007-10-01T20:00:00Z,"COLM",2011-05-02T20:00:00Z,Buy,56.77,66.97,5,51,1.6621546736566,-157.75,64.55,157.75,1,"	700,1352" 
2007-11-01T20:00:00Z,"RGR",2007-12-03T21:00:00Z,Buy,8.62,8.77,43,6.45,4.8077986387445,-52.46,57.19,52.46,1,"	714,720" 
2007-11-01T20:00:00Z,"USMO",2008-04-01T20:00:00Z,Buy,16.33,7.45,16,-142.08,3.4615242478288,-152.96,188.96,156.48,0,"	716,770" 
2007-11-01T20:00:00Z,"KFRC",2008-05-01T20:00:00Z,Buy,11.79,8.44,18,-60.3,2.080147798403,-71.82,93.42,76.68,0,"	715,794" 
2007-11-01T20:00:00Z,"CALM",2008-08-01T20:00:00Z,Buy,22.86,38.98,6,96.72,12.15370529962,-9.84,102.24,74.28,1,"	712,845" 
2007-11-01T20:00:00Z,"CALM",2008-10-01T20:00:00Z,Buy,22.86,27.42,15,68.4,4.1521661570737,-24.6,371.85,319.35,1,"	712,867" 
2007-11-01T20:00:00Z,"DLTR",2010-02-01T21:00:00Z,Buy,36.61,49.97,6,80.16,1.0286762402089,-91.86,88.32,91.86,1,"	713,1111" 
2007-12-03T21:00:00Z,"AMED",2008-05-01T20:00:00Z,Buy,44.2,52.34,21,170.94,3.7178089592681,-152.04,170.94,256.83,1,"	722,781" 
2007-12-03T21:00:00Z,"IMMR",2008-05-01T20:00:00Z,Buy,13.27,11.06,39,-86.19,10.017384061374,-259.74,33.15,292.89,0,"	724,786" 
2007-12-03T21:00:00Z,"LRW",2008-05-01T20:00:00Z,Buy,15.06,12.67,15,-35.85,3.1042857864967,-53.1,90,71.55,0,"	725,788" 
2007-12-03T21:00:00Z,"AVT",2008-06-02T20:00:00Z,Buy,33.87,29.37,27,-121.5,6.4732385850448,-207.9,86.67,294.57,0,"	723,810" 
2007-12-03T21:00:00Z,"NVTL",2008-06-02T20:00:00Z,Buy,15.32,10.19,34,-174.42,10.322887508819,-257.04,63.58,320.62,0,"	726,817" 
2008-01-02T21:00:00Z,"AEIS",2008-04-01T20:00:00Z,Buy,12.76,13.68,16,14.72,2.9035487474114,-46.08,206.72,46.08,1,"	733,765" 
2008-01-02T21:00:00Z,"ZEUS",2008-04-01T20:00:00Z,Buy,32.2,45.94,5,68.7,10.700627939007,-14.35,68.7,21.75,1,"	736,771" 
2008-01-02T21:00:00Z,"SNHY",2008-06-02T20:00:00Z,Buy,24.26,41.04,6,100.68,8.9258438343261,-30.78,100.68,31.68,1,"	735,819" 
2008-01-02T21:00:00Z,"ZEUS",2008-06-02T20:00:00Z,Buy,32.2,62.23,5,150.15,3.3712960421641,-14.35,163.9,21.75,1,"	736,822" 
2008-01-02T21:00:00Z,"FCX",2008-11-03T21:00:00Z,Buy,103.37,28.88,6,-446.94,2.0600961914798,-477.36,135.3,612.66,0,"	734,889" 
2008-01-02T21:00:00Z,"SNHY",2008-11-03T21:00:00Z,Buy,24.26,20.13,14,-57.82,1.0672922636103,-104.16,249.2,353.36,0,"	735,899" 
2008-01-02T21:00:00Z,"ZEUS",2009-06-01T20:00:00Z,Buy,32.2,19.69,12,-150.12,1.0639978331528,-257.4,524.64,782.04,0,"	736,1018" 
2008-02-01T21:00:00Z,"BW",2008-03-03T21:00:00Z,Buy,30.31,26.82,10,-34.9,1.0529339853301,-52.1,280.9,55.7,0,"	742,753" 
2008-02-01T21:00:00Z,"DLX",2008-03-03T21:00:00Z,Buy,24.54,19.97,9,-41.13,4.8584001896689,-41.13,142.65,41.13,0,"	743,754" 
2008-02-01T21:00:00Z,"FUL",2008-03-03T21:00:00Z,Buy,21.54,22.24,10,7,1.0518037518038,-35.5,98.1,15.4,1,"	744,755" 
2008-02-01T21:00:00Z,"TWIN",2008-03-03T21:00:00Z,Buy,16.67,20.11,32,110.08,5.2843322680231,-22.72,148.48,38.4,1,"	749,757" 
2008-02-01T21:00:00Z,"HHGP",2008-04-01T20:00:00Z,Buy,7.21,8.96,36,63,4.8504556192361,-34.92,556.92,42.12,1,"	745,768" 
2008-02-01T21:00:00Z,"MLR",2008-05-01T20:00:00Z,Buy,12.75,11,17,-29.75,1.0817307692308,-64.26,89.59,72.25,0,"	748,790" 
2008-02-01T21:00:00Z,"IVAC",2008-06-02T20:00:00Z,Buy,11.44,12.16,26,18.72,3.6632480766602,-33.8,497.38,154.96,1,"	746,815" 
2008-02-01T21:00:00Z,"UEIC",2008-06-02T20:00:00Z,Buy,23.4,24.91,26,39.26,4.1565193451689,-120.12,124.54,145.86,1,"	750,820" 
2008-02-01T21:00:00Z,"MEI",2009-02-02T21:00:00Z,Buy,12.91,4.9,41,-328.41,9.072314506569,-339.48,20.91,360.39,0,"	747,942" 
2008-02-01T21:00:00Z,"WMK",2010-10-01T20:00:00Z,Buy,38.32,39.02,1,0.7,1.511173748515,-15.03,7.84,16.31,1,"	751,1254" 
2008-02-01T21:00:00Z,"WMK",2011-09-01T20:00:00Z,Buy,38.32,38.35,6,0.18,3.182940272393,-90.18,47.04,97.86,1,"	751,1432" 
2008-02-01T21:00:00Z,"WMK",2012-01-03T21:00:00Z,Buy,38.32,40.78,2,4.92,2.3285373532426,-30.06,15.68,32.62,1,"	751,1494" 
2008-03-03T21:00:00Z,"USMO",2008-04-01T20:00:00Z,Buy,10.42,7.45,29,-86.13,3.855418112997,-105.85,513.88,118.03,0,"	762,770" 
2008-03-03T21:00:00Z,"KAMN",2008-05-01T20:00:00Z,Buy,23.57,27.67,33,135.3,11.384291611942,-1.65,203.94,87.78,1,"	760,787" 
2008-03-03T21:00:00Z,"CROX",2008-06-02T20:00:00Z,Buy,23,10.03,18,-233.46,3.8821129282621,-239.76,0,239.76,0,"	758,811" 
2008-03-03T21:00:00Z,"CUB",2008-08-01T20:00:00Z,Buy,27.19,26.9,22,-6.38,9.428724395279,-127.16,70.62,197.78,0,"	759,846" 
2008-03-03T21:00:00Z,"RUSHA",2008-08-01T20:00:00Z,Buy,14.36,11.42,60,-176.4,12.87698633883,-202.8,163.2,366,0,"	761,850" 
2008-03-03T21:00:00Z,"WDC",2009-04-01T20:00:00Z,Buy,31.25,19.91,19,-215.46,4.3028686066064,-405.08,165.68,570.76,0,"	763,971" 
2008-03-03T21:00:00Z,"WDC",2009-09-01T20:00:00Z,Buy,31.25,33.21,4,7.84,1.0290635939323,-85.28,34.88,120.16,1,"	763,1043" 
2008-04-01T20:00:00Z,"IMMR",2008-05-01T20:00:00Z,Buy,6.98,11.06,32,130.56,4.5002881042027,-11.84,228.48,23.36,1,"	775,786" 
2008-04-01T20:00:00Z,"MLR",2008-05-01T20:00:00Z,Buy,10.27,11,21,15.33,1.1120945945946,-27.3,162.75,17.64,1,"	777,790" 
2008-04-01T20:00:00Z,"OXY",2008-05-01T20:00:00Z,Buy,74.77,81.02,12,75,11.482949051007,0,145.32,70.32,1,"	778,791" 
2008-04-01T20:00:00Z,"RSC",2008-07-01T20:00:00Z,Buy,19.9,11.14,37,-324.12,7.9101591063814,-324.12,0,324.12,0,"	779,837" 
2008-04-01T20:00:00Z,"AZZ",2008-08-01T20:00:00Z,Buy,37.81,46.14,17,141.61,19.947291009537,-188.53,159.12,199.58,1,"	772,844" 
2008-04-01T20:00:00Z,"LXU",2008-08-01T20:00:00Z,Buy,15.08,21.65,10,65.7,2.2484577114428,-11.1,70.3,35.1,1,"	776,849" 
2008-04-01T20:00:00Z,"SCHL",2008-09-02T20:00:00Z,Buy,30.49,27.02,29,-100.63,11.069235750706,-158.34,24.94,183.28,0,"	780,861" 
2008-04-01T20:00:00Z,"DECK",2008-11-03T21:00:00Z,Buy,111.49,80.65,2,-61.68,1.736236754398,-154.58,106.82,142.54,0,"	773,888" 
2008-04-01T20:00:00Z,"FSTR",2008-11-03T21:00:00Z,Buy,44.97,28.28,11,-183.59,22.044209297959,-269.61,32.89,302.5,0,"	774,890" 
2008-04-01T20:00:00Z,"LXU",2008-11-03T21:00:00Z,Buy,15.08,8.39,29,-194.01,1.1483597560976,-225.33,258.97,484.3,0,"	776,894" 
2008-05-01T20:00:00Z,"FLO",2008-06-02T20:00:00Z,Buy,26.11,27.91,44,79.2,3.3990450724429,-29.04,126.28,66.44,1,"	800,813" 
2008-05-01T20:00:00Z,"PETS",2008-06-02T20:00:00Z,Buy,11.21,13.86,16,42.4,6.599891353654,-0.96,44,10.08,1,"	805,818" 
2008-05-01T20:00:00Z,"PTEN",2008-07-01T20:00:00Z,Buy,27.94,36.02,9,72.72,6.733977887748,0,74.34,26.28,1,"	806,835" 
2008-05-01T20:00:00Z,"GHM",2008-08-01T20:00:00Z,Buy,58.23,101.97,7,306.18,2.0751487304075,-21.98,306.18,105.7,1,"	801,847" 
2008-05-01T20:00:00Z,"K",2008-08-01T20:00:00Z,Buy,52.43,52.4,4,-0.12,4.8093835487557,-17.84,6.72,17.84,0,"	803,848" 
2008-05-01T20:00:00Z,"SAM",2008-09-02T20:00:00Z,Buy,45.74,44.83,13,-11.83,7.0126645761085,-96.33,17.29,99.58,0,"	807,860" 
2008-05-01T20:00:00Z,"LG",2008-10-01T20:00:00Z,Buy,38.25,50.68,15,186.45,15.78955797287,-1.65,186.45,78.3,1,"	804,872" 
2008-05-01T20:00:00Z,"K",2008-11-03T21:00:00Z,Buy,52.43,52.29,10,-1.4,1.0518955934895,-47.6,49.1,96.7,0,"	803,892" 
2008-05-01T20:00:00Z,"LG",2008-11-03T21:00:00Z,Buy,38.25,54.58,8,130.64,1.0420088512603,-0.88,130.64,93.2,1,"	804,893" 
2008-05-01T20:00:00Z,"PETS",2008-11-03T21:00:00Z,Buy,11.21,18.25,17,119.68,2.5247218694225,-1.02,119.68,48.96,1,"	805,898" 
2008-05-01T20:00:00Z,"AAON",2008-12-01T21:00:00Z,Buy,19.08,17.3,11,-19.58,2.2557591377259,-67.76,42.24,110,0,"	797,917" 
2008-05-01T20:00:00Z,"NEU",2008-12-01T21:00:00Z,Buy,63.59,29.22,10,-343.7,2.1191534490839,-387.9,171.7,559.6,0,"	799,920" 
2008-05-01T20:00:00Z,"TTMI",2009-02-02T21:00:00Z,Buy,14.2,5.69,54,-459.54,11.401111979264,-556.2,65.88,622.08,0,"	808,946" 
2008-05-01T20:00:00Z,"GPS",2009-06-01T20:00:00Z,Buy,19,18.64,14,-5.04,2.3283781322063,-132.86,13.86,146.72,0,"	802,1008" 
2008-05-01T20:00:00Z,"PTEN",2009-06-01T20:00:00Z,Buy,27.94,15.23,23,-292.33,10.996668007074,-466.44,189.98,656.42,0,"	806,1016" 
2008-05-01T20:00:00Z,"ANK",2009-07-01T20:00:00Z,Buy,33.25,39.86,16,105.76,2.2146732893864,-308.8,113.92,335.68,1,"	798,1027" 
2008-05-01T20:00:00Z,"LG",2009-07-01T20:00:00Z,Buy,38.25,33.74,13,-58.63,5.8340452738212,-113.36,212.29,325.65,0,"	804,1031" 
2008-05-01T20:00:00Z,"AAON",2009-12-01T21:00:00Z,Buy,19.08,19.03,28,-1.4,2.9788441330204,-172.48,107.52,280,0,"	797,1079" 
2008-05-01T20:00:00Z,"PETS",2009-12-01T21:00:00Z,Buy,11.21,16.48,45,237.15,1.6446993315189,-2.7,383.85,258.3,1,"	805,1083" 
2008-05-01T20:00:00Z,"ANK",2010-07-01T20:00:00Z,Buy,33.25,40.16,9,62.19,1.0680677966102,-173.7,224.73,188.82,1,"	798,1216" 
2008-05-01T20:00:00Z,"K",2010-07-01T20:00:00Z,Buy,52.43,50.77,5,-8.3,1.4811186802847,-82.75,24.55,107.3,0,"	803,1219" 
2008-05-01T20:00:00Z,"K",2010-08-02T20:00:00Z,Buy,52.43,50,5,-12.15,1.693532138772,-82.75,24.55,107.3,0,"	803,1230" 
2008-05-01T20:00:00Z,"GPS",2010-12-01T21:00:00Z,Buy,19,21.56,36,92.16,4.0674642771773,-341.64,259.56,377.28,1,"	802,1278" 
2008-05-01T20:00:00Z,"K",2011-09-01T20:00:00Z,Buy,52.43,53.97,4,6.16,1.8998031843032,-66.2,20.52,85.84,1,"	803,1428" 
2008-05-01T20:00:00Z,"K",2011-12-01T21:00:00Z,Buy,52.43,48.98,6,-20.7,2.0889217420436,-99.3,30.78,128.76,0,"	803,1472" 
2008-05-01T20:00:00Z,"WMK",2012-01-03T21:00:00Z,Buy,30.37,40.78,4,41.64,1.0346463494133,-28.32,63.16,65.24,1,"	809,1494" 
2008-05-01T20:00:00Z,"K",2012-03-01T21:00:00Z,Buy,52.43,52.26,4,-0.68,1.1914048888307,-66.2,20.52,85.84,0,"	803,1514" 
2008-05-01T20:00:00Z,"K",2012-10-01T20:00:00Z,Buy,52.43,51.93,2,-1,3.7351900025924,-33.1,10.26,42.92,0,"	803,1609" 
2008-05-01T20:00:00Z,"WMK",2013-03-01T21:00:00Z,Buy,30.37,40.96,3,31.77,3.9873162783408,-21.24,47.37,48.93,1,"	809,1692" 
2008-06-02T20:00:00Z,"DMLP",2008-07-01T20:00:00Z,Buy,28.3,31.44,18,56.52,11.283282642218,-13.5,122.22,65.7,1,"	826,834" 
2008-06-02T20:00:00Z,"DCO",2008-10-01T20:00:00Z,Buy,30.54,22.9,19,-145.16,6.7262706284352,-184.3,0,184.3,0,"	825,870" 
2008-06-02T20:00:00Z,"PCU",2008-10-01T20:00:00Z,Buy,36.583296934036,18.35,18.000017909467,-328.2,7.2409198509456,-328.2,16.98,345.18,0,"	832,874" 
2008-06-02T20:00:00Z,"EGY",2008-12-01T21:00:00Z,Buy,7.48,6.8,43,-29.24,11.812695061945,-153.08,58.91,211.99,0,"	827,919" 
2008-06-02T20:00:00Z,"FOSL",2008-12-01T21:00:00Z,Buy,30.53,13.3,22.000010499995,-379.06,9.1836876040179,-431.27,45.54,455.62,0,"	828,921" 
2008-06-02T20:00:00Z,"NFLX",2009-02-02T21:00:00Z,Buy,30.89,36.95,6,36.36,7.5618128121027,-77.7,36.36,91.38,1,"	830,944" 
2008-06-02T20:00:00Z,"CF",2009-03-02T21:00:00Z,Buy,139.39,58.99,4,-321.6,8.0223688274756,-399.64,120.52,520.16,0,"	824,954" 
2008-06-02T20:00:00Z,"ABFS",2009-04-01T20:00:00Z,Buy,35.11,19.17,16,-255.04,7.4424409247371,-304.16,157.12,461.28,0,"	823,960" 
2008-06-02T20:00:00Z,"JAKK",2009-04-01T20:00:00Z,Buy,22.79,12.65,11,-111.54,1.0531122881356,-137.61,79.2,183.37,0,"	829,964" 
2008-06-02T20:00:00Z,"EGY",2009-05-01T20:00:00Z,Buy,7.48,4.7,60,-166.8,4.0955468178065,-213.6,82.2,295.8,0,"	827,989" 
2008-06-02T20:00:00Z,"OXY",2009-06-01T20:00:00Z,Buy,92.58,69.33,10,-232.5,7.9930074630424,-520.3,8.2,528.5,0,"	831,1015" 
2008-06-02T20:00:00Z,"DMLP",2009-11-02T21:00:00Z,Buy,28.3,22.15,29,-178.35,1.1931686046512,-399.33,196.91,596.24,0,"	826,1062" 
2008-06-02T20:00:00Z,"NFLX",2010-02-01T21:00:00Z,Buy,30.89,61.03,6,180.84,1.0294120481928,-77.7,192.9,91.38,1,"	830,1116" 
2008-06-02T20:00:00Z,"NFLX",2010-04-01T20:00:00Z,Buy,30.89,75,8,352.88,1.0406834825061,-103.6,353.36,121.84,1,"	830,1158" 
2008-06-02T20:00:00Z,"FOSL",2010-09-01T20:00:00Z,Buy,30.53,48.8,0.99998950000525,18.27,1.0513792377343,-19.6,18.27,20.71,1,"	828,1240" 
2008-07-01T20:00:00Z,"TNC",2008-09-02T20:00:00Z,Buy,29.82,31.28,10,14.6,1.0495184324145,-73.7,195.9,49.3,1,"	842,863" 
2008-07-01T20:00:00Z,"NPK",2008-10-01T20:00:00Z,Buy,63.93,76.14,4,48.84,6.7267456968901,-10.96,60.92,34.68,1,"	841,873" 
2008-07-01T20:00:00Z,"NPK",2008-11-03T21:00:00Z,Buy,63.93,67.53,5,18,1.0261419944255,-73.15,76.15,149.3,1,"	841,895" 
2008-07-01T20:00:00Z,"NPK",2009-06-01T20:00:00Z,Buy,63.93,83.75,4,79.28,2.7722101905372,-65.08,79.28,130.96,1,"	841,1014" 
2008-07-01T20:00:00Z,"UACL",2009-12-01T21:00:00Z,Buy,22.31,16.13,28,-173.04,10.186216333056,-330.4,155.12,485.52,0,"	843,1085" 
2008-07-01T20:00:00Z,"NPK",2010-09-01T20:00:00Z,Buy,63.93,106.79,2,85.72,1.0106768646271,-32.54,129.62,77.84,1,"	841,1243" 
2008-07-01T20:00:00Z,"NPK",2011-03-01T21:00:00Z,Buy,63.93,125.75,4,247.28,2.3053312467491,-65.08,290,155.68,1,"	841,1324" 
2008-07-01T20:00:00Z,"COLM",2011-05-02T20:00:00Z,Buy,37.02,66.97,8,239.6,2.7399271216316,-94.4,261.28,174.08,1,"	840,1352" 
2008-08-01T20:00:00Z,"SCHL",2008-09-02T20:00:00Z,Buy,26.04,27.02,9,8.82,1.0454362155874,-9.09,47.79,21.6,1,"	858,861" 
2008-08-01T20:00:00Z,"GPN",2008-10-01T20:00:00Z,Buy,44.65,44.05,25,-15,4.3138294133157,-26.25,109.5,135.75,0,"	854,871" 
2008-08-01T20:00:00Z,"PCU",2008-10-01T20:00:00Z,Buy,25.97,18.35,8.9999820905331,-68.58,1.0419773706897,-68.58,104.01,71.91,0,"	857,874" 
2008-08-01T20:00:00Z,"DECK",2008-11-03T21:00:00Z,Buy,105.49,80.65,2,-49.68,1.0093329204636,-142.58,118.82,106.5,0,"	853,888" 
2008-08-01T20:00:00Z,"COP",2008-12-01T21:00:00Z,Buy,81.14,48.01,4,-132.52,14.106960166734,-158.64,15.44,174.08,0,"	856,923" 
2008-08-01T20:00:00Z,"HOFT",2009-02-02T21:00:00Z,Buy,16.96,8.09,12,-106.44,3.5424800728761,-131.28,81.6,165.96,0,"	855,940" 
2008-08-01T20:00:00Z,"COP",2009-03-02T21:00:00Z,Buy,81.14,35.15,10,-459.9,1.0471179624665,-459.9,38.6,498.5,0,"	856,955" 
2008-08-01T20:00:00Z,"SKX",2009-04-01T20:00:00Z,Buy,18.96,6.91,29,-349.45,8.9640184899407,-396.43,55.1,451.53,0,"	859,968" 
2008-08-01T20:00:00Z,"CRMT",2009-07-01T20:00:00Z,Buy,20.46,21.14,14.500012749994,9.86,1.1951506024096,-190.82,72.5,222.87,1,"	852,1029" 
2008-08-01T20:00:00Z,"CRMT",2011-03-01T21:00:00Z,Buy,20.46,24.26,23.499987250006,89.3,1.1713276836158,-309.26,222.54,361.19,1,"	852,1321" 
2008-09-02T20:00:00Z,"DAR",2009-02-02T21:00:00Z,Buy,13.2,4.48,46,-401.12,11.723424917312,-444.82,0,444.82,0,"	864,939" 
2008-09-02T20:00:00Z,"LDL",2009-02-02T21:00:00Z,Buy,11.46,3.8,53,-405.98,13.541543258498,-431.95,8.48,440.43,0,"	865,941" 
2008-09-02T20:00:00Z,"WTI",2009-03-02T21:00:00Z,Buy,33.31,6.73,19,-505.02,2.1697062404196,-505.02,1.33,506.35,0,"	866,956" 
2008-10-01T20:00:00Z,"FSTR",2008-11-03T21:00:00Z,Buy,30.71,28.28,9,-21.87,3.7057148021316,-92.25,155.25,92.25,0,"	876,890" 
2008-10-01T20:00:00Z,"PCLN",2008-11-03T21:00:00Z,Buy,64.72,52.29,4,-49.72,1.0189156802572,-111.84,299.76,66.68,0,"	881,897" 
2008-10-01T20:00:00Z,"STLD",2008-11-03T21:00:00Z,Buy,15.92,11.54,12,-52.56,4.8931832019948,-103.32,297,103.32,0,"	884,900" 
2008-10-01T20:00:00Z,"PCTI",2009-01-02T21:00:00Z,Buy,9.42,6.93,41,-102.09,13.972481686849,-233.29,0,233.29,0,"	882,935" 
2008-10-01T20:00:00Z,"SCHN",2009-01-02T21:00:00Z,Buy,37.63,40.18,5.4999783699877,14.02,2.0266920019345,-158.58,423.33,115.77,1,"	883,936" 
2008-10-01T20:00:00Z,"MEI",2009-02-02T21:00:00Z,Buy,8.73,4.9,30,-114.9,1.1461495535714,-123,140.7,148.8,0,"	880,942" 
2008-10-01T20:00:00Z,"HVT",2009-04-01T20:00:00Z,Buy,11.75,10.47,28,-35.84,5.9678644543757,-111.72,0,111.72,0,"	878,963" 
2008-10-01T20:00:00Z,"PCTI",2009-04-01T20:00:00Z,Buy,9.42,4.47,44,-217.8,7.32554028108,-250.36,0,250.36,0,"	882,967" 
2008-10-01T20:00:00Z,"TTWO",2009-04-01T20:00:00Z,Buy,15.93,8.47,34,-253.64,25.054268814755,-350.54,0,350.54,0,"	885,969" 
2008-10-01T20:00:00Z,"GHM",2009-05-01T20:00:00Z,Buy,24.525,12.63,14,-166.53,2.2234240674116,-239.75,0,239.75,0,"	877,991" 
2008-10-01T20:00:00Z,"IIIN",2009-06-01T20:00:00Z,Buy,13,9.08,42,-164.64,13.86589180826,-342.3,0,342.3,0,"	879,1011" 
2008-10-01T20:00:00Z,"SCHN",2010-01-04T21:00:00Z,Buy,37.63,50,0.50002163001228,6.19,2.5974488768131,-14.42,38.49,10.53,1,"	883,1103" 
2008-10-01T20:00:00Z,"HVT",2010-03-01T21:00:00Z,Buy,11.75,13.49,36,62.64,8.1729068912095,-143.64,78.84,143.64,1,"	878,1131" 
2008-11-03T21:00:00Z,"CMI",2008-12-01T21:00:00Z,Buy,26.48,22.53,8,-31.6,1.0404892966361,-69.12,379.68,87.76,0,"	904,918" 
2008-11-03T21:00:00Z,"NEU",2008-12-01T21:00:00Z,Buy,36.59,29.22,6,-44.22,1.0291321656051,-70.74,265.02,82.68,0,"	905,920" 
2008-11-03T21:00:00Z,"LZB",2008-12-01T21:00:00Z,Buy,5.3,2.53,73,-202.21,7.5059959501303,-202.21,13.87,216.08,0,"	910,922" 
2008-11-03T21:00:00Z,"SRI",2008-12-01T21:00:00Z,Buy,5.67,3.44,80,-178.4,2.6970251716247,-260,0,260,0,"	912,924" 
2008-11-03T21:00:00Z,"SYKE",2008-12-01T21:00:00Z,Buy,16.49,16.47,14,-0.28,3.1700006752786,-22.4,37.38,59.78,0,"	913,925" 
2008-11-03T21:00:00Z,"HOFT",2009-02-02T21:00:00Z,Buy,9.8,8.09,26,-44.46,2.8191950672522,-98.28,362.96,98.28,0,"	907,940" 
2008-11-03T21:00:00Z,"TTMI",2009-02-02T21:00:00Z,Buy,6.97,5.69,39,-49.92,3.6573185655702,-119.73,329.55,119.73,0,"	914,946" 
2008-11-03T21:00:00Z,"LRW",2009-04-01T20:00:00Z,Buy,8.18,8.37,83,15.77,13.979569506496,-179.28,167.66,346.94,1,"	909,965" 
2008-11-03T21:00:00Z,"PCTI",2009-04-01T20:00:00Z,Buy,5.79,4.47,40,-52.8,3.2320560029647,-82.4,145.2,122,0,"	911,967" 
2008-11-03T21:00:00Z,"HAS",2009-05-01T20:00:00Z,Buy,27.13,26.89,30,-7.2,2.2911222002479,-174.3,73.5,247.8,0,"	906,993" 
2008-11-03T21:00:00Z,"USPH",2009-05-01T20:00:00Z,Buy,13.58,11.16,21,-50.82,4.1443049212251,-132.93,6.72,139.65,0,"	915,997" 
2008-11-03T21:00:00Z,"HWCC",2009-06-01T20:00:00Z,Buy,11.81,13.16,45,60.75,13.054335070176,-315.9,60.75,360.45,1,"	908,1009" 
2008-11-03T21:00:00Z,"CALM",2009-11-02T21:00:00Z,Buy,29.09,27.93,16,-18.56,9.7796251387738,-189.44,21.44,208.48,0,"	903,1059" 
2008-11-03T21:00:00Z,"USPH",2010-01-04T21:00:00Z,Buy,13.58,17.05,13,45.11,3.562412402755,-82.29,47.97,86.45,1,"	915,1104" 
2008-11-03T21:00:00Z,"WSO",2010-03-01T21:00:00Z,Buy,40.06,59.16,15,286.5,2.1704485375974,-139.65,286.5,141.6,1,"	916,1134" 
2008-11-03T21:00:00Z,"SYKE",2010-05-03T20:00:00Z,Buy,16.49,22.51,33,198.66,2.9839638161164,-90.75,334.29,196.35,1,"	913,1182" 
2008-11-03T21:00:00Z,"USPH",2011-05-02T20:00:00Z,Buy,13.58,24.07,10,104.9,2.2786689151754,-63.3,113.3,66.5,1,"	915,1362" 
2008-11-03T21:00:00Z,"USPH",2012-06-01T20:00:00Z,Buy,13.58,23.98,9,93.6,1.8563553327527,-56.97,113.31,83.79,1,"	915,1560" 
2008-11-03T21:00:00Z,"USPH",2013-06-03T20:00:00Z,Buy,13.58,28.9,12,183.84,1.2468327402135,-75.96,183.84,111.72,1,"	915,1761" 
2008-12-01T21:00:00Z,"MOV",2009-02-02T21:00:00Z,Buy,11.75,7.66,16,-65.44,3.3882935664686,-81.92,367.68,110.88,0,"	930,943" 
2008-12-01T21:00:00Z,"CTR",2009-04-01T20:00:00Z,Buy,12.13,18.2,10.000016499992,60.7,13.639936910117,0,140.7,20.3,1,"	926,961" 
2008-12-01T21:00:00Z,"CTRN",2009-04-01T20:00:00Z,Buy,11.88,22.96,15,166.2,8.3688602091192,-35.55,166.2,78.15,1,"	927,962" 
2008-12-01T21:00:00Z,"SKX",2009-04-01T20:00:00Z,Buy,11.31,6.91,20,-88,1.0939368770764,-120.4,191,151.6,0,"	932,968" 
2008-12-01T21:00:00Z,"FL",2009-04-01T20:00:00Z,Buy,6.06,10.67,26,119.86,7.486287330842,0,120.64,31.72,1,"	934,972" 
2008-12-01T21:00:00Z,"GCO",2009-05-01T20:00:00Z,Buy,11.47,22.1,9,95.67,2.1791193360925,0,102.15,53.28,1,"	928,990" 
2008-12-01T21:00:00Z,"SCVL",2009-05-01T20:00:00Z,Buy,8.35,11.31,19,56.24,2.3325001828642,-38.38,65.74,103.55,1,"	931,995" 
2008-12-01T21:00:00Z,"GCO",2009-08-03T20:00:00Z,Buy,11.47,22.07,23,243.8,2.8830033926025,0,330.05,189.75,1,"	928,1037" 
2008-12-01T21:00:00Z,"WDC",2009-09-01T20:00:00Z,Buy,10.8,33.21,2,44.82,1.0883074407195,-1.74,58.34,10.36,1,"	933,1043" 
2008-12-01T21:00:00Z,"FL",2009-10-01T20:00:00Z,Buy,6.06,11.53,49,268.03,1.2363891213389,0,319.97,142.59,1,"	934,1052" 
2008-12-01T21:00:00Z,"HVT",2010-03-01T21:00:00Z,Buy,8.03,13.49,26,141.96,3.929035785366,-7.02,153.66,60.06,1,"	929,1131" 
2008-12-01T21:00:00Z,"CTRN",2010-04-01T20:00:00Z,Buy,11.88,33.1,14,297.08,3.250132277695,-33.18,319.76,132.02,1,"	927,1156" 
2008-12-01T21:00:00Z,"WDC",2010-11-01T20:00:00Z,Buy,10.8,32.62,18,392.76,6.3973236763007,-15.66,642.06,411.3,1,"	933,1265" 
2008-12-01T21:00:00Z,"CTR",2011-07-01T20:00:00Z,Buy,12.13,29.34,11,189.31,2.3213726769829,0,192.17,72.27,1,"	926,1397" 
2008-12-01T21:00:00Z,"SCVL",2012-04-02T20:00:00Z,Buy,8.35,32.56,19,459.99,2.6373060943693,-38.38,483.55,248.33,1,"	931,1527" 
2008-12-01T21:00:00Z,"CTR",2012-06-01T20:00:00Z,Buy,12.13,27.6,9,139.23,2.6902749210675,0,167.49,78.84,1,"	926,1548" 
2008-12-01T21:00:00Z,"SCVL",2013-06-03T20:00:00Z,Buy,5.56666945,24.64,23.999988000006,457.76,1.3095222405272,-32.32,457.76,209.12,1,"	931,1759" 
2008-12-01T21:00:00Z,"CTR",2013-07-01T20:00:00Z,Buy,12.13,25.32,11.999983500008,158.28,1.3144711538462,0,235.44,111.84,1,"	926,1779" 
2009-01-02T21:00:00Z,"TTWO",2009-04-01T20:00:00Z,Buy,7.95,8.47,38,19.76,3.3351828709394,-88.54,303.24,95.76,1,"	938,969" 
2009-01-02T21:00:00Z,"TSCO",2010-05-03T20:00:00Z,Buy,36.73,67.93,4,124.8,2.1218588316209,-30,133.88,36.04,1,"	937,1183" 
2009-01-02T21:00:00Z,"TSCO",2011-01-03T21:00:00Z,Buy,18.365,49.2,5,154.18,1.0253660548567,-18.75,154.18,23.08,1,"	937,1298" 
2009-01-02T21:00:00Z,"TSCO",2011-02-01T21:00:00Z,Buy,18.365,51.68,7,233.2,3.3349380607517,-26.25,242.52,32.3,1,"	937,1312" 
2009-01-02T21:00:00Z,"TSCO",2011-10-03T20:00:00Z,Buy,18.365,60.23,4,167.46,1.0192581934452,-15,215.58,75.28,1,"	937,1451" 
2009-01-02T21:00:00Z,"TSCO",2012-05-01T20:00:00Z,Buy,18.365,98.38,4,320.06,2.6295514578441,-15,325.18,75.28,1,"	937,1537" 
2009-01-02T21:00:00Z,"TSCO",2012-08-01T20:00:00Z,Buy,18.365,88.1,4,278.94,3.1530006065879,-15,325.62,87.16,1,"	937,1583" 
2009-01-02T21:00:00Z,"TSCO",2013-02-01T21:00:00Z,Buy,18.365,103.96,2,171.19,1.0100279733771,-7.5,171.19,43.58,1,"	937,1677" 
2009-01-02T21:00:00Z,"TSCO",2013-05-01T20:00:00Z,Buy,18.365,105.33,6,521.79,1.0589698609686,-22.5,562.11,130.74,1,"	937,1732" 
2009-02-02T21:00:00Z,"CPSI",2009-05-01T20:00:00Z,Buy,26.07,35.39,6,55.92,10.040383659907,-11.76,61.98,21.9,1,"	948,987" 
2009-02-02T21:00:00Z,"KFRC",2009-05-01T20:00:00Z,Buy,6.32,10.63,81,349.11,10.711362653851,-63.99,380.7,195.21,1,"	953,994" 
2009-02-02T21:00:00Z,"CRK",2009-06-01T20:00:00Z,Buy,38.42,40.83,9,21.69,5.4442221523357,-102.51,42.3,124.83,1,"	949,1007" 
2009-02-02T21:00:00Z,"HWKN",2009-06-01T20:00:00Z,Buy,14.83,21,17,104.89,12.447831897205,-37.06,113.05,59.84,1,"	950,1010" 
2009-02-02T21:00:00Z,"ASTE",2009-10-01T20:00:00Z,Buy,24.69,24.28,19,-7.79,6.5534918279998,-85.69,163.4,182.97,0,"	947,1047" 
2009-02-02T21:00:00Z,"LHCG",2009-12-01T21:00:00Z,Buy,27.2,31.9,20,94,4.8027891263596,-204,99,264.4,1,"	951,1082" 
2009-02-02T21:00:00Z,"CPSI",2010-03-01T21:00:00Z,Buy,26.07,36.15,20,201.6,1.1005843071786,-39.2,469.6,272.2,1,"	948,1128" 
2009-02-02T21:00:00Z,"HWKN",2010-05-03T20:00:00Z,Buy,14.83,27.56,9,114.57,1.0462416107383,-19.62,125.73,54.72,1,"	950,1174" 
2009-02-02T21:00:00Z,"HWKN",2010-08-02T20:00:00Z,Buy,14.83,32.17,16,277.44,6.2704593596573,-34.88,282.08,97.28,1,"	950,1228" 
2009-02-02T21:00:00Z,"RBIN",2010-09-01T20:00:00Z,Buy,10.79,24.26,11,148.17,6.7007639907839,-44.44,162.69,82.94,1,"	952,1244" 
2009-02-02T21:00:00Z,"RBIN",2010-11-01T20:00:00Z,Buy,10.79,37.21,7,184.94,1.0356906001644,-28.28,184.94,52.78,1,"	952,1263" 
2009-02-02T21:00:00Z,"HWKN",2010-12-01T21:00:00Z,Buy,14.83,43.45,6,171.72,1.7875833208825,-13.08,172.2,36.48,1,"	950,1279" 
2009-02-02T21:00:00Z,"HWKN",2011-08-01T20:00:00Z,Buy,14.83,34.73,8,159.2,1.1261257989541,-17.44,275.04,124.48,1,"	950,1414" 
2009-02-02T21:00:00Z,"RBIN",2012-05-01T20:00:00Z,Buy,10.79,48.6,5,189.05,4.6660952663177,-20.2,201.85,96.15,1,"	952,1536" 
2009-03-02T21:00:00Z,"CRY",2009-05-01T20:00:00Z,Buy,4.52,5.48,72,69.12,4.0641478340317,-37.44,88.56,83.52,1,"	957,988" 
2009-03-02T21:00:00Z,"FSYS",2009-06-01T20:00:00Z,Buy,19.25,22.74,15,52.35,4.5389011181719,-132,53.55,135.6,1,"	958,1012" 
2009-03-02T21:00:00Z,"MTSC",2009-10-01T20:00:00Z,Buy,21.55,28.4,7,47.95,5.9578055093155,-11.9,60.97,19.25,1,"	959,1050" 
2009-03-02T21:00:00Z,"MTSC",2010-03-01T21:00:00Z,Buy,21.55,27.92,20,127.4,6.3939100308536,-34,174.2,107.8,1,"	959,1133" 
2009-04-01T20:00:00Z,"GHM",2009-05-01T20:00:00Z,Buy,8.82,12.63,24,91.44,1.1179933110368,-34.08,376.92,35.76,1,"	980,991" 
2009-04-01T20:00:00Z,"PTEN",2009-06-01T20:00:00Z,Buy,9.19,15.23,24,144.96,3.9954198456412,-36.72,648.24,70.08,1,"	984,1016" 
2009-04-01T20:00:00Z,"CMTL",2009-07-01T20:00:00Z,Buy,25.14,32.55,21,155.61,5.2441826778635,0,193.62,161.91,1,"	976,1028" 
2009-04-01T20:00:00Z,"LG",2009-07-01T20:00:00Z,Buy,39.12,33.74,8,-43.04,3.2612970838788,-76.72,123.68,76.72,0,"	982,1031" 
2009-04-01T20:00:00Z,"AMED",2009-08-03T20:00:00Z,Buy,27.4,44.8,19,330.6,7.4354685458712,0,330.6,169.48,1,"	973,1036" 
2009-04-01T20:00:00Z,"CODI",2009-10-01T20:00:00Z,Buy,9.21,10.3,47,51.23,18.118133139461,-68.62,83.19,113.27,1,"	978,1048" 
2009-04-01T20:00:00Z,"CALM",2009-11-02T21:00:00Z,Buy,22.08,27.93,10,58.5,1.6715045099498,-48.3,83.5,71.9,1,"	974,1059" 
2009-04-01T20:00:00Z,"CVX",2009-11-02T21:00:00Z,Buy,68.19,76.64,3,25.35,2.6194887352281,-53.22,104.64,33.81,1,"	975,1061" 
2009-04-01T20:00:00Z,"CNC",2009-12-01T21:00:00Z,Buy,17.65,19.27,36,58.32,8.9958555249989,-22.68,102.6,125.28,1,"	977,1081" 
2009-04-01T20:00:00Z,"FIZ",2010-01-04T21:00:00Z,Buy,9.25,12.71,13.800181439914,47.75,7.1363317314719,-48.3,76.82,25.53,1,"	979,1101" 
2009-04-01T20:00:00Z,"WIRE",2010-01-04T21:00:00Z,Buy,21.98,21.26,28,-20.16,9.7897167673487,-70.28,64.4,123.2,0,"	985,1105" 
2009-04-01T20:00:00Z,"MLAB",2010-02-01T21:00:00Z,Buy,16.6,27.2,41,434.6,15.310839553417,0,508.4,93.07,1,"	983,1115" 
2009-04-01T20:00:00Z,"FIZ",2010-07-01T20:00:00Z,Buy,9.25,12.28,21,63.63,3.0735028936472,-73.5,116.9,73.08,1,"	979,1218" 
2009-04-01T20:00:00Z,"FIZ",2010-09-01T20:00:00Z,Buy,9.25,14.98,18.199818560086,104.28,1.1305788005579,-63.7,104.28,63.34,1,"	979,1238" 
2009-04-01T20:00:00Z,"K",2012-10-01T20:00:00Z,Buy,37.53,51.93,6,86.4,2.2031083749551,-9.9,120.18,66.3,1,"	981,1609" 
2009-05-01T20:00:00Z,"LINC",2009-06-01T20:00:00Z,Buy,15.74,18.84,11,34.1,2.2506897433182,-13.75,46.97,17.27,1,"	1003,1013" 
2009-05-01T20:00:00Z,"ULBI",2009-06-01T20:00:00Z,Buy,7.39,7.03,60,-21.6,18.464629744351,-32.4,30.6,63,0,"	1005,1017" 
2009-05-01T20:00:00Z,"KIRK",2009-07-01T20:00:00Z,Buy,6.71,11.21,39,175.5,15.938214136812,-37.83,206.7,46.41,1,"	1001,1030" 
2009-05-01T20:00:00Z,"LG",2009-07-01T20:00:00Z,Buy,35.59,33.74,7,-12.95,1.035887352348,-42.42,132.93,42.42,0,"	1002,1031" 
2009-05-01T20:00:00Z,"PLCE",2009-11-02T21:00:00Z,Buy,28.9,32.53,19,68.97,6.5160866981792,-76.76,149.91,226.67,1,"	1004,1064" 
2009-05-01T20:00:00Z,"XOM",2009-11-02T21:00:00Z,Buy,67.93,72.15,4,16.88,1.020307922272,-25.04,108.48,35.72,1,"	1006,1065" 
2009-05-01T20:00:00Z,"KIRK",2010-01-04T21:00:00Z,Buy,6.71,18,12,135.48,2.0536521242486,-11.64,146.88,50.64,1,"	1001,1102" 
2009-05-01T20:00:00Z,"JCOM",2010-02-01T21:00:00Z,Buy,23.72,20.87,27,-76.95,4.1109064906871,-128.52,21.87,150.39,0,"	1000,1113" 
2009-05-01T20:00:00Z,"DGIT",2010-03-01T21:00:00Z,Buy,21.99,32.75,10,107.6,2.1872273944573,-52.9,124.5,67.1,1,"	999,1129" 
2009-05-01T20:00:00Z,"CASY",2010-05-03T20:00:00Z,Buy,26.02,38.42,20,248,4.4326428361515,-34.2,269.6,75.8,1,"	998,1171" 
2009-05-01T20:00:00Z,"DGIT",2011-01-03T21:00:00Z,Buy,21.99,29.59,19,144.4,2.7141284874441,-130.72,414.39,545.11,1,"	999,1294" 
2009-05-01T20:00:00Z,"KIRK",2011-01-03T21:00:00Z,Buy,6.71,14.06,27,198.45,1.2004276550249,-26.19,481.14,370.98,1,"	1001,1296" 
2009-05-01T20:00:00Z,"CASY",2011-05-02T20:00:00Z,Buy,26.02,38.45,5,62.15,7.2548262102726,-8.55,91.1,42.05,1,"	998,1351" 
2009-05-01T20:00:00Z,"LINC",2011-08-01T20:00:00Z,Buy,15.74,17.53,14,25.06,3.1794912973624,-76.02,173.04,249.06,1,"	1003,1415" 
2009-05-01T20:00:00Z,"LINC",2012-04-02T20:00:00Z,Buy,15.74,7.91,16,-125.28,4.328417516501,-141.6,197.76,339.36,0,"	1003,1525" 
2009-06-01T20:00:00Z,"CHE",2009-11-02T21:00:00Z,Buy,39.4,44.44,23,115.92,4.9192948687355,-60.72,194.81,110.4,1,"	1021,1060" 
2009-06-01T20:00:00Z,"NATH",2009-11-02T21:00:00Z,Buy,12.75,14.62,70,130.9,16.752665972595,-49,144.9,136.5,1,"	1024,1063" 
2009-06-01T20:00:00Z,"AIT",2009-12-01T21:00:00Z,Buy,22.14,20.88,32,-40.32,1.1705536831969,-213.76,421.44,142.72,0,"	1020,1080" 
2009-06-01T20:00:00Z,"RHI",2009-12-01T21:00:00Z,Buy,22.61,22.75,29,4.06,4.0380381845903,-60.03,149.64,161.82,1,"	1025,1084" 
2009-06-01T20:00:00Z,"SNS",2010-01-04T21:00:00Z,Buy,182.8,314.25,1,131.45,5.9246696136819,-29.2,146.99,29.2,1,"	1022,1100" 
2009-06-01T20:00:00Z,"JJSF",2010-02-01T21:00:00Z,Buy,38.28,41.46,25,79.5,5.9344864277636,-73.75,148.5,203,1,"	1023,1114" 
2009-06-01T20:00:00Z,"USMO",2010-05-03T20:00:00Z,Buy,11.34,14.23,58,167.62,12.692029057031,-78.88,174,222.72,1,"	1026,1186" 
2009-06-01T20:00:00Z,"APU",2010-06-01T20:00:00Z,Buy,32.31,38.96,9,59.85,5.1332195665444,-1.71,95.22,50.22,1,"	1019,1207" 
2009-06-01T20:00:00Z,"SNS",2011-04-01T20:00:00Z,Buy,182.8,408.81,1.55,350.32,1.0096519891394,-45.26,429.3,232.38,1,"	1022,1340" 
2009-06-01T20:00:00Z,"APU",2011-07-01T20:00:00Z,Buy,32.31,45.73,18,241.56,1.269119475905,-3.42,343.8,155.88,1,"	1019,1396" 
2009-07-01T20:00:00Z,"SIF",2009-09-01T20:00:00Z,Buy,10.57,13.8,14,45.22,7.0740345312585,-17.22,58.1,17.22,1,"	1035,1042" 
2009-07-01T20:00:00Z,"EXPO",2009-10-01T20:00:00Z,Buy,25.23,27.54,10,23.1,1.7824501734165,-187.8,117.9,35.9,1,"	1033,1049" 
2009-07-01T20:00:00Z,"MTSC",2010-03-01T21:00:00Z,Buy,21.29,27.92,12,79.56,2.1161910974871,-17.28,107.64,64.68,1,"	1034,1133" 
2009-07-01T20:00:00Z,"SIF",2010-05-03T20:00:00Z,Buy,10.57,13.95,35,118.3,1.1760093727469,-43.05,232.05,138.25,1,"	1035,1181" 
2009-07-01T20:00:00Z,"CORE",2011-06-01T20:00:00Z,Buy,26.88,34.83,25,198.75,7.3252524613739,-33.25,252.5,217.5,1,"	1032,1381" 
2009-08-03T20:00:00Z,"ALGN",2009-09-01T20:00:00Z,Buy,11.19,12.91,16,27.52,5.4661861303702,-21.76,41.44,21.76,1,"	1038,1041" 
2009-08-03T20:00:00Z,"CVX",2009-11-02T21:00:00Z,Buy,70.4,76.64,3,18.72,1.0152008061034,-59.85,98.01,13.5,1,"	1039,1061" 
2009-08-03T20:00:00Z,"ALGN",2010-05-03T20:00:00Z,Buy,11.19,17.4,31,192.51,7.2939583240081,-42.16,286.75,120.28,1,"	1038,1170" 
2009-08-03T20:00:00Z,"RGR",2010-05-03T20:00:00Z,Buy,11.87,17.23,45,241.2,2.5493167751036,-97.65,255.6,184.95,1,"	1040,1178" 
2009-09-01T20:00:00Z,"DMLP",2009-11-02T21:00:00Z,Buy,22.48,22.15,10,-3.3,1.0529688972667,-79.5,126.1,41.6,0,"	1044,1062" 
2009-09-01T20:00:00Z,"VLGEA",2010-02-01T21:00:00Z,Buy,29.09,26.13,7,-20.72,1.150354500698,-72.06,24.64,35.7,0,"	1045,1117" 
2009-09-01T20:00:00Z,"WMK",2013-03-01T21:00:00Z,Buy,31.72,40.96,7,64.68,1.5384284324297,-59.01,101.08,54.88,1,"	1046,1692" 
2009-10-01T20:00:00Z,"XOM",2009-11-02T21:00:00Z,Buy,67.27,72.15,4,19.52,1.0196093863868,-22.4,111.12,12.96,1,"	1058,1065" 
2009-10-01T20:00:00Z,"SCHN",2010-01-04T21:00:00Z,Buy,51.67,50,7.4999783699877,-12.52,1.0388131455399,-321.55,471.97,103.57,0,"	1055,1103" 
2009-10-01T20:00:00Z,"PLUS",2010-03-01T21:00:00Z,Buy,15.36,16.5,61,69.54,11.156787554914,-20.74,84.18,73.2,1,"	1054,1132" 
2009-10-01T20:00:00Z,"TTEC",2010-05-03T20:00:00Z,Buy,16.46,16.87,36,14.76,4.4966071950212,-9.72,156.24,153,1,"	1057,1184" 
2009-10-01T20:00:00Z,"DISCA",2010-07-01T20:00:00Z,Buy,28.91,36.09,7,50.26,2.2935454104052,-11.41,74.34,34.3,1,"	1053,1217" 
2009-10-01T20:00:00Z,"TESS",2011-02-01T21:00:00Z,Buy,11.27333897,12.44,43.999947619976,51.33,6.6113648887782,-229.68,423.87,385.73,1,"	1056,1311" 
2009-10-01T20:00:00Z,"DISCA",2011-05-02T20:00:00Z,Buy,28.91,44.65,20,314.8,1.1614098508812,-32.6,321.2,128.2,1,"	1053,1353" 
2009-11-02T21:00:00Z,"AAON",2009-12-01T21:00:00Z,Buy,18.66,19.03,14,5.18,2.6364550453423,-80.36,59.64,22.12,1,"	1066,1079" 
2009-11-02T21:00:00Z,"AIT",2009-12-01T21:00:00Z,Buy,20.31,20.88,9.2499683162252,5.27,1.0552174987642,-44.86,138.75,11.56,1,"	1069,1080" 
2009-11-02T21:00:00Z,"WIRE",2010-01-04T21:00:00Z,Buy,20.88,21.26,12,4.56,1.0603759036145,-16.92,40.8,14.64,1,"	1078,1105" 
2009-11-02T21:00:00Z,"JCOM",2010-02-01T21:00:00Z,Buy,20.2,20.87,12,8.04,1.5957628986481,-14.88,51.96,37.68,1,"	1072,1113" 
2009-11-02T21:00:00Z,"ARKR",2010-04-01T20:00:00Z,Buy,12.8,13.35,45,24.75,12.26829650296,-4.5,107.1,93.6,1,"	1070,1154" 
2009-11-02T21:00:00Z,"AN",2010-04-01T20:00:00Z,Buy,17.56,18.16,36,21.6,2.4495136336571,-4.32,112.68,111.6,1,"	1076,1159" 
2009-11-02T21:00:00Z,"CVI",2010-05-03T20:00:00Z,Buy,10.34,8.47,39,-72.93,2.5358507772508,-147.81,19.11,166.92,0,"	1071,1172" 
2009-11-02T21:00:00Z,"LXU",2010-05-03T20:00:00Z,Buy,12.34,18.65,48,302.88,7.1227180017743,-73.44,302.88,131.04,1,"	1073,1175" 
2009-11-02T21:00:00Z,"APOG",2010-08-02T20:00:00Z,Buy,12.9,11.12,44,-78.32,11.30519607046,-100.76,169.84,270.6,0,"	1067,1226" 
2009-11-02T21:00:00Z,"RS",2010-10-01T20:00:00Z,Buy,36.42,42.19,14,80.78,4.6867711801106,-14.98,259.56,274.54,1,"	1077,1251" 
2009-11-02T21:00:00Z,"POWL",2010-12-01T21:00:00Z,Buy,36.05,36.17,17,2.04,6.7507829098815,-161.67,17.85,179.52,1,"	1075,1284" 
2009-11-02T21:00:00Z,"NPK",2011-03-01T21:00:00Z,Buy,85.71,125.75,3,120.12,1.8946215002076,-114.15,152.16,116.76,1,"	1074,1324" 
2009-11-02T21:00:00Z,"APU",2011-07-01T20:00:00Z,Buy,37.04,45.73,6,52.14,1.6799399798774,-29.52,86.22,51.96,1,"	1068,1396" 
2009-11-02T21:00:00Z,"AIT",2011-11-01T20:00:00Z,Buy,20.31,32.9,1.7500316837748,22.03,2.9832832897761,-8.49,28.21,19.34,1,"	1069,1458" 
2009-12-01T21:00:00Z,"CENT",2010-01-04T21:00:00Z,Buy,9.15,10.65,65,97.5,2.664507684558,0,130,32.5,1,"	1086,1099" 
2009-12-01T21:00:00Z,"DPZ",2010-02-01T21:00:00Z,Buy,7.75,11.36,23,83.03,2.9432502969497,-4.14,84.41,9.66,1,"	1087,1112" 
2009-12-01T21:00:00Z,"JJSF",2010-02-01T21:00:00Z,Buy,36.91,41.46,6,27.3,1.2307119476387,-9.48,43.86,20.22,1,"	1093,1114" 
2009-12-01T21:00:00Z,"VLGEA",2010-02-01T21:00:00Z,Buy,30.85,26.13,8,-37.76,1.9556669667604,-96.44,14.08,38.8,0,"	1097,1117" 
2009-12-01T21:00:00Z,"EGN",2010-03-01T21:00:00Z,Buy,44.15,46.68,20,50.6,4.552818069688,-41.4,100.2,141.6,1,"	1088,1130" 
2009-12-01T21:00:00Z,"WSO",2010-03-01T21:00:00Z,Buy,50.79,59.16,4,33.48,1.7069757105181,-80.16,33.48,15.32,1,"	1098,1134" 
2009-12-01T21:00:00Z,"DPZ",2010-05-03T20:00:00Z,Buy,7.75,16.06,60,498.6,1.9058226262274,-10.8,504.6,50.4,1,"	1087,1173" 
2009-12-01T21:00:00Z,"OTL",2010-05-03T20:00:00Z,Buy,9.38,13.92,45,204.3,8.6377224076581,-31.05,234.45,147.6,1,"	1095,1177" 
2009-12-01T21:00:00Z,"USMO",2010-05-03T20:00:00Z,Buy,10.34,14.23,27,105.03,1.139869739479,-9.72,108,25.11,1,"	1096,1186" 
2009-12-01T21:00:00Z,"GTLS",2010-06-01T20:00:00Z,Buy,16.91,16.96,27,1.35,8.9586159188382,-33.48,250.02,248.67,1,"	1090,1208" 
2009-12-01T21:00:00Z,"FIZ",2010-09-01T20:00:00Z,Buy,10.89,14.98,6.8001814399136,27.81,3.1304903980687,-34.95,27.81,23.66,1,"	1089,1238" 
2009-12-01T21:00:00Z,"HHS",2010-09-01T20:00:00Z,Buy,9.82,10.42,61,36.6,5.4006874404416,0,338.55,335.5,1,"	1091,1241" 
2009-12-01T21:00:00Z,"JBSS",2010-11-01T20:00:00Z,Buy,16.32,12.96,37,-124.32,5.4741969656282,-150.59,41.44,192.03,0,"	1092,1261" 
2009-12-01T21:00:00Z,"FIZ",2011-07-01T20:00:00Z,Buy,10.89,14.63,12.199818560086,45.63,6.3761369362112,-62.71,52.58,42.46,1,"	1089,1398" 
2009-12-01T21:00:00Z,"K",2012-10-01T20:00:00Z,Buy,52.97,51.93,4,-4.16,1.0201483453785,-68.36,18.36,44.2,0,"	1094,1609" 
2010-01-04T21:00:00Z,"MFRI",2010-04-01T20:00:00Z,Buy,6.77,6.68,92,-8.28,7.1560687630138,-56.12,42.32,98.44,0,"	1109,1157" 
2010-01-04T21:00:00Z,"CVI",2010-05-03T20:00:00Z,Buy,7.43,8.47,30,31.2,1.1624635568513,-26.4,102,45.6,1,"	1108,1172" 
2010-01-04T21:00:00Z,"TSRA",2010-06-01T20:00:00Z,Buy,23.81,16.87,24,-166.56,7.5551505416577,-168.72,6,174.72,0,"	1110,1209" 
2010-01-04T21:00:00Z,"CASY",2011-05-02T20:00:00Z,Buy,31.79,38.45,7,46.62,1.8245377418215,-52.36,87.15,58.87,1,"	1106,1351" 
2010-01-04T21:00:00Z,"CLW",2011-06-01T20:00:00Z,Buy,54.32,67.69,7,93.59,9.26318014754,-70.63,212.45,118.86,1,"	1107,1380" 
2010-02-01T21:00:00Z,"PLUS",2010-03-01T21:00:00Z,Buy,15.92,16.5,14,8.12,1.6490286854456,-12.6,11.48,9.38,1,"	1124,1132" 
2010-02-01T21:00:00Z,"MED",2010-05-03T20:00:00Z,Buy,17.97,32.8,7,103.81,2.1546856330014,-8.19,103.81,23.31,1,"	1123,1176" 
2010-02-01T21:00:00Z,"IPG",2010-08-02T20:00:00Z,Buy,6.6,9.2,23,59.8,4.431124508021,-5.75,75.21,67.62,1,"	1122,1229" 
2010-02-01T21:00:00Z,"FOSL",2010-09-01T20:00:00Z,Buy,33.04,48.8,9.0000104999947,141.84,1.1264931087289,-199.02,141.84,80.64,1,"	1120,1240" 
2010-02-01T21:00:00Z,"MTRX",2010-10-01T20:00:00Z,Buy,10.52,8.7,66,-120.12,11.477270913602,-136.62,122.76,259.38,0,"	1125,1249" 
2010-02-01T21:00:00Z,"GPS",2010-12-01T21:00:00Z,Buy,19.17,21.56,13,31.07,2.2849955678811,-125.58,91.52,121.55,1,"	1121,1278" 
2010-02-01T21:00:00Z,"MED",2010-12-01T21:00:00Z,Buy,17.97,25.46,15,112.35,2.7941276398603,-17.55,282.15,202.95,1,"	1123,1282" 
2010-02-01T21:00:00Z,"PLCE",2010-12-01T21:00:00Z,Buy,32.82,51.97,4,76.6,2.123230664103,0,94.92,52.28,1,"	1126,1283" 
2010-02-01T21:00:00Z,"POWL",2010-12-01T21:00:00Z,Buy,30.16,36.17,8,48.08,1.9356083225709,-28.96,55.52,73.6,1,"	1127,1284" 
2010-02-01T21:00:00Z,"FOSL",2011-03-01T21:00:00Z,Buy,33.04,75.11,3,126.21,1.5471191164915,-66.34,151.41,26.88,1,"	1120,1323" 
2010-02-01T21:00:00Z,"DISCA",2011-05-02T20:00:00Z,Buy,29.79,44.65,7,104.02,1.2882799486572,-17.57,106.26,44.87,1,"	1119,1353" 
2010-02-01T21:00:00Z,"CORE",2011-06-01T20:00:00Z,Buy,30.23,34.83,7,32.2,1.5774905045785,-32.76,47.25,60.9,1,"	1118,1381" 
2010-02-01T21:00:00Z,"FOSL",2011-06-01T20:00:00Z,Buy,33.04,102.07,3,207.09,1.8646774657521,-66.34,221.4,26.88,1,"	1120,1384" 
2010-02-01T21:00:00Z,"FOSL",2011-09-01T20:00:00Z,Buy,33.04,95.49,3,187.35,1.0148261049581,-66.34,303.75,184.08,1,"	1120,1426" 
2010-02-01T21:00:00Z,"IPG",2011-09-01T20:00:00Z,Buy,6.6,8.21,77,123.97,7.964562324452,-19.25,508.97,440.44,1,"	1122,1427" 
2010-02-01T21:00:00Z,"PLCE",2011-10-03T20:00:00Z,Buy,32.82,45.8,16,207.68,1.1082742316785,0,379.68,309.28,1,"	1126,1450" 
2010-02-01T21:00:00Z,"FOSL",2012-03-01T21:00:00Z,Buy,33.04,126.29,3,279.75,3.8662138420882,-66.34,303.75,184.08,1,"	1120,1512" 
2010-02-01T21:00:00Z,"FOSL",2012-07-02T20:00:00Z,Buy,33.04,74.88,3.9999895000052,167.36,4.1353691081922,-88.45,421.04,275.28,1,"	1120,1572" 
2010-03-01T21:00:00Z,"BKE",2010-04-01T20:00:00Z,Buy,29.59,37.16,6.999938477462,52.99,1.7196251038023,-126.86,83.84,5.74,1,"	1137,1155" 
2010-03-01T21:00:00Z,"CTRN",2010-04-01T20:00:00Z,Buy,30.22,33.1,8,23.04,1.040645595158,-165.68,36,18.24,1,"	1139,1156" 
2010-03-01T21:00:00Z,"AN",2010-04-01T20:00:00Z,Buy,18.2,18.16,17,-0.68,2.1659515765274,-12.92,42.33,27.71,0,"	1148,1159" 
2010-03-01T21:00:00Z,"RGR",2010-05-03T20:00:00Z,Buy,11.8,17.23,20,108.6,2.4974167732287,-42,115,17.8,1,"	1147,1178" 
2010-03-01T21:00:00Z,"SCL",2010-05-03T20:00:00Z,Buy,48.41,76.17,7,194.32,6.146464412273,0,216.02,24.64,1,"	1149,1179" 
2010-03-01T21:00:00Z,"SYKE",2010-05-03T20:00:00Z,Buy,24.68,22.51,11,-23.87,1.0570096598068,-120.34,21.34,28.38,0,"	1150,1182" 
2010-03-01T21:00:00Z,"UIS",2010-05-03T20:00:00Z,Buy,36.63,28.75,12,-94.56,4.3321356446443,-103.56,39.96,143.52,0,"	1152,1185" 
2010-03-01T21:00:00Z,"ANK",2010-07-01T20:00:00Z,Buy,45.37,40.16,5,-26.05,1.0258489061076,-157.1,64.25,90.3,0,"	1135,1216" 
2010-03-01T21:00:00Z,"SCL",2010-11-01T20:00:00Z,Buy,48.41,67.53,9,172.08,3.9117880745384,0,277.74,223.92,1,"	1149,1264" 
2010-03-01T21:00:00Z,"LZB",2010-12-01T21:00:00Z,Buy,13.52,7.98,29,-160.66,7.4560259842637,-204.16,47.85,252.01,0,"	1145,1281" 
2010-03-01T21:00:00Z,"GCI",2011-01-03T21:00:00Z,Buy,15.93,15.42,30,-15.3,2.4693927523965,-125.1,82.2,207.3,0,"	1142,1295" 
2010-03-01T21:00:00Z,"NEU",2011-04-01T20:00:00Z,Buy,91.02,160.06,2,138.08,2.0510011898939,-7.4,138.08,55.36,1,"	1140,1341" 
2010-03-01T21:00:00Z,"CASY",2011-05-02T20:00:00Z,Buy,30.76,38.45,8,61.52,2.0179733852435,-51.6,107.84,67.28,1,"	1138,1351" 
2010-03-01T21:00:00Z,"NEU",2011-05-02T20:00:00Z,Buy,91.02,186.58,6,573.36,1.0303678385417,-22.2,573.36,166.08,1,"	1140,1356" 
2010-03-01T21:00:00Z,"APU",2011-07-01T20:00:00Z,Buy,40.24,45.73,8,43.92,1.3497968068196,-64.96,89.36,69.28,1,"	1136,1396" 
2010-03-01T21:00:00Z,"FIZ",2011-07-01T20:00:00Z,Buy,11.55,14.63,30,92.4,2.5530713256958,-174,109.5,82.5,1,"	1141,1398" 
2010-03-01T21:00:00Z,"HWKN",2011-08-01T20:00:00Z,Buy,20.6,34.73,11,155.43,2.8174087862848,-87.45,314.71,171.16,1,"	1143,1414" 
2010-03-01T21:00:00Z,"RBIN",2012-05-01T20:00:00Z,Buy,18.32,48.6,13,393.64,1.065972299169,-150.41,426.92,249.99,1,"	1146,1536" 
2010-03-01T21:00:00Z,"K",2012-10-01T20:00:00Z,Buy,52.16,51.93,4,-0.92,1.4989803373665,-65.12,21.6,44.2,0,"	1144,1609" 
2010-03-01T21:00:00Z,"UFS",2012-10-01T20:00:00Z,Buy,56.19,77.25,9,189.54,7.0174363535127,-83.16,439.29,359.91,1,"	1151,1611" 
2010-03-01T21:00:00Z,"WMK",2013-03-01T21:00:00Z,Buy,34.79,40.96,1,6.17,1.9923523596291,-11.5,11.37,7.84,1,"	1153,1692" 
2010-03-01T21:00:00Z,"WMK",2013-07-01T20:00:00Z,Buy,34.79,45.44,9,95.85,12.817661545214,-103.5,109.17,70.56,1,"	1153,1784" 
2010-03-01T21:00:00Z,"BKE",2013-12-02T21:00:00Z,Buy,29.59,52.07,1.000061522538,22.48,5.4063664883066,-18.12,27.55,12.79,1,"	1137,1876" 
2010-04-01T20:00:00Z,"TTEC",2010-05-03T20:00:00Z,Buy,16.91,16.87,18,-0.72,1.0891042154567,-12.96,70.02,28.44,0,"	1169,1184" 
2010-04-01T20:00:00Z,"HA",2010-08-02T20:00:00Z,Buy,7.36,5.89,91,-133.77,14.114975612585,-199.29,3.64,202.93,0,"	1168,1227" 
2010-04-01T20:00:00Z,"FLXS",2010-09-01T20:00:00Z,Buy,13.31,14.15,21,17.64,5.0303139525425,-64.89,44.94,109.83,1,"	1166,1239" 
2010-04-01T20:00:00Z,"DSW",2010-12-01T21:00:00Z,Buy,25.76,39.45,6,82.14,7.1676581278128,-23.04,84.54,61.86,1,"	1165,1276" 
2010-04-01T20:00:00Z,"DDS",2011-02-01T21:00:00Z,Buy,24.1,39.96,7,111.02,5.1924553192832,-33.32,125.02,80.92,1,"	1164,1305" 
2010-04-01T20:00:00Z,"GLT",2011-02-01T21:00:00Z,Buy,14.47,12.25,54,-119.88,4.1068810361313,-234.9,54.54,289.44,0,"	1167,1306" 
2010-04-01T20:00:00Z,"AMED",2011-03-01T21:00:00Z,Buy,56.99,35.37,12,-259.44,7.22847521873,-406.44,73.44,479.88,0,"	1160,1320" 
2010-04-01T20:00:00Z,"CRMT",2011-03-01T21:00:00Z,Buy,25.03,24.26,11.500012749994,-8.86,1.062263681592,-203.9,56.35,72.8,0,"	1162,1321" 
2010-04-01T20:00:00Z,"FLXS",2011-03-01T21:00:00Z,Buy,13.31,14.82,19,28.69,3.7949998252144,-58.71,102.22,99.37,1,"	1166,1322" 
2010-04-01T20:00:00Z,"SNS",2011-04-01T20:00:00Z,Buy,382.1,408.81,0.45,12.02,1.0050108846749,-102.82,34.95,67.46,1,"	1163,1340" 
2010-04-01T20:00:00Z,"DSW",2011-06-01T20:00:00Z,Buy,25.76,48.54,5,113.9,1.9168936919342,-19.2,127.85,51.55,1,"	1165,1382" 
2010-04-01T20:00:00Z,"APU",2011-07-01T20:00:00Z,Buy,40.51,45.73,5,26.1,1.1484252575538,-41.95,54.5,43.3,1,"	1161,1396" 
2010-04-01T20:00:00Z,"DDS",2012-03-01T21:00:00Z,Buy,24.1,60.43,7,254.31,1.0345935557736,-33.32,259.28,146.65,1,"	1164,1510" 
2010-04-01T20:00:00Z,"CRMT",2012-06-01T20:00:00Z,Buy,25.03,42,0.49998725000638,8.48,3.7709226758591,-8.86,11.06,3.16,1,"	1162,1549" 
2010-04-01T20:00:00Z,"DSW",2012-06-01T20:00:00Z,Buy,25.76,57.26,14,441,1.086350536193,-53.76,500.64,245,1,"	1165,1550" 
2010-04-01T20:00:00Z,"DDS",2013-06-03T20:00:00Z,Buy,24.1,91.44,9,606.06,1.0891904194213,-42.84,626.31,188.55,1,"	1164,1754" 
2010-05-03T20:00:00Z,"ALG",2010-06-01T20:00:00Z,Buy,24.59,22.58,12,-24.12,6.8335944762972,-32.16,21.24,53.4,0,"	1188,1206" 
2010-05-03T20:00:00Z,"TSRA",2010-06-01T20:00:00Z,Buy,20.46,16.87,12,-43.08,1.0605325443787,-44.16,43.2,44.16,0,"	1202,1209" 
2010-05-03T20:00:00Z,"ATSG",2010-07-01T20:00:00Z,Buy,5.52,4.93,54,-31.86,6.0472414244048,-53.46,15.12,68.58,0,"	1187,1215" 
2010-05-03T20:00:00Z,"MVO",2010-07-01T20:00:00Z,Buy,26.44,25.47,11,-10.67,2.3063352152248,-48.29,14.3,48.29,0,"	1197,1220" 
2010-05-03T20:00:00Z,"APOG",2010-08-02T20:00:00Z,Buy,14.13,11.12,16,-48.16,1.0822707423581,-56.32,42.08,70.4,0,"	1189,1226" 
2010-05-03T20:00:00Z,"OSK",2010-10-01T20:00:00Z,Buy,39.75,28.07,19,-221.92,8.6470255973934,-281.96,0,281.96,0,"	1199,1250" 
2010-05-03T20:00:00Z,"UVV",2010-10-01T20:00:00Z,Buy,54.38,40.39,22,-307.78,7.9127446351413,-416.68,0,416.68,0,"	1204,1253" 
2010-05-03T20:00:00Z,"JBSS",2010-11-01T20:00:00Z,Buy,15.05,12.96,18,-37.62,3.3153325216282,-50.4,43.02,70.74,0,"	1194,1261" 
2010-05-03T20:00:00Z,"MSTR",2010-11-01T20:00:00Z,Buy,76.09,90.53,9,129.96,7.3068723882738,-65.34,130.86,97.11,1,"	1196,1262" 
2010-05-03T20:00:00Z,"DECK",2010-12-01T21:00:00Z,Buy,47.92995111141,79.94,5,160.05,2.0515633069815,-32,160.05,57.68,1,"	1191,1275" 
2010-05-03T20:00:00Z,"MVO",2011-01-03T21:00:00Z,Buy,26.44,39.95,7,94.57,1.0350175306787,-30.73,94.57,30.73,1,"	1197,1297" 
2010-05-03T20:00:00Z,"MVO",2011-02-01T21:00:00Z,Buy,26.44,37.98,6,69.24,1.0294799482536,-26.34,101.64,47.04,1,"	1197,1309" 
2010-05-03T20:00:00Z,"NPK",2011-03-01T21:00:00Z,Buy,114.36,125.75,2,22.78,1.0102134500313,-133.4,44.14,49.08,1,"	1198,1324" 
2010-05-03T20:00:00Z,"SKX",2011-04-01T20:00:00Z,Buy,39.71,20.22,20,-389.8,2.261053587048,-425,82.8,507.8,0,"	1200,1345" 
2010-05-03T20:00:00Z,"IPAR",2011-05-02T20:00:00Z,Buy,17.64,18.94,45,58.5,5.6776661768307,-173.7,88.2,173.7,1,"	1195,1357" 
2010-05-03T20:00:00Z,"CORE",2011-06-01T20:00:00Z,Buy,30.59,34.83,9,38.16,1.6777125650584,-45.36,57.51,45.27,1,"	1190,1381" 
2010-05-03T20:00:00Z,"FIZ",2011-07-01T20:00:00Z,Buy,11.65,14.63,24,71.52,1.9928552855748,-141.6,85.2,66,1,"	1192,1398" 
2010-05-03T20:00:00Z,"ALG",2011-08-01T20:00:00Z,Buy,24.59,24.02,28,-15.96,5.8563786905489,-152.88,127.4,221.48,0,"	1188,1410" 
2010-05-03T20:00:00Z,"SXI",2011-08-01T20:00:00Z,Buy,25.94,32.27,24,151.92,2.3008288592827,-86.88,309.6,239.52,1,"	1201,1417" 
2010-05-03T20:00:00Z,"MVO",2011-09-01T20:00:00Z,Buy,26.44,40.6,7,99.12,2.4264145904659,-30.73,136.85,79.03,1,"	1197,1430" 
2010-05-03T20:00:00Z,"GIII",2011-10-03T20:00:00Z,Buy,30.75,21.83,22,-196.24,12.963520973003,-216.92,316.36,533.28,0,"	1193,1448" 
2010-05-03T20:00:00Z,"DECK",2011-11-01T20:00:00Z,Buy,47.92995111141,111.83,3,191.7,1.0145611979167,-19.2,209.13,94.98,1,"	1191,1459" 
2010-05-03T20:00:00Z,"DECK",2012-03-01T21:00:00Z,Buy,47.92995111141,78.59,7.0000153000125,214.62,2.6586841351338,-44.8,487.97,300.65,1,"	1191,1511" 
2010-05-03T20:00:00Z,"MVO",2012-07-02T20:00:00Z,Buy,26.44,34.37,6,47.58,1.0305782918149,-26.34,117.3,86.82,1,"	1197,1573" 
2010-05-03T20:00:00Z,"MVO",2012-08-01T20:00:00Z,Buy,26.44,34.09,13,99.45,1.155396011396,-57.07,254.15,188.11,1,"	1197,1580" 
2010-05-03T20:00:00Z,"USPH",2013-06-03T20:00:00Z,Buy,17.96,28.9,15,164.1,2.4828210924137,-160.65,164.1,139.65,1,"	1203,1761" 
2010-05-03T20:00:00Z,"WMK",2013-07-01T20:00:00Z,Buy,37.93,45.44,11,82.61,1.9048343717579,-161.04,98.89,86.24,1,"	1205,1784" 
2010-06-01T20:00:00Z,"KMX",2010-09-01T20:00:00Z,Buy,21.14,20.78,42,-15.12,10.501897785868,-104.16,52.5,156.66,0,"	1213,1242" 
2010-06-01T20:00:00Z,"GCI",2011-01-03T21:00:00Z,Buy,14.54,15.42,13,11.44,1.0608172458172,-36.14,53.69,63.57,1,"	1211,1295" 
2010-06-01T20:00:00Z,"GLT",2011-02-01T21:00:00Z,Buy,10.68,12.25,18,28.26,3.2713668336388,-10.08,86.4,37.98,1,"	1212,1306" 
2010-06-01T20:00:00Z,"EBF",2011-05-02T20:00:00Z,Buy,16.13,18.5,40,94.8,7.0423979180125,-56.4,156,173.2,1,"	1210,1355" 
2010-06-01T20:00:00Z,"LINC",2012-04-02T20:00:00Z,Buy,22.79,7.91,12,-178.56,1.0573814519513,-190.8,63.72,195.6,0,"	1214,1525" 
2010-07-01T20:00:00Z,"HA",2010-08-02T20:00:00Z,Buy,5.24,5.89,50,32.5,1.2533849129594,-3.5,108,13,1,"	1223,1227" 
2010-07-01T20:00:00Z,"GCO",2010-12-01T21:00:00Z,Buy,26.36,39.88,7,94.64,2.1865773144039,-10.64,94.64,31.43,1,"	1222,1277" 
2010-07-01T20:00:00Z,"LZB",2010-12-01T21:00:00Z,Buy,7.28,7.98,31,21.7,1.1518707940781,-24.8,244.59,76.88,1,"	1224,1281" 
2010-07-01T20:00:00Z,"WSM",2011-04-01T20:00:00Z,Buy,23.92,41.04,6,102.72,5.7734270717329,-1.08,102.72,24.66,1,"	1225,1346" 
2010-07-01T20:00:00Z,"CLW",2011-06-01T20:00:00Z,Buy,53.04,67.69,4,58.6,1.0193718042367,-35.24,126.52,67.92,1,"	1221,1380" 
2010-07-01T20:00:00Z,"GCO",2011-07-01T20:00:00Z,Buy,26.36,52.83,7,185.29,3.0746951595547,-10.64,191.52,36.68,1,"	1222,1399" 
2010-07-01T20:00:00Z,"WSM",2012-05-01T20:00:00Z,Buy,23.92,38.85,22,328.46,1.1455996381494,-3.96,469.04,361.46,1,"	1225,1539" 
2010-07-01T20:00:00Z,"GCO",2013-04-01T20:00:00Z,Buy,26.36,58.07,16,507.36,3.6402903208589,-24.32,838.56,450.24,1,"	1222,1704" 
2010-08-02T20:00:00Z,"WDC",2010-11-01T20:00:00Z,Buy,27.16,32.62,12,65.52,1.0617272727273,-206.76,231.72,42.48,1,"	1237,1265" 
2010-08-02T20:00:00Z,"KIRK",2011-01-03T21:00:00Z,Buy,18.2,14.06,13,-53.82,1.7968423688369,-161.98,82.29,96.33,0,"	1235,1296" 
2010-08-02T20:00:00Z,"BWS",2011-02-01T21:00:00Z,Buy,14.65,13.29,44.999946524964,-61.2,6.332805538991,-186.75,1016.25,196.65,0,"	1232,1303" 
2010-08-02T20:00:00Z,"AMED",2011-03-01T21:00:00Z,Buy,26.75,35.37,8,68.96,2.2685571063383,-29.04,290.88,49.6,1,"	1231,1320" 
2010-08-02T20:00:00Z,"FLXS",2011-03-01T21:00:00Z,Buy,11.45,14.82,26,87.62,1.1327832292596,-31.98,188.24,105.04,1,"	1234,1322" 
2010-08-02T20:00:00Z,"SAFM",2011-03-01T21:00:00Z,Buy,45.82,41.36,25.500006749997,-113.73,1.1274139037433,-686.29,234.09,184.37,0,"	1236,1326" 
2010-08-02T20:00:00Z,"CASY",2011-05-02T20:00:00Z,Buy,38.06,38.45,7,2.73,1.3730219356417,-96.25,43.26,58.87,1,"	1233,1351" 
2010-08-02T20:00:00Z,"BWS",2013-06-03T20:00:00Z,Buy,14.65,21.48,1.0000534750358,6.83,1.3046442307692,-4.15,22.58,4.37,1,"	1232,1752" 
2010-08-02T20:00:00Z,"SAFM",2014-02-03T21:00:00Z,Buy,45.82,71.97,0.49999325000338,13.07,1.5450631106497,-13.46,15.33,3.61,1,"	1236,1946" 
2010-09-01T20:00:00Z,"OSK",2010-10-01T20:00:00Z,Buy,25.6,28.07,10,24.7,1.0513849859494,-6.9,141.5,25.7,1,"	1247,1250" 
2010-09-01T20:00:00Z,"SCL",2010-11-01T20:00:00Z,Buy,56.35,67.53,4,44.72,1.0203246167719,-31.76,91.68,12.8,1,"	1248,1264" 
2010-09-01T20:00:00Z,"AAWW",2011-03-01T21:00:00Z,Buy,45.37,67.43,14,308.84,2.1424073145162,0,376.46,155.68,1,"	1245,1319" 
2010-09-01T20:00:00Z,"NUS",2011-05-02T20:00:00Z,Buy,27.1,32.58,31,169.88,5.0672426728782,-32.55,169.88,146.63,1,"	1246,1359" 
2010-10-01T20:00:00Z,"JBSS",2010-11-01T20:00:00Z,Buy,13.51,12.96,22,-12.1,2.1077529023998,-27.72,86.46,42.68,0,"	1256,1261" 
2010-10-01T20:00:00Z,"ODC",2011-04-01T20:00:00Z,Buy,21.79,21.38,51,-20.91,5.0468710890873,-146.88,61.71,208.59,0,"	1258,1343" 
2010-10-01T20:00:00Z,"DPZ",2011-05-02T20:00:00Z,Buy,13.15,18.56,65,351.65,4.1962062659498,-3.9,364,104,1,"	1255,1354" 
2010-10-01T20:00:00Z,"MGLN",2011-05-02T20:00:00Z,Buy,47.38,51.79,27,119.07,2.299670557569,-49.14,129.87,144.99,1,"	1257,1358" 
2010-10-01T20:00:00Z,"USMO",2011-05-02T20:00:00Z,Buy,16.31,15.02,56,-72.24,14.472982866413,-193.2,157.36,350.56,0,"	1259,1361" 
2010-10-01T20:00:00Z,"USPH",2013-06-03T20:00:00Z,Buy,17.17,28.9,12,140.76,1.8202578004168,-119.04,140.76,111.72,1,"	1260,1761" 
2010-11-01T20:00:00Z,"GPS",2010-12-01T21:00:00Z,Buy,19.13,21.56,13,31.59,1.065410310363,-125.06,92.04,8.97,1,"	1270,1278" 
2010-11-01T20:00:00Z,"IDT",2010-12-01T21:00:00Z,Buy,13.74,22.2,10,84.6,2.2078256582957,0,88,17.5,1,"	1271,1280" 
2010-11-01T20:00:00Z,"MED",2010-12-01T21:00:00Z,Buy,23.38,25.46,13,27.04,1.0636390284757,-85.54,174.2,31.98,1,"	1274,1282" 
2010-11-01T20:00:00Z,"GCI",2011-01-03T21:00:00Z,Buy,11.76,15.42,18,65.88,1.0893164556962,0,124.38,14.04,1,"	1269,1295" 
2010-11-01T20:00:00Z,"CRUS",2011-02-01T21:00:00Z,Buy,12.51,21.33,16,141.12,5.4336701901822,0,141.12,25.44,1,"	1268,1304" 
2010-11-01T20:00:00Z,"KLIC",2011-02-01T21:00:00Z,Buy,6,10.29,30,128.7,5.8782587852434,-10.8,128.7,29.4,1,"	1273,1307" 
2010-11-01T20:00:00Z,"KLIC",2011-06-01T20:00:00Z,Buy,6,11.65,24,135.6,1.1150617283951,-8.64,155.28,53.76,1,"	1273,1385" 
2010-11-01T20:00:00Z,"CRUS",2011-08-01T20:00:00Z,Buy,12.51,15.22,24,65.04,1.185487483531,0,303.36,280.32,1,"	1268,1412" 
2010-11-01T20:00:00Z,"AIT",2011-11-01T20:00:00Z,Buy,29.43,32.9,6.2499683162252,21.69,4.1282961319275,-87.31,43.75,69.06,1,"	1266,1458" 
2010-11-01T20:00:00Z,"IDT",2012-01-03T21:00:00Z,Buy,13.74,9.55,23,-96.37,1.3410714285714,-112.24,365.01,477.25,0,"	1271,1488" 
2010-11-01T20:00:00Z,"AIT",2012-09-04T20:00:00Z,Buy,29.43,41.55,5,60.6,1.025534660767,-69.85,62.3,55.25,1,"	1266,1594" 
2010-11-01T20:00:00Z,"K",2012-10-01T20:00:00Z,Buy,50.75,51.93,7,8.26,1.0353412256267,-104.09,47.67,77.35,1,"	1272,1609" 
2010-11-01T20:00:00Z,"AIT",2012-11-01T20:00:00Z,Buy,29.43,40.94,22.750031683775,261.85,1.1462503079576,-317.82,332.15,251.39,1,"	1266,1628" 
2010-11-01T20:00:00Z,"KLIC",2013-02-01T21:00:00Z,Buy,6,11.65,30,169.5,2.9341189969339,-10.8,217.2,168,1,"	1273,1674" 
2010-11-01T20:00:00Z,"CTR",2013-07-01T20:00:00Z,Buy,26.33,25.32,9,-9.09,1.0447958412098,-127.8,48.78,83.88,0,"	1267,1779" 
2010-12-01T21:00:00Z,"MKSI",2011-02-01T21:00:00Z,Buy,21.48,29.51,15,120.45,7.3303416452198,-8.1,120.45,21.45,1,"	1290,1308" 
2010-12-01T21:00:00Z,"SGU",2011-02-01T21:00:00Z,Buy,5.38,5.48,256,25.6,13.978809854418,-43.52,25.6,46.08,1,"	1291,1310" 
2010-12-01T21:00:00Z,"CASY",2011-05-02T20:00:00Z,Buy,39.91,38.45,6,-8.76,1.030120754717,-93.6,25.98,45.24,0,"	1286,1351" 
2010-12-01T21:00:00Z,"DISCA",2011-05-02T20:00:00Z,Buy,41.34,44.65,5,16.55,1.0253433055419,-70.3,18.15,27.85,1,"	1287,1353" 
2010-12-01T21:00:00Z,"APU",2011-07-01T20:00:00Z,Buy,47.63,45.73,6,-11.4,1.6181318829513,-93.06,22.68,51.96,0,"	1285,1396" 
2010-12-01T21:00:00Z,"FIZ",2011-07-01T20:00:00Z,Buy,13.33,14.63,23.800181439914,30.94,1.6658509536217,-180.41,44.51,65.45,1,"	1288,1398" 
2010-12-01T21:00:00Z,"MKSI",2011-12-01T21:00:00Z,Buy,21.48,26.35,12,58.44,3.9394566666402,-15,146.52,161.52,1,"	1290,1473" 
2010-12-01T21:00:00Z,"SSP",2011-12-01T21:00:00Z,Buy,9.57,8.35,74,-90.28,16.617742926485,-230.88,65.12,296,0,"	1292,1475" 
2010-12-01T21:00:00Z,"VSH",2011-12-01T21:00:00Z,Buy,14.97,9.7,52,-274.04,2.611317394566,-357.76,212.16,569.92,0,"	1293,1478" 
2010-12-01T21:00:00Z,"K",2012-10-01T20:00:00Z,Buy,49.44,51.93,5,12.45,1.6885026790293,-67.8,40.6,55.25,1,"	1289,1609" 
2010-12-01T21:00:00Z,"MKSI",2012-12-03T21:00:00Z,Buy,21.48,24.02,16,40.64,3.2757527352037,-20,195.36,215.36,1,"	1290,1647" 
2011-01-03T21:00:00Z,"OTL",2011-03-01T21:00:00Z,Buy,20.68,25.61,14,69.02,6.0889224447634,-21.28,91.28,22.26,1,"	1299,1325" 
2011-01-03T21:00:00Z,"RGR",2011-04-01T20:00:00Z,Buy,15.09,23.09,22,176,5.2263862896687,-5.28,176,19.58,1,"	1300,1344" 
2011-01-03T21:00:00Z,"SKX",2011-04-01T20:00:00Z,Buy,20.57,20.22,12,-4.2,1.0616791604198,-25.32,279.36,59.64,0,"	1301,1345" 
2011-01-03T21:00:00Z,"OTL",2011-05-02T20:00:00Z,Buy,20.68,36.2,7,108.64,1.0336431226766,-10.64,118.86,11.34,1,"	1299,1360" 
2011-01-03T21:00:00Z,"RGR",2011-08-01T20:00:00Z,Buy,15.09,27.75,17,215.22,3.4802180121408,-4.08,217.6,85.17,1,"	1300,1416" 
2011-01-03T21:00:00Z,"RGR",2012-02-01T21:00:00Z,Buy,15.09,39.91,8,198.56,1.8232617884239,-1.92,198.56,87.04,1,"	1300,1504" 
2011-01-03T21:00:00Z,"FL",2012-03-01T21:00:00Z,Buy,19.75,29.51,7,68.32,5.8597773590369,-20.86,68.32,58.38,1,"	1302,1517" 
2011-01-03T21:00:00Z,"RGR",2012-04-02T20:00:00Z,Buy,15.09,51.1,5,180.05,2.0905673275541,-1.2,180.05,54.4,1,"	1300,1526" 
2011-01-03T21:00:00Z,"OTL",2012-05-01T20:00:00Z,Buy,20.68,29.94,22,203.72,1.1584651008932,-33.44,373.56,350.24,1,"	1299,1535" 
2011-01-03T21:00:00Z,"FL",2012-06-01T20:00:00Z,Buy,19.75,30.38,8,85.04,2.3389590460719,-23.84,104.16,66.72,1,"	1302,1561" 
2011-01-03T21:00:00Z,"RGR",2013-05-01T20:00:00Z,Buy,15.09,49.62,16,552.48,1.0775463957804,-3.84,715.36,361.76,1,"	1300,1730" 
2011-01-03T21:00:00Z,"FL",2014-04-01T20:00:00Z,Buy,19.75,47.3,12,330.6,1.0603958288998,-35.76,330.6,100.08,1,"	1302,2004" 
2011-01-03T21:00:00Z,"FL",2014-09-02T20:00:00Z,Buy,19.75,57.25,9,337.5,2.8488107845835,-26.82,337.5,75.06,1,"	1302,2122" 
2011-01-03T21:00:00Z,"FL",2014-12-01T21:00:00Z,Buy,19.75,56.35,7,256.2,3.6077978480397,-20.86,267.61,58.38,1,"	1302,2198" 
2011-01-03T21:00:00Z,"FL",2015-09-01T20:00:00Z,Buy,19.75,70.4,3,151.95,1.0149173612092,-8.94,163.11,25.02,1,"	1302,2403" 
2011-01-03T21:00:00Z,"FL",2015-11-02T21:00:00Z,Buy,19.75,68.24,2,96.98,1.1367576797962,-5.96,112.04,24.3,1,"	1302,2446" 
2011-02-01T21:00:00Z,"MED",2011-04-01T20:00:00Z,Buy,24.44,17.98,31,-200.26,12.952488346054,-242.11,91.76,333.87,0,"	1314,1342" 
2011-02-01T21:00:00Z,"JAKK",2011-10-03T20:00:00Z,Buy,17.58,17.83,58,14.5,6.5274440014464,-186.18,200.68,386.86,1,"	1313,1449" 
2011-02-01T21:00:00Z,"PLCE",2011-10-03T20:00:00Z,Buy,42.14,45.8,6,21.96,1.0301790403438,-55.92,86.46,111.18,1,"	1315,1450" 
2011-02-01T21:00:00Z,"PLPC",2012-06-01T20:00:00Z,Buy,64.38,53.05,12,-135.96,4.4659280685522,-268.68,153.24,421.92,0,"	1316,1556" 
2011-02-01T21:00:00Z,"USNA",2012-06-01T20:00:00Z,Buy,38.96,40.06,6,6.6,2.1735871871997,-92.16,16.44,99.66,1,"	1317,1559" 
2011-02-01T21:00:00Z,"USNA",2013-03-01T21:00:00Z,Buy,38.96,43.74,9,43.02,1.0444411831113,-138.24,92.61,164.97,1,"	1317,1691" 
2011-02-01T21:00:00Z,"USNA",2013-06-03T20:00:00Z,Buy,38.96,67.3,4,113.36,1.0191901910465,-61.44,124.72,73.32,1,"	1317,1760" 
2011-02-01T21:00:00Z,"WMK",2013-07-01T20:00:00Z,Buy,40.41,45.44,6,30.18,1.502137453081,-102.72,39.06,47.04,1,"	1318,1784" 
2011-02-01T21:00:00Z,"USNA",2014-03-03T21:00:00Z,Buy,38.96,71.94,5,164.9,1.0245797457975,-76.8,262.25,168.95,1,"	1317,1975" 
2011-02-01T21:00:00Z,"USNA",2014-11-03T21:00:00Z,Buy,38.96,115.22,4,305.04,1.0252719775399,-61.44,305.04,135.16,1,"	1317,2175" 
2011-03-01T21:00:00Z,"CASY",2011-05-02T20:00:00Z,Buy,40.34,38.45,7,-13.23,1.4205437708487,-112.21,27.3,36.89,0,"	1330,1351" 
2011-03-01T21:00:00Z,"EBF",2011-05-02T20:00:00Z,Buy,15.54,18.5,19,56.24,1.8289286676248,-15.58,85.31,29.07,1,"	1334,1355" 
2011-03-01T21:00:00Z,"IPAR",2011-05-02T20:00:00Z,Buy,18.07,18.94,15,13.05,1.8472399590787,-64.35,22.95,18.6,1,"	1336,1357" 
2011-03-01T21:00:00Z,"NUS",2011-05-02T20:00:00Z,Buy,31.1,32.58,7,10.36,2.6129624623476,-35.35,10.36,26.25,1,"	1338,1359" 
2011-03-01T21:00:00Z,"CLW",2011-06-01T20:00:00Z,Buy,79.48,67.69,3,-35.37,2.0090257954612,-105.75,15.57,42.48,0,"	1331,1380" 
2011-03-01T21:00:00Z,"CORE",2011-06-01T20:00:00Z,Buy,33.69,34.83,6,6.84,1.6471881382368,-48.84,19.74,14.76,1,"	1332,1381" 
2011-03-01T21:00:00Z,"CROX",2011-08-01T20:00:00Z,Buy,17.21,31.52,19,271.89,10.32665461053,-20.33,271.89,60.42,1,"	1333,1411" 
2011-03-01T21:00:00Z,"ALV",2011-10-03T20:00:00Z,Buy,73.1,46.14,14,-377.44,2.1349206938561,-377.44,97.72,475.16,0,"	1328,1447" 
2011-03-01T21:00:00Z,"LRCX",2011-11-01T20:00:00Z,Buy,54.73,42.22,17,-212.67,2.2271396785629,-328.95,62.22,391.17,0,"	1337,1461" 
2011-03-01T21:00:00Z,"CROX",2012-05-01T20:00:00Z,Buy,17.21,20.13,22,64.24,8.4693916753749,-62.04,314.82,376.86,1,"	1333,1533" 
2011-03-01T21:00:00Z,"ALK",2012-11-01T20:00:00Z,Buy,28.465,39,32,337.12,9.5796974722242,-89.76,343.04,295.2,1,"	1327,1627" 
2011-03-01T21:00:00Z,"ENTG",2013-04-01T20:00:00Z,Buy,8.51,9.65,67,76.38,4.8860075903641,-160.8,129.31,290.11,1,"	1335,1703" 
2011-03-01T21:00:00Z,"TER",2013-05-01T20:00:00Z,Buy,18.19,16.11,42,-87.36,7.4962832164779,-321.3,38.64,359.94,0,"	1339,1731" 
2011-03-01T21:00:00Z,"CTR",2013-07-01T20:00:00Z,Buy,23.93,25.32,14,19.46,2.3866391627125,-165.2,109.48,130.48,1,"	1329,1779" 
2011-04-01T20:00:00Z,"MGLN",2011-05-02T20:00:00Z,Buy,49.57,51.79,6,13.32,1.6066171846014,-24.06,15.72,18,1,"	1348,1358" 
2011-04-01T20:00:00Z,"TXN",2011-12-01T21:00:00Z,Buy,34.23,30.2,45,-181.35,14.25731426018,-422.55,75.15,497.7,0,"	1350,1476" 
2011-04-01T20:00:00Z,"KAI",2012-01-03T21:00:00Z,Buy,26.72,22.55,26,-108.42,10.261574512636,-265.46,211.12,476.58,0,"	1349,1493" 
2011-04-01T20:00:00Z,"LSCC",2012-06-01T20:00:00Z,Buy,5.94,4.29,119,-196.35,7.2298753186798,-196.35,130.9,327.25,0,"	1347,1552" 
2011-05-02T20:00:00Z,"CLW",2011-06-01T20:00:00Z,Buy,78.25,67.69,3,-31.68,1.4511118186749,-102.06,19.26,31.68,0,"	1365,1380" 
2011-05-02T20:00:00Z,"EBS",2011-06-01T20:00:00Z,Buy,23.7,23.98,15,4.2,5.4381735452822,-45.6,19.2,45.6,1,"	1367,1383" 
2011-05-02T20:00:00Z,"CRUS",2011-08-01T20:00:00Z,Buy,15.93,15.22,13,-9.23,2.8600331739994,-44.46,119.86,39.26,0,"	1366,1412" 
2011-05-02T20:00:00Z,"EBS",2011-08-01T20:00:00Z,Buy,23.7,20.52,35,-111.3,4.5375575552695,-111.3,44.8,156.1,0,"	1367,1413" 
2011-05-02T20:00:00Z,"CCF",2011-09-01T20:00:00Z,Buy,16.84,12.59,53,-225.25,24.738677051046,-283.02,27.03,310.05,0,"	1364,1425" 
2011-05-02T20:00:00Z,"RAVN",2011-09-01T20:00:00Z,Buy,52.89,52.94,5,0.25,12.665661825598,-41.65,33,74.65,1,"	1375,1431" 
2011-05-02T20:00:00Z,"MRCY",2011-11-01T20:00:00Z,Buy,19.07,13.94,46,-235.98,23.384370961186,-355.12,9.2,364.32,0,"	1371,1462" 
2011-05-02T20:00:00Z,"SSP",2011-12-01T21:00:00Z,Buy,9.41,8.35,34,-36.04,3.0740501532171,-100.64,35.36,112.88,0,"	1377,1475" 
2011-05-02T20:00:00Z,"MERC",2012-01-03T21:00:00Z,Buy,12.1,6.49,54,-302.94,4.3646196008878,-365.04,88.02,453.06,0,"	1370,1490" 
2011-05-02T20:00:00Z,"SATS",2012-01-03T21:00:00Z,Buy,34.99,21.81,30,-395.4,13.326793015459,-439.2,101.1,540.3,0,"	1376,1492" 
2011-05-02T20:00:00Z,"MXIM",2012-05-01T20:00:00Z,Buy,27.18,29,14,25.48,2.9868308065339,-85.4,37.52,101.64,1,"	1373,1534" 
2011-05-02T20:00:00Z,"RAVN",2012-06-01T20:00:00Z,Buy,52.89,65.27,14,173.32,4.6093594700251,-116.62,235.62,209.02,1,"	1375,1557" 
2011-05-02T20:00:00Z,"MVO",2012-08-01T20:00:00Z,Buy,40.91,34.09,7,-47.74,2.1877128281123,-132.02,35.56,101.29,0,"	1372,1580" 
2011-05-02T20:00:00Z,"BRKS",2012-10-01T20:00:00Z,Buy,11.81,7.81,57,-228,4.4665161885884,-244.53,34.77,279.3,0,"	1363,1606" 
2011-05-02T20:00:00Z,"K",2012-10-01T20:00:00Z,Buy,57.27,51.93,6,-32.04,1.03,-128.34,1.74,66.3,0,"	1368,1609" 
2011-05-02T20:00:00Z,"KLIC",2013-02-01T21:00:00Z,Buy,9.03,11.65,24,62.88,1.1196026490066,-81.36,101.04,134.4,1,"	1369,1674" 
2011-05-02T20:00:00Z,"OXM",2013-02-01T21:00:00Z,Buy,33.38,49.61,14,227.22,7.6266325672405,-44.8,356.3,210.42,1,"	1374,1676" 
2011-05-02T20:00:00Z,"UNH",2013-04-01T20:00:00Z,Buy,49.88,58.97,28,254.52,10.348122770679,-224.84,290.64,315.84,1,"	1378,1708" 
2011-05-02T20:00:00Z,"WMK",2013-07-01T20:00:00Z,Buy,40.46,45.44,8,39.84,1.4278536629225,-137.36,51.68,62.72,1,"	1379,1784" 
2011-05-02T20:00:00Z,"MXIM",2013-12-02T21:00:00Z,Buy,27.18,28.22,32,33.28,6.1916655704516,-195.2,196.16,232.32,1,"	1373,1883" 
2011-06-01T20:00:00Z,"APU",2011-07-01T20:00:00Z,Buy,44.76,45.73,10,9.7,1.049295154185,-126.4,66.5,20.1,1,"	1387,1396" 
2011-06-01T20:00:00Z,"ALG",2011-08-01T20:00:00Z,Buy,25.09,24.02,10,-10.7,2.1791496843554,-59.6,40.5,38.6,0,"	1386,1410" 
2011-06-01T20:00:00Z,"LRCX",2011-11-01T20:00:00Z,Buy,46.39,42.22,5,-20.85,2.1991551477172,-55.05,60,56.7,0,"	1391,1461" 
2011-06-01T20:00:00Z,"TXN",2011-12-01T21:00:00Z,Buy,33.97,30.2,7,-26.39,1.0337003968254,-63.91,13.51,65.8,0,"	1393,1476" 
2011-06-01T20:00:00Z,"WLK",2012-02-01T21:00:00Z,Buy,54.71,59.94,6,31.38,2.1039064674318,-134.22,31.38,138.66,1,"	1395,1505" 
2011-06-01T20:00:00Z,"LFUS",2012-04-02T20:00:00Z,Buy,59.02,64.86,5,29.2,8.1906403082167,-102.3,29.2,116,1,"	1389,1524" 
2011-06-01T20:00:00Z,"LINC",2012-04-02T20:00:00Z,Buy,14.59,7.91,16,-106.88,2.2921510111665,-123.2,216.16,201.12,0,"	1390,1525" 
2011-06-01T20:00:00Z,"WLK",2012-05-01T20:00:00Z,Buy,54.71,61.93,9,64.98,3.9193258914735,-201.33,103.14,207.99,1,"	1395,1538" 
2011-06-01T20:00:00Z,"UFS",2012-10-01T20:00:00Z,Buy,99.59,77.25,2,-44.68,1.3694807609079,-105.28,10.82,70.02,0,"	1394,1611" 
2011-06-01T20:00:00Z,"AIT",2012-11-01T20:00:00Z,Buy,34.31,40.94,6.2499683162252,41.44,1.9004304268622,-117.81,60.75,69.06,1,"	1388,1628" 
2011-06-01T20:00:00Z,"MKSI",2012-12-03T21:00:00Z,Buy,25.44,24.02,9,-12.78,1.0435285171103,-46.89,74.25,85.32,0,"	1392,1647" 
2011-06-01T20:00:00Z,"LFUS",2013-05-01T20:00:00Z,Buy,59.02,68.3,17,157.76,14.083369434831,-347.82,183.6,394.4,1,"	1389,1726" 
2011-07-01T20:00:00Z,"HWKN",2011-08-01T20:00:00Z,Buy,36.97,34.73,6,-13.44,1.0306212037548,-145.92,73.44,25.62,0,"	1401,1414" 
2011-07-01T20:00:00Z,"SXI",2011-08-01T20:00:00Z,Buy,30.63,32.27,10,16.4,1.3211565628467,-83.1,82.1,23.4,1,"	1406,1417" 
2011-07-01T20:00:00Z,"MGLN",2011-09-01T20:00:00Z,Buy,54.63,48.2,7,-45.01,17.104815123806,-89.46,10.5,99.96,0,"	1403,1429" 
2011-07-01T20:00:00Z,"JAKK",2011-10-03T20:00:00Z,Buy,18.72,17.83,15,-13.35,2.2818617985325,-65.25,34.8,67.95,0,"	1402,1449" 
2011-07-01T20:00:00Z,"MRCY",2011-11-01T20:00:00Z,Buy,18.98,13.94,11,-55.44,1.0558832976445,-83.93,3.19,87.12,0,"	1404,1462" 
2011-07-01T20:00:00Z,"VECO",2011-12-01T21:00:00Z,Buy,48.58,25.14,17,-398.48,2.2014535744095,-451.01,0,451.01,0,"	1408,1477" 
2011-07-01T20:00:00Z,"WSM",2012-05-01T20:00:00Z,Buy,36.39,38.85,7,17.22,1.0349040833105,-88.55,61.95,71.26,1,"	1409,1539" 
2011-07-01T20:00:00Z,"MGLN",2012-08-01T20:00:00Z,Buy,54.63,47.51,16,-113.92,1.0788547717842,-221.12,24,245.12,0,"	1403,1579" 
2011-07-01T20:00:00Z,"GME",2012-09-04T20:00:00Z,Buy,26.94,20.41,17,-111.01,4.0518001949119,-190.57,7.82,198.39,0,"	1400,1596" 
2011-07-01T20:00:00Z,"GME",2012-11-01T20:00:00Z,Buy,26.94,23.6,11,-36.74,1.0568301225919,-123.31,5.06,128.37,0,"	1400,1629" 
2011-07-01T20:00:00Z,"GME",2013-03-01T21:00:00Z,Buy,26.94,24.05,23,-66.47,6.7930484679647,-257.83,20.47,268.41,0,"	1400,1690" 
2011-07-01T20:00:00Z,"MGLN",2013-05-01T20:00:00Z,Buy,54.63,50.09,8,-36.32,1.1321765050821,-110.56,12,122.56,0,"	1403,1727" 
2011-07-01T20:00:00Z,"TER",2013-05-01T20:00:00Z,Buy,15.16,16.11,21,19.95,2.1615771025838,-97.02,82.95,97.44,1,"	1407,1731" 
2011-07-01T20:00:00Z,"MXIM",2013-12-02T21:00:00Z,Buy,25.89,28.22,8,18.64,1.7278601684459,-38.48,59.36,51.2,1,"	1405,1883" 
2011-08-01T20:00:00Z,"VSH",2011-12-01T21:00:00Z,Buy,13.68,9.7,17,-67.66,1.0844444444444,-95.03,91.29,95.03,0,"	1424,1478" 
2011-08-01T20:00:00Z,"CNC",2012-02-01T21:00:00Z,Buy,31.58,46.34,6,88.56,8.6311642313523,-31.56,88.56,32.58,1,"	1420,1502" 
2011-08-01T20:00:00Z,"CHS",2012-03-01T21:00:00Z,Buy,15.23,15.29,67,4.02,11.086992797954,-354.43,4.02,354.43,1,"	1419,1509" 
2011-08-01T20:00:00Z,"MRO",2012-06-01T20:00:00Z,Buy,30.65,23.89,36,-243.36,18.661795493952,-373.32,159.12,402.48,0,"	1422,1555" 
2011-08-01T20:00:00Z,"CNC",2012-08-01T20:00:00Z,Buy,31.58,37.48,23,135.7,8.5427954063503,-120.98,442.06,551.08,1,"	1420,1578" 
2011-08-01T20:00:00Z,"K",2012-10-01T20:00:00Z,Buy,55.31,51.93,6,-20.28,1.4576555180181,-116.58,13.5,52.8,0,"	1421,1609" 
2011-08-01T20:00:00Z,"MYGN",2012-11-01T20:00:00Z,Buy,20.86,26.86,53,318,2.5318788745031,-159,395.38,225.25,1,"	1423,1630" 
2011-08-01T20:00:00Z,"BKE",2013-12-02T21:00:00Z,Buy,44.21,52.07,20,157.2,5.7225352462875,-654.87,258.6,255.8,1,"	1418,1876" 
2011-09-01T20:00:00Z,"DEPO",2011-11-01T20:00:00Z,Buy,6.08,4.38,106,-180.2,12.03116995064,-186.56,36.04,222.6,0,"	1434,1460" 
2011-09-01T20:00:00Z,"LRCX",2011-11-01T20:00:00Z,Buy,36.58,42.22,7,39.48,2.8299151910188,-8.4,152.67,26.88,1,"	1440,1461" 
2011-09-01T20:00:00Z,"MRCY",2011-11-01T20:00:00Z,Buy,13.84,13.94,16,1.6,3.9119229310532,-39.84,86.88,39.84,1,"	1442,1462" 
2011-09-01T20:00:00Z,"VECO",2011-12-01T21:00:00Z,Buy,34.66,25.14,6,-57.12,3.0722775683569,-75.66,83.52,75.66,0,"	1446,1477" 
2011-09-01T20:00:00Z,"IDT",2012-01-03T21:00:00Z,Buy,21.17,9.55,11,-127.82,3.745498228148,-135.41,92.84,143.22,0,"	1437,1488" 
2011-09-01T20:00:00Z,"SATS",2012-01-03T21:00:00Z,Buy,23.94,21.81,13,-27.69,1.0639055441478,-46.67,187.46,83.85,0,"	1444,1492" 
2011-09-01T20:00:00Z,"LINC",2012-04-02T20:00:00Z,Buy,9.29,7.91,27,-37.26,1.1275839267548,-64.8,507.87,74.25,0,"	1439,1525" 
2011-09-01T20:00:00Z,"DV",2012-06-01T20:00:00Z,Buy,42.52,27.01,19,-294.69,5.9633746349671,-294.69,74.86,369.55,0,"	1435,1551" 
2011-09-01T20:00:00Z,"BRKS",2012-10-01T20:00:00Z,Buy,8.93,7.81,28,-31.36,2.5406518626222,-39.48,97.72,127.96,0,"	1433,1606" 
2011-09-01T20:00:00Z,"MKSI",2012-12-03T21:00:00Z,Buy,22.57,24.02,9,13.05,2.5103862573248,-21.06,100.08,85.32,1,"	1441,1647" 
2011-09-01T20:00:00Z,"KLIC",2013-02-01T21:00:00Z,Buy,8.32,11.65,25,83.25,3.5889321766234,-67,123,123.75,1,"	1438,1674" 
2011-09-01T20:00:00Z,"OXM",2013-02-01T21:00:00Z,Buy,38.39,49.61,6,67.32,4.3917416767103,-49.26,122.64,90.18,1,"	1443,1676" 
2011-09-01T20:00:00Z,"ENTG",2013-04-01T20:00:00Z,Buy,7.23,9.65,28,67.76,4.3494702639483,-31.36,89.88,67.76,1,"	1436,1703" 
2011-09-01T20:00:00Z,"SCVL",2013-06-03T20:00:00Z,Buy,16.61334164,24.64,13.499993250003,108.36,1.0443065981825,-167.31,108.36,72.09,1,"	1445,1759" 
2011-10-03T20:00:00Z,"MERC",2012-01-03T21:00:00Z,Buy,6.73,6.49,44,-10.56,1.2177352941176,-61.16,308,93.28,0,"	1455,1490" 
2011-10-03T20:00:00Z,"LXU",2012-03-01T21:00:00Z,Buy,26.1,41.25,5,75.75,2.1259196559162,-1.8,75.75,73.8,1,"	1454,1515" 
2011-10-03T20:00:00Z,"LXU",2012-06-01T20:00:00Z,Buy,26.1,27.03,17,15.81,4.9985097203679,-6.12,257.55,250.92,1,"	1454,1553" 
2011-10-03T20:00:00Z,"MLR",2012-09-04T20:00:00Z,Buy,16.57,15.51,59,-62.54,2.5800069829306,-129.21,257.24,386.45,0,"	1456,1598" 
2011-10-03T20:00:00Z,"UFS",2012-10-01T20:00:00Z,Buy,65.01,77.25,3,36.72,1.0143046794778,-54.18,119.97,92.58,1,"	1457,1611" 
2011-10-03T20:00:00Z,"CVI",2012-12-03T21:00:00Z,Buy,19.69,45.83,7,182.98,2.1747803150049,-18.83,182.98,73.08,1,"	1452,1645" 
2011-10-03T20:00:00Z,"CVI",2013-02-01T21:00:00Z,Buy,19.69,53.58,6,203.34,1.02736,-16.14,234.36,62.64,1,"	1452,1670" 
2011-10-03T20:00:00Z,"DAR",2013-04-01T20:00:00Z,Buy,11.7,17.65,57,339.15,4.8462585886666,0,400.71,225.72,1,"	1453,1701" 
2011-10-03T20:00:00Z,"CVI",2013-12-02T21:00:00Z,Buy,19.69,40.03,17,345.78,1.1520511521904,-45.73,861.73,624.92,1,"	1452,1878" 
2011-11-01T20:00:00Z,"SMP",2011-12-01T21:00:00Z,Buy,15.68,19.02,16,53.44,15.437540980067,0,61.6,53.6,1,"	1471,1474" 
2011-11-01T20:00:00Z,"IDT",2012-01-03T21:00:00Z,Buy,12,9.55,33,-80.85,12.000688481575,-103.62,581.13,174.57,0,"	1466,1488" 
2011-11-01T20:00:00Z,"SPPI",2012-01-03T21:00:00Z,Buy,10.91,14.71,16,60.8,2.4247566637719,0,64.96,22.24,1,"	1470,1491" 
2011-11-01T20:00:00Z,"CRUS",2012-02-01T21:00:00Z,Buy,16.23,20.68,43,191.35,2.4273334589381,-81.7,251.12,139.75,1,"	1464,1503" 
2011-11-01T20:00:00Z,"CHS",2012-03-01T21:00:00Z,Buy,12.29,15.29,18,54,1.0894902912621,-42.3,54,45,1,"	1463,1509" 
2011-11-01T20:00:00Z,"DSW",2012-06-01T20:00:00Z,Buy,51.98,57.26,4,21.12,1.019862437906,-120.24,38.16,44.48,1,"	1465,1550" 
2011-11-01T20:00:00Z,"SPPI",2012-07-02T20:00:00Z,Buy,10.91,16,27,137.43,1.1388174807198,-37.8,137.43,171.72,1,"	1470,1574" 
2011-11-01T20:00:00Z,"MVO",2012-08-01T20:00:00Z,Buy,34.94,34.09,12,-10.2,1.0573570451436,-154.68,132.6,150.12,0,"	1468,1580" 
2011-11-01T20:00:00Z,"SMP",2012-09-04T20:00:00Z,Buy,15.68,17.63,13,25.35,1.0649631519274,-46.02,127.53,173.55,1,"	1471,1600" 
2011-11-01T20:00:00Z,"K",2012-10-01T20:00:00Z,Buy,53.56,51.93,6,-9.78,1.0296402877698,-106.08,24,45.18,0,"	1467,1609" 
2011-11-01T20:00:00Z,"SPPI",2012-12-03T21:00:00Z,Buy,10.91,11.74,27,22.41,1.3172972972973,-37.8,165.78,173.07,1,"	1470,1648" 
2011-11-01T20:00:00Z,"MXIM",2013-12-02T21:00:00Z,Buy,25.57,28.22,8,21.2,1.0390978593272,-35.92,61.92,51.2,1,"	1469,1883" 
2011-11-01T20:00:00Z,"SMP",2014-03-03T21:00:00Z,Buy,15.68,34.64,10,189.6,1.0492745376956,-35.4,219.6,133.5,1,"	1471,1970" 
2011-11-01T20:00:00Z,"SMP",2015-03-02T21:00:00Z,Buy,15.68,42.33,8,213.2,1.040391221374,-28.32,238.16,106.8,1,"	1471,2251" 
2011-11-01T20:00:00Z,"SMP",2015-05-01T20:00:00Z,Buy,15.68,36.25,3,61.71,1.1965939153439,-10.62,89.31,40.05,1,"	1471,2306" 
2011-12-01T21:00:00Z,"LZB",2012-01-03T21:00:00Z,Buy,11.59,12,17,6.97,11.279135821922,-9.52,13.43,22.95,1,"	1485,1489" 
2011-12-01T21:00:00Z,"MERC",2012-01-03T21:00:00Z,Buy,5.74,6.49,39,29.25,2.7804011935742,-15.6,311.61,19.11,1,"	1486,1490" 
2011-12-01T21:00:00Z,"HOC",2012-03-01T21:00:00Z,Buy,23.43,33.6,7,71.19,3.2336938756267,-11.41,82.88,23.87,1,"	1483,1513" 
2011-12-01T21:00:00Z,"B",2012-04-02T20:00:00Z,Buy,24.26,26.96,36,97.2,8.3160037516346,-56.16,133.56,74.88,1,"	1479,1522" 
2011-12-01T21:00:00Z,"LINC",2012-04-02T20:00:00Z,Buy,7.47,7.91,33,14.52,3.6360165803213,-19.14,680.79,64.02,1,"	1484,1525" 
2011-12-01T21:00:00Z,"CROX",2012-05-01T20:00:00Z,Buy,15.44,20.13,14,65.66,2.4819853159306,-14.7,225.12,41.02,1,"	1481,1533" 
2011-12-01T21:00:00Z,"DV",2012-06-01T20:00:00Z,Buy,34.71,27.01,6,-46.2,1.8899263395209,-46.2,70.5,90.48,0,"	1482,1551" 
2011-12-01T21:00:00Z,"HOC",2013-02-01T21:00:00Z,Buy,23.43,52.77,4,117.36,1.0202106472616,-6.52,117.36,31.16,1,"	1483,1673" 
2011-12-01T21:00:00Z,"MGLN",2013-05-01T20:00:00Z,Buy,50.26,50.09,4,-0.68,1.0198420844848,-37.8,23.48,37.8,0,"	1487,1727" 
2011-12-01T21:00:00Z,"CVX",2013-08-01T20:00:00Z,Buy,101.83,126.39,13,319.28,8.1552202826446,-70.46,337.09,213.72,1,"	1480,1797" 
2011-12-01T21:00:00Z,"LZB",2013-12-02T21:00:00Z,Buy,11.59,28.99,17,295.8,1.0842156527683,-9.52,305.49,86.02,1,"	1485,1882" 
2011-12-01T21:00:00Z,"HOC",2014-03-03T21:00:00Z,Buy,23.43,44.88,21,450.45,1.1477287689269,-34.23,735,392.7,1,"	1483,1963" 
2011-12-01T21:00:00Z,"LZB",2014-10-01T20:00:00Z,Buy,11.59,19.45,37,290.82,3.5948671400969,-20.72,719.28,428.46,1,"	1485,2141" 
2012-01-03T21:00:00Z,"DECK",2012-03-01T21:00:00Z,Buy,76.45,78.59,2.9999846999875,6.42,1.0151746724891,-104.76,123.57,46.89,1,"	1496,1511" 
2012-01-03T21:00:00Z,"WLK",2012-05-01T20:00:00Z,Buy,40.86,61.93,5,105.35,2.8001558306282,-42.6,126.55,31.6,1,"	1501,1538" 
2012-01-03T21:00:00Z,"CRMT",2012-06-01T20:00:00Z,Buy,38.79,42,5.5000127499936,17.66,2.9065879076837,-173.2,46.04,32.01,1,"	1495,1549" 
2012-01-03T21:00:00Z,"FOSL",2012-07-02T20:00:00Z,Buy,79.27,74.88,2.0000104999948,-8.78,2.3689297200321,-136.69,118.06,137.64,0,"	1497,1572" 
2012-01-03T21:00:00Z,"CRMT",2012-09-04T20:00:00Z,Buy,38.79,46.02,19,137.37,11.234350829333,-598.31,186.39,193.61,1,"	1495,1595" 
2012-01-03T21:00:00Z,"INTC",2013-01-02T21:00:00Z,Buy,24.54,21.38,59,-186.44,16.2638757557,-305.62,273.76,579.38,0,"	1498,1658" 
2012-01-03T21:00:00Z,"KLAC",2013-01-02T21:00:00Z,Buy,47.46,49.57,23,48.53,16.580240930523,-80.27,175.95,256.22,1,"	1499,1660" 
2012-01-03T21:00:00Z,"TDY",2013-01-02T21:00:00Z,Buy,55.82,66.66,19,205.96,12.426938865047,-11.4,205.96,163.02,1,"	1500,1661" 
2012-01-03T21:00:00Z,"CRMT",2015-07-01T20:00:00Z,Buy,38.79,50.02,0.49998725000638,5.61,7.2341398545821,-15.74,9.1,5.09,1,"	1495,2348" 
2012-01-03T21:00:00Z,"DECK",2015-12-01T21:00:00Z,Buy,76.45,48.91,1.530001254601E-5,0,6.1918699828559,0,0,0,0,"	1496,2463" 
2012-02-01T21:00:00Z,"UACL",2012-08-01T20:00:00Z,Buy,17.85,14.42,14,-48.02,9.1194393048656,-74.2,12.88,87.08,0,"	1508,1584" 
2012-02-01T21:00:00Z,"UACL",2013-01-02T21:00:00Z,Buy,17.85,18.43,27,15.66,8.3770328112306,-143.1,24.84,167.94,1,"	1508,1662" 
2012-02-01T21:00:00Z,"DDS",2013-06-03T20:00:00Z,Buy,43.89,91.44,6,285.3,1.9486090061823,-147.3,298.8,72.84,1,"	1507,1754" 
2012-02-01T21:00:00Z,"BKE",2013-12-02T21:00:00Z,Buy,43.81,52.07,5,41.3,1.9207996750415,-161.72,66.65,63.95,1,"	1506,1876" 
2012-03-01T21:00:00Z,"CALM",2012-04-02T20:00:00Z,Buy,39.48,38.95,6,-3.18,7.4796326403951,-7.32,15.66,22.98,0,"	1518,1523" 
2012-03-01T21:00:00Z,"OTL",2012-05-01T20:00:00Z,Buy,31.16,29.94,10,-12.2,1.050322997416,-120,65,26.7,0,"	1521,1535" 
2012-03-01T21:00:00Z,"CALM",2012-10-01T20:00:00Z,Buy,39.48,45.74,40,250.4,6.4701841994163,-196.4,250.4,300.8,1,"	1518,1607" 
2012-03-01T21:00:00Z,"ICFI",2012-12-03T21:00:00Z,Buy,24.88,21.62,38,-123.88,5.9223949373621,-251.94,47.12,299.06,0,"	1519,1646" 
2012-03-01T21:00:00Z,"MGLN",2013-05-01T20:00:00Z,Buy,47.33,50.09,6,16.56,1.0300444350402,-39.12,52.8,51.96,1,"	1520,1727" 
2012-04-02T20:00:00Z,"DV",2012-06-01T20:00:00Z,Buy,34.48,27.01,6,-44.82,1.5803493908683,-44.82,71.88,44.82,0,"	1530,1551" 
2012-04-02T20:00:00Z,"MOV",2012-06-01T20:00:00Z,Buy,25.84,26.18,32,10.88,6.2546035193114,-52.48,123.52,176,1,"	1531,1554" 
2012-04-02T20:00:00Z,"CMTL",2012-10-01T20:00:00Z,Buy,33.85,27.74,49,-299.39,7.4768022257671,-357.7,2.94,360.64,0,"	1529,1608" 
2012-04-02T20:00:00Z,"SPPI",2012-12-03T21:00:00Z,Buy,12.6,11.74,18,-15.48,2.6678220284124,-55.62,80.1,115.38,0,"	1532,1648" 
2012-04-02T20:00:00Z,"CVX",2013-08-01T20:00:00Z,Buy,108.3,126.39,2,36.18,1.010098843715,-23.78,38.92,32.88,1,"	1528,1797" 
2012-05-01T20:00:00Z,"AAPL",2012-06-01T20:00:00Z,Buy,582.13,560.99,1,-21.14,4.3767352846469,-52.01,3.87,55.88,0,"	1540,1547" 
2012-05-01T20:00:00Z,"LSCC",2012-06-01T20:00:00Z,Buy,5.43,4.29,44,-50.16,1.2187912087912,-50.16,70.84,50.16,0,"	1542,1552" 
2012-05-01T20:00:00Z,"RSC",2012-06-01T20:00:00Z,Buy,27.16,17.76,39,-366.6,7.0993732715866,-366.6,0,366.6,0,"	1544,1558" 
2012-05-01T20:00:00Z,"VLGEA",2012-08-01T20:00:00Z,Buy,27.14,34.11,6,41.82,2.2009819495434,-17.1,54.36,24.3,1,"	1546,1585" 
2012-05-01T20:00:00Z,"AAPL",2013-03-01T21:00:00Z,Buy,582.13,430.51,1,-151.62,3.549091822234,-151.62,119.97,271.59,0,"	1540,1687" 
2012-05-01T20:00:00Z,"EGY",2013-04-01T20:00:00Z,Buy,9.38,7.38,69,-138,10.583598026883,-158.7,2.76,158.7,0,"	1541,1702" 
2012-05-01T20:00:00Z,"RCII",2013-08-01T20:00:00Z,Buy,34.51,40.5,34,203.66,3.8315177882686,-549.24,203.66,146.54,1,"	1543,1800" 
2012-05-01T20:00:00Z,"VLGEA",2013-12-02T21:00:00Z,Buy,27.14,38,29,314.94,5.9427183337582,-82.65,350.61,227.94,1,"	1546,1886" 
2012-05-01T20:00:00Z,"SMP",2015-05-01T20:00:00Z,Buy,15.22,36.25,14,294.42,2.0421583663842,-43.12,423.22,173.6,1,"	1545,2306" 
2012-06-01T20:00:00Z,"PETS",2012-08-01T20:00:00Z,Buy,11.17,9.6,68,-106.76,11.396269070115,-123.08,80.24,203.32,0,"	1569,1581" 
2012-06-01T20:00:00Z,"STMP",2012-10-01T20:00:00Z,Buy,22.82,23.26,25,11,8.1064527520179,-99.5,66.25,165.75,1,"	1570,1610" 
2012-06-01T20:00:00Z,"NUS",2012-11-01T20:00:00Z,Buy,41.44,48.94,17,127.5,13.659870945735,-80.41,162.69,243.1,1,"	1568,1631" 
2012-06-01T20:00:00Z,"KIRK",2013-01-02T21:00:00Z,Buy,10.55,10.96,63,25.83,10.622517738721,-122.85,97.65,220.5,1,"	1566,1659" 
2012-06-01T20:00:00Z,"UACL",2013-01-02T21:00:00Z,Buy,13.22,18.43,18,93.78,1.0905479452055,-12.06,99.9,46.44,1,"	1571,1662" 
2012-06-01T20:00:00Z,"MSFT",2013-02-01T21:00:00Z,Buy,28.45,27.93,56,-29.12,2.5982602516458,-118.16,168.56,286.72,0,"	1567,1675" 
2012-06-01T20:00:00Z,"DISCA",2013-03-01T21:00:00Z,Buy,48.64,74.88,4,104.96,5.8830069288281,-0.56,104.96,26.88,1,"	1565,1688" 
2012-06-01T20:00:00Z,"CF",2013-08-01T20:00:00Z,Buy,162.09,195.98,4,135.56,16.844034515477,-9.36,273.4,240.64,1,"	1564,1796" 
2012-06-01T20:00:00Z,"ALG",2013-09-03T20:00:00Z,Buy,29.65,45.72,10,160.7,5.1967839687368,-22.7,174.1,55.4,1,"	1563,1822" 
2012-06-01T20:00:00Z,"DISCA",2013-11-01T20:00:00Z,Buy,48.64,87.8,4,156.64,2.1553410376383,-0.56,161.12,34.28,1,"	1565,1854" 
2012-06-01T20:00:00Z,"ALG",2013-12-02T21:00:00Z,Buy,29.65,57.13,9,247.32,3.6263694476404,-20.43,261.54,49.86,1,"	1563,1875" 
2012-06-01T20:00:00Z,"AEOS",2014-01-02T21:00:00Z,Buy,18.56,14.73,41,-157.03,11.216902494114,-259.26,646.98,432.96,0,"	1562,1905" 
2012-06-01T20:00:00Z,"ALG",2014-01-02T21:00:00Z,Buy,29.65,57.02,5,136.85,2.4523440114519,-11.35,155.2,27.7,1,"	1563,1906" 
2012-06-01T20:00:00Z,"DISCA",2014-03-03T21:00:00Z,Buy,48.64,82.08,18,601.92,1.1280652904465,-2.52,752.76,236.88,1,"	1565,1961" 
2012-06-01T20:00:00Z,"ALG",2014-04-01T20:00:00Z,Buy,29.65,55.68,4,104.12,1.0204969630039,-9.08,124.16,53.44,1,"	1563,1997" 
2012-06-01T20:00:00Z,"ALG",2014-09-02T20:00:00Z,Buy,29.65,49.03,5,96.9,5.4411164261334,-11.35,155.2,66.8,1,"	1563,2112" 
2012-07-02T20:00:00Z,"SHOO",2012-08-01T20:00:00Z,Buy,31.69,39.41,4.3750043220492,33.78,2.6459451037966,-112.26,58.58,8.71,1,"	1577,1582" 
2012-07-02T20:00:00Z,"MOV",2012-09-04T20:00:00Z,Buy,25.34,36.36,11,121.22,2.1936037518108,-37.95,121.22,38.83,1,"	1576,1599" 
2012-07-02T20:00:00Z,"AAPL",2013-03-01T21:00:00Z,Buy,592.71,430.51,1,-162.2,2.4558862020061,-162.2,109.39,271.59,0,"	1575,1687" 
2012-07-02T20:00:00Z,"MOV",2013-09-03T20:00:00Z,Buy,25.34,41.62,16,260.48,8.897075563219,-55.2,295.2,146.24,1,"	1576,1824" 
2012-08-01T20:00:00Z,"HHS",2012-09-04T20:00:00Z,Buy,6.17,7.2,125,128.75,8.4642701660483,0,128.75,35,1,"	1589,1597" 
2012-08-01T20:00:00Z,"MKSI",2012-12-03T21:00:00Z,Buy,25.81,24.02,9,-16.11,2.0491561510629,-50.22,70.92,48.06,0,"	1591,1647" 
2012-08-01T20:00:00Z,"GCI",2013-03-01T21:00:00Z,Buy,14.16,20.21,11,66.55,5.1877000586615,-1.76,70.29,23.54,1,"	1587,1689" 
2012-08-01T20:00:00Z,"GME",2013-03-01T21:00:00Z,Buy,16.07,24.05,18,143.64,1.0902808988764,-6.12,211.68,93.96,1,"	1588,1690" 
2012-08-01T20:00:00Z,"DAR",2013-04-01T20:00:00Z,Buy,16.42,17.65,13,15.99,2.2455631938422,-61.36,30.03,42.64,1,"	1586,1701" 
2012-08-01T20:00:00Z,"PZZA",2013-04-01T20:00:00Z,Buy,51.65,61.57,4,39.68,2.1211737759757,-18.4,42.28,27.8,1,"	1593,1706" 
2012-08-01T20:00:00Z,"GCI",2013-05-01T20:00:00Z,Buy,14.16,19.94,62,358.36,6.370107760116,-9.92,490.42,132.68,1,"	1587,1725" 
2012-08-01T20:00:00Z,"LFUS",2013-05-01T20:00:00Z,Buy,54.04,68.3,5,71.3,2.0197052591313,-77.4,78.9,28.55,1,"	1590,1726" 
2012-08-01T20:00:00Z,"PZZA",2013-05-01T20:00:00Z,Buy,51.65,63.01,16,181.76,5.1495606631684,-73.6,181.76,111.2,1,"	1593,1729" 
2012-08-01T20:00:00Z,"NC",2013-12-02T21:00:00Z,Buy,100.02,63.46,8,-292.48,2.1624577303928,-452.4,203.12,655.52,0,"	1592,1884" 
2012-09-04T20:00:00Z,"UFS",2012-10-01T20:00:00Z,Buy,73.78,77.25,3,10.41,1.9904990834197,-80.49,93.66,9.54,1,"	1604,1611" 
2012-09-04T20:00:00Z,"ALK",2012-11-01T20:00:00Z,Buy,33.49,39,8,44.08,1.0399284649776,-62.64,45.56,9.92,1,"	1601,1627" 
2012-09-04T20:00:00Z,"NHC",2013-05-01T20:00:00Z,Buy,44.88,45.03,21,3.15,13.078479667253,-3.15,111.09,111.93,1,"	1603,1728" 
2012-09-04T20:00:00Z,"WDC",2013-05-01T20:00:00Z,Buy,42.32,54.8,4,49.92,3.0937769791899,-35.56,51.84,38.64,1,"	1605,1734" 
2012-09-04T20:00:00Z,"ENS",2013-10-01T20:00:00Z,Buy,39.32,61.49,8,177.36,2.1725136846114,-60.4,177.36,60.4,1,"	1602,1839" 
2012-09-04T20:00:00Z,"WDC",2014-01-02T21:00:00Z,Buy,42.32,82.68,3,121.08,1.0147818831943,-26.67,124.74,28.98,1,"	1605,1918" 
2012-09-04T20:00:00Z,"ENS",2014-03-03T21:00:00Z,Buy,39.32,69.81,7,213.43,1.0343891625616,-52.85,232.61,52.85,1,"	1602,1962" 
2012-09-04T20:00:00Z,"WDC",2014-08-01T20:00:00Z,Buy,42.32,100.3,3,173.94,1.7758086380681,-26.67,176.73,36.57,1,"	1605,2101" 
2012-09-04T20:00:00Z,"ENS",2014-09-02T20:00:00Z,Buy,39.32,64.23,5,124.55,1.0249766682221,-37.75,172.75,78.45,1,"	1602,2113" 
2012-09-04T20:00:00Z,"ENS",2014-11-03T21:00:00Z,Buy,39.32,62.46,5,115.7,1.1442149681529,-37.75,172.75,110.2,1,"	1602,2164" 
2012-09-04T20:00:00Z,"WDC",2015-08-03T20:00:00Z,Buy,42.32,85.85,7,304.71,1.1147193818266,-62.23,503.72,264.53,1,"	1605,2375" 
2012-10-01T20:00:00Z,"WCC",2012-11-01T20:00:00Z,Buy,57.72,65.36,5,38.2,2.1160031386616,-8.05,38.2,16.95,1,"	1625,1632" 
2012-10-01T20:00:00Z,"ICFI",2012-12-03T21:00:00Z,Buy,20.25,21.62,18,24.66,1.090671641791,-36,105.66,36,1,"	1617,1646" 
2012-10-01T20:00:00Z,"INTC",2013-01-02T21:00:00Z,Buy,22.76,21.38,10,-13.8,2.3535939202751,-34,64.2,34.8,0,"	1618,1658" 
2012-10-01T20:00:00Z,"TDY",2013-01-02T21:00:00Z,Buy,64,66.66,6,15.96,1.5612469348513,-52.68,15.96,32.16,1,"	1624,1661" 
2012-10-01T20:00:00Z,"DK",2013-02-01T21:00:00Z,Buy,25.98,34.22,6,49.44,8.1901713505225,-17.82,50.58,22.08,1,"	1614,1671" 
2012-10-01T20:00:00Z,"FTK",2013-02-01T21:00:00Z,Buy,12.9,14.03,52,58.76,2.5357302117649,-150.28,58.76,163.28,1,"	1616,1672" 
2012-10-01T20:00:00Z,"ENTG",2013-04-01T20:00:00Z,Buy,8.35,9.65,41,53.3,1.2105473554736,-91.84,85.69,28.29,1,"	1615,1703" 
2012-10-01T20:00:00Z,"SAIA",2013-04-01T20:00:00Z,Buy,20.67,35.69,9,135.18,6.7131029197404,-6.03,143.01,23.4,1,"	1623,1707" 
2012-10-01T20:00:00Z,"MGLN",2013-05-01T20:00:00Z,Buy,51.48,50.09,4,-5.56,1.2964603847627,-42.68,18.6,27.12,0,"	1620,1727" 
2012-10-01T20:00:00Z,"PZZA",2013-05-01T20:00:00Z,Buy,53.69,63.01,4,37.28,1.5906691287659,-26.56,37.28,27.8,1,"	1621,1729" 
2012-10-01T20:00:00Z,"WCC",2013-05-01T20:00:00Z,Buy,57.72,68.02,13,133.9,4.8991687703267,-20.93,256.36,145.21,1,"	1625,1733" 
2012-10-01T20:00:00Z,"CHS",2013-06-03T20:00:00Z,Buy,18.02,17.86,62,-9.92,10.919846257884,-114.7,106.02,215.14,0,"	1612,1753" 
2012-10-01T20:00:00Z,"SAIA",2013-06-03T20:00:00Z,Buy,20.67,49.08,5,142.05,1.0256748273697,-3.35,142.05,13,1,"	1623,1758" 
2012-10-01T20:00:00Z,"WMK",2013-07-01T20:00:00Z,Buy,42.28,45.44,6,18.96,1.7374142375859,-113.94,27.84,25.56,1,"	1626,1784" 
2012-10-01T20:00:00Z,"CVX",2013-08-01T20:00:00Z,Buy,117.25,126.39,2,18.28,1.0100591969801,-41.68,21.02,32.88,1,"	1613,1797" 
2012-10-01T20:00:00Z,"RCII",2013-08-01T20:00:00Z,Buy,34.19,40.5,6,37.86,1.0292388825542,-95,37.86,25.86,1,"	1622,1800" 
2012-10-01T20:00:00Z,"DK",2013-11-01T20:00:00Z,Buy,25.98,25.26,24,-17.28,1.2619921722114,-139.44,348.48,487.92,0,"	1614,1855" 
2012-10-01T20:00:00Z,"SAIA",2014-02-03T21:00:00Z,Buy,13.78000689,31.93,6,108.9,2.25296118223,-2.68,127.74,38.04,1,"	1623,1948" 
2012-10-01T20:00:00Z,"SAIA",2014-08-01T20:00:00Z,Buy,13.78000689,45.66,5,159.4,1.3978597070974,-2.23,164.25,31.7,1,"	1623,2098" 
2012-10-01T20:00:00Z,"SAIA",2014-10-01T20:00:00Z,Buy,13.78000689,48.53,6,208.5,1.0293765133172,-2.68,238.68,38.04,1,"	1623,2146" 
2012-10-01T20:00:00Z,"KWR",2014-11-03T21:00:00Z,Buy,46.8,83.27,19,692.93,5.1267582733297,-16.91,692.93,279.3,1,"	1619,2168" 
2012-10-01T20:00:00Z,"SAIA",2015-05-01T20:00:00Z,Buy,13.78000689,41.08,18.999982000009,518.7,1.2066601226994,-8.49,812.25,320.15,1,"	1623,2304" 
2012-11-01T20:00:00Z,"SPPI",2012-12-03T21:00:00Z,Buy,11.22,11.74,19,9.88,1.0955107526882,-32.49,110.77,13.49,1,"	1640,1648" 
2012-11-01T20:00:00Z,"KLAC",2013-01-02T21:00:00Z,Buy,48.72,49.57,5,4.25,2.0411343164949,-23.75,31.95,24.5,1,"	1638,1660" 
2012-11-01T20:00:00Z,"DAR",2013-04-01T20:00:00Z,Buy,16.58,17.65,15,16.05,1.0752268602541,-73.2,32.25,23.25,1,"	1635,1701" 
2012-11-01T20:00:00Z,"ICUI",2013-06-03T20:00:00Z,Buy,59.54,71.28,29,340.46,20.95088026333,-100.63,355.25,227.36,1,"	1637,1755" 
2012-11-01T20:00:00Z,"RBIN",2013-06-03T20:00:00Z,Buy,33.18,45.39,5,61.05,2.2046874032218,-12.35,62.7,24.15,1,"	1641,1757" 
2012-11-01T20:00:00Z,"USPH",2013-06-03T20:00:00Z,Buy,27.11,28.9,9,16.11,1.9679761001988,-178.74,16.11,45.45,1,"	1642,1761" 
2012-11-01T20:00:00Z,"CF",2013-08-01T20:00:00Z,Buy,210.88,195.98,1,-14.9,1.1431903646953,-51.13,19.56,60.16,0,"	1634,1796" 
2012-11-01T20:00:00Z,"RBIN",2013-09-03T20:00:00Z,Buy,33.18,50.98,4,71.2,1.8543349427735,-9.88,75.8,19.32,1,"	1641,1826" 
2012-11-01T20:00:00Z,"CALM",2013-10-01T20:00:00Z,Buy,43.74,48.46,34,160.48,3.2779924339106,-138.38,276.76,225.76,1,"	1633,1838" 
2012-11-01T20:00:00Z,"NC",2013-12-02T21:00:00Z,Buy,52,63.46,8,91.68,17.129724442454,-68.24,587.28,142.48,1,"	1639,1884" 
2012-11-01T20:00:00Z,"EGHT",2014-01-02T21:00:00Z,Buy,6.52,9.97,112,386.4,3.1069626735589,-52.64,607.04,336,1,"	1636,1908" 
2012-11-01T20:00:00Z,"RBIN",2014-03-03T21:00:00Z,Buy,33.18,57.06,7,167.16,3.6275222207647,-17.29,171.08,48.44,1,"	1641,1968" 
2012-11-01T20:00:00Z,"RBIN",2014-08-01T20:00:00Z,Buy,33.18,42.31,17,155.21,1.1950668510834,-41.99,468.01,312.8,1,"	1641,2097" 
2012-11-01T20:00:00Z,"WDC",2015-08-03T20:00:00Z,Buy,35.43,85.85,6,302.52,2.2073397004329,-12,473.1,226.74,1,"	1643,2375" 
2012-11-01T20:00:00Z,"FL",2015-11-02T21:00:00Z,Buy,34.36,68.24,2,67.76,1.0410268656716,-35.18,82.82,24.3,1,"	1644,2446" 
2012-12-03T21:00:00Z,"KIRK",2013-01-02T21:00:00Z,Buy,9.25,10.96,33,56.43,1.7448104313015,-21.45,94.05,20.46,1,"	1651,1659" 
2012-12-03T21:00:00Z,"NHC",2013-05-01T20:00:00Z,Buy,44.74,45.03,7,2.03,1.0350078247261,-0.07,38.01,37.31,1,"	1653,1728" 
2012-12-03T21:00:00Z,"TSCO",2013-05-01T20:00:00Z,Buy,88.77,105.33,4,66.24,1.0198103101986,-296.62,93.12,26.88,1,"	1655,1732" 
2012-12-03T21:00:00Z,"GIII",2013-07-01T20:00:00Z,Buy,37.56,48.42,8,86.88,4.3523757101455,-40.32,114,50.24,1,"	1650,1782" 
2012-12-03T21:00:00Z,"WMK",2013-07-01T20:00:00Z,Buy,38.52,45.44,10,69.2,1.0492457172079,-152.3,84,24.1,1,"	1657,1784" 
2012-12-03T21:00:00Z,"PETS",2013-08-01T20:00:00Z,Buy,11.55,16.93,32,172.16,2.55706169068,-22.72,179.84,64,1,"	1654,1799" 
2012-12-03T21:00:00Z,"LHCG",2013-09-03T20:00:00Z,Buy,19.48,22.63,11,34.65,3.4072712387919,-1.98,77.11,46.2,1,"	1652,1823" 
2012-12-03T21:00:00Z,"GIII",2013-10-01T20:00:00Z,Buy,37.56,55,6,104.64,1.0302253159919,-30.24,105.9,49.5,1,"	1650,1840" 
2012-12-03T21:00:00Z,"GIII",2014-01-02T21:00:00Z,Buy,37.56,71.42,4,135.44,1.0193576365361,-20.16,146.48,33,1,"	1650,1909" 
2012-12-03T21:00:00Z,"PETS",2014-02-03T21:00:00Z,Buy,11.55,12.74,47,55.93,1.4188888888889,-33.37,264.14,208.21,1,"	1654,1943" 
2012-12-03T21:00:00Z,"LHCG",2014-06-02T20:00:00Z,Buy,19.48,20.38,46,41.4,13.260743282136,-8.28,322.46,308.2,1,"	1652,2052" 
2012-12-03T21:00:00Z,"ENS",2014-11-03T21:00:00Z,Buy,34.72,62.46,7,194.18,2.8091056665603,-20.65,274.05,154.28,1,"	1649,2164" 
2012-12-03T21:00:00Z,"USNA",2014-11-03T21:00:00Z,Buy,42.04,115.22,1,73.18,2.2648188658615,-18.44,73.18,33.79,1,"	1656,2175" 
2012-12-03T21:00:00Z,"GIII",2015-01-02T21:00:00Z,Buy,37.56,100,4,249.76,4.0549243366734,-20.16,254.96,63.6,1,"	1650,2211" 
2012-12-03T21:00:00Z,"USNA",2015-06-01T20:00:00Z,Buy,42.04,129.52,4,349.92,13.298012269076,-73.76,393.88,135.16,1,"	1656,2332" 
2013-01-02T21:00:00Z,"MSFT",2013-02-01T21:00:00Z,Buy,27.66,27.93,8,2.16,1.7789778363535,-10.56,30.4,9.6,1,"	1669,1675" 
2013-01-02T21:00:00Z,"HVT",2013-04-01T20:00:00Z,Buy,16.68,20.47,10,37.9,3.109125823175,-4.1,40.1,15.9,1,"	1666,1705" 
2013-01-02T21:00:00Z,"CTB",2013-07-01T20:00:00Z,Buy,26.22,33.27,27,190.35,4.1538670523696,-80.19,227.88,130.68,1,"	1664,1780" 
2013-01-02T21:00:00Z,"PLUS",2013-07-01T20:00:00Z,Buy,43.38,61.04,6,105.96,6.3252270040959,-17.4,114.18,50.16,1,"	1668,1783" 
2013-01-02T21:00:00Z,"MED",2013-08-01T20:00:00Z,Buy,26.29,27.27,28,27.44,2.3239958310615,-113.68,84.84,164.36,1,"	1667,1798" 
2013-01-02T21:00:00Z,"CTB",2013-12-02T21:00:00Z,Buy,26.22,24.39,7,-12.81,9.9730662665972,-20.79,59.08,79.1,0,"	1664,1877" 
2013-01-02T21:00:00Z,"GPS",2013-12-02T21:00:00Z,Buy,31.37,41.58,35,357.35,26.169092091625,-5.95,528.15,343,1,"	1665,1879" 
2013-01-02T21:00:00Z,"AEOS",2014-01-02T21:00:00Z,Buy,20.08,14.73,12,-64.2,1.0587420770356,-94.12,171.12,111.72,0,"	1663,1905" 
2013-01-02T21:00:00Z,"PLUS",2014-06-02T20:00:00Z,Buy,43.38,56.56,20,263.6,1.1396296949392,-58,450.6,346.8,1,"	1668,2053" 
2013-01-02T21:00:00Z,"HVT",2015-02-02T21:00:00Z,Buy,16.68,24.79,23,186.53,6.6490986143494,-9.43,337.18,263.35,1,"	1666,2228" 
2013-01-02T21:00:00Z,"HVT",2015-04-01T20:00:00Z,Buy,16.68,24.05,27,198.99,5.546177383711,-11.07,395.82,309.15,1,"	1666,2274" 
2013-02-01T21:00:00Z,"CRUS",2013-05-01T20:00:00Z,Buy,28.48,18.89,20,-191.8,12.399590932444,-216,0,216,0,"	1681,1723" 
2013-02-01T21:00:00Z,"LFUS",2013-05-01T20:00:00Z,Buy,64.77,68.3,5,17.65,1.0252968286205,-131.05,25.25,28.55,1,"	1682,1726" 
2013-02-01T21:00:00Z,"SCVL",2013-06-03T20:00:00Z,Buy,20.5,24.64,14,57.96,1.0701025891549,-227.92,57.96,28.42,1,"	1686,1759" 
2013-02-01T21:00:00Z,"CTR",2013-07-01T20:00:00Z,Buy,27.4,25.32,10,-20.8,1.2932457746086,-152.7,43.5,52.3,0,"	1679,1779" 
2013-02-01T21:00:00Z,"CVX",2013-08-01T20:00:00Z,Buy,116.5,126.39,2,19.78,1.0100691443388,-40.18,22.52,19.22,1,"	1680,1797" 
2013-02-01T21:00:00Z,"RCII",2013-08-01T20:00:00Z,Buy,36.22,40.5,6,25.68,1.9238645454976,-107.18,25.68,25.86,1,"	1684,1800" 
2013-02-01T21:00:00Z,"RES",2013-08-01T20:00:00Z,Buy,15.2,14.64,74,-41.44,8.0213229779241,-198.32,150.96,349.28,0,"	1685,1801" 
2013-02-01T21:00:00Z,"LNDC",2013-11-01T20:00:00Z,Buy,11.85,11.7,73,-10.95,8.5535601199958,-102.2,289.81,313.17,0,"	1683,1859" 
2013-02-01T21:00:00Z,"ALG",2014-09-02T20:00:00Z,Buy,34.4,49.03,8,117.04,1.0405182567727,-56.16,210.32,106.88,1,"	1678,2112" 
2013-03-01T21:00:00Z,"EGY",2013-04-01T20:00:00Z,Buy,8.06,7.38,27,-18.36,2.2936648870967,-26.46,36.72,43.74,0,"	1695,1702" 
2013-03-01T21:00:00Z,"UNH",2013-04-01T20:00:00Z,Buy,53.52,58.97,4,21.8,1.9581340905416,-46.68,26.96,2.84,1,"	1700,1708" 
2013-03-01T21:00:00Z,"MGLN",2013-05-01T20:00:00Z,Buy,52.66,50.09,5,-12.85,1.9337328222735,-59.25,17.35,33.9,0,"	1696,1727" 
2013-03-01T21:00:00Z,"CHS",2013-06-03T20:00:00Z,Buy,16.96,17.86,15,13.5,1.0749116607774,-11.85,41.55,28.05,1,"	1694,1753" 
2013-03-01T21:00:00Z,"CF",2013-08-01T20:00:00Z,Buy,201.5,195.98,1,-5.52,1.0050161812298,-41.75,28.94,37.85,0,"	1693,1796" 
2013-03-01T21:00:00Z,"SXI",2014-01-02T21:00:00Z,Buy,55.19,63.15,24,191.04,8.6119625398084,-127.2,210.96,181.44,1,"	1698,1915" 
2013-03-01T21:00:00Z,"SIX",2014-03-03T21:00:00Z,Buy,33.755,40.6,42,287.49,10.519785090582,-76.65,295.89,338.1,1,"	1697,1969" 
2013-03-01T21:00:00Z,"KAI",2015-04-01T20:00:00Z,Buy,24.87,53.73,12,346.32,8.7657520172883,-6.6,346.32,92.64,1,"	1699,2277" 
2013-04-01T20:00:00Z,"CRUS",2013-05-01T20:00:00Z,Buy,22.05,18.89,9,-28.44,2.2032487932921,-39.33,57.87,40.14,0,"	1711,1723" 
2013-04-01T20:00:00Z,"DLX",2013-05-01T20:00:00Z,Buy,41.23,36.6,34,-157.42,8.8654246763475,-157.42,31.62,189.04,0,"	1713,1724" 
2013-04-01T20:00:00Z,"TER",2013-05-01T20:00:00Z,Buy,15.85,16.11,16,4.16,1.0781750924784,-84.96,52.16,26.56,1,"	1719,1731" 
2013-04-01T20:00:00Z,"TSCO",2013-05-01T20:00:00Z,Buy,102.78,105.33,2,5.1,1.0098703543647,-176.33,18.54,13.44,1,"	1720,1732" 
2013-04-01T20:00:00Z,"WCC",2013-05-01T20:00:00Z,Buy,71.2,68.02,3,-9.54,1.7629348855418,-45.27,18.72,16.68,0,"	1722,1733" 
2013-04-01T20:00:00Z,"DDS",2013-06-03T20:00:00Z,Buy,79.47,91.44,3,35.91,1.6370701356753,-180.39,42.66,14.31,1,"	1712,1754" 
2013-04-01T20:00:00Z,"CTR",2013-07-01T20:00:00Z,Buy,24.2,25.32,9,10.08,2.0184885573711,-108.63,67.95,21.6,1,"	1710,1779" 
2013-04-01T20:00:00Z,"RCII",2013-08-01T20:00:00Z,Buy,36.16,40.5,5.5,23.87,1.0293665403357,-97.92,23.87,17.66,1,"	1718,1800" 
2013-04-01T20:00:00Z,"MOV",2013-09-03T20:00:00Z,Buy,32.82,41.62,6,52.8,1.0293735083532,-65.58,65.82,25.86,1,"	1715,1824" 
2013-04-01T20:00:00Z,"IPAR",2013-10-01T20:00:00Z,Buy,24.8,30.57,8,46.16,9.2905853179584,0,81.12,66.96,1,"	1714,1842" 
2013-04-01T20:00:00Z,"POWL",2013-10-01T20:00:00Z,Buy,52.25,62.79,6,63.24,2.125155937807,-31.08,63.24,32.88,1,"	1717,1843" 
2013-04-01T20:00:00Z,"BGFV",2013-11-01T20:00:00Z,Buy,14.87,19.19,11,47.52,3.6194504010061,-7.26,109.23,102.96,1,"	1709,1853" 
2013-04-01T20:00:00Z,"NC",2013-12-02T21:00:00Z,Buy,52.97,63.46,5,52.45,1.0248172788606,-47.5,362.2,47.4,1,"	1716,1884" 
2013-04-01T20:00:00Z,"VLGEA",2013-12-02T21:00:00Z,Buy,33.24,38,7,33.32,1.0345325022262,-62.65,41.93,39.13,1,"	1721,1886" 
2013-04-01T20:00:00Z,"POWL",2014-03-03T21:00:00Z,Buy,52.25,67.62,13,199.81,16.267956366553,-67.34,215.93,125.97,1,"	1717,1967" 
2013-04-01T20:00:00Z,"BGFV",2014-04-01T20:00:00Z,Buy,14.87,16.17,34,44.2,9.5746839938503,-22.44,337.62,353.94,1,"	1709,1998" 
2013-04-01T20:00:00Z,"IPAR",2014-06-02T20:00:00Z,Buy,24.8,29.27,40,178.8,1.2302795446937,0,528.8,352.4,1,"	1714,2051" 
2013-05-01T20:00:00Z,"BWS",2013-06-03T20:00:00Z,Buy,16.18,21.48,57.999946524964,307.4,8.135155085545,-329.44,1221.09,43.5,1,"	1735,1752" 
2013-05-01T20:00:00Z,"ICUI",2013-06-03T20:00:00Z,Buy,59.4,71.28,5,59.4,2.9406983058635,-16.65,61.95,13.65,1,"	1739,1755" 
2013-05-01T20:00:00Z,"IDT",2013-06-03T20:00:00Z,Buy,13.86,17.52,17,62.22,2.4651688912165,0,73.78,13.77,1,"	1741,1756" 
2013-05-01T20:00:00Z,"SCVL",2013-06-03T20:00:00Z,Buy,19.79,24.64,9.5000187499906,46.08,2.1479458491394,-147.92,46.08,8.93,1,"	1746,1759" 
2013-05-01T20:00:00Z,"QUAD",2013-09-03T20:00:00Z,Buy,19.69,31.6,11,131.01,6.8639872678637,0,155.65,27.83,1,"	1744,1825" 
2013-05-01T20:00:00Z,"CALM",2013-10-01T20:00:00Z,Buy,41.55,48.46,6,41.46,1.4916558436989,-11.28,61.98,38.46,1,"	1736,1838" 
2013-05-01T20:00:00Z,"IDCC",2013-10-01T20:00:00Z,Buy,43.45,37.7,23,-132.25,9.1337973538371,-183.31,97.52,280.83,0,"	1740,1841" 
2013-05-01T20:00:00Z,"IDT",2013-11-01T20:00:00Z,Buy,13.86,22,14,113.96,4.4357215474739,0,118.72,62.3,1,"	1741,1857" 
2013-05-01T20:00:00Z,"UTHR",2013-11-01T20:00:00Z,Buy,66.68,90.34,3,70.98,5.3362528380181,-15.3,70.98,23.19,1,"	1749,1860" 
2013-05-01T20:00:00Z,"WGO",2013-11-01T20:00:00Z,Buy,17.96,29.37,8,91.28,5.880752447118,0,103.68,37.04,1,"	1751,1861" 
2013-05-01T20:00:00Z,"CTB",2013-12-02T21:00:00Z,Buy,24.06,24.39,9,2.97,2.3914087884182,-7.29,95.4,101.7,1,"	1737,1877" 
2013-05-01T20:00:00Z,"JCOM",2013-12-02T21:00:00Z,Buy,39.59,45.61,5,30.1,8.0250302130951,-4.95,80.75,59.1,1,"	1742,1880" 
2013-05-01T20:00:00Z,"VLO",2013-12-02T21:00:00Z,Buy,38.79,46.83,6,48.24,2.1509850428853,-31.56,48.24,51.36,1,"	1750,1887" 
2013-05-01T20:00:00Z,"KELYA",2014-01-02T21:00:00Z,Buy,16.33,24.61,10,82.8,8.2171459837169,0,91.9,17.3,1,"	1743,1910" 
2013-05-01T20:00:00Z,"QUAD",2014-01-02T21:00:00Z,Buy,19.69,25.74,36,217.8,6.8734320295379,0,607.32,451.44,1,"	1744,1913" 
2013-05-01T20:00:00Z,"UNF",2014-01-02T21:00:00Z,Buy,88.85,106.12,20,345.4,19.358724777006,0,363,187.2,1,"	1748,1916" 
2013-05-01T20:00:00Z,"UTHR",2014-01-02T21:00:00Z,Buy,66.68,110.9,13,574.86,1.0637469048461,-66.3,621.79,117.13,1,"	1749,1917" 
2013-05-01T20:00:00Z,"WGO",2014-01-02T21:00:00Z,Buy,17.96,26.99,38,343.14,6.1337487473253,0,539.98,215.84,1,"	1751,1919" 
2013-05-01T20:00:00Z,"VLO",2014-02-03T21:00:00Z,Buy,38.79,48.85,19,191.14,6.9362186233849,-99.94,274.55,162.64,1,"	1750,1949" 
2013-05-01T20:00:00Z,"TTEC",2014-03-03T21:00:00Z,Buy,20.8,24.04,39,126.36,9.3882325423718,0,238.29,219.18,1,"	1747,1972" 
2013-05-01T20:00:00Z,"RS",2014-04-01T20:00:00Z,Buy,63.31,71.28,19,151.43,7.2310409741599,-20.14,243.39,178.6,1,"	1745,2001" 
2013-05-01T20:00:00Z,"TTEC",2014-05-01T20:00:00Z,Buy,20.8,24.22,46,157.32,1.3964732697886,0,281.06,258.52,1,"	1747,2025" 
2013-05-01T20:00:00Z,"IDT",2014-06-02T20:00:00Z,Buy,13.86,16.64,50,139,1.4917732207479,0,440,365,1,"	1741,2050" 
2013-05-01T20:00:00Z,"KELYA",2014-07-01T20:00:00Z,Buy,16.33,17.57,69,85.56,2.811320236466,0,659.64,601.68,1,"	1743,2077" 
2013-05-01T20:00:00Z,"JCOM",2014-09-02T20:00:00Z,Buy,39.59,53.76,29,410.93,2.7959699649928,-28.71,468.35,368.3,1,"	1742,2116" 
2013-05-01T20:00:00Z,"UTHR",2014-09-02T20:00:00Z,Buy,66.68,115.22,4,194.16,5.5055920415648,-20.4,204.6,113.48,1,"	1749,2121" 
2013-05-01T20:00:00Z,"GIII",2015-01-02T21:00:00Z,Buy,39.56,100,1,60.44,1.0243236596163,-7.04,61.74,15.9,1,"	1738,2211" 
2013-05-01T20:00:00Z,"GIII",2015-07-01T20:00:00Z,Buy,19.78,71.25,8,411.76,1.0557036247335,-28.16,418.4,63.6,1,"	1738,2351" 
2013-05-01T20:00:00Z,"SCVL",2015-12-01T21:00:00Z,Buy,19.79,21.78,0.49998125000937,0.99,7.8725377637472,-7.78,4.99,5.76,1,"	1746,2467" 
2013-06-03T20:00:00Z,"CTR",2013-07-01T20:00:00Z,Buy,25.25,25.32,8.0000164999917,0.56,1.7920558744682,-104.96,52,10.56,1,"	1764,1779" 
2013-06-03T20:00:00Z,"GCI",2013-07-01T20:00:00Z,Buy,20.8,25.21,38,167.58,17.465637882554,-36.1,220.4,114.76,1,"	1770,1781" 
2013-06-03T20:00:00Z,"CF",2013-08-01T20:00:00Z,Buy,193.59,195.98,2,4.78,2.0533005504023,-67.68,73.7,48.28,1,"	1765,1796" 
2013-06-03T20:00:00Z,"CVX",2013-08-01T20:00:00Z,Buy,124.09,126.39,3,6.9,1.5499526043269,-83.04,11.01,21.81,1,"	1766,1797" 
2013-06-03T20:00:00Z,"MED",2013-08-01T20:00:00Z,Buy,28.95,27.27,9,-15.12,2.1841309365773,-60.48,3.33,34.02,0,"	1771,1798" 
2013-06-03T20:00:00Z,"RES",2013-08-01T20:00:00Z,Buy,12.67,14.64,16,31.52,1.0805083399523,-2.4,73.12,20,1,"	1776,1801" 
2013-06-03T20:00:00Z,"MXIM",2013-12-02T21:00:00Z,Buy,29.32,28.22,7,-7.7,1.0347982366904,-57.68,27.93,16.87,0,"	1772,1883" 
2013-06-03T20:00:00Z,"PLPC",2013-12-02T21:00:00Z,Buy,69.68,68.74,8,-7.52,12.581874931687,-33.28,182.24,204.88,0,"	1774,1885" 
2013-06-03T20:00:00Z,"AEOS",2014-01-02T21:00:00Z,Buy,19.66,14.73,15,-73.95,1.3834517842716,-111.35,220.2,102.15,0,"	1762,1905" 
2013-06-03T20:00:00Z,"ANF",2014-01-02T21:00:00Z,Buy,49.71,32.01,18,-318.6,7.5962523354089,-323.82,37.62,361.44,0,"	1763,1907" 
2013-06-03T20:00:00Z,"DLX",2014-02-03T21:00:00Z,Buy,37.37,45.84,6,50.82,4.2040459904263,-22.02,96.9,46.08,1,"	1768,1938" 
2013-06-03T20:00:00Z,"PETS",2014-02-03T21:00:00Z,Buy,13.61,12.74,20,-17.4,2.4519213861416,-55.4,71.2,88.6,0,"	1773,1943" 
2013-06-03T20:00:00Z,"PLPC",2014-02-03T21:00:00Z,Buy,69.68,65.5,14,-58.52,5.0527576555844,-58.52,318.92,377.44,0,"	1774,1944" 
2013-06-03T20:00:00Z,"SANM",2014-02-03T21:00:00Z,Buy,13.85,16.11,59,133.34,18.936560058311,-18.88,252.52,210.63,1,"	1777,1947" 
2013-06-03T20:00:00Z,"DISCA",2014-03-03T21:00:00Z,Buy,79.01,82.08,4,12.28,2.3475483196307,-122.04,45.8,52.64,1,"	1767,1961" 
2013-06-03T20:00:00Z,"POWL",2014-03-03T21:00:00Z,Buy,48.57,67.62,5,95.25,1.025682106599,-7.5,101.45,48.45,1,"	1775,1967" 
2013-06-03T20:00:00Z,"FSLR",2014-04-01T20:00:00Z,Buy,53.33,70.89,4,70.24,2.0595428886354,-67.44,82.08,79.72,1,"	1769,1999" 
2013-06-03T20:00:00Z,"DLX",2014-05-01T20:00:00Z,Buy,37.37,54.98,33,581.13,1.1650900818926,-121.11,581.13,264,1,"	1768,2017" 
2013-06-03T20:00:00Z,"GCI",2014-09-02T20:00:00Z,Buy,20.8,34.1,7,93.1,1.3737334914172,-6.65,96.32,28.63,1,"	1770,2115" 
2013-06-03T20:00:00Z,"CTR",2014-12-01T21:00:00Z,Buy,25.25,39.86,0.99998350000825,14.61,1.9151939419268,-13.12,14.87,1.86,1,"	1764,2191" 
2013-06-03T20:00:00Z,"FSLR",2014-12-01T21:00:00Z,Buy,53.33,45.76,4,-30.28,1.0937704918033,-67.44,82.08,112.36,0,"	1769,2196" 
2013-06-03T20:00:00Z,"GCI",2015-07-01T20:00:00Z,Buy,20.8,32.97,16,194.72,3.6222377343843,-15.2,275.36,131.52,1,"	1770,2350" 
2013-07-01T20:00:00Z,"MOV",2013-09-03T20:00:00Z,Buy,34.55,41.62,7,49.49,1.8795727251525,-88.62,64.68,19.25,1,"	1791,1824" 
2013-07-01T20:00:00Z,"IDCC",2013-10-01T20:00:00Z,Buy,39.26,37.7,7,-10.92,1.0307749160134,-26.46,59.01,38.85,0,"	1788,1841" 
2013-07-01T20:00:00Z,"DK",2013-11-01T20:00:00Z,Buy,28.04,25.26,10,-27.8,1.0487313173445,-78.7,124.6,105.6,0,"	1786,1855" 
2013-07-01T20:00:00Z,"KLIC",2013-11-01T20:00:00Z,Buy,11.04,12.7,25,41.5,2.7169860661368,-1.5,65.5,30.25,1,"	1789,1858" 
2013-07-01T20:00:00Z,"BKE",2013-12-02T21:00:00Z,Buy,52.9,52.07,6,-4.98,2.0190701265445,-248.6,25.44,61.98,0,"	1785,1876" 
2013-07-01T20:00:00Z,"KLIC",2014-01-02T21:00:00Z,Buy,11.04,13.06,94,189.88,1.5498947368421,-5.64,246.28,177.66,1,"	1789,1911" 
2013-07-01T20:00:00Z,"MPC",2014-01-02T21:00:00Z,Buy,70.38,89.48,4,76.4,4.2906190915088,-33.12,85.44,51.96,1,"	1792,1912" 
2013-07-01T20:00:00Z,"VLO",2014-02-03T21:00:00Z,Buy,34.25,48.85,8,116.8,1.0394017831464,-5.76,151.92,35.12,1,"	1795,1949" 
2013-07-01T20:00:00Z,"HOC",2014-03-03T21:00:00Z,Buy,40.74,44.88,9,37.26,1.0428541374474,-170.46,159.21,59.22,1,"	1787,1963" 
2013-07-01T20:00:00Z,"SIX",2014-03-03T21:00:00Z,Buy,36.85,40.6,8,30,2.0513118473132,-39.36,31.6,45.76,1,"	1794,1969" 
2013-07-01T20:00:00Z,"MPC",2014-04-01T20:00:00Z,Buy,70.38,89.54,13,249.08,1.0977286305147,-107.64,313.3,168.87,1,"	1792,2000" 
2013-07-01T20:00:00Z,"RS",2014-04-01T20:00:00Z,Buy,66.31,71.28,4,19.88,1.6117393544117,-16.24,39.24,37.6,1,"	1793,2001" 
2013-07-01T20:00:00Z,"KWR",2014-11-03T21:00:00Z,Buy,63.22,83.27,4,80.2,2.2836651129979,-69.24,80.2,58.8,1,"	1790,2168" 
2013-08-01T20:00:00Z,"UEIC",2013-10-01T20:00:00Z,Buy,31.25,36.48,8,41.84,5.3828102386845,-13.52,41.84,32,1,"	1818,1844" 
2013-08-01T20:00:00Z,"DV",2013-11-01T20:00:00Z,Buy,30.63,34.91,35,149.8,2.3483738952394,-80.85,268.45,151.2,1,"	1805,1856" 
2013-08-01T20:00:00Z,"LNDC",2013-11-01T20:00:00Z,Buy,14.69,11.7,14,-41.86,1.2968857887273,-59.36,15.82,48.3,0,"	1810,1859" 
2013-08-01T20:00:00Z,"CVI",2013-12-02T21:00:00Z,Buy,48.54,40.03,5,-42.55,1.6622055976425,-157.7,109.2,74.6,0,"	1804,1878" 
2013-08-01T20:00:00Z,"GPS",2013-12-02T21:00:00Z,Buy,46.32,41.58,5,-23.7,1.0252232629057,-75.6,0.7,49,0,"	1807,1879" 
2013-08-01T20:00:00Z,"AEOS",2014-01-02T21:00:00Z,Buy,19.92,14.73,16.999954279969,-88.23,1.0913295975548,-130.62,245.14,115.77,0,"	1802,1905" 
2013-08-01T20:00:00Z,"ANF",2014-01-02T21:00:00Z,Buy,51.46,32.01,5,-97.25,1.5793969734154,-98.7,1.7,100.4,0,"	1803,1907" 
2013-08-01T20:00:00Z,"LEA",2014-02-03T21:00:00Z,Buy,69.4,71.99,4,10.36,3.3381538120557,-2.6,54.84,44.48,1,"	1809,1940" 
2013-08-01T20:00:00Z,"OSK",2014-02-03T21:00:00Z,Buy,46.56,50.54,5,19.9,4.9668471137531,-8.2,44.7,32.15,1,"	1812,1942" 
2013-08-01T20:00:00Z,"PLPC",2014-02-03T21:00:00Z,Buy,74.09,65.5,4,-34.36,1.0203125428376,-34.36,73.48,107.84,0,"	1814,1944" 
2013-08-01T20:00:00Z,"POWL",2014-03-03T21:00:00Z,Buy,51.03,67.62,6,99.54,2.3534210699449,-23.76,106.98,58.14,1,"	1815,1967" 
2013-08-01T20:00:00Z,"UEIC",2014-03-03T21:00:00Z,Buy,31.25,42.67,5,57.1,3.1677452323165,-8.45,57.65,27.95,1,"	1818,1973" 
2013-08-01T20:00:00Z,"PDFS",2014-05-01T20:00:00Z,Buy,20.95,18.93,59,-119.18,2.6743357429788,-219.48,322.14,541.62,0,"	1813,2020" 
2013-08-01T20:00:00Z,"TTEC",2014-05-01T20:00:00Z,Buy,25.58,24.22,8,-10.88,1.0408463073852,-38.24,10.64,44.96,0,"	1817,2025" 
2013-08-01T20:00:00Z,"UEIC",2014-06-02T20:00:00Z,Buy,31.25,42.96,5,58.55,2.5710396107842,-8.45,71.85,50.15,1,"	1818,2056" 
2013-08-01T20:00:00Z,"KELYA",2014-07-01T20:00:00Z,Buy,19.72,17.57,11,-23.65,1.0554215636178,-37.29,67.87,95.92,0,"	1808,2077" 
2013-08-01T20:00:00Z,"LEA",2014-08-01T20:00:00Z,Buy,69.4,93.34,4,95.76,1.9918400808973,-2.6,118.4,44.48,1,"	1809,2093" 
2013-08-01T20:00:00Z,"OSK",2014-08-01T20:00:00Z,Buy,46.56,46.31,5,-1.25,2.7885066791542,-8.2,67.25,70.85,0,"	1812,2096" 
2013-08-01T20:00:00Z,"RBIN",2014-08-01T20:00:00Z,Buy,47.91,42.31,6,-33.6,2.0786434694718,-103.2,76.8,110.4,0,"	1816,2097" 
2013-08-01T20:00:00Z,"LEA",2014-09-02T20:00:00Z,Buy,69.4,102.25,2,65.7,1.372013608231,-1.3,65.7,22.24,1,"	1809,2117" 
2013-08-01T20:00:00Z,"OSK",2014-09-02T20:00:00Z,Buy,46.56,49.6,15,45.6,5.2425014238231,-24.6,201.75,212.55,1,"	1812,2119" 
2013-08-01T20:00:00Z,"UTHR",2014-09-02T20:00:00Z,Buy,75.87,115.22,2,78.7,1.5042191538741,-28.58,83.92,56.74,1,"	1819,2121" 
2013-08-01T20:00:00Z,"LZB",2014-10-01T20:00:00Z,Buy,21.33,19.45,11,-20.68,1.0565918958032,-113.3,106.7,127.38,0,"	1811,2141" 
2013-08-01T20:00:00Z,"ENS",2014-11-03T21:00:00Z,Buy,53.78,62.46,5,43.4,1.3276994298192,-110.05,100.45,110.2,1,"	1806,2164" 
2013-08-01T20:00:00Z,"LEA",2014-11-03T21:00:00Z,Buy,69.4,91.79,3,67.17,1.0148848648649,-1.95,101.64,75.18,1,"	1809,2169" 
2013-08-01T20:00:00Z,"LEA",2015-08-03T20:00:00Z,Buy,69.4,103.57,2,68.34,1.7716473433819,-1.3,97.06,50.12,1,"	1809,2370" 
2013-08-01T20:00:00Z,"UEIC",2015-08-03T20:00:00Z,Buy,31.25,50.71,19,369.74,1.1614033564815,-32.11,667.09,333.64,1,"	1818,2374" 
2013-08-01T20:00:00Z,"WDC",2015-08-03T20:00:00Z,Buy,66.44,85.85,4,77.64,2.2740809479771,-132.04,191.36,151.16,1,"	1820,2375" 
2013-08-01T20:00:00Z,"LEA",2015-09-01T20:00:00Z,Buy,69.4,99.33,2,59.86,1.0096633913805,-1.3,97.06,50.12,1,"	1809,2396" 
2013-08-01T20:00:00Z,"LEA",2015-10-01T20:00:00Z,Buy,69.4,109.68,3,120.84,1.0151241036955,-1.95,145.59,75.18,1,"	1809,2425" 
2013-09-03T20:00:00Z,"DK",2013-11-01T20:00:00Z,Buy,25.31,25.26,9,-0.45,1.0458145615447,-46.26,136.71,46.26,0,"	1828,1855" 
2013-09-03T20:00:00Z,"BKE",2013-12-02T21:00:00Z,Buy,51.94,52.07,2.999938477462,0.39,1.5162285738562,-121.42,15.6,23.28,1,"	1827,1876" 
2013-09-03T20:00:00Z,"GPS",2013-12-02T21:00:00Z,Buy,40.72,41.58,5,4.3,1.0251668726823,-47.6,28.7,28.25,1,"	1831,1879" 
2013-09-03T20:00:00Z,"MXIM",2013-12-02T21:00:00Z,Buy,28.16,28.22,8,0.48,1.2763791208024,-56.64,41.2,16.08,1,"	1832,1883" 
2013-09-03T20:00:00Z,"SXI",2014-01-02T21:00:00Z,Buy,52.92,63.15,6,61.38,1.0297359056003,-18.18,66.36,33.66,1,"	1835,1915" 
2013-09-03T20:00:00Z,"USMO",2014-03-03T21:00:00Z,Buy,13.92,14.37,104,46.8,13.831936435596,-120.64,164.32,284.96,1,"	1837,1974" 
2013-09-03T20:00:00Z,"RS",2014-04-01T20:00:00Z,Buy,66.2,71.28,3,15.24,1.7656798200529,-11.85,29.76,28.2,1,"	1833,2001" 
2013-09-03T20:00:00Z,"FSLR",2014-12-01T21:00:00Z,Buy,36.87,45.76,7,62.23,1.0351429738562,-2.8,258.86,196.63,1,"	1829,2196" 
2013-09-03T20:00:00Z,"SMP",2015-05-01T20:00:00Z,Buy,30.84,36.25,9,48.69,2.7946894524588,-168.3,131.49,111.6,1,"	1834,2306" 
2013-09-03T20:00:00Z,"BKE",2015-07-01T20:00:00Z,Buy,51.94,45.97,1.000061522538,-5.97,1.3855996101691,-40.48,5.2,11.91,0,"	1827,2346" 
2013-09-03T20:00:00Z,"GIII",2015-07-01T20:00:00Z,Buy,23.505,71.25,3,143.24,1.0256548788474,-21.74,145.72,23.85,1,"	1830,2351" 
2013-10-01T20:00:00Z,"DK",2013-11-01T20:00:00Z,Buy,21.25,25.26,10,40.1,1.4468342515064,-10.8,192.5,15.5,1,"	1847,1855" 
2013-10-01T20:00:00Z,"CTB",2013-12-02T21:00:00Z,Buy,31.13,24.39,8,-53.92,2.3655233873428,-63.04,28.24,64.08,0,"	1846,1877" 
2013-10-01T20:00:00Z,"KIRK",2013-12-02T21:00:00Z,Buy,18.7,25.5,18,122.4,5.5603902716489,-30.6,125.28,30.6,1,"	1849,1881" 
2013-10-01T20:00:00Z,"KLIC",2014-01-02T21:00:00Z,Buy,11.61,13.06,18,26.1,1.7114320429734,-11.34,36.9,34.02,1,"	1850,1911" 
2013-10-01T20:00:00Z,"VLO",2014-02-03T21:00:00Z,Buy,33.84,48.85,7,105.07,1.9414331240589,-2.17,135.8,30.73,1,"	1852,1949" 
2013-10-01T20:00:00Z,"ICFI",2014-03-03T21:00:00Z,Buy,35.94,40.23,22,94.38,8.5792569473189,-78.98,113.74,84.26,1,"	1848,1964" 
2013-10-01T20:00:00Z,"KIRK",2014-03-03T21:00:00Z,Buy,18.7,17.76,40,-37.6,8.5083504653547,-78.4,278.4,356.8,0,"	1849,1965" 
2013-10-01T20:00:00Z,"BGFV",2014-04-01T20:00:00Z,Buy,16.18,16.17,13,-0.13,1.7046531883669,-25.61,112.06,74.23,0,"	1845,1998" 
2013-10-01T20:00:00Z,"PLUS",2014-06-02T20:00:00Z,Buy,51.7,56.56,4,19.44,2.0142135117624,-44.88,56.84,44.44,1,"	1851,2053" 
2013-10-01T20:00:00Z,"ICFI",2014-11-03T21:00:00Z,Buy,35.94,36.26,31,9.92,1.2694056136489,-170.81,166.16,336.97,1,"	1848,2167" 
2013-11-01T20:00:00Z,"CVI",2013-12-02T21:00:00Z,Buy,37.06,40.03,8,23.76,1.0373212487412,-160.48,266.56,31.12,1,"	1864,1878" 
2013-11-01T20:00:00Z,"GPS",2013-12-02T21:00:00Z,Buy,36.78,41.58,8,38.4,1.8565960823399,-44.64,77.44,11.04,1,"	1867,1879" 
2013-11-01T20:00:00Z,"NC",2013-12-02T21:00:00Z,Buy,55.18,63.46,4,33.12,1.4104272947045,-46.84,280.92,8.24,1,"	1871,1884" 
2013-11-01T20:00:00Z,"ANF",2014-01-02T21:00:00Z,Buy,36.9,32.01,6,-29.34,1.191553019375,-31.08,89.4,39.54,0,"	1863,1907" 
2013-11-01T20:00:00Z,"HHS",2014-02-03T21:00:00Z,Buy,7.98,6.86,141,-157.92,20.099171841059,-179.07,25.38,204.45,0,"	1868,1939" 
2013-11-01T20:00:00Z,"SANM",2014-02-03T21:00:00Z,Buy,14.91,16.11,16,19.2,3.3042385238104,-22.08,51.52,30.4,1,"	1874,1947" 
2013-11-01T20:00:00Z,"MPC",2014-04-01T20:00:00Z,Buy,70.86,89.54,3,56.04,1.0148325425621,-26.28,70.86,28.29,1,"	1870,2000" 
2013-11-01T20:00:00Z,"PPC",2014-05-01T20:00:00Z,Buy,14.07,22.05,68,542.64,5.5338605477985,-10.2,573.92,89.76,1,"	1872,2021" 
2013-11-01T20:00:00Z,"LHCG",2014-06-02T20:00:00Z,Buy,20.66,20.38,18,-5.04,1.0902621359223,-24.48,104.94,75.96,0,"	1869,2052" 
2013-11-01T20:00:00Z,"RBIN",2014-08-01T20:00:00Z,Buy,47.01,42.31,9,-42.3,2.2584534763694,-146.7,123.3,165.6,0,"	1873,2097" 
2013-11-01T20:00:00Z,"ALG",2014-09-02T20:00:00Z,Buy,48.43,49.03,5,3,1.4088124546014,-105.25,61.3,66.8,1,"	1862,2112" 
2013-11-01T20:00:00Z,"DECK",2015-12-01T21:00:00Z,Buy,68.56,48.91,12,-235.8,3.8178037977581,-324.36,588.96,637.08,0,"	1865,2463" 
2013-12-02T21:00:00Z,"LDOS",2014-01-02T21:00:00Z,Buy,48.88,46.25,16,-42.08,9.2731467357097,-132.48,0,132.48,0,"	1896,1914" 
2013-12-02T21:00:00Z,"SXI",2014-01-02T21:00:00Z,Buy,57.67,63.15,4,21.92,1.6011213963852,-31.12,25.24,5.76,1,"	1900,1915" 
2013-12-02T21:00:00Z,"UNF",2014-01-02T21:00:00Z,Buy,100.29,106.12,3,17.49,1.0147139084507,-34.32,20.13,7.44,1,"	1903,1916" 
2013-12-02T21:00:00Z,"MTRX",2014-02-03T21:00:00Z,Buy,21.82,24.86,9,27.36,7.8363882808412,-3.78,52.83,25.47,1,"	1893,1941" 
2013-12-02T21:00:00Z,"PETS",2014-02-03T21:00:00Z,Buy,15.22,12.74,20,-49.6,1.147791806091,-87.6,39,78.2,0,"	1894,1943" 
2013-12-02T21:00:00Z,"DISCA",2014-03-03T21:00:00Z,Buy,86.21,82.08,4,-16.52,1.9545412311865,-150.84,17,52.64,0,"	1891,1961" 
2013-12-02T21:00:00Z,"MTRX",2014-03-03T21:00:00Z,Buy,21.82,33.06,28,314.72,12.6085981927,-11.76,314.72,86.52,1,"	1893,1966" 
2013-12-02T21:00:00Z,"SIX",2014-03-03T21:00:00Z,Buy,36.78,40.6,6,22.92,1.0296533190003,-29.1,24.12,21.9,1,"	1897,1969" 
2013-12-02T21:00:00Z,"SYNA",2014-03-03T21:00:00Z,Buy,50.27,63.03,4,51.04,7.6236353937622,-6.56,63.84,22.36,1,"	1901,1971" 
2013-12-02T21:00:00Z,"USMO",2014-03-03T21:00:00Z,Buy,14.42,14.37,19,-0.95,2.2058854734589,-31.54,20.52,31.54,0,"	1904,1974" 
2013-12-02T21:00:00Z,"BGFV",2014-04-01T20:00:00Z,Buy,18.96,16.17,11,-30.69,1.9641653820516,-52.25,64.24,62.81,0,"	1890,1998" 
2013-12-02T21:00:00Z,"RS",2014-04-01T20:00:00Z,Buy,73.34,71.28,6,-12.36,2.7704112095832,-66.54,16.68,56.4,0,"	1895,2001" 
2013-12-02T21:00:00Z,"LDOS",2014-04-01T20:00:00Z,Buy,48.88,37.04,6,-71.04,1.0314253393665,-85.44,0,85.44,0,"	1896,2002" 
2013-12-02T21:00:00Z,"LDOS",2014-05-01T20:00:00Z,Buy,48.88,37.29,26,-301.34,1.175234962406,-370.24,0,370.24,0,"	1896,2022" 
2013-12-02T21:00:00Z,"STMP",2014-05-01T20:00:00Z,Buy,46.02,29.12,22,-371.8,12.92002593119,-371.8,0,371.8,0,"	1899,2024" 
2013-12-02T21:00:00Z,"TTEC",2014-05-01T20:00:00Z,Buy,25.16,24.22,12,-11.28,1.8121001762622,-52.32,21,46.44,0,"	1902,2025" 
2013-12-02T21:00:00Z,"SYNA",2014-07-01T20:00:00Z,Buy,50.27,91.88,9,374.49,8.0997887498152,-14.76,374.49,93.15,1,"	1901,2081" 
2013-12-02T21:00:00Z,"ANK",2014-08-01T20:00:00Z,Buy,55.5,58.88,6,20.28,17.186881548319,-14.16,68.4,77.58,1,"	1889,2089" 
2013-12-02T21:00:00Z,"ANK",2014-11-03T21:00:00Z,Buy,55.5,68.54,6,78.24,1.0306027682691,-14.16,78.24,79.98,1,"	1889,2161" 
2013-12-02T21:00:00Z,"SYNA",2014-11-03T21:00:00Z,Buy,50.27,65.72,8,123.6,1.0528218617565,-13.12,339.28,244.56,1,"	1901,2173" 
2013-12-02T21:00:00Z,"FSS",2015-01-02T21:00:00Z,Buy,15.3,15.34,15,0.6,3.877976794452,-53.7,9.45,56.1,1,"	1892,2210" 
2013-12-02T21:00:00Z,"MTRX",2015-01-02T21:00:00Z,Buy,21.82,22.24,26,10.92,4.5996625693011,-68.38,400.14,468.52,1,"	1893,2213" 
2013-12-02T21:00:00Z,"ANK",2015-02-02T21:00:00Z,Buy,55.5,67.42,20,238.4,1.1522354357971,-47.2,353.2,266.6,1,"	1889,2226" 
2013-12-02T21:00:00Z,"SMP",2015-05-01T20:00:00Z,Buy,34.4,36.25,9,16.65,1.0445852534562,-200.34,99.45,111.6,1,"	1898,2306" 
2013-12-02T21:00:00Z,"ABFS",2015-12-01T21:00:00Z,Buy,33.63,24.33,22,-204.6,12.220987244932,-210.1,301.4,511.5,0,"	1888,2460" 
2013-12-02T21:00:00Z,"FSS",2015-12-01T21:00:00Z,Buy,15.3,16.97,12,20.04,1.0603914590747,-42.96,21.96,44.88,1,"	1892,2464" 
2014-01-02T21:00:00Z,"HHS",2014-02-03T21:00:00Z,Buy,7.54,6.86,34,-23.12,1.9426933962938,-28.22,21.08,38.76,0,"	1924,1939" 
2014-01-02T21:00:00Z,"RGR",2014-02-03T21:00:00Z,Buy,73.75,72.21,3,-4.62,3.0316181777029,-4.62,33.57,38.19,0,"	1930,1945" 
2014-01-02T21:00:00Z,"SAFM",2014-02-03T21:00:00Z,Buy,72,71.97,2.5000067499966,-0.08,7.5532099328923,-132.73,11.2,11.28,0,"	1931,1946" 
2014-01-02T21:00:00Z,"SNX",2014-05-01T20:00:00Z,Buy,66.22,66.48,8,2.08,4.5887514986649,-110.88,85.76,110.88,1,"	1933,2023" 
2014-01-02T21:00:00Z,"STMP",2014-05-01T20:00:00Z,Buy,41.78,29.12,5,-63.3,1.4225119335868,-63.3,21.2,66.7,0,"	1934,2024" 
2014-01-02T21:00:00Z,"TTEC",2014-05-01T20:00:00Z,Buy,23.8,24.22,13,5.46,1.0646198830409,-39,40.43,33.8,1,"	1935,2025" 
2014-01-02T21:00:00Z,"XRX",2014-05-01T20:00:00Z,Buy,11.91,12.08,146,24.82,4.8795734396115,-235.06,77.38,312.44,1,"	1937,2026" 
2014-01-02T21:00:00Z,"CMCO",2014-06-02T20:00:00Z,Buy,26.68,28.82,9,19.26,2.3409699417373,-17.64,32.58,22.32,1,"	1920,2048" 
2014-01-02T21:00:00Z,"IDT",2014-06-02T20:00:00Z,Buy,17.7,16.64,17,-18.02,1.0841913822048,-65.28,84.32,64.26,0,"	1925,2050" 
2014-01-02T21:00:00Z,"SAFM",2014-07-01T20:00:00Z,Buy,72,97.92,4,103.68,2.4750997822524,-212.37,103.68,23.72,1,"	1931,2080" 
2014-01-02T21:00:00Z,"CMCO",2014-08-01T20:00:00Z,Buy,26.68,23.16,51,-179.52,1.3137806451613,-179.52,184.62,364.14,0,"	1920,2091" 
2014-01-02T21:00:00Z,"OSK",2014-09-02T20:00:00Z,Buy,49.48,49.6,6,0.72,1.5625039572927,-27.36,63.18,85.02,1,"	1929,2119" 
2014-01-02T21:00:00Z,"RGR",2014-10-01T20:00:00Z,Buy,73.75,47.4,19,-500.65,1.1411583487369,-525.54,212.61,738.15,0,"	1930,2144" 
2014-01-02T21:00:00Z,"SAFM",2014-10-01T20:00:00Z,Buy,72,87.39,3,46.17,2.1423259689741,-159.28,91.77,48.18,1,"	1931,2145" 
2014-01-02T21:00:00Z,"SNX",2014-10-01T20:00:00Z,Buy,66.22,63.14,15,-46.2,1.087925112177,-207.9,160.8,257.7,0,"	1933,2148" 
2014-01-02T21:00:00Z,"ENS",2014-11-03T21:00:00Z,Buy,69.02,62.46,4,-26.24,1.5815530775933,-149,19.4,88.16,0,"	1921,2164" 
2014-01-02T21:00:00Z,"KWR",2014-11-03T21:00:00Z,Buy,76.87,83.27,3,19.2,1.014961074348,-92.88,19.2,35.82,1,"	1926,2168" 
2014-01-02T21:00:00Z,"GES",2015-04-01T20:00:00Z,Buy,30.56,18.23,56,-690.48,20.945960200352,-774.48,49.84,824.32,0,"	1922,2272" 
2014-01-02T21:00:00Z,"SAIA",2015-05-01T20:00:00Z,Buy,30.52,41.08,10,105.6,1.2430509058156,-171.87,260.1,168.5,1,"	1932,2304" 
2014-01-02T21:00:00Z,"UEIC",2015-08-03T20:00:00Z,Buy,36.75,50.71,6,83.76,1.0289294148517,-43.14,177.66,105.36,1,"	1936,2374" 
2014-01-02T21:00:00Z,"MRVL",2015-12-01T21:00:00Z,Buy,14.17,9.38,108,-517.32,3.2890779299064,-660.96,261.36,922.32,0,"	1928,2466" 
2014-02-03T21:00:00Z,"COLM",2014-03-03T21:00:00Z,Buy,73.4,83.24,3,29.52,13.448674097202,-1.65,34.11,8.13,1,"	1950,1960" 
2014-02-03T21:00:00Z,"KIRK",2014-03-03T21:00:00Z,Buy,17.58,17.76,18,3.24,1.0840254912374,-15.12,145.44,21.96,1,"	1954,1965" 
2014-02-03T21:00:00Z,"UACL",2014-04-01T20:00:00Z,Buy,27.68,28.98,48,62.4,19.648516647288,-143.52,72,160.8,1,"	1958,2003" 
2014-02-03T21:00:00Z,"COLM",2014-05-01T20:00:00Z,Buy,73.4,86.12,3,38.16,1.0150244242847,-1.65,38.16,19.98,1,"	1950,2016" 
2014-02-03T21:00:00Z,"IPAR",2014-06-02T20:00:00Z,Buy,31.74,29.27,7,-17.29,1.03413952059,-48.58,43.96,55.86,0,"	1953,2051" 
2014-02-03T21:00:00Z,"NUS",2014-08-01T20:00:00Z,Buy,82.78,59.03,8,-190,2.0942052938562,-192.72,47.04,239.76,0,"	1955,2095" 
2014-02-03T21:00:00Z,"PRFT",2014-09-02T20:00:00Z,Buy,20.01,17.59,52,-125.84,15.515565469707,-177.84,45.76,223.6,0,"	1957,2120" 
2014-02-03T21:00:00Z,"OSTK",2014-11-03T21:00:00Z,Buy,20.72,23.59,31,88.97,2.4279863801562,-209.56,88.97,252.96,1,"	1956,2170" 
2014-02-03T21:00:00Z,"COLM",2014-12-01T21:00:00Z,Buy,36.7,43.66,6,41.76,1.5698303377981,-9.84,50.1,49.11,1,"	1950,2192" 
2014-02-03T21:00:00Z,"COLM",2015-03-02T21:00:00Z,Buy,36.7,56.35,27,530.55,1.1361111111111,-44.28,530.55,221,1,"	1950,2248" 
2014-02-03T21:00:00Z,"USNA",2015-06-01T20:00:00Z,Buy,57.62,129.52,1,71.9,1.0192483714715,-34.02,82.89,21.03,1,"	1959,2332" 
2014-02-03T21:00:00Z,"COLM",2015-08-03T20:00:00Z,Buy,36.7,64.69,5,139.95,1.0542549622589,-8.2,174.2,40.92,1,"	1950,2369" 
2014-02-03T21:00:00Z,"USNA",2015-09-01T20:00:00Z,Buy,57.62,141.49,3,251.61,10.434252571627,-102.06,355.5,104.79,1,"	1959,2401" 
2014-03-03T21:00:00Z,"BGFV",2014-04-01T20:00:00Z,Buy,14.89,16.17,24,30.72,1.1177075098814,-16.32,237.84,29.76,1,"	1978,1998" 
2014-03-03T21:00:00Z,"MPC",2014-04-01T20:00:00Z,Buy,83.35,89.54,3,18.57,1.0148839285714,-63.75,33.39,22.32,1,"	1987,2000" 
2014-03-03T21:00:00Z,"MU",2014-05-01T20:00:00Z,Buy,24.48,26.25,9,15.93,2.3235207831758,-30.15,15.93,35.82,1,"	1988,2018" 
2014-03-03T21:00:00Z,"PDFS",2014-05-01T20:00:00Z,Buy,19.36,18.93,15,-6.45,4.2444385156949,-31.95,105.75,41.55,0,"	1989,2020" 
2014-03-03T21:00:00Z,"LDOS",2014-05-01T20:00:00Z,Buy,44.67,37.29,9,-66.42,2.2578935153641,-90.27,37.89,95.67,0,"	1991,2022" 
2014-03-03T21:00:00Z,"STMP",2014-05-01T20:00:00Z,Buy,35.55,29.12,8,-51.44,2.001072215937,-51.44,83.76,64,0,"	1992,2024" 
2014-03-03T21:00:00Z,"XRX",2014-05-01T20:00:00Z,Buy,10.87,12.08,19,22.99,1.7639059194554,-10.83,29.83,13.49,1,"	1996,2026" 
2014-03-03T21:00:00Z,"IDT",2014-06-02T20:00:00Z,Buy,18.24,16.64,14,-22.4,1.0711309192201,-61.32,61.88,52.92,0,"	1984,2050" 
2014-03-03T21:00:00Z,"LHCG",2014-06-02T20:00:00Z,Buy,23.42,20.38,10,-30.4,2.0539278836616,-41.2,30.7,30.5,0,"	1985,2052" 
2014-03-03T21:00:00Z,"TSN",2014-06-02T20:00:00Z,Buy,38.81,43.4,11,50.49,4.7360415461513,-6.16,57.2,63.36,1,"	1993,2055" 
2014-03-03T21:00:00Z,"CORE",2014-07-01T20:00:00Z,Buy,38.25,46.92,9,78.03,16.882439834876,-29.25,78.03,40.77,1,"	1980,2075" 
2014-03-03T21:00:00Z,"CMCO",2014-08-01T20:00:00Z,Buy,25.25,23.16,12,-25.08,1.8532714820088,-25.08,60.6,85.68,0,"	1979,2091" 
2014-03-03T21:00:00Z,"CORE",2014-08-01T20:00:00Z,Buy,38.25,46.94,7,60.83,1.956864524505,-22.75,63,31.71,1,"	1980,2092" 
2014-03-03T21:00:00Z,"ALG",2014-09-02T20:00:00Z,Buy,51.42,49.03,5,-11.95,1.0244484594903,-120.2,46.35,62.35,0,"	1977,2112" 
2014-03-03T21:00:00Z,"CORE",2014-10-01T20:00:00Z,Buy,38.25,51.69,12,161.28,1.0584728506787,-39,195.84,54.36,1,"	1980,2138" 
2014-03-03T21:00:00Z,"LZB",2014-10-01T20:00:00Z,Buy,25.37,19.45,15,-88.8,3.0746773907089,-215.1,84.9,132.15,0,"	1986,2141" 
2014-03-03T21:00:00Z,"MU",2014-10-01T20:00:00Z,Buy,24.48,33.5,12,108.24,1.0586690017513,-40.2,121.92,59.52,1,"	1988,2143" 
2014-03-03T21:00:00Z,"RGR",2014-10-01T20:00:00Z,Buy,63.6,47.4,4,-64.8,2.7245837734921,-70.04,85.36,88.6,0,"	1990,2144" 
2014-03-03T21:00:00Z,"DAL",2014-11-03T21:00:00Z,Buy,32.59,40.61,8,64.16,8.6811981732931,-13.52,77.12,90.64,1,"	1981,2162" 
2014-03-03T21:00:00Z,"GNTX",2014-11-03T21:00:00Z,Buy,31.14,32.68,66,101.64,2.786737485417,-306.9,105.6,358.38,1,"	1983,2166" 
2014-03-03T21:00:00Z,"TTWO",2014-11-03T21:00:00Z,Buy,20,25.83,17,99.11,3.7006567683055,-20.23,109.65,58.99,1,"	1994,2174" 
2014-03-03T21:00:00Z,"DAL",2014-12-01T21:00:00Z,Buy,32.59,45.62,5,65.15,1.8282889532828,-8.45,70.45,56.65,1,"	1981,2193" 
2014-03-03T21:00:00Z,"MU",2015-01-02T21:00:00Z,Buy,24.48,34.75,34,349.18,1.1687375035704,-113.9,408.34,258.74,1,"	1988,2214" 
2014-03-03T21:00:00Z,"CORE",2015-02-02T21:00:00Z,Buy,38.25,67.5,6,175.5,2.7374028161544,-19.5,186.3,27.6,1,"	1980,2227" 
2014-03-03T21:00:00Z,"TSN",2015-02-02T21:00:00Z,Buy,38.81,39.57,39,29.64,1.2280545594262,-142.74,202.8,345.54,1,"	1993,2233" 
2014-03-03T21:00:00Z,"TTWO",2015-03-02T21:00:00Z,Buy,20,26.06,53,321.18,4.2700715863583,-63.07,556.5,235.32,1,"	1994,2254" 
2014-03-03T21:00:00Z,"DAL",2015-04-01T20:00:00Z,Buy,32.59,43.26,31,330.77,1.1491392348754,-52.39,562.34,351.23,1,"	1981,2270" 
2014-03-03T21:00:00Z,"CORE",2015-07-01T20:00:00Z,Buy,38.25,59.86,4,86.44,1.020205907173,-13,132.44,75,1,"	1980,2349" 
2014-03-03T21:00:00Z,"CORE",2015-11-02T21:00:00Z,Buy,38.25,80.58,8,338.64,5.0707147381952,-26,344.32,150,1,"	1980,2440" 
2014-03-03T21:00:00Z,"ABFS",2015-12-01T21:00:00Z,Buy,32.82,24.33,7,-59.43,2.5531112439437,-61.18,101.57,162.75,0,"	1976,2460" 
2014-04-01T20:00:00Z,"MYGN",2014-05-01T20:00:00Z,Buy,35.15,39.97,5,24.1,2.1624638822074,0,35.3,15.1,1,"	2014,2019" 
2014-04-01T20:00:00Z,"BAH",2014-06-02T20:00:00Z,Buy,22.32,22.09,18,-4.14,3.627506535785,-16.74,48.24,52.38,0,"	2005,2046" 
2014-04-01T20:00:00Z,"EPAM",2014-06-02T20:00:00Z,Buy,36.37,42.15,5,28.9,26.840348519225,-30.8,30.65,30.8,1,"	2007,2049" 
2014-04-01T20:00:00Z,"LHCG",2014-06-02T20:00:00Z,Buy,22.3,20.38,12,-23.04,3.4320232579466,-36,50.28,23.16,0,"	2012,2052" 
2014-04-01T20:00:00Z,"PLUS",2014-06-02T20:00:00Z,Buy,56.58,56.56,4,-0.08,2.3420048528466,-64.4,37.32,44.44,0,"	2013,2053" 
2014-04-01T20:00:00Z,"FF",2014-09-02T20:00:00Z,Buy,21.05,14,61,-430.05,2.688394909688,-449.57,23.79,473.36,0,"	2008,2114" 
2014-04-01T20:00:00Z,"JCOM",2014-09-02T20:00:00Z,Buy,50.12,53.76,4,14.56,1.020027972028,-46.08,22.48,26.16,1,"	2011,2116" 
2014-04-01T20:00:00Z,"PRFT",2014-09-02T20:00:00Z,Buy,18.43,17.59,14,-11.76,2.7078192371719,-25.76,34.44,51.8,0,"	2015,2120" 
2014-04-01T20:00:00Z,"EPAM",2014-10-01T20:00:00Z,Buy,36.37,43.11,22,148.28,1.1427483443709,-135.52,201.08,183.7,1,"	2007,2140" 
2014-04-01T20:00:00Z,"GES",2015-04-01T20:00:00Z,Buy,28.01,18.23,10,-97.8,1.0507243752264,-112.8,34.4,124.1,0,"	2010,2272" 
2014-04-01T20:00:00Z,"MYGN",2015-05-01T20:00:00Z,Buy,35.15,34.18,22,-21.34,6.0540183005044,-69.08,155.32,224.4,0,"	2014,2299" 
2014-04-01T20:00:00Z,"BAH",2015-06-01T20:00:00Z,Buy,22.32,25.59,13,42.51,1.0656153846154,-19.5,105.95,78.26,1,"	2005,2325" 
2014-04-01T20:00:00Z,"BAH",2015-08-03T20:00:00Z,Buy,22.32,27.21,11,53.79,1.0539686260368,-16.5,89.65,66.22,1,"	2005,2367" 
2014-04-01T20:00:00Z,"COLM",2015-08-03T20:00:00Z,Buy,41.625,64.69,6,138.39,2.0919388684743,-39.39,179.49,49.11,1,"	2006,2369" 
2014-04-01T20:00:00Z,"BAH",2015-11-02T21:00:00Z,Buy,22.32,29.75,52,386.36,7.2303315344443,-78,423.8,313.04,1,"	2005,2438" 
2014-05-01T20:00:00Z,"CALM",2014-06-02T20:00:00Z,Buy,59.02,69.47,5,52.25,2.1832593122276,-1.75,53.7,5,1,"	2028,2047" 
2014-05-01T20:00:00Z,"IDT",2014-06-02T20:00:00Z,Buy,15.83,16.64,17,13.77,2.3296186473328,-33.49,116.11,9.69,1,"	2033,2050" 
2014-05-01T20:00:00Z,"LHCG",2014-06-02T20:00:00Z,Buy,20.82,20.38,15,-6.6,2.7720017961479,-22.8,85.05,10.2,0,"	2035,2052" 
2014-05-01T20:00:00Z,"POWI",2014-06-02T20:00:00Z,Buy,49.37,49.1,23,-6.21,2.2324894542418,-30.59,39.56,48.99,0,"	2040,2054" 
2014-05-01T20:00:00Z,"MEI",2014-07-01T20:00:00Z,Buy,28.23,37.99,6,58.56,2.1672197216487,-2.58,59.82,9.66,1,"	2036,2078" 
2014-05-01T20:00:00Z,"CALM",2014-08-01T20:00:00Z,Buy,59.02,69.97,3,32.85,2.0466193662407,-1.05,60.81,27.96,1,"	2028,2090" 
2014-05-01T20:00:00Z,"RBIN",2014-08-01T20:00:00Z,Buy,57.09,42.31,4,-59.12,1.3785097376235,-105.52,14.48,61.32,0,"	2041,2097" 
2014-05-01T20:00:00Z,"THO",2014-08-01T20:00:00Z,Buy,61.21,52.63,32,-274.56,2.3496741496616,-274.56,6.4,280.96,0,"	2043,2100" 
2014-05-01T20:00:00Z,"MOV",2014-09-02T20:00:00Z,Buy,39.03,37.58,38,-55.1,2.3810934533699,-80.18,190.38,264.86,0,"	2037,2118" 
2014-05-01T20:00:00Z,"OSK",2014-09-02T20:00:00Z,Buy,54.94,49.6,6,-32.04,1.0296919473969,-60.12,30.42,70.32,0,"	2039,2119" 
2014-05-01T20:00:00Z,"CALM",2014-10-01T20:00:00Z,Buy,59.02,87.8,6,172.68,1.0294861748573,-2.1,193.98,55.92,1,"	2028,2137" 
2014-05-01T20:00:00Z,"MEI",2014-10-01T20:00:00Z,Buy,28.23,36.05,6,46.92,2.123385784889,-2.58,77.46,43.5,1,"	2036,2142" 
2014-05-01T20:00:00Z,"ENS",2014-11-03T21:00:00Z,Buy,67.13,62.46,3,-14.01,1.0149001183782,-106.08,20.22,59.94,0,"	2030,2164" 
2014-05-01T20:00:00Z,"GNTX",2014-11-03T21:00:00Z,Buy,29.02,32.68,7,25.62,1.0354272758982,-17.71,26.04,26.46,1,"	2031,2166" 
2014-05-01T20:00:00Z,"ICFI",2014-11-03T21:00:00Z,Buy,38.42,36.26,7,-15.12,2.3441042235568,-55.93,20.16,56.63,0,"	2032,2167" 
2014-05-01T20:00:00Z,"OSTK",2014-11-03T21:00:00Z,Buy,15.33,23.59,23,189.98,1.1100468164794,-31.51,189.98,72.45,1,"	2038,2170" 
2014-05-01T20:00:00Z,"ANK",2015-02-02T21:00:00Z,Buy,57.15,67.42,6,61.62,1.0289758323475,-24.06,96.06,66.48,1,"	2027,2226" 
2014-05-01T20:00:00Z,"VMW",2015-03-02T21:00:00Z,Buy,92.05,86.59,15,-81.9,2.1916818457618,-254.85,173.85,428.7,0,"	2044,2256" 
2014-05-01T20:00:00Z,"MEI",2015-04-01T20:00:00Z,Buy,28.23,46.99,5,93.8,1.0249734268707,-2.15,94.05,46.15,1,"	2036,2276" 
2014-05-01T20:00:00Z,"CALM",2015-06-01T20:00:00Z,Buy,29.51,57.29,17,472.26,1.0858996295643,-2.98,515.95,221.68,1,"	2028,2326" 
2014-05-01T20:00:00Z,"KFY",2015-07-01T20:00:00Z,Buy,28.8,35.1,6,37.8,3.010685039857,-27.54,43.08,50.1,1,"	2034,2352" 
2014-05-01T20:00:00Z,"WDC",2015-08-03T20:00:00Z,Buy,82.28,85.85,3,10.71,1.0140043118121,-146.55,96,113.37,1,"	2045,2375" 
2014-05-01T20:00:00Z,"CALM",2015-10-01T20:00:00Z,Buy,29.51,56.47,19,512.24,12.172179996212,-3.32,576.65,247.76,1,"	2028,2420" 
2014-05-01T20:00:00Z,"MEI",2015-10-01T20:00:00Z,Buy,28.23,31.99,10,37.6,1.0551551724138,-42.6,203.8,246.4,1,"	2036,2427" 
2014-05-01T20:00:00Z,"DECK",2015-12-01T21:00:00Z,Buy,80.12,48.91,3,-93.63,1.0152222925902,-115.77,112.56,159.27,0,"	2029,2463" 
2014-06-02T20:00:00Z,"DXPE",2014-07-01T20:00:00Z,Buy,70.44,77.08,10,66.4,14.254821619178,-36.3,66.4,36.3,1,"	2059,2076" 
2014-06-02T20:00:00Z,"KELYA",2014-07-01T20:00:00Z,Buy,17.67,17.57,25,-2.5,1.1243665540541,-33.5,205.5,41.5,0,"	2065,2077" 
2014-06-02T20:00:00Z,"PPC",2014-07-01T20:00:00Z,Buy,25.92,27.69,8,14.16,2.4072413018817,-12.08,14.16,17.12,1,"	2071,2079" 
2014-06-02T20:00:00Z,"MOD",2014-08-01T20:00:00Z,Buy,14.94,13.25,85,-143.65,8.1127179452638,-143.65,90.95,234.6,0,"	2066,2094" 
2014-06-02T20:00:00Z,"NUS",2014-08-01T20:00:00Z,Buy,73.62,59.03,3,-43.77,1.0149553087757,-44.79,45.12,54.36,0,"	2069,2095" 
2014-06-02T20:00:00Z,"RBIN",2014-08-01T20:00:00Z,Buy,52.7,42.31,4,-41.56,1.0198381328816,-87.96,32.04,46.8,0,"	2072,2097" 
2014-06-02T20:00:00Z,"SKX",2014-08-01T20:00:00Z,Buy,44.68,52.29,5,38.05,8.7686522710085,-1.6,46.55,15,1,"	2073,2099" 
2014-06-02T20:00:00Z,"ALG",2014-09-02T20:00:00Z,Buy,52.3,49.03,5,-16.35,1.0252218364198,-124.6,41.95,44.25,0,"	2057,2112" 
2014-06-02T20:00:00Z,"OSK",2014-09-02T20:00:00Z,Buy,54.04,49.6,4,-17.76,1.0199962997225,-36.48,23.88,46.88,0,"	2070,2119" 
2014-06-02T20:00:00Z,"SKX",2014-10-01T20:00:00Z,Buy,44.68,52.59,4,31.64,2.7250042438658,-1.28,77.64,46.76,1,"	2073,2147" 
2014-06-02T20:00:00Z,"PPC",2014-11-03T21:00:00Z,Buy,25.92,28.9,15,44.7,9.7805984665332,-22.65,101.4,101.55,1,"	2071,2171" 
2014-06-02T20:00:00Z,"FSLR",2014-12-01T21:00:00Z,Buy,62.7,45.76,4,-67.76,2.1785932774891,-104.92,44.6,108.08,0,"	2060,2196" 
2014-06-02T20:00:00Z,"HURN",2015-02-02T21:00:00Z,Buy,67.97,75.13,22,157.52,22.353530123274,-165.66,218.24,238.7,1,"	2064,2229" 
2014-06-02T20:00:00Z,"GES",2015-04-01T20:00:00Z,Buy,25.52,18.23,9,-65.61,1.5580473957116,-79.11,53.37,105.48,0,"	2062,2272" 
2014-06-02T20:00:00Z,"HVT",2015-04-01T20:00:00Z,Buy,24.97,24.05,11,-10.12,1.2772258734595,-95.7,70.07,73.59,0,"	2063,2274" 
2014-06-02T20:00:00Z,"MYGN",2015-05-01T20:00:00Z,Buy,33.62,34.18,7,3.92,2.8964062352811,-11.27,60.13,58.8,1,"	2068,2299" 
2014-06-02T20:00:00Z,"PPC",2015-05-01T20:00:00Z,Buy,25.92,25.44,38,-18.24,7.6868811432316,-126.54,443.46,570,0,"	2071,2301" 
2014-06-02T20:00:00Z,"SKX",2015-05-01T20:00:00Z,Buy,44.68,91.67,6,281.94,1.0305838523132,-1.92,281.94,87.3,1,"	2073,2305" 
2014-06-02T20:00:00Z,"COLM",2015-08-03T20:00:00Z,Buy,42.01,64.69,1,22.68,1.0201076941486,-6.95,29.53,7.95,1,"	2058,2369" 
2014-06-02T20:00:00Z,"SKX",2015-08-03T20:00:00Z,Buy,44.68,148.65,7,727.79,1.0345812562313,-2.24,740.39,101.85,1,"	2073,2373" 
2014-06-02T20:00:00Z,"MRVL",2015-12-01T21:00:00Z,Buy,15.92,9.38,20,-130.8,2.3518426262434,-157.4,13.4,170.8,0,"	2067,2466" 
2014-07-01T20:00:00Z,"THO",2014-08-01T20:00:00Z,Buy,56.93,52.63,6,-25.8,2.1952561176959,-25.8,26.88,25.8,0,"	2087,2100" 
2014-07-01T20:00:00Z,"RGR",2014-10-01T20:00:00Z,Buy,59.46,47.4,6,-72.36,1.8315476762863,-80.22,152.88,82.86,0,"	2086,2144" 
2014-07-01T20:00:00Z,"GNTX",2014-11-03T21:00:00Z,Buy,29.58,32.68,7,21.7,1.425363461703,-21.63,22.12,26.46,1,"	2083,2166" 
2014-07-01T20:00:00Z,"ICFI",2014-11-03T21:00:00Z,Buy,35.93,36.26,8,2.64,1.0406447963801,-44,42.96,45.92,1,"	2084,2167" 
2014-07-01T20:00:00Z,"PSX",2014-11-03T21:00:00Z,Buy,80.6,76.68,3,-11.76,2.1599587069818,-38.13,20.73,58.86,0,"	2085,2172" 
2014-07-01T20:00:00Z,"CRUS",2015-01-02T21:00:00Z,Buy,22.79,23.71,59,54.28,8.7875844194984,-348.69,120.36,469.05,1,"	2082,2209" 
2014-07-01T20:00:00Z,"PSX",2015-01-02T21:00:00Z,Buy,80.6,72.29,3,-24.93,1.0151234309623,-46.53,20.73,67.26,0,"	2085,2215" 
2014-07-01T20:00:00Z,"PSX",2015-05-01T20:00:00Z,Buy,80.6,81.61,23,23.23,7.5920280492497,-494.73,158.93,653.66,1,"	2085,2302" 
2014-08-01T20:00:00Z,"FF",2014-09-02T20:00:00Z,Buy,15.7,14,13,-22.1,2.0712351184487,-26.26,74.62,31.98,0,"	2105,2114" 
2014-08-01T20:00:00Z,"SWKS",2014-11-03T21:00:00Z,Buy,52.07,60.23,5,40.8,11.548324001683,-33.75,40.8,67.6,1,"	2102,2160" 
2014-08-01T20:00:00Z,"ENS",2014-11-03T21:00:00Z,Buy,63.54,62.46,5,-5.4,1.0250433548794,-158.85,51.65,62.4,0,"	2104,2164" 
2014-08-01T20:00:00Z,"KWR",2014-11-03T21:00:00Z,Buy,71.04,83.27,5,61.15,1.0251522447245,-125.65,61.15,48.2,1,"	2106,2168" 
2014-08-01T20:00:00Z,"SYNA",2014-11-03T21:00:00Z,Buy,78.11,65.72,3,-37.17,1.0162210992662,-88.44,43.71,71.37,0,"	2110,2173" 
2014-08-01T20:00:00Z,"DDS",2014-12-01T21:00:00Z,Buy,120.49,116.64,4,-15.4,8.5071270520098,-80.12,12.52,92.64,0,"	2103,2194" 
2014-08-01T20:00:00Z,"MTRX",2015-01-02T21:00:00Z,Buy,26.71,22.24,11,-49.17,1.0547132216015,-82.72,115.5,109.34,0,"	2108,2213" 
2014-08-01T20:00:00Z,"SWKS",2015-02-02T21:00:00Z,Buy,52.07,82.02,20,599,5.0879428648985,-135,642.4,270.4,1,"	2102,2225" 
2014-08-01T20:00:00Z,"ZBRA",2015-04-01T20:00:00Z,Buy,80.31,89.56,19,175.75,7.2041480236113,-370.69,229.71,413.25,1,"	2111,2278" 
2014-08-01T20:00:00Z,"LSCC",2015-05-01T20:00:00Z,Buy,6.86,6.12,173,-128.02,9.418682426287,-160.89,141.86,302.75,0,"	2107,2298" 
2014-08-01T20:00:00Z,"NSIT",2015-05-01T20:00:00Z,Buy,27.35,28.07,59,42.48,15.921276715447,-316.24,117.41,322.14,1,"	2109,2300" 
2014-09-02T20:00:00Z,"DMLP",2014-10-01T20:00:00Z,Buy,33.98,29.92,14,-56.84,2.514522791268,-74.34,0,74.34,0,"	2124,2139" 
2014-09-02T20:00:00Z,"EPAM",2014-10-01T20:00:00Z,Buy,37.54,43.11,7,38.99,1.0348977423639,-51.31,55.79,7.07,1,"	2127,2140" 
2014-09-02T20:00:00Z,"SNX",2014-10-01T20:00:00Z,Buy,71.25,63.14,3,-24.33,1.8173421449561,-56.67,17.07,34.47,0,"	2134,2148" 
2014-09-02T20:00:00Z,"DMLP",2014-11-03T21:00:00Z,Buy,33.98,26.65,16,-117.28,1.0776119402985,-136.32,0,136.32,0,"	2124,2163" 
2014-09-02T20:00:00Z,"ICFI",2014-11-03T21:00:00Z,Buy,33.87,36.26,8,19.12,1.0401065719361,-27.52,59.44,27.52,1,"	2130,2167" 
2014-09-02T20:00:00Z,"EGY",2014-12-01T21:00:00Z,Buy,8.88,5.94,95,-279.3,2.9533919835207,-299.25,43.7,342.95,0,"	2126,2195" 
2014-09-02T20:00:00Z,"INTC",2014-12-01T21:00:00Z,Buy,34.57,37.17,7,18.2,9.2220430837297,-26.04,18.76,31.36,1,"	2131,2197" 
2014-09-02T20:00:00Z,"HURN",2015-02-02T21:00:00Z,Buy,60.58,75.13,5,72.75,1.0250413359788,-0.7,86.55,31.8,1,"	2129,2229" 
2014-09-02T20:00:00Z,"TSN",2015-02-02T21:00:00Z,Buy,38.37,39.57,6,7.2,1.7374484389122,-19.32,33.84,27.48,1,"	2135,2233" 
2014-09-02T20:00:00Z,"DV",2015-03-02T21:00:00Z,Buy,42.73,36.94,6,-34.74,3.7463937606765,-38.94,38.7,77.64,0,"	2125,2249" 
2014-09-02T20:00:00Z,"VMW",2015-03-02T21:00:00Z,Buy,98.98,86.59,3,-37.17,1.8041397096956,-71.76,13.98,71.76,0,"	2136,2256" 
2014-09-02T20:00:00Z,"GPRE",2015-04-01T20:00:00Z,Buy,44.68,29.69,29,-434.71,10.149461682392,-701.22,31.03,732.25,0,"	2128,2273" 
2014-09-02T20:00:00Z,"DMLP",2015-05-01T20:00:00Z,Buy,33.98,22.8,59,-659.62,11.520885313768,-683.81,0,683.81,0,"	2124,2296" 
2014-09-02T20:00:00Z,"DV",2015-06-01T20:00:00Z,Buy,42.73,32.32,32,-333.12,8.0857340878455,-406.08,206.4,612.48,0,"	2125,2327" 
2014-09-02T20:00:00Z,"RSC",2015-09-01T20:00:00Z,Buy,106.48,50.24,8,-449.92,10.838444928055,-501.04,6.88,507.92,0,"	2133,2399" 
2014-09-02T20:00:00Z,"INTC",2015-10-01T20:00:00Z,Buy,34.57,30,54,-246.78,1.3782349037823,-469.8,167.4,637.2,0,"	2131,2424" 
2014-09-02T20:00:00Z,"MEI",2015-10-01T20:00:00Z,Buy,34.83,31.99,1,-2.84,1.8425652325524,-10.86,13.78,24.64,0,"	2132,2427" 
2014-09-02T20:00:00Z,"BAH",2015-11-02T21:00:00Z,Buy,22.69,29.75,10,70.6,1.8600884736657,-18.7,77.8,60.2,1,"	2123,2438" 
2014-10-01T20:00:00Z,"EW",2014-11-03T21:00:00Z,Buy,103.39,119.93,3,49.62,6.9388299558015,-16.17,52.59,26.73,1,"	2151,2165" 
2014-10-01T20:00:00Z,"GNTX",2014-11-03T21:00:00Z,Buy,26.49,32.68,12,74.28,1.0593724318267,0,75,14.16,1,"	2153,2166" 
2014-10-01T20:00:00Z,"CTR",2014-12-01T21:00:00Z,Buy,34.08,39.86,7.0000164999917,40.46,4.6269042667485,-153.65,42.28,13.02,1,"	2150,2191" 
2014-10-01T20:00:00Z,"ANK",2015-02-02T21:00:00Z,Buy,53.57,67.42,4,55.4,1.5259655345412,-1.72,78.36,44.32,1,"	2149,2226" 
2014-10-01T20:00:00Z,"MPC",2015-02-02T21:00:00Z,Buy,82.44,93.91,4,45.88,2.1225196856782,-24.68,57.92,80.28,1,"	2156,2230" 
2014-10-01T20:00:00Z,"VLO",2015-02-02T21:00:00Z,Buy,45.6,54.42,4,35.28,2.1930484114977,-7.36,35.28,30.56,1,"	2159,2234" 
2014-10-01T20:00:00Z,"EW",2015-04-01T20:00:00Z,Buy,103.39,140.7,3,111.93,2.2063445517716,-16.17,136.68,29.82,1,"	2151,2271" 
2014-10-01T20:00:00Z,"HVT",2015-04-01T20:00:00Z,Buy,21.14,24.05,11,32.01,1.3381125734722,-53.57,112.2,31.13,1,"	2154,2274" 
2014-10-01T20:00:00Z,"SMP",2015-05-01T20:00:00Z,Buy,34.12,36.25,6,12.78,1.2927828371806,-131.88,67.98,39.42,1,"	2158,2306" 
2014-10-01T20:00:00Z,"MPC",2015-08-03T20:00:00Z,Buy,41.22,53.2,4,47.92,2.0598982275024,-12.34,70.24,40.14,1,"	2156,2371" 
2014-10-01T20:00:00Z,"RSC",2015-09-01T20:00:00Z,Buy,69.94,50.24,3,-59.1,1.014394895719,-78.27,112.2,87,0,"	2157,2399" 
2014-10-01T20:00:00Z,"VLO",2015-09-01T20:00:00Z,Buy,45.6,57.4,4,47.2,1.0193559264879,-7.36,99.32,52.12,1,"	2159,2402" 
2014-10-01T20:00:00Z,"EW",2015-10-01T20:00:00Z,Buy,103.39,149,2,91.22,1.0104804107758,-10.78,106.66,50.18,1,"	2151,2423" 
2014-10-01T20:00:00Z,"CTR",2015-12-01T21:00:00Z,Buy,34.08,39.7,6,33.72,1.0303207739308,-131.7,63.18,70.8,1,"	2150,2462" 
2014-11-03T21:00:00Z,"FSLR",2014-12-01T21:00:00Z,Buy,58.31,45.76,5,-62.75,2.9447168457226,-109.2,77.7,62.75,0,"	2179,2196" 
2014-11-03T21:00:00Z,"MED",2015-01-02T21:00:00Z,Buy,31.98,32.24,9,2.34,3.4283748128314,-23.31,16.29,30.78,1,"	2182,2212" 
2014-11-03T21:00:00Z,"NTCT",2015-02-02T21:00:00Z,Buy,37.31,35.81,34,-51,7.0738110876433,-127.5,58.14,185.64,0,"	2183,2231" 
2014-11-03T21:00:00Z,"CHE",2015-03-02T21:00:00Z,Buy,104.64,117.88,5,66.2,8.6924152714554,-17.55,66.2,48.5,1,"	2177,2247" 
2014-11-03T21:00:00Z,"MED",2015-03-02T21:00:00Z,Buy,31.98,32.35,42,15.54,5.4534352819916,-108.78,76.02,143.64,1,"	2182,2250" 
2014-11-03T21:00:00Z,"TPL",2015-03-02T21:00:00Z,Buy,156.45,138.25,6,-109.2,2.0690711994725,-295.26,18.96,314.22,0,"	2185,2252" 
2014-11-03T21:00:00Z,"VMW",2015-03-02T21:00:00Z,Buy,84.27,86.59,5,11.6,2.1031150144142,-46.05,96.85,66.15,1,"	2186,2256" 
2014-11-03T21:00:00Z,"WLK",2015-03-02T21:00:00Z,Buy,71.04,67.38,24,-87.84,2.2419478912372,-416.88,8.64,425.52,0,"	2187,2257" 
2014-11-03T21:00:00Z,"ZBRA",2015-04-01T20:00:00Z,Buy,73.88,89.56,3,47.04,1.015026440678,-39.24,55.56,19.74,1,"	2190,2278" 
2014-11-03T21:00:00Z,"LSCC",2015-05-01T20:00:00Z,Buy,6.59,6.12,34,-15.98,1.1669597615499,-22.44,37.06,48.62,0,"	2181,2298" 
2014-11-03T21:00:00Z,"SAIA",2015-05-01T20:00:00Z,Buy,50.12,41.08,5,-45.2,1.025560995512,-183.93,32.05,84.25,0,"	2184,2304" 
2014-11-03T21:00:00Z,"XRX",2015-05-01T20:00:00Z,Buy,13.29,11.52,140,-247.8,19.01809609712,-250.6,144.2,394.8,0,"	2188,2307" 
2014-11-03T21:00:00Z,"CHE",2015-08-03T20:00:00Z,Buy,104.64,149.08,6,266.64,2.65989894195,-21.06,266.64,58.2,1,"	2177,2368" 
2014-11-03T21:00:00Z,"CHE",2015-10-01T20:00:00Z,Buy,104.64,131.38,2,53.48,1.0098434105042,-7.02,95.18,42.76,1,"	2177,2421" 
2014-11-03T21:00:00Z,"CHE",2015-11-02T21:00:00Z,Buy,104.64,156.75,9,468.99,12.87759855372,-31.59,477.72,214.38,1,"	2177,2439" 
2014-12-01T21:00:00Z,"CRUS",2015-01-02T21:00:00Z,Buy,17.88,23.71,16,93.28,4.0225048862614,-16,111.2,16,1,"	2200,2209" 
2014-12-01T21:00:00Z,"MTRX",2015-01-02T21:00:00Z,Buy,20.07,22.24,10,21.7,1.0475142045455,-8.8,171.4,25,1,"	2205,2213" 
2014-12-01T21:00:00Z,"HURN",2015-02-02T21:00:00Z,Buy,69.46,75.13,3,17.01,1.0150650665124,-27.06,25.29,19.08,1,"	2203,2229" 
2014-12-01T21:00:00Z,"TSRA",2015-03-02T21:00:00Z,Buy,34.41,41.93,7,52.64,2.2681814880079,-9.87,52.64,26.88,1,"	2207,2253" 
2014-12-01T21:00:00Z,"GPRE",2015-04-01T20:00:00Z,Buy,27.88,29.69,8,14.48,1.748981547552,-59.04,142.96,64.24,1,"	2201,2273" 
2014-12-01T21:00:00Z,"HVT",2015-04-01T20:00:00Z,Buy,20.92,24.05,16,50.08,2.2452671924322,-74.4,166.72,45.28,1,"	2202,2274" 
2014-12-01T21:00:00Z,"ARLP",2015-05-01T20:00:00Z,Buy,43.33,34.2,38,-346.94,13.645029268855,-429.02,76.38,505.4,0,"	2199,2295" 
2014-12-01T21:00:00Z,"MYGN",2015-05-01T20:00:00Z,Buy,33.01,34.18,9,10.53,1.0443021175067,-9,82.8,61.74,1,"	2206,2299" 
2015-01-02T21:00:00Z,"SANM",2015-02-02T21:00:00Z,Buy,23.37,20.87,44,-110,18.384767024399,-110,9.68,119.68,0,"	2220,2232" 
2015-01-02T21:00:00Z,"TPL",2015-03-02T21:00:00Z,Buy,118.21,138.25,2,40.08,2.5348239341626,-21.94,82.8,32.02,1,"	2221,2252" 
2015-01-02T21:00:00Z,"DV",2015-06-01T20:00:00Z,Buy,44.28,32.32,5,-59.8,1.0233199915736,-71.2,24.5,76.1,0,"	2218,2327" 
2015-01-02T21:00:00Z,"ZUMZ",2015-07-01T20:00:00Z,Buy,38.21,26.93,11,-124.08,10.595452381728,-160.6,35.09,195.69,0,"	2224,2357" 
2015-01-02T21:00:00Z,"RSC",2015-09-01T20:00:00Z,Buy,62.76,50.24,4,-50.08,4.586295150663,-75.64,178.32,92.64,0,"	2219,2399" 
2015-01-02T21:00:00Z,"USNA",2015-09-01T20:00:00Z,Buy,102.28,141.49,1,39.21,1.0149546739448,-78.68,73.84,34.93,1,"	2222,2401" 
2015-01-02T21:00:00Z,"DECK",2015-12-01T21:00:00Z,Buy,89.7,48.91,3,-122.37,2.1631257026122,-144.51,83.82,143.4,0,"	2217,2463" 
2015-01-02T21:00:00Z,"ZUMZ",2015-12-01T21:00:00Z,Buy,38.21,14.94,25,-581.75,1.2574155069583,-597.5,79.75,677.25,0,"	2224,2470" 
2015-02-02T21:00:00Z,"UEPS",2015-03-02T21:00:00Z,Buy,11.92,13.75,15,27.45,17.891666161307,0,27.9,11.25,1,"	2245,2255" 
2015-02-02T21:00:00Z,"GES",2015-04-01T20:00:00Z,Buy,18.23,18.23,13,0,2.1452212431294,-19.5,171.86,29.64,0,"	2240,2272" 
2015-02-02T21:00:00Z,"KFRC",2015-05-01T20:00:00Z,Buy,23.67,22.73,77,-72.38,2.8492400209729,-143.22,79.31,222.53,0,"	2243,2303" 
2015-02-02T21:00:00Z,"XRX",2015-05-01T20:00:00Z,Buy,13.38,11.52,19,-35.34,2.0849732239211,-35.72,17.86,47.5,0,"	2246,2307" 
2015-02-02T21:00:00Z,"CRMT",2015-07-01T20:00:00Z,Buy,53.64,50.02,27,-97.74,5.008261315367,-1251.18,90.72,207.36,0,"	2236,2348" 
2015-02-02T21:00:00Z,"UEPS",2015-07-01T20:00:00Z,Buy,11.92,18.68,41,277.16,4.1292840824844,0,307.09,97.99,1,"	2245,2355" 
2015-02-02T21:00:00Z,"MU",2015-08-03T20:00:00Z,Buy,28.44,19,49,-462.56,12.139608507861,-553.21,190.61,743.82,0,"	2242,2372" 
2015-02-02T21:00:00Z,"BBY",2015-09-01T20:00:00Z,Buy,34.97,35.45,16,7.68,20.516325868223,-91.2,108.8,200,1,"	2235,2391" 
2015-02-02T21:00:00Z,"INTC",2015-10-01T20:00:00Z,Buy,33.65,30,10,-36.5,1.6339958919823,-77.8,40.2,88.7,0,"	2241,2424" 
2015-03-02T21:00:00Z,"HVT",2015-04-01T20:00:00Z,Buy,23.89,24.05,9,1.44,2.7631589035767,-68.58,67.05,9.27,1,"	2261,2274" 
2015-03-02T21:00:00Z,"IDT",2015-04-01T20:00:00Z,Buy,21.85,18.98,15,-43.05,15.718642552936,-83.25,0,83.25,0,"	2262,2275" 
2015-03-02T21:00:00Z,"BKE",2015-07-01T20:00:00Z,Buy,51.48,45.97,3.999938477462,-22.04,5.039397361608,-160.05,22.64,36.56,0,"	2258,2346" 
2015-03-02T21:00:00Z,"CRMT",2015-07-01T20:00:00Z,Buy,53.9,50.02,4,-15.52,3.0459431483667,-186.4,12.4,30.72,0,"	2260,2348" 
2015-03-02T21:00:00Z,"STRA",2015-07-01T20:00:00Z,Buy,61.23,43.23,24,-432,6.746691723028,-435.12,54.48,489.6,0,"	2267,2354" 
2015-03-02T21:00:00Z,"UEIC",2015-08-03T20:00:00Z,Buy,58.54,50.71,4,-31.32,1.0207184569103,-115.92,31.28,39.36,0,"	2268,2374" 
2015-03-02T21:00:00Z,"BKE",2015-09-01T20:00:00Z,Buy,51.48,41.32,6,-60.96,3.3482475741164,-240.08,33.96,69.72,0,"	2258,2392" 
2015-03-02T21:00:00Z,"IDT",2015-09-01T20:00:00Z,Buy,21.85,15.05,66,-448.8,6.072941968452,-448.8,0,448.8,0,"	2262,2394" 
2015-03-02T21:00:00Z,"KLIC",2015-09-01T20:00:00Z,Buy,16.33,10.59,118,-677.32,8.8194572711009,-746.94,0,746.94,0,"	2263,2395" 
2015-03-02T21:00:00Z,"RSC",2015-09-01T20:00:00Z,Buy,54.95,50.24,4,-18.84,1.020217071376,-44.4,209.56,92.64,0,"	2266,2399" 
2015-03-02T21:00:00Z,"OSTK",2015-11-02T21:00:00Z,Buy,23.86,16.23,56,-427.28,34.271555092325,-459.2,108.08,567.28,0,"	2265,2441" 
2015-04-01T20:00:00Z,"ARLP",2015-05-01T20:00:00Z,Buy,32.99,34.2,12,14.52,1.0592102901585,-11.4,148.2,16.68,1,"	2280,2295" 
2015-04-01T20:00:00Z,"LRCX",2015-05-01T20:00:00Z,Buy,70.26,77.23,4,27.88,2.1554750630809,0,32.4,11.12,1,"	2286,2297" 
2015-04-01T20:00:00Z,"PPC",2015-05-01T20:00:00Z,Buy,23.76,25.44,14,23.52,1.073625498008,-16.38,193.62,22.4,1,"	2288,2301" 
2015-04-01T20:00:00Z,"KFRC",2015-05-01T20:00:00Z,Buy,22.48,22.73,15,3.75,1.550349101655,-10.05,33.3,7.35,1,"	2289,2303" 
2015-04-01T20:00:00Z,"SAIA",2015-05-01T20:00:00Z,Buy,43.76,41.08,7.000017999991,-18.76,1.0395124153499,-212.99,89.39,28.56,0,"	2290,2304" 
2015-04-01T20:00:00Z,"XRX",2015-05-01T20:00:00Z,Buy,12.67,11.52,18,-20.7,2.2630189041188,-21.06,29.7,31.68,0,"	2294,2307" 
2015-04-01T20:00:00Z,"DV",2015-06-01T20:00:00Z,Buy,34,32.32,6,-10.08,1.0305755395683,-23.76,91.08,45.18,0,"	2282,2327" 
2015-04-01T20:00:00Z,"CENX",2015-07-01T20:00:00Z,Buy,14.12,10.12,65,-260,5.6550357609628,-260,31.2,291.2,0,"	2281,2347" 
2015-04-01T20:00:00Z,"VDSI",2015-07-01T20:00:00Z,Buy,21.73,29.9,10,81.7,8.7017420049103,-2.8,129,51.2,1,"	2292,2356" 
2015-04-01T20:00:00Z,"WDC",2015-08-03T20:00:00Z,Buy,92.35,85.85,3,-19.5,1.0152208548511,-176.76,65.79,75.27,0,"	2293,2375" 
2015-04-01T20:00:00Z,"KLIC",2015-09-01T20:00:00Z,Buy,15.67,10.59,14,-71.12,1.0701791426743,-79.38,9.24,83.58,0,"	2285,2395" 
2015-04-01T20:00:00Z,"LRCX",2015-10-01T20:00:00Z,Buy,70.26,64.44,23,-133.86,1.1134333384356,-195.27,313.03,508.3,0,"	2286,2426" 
2015-04-01T20:00:00Z,"SMCI",2015-10-01T20:00:00Z,Buy,33.72,26.61,37,-263.07,12.004247032477,-350.76,149.85,500.61,0,"	2291,2428" 
2015-04-01T20:00:00Z,"VDSI",2015-11-02T21:00:00Z,Buy,21.73,19.32,30,-72.3,13.787782921784,-193.5,387,580.5,0,"	2292,2445" 
2015-04-01T20:00:00Z,"ABFS",2015-12-01T21:00:00Z,Buy,38.26,24.33,8,-111.44,1.4897289582433,-113.44,72.56,122.32,0,"	2279,2460" 
2015-04-01T20:00:00Z,"MRVL",2015-12-01T21:00:00Z,Buy,14.97,9.38,15,-83.85,1.0763775510204,-103.8,24.3,109.95,0,"	2287,2466" 
2015-05-01T20:00:00Z,"IMKTA",2015-06-01T20:00:00Z,Buy,43.06,48.38,8,42.56,7.4138536469849,-17.52,66,23.44,1,"	2314,2328" 
2015-05-01T20:00:00Z,"KSS",2015-06-01T20:00:00Z,Buy,73.09,64.67,6,-50.52,13.692094694702,-50.88,8.64,59.52,0,"	2315,2329" 
2015-05-01T20:00:00Z,"LHCG",2015-06-01T20:00:00Z,Buy,31.64,37.04,7,37.8,9.749522559598,-10.43,37.8,10.43,1,"	2316,2330" 
2015-05-01T20:00:00Z,"STMP",2015-06-01T20:00:00Z,Buy,62.01,68.56,3,19.65,2.7705724739669,-4.02,33.12,17.28,1,"	2321,2331" 
2015-05-01T20:00:00Z,"PLCE",2015-07-01T20:00:00Z,Buy,62.14,66.71,4,18.28,3.5783552476387,0,27.48,18.92,1,"	2319,2353" 
2015-05-01T20:00:00Z,"STRA",2015-07-01T20:00:00Z,Buy,50.4,43.23,4,-28.68,1.7741625604048,-29.2,52.4,29.24,0,"	2322,2354" 
2015-05-01T20:00:00Z,"AMWD",2015-08-03T20:00:00Z,Buy,52.24,64.66,7,86.94,9.4413367996206,-25.48,94.64,28.49,1,"	2308,2366" 
2015-05-01T20:00:00Z,"UEIC",2015-08-03T20:00:00Z,Buy,54.61,50.71,4,-15.6,1.020248424175,-100.2,47,30.24,0,"	2323,2374" 
2015-05-01T20:00:00Z,"AMWD",2015-09-01T20:00:00Z,Buy,52.24,64.83,6,75.54,8.3880635217054,-21.84,93.36,40.62,1,"	2308,2390" 
2015-05-01T20:00:00Z,"LHCG",2015-09-01T20:00:00Z,Buy,31.64,44.25,8,100.88,1.7281621473569,-11.92,155.84,65.04,1,"	2316,2397" 
2015-05-01T20:00:00Z,"STMP",2015-09-01T20:00:00Z,Buy,62.01,79.54,5,87.65,9.0592793319875,-6.7,131.2,56.8,1,"	2321,2400" 
2015-05-01T20:00:00Z,"CTB",2015-10-01T20:00:00Z,Buy,36.91,39.5,10,25.9,4.0513417404068,-54.5,46.6,66,1,"	2312,2422" 
2015-05-01T20:00:00Z,"AMWD",2015-12-01T21:00:00Z,Buy,52.24,84.96,7,229.04,1.0362589928058,-25.48,229.04,58.66,1,"	2308,2461" 
2015-05-01T20:00:00Z,"PLUS",2015-12-01T21:00:00Z,Buy,85.54,87.54,7,14,10.114355914672,-87.29,115.43,106.68,1,"	2317,2465" 
2015-05-01T20:00:00Z,"SCVL",2015-12-01T21:00:00Z,Buy,26.16,21.78,54,-236.52,1.2705170432784,-1184.76,194.94,622.08,0,"	2320,2467" 
2015-05-01T20:00:00Z,"STMP",2015-12-01T21:00:00Z,Buy,62.01,101.32,7,275.17,11.029969947296,-9.38,300.44,115.78,1,"	2321,2468" 
2015-05-01T20:00:00Z,"ZUMZ",2015-12-01T21:00:00Z,Buy,31.89,14.94,9,-152.55,1.0452554399243,-158.22,85.59,158.22,0,"	2324,2470" 
2015-06-01T20:00:00Z,"CRMT",2015-07-01T20:00:00Z,Buy,53.91,50.02,4.5000127499936,-17.51,1.79545477477,-209.75,13.91,22.19,0,"	2335,2348" 
2015-06-01T20:00:00Z,"STRA",2015-07-01T20:00:00Z,Buy,46.64,43.23,6,-20.46,1.0305302203797,-21.24,101.16,29.04,0,"	2344,2354" 
2015-06-01T20:00:00Z,"MU",2015-08-03T20:00:00Z,Buy,28.42,19,9,-84.78,2.114501251621,-101.43,35.19,101.43,0,"	2343,2372" 
2015-06-01T20:00:00Z,"DECK",2015-12-01T21:00:00Z,Buy,68.35,48.91,4,-77.76,1.0200586940572,-107.28,197.16,119.36,0,"	2338,2463" 
2015-06-01T20:00:00Z,"ZUMZ",2015-12-01T21:00:00Z,Buy,29.45,14.94,9,-130.59,1.8855539243386,-136.26,107.55,140.31,0,"	2345,2470" 
2015-07-01T20:00:00Z,"DSW",2015-09-01T20:00:00Z,Buy,34.21,29.62,12,-55.08,8.3089871315923,-82.32,9.48,91.8,0,"	2362,2393" 
2015-07-01T20:00:00Z,"AEIS",2015-10-01T20:00:00Z,Buy,27.61,26.14,63,-92.61,16.781045673533,-260.82,7.56,268.38,0,"	2359,2419" 
2015-07-01T20:00:00Z,"ABFS",2015-12-01T21:00:00Z,Buy,32.22,24.33,8,-63.12,1.8545679638985,-65.12,120.88,81.04,0,"	2358,2460" 
2015-08-03T20:00:00Z,"KLIC",2015-09-01T20:00:00Z,Buy,10.09,10.59,36,18,3.1008781158558,-3.24,224.64,20.88,1,"	2380,2395" 
2015-08-03T20:00:00Z,"NPK",2015-09-01T20:00:00Z,Buy,78.87,79.41,5,2.7,15.691789522318,-18.95,25.2,44.15,1,"	2382,2398" 
2015-08-03T20:00:00Z,"RSC",2015-09-01T20:00:00Z,Buy,50.43,50.24,6,-1.14,1.0292970565453,-39.48,341.46,55.08,0,"	2385,2399" 
2015-08-03T20:00:00Z,"INTC",2015-10-01T20:00:00Z,Buy,29.05,30,12,11.4,1.765726889426,-38.16,103.44,45.24,1,"	2379,2424" 
2015-08-03T20:00:00Z,"SMCI",2015-10-01T20:00:00Z,Buy,26.61,26.61,10,0,1.0498875140607,-23.7,111.6,36.7,0,"	2387,2428" 
2015-08-03T20:00:00Z,"OSTK",2015-11-02T21:00:00Z,Buy,21.13,16.23,15,-73.5,1.0748936672968,-82.05,69.9,113.7,0,"	2383,2441" 
2015-09-01T20:00:00Z,"CALM",2015-10-01T20:00:00Z,Buy,51.72,56.47,5,23.75,1.0243411144578,-111.92,40.7,36.35,1,"	2406,2420" 
2015-09-01T20:00:00Z,"UFPI",2015-11-02T21:00:00Z,Buy,58.8,74.72,9,143.28,10.502402666937,-10.08,147.42,43.47,1,"	2415,2444" 
2015-09-01T20:00:00Z,"VDSI",2015-11-02T21:00:00Z,Buy,15.69,19.32,19,68.97,5.0441741579119,-7.79,359.86,41.42,1,"	2417,2445" 
2015-09-01T20:00:00Z,"ABFS",2015-12-01T21:00:00Z,Buy,27.61,24.33,7,-22.96,2.0450780081462,-24.71,138.04,37.73,0,"	2404,2460" 
2015-09-01T20:00:00Z,"DECK",2015-12-01T21:00:00Z,Buy,62.17,48.91,3.9999846999875,-53.04,1.0193104519335,-82.56,221.88,73.52,0,"	2409,2463" 
2015-09-01T20:00:00Z,"ZUMZ",2015-12-01T21:00:00Z,Buy,23.26,14.94,9,-74.88,2.5794079745397,-80.55,163.26,81.27,0,"	2418,2470" 
2015-10-01T20:00:00Z,"BAH",2015-11-02T21:00:00Z,Buy,26.31,29.75,8,27.52,1.0401526135063,-43.92,33.28,6.72,1,"	2429,2438" 
2015-10-01T20:00:00Z,"OSTK",2015-11-02T21:00:00Z,Buy,17.01,16.23,17,-13.26,1.084256993007,-22.95,149.26,29.92,0,"	2435,2441" 
2015-10-01T20:00:00Z,"OTL",2015-11-02T21:00:00Z,Buy,47.99,55.22,5,36.15,11.286028671377,0,36.25,14.55,1,"	2436,2442" 
2015-10-01T20:00:00Z,"SYKE",2015-11-02T21:00:00Z,Buy,25.38,28.48,10,31,7.5403339399665,0,44.9,13.9,1,"	2437,2443" 
2015-10-01T20:00:00Z,"SYKE",2015-12-01T21:00:00Z,Buy,25.38,31.83,13,83.85,3.1553436938306,0,83.85,20.02,1,"	2437,2469" 
2015-11-02T21:00:00Z,"SCVL",2015-12-01T21:00:00Z,Buy,22.63,21.78,13.500018749991,-11.48,3.1562119139214,-248.54,96.39,65.34,0,"	2456,2467" 
